# 3ds Max Wavefront OBJ Exporter v0.97b - (c)2007 guruware
# File Created: 15.03.2017 10:38:10

mtllib SPW_Urban_Airport_Terminal.mtl

#
# object SPW_Urban_Airport_Terminal
#

v  1290.3361 75.5338 1217.1860
v  1290.3361 129.7820 1217.1860
v  1281.3384 129.7819 1212.4387
v  1281.3384 75.5338 1212.4387
v  1274.8423 129.7820 1204.6094
v  1274.8423 75.5338 1204.6094
v  1271.8369 129.7820 1194.8901
v  1271.8368 75.5338 1194.8901
v  1272.7794 129.7820 1184.7606
v  1272.7794 75.5338 1184.7606
v  1277.5270 129.7820 1175.7628
v  1277.5270 75.5338 1175.7628
v  1285.3562 129.7820 1169.2667
v  1285.3562 75.5338 1169.2667
v  1295.0754 129.7820 1166.2614
v  1295.0754 75.5338 1166.2614
v  1305.2050 129.7820 1167.2040
v  1305.2050 75.5338 1167.2040
v  1314.2028 129.7820 1171.9514
v  1314.2028 75.5338 1171.9514
v  1320.6989 129.7820 1179.7806
v  1320.6989 75.5338 1179.7806
v  1323.7043 129.7820 1189.5000
v  1323.7043 75.5338 1189.5000
v  1322.7616 129.7820 1199.6295
v  1322.7615 75.5338 1199.6295
v  1318.0142 129.7820 1208.6272
v  1318.0142 75.5338 1208.6272
v  1310.1848 129.7820 1215.1233
v  1310.1848 75.5338 1215.1233
v  1300.4656 129.7820 1218.1288
v  1300.4656 75.5338 1218.1288
v  1289.2841 75.6969 1220.7220
v  1289.2841 82.2113 1220.7222
v  1279.0133 82.2113 1215.3030
v  1279.0133 75.6969 1215.3030
v  1271.5979 82.2113 1206.3658
v  1271.5979 75.6969 1206.3658
v  1268.1672 82.2113 1195.2714
v  1268.1672 75.6969 1195.2714
v  1269.2434 82.2113 1183.7086
v  1269.2434 75.6969 1183.7086
v  1274.6626 82.2113 1173.4377
v  1274.6626 75.6969 1173.4377
v  1283.5997 82.2113 1166.0226
v  1283.5997 75.6969 1166.0226
v  1294.6941 82.2113 1162.5918
v  1294.6941 75.6969 1162.5918
v  1306.2568 82.2113 1163.6680
v  1306.2568 75.6969 1163.6680
v  1316.5277 82.2113 1169.0870
v  1316.5277 75.6969 1169.0870
v  1323.9430 82.2113 1178.0240
v  1323.9430 75.6969 1178.0240
v  1327.3737 82.2113 1189.1185
v  1327.3737 75.6969 1189.1185
v  1326.2976 82.2113 1200.6814
v  1326.2976 75.6969 1200.6814
v  1320.8784 82.2113 1210.9523
v  1320.8784 75.6969 1210.9523
v  1311.9414 82.2113 1218.3676
v  1311.9414 75.6969 1218.3674
v  1300.8469 82.2113 1221.7982
v  1300.8469 75.6969 1221.7982
v  1289.2842 123.2542 1220.7222
v  1289.2842 129.7687 1220.7222
v  1279.0133 129.7687 1215.3030
v  1279.0133 123.2542 1215.3030
v  1271.5981 129.7687 1206.3660
v  1271.5981 123.2542 1206.3660
v  1268.1675 129.7687 1195.2714
v  1268.1675 123.2542 1195.2714
v  1269.2435 129.7687 1183.7086
v  1269.2435 123.2542 1183.7086
v  1274.6626 129.7687 1173.4377
v  1274.6626 123.2542 1173.4377
v  1283.5997 129.7687 1166.0226
v  1283.5997 123.2542 1166.0226
v  1294.6941 129.7687 1162.5918
v  1294.6941 123.2542 1162.5918
v  1306.2571 129.7687 1163.6680
v  1306.2571 123.2542 1163.6680
v  1316.5277 129.7687 1169.0870
v  1316.5277 123.2542 1169.0870
v  1323.9431 129.7687 1178.0240
v  1323.9431 123.2542 1178.0240
v  1327.3738 129.7687 1189.1187
v  1327.3738 123.2542 1189.1187
v  1326.2976 129.7687 1200.6814
v  1326.2976 123.2542 1200.6814
v  1320.8784 129.7687 1210.9523
v  1320.8784 123.2542 1210.9523
v  1311.9414 129.7687 1218.3676
v  1311.9414 123.2542 1218.3676
v  1300.8469 129.7687 1221.7982
v  1300.8469 123.2542 1221.7982
v  1301.0363 129.8010 1164.7517
v  1285.5048 129.8010 1216.9609
v  1285.5048 75.4445 1216.9609
v  1301.0363 75.4445 1164.7517
v  1192.6847 129.8010 1189.3484
v  1192.6847 75.4445 1189.3484
v  1208.2162 129.8011 1137.1390
v  1208.2162 75.4445 1137.1390
v  1208.4080 125.5078 1141.7667
v  1195.3748 125.5078 1185.5780
v  1195.3748 79.8948 1185.5779
v  1208.4080 79.8948 1141.7667
v  1143.8975 125.5078 1170.2642
v  1143.8975 79.8948 1170.2642
v  1156.9307 125.5078 1126.4530
v  1156.9307 79.8948 1126.4530
v  1162.2372 129.8010 1123.4609
v  1146.7057 129.8010 1175.6702
v  1146.7057 75.4445 1175.6702
v  1162.2371 75.4445 1123.4609
v  1085.3607 129.8010 1157.4210
v  1085.3607 75.4445 1157.4210
v  1100.8922 129.8010 1105.2117
v  1100.8922 75.4445 1105.2117
v  1106.3923 135.1809 1101.1204
v  1087.7301 135.1809 1163.8534
v  1087.7301 69.8677 1163.8534
v  1106.3923 69.8677 1101.1204
v  1076.9386 135.1809 1160.6431
v  1076.9386 69.8677 1160.6431
v  1095.6007 135.1809 1097.9100
v  1095.6007 69.8677 1097.9100
v  1339.9226 80.7652 1172.8539
v  1351.7715 124.4864 1172.8539
v  1340.9514 124.4864 1172.8539
v  1329.1025 80.7652 1172.8539
v  1352.7212 127.9911 1217.1803
v  1326.5652 127.9911 1217.1803
v  1326.5652 77.2605 1217.1803
v  1338.9729 77.2605 1217.1803
v  1326.5652 127.9911 1166.3431
v  1326.5652 77.2605 1166.3431
v  1352.7212 127.9911 1166.3431
v  1338.9729 77.2605 1166.3431
v  1351.7715 124.4864 1210.6696
v  1339.9226 80.7652 1210.6696
v  1340.9514 124.4864 1210.6696
v  1329.1025 80.7652 1210.6696
v  1327.1575 129.8413 1164.4552
v  1327.1575 129.8413 1219.0682
v  1327.1575 75.3426 1219.0682
v  1327.1575 75.3426 1164.4552
v  1317.7628 129.8413 1219.0682
v  1317.7628 75.3426 1219.0682
v  1317.7628 129.8413 1164.4552
v  1317.7628 75.3426 1164.4552
v  1047.9200 8.8134 1127.3607
v  1026.3699 8.8134 1127.3607
v  1026.3699 -0.0001 1127.3607
v  1047.9200 -0.0001 1127.3607
v  1026.3699 8.8134 1105.8107
v  1026.3699 -0.0001 1105.8107
v  1047.9200 8.8134 1105.8107
v  1047.9200 -0.0001 1105.8107
v  1100.2999 8.8134 1127.3607
v  1078.7499 8.8134 1127.3607
v  1078.7499 -0.0001 1127.3607
v  1100.2999 -0.0000 1127.3607
v  1078.7499 8.8134 1105.8107
v  1078.7499 -0.0001 1105.8107
v  1100.2999 8.8134 1105.8107
v  1100.2999 -0.0000 1105.8107
v  1045.8375 94.0136 1125.2782
v  1028.4523 94.0136 1125.2782
v  1028.4523 -0.0001 1125.2782
v  1045.8375 -0.0001 1125.2782
v  1028.4523 94.0136 1107.8929
v  1028.4523 -0.0001 1107.8929
v  1045.8375 94.0136 1107.8929
v  1045.8375 -0.0001 1107.8929
v  1098.2174 94.0137 1125.2782
v  1080.8322 94.0136 1125.2782
v  1080.8322 -0.0001 1125.2782
v  1098.2174 -0.0000 1125.2782
v  1080.8322 94.0136 1107.8929
v  1080.8322 -0.0001 1107.8929
v  1098.2174 94.0137 1107.8929
v  1098.2174 -0.0001 1107.8929
v  1028.0194 132.0601 903.7387
v  1028.0194 73.3040 903.7387
v  1028.0194 73.3040 905.2076
v  1028.0194 132.0601 905.2076
v  1028.0194 73.3040 934.5857
v  1028.0194 132.0601 934.5857
v  1028.0194 73.3040 936.0546
v  1028.0194 132.0601 936.0546
v  1028.0194 73.3040 965.4326
v  1028.0194 132.0601 965.4326
v  1028.0194 73.3040 966.9016
v  1028.0194 132.0601 966.9016
v  1028.0194 73.3040 996.2796
v  1028.0194 132.0601 996.2796
v  1028.0194 73.3040 997.7485
v  1028.0194 132.0601 997.7485
v  1028.0197 73.3040 1027.1266
v  1028.0194 132.0601 1027.1266
v  1028.0197 73.3040 1028.5955
v  1028.0194 132.0601 1028.5955
v  1028.0197 73.3040 1057.9735
v  1028.0194 132.0601 1057.9735
v  1028.0197 73.3040 1059.4424
v  1028.0194 132.0601 1059.4424
v  1028.0197 73.3040 1088.8204
v  1028.0197 132.0601 1088.8204
v  1028.0197 73.3040 1090.2894
v  1028.0197 132.0601 1090.2894
v  1028.0197 73.3040 1119.6675
v  1028.0197 132.0601 1119.6675
v  1028.0197 73.3040 1121.1364
v  1028.0197 132.0601 1121.1364
v  1027.6664 127.2867 1122.5720
v  1027.6664 135.0938 1122.5720
v  1030.3815 135.0938 1108.9222
v  1030.3815 127.2867 1108.9222
v  1038.1134 135.0938 1097.3506
v  1038.1134 127.2867 1097.3506
v  1049.6852 135.0938 1089.6185
v  1049.6852 127.2867 1089.6185
v  1063.3348 135.0938 1086.9034
v  1063.3348 127.2867 1086.9034
v  1076.9846 135.0938 1089.6185
v  1076.9846 127.2867 1089.6185
v  1088.5563 135.0938 1097.3506
v  1088.5563 127.2867 1097.3506
v  1096.2883 135.0938 1108.9222
v  1096.2883 127.2867 1108.9222
v  1099.0034 135.0938 1122.5720
v  1099.0034 127.2867 1122.5720
v  1096.2883 135.0938 1136.2217
v  1096.2883 127.2867 1136.2217
v  1088.5563 135.0938 1147.7935
v  1088.5563 127.2867 1147.7935
v  1076.9846 135.0938 1155.5254
v  1076.9846 127.2867 1155.5254
v  1063.3348 135.0938 1158.2405
v  1063.3348 127.2867 1158.2405
v  1049.6852 135.0938 1155.5254
v  1049.6852 127.2867 1155.5254
v  1038.1134 135.0938 1147.7935
v  1038.1134 127.2867 1147.7935
v  1030.3815 135.0938 1136.2217
v  1030.3815 127.2867 1136.2217
v  1027.6664 70.2924 1122.5720
v  1027.6664 78.0995 1122.5720
v  1030.3815 78.0995 1108.9222
v  1030.3815 70.2924 1108.9222
v  1038.1134 78.0995 1097.3506
v  1038.1134 70.2924 1097.3506
v  1049.6852 78.0995 1089.6185
v  1049.6852 70.2924 1089.6185
v  1063.3348 78.0995 1086.9034
v  1063.3348 70.2924 1086.9034
v  1076.9846 78.0995 1089.6185
v  1076.9846 70.2924 1089.6185
v  1088.5563 78.0995 1097.3506
v  1088.5563 70.2924 1097.3506
v  1096.2883 78.0995 1108.9222
v  1096.2883 70.2924 1108.9222
v  1099.0034 78.0995 1122.5720
v  1099.0034 70.2924 1122.5720
v  1096.2883 78.0995 1136.2217
v  1096.2883 70.2924 1136.2217
v  1088.5563 78.0995 1147.7933
v  1088.5563 70.2924 1147.7933
v  1076.9846 78.0995 1155.5254
v  1076.9846 70.2924 1155.5254
v  1063.3348 78.0995 1158.2405
v  1063.3348 70.2924 1158.2405
v  1049.6852 78.0995 1155.5254
v  1049.6852 70.2924 1155.5254
v  1038.1134 78.0995 1147.7933
v  1038.1134 70.2924 1147.7933
v  1030.3815 78.0995 1136.2217
v  1030.3815 70.2924 1136.2217
v  1032.0876 70.0969 1122.5720
v  1032.0876 135.1097 1122.5720
v  1034.4662 135.1097 1110.6143
v  1034.4662 70.0969 1110.6143
v  1041.2397 135.1097 1100.4768
v  1041.2397 70.0969 1100.4768
v  1051.3771 135.1097 1093.7032
v  1051.3771 70.0969 1093.7032
v  1063.3348 135.1097 1091.3247
v  1063.3348 70.0969 1091.3247
v  1075.2927 135.1097 1093.7032
v  1075.2927 70.0969 1093.7032
v  1085.4301 135.1097 1100.4768
v  1085.4301 70.0969 1100.4768
v  1092.2036 135.1097 1110.6143
v  1092.2036 70.0969 1110.6143
v  1094.5820 135.1097 1122.5720
v  1094.5820 70.0969 1122.5720
v  1092.2036 135.1097 1134.5298
v  1092.2036 70.0969 1134.5298
v  1085.4301 135.1097 1144.6671
v  1085.4301 70.0969 1144.6671
v  1075.2927 135.1097 1151.4407
v  1075.2927 70.0969 1151.4407
v  1063.3348 135.1097 1153.8192
v  1063.3348 70.0969 1153.8192
v  1051.3771 135.1097 1151.4407
v  1051.3771 70.0969 1151.4407
v  1041.2397 135.1097 1144.6671
v  1041.2397 70.0969 1144.6671
v  1034.4662 135.1097 1134.5298
v  1034.4662 70.0969 1134.5298
v  1100.0575 131.6226 919.7964
v  1026.6124 131.6226 919.7964
v  1026.6124 74.9192 910.4225
v  1100.0575 74.9192 910.4225
v  1026.6124 131.6226 913.9208
v  1026.6124 74.9192 904.5469
v  1100.0575 131.6226 913.9208
v  1100.0575 74.9192 904.5469
v  1098.6504 132.0601 1121.1364
v  1098.6503 73.3041 1121.1364
v  1098.6503 73.3041 1119.6675
v  1098.6504 132.0601 1119.6675
v  1098.6503 73.3040 1090.2894
v  1098.6504 132.0601 1090.2894
v  1098.6503 73.3040 1088.8204
v  1098.6504 132.0601 1088.8204
v  1098.6503 73.3040 1059.4424
v  1098.6504 132.0601 1059.4424
v  1098.6503 73.3040 1057.9735
v  1098.6504 132.0601 1057.9735
v  1098.6503 73.3040 1028.5955
v  1098.6504 132.0601 1028.5955
v  1098.6503 73.3040 1027.1266
v  1098.6504 132.0601 1027.1266
v  1098.6503 73.3040 997.7485
v  1098.6504 132.0601 997.7485
v  1098.6503 73.3040 996.2796
v  1098.6504 132.0601 996.2796
v  1098.6503 73.3040 966.9016
v  1098.6504 132.0601 966.9016
v  1098.6503 73.3040 965.4326
v  1098.6504 132.0601 965.4326
v  1098.6503 73.3040 936.0546
v  1098.6504 132.0601 936.0546
v  1098.6503 73.3040 934.5857
v  1098.6504 132.0601 934.5857
v  1098.6503 73.3040 905.2076
v  1098.6504 132.0601 905.2076
v  1098.6503 73.3040 903.7387
v  1098.6504 132.0601 903.7387
v  1100.0575 131.6227 1126.9487
v  1026.6124 131.6226 1126.9487
v  1026.6124 74.9192 1126.9487
v  1100.0575 74.9192 1126.9487
v  1026.6124 131.6226 1121.0731
v  1026.6124 74.9192 1121.0731
v  1100.0575 131.6227 1121.0731
v  1100.0575 74.9192 1121.0731
v  1097.1195 131.1880 1126.6838
v  1029.5502 131.1880 1126.6838
v  1029.5502 76.2655 1126.6838
v  1097.1195 76.2655 1126.6838
v  1029.5502 131.1880 891.6594
v  1029.5502 76.2655 891.6594
v  1097.1195 131.1880 891.6594
v  1097.1195 76.2655 891.6594
v  1100.0575 135.1429 1126.6838
v  1026.6124 135.1429 1126.6838
v  1026.6124 129.2673 1126.6838
v  1100.0575 129.2673 1126.6838
v  1026.6124 135.1429 891.6594
v  1026.6124 129.2673 891.6594
v  1100.0575 135.1429 891.6594
v  1100.0575 129.2673 891.6594
v  1100.0575 76.3868 1126.6838
v  1026.6124 76.3868 1126.6838
v  1026.6124 70.5112 1126.6838
v  1100.0575 70.5112 1126.6838
v  1026.6124 76.3868 891.6594
v  1026.6124 70.5112 891.6594
v  1100.0575 76.3868 891.6594
v  1100.0575 70.5112 891.6594
v  -1078.0642 8.8134 1127.3608
v  -1099.6143 8.8134 1127.3608
v  -1099.6143 -0.0001 1127.3608
v  -1078.0642 -0.0001 1127.3608
v  -1099.6143 8.8134 1105.8107
v  -1099.6143 -0.0001 1105.8107
v  -1078.0642 8.8134 1105.8107
v  -1078.0642 -0.0001 1105.8107
v  -1025.6844 8.8134 1127.3608
v  -1047.2344 8.8134 1127.3608
v  -1047.2344 -0.0001 1127.3608
v  -1025.6844 -0.0000 1127.3608
v  -1047.2344 8.8134 1105.8107
v  -1047.2344 -0.0001 1105.8107
v  -1025.6844 8.8134 1105.8107
v  -1025.6844 -0.0000 1105.8107
v  -1080.1467 94.0136 1125.2784
v  -1097.5320 94.0136 1125.2784
v  -1097.5320 -0.0001 1125.2783
v  -1080.1467 -0.0001 1125.2783
v  -1097.5320 94.0136 1107.8932
v  -1097.5320 -0.0001 1107.8932
v  -1080.1467 94.0136 1107.8932
v  -1080.1467 -0.0001 1107.8932
v  -1027.7667 94.0137 1125.2784
v  -1045.1520 94.0137 1125.2784
v  -1045.1520 -0.0000 1125.2783
v  -1027.7667 -0.0000 1125.2783
v  -1045.1520 94.0137 1107.8932
v  -1045.1520 -0.0001 1107.8932
v  -1027.7667 94.0137 1107.8932
v  -1027.7667 -0.0000 1107.8932
v  -1097.9646 132.0601 903.7388
v  -1097.9646 73.3040 903.7388
v  -1097.9646 73.3040 905.2077
v  -1097.9646 132.0601 905.2077
v  -1097.9646 73.3040 934.5858
v  -1097.9646 132.0601 934.5858
v  -1097.9646 73.3040 936.0546
v  -1097.9646 132.0601 936.0546
v  -1097.9646 73.3040 965.4327
v  -1097.9646 132.0601 965.4327
v  -1097.9646 73.3040 966.9016
v  -1097.9646 132.0601 966.9016
v  -1097.9646 73.3040 996.2797
v  -1097.9646 132.0601 996.2797
v  -1097.9646 73.3040 997.7486
v  -1097.9646 132.0601 997.7486
v  -1097.9646 73.3040 1027.1266
v  -1097.9646 132.0601 1027.1266
v  -1097.9646 73.3040 1028.5955
v  -1097.9646 132.0601 1028.5955
v  -1097.9646 73.3040 1057.9735
v  -1097.9646 132.0601 1057.9735
v  -1097.9646 73.3040 1059.4425
v  -1097.9646 132.0601 1059.4425
v  -1097.9646 73.3040 1088.8206
v  -1097.9646 132.0601 1088.8206
v  -1097.9646 73.3040 1090.2894
v  -1097.9646 132.0601 1090.2894
v  -1097.9646 73.3040 1119.6675
v  -1097.9646 132.0601 1119.6675
v  -1097.9646 73.3040 1121.1364
v  -1097.9646 132.0601 1121.1364
v  -1098.3177 127.2867 1122.5720
v  -1098.3177 135.0938 1122.5720
v  -1095.6027 135.0938 1108.9224
v  -1095.6027 127.2867 1108.9224
v  -1087.8707 135.0938 1097.3506
v  -1087.8707 127.2867 1097.3506
v  -1076.2991 135.0938 1089.6187
v  -1076.2991 127.2867 1089.6187
v  -1062.6494 135.0938 1086.9036
v  -1062.6494 127.2867 1086.9036
v  -1048.9995 135.0938 1089.6187
v  -1048.9995 127.2867 1089.6187
v  -1037.4280 135.0938 1097.3506
v  -1037.4280 127.2867 1097.3506
v  -1029.6960 135.0938 1108.9224
v  -1029.6960 127.2867 1108.9224
v  -1026.9810 135.0938 1122.5720
v  -1026.9810 127.2867 1122.5720
v  -1029.6960 135.0938 1136.2218
v  -1029.6960 127.2867 1136.2218
v  -1037.4280 135.0938 1147.7936
v  -1037.4280 127.2867 1147.7936
v  -1048.9995 135.0938 1155.5255
v  -1048.9995 127.2867 1155.5255
v  -1062.6494 135.0938 1158.2406
v  -1062.6494 127.2867 1158.2406
v  -1076.2991 135.0938 1155.5255
v  -1076.2991 127.2867 1155.5255
v  -1087.8707 135.0938 1147.7936
v  -1087.8707 127.2867 1147.7936
v  -1095.6027 135.0938 1136.2218
v  -1095.6027 127.2867 1136.2218
v  -1098.3177 70.2924 1122.5720
v  -1098.3177 78.0995 1122.5720
v  -1095.6027 78.0995 1108.9224
v  -1095.6027 70.2923 1108.9224
v  -1087.8707 78.0995 1097.3506
v  -1087.8707 70.2923 1097.3506
v  -1076.2991 78.0995 1089.6187
v  -1076.2991 70.2924 1089.6187
v  -1062.6494 78.0995 1086.9036
v  -1062.6494 70.2924 1086.9036
v  -1048.9995 78.0995 1089.6187
v  -1048.9995 70.2924 1089.6187
v  -1037.4280 78.0995 1097.3506
v  -1037.4280 70.2924 1097.3506
v  -1029.6960 78.0995 1108.9222
v  -1029.6960 70.2924 1108.9222
v  -1026.9810 78.0995 1122.5720
v  -1026.9810 70.2924 1122.5720
v  -1029.6960 78.0995 1136.2218
v  -1029.6960 70.2924 1136.2218
v  -1037.4280 78.0995 1147.7936
v  -1037.4280 70.2924 1147.7936
v  -1048.9995 78.0995 1155.5255
v  -1048.9995 70.2924 1155.5255
v  -1062.6494 78.0995 1158.2406
v  -1062.6494 70.2924 1158.2406
v  -1076.2991 78.0995 1155.5255
v  -1076.2991 70.2924 1155.5255
v  -1087.8707 78.0995 1147.7936
v  -1087.8707 70.2924 1147.7936
v  -1095.6027 78.0995 1136.2218
v  -1095.6027 70.2923 1136.2218
v  -1093.8966 70.0969 1122.5720
v  -1093.8966 135.1097 1122.5720
v  -1091.5181 135.1097 1110.6143
v  -1091.5181 70.0969 1110.6143
v  -1084.7445 135.1097 1100.4769
v  -1084.7445 70.0969 1100.4769
v  -1074.6072 135.1097 1093.7034
v  -1074.6072 70.0969 1093.7034
v  -1062.6494 135.1097 1091.3248
v  -1062.6494 70.0969 1091.3248
v  -1050.6915 135.1097 1093.7034
v  -1050.6915 70.0969 1093.7034
v  -1040.5542 135.1097 1100.4769
v  -1040.5542 70.0969 1100.4769
v  -1033.7805 135.1097 1110.6143
v  -1033.7805 70.0969 1110.6143
v  -1031.4021 135.1097 1122.5720
v  -1031.4021 70.0969 1122.5720
v  -1033.7805 135.1097 1134.5299
v  -1033.7805 70.0969 1134.5299
v  -1040.5542 135.1097 1144.6672
v  -1040.5542 70.0969 1144.6672
v  -1050.6915 135.1097 1151.4408
v  -1050.6915 70.0969 1151.4408
v  -1062.6494 135.1097 1153.8193
v  -1062.6494 70.0969 1153.8193
v  -1074.6072 135.1097 1151.4408
v  -1074.6072 70.0969 1151.4408
v  -1084.7445 135.1097 1144.6672
v  -1084.7445 70.0969 1144.6672
v  -1091.5181 135.1097 1134.5299
v  -1091.5181 70.0969 1134.5299
v  -1025.9268 131.6226 919.7965
v  -1099.3718 131.6226 919.7965
v  -1099.3718 74.9192 910.4227
v  -1025.9268 74.9192 910.4227
v  -1099.3718 131.6226 913.9209
v  -1099.3718 74.9192 904.5471
v  -1025.9268 131.6226 913.9209
v  -1025.9268 74.9192 904.5471
v  -1027.3340 132.0602 1121.1364
v  -1027.3340 73.3041 1121.1364
v  -1027.3340 73.3041 1119.6675
v  -1027.3340 132.0602 1119.6675
v  -1027.3340 73.3040 1090.2894
v  -1027.3340 132.0602 1090.2894
v  -1027.3340 73.3040 1088.8206
v  -1027.3340 132.0602 1088.8206
v  -1027.3340 73.3040 1059.4425
v  -1027.3340 132.0602 1059.4425
v  -1027.3340 73.3040 1057.9735
v  -1027.3340 132.0602 1057.9735
v  -1027.3340 73.3040 1028.5955
v  -1027.3340 132.0601 1028.5956
v  -1027.3340 73.3040 1027.1266
v  -1027.3340 132.0601 1027.1266
v  -1027.3340 73.3040 997.7486
v  -1027.3340 132.0601 997.7486
v  -1027.3340 73.3040 996.2797
v  -1027.3340 132.0601 996.2797
v  -1027.3340 73.3040 966.9016
v  -1027.3340 132.0601 966.9016
v  -1027.3340 73.3040 965.4327
v  -1027.3340 132.0601 965.4327
v  -1027.3340 73.3040 936.0546
v  -1027.3340 132.0601 936.0546
v  -1027.3340 73.3040 934.5858
v  -1027.3340 132.0601 934.5858
v  -1027.3340 73.3040 905.2077
v  -1027.3340 132.0601 905.2077
v  -1027.3340 73.3040 903.7388
v  -1027.3340 132.0601 903.7388
v  -1025.9268 131.6227 1126.9487
v  -1099.3718 131.6226 1126.9487
v  -1099.3718 74.9192 1126.9487
v  -1025.9268 74.9192 1126.9487
v  -1099.3718 131.6226 1121.0731
v  -1099.3718 74.9192 1121.0731
v  -1025.9268 131.6227 1121.0731
v  -1025.9268 74.9192 1121.0731
v  -1028.8645 131.1880 1126.6840
v  -1096.4341 131.1880 1126.6840
v  -1096.4341 76.2655 1126.6840
v  -1028.8645 76.2655 1126.6840
v  -1096.4341 131.1880 891.6595
v  -1096.4341 76.2655 891.6595
v  -1028.8645 131.1880 891.6595
v  -1028.8645 76.2655 891.6595
v  -1025.9268 135.1429 1126.6840
v  -1099.3718 135.1429 1126.6840
v  -1099.3718 129.2673 1126.6840
v  -1025.9268 129.2673 1126.6840
v  -1099.3718 135.1429 891.6595
v  -1099.3718 129.2673 891.6595
v  -1025.9268 135.1429 891.6595
v  -1025.9268 129.2673 891.6595
v  -1025.9268 76.3868 1126.6840
v  -1099.3718 76.3868 1126.6840
v  -1099.3718 70.5112 1126.6840
v  -1025.9268 70.5112 1126.6840
v  -1099.3718 76.3868 891.6595
v  -1099.3718 70.5112 891.6595
v  -1025.9268 76.3868 891.6595
v  -1025.9268 70.5112 891.6595
v  -1340.4019 80.7652 1213.0083
v  -1352.2507 124.4864 1213.0083
v  -1341.4307 124.4864 1213.0083
v  -1329.5818 80.7652 1213.0083
v  -1353.2004 127.9911 1168.6819
v  -1327.0444 127.9911 1168.6819
v  -1327.0444 77.2605 1168.6819
v  -1339.4521 77.2605 1168.6819
v  -1327.0444 127.9911 1219.5189
v  -1327.0444 77.2605 1219.5189
v  -1353.2004 127.9911 1219.5189
v  -1339.4521 77.2605 1219.5189
v  -1352.2507 124.4864 1175.1926
v  -1340.4019 80.7652 1175.1926
v  -1341.4307 124.4864 1175.1926
v  -1329.5818 80.7652 1175.1926
v  -1327.6367 129.8413 1221.4069
v  -1327.6367 129.8413 1166.7938
v  -1327.6367 75.3425 1166.7938
v  -1327.6367 75.3426 1221.4069
v  -1318.2419 129.8413 1166.7938
v  -1318.2419 75.3425 1166.7938
v  -1318.2419 129.8413 1221.4069
v  -1318.2419 75.3426 1221.4069
v  -1304.9907 75.5338 1167.8380
v  -1304.9907 129.7820 1167.8380
v  -1294.8612 129.7820 1166.8951
v  -1294.8612 75.5338 1166.8953
v  -1285.1420 129.7820 1169.9006
v  -1285.1420 75.5338 1169.9006
v  -1277.3125 129.7820 1176.3966
v  -1277.3126 75.5338 1176.3966
v  -1272.5652 129.7820 1185.3944
v  -1272.5652 75.5338 1185.3944
v  -1271.6223 129.7820 1195.5239
v  -1271.6223 75.5338 1195.5239
v  -1274.6278 129.7820 1205.2432
v  -1274.6278 75.5338 1205.2432
v  -1281.1239 129.7820 1213.0725
v  -1281.1239 75.5338 1213.0725
v  -1290.1215 129.7820 1217.8199
v  -1290.1215 75.5338 1217.8199
v  -1300.2510 129.7820 1218.7627
v  -1300.2511 75.5338 1218.7627
v  -1309.9703 129.7820 1215.7573
v  -1309.9703 75.5338 1215.7573
v  -1317.7997 129.7820 1209.2614
v  -1317.7997 75.5338 1209.2614
v  -1322.5471 129.7820 1200.2635
v  -1322.5471 75.5338 1200.2635
v  -1323.4899 129.7820 1190.1340
v  -1323.4899 75.5338 1190.1340
v  -1320.4845 129.7820 1180.4148
v  -1320.4845 75.5338 1180.4148
v  -1313.9884 129.7820 1172.5854
v  -1313.9884 75.5338 1172.5854
v  -1306.0427 75.6969 1164.3019
v  -1306.0427 82.2113 1164.3019
v  -1294.4799 82.2113 1163.2258
v  -1294.4799 75.6969 1163.2258
v  -1283.3854 82.2113 1166.6564
v  -1283.3854 75.6969 1166.6564
v  -1274.4484 82.2113 1174.0717
v  -1274.4484 75.6969 1174.0717
v  -1269.0292 82.2113 1184.3424
v  -1269.0292 75.6969 1184.3424
v  -1267.9530 82.2113 1195.9052
v  -1267.9530 75.6969 1195.9052
v  -1271.3837 82.2113 1206.9996
v  -1271.3837 75.6969 1206.9996
v  -1278.7987 82.2113 1215.9369
v  -1278.7987 75.6969 1215.9368
v  -1289.0696 82.2113 1221.3560
v  -1289.0696 75.6969 1221.3560
v  -1300.6323 82.2113 1222.4321
v  -1300.6323 75.6969 1222.4321
v  -1311.7269 82.2113 1219.0016
v  -1311.7269 75.6969 1219.0016
v  -1320.6639 82.2113 1211.5864
v  -1320.6639 75.6969 1211.5864
v  -1326.0833 82.2113 1201.3156
v  -1326.0833 75.6969 1201.3156
v  -1327.1593 82.2113 1189.7527
v  -1327.1593 75.6969 1189.7527
v  -1323.7288 82.2113 1178.6582
v  -1323.7288 75.6969 1178.6582
v  -1316.3136 82.2113 1169.7212
v  -1316.3136 75.6969 1169.7212
v  -1306.0427 123.2542 1164.3019
v  -1306.0427 129.7687 1164.3019
v  -1294.4799 129.7687 1163.2258
v  -1294.4799 123.2542 1163.2258
v  -1283.3854 129.7687 1166.6564
v  -1283.3854 123.2542 1166.6564
v  -1274.4481 129.7687 1174.0715
v  -1274.4481 123.2542 1174.0715
v  -1269.0292 129.7687 1184.3424
v  -1269.0292 123.2542 1184.3424
v  -1267.9530 129.7687 1195.9052
v  -1267.9530 123.2542 1195.9052
v  -1271.3837 129.7687 1206.9996
v  -1271.3837 123.2542 1206.9996
v  -1278.7987 129.7687 1215.9368
v  -1278.7987 123.2542 1215.9368
v  -1289.0696 129.7687 1221.3560
v  -1289.0696 123.2542 1221.3560
v  -1300.6323 129.7687 1222.4321
v  -1300.6323 123.2542 1222.4321
v  -1311.7269 129.7687 1219.0016
v  -1311.7269 123.2542 1219.0016
v  -1320.6639 129.7687 1211.5864
v  -1320.6639 123.2542 1211.5864
v  -1326.0833 129.7687 1201.3156
v  -1326.0833 123.2542 1201.3156
v  -1327.1593 129.7687 1189.7527
v  -1327.1593 123.2542 1189.7527
v  -1323.7288 129.7687 1178.6582
v  -1323.7288 123.2542 1178.6582
v  -1316.3136 129.7687 1169.7212
v  -1316.3136 123.2542 1169.7212
v  -1285.2903 129.8011 1217.5948
v  -1300.8221 129.8010 1165.3856
v  -1300.8221 75.4445 1165.3856
v  -1285.2903 75.4445 1217.5948
v  -1208.0022 129.8010 1137.7723
v  -1208.0022 75.4445 1137.7723
v  -1192.4702 129.8011 1189.9816
v  -1192.4702 75.4445 1189.9816
v  -1195.1604 125.5078 1186.2112
v  -1208.1940 125.5078 1142.4001
v  -1208.1940 79.8948 1142.4001
v  -1195.1604 79.8948 1186.2112
v  -1156.7167 125.5078 1127.0861
v  -1156.7167 79.8948 1127.0861
v  -1143.6832 125.5078 1170.8971
v  -1143.6832 79.8948 1170.8971
v  -1146.4913 129.8011 1176.3032
v  -1162.0232 129.8010 1124.0940
v  -1162.0232 75.4445 1124.0940
v  -1146.4913 75.4445 1176.3032
v  -1100.6783 129.8010 1105.8444
v  -1100.6783 75.4445 1105.8444
v  -1085.1465 129.8011 1158.0536
v  -1085.1465 75.4445 1158.0536
v  -1087.5160 135.1809 1164.4860
v  -1106.1786 135.1808 1101.7531
v  -1106.1786 69.8677 1101.7531
v  -1087.5160 69.8677 1164.4860
v  -1095.3871 135.1808 1098.5426
v  -1095.3871 69.8677 1098.5426
v  -1076.7242 135.1809 1161.2755
v  -1076.7242 69.8677 1161.2756
v  -596.3293 75.5338 1167.8380
v  -596.3293 129.7820 1167.8380
v  -586.1998 129.7820 1166.8951
v  -586.1998 75.5338 1166.8951
v  -576.4805 129.7820 1169.9006
v  -576.4805 75.5338 1169.9006
v  -568.6512 129.7820 1176.3966
v  -568.6512 75.5338 1176.3966
v  -563.9037 129.7820 1185.3943
v  -563.9037 75.5338 1185.3943
v  -562.9610 129.7820 1195.5239
v  -562.9610 75.5338 1195.5239
v  -565.9663 129.7820 1205.2430
v  -565.9663 75.5338 1205.2430
v  -572.4623 129.7820 1213.0725
v  -572.4624 75.5338 1213.0725
v  -581.4601 129.7820 1217.8198
v  -581.4601 75.5338 1217.8198
v  -591.5896 129.7820 1218.7627
v  -591.5896 75.5338 1218.7627
v  -601.3089 129.7820 1215.7573
v  -601.3089 75.5338 1215.7572
v  -609.1382 129.7820 1209.2614
v  -609.1382 75.5338 1209.2614
v  -613.8857 129.7820 1200.2635
v  -613.8857 75.5338 1200.2635
v  -614.8284 129.7820 1190.1340
v  -614.8285 75.5338 1190.1340
v  -611.8231 129.7820 1180.4148
v  -611.8231 75.5338 1180.4148
v  -605.3270 129.7820 1172.5853
v  -605.3270 75.5338 1172.5853
v  -597.3813 75.6969 1164.3019
v  -597.3813 82.2113 1164.3019
v  -585.8185 82.2113 1163.2257
v  -585.8185 75.6969 1163.2257
v  -574.7240 82.2113 1166.6564
v  -574.7240 75.6969 1166.6564
v  -565.7869 82.2113 1174.0715
v  -565.7869 75.6969 1174.0715
v  -560.3677 82.2113 1184.3424
v  -560.3677 75.6969 1184.3424
v  -559.2915 82.2113 1195.9052
v  -559.2915 75.6969 1195.9052
v  -562.7222 82.2113 1206.9996
v  -562.7222 75.6969 1206.9996
v  -570.1373 82.2113 1215.9368
v  -570.1373 75.6969 1215.9368
v  -580.4082 82.2113 1221.3560
v  -580.4082 75.6969 1221.3560
v  -591.9709 82.2113 1222.4321
v  -591.9709 75.6969 1222.4321
v  -603.0654 82.2113 1219.0016
v  -603.0654 75.6969 1219.0015
v  -612.0025 82.2113 1211.5863
v  -612.0025 75.6969 1211.5863
v  -617.4217 82.2113 1201.3156
v  -617.4217 75.6969 1201.3156
v  -618.4979 82.2113 1189.7527
v  -618.4979 75.6969 1189.7527
v  -615.0673 82.2113 1178.6582
v  -615.0673 75.6969 1178.6582
v  -607.6520 82.2113 1169.7211
v  -607.6520 75.6969 1169.7211
v  -597.3813 123.2542 1164.3019
v  -597.3813 129.7687 1164.3019
v  -585.8185 129.7687 1163.2257
v  -585.8185 123.2542 1163.2257
v  -574.7240 129.7687 1166.6564
v  -574.7240 123.2542 1166.6564
v  -565.7869 129.7687 1174.0715
v  -565.7869 123.2542 1174.0715
v  -560.3677 129.7687 1184.3424
v  -560.3677 123.2542 1184.3424
v  -559.2915 129.7687 1195.9052
v  -559.2915 123.2542 1195.9052
v  -562.7222 129.7687 1206.9996
v  -562.7222 123.2542 1206.9996
v  -570.1373 129.7687 1215.9368
v  -570.1373 123.2542 1215.9368
v  -580.4081 129.7687 1221.3560
v  -580.4081 123.2542 1221.3560
v  -591.9709 129.7687 1222.4321
v  -591.9709 123.2542 1222.4321
v  -603.0654 129.7687 1219.0015
v  -603.0654 123.2542 1219.0015
v  -612.0025 129.7687 1211.5863
v  -612.0025 123.2542 1211.5863
v  -617.4217 129.7687 1201.3156
v  -617.4217 123.2542 1201.3156
v  -618.4979 129.7687 1189.7527
v  -618.4979 123.2542 1189.7527
v  -615.0673 129.7687 1178.6582
v  -615.0673 123.2542 1178.6582
v  -607.6520 129.7687 1169.7211
v  -607.6520 123.2542 1169.7211
v  -576.6287 129.8010 1217.5948
v  -592.1606 129.8010 1165.3856
v  -592.1606 75.4445 1165.3856
v  -576.6288 75.4445 1217.5948
v  -499.3406 129.8010 1137.7723
v  -499.3407 75.4445 1137.7723
v  -483.8088 129.8010 1189.9816
v  -483.8088 75.4445 1189.9816
v  -486.4990 125.5078 1186.2112
v  -499.5325 125.5078 1142.4001
v  -499.5325 79.8948 1142.4001
v  -486.4990 79.8948 1186.2112
v  -448.0552 125.5078 1127.0861
v  -448.0552 79.8948 1127.0861
v  -435.0218 125.5078 1170.8971
v  -435.0218 79.8948 1170.8971
v  -437.8299 129.8011 1176.3031
v  -453.3617 129.8010 1124.0940
v  -453.3618 75.4445 1124.0940
v  -437.8299 75.4445 1176.3031
v  -392.0169 129.8010 1105.8444
v  -392.0169 75.4445 1105.8444
v  -376.4850 129.8010 1158.0535
v  -376.4850 75.4445 1158.0535
v  -378.8545 135.1809 1164.4860
v  -397.5170 135.1809 1101.7529
v  -397.5170 69.8677 1101.7529
v  -378.8545 69.8677 1164.4860
v  -386.7255 135.1809 1098.5426
v  -386.7256 69.8677 1098.5426
v  -368.0629 135.1809 1161.2755
v  -368.0629 69.8677 1161.2755
v  -631.7405 80.7652 1213.0083
v  -643.5893 124.4864 1213.0083
v  -632.7692 124.4864 1213.0083
v  -620.9204 80.7652 1213.0083
v  -644.5391 127.9911 1168.6819
v  -618.3831 127.9911 1168.6819
v  -618.3831 77.2605 1168.6819
v  -630.7907 77.2605 1168.6819
v  -618.3831 127.9911 1219.5189
v  -618.3831 77.2605 1219.5189
v  -644.5391 127.9911 1219.5189
v  -630.7907 77.2605 1219.5189
v  -643.5893 124.4864 1175.1925
v  -631.7405 80.7652 1175.1925
v  -632.7692 124.4864 1175.1925
v  -620.9204 80.7652 1175.1925
v  -618.9754 129.8413 1221.4069
v  -618.9754 129.8413 1166.7938
v  -618.9754 75.3426 1166.7938
v  -618.9754 75.3426 1221.4069
v  -609.5806 129.8413 1166.7938
v  -609.5806 75.3426 1166.7938
v  -609.5806 129.8413 1221.4069
v  -609.5806 75.3426 1221.4069
v  -369.4028 8.8134 1127.3608
v  -390.9529 8.8134 1127.3608
v  -390.9529 -0.0001 1127.3608
v  -369.4028 -0.0001 1127.3608
v  -390.9529 8.8134 1105.8107
v  -390.9529 -0.0001 1105.8107
v  -369.4028 8.8134 1105.8107
v  -369.4028 -0.0001 1105.8107
v  -317.0229 8.8134 1127.3608
v  -338.5730 8.8134 1127.3608
v  -338.5730 -0.0001 1127.3608
v  -317.0229 -0.0000 1127.3608
v  -338.5730 8.8134 1105.8107
v  -338.5730 -0.0001 1105.8107
v  -317.0229 8.8134 1105.8107
v  -317.0229 -0.0000 1105.8107
v  -371.4853 94.0136 1125.2783
v  -388.8704 94.0136 1125.2783
v  -388.8704 -0.0001 1125.2783
v  -371.4853 -0.0001 1125.2783
v  -388.8704 94.0136 1107.8931
v  -388.8704 -0.0001 1107.8931
v  -371.4853 94.0136 1107.8931
v  -371.4853 -0.0001 1107.8931
v  -319.1053 94.0137 1125.2783
v  -336.4906 94.0136 1125.2783
v  -336.4906 -0.0001 1125.2783
v  -319.1053 -0.0000 1125.2783
v  -336.4906 94.0136 1107.8931
v  -336.4906 -0.0001 1107.8931
v  -319.1053 94.0137 1107.8931
v  -319.1053 -0.0001 1107.8931
v  -389.3033 132.0601 903.7388
v  -389.3033 73.3040 903.7388
v  -389.3033 73.3040 905.2077
v  -389.3033 132.0601 905.2077
v  -389.3033 73.3040 934.5858
v  -389.3033 132.0601 934.5858
v  -389.3033 73.3040 936.0546
v  -389.3033 132.0601 936.0546
v  -389.3032 73.3040 965.4327
v  -389.3033 132.0601 965.4327
v  -389.3032 73.3040 966.9016
v  -389.3033 132.0601 966.9016
v  -389.3032 73.3040 996.2796
v  -389.3033 132.0601 996.2797
v  -389.3032 73.3040 997.7486
v  -389.3033 132.0601 997.7486
v  -389.3032 73.3040 1027.1266
v  -389.3032 132.0601 1027.1266
v  -389.3032 73.3040 1028.5955
v  -389.3032 132.0601 1028.5955
v  -389.3032 73.3040 1057.9735
v  -389.3032 132.0601 1057.9735
v  -389.3032 73.3040 1059.4424
v  -389.3032 132.0601 1059.4424
v  -389.3032 73.3040 1088.8204
v  -389.3032 132.0601 1088.8204
v  -389.3032 73.3040 1090.2894
v  -389.3032 132.0601 1090.2894
v  -389.3032 73.3040 1119.6675
v  -389.3032 132.0601 1119.6675
v  -389.3032 73.3040 1121.1364
v  -389.3032 132.0601 1121.1364
v  -389.6564 127.2867 1122.5720
v  -389.6564 135.0938 1122.5720
v  -386.9413 135.0938 1108.9222
v  -386.9413 127.2867 1108.9222
v  -379.2093 135.0938 1097.3506
v  -379.2093 127.2867 1097.3506
v  -367.6376 135.0938 1089.6187
v  -367.6376 127.2867 1089.6187
v  -353.9879 135.0938 1086.9036
v  -353.9879 127.2867 1086.9036
v  -340.3382 135.0938 1089.6187
v  -340.3382 127.2867 1089.6187
v  -328.7665 135.0938 1097.3506
v  -328.7665 127.2867 1097.3506
v  -321.0345 135.0938 1108.9222
v  -321.0345 127.2867 1108.9222
v  -318.3193 135.0938 1122.5720
v  -318.3193 127.2867 1122.5720
v  -321.0345 135.0938 1136.2218
v  -321.0345 127.2867 1136.2218
v  -328.7665 135.0938 1147.7935
v  -328.7665 127.2867 1147.7935
v  -340.3382 135.0938 1155.5254
v  -340.3382 127.2867 1155.5254
v  -353.9879 135.0938 1158.2406
v  -353.9879 127.2867 1158.2406
v  -367.6376 135.0938 1155.5254
v  -367.6376 127.2867 1155.5254
v  -379.2093 135.0938 1147.7935
v  -379.2093 127.2867 1147.7935
v  -386.9413 135.0938 1136.2218
v  -386.9413 127.2867 1136.2218
v  -389.6564 70.2924 1122.5720
v  -389.6564 78.0995 1122.5720
v  -386.9413 78.0995 1108.9222
v  -386.9413 70.2923 1108.9222
v  -379.2093 78.0995 1097.3506
v  -379.2093 70.2924 1097.3506
v  -367.6376 78.0995 1089.6187
v  -367.6376 70.2924 1089.6187
v  -353.9879 78.0995 1086.9036
v  -353.9879 70.2924 1086.9036
v  -340.3382 78.0995 1089.6187
v  -340.3382 70.2924 1089.6187
v  -328.7665 78.0995 1097.3506
v  -328.7665 70.2924 1097.3506
v  -321.0345 78.0995 1108.9222
v  -321.0345 70.2924 1108.9222
v  -318.3193 78.0995 1122.5720
v  -318.3193 70.2924 1122.5720
v  -321.0345 78.0995 1136.2218
v  -321.0345 70.2924 1136.2218
v  -328.7665 78.0995 1147.7935
v  -328.7665 70.2924 1147.7935
v  -340.3382 78.0995 1155.5254
v  -340.3382 70.2924 1155.5254
v  -353.9879 78.0995 1158.2406
v  -353.9879 70.2924 1158.2406
v  -367.6376 78.0995 1155.5254
v  -367.6376 70.2924 1155.5254
v  -379.2093 78.0995 1147.7935
v  -379.2093 70.2924 1147.7935
v  -386.9413 78.0995 1136.2218
v  -386.9413 70.2924 1136.2218
v  -385.2351 70.0969 1122.5720
v  -385.2351 135.1097 1122.5720
v  -382.8566 135.1097 1110.6143
v  -382.8566 70.0969 1110.6143
v  -376.0830 135.1097 1100.4769
v  -376.0830 70.0969 1100.4769
v  -365.9457 135.1097 1093.7034
v  -365.9457 70.0969 1093.7034
v  -353.9879 135.1097 1091.3248
v  -353.9879 70.0969 1091.3248
v  -342.0301 135.1097 1093.7034
v  -342.0301 70.0969 1093.7034
v  -331.8927 135.1097 1100.4769
v  -331.8927 70.0969 1100.4769
v  -325.1193 135.1097 1110.6143
v  -325.1193 70.0969 1110.6143
v  -322.7407 135.1097 1122.5720
v  -322.7407 70.0969 1122.5720
v  -325.1193 135.1097 1134.5299
v  -325.1193 70.0969 1134.5298
v  -331.8927 135.1097 1144.6672
v  -331.8927 70.0969 1144.6672
v  -342.0301 135.1097 1151.4407
v  -342.0301 70.0969 1151.4407
v  -353.9879 135.1097 1153.8192
v  -353.9879 70.0969 1153.8192
v  -365.9457 135.1097 1151.4407
v  -365.9457 70.0969 1151.4407
v  -376.0830 135.1097 1144.6672
v  -376.0830 70.0969 1144.6672
v  -382.8566 135.1097 1134.5299
v  -382.8566 70.0969 1134.5298
v  -317.2653 131.6226 919.7965
v  -390.7104 131.6226 919.7965
v  -390.7104 74.9192 910.4227
v  -317.2653 74.9192 910.4227
v  -390.7104 131.6226 913.9209
v  -390.7104 74.9192 904.5471
v  -317.2653 131.6226 913.9209
v  -317.2653 74.9192 904.5471
v  -318.6724 132.0601 1121.1364
v  -318.6725 73.3041 1121.1364
v  -318.6725 73.3041 1119.6675
v  -318.6724 132.0601 1119.6675
v  -318.6725 73.3040 1090.2894
v  -318.6724 132.0602 1090.2894
v  -318.6725 73.3040 1088.8204
v  -318.6724 132.0602 1088.8204
v  -318.6725 73.3040 1059.4424
v  -318.6724 132.0602 1059.4424
v  -318.6725 73.3040 1057.9735
v  -318.6724 132.0602 1057.9735
v  -318.6725 73.3040 1028.5955
v  -318.6724 132.0601 1028.5955
v  -318.6725 73.3040 1027.1266
v  -318.6724 132.0601 1027.1266
v  -318.6725 73.3040 997.7486
v  -318.6724 132.0601 997.7486
v  -318.6725 73.3040 996.2797
v  -318.6724 132.0601 996.2797
v  -318.6725 73.3040 966.9016
v  -318.6724 132.0601 966.9016
v  -318.6725 73.3040 965.4327
v  -318.6724 132.0601 965.4327
v  -318.6725 73.3040 936.0546
v  -318.6724 132.0601 936.0546
v  -318.6725 73.3040 934.5858
v  -318.6724 132.0601 934.5858
v  -318.6725 73.3040 905.2077
v  -318.6724 132.0601 905.2077
v  -318.6725 73.3040 903.7388
v  -318.6724 132.0601 903.7388
v  -317.2653 131.6227 1126.9487
v  -390.7104 131.6226 1126.9487
v  -390.7104 74.9192 1126.9487
v  -317.2653 74.9192 1126.9487
v  -390.7104 131.6226 1121.0731
v  -390.7104 74.9192 1121.0731
v  -317.2653 131.6227 1121.0731
v  -317.2653 74.9192 1121.0731
v  -320.2032 131.1880 1126.6838
v  -387.7726 131.1880 1126.6838
v  -387.7726 76.2655 1126.6838
v  -320.2032 76.2655 1126.6838
v  -387.7726 131.1880 891.6595
v  -387.7726 76.2655 891.6595
v  -320.2032 131.1880 891.6595
v  -320.2032 76.2655 891.6595
v  -317.2653 135.1429 1126.6838
v  -390.7104 135.1429 1126.6838
v  -390.7104 129.2673 1126.6838
v  -317.2653 129.2673 1126.6838
v  -390.7104 135.1429 891.6595
v  -390.7104 129.2673 891.6595
v  -317.2653 135.1429 891.6595
v  -317.2653 129.2673 891.6595
v  -317.2653 76.3868 1126.6838
v  -390.7104 76.3868 1126.6838
v  -390.7104 70.5112 1126.6838
v  -317.2653 70.5112 1126.6838
v  -390.7104 76.3868 891.6595
v  -390.7104 70.5112 891.6595
v  -317.2653 76.3868 891.6595
v  -317.2653 70.5112 891.6595
v  339.2586 8.8134 1127.3607
v  317.7085 8.8134 1127.3607
v  317.7085 -0.0001 1127.3607
v  339.2586 -0.0001 1127.3607
v  317.7085 8.8134 1105.8107
v  317.7085 -0.0001 1105.8107
v  339.2586 8.8134 1105.8107
v  339.2586 -0.0001 1105.8107
v  391.6385 8.8134 1127.3607
v  370.0884 8.8134 1127.3607
v  370.0884 -0.0000 1127.3607
v  391.6385 -0.0000 1127.3607
v  370.0884 8.8134 1105.8107
v  370.0884 -0.0001 1105.8107
v  391.6385 8.8134 1105.8107
v  391.6385 -0.0000 1105.8107
v  337.1762 94.0136 1125.2783
v  319.7910 94.0136 1125.2783
v  319.7910 -0.0001 1125.2783
v  337.1762 -0.0001 1125.2783
v  319.7910 94.0136 1107.8931
v  319.7910 -0.0001 1107.8931
v  337.1762 94.0136 1107.8931
v  337.1762 -0.0001 1107.8931
v  389.5561 94.0137 1125.2783
v  372.1708 94.0137 1125.2783
v  372.1709 -0.0000 1125.2783
v  389.5561 -0.0000 1125.2783
v  372.1708 94.0137 1107.8931
v  372.1709 -0.0001 1107.8931
v  389.5561 94.0137 1107.8931
v  389.5561 -0.0000 1107.8931
v  319.3582 132.0601 903.7387
v  319.3582 73.3040 903.7387
v  319.3582 73.3040 905.2077
v  319.3582 132.0601 905.2077
v  319.3582 73.3040 934.5857
v  319.3582 132.0601 934.5857
v  319.3582 73.3040 936.0546
v  319.3582 132.0601 936.0546
v  319.3582 73.3040 965.4327
v  319.3582 132.0601 965.4327
v  319.3582 73.3040 966.9016
v  319.3582 132.0601 966.9016
v  319.3582 73.3040 996.2796
v  319.3582 132.0601 996.2796
v  319.3582 73.3040 997.7485
v  319.3582 132.0601 997.7485
v  319.3582 73.3040 1027.1266
v  319.3582 132.0601 1027.1266
v  319.3582 73.3040 1028.5955
v  319.3582 132.0601 1028.5955
v  319.3582 73.3040 1057.9735
v  319.3582 132.0601 1057.9735
v  319.3582 73.3040 1059.4424
v  319.3582 132.0601 1059.4424
v  319.3582 73.3040 1088.8204
v  319.3582 132.0601 1088.8204
v  319.3582 73.3040 1090.2894
v  319.3582 132.0601 1090.2894
v  319.3582 73.3040 1119.6675
v  319.3582 132.0601 1119.6675
v  319.3582 73.3040 1121.1364
v  319.3582 132.0601 1121.1364
v  319.0050 127.2867 1122.5720
v  319.0050 135.0938 1122.5720
v  321.7201 135.0938 1108.9222
v  321.7201 127.2867 1108.9222
v  329.4521 135.0938 1097.3506
v  329.4521 127.2867 1097.3506
v  341.0238 135.0938 1089.6187
v  341.0238 127.2867 1089.6187
v  354.6735 135.0938 1086.9036
v  354.6735 127.2867 1086.9036
v  368.3232 135.0938 1089.6187
v  368.3232 127.2867 1089.6187
v  379.8950 135.0938 1097.3506
v  379.8950 127.2867 1097.3506
v  387.6269 135.0938 1108.9222
v  387.6269 127.2867 1108.9222
v  390.3420 135.0938 1122.5720
v  390.3420 127.2867 1122.5720
v  387.6269 135.0938 1136.2218
v  387.6269 127.2867 1136.2218
v  379.8950 135.0938 1147.7935
v  379.8950 127.2867 1147.7935
v  368.3232 135.0938 1155.5254
v  368.3232 127.2867 1155.5254
v  354.6735 135.0938 1158.2406
v  354.6735 127.2867 1158.2406
v  341.0238 135.0938 1155.5254
v  341.0238 127.2867 1155.5254
v  329.4521 135.0938 1147.7935
v  329.4521 127.2867 1147.7935
v  321.7201 135.0938 1136.2218
v  321.7201 127.2867 1136.2218
v  319.0050 70.2924 1122.5720
v  319.0050 78.0995 1122.5720
v  321.7201 78.0995 1108.9222
v  321.7201 70.2924 1108.9222
v  329.4521 78.0995 1097.3506
v  329.4521 70.2924 1097.3506
v  341.0238 78.0995 1089.6187
v  341.0238 70.2924 1089.6187
v  354.6736 78.0995 1086.9036
v  354.6736 70.2924 1086.9036
v  368.3233 78.0995 1089.6187
v  368.3233 70.2924 1089.6187
v  379.8950 78.0995 1097.3506
v  379.8950 70.2924 1097.3506
v  387.6269 78.0995 1108.9222
v  387.6269 70.2924 1108.9222
v  390.3420 78.0995 1122.5720
v  390.3420 70.2924 1122.5720
v  387.6269 78.0995 1136.2218
v  387.6269 70.2924 1136.2218
v  379.8950 78.0995 1147.7935
v  379.8950 70.2924 1147.7935
v  368.3233 78.0995 1155.5254
v  368.3233 70.2924 1155.5254
v  354.6736 78.0995 1158.2406
v  354.6736 70.2924 1158.2406
v  341.0238 78.0995 1155.5254
v  341.0238 70.2924 1155.5254
v  329.4521 78.0995 1147.7935
v  329.4521 70.2924 1147.7935
v  321.7201 78.0995 1136.2217
v  321.7201 70.2924 1136.2217
v  323.4263 70.0969 1122.5720
v  323.4263 135.1097 1122.5720
v  325.8048 135.1097 1110.6143
v  325.8048 70.0969 1110.6143
v  332.5784 135.1097 1100.4768
v  332.5784 70.0969 1100.4768
v  342.7157 135.1097 1093.7032
v  342.7158 70.0969 1093.7032
v  354.6735 135.1097 1091.3247
v  354.6736 70.0969 1091.3247
v  366.6313 135.1097 1093.7032
v  366.6313 70.0969 1093.7032
v  376.7686 135.1097 1100.4768
v  376.7686 70.0969 1100.4768
v  383.5422 135.1097 1110.6143
v  383.5422 70.0969 1110.6143
v  385.9207 135.1097 1122.5720
v  385.9207 70.0969 1122.5720
v  383.5422 135.1097 1134.5298
v  383.5422 70.0969 1134.5298
v  376.7686 135.1097 1144.6671
v  376.7687 70.0969 1144.6671
v  366.6313 135.1097 1151.4407
v  366.6313 70.0969 1151.4407
v  354.6735 135.1097 1153.8192
v  354.6736 70.0969 1153.8192
v  342.7157 135.1097 1151.4407
v  342.7157 70.0969 1151.4407
v  332.5784 135.1097 1144.6671
v  332.5784 70.0969 1144.6671
v  325.8048 135.1097 1134.5298
v  325.8048 70.0969 1134.5298
v  391.3961 131.6226 919.7964
v  317.9510 131.6226 919.7964
v  317.9510 74.9192 910.4225
v  391.3961 74.9192 910.4225
v  317.9510 131.6226 913.9208
v  317.9510 74.9192 904.5471
v  391.3961 131.6226 913.9208
v  391.3961 74.9192 904.5471
v  389.9889 132.0602 1121.1364
v  389.9889 73.3041 1121.1364
v  389.9889 73.3041 1119.6675
v  389.9889 132.0602 1119.6675
v  389.9889 73.3040 1090.2894
v  389.9889 132.0602 1090.2894
v  389.9889 73.3040 1088.8204
v  389.9889 132.0602 1088.8204
v  389.9889 73.3040 1059.4424
v  389.9889 132.0602 1059.4424
v  389.9889 73.3040 1057.9735
v  389.9889 132.0602 1057.9735
v  389.9889 73.3040 1028.5955
v  389.9889 132.0601 1028.5955
v  389.9889 73.3040 1027.1266
v  389.9889 132.0601 1027.1266
v  389.9889 73.3040 997.7485
v  389.9889 132.0601 997.7485
v  389.9889 73.3040 996.2796
v  389.9889 132.0601 996.2796
v  389.9889 73.3040 966.9016
v  389.9889 132.0601 966.9016
v  389.9889 73.3040 965.4327
v  389.9889 132.0601 965.4327
v  389.9889 73.3040 936.0546
v  389.9889 132.0601 936.0546
v  389.9889 73.3040 934.5858
v  389.9889 132.0601 934.5858
v  389.9889 73.3040 905.2077
v  389.9889 132.0601 905.2077
v  389.9889 73.3040 903.7387
v  389.9889 132.0601 903.7387
v  391.3961 131.6227 1126.9487
v  317.9510 131.6226 1126.9487
v  317.9510 74.9192 1126.9487
v  391.3961 74.9192 1126.9487
v  317.9510 131.6226 1121.0731
v  317.9510 74.9192 1121.0731
v  391.3961 131.6227 1121.0731
v  391.3961 74.9192 1121.0731
v  388.4583 131.1880 1126.6838
v  320.8888 131.1880 1126.6838
v  320.8888 76.2655 1126.6838
v  388.4583 76.2655 1126.6838
v  320.8888 131.1880 891.6594
v  320.8888 76.2655 891.6594
v  388.4583 131.1880 891.6594
v  388.4583 76.2655 891.6594
v  391.3961 135.1429 1126.6838
v  317.9510 135.1429 1126.6838
v  317.9510 129.2673 1126.6838
v  391.3961 129.2673 1126.6838
v  317.9510 135.1429 891.6594
v  317.9510 129.2673 891.6594
v  391.3961 135.1429 891.6594
v  391.3961 129.2673 891.6594
v  391.3961 76.3868 1126.6838
v  317.9510 76.3868 1126.6838
v  317.9510 70.5112 1126.6838
v  391.3961 70.5112 1126.6838
v  317.9510 76.3868 891.6594
v  317.9510 70.5112 891.6594
v  391.3961 76.3868 891.6594
v  391.3961 70.5112 891.6594
v  76.9209 80.7652 1213.0083
v  65.0721 124.4864 1213.0083
v  75.8921 124.4864 1213.0083
v  87.7410 80.7652 1213.0083
v  64.1223 127.9911 1168.6819
v  90.2782 127.9911 1168.6819
v  90.2782 77.2605 1168.6819
v  77.8707 77.2605 1168.6819
v  90.2782 127.9911 1219.5188
v  90.2782 77.2605 1219.5188
v  64.1223 127.9911 1219.5188
v  77.8707 77.2605 1219.5188
v  65.0721 124.4864 1175.1925
v  76.9209 80.7652 1175.1925
v  75.8921 124.4864 1175.1925
v  87.7410 80.7652 1175.1925
v  89.6860 129.8414 1221.4069
v  89.6860 129.8413 1166.7938
v  89.6860 75.3425 1166.7938
v  89.6860 75.3426 1221.4069
v  99.0807 129.8413 1166.7938
v  99.0807 75.3425 1166.7938
v  99.0807 129.8414 1221.4069
v  99.0807 75.3426 1221.4069
v  112.3320 75.5338 1167.8380
v  112.3321 129.7820 1167.8380
v  122.4616 129.7820 1166.8951
v  122.4616 75.5338 1166.8951
v  132.1809 129.7820 1169.9005
v  132.1809 75.5338 1169.9005
v  140.0102 129.7820 1176.3966
v  140.0102 75.5338 1176.3966
v  144.7576 129.7820 1185.3943
v  144.7576 75.5338 1185.3943
v  145.7005 129.7820 1195.5238
v  145.7004 75.5338 1195.5238
v  142.6950 129.7820 1205.2430
v  142.6950 75.5338 1205.2430
v  136.1990 129.7820 1213.0724
v  136.1990 75.5338 1213.0724
v  127.2013 129.7820 1217.8198
v  127.2013 75.5338 1217.8198
v  117.0717 129.7820 1218.7627
v  117.0717 75.5338 1218.7627
v  107.3525 129.7820 1215.7572
v  107.3525 75.5338 1215.7572
v  99.5232 129.7820 1209.2612
v  99.5231 75.5338 1209.2612
v  94.7757 129.7820 1200.2635
v  94.7757 75.5338 1200.2635
v  93.8329 129.7820 1190.1339
v  93.8329 75.5338 1190.1339
v  96.8383 129.7820 1180.4147
v  96.8383 75.5338 1180.4147
v  103.3344 129.7820 1172.5853
v  103.3344 75.5338 1172.5853
v  111.2801 75.6969 1164.3019
v  111.2801 82.2113 1164.3019
v  122.8429 82.2113 1163.2257
v  122.8429 75.6969 1163.2257
v  133.9374 82.2113 1166.6564
v  133.9374 75.6969 1166.6564
v  142.8745 82.2113 1174.0715
v  142.8745 75.6969 1174.0715
v  148.2937 82.2113 1184.3423
v  148.2937 75.6969 1184.3423
v  149.3699 82.2113 1195.9052
v  149.3699 75.6969 1195.9052
v  145.9392 82.2113 1206.9996
v  145.9392 75.6969 1206.9996
v  138.5240 82.2113 1215.9368
v  138.5240 75.6969 1215.9368
v  128.2533 82.2113 1221.3560
v  128.2533 75.6969 1221.3560
v  116.6904 82.2113 1222.4320
v  116.6904 75.6969 1222.4320
v  105.5959 82.2113 1219.0015
v  105.5959 75.6969 1219.0015
v  96.6588 82.2113 1211.5863
v  96.6588 75.6969 1211.5863
v  91.2396 82.2113 1201.3154
v  91.2396 75.6969 1201.3154
v  90.1635 82.2113 1189.7527
v  90.1635 75.6969 1189.7527
v  93.5941 82.2113 1178.6582
v  93.5941 75.6969 1178.6582
v  101.0093 82.2113 1169.7211
v  101.0093 75.6969 1169.7211
v  111.2801 123.2542 1164.3019
v  111.2801 129.7687 1164.3019
v  122.8429 129.7687 1163.2257
v  122.8429 123.2542 1163.2257
v  133.9374 129.7687 1166.6564
v  133.9374 123.2542 1166.6564
v  142.8745 129.7687 1174.0715
v  142.8745 123.2542 1174.0715
v  148.2937 129.7687 1184.3423
v  148.2937 123.2542 1184.3423
v  149.3699 129.7687 1195.9052
v  149.3699 123.2542 1195.9052
v  145.9392 129.7687 1206.9996
v  145.9392 123.2542 1206.9996
v  138.5241 129.7687 1215.9368
v  138.5241 123.2542 1215.9368
v  128.2533 129.7687 1221.3560
v  128.2533 123.2542 1221.3560
v  116.6904 129.7687 1222.4320
v  116.6904 123.2542 1222.4320
v  105.5959 129.7687 1219.0015
v  105.5959 123.2542 1219.0015
v  96.6588 129.7687 1211.5863
v  96.6588 123.2542 1211.5863
v  91.2397 129.7687 1201.3154
v  91.2397 123.2542 1201.3154
v  90.1635 129.7687 1189.7527
v  90.1635 123.2542 1189.7527
v  93.5941 129.7687 1178.6582
v  93.5941 123.2542 1178.6582
v  101.0093 129.7687 1169.7211
v  101.0093 123.2542 1169.7211
v  132.0326 129.8010 1217.5947
v  116.5007 129.8010 1165.3856
v  116.5007 75.4445 1165.3856
v  132.0326 75.4445 1217.5947
v  209.3207 129.8010 1137.7723
v  209.3207 75.4445 1137.7723
v  224.8526 129.8010 1189.9816
v  224.8526 75.4445 1189.9816
v  222.1624 125.5078 1186.2112
v  209.1289 125.5078 1142.4001
v  209.1289 79.8948 1142.4001
v  222.1624 79.8948 1186.2112
v  260.6061 125.5078 1127.0859
v  260.6061 79.8948 1127.0859
v  273.6396 125.5078 1170.8971
v  273.6396 79.8948 1170.8971
v  270.8315 129.8011 1176.3031
v  255.2997 129.8010 1124.0939
v  255.2997 75.4445 1124.0939
v  270.8315 75.4445 1176.3031
v  316.6445 129.8010 1105.8442
v  316.6445 75.4445 1105.8442
v  332.1763 129.8010 1158.0535
v  332.1764 75.4445 1158.0535
v  329.8069 135.1809 1164.4860
v  311.1443 135.1809 1101.7529
v  311.1443 69.8677 1101.7529
v  329.8069 69.8677 1164.4860
v  321.9359 135.1809 1098.5426
v  321.9359 69.8677 1098.5426
v  340.5984 135.1809 1161.2755
v  340.5984 69.8677 1161.2755
v  -99.9925 438.2671 -922.3904
v  -106.6140 436.5138 -922.3904
v  -106.6140 432.2851 -922.3904
v  -80.5779 436.5517 -922.3904
v  -80.5779 432.2914 -922.3904
v  -87.5700 438.2181 -922.3904
v  -99.9925 455.3409 -922.3905
v  -99.9925 460.7034 -922.3905
v  -99.9925 480.0390 -922.3906
v  -87.5700 479.6581 -922.3906
v  -80.5774 485.5890 -922.3906
v  -80.5774 481.3155 -922.3906
v  -103.0863 480.0092 -922.3906
v  -105.4837 479.7108 -922.3906
v  -107.6543 485.5890 -922.3906
v  -107.6921 479.0841 -922.3906
v  -109.7811 477.9301 -922.3906
v  -111.5861 476.0736 -922.3906
v  -112.7550 473.7358 -922.3906
v  -113.0010 484.8190 -922.3906
v  -118.0055 483.0654 -922.3906
v  -124.4216 476.6066 -922.3906
v  -121.6841 480.6272 -922.3906
v  -125.4482 473.2274 -922.3906
v  -125.4482 469.0356 -922.3905
v  -122.3685 461.9352 -922.3905
v  -124.4216 465.3143 -922.3905
v  -113.1159 471.5355 -922.3906
v  -113.0472 469.1977 -922.3905
v  -112.3424 466.3786 -922.3905
v  -111.0360 464.2298 -922.3905
v  -119.2032 459.1976 -922.3905
v  -115.3106 457.4151 -922.3905
v  -102.6569 455.3409 -922.3905
v  -125.9645 438.1323 -922.3904
v  -133.2667 436.3170 -922.3904
v  -133.2667 432.2946 -922.3904
v  -114.7945 432.2946 -922.3904
v  -109.3170 462.6140 -922.3905
v  -106.6526 461.3248 -922.3905
v  -103.4209 460.7231 -922.3905
v  -51.7512 481.0669 -922.3906
v  -48.7143 481.4518 -922.3906
v  -49.8246 486.6628 -922.3906
v  -54.4888 479.9120 -922.3906
v  -56.6703 478.1154 -922.3906
v  -70.3137 475.8417 -922.3906
v  -54.9691 486.1306 -922.3906
v  -60.5570 484.4454 -922.3906
v  -65.9675 481.0749 -922.3906
v  -59.1085 474.4796 -922.3906
v  -60.7767 469.6888 -922.3905
v  -61.6749 464.6415 -922.3905
v  -62.0171 458.8669 -922.3905
v  -61.8033 453.4346 -922.3905
v  -60.7767 447.8311 -922.3904
v  -73.0633 470.1651 -922.3905
v  -74.5711 463.7789 -922.3905
v  -73.6841 449.2326 -922.3904
v  -74.6598 456.1510 -922.3905
v  -71.6441 444.1768 -922.3904
v  -68.2736 439.1211 -922.3904
v  -58.8717 432.7349 -922.3904
v  -63.6614 435.1298 -922.3904
v  -59.4079 443.9386 -922.3904
v  -57.3120 440.5167 -922.3904
v  -54.8310 438.2496 -922.3904
v  -52.8206 437.2230 -922.3904
v  -50.8102 436.6242 -922.3904
v  -48.9376 436.4305 -922.3904
v  -53.7273 431.5819 -922.3904
v  -48.9376 431.1384 -922.3904
v  -46.4424 436.5493 -922.3904
v  -43.7096 437.3513 -922.3904
v  -40.3732 439.7467 -922.3904
v  -30.1338 437.6133 -922.3904
v  -44.3693 431.4464 -922.3904
v  -39.7131 432.2914 -922.3904
v  -35.0122 434.1541 -922.3904
v  -37.8495 443.3825 -922.3904
v  -36.1386 448.1732 -922.3904
v  -35.3686 453.3062 -922.3905
v  -35.0264 459.1663 -922.3905
v  -35.3686 465.2403 -922.3905
v  -31.1095 481.2523 -922.3906
v  -26.2312 442.7577 -922.3904
v  -23.8364 448.0795 -922.3904
v  -22.3285 460.4971 -922.3905
v  -22.4172 454.7318 -922.3905
v  -22.9494 466.7059 -922.3905
v  -24.8120 472.5599 -922.3906
v  -27.6503 477.2609 -922.3906
v  -36.3952 470.4588 -922.3906
v  -38.0634 474.9501 -922.3906
v  -40.4160 478.2010 -922.3906
v  -43.1963 480.2114 -922.3906
v  -46.2333 481.1952 -922.3906
v  -35.4557 484.0019 -922.3906
v  -39.6245 485.5984 -922.3906
v  -44.7689 486.5741 -922.3906
v  106.1252 479.6407 -922.3906
v  113.1278 481.3218 -922.3906
v  113.1278 485.5877 -922.3906
v  86.7103 481.3212 -922.3906
v  86.7103 485.5877 -922.3906
v  93.7138 479.6455 -922.3906
v  106.1252 438.2275 -922.3904
v  93.7138 438.2341 -922.3904
v  86.7134 432.2921 -922.3904
v  86.7134 436.5556 -922.3904
v  113.1048 436.5571 -922.3904
v  113.1048 432.2914 -922.3904
v  -141.7658 479.7303 -922.3906
v  -138.6498 469.4497 -922.3905
v  -134.0727 469.4497 -922.3905
v  -134.0727 485.5810 -922.3906
v  -151.2758 479.7303 -922.3906
v  -173.1279 479.7159 -922.3906
v  -180.8887 485.5810 -922.3906
v  -180.8887 469.4384 -922.3905
v  -176.2569 469.4384 -922.3905
v  -163.6974 479.7159 -922.3906
v  -151.2758 438.2264 -922.3904
v  -163.6974 438.2526 -922.3904
v  -170.7026 432.3118 -922.3904
v  -170.7026 436.5446 -922.3904
v  -144.2731 436.5551 -922.3904
v  -144.2731 432.2914 -922.3904
v  62.2262 438.2671 -922.3904
v  55.6047 436.5138 -922.3904
v  55.6047 432.2851 -922.3904
v  81.6408 436.5517 -922.3904
v  81.6408 432.2914 -922.3904
v  74.6487 438.2181 -922.3904
v  62.2262 455.3409 -922.3905
v  62.2262 460.7034 -922.3905
v  62.2262 480.0390 -922.3906
v  74.6487 479.6581 -922.3906
v  81.6413 485.5890 -922.3906
v  81.6413 481.3155 -922.3906
v  59.1324 480.0092 -922.3906
v  56.7350 479.7108 -922.3906
v  54.5644 485.5890 -922.3906
v  54.5266 479.0841 -922.3906
v  52.4376 477.9301 -922.3906
v  50.6326 476.0736 -922.3906
v  49.4637 473.7358 -922.3906
v  49.2177 484.8190 -922.3906
v  44.2131 483.0654 -922.3906
v  37.7971 476.6066 -922.3906
v  40.5346 480.6272 -922.3906
v  36.7705 473.2274 -922.3906
v  36.7705 469.0356 -922.3905
v  39.8502 461.9352 -922.3905
v  37.7971 465.3143 -922.3905
v  49.1027 471.5355 -922.3906
v  49.1715 469.1977 -922.3905
v  49.8763 466.3786 -922.3905
v  51.1827 464.2298 -922.3905
v  43.0155 459.1976 -922.3905
v  46.9081 457.4151 -922.3905
v  59.5618 455.3409 -922.3905
v  36.2542 438.1323 -922.3904
v  28.9520 436.3170 -922.3904
v  28.9520 432.2946 -922.3904
v  47.4242 432.2946 -922.3904
v  52.9017 462.6140 -922.3905
v  55.5661 461.3248 -922.3905
v  58.7978 460.7231 -922.3905
v  122.7967 438.3062 -922.3904
v  115.4894 436.5554 -922.3904
v  115.4894 432.2944 -922.3904
v  141.2974 436.5479 -922.3904
v  141.2974 432.2944 -922.3904
v  135.9169 437.8544 -922.3904
v  139.1606 446.9842 -922.3904
v  141.0447 452.2219 -922.3905
v  146.9918 468.4539 -922.3905
v  139.8482 485.9617 -922.3906
v  164.6710 438.2999 -922.3904
v  146.4740 485.9617 -922.3906
v  153.0960 452.2363 -922.3905
v  155.1400 446.9842 -922.3904
v  158.5798 438.0776 -922.3904
v  152.1935 432.3100 -922.3904
v  152.1935 436.5429 -922.3904
v  172.1219 436.5491 -922.3904
v  172.1219 432.2914 -922.3904
v  20.2934 479.6484 -922.3906
v  27.2764 481.3186 -922.3906
v  27.2764 485.5845 -922.3906
v  7.8574 480.0168 -922.3906
v  2.9797 485.5845 -922.3906
v  4.5373 480.0168 -922.3906
v  20.2934 438.2188 -922.3904
v  7.8574 457.3374 -922.3905
v  7.8574 451.7768 -922.3905
v  7.8574 438.2797 -922.3904
v  -1.4103 436.5271 -922.3904
v  -1.4103 432.2993 -922.3904
v  27.2696 436.5571 -922.3904
v  27.2696 432.2914 -922.3904
v  1.8155 479.4152 -922.3906
v  -0.9635 477.9540 -922.3906
v  -2.8687 476.0488 -922.3906
v  -16.4108 462.8861 -922.3905
v  -0.1837 485.2960 -922.3906
v  -4.1727 484.6295 -922.3906
v  -13.7969 479.8471 -922.3906
v  -10.3512 482.4314 -922.3906
v  -16.4108 475.6292 -922.3906
v  -17.4802 470.4606 -922.3906
v  -17.3614 466.1238 -922.3905
v  -4.2869 473.1408 -922.3906
v  -4.8572 469.8972 -922.3905
v  -4.6077 466.0832 -922.3905
v  -3.7522 463.2316 -922.3905
v  -2.1838 460.8434 -922.3905
v  -0.0808 459.1324 -922.3905
v  2.6282 457.8848 -922.3905
v  -1.9152 452.5194 -922.3905
v  -13.9751 458.7870 -922.3905
v  -10.8562 456.0245 -922.3905
v  -6.4897 453.8264 -922.3905
v  5.9700 457.3155 -922.3905
v  4.3820 451.8065 -922.3905
v  -107.6543 485.5890 -940.5593
v  -80.5774 485.5890 -940.5593
v  -80.5774 481.3155 -940.5593
v  -87.5700 479.6581 -940.5593
v  -87.5700 438.2181 -940.5592
v  -80.5779 436.5517 -940.5592
v  -80.5779 432.2914 -940.5592
v  -106.6140 436.5138 -940.5592
v  -106.6140 432.2851 -940.5592
v  -99.9925 438.2671 -940.5592
v  -99.9925 455.3409 -940.5593
v  -99.9925 460.7034 -940.5593
v  -99.9925 480.0390 -940.5593
v  -103.0863 480.0092 -940.5593
v  -105.4837 479.7108 -940.5593
v  -102.6569 455.3409 -940.5593
v  -114.7945 432.2946 -940.5592
v  -133.2667 432.2946 -940.5592
v  -125.9645 438.1323 -940.5592
v  -133.2667 436.3170 -940.5592
v  -115.3106 457.4151 -940.5593
v  -111.0360 464.2298 -940.5593
v  -119.2032 459.1976 -940.5593
v  -122.3685 461.9352 -940.5593
v  -125.4482 469.0356 -940.5593
v  -124.4216 465.3143 -940.5593
v  -125.4482 473.2274 -940.5593
v  -124.4216 476.6066 -940.5593
v  -118.0055 483.0654 -940.5593
v  -121.6841 480.6272 -940.5593
v  -113.1159 471.5355 -940.5593
v  -113.0010 484.8190 -940.5593
v  -107.6921 479.0841 -940.5593
v  -109.7811 477.9301 -940.5593
v  -111.5861 476.0736 -940.5593
v  -112.7550 473.7358 -940.5593
v  -113.0472 469.1977 -940.5593
v  -112.3424 466.3786 -940.5593
v  -109.3170 462.6140 -940.5593
v  -106.6526 461.3248 -940.5593
v  -103.4209 460.7231 -940.5593
v  -48.9376 431.1384 -940.5592
v  -53.7273 431.5819 -940.5592
v  -58.8717 432.7349 -940.5592
v  -68.2736 439.1211 -940.5592
v  -63.6614 435.1298 -940.5592
v  -71.6441 444.1768 -940.5592
v  -73.6841 449.2326 -940.5592
v  -74.5711 463.7789 -940.5593
v  -74.6598 456.1510 -940.5593
v  -73.0633 470.1651 -940.5593
v  -70.3137 475.8417 -940.5593
v  -60.5570 484.4454 -940.5593
v  -65.9675 481.0749 -940.5593
v  -60.7767 469.6888 -940.5593
v  -54.9691 486.1306 -940.5593
v  -49.8246 486.6628 -940.5593
v  -51.7512 481.0669 -940.5593
v  -48.7143 481.4518 -940.5593
v  -54.4888 479.9120 -940.5593
v  -56.6703 478.1154 -940.5593
v  -59.1085 474.4796 -940.5593
v  -61.6749 464.6415 -940.5593
v  -62.0171 458.8669 -940.5593
v  -61.8033 453.4346 -940.5593
v  -60.7767 447.8311 -940.5592
v  -59.4079 443.9386 -940.5592
v  -57.3120 440.5167 -940.5592
v  -54.8310 438.2496 -940.5592
v  -52.8206 437.2230 -940.5592
v  -50.8102 436.6242 -940.5592
v  -48.9376 436.4305 -940.5592
v  -44.7689 486.5741 -940.5593
v  -39.6245 485.5984 -940.5593
v  -31.1095 481.2523 -940.5593
v  -35.4557 484.0019 -940.5593
v  -27.6503 477.2609 -940.5593
v  -24.8120 472.5599 -940.5593
v  -22.3285 460.4971 -940.5593
v  -22.9494 466.7059 -940.5593
v  -22.4172 454.7318 -940.5593
v  -23.8363 448.0795 -940.5592
v  -30.1338 437.6133 -940.5592
v  -26.2312 442.7577 -940.5592
v  -36.1386 448.1732 -940.5592
v  -35.0122 434.1541 -940.5592
v  -39.7131 432.2914 -940.5592
v  -44.3693 431.4464 -940.5592
v  -46.4424 436.5493 -940.5592
v  -43.7096 437.3513 -940.5592
v  -40.3732 439.7467 -940.5592
v  -37.8495 443.3825 -940.5592
v  -35.3686 453.3062 -940.5593
v  -35.0264 459.1663 -940.5593
v  -35.3686 465.2403 -940.5593
v  -36.3952 470.4588 -940.5593
v  -38.0634 474.9501 -940.5593
v  -40.4160 478.2010 -940.5593
v  -43.1963 480.2114 -940.5593
v  -46.2333 481.1952 -940.5593
v  113.1048 432.2914 -940.5592
v  86.7134 432.2921 -940.5592
v  86.7134 436.5556 -940.5592
v  106.1252 438.2275 -940.5592
v  93.7138 479.6455 -940.5593
v  86.7103 481.3212 -940.5593
v  86.7103 485.5877 -940.5593
v  113.1278 481.3218 -940.5593
v  113.1278 485.5877 -940.5593
v  106.1252 479.6407 -940.5593
v  93.7138 438.2341 -940.5592
v  113.1048 436.5571 -940.5592
v  -144.2731 432.2914 -940.5592
v  -170.7026 432.3118 -940.5592
v  -170.7026 436.5446 -940.5592
v  -151.2758 438.2264 -940.5592
v  -173.1279 479.7159 -940.5593
v  -176.2569 469.4384 -940.5593
v  -180.8887 469.4384 -940.5593
v  -180.8887 485.5810 -940.5593
v  -163.6974 479.7159 -940.5593
v  -151.2758 479.7303 -940.5593
v  -134.0727 485.5810 -940.5593
v  -134.0727 469.4497 -940.5593
v  -138.6498 469.4497 -940.5593
v  -141.7658 479.7303 -940.5593
v  -163.6974 438.2526 -940.5592
v  -144.2731 436.5551 -940.5592
v  54.5644 485.5890 -940.5593
v  81.6413 485.5890 -940.5593
v  81.6413 481.3155 -940.5593
v  74.6487 479.6581 -940.5593
v  74.6487 438.2181 -940.5592
v  81.6408 436.5517 -940.5592
v  81.6408 432.2914 -940.5592
v  55.6047 436.5138 -940.5592
v  55.6047 432.2851 -940.5592
v  62.2262 438.2671 -940.5592
v  62.2262 455.3409 -940.5593
v  62.2262 460.7034 -940.5593
v  62.2262 480.0390 -940.5593
v  59.1324 480.0092 -940.5593
v  56.7350 479.7108 -940.5593
v  59.5618 455.3409 -940.5593
v  47.4242 432.2946 -940.5592
v  28.9520 432.2946 -940.5592
v  36.2542 438.1323 -940.5592
v  28.9520 436.3170 -940.5592
v  46.9081 457.4151 -940.5593
v  51.1827 464.2298 -940.5593
v  43.0155 459.1976 -940.5593
v  39.8502 461.9352 -940.5593
v  36.7705 469.0356 -940.5593
v  37.7971 465.3143 -940.5593
v  36.7705 473.2274 -940.5593
v  37.7971 476.6066 -940.5593
v  44.2131 483.0654 -940.5593
v  40.5346 480.6272 -940.5593
v  49.1027 471.5355 -940.5593
v  49.2177 484.8190 -940.5593
v  54.5266 479.0841 -940.5593
v  52.4376 477.9301 -940.5593
v  50.6326 476.0736 -940.5593
v  49.4637 473.7358 -940.5593
v  49.1715 469.1977 -940.5593
v  49.8763 466.3786 -940.5593
v  52.9017 462.6140 -940.5593
v  55.5661 461.3248 -940.5593
v  58.7978 460.7231 -940.5593
v  122.7967 438.3062 -940.5592
v  139.8482 485.9617 -940.5593
v  146.9918 468.4539 -940.5593
v  141.0447 452.2219 -940.5593
v  139.1606 446.9842 -940.5592
v  135.9169 437.8544 -940.5592
v  141.2974 436.5479 -940.5592
v  141.2974 432.2944 -940.5592
v  115.4894 432.2944 -940.5592
v  115.4894 436.5554 -940.5592
v  172.1219 432.2914 -940.5592
v  152.1935 432.3100 -940.5592
v  152.1935 436.5429 -940.5592
v  164.6710 438.2999 -940.5592
v  155.1400 446.9842 -940.5592
v  153.0960 452.2363 -940.5593
v  158.5798 438.0776 -940.5592
v  146.4740 485.9617 -940.5593
v  172.1219 436.5491 -940.5592
v  27.2696 432.2914 -940.5592
v  -1.4103 432.2993 -940.5592
v  -1.4103 436.5271 -940.5592
v  20.2934 438.2188 -940.5592
v  7.8574 480.0168 -940.5593
v  4.5373 480.0168 -940.5593
v  2.9798 485.5845 -940.5593
v  27.2764 481.3186 -940.5593
v  27.2764 485.5845 -940.5593
v  20.2934 479.6484 -940.5593
v  7.8574 457.3374 -940.5593
v  7.8574 451.7768 -940.5593
v  7.8574 438.2797 -940.5592
v  27.2696 436.5571 -940.5592
v  4.3820 451.8065 -940.5593
v  -1.9152 452.5194 -940.5593
v  -10.8562 456.0245 -940.5593
v  -6.4897 453.8264 -940.5593
v  -13.9751 458.7870 -940.5593
v  -16.4108 462.8861 -940.5593
v  -17.4802 470.4606 -940.5593
v  -17.3614 466.1238 -940.5593
v  -2.1838 460.8434 -940.5593
v  -16.4108 475.6292 -940.5593
v  -13.7969 479.8471 -940.5593
v  -4.1727 484.6295 -940.5593
v  -10.3512 482.4314 -940.5593
v  -0.1837 485.2960 -940.5593
v  1.8155 479.4152 -940.5593
v  -0.9635 477.9540 -940.5593
v  -2.8687 476.0488 -940.5593
v  -4.2869 473.1408 -940.5593
v  -4.8572 469.8972 -940.5593
v  -4.6077 466.0832 -940.5593
v  -3.7522 463.2316 -940.5593
v  -0.0808 459.1324 -940.5593
v  2.6282 457.8848 -940.5593
v  5.9700 457.3155 -940.5593
v  608.5732 256.7932 928.4435
v  608.5731 0.1612 890.4443
v  606.9983 0.1612 890.4443
v  606.9983 256.7932 928.4435
v  608.5732 257.2089 936.1583
v  608.5732 0.1612 898.0975
v  606.9983 0.1612 898.0975
v  606.9984 257.2089 936.1583
v  687.3133 256.7932 928.4435
v  687.3132 0.1612 890.4443
v  685.7385 0.1612 890.4443
v  685.7385 256.7932 928.4435
v  687.3133 257.2089 936.1583
v  687.3133 0.1612 898.0975
v  685.7385 0.1612 898.0975
v  685.7385 257.2089 936.1583
v  766.0535 256.7933 928.4437
v  766.0534 0.1612 890.4445
v  764.4786 0.1612 890.4445
v  764.4786 256.7933 928.4437
v  766.0535 257.2089 936.1583
v  766.0535 0.1612 898.0975
v  764.4786 0.1612 898.0975
v  764.4786 257.2089 936.1583
v  844.7936 256.7932 928.4437
v  844.7936 0.1612 890.4445
v  843.2187 0.1612 890.4445
v  843.2187 256.7932 928.4437
v  844.7936 257.2089 936.1583
v  844.7936 0.1612 898.0975
v  843.2187 0.1612 898.0975
v  843.2187 257.2089 936.1583
v  923.5337 256.7933 928.4437
v  923.5337 0.1612 890.4445
v  921.9589 0.1612 890.4445
v  921.9589 256.7933 928.4437
v  923.5337 257.2089 936.1583
v  923.5337 0.1612 898.0975
v  921.9589 0.1612 898.0975
v  921.9589 257.2089 936.1583
v  1002.2739 256.7932 928.4437
v  1002.2739 0.1612 890.4445
v  1000.6991 0.1612 890.4445
v  1000.6991 256.7932 928.4437
v  1002.2739 257.2089 936.1583
v  1002.2739 0.1612 898.0975
v  1000.6991 0.1612 898.0975
v  1000.6991 257.2089 936.1583
v  1081.0142 256.7932 928.4437
v  1081.0142 0.1612 890.4445
v  1079.4392 0.1612 890.4445
v  1079.4392 256.7932 928.4437
v  1081.0142 257.2089 936.1583
v  1081.0142 0.1612 898.0975
v  1079.4392 0.1612 898.0975
v  1079.4392 257.2089 936.1583
v  1159.7542 256.7932 928.4437
v  1159.7542 0.1612 890.4445
v  1158.1793 0.1612 890.4445
v  1158.1793 256.7932 928.4437
v  1159.7542 257.2089 936.1583
v  1159.7542 0.1612 898.0975
v  1158.1793 0.1612 898.0975
v  1158.1793 257.2089 936.1583
v  1238.4944 256.7932 928.4437
v  1238.4944 0.1612 890.4445
v  1236.9196 0.1612 890.4445
v  1236.9196 256.7932 928.4437
v  1238.4944 257.2089 936.1583
v  1238.4944 0.1612 898.0975
v  1236.9196 0.1612 898.0975
v  1236.9196 257.2089 936.1583
v  1317.2345 256.7932 928.4437
v  1317.2345 0.1612 890.4445
v  1315.6598 0.1612 890.4445
v  1315.6598 256.7932 928.4437
v  1317.2345 257.2089 936.1584
v  1317.2345 0.1612 898.0977
v  1315.6598 0.1612 898.0977
v  1315.6598 257.2089 936.1584
v  1395.9746 256.7932 928.4437
v  1395.9746 0.1612 890.4445
v  1394.4000 0.1612 890.4445
v  1394.4000 256.7932 928.4437
v  1395.9746 257.2089 936.1584
v  1395.9746 0.1612 898.0977
v  1394.4000 0.1612 898.0977
v  1394.4000 257.2089 936.1584
v  1474.7148 256.7932 928.4437
v  1474.7148 0.1612 890.4445
v  1473.1401 0.1612 890.4445
v  1473.1401 256.7932 928.4437
v  1474.7148 257.2089 936.1584
v  1474.7148 0.1612 898.0977
v  1473.1401 0.1612 898.0977
v  1473.1401 257.2089 936.1584
v  1553.4553 256.7932 928.4437
v  1553.4554 0.1612 890.4445
v  1551.8806 0.1612 890.4445
v  1551.8805 256.7932 928.4437
v  1553.4553 257.2089 936.1584
v  1553.4554 0.1612 898.0977
v  1551.8806 0.1612 898.0977
v  1551.8805 257.2089 936.1584
v  475.5462 256.7932 928.4435
v  475.5461 0.1612 890.4445
v  473.9713 0.1612 890.4445
v  473.9713 256.7932 928.4435
v  475.5462 257.2089 936.1583
v  475.5462 0.1612 898.0977
v  473.9713 0.1612 898.0977
v  473.9714 257.2089 936.1583
v  396.8059 256.7933 928.4435
v  396.8059 0.1612 890.4445
v  395.2311 0.1612 890.4445
v  395.2311 256.7933 928.4435
v  396.8059 257.2089 936.1583
v  396.8059 0.1612 898.0977
v  395.2311 0.1612 898.0977
v  395.2312 257.2089 936.1583
v  318.0658 256.7932 928.4435
v  318.0658 0.1612 890.4445
v  316.4910 0.1612 890.4445
v  316.4910 256.7932 928.4435
v  318.0658 257.2089 936.1583
v  318.0658 0.1612 898.0977
v  316.4910 0.1612 898.0977
v  316.4910 257.2089 936.1583
v  239.3257 256.7933 928.4435
v  239.3257 0.1612 890.4445
v  237.7508 0.1612 890.4445
v  237.7508 256.7933 928.4435
v  239.3256 257.2089 936.1582
v  239.3257 0.1612 898.0977
v  237.7508 0.1612 898.0977
v  237.7508 257.2089 936.1582
v  160.5855 256.7933 928.4435
v  160.5855 0.1612 890.4445
v  159.0107 0.1612 890.4445
v  159.0107 256.7933 928.4435
v  160.5855 257.2089 936.1582
v  160.5855 0.1612 898.0977
v  159.0107 0.1612 898.0977
v  159.0107 257.2089 936.1582
v  81.8453 256.7933 928.4435
v  81.8454 0.1612 890.4445
v  80.2705 0.1612 890.4445
v  80.2705 256.7933 928.4435
v  81.8453 257.2089 936.1582
v  81.8454 0.1612 898.0977
v  80.2705 0.1612 898.0977
v  80.2705 257.2089 936.1582
v  3.1052 256.7933 928.4435
v  3.1052 0.1612 890.4445
v  1.5304 0.1612 890.4445
v  1.5304 256.7933 928.4435
v  3.1052 257.2089 936.1582
v  3.1052 0.1612 898.0977
v  1.5304 0.1612 898.0977
v  1.5304 257.2089 936.1582
v  -75.6350 256.7933 928.4435
v  -75.6350 0.1612 890.4445
v  -77.2098 0.1612 890.4445
v  -77.2098 256.7933 928.4435
v  -75.6350 257.2089 936.1582
v  -75.6350 0.1612 898.0977
v  -77.2098 0.1612 898.0977
v  -77.2098 257.2089 936.1582
v  -154.3751 256.7933 928.4435
v  -154.3751 0.1612 890.4445
v  -155.9499 0.1612 890.4445
v  -155.9499 256.7933 928.4435
v  -154.3751 257.2089 936.1582
v  -154.3751 0.1612 898.0977
v  -155.9499 0.1612 898.0977
v  -155.9499 257.2089 936.1582
v  -233.1153 256.7933 928.4435
v  -233.1153 0.1612 890.4445
v  -234.6901 0.1612 890.4445
v  -234.6901 256.7933 928.4435
v  -233.1153 257.2089 936.1582
v  -233.1153 0.1612 898.0977
v  -234.6901 0.1612 898.0977
v  -234.6901 257.2089 936.1582
v  -311.8554 256.7933 928.4434
v  -311.8554 0.1612 890.4443
v  -313.4302 0.1612 890.4443
v  -313.4302 256.7933 928.4434
v  -311.8555 257.2089 936.1581
v  -311.8554 0.1612 898.0975
v  -313.4302 0.1612 898.0975
v  -313.4303 257.2089 936.1581
v  -390.5956 256.7933 928.4434
v  -390.5956 0.1612 890.4443
v  -392.1704 0.1612 890.4443
v  -392.1704 256.7933 928.4434
v  -390.5956 257.2089 936.1581
v  -390.5956 0.1612 898.0975
v  -392.1704 0.1612 898.0975
v  -392.1704 257.2089 936.1581
v  -469.3358 256.7933 928.4434
v  -469.3358 0.1612 890.4443
v  -470.9106 0.1612 890.4443
v  -470.9106 256.7933 928.4434
v  -469.3358 257.2089 936.1581
v  -469.3358 0.1612 898.0975
v  -470.9106 0.1612 898.0975
v  -470.9106 257.2089 936.1581
v  -1559.7827 256.7933 928.4433
v  -1559.7826 0.1612 890.4442
v  -1561.3574 0.1612 890.4442
v  -1561.3575 256.7933 928.4433
v  -1559.7827 257.2089 936.1581
v  -1559.7826 0.1612 898.0975
v  -1561.3574 0.1612 898.0975
v  -1561.3575 257.2089 936.1581
v  -1481.0426 256.7933 928.4433
v  -1481.0426 0.1612 890.4442
v  -1482.6172 0.1612 890.4442
v  -1482.6172 256.7933 928.4433
v  -1481.0426 257.2089 936.1581
v  -1481.0426 0.1612 898.0975
v  -1482.6172 0.1612 898.0975
v  -1482.6172 257.2089 936.1581
v  -1402.3022 256.7933 928.4433
v  -1402.3022 0.1612 890.4442
v  -1403.8771 0.1612 890.4442
v  -1403.8771 256.7933 928.4433
v  -1402.3022 257.2089 936.1581
v  -1402.3022 0.1612 898.0975
v  -1403.8771 0.1612 898.0975
v  -1403.8771 257.2089 936.1581
v  -1323.5623 256.7933 928.4433
v  -1323.5623 0.1612 890.4442
v  -1325.1370 0.1612 890.4442
v  -1325.1370 256.7933 928.4433
v  -1323.5623 257.2089 936.1581
v  -1323.5623 0.1612 898.0975
v  -1325.1370 0.1612 898.0975
v  -1325.1370 257.2089 936.1581
v  -1244.8220 256.7933 928.4433
v  -1244.8220 0.1612 890.4442
v  -1246.3969 0.1612 890.4442
v  -1246.3969 256.7933 928.4433
v  -1244.8220 257.2089 936.1581
v  -1244.8220 0.1612 898.0975
v  -1246.3969 0.1612 898.0975
v  -1246.3969 257.2089 936.1581
v  -1166.0818 256.7933 928.4434
v  -1166.0818 0.1612 890.4443
v  -1167.6566 0.1612 890.4443
v  -1167.6566 256.7933 928.4434
v  -1166.0818 257.2089 936.1582
v  -1166.0818 0.1612 898.0977
v  -1167.6566 0.1612 898.0977
v  -1167.6566 257.2089 936.1582
v  -1087.3417 256.7933 928.4434
v  -1087.3417 0.1612 890.4443
v  -1088.9165 0.1612 890.4443
v  -1088.9165 256.7933 928.4434
v  -1087.3417 257.2089 936.1582
v  -1087.3417 0.1612 898.0977
v  -1088.9165 0.1612 898.0977
v  -1088.9165 257.2089 936.1582
v  -1008.6016 256.7933 928.4434
v  -1008.6016 0.1612 890.4443
v  -1010.1764 0.1612 890.4443
v  -1010.1764 256.7933 928.4434
v  -1008.6016 257.2089 936.1582
v  -1008.6016 0.1612 898.0977
v  -1010.1764 0.1612 898.0977
v  -1010.1764 257.2089 936.1582
v  -929.8613 256.7933 928.4434
v  -929.8613 0.1612 890.4443
v  -931.4362 0.1612 890.4443
v  -931.4362 256.7933 928.4434
v  -929.8613 257.2089 936.1582
v  -929.8613 0.1612 898.0977
v  -931.4362 0.1612 898.0977
v  -931.4362 257.2089 936.1582
v  -851.1212 256.7933 928.4434
v  -851.1212 0.1612 890.4443
v  -852.6960 0.1612 890.4443
v  -852.6960 256.7933 928.4434
v  -851.1212 257.2089 936.1582
v  -851.1212 0.1612 898.0977
v  -852.6960 0.1612 898.0977
v  -852.6960 257.2089 936.1582
v  -772.3810 256.7933 928.4434
v  -772.3810 0.1612 890.4443
v  -773.9558 0.1612 890.4443
v  -773.9558 256.7933 928.4434
v  -772.3810 257.2089 936.1582
v  -772.3810 0.1612 898.0977
v  -773.9558 0.1612 898.0977
v  -773.9557 257.2089 936.1582
v  -693.6408 256.7933 928.4434
v  -693.6409 0.1612 890.4443
v  -695.2156 0.1612 890.4443
v  -695.2156 256.7933 928.4434
v  -693.6408 257.2089 936.1583
v  -693.6408 0.1612 898.0977
v  -695.2156 0.1612 898.0977
v  -695.2156 257.2089 936.1583
v  -614.9006 256.7933 928.4434
v  -614.9007 0.1612 890.4443
v  -616.4754 0.1612 890.4443
v  -616.4754 256.7933 928.4434
v  -614.9006 257.2089 936.1583
v  -614.9006 0.1612 898.0977
v  -616.4754 0.1612 898.0977
v  -616.4754 257.2089 936.1583
v  -536.1605 256.7933 928.4434
v  -536.1605 0.1612 890.4443
v  -537.7353 0.1612 890.4443
v  -537.7353 256.7933 928.4434
v  -536.1605 257.2089 936.1581
v  -536.1605 0.1612 898.0975
v  -537.7353 0.1612 898.0975
v  -537.7353 257.2089 936.1581
v  1617.2955 226.7875 931.9817
v  -1622.4683 226.7875 931.9815
v  -1622.4683 224.6222 931.9815
v  1617.2955 224.6221 931.9817
v  -1622.4683 226.7875 930.0128
v  -1622.4683 224.6222 930.0128
v  1617.2955 226.7875 930.0132
v  1617.2955 224.6221 930.0132
v  1617.2955 183.4804 925.2773
v  -1622.4683 183.4804 925.2773
v  -1622.4683 181.3151 925.2773
v  1617.2955 181.3150 925.2773
v  -1622.4683 183.4804 923.3086
v  -1622.4683 181.3151 923.3086
v  1617.2955 183.4804 923.3089
v  1617.2955 181.3150 923.3089
v  1617.2955 140.1733 918.9015
v  -1622.4683 140.1733 918.9012
v  -1622.4683 138.0080 918.9012
v  1617.2955 138.0080 918.9015
v  -1622.4683 140.1733 916.9327
v  -1622.4683 138.0080 916.9327
v  1617.2955 140.1733 916.9328
v  1617.2955 138.0080 916.9328
v  1617.2955 96.8662 912.4760
v  -1622.4683 96.8662 912.4755
v  -1622.4683 94.7009 912.4755
v  1617.2955 94.7009 912.4760
v  -1622.4683 96.8662 910.5070
v  -1622.4683 94.7009 910.5070
v  1617.2955 96.8662 910.5073
v  1617.2955 94.7009 910.5073
v  1617.2955 53.5591 905.8051
v  -1622.4683 53.5591 905.8047
v  -1622.4683 51.3938 905.8047
v  1617.2955 51.3938 905.8051
v  -1622.4683 53.5591 903.8363
v  -1622.4683 51.3938 903.8363
v  1617.2955 53.5591 903.8364
v  1617.2955 51.3938 903.8364
v  -1617.6614 256.7933 931.9108
v  -1617.6613 0.1612 893.9117
v  -1629.0894 0.1612 893.9117
v  -1629.0895 256.7933 931.9108
v  -1617.6614 257.2089 939.6256
v  -1617.6613 0.1612 901.5651
v  -1629.0894 0.1612 901.5651
v  -1629.0895 257.2089 939.6256
v  -1651.2682 0.1611 284.1212
v  -1651.2682 125.7039 318.3627
v  -1517.4272 125.7039 318.3627
v  -1517.4272 63.0768 301.2813
v  -1500.2683 63.0768 301.2813
v  -1500.2683 125.7039 318.3627
v  -1431.6329 125.7039 318.3627
v  -1431.6329 63.0768 301.2813
v  -1414.4741 63.0768 301.2814
v  -1414.4741 125.7039 318.3627
v  -1345.8387 125.7039 318.3627
v  -1345.8387 63.0768 301.2814
v  -1328.6799 63.0768 301.2814
v  -1328.6798 125.7039 318.3627
v  -1260.0444 125.7039 318.3626
v  -1260.0446 63.0768 301.2813
v  -1242.8857 63.0768 301.2813
v  -1242.8859 125.7039 318.3626
v  -1174.2502 125.7039 318.3626
v  -1174.2504 63.0768 301.2814
v  -1157.0916 63.0768 301.2814
v  -1157.0914 125.7039 318.3626
v  -1088.4558 125.7039 318.3626
v  -1088.4559 63.0768 301.2813
v  -1071.2971 63.0768 301.2813
v  -1071.2971 125.7039 318.3626
v  -1002.6617 125.7039 318.3626
v  -1002.6617 63.0768 301.2813
v  -985.5029 63.0768 301.2813
v  -985.5029 125.7039 318.3626
v  -916.8676 125.7039 318.3626
v  -916.8676 63.0768 301.2813
v  -899.7087 63.0768 301.2813
v  -899.7087 125.7039 318.3626
v  -831.0732 125.7039 318.3627
v  -831.0732 63.0768 301.2813
v  -813.9144 63.0768 301.2813
v  -813.9144 125.7038 318.3627
v  -745.2788 125.7039 318.3627
v  -745.2788 63.0768 301.2813
v  -728.1200 63.0768 301.2813
v  -728.1200 125.7039 318.3627
v  -659.4846 125.7038 318.3627
v  -659.4846 63.0768 301.2813
v  -642.3258 63.0768 301.2813
v  -642.3258 125.7038 318.3626
v  -508.4706 125.7038 318.3626
v  -508.4706 0.1611 284.1212
v  -1651.2682 0.1611 297.1119
v  -508.4706 0.1611 297.1119
v  -1651.2683 305.5026 1007.8502
v  -1651.2682 248.8342 476.3915
v  -1651.2682 241.6902 440.4992
v  -1651.2682 236.2800 485.9579
v  -1651.2682 230.0888 407.4206
v  -1651.2682 214.4760 378.4269
v  -1651.2682 173.7470 336.9516
v  -1651.2682 195.4517 354.6324
v  -1651.2682 150.1961 326.0638
v  -1651.2682 113.1496 327.9293
v  -1651.2683 137.6418 335.6302
v  -1651.2682 161.1928 346.5181
v  -1651.2682 182.8974 364.1990
v  -1651.2682 201.9217 387.9935
v  -1651.2682 217.5346 416.9872
v  -1651.2682 229.1359 450.0658
v  -1651.2683 291.9283 1007.8502
v  -1517.4272 150.1961 326.0637
v  -1517.4272 63.0768 304.9775
v  -1500.2683 63.0768 304.9775
v  -1500.2683 297.5907 933.6490
v  -1500.2683 248.8342 476.3914
v  -1500.2682 241.6901 440.4990
v  -1500.2683 244.1444 478.8085
v  -1500.2682 230.0888 407.4207
v  -1500.2682 214.4759 378.4270
v  -1500.2682 225.3990 409.8376
v  -1500.2683 195.4517 354.6324
v  -1500.2683 173.7470 336.9517
v  -1500.2683 190.7618 357.0496
v  -1500.2683 150.1961 326.0637
v  -1500.2683 121.0141 320.7797
v  -1500.2683 145.5062 328.4807
v  -1500.2683 169.0572 339.3686
v  -1500.2682 209.7861 380.8440
v  -1500.2682 237.0004 442.9160
v  -1500.2683 292.6432 933.6490
v  -1431.6329 150.1960 326.0637
v  -1431.6329 63.0768 304.9775
v  -1414.4741 63.0768 304.9775
v  -1414.4741 150.1960 326.0637
v  -1345.8387 150.1961 326.0638
v  -1345.8387 145.5062 328.4807
v  -1345.8387 173.7470 336.9517
v  -1345.8387 195.4517 354.6324
v  -1345.8387 169.0572 339.3685
v  -1345.8387 214.4759 378.4269
v  -1345.8386 230.0888 407.4206
v  -1345.8387 209.7861 380.8440
v  -1345.8386 241.6902 440.4991
v  -1345.8387 248.8342 476.3914
v  -1345.8387 244.1444 478.8084
v  -1345.8387 297.5906 933.6490
v  -1345.8387 292.6431 933.6490
v  -1345.8386 237.0003 442.9160
v  -1345.8386 225.3990 409.8375
v  -1345.8387 190.7618 357.0494
v  -1345.8387 121.0141 320.7797
v  -1345.8387 63.0768 304.9775
v  -1328.6799 63.0768 304.9775
v  -1328.6799 150.1961 326.0637
v  -1260.0444 150.1960 326.0636
v  -1260.0446 63.0768 304.9774
v  -1242.8857 63.0768 304.9774
v  -1242.8857 150.1960 326.0636
v  -1174.2504 150.1960 326.0636
v  -1174.2504 63.0768 304.9774
v  -1157.0916 63.0768 304.9774
v  -1157.0914 150.1960 326.0636
v  -1088.4559 150.1960 326.0636
v  -1088.4559 63.0768 304.9774
v  -1071.2971 63.0768 304.9774
v  -1071.2971 150.1960 326.0636
v  -1002.6617 150.1960 326.0636
v  -1002.6617 145.5062 328.4807
v  -1002.6617 173.7470 336.9515
v  -1002.6617 195.4516 354.6324
v  -1002.6617 169.0572 339.3685
v  -1002.6617 214.4759 378.4269
v  -1002.6617 230.0887 407.4206
v  -1002.6617 209.7861 380.8439
v  -1002.6617 241.6901 440.4991
v  -1002.6617 248.8342 476.3914
v  -1002.6617 244.1444 478.8085
v  -1002.6616 297.5906 933.6490
v  -1002.6616 292.6431 933.6490
v  -1002.6617 237.0003 442.9161
v  -1002.6617 225.3989 409.8376
v  -1002.6617 190.7618 357.0494
v  -1002.6617 121.0141 320.7796
v  -1002.6617 63.0768 304.9774
v  -985.5029 63.0768 304.9774
v  -985.5027 297.5906 933.6490
v  -985.5029 248.8342 476.3914
v  -985.5029 241.6901 440.4991
v  -985.5029 244.1444 478.8085
v  -985.5029 230.0888 407.4206
v  -985.5029 214.4759 378.4269
v  -985.5029 225.3990 409.8375
v  -985.5029 195.4516 354.6324
v  -985.5029 173.7470 336.9515
v  -985.5029 190.7618 357.0494
v  -985.5029 150.1960 326.0636
v  -985.5029 121.0141 320.7796
v  -985.5029 145.5062 328.4807
v  -985.5029 169.0572 339.3685
v  -985.5029 209.7862 380.8439
v  -985.5029 237.0004 442.9161
v  -985.5027 292.6432 933.6490
v  -916.8674 150.1960 326.0636
v  -916.8674 145.5062 328.4807
v  -916.8674 173.7469 336.9515
v  -916.8674 195.4516 354.6324
v  -916.8674 169.0572 339.3685
v  -916.8674 214.4759 378.4268
v  -916.8674 230.0888 407.4206
v  -916.8674 209.7861 380.8439
v  -916.8674 241.6901 440.4991
v  -916.8674 248.8342 476.3914
v  -916.8674 244.1444 478.8084
v  -916.8674 297.5906 933.6487
v  -916.8674 292.6431 933.6487
v  -916.8674 237.0003 442.9161
v  -916.8674 225.3990 409.8375
v  -916.8674 190.7618 357.0493
v  -916.8676 121.0141 320.7796
v  -916.8676 63.0768 304.9774
v  -899.7087 63.0768 304.9774
v  -899.7087 150.1960 326.0636
v  -831.0732 150.1960 326.0637
v  -831.0732 145.5062 328.4807
v  -831.0732 173.7469 336.9515
v  -831.0732 195.4516 354.6324
v  -831.0732 169.0572 339.3686
v  -831.0732 214.4759 378.4268
v  -831.0732 230.0887 407.4205
v  -831.0732 209.7861 380.8440
v  -831.0732 241.6901 440.4991
v  -831.0732 248.8342 476.3915
v  -831.0732 244.1444 478.8084
v  -831.0731 297.5906 933.6487
v  -831.0731 292.6432 933.6487
v  -831.0732 237.0003 442.9161
v  -831.0732 225.3989 409.8375
v  -831.0732 190.7618 357.0494
v  -831.0732 121.0141 320.7796
v  -831.0732 63.0768 304.9774
v  -813.9144 63.0768 304.9774
v  -813.9142 297.5906 933.6487
v  -813.9144 248.8342 476.3915
v  -813.9144 241.6901 440.4991
v  -813.9144 244.1444 478.8084
v  -813.9144 230.0887 407.4205
v  -813.9144 214.4759 378.4268
v  -813.9144 225.3990 409.8375
v  -813.9144 195.4516 354.6324
v  -813.9144 173.7469 336.9514
v  -813.9144 190.7618 357.0493
v  -813.9144 150.1960 326.0637
v  -813.9144 121.0141 320.7796
v  -813.9144 145.5062 328.4807
v  -813.9144 169.0572 339.3685
v  -813.9144 209.7862 380.8440
v  -813.9144 237.0004 442.9161
v  -813.9142 292.6432 933.6487
v  -745.2788 150.1960 326.0637
v  -745.2788 63.0768 304.9775
v  -728.1200 63.0768 304.9775
v  -728.1200 150.1960 326.0637
v  -659.4846 150.1960 326.0637
v  -659.4846 63.0768 304.9775
v  -642.3258 63.0768 304.9774
v  -642.3256 297.5906 933.6491
v  -642.3257 248.8342 476.3915
v  -642.3256 241.6901 440.4990
v  -642.3257 244.1444 478.8084
v  -642.3256 230.0887 407.4205
v  -642.3256 214.4759 378.4268
v  -642.3256 225.3990 409.8375
v  -642.3257 195.4516 354.6324
v  -642.3257 173.7469 336.9514
v  -642.3257 190.7618 357.0493
v  -642.3258 150.1960 326.0637
v  -642.3258 121.0141 320.7795
v  -642.3258 145.5062 328.4806
v  -642.3257 169.0572 339.3685
v  -642.3256 209.7862 380.8438
v  -642.3256 237.0004 442.9161
v  -642.3256 292.6432 933.6491
v  -508.4706 150.1960 326.0637
v  -508.4706 113.1496 327.9291
v  -508.4706 137.6417 335.6302
v  -508.4706 195.4516 354.6324
v  -508.4706 173.7469 336.9515
v  -508.4706 161.1927 346.5180
v  -508.4706 182.8973 364.1990
v  -508.4707 201.9216 387.9933
v  -508.4707 217.5344 416.9870
v  -508.4708 248.8342 476.3914
v  -508.4707 214.4759 378.4269
v  -508.4707 230.0887 407.4205
v  -508.4707 241.6901 440.4990
v  -508.4707 229.1358 450.0656
v  -508.4707 236.2799 485.9579
v  -508.4706 291.9282 1007.8502
v  -508.4706 305.5025 1007.8502
v  -659.4846 297.5906 933.6491
v  -659.4846 248.8342 476.3915
v  -728.1200 248.8342 476.3915
v  -728.1199 297.5906 933.6491
v  -745.2788 297.5906 933.6488
v  -745.2788 248.8342 476.3915
v  -899.7086 248.8342 476.3914
v  -899.7085 297.5906 933.6487
v  -1071.2972 248.8342 476.3914
v  -1071.2971 297.5906 933.6490
v  -1088.4559 297.5906 933.6490
v  -1088.4563 248.8342 476.3914
v  -1157.0917 248.8342 476.3914
v  -1157.0914 297.5906 933.6490
v  -1174.2502 297.6157 933.6490
v  -1174.2504 248.8342 476.3914
v  -1242.8857 248.8342 476.3914
v  -1242.8856 297.5906 933.6490
v  -1260.0444 297.5906 933.6490
v  -1260.0447 248.8342 476.3914
v  -1328.6801 248.8342 476.3914
v  -1328.6798 297.5906 933.6490
v  -1414.4741 248.8342 476.3914
v  -1414.4741 297.5907 933.6490
v  -1431.6329 297.5907 933.6490
v  -1431.6331 248.8342 476.3914
v  -1517.4272 297.5907 933.6490
v  -1517.4272 248.8342 476.3914
v  -1517.4272 241.6901 440.4990
v  -1517.4272 230.0888 407.4207
v  -1517.4272 214.4760 378.4270
v  -1517.4272 195.4517 354.6324
v  -1517.4272 173.7470 336.9517
v  -1517.4272 145.5062 328.4807
v  -1517.4272 169.0572 339.3686
v  -1517.4272 209.7861 380.8440
v  -1517.4272 244.1444 478.8085
v  -1517.4272 292.6432 933.6490
v  -1517.4272 237.0003 442.9160
v  -1517.4272 225.3990 409.8376
v  -1517.4272 190.7618 357.0496
v  -1517.4272 121.0141 320.7797
v  -1431.6329 241.6902 440.4990
v  -1431.6329 230.0888 407.4206
v  -1431.6329 214.4759 378.4269
v  -1431.6329 195.4517 354.6324
v  -1431.6329 173.7470 336.9517
v  -1431.6329 145.5062 328.4807
v  -1431.6329 169.0572 339.3686
v  -1431.6329 209.7861 380.8439
v  -1431.6329 244.1444 478.8085
v  -1431.6329 292.6432 933.6490
v  -1431.6329 237.0003 442.9160
v  -1431.6329 225.3990 409.8376
v  -1431.6329 190.7618 357.0495
v  -1431.6329 121.0141 320.7797
v  -1414.4741 244.1444 478.8084
v  -1414.4741 292.6432 933.6490
v  -1414.4740 241.6902 440.4990
v  -1414.4740 237.0004 442.9160
v  -1414.4740 225.3990 409.8376
v  -1414.4740 230.0888 407.4206
v  -1414.4740 214.4759 378.4269
v  -1414.4740 209.7862 380.8439
v  -1414.4741 190.7618 357.0495
v  -1414.4741 195.4517 354.6324
v  -1414.4741 173.7470 336.9517
v  -1414.4741 169.0572 339.3686
v  -1414.4741 145.5062 328.4807
v  -1414.4741 121.0141 320.7797
v  -1328.6798 292.6432 933.6490
v  -1328.6799 244.1444 478.8085
v  -1328.6798 237.0004 442.9162
v  -1328.6798 225.3990 409.8375
v  -1328.6799 209.7861 380.8440
v  -1328.6799 190.7618 357.0494
v  -1328.6799 169.0572 339.3684
v  -1328.6799 145.5062 328.4807
v  -1328.6799 121.0141 320.7797
v  -1328.6801 241.6902 440.4991
v  -1328.6801 230.0888 407.4206
v  -1328.6801 214.4759 378.4269
v  -1328.6801 195.4517 354.6324
v  -1328.6801 173.7470 336.9517
v  -1260.0446 173.7470 336.9515
v  -1260.0446 145.5062 328.4807
v  -1260.0446 195.4516 354.6324
v  -1260.0446 169.0572 339.3684
v  -1260.0447 214.4759 378.4269
v  -1260.0447 230.0888 407.4205
v  -1260.0446 209.7861 380.8439
v  -1260.0447 241.6901 440.4991
v  -1260.0446 244.1444 478.8085
v  -1260.0444 292.6432 933.6490
v  -1260.0444 237.0003 442.9161
v  -1260.0444 225.3989 409.8375
v  -1260.0446 190.7618 357.0494
v  -1260.0446 121.0141 320.7797
v  -1242.8857 121.0141 320.7797
v  -1174.2504 121.0141 320.7797
v  -1174.2504 145.5062 328.4808
v  -1174.2504 173.7470 336.9515
v  -1174.2504 195.4516 354.6324
v  -1174.2504 169.0572 339.3686
v  -1174.2504 214.4759 378.4269
v  -1174.2504 230.0888 407.4206
v  -1174.2504 209.7861 380.8439
v  -1174.2504 241.6901 440.4991
v  -1174.2504 244.1444 478.8085
v  -1174.2502 292.6432 933.6490
v  -1174.2504 237.0003 442.9161
v  -1174.2504 225.3989 409.8376
v  -1174.2504 190.7618 357.0494
v  -1242.8857 173.7470 336.9515
v  -1157.0914 121.0141 320.7797
v  -1157.0916 173.7469 336.9515
v  -1088.4562 173.7470 336.9515
v  -1088.4559 145.5062 328.4807
v  -1088.4562 195.4516 354.6324
v  -1088.4559 169.0572 339.3686
v  -1088.4563 214.4759 378.4269
v  -1088.4563 230.0888 407.4207
v  -1088.4559 209.7861 380.8439
v  -1088.4563 241.6902 440.4991
v  -1088.4559 244.1444 478.8085
v  -1088.4559 292.6432 933.6490
v  -1088.4559 237.0003 442.9161
v  -1088.4559 225.3989 409.8377
v  -1088.4559 190.7618 357.0494
v  -1088.4559 121.0141 320.7796
v  -1071.2971 121.0141 320.7796
v  -1071.2972 173.7470 336.9515
v  -1071.2972 195.4516 354.6324
v  -1071.2974 214.4759 378.4269
v  -1071.2974 230.0887 407.4207
v  -1071.2972 241.6901 440.4991
v  -899.7085 292.6432 933.6487
v  -899.7086 244.1444 478.8084
v  -899.7086 237.0004 442.9161
v  -899.7086 225.3990 409.8375
v  -899.7086 209.7862 380.8439
v  -899.7086 190.7618 357.0493
v  -899.7087 169.0572 339.3685
v  -899.7087 145.5062 328.4807
v  -899.7087 121.0141 320.7796
v  -899.7086 241.6901 440.4991
v  -899.7086 230.0888 407.4206
v  -899.7086 214.4759 378.4268
v  -899.7086 195.4516 354.6324
v  -899.7087 173.7469 336.9515
v  -745.2787 241.6901 440.4991
v  -745.2787 230.0887 407.4205
v  -745.2787 214.4759 378.4268
v  -745.2788 195.4516 354.6324
v  -745.2788 173.7469 336.9514
v  -745.2788 190.7618 357.0493
v  -745.2787 237.0003 442.9161
v  -745.2787 244.1444 478.8084
v  -745.2788 292.6432 933.6488
v  -745.2787 225.3989 409.8375
v  -745.2787 209.7861 380.8440
v  -745.2788 169.0572 339.3685
v  -745.2788 145.5062 328.4807
v  -745.2788 121.0141 320.7795
v  -728.1200 121.0141 320.7795
v  -728.1200 173.7469 336.9514
v  -659.4846 173.7469 336.9514
v  -659.4846 121.0141 320.7795
v  -659.4846 244.1444 478.8084
v  -659.4846 292.6432 933.6491
v  -659.4846 145.5062 328.4807
v  -659.4846 169.0572 339.3685
v  -659.4846 190.7618 357.0493
v  -659.4846 209.7862 380.8438
v  -659.4846 225.3990 409.8375
v  -659.4846 237.0004 442.9161
v  -659.4846 241.6901 440.4990
v  -728.1199 241.6901 440.4991
v  -728.1199 292.6432 933.6491
v  -1071.2971 292.6432 933.6490
v  -1157.0917 241.6901 440.4991
v  -1157.0917 195.4516 354.6324
v  -1157.0914 169.0572 339.3686
v  -1157.0914 145.5062 328.4808
v  -1157.0914 190.7618 357.0494
v  -1157.0914 209.7861 380.8439
v  -1157.0914 244.1444 478.8085
v  -1157.0914 292.6432 933.6490
v  -1157.0914 237.0004 442.9161
v  -1157.0914 225.3990 409.8376
v  -1157.0917 230.0888 407.4206
v  -1157.0917 214.4759 378.4269
v  -1242.8857 241.6901 440.4991
v  -1242.8857 244.1444 478.8085
v  -1242.8857 230.0888 407.4205
v  -1242.8857 214.4759 378.4269
v  -1242.8857 225.3990 409.8375
v  -1242.8857 195.4516 354.6324
v  -1242.8857 190.7618 357.0494
v  -1242.8857 145.5062 328.4807
v  -1242.8857 169.0572 339.3684
v  -1242.8857 209.7862 380.8439
v  -1242.8857 237.0004 442.9161
v  -1242.8856 292.6432 933.6490
v  -1071.2971 145.5062 328.4807
v  -1071.2971 190.7618 357.0494
v  -1071.2971 169.0572 339.3686
v  -1071.2971 209.7862 380.8439
v  -1071.2971 225.3990 409.8377
v  -1071.2971 244.1444 478.8085
v  -1071.2971 237.0004 442.9161
v  -728.1200 145.5062 328.4807
v  -728.1200 244.1444 478.8084
v  -728.1199 237.0004 442.9162
v  -728.1199 225.3990 409.8375
v  -728.1199 230.0887 407.4205
v  -728.1199 214.4759 378.4268
v  -728.1199 209.7862 380.8440
v  -728.1200 190.7618 357.0493
v  -728.1200 195.4516 354.6324
v  -728.1200 169.0572 339.3685
v  -659.4846 195.4516 354.6324
v  -659.4846 214.4759 378.4268
v  -659.4846 230.0887 407.4205
v  -1629.1080 10.2046 322.3874
v  -537.0408 10.2045 322.3873
v  -537.0408 0.1611 322.3873
v  -1629.1080 0.1611 322.3874
v  -537.0408 10.2047 903.0740
v  -537.0408 0.1612 901.5756
v  -1629.1079 10.2047 903.0742
v  -1629.1079 0.1612 901.5757
v  787.4754 351.3888 -184.4036
v  787.4754 342.3434 -99.5727
v  787.4754 332.5085 -50.1608
v  787.4754 295.0436 35.2921
v  787.4754 316.5374 -4.6225
v  787.4754 268.8535 68.0492
v  787.4754 238.9734 92.3899
v  787.4754 195.7114 110.7873
v  787.4754 206.5516 107.3789
v  787.4754 195.7114 91.2303
v  787.4754 221.6904 79.2199
v  787.4754 251.5705 54.8792
v  787.4754 277.7606 22.1221
v  787.4754 299.2542 -17.7925
v  787.4754 315.2255 -63.3308
v  787.4754 325.0605 -112.7426
v  787.4754 332.7015 -184.4036
v  -785.7775 351.3888 -184.4038
v  -785.7775 342.3434 -99.5728
v  -785.7775 332.5085 -50.1609
v  -785.7775 316.5372 -4.6227
v  -785.7775 295.0435 35.2919
v  -785.7777 268.8534 68.0490
v  -785.7777 238.9733 92.3897
v  -785.7777 206.5515 107.3788
v  -785.7777 195.7114 110.7872
v  -785.7777 221.6903 79.2198
v  -785.7777 195.7114 91.2301
v  -785.7777 251.5704 54.8791
v  -785.7775 277.7605 22.1220
v  -785.7775 299.2542 -17.7926
v  -785.7775 315.2254 -63.3308
v  -785.7775 325.0604 -112.7427
v  -785.7775 332.7014 -184.4038
v  787.4753 0.0033 165.1199
v  787.4754 172.8340 117.9806
v  668.9688 172.8340 117.9807
v  668.9688 88.7827 140.9055
v  651.6461 88.7827 140.9055
v  651.6457 172.8340 117.9807
v  586.2913 172.8340 117.9807
v  586.2916 88.7826 140.9055
v  568.9689 88.7826 140.9055
v  568.9688 172.8340 117.9807
v  503.6144 172.8340 117.9807
v  503.6145 88.7826 140.9055
v  486.2917 88.7826 140.9055
v  486.2916 172.8340 117.9807
v  420.9373 172.8340 117.9807
v  420.9373 88.7827 140.9055
v  403.6145 88.7827 140.9055
v  403.6144 172.8340 117.9807
v  338.2601 172.8340 117.9807
v  338.2601 88.7826 140.9055
v  320.9373 88.7826 140.9055
v  320.9374 172.8340 117.9807
v  255.5829 172.8340 117.9807
v  255.5830 88.7826 140.9055
v  238.2602 88.7826 140.9055
v  238.2601 172.8340 117.9807
v  172.9057 172.8340 117.9806
v  172.9059 88.7826 140.9055
v  155.5831 88.7826 140.9055
v  155.5829 172.8340 117.9806
v  90.2283 172.8340 117.9806
v  90.2287 88.7826 140.9054
v  72.9059 88.7826 140.9054
v  72.9059 172.8340 117.9806
v  9.5197 172.8340 117.9806
v  9.5200 88.7826 140.9054
v  -7.8028 88.7826 140.9054
v  -7.8028 172.8340 117.9806
v  -75.1256 172.8340 117.9806
v  -75.1256 88.7826 140.9054
v  -92.4484 88.7826 140.9054
v  -92.4484 172.8340 117.9806
v  -157.8028 172.8340 117.9806
v  -157.8028 88.7826 140.9054
v  -175.1255 88.7826 140.9054
v  -175.1255 172.8340 117.9806
v  -240.4798 172.8340 117.9806
v  -240.4799 88.7826 140.9054
v  -257.8026 88.7826 140.9054
v  -257.8026 172.8340 117.9806
v  -323.1570 172.8339 117.9806
v  -323.1570 88.7826 140.9054
v  -340.4799 88.7826 140.9054
v  -340.4798 172.8339 117.9806
v  -405.8343 172.8340 117.9806
v  -405.8343 88.7826 140.9054
v  -423.1570 88.7826 140.9054
v  -423.1570 172.8340 117.9806
v  -488.5114 172.8340 117.9805
v  -488.5114 88.7826 140.9055
v  -505.8340 88.7826 140.9055
v  -505.8347 172.8340 117.9805
v  -571.1885 172.8339 117.9805
v  -571.1885 88.7826 140.9054
v  -588.5112 88.7826 140.9054
v  -588.5112 172.8339 117.9805
v  -653.8657 172.8339 117.9805
v  -653.8657 88.7826 140.9054
v  -671.1887 88.7826 140.9054
v  -671.1887 172.8339 117.9805
v  -785.7777 172.8339 117.9806
v  -785.7777 0.0032 165.1198
v  787.4753 0.0033 147.2360
v  -785.7777 0.0032 147.2359
v  787.4755 432.0795 -941.1553
v  787.4754 155.5510 104.8108
v  787.4754 189.2685 94.2090
v  787.4754 221.6904 79.2200
v  787.4755 413.3922 -941.1553
v  668.9688 206.5516 107.3788
v  668.9688 88.7827 138.3762
v  651.6461 88.7827 138.3762
v  651.6459 206.5516 107.3788
v  586.2915 206.5516 107.3788
v  586.2916 88.7826 138.3762
v  568.9689 88.7826 138.3762
v  568.9688 206.5516 107.3788
v  503.6145 206.5516 107.3788
v  503.6145 88.7826 138.3762
v  486.2917 88.7826 138.3762
v  486.2916 206.5516 107.3788
v  420.9373 206.5516 107.3789
v  420.9373 88.7827 138.3762
v  403.6145 88.7827 138.3762
v  403.6144 206.5515 107.3789
v  338.2602 206.5516 107.3789
v  338.2601 88.7826 138.3762
v  320.9373 88.7826 138.3762
v  320.9374 206.5516 107.3789
v  255.5830 206.5516 107.3789
v  255.5830 88.7826 138.3762
v  238.2602 88.7826 138.3762
v  238.2602 206.5516 107.3789
v  172.9059 206.5515 107.3788
v  172.9059 88.7826 138.3762
v  155.5831 88.7826 138.3762
v  155.5830 206.5515 107.3788
v  90.2286 206.5516 107.3788
v  90.2287 88.7826 138.3762
v  72.9059 88.7826 138.3762
v  72.9060 409.2548 -727.0961
v  72.9059 342.3434 -99.5727
v  72.9059 332.5085 -50.1609
v  72.9059 338.0526 -100.9316
v  72.9059 316.5373 -4.6226
v  72.9059 295.0436 35.2921
v  72.9059 312.2464 -5.9815
v  72.9059 238.9734 92.3899
v  72.9059 206.5516 107.3788
v  72.9059 202.2606 106.0199
v  72.9059 168.5430 116.6217
v  72.9059 234.6825 91.0309
v  72.9059 268.8535 68.0491
v  72.9059 264.5626 66.6902
v  72.9059 290.7527 33.9331
v  72.9059 328.2177 -51.5198
v  72.9060 404.8190 -727.0961
v  9.5199 206.5516 107.3788
v  -7.8028 206.5516 107.3788
v  -75.1256 206.5515 107.3788
v  -75.1256 168.5430 116.6217
v  -75.1256 268.8535 68.0491
v  -75.1256 295.0435 35.2920
v  -75.1256 316.5372 -4.6226
v  -75.1256 290.7526 33.9331
v  -75.1256 332.5085 -50.1608
v  -75.1256 342.3434 -99.5727
v  -75.1256 328.2175 -51.5198
v  -75.1255 409.2548 -727.0961
v  -75.1255 404.8189 -727.0961
v  -75.1256 338.0525 -100.9316
v  -75.1256 312.2463 -5.9815
v  -75.1256 264.5625 66.6902
v  -75.1256 238.9734 92.3898
v  -75.1256 234.6824 91.0309
v  -75.1256 202.2606 106.0199
v  -75.1256 88.7826 138.3762
v  -92.4484 88.7826 138.3762
v  -92.4483 409.2548 -727.0961
v  -92.4483 342.3434 -99.5727
v  -92.4483 332.5085 -50.1608
v  -92.4483 338.0525 -100.9316
v  -92.4484 316.5372 -4.6226
v  -92.4484 295.0435 35.2920
v  -92.4484 312.2463 -5.9815
v  -92.4484 238.9734 92.3898
v  -92.4484 206.5515 107.3788
v  -92.4484 202.2606 106.0199
v  -92.4484 168.5430 116.6217
v  -92.4484 234.6824 91.0309
v  -92.4484 268.8535 68.0491
v  -92.4484 264.5625 66.6902
v  -92.4484 290.7527 33.9331
v  -92.4483 328.2176 -51.5198
v  -92.4483 404.8189 -727.0961
v  -157.8028 206.5516 107.3788
v  -157.8028 168.5430 116.6218
v  -157.8028 268.8535 68.0491
v  -157.8027 295.0436 35.2920
v  -157.8027 316.5373 -4.6226
v  -157.8027 290.7527 33.9331
v  -157.8027 332.5085 -50.1608
v  -157.8027 342.3434 -99.5727
v  -157.8027 328.2176 -51.5198
v  -157.8027 409.2547 -727.0961
v  -157.8027 404.8189 -727.0961
v  -157.8027 338.0525 -100.9317
v  -157.8027 312.2463 -5.9815
v  -157.8028 264.5625 66.6902
v  -157.8028 238.9734 92.3898
v  -157.8028 234.6824 91.0310
v  -157.8028 202.2606 106.0199
v  -157.8028 88.7826 138.3762
v  -175.1255 88.7826 138.3762
v  -175.1255 409.2547 -727.0961
v  -175.1255 342.3434 -99.5727
v  -175.1255 332.5085 -50.1608
v  -175.1255 338.0525 -100.9317
v  -175.1255 316.5373 -4.6226
v  -175.1255 295.0436 35.2920
v  -175.1255 312.2463 -5.9815
v  -175.1255 238.9734 92.3898
v  -175.1255 206.5516 107.3788
v  -175.1255 202.2606 106.0199
v  -175.1255 168.5430 116.6218
v  -175.1255 234.6824 91.0310
v  -175.1255 268.8535 68.0491
v  -175.1255 264.5625 66.6902
v  -175.1255 290.7527 33.9331
v  -175.1255 328.2176 -51.5198
v  -175.1255 404.8189 -727.0961
v  -240.4798 206.5515 107.3788
v  -240.4799 88.7826 138.3762
v  -257.8026 88.7826 138.3762
v  -257.8026 409.2549 -727.0963
v  -257.8026 342.3434 -99.5727
v  -257.8026 332.5085 -50.1609
v  -257.8026 338.0526 -100.9317
v  -257.8026 316.5373 -4.6226
v  -257.8026 295.0435 35.2920
v  -257.8026 312.2464 -5.9815
v  -257.8026 238.9733 92.3898
v  -257.8026 206.5515 107.3788
v  -257.8026 202.2606 106.0199
v  -257.8026 168.5430 116.6218
v  -257.8026 234.6824 91.0309
v  -257.8026 268.8535 68.0491
v  -257.8026 264.5625 66.6902
v  -257.8026 290.7527 33.9331
v  -257.8026 328.2176 -51.5198
v  -257.8026 404.8190 -727.0963
v  -323.1570 206.5515 107.3788
v  -323.1570 168.5430 116.6218
v  -323.1570 268.8534 68.0491
v  -323.1570 295.0435 35.2920
v  -323.1570 316.5372 -4.6226
v  -323.1570 290.7526 33.9331
v  -323.1570 332.5085 -50.1609
v  -323.1570 342.3434 -99.5727
v  -323.1570 328.2175 -51.5198
v  -323.1570 409.2549 -727.0963
v  -323.1570 404.8189 -727.0963
v  -323.1570 338.0525 -100.9317
v  -323.1570 312.2463 -5.9816
v  -323.1570 264.5625 66.6901
v  -323.1570 238.9733 92.3898
v  -323.1570 234.6824 91.0309
v  -323.1570 202.2606 106.0199
v  -323.1570 88.7826 138.3762
v  -340.4799 88.7826 138.3762
v  -340.4798 206.5515 107.3788
v  -405.8343 206.5515 107.3788
v  -405.8343 88.7826 138.3761
v  -423.1570 88.7826 138.3761
v  -423.1570 206.5515 107.3788
v  -488.5114 206.5515 107.3788
v  -488.5114 88.7826 138.3761
v  -505.8340 88.7826 138.3761
v  -505.8342 206.5515 107.3788
v  -571.1885 206.5515 107.3788
v  -571.1885 88.7826 138.3761
v  -588.5112 88.7826 138.3761
v  -588.5112 206.5515 107.3788
v  -653.8657 206.5515 107.3788
v  -653.8657 168.5430 116.6217
v  -653.8657 268.8534 68.0491
v  -653.8657 295.0435 35.2920
v  -653.8657 316.5373 -4.6227
v  -653.8657 290.7527 33.9330
v  -653.8657 332.5085 -50.1609
v  -653.8657 342.3434 -99.5728
v  -653.8657 328.2176 -51.5198
v  -653.8656 409.2548 -727.0963
v  -653.8656 404.8189 -727.0963
v  -653.8657 338.0525 -100.9317
v  -653.8657 312.2463 -5.9815
v  -653.8657 264.5625 66.6901
v  -653.8657 238.9734 92.3897
v  -653.8657 234.6824 91.0309
v  -653.8657 202.2606 106.0199
v  -653.8657 88.7826 138.3761
v  -671.1887 88.7826 138.3761
v  -671.1885 409.2548 -727.0963
v  -671.1885 342.3434 -99.5728
v  -671.1887 332.5085 -50.1609
v  -671.1887 338.0525 -100.9317
v  -671.1887 316.5373 -4.6227
v  -671.1887 295.0435 35.2920
v  -671.1887 312.2464 -5.9815
v  -671.1887 238.9733 92.3897
v  -671.1887 206.5515 107.3788
v  -671.1887 202.2606 106.0199
v  -671.1887 168.5430 116.6217
v  -671.1887 234.6824 91.0309
v  -671.1887 268.8534 68.0491
v  -671.1887 264.5625 66.6901
v  -671.1887 290.7527 33.9330
v  -671.1887 328.2176 -51.5198
v  -671.1885 404.8189 -727.0963
v  -785.7775 432.0794 -941.1554
v  -785.7775 413.3921 -941.1554
v  -785.7777 155.5508 104.8106
v  -785.7777 189.2684 94.2088
v  -785.7777 238.9733 92.3898
v  -785.7777 221.6902 79.2198
v  -785.7775 277.7605 22.1221
v  -588.5112 342.3434 -99.5728
v  -588.5110 409.2548 -727.0963
v  -571.1883 409.2548 -727.0963
v  -571.1884 342.3434 -99.5728
v  -505.8334 342.3434 -99.5728
v  -505.8339 409.2548 -727.0963
v  -488.5112 409.2548 -727.0963
v  -488.5113 342.3434 -99.5728
v  -423.1570 342.3434 -99.5727
v  -423.1569 409.2549 -727.0963
v  -405.8341 409.2549 -727.0963
v  -405.8342 342.3434 -99.5727
v  -340.4798 342.3434 -99.5727
v  -340.4798 409.2549 -727.0963
v  -240.4798 409.2547 -727.0961
v  -240.4798 342.3434 -99.5727
v  -7.8028 342.3434 -99.5727
v  -7.8028 409.2548 -727.0961
v  9.5201 409.2548 -727.0961
v  9.5203 342.3434 -99.5727
v  90.2288 409.2548 -727.0961
v  90.2290 342.3434 -99.5727
v  155.5832 342.3434 -99.5727
v  155.5831 409.2549 -727.0961
v  172.9060 409.2549 -727.0961
v  172.9061 342.3434 -99.5727
v  238.2604 342.3434 -99.5726
v  238.2603 409.2549 -727.0961
v  255.5831 409.2548 -727.0961
v  255.5832 342.3434 -99.5727
v  320.9374 342.3434 -99.5727
v  320.9375 409.2548 -727.0961
v  338.2603 409.2548 -727.0961
v  338.2604 342.3434 -99.5727
v  403.6146 342.3434 -99.5727
v  403.6146 409.2548 -727.0961
v  420.9375 409.2548 -727.0961
v  420.9374 342.3434 -99.5727
v  486.2918 342.3434 -99.5727
v  486.2918 409.2548 -727.0961
v  503.6147 409.2548 -727.0961
v  503.6146 342.3434 -99.5727
v  568.9689 342.3434 -99.5727
v  568.9690 409.2549 -727.0961
v  586.2918 409.2549 -727.0961
v  586.2920 342.3434 -99.5727
v  651.6464 342.3434 -99.5727
v  651.6461 409.2549 -727.0961
v  668.9689 409.2549 -727.0961
v  668.9689 342.3434 -99.5727
v  668.9688 332.5085 -50.1608
v  668.9688 316.5373 -4.6225
v  668.9688 295.0436 35.2921
v  668.9688 268.8535 68.0492
v  668.9688 238.9734 92.3900
v  668.9688 168.5430 116.6218
v  668.9688 290.7527 33.9331
v  668.9688 328.2175 -51.5197
v  668.9689 404.8190 -727.0961
v  668.9688 338.0525 -100.9315
v  668.9688 312.2463 -5.9814
v  668.9688 264.5626 66.6902
v  668.9688 234.6824 91.0310
v  668.9688 202.2606 106.0200
v  651.6459 168.5430 116.6218
v  651.6462 238.9734 92.3899
v  586.2917 238.9734 92.3899
v  586.2916 168.5430 116.6218
v  586.2917 268.8535 68.0492
v  586.2919 295.0436 35.2921
v  586.2919 316.5374 -4.6226
v  586.2916 290.7527 33.9331
v  586.2919 332.5085 -50.1608
v  586.2916 328.2176 -51.5197
v  586.2918 404.8189 -727.0961
v  586.2917 338.0525 -100.9315
v  586.2916 312.2463 -5.9814
v  586.2916 264.5626 66.6902
v  586.2916 234.6824 91.0310
v  586.2916 202.2606 106.0200
v  568.9688 338.0526 -100.9315
v  568.9690 404.8190 -727.0961
v  568.9689 332.5085 -50.1608
v  568.9688 328.2177 -51.5197
v  568.9688 312.2464 -5.9814
v  568.9689 316.5374 -4.6226
v  568.9689 295.0436 35.2921
v  568.9688 290.7527 33.9331
v  568.9688 264.5626 66.6902
v  568.9689 268.8535 68.0492
v  568.9688 234.6825 91.0310
v  568.9688 238.9734 92.3899
v  568.9688 202.2606 106.0200
v  568.9688 168.5430 116.6218
v  503.6145 238.9734 92.3899
v  503.6145 332.5085 -50.1608
v  503.6145 338.0525 -100.9316
v  503.6147 404.8189 -727.0961
v  503.6144 328.2175 -51.5197
v  503.6144 312.2463 -5.9814
v  503.6145 168.5430 116.6218
v  503.6145 202.2606 106.0199
v  503.6145 234.6824 91.0310
v  503.6144 264.5625 66.6902
v  503.6145 268.8535 68.0491
v  503.6144 290.7527 33.9331
v  503.6145 295.0436 35.2920
v  503.6145 316.5373 -4.6226
v  486.2917 168.5430 116.6218
v  486.2917 338.0525 -100.9316
v  486.2918 404.8190 -727.0961
v  486.2918 332.5085 -50.1608
v  486.2916 328.2176 -51.5197
v  486.2916 312.2463 -5.9814
v  486.2918 316.5373 -4.6226
v  486.2918 295.0436 35.2920
v  486.2916 290.7527 33.9331
v  486.2916 264.5625 66.6902
v  486.2917 268.8535 68.0491
v  486.2916 234.6824 91.0310
v  486.2917 238.9734 92.3899
v  486.2916 202.2606 106.0199
v  420.9373 238.9734 92.3899
v  420.9373 168.5430 116.6218
v  420.9373 268.8535 68.0491
v  420.9374 295.0436 35.2920
v  420.9374 316.5373 -4.6226
v  420.9373 290.7527 33.9332
v  420.9374 332.5085 -50.1608
v  420.9373 328.2175 -51.5197
v  420.9375 404.8189 -727.0961
v  420.9373 338.0525 -100.9316
v  420.9373 312.2463 -5.9814
v  420.9373 264.5625 66.6902
v  420.9373 234.6824 91.0310
v  420.9373 202.2606 106.0199
v  403.6144 168.5430 116.6218
v  403.6144 238.9734 92.3899
v  338.2603 238.9734 92.3899
v  338.2602 168.5430 116.6218
v  320.9374 168.5430 116.6218
v  320.9374 238.9734 92.3899
v  255.5831 238.9734 92.3899
v  255.5830 168.5430 116.6218
v  255.5831 268.8535 68.0491
v  255.5832 295.0436 35.2920
v  255.5832 316.5373 -4.6226
v  255.5831 290.7527 33.9331
v  255.5832 332.5085 -50.1609
v  255.5830 328.2175 -51.5197
v  255.5831 404.8189 -727.0961
v  255.5831 338.0525 -100.9316
v  255.5830 312.2463 -5.9815
v  255.5830 264.5625 66.6901
v  255.5831 234.6824 91.0309
v  255.5831 202.2606 106.0199
v  238.2602 168.5430 116.6218
v  238.2602 202.2606 106.0199
v  238.2603 238.9734 92.3899
v  238.2602 338.0526 -100.9316
v  238.2603 404.8190 -727.0961
v  238.2604 332.5085 -50.1609
v  238.2602 328.2176 -51.5197
v  238.2602 312.2464 -5.9815
v  238.2604 316.5373 -4.6226
v  238.2604 295.0436 35.2920
v  238.2602 290.7527 33.9331
v  238.2602 264.5625 66.6901
v  238.2604 268.8535 68.0491
v  238.2602 234.6824 91.0309
v  172.9059 238.9734 92.3899
v  172.9059 168.5430 116.6218
v  172.9060 268.8535 68.0491
v  172.9061 295.0435 35.2920
v  172.9061 316.5373 -4.6226
v  172.9059 290.7526 33.9331
v  172.9061 332.5085 -50.1609
v  172.9059 328.2175 -51.5197
v  172.9060 404.8189 -727.0961
v  172.9059 338.0525 -100.9316
v  172.9059 312.2463 -5.9815
v  172.9059 264.5625 66.6901
v  172.9059 234.6824 91.0309
v  172.9059 202.2606 106.0199
v  155.5830 168.5430 116.6218
v  155.5831 238.9734 92.3899
v  90.2288 238.9734 92.3899
v  90.2287 168.5430 116.6217
v  90.2288 338.0525 -100.9316
v  90.2288 404.8189 -727.0961
v  9.5203 332.5085 -50.1608
v  9.5203 316.5373 -4.6226
v  9.5203 295.0436 35.2921
v  9.5202 268.8535 68.0491
v  9.5200 238.9734 92.3898
v  90.2287 202.2606 106.0199
v  90.2287 234.6824 91.0309
v  90.2287 264.5626 66.6902
v  90.2287 290.7527 33.9331
v  90.2287 312.2463 -5.9815
v  90.2287 328.2176 -51.5198
v  -7.8028 238.9734 92.3898
v  -7.8028 268.8535 68.0491
v  -7.8028 295.0435 35.2921
v  -7.8028 316.5373 -4.6226
v  -7.8028 332.5085 -50.1608
v  -240.4799 332.5085 -50.1609
v  -240.4799 316.5373 -4.6226
v  -240.4798 295.0435 35.2920
v  -240.4799 268.8535 68.0491
v  -240.4798 238.9733 92.3898
v  -240.4799 168.5430 116.6218
v  -240.4798 338.0525 -100.9317
v  -240.4798 404.8189 -727.0961
v  -240.4798 202.2606 106.0199
v  -240.4798 234.6824 91.0309
v  -240.4799 264.5626 66.6902
v  -240.4798 290.7527 33.9331
v  -240.4799 312.2463 -5.9815
v  -240.4799 328.2175 -51.5198
v  -340.4798 404.8190 -727.0963
v  -340.4798 338.0525 -100.9317
v  -340.4798 328.2176 -51.5198
v  -340.4798 312.2463 -5.9816
v  -340.4798 290.7527 33.9331
v  -340.4798 264.5625 66.6901
v  -340.4798 234.6824 91.0309
v  -340.4798 202.2606 106.0199
v  -340.4798 168.5430 116.6218
v  -340.4798 332.5085 -50.1609
v  -340.4798 316.5372 -4.6226
v  -340.4798 295.0435 35.2920
v  -340.4798 268.8534 68.0491
v  -340.4798 238.9733 92.3898
v  -405.8343 238.9734 92.3898
v  -405.8343 168.5430 116.6218
v  -423.1570 168.5430 116.6218
v  -423.1570 238.9733 92.3898
v  -488.5114 238.9733 92.3898
v  -505.8340 338.0525 -100.9316
v  -505.8339 404.8189 -727.0963
v  -505.8333 332.5085 -50.1609
v  -505.8342 328.2176 -51.5198
v  -505.8342 312.2463 -5.9815
v  -505.8333 316.5373 -4.6226
v  -505.8333 295.0435 35.2920
v  -505.8342 290.7527 33.9330
v  -505.8342 264.5625 66.6901
v  -505.8334 268.8535 68.0491
v  -505.8342 234.6824 91.0309
v  -505.8339 238.9733 92.3898
v  -505.8342 202.2606 106.0199
v  -505.8342 168.5430 116.6217
v  -488.5114 168.5430 116.6217
v  -571.1885 238.9733 92.3898
v  -571.1885 168.5430 116.6217
v  -571.1885 268.8534 68.0491
v  -571.1885 295.0435 35.2920
v  -571.1885 316.5372 -4.6226
v  -571.1885 290.7526 33.9330
v  -571.1885 332.5085 -50.1609
v  -571.1885 328.2175 -51.5199
v  -571.1883 404.8189 -727.0963
v  -571.1885 338.0525 -100.9316
v  -571.1885 312.2463 -5.9815
v  -571.1885 264.5625 66.6901
v  -571.1885 234.6824 91.0309
v  -571.1885 202.2606 106.0199
v  -588.5112 168.5430 116.6217
v  -588.5112 238.9733 92.3898
v  -588.5112 268.8534 68.0491
v  -588.5112 295.0435 35.2920
v  -588.5112 316.5372 -4.6226
v  -588.5112 332.5085 -50.1609
v  -588.5110 404.8189 -727.0963
v  -488.5112 404.8189 -727.0963
v  -488.5114 332.5085 -50.1609
v  -423.1570 332.5085 -50.1609
v  -423.1569 404.8189 -727.0963
v  -405.8341 404.8189 -727.0963
v  -405.8343 332.5085 -50.1609
v  90.2291 332.5085 -50.1609
v  155.5833 332.5085 -50.1609
v  155.5831 404.8190 -727.0961
v  320.9374 332.5085 -50.1609
v  320.9375 404.8189 -727.0961
v  338.2603 404.8189 -727.0961
v  338.2604 332.5085 -50.1608
v  403.6144 332.5085 -50.1608
v  403.6146 404.8190 -727.0961
v  651.6464 332.5085 -50.1608
v  651.6461 404.8191 -727.0961
v  651.6459 202.2606 106.0200
v  651.6462 268.8535 68.0492
v  403.6144 202.2606 106.0199
v  403.6144 338.0526 -100.9316
v  403.6144 328.2176 -51.5197
v  403.6144 312.2463 -5.9814
v  403.6144 316.5373 -4.6226
v  403.6144 295.0436 35.2920
v  403.6144 290.7527 33.9332
v  403.6144 264.5625 66.6902
v  403.6144 268.8535 68.0491
v  403.6144 234.6824 91.0309
v  338.2603 268.8535 68.0491
v  338.2603 202.2606 106.0199
v  320.9374 202.2606 106.0199
v  320.9374 338.0526 -100.9316
v  320.9374 328.2177 -51.5197
v  320.9374 312.2464 -5.9815
v  320.9374 316.5374 -4.6226
v  320.9374 295.0436 35.2920
v  320.9374 290.7527 33.9332
v  320.9374 264.5626 66.6902
v  320.9374 268.8535 68.0491
v  320.9374 234.6825 91.0309
v  155.5830 202.2606 106.0199
v  90.2291 316.5373 -4.6226
v  90.2289 268.8535 68.0491
v  90.2290 295.0436 35.2921
v  155.5831 338.0525 -100.9316
v  155.5831 328.2176 -51.5197
v  155.5831 312.2463 -5.9815
v  155.5833 316.5373 -4.6226
v  155.5833 295.0435 35.2920
v  155.5830 290.7527 33.9331
v  155.5831 264.5625 66.6901
v  155.5832 268.8535 68.0491
v  155.5830 234.6824 91.0309
v  -405.8343 268.8535 68.0491
v  -405.8343 202.2606 106.0199
v  -423.1570 202.2606 106.0199
v  -423.1570 268.8535 68.0491
v  -488.5114 268.8535 68.0491
v  -488.5114 202.2606 106.0199
v  -588.5112 202.2606 106.0199
v  -588.5112 234.6824 91.0309
v  -588.5112 264.5625 66.6901
v  -588.5112 290.7527 33.9330
v  -588.5112 312.2463 -5.9815
v  -588.5112 338.0525 -100.9316
v  -588.5112 328.2176 -51.5199
v  -488.5114 338.0525 -100.9316
v  -488.5114 316.5373 -4.6226
v  -423.1570 316.5373 -4.6226
v  -423.1570 234.6824 91.0309
v  -423.1570 264.5625 66.6901
v  -423.1570 290.7527 33.9330
v  -423.1570 338.0525 -100.9316
v  -423.1570 328.2176 -51.5198
v  -423.1570 312.2463 -5.9816
v  -423.1570 295.0435 35.2920
v  -405.8343 234.6824 91.0309
v  -405.8343 264.5625 66.6901
v  -405.8343 290.7527 33.9330
v  -405.8343 295.0435 35.2920
v  -405.8343 316.5373 -4.6226
v  -405.8343 312.2463 -5.9816
v  -405.8343 328.2176 -51.5198
v  -405.8343 338.0525 -100.9316
v  338.2603 338.0525 -100.9316
v  338.2604 316.5374 -4.6226
v  651.6465 316.5373 -4.6225
v  651.6460 338.0526 -100.9315
v  651.6459 234.6824 91.0310
v  651.6459 328.2176 -51.5198
v  651.6459 312.2464 -5.9814
v  651.6464 295.0436 35.2921
v  651.6459 264.5626 66.6902
v  651.6459 290.7527 33.9331
v  338.2603 234.6824 91.0309
v  338.2603 295.0436 35.2920
v  -488.5114 234.6824 91.0309
v  -488.5114 295.0435 35.2920
v  -488.5114 328.2175 -51.5198
v  -488.5114 312.2463 -5.9816
v  -488.5114 290.7527 33.9330
v  -488.5114 264.5625 66.6901
v  338.2602 328.2175 -51.5197
v  338.2602 264.5626 66.6902
v  338.2602 290.7527 33.9332
v  338.2602 312.2463 -5.9815
v  9.5200 168.5430 116.6217
v  9.5200 290.7527 33.9331
v  9.5200 328.2175 -51.5198
v  9.5201 404.8189 -727.0961
v  9.5200 338.0525 -100.9316
v  9.5200 312.2463 -5.9815
v  9.5200 264.5626 66.6901
v  9.5200 234.6824 91.0309
v  9.5200 202.2606 106.0199
v  9.5200 88.7826 138.3761
v  -7.8028 88.7826 138.3761
v  -7.8028 168.5430 116.6217
v  -7.8028 202.2606 106.0199
v  -7.8028 234.6825 91.0309
v  -7.8028 264.5626 66.6901
v  -7.8028 290.7527 33.9331
v  -7.8028 312.2464 -5.9815
v  -7.8028 328.2176 -51.5198
v  -7.8028 338.0526 -100.9316
v  -7.8028 404.8190 -727.0961
v  239.8244 179.6565 147.7105
v  -238.1073 179.6565 147.7105
v  -238.1073 8.7386 173.3455
v  239.8244 8.7386 173.3456
v  -238.1073 179.3040 145.7682
v  -238.1073 8.3861 171.4033
v  239.8244 179.3040 145.7683
v  239.8244 8.3861 171.4033
v  239.8244 179.6565 187.0806
v  -238.1074 179.6565 187.0806
v  -238.1073 8.7386 212.7156
v  239.8244 8.7386 212.7157
v  -238.1073 179.3040 185.1384
v  -238.1073 8.3862 210.7734
v  239.8244 179.3040 185.1384
v  239.8244 8.3862 210.7734
v  239.8244 179.6565 226.4507
v  -238.1074 179.6565 226.4506
v  -238.1073 8.7386 252.0857
v  239.8244 8.7386 252.0858
v  -238.1074 179.3040 224.5084
v  -238.1073 8.3861 250.1434
v  239.8244 179.3040 224.5085
v  239.8244 8.3862 250.1435
v  239.8244 179.6565 265.8207
v  -238.1074 179.6565 265.8207
v  -238.1073 8.7387 291.4557
v  239.8244 8.7387 291.4558
v  -238.1074 179.3040 263.8784
v  -238.1073 8.3861 289.5135
v  239.8244 179.3040 263.8785
v  239.8244 8.3862 289.5135
v  239.8244 179.6565 305.1909
v  -238.1074 179.6565 305.1908
v  -238.1074 8.7387 330.8259
v  239.8244 8.7387 330.8260
v  -238.1074 179.3040 303.2486
v  -238.1074 8.3862 328.8836
v  239.8244 179.3040 303.2487
v  239.8244 8.3862 328.8837
v  241.0160 17.3260 403.9942
v  -239.2990 17.3260 403.9942
v  -239.2990 0.0032 403.9942
v  241.0160 0.0032 403.9942
v  -239.2990 17.3259 89.0337
v  -239.2990 0.0031 89.0337
v  241.0160 17.3259 89.0336
v  241.0160 0.0031 89.0336
v  237.0790 173.2315 421.7379
v  -235.3620 173.2315 421.7379
v  -235.3620 0.0031 421.7379
v  237.0790 0.0031 421.7380
v  -235.3619 173.2315 88.6372
v  -235.3619 0.0031 88.6372
v  237.0790 173.2315 88.6371
v  237.0790 0.0031 88.6372
v  238.7773 173.2315 423.3435
v  -237.0602 173.2315 423.3435
v  238.7773 173.2315 87.0315
v  -237.0602 173.2315 87.0315
v  -237.0602 194.8850 87.0315
v  238.7773 194.8850 87.0314
v  -237.0602 194.8851 423.3435
v  238.7773 194.8850 423.3435
v  511.5847 0.1611 284.1214
v  511.5847 125.7039 318.3629
v  645.4256 125.7039 318.3629
v  645.4256 63.0768 301.2815
v  662.5845 63.0768 301.2815
v  662.5845 125.7039 318.3629
v  731.2200 125.7039 318.3629
v  731.2198 63.0768 301.2815
v  748.3787 63.0768 301.2815
v  748.3787 125.7039 318.3629
v  817.0141 125.7039 318.3629
v  817.0141 63.0768 301.2815
v  834.1729 63.0768 301.2815
v  834.1729 125.7039 318.3629
v  902.8083 125.7039 318.3628
v  902.8083 63.0768 301.2814
v  919.9673 63.0768 301.2814
v  919.9671 125.7039 318.3628
v  988.6028 125.7039 318.3628
v  988.6026 63.0768 301.2815
v  1005.7615 63.0768 301.2815
v  1005.7615 125.7039 318.3628
v  1074.3971 125.7039 318.3628
v  1074.3970 63.0768 301.2815
v  1091.5558 63.0768 301.2815
v  1091.5558 125.7039 318.3628
v  1160.1912 125.7039 318.3628
v  1160.1912 63.0768 301.2815
v  1177.3500 63.0768 301.2815
v  1177.3500 125.7038 318.3628
v  1245.9854 125.7039 318.3628
v  1245.9854 63.0768 301.2815
v  1263.1443 63.0768 301.2815
v  1263.1443 125.7038 318.3628
v  1331.7797 125.7038 318.3628
v  1331.7797 63.0768 301.2814
v  1348.9387 63.0768 301.2814
v  1348.9387 125.7038 318.3628
v  1417.5741 125.7038 318.3629
v  1417.5741 63.0768 301.2814
v  1434.7329 63.0768 301.2814
v  1434.7329 125.7038 318.3629
v  1503.3683 125.7038 318.3629
v  1503.3683 63.0768 301.2814
v  1520.5271 63.0768 301.2814
v  1520.5271 125.7038 318.3627
v  1654.3822 125.7038 318.3628
v  1654.3822 0.1610 284.1214
v  511.5847 0.1611 297.1121
v  1654.3822 0.1610 297.1121
v  511.5847 305.5026 1007.8503
v  511.5846 248.8342 476.3917
v  511.5846 241.6902 440.4993
v  511.5846 236.2799 485.9581
v  511.5846 230.0888 407.4208
v  511.5846 214.4759 378.4271
v  511.5847 173.7470 336.9518
v  511.5847 195.4517 354.6325
v  511.5847 150.1961 326.0639
v  511.5847 113.1496 327.9294
v  511.5846 137.6418 335.6304
v  511.5847 161.1927 346.5182
v  511.5847 182.8974 364.1992
v  511.5846 201.9217 387.9937
v  511.5846 217.5345 416.9873
v  511.5846 229.1359 450.0659
v  511.5847 291.9282 1007.8503
v  645.4256 150.1960 326.0639
v  645.4256 63.0768 304.9777
v  662.5845 63.0768 304.9777
v  662.5845 297.5907 933.6490
v  662.5845 248.8342 476.3915
v  662.5846 241.6901 440.4992
v  662.5845 244.1444 478.8087
v  662.5846 230.0887 407.4208
v  662.5846 214.4759 378.4272
v  662.5846 225.3990 409.8378
v  662.5845 195.4516 354.6326
v  662.5845 173.7470 336.9518
v  662.5845 190.7618 357.0497
v  662.5845 150.1960 326.0639
v  662.5845 121.0141 320.7798
v  662.5845 145.5062 328.4808
v  662.5845 169.0572 339.3687
v  662.5846 209.7861 380.8442
v  662.5846 237.0004 442.9161
v  662.5845 292.6432 933.6490
v  731.2200 150.1960 326.0639
v  731.2198 63.0768 304.9777
v  748.3787 63.0768 304.9777
v  748.3787 150.1960 326.0639
v  817.0141 150.1960 326.0639
v  817.0141 145.5062 328.4809
v  817.0141 173.7469 336.9518
v  817.0141 195.4516 354.6326
v  817.0141 169.0572 339.3687
v  817.0141 214.4759 378.4271
v  817.0142 230.0888 407.4208
v  817.0141 209.7861 380.8442
v  817.0142 241.6901 440.4992
v  817.0141 248.8342 476.3915
v  817.0141 244.1444 478.8087
v  817.0142 297.5906 933.6490
v  817.0142 292.6431 933.6490
v  817.0142 237.0003 442.9161
v  817.0142 225.3989 409.8378
v  817.0141 190.7618 357.0496
v  817.0141 121.0141 320.7798
v  817.0141 63.0768 304.9777
v  834.1729 63.0768 304.9777
v  834.1729 150.1960 326.0639
v  902.8083 150.1960 326.0638
v  902.8083 63.0768 304.9775
v  919.9673 63.0768 304.9775
v  919.9673 150.1960 326.0638
v  988.6026 150.1960 326.0638
v  988.6026 63.0768 304.9776
v  1005.7615 63.0768 304.9776
v  1005.7615 150.1960 326.0638
v  1074.3970 150.1960 326.0638
v  1074.3970 63.0768 304.9776
v  1091.5558 63.0768 304.9776
v  1091.5558 150.1960 326.0638
v  1160.1912 150.1960 326.0638
v  1160.1912 145.5062 328.4809
v  1160.1912 173.7469 336.9517
v  1160.1912 195.4516 354.6326
v  1160.1912 169.0572 339.3687
v  1160.1912 214.4759 378.4272
v  1160.1912 230.0887 407.4207
v  1160.1912 209.7861 380.8441
v  1160.1912 241.6901 440.4993
v  1160.1912 248.8342 476.3916
v  1160.1912 244.1444 478.8087
v  1160.1912 297.5906 933.6490
v  1160.1912 292.6431 933.6490
v  1160.1912 237.0003 442.9163
v  1160.1912 225.3989 409.8378
v  1160.1912 190.7618 357.0496
v  1160.1912 121.0141 320.7798
v  1160.1912 63.0768 304.9776
v  1177.3500 63.0768 304.9776
v  1177.3501 297.5906 933.6490
v  1177.3500 248.8342 476.3916
v  1177.3500 241.6901 440.4993
v  1177.3500 244.1444 478.8087
v  1177.3500 230.0887 407.4207
v  1177.3500 214.4759 378.4272
v  1177.3500 225.3989 409.8376
v  1177.3500 195.4516 354.6326
v  1177.3500 173.7469 336.9517
v  1177.3500 190.7618 357.0496
v  1177.3500 150.1960 326.0638
v  1177.3500 121.0141 320.7798
v  1177.3500 145.5062 328.4809
v  1177.3500 169.0572 339.3687
v  1177.3500 209.7861 380.8441
v  1177.3500 237.0004 442.9163
v  1177.3501 292.6432 933.6490
v  1245.9855 150.1960 326.0638
v  1245.9855 145.5062 328.4808
v  1245.9855 173.7469 336.9517
v  1245.9855 195.4516 354.6326
v  1245.9855 169.0572 339.3687
v  1245.9855 214.4759 378.4269
v  1245.9855 230.0887 407.4207
v  1245.9855 209.7861 380.8441
v  1245.9855 241.6901 440.4993
v  1245.9855 248.8342 476.3916
v  1245.9855 244.1444 478.8085
v  1245.9855 297.5906 933.6491
v  1245.9855 292.6431 933.6491
v  1245.9855 237.0003 442.9163
v  1245.9855 225.3989 409.8376
v  1245.9855 190.7618 357.0494
v  1245.9854 121.0141 320.7798
v  1245.9854 63.0768 304.9776
v  1263.1443 63.0768 304.9776
v  1263.1443 150.1960 326.0638
v  1331.7797 150.1960 326.0638
v  1331.7797 145.5062 328.4809
v  1331.7797 173.7469 336.9517
v  1331.7797 195.4516 354.6326
v  1331.7797 169.0571 339.3688
v  1331.7797 214.4759 378.4270
v  1331.7799 230.0887 407.4207
v  1331.7797 209.7861 380.8441
v  1331.7799 241.6901 440.4993
v  1331.7799 248.8342 476.3916
v  1331.7799 244.1444 478.8085
v  1331.7798 297.5906 933.6491
v  1331.7798 292.6432 933.6491
v  1331.7799 237.0003 442.9162
v  1331.7799 225.3989 409.8376
v  1331.7797 190.7618 357.0496
v  1331.7797 121.0141 320.7798
v  1331.7797 63.0768 304.9776
v  1348.9387 63.0768 304.9776
v  1348.9387 297.5906 933.6491
v  1348.9387 248.8342 476.3916
v  1348.9387 241.6901 440.4993
v  1348.9387 244.1444 478.8085
v  1348.9387 230.0887 407.4207
v  1348.9387 214.4759 378.4270
v  1348.9387 225.3989 409.8376
v  1348.9387 195.4516 354.6325
v  1348.9387 173.7469 336.9516
v  1348.9387 190.7618 357.0496
v  1348.9387 150.1960 326.0638
v  1348.9387 121.0141 320.7798
v  1348.9387 145.5062 328.4809
v  1348.9387 169.0572 339.3687
v  1348.9387 209.7861 380.8441
v  1348.9387 237.0004 442.9162
v  1348.9387 292.6432 933.6491
v  1417.5741 150.1960 326.0638
v  1417.5741 63.0768 304.9776
v  1434.7329 63.0768 304.9776
v  1434.7329 150.1960 326.0638
v  1503.3683 150.1960 326.0638
v  1503.3683 63.0768 304.9776
v  1520.5271 63.0768 304.9775
v  1520.5272 297.5906 933.6491
v  1520.5271 248.8341 476.3917
v  1520.5271 241.6901 440.4991
v  1520.5271 244.1444 478.8086
v  1520.5271 230.0887 407.4207
v  1520.5271 214.4758 378.4270
v  1520.5271 225.3989 409.8377
v  1520.5271 195.4516 354.6325
v  1520.5271 173.7469 336.9516
v  1520.5271 190.7618 357.0495
v  1520.5271 150.1960 326.0638
v  1520.5271 121.0141 320.7797
v  1520.5271 145.5062 328.4808
v  1520.5271 169.0572 339.3687
v  1520.5271 209.7861 380.8440
v  1520.5271 237.0004 442.9163
v  1520.5272 292.6432 933.6491
v  1654.3822 150.1960 326.0638
v  1654.3822 113.1495 327.9293
v  1654.3822 137.6417 335.6304
v  1654.3822 195.4516 354.6326
v  1654.3822 173.7469 336.9517
v  1654.3822 161.1926 346.5182
v  1654.3822 182.8973 364.1992
v  1654.3822 201.9216 387.9935
v  1654.3822 217.5344 416.9872
v  1654.3820 248.8342 476.3915
v  1654.3822 214.4759 378.4270
v  1654.3822 230.0887 407.4207
v  1654.3822 241.6901 440.4992
v  1654.3822 229.1358 450.0658
v  1654.3822 236.2799 485.9581
v  1654.3821 291.9282 1007.8505
v  1654.3821 305.5025 1007.8505
v  1503.3684 297.5906 933.6491
v  1503.3683 248.8342 476.3917
v  1434.7329 248.8342 476.3917
v  1434.7330 297.5906 933.6491
v  1417.5741 297.5906 933.6491
v  1417.5741 248.8342 476.3917
v  1263.1445 248.8342 476.3916
v  1263.1443 297.5905 933.6491
v  1091.5557 248.8342 476.3916
v  1091.5558 297.5906 933.6490
v  1074.3970 297.5906 933.6490
v  1074.3966 248.8342 476.3916
v  1005.7613 248.8342 476.3916
v  1005.7615 297.5906 933.6490
v  988.6028 297.6157 933.6490
v  988.6025 248.8342 476.3916
v  919.9673 248.8342 476.3916
v  919.9673 297.5906 933.6490
v  902.8085 297.5906 933.6490
v  902.8082 248.8342 476.3916
v  834.1728 248.8342 476.3916
v  834.1731 297.5906 933.6490
v  748.3787 248.8342 476.3915
v  748.3787 297.5906 933.6490
v  731.2200 297.5907 933.6490
v  731.2198 248.8342 476.3915
v  645.4257 297.5907 933.6490
v  645.4256 248.8342 476.3915
v  645.4257 241.6901 440.4992
v  645.4257 230.0888 407.4208
v  645.4257 214.4759 378.4272
v  645.4256 195.4516 354.6326
v  645.4256 173.7470 336.9518
v  645.4256 145.5062 328.4808
v  645.4256 169.0571 339.3687
v  645.4257 209.7861 380.8442
v  645.4256 244.1444 478.8087
v  645.4257 292.6432 933.6490
v  645.4257 237.0003 442.9161
v  645.4257 225.3990 409.8378
v  645.4256 190.7618 357.0497
v  645.4256 121.0141 320.7798
v  731.2200 241.6901 440.4992
v  731.2200 230.0888 407.4208
v  731.2200 214.4759 378.4272
v  731.2200 195.4516 354.6326
v  731.2200 173.7470 336.9518
v  731.2200 145.5062 328.4809
v  731.2200 169.0572 339.3687
v  731.2200 209.7861 380.8442
v  731.2200 244.1444 478.8087
v  731.2200 292.6432 933.6490
v  731.2200 237.0003 442.9161
v  731.2200 225.3989 409.8378
v  731.2200 190.7618 357.0497
v  731.2200 121.0141 320.7798
v  748.3787 244.1444 478.8087
v  748.3787 292.6432 933.6490
v  748.3788 241.6901 440.4992
v  748.3788 237.0004 442.9161
v  748.3788 225.3989 409.8378
v  748.3788 230.0887 407.4208
v  748.3788 214.4759 378.4272
v  748.3788 209.7862 380.8442
v  748.3787 190.7618 357.0497
v  748.3787 195.4517 354.6326
v  748.3787 173.7470 336.9518
v  748.3787 169.0572 339.3687
v  748.3787 145.5062 328.4809
v  748.3787 121.0141 320.7798
v  834.1731 292.6432 933.6490
v  834.1729 244.1444 478.8087
v  834.1729 237.0004 442.9163
v  834.1729 225.3989 409.8378
v  834.1729 209.7861 380.8442
v  834.1729 190.7618 357.0496
v  834.1729 169.0572 339.3687
v  834.1729 145.5062 328.4808
v  834.1729 121.0141 320.7798
v  834.1728 241.6901 440.4994
v  834.1727 230.0888 407.4208
v  834.1727 214.4759 378.4271
v  834.1727 195.4516 354.6326
v  834.1728 173.7469 336.9518
v  902.8083 173.7470 336.9517
v  902.8083 145.5062 328.4808
v  902.8083 195.4516 354.6325
v  902.8083 169.0572 339.3686
v  902.8082 214.4759 378.4271
v  902.8082 230.0888 407.4207
v  902.8083 209.7861 380.8440
v  902.8082 241.6901 440.4993
v  902.8083 244.1443 478.8087
v  902.8085 292.6431 933.6490
v  902.8083 237.0003 442.9163
v  902.8083 225.3989 409.8377
v  902.8083 190.7618 357.0496
v  902.8083 121.0141 320.7799
v  919.9673 121.0141 320.7799
v  988.6026 121.0141 320.7799
v  988.6026 145.5062 328.4810
v  988.6026 173.7469 336.9517
v  988.6025 195.4516 354.6325
v  988.6026 169.0571 339.3688
v  988.6025 214.4759 378.4271
v  988.6025 230.0887 407.4207
v  988.6026 209.7861 380.8440
v  988.6025 241.6901 440.4993
v  988.6026 244.1443 478.8087
v  988.6028 292.6432 933.6490
v  988.6026 237.0003 442.9163
v  988.6026 225.3989 409.8378
v  988.6026 190.7618 357.0496
v  919.9673 173.7470 336.9517
v  1005.7615 121.0141 320.7799
v  1005.7615 173.7469 336.9517
v  1074.3969 173.7469 336.9517
v  1074.3970 145.5062 328.4808
v  1074.3967 195.4516 354.6325
v  1074.3970 169.0572 339.3687
v  1074.3966 214.4759 378.4271
v  1074.3966 230.0887 407.4207
v  1074.3970 209.7861 380.8440
v  1074.3966 241.6901 440.4993
v  1074.3970 244.1444 478.8087
v  1074.3970 292.6431 933.6490
v  1074.3970 237.0003 442.9163
v  1074.3970 225.3989 409.8378
v  1074.3970 190.7618 357.0496
v  1074.3970 121.0141 320.7797
v  1091.5558 121.0141 320.7797
v  1091.5557 173.7469 336.9517
v  1091.5557 195.4516 354.6325
v  1091.5555 214.4759 378.4271
v  1091.5555 230.0887 407.4207
v  1091.5557 241.6901 440.4993
v  1263.1443 292.6432 933.6491
v  1263.1445 244.1444 478.8085
v  1263.1445 237.0004 442.9163
v  1263.1445 225.3989 409.8376
v  1263.1445 209.7861 380.8441
v  1263.1445 190.7618 357.0494
v  1263.1443 169.0572 339.3687
v  1263.1443 145.5062 328.4808
v  1263.1443 121.0141 320.7798
v  1263.1445 241.6901 440.4993
v  1263.1445 230.0887 407.4207
v  1263.1445 214.4759 378.4269
v  1263.1445 195.4516 354.6326
v  1263.1443 173.7469 336.9517
v  1417.5741 241.6901 440.4993
v  1417.5741 230.0887 407.4207
v  1417.5741 214.4759 378.4271
v  1417.5741 195.4516 354.6325
v  1417.5741 173.7469 336.9517
v  1417.5741 190.7618 357.0496
v  1417.5741 237.0003 442.9163
v  1417.5741 244.1444 478.8086
v  1417.5741 292.6431 933.6491
v  1417.5741 225.3989 409.8377
v  1417.5741 209.7861 380.8441
v  1417.5741 169.0571 339.3687
v  1417.5741 145.5062 328.4809
v  1417.5741 121.0141 320.7798
v  1434.7329 121.0141 320.7798
v  1434.7329 173.7469 336.9517
v  1503.3684 173.7469 336.9516
v  1503.3683 121.0141 320.7797
v  1503.3684 244.1444 478.8086
v  1503.3684 292.6431 933.6491
v  1503.3683 145.5062 328.4808
v  1503.3684 169.0571 339.3687
v  1503.3684 190.7618 357.0495
v  1503.3684 209.7861 380.8440
v  1503.3684 225.3989 409.8377
v  1503.3684 237.0003 442.9163
v  1503.3684 241.6901 440.4991
v  1434.7330 241.6901 440.4993
v  1434.7330 292.6432 933.6491
v  1091.5558 292.6432 933.6490
v  1005.7613 241.6901 440.4993
v  1005.7613 195.4516 354.6325
v  1005.7615 169.0572 339.3688
v  1005.7615 145.5062 328.4810
v  1005.7615 190.7618 357.0496
v  1005.7615 209.7861 380.8440
v  1005.7615 244.1444 478.8087
v  1005.7615 292.6432 933.6490
v  1005.7615 237.0004 442.9163
v  1005.7615 225.3989 409.8378
v  1005.7613 230.0887 407.4207
v  1005.7613 214.4759 378.4271
v  919.9673 241.6901 440.4993
v  919.9673 244.1444 478.8087
v  919.9673 230.0888 407.4207
v  919.9673 214.4759 378.4271
v  919.9673 225.3990 409.8377
v  919.9673 195.4516 354.6325
v  919.9673 190.7618 357.0496
v  919.9673 145.5062 328.4808
v  919.9673 169.0572 339.3686
v  919.9673 209.7861 380.8440
v  919.9673 237.0004 442.9163
v  919.9673 292.6432 933.6490
v  1091.5558 145.5062 328.4808
v  1091.5558 190.7618 357.0496
v  1091.5558 169.0572 339.3687
v  1091.5558 209.7861 380.8440
v  1091.5558 225.3990 409.8378
v  1091.5558 244.1444 478.8087
v  1091.5558 237.0004 442.9163
v  1434.7329 145.5062 328.4809
v  1434.7330 244.1444 478.8087
v  1434.7330 237.0004 442.9164
v  1434.7330 225.3989 409.8377
v  1434.7330 230.0887 407.4207
v  1434.7330 214.4759 378.4271
v  1434.7330 209.7861 380.8441
v  1434.7329 190.7618 357.0496
v  1434.7329 195.4516 354.6325
v  1434.7329 169.0572 339.3687
v  1503.3684 195.4516 354.6325
v  1503.3684 214.4759 378.4270
v  1503.3684 230.0887 407.4207
v  589.9772 55.3999 321.5688
v  592.8342 55.3999 321.5688
v  592.8342 52.8890 321.5688
v  589.9772 52.8890 321.5688
v  592.8342 55.4000 902.5209
v  592.8342 52.8891 902.5209
v  589.9772 55.4000 902.5209
v  589.9772 52.8891 902.5209
v  1625.8120 256.7932 931.9110
v  1625.8123 0.1612 893.9118
v  1614.3844 0.1612 893.9118
v  1614.3842 256.7932 931.9110
v  1625.8120 257.2089 939.6259
v  1625.8123 0.1612 901.5651
v  1614.3844 0.1612 901.5651
v  1614.3842 257.2089 939.6259
v  540.1547 10.2045 322.3876
v  1625.8120 10.2045 322.3875
v  1625.8120 0.1611 322.3875
v  540.1547 0.1611 322.3876
v  1625.8123 10.2047 903.0742
v  1625.8123 0.1612 901.5759
v  540.1548 10.2047 903.0743
v  540.1548 0.1612 901.5760
v  546.8923 256.7933 931.9110
v  546.8923 0.1612 893.9120
v  535.4644 0.1612 893.9120
v  535.4644 256.7933 931.9110
v  546.8923 257.2089 939.6257
v  546.8923 0.1612 901.5653
v  535.4644 0.1612 901.5653
v  535.4644 257.2089 939.6257
v  -531.2688 256.7933 931.9109
v  -531.2688 0.1612 893.9118
v  -542.6968 0.1612 893.9118
v  -542.6968 256.7933 931.9109
v  -531.2687 257.2089 939.6256
v  -531.2688 0.1612 901.5652
v  -542.6968 0.1612 901.5652
v  -542.6968 257.2089 939.6256
v  -542.6967 10.2045 322.3875
v  542.9606 10.2046 322.3874
v  542.9606 0.1611 322.3874
v  -542.6967 0.1611 322.3875
v  542.9607 10.2047 903.0742
v  542.9607 0.1612 901.5757
v  -542.6967 10.2047 903.0742
v  -542.6967 0.1612 901.5759
v  -1625.8785 0.1612 323.0934
v  -1625.8787 88.0412 347.0623
v  1620.0986 88.0411 347.0625
v  1620.0986 0.1611 323.0934
v  -1625.8788 256.9740 934.6453
v  -1625.8788 211.1715 505.0911
v  -1625.8787 204.0274 469.1988
v  -1625.8787 192.4261 436.1201
v  -1625.8787 176.8132 407.1266
v  -1625.8787 157.7889 383.3321
v  -1625.8787 136.0843 365.6512
v  -1625.8787 112.5333 354.7633
v  -1625.8785 0.1613 896.3792
v  1620.0986 112.5332 354.7634
v  1620.0986 136.0842 365.6513
v  1620.0986 157.7888 383.3322
v  1620.0986 176.8131 407.1266
v  1620.0986 192.4259 436.1203
v  1620.0986 204.0273 469.1989
v  1620.0985 211.1714 505.0912
v  1620.0984 256.9739 934.6454
v  1620.0986 0.1612 896.3795
v  -1629.1400 0.1611 297.1119
v  -1629.1404 113.1497 327.9291
v  1625.5074 113.1496 327.9293
v  1625.5074 0.1611 297.1121
v  1625.5074 0.1611 323.0934
v  -1629.1403 0.1611 323.0932
v  -1629.1404 289.1996 982.2595
v  -1629.1403 236.2800 485.9580
v  -1629.1403 229.1360 450.0656
v  -1629.1404 211.1715 505.0910
v  -1629.1403 217.5346 416.9870
v  -1629.1403 201.9218 387.9934
v  -1629.1404 161.1928 346.5180
v  -1629.1404 182.8974 364.1990
v  -1629.1404 137.6419 335.6302
v  -1629.1404 88.0412 347.0623
v  -1629.1404 112.5333 354.7632
v  -1629.1404 136.0843 365.6512
v  -1629.1403 157.7889 383.3320
v  -1629.1403 176.8132 407.1265
v  -1629.1403 192.4261 436.1201
v  -1629.1403 204.0274 469.1988
v  -1629.1404 262.0510 982.2595
v  1625.5074 137.6417 335.6302
v  1625.5074 88.0411 347.0623
v  1625.5074 112.5332 354.7634
v  1625.5074 136.0841 365.6513
v  1625.5074 182.8974 364.1992
v  1625.5074 161.1927 346.5182
v  1625.5074 157.7888 383.3320
v  1625.5074 176.8131 407.1266
v  1625.5071 192.4259 436.1203
v  1625.5071 204.0273 469.1989
v  1625.5074 201.9216 387.9935
v  1625.5074 217.5345 416.9872
v  1625.5071 236.2799 485.9581
v  1625.5071 229.1358 450.0658
v  1625.5070 211.1714 505.0912
v  1625.5070 262.0509 982.2599
v  1625.5072 289.1996 982.2599
v  546.5185 256.7933 931.9110
v  546.5185 0.1612 893.9118
v  535.0905 0.1612 893.9118
v  535.0905 256.7933 931.9110
v  546.5185 257.2089 939.6257
v  546.5185 0.1612 901.5652
v  535.0905 0.1612 901.5652
v  535.0905 257.2089 939.6257
v  1621.7979 156.1257 381.9773
v  1621.7979 0.1611 358.7403
v  -1627.6526 0.1611 358.7402
v  -1627.6526 156.1257 381.9771
v  1621.7979 158.5207 384.2474
v  1621.7979 0.1611 360.6536
v  1621.7979 157.7888 383.3322
v  -1627.6526 0.1611 360.6534
v  -1627.6526 158.5207 384.2473
v  -1627.6526 157.7889 383.3319
v  1621.7979 186.2971 424.7386
v  1621.7979 0.1611 397.0064
v  -1627.6526 0.1611 397.0063
v  -1627.6526 186.2971 424.7385
v  1621.7979 187.4172 426.8189
v  1621.7979 0.1611 398.9197
v  -1627.6526 0.1611 398.9195
v  -1627.6526 187.4173 426.8187
v  1621.7979 202.7127 465.4506
v  1621.7979 0.1611 435.2726
v  -1627.6526 0.1611 435.2724
v  -1627.6526 202.7128 465.4504
v  1621.7979 203.4208 467.4693
v  1621.7979 0.1611 437.1858
v  -1627.6526 0.1611 437.1857
v  -1627.6526 203.4208 467.4691
v  1621.7977 211.1480 504.9734
v  1621.7979 0.1611 473.5387
v  -1627.6526 0.1611 473.5385
v  -1627.6528 211.1480 504.9732
v  1621.7977 211.3663 506.9193
v  1621.7979 0.1611 475.4520
v  1621.7977 211.1714 505.0911
v  -1627.6526 0.1611 475.4518
v  -1627.6528 211.3664 506.9191
v  -1627.6528 211.1714 505.0910
v  1621.7977 215.3051 543.8589
v  1621.7977 0.1611 511.8048
v  -1627.6528 0.1611 511.8047
v  -1627.6528 215.3052 543.8588
v  1621.7977 215.5125 545.8030
v  1621.7977 0.1611 513.7181
v  -1627.6528 0.1611 513.7180
v  -1627.6528 215.5125 545.8029
v  1621.7977 219.4512 582.7428
v  1621.7977 0.1611 550.0709
v  -1627.6528 0.1611 550.0707
v  -1627.6528 219.4513 582.7426
v  1621.7977 219.6585 584.6868
v  1621.7977 0.1611 551.9844
v  -1627.6528 0.1611 551.9842
v  -1627.6528 219.6586 584.6866
v  1621.7977 223.5974 621.6266
v  1621.7977 0.1611 588.3370
v  -1627.6528 0.1611 588.3369
v  -1627.6528 223.5974 621.6264
v  1621.7977 223.8047 623.5709
v  1621.7977 0.1611 590.2505
v  -1627.6528 0.1611 590.2501
v  -1627.6528 223.8047 623.5707
v  1621.7977 227.7434 660.5104
v  1621.7977 0.1611 626.6033
v  -1627.6528 0.1611 626.6031
v  -1627.6528 227.7435 660.5103
v  1621.7977 227.9507 662.4547
v  1621.7977 0.1611 628.5166
v  -1627.6528 0.1611 628.5164
v  -1627.6528 227.9508 662.4546
v  1621.7977 231.8896 699.3943
v  1621.7977 0.1612 664.8692
v  -1627.6528 0.1612 664.8691
v  -1627.6528 231.8896 699.3943
v  1621.7977 232.0969 701.3386
v  1621.7977 0.1612 666.7827
v  -1627.6528 0.1612 666.7825
v  -1627.6528 232.0969 701.3386
v  1621.7977 236.0357 738.2781
v  1621.7977 0.1612 703.1355
v  -1627.6528 0.1612 703.1354
v  -1627.6528 236.0357 738.2779
v  1621.7977 236.2430 740.2225
v  1621.7977 0.1612 705.0487
v  -1627.6528 0.1612 705.0486
v  -1627.6528 236.2430 740.2224
v  1621.7977 240.1818 777.1620
v  1621.7977 0.1612 741.4017
v  -1627.6528 0.1612 741.4014
v  -1627.6528 240.1818 777.1619
v  1621.7977 240.3891 779.1063
v  1621.7977 0.1612 743.3147
v  -1627.6528 0.1612 743.3148
v  -1627.6528 240.3891 779.1062
v  1621.7977 244.3279 816.0458
v  1621.7977 0.1612 779.6677
v  -1627.6528 0.1612 779.6677
v  -1627.6528 244.3279 816.0458
v  1621.7977 244.5352 817.9901
v  1621.7977 0.1612 781.5810
v  -1627.6528 0.1612 781.5809
v  -1627.6528 244.5352 817.9900
v  1621.7977 248.4740 854.9299
v  1621.7977 0.1612 817.9337
v  -1627.6528 0.1612 817.9336
v  -1627.6528 248.4740 854.9296
v  1621.7977 248.6813 856.8739
v  1621.7977 0.1612 819.8471
v  -1627.6528 0.1612 819.8470
v  -1627.6528 248.6813 856.8738
v  1621.7977 252.6201 893.8137
v  1621.7977 0.1612 856.2000
v  -1627.6528 0.1612 856.1999
v  -1627.6528 252.6201 893.8135
v  1621.7977 252.8274 895.7578
v  1621.7977 0.1612 858.1132
v  -1627.6528 0.1612 858.1132
v  -1627.6528 252.8274 895.7576
v  -571.2667 0.1611 284.1214
v  -571.2667 125.7039 318.3628
v  -437.4258 125.7039 318.3627
v  -437.4258 63.0768 301.2814
v  -420.2668 63.0768 301.2814
v  -420.2668 125.7039 318.3627
v  -351.6315 125.7039 318.3627
v  -351.6315 63.0768 301.2815
v  -334.4727 63.0768 301.2815
v  -334.4726 125.7039 318.3627
v  -265.8372 125.7039 318.3627
v  -265.8372 63.0768 301.2814
v  -248.6784 63.0768 301.2814
v  -248.6783 125.7039 318.3627
v  -180.0429 125.7039 318.3627
v  -180.0430 63.0768 301.2814
v  -162.8841 63.0768 301.2814
v  -162.8842 125.7039 318.3627
v  -94.2486 125.7039 318.3627
v  -94.2487 63.0768 301.2814
v  -77.0899 63.0768 301.2814
v  -77.0898 125.7039 318.3627
v  -8.4542 125.7039 318.3627
v  -8.4544 63.0768 301.2814
v  8.7044 63.0768 301.2814
v  8.7045 125.7039 318.3627
v  77.3398 125.7039 318.3627
v  77.3398 63.0768 301.2814
v  94.4987 63.0768 301.2814
v  94.4987 125.7039 318.3627
v  163.1340 125.7039 318.3627
v  163.1341 63.0768 301.2814
v  180.2930 63.0768 301.2814
v  180.2929 125.7039 318.3627
v  248.9284 125.7038 318.3627
v  248.9284 63.0768 301.2814
v  266.0872 63.0768 301.2814
v  266.0872 125.7038 318.3627
v  334.7227 125.7039 318.3627
v  334.7227 63.0768 301.2814
v  351.8816 63.0768 301.2814
v  351.8816 125.7039 318.3627
v  420.5170 125.7038 318.3627
v  420.5170 63.0768 301.2813
v  437.6758 63.0768 301.2813
v  437.6758 125.7038 318.3627
v  571.5309 125.7038 318.3627
v  571.5309 0.1610 284.1213
v  -571.2667 0.1611 297.1120
v  571.5309 0.1610 297.1119
v  -571.2666 305.5026 1007.8502
v  -571.2667 248.8342 476.3916
v  -571.2667 241.6902 440.4992
v  -571.2667 236.2800 485.9581
v  -571.2667 230.0888 407.4207
v  -571.2667 214.4760 378.4270
v  -571.2667 173.7470 336.9517
v  -571.2667 195.4517 354.6326
v  -571.2667 150.1961 326.0638
v  -571.2667 113.1496 327.9293
v  -571.2667 137.6418 335.6304
v  -571.2667 161.1927 346.5182
v  -571.2667 182.8974 364.1992
v  -571.2667 201.9217 387.9936
v  -571.2667 217.5345 416.9872
v  -571.2667 229.1359 450.0658
v  -571.2666 291.9283 1007.8502
v  -437.4258 150.1961 326.0637
v  -437.4258 63.0768 304.9775
v  -420.2668 63.0768 304.9775
v  -420.2668 297.5907 933.6490
v  -420.2669 248.8342 476.3915
v  -420.2668 241.6901 440.4992
v  -420.2668 244.1444 478.8086
v  -420.2668 230.0888 407.4207
v  -420.2668 214.4759 378.4270
v  -420.2668 225.3990 409.8376
v  -420.2668 195.4517 354.6324
v  -420.2668 173.7470 336.9517
v  -420.2668 190.7618 357.0495
v  -420.2668 150.1960 326.0637
v  -420.2668 121.0141 320.7798
v  -420.2668 145.5062 328.4808
v  -420.2668 169.0572 339.3687
v  -420.2668 209.7861 380.8440
v  -420.2668 237.0004 442.9161
v  -420.2668 292.6432 933.6490
v  -351.6315 150.1960 326.0638
v  -351.6315 63.0768 304.9776
v  -334.4727 63.0768 304.9776
v  -334.4726 150.1960 326.0638
v  -265.8372 150.1960 326.0638
v  -265.8372 145.5062 328.4808
v  -265.8372 173.7470 336.9517
v  -265.8372 195.4517 354.6324
v  -265.8372 169.0572 339.3686
v  -265.8372 214.4759 378.4269
v  -265.8372 230.0888 407.4207
v  -265.8372 209.7861 380.8440
v  -265.8372 241.6901 440.4991
v  -265.8372 248.8342 476.3915
v  -265.8372 244.1444 478.8085
v  -265.8372 297.5906 933.6490
v  -265.8372 292.6431 933.6490
v  -265.8372 237.0003 442.9161
v  -265.8372 225.3989 409.8376
v  -265.8372 190.7618 357.0495
v  -265.8372 121.0141 320.7798
v  -265.8372 63.0768 304.9775
v  -248.6784 63.0768 304.9775
v  -248.6784 150.1960 326.0638
v  -180.0430 150.1960 326.0638
v  -180.0430 63.0768 304.9775
v  -162.8841 63.0768 304.9775
v  -162.8841 150.1960 326.0638
v  -94.2487 150.1960 326.0638
v  -94.2487 63.0768 304.9775
v  -77.0899 63.0768 304.9775
v  -77.0898 150.1960 326.0638
v  -8.4543 150.1960 326.0638
v  -8.4544 63.0768 304.9775
v  8.7044 63.0768 304.9775
v  8.7044 150.1960 326.0638
v  77.3398 150.1960 326.0638
v  77.3398 145.5062 328.4807
v  77.3398 173.7469 336.9516
v  77.3398 195.4516 354.6325
v  77.3398 169.0572 339.3686
v  77.3398 214.4759 378.4269
v  77.3398 230.0887 407.4205
v  77.3398 209.7861 380.8441
v  77.3398 241.6901 440.4991
v  77.3398 248.8342 476.3915
v  77.3398 244.1444 478.8085
v  77.3399 297.5906 933.6490
v  77.3399 292.6431 933.6490
v  77.3398 237.0003 442.9162
v  77.3398 225.3989 409.8376
v  77.3398 190.7618 357.0494
v  77.3398 121.0141 320.7798
v  77.3398 63.0768 304.9775
v  94.4987 63.0768 304.9775
v  94.4987 297.5906 933.6490
v  94.4987 248.8342 476.3915
v  94.4987 241.6901 440.4991
v  94.4987 244.1444 478.8085
v  94.4987 230.0887 407.4205
v  94.4987 214.4759 378.4269
v  94.4987 225.3989 409.8376
v  94.4987 195.4516 354.6325
v  94.4987 173.7469 336.9516
v  94.4987 190.7618 357.0494
v  94.4987 150.1960 326.0638
v  94.4987 121.0141 320.7798
v  94.4987 145.5062 328.4807
v  94.4987 169.0572 339.3686
v  94.4987 209.7861 380.8441
v  94.4987 237.0004 442.9162
v  94.4987 292.6432 933.6490
v  163.1341 150.1960 326.0638
v  163.1341 145.5062 328.4807
v  163.1341 173.7469 336.9517
v  163.1341 195.4516 354.6325
v  163.1341 169.0572 339.3687
v  163.1341 214.4759 378.4269
v  163.1341 230.0888 407.4206
v  163.1341 209.7861 380.8440
v  163.1341 241.6901 440.4991
v  163.1341 248.8342 476.3915
v  163.1341 244.1444 478.8085
v  163.1341 297.5906 933.6489
v  163.1341 292.6431 933.6489
v  163.1341 237.0003 442.9163
v  163.1341 225.3989 409.8377
v  163.1341 190.7618 357.0495
v  163.1340 121.0141 320.7798
v  163.1341 63.0768 304.9775
v  180.2930 63.0768 304.9775
v  180.2930 150.1960 326.0638
v  248.9284 150.1960 326.0638
v  248.9284 145.5062 328.4807
v  248.9284 173.7469 336.9515
v  248.9284 195.4516 354.6325
v  248.9284 169.0572 339.3687
v  248.9284 214.4759 378.4270
v  248.9284 230.0887 407.4206
v  248.9284 209.7861 380.8441
v  248.9284 241.6901 440.4991
v  248.9284 248.8342 476.3915
v  248.9284 244.1444 478.8085
v  248.9284 297.5906 933.6490
v  248.9284 292.6432 933.6490
v  248.9284 237.0003 442.9161
v  248.9284 225.3989 409.8377
v  248.9284 190.7618 357.0495
v  248.9284 121.0141 320.7798
v  248.9284 63.0768 304.9775
v  266.0872 63.0768 304.9775
v  266.0873 297.5906 933.6490
v  266.0872 248.8342 476.3915
v  266.0872 241.6901 440.4991
v  266.0872 244.1444 478.8085
v  266.0872 230.0887 407.4206
v  266.0872 214.4759 378.4270
v  266.0872 225.3990 409.8377
v  266.0872 195.4516 354.6325
v  266.0872 173.7469 336.9515
v  266.0872 190.7618 357.0495
v  266.0872 150.1960 326.0638
v  266.0872 121.0141 320.7798
v  266.0872 145.5062 328.4807
v  266.0872 169.0572 339.3687
v  266.0872 209.7861 380.8441
v  266.0872 237.0004 442.9161
v  266.0873 292.6432 933.6490
v  334.7227 150.1960 326.0638
v  334.7227 63.0768 304.9775
v  351.8816 63.0768 304.9775
v  351.8816 150.1960 326.0638
v  420.5170 150.1960 326.0638
v  420.5170 63.0768 304.9775
v  437.6758 63.0768 304.9775
v  437.6758 297.5906 933.6491
v  437.6758 248.8341 476.3916
v  437.6758 241.6901 440.4991
v  437.6758 244.1444 478.8086
v  437.6758 230.0887 407.4206
v  437.6758 214.4759 378.4270
v  437.6758 225.3990 409.8376
v  437.6758 195.4516 354.6325
v  437.6758 173.7469 336.9516
v  437.6758 190.7618 357.0494
v  437.6758 150.1960 326.0637
v  437.6758 121.0141 320.7796
v  437.6758 145.5062 328.4807
v  437.6758 169.0572 339.3685
v  437.6758 209.7862 380.8440
v  437.6758 237.0004 442.9163
v  437.6758 292.6432 933.6491
v  571.5309 150.1960 326.0637
v  571.5309 113.1496 327.9293
v  571.5309 137.6417 335.6302
v  571.5310 195.4516 354.6324
v  571.5310 173.7469 336.9516
v  571.5310 161.1926 346.5181
v  571.5310 182.8973 364.1991
v  571.5308 201.9216 387.9934
v  571.5308 217.5344 416.9871
v  571.5308 248.8342 476.3915
v  571.5308 214.4759 378.4270
v  571.5308 230.0887 407.4206
v  571.5308 241.6901 440.4991
v  571.5308 229.1358 450.0657
v  571.5308 236.2799 485.9581
v  571.5309 291.9282 1007.8503
v  571.5309 305.5025 1007.8503
v  420.5169 297.5906 933.6491
v  420.5169 248.8342 476.3916
v  351.8815 248.8342 476.3915
v  351.8816 297.5906 933.6491
v  334.7227 297.5906 933.6490
v  334.7227 248.8342 476.3915
v  180.2930 248.8342 476.3915
v  180.2930 297.5906 933.6489
v  8.7043 248.8342 476.3916
v  8.7044 297.5906 933.6490
v  -8.4544 297.5906 933.6490
v  -8.4547 248.8342 476.3916
v  -77.0900 248.8342 476.3916
v  -77.0898 297.5906 933.6490
v  -94.2487 297.6157 933.6490
v  -94.2488 248.8342 476.3916
v  -162.8841 248.8342 476.3915
v  -162.8841 297.5906 933.6490
v  -180.0430 297.5906 933.6490
v  -180.0431 248.8342 476.3915
v  -248.6785 248.8342 476.3915
v  -248.6784 297.5906 933.6490
v  -334.4727 248.8342 476.3915
v  -334.4726 297.5907 933.6490
v  -351.6315 297.5907 933.6490
v  -351.6316 248.8342 476.3915
v  -437.4257 297.5907 933.6490
v  -437.4258 248.8342 476.3915
v  -437.4257 241.6901 440.4992
v  -437.4257 230.0888 407.4207
v  -437.4257 214.4759 378.4270
v  -437.4257 195.4517 354.6326
v  -437.4257 173.7470 336.9517
v  -437.4258 145.5062 328.4808
v  -437.4257 169.0572 339.3687
v  -437.4257 209.7861 380.8440
v  -437.4258 244.1444 478.8086
v  -437.4257 292.6432 933.6490
v  -437.4257 237.0003 442.9161
v  -437.4257 225.3990 409.8376
v  -437.4257 190.7618 357.0495
v  -437.4258 121.0141 320.7798
v  -351.6314 241.6902 440.4992
v  -351.6314 230.0888 407.4207
v  -351.6314 214.4759 378.4271
v  -351.6315 195.4517 354.6324
v  -351.6315 173.7470 336.9517
v  -351.6315 145.5062 328.4808
v  -351.6315 169.0572 339.3687
v  -351.6314 209.7861 380.8440
v  -351.6315 244.1444 478.8086
v  -351.6315 292.6432 933.6490
v  -351.6314 237.0003 442.9162
v  -351.6314 225.3990 409.8377
v  -351.6315 190.7618 357.0496
v  -351.6315 121.0141 320.7798
v  -334.4726 244.1444 478.8085
v  -334.4726 292.6432 933.6490
v  -334.4726 241.6901 440.4992
v  -334.4726 237.0004 442.9162
v  -334.4726 225.3990 409.8377
v  -334.4726 230.0888 407.4207
v  -334.4726 214.4759 378.4271
v  -334.4726 209.7862 380.8440
v  -334.4726 190.7618 357.0496
v  -334.4726 195.4517 354.6324
v  -334.4726 173.7470 336.9517
v  -334.4726 169.0572 339.3687
v  -334.4726 145.5062 328.4808
v  -334.4726 121.0141 320.7798
v  -248.6784 292.6432 933.6490
v  -248.6784 244.1444 478.8086
v  -248.6784 237.0004 442.9162
v  -248.6783 225.3990 409.8376
v  -248.6784 209.7861 380.8440
v  -248.6784 190.7618 357.0495
v  -248.6784 169.0572 339.3686
v  -248.6784 145.5062 328.4808
v  -248.6784 121.0141 320.7798
v  -248.6786 241.6901 440.4992
v  -248.6786 230.0888 407.4207
v  -248.6786 214.4759 378.4269
v  -248.6786 195.4517 354.6324
v  -248.6785 173.7470 336.9517
v  -180.0430 173.7470 336.9516
v  -180.0430 145.5062 328.4808
v  -180.0430 195.4516 354.6324
v  -180.0430 169.0572 339.3686
v  -180.0431 214.4759 378.4269
v  -180.0431 230.0888 407.4206
v  -180.0430 209.7861 380.8440
v  -180.0431 241.6901 440.4992
v  -180.0430 244.1444 478.8086
v  -180.0430 292.6432 933.6490
v  -180.0430 237.0003 442.9162
v  -180.0430 225.3989 409.8376
v  -180.0430 190.7618 357.0495
v  -180.0430 121.0141 320.7798
v  -162.8841 121.0141 320.7798
v  -94.2487 121.0141 320.7798
v  -94.2487 145.5062 328.4809
v  -94.2487 173.7469 336.9517
v  -94.2488 195.4516 354.6325
v  -94.2487 169.0571 339.3686
v  -94.2488 214.4759 378.4269
v  -94.2489 230.0888 407.4207
v  -94.2487 209.7861 380.8441
v  -94.2489 241.6901 440.4993
v  -94.2487 244.1444 478.8085
v  -94.2487 292.6432 933.6490
v  -94.2487 237.0003 442.9162
v  -94.2487 225.3989 409.8376
v  -94.2487 190.7618 357.0495
v  -162.8841 173.7470 336.9516
v  -77.0898 121.0141 320.7798
v  -77.0899 173.7469 336.9517
v  -8.4545 173.7469 336.9517
v  -8.4544 145.5062 328.4809
v  -8.4546 195.4516 354.6325
v  -8.4544 169.0572 339.3686
v  -8.4547 214.4759 378.4269
v  -8.4547 230.0888 407.4207
v  -8.4544 209.7861 380.8441
v  -8.4547 241.6901 440.4991
v  -8.4545 244.1444 478.8085
v  -8.4544 292.6432 933.6490
v  -8.4544 237.0003 442.9162
v  -8.4544 225.3989 409.8376
v  -8.4544 190.7618 357.0495
v  -8.4544 121.0141 320.7798
v  8.7044 121.0141 320.7798
v  8.7043 173.7470 336.9517
v  8.7043 195.4516 354.6325
v  8.7043 214.4759 378.4269
v  8.7042 230.0887 407.4207
v  8.7043 241.6901 440.4991
v  180.2930 292.6432 933.6489
v  180.2930 244.1444 478.8085
v  180.2930 237.0004 442.9163
v  180.2930 225.3990 409.8377
v  180.2930 209.7862 380.8440
v  180.2930 190.7618 357.0495
v  180.2930 169.0572 339.3687
v  180.2930 145.5062 328.4807
v  180.2930 121.0141 320.7798
v  180.2930 241.6901 440.4991
v  180.2930 230.0888 407.4206
v  180.2930 214.4759 378.4269
v  180.2930 195.4516 354.6325
v  180.2930 173.7469 336.9517
v  334.7227 241.6901 440.4991
v  334.7227 230.0887 407.4206
v  334.7227 214.4759 378.4270
v  334.7227 195.4516 354.6324
v  334.7227 173.7469 336.9515
v  334.7227 190.7618 357.0495
v  334.7227 237.0003 442.9161
v  334.7227 244.1444 478.8084
v  334.7227 292.6432 933.6490
v  334.7227 225.3989 409.8376
v  334.7227 209.7861 380.8440
v  334.7227 169.0572 339.3685
v  334.7227 145.5062 328.4807
v  334.7227 121.0141 320.7796
v  351.8816 121.0141 320.7796
v  351.8816 173.7469 336.9515
v  420.5170 173.7469 336.9516
v  420.5170 121.0141 320.7796
v  420.5170 244.1444 478.8086
v  420.5169 292.6432 933.6491
v  420.5170 145.5062 328.4808
v  420.5170 169.0572 339.3685
v  420.5170 190.7618 357.0494
v  420.5170 209.7861 380.8440
v  420.5170 225.3990 409.8376
v  420.5170 237.0003 442.9163
v  420.5170 241.6901 440.4991
v  351.8817 241.6901 440.4991
v  351.8816 292.6432 933.6491
v  8.7044 292.6432 933.6490
v  -77.0900 241.6901 440.4991
v  -77.0900 195.4516 354.6325
v  -77.0898 169.0572 339.3686
v  -77.0898 145.5062 328.4809
v  -77.0899 190.7618 357.0495
v  -77.0898 209.7861 380.8441
v  -77.0899 244.1444 478.8085
v  -77.0898 292.6432 933.6490
v  -77.0898 237.0004 442.9162
v  -77.0898 225.3990 409.8376
v  -77.0900 230.0887 407.4207
v  -77.0900 214.4759 378.4269
v  -162.8842 241.6901 440.4992
v  -162.8841 244.1444 478.8086
v  -162.8841 230.0888 407.4206
v  -162.8841 214.4759 378.4269
v  -162.8841 225.3990 409.8376
v  -162.8841 195.4516 354.6324
v  -162.8841 190.7618 357.0495
v  -162.8841 145.5062 328.4808
v  -162.8841 169.0572 339.3686
v  -162.8841 209.7862 380.8440
v  -162.8842 237.0004 442.9162
v  -162.8841 292.6432 933.6490
v  8.7044 145.5062 328.4809
v  8.7044 190.7618 357.0495
v  8.7044 169.0572 339.3686
v  8.7044 209.7862 380.8441
v  8.7044 225.3990 409.8376
v  8.7044 244.1444 478.8085
v  8.7044 237.0004 442.9162
v  351.8816 145.5062 328.4807
v  351.8816 244.1444 478.8086
v  351.8817 237.0004 442.9163
v  351.8817 225.3990 409.8376
v  351.8817 230.0887 407.4206
v  351.8817 214.4759 378.4270
v  351.8817 209.7862 380.8439
v  351.8816 190.7618 357.0495
v  351.8816 195.4516 354.6324
v  351.8816 169.0572 339.3685
v  420.5170 195.4516 354.6325
v  420.5170 214.4759 378.4270
v  420.5170 230.0887 407.4206
v  -740.9448 214.7147 30.4045
v  -740.9447 0.0032 62.3944
v  742.7400 0.0032 62.3944
v  742.7399 214.7147 30.4046
v  -740.9448 218.0118 27.2793
v  -740.9447 0.0032 59.7603
v  -740.9448 217.0044 28.5393
v  742.7400 0.0032 59.7605
v  742.7399 218.0118 27.2794
v  742.7399 217.0043 28.5394
v  -740.9448 256.2507 -28.4637
v  -740.9447 0.0031 9.7146
v  742.7400 0.0031 9.7147
v  742.7399 256.2507 -28.4636
v  -740.9448 257.7928 -31.3275
v  -740.9447 0.0031 7.0806
v  742.7400 0.0031 7.0807
v  742.7399 257.7928 -31.3274
v  -740.9448 278.8495 -84.5104
v  -740.9448 0.0032 -42.9652
v  742.7399 0.0032 -42.9651
v  742.7399 278.8495 -84.5104
v  -740.9448 279.8243 -87.2897
v  -740.9448 0.0032 -45.5992
v  742.7399 0.0032 -45.5991
v  742.7399 279.8243 -87.2895
v  -740.9448 290.4621 -138.9204
v  -740.9448 0.0031 -95.6450
v  742.7399 0.0031 -95.6449
v  742.7399 290.4621 -138.9202
v  -740.9448 290.7627 -141.5992
v  -740.9448 0.0031 -98.2790
v  -740.9448 290.4943 -139.0825
v  742.7399 0.0031 -98.2788
v  742.7399 290.7627 -141.5991
v  742.7399 290.4943 -139.0824
v  -740.9448 296.1851 -192.4529
v  -740.9448 0.0032 -148.3248
v  742.7399 0.0031 -148.3246
v  742.7399 296.1851 -192.4527
v  -740.9448 296.4705 -195.1293
v  -740.9448 0.0032 -150.9588
v  742.7399 0.0031 -150.9587
v  742.7399 296.4705 -195.1292
v  -740.9448 301.8929 -245.9830
v  -740.9448 0.0031 -201.0045
v  742.7399 0.0031 -201.0044
v  742.7399 301.8929 -245.9829
v  -740.9447 302.1783 -248.6595
v  -740.9448 0.0031 -203.6385
v  742.7399 0.0031 -203.6385
v  742.7400 302.1783 -248.6594
v  -740.9447 307.6007 -299.5132
v  -740.9447 0.0031 -253.6843
v  742.7400 0.0031 -253.6842
v  742.7400 307.6007 -299.5131
v  -740.9447 307.8861 -302.1897
v  -740.9447 0.0031 -256.3183
v  742.7400 0.0031 -256.3182
v  742.7400 307.8861 -302.1896
v  -740.9448 313.3085 -353.0434
v  -740.9447 0.0031 -306.3641
v  742.7400 0.0031 -306.3640
v  742.7400 313.3085 -353.0433
v  -740.9448 313.5939 -355.7199
v  -740.9447 0.0031 -308.9981
v  742.7400 0.0031 -308.9980
v  742.7400 313.5938 -355.7198
v  -740.9448 319.0162 -406.5736
v  -740.9447 0.0031 -359.0439
v  742.7400 0.0031 -359.0438
v  742.7400 319.0162 -406.5735
v  -740.9448 319.3017 -409.2501
v  -740.9447 0.0031 -361.6778
v  742.7400 0.0031 -361.6778
v  742.7400 319.3016 -409.2500
v  -740.9448 324.7241 -460.1038
v  -740.9447 0.0031 -411.7237
v  742.7400 0.0031 -411.7235
v  742.7400 324.7241 -460.1037
v  -740.9448 325.0095 -462.7802
v  -740.9447 0.0031 -414.3577
v  742.7400 0.0031 -414.3575
v  742.7400 325.0095 -462.7802
v  -740.9448 330.4319 -513.6339
v  -740.9447 0.0031 -464.4034
v  742.7400 0.0031 -464.4033
v  742.7400 330.4319 -513.6338
v  -740.9448 330.7173 -516.3105
v  -740.9447 0.0031 -467.0374
v  742.7400 0.0031 -467.0373
v  742.7400 330.7173 -516.3104
v  -740.9448 336.1396 -567.1641
v  -740.9447 0.0031 -517.0832
v  742.7400 0.0031 -517.0831
v  742.7400 336.1396 -567.1639
v  -740.9448 336.4250 -569.8406
v  -740.9447 0.0031 -519.7172
v  742.7400 0.0031 -519.7171
v  742.7400 336.4250 -569.8405
v  -740.9448 341.8474 -620.6944
v  -740.9447 0.0031 -569.7629
v  742.7400 0.0031 -569.7628
v  742.7400 341.8474 -620.6942
v  -740.9448 342.1329 -623.3707
v  -740.9447 0.0031 -572.3969
v  742.7400 0.0031 -572.3968
v  742.7400 342.1329 -623.3706
v  -740.9448 347.5553 -674.2244
v  -740.9447 0.0031 -622.4427
v  742.7400 0.0031 -622.4426
v  742.7400 347.5553 -674.2244
v  -740.9448 347.8407 -676.9009
v  -740.9447 0.0031 -625.0767
v  742.7400 0.0031 -625.0765
v  742.7400 347.8407 -676.9008
v  -746.4462 353.3003 -726.6722
v  -746.4462 0.0031 -674.3599
v  -730.7137 0.0031 -674.3599
v  -730.7137 353.3003 -726.6721
v  -746.4462 353.8724 -737.2929
v  -746.4462 0.0031 -684.8959
v  -730.7137 0.0031 -684.8958
v  -730.7137 353.8724 -737.2928
v  748.1439 0.0033 147.2360
v  748.1439 155.5509 104.8107
v  -746.4462 155.5509 104.8106
v  -746.4462 0.0033 147.2359
v  748.1440 410.5836 -914.8154
v  748.1439 325.0605 -112.7426
v  748.1439 315.2255 -63.3308
v  748.1439 290.4944 -139.0825
v  748.1439 299.2543 -17.7925
v  748.1439 277.7606 22.1221
v  748.1439 221.6904 79.2199
v  748.1439 251.5705 54.8792
v  748.1439 189.2686 94.2090
v  748.1439 0.0032 111.4683
v  748.1439 120.9848 78.4709
v  748.1439 154.7024 67.8690
v  748.1439 187.1243 52.8800
v  748.1439 217.0044 28.5394
v  748.1439 243.1945 -4.2177
v  748.1439 264.6882 -44.1324
v  748.1439 280.6594 -89.6706
v  748.1440 373.2089 -914.8154
v  -746.4462 189.2684 94.2089
v  -746.4462 120.9848 78.4708
v  -746.4462 0.0032 111.4682
v  -746.4462 154.7023 67.8690
v  -746.4462 187.1241 52.8800
v  -746.4462 251.5704 54.8792
v  -746.4462 221.6903 79.2198
v  -746.4462 217.0043 28.5392
v  -746.4462 243.1944 -4.2179
v  -746.4460 264.6880 -44.1325
v  -746.4460 280.6592 -89.6708
v  -746.4460 277.7605 22.1221
v  -746.4460 299.2542 -17.7926
v  -746.4460 325.0604 -112.7427
v  -746.4460 315.2253 -63.3308
v  -746.4460 290.4943 -139.0826
v  -746.4459 373.2089 -914.8156
v  -746.4459 410.5835 -914.8156
v  740.2778 0.0032 111.4683
v  740.2778 120.9849 78.4709
v  -738.5800 120.9848 78.4707
v  -738.5801 0.0032 111.4682
v  740.2778 353.5490 -730.4363
v  740.2778 290.4944 -139.0825
v  740.2778 280.6594 -89.6706
v  740.2778 264.6882 -44.1324
v  740.2778 243.1945 -4.2177
v  740.2778 217.0044 28.5394
v  740.2778 187.1243 52.8800
v  740.2778 154.7025 67.8690
v  740.2778 0.0031 -677.7565
v  -738.5800 154.7023 67.8690
v  -738.5800 187.1241 52.8799
v  -738.5800 217.0043 28.5392
v  -738.5800 243.1944 -4.2179
v  -738.5799 264.6881 -44.1325
v  -738.5799 280.6592 -89.6708
v  -738.5799 290.4943 -139.0826
v  -738.5798 353.5489 -730.4363
v  -738.5801 0.0031 -677.7565
v  748.1440 13.8297 112.4401
v  -746.4460 13.8297 112.4401
v  -746.4460 0.0032 112.4401
v  748.1440 0.0032 112.4401
v  -746.4462 13.8295 -686.9731
v  -746.4462 0.0031 -684.9104
v  748.1440 13.8295 -686.9729
v  748.1440 0.0031 -684.9102
v  732.4114 353.3003 -726.6721
v  732.4114 0.0031 -674.3598
v  748.1439 0.0031 -674.3597
v  748.1439 353.3003 -726.6719
v  732.4114 353.8724 -737.2928
v  732.4114 0.0031 -684.8958
v  748.1439 0.0031 -684.8957
v  748.1439 353.8724 -737.2927
v  -742.5133 7.9460 -681.9732
v  -738.5802 7.9460 -681.9732
v  -738.5802 7.9460 -681.9731
v  -742.5133 7.9460 -681.9731
v  -659.9175 7.9460 -681.9732
v  -659.9175 7.9460 -681.9731
v  -655.9844 7.9460 -681.9732
v  -655.9844 7.9460 -681.9731
v  -577.3217 7.9460 -681.9732
v  -577.3217 7.9460 -681.9731
v  -573.3885 7.9460 -681.9732
v  -573.3885 7.9460 -681.9731
v  -494.7259 7.9460 -681.9732
v  -490.7928 7.9460 -681.9732
v  -412.1301 7.9460 -681.9732
v  -408.1969 7.9460 -681.9732
v  -329.5342 7.9460 -681.9733
v  -329.5342 7.9460 -681.9732
v  -325.6011 7.9460 -681.9733
v  -325.6011 7.9460 -681.9732
v  -246.9384 7.9460 -681.9732
v  -243.0053 7.9460 -681.9732
v  -164.3427 7.9460 -681.9732
v  -160.4095 7.9460 -681.9732
v  -81.7469 7.9460 -681.9732
v  -77.8137 7.9460 -681.9732
v  0.8489 7.9460 -681.9732
v  4.7821 7.9460 -681.9732
v  83.4447 7.9460 -681.9732
v  87.3778 7.9460 -681.9732
v  166.0405 7.9460 -681.9732
v  169.9736 7.9459 -681.9732
v  248.6363 7.9460 -681.9732
v  252.5694 7.9460 -681.9731
v  331.2321 7.9460 -681.9732
v  335.1653 7.9460 -681.9732
v  413.8279 7.9460 -681.9732
v  417.7610 7.9460 -681.9732
v  496.4237 7.9460 -681.9732
v  500.3568 7.9460 -681.9732
v  579.0195 7.9460 -681.9733
v  579.0195 7.9460 -681.9732
v  582.9526 7.9459 -681.9733
v  582.9526 7.9459 -681.9732
v  661.6152 7.9459 -681.9733
v  661.6152 7.9459 -681.9732
v  665.5483 7.9459 -681.9733
v  665.5483 7.9459 -681.9732
v  744.2110 7.9459 -681.9733
v  744.2110 7.9459 -681.9732
v  748.1442 7.9459 -681.9732
v  748.1442 7.9459 -681.9731
v  661.6152 11.3364 -682.4804
v  665.5483 11.3364 -682.4804
v  -655.9844 11.3364 -682.4804
v  -577.3217 11.3364 -682.4804
v  -246.9384 11.3364 -682.4804
v  -243.0053 11.3364 -682.4804
v  87.3778 11.3364 -682.4804
v  166.0405 11.3364 -682.4804
v  496.4237 11.3364 -682.4804
v  500.3568 11.3364 -682.4804
v  -412.1301 11.3364 -682.4804
v  -408.1969 11.3364 -682.4804
v  -77.8137 11.3364 -682.4804
v  0.8489 11.3364 -682.4804
v  331.2321 11.3364 -682.4804
v  335.1653 11.3364 -682.4804
v  744.2110 11.3364 -682.4804
v  -573.3885 11.3364 -682.4804
v  -164.3427 11.3364 -682.4804
v  169.9736 11.3364 -682.4804
v  579.0195 11.3364 -682.4804
v  -742.5133 11.3364 -682.4804
v  -738.5802 11.3364 -682.4804
v  -329.5342 11.3364 -682.4804
v  4.7820 11.3364 -682.4804
v  413.8279 11.3364 -682.4804
v  748.1442 11.3364 -682.4803
v  -494.7259 11.3364 -682.4804
v  -160.4095 11.3364 -682.4804
v  248.6363 11.3364 -682.4804
v  582.9526 11.3364 -682.4804
v  -659.9175 11.3364 -682.4804
v  -325.6011 11.3364 -682.4804
v  83.4447 11.3364 -682.4804
v  417.7610 11.3364 -682.4804
v  -490.7928 11.3364 -682.4804
v  -81.7469 11.3364 -682.4804
v  252.5694 11.3364 -682.4803
v  0.8489 79.1448 -692.6248
v  4.7821 79.1448 -692.6248
v  -573.3885 79.1448 -692.6248
v  -494.7259 79.1448 -692.6248
v  579.0195 79.1448 -692.6249
v  582.9526 79.1448 -692.6249
v  83.4447 79.1448 -692.6248
v  -490.7928 79.1448 -692.6248
v  661.6152 79.1448 -692.6249
v  87.3778 79.1448 -692.6248
v  -412.1301 79.1448 -692.6248
v  665.5483 79.1448 -692.6249
v  166.0405 79.1448 -692.6248
v  -408.1969 79.1448 -692.6248
v  744.2110 79.1447 -692.6249
v  169.9737 79.1448 -692.6248
v  -329.5342 79.1448 -692.6248
v  748.1442 79.1447 -692.6248
v  248.6363 79.1448 -692.6248
v  -325.6011 79.1448 -692.6248
v  252.5695 79.1448 -692.6248
v  -246.9384 79.1448 -692.6248
v  331.2321 79.1448 -692.6248
v  -243.0053 79.1448 -692.6248
v  335.1653 79.1448 -692.6248
v  -164.3427 79.1448 -692.6248
v  -742.5133 79.1448 -692.6248
v  -738.5802 79.1448 -692.6248
v  413.8279 79.1448 -692.6249
v  -160.4095 79.1448 -692.6248
v  -659.9175 79.1448 -692.6248
v  417.7610 79.1448 -692.6249
v  -81.7469 79.1448 -692.6248
v  -655.9844 79.1448 -692.6248
v  496.4237 79.1447 -692.6249
v  -77.8137 79.1448 -692.6248
v  -577.3217 79.1448 -692.6248
v  500.3568 79.1447 -692.6249
v  413.8279 79.1448 -692.6248
v  417.7610 79.1448 -692.6248
v  496.4237 79.1447 -692.6248
v  500.3568 79.1447 -692.6248
v  579.0195 79.1448 -692.6248
v  582.9526 79.1448 -692.6248
v  661.6152 79.1448 -692.6248
v  665.5483 79.1448 -692.6248
v  744.2110 79.1447 -692.6248
v  661.6152 82.5352 -693.1321
v  665.5483 82.5352 -693.1321
v  -655.9844 82.5352 -693.1320
v  -577.3217 82.5352 -693.1320
v  -246.9384 82.5352 -693.1321
v  -243.0053 82.5352 -693.1321
v  87.3778 82.5352 -693.1321
v  166.0405 82.5352 -693.1321
v  496.4237 82.5352 -693.1321
v  500.3568 82.5352 -693.1321
v  -412.1301 82.5352 -693.1320
v  -408.1969 82.5352 -693.1320
v  -77.8137 82.5352 -693.1321
v  0.8489 82.5352 -693.1321
v  331.2321 82.5352 -693.1321
v  335.1653 82.5352 -693.1321
v  744.2110 82.5352 -693.1321
v  -573.3885 82.5352 -693.1320
v  -164.3427 82.5352 -693.1321
v  169.9737 82.5352 -693.1321
v  579.0195 82.5352 -693.1321
v  -742.5133 82.5352 -693.1320
v  -738.5802 82.5352 -693.1320
v  -329.5342 82.5352 -693.1320
v  4.7821 82.5352 -693.1321
v  413.8279 82.5352 -693.1321
v  748.1442 82.5352 -693.1320
v  -494.7259 82.5352 -693.1320
v  -160.4095 82.5352 -693.1321
v  248.6363 82.5352 -693.1321
v  582.9526 82.5352 -693.1321
v  -659.9175 82.5352 -693.1320
v  -325.6011 82.5352 -693.1320
v  83.4447 82.5352 -693.1321
v  417.7610 82.5352 -693.1321
v  -490.7928 82.5352 -693.1320
v  -81.7469 82.5352 -693.1321
v  252.5695 82.5352 -693.1320
v  0.8489 150.3436 -703.2765
v  4.7821 150.3436 -703.2765
v  -573.3885 150.3436 -703.2765
v  -494.7258 150.3436 -703.2765
v  579.0195 150.3436 -703.2765
v  582.9526 150.3436 -703.2765
v  83.4447 150.3436 -703.2765
v  -490.7927 150.3436 -703.2765
v  661.6152 150.3436 -703.2765
v  87.3778 150.3436 -703.2765
v  -412.1301 150.3436 -703.2765
v  665.5483 150.3436 -703.2765
v  166.0405 150.3436 -703.2765
v  -408.1969 150.3436 -703.2765
v  744.2111 150.3436 -703.2765
v  169.9736 150.3436 -703.2765
v  -329.5342 150.3436 -703.2765
v  748.1442 150.3436 -703.2764
v  248.6363 150.3436 -703.2765
v  -325.6011 150.3436 -703.2765
v  252.5694 150.3436 -703.2764
v  -246.9384 150.3436 -703.2765
v  331.2321 150.3436 -703.2765
v  -243.0053 150.3436 -703.2765
v  335.1652 150.3436 -703.2765
v  -164.3427 150.3436 -703.2765
v  -742.5132 150.3436 -703.2764
v  -738.5801 150.3436 -703.2764
v  413.8279 150.3436 -703.2765
v  -160.4095 150.3436 -703.2765
v  -659.9175 150.3436 -703.2764
v  417.7610 150.3436 -703.2765
v  -81.7469 150.3436 -703.2765
v  -655.9844 150.3436 -703.2764
v  496.4237 150.3436 -703.2765
v  -77.8137 150.3436 -703.2765
v  -577.3216 150.3436 -703.2765
v  500.3568 150.3436 -703.2765
v  -577.3216 150.3436 -703.2764
v  -573.3885 150.3436 -703.2764
v  -494.7258 150.3436 -703.2764
v  -490.7927 150.3436 -703.2764
v  -412.1301 150.3436 -703.2764
v  -408.1969 150.3436 -703.2764
v  -329.5342 150.3436 -703.2764
v  -325.6011 150.3436 -703.2764
v  -246.9384 150.3436 -703.2764
v  -243.0053 150.3436 -703.2764
v  -164.3427 150.3436 -703.2764
v  -160.4095 150.3436 -703.2764
v  -81.7469 150.3436 -703.2764
v  -77.8137 150.3436 -703.2764
v  0.8489 150.3436 -703.2764
v  4.7821 150.3436 -703.2764
v  331.2321 150.3436 -703.2764
v  335.1652 150.3436 -703.2764
v  413.8279 150.3436 -703.2764
v  417.7610 150.3436 -703.2764
v  496.4237 150.3436 -703.2764
v  500.3568 150.3436 -703.2764
v  579.0195 150.3436 -703.2764
v  582.9526 150.3436 -703.2764
v  661.6152 150.3436 -703.2764
v  665.5483 150.3436 -703.2764
v  744.2111 150.3436 -703.2764
v  748.1442 150.3436 -703.2763
v  661.6152 153.7340 -703.7837
v  665.5483 153.7340 -703.7837
v  -655.9844 153.7340 -703.7836
v  -577.3216 153.7340 -703.7836
v  -246.9384 153.7340 -703.7836
v  -243.0053 153.7340 -703.7836
v  87.3778 153.7340 -703.7836
v  166.0405 153.7340 -703.7836
v  496.4237 153.7340 -703.7837
v  500.3568 153.7340 -703.7837
v  -412.1301 153.7340 -703.7837
v  -408.1969 153.7340 -703.7837
v  -77.8137 153.7340 -703.7836
v  0.8489 153.7340 -703.7836
v  331.2321 153.7340 -703.7836
v  335.1652 153.7340 -703.7836
v  744.2111 153.7340 -703.7837
v  -573.3885 153.7340 -703.7836
v  -164.3427 153.7340 -703.7836
v  169.9736 153.7340 -703.7836
v  579.0195 153.7340 -703.7837
v  -742.5132 153.7340 -703.7836
v  -738.5801 153.7340 -703.7836
v  -329.5342 153.7340 -703.7837
v  4.7821 153.7340 -703.7836
v  413.8279 153.7340 -703.7837
v  748.1442 153.7340 -703.7836
v  -494.7258 153.7340 -703.7836
v  -160.4095 153.7340 -703.7836
v  248.6363 153.7340 -703.7836
v  582.9526 153.7340 -703.7837
v  -659.9175 153.7340 -703.7836
v  -325.6011 153.7340 -703.7837
v  83.4447 153.7340 -703.7836
v  417.7610 153.7340 -703.7837
v  -490.7927 153.7340 -703.7836
v  -81.7469 153.7340 -703.7836
v  252.5694 153.7340 -703.7836
v  0.8489 221.5424 -713.9282
v  4.7821 221.5424 -713.9282
v  -573.3885 221.5425 -713.9282
v  -494.7258 221.5424 -713.9282
v  579.0195 221.5424 -713.9282
v  582.9526 221.5424 -713.9282
v  83.4447 221.5424 -713.9282
v  -490.7927 221.5424 -713.9282
v  661.6152 221.5424 -713.9282
v  87.3778 221.5424 -713.9282
v  -412.1301 221.5425 -713.9282
v  665.5483 221.5424 -713.9282
v  166.0405 221.5424 -713.9282
v  -408.1969 221.5425 -713.9282
v  744.2111 221.5424 -713.9282
v  169.9736 221.5424 -713.9282
v  -329.5342 221.5424 -713.9282
v  748.1442 221.5424 -713.9281
v  248.6363 221.5424 -713.9282
v  -325.6011 221.5424 -713.9282
v  252.5694 221.5424 -713.9281
v  -246.9384 221.5424 -713.9282
v  331.2321 221.5424 -713.9282
v  -243.0053 221.5424 -713.9282
v  335.1652 221.5424 -713.9282
v  -164.3426 221.5425 -713.9282
v  -742.5132 221.5424 -713.9281
v  -738.5801 221.5424 -713.9281
v  413.8279 221.5424 -713.9282
v  -160.4095 221.5425 -713.9282
v  -659.9175 221.5425 -713.9282
v  417.7610 221.5424 -713.9282
v  -81.7469 221.5424 -713.9282
v  -655.9844 221.5425 -713.9282
v  496.4237 221.5424 -713.9282
v  -77.8137 221.5424 -713.9282
v  -577.3216 221.5425 -713.9282
v  500.3568 221.5424 -713.9282
v  -659.9175 221.5425 -713.9281
v  -655.9844 221.5425 -713.9281
v  -577.3216 221.5425 -713.9281
v  -573.3885 221.5425 -713.9281
v  -494.7258 221.5424 -713.9281
v  -490.7927 221.5424 -713.9281
v  -412.1301 221.5425 -713.9281
v  -408.1969 221.5425 -713.9281
v  -329.5342 221.5424 -713.9281
v  -325.6011 221.5424 -713.9281
v  -246.9384 221.5424 -713.9281
v  -243.0053 221.5424 -713.9281
v  -164.3426 221.5425 -713.9281
v  -160.4095 221.5425 -713.9281
v  -81.7469 221.5424 -713.9281
v  -77.8137 221.5424 -713.9281
v  331.2321 221.5424 -713.9281
v  335.1652 221.5424 -713.9281
v  413.8279 221.5424 -713.9281
v  417.7610 221.5424 -713.9281
v  496.4237 221.5424 -713.9281
v  500.3568 221.5424 -713.9281
v  579.0195 221.5424 -713.9281
v  582.9526 221.5424 -713.9281
v  661.6152 221.5424 -713.9281
v  665.5483 221.5424 -713.9281
v  744.2111 221.5424 -713.9281
v  748.1442 221.5424 -713.9280
v  661.6152 224.9328 -714.4354
v  665.5483 224.9328 -714.4354
v  -655.9844 224.9329 -714.4354
v  -577.3216 224.9329 -714.4354
v  -246.9384 224.9328 -714.4354
v  -243.0053 224.9328 -714.4354
v  87.3778 224.9328 -714.4354
v  166.0405 224.9328 -714.4354
v  496.4237 224.9328 -714.4354
v  500.3568 224.9328 -714.4354
v  -412.1301 224.9329 -714.4354
v  -408.1969 224.9329 -714.4354
v  -77.8137 224.9328 -714.4354
v  0.8489 224.9328 -714.4354
v  331.2321 224.9328 -714.4354
v  335.1652 224.9328 -714.4354
v  744.2111 224.9328 -714.4354
v  -573.3885 224.9329 -714.4354
v  -164.3426 224.9329 -714.4354
v  169.9736 224.9328 -714.4354
v  579.0195 224.9328 -714.4354
v  -742.5132 224.9328 -714.4354
v  -738.5801 224.9328 -714.4354
v  -329.5342 224.9328 -714.4354
v  4.7821 224.9328 -714.4354
v  413.8279 224.9328 -714.4354
v  748.1442 224.9328 -714.4354
v  -494.7258 224.9328 -714.4354
v  -160.4095 224.9329 -714.4354
v  248.6363 224.9328 -714.4354
v  582.9526 224.9328 -714.4354
v  -659.9175 224.9329 -714.4354
v  -325.6011 224.9328 -714.4354
v  83.4447 224.9328 -714.4354
v  417.7610 224.9328 -714.4354
v  -490.7927 224.9328 -714.4354
v  -81.7469 224.9328 -714.4354
v  252.5694 224.9328 -714.4352
v  0.8489 292.7413 -724.5797
v  4.7821 292.7413 -724.5797
v  -573.3885 292.7413 -724.5797
v  -494.7258 292.7413 -724.5797
v  579.0195 292.7412 -724.5798
v  582.9526 292.7412 -724.5798
v  83.4447 292.7413 -724.5798
v  -490.7927 292.7413 -724.5797
v  661.6152 292.7412 -724.5798
v  87.3778 292.7413 -724.5798
v  -412.1300 292.7413 -724.5797
v  665.5483 292.7412 -724.5798
v  166.0405 292.7413 -724.5798
v  -408.1969 292.7413 -724.5797
v  744.2111 292.7412 -724.5798
v  169.9737 292.7413 -724.5798
v  -329.5342 292.7413 -724.5797
v  748.1442 292.7412 -724.5797
v  248.6363 292.7413 -724.5798
v  -325.6011 292.7413 -724.5797
v  252.5695 292.7413 -724.5797
v  -246.9384 292.7413 -724.5797
v  331.2321 292.7412 -724.5798
v  -243.0053 292.7413 -724.5797
v  335.1653 292.7412 -724.5798
v  -164.3427 292.7413 -724.5797
v  -742.5132 292.7413 -724.5797
v  -738.5801 292.7413 -724.5797
v  413.8279 292.7413 -724.5798
v  -160.4095 292.7413 -724.5797
v  -659.9175 292.7413 -724.5797
v  417.7610 292.7413 -724.5798
v  -81.7469 292.7413 -724.5797
v  -655.9844 292.7413 -724.5797
v  496.4237 292.7412 -724.5798
v  -77.8137 292.7413 -724.5797
v  -577.3216 292.7413 -724.5797
v  500.3568 292.7412 -724.5798
v  83.4447 292.7413 -724.5797
v  87.3778 292.7413 -724.5797
v  166.0405 292.7413 -724.5797
v  169.9737 292.7413 -724.5797
v  248.6363 292.7413 -724.5797
v  331.2321 292.7413 -724.5797
v  335.1653 292.7413 -724.5797
v  413.8279 292.7413 -724.5797
v  417.7610 292.7413 -724.5797
v  496.4237 292.7413 -724.5797
v  500.3568 292.7413 -724.5797
v  579.0195 292.7413 -724.5797
v  582.9526 292.7413 -724.5797
v  661.6152 292.7412 -724.5797
v  665.5483 292.7412 -724.5797
v  744.2111 292.7413 -724.5798
v  748.1442 292.7413 -724.5797
v  661.6152 296.1317 -725.0870
v  665.5483 296.1317 -725.0870
v  -655.9844 296.1317 -725.0870
v  -577.3216 296.1317 -725.0870
v  -246.9384 296.1317 -725.0870
v  -243.0053 296.1317 -725.0870
v  87.3778 296.1317 -725.0870
v  166.0405 296.1317 -725.0870
v  496.4237 296.1317 -725.0870
v  500.3568 296.1317 -725.0870
v  -412.1300 296.1317 -725.0870
v  -408.1969 296.1317 -725.0870
v  -77.8137 296.1317 -725.0870
v  0.8489 296.1317 -725.0870
v  331.2321 296.1317 -725.0870
v  335.1653 296.1317 -725.0870
v  744.2111 296.1317 -725.0870
v  -573.3885 296.1317 -725.0870
v  -164.3427 296.1317 -725.0870
v  169.9737 296.1317 -725.0870
v  579.0195 296.1317 -725.0870
v  -742.5132 296.1317 -725.0870
v  -738.5801 296.1317 -725.0870
v  -329.5342 296.1317 -725.0870
v  4.7821 296.1317 -725.0870
v  413.8279 296.1317 -725.0870
v  748.1442 296.1317 -725.0869
v  -494.7258 296.1317 -725.0870
v  -160.4095 296.1317 -725.0870
v  248.6363 296.1317 -725.0870
v  582.9526 296.1317 -725.0870
v  -659.9175 296.1317 -725.0870
v  -325.6011 296.1317 -725.0870
v  83.4447 296.1317 -725.0870
v  417.7610 296.1317 -725.0870
v  -490.7927 296.1317 -725.0870
v  -81.7469 296.1317 -725.0870
v  252.5695 296.1317 -725.0870
v  0.8489 363.9401 -735.2315
v  4.7821 363.9401 -735.2315
v  -573.3885 363.9401 -735.2314
v  -494.7258 363.9401 -735.2314
v  579.0195 363.9400 -735.2314
v  582.9526 363.9400 -735.2314
v  83.4447 363.9401 -735.2315
v  -490.7927 363.9401 -735.2314
v  661.6152 363.9400 -735.2314
v  87.3778 363.9401 -735.2315
v  -412.1300 363.9401 -735.2314
v  665.5483 363.9400 -735.2314
v  166.0405 363.9401 -735.2315
v  -408.1969 363.9401 -735.2314
v  744.2111 363.9400 -735.2314
v  169.9737 363.9401 -735.2315
v  -329.5342 363.9401 -735.2314
v  748.1442 363.9400 -735.2314
v  248.6363 363.9401 -735.2315
v  -325.6011 363.9401 -735.2314
v  252.5694 363.9401 -735.2314
v  -246.9384 363.9401 -735.2313
v  331.2321 363.9401 -735.2314
v  -243.0053 363.9401 -735.2313
v  335.1652 363.9401 -735.2314
v  -164.3427 363.9401 -735.2313
v  -742.5132 363.9401 -735.2314
v  -738.5801 363.9401 -735.2314
v  413.8279 363.9400 -735.2314
v  -160.4095 363.9401 -735.2313
v  -659.9175 363.9401 -735.2314
v  417.7610 363.9400 -735.2314
v  -81.7469 363.9401 -735.2313
v  -655.9844 363.9401 -735.2314
v  496.4237 363.9401 -735.2314
v  -77.8137 363.9401 -735.2313
v  -577.3216 363.9401 -735.2314
v  500.3568 363.9401 -735.2314
v  0.8489 363.9401 -735.2313
v  4.7821 363.9401 -735.2313
v  83.4447 363.9401 -735.2313
v  87.3778 363.9401 -735.2313
v  166.0405 363.9401 -735.2313
v  169.9737 363.9401 -735.2313
v  248.6363 363.9401 -735.2313
v  252.5694 363.9401 -735.2312
v  331.2321 363.9401 -735.2313
v  335.1652 363.9401 -735.2313
v  413.8279 363.9401 -735.2313
v  417.7610 363.9401 -735.2313
v  496.4237 363.9401 -735.2313
v  500.3568 363.9401 -735.2313
v  579.0195 363.9401 -735.2313
v  582.9526 363.9401 -735.2313
v  661.6152 367.3304 -735.7385
v  665.5483 367.3304 -735.7385
v  -655.9844 367.3305 -735.7386
v  -577.3216 367.3305 -735.7386
v  -246.9384 367.3305 -735.7386
v  -243.0053 367.3305 -735.7386
v  87.3778 367.3305 -735.7386
v  166.0405 367.3305 -735.7386
v  496.4237 367.3305 -735.7385
v  500.3568 367.3305 -735.7385
v  -412.1300 367.3305 -735.7386
v  -408.1969 367.3305 -735.7386
v  -77.8137 367.3305 -735.7386
v  0.8489 367.3305 -735.7386
v  331.2321 367.3305 -735.7385
v  335.1652 367.3305 -735.7385
v  744.2111 367.3304 -735.7385
v  -573.3885 367.3305 -735.7386
v  -164.3427 367.3305 -735.7386
v  169.9737 367.3305 -735.7386
v  579.0195 367.3305 -735.7385
v  -742.5132 367.3305 -735.7385
v  -738.5801 367.3305 -735.7385
v  -329.5342 367.3305 -735.7386
v  4.7821 367.3305 -735.7386
v  413.8279 367.3304 -735.7385
v  748.1442 367.3304 -735.7385
v  -494.7258 367.3305 -735.7386
v  -160.4095 367.3305 -735.7386
v  248.6363 367.3305 -735.7386
v  582.9526 367.3305 -735.7385
v  -659.9175 367.3305 -735.7386
v  -325.6011 367.3305 -735.7386
v  83.4447 367.3305 -735.7386
v  417.7610 367.3304 -735.7385
v  -490.7927 367.3305 -735.7386
v  -81.7469 367.3305 -735.7386
v  252.5694 367.3305 -735.7385
# 5604 vertices

vn -0.4666 0.0000 0.8844
vn -0.7696 0.0000 0.6385
vn -0.9554 0.0000 0.2954
vn -0.9957 0.0000 -0.0927
vn -0.8844 -0.0000 -0.4667
vn -0.6385 -0.0000 -0.7696
vn -0.2954 -0.0000 -0.9554
vn 0.0927 -0.0000 -0.9957
vn 0.4666 -0.0000 -0.8844
vn 0.7696 -0.0000 -0.6385
vn 0.9554 -0.0000 -0.2954
vn 0.9957 -0.0000 0.0927
vn 0.8844 -0.0000 0.4667
vn 0.6385 0.0000 0.7696
vn -0.0000 1.0000 -0.0000
vn -0.0000 1.0000 0.0000
vn 0.0000 1.0000 0.0000
vn 0.0000 1.0000 -0.0000
vn 0.2954 0.0000 0.9554
vn -0.0927 0.0000 0.9957
vn -0.0000 -1.0000 0.0000
vn 0.0000 -1.0000 -0.0000
vn 0.0000 -1.0000 0.0000
vn -0.0000 -1.0000 -0.0000
vn -0.4667 -0.0000 0.8844
vn -0.9957 -0.0000 -0.0927
vn 0.9957 0.0000 0.0927
vn 0.6385 -0.0000 0.7696
vn 0.2954 -0.0000 0.9554
vn -0.0927 -0.0000 0.9957
vn -0.4667 0.0000 0.8844
vn 0.4667 -0.0000 -0.8844
vn 0.8844 0.0000 0.4667
vn 0.9585 -0.0000 0.2851
vn -0.2851 0.0000 0.9585
vn -0.9585 -0.0000 -0.2851
vn 0.2851 0.0000 -0.9585
vn -0.2851 -0.0000 0.9585
vn -0.9585 0.0000 -0.2851
vn 0.2851 -0.0000 -0.9585
vn 0.9585 0.0000 0.2851
vn 0.0000 0.0000 1.0000
vn -1.0000 0.0000 -0.0000
vn 0.0000 -0.0000 -1.0000
vn 0.9652 -0.2616 -0.0000
vn 0.9652 -0.2616 0.0000
vn 1.0000 0.0000 -0.0000
vn 0.0000 -0.0000 1.0000
vn -1.0000 0.0000 0.0000
vn -1.0000 -0.0000 0.0000
vn -0.9808 -0.0000 -0.1951
vn -0.8315 -0.0000 -0.5556
vn -0.5556 -0.0000 -0.8315
vn -0.1951 -0.0000 -0.9808
vn 0.1951 -0.0000 -0.9808
vn 0.5556 -0.0000 -0.8315
vn 0.8315 -0.0000 -0.5556
vn 0.9808 -0.0000 -0.1951
vn 0.9808 0.0000 0.1951
vn 0.8315 0.0000 0.5556
vn 0.5556 0.0000 0.8315
vn 0.1951 0.0000 0.9808
vn -0.1951 0.0000 0.9808
vn -0.5556 0.0000 0.8315
vn -0.8315 0.0000 0.5556
vn -0.9808 0.0000 0.1951
vn 0.0000 -0.1631 0.9866
vn -0.0000 0.1631 -0.9866
vn 1.0000 -0.0000 0.0000
vn 1.0000 -0.0000 -0.0000
vn -0.9652 -0.2616 0.0000
vn -0.9652 -0.2616 -0.0000
vn -0.0927 -0.0000 -0.9957
vn 0.2954 -0.0000 -0.9554
vn 0.6385 -0.0000 -0.7696
vn 0.8844 -0.0000 -0.4667
vn 0.9957 -0.0000 -0.0927
vn 0.9554 0.0000 0.2954
vn 0.7696 0.0000 0.6385
vn 0.4667 0.0000 0.8844
vn 0.0927 0.0000 0.9957
vn -0.2954 0.0000 0.9554
vn -0.6385 0.0000 0.7696
vn -0.8844 0.0000 0.4667
vn -0.9957 0.0000 0.0927
vn -0.9554 -0.0000 -0.2954
vn -0.7696 -0.0000 -0.6385
vn -0.4667 -0.0000 -0.8844
vn 0.7696 -0.0000 0.6385
vn 0.4667 -0.0000 0.8844
vn 0.8844 -0.0000 -0.4666
vn -0.9585 0.0000 0.2851
vn -0.2851 -0.0000 -0.9585
vn 0.9585 -0.0000 -0.2851
vn 0.2851 0.0000 0.9585
vn -0.2954 -0.0000 0.9554
vn -0.6385 -0.0000 0.7696
vn -0.9554 0.0000 -0.2954
vn -0.7696 0.0000 -0.6385
vn 0.0927 -0.0000 0.9957
vn -0.2851 0.0000 -0.9585
vn 0.2851 -0.0000 0.9585
vn -1.0000 -0.0000 -0.0000
vn 0.9808 -0.0000 0.1951
vn 0.8315 -0.0000 0.5556
vn -0.8315 -0.0000 0.5556
vn -0.9808 -0.0000 0.1951
vn 0.9554 -0.0000 0.2954
vn 0.9585 0.0000 -0.2851
vn -0.0000 0.0000 1.0000
vn 0.0001 0.0000 1.0000
vn -0.0000 -0.0000 1.0000
vn -0.0001 0.0000 1.0000
vn 0.0001 -0.0000 1.0000
vn -0.0007 -0.0003 1.0000
vn 0.0004 0.0001 1.0000
vn -0.0000 -0.0000 -1.0000
vn -0.0000 0.0000 -1.0000
vn 0.0001 -0.0000 -1.0000
vn -0.0001 0.0000 -1.0000
vn 0.0059 -0.0009 -1.0000
vn -0.0004 -0.0001 -1.0000
vn 0.0007 0.0003 -1.0000
vn -0.0476 0.9989 -0.0000
vn -0.9415 0.3369 -0.0000
vn -0.2816 0.9595 -0.0000
vn -0.2330 0.9725 -0.0000
vn -0.5832 0.8123 -0.0000
vn -0.8215 0.5702 -0.0000
vn -0.9417 0.3363 -0.0000
vn -0.9889 0.1483 -0.0000
vn 0.2360 0.9718 -0.0000
vn -0.9983 0.0583 -0.0000
vn 0.9423 -0.3348 0.0000
vn -0.9984 -0.0562 -0.0000
vn -0.9812 -0.1930 -0.0000
vn -0.9328 -0.3603 -0.0000
vn -0.9374 -0.3482 -0.0000
vn -0.2337 0.9723 -0.0000
vn -0.8101 -0.5863 0.0000
vn -0.5859 -0.8103 0.0000
vn -0.0009 -1.0000 0.0000
vn -0.3082 -0.9513 0.0000
vn -0.1029 -0.9947 0.0000
vn -0.9359 -0.3523 0.0000
vn 0.1258 -0.9921 0.0000
vn 0.9390 -0.3440 0.0000
vn 0.3887 -0.9214 0.0000
vn -0.0012 1.0000 -0.0000
vn 0.6357 -0.7719 0.0000
vn 0.8305 -0.5570 0.0000
vn 0.9444 -0.3288 0.0000
vn 1.0000 0.0000 0.0000
vn 0.9845 -0.1752 0.0000
vn 0.2317 0.9728 -0.0000
vn 0.9982 -0.0592 0.0000
vn 0.9992 0.0393 -0.0000
vn 0.2326 -0.9726 0.0000
vn 0.9836 0.1802 -0.0000
vn 0.9434 0.3317 -0.0000
vn 0.8528 0.5223 -0.0000
vn -0.0908 0.9959 -0.0000
vn 0.6746 0.7382 -0.0000
vn -0.1648 0.9863 -0.0000
vn 0.4548 0.8906 -0.0000
vn -0.3352 0.9422 -0.0000
vn 0.2855 0.9584 -0.0000
vn -0.6000 0.8000 -0.0000
vn 0.1029 0.9947 -0.0000
vn -0.8500 0.5268 -0.0000
vn -0.9793 0.2026 -0.0000
vn -0.9996 -0.0274 -0.0000
vn 0.2327 0.9725 -0.0000
vn 0.2318 0.9728 -0.0000
vn -0.9595 -0.2817 -0.0000
vn -0.8597 -0.5108 -0.0000
vn 0.2334 -0.9724 0.0000
vn 0.2306 -0.9730 0.0000
vn -0.6630 -0.7486 0.0000
vn -0.4496 -0.8932 0.0000
vn -0.2747 -0.9615 0.0000
vn -0.1425 0.9898 -0.0000
vn -0.1125 -0.9937 0.0000
vn -0.2327 -0.9726 0.0000
vn -0.3307 0.9437 -0.0000
vn -0.0085 -1.0000 0.0000
vn -0.5525 0.8335 -0.0000
vn -0.2332 0.9724 -0.0000
vn -0.8266 0.5628 -0.0000
vn -0.1858 0.9826 -0.0000
vn -0.9568 0.2907 -0.0000
vn -0.0003 -1.0000 0.0000
vn -0.9640 -0.2659 0.0000
vn 0.2321 0.9727 -0.0000
vn -0.8546 -0.5193 0.0000
vn -0.6541 -0.7564 0.0000
vn -0.4164 -0.9092 0.0000
vn 0.2158 -0.9764 0.0000
vn -0.9570 -0.2901 0.0000
vn -0.8753 0.4836 -0.0000
vn 0.4654 -0.8851 0.0000
vn -0.2412 0.9705 -0.0000
vn 0.7071 -0.7071 0.0000
vn 0.8988 -0.4383 0.0000
vn 0.9849 -0.1732 0.0000
vn 0.8848 -0.4660 0.0000
vn 0.9979 0.0653 0.0000
vn 0.9578 0.2873 0.0000
vn 0.9566 -0.2913 0.0000
vn 0.8359 0.5489 0.0000
vn -0.2560 0.9667 -0.0000
vn 0.6311 0.7757 -0.0000
vn 0.4183 0.9083 -0.0000
vn -0.2369 0.9715 -0.0000
vn 0.0002 -1.0000 0.0000
vn 0.1679 0.9858 -0.0000
vn -0.0116 0.9999 -0.0000
vn -0.0008 -1.0000 0.0000
vn 0.0096 -1.0000 0.0000
vn 0.1235 -0.9923 0.0000
vn 0.2730 -0.9620 0.0000
vn 0.4835 -0.8753 0.0000
vn 0.7170 -0.6971 0.0000
vn 0.8944 -0.4472 0.0000
vn 0.9868 -0.1619 0.0000
vn 0.9996 0.0294 -0.0000
vn 0.9701 0.2425 -0.0000
vn 0.8545 0.5195 -0.0000
vn 0.6849 0.7286 -0.0000
vn 0.4356 0.9002 -0.0000
vn -0.9640 -0.2659 -0.0000
vn 0.1830 0.9831 -0.0000
vn -0.8546 -0.5193 -0.0000
vn 0.0058 1.0000 -0.0000
vn 0.3684 -0.9297 0.0000
vn 0.5784 -0.8157 0.0000
vn 0.7967 -0.6044 0.0000
vn 0.9119 -0.4104 0.0000
vn 0.9780 -0.2086 0.0000
vn 0.9999 -0.0154 0.0000
vn 0.9950 0.0995 0.0000
vn 0.9529 0.3032 0.0000
vn 0.8561 0.5169 0.0000
vn 0.7557 0.6549 0.0000
vn 0.5346 0.8451 -0.0000
vn 0.3576 0.9339 -0.0000
vn 0.1863 0.9825 -0.0000
vn 0.0175 0.9998 -0.0000
vn -0.1029 0.9947 -0.0000
vn -0.2887 0.9574 -0.0000
vn -0.5288 0.8488 -0.0000
vn -0.7693 0.6389 -0.0000
vn -0.9000 0.4359 -0.0000
vn -0.9732 0.2298 -0.0000
vn -0.9999 0.0116 -0.0000
vn -0.9902 -0.1396 0.0000
vn -0.9274 -0.3742 0.0000
vn -0.8320 -0.5547 0.0000
vn -0.6544 -0.7562 0.0000
vn -0.4472 -0.8944 0.0000
vn -0.2187 -0.9758 0.0000
vn -0.0922 -0.9957 0.0000
vn 0.0673 -0.9977 0.0000
vn 0.2288 0.9735 0.0000
vn 0.1786 -0.9839 0.0000
vn 0.9342 0.3567 0.0000
vn 0.0000 0.1465 -0.9892
vn 0.0000 -0.1465 0.9892
vn 0.0000 0.9986 -0.0538
vn 0.0000 0.2631 -0.9648
vn -0.0000 0.2631 -0.9648
vn 0.0000 0.2632 -0.9648
vn -0.0000 0.2999 -0.9540
vn 0.0000 0.3000 -0.9540
vn 0.0000 0.2999 -0.9540
vn 0.0000 -0.2631 0.9648
vn 0.0000 0.9944 -0.1060
vn -0.0000 0.9944 -0.1060
vn -0.0002 0.9944 -0.1061
vn -0.0003 0.9942 -0.1076
vn 0.0003 0.9946 -0.1041
vn 0.0000 0.9808 -0.1952
vn 0.0000 0.9436 -0.3310
vn 0.0000 0.8805 -0.4741
vn 0.0000 0.7811 -0.6245
vn 0.0000 0.6316 -0.7753
vn -0.0000 0.4196 -0.9077
vn 0.0000 -0.3000 0.9540
vn -0.0000 -0.4196 0.9077
vn -0.0000 -0.6316 0.7753
vn -0.0000 -0.7810 0.6245
vn -0.0000 -0.8805 0.4741
vn -0.0000 -0.9436 0.3310
vn -0.0000 -0.9808 0.1952
vn -0.0000 -0.9944 0.1060
vn -0.0000 0.9808 -0.1952
vn -0.0000 0.9436 -0.3310
vn -0.0000 0.8805 -0.4741
vn -0.0000 0.7811 -0.6245
vn -0.0000 0.6316 -0.7753
vn 0.0000 0.4196 -0.9077
vn -0.0000 0.7810 -0.6245
vn -1.0000 -0.0001 0.0000
vn -1.0000 -0.0000 0.0001
vn 1.0000 0.0001 -0.0000
vn 1.0000 -0.0000 0.0001
vn -0.0000 0.3000 -0.9540
vn 0.0000 0.7810 -0.6245
vn 0.0000 -0.1476 0.9891
vn 0.0000 0.9944 0.1060
vn -0.0000 0.9808 0.1952
vn -0.0000 0.9436 0.3310
vn -0.0000 0.8805 0.4741
vn -0.0000 0.7810 0.6245
vn -0.0000 0.6316 0.7753
vn -0.0000 0.4196 0.9077
vn -0.0000 0.2999 0.9540
vn 0.0000 0.2631 0.9648
vn -0.0000 0.2631 0.9648
vn 0.0000 0.3000 0.9540
vn -0.0000 0.3000 0.9540
vn 0.0000 0.2999 0.9540
vn 0.0000 -0.2631 -0.9648
vn -0.0000 0.9944 0.1060
vn -0.0000 0.7811 0.6245
vn 0.0000 0.6316 0.7753
vn 0.0000 0.4196 0.9077
vn 0.0000 -0.3000 -0.9540
vn 0.0000 -0.4196 -0.9077
vn 0.0000 -0.6316 -0.7753
vn 0.0000 -0.7810 -0.6245
vn 0.0000 -0.8805 -0.4741
vn 0.0000 -0.9436 -0.3310
vn 0.0000 -0.9808 -0.1952
vn 0.0000 -0.9944 -0.1060
vn -1.0000 -0.0000 -0.0001
vn -1.0000 0.0001 0.0000
vn 0.0000 0.8805 0.4741
vn 0.0000 0.9436 0.3310
vn 0.0000 0.9808 0.1952
vn 0.0000 0.7810 0.6245
vn 1.0000 -0.0002 -0.0000
vn 1.0000 -0.0002 -0.0001
vn 1.0000 -0.0001 -0.0001
vn 1.0000 0.0001 0.0002
vn -1.0000 -0.0001 -0.0003
vn 1.0000 -0.0001 -0.0000
vn 1.0000 0.0000 0.0001
vn 1.0000 -0.0000 -0.0001
vn 0.0000 0.7811 0.6245
vn -0.0000 0.1483 0.9889
vn 0.0000 -0.1483 -0.9889
vn -0.0000 -0.9839 0.1786
vn 0.0000 0.9839 -0.1786
vn 0.0000 -0.9839 0.1786
vn 1.0000 -0.0001 0.0000
vn 0.0000 -0.1475 0.9891
vn -0.0000 -0.1474 0.9891
vn -0.0000 -0.2631 0.9648
vn -0.0000 -0.2999 0.9540
vn -0.0000 -0.7811 0.6245
vn 0.0000 0.1474 -0.9891
vn 0.0000 0.9808 -0.1951
vn 0.0000 -0.4196 0.9077
vn 0.0000 -0.6316 0.7753
vn 0.0000 -0.7810 0.6245
vn -0.0000 0.1474 0.9891
vn 0.0000 -0.1474 -0.9891
vn -0.0000 0.9808 0.1951
vn -0.0000 0.1465 0.9892
vn 0.0000 -0.1465 -0.9892
vn -0.0000 0.9986 0.0538
vn 0.0000 -0.7811 -0.6245
vn 0.0000 -0.1476 -0.9891
vn 0.0000 -0.1479 -0.9890
vn 0.0000 -0.1480 -0.9890
vn -0.0000 -0.1480 -0.9890
vn -0.0000 -0.1479 -0.9890
vn -0.0000 -0.9701 0.2425
vn 0.0000 -0.9701 0.2425
vn 0.0000 -0.9864 0.1644
vn -0.0000 -0.9864 0.1644
# 382 vertex normals

vt 0.4012 0.1723 0.0000
vt 0.4512 0.1723 0.0000
vt 0.4512 0.2223 0.0000
vt 0.4012 0.2223 0.0000
vt 0.4262 0.2223 0.0000
vt 0.4357 0.2204 0.0000
vt 0.4439 0.2150 0.0000
vt 0.4493 0.2069 0.0000
vt 0.4512 0.1973 0.0000
vt 0.4493 0.1878 0.0000
vt 0.4439 0.1796 0.0000
vt 0.4357 0.1742 0.0000
vt 0.4262 0.1723 0.0000
vt 0.4166 0.1742 0.0000
vt 0.4085 0.1796 0.0000
vt 0.4031 0.1878 0.0000
vt 0.4012 0.1973 0.0000
vt 0.4031 0.2069 0.0000
vt 0.4085 0.2150 0.0000
vt 0.4166 0.2204 0.0000
vt 0.3052 0.8146 0.0000
vt 0.3552 0.8146 0.0000
vt 0.3552 0.8646 0.0000
vt 0.3052 0.8646 0.0000
vt 0.1699 0.8195 0.0000
vt 0.2199 0.8195 0.0000
vt 0.2199 0.8695 0.0000
vt 0.1699 0.8695 0.0000
vt 0.4036 0.1748 0.0000
vt 0.4536 0.1748 0.0000
vt 0.4536 0.2248 0.0000
vt 0.4036 0.2248 0.0000
vt 0.4012 0.0148 0.0000
vt 0.4512 0.0148 0.0000
vt 0.4512 0.0648 0.0000
vt 0.4012 0.0648 0.0000
vt 0.3454 0.8097 0.0000
vt 0.3454 0.8137 0.0000
vt 0.3450 0.8137 0.0000
vt 0.3450 0.8097 0.0000
vt 0.3401 0.9179 0.0000
vt 0.3401 0.9219 0.0000
vt 0.3333 0.9219 0.0000
vt 0.3333 0.9179 0.0000
vt 0.3383 0.8097 0.0000
vt 0.3383 0.8137 0.0000
vt 0.3379 0.8137 0.0000
vt 0.3379 0.8097 0.0000
vt 0.3330 0.9179 0.0000
vt 0.3330 0.9219 0.0000
vt 0.3263 0.9219 0.0000
vt 0.3263 0.9179 0.0000
vt 0.3312 0.8097 0.0000
vt 0.3312 0.8137 0.0000
vt 0.3308 0.8137 0.0000
vt 0.3308 0.8097 0.0000
vt 0.3259 0.9179 0.0000
vt 0.3259 0.9219 0.0000
vt 0.3192 0.9219 0.0000
vt 0.3192 0.9179 0.0000
vt 0.3241 0.8097 0.0000
vt 0.3241 0.8137 0.0000
vt 0.3237 0.8137 0.0000
vt 0.3237 0.8097 0.0000
vt 0.3188 0.9179 0.0000
vt 0.3188 0.9219 0.0000
vt 0.3121 0.9219 0.0000
vt 0.3121 0.9179 0.0000
vt 0.3170 0.8097 0.0000
vt 0.3170 0.8137 0.0000
vt 0.3166 0.8137 0.0000
vt 0.3166 0.8097 0.0000
vt 0.3117 0.9179 0.0000
vt 0.3117 0.9219 0.0000
vt 0.3050 0.9219 0.0000
vt 0.3050 0.9179 0.0000
vt 0.3099 0.8097 0.0000
vt 0.3099 0.8137 0.0000
vt 0.3096 0.8137 0.0000
vt 0.3096 0.8097 0.0000
vt 0.3046 0.9179 0.0000
vt 0.3046 0.9219 0.0000
vt 0.2979 0.9219 0.0000
vt 0.2979 0.9179 0.0000
vt 0.3028 0.8097 0.0000
vt 0.3028 0.8137 0.0000
vt 0.3025 0.8137 0.0000
vt 0.3025 0.8097 0.0000
vt 0.2975 0.9179 0.0000
vt 0.2975 0.9219 0.0000
vt 0.2908 0.9219 0.0000
vt 0.2908 0.9179 0.0000
vt 0.2957 0.8097 0.0000
vt 0.2957 0.8137 0.0000
vt 0.2954 0.8137 0.0000
vt 0.2954 0.8097 0.0000
vt 0.3987 0.1674 0.0000
vt 0.4487 0.1674 0.0000
vt 0.4487 0.2174 0.0000
vt 0.3987 0.2174 0.0000
vt 0.4237 0.2174 0.0000
vt 0.4333 0.2155 0.0000
vt 0.4414 0.2101 0.0000
vt 0.4468 0.2020 0.0000
vt 0.4487 0.1924 0.0000
vt 0.4468 0.1828 0.0000
vt 0.4414 0.1747 0.0000
vt 0.4333 0.1693 0.0000
vt 0.4237 0.1674 0.0000
vt 0.4141 0.1693 0.0000
vt 0.4060 0.1747 0.0000
vt 0.4006 0.1828 0.0000
vt 0.3987 0.1924 0.0000
vt 0.4006 0.2020 0.0000
vt 0.4060 0.2101 0.0000
vt 0.4141 0.2155 0.0000
vt 0.3454 0.8597 0.0000
vt 0.2954 0.8597 0.0000
vt 0.2954 0.8177 0.0000
vt 0.2957 0.8177 0.0000
vt 0.2908 0.9259 0.0000
vt 0.2975 0.9259 0.0000
vt 0.3025 0.8177 0.0000
vt 0.3028 0.8177 0.0000
vt 0.2979 0.9259 0.0000
vt 0.3046 0.9259 0.0000
vt 0.3096 0.8177 0.0000
vt 0.3099 0.8177 0.0000
vt 0.3050 0.9259 0.0000
vt 0.3117 0.9259 0.0000
vt 0.3166 0.8177 0.0000
vt 0.3170 0.8177 0.0000
vt 0.3121 0.9259 0.0000
vt 0.3188 0.9259 0.0000
vt 0.3237 0.8177 0.0000
vt 0.3241 0.8177 0.0000
vt 0.3192 0.9259 0.0000
vt 0.3259 0.9259 0.0000
vt 0.3308 0.8177 0.0000
vt 0.3312 0.8177 0.0000
vt 0.3263 0.9259 0.0000
vt 0.3330 0.9259 0.0000
vt 0.3379 0.8177 0.0000
vt 0.3383 0.8177 0.0000
vt 0.3333 0.9259 0.0000
vt 0.3401 0.9259 0.0000
vt 0.3450 0.8177 0.0000
vt 0.3454 0.8177 0.0000
vt 0.2904 0.9179 0.0000
vt 0.3404 0.9179 0.0000
vt 0.3404 0.9679 0.0000
vt 0.2904 0.9679 0.0000
vt 0.3387 0.8316 0.0000
vt 0.3318 0.8239 0.0000
vt 0.3223 0.8197 0.0000
vt 0.3024 0.8239 0.0000
vt 0.3119 0.8197 0.0000
vt 0.2954 0.8316 0.0000
vt 0.3419 0.8415 0.0000
vt 0.3409 0.8519 0.0000
vt 0.3357 0.8609 0.0000
vt 0.2922 0.8415 0.0000
vt 0.2985 0.8609 0.0000
vt 0.2933 0.8519 0.0000
vt 0.3272 0.8670 0.0000
vt 0.3171 0.8691 0.0000
vt 0.3069 0.8670 0.0000
vt 0.3357 0.8274 0.0000
vt 0.3272 0.8213 0.0000
vt 0.3409 0.8364 0.0000
vt 0.3171 0.8191 0.0000
vt 0.3069 0.8213 0.0000
vt 0.2985 0.8274 0.0000
vt 0.2933 0.8364 0.0000
vt 0.3419 0.8468 0.0000
vt 0.3387 0.8566 0.0000
vt 0.2922 0.8468 0.0000
vt 0.2954 0.8566 0.0000
vt 0.3024 0.8644 0.0000
vt 0.3318 0.8644 0.0000
vt 0.3223 0.8686 0.0000
vt 0.3119 0.8686 0.0000
vt 0.3246 0.8203 0.0000
vt 0.3196 0.8193 0.0000
vt 0.3145 0.8193 0.0000
vt 0.3292 0.8223 0.0000
vt 0.3334 0.8252 0.0000
vt 0.2973 0.8288 0.0000
vt 0.3096 0.8203 0.0000
vt 0.3049 0.8223 0.0000
vt 0.3008 0.8252 0.0000
vt 0.3368 0.8288 0.0000
vt 0.3395 0.8331 0.0000
vt 0.3413 0.8379 0.0000
vt 0.3420 0.8429 0.0000
vt 0.3418 0.8479 0.0000
vt 0.3405 0.8528 0.0000
vt 0.2946 0.8331 0.0000
vt 0.2929 0.8379 0.0000
vt 0.2924 0.8479 0.0000
vt 0.2921 0.8429 0.0000
vt 0.2936 0.8528 0.0000
vt 0.2959 0.8574 0.0000
vt 0.3028 0.8647 0.0000
vt 0.2990 0.8614 0.0000
vt 0.3383 0.8574 0.0000
vt 0.3352 0.8614 0.0000
vt 0.3314 0.8647 0.0000
vt 0.3269 0.8671 0.0000
vt 0.3221 0.8686 0.0000
vt 0.3072 0.8671 0.0000
vt 0.3120 0.8686 0.0000
vt 0.3310 0.8234 0.0000
vt 0.3266 0.8210 0.0000
vt 0.3220 0.8196 0.0000
vt 0.3348 0.8265 0.0000
vt 0.3379 0.8303 0.0000
vt 0.3032 0.8234 0.0000
vt 0.3122 0.8196 0.0000
vt 0.3075 0.8210 0.0000
vt 0.3402 0.8346 0.0000
vt 0.3416 0.8393 0.0000
vt 0.3421 0.8441 0.0000
vt 0.3416 0.8490 0.0000
vt 0.3402 0.8537 0.0000
vt 0.2963 0.8580 0.0000
vt 0.2994 0.8265 0.0000
vt 0.2963 0.8303 0.0000
vt 0.2926 0.8393 0.0000
vt 0.2940 0.8346 0.0000
vt 0.2921 0.8441 0.0000
vt 0.2926 0.8490 0.0000
vt 0.2940 0.8537 0.0000
vt 0.3379 0.8580 0.0000
vt 0.3348 0.8618 0.0000
vt 0.3310 0.8649 0.0000
vt 0.3266 0.8672 0.0000
vt 0.3220 0.8687 0.0000
vt 0.2994 0.8618 0.0000
vt 0.3032 0.8649 0.0000
vt 0.3075 0.8672 0.0000
vt 0.3122 0.8687 0.0000
vt 0.3296 0.8225 0.0000
vt 0.3046 0.8225 0.0000
vt 0.3296 0.8658 0.0000
vt 0.3046 0.8658 0.0000
vt 0.3306 0.8652 0.0000
vt 0.3398 0.8545 0.0000
vt 0.3418 0.8406 0.0000
vt 0.3360 0.8278 0.0000
vt 0.3241 0.8202 0.0000
vt 0.3100 0.8202 0.0000
vt 0.2982 0.8278 0.0000
vt 0.2943 0.8545 0.0000
vt 0.2923 0.8406 0.0000
vt 0.3036 0.8652 0.0000
vt 0.2921 0.8191 0.0000
vt 0.3421 0.8191 0.0000
vt 0.3421 0.8691 0.0000
vt 0.2921 0.8691 0.0000
vt 0.3366 0.8597 0.0000
vt 0.3414 0.8497 0.0000
vt 0.3414 0.8386 0.0000
vt 0.3366 0.8286 0.0000
vt 0.3279 0.8216 0.0000
vt 0.3279 0.8667 0.0000
vt 0.3062 0.8216 0.0000
vt 0.2975 0.8286 0.0000
vt 0.2927 0.8386 0.0000
vt 0.2927 0.8497 0.0000
vt 0.2975 0.8597 0.0000
vt 0.3062 0.8667 0.0000
vt 0.3327 0.8246 0.0000
vt 0.3226 0.8198 0.0000
vt 0.3396 0.8333 0.0000
vt 0.3115 0.8198 0.0000
vt 0.3015 0.8246 0.0000
vt 0.2946 0.8333 0.0000
vt 0.3396 0.8550 0.0000
vt 0.3327 0.8637 0.0000
vt 0.3015 0.8637 0.0000
vt 0.2946 0.8550 0.0000
vt 0.3226 0.8685 0.0000
vt 0.3115 0.8685 0.0000
vt 0.2983 0.8191 0.0000
vt 0.3483 0.8191 0.0000
vt 0.3483 0.8691 0.0000
vt 0.2983 0.8691 0.0000
vt 0.3233 0.8691 0.0000
vt 0.3265 0.8689 0.0000
vt 0.3297 0.8683 0.0000
vt 0.3328 0.8672 0.0000
vt 0.3358 0.8658 0.0000
vt 0.3385 0.8640 0.0000
vt 0.3410 0.8618 0.0000
vt 0.3431 0.8594 0.0000
vt 0.3449 0.8566 0.0000
vt 0.3464 0.8537 0.0000
vt 0.3474 0.8506 0.0000
vt 0.3481 0.8474 0.0000
vt 0.3483 0.8441 0.0000
vt 0.3481 0.8409 0.0000
vt 0.3474 0.8377 0.0000
vt 0.3464 0.8346 0.0000
vt 0.3449 0.8316 0.0000
vt 0.3431 0.8289 0.0000
vt 0.3410 0.8265 0.0000
vt 0.3385 0.8243 0.0000
vt 0.3358 0.8225 0.0000
vt 0.3328 0.8210 0.0000
vt 0.3297 0.8200 0.0000
vt 0.3265 0.8194 0.0000
vt 0.3233 0.8191 0.0000
vt 0.3200 0.8194 0.0000
vt 0.3168 0.8200 0.0000
vt 0.3137 0.8210 0.0000
vt 0.3108 0.8225 0.0000
vt 0.3081 0.8243 0.0000
vt 0.3056 0.8265 0.0000
vt 0.3034 0.8289 0.0000
vt 0.3016 0.8316 0.0000
vt 0.3002 0.8346 0.0000
vt 0.2991 0.8377 0.0000
vt 0.2985 0.8409 0.0000
vt 0.2983 0.8441 0.0000
vt 0.2985 0.8474 0.0000
vt 0.2991 0.8506 0.0000
vt 0.3002 0.8537 0.0000
vt 0.3016 0.8566 0.0000
vt 0.3034 0.8594 0.0000
vt 0.3056 0.8618 0.0000
vt 0.3081 0.8640 0.0000
vt 0.3108 0.8658 0.0000
vt 0.3137 0.8672 0.0000
vt 0.3168 0.8683 0.0000
vt 0.3200 0.8689 0.0000
vt 0.3310 0.8679 0.0000
vt 0.3380 0.8644 0.0000
vt 0.3086 0.8644 0.0000
vt 0.3435 0.8588 0.0000
vt 0.3471 0.8519 0.0000
vt 0.3471 0.8364 0.0000
vt 0.3435 0.8294 0.0000
vt 0.3380 0.8239 0.0000
vt 0.3310 0.8204 0.0000
vt 0.3156 0.8204 0.0000
vt 0.3086 0.8239 0.0000
vt 0.3031 0.8294 0.0000
vt 0.2995 0.8364 0.0000
vt 0.2995 0.8519 0.0000
vt 0.3031 0.8588 0.0000
vt 0.3156 0.8679 0.0000
vt 0.1836 0.8191 0.0000
vt 0.2336 0.8191 0.0000
vt 0.2336 0.8691 0.0000
vt 0.1836 0.8691 0.0000
vt 0.3011 0.8623 0.0000
vt 0.3076 0.8655 0.0000
vt 0.3120 0.8660 0.0000
vt 0.3211 0.8665 0.0000
vt 0.3166 0.8663 0.0000
vt 0.3256 0.8665 0.0000
vt 0.3301 0.8663 0.0000
vt 0.3366 0.8643 0.0000
vt 0.3349 0.8653 0.0000
vt 0.3387 0.8665 0.0000
vt 0.3325 0.8683 0.0000
vt 0.3271 0.8689 0.0000
vt 0.3219 0.8691 0.0000
vt 0.3168 0.8691 0.0000
vt 0.3115 0.8689 0.0000
vt 0.3061 0.8679 0.0000
vt 0.2983 0.8645 0.0000
vt 0.3005 0.8254 0.0000
vt 0.3086 0.8225 0.0000
vt 0.3132 0.8221 0.0000
vt 0.3178 0.8221 0.0000
vt 0.3223 0.8221 0.0000
vt 0.3268 0.8223 0.0000
vt 0.3313 0.8228 0.0000
vt 0.3357 0.8240 0.0000
vt 0.3370 0.8246 0.0000
vt 0.3336 0.8211 0.0000
vt 0.3384 0.8230 0.0000
vt 0.3284 0.8201 0.0000
vt 0.3233 0.8196 0.0000
vt 0.3182 0.8193 0.0000
vt 0.3129 0.8191 0.0000
vt 0.3071 0.8197 0.0000
vt 0.2983 0.8230 0.0000
vt 0.3255 0.8690 0.0000
vt 0.3276 0.8688 0.0000
vt 0.3318 0.8676 0.0000
vt 0.3338 0.8668 0.0000
vt 0.3376 0.8646 0.0000
vt 0.3393 0.8633 0.0000
vt 0.3424 0.8602 0.0000
vt 0.3438 0.8585 0.0000
vt 0.3459 0.8547 0.0000
vt 0.3468 0.8527 0.0000
vt 0.3479 0.8485 0.0000
vt 0.3482 0.8463 0.0000
vt 0.3482 0.8420 0.0000
vt 0.3479 0.8398 0.0000
vt 0.3468 0.8356 0.0000
vt 0.3459 0.8336 0.0000
vt 0.3438 0.8298 0.0000
vt 0.3424 0.8281 0.0000
vt 0.3393 0.8250 0.0000
vt 0.3376 0.8237 0.0000
vt 0.3338 0.8215 0.0000
vt 0.3318 0.8207 0.0000
vt 0.3276 0.8195 0.0000
vt 0.3255 0.8192 0.0000
vt 0.3211 0.8192 0.0000
vt 0.3189 0.8195 0.0000
vt 0.3147 0.8207 0.0000
vt 0.3127 0.8215 0.0000
vt 0.3089 0.8237 0.0000
vt 0.3072 0.8250 0.0000
vt 0.3041 0.8281 0.0000
vt 0.3028 0.8298 0.0000
vt 0.3006 0.8336 0.0000
vt 0.2998 0.8356 0.0000
vt 0.2987 0.8398 0.0000
vt 0.2984 0.8420 0.0000
vt 0.2984 0.8463 0.0000
vt 0.2987 0.8485 0.0000
vt 0.2998 0.8527 0.0000
vt 0.3006 0.8547 0.0000
vt 0.3028 0.8585 0.0000
vt 0.3041 0.8602 0.0000
vt 0.3072 0.8633 0.0000
vt 0.3089 0.8646 0.0000
vt 0.3127 0.8668 0.0000
vt 0.3147 0.8676 0.0000
vt 0.3189 0.8688 0.0000
vt 0.3211 0.8690 0.0000
vt 0.1805 0.8222 0.0000
vt 0.2305 0.8222 0.0000
vt 0.2305 0.8722 0.0000
vt 0.1805 0.8722 0.0000
vt 0.2921 0.9246 0.0000
vt 0.3421 0.9246 0.0000
vt 0.3421 0.9746 0.0000
vt 0.2921 0.9746 0.0000
vt 0.3171 0.9746 0.0000
vt 0.3306 0.9706 0.0000
vt 0.3398 0.9599 0.0000
vt 0.3418 0.9460 0.0000
vt 0.3360 0.9332 0.0000
vt 0.3241 0.9256 0.0000
vt 0.3100 0.9256 0.0000
vt 0.2982 0.9332 0.0000
vt 0.2923 0.9460 0.0000
vt 0.2943 0.9599 0.0000
vt 0.3036 0.9706 0.0000
vt 0.3170 0.8358 0.0000
vt 0.3171 0.8358 0.0000
vt 0.3197 0.8357 0.0000
vt 0.3198 0.8357 0.0000
vt 0.3224 0.8357 0.0000
vt 0.3225 0.8357 0.0000
vt 0.3251 0.8356 0.0000
vt 0.3253 0.8356 0.0000
vt 0.3279 0.8356 0.0000
vt 0.3280 0.8356 0.0000
vt 0.3306 0.8356 0.0000
vt 0.3307 0.8356 0.0000
vt 0.3333 0.8356 0.0000
vt 0.3335 0.8356 0.0000
vt 0.3361 0.8356 0.0000
vt 0.3362 0.8356 0.0000
vt 0.3388 0.8356 0.0000
vt 0.3390 0.8356 0.0000
vt 0.3416 0.8356 0.0000
vt 0.3417 0.8356 0.0000
vt 0.3443 0.8356 0.0000
vt 0.3445 0.8356 0.0000
vt 0.3471 0.8356 0.0000
vt 0.3473 0.8356 0.0000
vt 0.3499 0.8356 0.0000
vt 0.3500 0.8356 0.0000
vt 0.3527 0.8357 0.0000
vt 0.3528 0.8357 0.0000
vt 0.3554 0.8357 0.0000
vt 0.3556 0.8357 0.0000
vt 0.3582 0.8357 0.0000
vt 0.3584 0.8357 0.0000
vt 0.3610 0.8358 0.0000
vt 0.3612 0.8358 0.0000
vt 0.3638 0.8358 0.0000
vt 0.3640 0.8358 0.0000
vt 0.3666 0.8359 0.0000
vt 0.3668 0.8359 0.0000
vt 0.3638 0.8356 0.0000
vt 0.3640 0.8356 0.0000
vt 0.3198 0.8355 0.0000
vt 0.3224 0.8355 0.0000
vt 0.3333 0.8354 0.0000
vt 0.3335 0.8354 0.0000
vt 0.3445 0.8354 0.0000
vt 0.3471 0.8354 0.0000
vt 0.3582 0.8355 0.0000
vt 0.3584 0.8355 0.0000
vt 0.3279 0.8354 0.0000
vt 0.3280 0.8354 0.0000
vt 0.3390 0.8353 0.0000
vt 0.3416 0.8354 0.0000
vt 0.3527 0.8354 0.0000
vt 0.3528 0.8354 0.0000
vt 0.3666 0.8356 0.0000
vt 0.3225 0.8355 0.0000
vt 0.3361 0.8354 0.0000
vt 0.3473 0.8354 0.0000
vt 0.3610 0.8355 0.0000
vt 0.3170 0.8355 0.0000
vt 0.3171 0.8355 0.0000
vt 0.3306 0.8354 0.0000
vt 0.3417 0.8354 0.0000
vt 0.3554 0.8355 0.0000
vt 0.3668 0.8356 0.0000
vt 0.3251 0.8354 0.0000
vt 0.3362 0.8354 0.0000
vt 0.3499 0.8354 0.0000
vt 0.3612 0.8355 0.0000
vt 0.3197 0.8355 0.0000
vt 0.3307 0.8354 0.0000
vt 0.3443 0.8354 0.0000
vt 0.3556 0.8355 0.0000
vt 0.3253 0.8354 0.0000
vt 0.3388 0.8353 0.0000
vt 0.3500 0.8354 0.0000
vt 0.3416 0.8309 0.0000
vt 0.3417 0.8309 0.0000
vt 0.3225 0.9595 0.0000
vt 0.3225 0.9551 0.0000
vt 0.3251 0.9550 0.0000
vt 0.3251 0.9594 0.0000
vt 0.3611 0.8310 0.0000
vt 0.3612 0.8310 0.0000
vt 0.3417 0.9594 0.0000
vt 0.3417 0.9549 0.0000
vt 0.3444 0.9549 0.0000
vt 0.3443 0.9594 0.0000
vt 0.3251 0.8310 0.0000
vt 0.3252 0.8310 0.0000
vt 0.3612 0.9596 0.0000
vt 0.3612 0.9550 0.0000
vt 0.3639 0.9551 0.0000
vt 0.3638 0.9596 0.0000
vt 0.3444 0.8309 0.0000
vt 0.3445 0.8309 0.0000
vt 0.3253 0.9594 0.0000
vt 0.3252 0.9550 0.0000
vt 0.3278 0.9550 0.0000
vt 0.3279 0.9594 0.0000
vt 0.3639 0.8311 0.0000
vt 0.3641 0.8311 0.0000
vt 0.3445 0.9594 0.0000
vt 0.3445 0.9549 0.0000
vt 0.3471 0.9549 0.0000
vt 0.3471 0.9594 0.0000
vt 0.3278 0.8310 0.0000
vt 0.3279 0.8310 0.0000
vt 0.3640 0.9596 0.0000
vt 0.3641 0.9551 0.0000
vt 0.3667 0.9551 0.0000
vt 0.3666 0.9597 0.0000
vt 0.3471 0.8309 0.0000
vt 0.3473 0.8309 0.0000
vt 0.3280 0.9594 0.0000
vt 0.3279 0.9550 0.0000
vt 0.3306 0.9550 0.0000
vt 0.3306 0.9594 0.0000
vt 0.3667 0.8311 0.0000
vt 0.3669 0.8311 0.0000
vt 0.3473 0.9594 0.0000
vt 0.3473 0.9549 0.0000
vt 0.3499 0.9549 0.0000
vt 0.3499 0.9594 0.0000
vt 0.3306 0.8310 0.0000
vt 0.3307 0.8310 0.0000
vt 0.3499 0.8309 0.0000
vt 0.3501 0.8309 0.0000
vt 0.3307 0.9594 0.0000
vt 0.3307 0.9550 0.0000
vt 0.3333 0.9550 0.0000
vt 0.3333 0.9594 0.0000
vt 0.3500 0.9594 0.0000
vt 0.3501 0.9549 0.0000
vt 0.3527 0.9550 0.0000
vt 0.3527 0.9594 0.0000
vt 0.3333 0.8309 0.0000
vt 0.3334 0.8309 0.0000
vt 0.3527 0.8309 0.0000
vt 0.3528 0.8309 0.0000
vt 0.3335 0.9594 0.0000
vt 0.3334 0.9550 0.0000
vt 0.3361 0.9549 0.0000
vt 0.3361 0.9594 0.0000
vt 0.3169 0.8312 0.0000
vt 0.3170 0.8312 0.0000
vt 0.3528 0.9594 0.0000
vt 0.3528 0.9550 0.0000
vt 0.3555 0.9550 0.0000
vt 0.3554 0.9595 0.0000
vt 0.3361 0.8309 0.0000
vt 0.3362 0.8309 0.0000
vt 0.3171 0.9595 0.0000
vt 0.3170 0.9552 0.0000
vt 0.3196 0.9551 0.0000
vt 0.3197 0.9595 0.0000
vt 0.3555 0.8310 0.0000
vt 0.3556 0.8310 0.0000
vt 0.3362 0.9594 0.0000
vt 0.3362 0.9549 0.0000
vt 0.3388 0.9549 0.0000
vt 0.3388 0.9594 0.0000
vt 0.3196 0.8311 0.0000
vt 0.3197 0.8311 0.0000
vt 0.3556 0.9595 0.0000
vt 0.3556 0.9550 0.0000
vt 0.3583 0.9550 0.0000
vt 0.3582 0.9595 0.0000
vt 0.3388 0.8309 0.0000
vt 0.3390 0.8309 0.0000
vt 0.3198 0.9595 0.0000
vt 0.3197 0.9551 0.0000
vt 0.3223 0.9551 0.0000
vt 0.3224 0.9595 0.0000
vt 0.3583 0.8310 0.0000
vt 0.3584 0.8310 0.0000
vt 0.3390 0.9594 0.0000
vt 0.3390 0.9549 0.0000
vt 0.3416 0.9549 0.0000
vt 0.3416 0.9594 0.0000
vt 0.3223 0.8311 0.0000
vt 0.3225 0.8311 0.0000
vt 0.3584 0.9595 0.0000
vt 0.3584 0.9550 0.0000
vt 0.3611 0.9550 0.0000
vt 0.3610 0.9596 0.0000
vt 0.3170 0.8258 0.0000
vt 0.3171 0.8258 0.0000
vt 0.3197 0.8257 0.0000
vt 0.3198 0.8257 0.0000
vt 0.3224 0.8257 0.0000
vt 0.3225 0.8257 0.0000
vt 0.3251 0.8257 0.0000
vt 0.3253 0.8257 0.0000
vt 0.3279 0.8256 0.0000
vt 0.3280 0.8256 0.0000
vt 0.3306 0.8256 0.0000
vt 0.3307 0.8256 0.0000
vt 0.3333 0.8256 0.0000
vt 0.3335 0.8256 0.0000
vt 0.3361 0.8256 0.0000
vt 0.3362 0.8256 0.0000
vt 0.3388 0.8256 0.0000
vt 0.3390 0.8256 0.0000
vt 0.3416 0.8256 0.0000
vt 0.3417 0.8256 0.0000
vt 0.3443 0.8256 0.0000
vt 0.3445 0.8256 0.0000
vt 0.3471 0.8256 0.0000
vt 0.3473 0.8256 0.0000
vt 0.3499 0.8256 0.0000
vt 0.3500 0.8256 0.0000
vt 0.3527 0.8257 0.0000
vt 0.3528 0.8257 0.0000
vt 0.3554 0.8257 0.0000
vt 0.3556 0.8257 0.0000
vt 0.3582 0.8257 0.0000
vt 0.3584 0.8257 0.0000
vt 0.3610 0.8258 0.0000
vt 0.3612 0.8258 0.0000
vt 0.3638 0.8258 0.0000
vt 0.3640 0.8258 0.0000
vt 0.3666 0.8259 0.0000
vt 0.3668 0.8259 0.0000
vt 0.3638 0.8256 0.0000
vt 0.3640 0.8256 0.0000
vt 0.3198 0.8255 0.0000
vt 0.3224 0.8255 0.0000
vt 0.3333 0.8254 0.0000
vt 0.3335 0.8254 0.0000
vt 0.3445 0.8254 0.0000
vt 0.3471 0.8254 0.0000
vt 0.3582 0.8255 0.0000
vt 0.3584 0.8255 0.0000
vt 0.3279 0.8254 0.0000
vt 0.3280 0.8254 0.0000
vt 0.3390 0.8254 0.0000
vt 0.3416 0.8254 0.0000
vt 0.3527 0.8254 0.0000
vt 0.3528 0.8254 0.0000
vt 0.3666 0.8257 0.0000
vt 0.3225 0.8255 0.0000
vt 0.3361 0.8254 0.0000
vt 0.3472 0.8254 0.0000
vt 0.3610 0.8256 0.0000
vt 0.3170 0.8255 0.0000
vt 0.3171 0.8255 0.0000
vt 0.3306 0.8254 0.0000
vt 0.3417 0.8254 0.0000
vt 0.3554 0.8255 0.0000
vt 0.3668 0.8257 0.0000
vt 0.3251 0.8254 0.0000
vt 0.3362 0.8254 0.0000
vt 0.3499 0.8254 0.0000
vt 0.3612 0.8256 0.0000
vt 0.3197 0.8255 0.0000
vt 0.3307 0.8254 0.0000
vt 0.3443 0.8254 0.0000
vt 0.3556 0.8255 0.0000
vt 0.3253 0.8254 0.0000
vt 0.3388 0.8254 0.0000
vt 0.3500 0.8254 0.0000
vt 0.3416 0.8209 0.0000
vt 0.3417 0.8209 0.0000
vt 0.3225 0.9495 0.0000
vt 0.3225 0.9451 0.0000
vt 0.3251 0.9450 0.0000
vt 0.3251 0.9494 0.0000
vt 0.3611 0.8210 0.0000
vt 0.3612 0.8210 0.0000
vt 0.3417 0.9494 0.0000
vt 0.3417 0.9449 0.0000
vt 0.3444 0.9449 0.0000
vt 0.3443 0.9494 0.0000
vt 0.3251 0.8210 0.0000
vt 0.3252 0.8210 0.0000
vt 0.3612 0.9496 0.0000
vt 0.3612 0.9451 0.0000
vt 0.3639 0.9451 0.0000
vt 0.3638 0.9496 0.0000
vt 0.3444 0.8209 0.0000
vt 0.3445 0.8209 0.0000
vt 0.3253 0.9494 0.0000
vt 0.3252 0.9450 0.0000
vt 0.3278 0.9450 0.0000
vt 0.3279 0.9494 0.0000
vt 0.3639 0.8211 0.0000
vt 0.3641 0.8211 0.0000
vt 0.3445 0.9494 0.0000
vt 0.3445 0.9449 0.0000
vt 0.3471 0.9449 0.0000
vt 0.3471 0.9494 0.0000
vt 0.3278 0.8210 0.0000
vt 0.3279 0.8210 0.0000
vt 0.3640 0.9496 0.0000
vt 0.3641 0.9451 0.0000
vt 0.3667 0.9452 0.0000
vt 0.3666 0.9497 0.0000
vt 0.3471 0.8209 0.0000
vt 0.3473 0.8209 0.0000
vt 0.3280 0.9494 0.0000
vt 0.3279 0.9450 0.0000
vt 0.3306 0.9450 0.0000
vt 0.3306 0.9494 0.0000
vt 0.3667 0.8211 0.0000
vt 0.3669 0.8211 0.0000
vt 0.3472 0.9494 0.0000
vt 0.3473 0.9449 0.0000
vt 0.3499 0.9449 0.0000
vt 0.3499 0.9494 0.0000
vt 0.3306 0.8210 0.0000
vt 0.3307 0.8210 0.0000
vt 0.3499 0.8209 0.0000
vt 0.3501 0.8209 0.0000
vt 0.3307 0.9494 0.0000
vt 0.3307 0.9450 0.0000
vt 0.3333 0.9450 0.0000
vt 0.3333 0.9494 0.0000
vt 0.3500 0.9494 0.0000
vt 0.3501 0.9449 0.0000
vt 0.3527 0.9450 0.0000
vt 0.3527 0.9495 0.0000
vt 0.3333 0.8209 0.0000
vt 0.3334 0.8209 0.0000
vt 0.3527 0.8209 0.0000
vt 0.3528 0.8209 0.0000
vt 0.3335 0.9494 0.0000
vt 0.3334 0.9450 0.0000
vt 0.3361 0.9449 0.0000
vt 0.3361 0.9494 0.0000
vt 0.3169 0.8212 0.0000
vt 0.3170 0.8212 0.0000
vt 0.3528 0.9495 0.0000
vt 0.3528 0.9450 0.0000
vt 0.3555 0.9450 0.0000
vt 0.3554 0.9495 0.0000
vt 0.3361 0.8209 0.0000
vt 0.3362 0.8209 0.0000
vt 0.3171 0.9495 0.0000
vt 0.3170 0.9452 0.0000
vt 0.3196 0.9451 0.0000
vt 0.3197 0.9495 0.0000
vt 0.3555 0.8210 0.0000
vt 0.3556 0.8210 0.0000
vt 0.3362 0.9494 0.0000
vt 0.3362 0.9449 0.0000
vt 0.3388 0.9449 0.0000
vt 0.3388 0.9494 0.0000
vt 0.3196 0.8211 0.0000
vt 0.3197 0.8211 0.0000
vt 0.3556 0.9495 0.0000
vt 0.3556 0.9450 0.0000
vt 0.3583 0.9450 0.0000
vt 0.3582 0.9495 0.0000
vt 0.3388 0.8209 0.0000
vt 0.3390 0.8209 0.0000
vt 0.3198 0.9495 0.0000
vt 0.3197 0.9451 0.0000
vt 0.3223 0.9451 0.0000
vt 0.3224 0.9495 0.0000
vt 0.3583 0.8210 0.0000
vt 0.3584 0.8210 0.0000
vt 0.3390 0.9494 0.0000
vt 0.3390 0.9449 0.0000
vt 0.3416 0.9449 0.0000
vt 0.3416 0.9494 0.0000
vt 0.3223 0.8211 0.0000
vt 0.3225 0.8211 0.0000
vt 0.3584 0.9495 0.0000
vt 0.3584 0.9450 0.0000
vt 0.3611 0.9451 0.0000
vt 0.3610 0.9496 0.0000
vt 0.3170 0.8407 0.0000
vt 0.3171 0.8407 0.0000
vt 0.3197 0.8407 0.0000
vt 0.3198 0.8407 0.0000
vt 0.3224 0.8407 0.0000
vt 0.3225 0.8407 0.0000
vt 0.3251 0.8406 0.0000
vt 0.3253 0.8406 0.0000
vt 0.3279 0.8406 0.0000
vt 0.3280 0.8406 0.0000
vt 0.3306 0.8406 0.0000
vt 0.3307 0.8406 0.0000
vt 0.3333 0.8406 0.0000
vt 0.3335 0.8406 0.0000
vt 0.3361 0.8406 0.0000
vt 0.3362 0.8406 0.0000
vt 0.3388 0.8406 0.0000
vt 0.3390 0.8406 0.0000
vt 0.3416 0.8406 0.0000
vt 0.3417 0.8406 0.0000
vt 0.3443 0.8406 0.0000
vt 0.3445 0.8406 0.0000
vt 0.3471 0.8406 0.0000
vt 0.3473 0.8406 0.0000
vt 0.3499 0.8406 0.0000
vt 0.3500 0.8406 0.0000
vt 0.3527 0.8406 0.0000
vt 0.3528 0.8406 0.0000
vt 0.3554 0.8407 0.0000
vt 0.3556 0.8407 0.0000
vt 0.3582 0.8407 0.0000
vt 0.3584 0.8407 0.0000
vt 0.3610 0.8408 0.0000
vt 0.3612 0.8408 0.0000
vt 0.3638 0.8408 0.0000
vt 0.3640 0.8408 0.0000
vt 0.3666 0.8409 0.0000
vt 0.3668 0.8409 0.0000
vt 0.3638 0.8406 0.0000
vt 0.3640 0.8406 0.0000
vt 0.3198 0.8405 0.0000
vt 0.3224 0.8404 0.0000
vt 0.3333 0.8404 0.0000
vt 0.3335 0.8404 0.0000
vt 0.3445 0.8404 0.0000
vt 0.3471 0.8404 0.0000
vt 0.3582 0.8405 0.0000
vt 0.3584 0.8405 0.0000
vt 0.3279 0.8404 0.0000
vt 0.3280 0.8404 0.0000
vt 0.3390 0.8403 0.0000
vt 0.3416 0.8403 0.0000
vt 0.3527 0.8404 0.0000
vt 0.3528 0.8404 0.0000
vt 0.3666 0.8406 0.0000
vt 0.3225 0.8404 0.0000
vt 0.3361 0.8403 0.0000
vt 0.3473 0.8404 0.0000
vt 0.3610 0.8405 0.0000
vt 0.3170 0.8405 0.0000
vt 0.3171 0.8405 0.0000
vt 0.3306 0.8404 0.0000
vt 0.3417 0.8403 0.0000
vt 0.3554 0.8404 0.0000
vt 0.3668 0.8406 0.0000
vt 0.3251 0.8404 0.0000
vt 0.3362 0.8403 0.0000
vt 0.3499 0.8404 0.0000
vt 0.3612 0.8405 0.0000
vt 0.3197 0.8405 0.0000
vt 0.3307 0.8404 0.0000
vt 0.3443 0.8404 0.0000
vt 0.3556 0.8405 0.0000
vt 0.3253 0.8404 0.0000
vt 0.3388 0.8403 0.0000
vt 0.3500 0.8404 0.0000
vt 0.3416 0.8359 0.0000
vt 0.3417 0.8359 0.0000
vt 0.3225 0.9645 0.0000
vt 0.3225 0.9601 0.0000
vt 0.3251 0.9600 0.0000
vt 0.3251 0.9644 0.0000
vt 0.3611 0.8360 0.0000
vt 0.3612 0.8360 0.0000
vt 0.3417 0.9644 0.0000
vt 0.3417 0.9599 0.0000
vt 0.3444 0.9599 0.0000
vt 0.3443 0.9644 0.0000
vt 0.3251 0.8360 0.0000
vt 0.3252 0.8360 0.0000
vt 0.3612 0.9646 0.0000
vt 0.3612 0.9600 0.0000
vt 0.3639 0.9601 0.0000
vt 0.3638 0.9646 0.0000
vt 0.3444 0.8359 0.0000
vt 0.3445 0.8359 0.0000
vt 0.3253 0.9644 0.0000
vt 0.3252 0.9600 0.0000
vt 0.3278 0.9600 0.0000
vt 0.3279 0.9644 0.0000
vt 0.3639 0.8361 0.0000
vt 0.3641 0.8361 0.0000
vt 0.3445 0.9644 0.0000
vt 0.3445 0.9599 0.0000
vt 0.3471 0.9599 0.0000
vt 0.3471 0.9644 0.0000
vt 0.3278 0.8360 0.0000
vt 0.3279 0.8360 0.0000
vt 0.3640 0.9646 0.0000
vt 0.3641 0.9601 0.0000
vt 0.3667 0.9601 0.0000
vt 0.3666 0.9646 0.0000
vt 0.3471 0.8359 0.0000
vt 0.3473 0.8359 0.0000
vt 0.3280 0.9644 0.0000
vt 0.3279 0.9600 0.0000
vt 0.3306 0.9600 0.0000
vt 0.3306 0.9644 0.0000
vt 0.3667 0.8361 0.0000
vt 0.3669 0.8361 0.0000
vt 0.3473 0.9644 0.0000
vt 0.3473 0.9599 0.0000
vt 0.3499 0.9599 0.0000
vt 0.3499 0.9644 0.0000
vt 0.3306 0.8360 0.0000
vt 0.3307 0.8360 0.0000
vt 0.3499 0.8359 0.0000
vt 0.3501 0.8359 0.0000
vt 0.3307 0.9644 0.0000
vt 0.3307 0.9600 0.0000
vt 0.3333 0.9599 0.0000
vt 0.3333 0.9644 0.0000
vt 0.3500 0.9644 0.0000
vt 0.3501 0.9599 0.0000
vt 0.3527 0.9599 0.0000
vt 0.3527 0.9644 0.0000
vt 0.3333 0.8359 0.0000
vt 0.3334 0.8359 0.0000
vt 0.3527 0.8359 0.0000
vt 0.3528 0.8359 0.0000
vt 0.3335 0.9644 0.0000
vt 0.3334 0.9599 0.0000
vt 0.3361 0.9599 0.0000
vt 0.3361 0.9644 0.0000
vt 0.3169 0.8362 0.0000
vt 0.3170 0.8362 0.0000
vt 0.3528 0.9644 0.0000
vt 0.3528 0.9599 0.0000
vt 0.3555 0.9600 0.0000
vt 0.3554 0.9645 0.0000
vt 0.3361 0.8359 0.0000
vt 0.3362 0.8359 0.0000
vt 0.3171 0.9645 0.0000
vt 0.3170 0.9602 0.0000
vt 0.3196 0.9601 0.0000
vt 0.3197 0.9645 0.0000
vt 0.3555 0.8360 0.0000
vt 0.3556 0.8360 0.0000
vt 0.3362 0.9644 0.0000
vt 0.3362 0.9599 0.0000
vt 0.3388 0.9599 0.0000
vt 0.3388 0.9644 0.0000
vt 0.3196 0.8361 0.0000
vt 0.3197 0.8361 0.0000
vt 0.3556 0.9645 0.0000
vt 0.3556 0.9600 0.0000
vt 0.3583 0.9600 0.0000
vt 0.3582 0.9645 0.0000
vt 0.3388 0.8359 0.0000
vt 0.3390 0.8359 0.0000
vt 0.3198 0.9645 0.0000
vt 0.3197 0.9601 0.0000
vt 0.3223 0.9601 0.0000
vt 0.3224 0.9645 0.0000
vt 0.3583 0.8360 0.0000
vt 0.3584 0.8360 0.0000
vt 0.3390 0.9644 0.0000
vt 0.3390 0.9599 0.0000
vt 0.3416 0.9599 0.0000
vt 0.3416 0.9644 0.0000
vt 0.3223 0.8361 0.0000
vt 0.3225 0.8361 0.0000
vt 0.3584 0.9645 0.0000
vt 0.3584 0.9600 0.0000
vt 0.3611 0.9600 0.0000
vt 0.3610 0.9645 0.0000
vt 0.3170 0.8457 0.0000
vt 0.3171 0.8457 0.0000
vt 0.3197 0.8457 0.0000
vt 0.3198 0.8457 0.0000
vt 0.3224 0.8457 0.0000
vt 0.3225 0.8457 0.0000
vt 0.3251 0.8456 0.0000
vt 0.3253 0.8456 0.0000
vt 0.3279 0.8456 0.0000
vt 0.3280 0.8456 0.0000
vt 0.3306 0.8456 0.0000
vt 0.3307 0.8456 0.0000
vt 0.3333 0.8456 0.0000
vt 0.3335 0.8456 0.0000
vt 0.3361 0.8456 0.0000
vt 0.3362 0.8456 0.0000
vt 0.3388 0.8456 0.0000
vt 0.3390 0.8456 0.0000
vt 0.3416 0.8456 0.0000
vt 0.3417 0.8456 0.0000
vt 0.3443 0.8456 0.0000
vt 0.3445 0.8456 0.0000
vt 0.3471 0.8456 0.0000
vt 0.3473 0.8456 0.0000
vt 0.3499 0.8456 0.0000
vt 0.3500 0.8456 0.0000
vt 0.3527 0.8456 0.0000
vt 0.3528 0.8456 0.0000
vt 0.3554 0.8457 0.0000
vt 0.3556 0.8457 0.0000
vt 0.3582 0.8457 0.0000
vt 0.3584 0.8457 0.0000
vt 0.3610 0.8457 0.0000
vt 0.3610 0.8458 0.0000
vt 0.3612 0.8458 0.0000
vt 0.3638 0.8458 0.0000
vt 0.3640 0.8458 0.0000
vt 0.3666 0.8458 0.0000
vt 0.3666 0.8459 0.0000
vt 0.3668 0.8459 0.0000
vt 0.3638 0.8456 0.0000
vt 0.3640 0.8456 0.0000
vt 0.3198 0.8455 0.0000
vt 0.3224 0.8454 0.0000
vt 0.3333 0.8453 0.0000
vt 0.3335 0.8453 0.0000
vt 0.3445 0.8453 0.0000
vt 0.3471 0.8454 0.0000
vt 0.3582 0.8455 0.0000
vt 0.3584 0.8455 0.0000
vt 0.3279 0.8454 0.0000
vt 0.3280 0.8454 0.0000
vt 0.3390 0.8453 0.0000
vt 0.3416 0.8453 0.0000
vt 0.3527 0.8454 0.0000
vt 0.3528 0.8454 0.0000
vt 0.3666 0.8456 0.0000
vt 0.3225 0.8454 0.0000
vt 0.3361 0.8453 0.0000
vt 0.3473 0.8454 0.0000
vt 0.3610 0.8455 0.0000
vt 0.3170 0.8455 0.0000
vt 0.3171 0.8455 0.0000
vt 0.3306 0.8454 0.0000
vt 0.3417 0.8453 0.0000
vt 0.3554 0.8454 0.0000
vt 0.3668 0.8456 0.0000
vt 0.3251 0.8454 0.0000
vt 0.3362 0.8453 0.0000
vt 0.3499 0.8454 0.0000
vt 0.3612 0.8455 0.0000
vt 0.3197 0.8455 0.0000
vt 0.3307 0.8454 0.0000
vt 0.3443 0.8453 0.0000
vt 0.3556 0.8454 0.0000
vt 0.3253 0.8454 0.0000
vt 0.3388 0.8453 0.0000
vt 0.3500 0.8454 0.0000
vt 0.3416 0.8409 0.0000
vt 0.3417 0.8409 0.0000
vt 0.3225 0.9695 0.0000
vt 0.3225 0.9651 0.0000
vt 0.3251 0.9650 0.0000
vt 0.3251 0.9694 0.0000
vt 0.3611 0.8410 0.0000
vt 0.3612 0.8410 0.0000
vt 0.3417 0.9694 0.0000
vt 0.3417 0.9649 0.0000
vt 0.3444 0.9649 0.0000
vt 0.3443 0.9694 0.0000
vt 0.3251 0.8410 0.0000
vt 0.3252 0.8410 0.0000
vt 0.3612 0.9695 0.0000
vt 0.3612 0.9650 0.0000
vt 0.3639 0.9651 0.0000
vt 0.3638 0.9696 0.0000
vt 0.3444 0.8409 0.0000
vt 0.3445 0.8409 0.0000
vt 0.3253 0.9694 0.0000
vt 0.3252 0.9650 0.0000
vt 0.3278 0.9650 0.0000
vt 0.3279 0.9694 0.0000
vt 0.3639 0.8410 0.0000
vt 0.3641 0.8411 0.0000
vt 0.3445 0.9694 0.0000
vt 0.3445 0.9649 0.0000
vt 0.3471 0.9649 0.0000
vt 0.3471 0.9694 0.0000
vt 0.3278 0.8410 0.0000
vt 0.3279 0.8410 0.0000
vt 0.3640 0.9696 0.0000
vt 0.3641 0.9651 0.0000
vt 0.3667 0.9651 0.0000
vt 0.3666 0.9696 0.0000
vt 0.3471 0.8409 0.0000
vt 0.3473 0.8409 0.0000
vt 0.3280 0.9694 0.0000
vt 0.3279 0.9650 0.0000
vt 0.3306 0.9650 0.0000
vt 0.3306 0.9694 0.0000
vt 0.3667 0.8411 0.0000
vt 0.3669 0.8411 0.0000
vt 0.3473 0.9694 0.0000
vt 0.3473 0.9649 0.0000
vt 0.3499 0.9649 0.0000
vt 0.3499 0.9694 0.0000
vt 0.3306 0.8409 0.0000
vt 0.3307 0.8409 0.0000
vt 0.3499 0.8409 0.0000
vt 0.3501 0.8409 0.0000
vt 0.3307 0.9694 0.0000
vt 0.3307 0.9650 0.0000
vt 0.3333 0.9649 0.0000
vt 0.3333 0.9694 0.0000
vt 0.3500 0.9694 0.0000
vt 0.3501 0.9649 0.0000
vt 0.3527 0.9649 0.0000
vt 0.3527 0.9694 0.0000
vt 0.3333 0.8409 0.0000
vt 0.3334 0.8409 0.0000
vt 0.3527 0.8409 0.0000
vt 0.3528 0.8409 0.0000
vt 0.3335 0.9694 0.0000
vt 0.3334 0.9649 0.0000
vt 0.3361 0.9649 0.0000
vt 0.3361 0.9694 0.0000
vt 0.3169 0.8412 0.0000
vt 0.3170 0.8412 0.0000
vt 0.3528 0.9694 0.0000
vt 0.3528 0.9649 0.0000
vt 0.3555 0.9650 0.0000
vt 0.3554 0.9695 0.0000
vt 0.3361 0.8409 0.0000
vt 0.3362 0.8409 0.0000
vt 0.3171 0.9695 0.0000
vt 0.3170 0.9652 0.0000
vt 0.3196 0.9651 0.0000
vt 0.3197 0.9695 0.0000
vt 0.3555 0.8409 0.0000
vt 0.3556 0.8409 0.0000
vt 0.3362 0.9694 0.0000
vt 0.3362 0.9649 0.0000
vt 0.3388 0.9649 0.0000
vt 0.3388 0.9694 0.0000
vt 0.3196 0.8411 0.0000
vt 0.3197 0.8411 0.0000
vt 0.3556 0.9695 0.0000
vt 0.3556 0.9650 0.0000
vt 0.3583 0.9650 0.0000
vt 0.3582 0.9695 0.0000
vt 0.3388 0.8409 0.0000
vt 0.3390 0.8409 0.0000
vt 0.3198 0.9695 0.0000
vt 0.3197 0.9651 0.0000
vt 0.3223 0.9651 0.0000
vt 0.3224 0.9695 0.0000
vt 0.3583 0.8410 0.0000
vt 0.3584 0.8410 0.0000
vt 0.3390 0.9694 0.0000
vt 0.3390 0.9649 0.0000
vt 0.3416 0.9649 0.0000
vt 0.3416 0.9694 0.0000
vt 0.3223 0.8411 0.0000
vt 0.3225 0.8411 0.0000
vt 0.3584 0.9695 0.0000
vt 0.3584 0.9650 0.0000
vt 0.3611 0.9650 0.0000
vt 0.3610 0.9695 0.0000
vt 0.3170 0.8308 0.0000
vt 0.3171 0.8308 0.0000
vt 0.3197 0.8307 0.0000
vt 0.3198 0.8307 0.0000
vt 0.3224 0.8307 0.0000
vt 0.3225 0.8307 0.0000
vt 0.3251 0.8307 0.0000
vt 0.3253 0.8307 0.0000
vt 0.3279 0.8306 0.0000
vt 0.3280 0.8306 0.0000
vt 0.3306 0.8306 0.0000
vt 0.3307 0.8306 0.0000
vt 0.3333 0.8306 0.0000
vt 0.3335 0.8306 0.0000
vt 0.3361 0.8306 0.0000
vt 0.3362 0.8306 0.0000
vt 0.3388 0.8306 0.0000
vt 0.3390 0.8306 0.0000
vt 0.3416 0.8306 0.0000
vt 0.3417 0.8306 0.0000
vt 0.3443 0.8306 0.0000
vt 0.3445 0.8306 0.0000
vt 0.3471 0.8306 0.0000
vt 0.3473 0.8306 0.0000
vt 0.3499 0.8306 0.0000
vt 0.3500 0.8306 0.0000
vt 0.3527 0.8307 0.0000
vt 0.3528 0.8307 0.0000
vt 0.3554 0.8307 0.0000
vt 0.3556 0.8307 0.0000
vt 0.3582 0.8307 0.0000
vt 0.3584 0.8307 0.0000
vt 0.3610 0.8308 0.0000
vt 0.3612 0.8308 0.0000
vt 0.3638 0.8308 0.0000
vt 0.3640 0.8308 0.0000
vt 0.3666 0.8309 0.0000
vt 0.3668 0.8309 0.0000
vt 0.3638 0.8306 0.0000
vt 0.3640 0.8306 0.0000
vt 0.3198 0.8305 0.0000
vt 0.3224 0.8305 0.0000
vt 0.3333 0.8304 0.0000
vt 0.3335 0.8304 0.0000
vt 0.3445 0.8304 0.0000
vt 0.3471 0.8304 0.0000
vt 0.3582 0.8305 0.0000
vt 0.3584 0.8305 0.0000
vt 0.3279 0.8304 0.0000
vt 0.3280 0.8304 0.0000
vt 0.3390 0.8304 0.0000
vt 0.3416 0.8304 0.0000
vt 0.3527 0.8304 0.0000
vt 0.3528 0.8304 0.0000
vt 0.3666 0.8306 0.0000
vt 0.3225 0.8305 0.0000
vt 0.3361 0.8304 0.0000
vt 0.3473 0.8304 0.0000
vt 0.3610 0.8305 0.0000
vt 0.3170 0.8305 0.0000
vt 0.3171 0.8305 0.0000
vt 0.3306 0.8304 0.0000
vt 0.3417 0.8304 0.0000
vt 0.3554 0.8305 0.0000
vt 0.3668 0.8306 0.0000
vt 0.3251 0.8304 0.0000
vt 0.3362 0.8304 0.0000
vt 0.3499 0.8304 0.0000
vt 0.3612 0.8305 0.0000
vt 0.3197 0.8305 0.0000
vt 0.3307 0.8304 0.0000
vt 0.3443 0.8304 0.0000
vt 0.3556 0.8305 0.0000
vt 0.3253 0.8304 0.0000
vt 0.3388 0.8304 0.0000
vt 0.3500 0.8304 0.0000
vt 0.3416 0.8259 0.0000
vt 0.3417 0.8259 0.0000
vt 0.3225 0.9545 0.0000
vt 0.3225 0.9501 0.0000
vt 0.3251 0.9500 0.0000
vt 0.3251 0.9544 0.0000
vt 0.3611 0.8260 0.0000
vt 0.3612 0.8260 0.0000
vt 0.3417 0.9544 0.0000
vt 0.3417 0.9499 0.0000
vt 0.3444 0.9499 0.0000
vt 0.3443 0.9544 0.0000
vt 0.3251 0.8260 0.0000
vt 0.3252 0.8260 0.0000
vt 0.3612 0.9546 0.0000
vt 0.3612 0.9501 0.0000
vt 0.3639 0.9501 0.0000
vt 0.3638 0.9546 0.0000
vt 0.3444 0.8259 0.0000
vt 0.3445 0.8259 0.0000
vt 0.3253 0.9544 0.0000
vt 0.3252 0.9500 0.0000
vt 0.3278 0.9500 0.0000
vt 0.3279 0.9544 0.0000
vt 0.3639 0.8261 0.0000
vt 0.3641 0.8261 0.0000
vt 0.3445 0.9544 0.0000
vt 0.3445 0.9499 0.0000
vt 0.3471 0.9499 0.0000
vt 0.3471 0.9544 0.0000
vt 0.3278 0.8260 0.0000
vt 0.3279 0.8260 0.0000
vt 0.3640 0.9546 0.0000
vt 0.3641 0.9501 0.0000
vt 0.3667 0.9501 0.0000
vt 0.3666 0.9547 0.0000
vt 0.3471 0.8259 0.0000
vt 0.3473 0.8259 0.0000
vt 0.3280 0.9544 0.0000
vt 0.3279 0.9500 0.0000
vt 0.3306 0.9500 0.0000
vt 0.3306 0.9544 0.0000
vt 0.3667 0.8261 0.0000
vt 0.3669 0.8261 0.0000
vt 0.3473 0.9544 0.0000
vt 0.3473 0.9499 0.0000
vt 0.3499 0.9499 0.0000
vt 0.3499 0.9544 0.0000
vt 0.3306 0.8260 0.0000
vt 0.3307 0.8260 0.0000
vt 0.3499 0.8259 0.0000
vt 0.3501 0.8259 0.0000
vt 0.3307 0.9544 0.0000
vt 0.3307 0.9500 0.0000
vt 0.3333 0.9500 0.0000
vt 0.3333 0.9544 0.0000
vt 0.3500 0.9544 0.0000
vt 0.3501 0.9499 0.0000
vt 0.3527 0.9500 0.0000
vt 0.3527 0.9544 0.0000
vt 0.3333 0.8259 0.0000
vt 0.3334 0.8259 0.0000
vt 0.3527 0.8259 0.0000
vt 0.3528 0.8259 0.0000
vt 0.3335 0.9544 0.0000
vt 0.3334 0.9500 0.0000
vt 0.3361 0.9499 0.0000
vt 0.3361 0.9544 0.0000
vt 0.3169 0.8262 0.0000
vt 0.3170 0.8262 0.0000
vt 0.3528 0.9544 0.0000
vt 0.3528 0.9500 0.0000
vt 0.3555 0.9500 0.0000
vt 0.3554 0.9545 0.0000
vt 0.3361 0.8259 0.0000
vt 0.3362 0.8259 0.0000
vt 0.3171 0.9546 0.0000
vt 0.3170 0.9502 0.0000
vt 0.3196 0.9501 0.0000
vt 0.3197 0.9545 0.0000
vt 0.3555 0.8260 0.0000
vt 0.3556 0.8260 0.0000
vt 0.3362 0.9544 0.0000
vt 0.3362 0.9499 0.0000
vt 0.3388 0.9499 0.0000
vt 0.3388 0.9544 0.0000
vt 0.3196 0.8261 0.0000
vt 0.3197 0.8261 0.0000
vt 0.3556 0.9545 0.0000
vt 0.3556 0.9500 0.0000
vt 0.3583 0.9500 0.0000
vt 0.3582 0.9545 0.0000
vt 0.3388 0.8259 0.0000
vt 0.3390 0.8259 0.0000
vt 0.3198 0.9545 0.0000
vt 0.3197 0.9501 0.0000
vt 0.3223 0.9501 0.0000
vt 0.3224 0.9545 0.0000
vt 0.3583 0.8260 0.0000
vt 0.3584 0.8260 0.0000
vt 0.3390 0.9544 0.0000
vt 0.3390 0.9499 0.0000
vt 0.3416 0.9499 0.0000
vt 0.3416 0.9544 0.0000
vt 0.3223 0.8261 0.0000
vt 0.3225 0.8261 0.0000
vt 0.3584 0.9545 0.0000
vt 0.3584 0.9500 0.0000
vt 0.3611 0.9501 0.0000
vt 0.3610 0.9546 0.0000
vt 0.3169 0.8461 0.0000
vt 0.3170 0.8461 0.0000
vt 0.3193 0.8466 0.0000
vt 0.3194 0.8466 0.0000
vt 0.3217 0.8470 0.0000
vt 0.3218 0.8470 0.0000
vt 0.3242 0.8474 0.0000
vt 0.3243 0.8474 0.0000
vt 0.3267 0.8477 0.0000
vt 0.3268 0.8477 0.0000
vt 0.3292 0.8480 0.0000
vt 0.3293 0.8480 0.0000
vt 0.3318 0.8482 0.0000
vt 0.3319 0.8482 0.0000
vt 0.3344 0.8484 0.0000
vt 0.3345 0.8484 0.0000
vt 0.3370 0.8485 0.0000
vt 0.3372 0.8485 0.0000
vt 0.3397 0.8486 0.0000
vt 0.3399 0.8486 0.0000
vt 0.3424 0.8485 0.0000
vt 0.3426 0.8485 0.0000
vt 0.3452 0.8485 0.0000
vt 0.3453 0.8485 0.0000
vt 0.3479 0.8483 0.0000
vt 0.3479 0.8484 0.0000
vt 0.3481 0.8483 0.0000
vt 0.3508 0.8482 0.0000
vt 0.3509 0.8481 0.0000
vt 0.3536 0.8479 0.0000
vt 0.3537 0.8479 0.0000
vt 0.3564 0.8476 0.0000
vt 0.3566 0.8475 0.0000
vt 0.3593 0.8472 0.0000
vt 0.3595 0.8471 0.0000
vt 0.3622 0.8467 0.0000
vt 0.3624 0.8467 0.0000
vt 0.3652 0.8461 0.0000
vt 0.3652 0.8462 0.0000
vt 0.3653 0.8461 0.0000
vt 0.3622 0.8464 0.0000
vt 0.3624 0.8464 0.0000
vt 0.3194 0.8464 0.0000
vt 0.3217 0.8468 0.0000
vt 0.3318 0.8480 0.0000
vt 0.3319 0.8480 0.0000
vt 0.3426 0.8483 0.0000
vt 0.3452 0.8483 0.0000
vt 0.3564 0.8473 0.0000
vt 0.3566 0.8473 0.0000
vt 0.3267 0.8475 0.0000
vt 0.3268 0.8475 0.0000
vt 0.3372 0.8483 0.0000
vt 0.3397 0.8483 0.0000
vt 0.3507 0.8479 0.0000
vt 0.3509 0.8479 0.0000
vt 0.3651 0.8459 0.0000
vt 0.3219 0.8468 0.0000
vt 0.3344 0.8482 0.0000
vt 0.3453 0.8482 0.0000
vt 0.3593 0.8469 0.0000
vt 0.3169 0.8459 0.0000
vt 0.3171 0.8459 0.0000
vt 0.3292 0.8478 0.0000
vt 0.3399 0.8483 0.0000
vt 0.3536 0.8477 0.0000
vt 0.3653 0.8459 0.0000
vt 0.3242 0.8472 0.0000
vt 0.3345 0.8482 0.0000
vt 0.3479 0.8481 0.0000
vt 0.3595 0.8469 0.0000
vt 0.3193 0.8464 0.0000
vt 0.3294 0.8478 0.0000
vt 0.3424 0.8483 0.0000
vt 0.3537 0.8476 0.0000
vt 0.3243 0.8472 0.0000
vt 0.3370 0.8483 0.0000
vt 0.3481 0.8481 0.0000
# 1467 texture coords

g SPW_Urban_Airport_Terminal
usemtl SPW_Urban_Airport
s off
f 1/1/1 2/2/1 3/3/1 4/4/1 
f 4/1/2 3/2/2 5/3/2 6/4/2 
f 6/1/3 5/2/3 7/3/3 8/4/3 
f 8/1/4 7/2/4 9/3/4 10/4/4 
f 10/1/5 9/2/5 11/3/5 12/4/5 
f 12/1/6 11/2/6 13/3/6 14/4/6 
f 14/1/7 13/2/7 15/3/7 16/4/7 
f 16/1/8 15/2/8 17/3/8 18/4/8 
f 18/1/9 17/2/9 19/3/9 20/4/9 
f 20/1/10 19/2/10 21/3/10 22/4/10 
f 22/1/11 21/2/11 23/3/11 24/4/11 
f 24/1/12 23/2/12 25/3/12 26/4/12 
f 26/1/13 25/2/13 27/3/13 28/4/13 
f 28/1/14 27/2/14 29/3/14 30/4/14 
f 3/5/15 2/6/15 31/7/15 29/8/15 
f 3/5/15 29/8/15 27/9/15 25/10/15 
f 3/5/15 25/10/15 23/11/15 21/12/15 
f 3/5/16 21/12/16 19/13/16 17/14/16 
f 3/5/17 17/14/17 15/15/17 13/16/17 
f 3/5/17 13/16/17 11/17/17 9/18/17 
f 3/5/18 9/18/18 7/19/18 5/20/18 
f 30/1/19 29/2/19 31/3/19 32/4/19 
f 32/1/20 31/2/20 2/3/20 1/4/20 
f 1/5/21 4/6/21 6/7/21 8/8/21 
f 1/5/21 8/8/21 10/9/21 12/10/21 
f 1/5/22 12/10/22 14/11/22 16/12/22 
f 1/5/23 16/12/23 18/13/23 20/14/23 
f 1/5/24 20/14/24 22/15/24 24/16/24 
f 1/5/22 24/16/22 26/17/22 28/18/22 
f 1/5/23 28/18/23 30/19/23 32/20/23 
f 33/1/25 34/2/25 35/3/25 36/4/25 
f 36/1/2 35/2/2 37/3/2 38/4/2 
f 38/1/3 37/2/3 39/3/3 40/4/3 
f 40/1/26 39/2/26 41/3/26 42/4/26 
f 42/1/5 41/2/5 43/3/5 44/4/5 
f 44/1/6 43/2/6 45/3/6 46/4/6 
f 46/1/7 45/2/7 47/3/7 48/4/7 
f 48/1/8 47/2/8 49/3/8 50/4/8 
f 50/1/9 49/2/9 51/3/9 52/4/9 
f 52/1/10 51/2/10 53/3/10 54/4/10 
f 54/1/11 53/2/11 55/3/11 56/4/11 
f 56/1/27 55/2/27 57/3/27 58/4/27 
f 58/1/13 57/2/13 59/3/13 60/4/13 
f 60/1/28 59/2/28 61/3/28 62/4/28 
f 35/5/16 34/6/16 63/7/16 61/8/16 
f 35/5/15 61/8/15 59/9/15 57/10/15 
f 35/5/15 57/10/15 55/11/15 53/12/15 
f 35/5/16 53/12/16 51/13/16 49/14/16 
f 35/5/18 49/14/18 47/15/18 45/16/18 
f 35/5/17 45/16/17 43/17/17 41/18/17 
f 35/5/18 41/18/18 39/19/18 37/20/18 
f 62/1/29 61/2/29 63/3/29 64/4/29 
f 64/1/30 63/2/30 34/3/30 33/4/30 
f 33/5/22 36/6/22 38/7/22 40/8/22 
f 33/5/21 40/8/21 42/9/21 44/10/21 
f 33/5/22 44/10/22 46/11/22 48/12/22 
f 33/5/23 48/12/23 50/13/23 52/14/23 
f 33/5/24 52/14/24 54/15/24 56/16/24 
f 33/5/22 56/16/22 58/17/22 60/18/22 
f 33/5/23 60/18/23 62/19/23 64/20/23 
f 65/1/31 66/2/31 67/3/31 68/4/31 
f 68/1/2 67/2/2 69/3/2 70/4/2 
f 70/1/3 69/2/3 71/3/3 72/4/3 
f 72/1/26 71/2/26 73/3/26 74/4/26 
f 74/1/5 73/2/5 75/3/5 76/4/5 
f 76/1/6 75/2/6 77/3/6 78/4/6 
f 78/1/7 77/2/7 79/3/7 80/4/7 
f 80/1/8 79/2/8 81/3/8 82/4/8 
f 82/1/32 81/2/32 83/3/32 84/4/32 
f 84/1/10 83/2/10 85/3/10 86/4/10 
f 86/1/11 85/2/11 87/3/11 88/4/11 
f 88/1/27 87/2/27 89/3/27 90/4/27 
f 90/1/33 89/2/33 91/3/33 92/4/33 
f 92/1/14 91/2/14 93/3/14 94/4/14 
f 67/5/15 66/6/15 95/7/15 93/8/15 
f 67/5/15 93/8/15 91/9/15 89/10/15 
f 67/5/15 89/10/15 87/11/15 85/12/15 
f 67/5/16 85/12/16 83/13/16 81/14/16 
f 67/5/17 81/14/17 79/15/17 77/16/17 
f 67/5/17 77/16/17 75/17/17 73/18/17 
f 67/5/18 73/18/18 71/19/18 69/20/18 
f 94/1/19 93/2/19 95/3/19 96/4/19 
f 96/1/20 95/2/20 66/3/20 65/4/20 
f 65/5/23 68/6/23 70/7/23 72/8/23 
f 65/5/23 72/8/23 74/9/23 76/10/23 
f 65/5/23 76/10/23 78/11/23 80/12/23 
f 65/5/23 80/12/23 82/13/23 84/14/23 
f 65/5/23 84/14/23 86/15/23 88/16/23 
f 65/5/23 88/16/23 90/17/23 92/18/23 
f 65/5/23 92/18/23 94/19/23 96/20/23 
f 97/21/34 98/22/34 99/23/34 100/24/34 
f 98/21/35 101/22/35 102/23/35 99/24/35 
f 101/21/36 103/22/36 104/23/36 102/24/36 
f 103/21/37 97/22/37 100/23/37 104/24/37 
f 100/21/22 99/22/22 102/23/22 104/24/22 
f 103/21/17 101/22/17 98/23/17 97/24/17 
f 105/1/34 106/2/34 107/3/34 108/4/34 
f 106/1/38 109/2/38 110/3/38 107/4/38 
f 109/1/39 111/2/39 112/3/39 110/4/39 
f 111/1/40 105/2/40 108/3/40 112/4/40 
f 108/1/24 107/2/24 110/3/24 112/4/24 
f 111/1/16 109/2/16 106/3/16 105/4/16 
f 113/21/34 114/22/34 115/23/34 116/24/34 
f 114/21/35 117/22/35 118/23/35 115/24/35 
f 117/21/36 119/22/36 120/23/36 118/24/36 
f 119/21/40 113/22/40 116/23/40 120/24/40 
f 116/21/21 115/22/21 118/23/21 120/24/21 
f 119/21/17 117/22/17 114/23/17 113/24/17 
f 121/21/41 122/22/41 123/23/41 124/24/41 
f 122/21/35 125/22/35 126/23/35 123/24/35 
f 125/21/36 127/22/36 128/23/36 126/24/36 
f 127/21/40 121/22/40 124/23/40 128/24/40 
f 124/21/22 123/22/22 126/23/22 128/24/22 
f 127/21/16 125/22/16 122/23/16 121/24/16 
f 129/25/42 130/26/42 131/27/42 132/28/42 
f 133/25/42 134/26/42 135/27/42 136/28/42 
f 134/25/43 137/26/43 138/27/43 135/28/43 
f 137/25/44 139/26/44 140/27/44 138/28/44 
f 140/25/23 136/26/23 135/27/23 138/28/23 
f 137/25/18 134/26/18 133/27/18 139/28/18 
s 1
f 130/25/45 129/26/46 140/27/46 139/28/45 
f 141/25/46 130/26/45 139/27/45 133/28/46 
f 142/25/45 141/26/46 133/27/46 136/28/45 
f 129/25/46 142/26/45 136/27/45 140/28/46 
s off
f 131/25/45 143/26/45 144/27/45 132/28/45 
f 142/25/15 129/26/15 132/27/15 144/28/15 
f 130/25/22 141/26/22 143/27/22 131/28/22 
f 141/25/44 142/26/44 144/27/44 143/28/44 
f 145/29/47 146/30/47 147/31/47 148/32/47 
f 146/29/48 149/30/48 150/31/48 147/32/48 
f 149/29/43 151/30/43 152/31/43 150/32/43 
f 151/29/44 145/30/44 148/31/44 152/32/44 
f 148/29/22 147/30/22 150/31/22 152/32/22 
f 151/29/17 149/30/17 146/31/17 145/32/17 
f 153/33/42 154/34/42 155/35/42 156/36/42 
f 154/33/43 157/34/43 158/35/43 155/36/43 
f 157/33/44 159/34/44 160/35/44 158/36/44 
f 159/33/47 153/34/47 156/35/47 160/36/47 
f 156/33/23 155/34/23 158/35/23 160/36/23 
f 159/33/15 157/34/15 154/35/15 153/36/15 
f 161/33/42 162/34/42 163/35/42 164/36/42 
f 162/33/43 165/34/43 166/35/43 163/36/43 
f 165/33/44 167/34/44 168/35/44 166/36/44 
f 167/33/47 161/34/47 164/35/47 168/36/47 
f 164/33/23 163/34/23 166/35/23 168/36/23 
f 167/33/15 165/34/15 162/35/15 161/36/15 
f 169/33/42 170/34/42 171/35/42 172/36/42 
f 170/33/43 173/34/43 174/35/43 171/36/43 
f 173/33/44 175/34/44 176/35/44 174/36/44 
f 175/33/47 169/34/47 172/35/47 176/36/47 
f 172/33/23 171/34/23 174/35/23 176/36/23 
f 175/33/18 173/34/18 170/35/18 169/36/18 
f 177/33/42 178/34/42 179/35/42 180/36/42 
f 178/33/43 181/34/43 182/35/43 179/36/43 
f 181/33/44 183/34/44 184/35/44 182/36/44 
f 183/33/47 177/34/47 180/35/47 184/36/47 
f 180/33/23 179/34/23 182/35/23 184/36/23 
f 183/33/15 181/34/15 178/35/15 177/36/15 
s 1
f 185/37/43 186/38/43 187/39/43 188/40/43 
f 188/41/43 187/42/43 189/43/43 190/44/43 
f 190/45/43 189/46/43 191/47/43 192/48/43 
f 192/49/43 191/50/43 193/51/43 194/52/43 
f 194/53/43 193/54/43 195/55/43 196/56/43 
f 196/57/43 195/58/43 197/59/43 198/60/43 
f 198/61/43 197/62/43 199/63/49 200/64/50 
f 200/65/50 199/66/49 201/67/50 202/68/50 
f 202/69/50 201/70/50 203/71/50 204/72/50 
f 204/73/50 203/74/50 205/75/50 206/76/50 
f 206/77/50 205/78/50 207/79/50 208/80/50 
f 208/81/50 207/82/50 209/83/50 210/84/49 
f 210/85/49 209/86/50 211/87/43 212/88/43 
f 212/89/43 211/90/43 213/91/43 214/92/43 
f 214/93/43 213/94/43 215/95/43 216/96/43 
s off
f 217/97/51 218/98/51 219/99/51 220/100/51 
f 220/97/52 219/98/52 221/99/52 222/100/52 
f 222/97/53 221/98/53 223/99/53 224/100/53 
f 224/97/54 223/98/54 225/99/54 226/100/54 
f 226/97/55 225/98/55 227/99/55 228/100/55 
f 228/97/56 227/98/56 229/99/56 230/100/56 
f 230/97/57 229/98/57 231/99/57 232/100/57 
f 232/97/58 231/98/58 233/99/58 234/100/58 
f 234/97/59 233/98/59 235/99/59 236/100/59 
f 236/97/60 235/98/60 237/99/60 238/100/60 
f 238/97/61 237/98/61 239/99/61 240/100/61 
f 240/97/62 239/98/62 241/99/62 242/100/62 
f 242/97/63 241/98/63 243/99/63 244/100/63 
f 244/97/64 243/98/64 245/99/64 246/100/64 
f 219/101/18 218/102/18 247/103/18 245/104/18 
f 219/101/18 245/104/18 243/105/18 241/106/18 
f 219/101/18 241/106/18 239/107/18 237/108/18 
f 219/101/18 237/108/18 235/109/18 233/110/18 
f 219/101/18 233/110/18 231/111/18 229/112/18 
f 219/101/18 229/112/18 227/113/18 225/114/18 
f 219/101/18 225/114/18 223/115/18 221/116/18 
f 246/97/65 245/98/65 247/99/65 248/100/65 
f 248/97/66 247/98/66 218/99/66 217/100/66 
f 217/101/23 220/102/23 222/103/23 224/104/23 
f 217/101/23 224/104/23 226/105/23 228/106/23 
f 217/101/23 228/106/23 230/107/23 232/108/23 
f 217/101/23 232/108/23 234/109/23 236/110/23 
f 217/101/23 236/110/23 238/111/23 240/112/23 
f 217/101/23 240/112/23 242/113/23 244/114/23 
f 217/101/23 244/114/23 246/115/23 248/116/23 
f 249/97/51 250/98/51 251/99/51 252/100/51 
f 252/97/52 251/98/52 253/99/52 254/100/52 
f 254/97/53 253/98/53 255/99/53 256/100/53 
f 256/97/54 255/98/54 257/99/54 258/100/54 
f 258/97/55 257/98/55 259/99/55 260/100/55 
f 260/97/56 259/98/56 261/99/56 262/100/56 
f 262/97/57 261/98/57 263/99/57 264/100/57 
f 264/97/58 263/98/58 265/99/58 266/100/58 
f 266/97/59 265/98/59 267/99/59 268/100/59 
f 268/97/60 267/98/60 269/99/60 270/100/60 
f 270/97/61 269/98/61 271/99/61 272/100/61 
f 272/97/62 271/98/62 273/99/62 274/100/62 
f 274/97/63 273/98/63 275/99/63 276/100/63 
f 276/97/64 275/98/64 277/99/64 278/100/64 
f 251/101/15 250/102/15 279/103/15 277/104/15 
f 251/101/15 277/104/15 275/105/15 273/106/15 
f 251/101/15 273/106/15 271/107/15 269/108/15 
f 251/101/15 269/108/15 267/109/15 265/110/15 
f 251/101/15 265/110/15 263/111/15 261/112/15 
f 251/101/15 261/112/15 259/113/15 257/114/15 
f 251/101/15 257/114/15 255/115/15 253/116/15 
f 278/97/65 277/98/65 279/99/65 280/100/65 
f 280/97/66 279/98/66 250/99/66 249/100/66 
f 249/101/23 252/102/23 254/103/23 256/104/23 
f 249/101/23 256/104/23 258/105/23 260/106/23 
f 249/101/23 260/106/23 262/107/23 264/108/23 
f 249/101/23 264/108/23 266/109/23 268/110/23 
f 249/101/23 268/110/23 270/111/23 272/112/23 
f 249/101/23 272/112/23 274/113/23 276/114/23 
f 249/101/23 276/114/23 278/115/23 280/116/23 
f 281/97/51 282/98/51 283/99/51 284/100/51 
f 284/97/52 283/98/52 285/99/52 286/100/52 
f 286/97/53 285/98/53 287/99/53 288/100/53 
f 288/97/54 287/98/54 289/99/54 290/100/54 
f 290/97/55 289/98/55 291/99/55 292/100/55 
f 292/97/56 291/98/56 293/99/56 294/100/56 
f 294/97/57 293/98/57 295/99/57 296/100/57 
f 296/97/58 295/98/58 297/99/58 298/100/58 
f 298/97/59 297/98/59 299/99/59 300/100/59 
f 300/97/60 299/98/60 301/99/60 302/100/60 
f 302/97/61 301/98/61 303/99/61 304/100/61 
f 304/97/62 303/98/62 305/99/62 306/100/62 
f 306/97/63 305/98/63 307/99/63 308/100/63 
f 308/97/64 307/98/64 309/99/64 310/100/64 
f 283/101/18 282/102/18 311/103/18 309/104/18 
f 283/101/18 309/104/18 307/105/18 305/106/18 
f 283/101/16 305/106/16 303/107/16 301/108/16 
f 283/101/15 301/108/15 299/109/15 297/110/15 
f 283/101/15 297/110/15 295/111/15 293/112/15 
f 283/101/16 293/112/16 291/113/16 289/114/16 
f 283/101/15 289/114/15 287/115/15 285/116/15 
f 310/97/65 309/98/65 311/99/65 312/100/65 
f 312/97/66 311/98/66 282/99/66 281/100/66 
f 281/101/23 284/102/23 286/103/23 288/104/23 
f 281/101/23 288/104/23 290/105/23 292/106/23 
f 281/101/23 292/106/23 294/107/23 296/108/23 
f 281/101/22 296/108/22 298/109/22 300/110/22 
f 281/101/23 300/110/23 302/111/23 304/112/23 
f 281/101/22 304/112/22 306/113/22 308/114/22 
f 281/101/22 308/114/22 310/115/22 312/116/22 
f 313/96/67 314/37/67 315/117/67 316/118/67 
f 314/96/43 317/37/43 318/117/43 315/118/43 
f 317/96/68 319/37/68 320/117/68 318/118/68 
f 319/96/47 313/37/47 316/117/47 320/118/47 
f 316/96/23 315/37/23 318/117/23 320/118/23 
f 319/96/15 317/37/15 314/117/15 313/118/15 
s 1
f 321/119/69 322/95/69 323/94/69 324/120/69 
f 324/121/69 323/91/69 325/90/69 326/122/69 
f 326/123/69 325/87/69 327/86/69 328/124/69 
f 328/125/69 327/83/69 329/82/69 330/126/69 
f 330/127/69 329/79/69 331/78/69 332/128/70 
f 332/129/70 331/75/69 333/74/69 334/130/70 
f 334/131/70 333/71/69 335/70/69 336/132/69 
f 336/133/69 335/67/69 337/66/69 338/134/69 
f 338/135/69 337/63/69 339/62/69 340/136/69 
f 340/137/69 339/59/69 341/58/69 342/138/69 
f 342/139/69 341/55/69 343/54/69 344/140/69 
f 344/141/69 343/51/69 345/50/69 346/142/69 
f 346/143/69 345/47/69 347/46/69 348/144/69 
f 348/145/69 347/43/69 349/42/69 350/146/69 
f 350/147/69 349/39/69 351/38/69 352/148/69 
s off
f 353/96/42 354/37/42 355/117/42 356/118/42 
f 354/96/43 357/37/43 358/117/43 355/118/43 
f 357/96/44 359/37/44 360/117/44 358/118/44 
f 359/96/47 353/37/47 356/117/47 360/118/47 
f 356/96/23 355/37/23 358/117/23 360/118/23 
f 359/96/15 357/37/15 354/117/15 353/118/15 
f 361/96/42 362/37/42 363/117/42 364/118/42 
f 362/149/43 365/150/43 366/151/43 363/152/43 
f 365/149/44 367/150/44 368/151/44 366/152/44 
f 367/149/47 361/150/47 364/151/47 368/152/47 
f 364/96/23 363/37/23 366/117/23 368/118/23 
f 367/96/15 365/37/15 362/117/15 361/118/15 
f 369/96/42 370/37/42 371/117/42 372/118/42 
f 370/96/43 373/37/43 374/117/43 371/118/43 
f 373/96/44 375/37/44 376/117/44 374/118/44 
f 375/96/47 369/37/47 372/117/47 376/118/47 
f 372/96/23 371/37/23 374/117/23 376/118/23 
f 375/96/18 373/37/18 370/117/18 369/118/18 
f 377/96/42 378/37/42 379/117/42 380/118/42 
f 378/96/43 381/37/43 382/117/43 379/118/43 
f 381/96/44 383/37/44 384/117/44 382/118/44 
f 383/96/47 377/37/47 380/117/47 384/118/47 
f 380/96/23 379/37/23 382/117/23 384/118/23 
f 383/96/15 381/37/15 378/117/15 377/118/15 
f 385/33/42 386/34/42 387/35/42 388/36/42 
f 386/33/43 389/34/43 390/35/43 387/36/43 
f 389/33/44 391/34/44 392/35/44 390/36/44 
f 391/33/47 385/34/47 388/35/47 392/36/47 
f 388/33/23 387/34/23 390/35/23 392/36/23 
f 391/33/15 389/34/15 386/35/15 385/36/15 
f 393/33/42 394/34/42 395/35/42 396/36/42 
f 394/33/43 397/34/43 398/35/43 395/36/43 
f 397/33/44 399/34/44 400/35/44 398/36/44 
f 399/33/47 393/34/47 396/35/47 400/36/47 
f 396/33/23 395/34/23 398/35/23 400/36/23 
f 399/33/15 397/34/15 394/35/15 393/36/15 
f 401/33/48 402/34/48 403/35/48 404/36/48 
f 402/33/43 405/34/43 406/35/43 403/36/43 
f 405/33/44 407/34/44 408/35/44 406/36/44 
f 407/33/47 401/34/47 404/35/47 408/36/47 
f 404/33/23 403/34/23 406/35/23 408/36/23 
f 407/33/18 405/34/18 402/35/18 401/36/18 
f 409/33/48 410/34/48 411/35/48 412/36/48 
f 410/33/43 413/34/43 414/35/43 411/36/43 
f 413/33/44 415/34/44 416/35/44 414/36/44 
f 415/33/47 409/34/47 412/35/47 416/36/47 
f 412/33/23 411/34/23 414/35/23 416/36/23 
f 415/33/18 413/34/18 410/35/18 409/36/18 
s 1
f 417/37/43 418/38/43 419/39/43 420/40/43 
f 420/41/43 419/42/43 421/43/43 422/44/43 
f 422/45/43 421/46/43 423/47/43 424/48/43 
f 424/49/43 423/50/43 425/51/43 426/52/43 
f 426/53/43 425/54/43 427/55/43 428/56/43 
f 428/57/43 427/58/43 429/59/43 430/60/43 
f 430/61/43 429/62/43 431/63/43 432/64/43 
f 432/65/43 431/66/43 433/67/43 434/68/43 
f 434/69/43 433/70/43 435/71/43 436/72/43 
f 436/73/43 435/74/43 437/75/43 438/76/43 
f 438/77/43 437/78/43 439/79/43 440/80/43 
f 440/81/43 439/82/43 441/83/43 442/84/43 
f 442/85/43 441/86/43 443/87/43 444/88/43 
f 444/89/43 443/90/43 445/91/43 446/92/43 
f 446/93/43 445/94/43 447/95/43 448/96/43 
s off
f 449/97/51 450/98/51 451/99/51 452/100/51 
f 452/97/52 451/98/52 453/99/52 454/100/52 
f 454/97/53 453/98/53 455/99/53 456/100/53 
f 456/97/54 455/98/54 457/99/54 458/100/54 
f 458/97/55 457/98/55 459/99/55 460/100/55 
f 460/97/56 459/98/56 461/99/56 462/100/56 
f 462/97/57 461/98/57 463/99/57 464/100/57 
f 464/97/58 463/98/58 465/99/58 466/100/58 
f 466/97/59 465/98/59 467/99/59 468/100/59 
f 468/97/60 467/98/60 469/99/60 470/100/60 
f 470/97/61 469/98/61 471/99/61 472/100/61 
f 472/97/62 471/98/62 473/99/62 474/100/62 
f 474/97/63 473/98/63 475/99/63 476/100/63 
f 476/97/64 475/98/64 477/99/64 478/100/64 
f 451/101/18 450/102/18 479/103/18 477/104/18 
f 451/101/18 477/104/18 475/105/18 473/106/18 
f 451/101/16 473/106/16 471/107/16 469/108/16 
f 451/101/15 469/108/15 467/109/15 465/110/15 
f 451/101/15 465/110/15 463/111/15 461/112/15 
f 451/101/16 461/112/16 459/113/16 457/114/16 
f 451/101/15 457/114/15 455/115/15 453/116/15 
f 478/97/65 477/98/65 479/99/65 480/100/65 
f 480/97/66 479/98/66 450/99/66 449/100/66 
f 449/101/23 452/102/23 454/103/23 456/104/23 
f 449/101/23 456/104/23 458/105/23 460/106/23 
f 449/101/23 460/106/23 462/107/23 464/108/23 
f 449/101/23 464/108/23 466/109/23 468/110/23 
f 449/101/23 468/110/23 470/111/23 472/112/23 
f 449/101/23 472/112/23 474/113/23 476/114/23 
f 449/101/23 476/114/23 478/115/23 480/116/23 
f 481/97/51 482/98/51 483/99/51 484/100/51 
f 484/97/52 483/98/52 485/99/52 486/100/52 
f 486/97/53 485/98/53 487/99/53 488/100/53 
f 488/97/54 487/98/54 489/99/54 490/100/54 
f 490/97/55 489/98/55 491/99/55 492/100/55 
f 492/97/56 491/98/56 493/99/56 494/100/56 
f 494/97/57 493/98/57 495/99/57 496/100/57 
f 496/97/58 495/98/58 497/99/58 498/100/58 
f 498/97/59 497/98/59 499/99/59 500/100/59 
f 500/97/60 499/98/60 501/99/60 502/100/60 
f 502/97/61 501/98/61 503/99/61 504/100/61 
f 504/97/62 503/98/62 505/99/62 506/100/62 
f 506/97/63 505/98/63 507/99/63 508/100/63 
f 508/97/64 507/98/64 509/99/64 510/100/64 
f 483/101/15 482/102/15 511/103/15 509/104/15 
f 483/101/18 509/104/18 507/105/18 505/106/18 
f 483/101/15 505/106/15 503/107/15 501/108/15 
f 483/101/15 501/108/15 499/109/15 497/110/15 
f 483/101/15 497/110/15 495/111/15 493/112/15 
f 483/101/15 493/112/15 491/113/15 489/114/15 
f 483/101/15 489/114/15 487/115/15 485/116/15 
f 510/97/65 509/98/65 511/99/65 512/100/65 
f 512/97/66 511/98/66 482/99/66 481/100/66 
f 481/101/23 484/102/23 486/103/23 488/104/23 
f 481/101/23 488/104/23 490/105/23 492/106/23 
f 481/101/23 492/106/23 494/107/23 496/108/23 
f 481/101/23 496/108/23 498/109/23 500/110/23 
f 481/101/23 500/110/23 502/111/23 504/112/23 
f 481/101/23 504/112/23 506/113/23 508/114/23 
f 481/101/23 508/114/23 510/115/23 512/116/23 
f 513/97/51 514/98/51 515/99/51 516/100/51 
f 516/97/52 515/98/52 517/99/52 518/100/52 
f 518/97/53 517/98/53 519/99/53 520/100/53 
f 520/97/54 519/98/54 521/99/54 522/100/54 
f 522/97/55 521/98/55 523/99/55 524/100/55 
f 524/97/56 523/98/56 525/99/56 526/100/56 
f 526/97/57 525/98/57 527/99/57 528/100/57 
f 528/97/58 527/98/58 529/99/58 530/100/58 
f 530/97/59 529/98/59 531/99/59 532/100/59 
f 532/97/60 531/98/60 533/99/60 534/100/60 
f 534/97/61 533/98/61 535/99/61 536/100/61 
f 536/97/62 535/98/62 537/99/62 538/100/62 
f 538/97/63 537/98/63 539/99/63 540/100/63 
f 540/97/64 539/98/64 541/99/64 542/100/64 
f 515/101/18 514/102/18 543/103/18 541/104/18 
f 515/101/18 541/104/18 539/105/18 537/106/18 
f 515/101/18 537/106/18 535/107/18 533/108/18 
f 515/101/18 533/108/18 531/109/18 529/110/18 
f 515/101/18 529/110/18 527/111/18 525/112/18 
f 515/101/18 525/112/18 523/113/18 521/114/18 
f 515/101/18 521/114/18 519/115/18 517/116/18 
f 542/97/65 541/98/65 543/99/65 544/100/65 
f 544/97/66 543/98/66 514/99/66 513/100/66 
f 513/101/23 516/102/23 518/103/23 520/104/23 
f 513/101/23 520/104/23 522/105/23 524/106/23 
f 513/101/23 524/106/23 526/107/23 528/108/23 
f 513/101/23 528/108/23 530/109/23 532/110/23 
f 513/101/23 532/110/23 534/111/23 536/112/23 
f 513/101/22 536/112/22 538/113/22 540/114/22 
f 513/101/23 540/114/23 542/115/23 544/116/23 
f 545/96/67 546/37/67 547/117/67 548/118/67 
f 546/96/43 549/37/43 550/117/43 547/118/43 
f 549/96/68 551/37/68 552/117/68 550/118/68 
f 551/96/47 545/37/47 548/117/47 552/118/47 
f 548/96/23 547/37/23 550/117/23 552/118/23 
f 551/96/15 549/37/15 546/117/15 545/118/15 
s 1
f 553/119/47 554/95/47 555/94/47 556/120/47 
f 556/121/47 555/91/47 557/90/47 558/122/47 
f 558/123/47 557/87/47 559/86/47 560/124/47 
f 560/125/47 559/83/47 561/82/47 562/126/47 
f 562/127/47 561/79/47 563/78/47 564/128/47 
f 564/129/47 563/75/47 565/74/47 566/130/47 
f 566/131/47 565/71/47 567/70/47 568/132/47 
f 568/133/47 567/67/47 569/66/47 570/134/47 
f 570/135/47 569/63/47 571/62/47 572/136/47 
f 572/137/47 571/59/47 573/58/47 574/138/47 
f 574/139/47 573/55/47 575/54/47 576/140/47 
f 576/141/47 575/51/47 577/50/47 578/142/47 
f 578/143/47 577/47/47 579/46/47 580/144/47 
f 580/145/47 579/43/47 581/42/47 582/146/47 
f 582/147/47 581/39/47 583/38/47 584/148/47 
s off
f 585/96/42 586/37/42 587/117/42 588/118/42 
f 586/96/43 589/37/43 590/117/43 587/118/43 
f 589/96/44 591/37/44 592/117/44 590/118/44 
f 591/96/47 585/37/47 588/117/47 592/118/47 
f 588/96/22 587/37/22 590/117/22 592/118/22 
f 591/96/15 589/37/15 586/117/15 585/118/15 
f 593/96/42 594/37/42 595/117/42 596/118/42 
f 594/149/43 597/150/43 598/151/43 595/152/43 
f 597/149/44 599/150/44 600/151/44 598/152/44 
f 599/149/47 593/150/47 596/151/47 600/152/47 
f 596/96/23 595/37/23 598/117/23 600/118/23 
f 599/96/18 597/37/18 594/117/18 593/118/18 
f 601/96/42 602/37/42 603/117/42 604/118/42 
f 602/96/43 605/37/43 606/117/43 603/118/43 
f 605/96/44 607/37/44 608/117/44 606/118/44 
f 607/96/47 601/37/47 604/117/47 608/118/47 
f 604/96/23 603/37/23 606/117/23 608/118/23 
f 607/96/15 605/37/15 602/117/15 601/118/15 
f 609/96/42 610/37/42 611/117/42 612/118/42 
f 610/96/43 613/37/43 614/117/43 611/118/43 
f 613/96/44 615/37/44 616/117/44 614/118/44 
f 615/96/47 609/37/47 612/117/47 616/118/47 
f 612/96/23 611/37/23 614/117/23 616/118/23 
f 615/96/15 613/37/15 610/117/15 609/118/15 
f 617/25/44 618/26/44 619/27/44 620/28/44 
f 621/25/44 622/26/44 623/27/44 624/28/44 
f 622/25/47 625/26/47 626/27/47 623/28/47 
f 625/25/42 627/26/42 628/27/42 626/28/42 
f 628/25/21 624/26/21 623/27/21 626/28/21 
f 625/25/18 622/26/18 621/27/18 627/28/18 
s 1
f 618/25/71 617/26/72 628/27/72 627/28/71 
f 629/25/72 618/26/71 627/27/71 621/28/72 
f 630/25/71 629/26/72 621/27/72 624/28/71 
f 617/25/72 630/26/71 624/27/71 628/28/72 
s off
f 619/25/71 631/26/71 632/27/71 620/28/71 
f 630/25/18 617/26/18 620/27/18 632/28/18 
f 618/25/21 629/26/21 631/27/21 619/28/21 
f 629/25/42 630/26/42 632/27/42 631/28/42 
f 633/29/43 634/30/43 635/31/43 636/32/43 
f 634/29/44 637/30/44 638/31/44 635/32/44 
f 637/29/47 639/30/47 640/31/47 638/32/47 
f 639/29/42 633/30/42 636/31/42 640/32/42 
f 636/29/23 635/30/23 638/31/23 640/32/23 
f 639/29/15 637/30/15 634/31/15 633/32/15 
f 641/1/73 642/2/73 643/3/73 644/4/73 
f 644/1/74 643/2/74 645/3/74 646/4/74 
f 646/1/75 645/2/75 647/3/75 648/4/75 
f 648/1/76 647/2/76 649/3/76 650/4/76 
f 650/1/77 649/2/77 651/3/77 652/4/77 
f 652/1/78 651/2/78 653/3/78 654/4/78 
f 654/1/79 653/2/79 655/3/79 656/4/79 
f 656/1/80 655/2/80 657/3/80 658/4/80 
f 658/1/81 657/2/81 659/3/81 660/4/81 
f 660/1/82 659/2/82 661/3/82 662/4/82 
f 662/1/83 661/2/83 663/3/83 664/4/83 
f 664/1/84 663/2/84 665/3/84 666/4/84 
f 666/1/85 665/2/85 667/3/85 668/4/85 
f 668/1/86 667/2/86 669/3/86 670/4/86 
f 643/5/18 642/6/18 671/7/18 669/8/18 
f 643/5/18 669/8/18 667/9/18 665/10/18 
f 643/5/18 665/10/18 663/11/18 661/12/18 
f 643/5/15 661/12/15 659/13/15 657/14/15 
f 643/5/18 657/14/18 655/15/18 653/16/18 
f 643/5/18 653/16/18 651/17/18 649/18/18 
f 643/5/18 649/18/18 647/19/18 645/20/18 
f 670/1/87 669/2/87 671/3/87 672/4/87 
f 672/1/88 671/2/88 642/3/88 641/4/88 
f 641/5/23 644/6/23 646/7/23 648/8/23 
f 641/5/23 648/8/23 650/9/23 652/10/23 
f 641/5/21 652/10/21 654/11/21 656/12/21 
f 641/5/23 656/12/23 658/13/23 660/14/23 
f 641/5/23 660/14/23 662/15/23 664/16/23 
f 641/5/23 664/16/23 666/17/23 668/18/23 
f 641/5/23 668/18/23 670/19/23 672/20/23 
f 673/1/73 674/2/73 675/3/73 676/4/73 
f 676/1/74 675/2/74 677/3/74 678/4/74 
f 678/1/75 677/2/75 679/3/75 680/4/75 
f 680/1/76 679/2/76 681/3/76 682/4/76 
f 682/1/77 681/2/77 683/3/77 684/4/77 
f 684/1/78 683/2/78 685/3/78 686/4/78 
f 686/1/89 685/2/89 687/3/89 688/4/89 
f 688/1/90 687/2/90 689/3/90 690/4/90 
f 690/1/81 689/2/81 691/3/81 692/4/81 
f 692/1/82 691/2/82 693/3/82 694/4/82 
f 694/1/83 693/2/83 695/3/83 696/4/83 
f 696/1/84 695/2/84 697/3/84 698/4/84 
f 698/1/85 697/2/85 699/3/85 700/4/85 
f 700/1/86 699/2/86 701/3/86 702/4/86 
f 675/5/18 674/6/18 703/7/18 701/8/18 
f 675/5/18 701/8/18 699/9/18 697/10/18 
f 675/5/18 697/10/18 695/11/18 693/12/18 
f 675/5/18 693/12/18 691/13/18 689/14/18 
f 675/5/15 689/14/15 687/15/15 685/16/15 
f 675/5/18 685/16/18 683/17/18 681/18/18 
f 675/5/18 681/18/18 679/19/18 677/20/18 
f 702/1/87 701/2/87 703/3/87 704/4/87 
f 704/1/88 703/2/88 674/3/88 673/4/88 
f 673/5/21 676/6/21 678/7/21 680/8/21 
f 673/5/23 680/8/23 682/9/23 684/10/23 
f 673/5/21 684/10/21 686/11/21 688/12/21 
f 673/5/23 688/12/23 690/13/23 692/14/23 
f 673/5/23 692/14/23 694/15/23 696/16/23 
f 673/5/21 696/16/21 698/17/21 700/18/21 
f 673/5/23 700/18/23 702/19/23 704/20/23 
f 705/1/73 706/2/73 707/3/73 708/4/73 
f 708/1/74 707/2/74 709/3/74 710/4/74 
f 710/1/75 709/2/75 711/3/75 712/4/75 
f 712/1/91 711/2/91 713/3/91 714/4/91 
f 714/1/77 713/2/77 715/3/77 716/4/77 
f 716/1/78 715/2/78 717/3/78 718/4/78 
f 718/1/79 717/2/79 719/3/79 720/4/79 
f 720/1/80 719/2/80 721/3/80 722/4/80 
f 722/1/81 721/2/81 723/3/81 724/4/81 
f 724/1/82 723/2/82 725/3/82 726/4/82 
f 726/1/83 725/2/83 727/3/83 728/4/83 
f 728/1/84 727/2/84 729/3/84 730/4/84 
f 730/1/85 729/2/85 731/3/85 732/4/85 
f 732/1/86 731/2/86 733/3/86 734/4/86 
f 707/5/18 706/6/18 735/7/18 733/8/18 
f 707/5/18 733/8/18 731/9/18 729/10/18 
f 707/5/18 729/10/18 727/11/18 725/12/18 
f 707/5/18 725/12/18 723/13/18 721/14/18 
f 707/5/18 721/14/18 719/15/18 717/16/18 
f 707/5/18 717/16/18 715/17/18 713/18/18 
f 707/5/18 713/18/18 711/19/18 709/20/18 
f 734/1/87 733/2/87 735/3/87 736/4/87 
f 736/1/88 735/2/88 706/3/88 705/4/88 
f 705/5/23 708/6/23 710/7/23 712/8/23 
f 705/5/23 712/8/23 714/9/23 716/10/23 
f 705/5/21 716/10/21 718/11/21 720/12/21 
f 705/5/23 720/12/23 722/13/23 724/14/23 
f 705/5/23 724/14/23 726/15/23 728/16/23 
f 705/5/23 728/16/23 730/17/23 732/18/23 
f 705/5/23 732/18/23 734/19/23 736/20/23 
f 737/21/92 738/22/92 739/23/92 740/24/92 
f 738/21/93 741/22/93 742/23/93 739/24/93 
f 741/21/94 743/22/94 744/23/94 742/24/94 
f 743/21/95 737/22/95 740/23/95 744/24/95 
f 740/21/23 739/22/23 742/23/23 744/24/23 
f 743/21/15 741/22/15 738/23/15 737/24/15 
f 745/1/92 746/2/92 747/3/92 748/4/92 
f 746/1/93 749/2/93 750/3/93 747/4/93 
f 749/1/94 751/2/94 752/3/94 750/4/94 
f 751/1/95 745/2/95 748/3/95 752/4/95 
f 748/1/21 747/2/21 750/3/21 752/4/21 
f 751/1/18 749/2/18 746/3/18 745/4/18 
f 753/21/92 754/22/92 755/23/92 756/24/92 
f 754/21/93 757/22/93 758/23/93 755/24/93 
f 757/21/94 759/22/94 760/23/94 758/24/94 
f 759/21/95 753/22/95 756/23/95 760/24/95 
f 756/21/21 755/22/21 758/23/21 760/24/21 
f 759/21/18 757/22/18 754/23/18 753/24/18 
f 761/21/92 762/22/92 763/23/92 764/24/92 
f 762/21/93 765/22/93 766/23/93 763/24/93 
f 765/21/94 767/22/94 768/23/94 766/24/94 
f 767/21/95 761/22/95 764/23/95 768/24/95 
f 764/21/21 763/22/21 766/23/21 768/24/21 
f 767/21/15 765/22/15 762/23/15 761/24/15 
f 769/1/73 770/2/73 771/3/73 772/4/73 
f 772/1/74 771/2/74 773/3/74 774/4/74 
f 774/1/75 773/2/75 775/3/75 776/4/75 
f 776/1/76 775/2/76 777/3/76 778/4/76 
f 778/1/77 777/2/77 779/3/77 780/4/77 
f 780/1/78 779/2/78 781/3/78 782/4/78 
f 782/1/89 781/2/89 783/3/89 784/4/89 
f 784/1/90 783/2/90 785/3/90 786/4/90 
f 786/1/81 785/2/81 787/3/81 788/4/81 
f 788/1/96 787/2/96 789/3/96 790/4/96 
f 790/1/97 789/2/97 791/3/97 792/4/97 
f 792/1/84 791/2/84 793/3/84 794/4/84 
f 794/1/85 793/2/85 795/3/85 796/4/85 
f 796/1/98 795/2/98 797/3/98 798/4/98 
f 771/5/18 770/6/18 799/7/18 797/8/18 
f 771/5/18 797/8/18 795/9/18 793/10/18 
f 771/5/18 793/10/18 791/11/18 789/12/18 
f 771/5/18 789/12/18 787/13/18 785/14/18 
f 771/5/18 785/14/18 783/15/18 781/16/18 
f 771/5/18 781/16/18 779/17/18 777/18/18 
f 771/5/18 777/18/18 775/19/18 773/20/18 
f 798/1/99 797/2/99 799/3/99 800/4/99 
f 800/1/88 799/2/88 770/3/88 769/4/88 
f 769/5/22 772/6/22 774/7/22 776/8/22 
f 769/5/23 776/8/23 778/9/23 780/10/23 
f 769/5/21 780/10/21 782/11/21 784/12/21 
f 769/5/23 784/12/23 786/13/23 788/14/23 
f 769/5/23 788/14/23 790/15/23 792/16/23 
f 769/5/21 792/16/21 794/17/21 796/18/21 
f 769/5/21 796/18/21 798/19/21 800/20/21 
f 801/1/73 802/2/73 803/3/73 804/4/73 
f 804/1/74 803/2/74 805/3/74 806/4/74 
f 806/1/75 805/2/75 807/3/75 808/4/75 
f 808/1/76 807/2/76 809/3/76 810/4/76 
f 810/1/77 809/2/77 811/3/77 812/4/77 
f 812/1/78 811/2/78 813/3/78 814/4/78 
f 814/1/79 813/2/79 815/3/79 816/4/79 
f 816/1/90 815/2/90 817/3/90 818/4/90 
f 818/1/100 817/2/100 819/3/100 820/4/100 
f 820/1/96 819/2/96 821/3/96 822/4/96 
f 822/1/97 821/2/97 823/3/97 824/4/97 
f 824/1/84 823/2/84 825/3/84 826/4/84 
f 826/1/85 825/2/85 827/3/85 828/4/85 
f 828/1/86 827/2/86 829/3/86 830/4/86 
f 803/5/18 802/6/18 831/7/18 829/8/18 
f 803/5/18 829/8/18 827/9/18 825/10/18 
f 803/5/18 825/10/18 823/11/18 821/12/18 
f 803/5/18 821/12/18 819/13/18 817/14/18 
f 803/5/18 817/14/18 815/15/18 813/16/18 
f 803/5/18 813/16/18 811/17/18 809/18/18 
f 803/5/18 809/18/18 807/19/18 805/20/18 
f 830/1/87 829/2/87 831/3/87 832/4/87 
f 832/1/88 831/2/88 802/3/88 801/4/88 
f 801/5/22 804/6/22 806/7/22 808/8/22 
f 801/5/23 808/8/23 810/9/23 812/10/23 
f 801/5/23 812/10/23 814/11/23 816/12/23 
f 801/5/23 816/12/23 818/13/23 820/14/23 
f 801/5/23 820/14/23 822/15/23 824/16/23 
f 801/5/23 824/16/23 826/17/23 828/18/23 
f 801/5/23 828/18/23 830/19/23 832/20/23 
f 833/1/73 834/2/73 835/3/73 836/4/73 
f 836/1/74 835/2/74 837/3/74 838/4/74 
f 838/1/75 837/2/75 839/3/75 840/4/75 
f 840/1/76 839/2/76 841/3/76 842/4/76 
f 842/1/77 841/2/77 843/3/77 844/4/77 
f 844/1/78 843/2/78 845/3/78 846/4/78 
f 846/1/79 845/2/79 847/3/79 848/4/79 
f 848/1/80 847/2/80 849/3/80 850/4/80 
f 850/1/81 849/2/81 851/3/81 852/4/81 
f 852/1/82 851/2/82 853/3/82 854/4/82 
f 854/1/83 853/2/83 855/3/83 856/4/83 
f 856/1/84 855/2/84 857/3/84 858/4/84 
f 858/1/85 857/2/85 859/3/85 860/4/85 
f 860/1/86 859/2/86 861/3/86 862/4/86 
f 835/5/18 834/6/18 863/7/18 861/8/18 
f 835/5/18 861/8/18 859/9/18 857/10/18 
f 835/5/18 857/10/18 855/11/18 853/12/18 
f 835/5/18 853/12/18 851/13/18 849/14/18 
f 835/5/18 849/14/18 847/15/18 845/16/18 
f 835/5/18 845/16/18 843/17/18 841/18/18 
f 835/5/18 841/18/18 839/19/18 837/20/18 
f 862/1/87 861/2/87 863/3/87 864/4/87 
f 864/1/88 863/2/88 834/3/88 833/4/88 
f 833/5/23 836/6/23 838/7/23 840/8/23 
f 833/5/23 840/8/23 842/9/23 844/10/23 
f 833/5/23 844/10/23 846/11/23 848/12/23 
f 833/5/23 848/12/23 850/13/23 852/14/23 
f 833/5/23 852/14/23 854/15/23 856/16/23 
f 833/5/23 856/16/23 858/17/23 860/18/23 
f 833/5/23 860/18/23 862/19/23 864/20/23 
f 865/21/92 866/22/92 867/23/92 868/24/92 
f 866/21/101 869/22/101 870/23/101 867/24/101 
f 869/21/94 871/22/94 872/23/94 870/24/94 
f 871/21/102 865/22/102 868/23/102 872/24/102 
f 868/21/23 867/22/23 870/23/23 872/24/23 
f 871/21/18 869/22/18 866/23/18 865/24/18 
f 873/1/92 874/2/92 875/3/92 876/4/92 
f 874/1/93 877/2/93 878/3/93 875/4/93 
f 877/1/94 879/2/94 880/3/94 878/4/94 
f 879/1/95 873/2/95 876/3/95 880/4/95 
f 876/1/23 875/2/23 878/3/23 880/4/23 
f 879/1/15 877/2/15 874/3/15 873/4/15 
f 881/21/92 882/22/92 883/23/92 884/24/92 
f 882/21/101 885/22/101 886/23/101 883/24/101 
f 885/21/94 887/22/94 888/23/94 886/24/94 
f 887/21/95 881/22/95 884/23/95 888/24/95 
f 884/21/21 883/22/21 886/23/21 888/24/21 
f 887/21/18 885/22/18 882/23/18 881/24/18 
f 889/21/92 890/22/92 891/23/92 892/24/92 
f 890/21/93 893/22/93 894/23/93 891/24/93 
f 893/21/94 895/22/94 896/23/94 894/24/94 
f 895/21/95 889/22/95 892/23/95 896/24/95 
f 892/21/23 891/22/23 894/23/23 896/24/23 
f 895/21/18 893/22/18 890/23/18 889/24/18 
f 897/25/44 898/26/44 899/27/44 900/28/44 
f 901/25/44 902/26/44 903/27/44 904/28/44 
f 902/25/47 905/26/47 906/27/47 903/28/47 
f 905/25/42 907/26/42 908/27/42 906/28/42 
f 908/25/21 904/26/21 903/27/21 906/28/21 
f 905/25/18 902/26/18 901/27/18 907/28/18 
s 1
f 898/25/71 897/26/72 908/27/72 907/28/71 
f 909/25/72 898/26/71 907/27/71 901/28/72 
f 910/25/71 909/26/72 901/27/72 904/28/71 
f 897/25/72 910/26/71 904/27/71 908/28/72 
s off
f 899/25/71 911/26/71 912/27/71 900/28/71 
f 910/25/18 897/26/18 900/27/18 912/28/18 
f 898/25/21 909/26/21 911/27/21 899/28/21 
f 909/25/42 910/26/42 912/27/42 911/28/42 
f 913/29/43 914/30/43 915/31/43 916/32/43 
f 914/29/44 917/30/44 918/31/44 915/32/44 
f 917/29/47 919/30/47 920/31/47 918/32/47 
f 919/29/42 913/30/42 916/31/42 920/32/42 
f 916/29/23 915/30/23 918/31/23 920/32/23 
f 919/29/17 917/30/17 914/31/17 913/32/17 
f 921/33/42 922/34/42 923/35/42 924/36/42 
f 922/33/43 925/34/43 926/35/43 923/36/43 
f 925/33/44 927/34/44 928/35/44 926/36/44 
f 927/33/47 921/34/47 924/35/47 928/36/47 
f 924/33/23 923/34/23 926/35/23 928/36/23 
f 927/33/15 925/34/15 922/35/15 921/36/15 
f 929/33/42 930/34/42 931/35/42 932/36/42 
f 930/33/43 933/34/43 934/35/43 931/36/43 
f 933/33/44 935/34/44 936/35/44 934/36/44 
f 935/33/47 929/34/47 932/35/47 936/36/47 
f 932/33/23 931/34/23 934/35/23 936/36/23 
f 935/33/15 933/34/15 930/35/15 929/36/15 
f 937/33/42 938/34/42 939/35/42 940/36/42 
f 938/33/43 941/34/43 942/35/43 939/36/43 
f 941/33/44 943/34/44 944/35/44 942/36/44 
f 943/33/47 937/34/47 940/35/47 944/36/47 
f 940/33/23 939/34/23 942/35/23 944/36/23 
f 943/33/18 941/34/18 938/35/18 937/36/18 
f 945/33/42 946/34/42 947/35/42 948/36/42 
f 946/33/43 949/34/43 950/35/43 947/36/43 
f 949/33/44 951/34/44 952/35/44 950/36/44 
f 951/33/47 945/34/47 948/35/47 952/36/47 
f 948/33/23 947/34/23 950/35/23 952/36/23 
f 951/33/15 949/34/15 946/35/15 945/36/15 
s 1
f 953/37/43 954/38/43 955/39/43 956/40/43 
f 956/41/43 955/42/43 957/43/43 958/44/43 
f 958/45/43 957/46/43 959/47/49 960/48/50 
f 960/49/50 959/50/49 961/51/50 962/52/103 
f 962/53/103 961/54/50 963/55/50 964/56/50 
f 964/57/50 963/58/50 965/59/50 966/60/50 
f 966/61/50 965/62/50 967/63/50 968/64/50 
f 968/65/50 967/66/50 969/67/50 970/68/49 
f 970/69/49 969/70/50 971/71/43 972/72/43 
f 972/73/43 971/74/43 973/75/43 974/76/43 
f 974/77/43 973/78/43 975/79/43 976/80/43 
f 976/81/43 975/82/43 977/83/43 978/84/43 
f 978/85/43 977/86/43 979/87/43 980/88/43 
f 980/89/43 979/90/43 981/91/43 982/92/43 
f 982/93/43 981/94/43 983/95/43 984/96/43 
s off
f 985/97/51 986/98/51 987/99/51 988/100/51 
f 988/97/52 987/98/52 989/99/52 990/100/52 
f 990/97/53 989/98/53 991/99/53 992/100/53 
f 992/97/54 991/98/54 993/99/54 994/100/54 
f 994/97/55 993/98/55 995/99/55 996/100/55 
f 996/97/56 995/98/56 997/99/56 998/100/56 
f 998/97/57 997/98/57 999/99/57 1000/100/57 
f 1000/97/58 999/98/58 1001/99/58 1002/100/58 
f 1002/97/59 1001/98/59 1003/99/59 1004/100/59 
f 1004/97/60 1003/98/60 1005/99/60 1006/100/60 
f 1006/97/61 1005/98/61 1007/99/61 1008/100/61 
f 1008/97/62 1007/98/62 1009/99/62 1010/100/62 
f 1010/97/63 1009/98/63 1011/99/63 1012/100/63 
f 1012/97/64 1011/98/64 1013/99/64 1014/100/64 
f 987/101/18 986/102/18 1015/103/18 1013/104/18 
f 987/101/18 1013/104/18 1011/105/18 1009/106/18 
f 987/101/16 1009/106/16 1007/107/16 1005/108/16 
f 987/101/15 1005/108/15 1003/109/15 1001/110/15 
f 987/101/15 1001/110/15 999/111/15 997/112/15 
f 987/101/16 997/112/16 995/113/16 993/114/16 
f 987/101/16 993/114/16 991/115/16 989/116/16 
f 1014/97/65 1013/98/65 1015/99/65 1016/100/65 
f 1016/97/66 1015/98/66 986/99/66 985/100/66 
f 985/101/23 988/102/23 990/103/23 992/104/23 
f 985/101/23 992/104/23 994/105/23 996/106/23 
f 985/101/23 996/106/23 998/107/23 1000/108/23 
f 985/101/23 1000/108/23 1002/109/23 1004/110/23 
f 985/101/23 1004/110/23 1006/111/23 1008/112/23 
f 985/101/23 1008/112/23 1010/113/23 1012/114/23 
f 985/101/23 1012/114/23 1014/115/23 1016/116/23 
f 1017/97/51 1018/98/51 1019/99/51 1020/100/51 
f 1020/97/52 1019/98/52 1021/99/52 1022/100/52 
f 1022/97/53 1021/98/53 1023/99/53 1024/100/53 
f 1024/97/54 1023/98/54 1025/99/54 1026/100/54 
f 1026/97/55 1025/98/55 1027/99/55 1028/100/55 
f 1028/97/56 1027/98/56 1029/99/56 1030/100/56 
f 1030/97/57 1029/98/57 1031/99/57 1032/100/57 
f 1032/97/58 1031/98/58 1033/99/58 1034/100/58 
f 1034/97/59 1033/98/59 1035/99/59 1036/100/59 
f 1036/97/60 1035/98/60 1037/99/60 1038/100/60 
f 1038/97/61 1037/98/61 1039/99/61 1040/100/61 
f 1040/97/62 1039/98/62 1041/99/62 1042/100/62 
f 1042/97/63 1041/98/63 1043/99/63 1044/100/63 
f 1044/97/64 1043/98/64 1045/99/64 1046/100/64 
f 1019/101/18 1018/102/18 1047/103/18 1045/104/18 
f 1019/101/15 1045/104/15 1043/105/15 1041/106/15 
f 1019/101/15 1041/106/15 1039/107/15 1037/108/15 
f 1019/101/15 1037/108/15 1035/109/15 1033/110/15 
f 1019/101/15 1033/110/15 1031/111/15 1029/112/15 
f 1019/101/15 1029/112/15 1027/113/15 1025/114/15 
f 1019/101/15 1025/114/15 1023/115/15 1021/116/15 
f 1046/97/65 1045/98/65 1047/99/65 1048/100/65 
f 1048/97/66 1047/98/66 1018/99/66 1017/100/66 
f 1017/101/23 1020/102/23 1022/103/23 1024/104/23 
f 1017/101/23 1024/104/23 1026/105/23 1028/106/23 
f 1017/101/23 1028/106/23 1030/107/23 1032/108/23 
f 1017/101/23 1032/108/23 1034/109/23 1036/110/23 
f 1017/101/23 1036/110/23 1038/111/23 1040/112/23 
f 1017/101/23 1040/112/23 1042/113/23 1044/114/23 
f 1017/101/23 1044/114/23 1046/115/23 1048/116/23 
f 1049/97/51 1050/98/51 1051/99/51 1052/100/51 
f 1052/97/52 1051/98/52 1053/99/52 1054/100/52 
f 1054/97/53 1053/98/53 1055/99/53 1056/100/53 
f 1056/97/54 1055/98/54 1057/99/54 1058/100/54 
f 1058/97/55 1057/98/55 1059/99/55 1060/100/55 
f 1060/97/56 1059/98/56 1061/99/56 1062/100/56 
f 1062/97/57 1061/98/57 1063/99/57 1064/100/57 
f 1064/97/58 1063/98/58 1065/99/58 1066/100/58 
f 1066/97/104 1065/98/104 1067/99/104 1068/100/104 
f 1068/97/105 1067/98/105 1069/99/105 1070/100/105 
f 1070/97/61 1069/98/61 1071/99/61 1072/100/61 
f 1072/97/62 1071/98/62 1073/99/62 1074/100/62 
f 1074/97/63 1073/98/63 1075/99/63 1076/100/63 
f 1076/97/64 1075/98/64 1077/99/64 1078/100/64 
f 1051/101/18 1050/102/18 1079/103/18 1077/104/18 
f 1051/101/18 1077/104/18 1075/105/18 1073/106/18 
f 1051/101/18 1073/106/18 1071/107/18 1069/108/18 
f 1051/101/18 1069/108/18 1067/109/18 1065/110/18 
f 1051/101/18 1065/110/18 1063/111/18 1061/112/18 
f 1051/101/18 1061/112/18 1059/113/18 1057/114/18 
f 1051/101/18 1057/114/18 1055/115/18 1053/116/18 
f 1078/97/106 1077/98/106 1079/99/106 1080/100/106 
f 1080/97/107 1079/98/107 1050/99/107 1049/100/107 
f 1049/101/24 1052/102/24 1054/103/24 1056/104/24 
f 1049/101/23 1056/104/23 1058/105/23 1060/106/23 
f 1049/101/23 1060/106/23 1062/107/23 1064/108/23 
f 1049/101/22 1064/108/22 1066/109/22 1068/110/22 
f 1049/101/23 1068/110/23 1070/111/23 1072/112/23 
f 1049/101/23 1072/112/23 1074/113/23 1076/114/23 
f 1049/101/22 1076/114/22 1078/115/22 1080/116/22 
f 1081/96/67 1082/37/67 1083/117/67 1084/118/67 
f 1082/96/43 1085/37/43 1086/117/43 1083/118/43 
f 1085/96/68 1087/37/68 1088/117/68 1086/118/68 
f 1087/96/47 1081/37/47 1084/117/47 1088/118/47 
f 1084/96/23 1083/37/23 1086/117/23 1088/118/23 
f 1087/96/15 1085/37/15 1082/117/15 1081/118/15 
s 1
f 1089/119/69 1090/95/69 1091/94/69 1092/120/70 
f 1092/121/70 1091/91/69 1093/90/69 1094/122/70 
f 1094/123/70 1093/87/69 1095/86/69 1096/124/69 
f 1096/125/69 1095/83/69 1097/82/69 1098/126/69 
f 1098/127/69 1097/79/69 1099/78/69 1100/128/69 
f 1100/129/69 1099/75/69 1101/74/69 1102/130/69 
f 1102/131/69 1101/71/69 1103/70/69 1104/132/69 
f 1104/133/69 1103/67/69 1105/66/69 1106/134/69 
f 1106/135/69 1105/63/69 1107/62/69 1108/136/69 
f 1108/137/69 1107/59/69 1109/58/69 1110/138/69 
f 1110/139/69 1109/55/69 1111/54/69 1112/140/69 
f 1112/141/69 1111/51/69 1113/50/69 1114/142/69 
f 1114/143/69 1113/47/69 1115/46/69 1116/144/69 
f 1116/145/69 1115/43/69 1117/42/69 1118/146/69 
f 1118/147/69 1117/39/69 1119/38/69 1120/148/69 
s off
f 1121/96/42 1122/37/42 1123/117/42 1124/118/42 
f 1122/96/43 1125/37/43 1126/117/43 1123/118/43 
f 1125/96/44 1127/37/44 1128/117/44 1126/118/44 
f 1127/96/47 1121/37/47 1124/117/47 1128/118/47 
f 1124/96/23 1123/37/23 1126/117/23 1128/118/23 
f 1127/96/15 1125/37/15 1122/117/15 1121/118/15 
f 1129/96/42 1130/37/42 1131/117/42 1132/118/42 
f 1130/149/43 1133/150/43 1134/151/43 1131/152/43 
f 1133/149/44 1135/150/44 1136/151/44 1134/152/44 
f 1135/149/47 1129/150/47 1132/151/47 1136/152/47 
f 1132/96/23 1131/37/23 1134/117/23 1136/118/23 
f 1135/96/15 1133/37/15 1130/117/15 1129/118/15 
f 1137/96/42 1138/37/42 1139/117/42 1140/118/42 
f 1138/96/43 1141/37/43 1142/117/43 1139/118/43 
f 1141/96/44 1143/37/44 1144/117/44 1142/118/44 
f 1143/96/47 1137/37/47 1140/117/47 1144/118/47 
f 1140/96/23 1139/37/23 1142/117/23 1144/118/23 
f 1143/96/15 1141/37/15 1138/117/15 1137/118/15 
f 1145/96/42 1146/37/42 1147/117/42 1148/118/42 
f 1146/96/43 1149/37/43 1150/117/43 1147/118/43 
f 1149/96/44 1151/37/44 1152/117/44 1150/118/44 
f 1151/96/47 1145/37/47 1148/117/47 1152/118/47 
f 1148/96/23 1147/37/23 1150/117/23 1152/118/23 
f 1151/96/15 1149/37/15 1146/117/15 1145/118/15 
f 1153/33/42 1154/34/42 1155/35/42 1156/36/42 
f 1154/33/43 1157/34/43 1158/35/43 1155/36/43 
f 1157/33/44 1159/34/44 1160/35/44 1158/36/44 
f 1159/33/47 1153/34/47 1156/35/47 1160/36/47 
f 1156/33/23 1155/34/23 1158/35/23 1160/36/23 
f 1159/33/15 1157/34/15 1154/35/15 1153/36/15 
f 1161/33/42 1162/34/42 1163/35/42 1164/36/42 
f 1162/33/43 1165/34/43 1166/35/43 1163/36/43 
f 1165/33/44 1167/34/44 1168/35/44 1166/36/44 
f 1167/33/47 1161/34/47 1164/35/47 1168/36/47 
f 1164/33/23 1163/34/23 1166/35/23 1168/36/23 
f 1167/33/15 1165/34/15 1162/35/15 1161/36/15 
f 1169/33/42 1170/34/42 1171/35/42 1172/36/42 
f 1170/33/43 1173/34/43 1174/35/43 1171/36/43 
f 1173/33/44 1175/34/44 1176/35/44 1174/36/44 
f 1175/33/47 1169/34/47 1172/35/47 1176/36/47 
f 1172/33/23 1171/34/23 1174/35/23 1176/36/23 
f 1175/33/16 1173/34/16 1170/35/16 1169/36/16 
f 1177/33/42 1178/34/42 1179/35/42 1180/36/42 
f 1178/33/50 1181/34/50 1182/35/50 1179/36/50 
f 1181/33/44 1183/34/44 1184/35/44 1182/36/44 
f 1183/33/47 1177/34/47 1180/35/47 1184/36/47 
f 1180/33/23 1179/34/23 1182/35/23 1184/36/23 
f 1183/33/18 1181/34/18 1178/35/18 1177/36/18 
s 1
f 1185/37/43 1186/38/43 1187/39/43 1188/40/43 
f 1188/41/43 1187/42/43 1189/43/43 1190/44/43 
f 1190/45/43 1189/46/43 1191/47/43 1192/48/43 
f 1192/49/43 1191/50/43 1193/51/43 1194/52/43 
f 1194/53/43 1193/54/43 1195/55/49 1196/56/50 
f 1196/57/50 1195/58/49 1197/59/50 1198/60/103 
f 1198/61/103 1197/62/50 1199/63/50 1200/64/50 
f 1200/65/50 1199/66/50 1201/67/50 1202/68/50 
f 1202/69/50 1201/70/50 1203/71/50 1204/72/50 
f 1204/73/50 1203/74/50 1205/75/50 1206/76/50 
f 1206/77/50 1205/78/50 1207/79/50 1208/80/50 
f 1208/81/50 1207/82/50 1209/83/50 1210/84/49 
f 1210/85/49 1209/86/50 1211/87/43 1212/88/43 
f 1212/89/43 1211/90/43 1213/91/43 1214/92/43 
f 1214/93/43 1213/94/43 1215/95/43 1216/96/43 
s off
f 1217/97/51 1218/98/51 1219/99/51 1220/100/51 
f 1220/97/52 1219/98/52 1221/99/52 1222/100/52 
f 1222/97/53 1221/98/53 1223/99/53 1224/100/53 
f 1224/97/54 1223/98/54 1225/99/54 1226/100/54 
f 1226/97/55 1225/98/55 1227/99/55 1228/100/55 
f 1228/97/56 1227/98/56 1229/99/56 1230/100/56 
f 1230/97/57 1229/98/57 1231/99/57 1232/100/57 
f 1232/97/58 1231/98/58 1233/99/58 1234/100/58 
f 1234/97/59 1233/98/59 1235/99/59 1236/100/59 
f 1236/97/60 1235/98/60 1237/99/60 1238/100/60 
f 1238/97/61 1237/98/61 1239/99/61 1240/100/61 
f 1240/97/62 1239/98/62 1241/99/62 1242/100/62 
f 1242/97/63 1241/98/63 1243/99/63 1244/100/63 
f 1244/97/64 1243/98/64 1245/99/64 1246/100/64 
f 1219/101/16 1218/102/16 1247/103/16 1245/104/16 
f 1219/101/16 1245/104/16 1243/105/16 1241/106/16 
f 1219/101/18 1241/106/18 1239/107/18 1237/108/18 
f 1219/101/18 1237/108/18 1235/109/18 1233/110/18 
f 1219/101/18 1233/110/18 1231/111/18 1229/112/18 
f 1219/101/18 1229/112/18 1227/113/18 1225/114/18 
f 1219/101/18 1225/114/18 1223/115/18 1221/116/18 
f 1246/97/65 1245/98/65 1247/99/65 1248/100/65 
f 1248/97/66 1247/98/66 1218/99/66 1217/100/66 
f 1217/101/23 1220/102/23 1222/103/23 1224/104/23 
f 1217/101/23 1224/104/23 1226/105/23 1228/106/23 
f 1217/101/22 1228/106/22 1230/107/22 1232/108/22 
f 1217/101/22 1232/108/22 1234/109/22 1236/110/22 
f 1217/101/23 1236/110/23 1238/111/23 1240/112/23 
f 1217/101/23 1240/112/23 1242/113/23 1244/114/23 
f 1217/101/23 1244/114/23 1246/115/23 1248/116/23 
f 1249/97/51 1250/98/51 1251/99/51 1252/100/51 
f 1252/97/52 1251/98/52 1253/99/52 1254/100/52 
f 1254/97/53 1253/98/53 1255/99/53 1256/100/53 
f 1256/97/54 1255/98/54 1257/99/54 1258/100/54 
f 1258/97/55 1257/98/55 1259/99/55 1260/100/55 
f 1260/97/56 1259/98/56 1261/99/56 1262/100/56 
f 1262/97/57 1261/98/57 1263/99/57 1264/100/57 
f 1264/97/58 1263/98/58 1265/99/58 1266/100/58 
f 1266/97/59 1265/98/59 1267/99/59 1268/100/59 
f 1268/97/60 1267/98/60 1269/99/60 1270/100/60 
f 1270/97/61 1269/98/61 1271/99/61 1272/100/61 
f 1272/97/62 1271/98/62 1273/99/62 1274/100/62 
f 1274/97/63 1273/98/63 1275/99/63 1276/100/63 
f 1276/97/64 1275/98/64 1277/99/64 1278/100/64 
f 1251/101/18 1250/102/18 1279/103/18 1277/104/18 
f 1251/101/18 1277/104/18 1275/105/18 1273/106/18 
f 1251/101/15 1273/106/15 1271/107/15 1269/108/15 
f 1251/101/15 1269/108/15 1267/109/15 1265/110/15 
f 1251/101/15 1265/110/15 1263/111/15 1261/112/15 
f 1251/101/16 1261/112/16 1259/113/16 1257/114/16 
f 1251/101/15 1257/114/15 1255/115/15 1253/116/15 
f 1278/97/65 1277/98/65 1279/99/65 1280/100/65 
f 1280/97/66 1279/98/66 1250/99/66 1249/100/66 
f 1249/101/23 1252/102/23 1254/103/23 1256/104/23 
f 1249/101/23 1256/104/23 1258/105/23 1260/106/23 
f 1249/101/23 1260/106/23 1262/107/23 1264/108/23 
f 1249/101/23 1264/108/23 1266/109/23 1268/110/23 
f 1249/101/23 1268/110/23 1270/111/23 1272/112/23 
f 1249/101/23 1272/112/23 1274/113/23 1276/114/23 
f 1249/101/23 1276/114/23 1278/115/23 1280/116/23 
f 1281/97/51 1282/98/51 1283/99/51 1284/100/51 
f 1284/97/52 1283/98/52 1285/99/52 1286/100/52 
f 1286/97/53 1285/98/53 1287/99/53 1288/100/53 
f 1288/97/54 1287/98/54 1289/99/54 1290/100/54 
f 1290/97/55 1289/98/55 1291/99/55 1292/100/55 
f 1292/97/56 1291/98/56 1293/99/56 1294/100/56 
f 1294/97/57 1293/98/57 1295/99/57 1296/100/57 
f 1296/97/58 1295/98/58 1297/99/58 1298/100/58 
f 1298/97/59 1297/98/59 1299/99/59 1300/100/59 
f 1300/97/60 1299/98/60 1301/99/60 1302/100/60 
f 1302/97/61 1301/98/61 1303/99/61 1304/100/61 
f 1304/97/62 1303/98/62 1305/99/62 1306/100/62 
f 1306/97/63 1305/98/63 1307/99/63 1308/100/63 
f 1308/97/64 1307/98/64 1309/99/64 1310/100/64 
f 1283/101/18 1282/102/18 1311/103/18 1309/104/18 
f 1283/101/18 1309/104/18 1307/105/18 1305/106/18 
f 1283/101/18 1305/106/18 1303/107/18 1301/108/18 
f 1283/101/16 1301/108/16 1299/109/16 1297/110/16 
f 1283/101/15 1297/110/15 1295/111/15 1293/112/15 
f 1283/101/15 1293/112/15 1291/113/15 1289/114/15 
f 1283/101/18 1289/114/18 1287/115/18 1285/116/18 
f 1310/97/65 1309/98/65 1311/99/65 1312/100/65 
f 1312/97/66 1311/98/66 1282/99/66 1281/100/66 
f 1281/101/23 1284/102/23 1286/103/23 1288/104/23 
f 1281/101/23 1288/104/23 1290/105/23 1292/106/23 
f 1281/101/23 1292/106/23 1294/107/23 1296/108/23 
f 1281/101/23 1296/108/23 1298/109/23 1300/110/23 
f 1281/101/23 1300/110/23 1302/111/23 1304/112/23 
f 1281/101/23 1304/112/23 1306/113/23 1308/114/23 
f 1281/101/23 1308/114/23 1310/115/23 1312/116/23 
f 1313/96/67 1314/37/67 1315/117/67 1316/118/67 
f 1314/96/43 1317/37/43 1318/117/43 1315/118/43 
f 1317/96/68 1319/37/68 1320/117/68 1318/118/68 
f 1319/96/47 1313/37/47 1316/117/47 1320/118/47 
f 1316/96/23 1315/37/23 1318/117/23 1320/118/23 
f 1319/96/15 1317/37/15 1314/117/15 1313/118/15 
s 1
f 1321/119/47 1322/95/47 1323/94/47 1324/120/47 
f 1324/121/47 1323/91/47 1325/90/47 1326/122/47 
f 1326/123/47 1325/87/47 1327/86/47 1328/124/47 
f 1328/125/47 1327/83/47 1329/82/47 1330/126/47 
f 1330/127/47 1329/79/47 1331/78/47 1332/128/47 
f 1332/129/47 1331/75/47 1333/74/47 1334/130/47 
f 1334/131/47 1333/71/47 1335/70/47 1336/132/47 
f 1336/133/47 1335/67/47 1337/66/47 1338/134/47 
f 1338/135/47 1337/63/47 1339/62/47 1340/136/47 
f 1340/137/47 1339/59/47 1341/58/47 1342/138/47 
f 1342/139/47 1341/55/47 1343/54/47 1344/140/47 
f 1344/141/47 1343/51/47 1345/50/47 1346/142/47 
f 1346/143/47 1345/47/47 1347/46/47 1348/144/47 
f 1348/145/47 1347/43/47 1349/42/47 1350/146/47 
f 1350/147/47 1349/39/47 1351/38/47 1352/148/47 
s off
f 1353/96/42 1354/37/42 1355/117/42 1356/118/42 
f 1354/96/43 1357/37/43 1358/117/43 1355/118/43 
f 1357/96/44 1359/37/44 1360/117/44 1358/118/44 
f 1359/96/47 1353/37/47 1356/117/47 1360/118/47 
f 1356/96/23 1355/37/23 1358/117/23 1360/118/23 
f 1359/96/15 1357/37/15 1354/117/15 1353/118/15 
f 1361/96/42 1362/37/42 1363/117/42 1364/118/42 
f 1362/149/43 1365/150/43 1366/151/43 1363/152/43 
f 1365/149/44 1367/150/44 1368/151/44 1366/152/44 
f 1367/149/47 1361/150/47 1364/151/47 1368/152/47 
f 1364/96/23 1363/37/23 1366/117/23 1368/118/23 
f 1367/96/15 1365/37/15 1362/117/15 1361/118/15 
f 1369/96/42 1370/37/42 1371/117/42 1372/118/42 
f 1370/96/43 1373/37/43 1374/117/43 1371/118/43 
f 1373/96/44 1375/37/44 1376/117/44 1374/118/44 
f 1375/96/70 1369/37/70 1372/117/70 1376/118/70 
f 1372/96/23 1371/37/23 1374/117/23 1376/118/23 
f 1375/96/15 1373/37/15 1370/117/15 1369/118/15 
f 1377/96/42 1378/37/42 1379/117/42 1380/118/42 
f 1378/96/43 1381/37/43 1382/117/43 1379/118/43 
f 1381/96/44 1383/37/44 1384/117/44 1382/118/44 
f 1383/96/47 1377/37/47 1380/117/47 1384/118/47 
f 1380/96/23 1379/37/23 1382/117/23 1384/118/23 
f 1383/96/15 1381/37/15 1378/117/15 1377/118/15 
f 1385/25/44 1386/26/44 1387/27/44 1388/28/44 
f 1389/25/44 1390/26/44 1391/27/44 1392/28/44 
f 1390/25/69 1393/26/69 1394/27/69 1391/28/69 
f 1393/25/42 1395/26/42 1396/27/42 1394/28/42 
f 1396/25/21 1392/26/21 1391/27/21 1394/28/21 
f 1393/25/18 1390/26/18 1389/27/18 1395/28/18 
s 1
f 1386/25/71 1385/26/71 1396/27/71 1395/28/71 
f 1397/25/72 1386/26/71 1395/27/71 1389/28/72 
f 1398/25/72 1397/26/72 1389/27/72 1392/28/72 
f 1385/25/71 1398/26/72 1392/27/72 1396/28/71 
s off
f 1387/25/72 1399/26/72 1400/27/72 1388/28/72 
f 1398/25/18 1385/26/18 1388/27/18 1400/28/18 
f 1386/25/22 1397/26/22 1399/27/22 1387/28/22 
f 1397/25/42 1398/26/42 1400/27/42 1399/28/42 
f 1401/29/43 1402/30/43 1403/31/43 1404/32/43 
f 1402/29/44 1405/30/44 1406/31/44 1403/32/44 
f 1405/29/69 1407/30/69 1408/31/69 1406/32/69 
f 1407/29/42 1401/30/42 1404/31/42 1408/32/42 
f 1404/29/23 1403/30/23 1406/31/23 1408/32/23 
f 1407/29/18 1405/30/18 1402/31/18 1401/32/18 
f 1409/1/73 1410/2/73 1411/3/73 1412/4/73 
f 1412/1/74 1411/2/74 1413/3/74 1414/4/74 
f 1414/1/75 1413/2/75 1415/3/75 1416/4/75 
f 1416/1/76 1415/2/76 1417/3/76 1418/4/76 
f 1418/1/77 1417/2/77 1419/3/77 1420/4/77 
f 1420/1/108 1419/2/108 1421/3/108 1422/4/108 
f 1422/1/89 1421/2/89 1423/3/89 1424/4/89 
f 1424/1/80 1423/2/80 1425/3/80 1426/4/80 
f 1426/1/81 1425/2/81 1427/3/81 1428/4/81 
f 1428/1/82 1427/2/82 1429/3/82 1430/4/82 
f 1430/1/83 1429/2/83 1431/3/83 1432/4/83 
f 1432/1/84 1431/2/84 1433/3/84 1434/4/84 
f 1434/1/85 1433/2/85 1435/3/85 1436/4/85 
f 1436/1/98 1435/2/98 1437/3/98 1438/4/98 
f 1411/5/18 1410/6/18 1439/7/18 1437/8/18 
f 1411/5/18 1437/8/18 1435/9/18 1433/10/18 
f 1411/5/18 1433/10/18 1431/11/18 1429/12/18 
f 1411/5/18 1429/12/18 1427/13/18 1425/14/18 
f 1411/5/18 1425/14/18 1423/15/18 1421/16/18 
f 1411/5/18 1421/16/18 1419/17/18 1417/18/18 
f 1411/5/18 1417/18/18 1415/19/18 1413/20/18 
f 1438/1/99 1437/2/99 1439/3/99 1440/4/99 
f 1440/1/88 1439/2/88 1410/3/88 1409/4/88 
f 1409/5/23 1412/6/23 1414/7/23 1416/8/23 
f 1409/5/23 1416/8/23 1418/9/23 1420/10/23 
f 1409/5/21 1420/10/21 1422/11/21 1424/12/21 
f 1409/5/23 1424/12/23 1426/13/23 1428/14/23 
f 1409/5/21 1428/14/21 1430/15/21 1432/16/21 
f 1409/5/21 1432/16/21 1434/17/21 1436/18/21 
f 1409/5/23 1436/18/23 1438/19/23 1440/20/23 
f 1441/1/73 1442/2/73 1443/3/73 1444/4/73 
f 1444/1/74 1443/2/74 1445/3/74 1446/4/74 
f 1446/1/75 1445/2/75 1447/3/75 1448/4/75 
f 1448/1/76 1447/2/76 1449/3/76 1450/4/76 
f 1450/1/77 1449/2/77 1451/3/77 1452/4/77 
f 1452/1/78 1451/2/78 1453/3/78 1454/4/78 
f 1454/1/89 1453/2/89 1455/3/89 1456/4/89 
f 1456/1/90 1455/2/90 1457/3/90 1458/4/90 
f 1458/1/81 1457/2/81 1459/3/81 1460/4/81 
f 1460/1/82 1459/2/82 1461/3/82 1462/4/82 
f 1462/1/83 1461/2/83 1463/3/83 1464/4/83 
f 1464/1/84 1463/2/84 1465/3/84 1466/4/84 
f 1466/1/85 1465/2/85 1467/3/85 1468/4/85 
f 1468/1/86 1467/2/86 1469/3/86 1470/4/86 
f 1443/5/18 1442/6/18 1471/7/18 1469/8/18 
f 1443/5/18 1469/8/18 1467/9/18 1465/10/18 
f 1443/5/18 1465/10/18 1463/11/18 1461/12/18 
f 1443/5/18 1461/12/18 1459/13/18 1457/14/18 
f 1443/5/18 1457/14/18 1455/15/18 1453/16/18 
f 1443/5/18 1453/16/18 1451/17/18 1449/18/18 
f 1443/5/18 1449/18/18 1447/19/18 1445/20/18 
f 1470/1/87 1469/2/87 1471/3/87 1472/4/87 
f 1472/1/88 1471/2/88 1442/3/88 1441/4/88 
f 1441/5/23 1444/6/23 1446/7/23 1448/8/23 
f 1441/5/23 1448/8/23 1450/9/23 1452/10/23 
f 1441/5/23 1452/10/23 1454/11/23 1456/12/23 
f 1441/5/23 1456/12/23 1458/13/23 1460/14/23 
f 1441/5/23 1460/14/23 1462/15/23 1464/16/23 
f 1441/5/23 1464/16/23 1466/17/23 1468/18/23 
f 1441/5/23 1468/18/23 1470/19/23 1472/20/23 
f 1473/1/73 1474/2/73 1475/3/73 1476/4/73 
f 1476/1/74 1475/2/74 1477/3/74 1478/4/74 
f 1478/1/75 1477/2/75 1479/3/75 1480/4/75 
f 1480/1/76 1479/2/76 1481/3/76 1482/4/76 
f 1482/1/77 1481/2/77 1483/3/77 1484/4/77 
f 1484/1/78 1483/2/78 1485/3/78 1486/4/78 
f 1486/1/79 1485/2/79 1487/3/79 1488/4/79 
f 1488/1/80 1487/2/80 1489/3/80 1490/4/80 
f 1490/1/81 1489/2/81 1491/3/81 1492/4/81 
f 1492/1/82 1491/2/82 1493/3/82 1494/4/82 
f 1494/1/83 1493/2/83 1495/3/83 1496/4/83 
f 1496/1/84 1495/2/84 1497/3/84 1498/4/84 
f 1498/1/85 1497/2/85 1499/3/85 1500/4/85 
f 1500/1/86 1499/2/86 1501/3/86 1502/4/86 
f 1475/5/18 1474/6/18 1503/7/18 1501/8/18 
f 1475/5/18 1501/8/18 1499/9/18 1497/10/18 
f 1475/5/18 1497/10/18 1495/11/18 1493/12/18 
f 1475/5/18 1493/12/18 1491/13/18 1489/14/18 
f 1475/5/15 1489/14/15 1487/15/15 1485/16/15 
f 1475/5/18 1485/16/18 1483/17/18 1481/18/18 
f 1475/5/18 1481/18/18 1479/19/18 1477/20/18 
f 1502/1/87 1501/2/87 1503/3/87 1504/4/87 
f 1504/1/88 1503/2/88 1474/3/88 1473/4/88 
f 1473/5/23 1476/6/23 1478/7/23 1480/8/23 
f 1473/5/23 1480/8/23 1482/9/23 1484/10/23 
f 1473/5/21 1484/10/21 1486/11/21 1488/12/21 
f 1473/5/22 1488/12/22 1490/13/22 1492/14/22 
f 1473/5/23 1492/14/23 1494/15/23 1496/16/23 
f 1473/5/23 1496/16/23 1498/17/23 1500/18/23 
f 1473/5/23 1500/18/23 1502/19/23 1504/20/23 
f 1505/21/92 1506/22/92 1507/23/92 1508/24/92 
f 1506/21/93 1509/22/93 1510/23/93 1507/24/93 
f 1509/21/94 1511/22/94 1512/23/94 1510/24/94 
f 1511/21/95 1505/22/95 1508/23/95 1512/24/95 
f 1508/21/23 1507/22/23 1510/23/23 1512/24/23 
f 1511/21/18 1509/22/18 1506/23/18 1505/24/18 
f 1513/1/92 1514/2/92 1515/3/92 1516/4/92 
f 1514/1/93 1517/2/93 1518/3/93 1515/4/93 
f 1517/1/94 1519/2/94 1520/3/94 1518/4/94 
f 1519/1/95 1513/2/95 1516/3/95 1520/4/95 
f 1516/1/23 1515/2/23 1518/3/23 1520/4/23 
f 1519/1/15 1517/2/15 1514/3/15 1513/4/15 
f 1521/21/92 1522/22/92 1523/23/92 1524/24/92 
f 1522/21/93 1525/22/93 1526/23/93 1523/24/93 
f 1525/21/109 1527/22/109 1528/23/109 1526/24/109 
f 1527/21/95 1521/22/95 1524/23/95 1528/24/95 
f 1524/21/21 1523/22/21 1526/23/21 1528/24/21 
f 1527/21/18 1525/22/18 1522/23/18 1521/24/18 
f 1529/21/92 1530/22/92 1531/23/92 1532/24/92 
f 1530/21/93 1533/22/93 1534/23/93 1531/24/93 
f 1533/21/94 1535/22/94 1536/23/94 1534/24/94 
f 1535/21/95 1529/22/95 1532/23/95 1536/24/95 
f 1532/21/21 1531/22/21 1534/23/21 1536/24/21 
f 1535/21/18 1533/22/18 1530/23/18 1529/24/18 
s 1
f 1537/153/42 1538/154/42 1539/155/42 1540/156/42 
f 1539/155/42 1541/157/42 1540/156/42 
f 1537/153/42 1540/156/42 1542/158/110 1543/159/110 
f 1544/160/110 1543/159/110 1542/158/110 1545/161/110 
f 1545/161/110 1542/158/110 1546/162/42 1547/163/42 
f 1546/162/42 1548/164/42 1547/163/42 
f 1549/165/42 1545/161/110 1547/163/42 1550/166/42 
f 1550/166/42 1547/163/42 1551/167/42 
f 1552/168/42 1550/154/42 1551/169/42 1553/153/42 
f 1554/170/42 1553/153/42 1551/169/42 1555/159/42 
f 1551/169/42 1556/155/42 1557/171/42 1558/172/42 
f 1557/171/42 1559/157/42 1558/172/42 
f 1558/172/42 1560/156/42 1561/173/42 1562/174/42 
f 1561/173/42 1563/158/42 1562/174/42 
f 1551/169/42 1558/172/42 1562/174/42 1555/159/42 
f 1564/175/42 1555/159/42 1562/174/42 1565/160/42 
f 1566/176/42 1565/160/42 1562/174/42 1567/161/42 
f 1562/174/42 1568/162/42 1569/177/42 1570/167/42 
f 1571/164/48 1572/178/42 1573/163/42 1570/167/42 
f 1573/163/42 1574/179/42 1570/167/42 
f 1569/177/42 1571/164/48 1570/167/42 
f 1567/161/42 1562/174/42 1570/167/42 1575/180/42 
f 1576/165/42 1575/180/42 1570/167/42 1577/181/42 
f 1544/166/110 1577/181/42 1570/167/42 1543/182/110 
f 1578/183/42 1579/184/42 1580/185/42 1581/186/42 
f 1582/187/42 1581/186/42 1580/185/42 1583/188/110 
f 1580/185/42 1584/189/42 1585/190/42 1583/188/110 
f 1585/190/42 1586/191/42 1583/188/110 
f 1587/192/42 1582/187/42 1583/188/110 1588/193/42 
f 1589/194/42 1588/193/42 1583/188/110 1590/195/42 
f 1591/196/111 1590/195/42 1583/188/110 1592/197/112 
f 1583/188/110 1593/198/42 1594/199/110 1595/200/110 
f 1594/199/110 1596/201/113 1595/200/110 
f 1595/200/110 1597/202/42 1598/203/42 1599/204/110 
f 1598/203/42 1600/205/42 1599/204/110 
f 1583/188/110 1595/200/110 1599/204/110 1592/197/112 
f 1601/206/42 1592/197/112 1599/204/110 1602/207/42 
f 1603/208/42 1602/207/42 1599/204/110 1604/209/42 
f 1605/210/42 1604/209/42 1599/204/110 1606/166/42 
f 1606/166/42 1599/204/110 1607/211/42 1608/212/42 
f 1609/213/42 1606/214/42 1608/215/42 1610/216/42 
f 1611/217/42 1610/216/42 1608/215/42 1612/218/110 
f 1608/215/42 1613/171/42 1614/219/42 1612/218/110 
f 1614/219/42 1615/220/42 1612/218/110 
f 1616/221/42 1611/217/42 1612/218/110 1617/222/42 
f 1618/223/110 1617/222/42 1612/218/110 1619/224/112 
f 1620/225/110 1619/224/112 1612/218/110 1621/226/110 
f 1612/218/110 1622/227/42 1623/228/110 1624/229/42 
f 1623/228/110 1625/230/114 1624/229/42 
f 1624/229/42 1626/231/42 1627/232/42 1621/226/110 
f 1627/232/42 1628/233/42 1621/226/110 
f 1612/218/110 1624/229/42 1621/226/110 
f 1629/234/42 1620/225/110 1621/226/110 1630/235/42 
f 1631/236/42 1630/235/42 1621/226/110 1632/237/42 
f 1633/238/42 1632/237/42 1621/226/110 1579/166/42 
f 1621/226/110 1634/239/42 1635/240/42 1579/166/42 
f 1579/166/42 1635/240/42 1636/241/42 1580/242/42 
s off
f 1637/176/42 1638/223/42 1639/153/42 1640/171/42 
f 1639/153/42 1641/243/42 1640/171/42 
f 1637/176/42 1640/171/42 1642/244/42 1643/245/42 
f 1643/245/42 1642/244/42 1644/158/42 1645/178/42 
f 1644/158/42 1646/231/42 1645/178/42 
f 1647/166/42 1643/245/42 1645/178/42 1648/246/42 
f 1649/225/42 1650/223/42 1651/221/42 1652/216/42 
f 1653/235/42 1649/225/42 1652/216/42 1654/227/42 
f 1655/214/42 1656/171/42 1657/220/42 1654/227/42 
f 1652/216/42 1655/214/42 1654/227/42 
f 1653/235/110 1654/227/110 1658/230/110 1659/237/110 
f 1659/237/42 1658/230/42 1660/231/42 1661/239/42 
f 1660/231/42 1662/233/42 1661/239/42 
f 1663/166/42 1659/237/42 1661/239/42 1664/241/42 
s 1
f 1665/153/42 1666/154/42 1667/155/42 1668/156/42 
f 1667/155/42 1669/157/42 1668/156/42 
f 1665/153/42 1668/156/42 1670/158/110 1671/159/110 
f 1672/160/110 1671/159/110 1670/158/110 1673/161/110 
f 1673/161/110 1670/158/110 1674/162/42 1675/163/42 
f 1674/162/42 1676/164/42 1675/163/42 
f 1677/165/42 1673/161/110 1675/163/42 1678/166/42 
f 1678/166/42 1675/163/42 1679/167/42 
f 1680/168/42 1678/154/42 1679/169/42 1681/153/42 
f 1682/170/42 1681/153/42 1679/169/42 1683/159/42 
f 1679/169/42 1684/155/42 1685/171/42 1686/172/42 
f 1685/171/42 1687/157/42 1686/172/42 
f 1686/172/42 1688/156/42 1689/173/42 1690/174/42 
f 1689/173/42 1691/158/42 1690/174/42 
f 1679/169/42 1686/172/42 1690/174/42 1683/159/42 
f 1692/175/42 1683/159/42 1690/174/42 1693/160/42 
f 1694/176/42 1693/160/42 1690/174/42 1695/161/42 
f 1690/174/42 1696/162/42 1697/177/42 1698/167/42 
f 1699/164/48 1700/178/42 1701/163/42 1698/167/42 
f 1701/163/42 1702/179/42 1698/167/42 
f 1697/177/42 1699/164/48 1698/167/42 
f 1695/161/42 1690/174/42 1698/167/42 1703/180/42 
f 1704/165/42 1703/180/42 1698/167/42 1705/181/42 
f 1672/166/110 1705/181/42 1698/167/42 1671/182/110 
f 1706/166/42 1707/180/42 1708/160/42 1709/154/42 
f 1708/160/42 1710/170/42 1709/154/42 
f 1706/166/42 1709/154/42 1711/171/42 1712/156/110 
f 1706/166/42 1712/156/110 1713/174/42 1714/164/112 
f 1706/166/42 1714/164/112 1715/179/42 
f 1716/247/110 1717/248/42 1715/249/42 1714/250/112 
f 1714/250/112 1718/251/115 1719/252/116 1720/253/42 
f 1716/247/110 1714/250/112 1720/253/42 1721/254/42 
f 1720/253/42 1722/255/42 1721/254/42 
f 1723/166/42 1716/247/110 1721/254/42 1724/256/42 
f 1712/257/110 1719/258/116 1718/259/115 1713/260/42 
f 1725/261/42 1726/262/42 1727/263/42 1728/171/110 
f 1727/263/42 1729/264/42 1730/265/42 1728/171/110 
f 1731/266/110 1725/261/42 1728/171/110 1732/267/110 
f 1731/266/110 1732/267/110 1733/268/110 1734/269/42 
f 1734/269/42 1735/270/42 1736/271/42 1731/266/110 
f 1737/166/42 1731/266/110 1736/271/42 1738/272/42 
f 1739/273/42 1730/265/42 1729/274/42 1740/264/42 
f 1741/275/42 1740/264/42 1729/274/42 1742/231/42 
f 1729/274/42 1743/171/42 1744/276/42 1745/277/42 
f 1744/276/42 1746/267/42 1745/277/42 
f 1745/277/42 1747/268/42 1748/278/42 1742/231/42 
f 1748/278/42 1749/269/42 1742/231/42 
f 1729/274/42 1745/277/42 1742/231/42 
f 1750/263/42 1741/275/42 1742/231/42 1751/223/42 
f 1752/262/42 1751/223/42 1742/231/42 1753/279/42 
f 1754/261/42 1753/279/42 1742/231/42 1755/280/42 
f 1756/266/42 1755/280/42 1742/231/42 1757/281/42 
f 1742/231/42 1758/270/42 1759/282/42 1757/281/42 
f 1759/282/42 1760/271/42 1757/281/42 
f 1761/283/42 1756/266/42 1757/281/42 1732/166/110 
f 1732/166/110 1757/281/42 1762/272/42 1733/284/110 
f 1763/165/44 1764/161/44 1765/160/44 1766/159/44 
f 1767/153/117 1768/154/44 1769/155/44 1770/156/44 
f 1769/155/44 1771/157/44 1770/156/44 
f 1767/153/117 1770/156/44 1772/158/44 1766/159/44 
f 1766/159/44 1772/158/44 1773/162/44 1774/164/44 
f 1766/159/44 1774/164/44 1775/163/44 1763/165/44 
f 1763/165/44 1775/163/44 1776/167/44 1777/166/44 
f 1778/165/117 1779/180/44 1780/161/117 1781/160/118 
f 1780/161/117 1782/176/44 1781/160/118 
f 1778/165/117 1781/160/118 1783/175/117 1784/163/44 
f 1783/175/117 1785/159/44 1786/170/44 1787/168/44 
f 1786/170/44 1788/153/44 1787/168/44 
f 1787/168/44 1789/154/44 1790/169/44 1791/171/44 
f 1790/169/44 1792/155/44 1791/171/44 
f 1783/175/117 1787/168/44 1791/171/44 1793/177/44 
f 1791/171/44 1794/157/44 1763/172/44 1795/173/44 
f 1763/172/44 1777/156/44 1795/173/44 
f 1791/171/44 1795/173/44 1796/158/44 1797/174/44 
f 1791/171/44 1797/174/44 1798/162/44 1793/177/44 
f 1783/175/117 1793/177/44 1799/164/44 1800/178/44 
f 1783/175/117 1800/178/44 1784/163/44 
f 1778/165/117 1784/163/44 1801/179/44 1773/181/44 
f 1773/181/44 1801/179/44 1802/167/44 1803/182/44 
f 1774/166/44 1773/181/44 1803/182/44 
f 1804/210/44 1805/209/44 1806/208/44 1807/206/117 
f 1806/208/44 1808/207/44 1807/206/117 
f 1807/206/117 1809/197/44 1810/196/117 1811/194/44 
f 1810/196/117 1812/195/119 1811/194/44 
f 1811/194/44 1813/193/44 1814/192/44 1815/186/117 
f 1814/192/44 1816/187/44 1815/186/117 
f 1807/206/117 1811/194/44 1815/186/117 1817/198/118 
f 1815/186/117 1818/183/44 1819/184/44 1820/189/44 
f 1819/184/44 1821/185/44 1820/189/44 
f 1815/186/117 1820/189/44 1822/190/44 1823/191/44 
f 1815/186/117 1823/191/44 1824/188/44 1817/198/118 
f 1807/206/117 1817/198/118 1825/199/118 1826/201/118 
f 1807/206/117 1826/201/118 1827/200/117 1828/202/44 
f 1807/206/117 1828/202/44 1829/203/44 1830/205/44 
f 1804/210/44 1807/206/117 1830/205/44 1831/204/44 
f 1804/210/44 1831/204/44 1832/211/44 1833/212/44 
f 1834/166/44 1804/210/44 1833/212/44 
f 1819/238/44 1835/237/44 1836/236/44 1837/234/117 
f 1836/236/44 1838/235/44 1837/234/117 
f 1837/234/117 1839/225/44 1840/224/44 1841/222/117 
f 1840/224/44 1842/223/44 1841/222/117 
f 1841/222/117 1843/221/120 1844/217/44 1845/213/117 
f 1844/217/44 1846/216/44 1845/213/117 
f 1837/234/117 1841/222/117 1845/213/117 1847/229/44 
f 1845/213/117 1848/214/44 1849/215/44 1804/219/44 
f 1849/215/44 1850/171/44 1804/219/44 
f 1804/219/44 1834/220/44 1851/218/44 1852/227/44 
f 1845/213/117 1804/219/44 1852/227/44 1853/228/44 
f 1845/213/117 1853/228/44 1854/230/44 1847/229/44 
f 1837/234/117 1847/229/44 1855/231/121 1856/232/44 
f 1837/234/117 1856/232/44 1857/233/44 1858/226/44 
f 1837/234/117 1858/226/44 1859/239/44 1860/240/44 
f 1819/238/44 1837/234/117 1860/240/44 1861/241/44 
f 1819/238/44 1861/241/44 1862/242/44 1821/166/44 
s off
f 1863/245/44 1864/176/44 1865/223/44 1866/246/44 
f 1867/243/44 1868/171/44 1869/244/44 1870/231/44 
f 1869/244/44 1871/158/44 1870/231/44 
f 1867/243/117 1870/231/117 1872/178/117 1873/153/117 
f 1873/153/117 1872/178/117 1866/246/117 1865/223/117 
f 1874/166/44 1863/245/44 1866/246/44 
f 1875/237/44 1876/235/44 1877/225/44 1878/241/44 
f 1879/216/44 1880/214/44 1881/171/44 1882/220/44 
f 1883/221/44 1879/216/44 1882/220/44 1884/239/44 
f 1885/227/44 1886/230/44 1887/231/44 1888/233/44 
f 1882/220/44 1885/227/44 1888/233/44 1884/239/44 
f 1889/223/117 1883/221/117 1884/239/117 1878/241/117 
f 1877/225/44 1889/223/44 1878/241/44 
f 1890/166/44 1875/237/44 1878/241/44 
s 1
f 1891/165/44 1892/161/44 1893/160/44 1894/159/44 
f 1895/153/117 1896/154/44 1897/155/44 1898/156/44 
f 1897/155/44 1899/157/44 1898/156/44 
f 1895/153/117 1898/156/44 1900/158/44 1894/159/44 
f 1894/159/44 1900/158/44 1901/162/44 1902/164/44 
f 1894/159/44 1902/164/44 1903/163/44 1891/165/44 
f 1891/165/44 1903/163/44 1904/167/44 1905/166/44 
f 1906/165/117 1907/180/44 1908/161/117 1909/160/118 
f 1908/161/117 1910/176/44 1909/160/118 
f 1906/165/117 1909/160/118 1911/175/117 1912/163/44 
f 1911/175/117 1913/159/44 1914/170/44 1915/168/44 
f 1914/170/44 1916/153/44 1915/168/44 
f 1915/168/44 1917/154/44 1918/169/44 1919/171/44 
f 1918/169/44 1920/155/44 1919/171/44 
f 1911/175/117 1915/168/44 1919/171/44 1921/177/44 
f 1919/171/44 1922/157/44 1891/172/44 1923/173/44 
f 1891/172/44 1905/156/44 1923/173/44 
f 1919/171/44 1923/173/44 1924/158/44 1925/174/44 
f 1919/171/44 1925/174/44 1926/162/44 1921/177/44 
f 1911/175/117 1921/177/44 1927/164/44 1928/178/44 
f 1911/175/117 1928/178/44 1912/163/44 
f 1906/165/117 1912/163/44 1929/179/44 1901/181/44 
f 1901/181/44 1929/179/44 1930/167/44 1931/182/44 
f 1902/166/44 1901/181/44 1931/182/44 
f 1932/166/117 1933/180/117 1934/160/44 1935/170/117 
f 1932/166/117 1935/170/117 1936/154/44 1937/171/44 
f 1937/171/44 1938/156/44 1939/174/44 1932/166/117 
f 1932/166/117 1939/174/44 1940/164/44 1941/179/44 
f 1942/247/44 1943/248/44 1944/249/44 1945/256/44 
f 1946/251/122 1947/252/123 1934/253/44 1948/250/117 
f 1934/253/44 1933/255/117 1949/254/44 1945/256/44 
f 1948/250/117 1934/253/44 1945/256/44 1944/249/44 
f 1950/166/44 1942/247/44 1945/256/44 
f 1936/257/44 1935/258/117 1947/259/123 1946/260/122 
f 1951/266/44 1952/261/44 1953/262/44 1954/272/117 
f 1955/171/44 1956/267/44 1957/268/44 1958/270/44 
f 1957/268/44 1959/269/44 1958/270/44 
f 1955/171/44 1958/270/44 1960/271/44 1961/265/44 
f 1962/264/44 1961/265/44 1960/271/44 1963/263/44 
f 1963/263/44 1960/271/44 1954/272/117 1953/262/44 
f 1964/166/44 1951/266/44 1954/272/117 
f 1962/283/44 1965/266/44 1966/280/44 1967/279/44 
f 1966/280/44 1968/261/44 1967/279/44 
f 1967/279/44 1969/262/44 1970/223/44 1971/275/44 
f 1970/223/44 1972/263/44 1971/275/44 
f 1962/283/44 1967/279/44 1971/275/44 1973/271/44 
f 1971/275/44 1974/264/44 1975/273/44 1976/274/44 
f 1975/273/44 1977/265/44 1976/274/44 
f 1976/274/44 1978/171/44 1957/276/44 1979/277/44 
f 1957/276/44 1956/267/44 1979/277/44 
f 1971/275/44 1976/274/44 1979/277/44 1980/268/44 
f 1971/275/44 1980/268/44 1981/278/44 1982/269/44 
f 1971/275/44 1982/269/44 1983/231/44 1984/270/44 
f 1971/275/44 1984/270/44 1985/282/44 1973/271/44 
f 1962/283/44 1973/271/44 1986/281/44 1987/272/44 
f 1962/283/44 1987/272/44 1988/284/44 1961/166/44 
s off
f 1715/257/18 1717/258/18 1949/259/18 1933/260/18 
f 1606/257/124 1609/258/124 1851/259/124 1834/260/124 
f 1706/257/125 1715/258/125 1933/259/125 1932/260/125 
f 1609/257/126 1610/258/126 1852/259/126 1851/260/126 
f 1707/257/127 1706/258/127 1932/259/127 1941/260/127 
f 1610/257/128 1611/258/128 1853/259/128 1852/260/128 
f 1708/257/43 1707/258/43 1941/259/43 1940/260/43 
f 1611/257/129 1616/258/129 1854/259/129 1853/260/129 
f 1710/257/23 1708/258/23 1940/259/23 1939/260/23 
f 1616/257/130 1617/258/130 1847/259/130 1854/260/130 
f 1709/257/47 1710/258/47 1939/259/47 1938/260/47 
f 1617/257/131 1618/258/131 1855/259/131 1847/260/131 
f 1711/257/132 1709/258/132 1938/259/132 1937/260/132 
f 1618/257/133 1619/258/133 1856/259/133 1855/260/133 
f 1712/257/134 1711/258/134 1937/259/134 1936/260/134 
f 1619/257/135 1620/258/135 1857/259/135 1856/260/135 
f 1719/257/23 1712/258/23 1936/259/23 1946/260/23 
f 1620/257/136 1629/258/136 1858/259/136 1857/260/136 
f 1720/257/137 1719/258/137 1946/259/137 1948/260/137 
f 1629/257/138 1630/258/138 1859/259/138 1858/260/138 
f 1722/257/139 1720/258/139 1948/259/139 1944/260/139 
f 1630/257/140 1631/258/140 1860/259/140 1859/260/140 
f 1721/257/43 1722/258/43 1944/259/43 1943/260/43 
f 1631/257/141 1632/258/141 1861/259/141 1860/260/141 
f 1724/257/142 1721/258/142 1943/259/142 1942/260/142 
f 1632/257/143 1633/258/143 1862/259/143 1861/260/143 
f 1633/257/144 1579/258/144 1821/259/144 1862/260/144 
f 1718/257/145 1714/258/145 1934/259/145 1947/260/145 
f 1579/257/146 1578/258/146 1820/259/146 1821/260/146 
f 1714/257/147 1713/258/147 1935/259/147 1934/260/147 
f 1578/257/148 1581/258/148 1822/259/148 1820/260/148 
f 1713/257/149 1718/258/149 1947/259/149 1935/260/149 
f 1581/257/150 1582/258/150 1823/259/150 1822/260/150 
f 1582/257/151 1587/258/151 1824/259/151 1823/260/151 
f 1587/257/152 1588/258/152 1817/259/152 1824/260/152 
f 1737/257/153 1738/258/153 1951/259/153 1964/260/153 
f 1588/257/154 1589/258/154 1825/259/154 1817/260/154 
f 1731/257/155 1737/258/155 1964/259/155 1954/260/155 
f 1589/257/156 1590/258/156 1826/259/156 1825/260/156 
f 1725/257/153 1731/258/153 1954/259/153 1960/260/153 
f 1590/257/157 1591/258/157 1827/259/157 1826/260/157 
f 1726/257/158 1725/258/158 1960/259/158 1958/260/158 
f 1591/257/159 1592/258/159 1828/259/159 1827/260/159 
f 1727/257/153 1726/258/153 1958/259/153 1959/260/153 
f 1592/257/160 1601/258/160 1829/259/160 1828/260/160 
f 1729/257/18 1727/258/18 1959/259/18 1957/260/18 
f 1601/257/161 1602/258/161 1830/259/161 1829/260/161 
f 1743/257/162 1729/258/162 1957/259/162 1978/260/162 
f 1602/257/163 1603/258/163 1831/259/163 1830/260/163 
f 1744/257/164 1743/258/164 1978/259/164 1976/260/164 
f 1603/257/165 1604/258/165 1832/259/165 1831/260/165 
f 1746/257/166 1744/258/166 1976/259/166 1977/260/166 
f 1604/257/167 1605/258/167 1833/259/167 1832/260/167 
f 1745/257/168 1746/258/168 1977/259/168 1975/260/168 
f 1605/257/169 1606/258/169 1834/259/169 1833/260/169 
f 1747/257/170 1745/258/170 1975/259/170 1974/260/170 
f 1748/257/171 1747/258/171 1974/259/171 1971/260/171 
f 1647/257/47 1648/258/47 1863/259/47 1874/260/47 
f 1540/257/47 1541/258/47 1769/259/47 1768/260/47 
f 1749/257/172 1748/258/172 1971/259/172 1972/260/172 
f 1643/257/173 1647/258/173 1874/259/173 1866/260/173 
f 1542/257/174 1540/258/174 1768/259/174 1767/260/174 
f 1742/257/175 1749/258/175 1972/259/175 1970/260/175 
f 1637/257/47 1643/258/47 1866/259/47 1872/260/47 
f 1546/257/47 1542/258/47 1767/259/47 1766/260/47 
f 1758/257/176 1742/258/176 1970/259/176 1969/260/176 
f 1638/257/177 1637/258/177 1872/259/177 1870/260/177 
f 1548/257/178 1546/258/178 1766/259/178 1765/260/178 
f 1759/257/179 1758/258/179 1969/259/179 1967/260/179 
f 1639/257/47 1638/258/47 1870/259/47 1871/260/47 
f 1547/257/47 1548/258/47 1765/259/47 1764/260/47 
f 1760/257/180 1759/258/180 1967/259/180 1968/260/180 
f 1641/257/18 1639/258/18 1871/259/18 1869/260/18 
f 1551/257/18 1547/258/18 1764/259/18 1763/260/18 
f 1757/257/181 1760/258/181 1968/259/181 1966/260/181 
f 1640/257/43 1641/258/43 1869/259/43 1868/260/43 
f 1556/257/182 1551/258/182 1763/259/182 1794/260/182 
f 1762/257/183 1757/258/183 1966/259/183 1965/260/183 
f 1642/257/184 1640/258/184 1868/259/184 1867/260/184 
f 1557/257/185 1556/258/185 1794/259/185 1791/260/185 
f 1733/257/186 1762/258/186 1965/259/186 1962/260/186 
f 1644/257/43 1642/258/43 1867/259/43 1873/260/43 
f 1559/257/187 1557/258/187 1791/259/187 1792/260/187 
f 1734/257/103 1733/258/103 1962/259/103 1963/260/103 
f 1646/257/188 1644/258/188 1873/259/188 1865/260/188 
f 1558/257/189 1559/258/189 1792/259/189 1790/260/189 
f 1735/257/190 1734/258/190 1963/259/190 1953/260/190 
f 1645/257/43 1646/258/43 1865/259/43 1864/260/43 
f 1560/257/191 1558/258/191 1790/259/191 1789/260/191 
f 1736/257/103 1735/258/103 1953/259/103 1952/260/103 
f 1648/257/21 1645/258/21 1864/259/21 1863/260/21 
f 1561/257/43 1560/258/43 1789/259/43 1787/260/43 
f 1738/257/192 1736/258/192 1952/259/192 1951/260/192 
f 1663/257/47 1664/258/47 1875/259/47 1890/260/47 
f 1563/257/193 1561/258/193 1787/259/193 1788/260/193 
f 1659/257/194 1663/258/194 1890/259/194 1878/260/194 
f 1562/257/195 1563/258/195 1788/259/195 1786/260/195 
f 1732/257/103 1728/258/103 1955/259/103 1961/260/103 
f 1653/257/47 1659/258/47 1878/259/47 1884/260/47 
f 1568/257/196 1562/258/196 1786/259/196 1785/260/196 
f 1728/257/23 1730/258/23 1956/259/23 1955/260/23 
f 1649/257/23 1653/258/23 1884/259/23 1888/260/23 
f 1569/257/197 1568/258/197 1785/259/197 1783/260/197 
f 1730/257/198 1739/258/198 1979/259/198 1956/260/198 
f 1650/257/199 1649/258/199 1888/259/199 1887/260/199 
f 1571/257/200 1569/258/200 1783/259/200 1781/260/200 
f 1739/257/201 1740/258/201 1980/259/201 1979/260/201 
f 1651/257/23 1650/258/23 1887/259/23 1886/260/23 
f 1572/257/202 1571/258/202 1781/259/202 1782/260/202 
f 1740/257/203 1741/258/203 1981/259/203 1980/260/203 
f 1652/257/47 1651/258/47 1886/259/47 1885/260/47 
f 1573/257/43 1572/258/43 1782/259/43 1780/260/43 
f 1741/257/204 1750/258/204 1982/259/204 1981/260/204 
f 1655/257/18 1652/258/18 1885/259/18 1882/260/18 
f 1574/257/23 1573/258/23 1780/259/23 1779/260/23 
f 1750/257/205 1751/258/205 1983/259/205 1982/260/205 
f 1656/257/103 1655/258/103 1882/259/103 1881/260/103 
f 1570/257/206 1574/258/206 1779/259/206 1778/260/206 
f 1751/257/207 1752/258/207 1984/259/207 1983/260/207 
f 1657/257/23 1656/258/23 1881/259/23 1880/260/23 
f 1543/257/23 1570/258/23 1778/259/23 1773/260/23 
f 1752/257/208 1753/258/208 1985/259/208 1984/260/208 
f 1654/257/209 1657/258/209 1880/259/209 1879/260/209 
f 1537/257/43 1543/258/43 1773/259/43 1772/260/43 
f 1753/257/210 1754/258/210 1973/259/210 1985/260/210 
f 1658/257/23 1654/258/23 1879/259/23 1883/260/23 
f 1538/257/211 1537/258/211 1772/259/211 1770/260/211 
f 1754/257/212 1755/258/212 1986/259/212 1973/260/212 
f 1660/257/103 1658/258/103 1883/259/103 1889/260/103 
f 1539/257/43 1538/258/43 1770/259/43 1771/260/43 
f 1755/257/213 1756/258/213 1987/259/213 1986/260/213 
f 1662/257/214 1660/258/214 1889/259/214 1877/260/214 
f 1541/257/215 1539/258/215 1771/259/215 1769/260/215 
f 1756/257/216 1761/258/216 1988/259/216 1987/260/216 
f 1661/257/103 1662/258/103 1877/259/103 1876/260/103 
f 1761/257/217 1732/258/217 1961/259/217 1988/260/217 
f 1664/257/218 1661/258/218 1876/259/218 1875/260/218 
f 1544/257/43 1545/258/43 1775/259/43 1774/260/43 
f 1668/257/47 1669/258/47 1897/259/47 1896/260/47 
f 1545/257/219 1549/258/219 1776/259/219 1775/260/219 
f 1670/257/174 1668/258/174 1896/259/174 1895/260/174 
f 1549/257/220 1550/258/220 1777/259/220 1776/260/220 
f 1674/257/47 1670/258/47 1895/259/47 1894/260/47 
f 1550/257/221 1552/258/221 1795/259/221 1777/260/221 
f 1676/257/178 1674/258/178 1894/259/178 1893/260/178 
f 1552/257/222 1553/258/222 1796/259/222 1795/260/222 
f 1675/257/47 1676/258/47 1893/259/47 1892/260/47 
f 1553/257/223 1554/258/223 1797/259/223 1796/260/223 
f 1679/257/18 1675/258/18 1892/259/18 1891/260/18 
f 1554/257/224 1555/258/224 1798/259/224 1797/260/224 
f 1684/257/182 1679/258/182 1891/259/182 1922/260/182 
f 1555/257/225 1564/258/225 1793/259/225 1798/260/225 
f 1685/257/185 1684/258/185 1922/259/185 1919/260/185 
f 1564/257/226 1565/258/226 1799/259/226 1793/260/226 
f 1687/257/187 1685/258/187 1919/259/187 1920/260/187 
f 1565/257/227 1566/258/227 1800/259/227 1799/260/227 
f 1686/257/189 1687/258/189 1920/259/189 1918/260/189 
f 1566/257/228 1567/258/228 1784/259/228 1800/260/228 
f 1688/257/191 1686/258/191 1918/259/191 1917/260/191 
f 1567/257/229 1575/258/229 1801/259/229 1784/260/229 
f 1689/257/103 1688/258/103 1917/259/103 1915/260/103 
f 1575/257/230 1576/258/230 1802/259/230 1801/260/230 
f 1691/257/231 1689/258/231 1915/259/231 1916/260/231 
f 1576/257/232 1577/258/232 1803/259/232 1802/260/232 
f 1690/257/233 1691/258/233 1916/259/233 1914/260/233 
f 1577/257/234 1544/258/234 1774/259/234 1803/260/234 
f 1696/257/196 1690/258/196 1914/259/196 1913/260/196 
f 1697/257/197 1696/258/197 1913/259/197 1911/260/197 
f 1615/257/235 1614/258/235 1849/259/235 1848/260/235 
f 1699/257/200 1697/258/200 1911/259/200 1909/260/200 
f 1612/257/236 1615/258/236 1848/259/236 1845/260/236 
f 1700/257/202 1699/258/202 1909/259/202 1910/260/202 
f 1622/257/237 1612/258/237 1845/259/237 1846/260/237 
f 1701/257/103 1700/258/103 1910/259/103 1908/260/103 
f 1623/257/238 1622/258/238 1846/259/238 1844/260/238 
f 1702/257/23 1701/258/23 1908/259/23 1907/260/23 
f 1625/257/239 1623/258/239 1844/259/239 1843/260/239 
f 1698/257/206 1702/258/206 1907/259/206 1906/260/206 
f 1624/257/240 1625/258/240 1843/259/240 1841/260/240 
f 1671/257/23 1698/258/23 1906/259/23 1901/260/23 
f 1626/257/241 1624/258/241 1841/259/241 1842/260/241 
f 1665/257/43 1671/258/43 1901/259/43 1900/260/43 
f 1627/257/242 1626/258/242 1842/259/242 1840/260/242 
f 1666/257/211 1665/258/211 1900/259/211 1898/260/211 
f 1628/257/243 1627/258/243 1840/259/243 1839/260/243 
f 1667/257/43 1666/258/43 1898/259/43 1899/260/43 
f 1621/257/244 1628/258/244 1839/259/244 1837/260/244 
f 1669/257/215 1667/258/215 1899/259/215 1897/260/215 
f 1634/257/245 1621/258/245 1837/259/245 1838/260/245 
f 1635/257/246 1634/258/246 1838/259/246 1836/260/246 
f 1672/257/43 1673/258/43 1903/259/43 1902/260/43 
f 1636/257/247 1635/258/247 1836/259/247 1835/260/247 
f 1673/257/219 1677/258/219 1904/259/219 1903/260/219 
f 1580/257/248 1636/258/248 1835/259/248 1819/260/248 
f 1677/257/220 1678/258/220 1905/259/220 1904/260/220 
f 1584/257/249 1580/258/249 1819/259/249 1818/260/249 
f 1678/257/221 1680/258/221 1923/259/221 1905/260/221 
f 1585/257/250 1584/258/250 1818/259/250 1815/260/250 
f 1680/257/222 1681/258/222 1924/259/222 1923/260/222 
f 1586/257/251 1585/258/251 1815/259/251 1816/260/251 
f 1681/257/223 1682/258/223 1925/259/223 1924/260/223 
f 1583/257/252 1586/258/252 1816/259/252 1814/260/252 
f 1682/257/224 1683/258/224 1926/259/224 1925/260/224 
f 1593/257/253 1583/258/253 1814/259/253 1813/260/253 
f 1683/257/225 1692/258/225 1921/259/225 1926/260/225 
f 1594/257/254 1593/258/254 1813/259/254 1811/260/254 
f 1692/257/226 1693/258/226 1927/259/226 1921/260/226 
f 1596/257/255 1594/258/255 1811/259/255 1812/260/255 
f 1693/257/227 1694/258/227 1928/259/227 1927/260/227 
f 1595/257/256 1596/258/256 1812/259/256 1810/260/256 
f 1694/257/228 1695/258/228 1912/259/228 1928/260/228 
f 1597/257/257 1595/258/257 1810/259/257 1809/260/257 
f 1695/257/229 1703/258/229 1929/259/229 1912/260/229 
f 1598/257/258 1597/258/258 1809/259/258 1807/260/258 
f 1703/257/230 1704/258/230 1930/259/230 1929/260/230 
f 1600/257/259 1598/258/259 1807/259/259 1808/260/259 
f 1704/257/232 1705/258/232 1931/259/232 1930/260/232 
f 1599/257/260 1600/258/260 1808/259/260 1806/260/260 
f 1705/257/234 1672/258/234 1902/259/234 1931/260/234 
f 1607/257/261 1599/258/261 1806/259/261 1805/260/261 
f 1608/257/262 1607/258/262 1805/259/262 1804/260/262 
f 1723/257/153 1724/258/153 1942/259/153 1950/260/153 
f 1613/257/263 1608/258/263 1804/259/263 1850/260/263 
f 1716/257/264 1723/258/264 1950/259/264 1945/260/264 
f 1614/257/265 1613/258/265 1850/259/265 1849/260/265 
f 1717/257/266 1716/258/266 1945/259/266 1949/260/266 
f 1989/285/267 1990/286/267 1991/287/267 1992/288/267 
f 1993/285/47 1994/286/47 1990/287/47 1989/288/47 
f 1991/285/23 1990/286/23 1994/287/23 1995/288/23 
f 1992/285/50 1991/286/50 1995/287/50 1996/288/50 
f 1996/285/268 1995/286/268 1994/287/268 1993/288/268 
f 1993/285/269 1989/286/269 1992/287/269 1996/288/269 
f 1997/285/267 1998/286/267 1999/287/267 2000/288/267 
f 2001/285/47 2002/286/47 1998/287/47 1997/288/47 
f 1999/285/23 1998/286/23 2002/287/23 2003/288/23 
f 2000/285/50 1999/286/50 2003/287/50 2004/288/50 
f 2004/285/268 2003/286/268 2002/287/268 2001/288/268 
f 2001/285/269 1997/286/269 2000/287/269 2004/288/269 
f 2005/285/267 2006/286/267 2007/287/267 2008/288/267 
f 2009/285/47 2010/286/47 2006/287/47 2005/288/47 
f 2007/285/23 2006/286/23 2010/287/23 2011/288/23 
f 2008/285/50 2007/286/50 2011/287/50 2012/288/50 
f 2012/285/268 2011/286/268 2010/287/268 2009/288/268 
f 2009/285/269 2005/286/269 2008/287/269 2012/288/269 
f 2013/285/267 2014/286/267 2015/287/267 2016/288/267 
f 2017/285/47 2018/286/47 2014/287/47 2013/288/47 
f 2015/285/23 2014/286/23 2018/287/23 2019/288/23 
f 2016/285/43 2015/286/43 2019/287/43 2020/288/43 
f 2020/285/268 2019/286/268 2018/287/268 2017/288/268 
f 2017/285/269 2013/286/269 2016/287/269 2020/288/269 
f 2021/285/267 2022/286/267 2023/287/267 2024/288/267 
f 2025/285/47 2026/286/47 2022/287/47 2021/288/47 
f 2023/285/23 2022/286/23 2026/287/23 2027/288/23 
f 2024/285/43 2023/286/43 2027/287/43 2028/288/43 
f 2028/285/268 2027/286/268 2026/287/268 2025/288/268 
f 2025/285/269 2021/286/269 2024/287/269 2028/288/269 
f 2029/285/267 2030/286/267 2031/287/267 2032/288/267 
f 2033/285/47 2034/286/47 2030/287/47 2029/288/47 
f 2031/285/23 2030/286/23 2034/287/23 2035/288/23 
f 2032/285/43 2031/286/43 2035/287/43 2036/288/43 
f 2036/285/268 2035/286/268 2034/287/268 2033/288/268 
f 2033/285/269 2029/286/269 2032/287/269 2036/288/269 
f 2037/285/267 2038/286/267 2039/287/267 2040/288/267 
f 2041/285/47 2042/286/47 2038/287/47 2037/288/47 
f 2039/285/23 2038/286/23 2042/287/23 2043/288/23 
f 2040/285/43 2039/286/43 2043/287/43 2044/288/43 
f 2044/285/268 2043/286/268 2042/287/268 2041/288/268 
f 2041/285/269 2037/286/269 2040/287/269 2044/288/269 
f 2045/285/267 2046/286/267 2047/287/267 2048/288/267 
f 2049/285/47 2050/286/47 2046/287/47 2045/288/47 
f 2047/285/23 2046/286/23 2050/287/23 2051/288/23 
f 2048/285/43 2047/286/43 2051/287/43 2052/288/43 
f 2052/285/268 2051/286/268 2050/287/268 2049/288/268 
f 2049/285/269 2045/286/269 2048/287/269 2052/288/269 
f 2053/285/267 2054/286/267 2055/287/267 2056/288/267 
f 2057/285/47 2058/286/47 2054/287/47 2053/288/47 
f 2055/285/23 2054/286/23 2058/287/23 2059/288/23 
f 2056/285/43 2055/286/43 2059/287/43 2060/288/43 
f 2060/285/268 2059/286/268 2058/287/268 2057/288/268 
f 2057/285/269 2053/286/269 2056/287/269 2060/288/269 
f 2061/285/267 2062/286/267 2063/287/267 2064/288/267 
f 2065/285/47 2066/286/47 2062/287/47 2061/288/47 
f 2063/285/23 2062/286/23 2066/287/23 2067/288/23 
f 2064/285/43 2063/286/43 2067/287/43 2068/288/43 
f 2068/285/268 2067/286/268 2066/287/268 2065/288/268 
f 2065/285/269 2061/286/269 2064/287/269 2068/288/269 
f 2069/285/267 2070/286/267 2071/287/267 2072/288/267 
f 2073/285/47 2074/286/47 2070/287/47 2069/288/47 
f 2071/285/23 2070/286/23 2074/287/23 2075/288/23 
f 2072/285/43 2071/286/43 2075/287/43 2076/288/43 
f 2076/285/268 2075/286/268 2074/287/268 2073/288/268 
f 2073/285/269 2069/286/269 2072/287/269 2076/288/269 
f 2077/285/267 2078/286/267 2079/287/267 2080/288/267 
f 2081/285/47 2082/286/47 2078/287/47 2077/288/47 
f 2079/285/23 2078/286/23 2082/287/23 2083/288/23 
f 2080/285/43 2079/286/43 2083/287/43 2084/288/43 
f 2084/285/268 2083/286/268 2082/287/268 2081/288/268 
f 2081/285/269 2077/286/269 2080/287/269 2084/288/269 
f 2085/285/267 2086/286/267 2087/287/267 2088/288/267 
f 2089/285/47 2090/286/47 2086/287/47 2085/288/47 
f 2087/285/23 2086/286/23 2090/287/23 2091/288/23 
f 2088/285/50 2087/286/50 2091/287/50 2092/288/50 
f 2092/285/268 2091/286/268 2090/287/268 2089/288/268 
f 2089/285/269 2085/286/269 2088/287/269 2092/288/269 
f 2093/285/267 2094/286/267 2095/287/267 2096/288/267 
f 2097/285/47 2098/286/47 2094/287/47 2093/288/47 
f 2095/285/23 2094/286/23 2098/287/23 2099/288/23 
f 2096/285/50 2095/286/50 2099/287/50 2100/288/50 
f 2100/285/268 2099/286/268 2098/287/268 2097/288/268 
f 2097/285/269 2093/286/269 2096/287/269 2100/288/269 
f 2101/285/267 2102/286/267 2103/287/267 2104/288/267 
f 2105/285/47 2106/286/47 2102/287/47 2101/288/47 
f 2103/285/23 2102/286/23 2106/287/23 2107/288/23 
f 2104/285/50 2103/286/50 2107/287/50 2108/288/50 
f 2108/285/268 2107/286/268 2106/287/268 2105/288/268 
f 2105/285/269 2101/286/269 2104/287/269 2108/288/269 
f 2109/285/267 2110/286/267 2111/287/267 2112/288/267 
f 2113/285/47 2114/286/47 2110/287/47 2109/288/47 
f 2111/285/23 2110/286/23 2114/287/23 2115/288/23 
f 2112/285/43 2111/286/43 2115/287/43 2116/288/43 
f 2116/285/268 2115/286/268 2114/287/268 2113/288/268 
f 2113/285/269 2109/286/269 2112/287/269 2116/288/269 
f 2117/285/267 2118/286/267 2119/287/267 2120/288/267 
f 2121/285/69 2122/286/69 2118/287/69 2117/288/69 
f 2119/285/23 2118/286/23 2122/287/23 2123/288/23 
f 2120/285/43 2119/286/43 2123/287/43 2124/288/43 
f 2124/285/268 2123/286/268 2122/287/268 2121/288/268 
f 2121/285/269 2117/286/269 2120/287/269 2124/288/269 
f 2125/285/267 2126/286/267 2127/287/267 2128/288/267 
f 2129/285/69 2130/286/69 2126/287/69 2125/288/69 
f 2127/285/23 2126/286/23 2130/287/23 2131/288/23 
f 2128/285/43 2127/286/43 2131/287/43 2132/288/43 
f 2132/285/268 2131/286/268 2130/287/268 2129/288/268 
f 2129/285/269 2125/286/269 2128/287/269 2132/288/269 
f 2133/285/267 2134/286/267 2135/287/267 2136/288/267 
f 2137/285/47 2138/286/47 2134/287/47 2133/288/47 
f 2135/285/23 2134/286/23 2138/287/23 2139/288/23 
f 2136/285/43 2135/286/43 2139/287/43 2140/288/43 
f 2140/285/268 2139/286/268 2138/287/268 2137/288/268 
f 2137/285/269 2133/286/269 2136/287/269 2140/288/269 
f 2141/285/267 2142/286/267 2143/287/267 2144/288/267 
f 2145/285/47 2146/286/47 2142/287/47 2141/288/47 
f 2143/285/23 2142/286/23 2146/287/23 2147/288/23 
f 2144/285/50 2143/286/50 2147/287/50 2148/288/50 
f 2148/285/268 2147/286/268 2146/287/268 2145/288/268 
f 2145/285/269 2141/286/269 2144/287/269 2148/288/269 
f 2149/285/267 2150/286/267 2151/287/267 2152/288/267 
f 2153/285/47 2154/286/47 2150/287/47 2149/288/47 
f 2151/285/23 2150/286/23 2154/287/23 2155/288/23 
f 2152/285/43 2151/286/43 2155/287/43 2156/288/43 
f 2156/285/268 2155/286/268 2154/287/268 2153/288/268 
f 2153/285/269 2149/286/269 2152/287/269 2156/288/269 
f 2157/285/267 2158/286/267 2159/287/267 2160/288/267 
f 2161/285/69 2162/286/69 2158/287/69 2157/288/69 
f 2159/285/23 2158/286/23 2162/287/23 2163/288/23 
f 2160/285/43 2159/286/43 2163/287/43 2164/288/43 
f 2164/285/268 2163/286/268 2162/287/268 2161/288/268 
f 2161/285/269 2157/286/269 2160/287/269 2164/288/269 
f 2165/285/267 2166/286/267 2167/287/267 2168/288/267 
f 2169/285/69 2170/286/69 2166/287/69 2165/288/69 
f 2167/285/23 2166/286/23 2170/287/23 2171/288/23 
f 2168/285/43 2167/286/43 2171/287/43 2172/288/43 
f 2172/285/268 2171/286/268 2170/287/268 2169/288/268 
f 2169/285/269 2165/286/269 2168/287/269 2172/288/269 
f 2173/285/267 2174/286/267 2175/287/267 2176/288/267 
f 2177/285/69 2178/286/69 2174/287/69 2173/288/69 
f 2175/285/23 2174/286/23 2178/287/23 2179/288/23 
f 2176/285/43 2175/286/43 2179/287/43 2180/288/43 
f 2180/285/268 2179/286/268 2178/287/268 2177/288/268 
f 2177/285/269 2173/286/269 2176/287/269 2180/288/269 
f 2181/285/267 2182/286/267 2183/287/267 2184/288/267 
f 2185/285/69 2186/286/69 2182/287/69 2181/288/69 
f 2183/285/23 2182/286/23 2186/287/23 2187/288/23 
f 2184/285/43 2183/286/43 2187/287/43 2188/288/43 
f 2188/285/268 2187/286/268 2186/287/268 2185/288/268 
f 2185/285/269 2181/286/269 2184/287/269 2188/288/269 
f 2189/285/267 2190/286/267 2191/287/267 2192/288/267 
f 2193/285/47 2194/286/47 2190/287/47 2189/288/47 
f 2191/285/23 2190/286/23 2194/287/23 2195/288/23 
f 2192/285/50 2191/286/50 2195/287/50 2196/288/50 
f 2196/285/268 2195/286/268 2194/287/268 2193/288/268 
f 2193/285/269 2189/286/269 2192/287/269 2196/288/269 
f 2197/285/267 2198/286/267 2199/287/267 2200/288/267 
f 2201/285/47 2202/286/47 2198/287/47 2197/288/47 
f 2199/285/23 2198/286/23 2202/287/23 2203/288/23 
f 2200/285/50 2199/286/50 2203/287/50 2204/288/50 
f 2204/285/268 2203/286/268 2202/287/268 2201/288/268 
f 2201/285/269 2197/286/269 2200/287/269 2204/288/269 
f 2205/285/267 2206/286/267 2207/287/267 2208/288/267 
f 2209/285/47 2210/286/47 2206/287/47 2205/288/47 
f 2207/285/23 2206/286/23 2210/287/23 2211/288/23 
f 2208/285/43 2207/286/43 2211/287/43 2212/288/43 
f 2212/285/268 2211/286/268 2210/287/268 2209/288/268 
f 2209/285/269 2205/286/269 2208/287/269 2212/288/269 
f 2213/285/267 2214/286/267 2215/287/267 2216/288/267 
f 2217/285/47 2218/286/47 2214/287/47 2213/288/47 
f 2215/285/23 2214/286/23 2218/287/23 2219/288/23 
f 2216/285/43 2215/286/43 2219/287/43 2220/288/43 
f 2220/285/268 2219/286/268 2218/287/268 2217/288/268 
f 2217/285/269 2213/286/269 2216/287/269 2220/288/269 
f 2221/285/267 2222/286/267 2223/287/267 2224/288/267 
f 2225/285/47 2226/286/47 2222/287/47 2221/288/47 
f 2223/285/23 2222/286/23 2226/287/23 2227/288/23 
f 2224/285/43 2223/286/43 2227/287/43 2228/288/43 
f 2228/285/268 2227/286/268 2226/287/268 2225/288/268 
f 2225/285/269 2221/286/269 2224/287/269 2228/288/269 
f 2229/285/267 2230/286/267 2231/287/267 2232/288/267 
f 2233/285/47 2234/286/47 2230/287/47 2229/288/47 
f 2231/285/23 2230/286/23 2234/287/23 2235/288/23 
f 2232/285/43 2231/286/43 2235/287/43 2236/288/43 
f 2236/285/268 2235/286/268 2234/287/268 2233/288/268 
f 2233/285/269 2229/286/269 2232/287/269 2236/288/269 
f 2237/285/267 2238/286/267 2239/287/267 2240/288/267 
f 2241/285/47 2242/286/47 2238/287/47 2237/288/47 
f 2239/285/23 2238/286/23 2242/287/23 2243/288/23 
f 2240/285/43 2239/286/43 2243/287/43 2244/288/43 
f 2244/285/268 2243/286/268 2242/287/268 2241/288/268 
f 2241/285/269 2237/286/269 2240/287/269 2244/288/269 
f 2245/285/267 2246/286/267 2247/287/267 2248/288/267 
f 2249/285/47 2250/286/47 2246/287/47 2245/288/47 
f 2247/285/23 2246/286/23 2250/287/23 2251/288/23 
f 2248/285/43 2247/286/43 2251/287/43 2252/288/43 
f 2252/285/268 2251/286/268 2250/287/268 2249/288/268 
f 2249/285/269 2245/286/269 2248/287/269 2252/288/269 
f 2253/285/267 2254/286/267 2255/287/267 2256/288/267 
f 2257/285/47 2258/286/47 2254/287/47 2253/288/47 
f 2255/285/23 2254/286/23 2258/287/23 2259/288/23 
f 2256/285/43 2255/286/43 2259/287/43 2260/288/43 
f 2260/285/268 2259/286/268 2258/287/268 2257/288/268 
f 2257/285/269 2253/286/269 2256/287/269 2260/288/269 
f 2261/285/267 2262/286/267 2263/287/267 2264/288/267 
f 2265/285/47 2266/286/47 2262/287/47 2261/288/47 
f 2263/285/23 2262/286/23 2266/287/23 2267/288/23 
f 2264/285/43 2263/286/43 2267/287/43 2268/288/43 
f 2268/285/268 2267/286/268 2266/287/268 2265/288/268 
f 2265/285/269 2261/286/269 2264/287/269 2268/288/269 
f 2269/285/267 2270/286/267 2271/287/267 2272/288/267 
f 2273/285/47 2274/286/47 2270/287/47 2269/288/47 
f 2271/285/23 2270/286/23 2274/287/23 2275/288/23 
f 2272/285/43 2271/286/43 2275/287/43 2276/288/43 
f 2276/285/268 2275/286/268 2274/287/268 2273/288/268 
f 2273/285/269 2269/286/269 2272/287/269 2276/288/269 
f 2277/285/267 2278/286/267 2279/287/267 2280/288/267 
f 2281/285/47 2282/286/47 2278/287/47 2277/288/47 
f 2279/285/23 2278/286/23 2282/287/23 2283/288/23 
f 2280/285/50 2279/286/50 2283/287/50 2284/288/50 
f 2284/285/268 2283/286/268 2282/287/268 2281/288/268 
f 2281/285/269 2277/286/269 2280/287/269 2284/288/269 
f 2285/285/267 2286/286/267 2287/287/267 2288/288/267 
f 2289/285/47 2290/286/47 2286/287/47 2285/288/47 
f 2287/285/23 2286/286/23 2290/287/23 2291/288/23 
f 2288/285/43 2287/286/43 2291/287/43 2292/288/43 
f 2292/285/268 2291/286/268 2290/287/268 2289/288/268 
f 2289/285/269 2285/286/269 2288/287/269 2292/288/269 
f 2293/285/267 2294/286/267 2295/287/267 2296/288/267 
f 2297/285/47 2298/286/47 2294/287/47 2293/288/47 
f 2295/285/23 2294/286/23 2298/287/23 2299/288/23 
f 2296/285/50 2295/286/50 2299/287/50 2300/288/50 
f 2300/285/268 2299/286/268 2298/287/268 2297/288/268 
f 2297/285/269 2293/286/269 2296/287/269 2300/288/269 
f 2301/285/267 2302/286/267 2303/287/267 2304/288/267 
f 2305/285/47 2306/286/47 2302/287/47 2301/288/47 
f 2303/285/23 2302/286/23 2306/287/23 2307/288/23 
f 2304/285/50 2303/286/50 2307/287/50 2308/288/50 
f 2308/285/268 2307/286/268 2306/287/268 2305/288/268 
f 2305/285/269 2301/286/269 2304/287/269 2308/288/269 
f 2309/285/110 2310/286/110 2311/287/110 2312/288/110 
f 2310/285/43 2313/286/43 2314/287/43 2311/288/43 
f 2313/285/44 2315/286/44 2316/287/44 2314/288/44 
f 2315/285/47 2309/286/47 2312/287/47 2316/288/47 
f 2312/285/21 2311/286/21 2314/287/21 2316/288/21 
f 2315/285/18 2313/286/18 2310/287/18 2309/288/18 
f 2317/285/110 2318/286/110 2319/287/110 2320/288/110 
f 2318/285/43 2321/286/43 2322/287/43 2319/288/43 
f 2321/285/44 2323/286/44 2324/287/44 2322/288/44 
f 2323/285/47 2317/286/47 2320/287/47 2324/288/47 
f 2320/285/21 2319/286/21 2322/287/21 2324/288/21 
f 2323/285/18 2321/286/18 2318/287/18 2317/288/18 
f 2325/285/110 2326/286/110 2327/287/110 2328/288/110 
f 2326/285/43 2329/286/43 2330/287/43 2327/288/43 
f 2329/285/44 2331/286/44 2332/287/44 2330/288/44 
f 2331/285/47 2325/286/47 2328/287/47 2332/288/47 
f 2328/285/21 2327/286/21 2330/287/21 2332/288/21 
f 2331/285/18 2329/286/18 2326/287/18 2325/288/18 
f 2333/285/110 2334/286/110 2335/287/110 2336/288/110 
f 2334/285/43 2337/286/43 2338/287/43 2335/288/43 
f 2337/285/44 2339/286/44 2340/287/44 2338/288/44 
f 2339/285/47 2333/286/47 2336/287/47 2340/288/47 
f 2336/285/21 2335/286/21 2338/287/21 2340/288/21 
f 2339/285/18 2337/286/18 2334/287/18 2333/288/18 
f 2341/285/110 2342/286/110 2343/287/110 2344/288/110 
f 2342/285/43 2345/286/43 2346/287/43 2343/288/43 
f 2345/285/44 2347/286/44 2348/287/44 2346/288/44 
f 2347/285/47 2341/286/47 2344/287/47 2348/288/47 
f 2344/285/23 2343/286/23 2346/287/23 2348/288/23 
f 2347/285/18 2345/286/18 2342/287/18 2341/288/18 
f 2349/285/267 2350/286/267 2351/287/267 2352/288/267 
f 2353/285/47 2354/286/47 2350/287/47 2349/288/47 
f 2351/285/23 2350/286/23 2354/287/23 2355/288/23 
f 2352/285/50 2351/286/50 2355/287/50 2356/288/50 
f 2356/285/268 2355/286/268 2354/287/268 2353/288/268 
f 2353/285/269 2349/286/269 2352/287/269 2356/288/269 
f 2357/289/270 2358/290/270 2359/291/270 2360/292/270 
f 2361/293/271 2362/294/271 2363/295/271 2364/296/271 
f 2365/297/270 2366/298/270 2367/299/270 2368/300/270 
f 2369/301/271 2370/302/271 2371/303/271 2372/304/271 
f 2373/305/270 2374/306/270 2375/307/270 2376/308/270 
f 2377/309/271 2378/310/271 2379/311/271 2380/312/271 
f 2381/313/270 2382/314/270 2383/315/270 2384/316/270 
f 2385/317/270 2386/318/270 2387/319/270 2388/320/270 
f 2389/321/271 2390/322/271 2391/323/271 2392/324/271 
f 2393/325/270 2394/326/270 2395/327/270 2396/328/270 
f 2397/329/270 2398/330/270 2399/331/270 2400/332/270 
f 2401/333/270 2402/334/270 2403/335/270 2404/336/270 
f 2400/332/270 2401/333/270 2404/336/270 2397/329/270 
f 2396/328/270 2397/329/270 2404/336/270 2393/325/270 
f 2392/324/271 2393/325/271 2404/336/271 2389/321/271 
f 2388/320/270 2389/321/270 2404/336/270 2385/317/270 
f 2384/316/270 2385/317/270 2404/336/270 2381/313/270 
f 2380/312/271 2381/313/271 2404/336/271 2377/309/271 
f 2376/308/272 2377/309/272 2404/336/272 2373/305/272 
f 2372/304/271 2373/305/271 2404/336/271 2369/301/271 
f 2368/300/270 2369/301/270 2404/336/270 2365/297/270 
f 2364/296/270 2365/297/270 2404/336/270 2361/293/270 
f 2360/292/270 2361/293/270 2404/336/270 2357/289/270 
f 2405/285/21 2357/286/21 2404/287/21 2406/288/21 
f 2407/289/103 2408/337/103 2409/338/103 2410/339/103 
f 2409/338/43 2411/340/43 2412/341/43 2413/342/43 
f 2412/341/43 2414/301/43 2413/342/43 
f 2413/342/43 2415/343/43 2358/344/43 2405/313/43 
f 2358/344/43 2357/345/43 2405/313/43 
f 2413/342/43 2405/313/43 2416/346/43 2417/347/43 
f 2413/342/49 2417/347/49 2418/348/49 2419/349/49 
f 2413/342/43 2419/349/43 2420/325/43 2409/338/43 
f 2409/338/43 2420/325/43 2421/350/43 2422/351/43 
f 2409/338/43 2422/351/43 2410/339/43 
f 2407/289/103 2410/339/103 2423/352/103 
f 2359/285/273 2358/286/273 2415/287/273 2424/288/273 
f 2361/285/18 2360/286/18 2425/287/18 2426/288/18 
f 2427/337/103 2428/338/103 2429/340/103 2430/352/103 
f 2429/340/43 2431/341/43 2432/301/43 2433/351/43 
f 2432/301/49 2434/342/49 2435/343/49 2436/325/49 
f 2435/343/43 2437/344/43 2362/345/43 2438/347/43 
f 2362/345/43 2361/313/43 2426/346/43 2438/347/43 
f 2435/343/43 2438/347/43 2439/348/43 2440/349/43 
f 2435/343/43 2440/349/43 2436/325/43 
f 2432/301/49 2436/325/49 2441/350/49 2433/351/49 
f 2429/340/103 2433/351/103 2442/339/103 2430/352/103 
f 2443/289/43 2427/337/43 2430/352/43 
f 2363/285/273 2362/286/273 2437/287/273 2444/288/273 
f 2365/285/15 2364/286/15 2445/287/15 2446/288/15 
f 2367/285/274 2366/286/274 2447/287/274 2448/288/274 
f 2368/289/47 2367/337/47 2448/338/47 2449/351/47 
f 2448/338/47 2450/340/47 2451/341/47 2452/350/47 
f 2451/341/70 2453/301/70 2454/342/70 2455/349/70 
f 2454/342/69 2456/343/69 2457/344/69 2458/346/69 
f 2457/344/47 2459/345/47 2460/313/47 2458/346/47 
f 2454/342/47 2458/346/47 2461/347/47 2462/348/47 
f 2454/342/70 2462/348/70 2455/349/70 
f 2451/341/47 2455/349/47 2463/325/47 2452/350/47 
f 2448/338/47 2452/350/47 2449/351/47 
f 2368/289/47 2449/351/47 2464/339/47 2465/352/47 
f 2369/285/18 2368/286/18 2465/287/18 2466/288/18 
f 2371/285/273 2370/286/273 2467/287/273 2468/288/273 
f 2373/285/18 2372/286/18 2469/287/18 2470/288/18 
f 2375/285/275 2374/286/275 2471/287/275 2472/288/275 
f 2377/285/18 2376/286/18 2473/287/18 2474/288/18 
f 2379/285/275 2378/286/275 2475/287/275 2476/288/275 
f 2381/285/18 2380/286/18 2477/287/18 2478/288/18 
f 2383/285/275 2382/286/275 2479/287/275 2480/288/275 
f 2384/289/47 2383/337/47 2480/338/47 2481/351/47 
f 2480/338/47 2482/340/47 2483/341/47 2484/350/47 
f 2483/341/47 2485/301/47 2486/342/47 2487/349/47 
f 2486/342/47 2488/343/47 2489/344/47 2490/346/47 
f 2489/344/70 2491/345/70 2492/313/70 2490/346/70 
f 2486/342/47 2490/346/47 2493/347/47 2494/348/47 
f 2486/342/47 2494/348/47 2487/349/47 
f 2483/341/47 2487/349/47 2495/325/47 2484/350/47 
f 2480/338/47 2484/350/47 2481/351/47 
f 2384/289/47 2481/351/47 2496/339/47 2497/352/47 
f 2385/285/18 2384/286/18 2497/287/18 2498/288/18 
f 2499/337/49 2500/338/49 2501/340/49 2502/352/49 
f 2501/340/43 2503/341/43 2504/301/43 2505/351/43 
f 2504/301/43 2506/342/43 2507/343/43 2508/325/43 
f 2507/343/43 2509/344/43 2386/345/43 2510/347/43 
f 2386/345/43 2385/313/43 2498/346/43 2510/347/43 
f 2507/343/43 2510/347/43 2511/348/43 2512/349/43 
f 2507/343/43 2512/349/43 2508/325/43 
f 2504/301/43 2508/325/43 2513/350/43 2505/351/43 
f 2501/340/43 2505/351/43 2514/339/43 2502/352/43 
f 2515/289/49 2499/337/49 2502/352/49 
f 2387/285/273 2386/286/273 2509/287/273 2516/288/273 
f 2388/289/47 2387/337/47 2516/338/47 2517/351/47 
f 2516/338/47 2518/340/47 2519/341/47 2520/350/47 
f 2519/341/47 2521/301/47 2522/342/47 2523/349/47 
f 2522/342/47 2524/343/47 2525/344/47 2526/346/47 
f 2525/344/70 2527/345/70 2528/313/70 2526/346/70 
f 2522/342/47 2526/346/47 2529/347/47 2530/348/47 
f 2522/342/47 2530/348/47 2523/349/47 
f 2519/341/47 2523/349/47 2531/325/47 2520/350/47 
f 2516/338/47 2520/350/47 2517/351/47 
f 2388/289/69 2517/351/69 2532/339/69 2533/352/69 
f 2389/285/18 2388/286/18 2533/287/18 2534/288/18 
f 2391/285/275 2390/286/275 2535/287/275 2536/288/275 
f 2392/289/47 2391/337/47 2536/338/47 2537/351/47 
f 2536/338/47 2538/340/47 2539/341/47 2540/350/47 
f 2539/341/70 2541/301/70 2542/342/70 2543/349/70 
f 2542/342/47 2544/343/47 2545/344/47 2546/346/47 
f 2545/344/70 2547/345/70 2548/313/70 2546/346/70 
f 2542/342/47 2546/346/47 2549/347/47 2550/348/47 
f 2542/342/70 2550/348/70 2543/349/70 
f 2539/341/47 2543/349/47 2551/325/47 2540/350/47 
f 2536/338/47 2540/350/47 2537/351/47 
f 2392/289/47 2537/351/47 2552/339/47 2553/352/47 
f 2393/285/15 2392/286/15 2553/287/15 2554/288/15 
f 2555/337/49 2556/338/49 2557/340/49 2558/352/49 
f 2557/340/43 2559/341/43 2560/301/43 2561/351/43 
f 2560/301/43 2562/342/43 2563/343/43 2564/325/43 
f 2563/343/43 2565/344/43 2394/345/43 2566/347/43 
f 2394/345/43 2393/313/43 2554/346/43 2566/347/43 
f 2563/343/43 2566/347/43 2567/348/43 2568/349/43 
f 2563/343/43 2568/349/43 2564/325/43 
f 2560/301/43 2564/325/43 2569/350/43 2561/351/43 
f 2557/340/43 2561/351/43 2570/339/43 2558/352/43 
f 2571/289/49 2555/337/49 2558/352/49 
f 2395/285/273 2394/286/273 2565/287/273 2572/288/273 
f 2397/285/18 2396/286/18 2573/287/18 2574/288/18 
f 2399/285/275 2398/286/275 2575/287/275 2576/288/275 
f 2401/285/18 2400/286/18 2577/287/18 2578/288/18 
f 2579/337/43 2580/338/43 2581/340/43 2582/352/43 
f 2581/340/43 2583/341/43 2584/301/43 2585/351/43 
f 2584/301/49 2586/342/49 2587/343/49 2588/325/49 
f 2587/343/50 2589/344/50 2402/345/50 2590/347/50 
f 2402/345/43 2401/313/43 2578/346/43 2590/347/43 
f 2587/343/43 2590/347/43 2591/348/43 2592/349/43 
f 2587/343/43 2592/349/43 2588/325/43 
f 2584/301/49 2588/325/49 2593/350/49 2585/351/49 
f 2581/340/103 2585/351/103 2594/339/103 2582/352/103 
f 2595/289/49 2579/337/49 2582/352/49 
f 2403/285/274 2402/286/274 2589/287/274 2596/288/274 
f 2597/344/47 2406/345/47 2404/313/47 2598/343/47 
f 2404/313/47 2403/346/47 2596/347/47 2599/349/47 
f 2596/347/69 2600/348/69 2599/349/69 
f 2598/343/69 2404/313/69 2599/349/69 2601/342/69 
f 2602/301/153 2601/342/153 2599/349/153 2603/341/153 
f 2604/340/69 2603/341/69 2599/349/69 2605/339/69 
f 2599/349/47 2606/325/47 2607/350/47 2605/339/47 
f 2607/350/69 2608/351/69 2605/339/69 
f 2609/338/47 2604/340/47 2605/339/47 2610/337/47 
f 2611/289/47 2610/337/47 2605/339/47 2612/352/47 
f 2416/285/276 2405/286/276 2406/287/276 2597/288/276 
f 2613/292/277 2614/293/277 2615/294/277 2616/295/277 
f 2617/296/278 2618/297/278 2556/298/278 2555/299/278 
f 2547/300/278 2545/301/278 2619/302/278 2620/303/278 
f 2527/304/278 2525/305/278 2500/306/278 2499/307/278 
f 2491/308/277 2489/309/277 2621/310/277 2622/311/277 
f 2623/312/277 2624/313/277 2625/314/277 2626/315/277 
f 2627/316/279 2628/317/279 2629/318/279 2630/319/279 
f 2631/320/278 2632/321/278 2633/322/278 2634/323/278 
f 2459/324/277 2457/325/277 2635/326/277 2636/327/277 
f 2637/328/277 2638/329/277 2428/330/277 2427/331/277 
f 2639/332/277 2640/333/277 2408/334/277 2407/335/277 
f 2427/331/277 2639/332/277 2407/335/277 2637/328/277 
f 2636/327/277 2637/328/277 2407/335/277 2459/324/277 
f 2634/323/278 2459/324/278 2407/335/278 2631/320/278 
f 2630/319/280 2631/320/280 2407/335/280 2627/316/280 
f 2626/315/281 2627/316/281 2407/335/281 2623/312/281 
f 2622/311/277 2623/312/277 2407/335/277 2491/308/277 
f 2499/307/278 2491/308/278 2407/335/278 2527/304/278 
f 2620/303/277 2527/304/277 2407/335/277 2547/300/277 
f 2555/299/278 2547/300/278 2407/335/278 2617/296/278 
f 2616/295/277 2617/296/277 2407/335/277 2613/292/277 
f 2579/291/277 2613/292/277 2407/335/277 2612/336/277 
f 2580/290/278 2579/291/278 2612/336/278 2605/289/278 
f 2641/285/282 2409/286/282 2408/287/282 2640/288/282 
f 2642/285/283 2411/286/283 2409/287/283 2641/288/283 
f 2643/285/284 2412/286/284 2411/287/284 2642/288/284 
f 2644/285/285 2414/286/285 2412/287/285 2643/288/285 
f 2645/285/286 2413/286/286 2414/287/286 2644/288/286 
f 2424/285/287 2415/286/287 2413/287/287 2645/288/287 
f 2597/285/288 2598/286/288 2417/287/288 2416/288/288 
f 2598/285/289 2601/286/289 2418/287/289 2417/288/289 
f 2601/285/290 2602/286/290 2419/287/290 2418/288/290 
f 2602/285/291 2603/286/291 2420/287/291 2419/288/291 
f 2603/285/292 2604/286/292 2421/287/292 2420/288/292 
f 2604/285/293 2609/286/293 2422/287/293 2421/288/293 
f 2609/285/294 2610/286/294 2410/287/294 2422/288/294 
f 2610/285/295 2611/286/295 2423/287/295 2410/288/295 
f 2360/337/47 2359/338/47 2424/340/47 2646/339/47 
f 2424/340/47 2645/341/47 2644/301/47 2647/351/47 
f 2644/301/47 2643/342/47 2642/343/47 2648/325/47 
f 2642/343/47 2641/344/47 2640/345/47 2649/347/47 
f 2640/345/47 2639/313/47 2650/346/47 2649/347/47 
f 2642/343/47 2649/347/47 2651/348/47 2652/349/47 
f 2642/343/47 2652/349/47 2648/325/47 
f 2644/301/47 2648/325/47 2653/350/47 2647/351/47 
f 2424/340/47 2647/351/47 2646/339/47 
f 2360/337/47 2646/339/47 2654/352/47 2425/289/47 
f 2426/353/270 2425/354/270 2654/355/270 2438/356/270 
f 2430/353/277 2649/354/277 2650/355/277 2443/356/277 
f 2639/285/44 2427/286/44 2443/287/44 2650/288/44 
f 2655/285/296 2429/286/296 2428/287/296 2638/288/296 
f 2656/285/297 2431/286/297 2429/287/297 2655/288/297 
f 2657/285/298 2432/286/298 2431/287/298 2656/288/298 
f 2658/285/299 2434/286/299 2432/287/299 2657/288/299 
f 2659/285/300 2435/286/300 2434/287/300 2658/288/300 
f 2444/285/301 2437/286/301 2435/287/301 2659/288/301 
f 2438/353/275 2654/354/275 2646/355/275 2439/356/275 
f 2439/353/287 2646/354/287 2647/355/287 2440/356/287 
f 2440/353/300 2647/354/300 2653/355/300 2436/356/300 
f 2436/353/302 2653/354/302 2648/355/302 2441/356/302 
f 2441/353/298 2648/354/298 2652/355/298 2433/356/298 
f 2433/353/297 2652/354/297 2651/355/297 2442/356/297 
f 2442/353/296 2651/354/296 2649/355/296 2430/356/296 
f 2364/337/47 2363/338/47 2444/340/47 2660/339/47 
f 2444/340/47 2659/341/47 2658/301/47 2661/351/47 
f 2658/301/47 2657/342/47 2656/343/47 2662/325/47 
f 2656/343/47 2655/344/47 2638/345/47 2663/347/47 
f 2638/345/47 2637/313/47 2664/346/47 2663/347/47 
f 2656/343/47 2663/347/47 2665/348/47 2666/349/47 
f 2656/343/47 2666/349/47 2662/325/47 
f 2658/301/47 2662/325/47 2667/350/47 2661/351/47 
f 2444/340/47 2661/351/47 2660/339/47 
f 2364/337/47 2660/339/47 2668/352/47 2445/289/47 
f 2669/342/43 2670/343/43 2636/344/43 2671/313/43 
f 2636/344/50 2635/345/50 2671/313/50 
f 2672/301/103 2669/342/103 2671/313/103 2673/341/103 
f 2671/313/43 2674/346/43 2675/347/43 2673/341/43 
f 2676/340/49 2673/341/49 2675/347/49 2677/338/49 
f 2675/347/49 2678/348/49 2679/349/49 2677/338/49 
f 2680/337/43 2677/338/43 2679/349/43 2681/289/43 
f 2679/349/43 2447/325/43 2366/350/43 2682/352/43 
f 2366/350/43 2365/351/43 2446/339/43 2682/352/43 
f 2681/289/43 2679/349/43 2682/352/43 
f 2446/353/270 2445/354/270 2668/355/270 2682/356/270 
f 2448/285/301 2447/286/301 2679/287/301 2450/288/301 
f 2450/285/286 2679/286/286 2678/287/286 2451/288/286 
f 2451/285/285 2678/286/285 2675/287/285 2453/288/285 
f 2453/285/284 2675/286/284 2674/287/284 2454/288/284 
f 2454/285/297 2674/286/297 2671/287/297 2456/288/297 
f 2456/285/282 2671/286/282 2635/287/282 2457/288/282 
f 2459/285/44 2634/286/44 2683/287/44 2460/288/44 
f 2684/353/278 2458/354/278 2460/355/278 2683/356/278 
f 2685/353/296 2461/354/296 2458/355/296 2684/356/296 
f 2686/353/297 2462/354/297 2461/355/297 2685/356/297 
f 2687/353/298 2455/354/298 2462/355/298 2686/356/298 
f 2688/353/299 2463/354/299 2455/355/299 2687/356/299 
f 2689/353/300 2452/354/300 2463/355/300 2688/356/300 
f 2690/353/287 2449/354/287 2452/355/287 2689/356/287 
f 2691/353/273 2464/354/273 2449/355/273 2690/356/273 
f 2466/353/271 2465/354/271 2464/355/271 2691/356/271 
f 2684/341/50 2683/301/50 2634/342/50 2692/344/50 
f 2634/342/50 2633/343/50 2692/344/50 
f 2685/340/303 2684/341/303 2692/344/303 2686/338/303 
f 2692/344/303 2693/345/303 2694/313/303 2686/338/303 
f 2687/337/50 2686/338/50 2694/313/50 2688/289/50 
f 2694/313/50 2695/346/50 2696/347/50 2688/289/50 
f 2696/347/43 2467/348/43 2370/349/43 2691/351/43 
f 2370/349/43 2369/325/43 2466/350/43 2691/351/43 
f 2696/347/304 2691/351/304 2690/339/304 2689/352/304 
f 2688/289/50 2696/347/50 2689/352/50 
f 2468/285/287 2467/286/287 2696/287/287 2697/288/287 
f 2372/337/69 2371/338/69 2468/340/69 2698/339/69 
f 2468/340/153 2697/341/153 2699/301/153 2700/351/153 
f 2699/301/47 2701/342/47 2702/343/47 2703/325/47 
f 2702/343/47 2704/344/47 2632/345/47 2705/347/47 
f 2632/345/47 2631/313/47 2706/346/47 2705/347/47 
f 2702/343/305 2705/347/305 2707/348/305 2708/349/305 
f 2702/343/47 2708/349/47 2703/325/47 
f 2699/301/47 2703/325/47 2709/350/47 2700/351/47 
f 2468/340/69 2700/351/69 2698/339/69 
f 2372/337/47 2698/339/47 2710/352/47 2469/289/47 
f 2470/353/270 2469/354/270 2710/355/270 2711/356/270 
f 2712/337/47 2473/338/47 2376/340/47 2713/289/47 
f 2376/340/69 2375/341/69 2472/301/69 2713/289/69 
f 2472/301/153 2714/342/153 2715/343/153 2716/352/153 
f 2715/343/47 2717/344/47 2718/345/47 2719/351/47 
f 2718/345/47 2720/313/47 2628/346/47 2721/349/47 
f 2628/346/47 2627/347/47 2722/348/47 2721/349/47 
f 2718/345/47 2721/349/47 2723/325/47 2724/350/47 
f 2718/345/47 2724/350/47 2719/351/47 
f 2715/343/47 2719/351/47 2725/339/47 2716/352/47 
f 2713/289/47 2472/301/47 2716/352/47 
f 2472/285/301 2471/286/301 2726/287/301 2714/288/301 
f 2474/353/270 2473/354/270 2712/355/270 2727/356/270 
f 2476/285/301 2475/286/301 2728/287/301 2729/288/301 
f 2380/337/306 2379/338/306 2476/340/306 2730/339/306 
f 2476/340/47 2729/341/47 2731/301/47 2732/351/47 
f 2731/301/47 2733/342/47 2734/343/47 2735/325/47 
f 2734/343/47 2736/344/47 2624/345/47 2737/347/47 
f 2624/345/47 2623/313/47 2738/346/47 2737/347/47 
f 2734/343/305 2737/347/305 2739/348/305 2740/349/305 
f 2734/343/305 2740/349/305 2735/325/305 
f 2731/301/47 2735/325/47 2741/350/47 2732/351/47 
f 2476/340/69 2732/351/69 2730/339/69 
f 2380/337/47 2730/339/47 2742/352/47 2477/289/47 
f 2478/353/270 2477/354/270 2742/355/270 2743/356/270 
f 2480/285/301 2479/286/301 2744/287/301 2482/288/301 
f 2482/285/286 2744/286/286 2745/287/286 2483/288/286 
f 2483/285/285 2745/286/285 2746/287/285 2485/288/285 
f 2485/285/298 2746/286/298 2747/287/298 2486/288/298 
f 2486/285/297 2747/286/297 2748/287/297 2488/288/297 
f 2488/285/282 2748/286/282 2621/287/282 2489/288/282 
f 2491/285/44 2499/286/44 2515/287/44 2492/288/44 
f 2502/353/278 2490/354/278 2492/355/278 2515/356/278 
f 2514/353/296 2493/354/296 2490/355/296 2502/356/296 
f 2505/353/297 2494/354/297 2493/355/297 2514/356/297 
f 2513/353/298 2487/354/298 2494/355/298 2505/356/298 
f 2508/353/302 2495/354/302 2487/355/302 2513/356/302 
f 2512/353/286 2484/354/286 2495/355/286 2508/356/286 
f 2511/353/287 2481/354/287 2484/355/287 2512/356/287 
f 2510/353/307 2496/354/307 2481/355/307 2511/356/307 
f 2498/353/271 2497/354/271 2496/355/271 2510/356/271 
f 2524/285/296 2501/286/296 2500/287/296 2525/288/296 
f 2522/285/297 2503/286/297 2501/287/297 2524/288/297 
f 2521/285/298 2504/286/298 2503/287/298 2522/288/298 
f 2519/285/302 2506/286/302 2504/287/302 2521/288/302 
f 2518/285/286 2507/286/286 2506/287/286 2519/288/286 
f 2516/285/301 2509/286/301 2507/287/301 2518/288/301 
f 2527/285/44 2620/286/44 2749/287/44 2528/288/44 
f 2750/353/278 2526/354/278 2528/355/278 2749/356/278 
f 2751/353/296 2529/354/296 2526/355/296 2750/356/296 
f 2752/353/297 2530/354/297 2529/355/297 2751/356/297 
f 2753/353/298 2523/354/298 2530/355/298 2752/356/298 
f 2754/353/299 2531/354/299 2523/355/299 2753/356/299 
f 2755/353/286 2520/354/286 2531/355/286 2754/356/286 
f 2756/353/301 2517/354/301 2520/355/301 2755/356/301 
f 2757/353/274 2532/354/274 2517/355/274 2756/356/274 
f 2534/353/270 2533/354/270 2532/355/270 2757/356/270 
f 2750/344/49 2749/345/49 2620/313/49 2758/347/49 
f 2620/313/50 2619/346/50 2758/347/50 
f 2751/343/43 2750/344/43 2758/347/43 2752/342/43 
f 2758/347/43 2759/348/43 2760/349/43 2752/342/43 
f 2753/301/43 2752/342/43 2760/349/43 2754/341/43 
f 2760/349/49 2761/325/49 2762/350/49 2754/341/49 
f 2755/340/49 2754/341/49 2762/350/49 2756/338/49 
f 2757/337/43 2756/338/43 2762/350/43 2390/339/43 
f 2762/350/43 2535/351/43 2390/339/43 
f 2534/289/43 2757/337/43 2390/339/43 2389/352/43 
f 2536/285/301 2535/286/301 2762/287/301 2538/288/301 
f 2538/285/300 2762/286/300 2761/287/300 2539/288/300 
f 2539/285/302 2761/286/302 2760/287/302 2541/288/302 
f 2541/285/284 2760/286/284 2759/287/284 2542/288/284 
f 2542/285/283 2759/286/283 2758/287/283 2544/288/283 
f 2544/285/282 2758/286/282 2619/287/282 2545/288/282 
f 2547/285/44 2555/286/44 2571/287/44 2548/288/44 
f 2558/353/278 2546/354/278 2548/355/278 2571/356/278 
f 2570/353/296 2549/354/296 2546/355/296 2558/356/296 
f 2561/353/297 2550/354/297 2549/355/297 2570/356/297 
f 2569/353/298 2543/354/298 2550/355/298 2561/356/298 
f 2564/353/299 2551/354/299 2543/355/299 2569/356/299 
f 2568/353/300 2540/354/300 2551/355/300 2564/356/300 
f 2567/353/287 2537/354/287 2540/355/287 2568/356/287 
f 2566/353/307 2552/354/307 2537/355/307 2567/356/307 
f 2554/353/271 2553/354/271 2552/355/271 2566/356/271 
f 2763/285/296 2557/286/296 2556/287/296 2618/288/296 
f 2764/285/297 2559/286/297 2557/287/297 2763/288/297 
f 2765/285/298 2560/286/298 2559/287/298 2764/288/298 
f 2766/285/302 2562/286/302 2560/287/302 2765/288/302 
f 2767/285/300 2563/286/300 2562/287/300 2766/288/300 
f 2572/285/301 2565/286/301 2563/287/301 2767/288/301 
f 2767/289/70 2766/337/70 2765/338/70 2768/347/70 
f 2765/338/47 2764/340/47 2763/341/47 2769/345/47 
f 2763/341/47 2618/301/47 2617/342/47 2770/344/47 
f 2617/342/153 2771/343/153 2770/344/153 
f 2763/341/47 2770/344/47 2769/345/47 
f 2765/338/47 2769/345/47 2772/313/47 2773/346/47 
f 2765/338/70 2773/346/70 2768/347/70 
f 2767/289/47 2768/347/47 2774/348/47 2775/349/47 
f 2776/325/47 2573/350/47 2396/351/47 2775/349/47 
f 2767/289/47 2775/349/47 2396/351/47 2395/339/47 
f 2767/289/47 2395/339/47 2572/352/47 
f 2574/353/270 2573/354/270 2776/355/270 2777/356/270 
f 2576/285/301 2575/286/301 2778/287/301 2779/288/301 
f 2578/353/271 2577/354/271 2780/355/271 2590/356/271 
f 2582/353/278 2781/354/278 2782/355/278 2595/356/278 
f 2613/285/44 2579/286/44 2595/287/44 2782/288/44 
f 2608/285/296 2581/286/296 2580/287/296 2605/288/296 
f 2607/285/283 2583/286/283 2581/287/283 2608/288/283 
f 2606/285/284 2584/286/284 2583/287/284 2607/288/284 
f 2599/285/285 2586/286/285 2584/287/285 2606/288/285 
f 2600/285/286 2587/286/286 2586/287/286 2599/288/286 
f 2596/285/301 2589/286/301 2587/287/301 2600/288/301 
f 2590/353/307 2780/354/307 2783/355/307 2591/356/307 
f 2591/353/287 2783/354/287 2784/355/287 2592/356/287 
f 2592/353/300 2784/354/300 2785/355/300 2588/356/300 
f 2588/353/302 2785/354/302 2786/355/302 2593/356/302 
f 2593/353/284 2786/354/284 2787/355/284 2585/356/284 
f 2585/353/297 2787/354/297 2788/355/297 2594/356/297 
f 2594/353/296 2788/354/296 2781/355/296 2582/356/296 
f 2789/285/296 2790/286/296 2615/287/296 2614/288/296 
f 2617/285/44 2616/286/44 2791/287/44 2771/288/44 
f 2623/285/44 2622/286/44 2792/287/44 2738/288/44 
f 2736/285/282 2793/286/282 2625/287/282 2624/288/282 
f 2794/289/50 2728/337/50 2475/338/50 2795/344/50 
f 2475/338/49 2378/340/49 2377/341/49 2727/342/49 
f 2377/341/43 2474/301/43 2727/342/43 
f 2475/338/43 2727/342/43 2796/343/43 2795/344/43 
f 2794/289/50 2795/344/50 2797/345/50 2798/313/50 
f 2799/348/50 2800/349/50 2626/325/50 2793/351/50 
f 2626/325/50 2625/350/50 2793/351/50 
f 2801/347/50 2799/348/50 2793/351/50 2802/346/50 
f 2802/346/50 2793/351/50 2803/339/50 2798/313/50 
f 2794/289/50 2798/313/50 2803/339/50 2804/352/50 
f 2627/285/44 2626/286/44 2800/287/44 2722/288/44 
f 2720/285/282 2805/286/282 2629/287/282 2628/288/282 
f 2630/289/49 2629/337/49 2805/338/49 2806/339/49 
f 2805/338/43 2807/340/43 2808/341/43 2809/350/43 
f 2808/341/43 2810/301/43 2726/342/43 2811/349/43 
f 2726/342/50 2471/343/50 2374/344/50 2711/346/50 
f 2374/344/50 2373/345/50 2470/313/50 2711/346/50 
f 2726/342/43 2711/346/43 2812/347/43 2813/348/43 
f 2726/342/43 2813/348/43 2811/349/43 
f 2808/341/43 2811/349/43 2814/325/43 2809/350/43 
f 2805/338/43 2809/350/43 2815/351/43 2806/339/43 
f 2630/289/49 2806/339/49 2816/352/49 
f 2631/285/44 2630/286/44 2816/287/44 2706/288/44 
f 2704/285/282 2692/286/282 2633/287/282 2632/288/282 
f 2637/285/44 2636/286/44 2670/287/44 2664/288/44 
f 2682/353/275 2668/354/275 2660/355/275 2681/356/275 
f 2697/285/300 2696/286/300 2695/287/300 2699/288/300 
f 2711/353/275 2710/354/275 2698/355/275 2812/356/275 
f 2714/285/286 2726/286/286 2810/287/286 2715/288/286 
f 2727/353/307 2712/354/307 2713/355/307 2796/356/307 
f 2729/285/286 2728/286/286 2794/287/286 2731/288/286 
f 2743/353/274 2742/354/274 2730/355/274 2817/356/274 
f 2746/289/50 2745/337/50 2744/338/50 2818/313/50 
f 2744/338/43 2479/340/43 2382/341/43 2743/343/43 
f 2382/341/43 2381/301/43 2478/342/43 2743/343/43 
f 2744/338/50 2743/343/50 2817/344/50 2819/345/50 
f 2744/338/50 2819/345/50 2818/313/50 
f 2746/289/50 2818/313/50 2820/346/50 2821/347/50 
f 2822/349/50 2792/325/50 2622/350/50 2748/339/50 
f 2622/350/50 2621/351/50 2748/339/50 
f 2823/348/50 2822/349/50 2748/339/50 2821/347/50 
f 2746/289/50 2821/347/50 2748/339/50 2747/352/50 
f 2777/353/274 2776/354/274 2775/355/274 2824/356/274 
f 2825/342/43 2791/343/43 2616/344/43 2790/313/43 
f 2616/344/50 2615/345/50 2790/313/50 
f 2826/301/103 2825/342/103 2790/313/103 2827/341/103 
f 2790/313/43 2828/346/43 2829/347/43 2827/341/43 
f 2830/340/49 2827/341/49 2829/347/49 2831/338/49 
f 2829/347/49 2832/348/49 2778/349/49 2831/338/49 
f 2833/337/43 2831/338/43 2778/349/43 2824/289/43 
f 2778/349/43 2575/325/43 2398/350/43 2777/352/43 
f 2398/350/43 2397/351/43 2574/339/43 2777/352/43 
f 2824/289/43 2778/349/43 2777/352/43 
f 2779/285/286 2778/286/286 2832/287/286 2834/288/286 
f 2780/338/47 2577/340/47 2400/341/47 2783/337/47 
f 2400/341/47 2399/301/47 2576/342/47 2783/337/47 
f 2784/289/47 2783/337/47 2576/342/47 2834/344/47 
f 2576/342/47 2779/343/47 2834/344/47 
f 2834/344/47 2835/345/47 2836/313/47 2786/339/47 
f 2836/313/47 2789/346/47 2614/347/47 2781/325/47 
f 2614/347/47 2613/348/47 2782/349/47 2781/325/47 
f 2836/313/47 2781/325/47 2788/350/47 2787/351/47 
f 2836/313/47 2787/351/47 2786/339/47 
f 2834/344/47 2786/339/47 2785/352/47 2784/289/47 
f 2836/285/297 2828/286/297 2790/287/297 2789/288/297 
f 2825/353/277 2770/354/277 2771/355/277 2791/356/277 
f 2822/353/278 2737/354/278 2738/355/278 2792/356/278 
f 2734/285/297 2803/286/297 2793/287/297 2736/288/297 
f 2799/353/278 2721/354/278 2722/355/278 2800/356/278 
f 2718/285/283 2807/286/283 2805/287/283 2720/288/283 
f 2806/353/278 2705/354/278 2706/355/278 2816/356/278 
f 2702/285/283 2693/286/283 2692/287/283 2704/288/283 
f 2669/353/278 2663/354/278 2664/355/278 2670/356/278 
f 2681/353/301 2660/354/301 2661/355/301 2680/356/301 
f 2812/353/301 2698/354/301 2700/355/301 2813/356/301 
f 2699/285/285 2695/286/285 2694/287/285 2701/288/285 
f 2796/353/287 2713/354/287 2716/355/287 2795/356/287 
f 2715/285/285 2810/286/285 2808/287/285 2717/288/285 
f 2817/353/301 2730/354/301 2732/355/301 2819/356/301 
f 2731/285/285 2794/286/285 2804/287/285 2733/288/285 
f 2824/353/301 2775/354/301 2774/355/301 2833/356/301 
f 2834/285/308 2832/286/308 2829/287/308 2835/288/308 
f 2835/285/284 2829/286/284 2828/287/284 2836/288/284 
f 2826/353/296 2769/354/296 2770/355/296 2825/356/296 
f 2823/353/296 2739/354/296 2737/355/296 2822/356/296 
f 2733/285/284 2804/286/284 2803/287/284 2734/288/284 
f 2801/353/296 2723/354/296 2721/355/296 2799/356/296 
f 2717/285/284 2808/286/284 2807/287/284 2718/288/284 
f 2815/353/296 2707/354/296 2705/355/296 2806/356/296 
f 2701/285/298 2694/286/298 2693/287/298 2702/288/298 
f 2672/353/296 2665/354/296 2663/355/296 2669/356/296 
f 2673/353/297 2666/354/297 2665/355/297 2672/356/297 
f 2676/353/298 2662/354/298 2666/355/298 2673/356/298 
f 2677/353/302 2667/354/302 2662/355/302 2676/356/302 
f 2680/353/286 2661/354/286 2667/355/286 2677/356/286 
f 2813/353/286 2700/354/286 2709/355/286 2811/356/286 
f 2795/353/300 2716/354/300 2725/355/300 2797/356/300 
f 2819/353/286 2732/354/286 2741/355/286 2818/356/286 
f 2818/353/302 2741/354/302 2735/355/302 2820/356/302 
f 2820/353/298 2735/354/298 2740/355/298 2821/356/298 
f 2821/353/297 2740/354/297 2739/355/297 2823/356/297 
f 2827/353/297 2772/354/297 2769/355/297 2826/356/297 
f 2830/353/298 2773/354/298 2772/355/298 2827/356/298 
f 2831/353/299 2768/354/299 2773/355/299 2830/356/299 
f 2833/353/286 2774/354/286 2768/355/286 2831/356/286 
f 2802/353/297 2724/354/297 2723/355/297 2801/356/297 
f 2809/353/297 2708/354/297 2707/355/297 2815/356/297 
f 2811/353/302 2709/354/302 2703/355/302 2814/356/302 
f 2797/353/302 2725/354/302 2719/355/302 2798/356/302 
f 2798/353/298 2719/354/298 2724/355/298 2802/356/298 
f 2814/353/298 2703/354/298 2708/355/298 2809/356/298 
f 2612/285/42 2407/286/42 2423/287/42 2611/288/42 
f 2837/285/117 2838/286/117 2839/287/117 2840/288/117 
f 2838/285/47 2841/286/47 2842/287/47 2839/288/47 
f 2841/285/309 2843/286/309 2844/287/309 2842/288/309 
f 2843/285/50 2837/286/50 2840/287/50 2844/288/50 
f 2840/285/21 2839/286/21 2842/287/21 2844/288/21 
f 2843/285/18 2841/286/18 2838/287/18 2837/288/18 
f 2845/357/47 2846/358/47 2847/359/47 2848/360/47 
f 2847/359/47 2849/361/47 2848/360/47 
f 2848/360/47 2850/362/47 2851/363/47 2852/364/47 
f 2851/363/47 2853/365/47 2852/364/47 
f 2852/364/47 2854/366/47 2855/367/47 2856/368/47 
f 2848/360/47 2852/364/47 2856/368/47 2857/369/47 
f 2848/360/47 2857/369/47 2858/370/47 2859/371/47 
f 2845/357/47 2848/360/47 2859/371/47 2860/372/47 
f 2845/357/47 2860/372/47 2861/373/47 
f 2862/374/310 2863/375/310 2846/358/310 2845/357/310 
f 2864/376/311 2847/359/311 2846/358/311 2863/375/311 
f 2865/377/312 2849/361/312 2847/359/312 2864/376/312 
f 2866/378/313 2848/360/313 2849/361/313 2865/377/313 
f 2867/379/314 2850/362/314 2848/360/314 2866/378/314 
f 2868/380/315 2851/363/315 2850/362/315 2867/379/315 
f 2869/381/316 2853/365/316 2851/363/316 2868/380/316 
f 2852/364/317 2853/365/317 2869/381/317 2870/382/317 
f 2871/383/43 2872/384/43 2870/382/43 2873/385/43 
f 2870/382/103 2869/381/103 2868/380/103 2866/378/103 
f 2868/380/103 2867/379/103 2866/378/103 
f 2873/385/49 2870/382/49 2866/378/49 2874/386/49 
f 2875/387/43 2874/386/43 2866/378/43 2876/388/43 
f 2866/378/43 2865/377/43 2864/376/43 2876/388/43 
f 2877/389/43 2876/388/43 2864/376/43 2878/390/43 
f 2878/390/43 2864/376/43 2863/375/43 2862/374/43 
f 2878/390/44 2862/374/44 2845/357/44 2861/373/44 
f 2852/364/24 2870/382/24 2872/384/24 2854/366/24 
f 2879/289/318 2880/391/318 2881/392/318 2882/291/318 
f 2883/393/319 2884/394/319 2885/293/319 2886/395/319 
f 2887/396/319 2888/295/319 2889/397/319 2890/398/319 
f 2891/297/319 2892/399/319 2893/400/319 2894/299/319 
f 2895/401/319 2896/402/319 2897/301/319 2898/403/319 
f 2899/404/319 2900/303/319 2901/405/319 2902/406/319 
f 2903/305/319 2904/407/319 2905/408/319 2906/307/319 
f 2907/409/319 2908/410/319 2909/309/319 2910/411/319 
f 2911/412/319 2912/311/319 2913/413/319 2914/414/319 
f 2915/313/319 2916/415/319 2917/416/319 2918/315/319 
f 2919/417/319 2920/418/319 2921/317/319 2922/419/319 
f 2923/420/319 2924/319/319 2925/421/319 2926/422/319 
f 2927/321/319 2928/423/319 2929/424/319 2930/323/319 
f 2931/425/319 2932/426/319 2933/325/319 2934/427/319 
f 2935/428/318 2936/327/318 2937/429/318 2938/430/318 
f 2939/329/319 2940/431/319 2941/432/319 2942/331/319 
f 2943/433/319 2944/434/319 2945/333/319 2946/435/319 
f 2947/436/318 2948/335/318 2949/437/318 2950/438/318 
f 2946/435/319 2947/436/319 2950/438/319 2943/433/319 
f 2942/331/319 2943/433/319 2950/438/319 2939/329/319 
f 2938/430/318 2939/329/318 2950/438/318 2935/428/318 
f 2934/427/319 2935/428/319 2950/438/319 2931/425/319 
f 2930/323/319 2931/425/319 2950/438/319 2927/321/319 
f 2926/422/319 2927/321/319 2950/438/319 2923/420/319 
f 2922/419/319 2923/420/319 2950/438/319 2919/417/319 
f 2918/315/319 2919/417/319 2950/438/319 2915/313/319 
f 2914/414/319 2915/313/319 2950/438/319 2911/412/319 
f 2910/411/319 2911/412/319 2950/438/319 2907/409/319 
f 2906/307/319 2907/409/319 2950/438/319 2903/305/319 
f 2902/406/319 2903/305/319 2950/438/319 2899/404/319 
f 2898/403/319 2899/404/319 2950/438/319 2895/401/319 
f 2894/299/319 2895/401/319 2950/438/319 2891/297/319 
f 2890/398/319 2891/297/319 2950/438/319 2887/396/319 
f 2886/395/319 2887/396/319 2950/438/319 2883/393/319 
f 2882/291/319 2883/393/319 2950/438/319 2879/289/319 
f 2951/285/22 2879/286/22 2950/287/22 2952/288/22 
f 2953/289/69 2846/337/69 2847/338/69 2860/339/69 
f 2847/338/47 2849/340/47 2848/341/47 2851/342/47 
f 2848/341/47 2850/301/47 2851/342/47 
f 2851/342/70 2853/343/70 2880/344/70 2951/313/70 
f 2880/344/69 2879/345/69 2951/313/69 
f 2851/342/153 2951/313/153 2954/346/153 2955/347/153 
f 2851/342/47 2955/347/47 2956/348/47 2856/349/47 
f 2851/342/47 2856/349/47 2857/325/47 2847/338/47 
f 2847/338/47 2857/325/47 2858/350/47 2859/351/47 
f 2847/338/47 2859/351/47 2860/339/47 
f 2953/289/153 2860/339/153 2957/352/153 
f 2881/285/320 2880/286/320 2853/287/320 2958/288/320 
f 2883/285/18 2882/286/18 2959/287/18 2960/288/18 
f 2885/285/321 2884/286/321 2961/287/321 2962/288/321 
f 2887/285/18 2886/286/18 2963/287/18 2964/288/18 
f 2889/285/321 2888/286/321 2965/287/321 2966/288/321 
f 2891/285/18 2890/286/18 2967/287/18 2968/288/18 
f 2893/285/320 2892/286/320 2969/287/320 2970/288/320 
f 2895/285/18 2894/286/18 2971/287/18 2972/288/18 
f 2897/285/320 2896/286/320 2973/287/320 2974/288/320 
f 2899/285/18 2898/286/18 2975/287/18 2976/288/18 
f 2901/285/321 2900/286/321 2977/287/321 2978/288/321 
f 2903/285/18 2902/286/18 2979/287/18 2980/288/18 
f 2905/285/321 2904/286/321 2981/287/321 2982/288/321 
f 2907/285/18 2906/286/18 2983/287/18 2984/288/18 
f 2909/285/321 2908/286/321 2985/287/321 2986/288/321 
f 2911/285/18 2910/286/18 2987/287/18 2988/288/18 
f 2989/337/69 2990/338/69 2991/340/69 2992/352/69 
f 2991/340/69 2993/341/69 2994/301/69 2995/351/69 
f 2996/343/47 2997/344/47 2912/345/47 2998/348/47 
f 2912/345/153 2911/313/153 2988/346/153 2999/347/153 
f 2912/345/47 2999/347/47 2998/348/47 
f 2996/343/69 2998/348/69 3000/349/69 3001/342/69 
f 3001/342/47 3000/349/47 3002/325/47 2994/301/47 
f 2994/301/47 3002/325/47 3003/350/47 2995/351/47 
f 2991/340/69 2995/351/69 3004/339/69 2992/352/69 
f 3005/289/153 2989/337/153 2992/352/153 
f 2913/285/321 2912/286/321 2997/287/321 3006/288/321 
f 2917/285/321 2916/286/321 3007/287/321 3008/288/321 
f 2918/289/43 2917/337/43 3008/338/43 3009/339/43 
f 3010/341/43 3011/301/43 3012/342/43 3013/349/43 
f 3012/342/43 3014/343/43 3015/344/43 3016/347/43 
f 3015/344/43 3017/345/43 3018/313/43 3019/346/43 
f 3015/344/43 3019/346/43 3016/347/43 
f 3012/342/43 3016/347/43 3020/348/43 3013/349/43 
f 3010/341/43 3013/349/43 3021/325/43 3022/340/43 
f 3022/340/43 3021/325/43 3023/350/43 3008/338/43 
f 3008/338/50 3023/350/50 3024/351/50 3009/339/50 
f 2918/289/103 3009/339/103 3025/352/103 
f 2919/285/18 2918/286/18 3025/287/18 3026/288/18 
f 3027/337/69 3028/338/69 3029/340/69 3030/352/69 
f 3029/340/69 3031/341/69 3032/301/69 3033/351/69 
f 3034/343/47 3035/344/47 2920/345/47 3036/348/47 
f 2920/345/47 2919/313/47 3026/346/47 3037/347/47 
f 2920/345/47 3037/347/47 3036/348/47 
f 3034/343/47 3036/348/47 3038/349/47 3039/342/47 
f 3039/342/47 3038/349/47 3040/325/47 3032/301/47 
f 3032/301/69 3040/325/69 3041/350/69 3033/351/69 
f 3029/340/69 3033/351/69 3042/339/69 3030/352/69 
f 3043/289/153 3027/337/153 3030/352/153 
f 2921/285/321 2920/286/321 3035/287/321 3044/288/321 
f 2922/289/43 2921/337/43 3044/338/43 3045/339/43 
f 3046/341/43 3047/301/43 3048/342/43 3049/349/43 
f 3048/342/43 3050/343/43 3051/344/43 3052/347/43 
f 3051/344/43 3053/345/43 3054/313/43 3055/346/43 
f 3051/344/43 3055/346/43 3052/347/43 
f 3048/342/43 3052/347/43 3056/348/43 3049/349/43 
f 3046/341/43 3049/349/43 3057/325/43 3058/340/43 
f 3058/340/43 3057/325/43 3059/350/43 3044/338/43 
f 3044/338/43 3059/350/43 3060/351/43 3045/339/43 
f 2922/289/43 3045/339/43 3061/352/43 
f 2923/285/18 2922/286/18 3061/287/18 3062/288/18 
f 3063/337/69 3064/338/69 3065/340/69 3066/352/69 
f 3065/340/47 3067/341/47 3068/301/47 3069/351/47 
f 3070/343/47 3071/344/47 2924/345/47 3072/348/47 
f 2924/345/47 2923/313/47 3062/346/47 3073/347/47 
f 2924/345/47 3073/347/47 3072/348/47 
f 3070/343/47 3072/348/47 3074/349/47 3075/342/47 
f 3075/342/69 3074/349/69 3076/325/69 3068/301/69 
f 3068/301/69 3076/325/69 3077/350/69 3069/351/69 
f 3065/340/47 3069/351/47 3078/339/47 3066/352/47 
f 3079/289/153 3063/337/153 3066/352/153 
f 2925/285/321 2924/286/321 3071/287/321 3080/288/321 
f 2927/285/18 2926/286/18 3081/287/18 3082/288/18 
f 3083/337/69 3084/338/69 3085/340/69 3086/352/69 
f 3085/340/47 3087/341/47 3088/301/47 3089/351/47 
f 3090/343/47 3091/344/47 2928/345/47 3092/348/47 
f 2928/345/70 2927/313/70 3082/346/70 3093/347/70 
f 2928/345/70 3093/347/70 3092/348/70 
f 3090/343/47 3092/348/47 3094/349/47 3095/342/47 
f 3095/342/47 3094/349/47 3096/325/47 3088/301/47 
f 3088/301/69 3096/325/69 3097/350/69 3089/351/69 
f 3085/340/69 3089/351/69 3098/339/69 3086/352/69 
f 3099/289/153 3083/337/153 3086/352/153 
f 2929/285/321 2928/286/321 3091/287/321 3100/288/321 
f 2930/289/49 2929/337/49 3100/338/49 3101/339/49 
f 3102/341/43 3103/301/43 3104/342/43 3105/349/43 
f 3104/342/43 3106/343/43 3107/344/43 3108/347/43 
f 3107/344/43 3109/345/43 3110/313/43 3111/346/43 
f 3107/344/43 3111/346/43 3108/347/43 
f 3104/342/43 3108/347/43 3112/348/43 3105/349/43 
f 3102/341/50 3105/349/50 3113/325/50 3114/340/50 
f 3114/340/50 3113/325/50 3115/350/50 3100/338/50 
f 3100/338/43 3115/350/43 3116/351/43 3101/339/43 
f 2930/289/43 3101/339/43 3117/352/43 
f 2931/285/18 2930/286/18 3117/287/18 3118/288/18 
f 2933/285/321 2932/286/321 3119/287/321 3120/288/321 
f 2935/285/15 2934/286/15 3121/287/15 3122/288/15 
f 2937/285/320 2936/286/320 3123/287/320 3124/288/320 
f 2939/285/18 2938/286/18 3125/287/18 3126/288/18 
f 2941/285/317 2940/286/317 3127/287/317 3128/288/317 
f 2943/285/18 2942/286/18 3129/287/18 3130/288/18 
f 2945/285/317 2944/286/317 3131/287/317 3132/288/317 
f 2946/289/43 2945/337/43 3132/338/43 3133/339/43 
f 3134/341/43 3135/301/43 3136/342/43 3137/349/43 
f 3136/342/43 3138/343/43 3139/344/43 3140/347/43 
f 3139/344/43 3141/345/43 3142/313/43 3143/346/43 
f 3139/344/43 3143/346/43 3140/347/43 
f 3136/342/43 3140/347/43 3144/348/43 3137/349/43 
f 3134/341/43 3137/349/43 3145/325/43 3146/340/43 
f 3146/340/43 3145/325/43 3147/350/43 3132/338/43 
f 3132/338/43 3147/350/43 3148/351/43 3133/339/43 
f 2946/289/43 3133/339/43 3149/352/43 
f 2947/285/18 2946/286/18 3149/287/18 3150/288/18 
f 3151/337/70 3152/338/70 3153/340/70 3154/352/70 
f 3153/340/47 3155/341/47 3156/301/47 3157/351/47 
f 3158/343/47 3159/344/47 2948/345/47 3160/348/47 
f 2948/345/47 2947/313/47 3150/346/47 3161/347/47 
f 2948/345/47 3161/347/47 3160/348/47 
f 3158/343/47 3160/348/47 3162/349/47 3163/342/47 
f 3163/342/47 3162/349/47 3164/325/47 3156/301/47 
f 3156/301/47 3164/325/47 3165/350/47 3157/351/47 
f 3153/340/47 3157/351/47 3166/339/47 3154/352/47 
f 3167/289/153 3151/337/153 3154/352/153 
f 2949/285/322 2948/286/322 3159/287/322 2869/288/322 
f 3168/289/43 3169/337/43 2877/338/43 2865/351/43 
f 3170/345/43 2952/313/43 2950/346/43 3171/344/43 
f 2950/346/43 2949/347/43 2869/348/43 2867/325/43 
f 2869/348/43 3172/349/43 2867/325/43 
f 3171/344/43 2950/346/43 2867/325/43 3173/343/43 
f 2873/342/43 3173/343/43 2867/325/43 3174/301/43 
f 2875/341/103 3174/301/103 2867/325/103 2865/351/103 
f 2867/325/49 2866/350/49 2865/351/49 
f 2876/340/43 2875/341/43 2865/351/43 2877/338/43 
f 3168/289/103 2865/351/103 2864/339/103 2863/352/103 
f 2954/285/323 2951/286/323 2952/287/323 3170/288/323 
f 3169/285/44 3168/286/44 2953/287/44 2957/288/44 
f 3141/291/310 3139/393/310 3175/394/310 3176/293/310 
f 3177/395/324 3178/396/324 3179/295/324 3180/397/324 
f 3181/398/324 3182/297/324 3183/399/324 3184/400/324 
f 3185/299/310 3186/401/310 3187/402/310 3188/301/310 
f 3109/403/310 3107/404/310 3084/303/310 3083/405/310 
f 3189/406/324 3190/305/324 3064/407/324 3063/408/324 
f 3053/307/324 3051/409/324 3028/410/324 3027/309/324 
f 3017/411/310 3015/412/310 3191/311/310 3192/413/310 
f 3193/414/310 3194/313/310 2990/415/310 2989/416/310 
f 3195/315/324 3196/417/324 3197/418/324 3198/317/324 
f 3199/419/324 3200/420/324 3201/319/324 3202/421/324 
f 3203/422/324 3204/321/324 3205/423/324 3206/424/324 
f 3207/323/310 3208/425/310 3209/426/310 3210/325/310 
f 3211/427/324 3212/428/324 3213/327/324 3214/429/324 
f 3215/430/324 3216/329/324 3217/431/324 3218/432/324 
f 3219/331/310 3220/433/310 3221/434/310 3222/333/310 
f 3223/435/310 3224/436/310 2846/335/310 2953/437/310 
f 3222/333/310 3223/435/310 2953/437/310 3219/331/310 
f 3218/432/324 3219/331/324 2953/437/324 3215/430/324 
f 3214/429/310 3215/430/310 2953/437/310 3211/427/310 
f 3210/325/310 3211/427/310 2953/437/310 3207/323/310 
f 3206/424/310 3207/323/310 2953/437/310 3203/422/310 
f 3202/421/310 3203/422/310 2953/437/310 3199/419/310 
f 3198/317/324 3199/419/324 2953/437/324 3195/315/324 
f 2989/416/310 3195/315/310 2953/437/310 3193/414/310 
f 3192/413/310 3193/414/310 2953/437/310 3017/411/310 
f 3027/309/324 3017/411/324 2953/437/324 3053/307/324 
f 3063/408/310 3053/307/310 2953/437/310 3189/406/310 
f 3083/405/310 3189/406/310 2953/437/310 3109/403/310 
f 3188/301/310 3109/403/310 2953/437/310 3185/299/310 
f 3184/400/324 3185/299/324 2953/437/324 3181/398/324 
f 3180/397/310 3181/398/310 2953/437/310 3177/395/310 
f 3176/293/310 3177/395/310 2953/437/310 3141/291/310 
f 3151/392/324 3141/291/324 2953/437/324 3168/438/324 
f 3152/391/324 3151/392/324 3168/438/324 2863/289/324 
f 3225/285/311 2847/286/311 2846/287/311 3224/288/311 
f 3226/285/312 2849/286/312 2847/287/312 3225/288/312 
f 3227/285/313 2848/286/313 2849/287/313 3226/288/313 
f 3228/285/325 2850/286/325 2848/287/325 3227/288/325 
f 3229/285/326 2851/286/326 2850/287/326 3228/288/326 
f 2958/285/327 2853/286/327 2851/287/327 3229/288/327 
f 3170/285/328 3171/286/328 2955/287/328 2954/288/328 
f 3171/285/329 3173/286/329 2956/287/329 2955/288/329 
f 3173/285/330 2873/286/330 2856/287/330 2956/288/330 
f 2873/285/331 3174/286/331 2857/287/331 2856/288/331 
f 3174/285/332 2875/286/332 2858/287/332 2857/288/332 
f 2875/285/333 2876/286/333 2859/287/333 2858/288/333 
f 2876/285/334 2877/286/334 2860/287/334 2859/288/334 
f 2877/285/335 3169/286/335 2957/287/335 2860/288/335 
f 2882/337/43 2881/338/43 2958/340/43 3230/352/43 
f 3228/301/43 3227/342/43 3226/343/43 3231/325/43 
f 3226/343/43 3225/344/43 3224/345/43 3232/348/43 
f 3224/345/49 3223/313/49 3233/346/49 3234/347/49 
f 3224/345/49 3234/347/49 3232/348/49 
f 3226/343/43 3232/348/43 3235/349/43 3231/325/43 
f 3228/301/43 3231/325/43 3236/350/43 3229/341/43 
f 3229/341/43 3236/350/43 3237/351/43 2958/340/43 
f 2958/340/43 3237/351/43 3238/339/43 3230/352/43 
f 2959/289/43 2882/337/43 3230/352/43 
f 2960/439/319 2959/440/319 3230/441/319 3239/442/319 
f 2962/285/316 2961/286/316 3240/287/316 3241/288/316 
f 2886/337/336 2885/338/336 2962/340/336 3242/352/336 
f 3243/301/337 3244/342/337 3245/343/337 3246/325/337 
f 3245/343/337 3247/344/337 3220/345/337 3248/348/337 
f 3220/345/49 3219/313/49 3249/346/49 3250/347/49 
f 3220/345/337 3250/347/337 3248/348/337 
f 3245/343/337 3248/348/337 3251/349/337 3246/325/337 
f 3243/301/49 3246/325/49 3252/350/49 3241/341/49 
f 3241/341/49 3252/350/49 3253/351/49 2962/340/49 
f 2962/340/103 3253/351/103 3254/339/103 3242/352/103 
f 2963/289/50 2886/337/50 3242/352/50 
f 3255/343/70 3256/344/70 3218/345/70 3257/346/70 
f 3218/345/70 3217/313/70 3257/346/70 
f 3258/342/70 3255/343/70 3257/346/70 3259/301/70 
f 3257/346/70 3260/347/70 3261/348/70 3259/301/70 
f 3262/341/70 3259/301/70 3261/348/70 3263/340/70 
f 3263/340/70 3261/348/70 3264/349/70 3265/338/70 
f 3265/338/69 3264/349/69 3266/325/69 3267/337/69 
f 3266/325/69 2965/350/69 2888/351/69 3267/337/69 
f 3268/289/153 3267/337/153 2888/351/153 2887/339/153 
f 3268/289/47 2887/339/47 2964/352/47 
f 2964/439/318 2963/440/318 3242/441/318 3268/442/318 
f 2966/285/316 2965/286/316 3266/287/316 3269/288/316 
f 3270/289/49 3216/337/49 3215/338/49 3271/341/49 
f 3215/338/103 3272/340/103 3271/341/103 
f 3270/289/49 3271/341/49 3273/301/49 3274/342/49 
f 3275/346/49 2967/347/49 2890/348/49 2966/325/49 
f 2890/348/103 2889/349/103 2966/325/103 
f 3276/313/43 3275/346/43 2966/325/43 3277/345/43 
f 3277/345/50 2966/325/50 3269/350/50 3278/344/50 
f 3278/344/49 3269/350/49 3279/351/49 3280/343/49 
f 3280/343/49 3279/351/49 3281/339/49 3274/342/49 
f 3270/289/49 3274/342/49 3281/339/49 3282/352/49 
f 2968/439/318 2967/440/318 3275/441/318 3283/442/318 
f 3284/343/70 3285/344/70 3214/345/70 3286/346/70 
f 3214/345/70 3213/313/70 3286/346/70 
f 3287/342/70 3284/343/70 3286/346/70 3288/301/70 
f 3286/346/70 3289/347/70 3290/348/70 3288/301/70 
f 3291/341/70 3288/301/70 3290/348/70 3292/340/70 
f 3292/340/70 3290/348/70 3293/349/70 3294/338/70 
f 3294/338/70 3293/349/70 3295/325/70 3296/337/70 
f 3295/325/69 2969/350/69 2892/351/69 3296/337/69 
f 3283/289/153 3296/337/153 2892/351/153 2891/339/153 
f 3283/289/47 2891/339/47 2968/352/47 
f 2970/285/327 2969/286/327 3295/287/327 3297/288/327 
f 2894/337/103 2893/338/103 2970/340/103 3298/352/103 
f 3299/301/49 3300/342/49 3301/343/49 3302/325/49 
f 3301/343/49 3303/344/49 3212/345/49 3304/348/49 
f 3212/345/49 3211/313/49 3305/346/49 3306/347/49 
f 3212/345/49 3306/347/49 3304/348/49 
f 3301/343/49 3304/348/49 3307/349/49 3302/325/49 
f 3299/301/49 3302/325/49 3308/350/49 3297/341/49 
f 3297/341/49 3308/350/49 3309/351/49 2970/340/49 
f 2970/340/50 3309/351/50 3310/339/50 3298/352/50 
f 2971/289/50 2894/337/50 3298/352/50 
f 2972/439/319 2971/440/319 3298/441/319 3311/442/319 
f 2974/285/327 2973/286/327 3312/287/327 3313/288/327 
f 2976/439/318 2975/440/318 3314/441/318 3315/442/318 
f 2978/285/316 2977/286/316 3316/287/316 3317/288/316 
f 2902/337/336 2901/338/336 2978/340/336 3318/352/336 
f 3319/301/49 3320/342/49 3321/343/49 3322/325/49 
f 3321/343/49 3323/344/49 3204/345/49 3324/348/49 
f 3204/345/49 3203/313/49 3325/346/49 3326/347/49 
f 3204/345/49 3326/347/49 3324/348/49 
f 3321/343/49 3324/348/49 3327/349/49 3322/325/49 
f 3319/301/49 3322/325/49 3328/350/49 3317/341/49 
f 3317/341/43 3328/350/43 3329/351/43 2978/340/43 
f 2978/340/103 3329/351/103 3330/339/103 3318/352/103 
f 2979/289/43 2902/337/43 3318/352/43 
f 2980/439/318 2979/440/318 3318/441/318 3331/442/318 
f 2904/337/153 2903/338/153 2980/340/153 3331/341/153 
f 2904/337/153 3331/341/153 3332/301/153 3333/352/153 
f 3334/346/70 3335/347/70 3202/348/70 3336/325/70 
f 3202/348/70 3201/349/70 3336/325/70 
f 3337/313/70 3334/346/70 3336/325/70 3338/345/70 
f 3336/325/70 3339/350/70 3340/351/70 3338/345/70 
f 3341/344/70 3338/345/70 3340/351/70 3342/343/70 
f 3342/343/70 3340/351/70 3343/339/70 3344/342/70 
f 3344/342/70 3343/339/70 3333/352/70 3332/301/70 
f 2981/289/70 2904/337/70 3333/352/70 
f 2982/285/316 2981/286/316 3333/287/316 3345/288/316 
f 2906/337/336 2905/338/336 2982/340/336 3346/352/336 
f 3347/301/49 3348/342/49 3349/343/49 3350/325/49 
f 3349/343/49 3351/344/49 3200/345/49 3352/348/49 
f 3200/345/49 3199/313/49 3353/346/49 3354/347/49 
f 3200/345/49 3354/347/49 3352/348/49 
f 3349/343/49 3352/348/49 3355/349/49 3350/325/49 
f 3347/301/49 3350/325/49 3356/350/49 3345/341/49 
f 3345/341/49 3356/350/49 3357/351/49 2982/340/49 
f 2982/340/103 3357/351/103 3358/339/103 3346/352/103 
f 2983/289/43 2906/337/43 3346/352/43 
f 2984/285/318 2983/286/318 3346/287/318 3359/288/318 
f 2986/285/316 2985/286/316 3360/287/316 3361/288/316 
f 2988/285/318 2987/286/318 3362/287/318 2999/288/318 
f 2992/439/310 3363/440/310 3364/441/310 3005/442/310 
f 3195/285/42 2989/286/42 3005/287/42 3364/288/42 
f 3365/285/311 2991/286/311 2990/287/311 3194/288/311 
f 3366/285/312 2993/286/312 2991/287/312 3365/288/312 
f 3367/285/313 2994/286/313 2993/287/313 3366/288/313 
f 3368/285/314 3001/286/314 2994/287/314 3367/288/314 
f 3369/285/315 2996/286/315 3001/287/315 3368/288/315 
f 3006/285/316 2997/286/316 2996/287/316 3369/288/316 
f 2999/285/320 3362/286/320 3370/287/320 2998/288/320 
f 2998/285/327 3370/286/327 3371/287/327 3000/288/327 
f 3000/285/326 3371/286/326 3372/287/326 3002/288/326 
f 3002/285/314 3372/286/314 3373/287/314 3003/288/314 
f 3003/285/338 3373/286/338 3374/287/338 2995/288/338 
f 2995/285/339 3374/286/339 3375/287/339 3004/288/339 
f 3004/285/340 3375/286/340 3363/287/340 2992/288/340 
f 3008/285/316 3007/286/316 3376/287/316 3022/288/316 
f 3022/285/315 3376/286/315 3377/287/315 3010/288/315 
f 3010/285/314 3377/286/314 3378/287/314 3011/288/314 
f 3011/285/313 3378/286/313 3379/287/313 3012/288/313 
f 3012/285/312 3379/286/312 3380/287/312 3014/288/312 
f 3014/285/311 3380/286/311 3191/287/311 3015/288/311 
f 3017/285/42 3027/286/42 3043/287/42 3018/288/42 
f 3030/439/310 3019/440/310 3018/441/310 3043/442/310 
f 3042/285/340 3016/286/340 3019/287/340 3030/288/340 
f 3033/285/339 3020/286/339 3016/287/339 3042/288/339 
f 3041/285/338 3013/286/338 3020/287/338 3033/288/338 
f 3040/285/341 3021/286/341 3013/287/341 3041/288/341 
f 3038/285/326 3023/286/326 3021/287/326 3040/288/326 
f 3036/285/327 3024/286/327 3023/287/327 3038/288/327 
f 3037/285/320 3009/286/320 3024/287/320 3036/288/320 
f 3026/285/318 3025/286/318 3009/287/318 3037/288/318 
f 3050/285/340 3029/286/340 3028/287/340 3051/288/340 
f 3048/285/339 3031/286/339 3029/287/339 3050/288/339 
f 3047/285/338 3032/286/338 3031/287/338 3048/288/338 
f 3046/285/341 3039/286/341 3032/287/341 3047/288/341 
f 3058/285/326 3034/286/326 3039/287/326 3046/288/326 
f 3044/285/316 3035/286/316 3034/287/316 3058/288/316 
f 3053/285/42 3063/286/42 3079/287/42 3054/288/42 
f 3066/439/310 3055/440/310 3054/441/310 3079/442/310 
f 3078/285/340 3052/286/340 3055/287/340 3066/288/340 
f 3069/285/339 3056/286/339 3052/287/339 3078/288/339 
f 3077/285/338 3049/286/338 3056/287/338 3069/288/338 
f 3076/285/314 3057/286/314 3049/287/314 3077/288/314 
f 3074/285/326 3059/286/326 3057/287/326 3076/288/326 
f 3072/285/327 3060/286/327 3059/287/327 3074/288/327 
f 3073/285/320 3045/286/320 3060/287/320 3072/288/320 
f 3062/285/318 3061/286/318 3045/287/318 3073/288/318 
f 3381/285/311 3065/286/311 3064/287/311 3190/288/311 
f 3382/285/312 3067/286/312 3065/287/312 3381/288/312 
f 3383/285/313 3068/286/313 3067/287/313 3382/288/313 
f 3384/285/325 3075/286/325 3068/287/325 3383/288/325 
f 3385/285/315 3070/286/315 3075/287/315 3384/288/315 
f 3080/285/316 3071/286/316 3070/287/316 3385/288/316 
f 3082/439/318 3081/440/318 3386/441/318 3093/442/318 
f 3086/439/310 3387/440/310 3388/441/310 3099/442/310 
f 3189/285/110 3083/286/110 3099/287/110 3388/288/110 
f 3106/285/311 3085/286/311 3084/287/311 3107/288/311 
f 3104/285/312 3087/286/312 3085/287/312 3106/288/312 
f 3103/285/313 3088/286/313 3087/287/313 3104/288/313 
f 3102/285/325 3095/286/325 3088/287/325 3103/288/325 
f 3114/285/315 3090/286/315 3095/287/315 3102/288/315 
f 3100/285/316 3091/286/316 3090/287/316 3114/288/316 
f 3093/439/320 3386/440/320 3389/441/320 3092/442/320 
f 3092/285/327 3389/286/327 3390/287/327 3094/288/327 
f 3094/285/315 3390/286/315 3391/287/315 3096/288/315 
f 3096/285/314 3391/286/314 3392/287/314 3097/288/314 
f 3097/285/338 3392/286/338 3393/287/338 3089/288/338 
f 3089/285/339 3393/286/339 3394/287/339 3098/288/339 
f 3098/285/340 3394/286/340 3387/287/340 3086/288/340 
f 3109/285/42 3188/286/42 3395/287/42 3110/288/42 
f 3396/439/310 3111/440/310 3110/441/310 3395/442/310 
f 3397/285/340 3108/286/340 3111/287/340 3396/288/340 
f 3398/285/339 3112/286/339 3108/287/339 3397/288/339 
f 3399/285/338 3105/286/338 3112/287/338 3398/288/338 
f 3400/285/341 3113/286/341 3105/287/341 3399/288/341 
f 3401/285/326 3115/286/326 3113/287/326 3400/288/326 
f 3402/285/327 3116/286/327 3115/287/327 3401/288/327 
f 3403/439/320 3101/440/320 3116/441/320 3402/442/320 
f 3118/439/318 3117/440/318 3101/441/318 3403/442/318 
f 3396/343/70 3395/344/70 3188/345/70 3404/346/70 
f 3188/345/153 3187/313/153 3404/346/153 
f 3397/342/47 3396/343/47 3404/346/47 3398/301/47 
f 3404/346/47 3405/347/47 3406/348/47 3398/301/47 
f 3399/341/47 3398/301/47 3406/348/47 3400/340/47 
f 3400/340/47 3406/348/47 3407/349/47 3401/338/47 
f 3401/338/47 3407/349/47 3408/325/47 3402/337/47 
f 3408/325/47 3119/350/47 2932/351/47 3402/337/47 
f 3403/289/70 3402/337/70 2932/351/70 2931/339/70 
f 3403/289/69 2931/339/69 3118/352/69 
f 3120/285/316 3119/286/316 3408/287/316 3409/288/316 
f 3122/439/319 3121/440/319 3410/441/319 3411/442/319 
f 3124/285/327 3123/286/327 3412/287/327 3413/288/327 
f 3414/344/342 3415/345/342 3180/313/342 3416/347/342 
f 3180/313/153 3179/346/153 3416/347/153 
f 3417/343/343 3414/344/343 3416/347/343 3418/342/343 
f 3416/347/343 3419/348/343 3420/349/343 3418/342/343 
f 3421/301/343 3418/342/343 3420/349/343 3422/341/343 
f 3422/341/344 3420/349/344 3423/325/344 3424/340/344 
f 3424/340/344 3423/325/344 3425/350/344 3426/338/344 
f 3425/350/69 3127/351/69 2940/339/69 3426/338/69 
f 3427/337/345 3426/338/345 2940/339/345 3126/289/345 
f 3126/289/47 2940/339/47 2939/352/47 
f 3126/439/318 3125/440/318 3428/441/318 3427/442/318 
f 3128/285/316 3127/286/316 3425/287/316 3429/288/316 
f 2942/337/43 2941/338/43 3128/340/43 3430/352/43 
f 3431/301/43 3432/342/43 3433/343/43 3434/325/43 
f 3433/343/43 3435/344/43 3178/345/43 3436/348/43 
f 3178/345/49 3177/313/49 3437/346/49 3438/347/49 
f 3178/345/49 3438/347/49 3436/348/49 
f 3433/343/43 3436/348/43 3439/349/43 3434/325/43 
f 3431/301/43 3434/325/43 3440/350/43 3429/341/43 
f 3429/341/43 3440/350/43 3441/351/43 3128/340/43 
f 3128/340/43 3441/351/43 3442/339/43 3430/352/43 
f 3129/289/43 2942/337/43 3430/352/43 
f 3130/439/318 3129/440/318 3430/441/318 3443/442/318 
f 3132/285/316 3131/286/316 3444/287/316 3146/288/316 
f 3146/285/326 3444/286/326 3445/287/326 3134/288/326 
f 3134/285/341 3445/286/341 3446/287/341 3135/288/341 
f 3135/285/338 3446/286/338 3447/287/338 3136/288/338 
f 3136/285/339 3447/286/339 3448/287/339 3138/288/339 
f 3138/285/340 3448/286/340 3175/287/340 3139/288/340 
f 3141/285/42 3151/286/42 3167/287/42 3142/288/42 
f 3154/439/310 3143/440/310 3142/441/310 3167/442/310 
f 3166/285/340 3140/286/340 3143/287/340 3154/288/340 
f 3157/285/339 3144/286/339 3140/287/339 3166/288/339 
f 3165/285/338 3137/286/338 3144/287/338 3157/288/338 
f 3164/285/314 3145/286/314 3137/287/314 3165/288/314 
f 3162/285/326 3147/286/326 3145/287/326 3164/288/326 
f 3160/285/327 3148/286/327 3147/287/327 3162/288/327 
f 3161/439/320 3133/440/320 3148/441/320 3160/442/320 
f 3150/439/318 3149/440/318 3133/441/318 3161/442/318 
f 2864/285/311 3153/286/311 3152/287/311 2863/288/311 
f 2865/285/312 3155/286/312 3153/287/312 2864/288/312 
f 2866/285/313 3156/286/313 3155/287/313 2865/288/313 
f 2867/285/314 3163/286/314 3156/287/314 2866/288/314 
f 3172/285/326 3158/286/326 3163/287/326 2867/288/326 
f 2869/285/327 3159/286/327 3158/287/327 3172/288/327 
f 3177/285/42 3176/286/42 3449/287/42 3437/288/42 
f 3435/285/311 3416/286/311 3179/287/311 3178/288/311 
f 3181/285/42 3180/286/42 3415/287/42 3450/288/42 
f 3451/285/311 3452/286/311 3183/287/311 3182/288/311 
f 3185/285/42 3184/286/42 3453/287/42 3454/288/42 
f 3455/285/340 3404/286/340 3187/287/340 3186/288/340 
f 3456/285/340 3457/286/340 3197/287/340 3196/288/340 
f 3199/285/42 3198/286/42 3458/287/42 3353/288/42 
f 3351/285/311 3336/286/311 3201/287/311 3200/288/311 
f 3203/285/110 3202/286/110 3335/287/110 3325/288/110 
f 3323/285/311 3459/286/311 3205/287/311 3204/288/311 
f 3207/285/42 3206/286/42 3460/287/42 3461/288/42 
f 3462/285/311 3463/286/311 3209/287/311 3208/288/311 
f 3211/285/42 3210/286/42 3464/287/42 3305/288/42 
f 3303/285/311 3286/286/311 3213/287/311 3212/288/311 
f 3215/285/42 3214/286/42 3285/287/42 3272/288/42 
f 3270/285/311 3257/286/311 3217/287/311 3216/288/311 
f 3219/285/42 3218/286/42 3256/287/42 3249/288/42 
f 3247/285/311 3465/286/311 3221/287/311 3220/288/311 
f 3223/285/42 3222/286/42 3466/287/42 3233/288/42 
f 3239/439/321 3230/440/321 3238/441/321 3467/442/321 
f 3241/285/326 3240/286/326 3468/287/326 3243/288/326 
f 3268/439/320 3242/440/320 3254/441/320 3267/442/320 
f 3269/285/315 3266/286/315 3264/287/315 3279/288/315 
f 3283/439/320 3275/440/320 3276/441/320 3296/442/320 
f 3297/285/315 3295/286/315 3293/287/315 3299/288/315 
f 3311/439/321 3298/440/321 3310/441/321 3469/442/321 
f 3470/301/70 3464/342/70 3210/343/70 3463/345/70 
f 3210/343/70 3209/344/70 3463/345/70 
f 3471/341/47 3470/301/47 3463/345/47 3472/340/47 
f 3463/345/47 3473/313/47 3474/346/47 3472/340/47 
f 3475/338/47 3472/340/47 3474/346/47 3476/337/47 
f 3476/337/47 3474/346/47 3477/347/47 3478/289/47 
f 3478/289/47 3477/347/47 3312/348/47 3469/352/47 
f 3312/348/47 2973/349/47 2896/325/47 3469/352/47 
f 2896/325/47 2895/350/47 2972/351/47 3311/339/47 
f 2896/325/47 3311/339/47 3469/352/47 
f 3313/285/315 3312/286/315 3477/287/315 3479/288/315 
f 3315/439/320 3314/440/320 3480/441/320 3481/442/320 
f 2900/337/70 2899/338/70 2976/340/70 3315/341/70 
f 2900/337/70 3315/341/70 3481/301/70 3316/352/70 
f 3482/346/70 3460/347/70 3206/348/70 3459/325/70 
f 3206/348/153 3205/349/153 3459/325/153 
f 3483/313/47 3482/346/47 3459/325/47 3484/345/47 
f 3459/325/47 3485/350/47 3486/351/47 3484/345/47 
f 3487/344/47 3484/345/47 3486/351/47 3488/343/47 
f 3488/343/47 3486/351/47 3489/339/47 3490/342/47 
f 3490/342/47 3489/339/47 3316/352/47 3481/301/47 
f 2977/289/47 2900/337/47 3316/352/47 
f 3317/285/315 3316/286/315 3489/287/315 3319/288/315 
f 3331/439/320 3318/440/320 3330/441/320 3332/442/320 
f 3345/285/315 3333/286/315 3343/287/315 3347/288/315 
f 3359/285/320 3346/286/320 3358/287/320 3491/288/320 
f 3492/337/337 3456/338/337 3196/340/337 3375/343/337 
f 3196/340/49 3195/341/49 3364/301/49 3363/342/49 
f 3196/340/337 3363/342/337 3375/343/337 
f 3492/337/337 3375/343/337 3374/344/337 3373/345/337 
f 3362/348/103 2987/349/103 2910/325/103 2986/351/103 
f 2910/325/346 2909/350/346 2986/351/346 
f 3370/347/103 3362/348/103 2986/351/103 3371/346/103 
f 3371/346/49 2986/351/49 3361/339/49 3372/313/49 
f 3372/313/49 3361/339/49 3493/352/49 3373/345/49 
f 3492/337/337 3373/345/337 3493/352/337 3494/289/337 
f 2908/337/153 2907/338/153 2984/340/153 3359/341/153 
f 2908/337/153 3359/341/153 3491/301/153 3360/352/153 
f 3495/346/70 3458/347/70 3198/348/70 3457/325/70 
f 3198/348/153 3197/349/153 3457/325/153 
f 3496/313/70 3495/346/70 3457/325/70 3497/345/70 
f 3457/325/70 3498/350/70 3499/351/70 3497/345/70 
f 3500/344/70 3497/345/70 3499/351/70 3501/343/70 
f 3501/343/70 3499/351/70 3502/339/70 3503/342/70 
f 3503/342/70 3502/339/70 3360/352/70 3491/301/70 
f 2985/289/153 2908/337/153 3360/352/153 
f 3361/285/326 3360/286/326 3502/287/326 3493/288/326 
f 3386/340/49 3081/341/49 2926/301/49 3080/343/49 
f 2926/301/49 2925/342/49 3080/343/49 
f 3389/338/43 3386/340/43 3080/343/43 3390/337/43 
f 3390/337/50 3080/343/50 3385/344/50 3391/289/50 
f 3391/289/43 3385/344/43 3384/345/43 3392/352/43 
f 3384/345/50 3383/313/50 3382/346/50 3392/352/50 
f 3382/346/43 3381/347/43 3190/348/43 3394/351/43 
f 3190/348/43 3189/349/43 3388/325/43 3387/350/43 
f 3190/348/43 3387/350/43 3394/351/43 
f 3382/346/50 3394/351/50 3393/339/50 3392/352/50 
f 3409/285/326 3408/286/326 3407/287/326 3504/288/326 
f 3411/439/320 3410/440/320 3505/441/320 3506/442/320 
f 3413/285/315 3412/286/315 3507/287/315 3508/288/315 
f 3427/439/320 3428/440/320 3509/441/320 3426/442/320 
f 3429/285/315 3425/286/315 3423/287/315 3431/288/315 
f 3443/439/320 3430/440/320 3442/441/320 3510/442/320 
f 3444/338/47 3131/340/47 2944/341/47 3510/344/47 
f 2944/341/47 2943/301/47 3130/342/47 3443/343/47 
f 2944/341/47 3443/343/47 3510/344/47 
f 3444/338/47 3510/344/47 3511/345/47 3445/337/47 
f 3445/337/47 3511/345/47 3512/313/47 3446/289/47 
f 3446/289/47 3512/313/47 3513/346/47 3514/347/47 
f 3515/349/70 3449/325/70 3176/350/70 3448/339/70 
f 3176/350/70 3175/351/70 3448/339/70 
f 3516/348/47 3515/349/47 3448/339/47 3514/347/47 
f 3446/289/47 3514/347/47 3448/339/47 3447/352/47 
f 3515/439/310 3438/440/310 3437/441/310 3449/442/310 
f 3433/285/312 3419/286/312 3416/287/312 3435/288/312 
f 3414/439/310 3517/440/310 3450/441/310 3415/442/310 
f 3518/285/312 3519/286/312 3452/287/312 3451/288/312 
f 3412/337/47 3123/338/47 2936/340/47 3506/343/47 
f 2936/340/47 2935/341/47 3122/301/47 3411/342/47 
f 2936/340/47 3411/342/47 3506/343/47 
f 3412/337/47 3506/343/47 3520/344/47 3507/289/47 
f 3507/289/47 3520/344/47 3521/345/47 3522/313/47 
f 3523/348/70 3453/349/70 3184/325/70 3452/351/70 
f 3184/325/70 3183/350/70 3452/351/70 
f 3524/347/47 3523/348/47 3452/351/47 3525/346/47 
f 3525/346/47 3452/351/47 3519/339/47 3522/313/47 
f 3507/289/47 3522/313/47 3519/339/47 3526/352/47 
f 3410/344/43 3121/345/43 2934/313/43 3120/347/43 
f 2934/313/43 2933/346/43 3120/347/43 
f 3505/343/43 3410/344/43 3120/347/43 3527/342/43 
f 3527/342/43 3120/347/43 3409/348/43 3528/301/43 
f 3528/301/43 3409/348/43 3504/349/43 3529/341/43 
f 3504/349/43 3530/325/43 3531/350/43 3529/341/43 
f 3532/340/43 3529/341/43 3531/350/43 3533/338/43 
f 3531/350/43 3455/351/43 3186/339/43 3533/338/43 
f 3534/337/49 3533/338/49 3186/339/49 3454/289/49 
f 3454/289/103 3186/339/103 3185/352/103 
f 3523/439/310 3534/440/310 3454/441/310 3453/442/310 
f 3531/285/339 3405/286/339 3404/287/339 3455/288/339 
f 3492/285/339 3498/286/339 3457/287/339 3456/288/339 
f 3495/439/310 3354/440/310 3353/441/310 3458/442/310 
f 3349/285/312 3339/286/312 3336/287/312 3351/288/312 
f 3334/439/310 3326/440/310 3325/441/310 3335/442/310 
f 3321/285/312 3485/286/312 3459/287/312 3323/288/312 
f 3482/439/310 3535/440/310 3461/441/310 3460/442/310 
f 3536/285/339 3473/286/339 3463/287/339 3462/288/339 
f 3470/439/310 3306/440/310 3305/441/310 3464/442/310 
f 3301/285/312 3289/286/312 3286/287/312 3303/288/312 
f 3284/439/310 3271/440/310 3272/441/310 3285/442/310 
f 3282/285/312 3260/286/312 3257/287/312 3270/288/312 
f 3255/439/310 3250/440/310 3249/441/310 3256/442/310 
f 3245/285/339 3537/286/339 3465/287/339 3247/288/339 
f 3538/439/310 3234/440/310 3233/441/310 3466/442/310 
f 3467/285/327 3238/286/327 3237/287/327 3539/288/327 
f 3267/285/327 3254/286/327 3253/287/327 3265/288/327 
f 3538/337/347 3466/338/347 3222/340/347 3465/301/347 
f 3222/340/70 3221/341/70 3465/301/70 
f 3540/289/347 3538/337/347 3465/301/347 3541/352/347 
f 3465/301/344 3537/342/344 3542/343/344 3541/352/344 
f 3240/345/69 2961/313/69 2884/346/69 3467/325/69 
f 2884/346/153 2883/347/153 2960/348/153 3239/349/153 
f 2884/346/348 3239/349/348 3467/325/348 
f 3240/345/349 3467/325/349 3539/350/349 3468/344/349 
f 3468/344/344 3539/350/344 3543/351/344 3542/343/344 
f 3542/343/344 3543/351/344 3544/339/344 3541/352/344 
f 3243/285/350 3468/286/350 3542/287/350 3244/288/350 
f 3296/285/327 3276/286/327 3277/287/327 3294/288/327 
f 3279/285/325 3264/286/325 3261/287/325 3281/288/325 
f 3469/285/327 3310/286/327 3309/287/327 3478/288/327 
f 3299/285/325 3293/286/325 3290/287/325 3300/288/325 
f 3481/285/327 3480/286/327 3545/287/327 3490/288/327 
f 3479/285/350 3477/286/350 3474/287/350 3546/288/350 
f 3332/285/327 3330/286/327 3329/287/327 3344/288/327 
f 3319/285/325 3489/286/325 3486/287/325 3320/288/325 
f 3491/285/327 3358/286/327 3357/287/327 3503/288/327 
f 3347/285/325 3343/286/325 3340/287/325 3348/288/325 
f 3493/285/341 3502/286/341 3499/287/341 3494/288/341 
f 3506/285/327 3505/286/327 3527/287/327 3520/288/327 
f 3504/285/350 3407/286/350 3406/287/350 3530/288/350 
f 3426/285/327 3509/286/327 3547/287/327 3424/288/327 
f 3508/285/325 3507/286/325 3526/287/325 3548/288/325 
f 3510/285/327 3442/286/327 3441/287/327 3511/288/327 
f 3431/285/314 3423/286/314 3420/287/314 3432/288/314 
f 3516/285/340 3436/286/340 3438/287/340 3515/288/340 
f 3432/285/313 3420/286/313 3419/287/313 3433/288/313 
f 3417/285/340 3549/286/340 3517/287/340 3414/288/340 
f 3518/289/43 3451/337/43 3182/338/43 3549/342/43 
f 3182/338/49 3181/340/49 3450/341/49 3517/301/49 
f 3182/338/49 3517/301/49 3549/342/49 
f 3518/289/43 3549/342/43 3550/343/43 3551/344/43 
f 3428/347/43 3125/348/43 2938/349/43 3124/350/43 
f 2938/349/43 2937/325/43 3124/350/43 
f 3509/346/43 3428/347/43 3124/350/43 3547/313/43 
f 3547/313/43 3124/350/43 3413/351/43 3552/345/43 
f 3552/345/43 3413/351/43 3508/339/43 3551/344/43 
f 3518/289/43 3551/344/43 3508/339/43 3548/352/43 
f 3548/285/313 3526/286/313 3519/287/313 3518/288/313 
f 3524/285/340 3533/286/340 3534/287/340 3523/288/340 
f 3530/285/338 3406/286/338 3405/287/338 3531/288/338 
f 3494/285/338 3499/286/338 3498/287/338 3492/288/338 
f 3496/285/340 3352/286/340 3354/287/340 3495/288/340 
f 3348/285/313 3340/286/313 3339/287/313 3349/288/313 
f 3337/285/340 3324/286/340 3326/287/340 3334/288/340 
f 3320/285/313 3486/286/313 3485/287/313 3321/288/313 
f 3483/285/340 3553/286/340 3535/287/340 3482/288/340 
f 3314/342/103 2975/343/103 2898/344/103 2974/313/103 
f 2898/344/336 2897/345/336 2974/313/336 
f 3480/301/103 3314/342/103 2974/313/103 3545/341/103 
f 3545/341/49 2974/313/49 3313/346/49 3554/340/49 
f 3554/340/49 3313/346/49 3479/347/49 3555/338/49 
f 3479/347/49 3546/348/49 3536/349/49 3555/338/49 
f 3556/337/49 3555/338/49 3536/349/49 3553/289/49 
f 3536/349/49 3462/325/49 3208/350/49 3553/289/49 
f 3208/350/49 3207/351/49 3461/339/49 3535/352/49 
f 3553/289/49 3208/350/49 3535/352/49 
f 3546/285/338 3474/286/338 3473/287/338 3536/288/338 
f 3471/285/340 3304/286/340 3306/287/340 3470/288/340 
f 3300/285/313 3290/286/313 3289/287/313 3301/288/313 
f 3287/285/340 3273/286/340 3271/287/340 3284/288/340 
f 3281/285/313 3261/286/313 3260/287/313 3282/288/313 
f 3258/285/340 3248/286/340 3250/287/340 3255/288/340 
f 3244/285/338 3542/286/338 3537/287/338 3245/288/338 
f 3540/285/340 3232/286/340 3234/287/340 3538/288/340 
f 3541/285/339 3235/286/339 3232/287/339 3540/288/339 
f 3544/285/338 3231/286/338 3235/287/338 3541/288/338 
f 3543/285/341 3236/286/341 3231/287/341 3544/288/341 
f 3539/285/326 3237/286/326 3236/287/326 3543/288/326 
f 3265/285/326 3253/286/326 3252/287/326 3263/288/326 
f 3294/285/326 3277/286/326 3278/287/326 3292/288/326 
f 3478/285/326 3309/286/326 3308/287/326 3476/288/326 
f 3490/285/326 3545/286/326 3554/287/326 3488/288/326 
f 3344/285/326 3329/286/326 3328/287/326 3342/288/326 
f 3503/285/326 3357/286/326 3356/287/326 3501/288/326 
f 3520/285/315 3527/286/315 3528/287/315 3521/288/315 
f 3424/285/326 3547/286/326 3552/287/326 3422/288/326 
f 3511/285/326 3441/286/326 3440/287/326 3512/288/326 
f 3512/285/341 3440/286/341 3434/287/341 3513/288/341 
f 3513/285/338 3434/286/338 3439/287/338 3514/288/338 
f 3514/285/339 3439/286/339 3436/287/339 3516/288/339 
f 3418/285/339 3550/286/339 3549/287/339 3417/288/339 
f 3525/285/339 3532/286/339 3533/287/339 3524/288/339 
f 3497/285/339 3355/286/339 3352/287/339 3496/288/339 
f 3338/285/339 3327/286/339 3324/287/339 3337/288/339 
f 3484/285/339 3556/286/339 3553/287/339 3483/288/339 
f 3472/285/339 3307/286/339 3304/287/339 3471/288/339 
f 3288/285/339 3274/286/339 3273/287/339 3287/288/339 
f 3259/285/339 3251/286/339 3248/287/339 3258/288/339 
f 3263/285/314 3252/286/314 3246/287/314 3262/288/314 
f 3292/285/341 3278/286/341 3280/287/341 3291/288/341 
f 3476/285/314 3308/286/314 3302/287/314 3475/288/314 
f 3488/285/314 3554/286/314 3555/287/314 3487/288/314 
f 3342/285/341 3328/286/341 3322/287/341 3341/288/341 
f 3501/285/341 3356/286/341 3350/287/341 3500/288/341 
f 3521/285/314 3528/286/314 3529/287/314 3522/288/314 
f 3422/285/341 3552/286/341 3551/287/341 3421/288/341 
f 3421/285/338 3551/286/338 3550/287/338 3418/288/338 
f 3522/285/338 3529/286/338 3532/287/338 3525/288/338 
f 3500/285/338 3350/286/338 3355/287/338 3497/288/338 
f 3341/285/338 3322/286/338 3327/287/338 3338/288/338 
f 3487/285/338 3555/286/338 3556/287/338 3484/288/338 
f 3475/285/338 3302/286/338 3307/287/338 3472/288/338 
f 3291/285/338 3280/286/338 3274/287/338 3288/288/338 
f 3262/285/338 3246/286/338 3251/287/338 3259/288/338 
f 2914/289/336 2913/337/336 3006/338/336 3557/339/336 
f 3368/341/337 3367/301/337 3366/342/337 3558/349/337 
f 3366/342/337 3365/343/337 3194/344/337 3559/347/337 
f 3194/344/49 3193/345/49 3560/313/49 3561/346/49 
f 3194/344/337 3561/346/337 3559/347/337 
f 3366/342/337 3559/347/337 3562/348/337 3558/349/337 
f 3368/341/49 3558/349/49 3563/325/49 3369/340/49 
f 3369/340/49 3563/325/49 3564/350/49 3006/338/49 
f 3006/338/103 3564/350/103 3565/351/103 3557/339/103 
f 2914/289/50 3557/339/50 3566/352/50 
f 2915/285/18 2914/286/18 3566/287/18 3567/288/18 
f 3567/285/318 3566/286/318 3557/287/318 3568/288/318 
f 3568/285/320 3557/286/320 3565/287/320 3569/288/320 
f 3569/285/327 3565/286/327 3564/287/327 3570/288/327 
f 3570/285/326 3564/286/326 3563/287/326 3571/288/326 
f 3571/285/341 3563/286/341 3558/287/341 3572/288/341 
f 3572/285/338 3558/286/338 3562/287/338 3573/288/338 
f 3573/285/339 3562/286/339 3559/287/339 3574/288/339 
f 3574/285/340 3559/286/340 3561/287/340 3575/288/340 
f 3575/439/310 3561/440/310 3560/441/310 3576/442/310 
f 3193/285/42 3192/286/42 3576/287/42 3560/288/42 
f 3192/337/69 3191/338/69 3380/340/69 3575/352/69 
f 3380/340/153 3379/341/153 3378/301/153 3573/351/153 
f 3376/343/153 3007/344/153 2916/345/153 3569/348/153 
f 2916/345/153 2915/313/153 3567/346/153 3568/347/153 
f 2916/345/153 3568/347/153 3569/348/153 
f 3376/343/153 3569/348/153 3570/349/153 3377/342/153 
f 3377/342/153 3570/349/153 3571/325/153 3378/301/153 
f 3378/301/70 3571/325/70 3572/350/70 3573/351/70 
f 3380/340/153 3573/351/153 3574/339/153 3575/352/153 
f 3576/289/153 3192/337/153 3575/352/153 
f 3577/285/351 3578/286/351 3579/287/351 3580/288/351 
f 3578/285/50 3581/286/50 3582/287/50 3579/288/50 
f 3581/285/352 3583/286/352 3584/287/352 3582/288/352 
f 3583/285/47 3577/286/47 3580/287/47 3584/288/47 
f 3580/285/353 3579/286/353 3582/287/353 3584/288/353 
f 3583/285/354 3581/286/354 3578/287/354 3577/288/354 
f 3585/285/351 3586/286/351 3587/287/351 3588/288/351 
f 3586/285/103 3589/286/103 3590/287/103 3587/288/103 
f 3589/285/352 3591/286/352 3592/287/352 3590/288/352 
f 3591/285/153 3585/286/153 3588/287/153 3592/288/153 
f 3588/285/353 3587/286/353 3590/287/353 3592/288/353 
f 3591/285/354 3589/286/354 3586/287/354 3585/288/354 
f 3593/285/351 3594/286/351 3595/287/351 3596/288/351 
f 3594/285/50 3597/286/50 3598/287/50 3595/288/50 
f 3597/285/352 3599/286/352 3600/287/352 3598/288/352 
f 3599/285/47 3593/286/47 3596/287/47 3600/288/47 
f 3596/285/355 3595/286/355 3598/287/355 3600/288/355 
f 3599/285/354 3597/286/354 3594/287/354 3593/288/354 
f 3601/285/351 3602/286/351 3603/287/351 3604/288/351 
f 3602/285/50 3605/286/50 3606/287/50 3603/288/50 
f 3605/285/352 3607/286/352 3608/287/352 3606/288/352 
f 3607/285/47 3601/286/47 3604/287/47 3608/288/47 
f 3604/285/355 3603/286/355 3606/287/355 3608/288/355 
f 3607/285/354 3605/286/354 3602/287/354 3601/288/354 
f 3609/285/351 3610/286/351 3611/287/351 3612/288/351 
f 3610/285/43 3613/286/43 3614/287/43 3611/288/43 
f 3613/285/352 3615/286/352 3616/287/352 3614/288/352 
f 3615/285/47 3609/286/47 3612/287/47 3616/288/47 
f 3612/285/355 3611/286/355 3614/287/355 3616/288/355 
f 3615/285/354 3613/286/354 3610/287/354 3609/288/354 
f 3617/285/110 3618/286/110 3619/287/110 3620/288/110 
f 3618/285/103 3621/286/103 3622/287/103 3619/288/103 
f 3621/285/117 3623/286/117 3624/287/117 3622/288/117 
f 3623/285/153 3617/286/153 3620/287/153 3624/288/153 
f 3620/285/21 3619/286/21 3622/287/21 3624/288/21 
f 3623/285/18 3621/286/18 3618/287/18 3617/288/18 
f 3625/285/110 3626/286/110 3627/287/110 3628/288/110 
f 3626/443/103 3629/444/103 3630/445/103 3627/446/103 
f 3629/285/117 3631/286/117 3632/287/117 3630/288/117 
f 3631/443/153 3625/444/153 3628/445/153 3632/446/153 
f 3628/285/23 3627/286/23 3630/287/23 3632/288/23 
f 3626/285/23 3625/286/23 3633/287/23 3634/288/23 
f 3635/285/117 3636/286/117 3637/287/117 3638/288/117 
f 3625/285/21 3631/286/21 3635/287/21 3633/288/21 
f 3629/285/23 3626/286/23 3634/287/23 3636/288/23 
f 3631/285/23 3629/286/23 3636/287/23 3635/288/23 
f 3638/285/18 3637/286/18 3639/287/18 3640/288/18 
f 3634/285/110 3633/286/110 3640/287/110 3639/288/110 
f 3633/285/153 3635/286/153 3638/287/153 3640/288/153 
f 3636/285/43 3634/286/43 3639/287/43 3637/288/43 
f 3641/289/270 3642/290/270 3643/291/270 3644/292/270 
f 3645/293/270 3646/294/270 3647/295/270 3648/296/270 
f 3649/297/270 3650/298/270 3651/299/270 3652/300/270 
f 3653/301/271 3654/302/271 3655/303/271 3656/304/271 
f 3657/305/270 3658/306/270 3659/307/270 3660/308/270 
f 3661/309/271 3662/310/271 3663/311/271 3664/312/271 
f 3665/313/270 3666/314/270 3667/315/270 3668/316/270 
f 3669/317/270 3670/318/270 3671/319/270 3672/320/270 
f 3673/321/271 3674/322/271 3675/323/271 3676/324/271 
f 3677/325/270 3678/326/270 3679/327/270 3680/328/270 
f 3681/329/270 3682/330/270 3683/331/270 3684/332/270 
f 3685/333/270 3686/334/270 3687/335/270 3688/336/270 
f 3684/332/270 3685/333/270 3688/336/270 3681/329/270 
f 3680/328/270 3681/329/270 3688/336/270 3677/325/270 
f 3676/324/271 3677/325/271 3688/336/271 3673/321/271 
f 3672/320/270 3673/321/270 3688/336/270 3669/317/270 
f 3668/316/270 3669/317/270 3688/336/270 3665/313/270 
f 3664/312/271 3665/313/271 3688/336/271 3661/309/271 
f 3660/308/270 3661/309/270 3688/336/270 3657/305/270 
f 3656/304/271 3657/305/271 3688/336/271 3653/301/271 
f 3652/300/270 3653/301/270 3688/336/270 3649/297/270 
f 3648/296/270 3649/297/270 3688/336/270 3645/293/270 
f 3644/292/270 3645/293/270 3688/336/270 3641/289/270 
f 3689/285/21 3641/286/21 3688/287/21 3690/288/21 
f 3691/289/49 3692/337/49 3693/338/49 3694/339/49 
f 3693/338/50 3695/340/50 3696/341/50 3697/342/50 
f 3696/341/43 3698/301/43 3697/342/43 
f 3697/342/43 3699/343/43 3642/344/43 3689/313/43 
f 3642/344/43 3641/345/43 3689/313/43 
f 3697/342/43 3689/313/43 3700/346/43 3701/347/43 
f 3697/342/49 3701/347/49 3702/348/49 3703/349/49 
f 3697/342/43 3703/349/43 3704/325/43 3693/338/43 
f 3693/338/43 3704/325/43 3705/350/43 3706/351/43 
f 3693/338/43 3706/351/43 3694/339/43 
f 3691/289/49 3694/339/49 3707/352/49 
f 3643/285/274 3642/286/274 3699/287/274 3708/288/274 
f 3645/285/18 3644/286/18 3709/287/18 3710/288/18 
f 3711/337/50 3712/338/50 3713/340/50 3714/352/50 
f 3713/340/43 3715/341/43 3716/301/43 3717/351/43 
f 3716/301/49 3718/342/49 3719/343/49 3720/325/49 
f 3719/343/43 3721/344/43 3646/345/43 3722/347/43 
f 3646/345/49 3645/313/49 3710/346/49 3722/347/49 
f 3719/343/43 3722/347/43 3723/348/43 3724/349/43 
f 3719/343/43 3724/349/43 3720/325/43 
f 3716/301/49 3720/325/49 3725/350/49 3717/351/49 
f 3713/340/103 3717/351/103 3726/339/103 3714/352/103 
f 3727/289/43 3711/337/43 3714/352/43 
f 3647/285/275 3646/286/275 3721/287/275 3728/288/275 
f 3649/285/18 3648/286/18 3729/287/18 3730/288/18 
f 3651/285/273 3650/286/273 3731/287/273 3732/288/273 
f 3652/289/47 3651/337/47 3732/338/47 3733/351/47 
f 3732/338/47 3734/340/47 3735/341/47 3736/350/47 
f 3735/341/70 3737/301/70 3738/342/70 3739/349/70 
f 3738/342/69 3740/343/69 3741/344/69 3742/346/69 
f 3741/344/70 3743/345/70 3744/313/70 3742/346/70 
f 3738/342/47 3742/346/47 3745/347/47 3746/348/47 
f 3738/342/70 3746/348/70 3739/349/70 
f 3735/341/47 3739/349/47 3747/325/47 3736/350/47 
f 3732/338/47 3736/350/47 3733/351/47 
f 3652/289/47 3733/351/47 3748/339/47 3749/352/47 
f 3653/285/18 3652/286/18 3749/287/18 3750/288/18 
f 3655/285/273 3654/286/273 3751/287/273 3752/288/273 
f 3657/285/18 3656/286/18 3753/287/18 3754/288/18 
f 3659/285/275 3658/286/275 3755/287/275 3756/288/275 
f 3661/285/18 3660/286/18 3757/287/18 3758/288/18 
f 3663/285/275 3662/286/275 3759/287/275 3760/288/275 
f 3665/285/18 3664/286/18 3761/287/18 3762/288/18 
f 3667/285/275 3666/286/275 3763/287/275 3764/288/275 
f 3668/289/47 3667/337/47 3764/338/47 3765/351/47 
f 3764/338/47 3766/340/47 3767/341/47 3768/350/47 
f 3767/341/47 3769/301/47 3770/342/47 3771/349/47 
f 3770/342/47 3772/343/47 3773/344/47 3774/346/47 
f 3773/344/70 3775/345/70 3776/313/70 3774/346/70 
f 3770/342/47 3774/346/47 3777/347/47 3778/348/47 
f 3770/342/47 3778/348/47 3771/349/47 
f 3767/341/47 3771/349/47 3779/325/47 3768/350/47 
f 3764/338/47 3768/350/47 3765/351/47 
f 3668/289/47 3765/351/47 3780/339/47 3781/352/47 
f 3669/285/18 3668/286/18 3781/287/18 3782/288/18 
f 3783/337/49 3784/338/49 3785/340/49 3786/352/49 
f 3785/340/43 3787/341/43 3788/301/43 3789/351/43 
f 3788/301/43 3790/342/43 3791/343/43 3792/325/43 
f 3791/343/43 3793/344/43 3670/345/43 3794/347/43 
f 3670/345/43 3669/313/43 3782/346/43 3794/347/43 
f 3791/343/43 3794/347/43 3795/348/43 3796/349/43 
f 3791/343/43 3796/349/43 3792/325/43 
f 3788/301/43 3792/325/43 3797/350/43 3789/351/43 
f 3785/340/43 3789/351/43 3798/339/43 3786/352/43 
f 3799/289/49 3783/337/49 3786/352/49 
f 3671/285/273 3670/286/273 3793/287/273 3800/288/273 
f 3672/289/47 3671/337/47 3800/338/47 3801/351/47 
f 3800/338/47 3802/340/47 3803/341/47 3804/350/47 
f 3803/341/47 3805/301/47 3806/342/47 3807/349/47 
f 3806/342/47 3808/343/47 3809/344/47 3810/346/47 
f 3809/344/70 3811/345/70 3812/313/70 3810/346/70 
f 3806/342/47 3810/346/47 3813/347/47 3814/348/47 
f 3806/342/47 3814/348/47 3807/349/47 
f 3803/341/47 3807/349/47 3815/325/47 3804/350/47 
f 3800/338/47 3804/350/47 3801/351/47 
f 3672/289/69 3801/351/69 3816/339/69 3817/352/69 
f 3673/285/18 3672/286/18 3817/287/18 3818/288/18 
f 3675/285/275 3674/286/275 3819/287/275 3820/288/275 
f 3676/289/47 3675/337/47 3820/338/47 3821/351/47 
f 3820/338/47 3822/340/47 3823/341/47 3824/350/47 
f 3823/341/70 3825/301/70 3826/342/70 3827/349/70 
f 3826/342/47 3828/343/47 3829/344/47 3830/346/47 
f 3829/344/153 3831/345/153 3832/313/153 3830/346/153 
f 3826/342/47 3830/346/47 3833/347/47 3834/348/47 
f 3826/342/70 3834/348/70 3827/349/70 
f 3823/341/47 3827/349/47 3835/325/47 3824/350/47 
f 3820/338/47 3824/350/47 3821/351/47 
f 3676/289/47 3821/351/47 3836/339/47 3837/352/47 
f 3677/285/18 3676/286/18 3837/287/18 3838/288/18 
f 3839/337/43 3840/338/43 3841/340/43 3842/352/43 
f 3841/340/43 3843/341/43 3844/301/43 3845/351/43 
f 3844/301/43 3846/342/43 3847/343/43 3848/325/43 
f 3847/343/43 3849/344/43 3678/345/43 3850/347/43 
f 3678/345/43 3677/313/43 3838/346/43 3850/347/43 
f 3847/343/43 3850/347/43 3851/348/43 3852/349/43 
f 3847/343/43 3852/349/43 3848/325/43 
f 3844/301/43 3848/325/43 3853/350/43 3845/351/43 
f 3841/340/43 3845/351/43 3854/339/43 3842/352/43 
f 3855/289/43 3839/337/43 3842/352/43 
f 3679/285/275 3678/286/275 3849/287/275 3856/288/275 
f 3681/285/18 3680/286/18 3857/287/18 3858/288/18 
f 3683/285/275 3682/286/275 3859/287/275 3860/288/275 
f 3685/285/18 3684/286/18 3861/287/18 3862/288/18 
f 3863/337/49 3864/338/49 3865/340/49 3866/352/49 
f 3865/340/43 3867/341/43 3868/301/43 3869/351/43 
f 3868/301/43 3870/342/43 3871/343/43 3872/325/43 
f 3871/343/43 3873/344/43 3686/345/43 3874/347/43 
f 3686/345/43 3685/313/43 3862/346/43 3874/347/43 
f 3871/343/43 3874/347/43 3875/348/43 3876/349/43 
f 3871/343/43 3876/349/43 3872/325/43 
f 3868/301/43 3872/325/43 3877/350/43 3869/351/43 
f 3865/340/43 3869/351/43 3878/339/43 3866/352/43 
f 3879/289/49 3863/337/49 3866/352/49 
f 3687/285/274 3686/286/274 3873/287/274 3880/288/274 
f 3881/344/47 3690/345/47 3688/313/47 3882/343/47 
f 3688/313/47 3687/346/47 3880/347/47 3883/349/47 
f 3880/347/47 3884/348/47 3883/349/47 
f 3882/343/47 3688/313/47 3883/349/47 3885/342/47 
f 3886/301/47 3885/342/47 3883/349/47 3887/341/47 
f 3888/340/47 3887/341/47 3883/349/47 3889/339/47 
f 3883/349/69 3890/325/69 3891/350/69 3889/339/69 
f 3891/350/356 3892/351/356 3889/339/356 
f 3893/338/47 3888/340/47 3889/339/47 3894/337/47 
f 3895/289/47 3894/337/47 3889/339/47 3896/352/47 
f 3700/285/276 3689/286/276 3690/287/276 3881/288/276 
f 3897/292/277 3898/293/277 3899/294/277 3900/295/277 
f 3901/296/277 3902/297/277 3840/298/277 3839/299/277 
f 3831/300/278 3829/301/278 3903/302/278 3904/303/278 
f 3811/304/277 3809/305/277 3784/306/277 3783/307/277 
f 3775/308/277 3773/309/277 3905/310/277 3906/311/277 
f 3907/312/277 3908/313/277 3909/314/277 3910/315/277 
f 3911/316/279 3912/317/279 3913/318/279 3914/319/279 
f 3915/320/278 3916/321/278 3917/322/278 3918/323/278 
f 3743/324/277 3741/325/277 3919/326/277 3920/327/277 
f 3921/328/277 3922/329/277 3712/330/277 3711/331/277 
f 3923/332/277 3924/333/277 3692/334/277 3691/335/277 
f 3711/331/277 3923/332/277 3691/335/277 3921/328/277 
f 3920/327/277 3921/328/277 3691/335/277 3743/324/277 
f 3918/323/278 3743/324/278 3691/335/278 3915/320/278 
f 3914/319/280 3915/320/280 3691/335/280 3911/316/280 
f 3910/315/281 3911/316/281 3691/335/281 3907/312/281 
f 3906/311/277 3907/312/277 3691/335/277 3775/308/277 
f 3783/307/277 3775/308/277 3691/335/277 3811/304/277 
f 3904/303/278 3811/304/278 3691/335/278 3831/300/278 
f 3839/299/277 3831/300/277 3691/335/277 3901/296/277 
f 3900/295/277 3901/296/277 3691/335/277 3897/292/277 
f 3863/291/277 3897/292/277 3691/335/277 3896/336/277 
f 3864/290/278 3863/291/278 3896/336/278 3889/289/278 
f 3925/285/282 3693/286/282 3692/287/282 3924/288/282 
f 3926/285/283 3695/286/283 3693/287/283 3925/288/283 
f 3927/285/284 3696/286/284 3695/287/284 3926/288/284 
f 3928/285/285 3698/286/285 3696/287/285 3927/288/285 
f 3929/285/286 3697/286/286 3698/287/286 3928/288/286 
f 3708/285/301 3699/286/301 3697/287/301 3929/288/301 
f 3881/285/288 3882/286/288 3701/287/288 3700/288/288 
f 3882/285/289 3885/286/289 3702/287/289 3701/288/289 
f 3885/285/290 3886/286/290 3703/287/290 3702/288/290 
f 3886/285/291 3887/286/291 3704/287/291 3703/288/291 
f 3887/285/292 3888/286/292 3705/287/292 3704/288/292 
f 3888/285/293 3893/286/293 3706/287/293 3705/288/293 
f 3893/285/294 3894/286/294 3694/287/294 3706/288/294 
f 3894/285/295 3895/286/295 3707/287/295 3694/288/295 
f 3644/337/47 3643/338/47 3708/340/47 3930/339/47 
f 3708/340/47 3929/341/47 3928/301/47 3931/351/47 
f 3928/301/70 3927/342/70 3926/343/70 3932/325/70 
f 3926/343/69 3925/344/69 3924/345/69 3933/347/69 
f 3924/345/70 3923/313/70 3934/346/70 3933/347/70 
f 3926/343/47 3933/347/47 3935/348/47 3936/349/47 
f 3926/343/47 3936/349/47 3932/325/47 
f 3928/301/70 3932/325/70 3937/350/70 3931/351/70 
f 3708/340/47 3931/351/47 3930/339/47 
f 3644/337/47 3930/339/47 3938/352/47 3709/289/47 
f 3710/353/270 3709/354/270 3938/355/270 3722/356/270 
f 3714/353/277 3933/354/277 3934/355/277 3727/356/277 
f 3923/285/44 3711/286/44 3727/287/44 3934/288/44 
f 3939/285/296 3713/286/296 3712/287/296 3922/288/296 
f 3940/285/297 3715/286/297 3713/287/297 3939/288/297 
f 3941/285/298 3716/286/298 3715/287/298 3940/288/298 
f 3942/285/285 3718/286/285 3716/287/285 3941/288/285 
f 3943/285/286 3719/286/286 3718/287/286 3942/288/286 
f 3728/285/301 3721/286/301 3719/287/301 3943/288/301 
f 3722/353/275 3938/354/275 3930/355/275 3723/356/275 
f 3723/353/287 3930/354/287 3931/355/287 3724/356/287 
f 3724/353/300 3931/354/300 3937/355/300 3720/356/300 
f 3720/353/302 3937/354/302 3932/355/302 3725/356/302 
f 3725/353/298 3932/354/298 3936/355/298 3717/356/298 
f 3717/353/297 3936/354/297 3935/355/297 3726/356/297 
f 3726/353/296 3935/354/296 3933/355/296 3714/356/296 
f 3648/337/69 3647/338/69 3728/340/69 3944/339/69 
f 3728/340/47 3943/341/47 3942/301/47 3945/351/47 
f 3942/301/47 3941/342/47 3940/343/47 3946/325/47 
f 3940/343/47 3939/344/47 3922/345/47 3947/347/47 
f 3922/345/47 3921/313/47 3948/346/47 3947/347/47 
f 3940/343/47 3947/347/47 3949/348/47 3950/349/47 
f 3940/343/47 3950/349/47 3946/325/47 
f 3942/301/47 3946/325/47 3951/350/47 3945/351/47 
f 3728/340/47 3945/351/47 3944/339/47 
f 3648/337/47 3944/339/47 3952/352/47 3729/289/47 
f 3953/342/43 3954/343/43 3920/344/43 3955/313/43 
f 3920/344/50 3919/345/50 3955/313/50 
f 3956/301/103 3953/342/103 3955/313/103 3957/341/103 
f 3955/313/43 3958/346/43 3959/347/43 3957/341/43 
f 3960/340/49 3957/341/49 3959/347/49 3961/338/49 
f 3959/347/49 3962/348/49 3963/349/49 3961/338/49 
f 3964/337/43 3961/338/43 3963/349/43 3965/289/43 
f 3963/349/43 3731/325/43 3650/350/43 3966/352/43 
f 3650/350/43 3649/351/43 3730/339/43 3966/352/43 
f 3965/289/43 3963/349/43 3966/352/43 
f 3730/353/271 3729/354/271 3952/355/271 3966/356/271 
f 3732/285/287 3731/286/287 3963/287/287 3734/288/287 
f 3734/285/286 3963/286/286 3962/287/286 3735/288/286 
f 3735/285/299 3962/286/299 3959/287/299 3737/288/299 
f 3737/285/298 3959/286/298 3958/287/298 3738/288/298 
f 3738/285/283 3958/286/283 3955/287/283 3740/288/283 
f 3740/285/282 3955/286/282 3919/287/282 3741/288/282 
f 3743/285/44 3918/286/44 3967/287/44 3744/288/44 
f 3968/353/278 3742/354/278 3744/355/278 3967/356/278 
f 3969/353/296 3745/354/296 3742/355/296 3968/356/296 
f 3970/353/297 3746/354/297 3745/355/297 3969/356/297 
f 3971/353/298 3739/354/298 3746/355/298 3970/356/298 
f 3972/353/299 3747/354/299 3739/355/299 3971/356/299 
f 3973/353/300 3736/354/300 3747/355/300 3972/356/300 
f 3974/353/287 3733/354/287 3736/355/287 3973/356/287 
f 3975/353/273 3748/354/273 3733/355/273 3974/356/273 
f 3750/353/270 3749/354/270 3748/355/270 3975/356/270 
f 3968/341/50 3967/301/50 3918/342/50 3976/344/50 
f 3918/342/50 3917/343/50 3976/344/50 
f 3969/340/50 3968/341/50 3976/344/50 3970/338/50 
f 3976/344/50 3977/345/50 3978/313/50 3970/338/50 
f 3971/337/50 3970/338/50 3978/313/50 3972/289/50 
f 3978/313/50 3979/346/50 3980/347/50 3972/289/50 
f 3980/347/43 3751/348/43 3654/349/43 3975/351/43 
f 3654/349/43 3653/325/43 3750/350/43 3975/351/43 
f 3980/347/50 3975/351/50 3974/339/50 3973/352/50 
f 3972/289/50 3980/347/50 3973/352/50 
f 3752/285/287 3751/286/287 3980/287/287 3981/288/287 
f 3656/337/69 3655/338/69 3752/340/69 3982/339/69 
f 3752/340/153 3981/341/153 3983/301/153 3984/351/153 
f 3983/301/47 3985/342/47 3986/343/47 3987/325/47 
f 3986/343/47 3988/344/47 3916/345/47 3989/347/47 
f 3916/345/47 3915/313/47 3990/346/47 3989/347/47 
f 3986/343/305 3989/347/305 3991/348/305 3992/349/305 
f 3986/343/47 3992/349/47 3987/325/47 
f 3983/301/47 3987/325/47 3993/350/47 3984/351/47 
f 3752/340/69 3984/351/69 3982/339/69 
f 3656/337/47 3982/339/47 3994/352/47 3753/289/47 
f 3754/353/270 3753/354/270 3994/355/270 3995/356/270 
f 3996/337/47 3757/338/47 3660/340/47 3997/289/47 
f 3660/340/69 3659/341/69 3756/301/69 3997/289/69 
f 3756/301/153 3998/342/153 3999/343/153 4000/352/153 
f 3999/343/47 4001/344/47 4002/345/47 4003/351/47 
f 4002/345/47 4004/313/47 3912/346/47 4005/349/47 
f 3912/346/47 3911/347/47 4006/348/47 4005/349/47 
f 4002/345/47 4005/349/47 4007/325/47 4008/350/47 
f 4002/345/47 4008/350/47 4003/351/47 
f 3999/343/47 4003/351/47 4009/339/47 4000/352/47 
f 3997/289/47 3756/301/47 4000/352/47 
f 3756/285/301 3755/286/301 4010/287/301 3998/288/301 
f 3758/353/270 3757/354/270 3996/355/270 4011/356/270 
f 3760/285/287 3759/286/287 4012/287/287 4013/288/287 
f 3664/337/69 3663/338/69 3760/340/69 4014/339/69 
f 3760/340/47 4013/341/47 4015/301/47 4016/351/47 
f 4015/301/47 4017/342/47 4018/343/47 4019/325/47 
f 4018/343/47 4020/344/47 3908/345/47 4021/347/47 
f 3908/345/47 3907/313/47 4022/346/47 4021/347/47 
f 4018/343/305 4021/347/305 4023/348/305 4024/349/305 
f 4018/343/305 4024/349/305 4019/325/305 
f 4015/301/47 4019/325/47 4025/350/47 4016/351/47 
f 3760/340/69 4016/351/69 4014/339/69 
f 3664/337/47 4014/339/47 4026/352/47 3761/289/47 
f 3762/353/271 3761/354/271 4026/355/271 4027/356/271 
f 3764/285/301 3763/286/301 4028/287/301 3766/288/301 
f 3766/285/286 4028/286/286 4029/287/286 3767/288/286 
f 3767/285/285 4029/286/285 4030/287/285 3769/288/285 
f 3769/285/284 4030/286/284 4031/287/284 3770/288/284 
f 3770/285/283 4031/286/283 4032/287/283 3772/288/283 
f 3772/285/282 4032/286/282 3905/287/282 3773/288/282 
f 3775/285/44 3783/286/44 3799/287/44 3776/288/44 
f 3786/353/278 3774/354/278 3776/355/278 3799/356/278 
f 3798/353/296 3777/354/296 3774/355/296 3786/356/296 
f 3789/353/297 3778/354/297 3777/355/297 3798/356/297 
f 3797/353/298 3771/354/298 3778/355/298 3789/356/298 
f 3792/353/302 3779/354/302 3771/355/302 3797/356/302 
f 3796/353/286 3768/354/286 3779/355/286 3792/356/286 
f 3795/353/287 3765/354/287 3768/355/287 3796/356/287 
f 3794/353/307 3780/354/307 3765/355/307 3795/356/307 
f 3782/353/271 3781/354/271 3780/355/271 3794/356/271 
f 3808/285/282 3785/286/282 3784/287/282 3809/288/282 
f 3806/285/283 3787/286/283 3785/287/283 3808/288/283 
f 3805/285/298 3788/286/298 3787/287/298 3806/288/298 
f 3803/285/302 3790/286/302 3788/287/302 3805/288/302 
f 3802/285/286 3791/286/286 3790/287/286 3803/288/286 
f 3800/285/301 3793/286/301 3791/287/301 3802/288/301 
f 3811/285/44 3904/286/44 4033/287/44 3812/288/44 
f 4034/353/278 3810/354/278 3812/355/278 4033/356/278 
f 4035/353/296 3813/354/296 3810/355/296 4034/356/296 
f 4036/353/297 3814/354/297 3813/355/297 4035/356/297 
f 4037/353/298 3807/354/298 3814/355/298 4036/356/298 
f 4038/353/299 3815/354/299 3807/355/299 4037/356/299 
f 4039/353/286 3804/354/286 3815/355/286 4038/356/286 
f 4040/353/301 3801/354/301 3804/355/301 4039/356/301 
f 4041/353/307 3816/354/307 3801/355/307 4040/356/307 
f 3818/353/271 3817/354/271 3816/355/271 4041/356/271 
f 4034/344/103 4033/345/103 3904/313/103 4042/347/103 
f 3904/313/43 3903/346/43 4042/347/43 
f 4035/343/43 4034/344/43 4042/347/43 4036/342/43 
f 4042/347/43 4043/348/43 4044/349/43 4036/342/43 
f 4037/301/43 4036/342/43 4044/349/43 4038/341/43 
f 4044/349/49 4045/325/49 4046/350/49 4038/341/49 
f 4039/340/49 4038/341/49 4046/350/49 4040/338/49 
f 4041/337/43 4040/338/43 4046/350/43 3674/339/43 
f 4046/350/43 3819/351/43 3674/339/43 
f 3818/289/43 4041/337/43 3674/339/43 3673/352/43 
f 3820/285/301 3819/286/301 4046/287/301 3822/288/301 
f 3822/285/286 4046/286/286 4045/287/286 3823/288/286 
f 3823/285/308 4045/286/308 4044/287/308 3825/288/308 
f 3825/285/284 4044/286/284 4043/287/284 3826/288/284 
f 3826/285/283 4043/286/283 4042/287/283 3828/288/283 
f 3828/285/282 4042/286/282 3903/287/282 3829/288/282 
f 3831/285/44 3839/286/44 3855/287/44 3832/288/44 
f 3842/353/278 3830/354/278 3832/355/278 3855/356/278 
f 3854/353/296 3833/354/296 3830/355/296 3842/356/296 
f 3845/353/297 3834/354/297 3833/355/297 3854/356/297 
f 3853/353/298 3827/354/298 3834/355/298 3845/356/298 
f 3848/353/302 3835/354/302 3827/355/302 3853/356/302 
f 3852/353/300 3824/354/300 3835/355/300 3848/356/300 
f 3851/353/287 3821/354/287 3824/355/287 3852/356/287 
f 3850/353/307 3836/354/307 3821/355/307 3851/356/307 
f 3838/353/271 3837/354/271 3836/355/271 3850/356/271 
f 4047/285/296 3841/286/296 3840/287/296 3902/288/296 
f 4048/285/297 3843/286/297 3841/287/297 4047/288/297 
f 4049/285/284 3844/286/284 3843/287/284 4048/288/284 
f 4050/285/285 3846/286/285 3844/287/285 4049/288/285 
f 4051/285/286 3847/286/286 3846/287/286 4050/288/286 
f 3856/285/301 3849/286/301 3847/287/301 4051/288/301 
f 4051/289/47 4050/337/47 4049/338/47 4052/347/47 
f 4049/338/47 4048/340/47 4047/341/47 4053/345/47 
f 4047/341/47 3902/301/47 3901/342/47 4054/344/47 
f 3901/342/47 4055/343/47 4054/344/47 
f 4047/341/47 4054/344/47 4053/345/47 
f 4049/338/47 4053/345/47 4056/313/47 4057/346/47 
f 4049/338/47 4057/346/47 4052/347/47 
f 4051/289/47 4052/347/47 4058/348/47 4059/349/47 
f 4060/325/47 3857/350/47 3680/351/47 4059/349/47 
f 4051/289/47 4059/349/47 3680/351/47 3679/339/47 
f 4051/289/47 3679/339/47 3856/352/47 
f 3858/353/270 3857/354/270 4060/355/270 4061/356/270 
f 3860/285/287 3859/286/287 4062/287/287 4063/288/287 
f 3862/353/271 3861/354/271 4064/355/271 3874/356/271 
f 3866/353/278 4065/354/278 4066/355/278 3879/356/278 
f 3897/285/44 3863/286/44 3879/287/44 4066/288/44 
f 3892/285/296 3865/286/296 3864/287/296 3889/288/296 
f 3891/285/283 3867/286/283 3865/287/283 3892/288/283 
f 3890/285/284 3868/286/284 3867/287/284 3891/288/284 
f 3883/285/308 3870/286/308 3868/287/308 3890/288/308 
f 3884/285/286 3871/286/286 3870/287/286 3883/288/286 
f 3880/285/301 3873/286/301 3871/287/301 3884/288/301 
f 3874/353/307 4064/354/307 4067/355/307 3875/356/307 
f 3875/353/287 4067/354/287 4068/355/287 3876/356/287 
f 3876/353/300 4068/354/300 4069/355/300 3872/356/300 
f 3872/353/302 4069/354/302 4070/355/302 3877/356/302 
f 3877/353/284 4070/354/284 4071/355/284 3869/356/284 
f 3869/353/297 4071/354/297 4072/355/297 3878/356/297 
f 3878/353/296 4072/354/296 4065/355/296 3866/356/296 
f 4073/285/296 4074/286/296 3899/287/296 3898/288/296 
f 3901/285/44 3900/286/44 4075/287/44 4055/288/44 
f 3907/285/44 3906/286/44 4076/287/44 4022/288/44 
f 4020/285/282 4077/286/282 3909/287/282 3908/288/282 
f 4078/289/50 4012/337/50 3759/338/50 4079/344/50 
f 3759/338/49 3662/340/49 3661/341/49 4011/342/49 
f 3661/341/43 3758/301/43 4011/342/43 
f 3759/338/43 4011/342/43 4080/343/43 4079/344/43 
f 4078/289/50 4079/344/50 4081/345/50 4082/313/50 
f 4083/348/50 4084/349/50 3910/325/50 4077/351/50 
f 3910/325/50 3909/350/50 4077/351/50 
f 4085/347/50 4083/348/50 4077/351/50 4086/346/50 
f 4086/346/50 4077/351/50 4087/339/50 4082/313/50 
f 4078/289/50 4082/313/50 4087/339/50 4088/352/50 
f 3911/285/44 3910/286/44 4084/287/44 4006/288/44 
f 4004/285/282 4089/286/282 3913/287/282 3912/288/282 
f 3914/289/49 3913/337/49 4089/338/49 4090/339/49 
f 4089/338/43 4091/340/43 4092/341/43 4093/350/43 
f 4092/341/43 4094/301/43 4010/342/43 4095/349/43 
f 4010/342/50 3755/343/50 3658/344/50 3995/346/50 
f 3658/344/50 3657/345/50 3754/313/50 3995/346/50 
f 4010/342/43 3995/346/43 4096/347/43 4097/348/43 
f 4010/342/43 4097/348/43 4095/349/43 
f 4092/341/43 4095/349/43 4098/325/43 4093/350/43 
f 4089/338/43 4093/350/43 4099/351/43 4090/339/43 
f 3914/289/49 4090/339/49 4100/352/49 
f 3915/285/44 3914/286/44 4100/287/44 3990/288/44 
f 3988/285/296 3976/286/296 3917/287/296 3916/288/296 
f 3921/285/44 3920/286/44 3954/287/44 3948/288/44 
f 3966/353/307 3952/354/307 3944/355/307 3965/356/307 
f 3981/285/300 3980/286/300 3979/287/300 3983/288/300 
f 3995/353/275 3994/354/275 3982/355/275 4096/356/275 
f 3998/285/286 4010/286/286 4094/287/286 3999/288/286 
f 4011/353/307 3996/354/307 3997/355/307 4080/356/307 
f 4013/285/286 4012/286/286 4078/287/286 4015/288/286 
f 4027/353/307 4026/354/307 4014/355/307 4101/356/307 
f 4030/289/50 4029/337/50 4028/338/50 4102/313/50 
f 4028/338/43 3763/340/43 3666/341/43 4027/343/43 
f 3666/341/43 3665/301/43 3762/342/43 4027/343/43 
f 4028/338/50 4027/343/50 4101/344/50 4103/345/50 
f 4028/338/50 4103/345/50 4102/313/50 
f 4030/289/50 4102/313/50 4104/346/50 4105/347/50 
f 4106/349/50 4076/325/50 3906/350/50 4032/339/50 
f 3906/350/50 3905/351/50 4032/339/50 
f 4107/348/50 4106/349/50 4032/339/50 4105/347/50 
f 4030/289/50 4105/347/50 4032/339/50 4031/352/50 
f 4061/353/274 4060/354/274 4059/355/274 4108/356/274 
f 4109/342/43 4075/343/43 3900/344/43 4074/313/43 
f 3900/344/50 3899/345/50 4074/313/50 
f 4110/301/43 4109/342/43 4074/313/43 4111/341/43 
f 4074/313/43 4112/346/43 4113/347/43 4111/341/43 
f 4114/340/49 4111/341/49 4113/347/49 4115/338/49 
f 4113/347/49 4116/348/49 4062/349/49 4115/338/49 
f 4117/337/43 4115/338/43 4062/349/43 4108/289/43 
f 4062/349/43 3859/325/43 3682/350/43 4061/352/43 
f 3682/350/43 3681/351/43 3858/339/43 4061/352/43 
f 4108/289/43 4062/349/43 4061/352/43 
f 4063/285/300 4062/286/300 4116/287/300 4118/288/300 
f 4064/338/47 3861/340/47 3684/341/47 4067/337/47 
f 3684/341/47 3683/301/47 3860/342/47 4067/337/47 
f 4068/289/47 4067/337/47 3860/342/47 4118/344/47 
f 3860/342/69 4063/343/69 4118/344/69 
f 4118/344/47 4119/345/47 4120/313/47 4070/339/47 
f 4120/313/47 4073/346/47 3898/347/47 4065/325/47 
f 3898/347/47 3897/348/47 4066/349/47 4065/325/47 
f 4120/313/47 4065/325/47 4072/350/47 4071/351/47 
f 4120/313/47 4071/351/47 4070/339/47 
f 4118/344/47 4070/339/47 4069/352/47 4068/289/47 
f 4120/285/297 4112/286/297 4074/287/297 4073/288/297 
f 4109/353/278 4054/354/278 4055/355/278 4075/356/278 
f 4106/353/278 4021/354/278 4022/355/278 4076/356/278 
f 4018/285/283 4087/286/283 4077/287/283 4020/288/283 
f 4083/353/278 4005/354/278 4006/355/278 4084/356/278 
f 4002/285/283 4091/286/283 4089/287/283 4004/288/283 
f 4090/353/278 3989/354/278 3990/355/278 4100/356/278 
f 3986/285/297 3977/286/297 3976/287/297 3988/288/297 
f 3953/353/277 3947/354/277 3948/355/277 3954/356/277 
f 3965/353/287 3944/354/287 3945/355/287 3964/356/287 
f 4096/353/301 3982/354/301 3984/355/301 4097/356/301 
f 3983/285/285 3979/286/285 3978/287/285 3985/288/285 
f 4080/353/287 3997/354/287 4000/355/287 4079/356/287 
f 3999/285/285 4094/286/285 4092/287/285 4001/288/285 
f 4101/353/301 4014/354/301 4016/355/301 4103/356/301 
f 4015/285/285 4078/286/285 4088/287/285 4017/288/285 
f 4108/353/287 4059/354/287 4058/355/287 4117/356/287 
f 4118/285/302 4116/286/302 4113/287/302 4119/288/302 
f 4119/285/298 4113/286/298 4112/287/298 4120/288/298 
f 4110/353/282 4053/354/282 4054/355/282 4109/356/282 
f 4107/353/296 4023/354/296 4021/355/296 4106/356/296 
f 4017/285/284 4088/286/284 4087/287/284 4018/288/284 
f 4085/353/296 4007/354/296 4005/355/296 4083/356/296 
f 4001/285/284 4092/286/284 4091/287/284 4002/288/284 
f 4099/353/296 3991/354/296 3989/355/296 4090/356/296 
f 3985/285/298 3978/286/298 3977/287/298 3986/288/298 
f 3956/353/296 3949/354/296 3947/355/296 3953/356/296 
f 3957/353/297 3950/354/297 3949/355/297 3956/356/297 
f 3960/353/298 3946/354/298 3950/355/298 3957/356/298 
f 3961/353/302 3951/354/302 3946/355/302 3960/356/302 
f 3964/353/286 3945/354/286 3951/355/286 3961/356/286 
f 4097/353/286 3984/354/286 3993/355/286 4095/356/286 
f 4079/353/300 4000/354/300 4009/355/300 4081/356/300 
f 4103/353/286 4016/354/286 4025/355/286 4102/356/286 
f 4102/353/302 4025/354/302 4019/355/302 4104/356/302 
f 4104/353/298 4019/354/298 4024/355/298 4105/356/298 
f 4105/353/297 4024/354/297 4023/355/297 4107/356/297 
f 4111/353/297 4056/354/297 4053/355/297 4110/356/297 
f 4114/353/298 4057/354/298 4056/355/298 4111/356/298 
f 4115/353/308 4052/354/308 4057/355/308 4114/356/308 
f 4117/353/300 4058/354/300 4052/355/300 4115/356/300 
f 4086/353/297 4008/354/297 4007/355/297 4085/356/297 
f 4093/353/297 3992/354/297 3991/355/297 4099/356/297 
f 4095/353/302 3993/354/302 3987/355/302 4098/356/302 
f 4081/353/302 4009/354/302 4003/355/302 4082/356/302 
f 4082/353/298 4003/354/298 4008/355/298 4086/356/298 
f 4098/353/298 3987/354/298 3992/355/298 4093/356/298 
f 3896/285/110 3691/286/110 3707/287/110 3895/288/110 
f 4121/285/44 4122/286/44 4123/287/44 4124/288/44 
f 4122/285/70 4125/286/70 4126/287/70 4123/288/70 
f 4125/285/42 4127/286/42 4128/287/42 4126/288/42 
f 4127/285/49 4121/286/49 4124/287/49 4128/288/49 
f 4124/285/23 4123/286/23 4126/287/23 4128/288/23 
f 4127/285/18 4125/286/18 4122/287/18 4121/288/18 
f 4129/285/267 4130/286/267 4131/287/267 4132/288/267 
f 4133/285/47 4134/286/47 4130/287/47 4129/288/47 
f 4131/285/23 4130/286/23 4134/287/23 4135/288/23 
f 4132/285/50 4131/286/50 4135/287/50 4136/288/50 
f 4136/285/268 4135/286/268 4134/287/268 4133/288/268 
f 4133/285/269 4129/286/269 4132/287/269 4136/288/269 
f 4137/285/117 4138/286/117 4139/287/117 4140/288/117 
f 4138/285/47 4141/286/47 4142/287/47 4139/288/47 
f 4141/285/357 4143/286/357 4144/287/357 4142/288/357 
f 4143/285/50 4137/286/50 4140/287/50 4144/288/50 
f 4140/285/21 4139/286/21 4142/287/21 4144/288/21 
f 4143/285/15 4141/286/15 4138/287/15 4137/288/15 
f 4145/285/267 4146/286/267 4147/287/267 4148/288/267 
f 4149/285/47 4150/286/47 4146/287/47 4145/288/47 
f 4147/285/23 4146/286/23 4150/287/23 4151/288/23 
f 4148/285/50 4147/286/50 4151/287/50 4152/288/50 
f 4152/285/268 4151/286/268 4150/287/268 4149/288/268 
f 4149/285/269 4145/286/269 4148/287/269 4152/288/269 
f 4153/285/267 4154/286/267 4155/287/267 4156/288/267 
f 4157/285/47 4158/286/47 4154/287/47 4153/288/47 
f 4155/285/23 4154/286/23 4158/287/23 4159/288/23 
f 4156/285/50 4155/286/50 4159/287/50 4160/288/50 
f 4160/285/268 4159/286/268 4158/287/268 4157/288/268 
f 4157/285/269 4153/286/269 4156/287/269 4160/288/269 
f 4161/285/117 4162/286/117 4163/287/117 4164/288/117 
f 4162/285/47 4165/286/47 4166/287/47 4163/288/47 
f 4165/285/309 4167/286/309 4168/287/309 4166/288/309 
f 4167/285/50 4161/286/50 4164/287/50 4168/288/50 
f 4164/285/21 4163/286/21 4166/287/21 4168/288/21 
f 4167/285/15 4165/286/15 4162/287/15 4161/288/15 
f 4169/443/270 4170/444/270 4171/445/270 4172/446/270 
f 4173/447/50 4174/448/50 4175/449/50 4176/450/50 
f 4173/447/43 4176/450/43 4177/451/43 4178/452/43 
f 4173/447/43 4178/452/43 4179/453/43 4180/454/43 
f 4173/447/50 4180/454/50 4170/455/50 4169/456/50 
f 4173/447/50 4169/456/50 4181/457/50 
f 4171/443/275 4170/444/275 4180/445/275 4182/446/275 
f 4172/447/47 4171/448/47 4182/449/47 4183/450/47 
f 4172/447/47 4183/450/47 4184/451/47 4185/452/47 
f 4172/447/47 4185/452/47 4186/453/47 4187/454/47 
f 4172/447/153 4187/454/153 4188/455/153 4189/456/153 
f 4172/447/47 4189/456/47 4190/457/47 
f 4189/443/277 4188/444/277 4174/445/277 4173/446/277 
f 4187/443/282 4175/444/282 4174/445/282 4188/446/282 
f 4186/443/283 4176/444/283 4175/445/283 4187/446/283 
f 4185/443/284 4177/444/284 4176/445/284 4186/446/284 
f 4184/443/308 4178/444/308 4177/445/308 4185/446/308 
f 4183/443/286 4179/444/286 4178/445/286 4184/446/286 
f 4182/443/301 4180/444/301 4179/445/301 4183/446/301 
f 4190/443/358 4189/444/358 4173/445/358 4181/446/358 
f 4181/443/21 4169/444/21 4172/445/21 4190/446/21 
f 4191/285/270 4192/286/270 4193/287/270 4194/288/270 
f 4194/285/23 4195/286/23 4196/287/23 4191/288/23 
f 4197/289/43 4198/337/43 4199/338/43 4200/339/43 
f 4199/338/43 4201/340/43 4202/341/43 4203/342/43 
f 4202/341/50 4204/301/50 4203/342/50 
f 4203/342/50 4205/343/50 4192/344/50 4196/313/50 
f 4192/344/103 4191/345/103 4196/313/103 
f 4203/342/103 4196/313/103 4206/346/103 4207/347/103 
f 4203/342/49 4207/347/49 4208/348/49 4209/349/49 
f 4199/338/50 4203/342/50 4209/349/50 4210/325/50 
f 4199/338/43 4210/325/43 4211/350/43 4212/351/43 
f 4199/338/103 4212/351/103 4200/339/103 
f 4197/289/43 4200/339/43 4213/352/43 
f 4193/285/275 4192/286/275 4205/287/275 4214/288/275 
f 4215/344/47 4195/345/47 4194/313/47 4216/343/47 
f 4217/342/47 4216/343/47 4194/313/47 4218/349/47 
f 4194/313/47 4193/346/47 4214/347/47 4218/349/47 
f 4214/347/47 4219/348/47 4218/349/47 
f 4220/301/47 4217/342/47 4218/349/47 4221/341/47 
f 4222/340/153 4221/341/153 4218/349/153 4223/338/153 
f 4218/349/69 4224/325/69 4225/350/69 4226/339/69 
f 4225/350/305 4227/351/305 4226/339/305 
f 4223/338/69 4218/349/69 4226/339/69 4228/337/69 
f 4229/289/69 4228/337/69 4226/339/69 4230/352/69 
f 4195/285/359 4215/286/359 4206/287/359 4196/288/359 
f 4230/285/277 4226/286/277 4198/287/277 4197/288/277 
f 4227/285/282 4199/286/282 4198/287/282 4226/288/282 
f 4225/285/283 4201/286/283 4199/287/283 4227/288/283 
f 4224/285/284 4202/286/284 4201/287/284 4225/288/284 
f 4218/285/308 4204/286/308 4202/287/308 4224/288/308 
f 4219/285/286 4203/286/286 4204/287/286 4218/288/286 
f 4214/285/301 4205/286/301 4203/287/301 4219/288/301 
f 4215/285/360 4216/286/360 4207/287/360 4206/288/360 
f 4216/285/289 4217/286/289 4208/287/289 4207/288/289 
f 4217/285/290 4220/286/290 4209/287/290 4208/288/290 
f 4220/285/361 4221/286/361 4210/287/361 4209/288/361 
f 4221/285/292 4222/286/292 4211/287/292 4210/288/292 
f 4222/285/293 4223/286/293 4212/287/293 4211/288/293 
f 4223/285/294 4228/286/294 4200/287/294 4212/288/294 
f 4213/285/295 4200/286/295 4228/287/295 4229/288/295 
f 4230/285/110 4197/286/110 4213/287/110 4229/288/110 
f 4231/285/267 4232/286/267 4233/287/267 4234/288/267 
f 4235/285/47 4236/286/47 4232/287/47 4231/288/47 
f 4233/285/23 4232/286/23 4236/287/23 4237/288/23 
f 4234/285/50 4233/286/50 4237/287/50 4238/288/50 
f 4238/285/268 4237/286/268 4236/287/268 4235/288/268 
f 4235/285/269 4231/286/269 4234/287/269 4238/288/269 
f 4239/285/362 4240/286/362 4241/287/362 4242/288/362 
f 4243/289/47 4244/341/47 4240/344/47 4239/347/47 
f 4243/289/47 4239/347/47 4245/350/47 
f 4241/285/23 4240/286/23 4244/287/23 4246/288/23 
f 4242/289/43 4241/341/43 4246/344/43 4247/347/43 
f 4242/289/43 4247/347/43 4248/350/43 
f 4247/285/358 4246/286/358 4244/287/358 4243/288/358 
f 4245/285/285 4248/286/285 4247/287/285 4243/288/285 
f 4248/285/286 4245/286/286 4239/287/286 4242/288/286 
f 4249/285/362 4250/286/362 4251/287/362 4252/288/362 
f 4253/285/47 4254/286/47 4250/287/47 4249/288/47 
f 4251/285/23 4250/286/23 4254/287/23 4255/288/23 
f 4252/285/43 4251/286/43 4255/287/43 4256/288/43 
f 4256/285/358 4255/286/358 4254/287/358 4253/288/358 
f 4253/285/284 4249/286/284 4252/287/284 4256/288/284 
f 4257/285/362 4258/286/362 4259/287/362 4260/288/362 
f 4261/285/47 4262/286/47 4258/287/47 4257/288/47 
f 4259/285/23 4258/286/23 4262/287/23 4263/288/23 
f 4260/285/43 4259/286/43 4263/287/43 4264/288/43 
f 4264/285/358 4263/286/358 4262/287/358 4261/288/358 
f 4257/285/283 4260/286/283 4264/287/283 4261/288/283 
f 4265/285/362 4266/286/362 4267/287/362 4268/288/362 
f 4269/289/47 4270/341/47 4266/344/47 4265/347/47 
f 4269/289/47 4265/347/47 4271/350/47 
f 4267/285/23 4266/286/23 4270/287/23 4272/288/23 
f 4268/289/50 4267/341/50 4272/344/50 4273/347/50 
f 4268/289/43 4273/347/43 4274/350/43 
f 4273/285/358 4272/286/358 4270/287/358 4269/288/358 
f 4271/285/277 4274/286/277 4273/287/277 4269/288/277 
f 4274/285/363 4271/286/363 4265/287/363 4268/288/363 
f 4275/285/362 4276/286/362 4277/287/362 4278/288/362 
f 4279/285/47 4280/286/47 4276/287/47 4275/288/47 
f 4277/285/23 4276/286/23 4280/287/23 4281/288/23 
f 4278/285/43 4277/286/43 4281/287/43 4282/288/43 
f 4282/285/358 4281/286/358 4280/287/358 4279/288/358 
f 4275/285/277 4278/286/277 4282/287/277 4279/288/277 
f 4283/285/362 4284/286/362 4285/287/362 4286/288/362 
f 4287/285/47 4288/286/47 4284/287/47 4283/288/47 
f 4285/285/23 4284/286/23 4288/287/23 4289/288/23 
f 4286/285/43 4285/286/43 4289/287/43 4290/288/43 
f 4290/285/358 4289/286/358 4288/287/358 4287/288/358 
f 4287/285/277 4283/286/277 4286/287/277 4290/288/277 
f 4291/285/362 4292/286/362 4293/287/362 4294/288/362 
f 4295/285/47 4296/286/47 4292/287/47 4291/288/47 
f 4293/285/23 4292/286/23 4296/287/23 4297/288/23 
f 4294/285/43 4293/286/43 4297/287/43 4298/288/43 
f 4298/285/358 4297/286/358 4296/287/358 4295/288/358 
f 4291/285/277 4294/286/277 4298/287/277 4295/288/277 
f 4299/285/362 4300/286/362 4301/287/362 4302/288/362 
f 4303/285/47 4304/286/47 4300/287/47 4299/288/47 
f 4301/285/23 4300/286/23 4304/287/23 4305/288/23 
f 4302/285/43 4301/286/43 4305/287/43 4306/288/43 
f 4306/285/358 4305/286/358 4304/287/358 4303/288/358 
f 4303/285/277 4299/286/277 4302/287/277 4306/288/277 
f 4307/285/362 4308/286/362 4309/287/362 4310/288/362 
f 4311/285/47 4312/286/47 4308/287/47 4307/288/47 
f 4309/285/23 4308/286/23 4312/287/23 4313/288/23 
f 4310/285/43 4309/286/43 4313/287/43 4314/288/43 
f 4314/285/358 4313/286/358 4312/287/358 4311/288/358 
f 4314/285/277 4311/286/277 4307/287/277 4310/288/277 
f 4315/285/362 4316/286/362 4317/287/362 4318/288/362 
f 4319/285/47 4320/286/47 4316/287/47 4315/288/47 
f 4317/285/23 4316/286/23 4320/287/23 4321/288/23 
f 4318/285/43 4317/286/43 4321/287/43 4322/288/43 
f 4322/285/358 4321/286/358 4320/287/358 4319/288/358 
f 4315/285/277 4318/286/277 4322/287/277 4319/288/277 
f 4323/285/362 4324/286/362 4325/287/362 4326/288/362 
f 4327/285/47 4328/286/47 4324/287/47 4323/288/47 
f 4325/285/23 4324/286/23 4328/287/23 4329/288/23 
f 4326/285/43 4325/286/43 4329/287/43 4330/288/43 
f 4330/285/358 4329/286/358 4328/287/358 4327/288/358 
f 4327/285/277 4323/286/277 4326/287/277 4330/288/277 
f 4331/285/362 4332/286/362 4333/287/362 4334/288/362 
f 4335/285/47 4336/286/47 4332/287/47 4331/288/47 
f 4333/285/21 4332/286/21 4336/287/21 4337/288/21 
f 4334/285/43 4333/286/43 4337/287/43 4338/288/43 
f 4338/285/358 4337/286/358 4336/287/358 4335/288/358 
f 4335/285/277 4331/286/277 4334/287/277 4338/288/277 
f 4339/285/362 4340/286/362 4341/287/362 4342/288/362 
f 4343/285/47 4344/286/47 4340/287/47 4339/288/47 
f 4341/285/21 4340/286/21 4344/287/21 4345/288/21 
f 4342/285/43 4341/286/43 4345/287/43 4346/288/43 
f 4346/285/358 4345/286/358 4344/287/358 4343/288/358 
f 4342/285/277 4346/286/277 4343/287/277 4339/288/277 
f 4347/285/362 4348/286/362 4349/287/362 4350/288/362 
f 4351/285/47 4352/286/47 4348/287/47 4347/288/47 
f 4349/285/23 4348/286/23 4352/287/23 4353/288/23 
f 4350/285/43 4349/286/43 4353/287/43 4354/288/43 
f 4354/285/358 4353/286/358 4352/287/358 4351/288/358 
f 4347/285/277 4350/286/277 4354/287/277 4351/288/277 
f 4355/289/271 4356/290/271 4357/291/271 4358/292/271 
f 4359/293/270 4360/294/270 4361/295/270 4362/296/270 
f 4363/297/271 4364/298/271 4365/299/271 4366/300/271 
f 4367/301/271 4368/302/271 4369/303/271 4370/304/271 
f 4371/305/270 4372/306/270 4373/307/270 4374/308/270 
f 4375/309/270 4376/310/270 4377/311/270 4378/312/270 
f 4379/313/270 4380/314/270 4381/315/270 4382/316/270 
f 4383/317/271 4384/318/271 4385/319/271 4386/320/271 
f 4387/321/270 4388/322/270 4389/323/270 4390/324/270 
f 4391/325/271 4392/326/271 4393/327/271 4394/328/271 
f 4395/329/271 4396/330/271 4397/331/271 4398/332/271 
f 4399/333/270 4400/334/270 4401/335/270 4402/336/270 
f 4398/332/271 4399/333/271 4402/336/271 4395/329/271 
f 4394/328/271 4395/329/271 4402/336/271 4391/325/271 
f 4390/324/270 4391/325/270 4402/336/270 4387/321/270 
f 4386/320/270 4387/321/270 4402/336/270 4383/317/270 
f 4382/316/270 4383/317/270 4402/336/270 4379/313/270 
f 4378/312/270 4379/313/270 4402/336/270 4375/309/270 
f 4374/308/270 4375/309/270 4402/336/270 4371/305/270 
f 4370/304/271 4371/305/271 4402/336/271 4367/301/271 
f 4366/300/271 4367/301/271 4402/336/271 4363/297/271 
f 4362/296/272 4363/297/272 4402/336/272 4359/293/272 
f 4358/292/271 4359/293/271 4402/336/271 4355/289/271 
f 4403/285/21 4355/286/21 4402/287/21 4404/288/21 
f 4405/289/49 4406/337/49 4407/338/49 4408/339/49 
f 4407/338/50 4409/340/50 4410/341/50 4411/342/50 
f 4410/341/43 4412/301/43 4411/342/43 
f 4411/342/43 4413/343/43 4356/344/43 4403/313/43 
f 4356/344/43 4355/345/43 4403/313/43 
f 4411/342/43 4403/313/43 4414/346/43 4415/347/43 
f 4411/342/49 4415/347/49 4416/348/49 4417/349/49 
f 4411/342/43 4417/349/43 4418/325/43 4407/338/43 
f 4407/338/43 4418/325/43 4419/350/43 4420/351/43 
f 4407/338/43 4420/351/43 4408/339/43 
f 4405/289/49 4408/339/49 4421/352/49 
f 4357/285/273 4356/286/273 4413/287/273 4422/288/273 
f 4359/285/18 4358/286/18 4423/287/18 4424/288/18 
f 4425/337/50 4426/338/50 4427/340/50 4428/352/50 
f 4427/340/43 4429/341/43 4430/301/43 4431/351/43 
f 4430/301/43 4432/342/43 4433/343/43 4434/325/43 
f 4433/343/50 4435/344/50 4360/345/50 4436/347/50 
f 4360/345/49 4359/313/49 4424/346/49 4436/347/49 
f 4433/343/43 4436/347/43 4437/348/43 4438/349/43 
f 4433/343/43 4438/349/43 4434/325/43 
f 4430/301/43 4434/325/43 4439/350/43 4431/351/43 
f 4427/340/103 4431/351/103 4440/339/103 4428/352/103 
f 4441/289/43 4425/337/43 4428/352/43 
f 4361/285/274 4360/286/274 4435/287/274 4442/288/274 
f 4363/285/18 4362/286/18 4443/287/18 4444/288/18 
f 4365/285/307 4364/286/307 4445/287/307 4446/288/307 
f 4366/289/47 4365/337/47 4446/338/47 4447/351/47 
f 4446/338/47 4448/340/47 4449/341/47 4450/350/47 
f 4449/341/70 4451/301/70 4452/342/70 4453/349/70 
f 4452/342/153 4454/343/153 4455/344/153 4456/346/153 
f 4455/344/47 4457/345/47 4458/313/47 4456/346/47 
f 4452/342/153 4456/346/153 4459/347/153 4460/348/153 
f 4452/342/70 4460/348/70 4453/349/70 
f 4449/341/70 4453/349/70 4461/325/70 4450/350/70 
f 4446/338/47 4450/350/47 4447/351/47 
f 4366/289/47 4447/351/47 4462/339/47 4463/352/47 
f 4367/285/18 4366/286/18 4463/287/18 4464/288/18 
f 4369/285/307 4368/286/307 4465/287/307 4466/288/307 
f 4371/285/18 4370/286/18 4467/287/18 4468/288/18 
f 4373/285/274 4372/286/274 4469/287/274 4470/288/274 
f 4375/285/18 4374/286/18 4471/287/18 4472/288/18 
f 4377/285/274 4376/286/274 4473/287/274 4474/288/274 
f 4379/285/18 4378/286/18 4475/287/18 4476/288/18 
f 4381/285/274 4380/286/274 4477/287/274 4478/288/274 
f 4382/289/69 4381/337/69 4478/338/69 4479/351/69 
f 4478/338/47 4480/340/47 4481/341/47 4482/350/47 
f 4481/341/47 4483/301/47 4484/342/47 4485/349/47 
f 4484/342/69 4486/343/69 4487/344/69 4488/346/69 
f 4487/344/70 4489/345/70 4490/313/70 4488/346/70 
f 4484/342/47 4488/346/47 4491/347/47 4492/348/47 
f 4484/342/47 4492/348/47 4485/349/47 
f 4481/341/69 4485/349/69 4493/325/69 4482/350/69 
f 4478/338/69 4482/350/69 4479/351/69 
f 4382/289/47 4479/351/47 4494/339/47 4495/352/47 
f 4383/285/18 4382/286/18 4495/287/18 4496/288/18 
f 4497/337/49 4498/338/49 4499/340/49 4500/352/49 
f 4499/340/49 4501/341/49 4502/301/49 4503/351/49 
f 4502/301/43 4504/342/43 4505/343/43 4506/325/43 
f 4505/343/50 4507/344/50 4384/345/50 4508/347/50 
f 4384/345/49 4383/313/49 4496/346/49 4508/347/49 
f 4505/343/43 4508/347/43 4509/348/43 4510/349/43 
f 4505/343/103 4510/349/103 4506/325/103 
f 4502/301/50 4506/325/50 4511/350/50 4503/351/50 
f 4499/340/49 4503/351/49 4512/339/49 4500/352/49 
f 4513/289/49 4497/337/49 4500/352/49 
f 4385/285/307 4384/286/307 4507/287/307 4514/288/307 
f 4386/289/47 4385/337/47 4514/338/47 4515/351/47 
f 4514/338/47 4516/340/47 4517/341/47 4518/350/47 
f 4517/341/70 4519/301/70 4520/342/70 4521/349/70 
f 4520/342/47 4522/343/47 4523/344/47 4524/346/47 
f 4523/344/70 4525/345/70 4526/313/70 4524/346/70 
f 4520/342/69 4524/346/69 4527/347/69 4528/348/69 
f 4520/342/70 4528/348/70 4521/349/70 
f 4517/341/153 4521/349/153 4529/325/153 4518/350/153 
f 4514/338/47 4518/350/47 4515/351/47 
f 4386/289/69 4515/351/69 4530/339/69 4531/352/69 
f 4387/285/18 4386/286/18 4531/287/18 4532/288/18 
f 4389/285/274 4388/286/274 4533/287/274 4534/288/274 
f 4390/289/47 4389/337/47 4534/338/47 4535/351/47 
f 4534/338/47 4536/340/47 4537/341/47 4538/350/47 
f 4537/341/70 4539/301/70 4540/342/70 4541/349/70 
f 4540/342/47 4542/343/47 4543/344/47 4544/346/47 
f 4543/344/70 4545/345/70 4546/313/70 4544/346/70 
f 4540/342/69 4544/346/69 4547/347/69 4548/348/69 
f 4540/342/70 4548/348/70 4541/349/70 
f 4537/341/70 4541/349/70 4549/325/70 4538/350/70 
f 4534/338/47 4538/350/47 4535/351/47 
f 4390/289/47 4535/351/47 4550/339/47 4551/352/47 
f 4391/285/18 4390/286/18 4551/287/18 4552/288/18 
f 4553/337/49 4554/338/49 4555/340/49 4556/352/49 
f 4555/340/103 4557/341/103 4558/301/103 4559/351/103 
f 4558/301/49 4560/342/49 4561/343/49 4562/325/49 
f 4561/343/43 4563/344/43 4392/345/43 4564/347/43 
f 4392/345/43 4391/313/43 4552/346/43 4564/347/43 
f 4561/343/43 4564/347/43 4565/348/43 4566/349/43 
f 4561/343/43 4566/349/43 4562/325/43 
f 4558/301/49 4562/325/49 4567/350/49 4559/351/49 
f 4555/340/103 4559/351/103 4568/339/103 4556/352/103 
f 4569/289/49 4553/337/49 4556/352/49 
f 4393/285/307 4392/286/307 4563/287/307 4570/288/307 
f 4395/285/18 4394/286/18 4571/287/18 4572/288/18 
f 4397/285/274 4396/286/274 4573/287/274 4574/288/274 
f 4399/285/18 4398/286/18 4575/287/18 4576/288/18 
f 4577/337/43 4578/338/43 4579/340/43 4580/352/43 
f 4579/340/43 4581/341/43 4582/301/43 4583/351/43 
f 4582/301/49 4584/342/49 4585/343/49 4586/325/49 
f 4585/343/50 4587/344/50 4400/345/50 4588/347/50 
f 4400/345/43 4399/313/43 4576/346/43 4588/347/43 
f 4585/343/43 4588/347/43 4589/348/43 4590/349/43 
f 4585/343/43 4590/349/43 4586/325/43 
f 4582/301/49 4586/325/49 4591/350/49 4583/351/49 
f 4579/340/103 4583/351/103 4592/339/103 4580/352/103 
f 4593/289/49 4577/337/49 4580/352/49 
f 4401/285/275 4400/286/275 4587/287/275 4594/288/275 
f 4595/344/47 4404/345/47 4402/313/47 4596/343/47 
f 4402/313/47 4401/346/47 4594/347/47 4597/349/47 
f 4594/347/69 4598/348/69 4597/349/69 
f 4596/343/69 4402/313/69 4597/349/69 4599/342/69 
f 4600/301/153 4599/342/153 4597/349/153 4601/341/153 
f 4602/340/69 4601/341/69 4597/349/69 4603/339/69 
f 4597/349/47 4604/325/47 4605/350/47 4603/339/47 
f 4605/350/69 4606/351/69 4603/339/69 
f 4607/338/47 4602/340/47 4603/339/47 4608/337/47 
f 4609/289/47 4608/337/47 4603/339/47 4610/352/47 
f 4414/285/276 4403/286/276 4404/287/276 4595/288/276 
f 4611/292/278 4612/293/278 4613/294/278 4614/295/278 
f 4615/296/278 4616/297/278 4554/298/278 4553/299/278 
f 4545/300/278 4543/301/278 4617/302/278 4618/303/278 
f 4525/304/278 4523/305/278 4498/306/278 4497/307/278 
f 4489/308/278 4487/309/278 4619/310/278 4620/311/278 
f 4621/312/277 4622/313/277 4623/314/277 4624/315/277 
f 4625/316/279 4626/317/279 4627/318/279 4628/319/279 
f 4629/320/278 4630/321/278 4631/322/278 4632/323/278 
f 4457/324/277 4455/325/277 4633/326/277 4634/327/277 
f 4635/328/277 4636/329/277 4426/330/277 4425/331/277 
f 4637/332/277 4638/333/277 4406/334/277 4405/335/277 
f 4425/331/277 4637/332/277 4405/335/277 4635/328/277 
f 4634/327/277 4635/328/277 4405/335/277 4457/324/277 
f 4632/323/278 4457/324/278 4405/335/278 4629/320/278 
f 4628/319/280 4629/320/280 4405/335/280 4625/316/280 
f 4624/315/281 4625/316/281 4405/335/281 4621/312/281 
f 4620/311/277 4621/312/277 4405/335/277 4489/308/277 
f 4497/307/277 4489/308/277 4405/335/277 4525/304/277 
f 4618/303/278 4525/304/278 4405/335/278 4545/300/278 
f 4553/299/277 4545/300/277 4405/335/277 4615/296/277 
f 4614/295/277 4615/296/277 4405/335/277 4611/292/277 
f 4577/291/277 4611/292/277 4405/335/277 4610/336/277 
f 4578/290/278 4577/291/278 4610/336/278 4603/289/278 
f 4639/285/282 4407/286/282 4406/287/282 4638/288/282 
f 4640/285/283 4409/286/283 4407/287/283 4639/288/283 
f 4641/285/284 4410/286/284 4409/287/284 4640/288/284 
f 4642/285/308 4412/286/308 4410/287/308 4641/288/308 
f 4643/285/286 4411/286/286 4412/287/286 4642/288/286 
f 4422/285/287 4413/286/287 4411/287/287 4643/288/287 
f 4595/285/288 4596/286/288 4415/287/288 4414/288/288 
f 4596/285/364 4599/286/364 4416/287/364 4415/288/364 
f 4599/285/365 4600/286/365 4417/287/365 4416/288/365 
f 4600/285/366 4601/286/366 4418/287/366 4417/288/366 
f 4601/285/292 4602/286/292 4419/287/292 4418/288/292 
f 4602/285/293 4607/286/293 4420/287/293 4419/288/293 
f 4607/285/294 4608/286/294 4408/287/294 4420/288/294 
f 4608/285/295 4609/286/295 4421/287/295 4408/288/295 
f 4358/337/47 4357/338/47 4422/340/47 4644/339/47 
f 4422/340/70 4643/341/70 4642/301/70 4645/351/70 
f 4642/301/47 4641/342/47 4640/343/47 4646/325/47 
f 4640/343/153 4639/344/153 4638/345/153 4647/347/153 
f 4638/345/47 4637/313/47 4648/346/47 4647/347/47 
f 4640/343/47 4647/347/47 4649/348/47 4650/349/47 
f 4640/343/47 4650/349/47 4646/325/47 
f 4642/301/47 4646/325/47 4651/350/47 4645/351/47 
f 4422/340/70 4645/351/70 4644/339/70 
f 4358/337/47 4644/339/47 4652/352/47 4423/289/47 
f 4424/353/270 4423/354/270 4652/355/270 4436/356/270 
f 4428/353/277 4647/354/277 4648/355/277 4441/356/277 
f 4637/285/44 4425/286/44 4441/287/44 4648/288/44 
f 4653/285/296 4427/286/296 4426/287/296 4636/288/296 
f 4654/285/297 4429/286/297 4427/287/297 4653/288/297 
f 4655/285/284 4430/286/284 4429/287/284 4654/288/284 
f 4656/285/285 4432/286/285 4430/287/285 4655/288/285 
f 4657/285/286 4433/286/286 4432/287/286 4656/288/286 
f 4442/285/301 4435/286/301 4433/287/301 4657/288/301 
f 4436/353/274 4652/354/274 4644/355/274 4437/356/274 
f 4437/353/301 4644/354/301 4645/355/301 4438/356/301 
f 4438/353/286 4645/354/286 4651/355/286 4434/356/286 
f 4434/353/302 4651/354/302 4646/355/302 4439/356/302 
f 4439/353/298 4646/354/298 4650/355/298 4431/356/298 
f 4431/353/297 4650/354/297 4649/355/297 4440/356/297 
f 4440/353/296 4649/354/296 4647/355/296 4428/356/296 
f 4362/337/47 4361/338/47 4442/340/47 4658/339/47 
f 4442/340/47 4657/341/47 4656/301/47 4659/351/47 
f 4656/301/70 4655/342/70 4654/343/70 4660/325/70 
f 4654/343/153 4653/344/153 4636/345/153 4661/347/153 
f 4636/345/47 4635/313/47 4662/346/47 4661/347/47 
f 4654/343/47 4661/347/47 4663/348/47 4664/349/47 
f 4654/343/47 4664/349/47 4660/325/47 
f 4656/301/70 4660/325/70 4665/350/70 4659/351/70 
f 4442/340/47 4659/351/47 4658/339/47 
f 4362/337/47 4658/339/47 4666/352/47 4443/289/47 
f 4667/342/43 4668/343/43 4634/344/43 4669/313/43 
f 4634/344/50 4633/345/50 4669/313/50 
f 4670/301/103 4667/342/103 4669/313/103 4671/341/103 
f 4669/313/43 4672/346/43 4673/347/43 4671/341/43 
f 4674/340/49 4671/341/49 4673/347/49 4675/338/49 
f 4673/347/49 4676/348/49 4677/349/49 4675/338/49 
f 4678/337/43 4675/338/43 4677/349/43 4679/289/43 
f 4677/349/43 4445/325/43 4364/350/43 4680/352/43 
f 4364/350/49 4363/351/49 4444/339/49 4680/352/49 
f 4679/289/43 4677/349/43 4680/352/43 
f 4444/353/270 4443/354/270 4666/355/270 4680/356/270 
f 4446/285/287 4445/286/287 4677/287/287 4448/288/287 
f 4448/285/300 4677/286/300 4676/287/300 4449/288/300 
f 4449/285/299 4676/286/299 4673/287/299 4451/288/299 
f 4451/285/298 4673/286/298 4672/287/298 4452/288/298 
f 4452/285/297 4672/286/297 4669/287/297 4454/288/297 
f 4454/285/296 4669/286/296 4633/287/296 4455/288/296 
f 4457/285/44 4632/286/44 4681/287/44 4458/288/44 
f 4682/353/278 4456/354/278 4458/355/278 4681/356/278 
f 4683/353/296 4459/354/296 4456/355/296 4682/356/296 
f 4684/353/297 4460/354/297 4459/355/297 4683/356/297 
f 4685/353/298 4453/354/298 4460/355/298 4684/356/298 
f 4686/353/285 4461/354/285 4453/355/285 4685/356/285 
f 4687/353/286 4450/354/286 4461/355/286 4686/356/286 
f 4688/353/287 4447/354/287 4450/355/287 4687/356/287 
f 4689/353/307 4462/354/307 4447/355/307 4688/356/307 
f 4464/353/270 4463/354/270 4462/355/270 4689/356/270 
f 4682/341/50 4681/301/50 4632/342/50 4690/344/50 
f 4632/342/43 4631/343/43 4690/344/43 
f 4683/340/50 4682/341/50 4690/344/50 4684/338/50 
f 4690/344/50 4691/345/50 4692/313/50 4684/338/50 
f 4685/337/50 4684/338/50 4692/313/50 4686/289/50 
f 4692/313/50 4693/346/50 4694/347/50 4686/289/50 
f 4694/347/43 4465/348/43 4368/349/43 4689/351/43 
f 4368/349/43 4367/325/43 4464/350/43 4689/351/43 
f 4694/347/50 4689/351/50 4688/339/50 4687/352/50 
f 4686/289/50 4694/347/50 4687/352/50 
f 4466/285/287 4465/286/287 4694/287/287 4695/288/287 
f 4370/337/69 4369/338/69 4466/340/69 4696/339/69 
f 4466/340/47 4695/341/47 4697/301/47 4698/351/47 
f 4697/301/47 4699/342/47 4700/343/47 4701/325/47 
f 4700/343/47 4702/344/47 4630/345/47 4703/347/47 
f 4630/345/47 4629/313/47 4704/346/47 4703/347/47 
f 4700/343/305 4703/347/305 4705/348/305 4706/349/305 
f 4700/343/47 4706/349/47 4701/325/47 
f 4697/301/47 4701/325/47 4707/350/47 4698/351/47 
f 4466/340/69 4698/351/69 4696/339/69 
f 4370/337/69 4696/339/69 4708/352/69 4467/289/69 
f 4468/285/270 4467/286/270 4708/287/270 4709/288/270 
f 4710/337/69 4471/338/69 4374/340/69 4711/289/69 
f 4374/340/69 4373/341/69 4470/301/69 4711/289/69 
f 4470/301/47 4712/342/47 4713/343/47 4714/352/47 
f 4713/343/47 4715/344/47 4716/345/47 4717/351/47 
f 4716/345/47 4718/313/47 4626/346/47 4719/349/47 
f 4626/346/47 4625/347/47 4720/348/47 4719/349/47 
f 4716/345/305 4719/349/305 4721/325/305 4722/350/305 
f 4716/345/47 4722/350/47 4717/351/47 
f 4713/343/47 4717/351/47 4723/339/47 4714/352/47 
f 4711/289/69 4470/301/69 4714/352/69 
f 4470/285/301 4469/286/301 4724/287/301 4712/288/301 
f 4472/285/270 4471/286/270 4710/287/270 4725/288/270 
f 4474/285/301 4473/286/301 4726/287/301 4727/288/301 
f 4378/337/306 4377/338/306 4474/340/306 4728/339/306 
f 4474/340/47 4727/341/47 4729/301/47 4730/351/47 
f 4729/301/47 4731/342/47 4732/343/47 4733/325/47 
f 4732/343/47 4734/344/47 4622/345/47 4735/347/47 
f 4622/345/47 4621/313/47 4736/346/47 4735/347/47 
f 4732/343/305 4735/347/305 4737/348/305 4738/349/305 
f 4732/343/47 4738/349/47 4733/325/47 
f 4729/301/47 4733/325/47 4739/350/47 4730/351/47 
f 4474/340/69 4730/351/69 4728/339/69 
f 4378/337/47 4728/339/47 4740/352/47 4475/289/47 
f 4476/285/270 4475/286/270 4740/287/270 4741/288/270 
f 4478/285/287 4477/286/287 4742/287/287 4480/288/287 
f 4480/285/300 4742/286/300 4743/287/300 4481/288/300 
f 4481/285/308 4743/286/308 4744/287/308 4483/288/308 
f 4483/285/298 4744/286/298 4745/287/298 4484/288/298 
f 4484/285/297 4745/286/297 4746/287/297 4486/288/297 
f 4486/285/296 4746/286/296 4619/287/296 4487/288/296 
f 4489/285/44 4497/286/44 4513/287/44 4490/288/44 
f 4500/353/278 4488/354/278 4490/355/278 4513/356/278 
f 4512/353/296 4491/354/296 4488/355/296 4500/356/296 
f 4503/353/297 4492/354/297 4491/355/297 4512/356/297 
f 4511/353/298 4485/354/298 4492/355/298 4503/356/298 
f 4506/353/299 4493/354/299 4485/355/299 4511/356/299 
f 4510/285/300 4482/286/300 4493/287/300 4506/288/300 
f 4509/285/287 4479/286/287 4482/287/287 4510/288/287 
f 4508/285/273 4494/286/273 4479/287/273 4509/288/273 
f 4496/285/270 4495/286/270 4494/287/270 4508/288/270 
f 4522/285/296 4499/286/296 4498/287/296 4523/288/296 
f 4520/285/283 4501/286/283 4499/287/283 4522/288/283 
f 4519/285/298 4502/286/298 4501/287/298 4520/288/298 
f 4517/285/308 4504/286/308 4502/287/308 4519/288/308 
f 4516/285/286 4505/286/286 4504/287/286 4517/288/286 
f 4514/285/301 4507/286/301 4505/287/301 4516/288/301 
f 4525/285/44 4618/286/44 4747/287/44 4526/288/44 
f 4748/353/278 4524/354/278 4526/355/278 4747/356/278 
f 4749/353/296 4527/354/296 4524/355/296 4748/356/296 
f 4750/353/297 4528/354/297 4527/355/297 4749/356/297 
f 4751/353/298 4521/354/298 4528/355/298 4750/356/298 
f 4752/353/302 4529/354/302 4521/355/302 4751/356/302 
f 4753/285/286 4518/286/286 4529/287/286 4752/288/286 
f 4754/285/287 4515/286/287 4518/287/287 4753/288/287 
f 4755/285/273 4530/286/273 4515/287/273 4754/288/273 
f 4532/285/270 4531/286/270 4530/287/270 4755/288/270 
f 4748/344/50 4747/345/50 4618/313/50 4756/347/50 
f 4618/313/43 4617/346/43 4756/347/43 
f 4749/343/49 4748/344/49 4756/347/49 4750/342/49 
f 4756/347/103 4757/348/103 4758/349/103 4750/342/103 
f 4751/301/43 4750/342/43 4758/349/43 4752/341/43 
f 4758/349/49 4759/325/49 4760/350/49 4752/341/49 
f 4753/340/49 4752/341/49 4760/350/49 4754/338/49 
f 4755/337/50 4754/338/50 4760/350/50 4388/339/50 
f 4760/350/43 4533/351/43 4388/339/43 
f 4532/289/50 4755/337/50 4388/339/50 4387/352/50 
f 4534/285/287 4533/286/287 4760/287/287 4536/288/287 
f 4536/285/300 4760/286/300 4759/287/300 4537/288/300 
f 4537/285/308 4759/286/308 4758/287/308 4539/288/308 
f 4539/285/284 4758/286/284 4757/287/284 4540/288/284 
f 4540/285/283 4757/286/283 4756/287/283 4542/288/283 
f 4542/285/282 4756/286/282 4617/287/282 4543/288/282 
f 4545/285/44 4553/286/44 4569/287/44 4546/288/44 
f 4556/353/278 4544/354/278 4546/355/278 4569/356/278 
f 4568/353/296 4547/354/296 4544/355/296 4556/356/296 
f 4559/353/297 4548/354/297 4547/355/297 4568/356/297 
f 4567/353/298 4541/354/298 4548/355/298 4559/356/298 
f 4562/353/285 4549/354/285 4541/355/285 4567/356/285 
f 4566/353/286 4538/354/286 4549/355/286 4562/356/286 
f 4565/353/301 4535/354/301 4538/355/301 4566/356/301 
f 4564/353/275 4550/354/275 4535/355/275 4565/356/275 
f 4552/353/270 4551/354/270 4550/355/270 4564/356/270 
f 4761/285/296 4555/286/296 4554/287/296 4616/288/296 
f 4762/285/283 4557/286/283 4555/287/283 4761/288/283 
f 4763/285/284 4558/286/284 4557/287/284 4762/288/284 
f 4764/285/299 4560/286/299 4558/287/299 4763/288/299 
f 4765/285/300 4561/286/300 4560/287/300 4764/288/300 
f 4570/285/287 4563/286/287 4561/287/287 4765/288/287 
f 4765/289/70 4764/337/70 4763/338/70 4766/347/70 
f 4763/338/47 4762/340/47 4761/341/47 4767/345/47 
f 4761/341/47 4616/301/47 4615/342/47 4768/344/47 
f 4615/342/153 4769/343/153 4768/344/153 
f 4761/341/153 4768/344/153 4767/345/153 
f 4763/338/47 4767/345/47 4770/313/47 4771/346/47 
f 4763/338/70 4771/346/70 4766/347/70 
f 4765/289/47 4766/347/47 4772/348/47 4773/349/47 
f 4774/325/47 4571/350/47 4394/351/47 4773/349/47 
f 4765/289/47 4773/349/47 4394/351/47 4393/339/47 
f 4765/289/47 4393/339/47 4570/352/47 
f 4572/353/270 4571/354/270 4774/355/270 4775/356/270 
f 4574/285/301 4573/286/301 4776/287/301 4777/288/301 
f 4576/353/270 4575/354/270 4778/355/270 4588/356/270 
f 4580/353/278 4779/354/278 4780/355/278 4593/356/278 
f 4611/285/44 4577/286/44 4593/287/44 4780/288/44 
f 4606/285/296 4579/286/296 4578/287/296 4603/288/296 
f 4605/285/283 4581/286/283 4579/287/283 4606/288/283 
f 4604/285/298 4582/286/298 4581/287/298 4605/288/298 
f 4597/285/299 4584/286/299 4582/287/299 4604/288/299 
f 4598/285/300 4585/286/300 4584/287/300 4597/288/300 
f 4594/285/301 4587/286/301 4585/287/301 4598/288/301 
f 4588/353/307 4778/354/307 4781/355/307 4589/356/307 
f 4589/353/287 4781/354/287 4782/355/287 4590/356/287 
f 4590/353/286 4782/354/286 4783/355/286 4586/356/286 
f 4586/353/302 4783/354/302 4784/355/302 4591/356/302 
f 4591/353/298 4784/354/298 4785/355/298 4583/356/298 
f 4583/353/297 4785/354/297 4786/355/297 4592/356/297 
f 4592/353/296 4786/354/296 4779/355/296 4580/356/296 
f 4787/285/296 4788/286/296 4613/287/296 4612/288/296 
f 4615/285/44 4614/286/44 4789/287/44 4769/288/44 
f 4621/285/44 4620/286/44 4790/287/44 4736/288/44 
f 4734/285/282 4791/286/282 4623/287/282 4622/288/282 
f 4792/289/50 4726/337/50 4473/338/50 4793/344/50 
f 4473/338/43 4376/340/43 4375/341/43 4725/342/43 
f 4375/341/49 4472/301/49 4725/342/49 
f 4473/338/43 4725/342/43 4794/343/43 4793/344/43 
f 4792/289/50 4793/344/50 4795/345/50 4796/313/50 
f 4797/348/50 4798/349/50 4624/325/50 4791/351/50 
f 4624/325/43 4623/350/43 4791/351/43 
f 4799/347/50 4797/348/50 4791/351/50 4800/346/50 
f 4800/346/50 4791/351/50 4801/339/50 4796/313/50 
f 4792/289/50 4796/313/50 4801/339/50 4802/352/50 
f 4625/285/44 4624/286/44 4798/287/44 4720/288/44 
f 4718/285/282 4803/286/282 4627/287/282 4626/288/282 
f 4628/289/49 4627/337/49 4803/338/49 4804/339/49 
f 4803/338/103 4805/340/103 4806/341/103 4807/350/103 
f 4806/341/43 4808/301/43 4724/342/43 4809/349/43 
f 4724/342/50 4469/343/50 4372/344/50 4709/346/50 
f 4372/344/50 4371/345/50 4468/313/50 4709/346/50 
f 4724/342/43 4709/346/43 4810/347/43 4811/348/43 
f 4724/342/43 4811/348/43 4809/349/43 
f 4806/341/43 4809/349/43 4812/325/43 4807/350/43 
f 4803/338/49 4807/350/49 4813/351/49 4804/339/49 
f 4628/289/49 4804/339/49 4814/352/49 
f 4629/285/44 4628/286/44 4814/287/44 4704/288/44 
f 4702/285/282 4690/286/282 4631/287/282 4630/288/282 
f 4635/285/44 4634/286/44 4668/287/44 4662/288/44 
f 4680/353/273 4666/354/273 4658/355/273 4679/356/273 
f 4695/285/300 4694/286/300 4693/287/300 4697/288/300 
f 4709/285/273 4708/286/273 4696/287/273 4810/288/273 
f 4712/285/286 4724/286/286 4808/287/286 4713/288/286 
f 4725/285/307 4710/286/307 4711/287/307 4794/288/307 
f 4727/285/300 4726/286/300 4792/287/300 4729/288/300 
f 4741/285/307 4740/286/307 4728/287/307 4815/288/307 
f 4744/289/50 4743/337/50 4742/338/50 4816/313/50 
f 4742/338/43 4477/340/43 4380/341/43 4741/343/43 
f 4380/341/43 4379/301/43 4476/342/43 4741/343/43 
f 4742/338/50 4741/343/50 4815/344/50 4817/345/50 
f 4742/338/50 4817/345/50 4816/313/50 
f 4744/289/50 4816/313/50 4818/346/50 4819/347/50 
f 4820/349/50 4790/325/50 4620/350/50 4746/339/50 
f 4620/350/43 4619/351/43 4746/339/43 
f 4821/348/50 4820/349/50 4746/339/50 4819/347/50 
f 4744/289/50 4819/347/50 4746/339/50 4745/352/50 
f 4775/353/307 4774/354/307 4773/355/307 4822/356/307 
f 4823/342/43 4789/343/43 4614/344/43 4788/313/43 
f 4614/344/50 4613/345/50 4788/313/50 
f 4824/301/103 4823/342/103 4788/313/103 4825/341/103 
f 4788/313/43 4826/346/43 4827/347/43 4825/341/43 
f 4828/340/49 4825/341/49 4827/347/49 4829/338/49 
f 4827/347/49 4830/348/49 4776/349/49 4829/338/49 
f 4831/337/43 4829/338/43 4776/349/43 4822/289/43 
f 4776/349/43 4573/325/43 4396/350/43 4775/352/43 
f 4396/350/49 4395/351/49 4572/339/49 4775/352/49 
f 4822/289/43 4776/349/43 4775/352/43 
f 4777/285/286 4776/286/286 4830/287/286 4832/288/286 
f 4778/338/47 4575/340/47 4398/341/47 4781/337/47 
f 4398/341/47 4397/301/47 4574/342/47 4781/337/47 
f 4782/289/47 4781/337/47 4574/342/47 4832/344/47 
f 4574/342/69 4777/343/69 4832/344/69 
f 4832/344/153 4833/345/153 4834/313/153 4784/339/153 
f 4834/313/47 4787/346/47 4612/347/47 4779/325/47 
f 4612/347/47 4611/348/47 4780/349/47 4779/325/47 
f 4834/313/47 4779/325/47 4786/350/47 4785/351/47 
f 4834/313/47 4785/351/47 4784/339/47 
f 4832/344/153 4784/339/153 4783/352/153 4782/289/153 
f 4834/285/297 4826/286/297 4788/287/297 4787/288/297 
f 4823/353/278 4768/354/278 4769/355/278 4789/356/278 
f 4820/353/278 4735/354/278 4736/355/278 4790/356/278 
f 4732/285/297 4801/286/297 4791/287/297 4734/288/297 
f 4797/353/278 4719/354/278 4720/355/278 4798/356/278 
f 4716/285/283 4805/286/283 4803/287/283 4718/288/283 
f 4804/353/278 4703/354/278 4704/355/278 4814/356/278 
f 4700/285/297 4691/286/297 4690/287/297 4702/288/297 
f 4667/353/278 4661/354/278 4662/355/278 4668/356/278 
f 4679/353/287 4658/354/287 4659/355/287 4678/356/287 
f 4810/285/287 4696/286/287 4698/287/287 4811/288/287 
f 4697/285/308 4693/286/308 4692/287/308 4699/288/308 
f 4794/285/287 4711/286/287 4714/287/287 4793/288/287 
f 4713/285/308 4808/286/308 4806/287/308 4715/288/308 
f 4815/285/287 4728/286/287 4730/287/287 4817/288/287 
f 4729/285/302 4792/286/302 4802/287/302 4731/288/302 
f 4822/353/287 4773/354/287 4772/355/287 4831/356/287 
f 4832/285/285 4830/286/285 4827/287/285 4833/288/285 
f 4833/285/284 4827/286/284 4826/287/284 4834/288/284 
f 4824/353/282 4767/354/282 4768/355/282 4823/356/282 
f 4821/353/296 4737/354/296 4735/355/296 4820/356/296 
f 4731/285/298 4802/286/298 4801/287/298 4732/288/298 
f 4799/353/296 4721/354/296 4719/355/296 4797/356/296 
f 4715/285/284 4806/286/284 4805/287/284 4716/288/284 
f 4813/353/296 4705/354/296 4703/355/296 4804/356/296 
f 4699/285/298 4692/286/298 4691/287/298 4700/288/298 
f 4670/353/296 4663/354/296 4661/355/296 4667/356/296 
f 4671/353/297 4664/354/297 4663/355/297 4670/356/297 
f 4674/353/298 4660/354/298 4664/355/298 4671/356/298 
f 4675/353/302 4665/354/302 4660/355/302 4674/356/302 
f 4678/353/286 4659/354/286 4665/355/286 4675/356/286 
f 4811/285/286 4698/286/286 4707/287/286 4809/288/286 
f 4793/285/300 4714/286/300 4723/287/300 4795/288/300 
f 4817/285/286 4730/286/286 4739/287/286 4816/288/286 
f 4816/353/299 4739/354/299 4733/355/299 4818/356/299 
f 4818/353/298 4733/354/298 4738/355/298 4819/356/298 
f 4819/353/297 4738/354/297 4737/355/297 4821/356/297 
f 4825/353/297 4770/354/297 4767/355/297 4824/356/297 
f 4828/353/298 4771/354/298 4770/355/298 4825/356/298 
f 4829/353/302 4766/354/302 4771/355/302 4828/356/302 
f 4831/353/286 4772/354/286 4766/355/286 4829/356/286 
f 4800/353/297 4722/354/297 4721/355/297 4799/356/297 
f 4807/353/297 4706/354/297 4705/355/297 4813/356/297 
f 4809/353/299 4707/354/299 4701/355/299 4812/356/299 
f 4795/353/285 4723/354/285 4717/355/285 4796/356/285 
f 4796/353/298 4717/354/298 4722/355/298 4800/356/298 
f 4812/353/298 4701/354/298 4706/355/298 4807/356/298 
f 4610/285/110 4405/286/110 4421/287/110 4609/288/110 
f 4835/285/367 4836/286/367 4837/287/367 4838/288/367 
f 4839/289/103 4840/341/103 4836/344/103 4835/347/103 
f 4839/289/43 4835/347/43 4841/350/43 
f 4837/285/23 4836/286/23 4840/287/23 4842/288/23 
f 4838/289/153 4837/341/153 4842/344/153 4843/347/153 
f 4838/289/47 4843/347/47 4844/350/47 
f 4843/285/368 4842/286/368 4840/287/368 4839/288/368 
f 4841/285/314 4844/286/314 4843/287/314 4839/288/314 
f 4844/285/315 4841/286/315 4835/287/315 4838/288/315 
f 4845/285/367 4846/286/367 4847/287/367 4848/288/367 
f 4849/285/103 4850/286/103 4846/287/103 4845/288/103 
f 4847/285/23 4846/286/23 4850/287/23 4851/288/23 
f 4848/285/153 4847/286/153 4851/287/153 4852/288/153 
f 4852/285/368 4851/286/368 4850/287/368 4849/288/368 
f 4849/285/313 4845/286/313 4848/287/313 4852/288/313 
f 4853/285/367 4854/286/367 4855/287/367 4856/288/367 
f 4857/285/43 4858/286/43 4854/287/43 4853/288/43 
f 4855/285/23 4854/286/23 4858/287/23 4859/288/23 
f 4856/285/47 4855/286/47 4859/287/47 4860/288/47 
f 4860/285/368 4859/286/368 4858/287/368 4857/288/368 
f 4853/285/312 4856/286/312 4860/287/312 4857/288/312 
f 4861/285/367 4862/286/367 4863/287/367 4864/288/367 
f 4865/289/43 4866/341/43 4862/344/43 4861/347/43 
f 4865/289/43 4861/347/43 4867/350/43 
f 4863/285/23 4862/286/23 4866/287/23 4868/288/23 
f 4864/289/47 4863/341/47 4868/344/47 4869/347/47 
f 4864/289/47 4869/347/47 4870/350/47 
f 4869/285/368 4868/286/368 4866/287/368 4865/288/368 
f 4867/285/324 4870/286/324 4869/287/324 4865/288/324 
f 4870/285/369 4867/286/369 4861/287/369 4864/288/369 
f 4871/285/367 4872/286/367 4873/287/367 4874/288/367 
f 4875/285/43 4876/286/43 4872/287/43 4871/288/43 
f 4873/285/21 4872/286/21 4876/287/21 4877/288/21 
f 4874/285/47 4873/286/47 4877/287/47 4878/288/47 
f 4878/285/368 4877/286/368 4876/287/368 4875/288/368 
f 4871/285/310 4874/286/310 4878/287/310 4875/288/310 
f 4879/285/367 4880/286/367 4881/287/367 4882/288/367 
f 4883/285/103 4884/286/103 4880/287/103 4879/288/103 
f 4881/285/23 4880/286/23 4884/287/23 4885/288/23 
f 4882/285/153 4881/286/153 4885/287/153 4886/288/153 
f 4886/285/368 4885/286/368 4884/287/368 4883/288/368 
f 4883/285/324 4879/286/324 4882/287/324 4886/288/324 
f 4887/285/367 4888/286/367 4889/287/367 4890/288/367 
f 4891/285/43 4892/286/43 4888/287/43 4887/288/43 
f 4889/285/23 4888/286/23 4892/287/23 4893/288/23 
f 4890/285/47 4889/286/47 4893/287/47 4894/288/47 
f 4894/285/368 4893/286/368 4892/287/368 4891/288/368 
f 4887/285/324 4890/286/324 4894/287/324 4891/288/324 
f 4895/285/367 4896/286/367 4897/287/367 4898/288/367 
f 4899/285/103 4900/286/103 4896/287/103 4895/288/103 
f 4897/285/23 4896/286/23 4900/287/23 4901/288/23 
f 4898/285/47 4897/286/47 4901/287/47 4902/288/47 
f 4902/285/368 4901/286/368 4900/287/368 4899/288/368 
f 4899/285/310 4895/286/310 4898/287/310 4902/288/310 
f 4903/285/367 4904/286/367 4905/287/367 4906/288/367 
f 4907/285/103 4908/286/103 4904/287/103 4903/288/103 
f 4905/285/23 4904/286/23 4908/287/23 4909/288/23 
f 4906/285/47 4905/286/47 4909/287/47 4910/288/47 
f 4910/285/368 4909/286/368 4908/287/368 4907/288/368 
f 4910/285/310 4907/286/310 4903/287/310 4906/288/310 
f 4911/285/367 4912/286/367 4913/287/367 4914/288/367 
f 4915/285/103 4916/286/103 4912/287/103 4911/288/103 
f 4913/285/21 4912/286/21 4916/287/21 4917/288/21 
f 4914/285/47 4913/286/47 4917/287/47 4918/288/47 
f 4918/285/368 4917/286/368 4916/287/368 4915/288/368 
f 4911/285/324 4914/286/324 4918/287/324 4915/288/324 
f 4919/285/367 4920/286/367 4921/287/367 4922/288/367 
f 4923/285/103 4924/286/103 4920/287/103 4919/288/103 
f 4921/285/23 4920/286/23 4924/287/23 4925/288/23 
f 4922/285/47 4921/286/47 4925/287/47 4926/288/47 
f 4926/285/368 4925/286/368 4924/287/368 4923/288/368 
f 4923/285/324 4919/286/324 4922/287/324 4926/288/324 
f 4927/285/367 4928/286/367 4929/287/367 4930/288/367 
f 4931/285/103 4932/286/103 4928/287/103 4927/288/103 
f 4929/285/21 4928/286/21 4932/287/21 4933/288/21 
f 4930/285/47 4929/286/47 4933/287/47 4934/288/47 
f 4934/285/368 4933/286/368 4932/287/368 4931/288/368 
f 4931/285/310 4927/286/310 4930/287/310 4934/288/310 
f 4935/285/367 4936/286/367 4937/287/367 4938/288/367 
f 4939/285/103 4940/286/103 4936/287/103 4935/288/103 
f 4937/285/23 4936/286/23 4940/287/23 4941/288/23 
f 4938/285/47 4937/286/47 4941/287/47 4942/288/47 
f 4942/285/368 4941/286/368 4940/287/368 4939/288/368 
f 4938/285/324 4942/286/324 4939/287/324 4935/288/324 
f 4943/285/367 4944/286/367 4945/287/367 4946/288/367 
f 4947/285/103 4948/286/103 4944/287/103 4943/288/103 
f 4945/285/23 4944/286/23 4948/287/23 4949/288/23 
f 4946/285/47 4945/286/47 4949/287/47 4950/288/47 
f 4950/285/368 4949/286/368 4948/287/368 4947/288/368 
f 4943/285/310 4946/286/310 4950/287/310 4947/288/310 
f 4951/285/370 4952/286/370 4953/287/370 4954/288/370 
f 4955/285/43 4956/286/43 4952/287/43 4951/288/43 
f 4953/285/23 4952/286/23 4956/287/23 4957/288/23 
f 4954/285/47 4953/286/47 4957/287/47 4958/288/47 
f 4958/285/371 4957/286/371 4956/287/371 4955/288/371 
f 4955/285/372 4951/286/372 4954/287/372 4958/288/372 
f 4959/285/319 4960/286/319 4961/287/319 4962/288/319 
f 4963/289/69 4964/337/69 4965/338/69 4966/339/69 
f 4965/338/47 4967/340/47 4968/341/47 4969/342/47 
f 4968/341/47 4970/301/47 4969/342/47 
f 4969/342/47 4971/343/47 4960/344/47 4972/313/47 
f 4960/344/47 4959/345/47 4972/313/47 
f 4969/342/47 4972/313/47 4973/346/47 4974/347/47 
f 4969/342/47 4974/347/47 4975/348/47 4976/349/47 
f 4965/338/47 4969/342/47 4976/349/47 4977/325/47 
f 4965/338/47 4977/325/47 4978/350/47 4979/351/47 
f 4965/338/47 4979/351/47 4966/339/47 
f 4963/289/153 4966/339/153 4980/352/153 
f 4961/285/317 4960/286/317 4971/287/317 4981/288/317 
f 4982/344/49 4983/345/49 4962/313/49 4984/343/49 
f 4985/342/103 4984/343/103 4962/313/103 4986/349/103 
f 4962/313/49 4961/346/49 4981/347/49 4986/349/49 
f 4981/347/43 4987/348/43 4986/349/43 
f 4988/301/43 4985/342/43 4986/349/43 4989/341/43 
f 4990/340/43 4989/341/43 4986/349/43 4991/338/43 
f 4986/349/49 4992/325/49 4993/350/49 4994/339/49 
f 4993/350/43 4995/351/43 4994/339/43 
f 4991/338/103 4986/349/103 4994/339/103 4996/337/103 
f 4997/289/43 4996/337/43 4994/339/43 4998/352/43 
f 4998/285/324 4994/286/324 4964/287/324 4963/288/324 
f 4995/285/311 4965/286/311 4964/287/311 4994/288/311 
f 4993/285/312 4967/286/312 4965/287/312 4995/288/312 
f 4992/285/313 4968/286/313 4967/287/313 4993/288/313 
f 4986/285/314 4970/286/314 4968/287/314 4992/288/314 
f 4987/285/315 4969/286/315 4970/287/315 4986/288/315 
f 4981/285/316 4971/286/316 4969/287/316 4987/288/316 
f 4983/285/323 4982/286/323 4973/287/323 4972/288/323 
f 4982/285/328 4984/286/328 4974/287/328 4973/288/328 
f 4984/285/329 4985/286/329 4975/287/329 4974/288/329 
f 4985/285/330 4988/286/330 4976/287/330 4975/288/330 
f 4988/285/373 4989/286/373 4977/287/373 4976/288/373 
f 4989/285/332 4990/286/332 4978/287/332 4977/288/332 
f 4990/285/333 4991/286/333 4979/287/333 4978/288/333 
f 4991/285/334 4996/286/334 4966/287/334 4979/288/334 
f 4980/285/335 4966/286/335 4996/287/335 4997/288/335 
f 4998/285/44 4963/286/44 4980/287/44 4997/288/44 
f 4962/285/23 4983/286/23 4972/287/23 4959/288/23 
f 4999/443/319 5000/444/319 5001/445/319 5002/446/319 
f 5003/447/153 5004/448/153 5005/449/153 5006/450/153 
f 5003/447/153 5006/450/153 5007/451/153 5008/452/153 
f 5003/447/153 5008/452/153 5009/453/153 5010/454/153 
f 5003/447/153 5010/454/153 5000/455/153 4999/456/153 
f 5003/447/69 4999/456/69 5011/457/69 
f 5001/443/321 5000/444/321 5010/445/321 5012/446/321 
f 5002/447/49 5001/448/49 5012/449/49 5013/450/49 
f 5002/447/49 5013/450/49 5014/451/49 5015/452/49 
f 5002/447/43 5015/452/43 5016/453/43 5017/454/43 
f 5002/447/43 5017/454/43 5018/455/43 5019/456/43 
f 5002/447/43 5019/456/43 5020/457/43 
f 5019/443/324 5018/444/324 5004/445/324 5003/446/324 
f 5017/443/311 5005/444/311 5004/445/311 5018/446/311 
f 5016/443/312 5006/444/312 5005/445/312 5017/446/312 
f 5015/443/313 5007/444/313 5006/445/313 5016/446/313 
f 5014/443/314 5008/444/314 5007/445/314 5015/446/314 
f 5013/443/315 5009/444/315 5008/445/315 5014/446/315 
f 5012/443/316 5010/444/316 5009/445/316 5013/446/316 
f 5020/443/368 5019/444/368 5003/445/368 5011/446/368 
f 5011/443/21 4999/444/21 5002/445/21 5020/446/21 
f 5021/285/110 5022/286/110 5023/287/110 5024/288/110 
f 5022/285/49 5025/286/49 5026/287/49 5023/288/49 
f 5025/285/374 5027/286/374 5028/287/374 5026/288/374 
f 5027/285/47 5021/286/47 5024/287/47 5028/288/47 
f 5024/285/21 5023/286/21 5026/287/21 5028/288/21 
f 5027/285/18 5025/286/18 5022/287/18 5021/288/18 
f 5029/285/370 5030/286/370 5031/287/370 5032/288/370 
f 5033/285/43 5034/286/43 5030/287/43 5029/288/43 
f 5031/285/23 5030/286/23 5034/287/23 5035/288/23 
f 5032/285/47 5031/286/47 5035/287/47 5036/288/47 
f 5036/285/371 5035/286/371 5034/287/371 5033/288/371 
f 5033/285/372 5029/286/372 5032/287/372 5036/288/372 
s 1
f 5037/458/23 5038/459/23 5039/459/23 5040/458/23 
f 5038/459/23 5041/460/21 5042/460/21 5039/459/23 
f 5041/460/21 5043/461/21 5044/461/21 5042/460/21 
f 5043/461/21 5045/462/23 5046/462/23 5044/461/21 
f 5045/462/23 5047/463/23 5048/463/23 5046/462/23 
f 5047/463/23 5049/464/47 5049/464/47 5048/463/23 
f 5049/464/47 5050/465/47 5050/465/47 5049/464/47 
f 5050/465/47 5051/466/47 5051/466/47 5050/465/47 
f 5051/466/47 5052/467/47 5052/467/47 5051/466/47 
f 5052/467/47 5053/468/23 5054/468/23 5052/467/47 
f 5053/468/23 5055/469/23 5056/469/23 5054/468/23 
f 5055/469/23 5057/470/47 5057/470/47 5056/469/23 
f 5057/470/47 5058/471/47 5058/471/47 5057/470/47 
f 5058/471/47 5059/472/47 5059/472/47 5058/471/47 
f 5059/472/47 5060/473/47 5060/473/47 5059/472/47 
f 5060/473/47 5061/474/47 5061/474/47 5060/473/47 
f 5061/474/47 5062/475/47 5062/475/47 5061/474/47 
f 5062/475/47 5063/476/47 5063/476/47 5062/475/47 
f 5063/476/47 5064/477/47 5064/477/47 5063/476/47 
f 5064/477/47 5065/478/47 5065/478/47 5064/477/47 
f 5065/478/47 5066/479/47 5066/479/47 5065/478/47 
f 5066/479/47 5067/480/47 5067/480/47 5066/479/47 
f 5067/480/47 5068/481/47 5068/481/47 5067/480/47 
f 5068/481/47 5069/482/47 5069/482/47 5068/481/47 
f 5069/482/47 5070/483/47 5070/483/47 5069/482/47 
f 5070/483/47 5071/484/47 5071/484/47 5070/483/47 
f 5071/484/47 5072/485/47 5072/485/47 5071/484/47 
f 5072/485/47 5073/486/47 5073/486/47 5072/485/47 
f 5073/486/47 5074/487/47 5074/487/47 5073/486/47 
f 5074/487/47 5075/488/47 5075/488/47 5074/487/47 
f 5075/488/47 5076/489/47 5076/489/47 5075/488/47 
f 5076/489/47 5077/490/21 5078/490/21 5076/489/47 
f 5077/490/21 5079/491/21 5080/491/21 5078/490/21 
f 5079/491/21 5081/492/23 5082/492/23 5080/491/21 
f 5081/492/23 5083/493/23 5084/493/23 5082/492/23 
f 5083/493/23 5085/494/23 5086/494/23 5084/493/23 
f 5085/494/23 5087/495/23 5088/495/23 5086/494/23 
s 2
f 5081/492/375 5089/496/376 5090/497/377 5083/493/375 
f 5043/461/377 5091/498/377 5092/499/376 5045/462/376 
f 5057/470/376 5093/500/377 5094/501/377 5058/471/376 
f 5066/479/376 5095/502/376 5096/503/376 5067/480/377 
f 5075/488/376 5097/504/376 5098/505/376 5076/489/377 
f 5051/466/376 5099/506/376 5100/507/376 5052/467/376 
f 5062/475/376 5101/508/376 5102/509/376 5063/476/376 
f 5071/484/377 5103/510/377 5104/511/377 5072/485/376 
f 5083/493/375 5090/497/377 5105/512/376 5085/494/375 
f 5045/462/376 5092/499/376 5106/513/377 5047/463/376 
f 5058/471/376 5094/501/377 5107/514/376 5059/472/376 
f 5067/480/377 5096/503/376 5108/515/377 5068/481/377 
f 5076/489/377 5098/505/376 5109/516/377 5077/490/378 
f 5037/458/376 5110/517/376 5111/518/376 5038/459/376 
f 5052/467/376 5100/507/376 5112/519/377 5053/468/378 
f 5063/476/376 5102/509/376 5113/520/376 5064/477/376 
f 5072/485/376 5104/511/377 5114/521/376 5073/486/376 
f 5085/494/375 5105/512/376 5115/522/376 5087/495/375 
f 5047/463/376 5106/513/377 5116/523/376 5049/464/376 
f 5059/472/376 5107/514/376 5117/524/377 5060/473/376 
f 5068/481/377 5108/515/377 5118/525/376 5069/482/376 
f 5077/490/378 5109/516/377 5119/526/377 5079/491/378 
f 5038/459/376 5111/518/376 5120/527/377 5041/460/377 
f 5053/468/378 5112/519/377 5121/528/376 5055/469/375 
f 5064/477/376 5113/520/376 5122/529/376 5065/478/376 
f 5073/486/376 5114/521/376 5123/530/377 5074/487/376 
f 5049/464/376 5116/523/376 5124/531/376 5050/465/376 
f 5060/473/376 5117/524/377 5125/532/376 5061/474/376 
f 5069/482/376 5118/525/376 5126/533/376 5070/483/376 
f 5079/491/378 5119/526/377 5089/496/376 5081/492/375 
f 5041/460/377 5120/527/377 5091/498/377 5043/461/377 
f 5055/469/375 5121/528/376 5093/500/377 5057/470/376 
f 5065/478/376 5122/529/376 5095/502/376 5066/479/376 
f 5074/487/376 5123/530/377 5097/504/376 5075/488/376 
f 5050/465/376 5124/531/376 5099/506/376 5051/466/376 
f 5061/474/376 5125/532/376 5101/508/376 5062/475/376 
f 5070/483/376 5126/533/376 5103/510/377 5071/484/377 
f 5102/509/376 5127/534/376 5128/535/376 5113/520/376 
f 5106/536/377 5129/537/377 5130/538/377 5116/539/376 
f 5109/516/377 5131/540/376 5132/541/376 5119/526/377 
f 5113/542/376 5128/543/376 5133/544/376 5122/545/376 
f 5116/523/376 5130/546/377 5134/547/376 5124/531/376 
f 5119/548/377 5132/549/376 5135/550/376 5089/551/376 
f 5122/529/376 5133/552/376 5136/553/376 5095/502/376 
f 5124/554/376 5134/555/376 5137/556/376 5099/557/376 
f 5089/496/376 5135/558/376 5138/559/377 5090/497/377 
f 5095/560/376 5136/561/376 5139/562/376 5096/563/376 
f 5099/506/376 5137/564/376 5140/565/377 5100/507/376 
f 5090/566/377 5138/567/377 5141/568/376 5105/569/376 
f 5096/503/376 5139/570/376 5142/571/376 5108/515/377 
f 5100/572/376 5140/573/377 5143/574/376 5112/575/377 
f 5105/512/376 5141/576/376 5144/577/376 5115/522/376 
f 5108/578/377 5142/579/376 5145/580/376 5118/581/376 
f 5112/519/377 5143/582/376 5146/583/376 5121/528/376 
f 5118/525/376 5145/584/376 5147/585/376 5126/533/376 
f 5121/586/376 5146/587/376 5148/588/376 5093/589/377 
f 5126/590/376 5147/591/376 5149/592/377 5103/593/377 
f 5093/500/377 5148/594/376 5150/595/377 5094/501/377 
f 5103/510/377 5149/596/377 5151/597/377 5104/511/377 
f 5094/598/377 5150/599/377 5152/600/376 5107/601/376 
f 5110/517/376 5153/602/376 5154/603/376 5111/518/376 
f 5104/604/377 5151/605/377 5155/606/377 5114/607/376 
f 5107/514/376 5152/608/376 5156/609/377 5117/524/377 
f 5111/610/376 5154/611/376 5157/612/376 5120/613/377 
f 5114/521/376 5155/614/377 5158/615/377 5123/530/377 
f 5117/616/377 5156/617/377 5159/618/377 5125/619/376 
f 5120/527/377 5157/620/376 5160/621/377 5091/498/377 
f 5123/622/377 5158/623/377 5161/624/377 5097/625/376 
f 5125/532/376 5159/626/377 5162/627/376 5101/508/376 
f 5091/628/377 5160/629/377 5163/630/376 5092/631/376 
f 5097/504/376 5161/632/377 5164/633/376 5098/505/376 
f 5101/634/376 5162/635/376 5127/636/376 5102/637/376 
f 5092/499/376 5163/638/376 5129/639/377 5106/513/377 
f 5098/640/376 5164/641/376 5131/642/376 5109/643/377 
s 1
f 5153/644/23 5154/645/23 5154/645/23 5153/644/23 
f 5154/645/23 5157/646/23 5157/646/23 5154/645/23 
f 5157/646/23 5160/647/23 5160/647/23 5157/646/23 
f 5160/647/23 5163/648/47 5163/648/47 5160/647/23 
f 5163/648/47 5129/649/47 5129/649/47 5163/648/47 
f 5129/649/47 5130/650/47 5130/650/47 5129/649/47 
f 5130/650/47 5134/651/47 5134/651/47 5130/650/47 
f 5134/651/47 5137/652/47 5137/652/47 5134/651/47 
f 5137/652/47 5140/653/47 5140/653/47 5137/652/47 
f 5140/653/47 5143/654/47 5143/654/47 5140/653/47 
f 5143/654/47 5146/655/47 5146/655/47 5143/654/47 
f 5146/655/47 5148/656/23 5148/656/23 5146/655/47 
f 5148/656/23 5150/657/23 5150/657/23 5148/656/23 
f 5150/657/23 5152/658/23 5152/658/23 5150/657/23 
f 5152/658/23 5156/659/21 5156/659/21 5152/658/23 
f 5156/659/21 5159/660/21 5159/660/21 5156/659/21 
f 5159/660/21 5162/661/23 5162/661/23 5159/660/21 
f 5162/661/23 5127/662/23 5127/662/23 5162/661/23 
f 5127/662/23 5128/663/23 5128/663/23 5127/662/23 
f 5128/663/23 5133/664/23 5133/664/23 5128/663/23 
f 5133/664/23 5136/665/23 5136/665/23 5133/664/23 
f 5136/665/23 5139/666/47 5139/666/47 5136/665/23 
f 5139/666/47 5142/667/47 5142/667/47 5139/666/47 
f 5142/667/47 5145/668/47 5145/668/47 5142/667/47 
f 5145/668/47 5147/669/47 5147/669/47 5145/668/47 
f 5147/669/47 5149/670/47 5149/670/47 5147/669/47 
f 5149/670/47 5151/671/47 5151/671/47 5149/670/47 
f 5151/671/47 5155/672/23 5165/672/23 5151/671/47 
f 5155/672/23 5158/673/21 5166/673/21 5165/672/23 
f 5158/673/21 5161/674/21 5167/674/21 5166/673/21 
f 5161/674/21 5164/675/23 5168/675/23 5167/674/21 
f 5164/675/23 5131/676/23 5169/676/23 5168/675/23 
f 5131/676/23 5132/677/23 5170/677/23 5169/676/23 
f 5132/677/23 5135/678/23 5171/678/23 5170/677/23 
f 5135/678/23 5138/679/21 5172/679/21 5171/678/23 
f 5138/679/21 5141/680/21 5173/680/21 5172/679/21 
f 5141/680/21 5144/681/23 5144/681/23 5173/680/21 
s 2
f 5135/678/375 5174/682/376 5175/683/377 5138/679/378 
f 5160/647/375 5176/684/377 5177/685/376 5163/648/375 
f 5148/656/376 5178/686/377 5179/687/376 5150/657/376 
f 5136/665/376 5180/688/376 5181/689/376 5139/666/376 
f 5161/674/378 5182/690/377 5183/691/376 5164/675/375 
f 5137/652/375 5184/692/376 5185/693/377 5140/653/378 
f 5162/661/376 5186/694/376 5187/695/376 5127/662/376 
f 5149/670/377 5188/696/377 5189/697/376 5151/671/377 
f 5138/679/378 5175/683/377 5190/698/376 5141/680/375 
f 5163/648/375 5177/685/376 5191/699/377 5129/649/378 
f 5150/657/376 5179/687/376 5192/700/376 5152/658/376 
f 5139/666/376 5181/689/376 5193/701/376 5142/667/376 
f 5164/675/375 5183/691/376 5194/702/376 5131/676/375 
f 5153/644/375 5195/703/376 5196/704/376 5154/645/375 
f 5140/653/378 5185/693/377 5197/705/377 5143/654/378 
f 5127/662/376 5187/695/376 5198/706/377 5128/663/377 
f 5151/671/377 5189/697/376 5199/707/376 5155/672/378 
f 5141/680/375 5190/698/376 5200/708/376 5144/681/375 
f 5129/649/378 5191/699/377 5201/709/377 5130/650/378 
f 5152/658/376 5192/700/376 5202/710/377 5156/659/377 
f 5142/667/376 5193/701/376 5203/711/376 5145/668/376 
f 5131/676/375 5194/702/376 5204/712/376 5132/677/375 
f 5154/645/375 5196/704/376 5205/713/376 5157/646/375 
f 5143/654/378 5197/705/377 5206/714/377 5146/655/378 
f 5128/663/377 5198/706/377 5207/715/377 5133/664/376 
f 5155/672/378 5199/707/376 5208/716/376 5158/673/378 
f 5130/650/378 5201/709/377 5209/717/376 5134/651/375 
f 5156/659/377 5202/710/377 5210/718/377 5159/660/377 
f 5145/668/376 5203/711/376 5211/719/376 5147/669/376 
f 5132/677/375 5204/712/376 5174/682/376 5135/678/375 
f 5157/646/375 5205/713/376 5176/684/377 5160/647/375 
f 5146/655/378 5206/714/377 5178/686/377 5148/656/376 
f 5133/664/376 5207/715/377 5180/688/376 5136/665/376 
f 5158/673/378 5208/716/376 5182/690/377 5161/674/378 
f 5134/651/375 5209/717/376 5184/692/376 5137/652/375 
f 5159/660/377 5210/718/377 5186/694/376 5162/661/376 
f 5147/669/376 5211/719/376 5188/696/377 5149/670/377 
f 5187/695/376 5212/720/376 5213/721/377 5198/706/377 
f 5191/722/377 5214/723/377 5215/724/377 5201/725/377 
f 5194/702/376 5216/726/376 5217/727/376 5204/712/376 
f 5198/728/377 5213/729/377 5218/730/377 5207/731/377 
f 5201/709/377 5215/732/377 5219/733/376 5209/717/376 
f 5204/734/376 5217/735/376 5220/736/376 5174/737/376 
f 5207/715/377 5218/738/377 5221/739/376 5180/688/376 
f 5209/740/376 5219/741/376 5222/742/376 5184/743/376 
f 5174/682/376 5220/744/376 5223/745/376 5175/683/377 
f 5180/746/376 5221/747/376 5224/748/376 5181/749/376 
f 5184/692/376 5222/750/376 5225/751/376 5185/693/377 
f 5175/752/377 5223/753/376 5226/754/376 5190/755/376 
f 5181/689/376 5224/756/376 5227/757/376 5193/701/376 
f 5185/758/377 5225/759/376 5228/760/377 5197/761/377 
f 5190/698/376 5226/762/376 5229/763/376 5200/708/376 
f 5193/764/376 5227/765/376 5230/766/376 5203/767/376 
f 5197/705/377 5228/768/377 5231/769/376 5206/714/377 
f 5203/711/376 5230/770/376 5232/771/376 5211/719/376 
f 5206/772/377 5231/773/376 5233/774/377 5178/775/377 
f 5211/776/376 5232/777/376 5234/778/377 5188/779/377 
f 5178/686/377 5233/780/377 5235/781/376 5179/687/376 
f 5188/696/377 5234/782/377 5236/783/376 5189/697/376 
f 5179/784/376 5235/785/376 5237/786/376 5192/787/376 
f 5195/703/376 5238/788/376 5239/789/376 5196/704/376 
f 5189/790/376 5236/791/376 5240/792/376 5199/793/376 
f 5192/700/376 5237/794/376 5241/795/376 5202/710/377 
f 5196/796/376 5239/797/376 5242/798/376 5205/799/376 
f 5199/707/376 5240/800/376 5243/801/376 5208/716/376 
f 5202/802/377 5241/803/376 5244/804/377 5210/805/377 
f 5205/713/376 5242/806/376 5245/807/377 5176/684/377 
f 5208/808/376 5243/809/376 5246/810/377 5182/811/377 
f 5210/718/377 5244/812/377 5247/813/376 5186/694/376 
f 5176/814/377 5245/815/377 5248/816/377 5177/817/376 
f 5182/690/377 5246/818/377 5249/819/376 5183/691/376 
f 5186/820/376 5247/821/376 5212/822/376 5187/823/376 
f 5177/685/376 5248/824/377 5214/825/377 5191/699/377 
f 5183/826/376 5249/827/376 5216/828/376 5194/829/376 
s 1
f 5238/830/47 5239/831/47 5239/831/47 5238/830/47 
f 5239/831/47 5242/832/47 5242/832/47 5239/831/47 
f 5242/832/47 5245/833/47 5245/833/47 5242/832/47 
f 5245/833/47 5248/834/23 5250/834/23 5245/833/47 
f 5248/834/23 5214/835/21 5251/835/21 5250/834/23 
f 5214/835/21 5215/836/21 5252/836/21 5251/835/21 
f 5215/836/21 5219/837/23 5253/837/23 5252/836/21 
f 5219/837/23 5222/838/23 5254/838/23 5253/837/23 
f 5222/838/23 5225/839/23 5255/839/23 5254/838/23 
f 5225/839/23 5228/840/23 5256/840/23 5255/839/23 
f 5228/840/23 5231/841/23 5257/841/23 5256/840/23 
f 5231/841/23 5233/842/23 5258/842/23 5257/841/23 
f 5233/842/23 5235/843/23 5259/843/23 5258/842/23 
f 5235/843/23 5237/844/23 5260/844/23 5259/843/23 
f 5237/844/23 5241/845/23 5261/845/23 5260/844/23 
f 5241/845/23 5244/846/23 5262/846/23 5261/845/23 
f 5244/846/23 5247/847/23 5263/847/23 5262/846/23 
f 5247/847/23 5212/848/23 5264/848/23 5263/847/23 
f 5212/848/23 5213/849/21 5265/849/21 5264/848/23 
f 5213/849/21 5218/850/47 5218/850/47 5265/849/21 
f 5218/850/47 5221/851/47 5221/851/47 5218/850/47 
f 5221/851/47 5224/852/47 5224/852/47 5221/851/47 
f 5224/852/47 5227/853/47 5227/853/47 5224/852/47 
f 5227/853/47 5230/854/47 5230/854/47 5227/853/47 
f 5230/854/47 5232/855/47 5232/855/47 5230/854/47 
f 5232/855/47 5234/856/21 5266/856/21 5232/855/47 
f 5234/856/21 5236/857/23 5267/857/23 5266/856/21 
f 5236/857/23 5240/858/23 5268/858/23 5267/857/23 
f 5240/858/23 5243/859/23 5269/859/23 5268/858/23 
f 5243/859/23 5246/860/23 5270/860/23 5269/859/23 
f 5246/860/23 5249/861/23 5271/861/23 5270/860/23 
f 5249/861/23 5216/862/23 5272/862/23 5271/861/23 
f 5216/862/23 5217/863/23 5273/863/23 5272/862/23 
f 5217/863/23 5220/864/23 5274/864/23 5273/863/23 
f 5220/864/23 5223/865/23 5275/865/23 5274/864/23 
f 5223/865/23 5226/866/23 5276/866/23 5275/865/23 
f 5226/866/23 5229/867/23 5277/867/23 5276/866/23 
s 2
f 5220/864/376 5278/868/376 5279/869/377 5223/865/376 
f 5245/833/377 5280/870/376 5281/871/377 5248/834/378 
f 5233/842/375 5282/872/376 5283/873/376 5235/843/375 
f 5221/851/375 5284/874/376 5285/875/376 5224/852/375 
f 5246/860/376 5286/876/376 5287/877/376 5249/861/376 
f 5222/838/376 5288/878/377 5289/879/377 5225/839/376 
f 5247/847/375 5290/880/376 5291/881/376 5212/848/375 
f 5234/856/378 5292/882/377 5293/883/377 5236/857/378 
f 5223/865/376 5279/869/377 5294/884/376 5226/866/376 
f 5248/834/378 5281/871/377 5295/885/377 5214/835/378 
f 5235/843/375 5283/873/376 5296/886/376 5237/844/375 
f 5224/852/375 5285/875/376 5297/887/376 5227/853/375 
f 5249/861/376 5287/877/376 5298/888/376 5216/862/376 
f 5238/830/376 5299/889/376 5300/890/377 5239/831/376 
f 5225/839/376 5289/879/377 5301/891/376 5228/840/376 
f 5212/848/375 5291/881/376 5302/892/377 5213/849/378 
f 5236/857/378 5293/883/377 5303/893/377 5240/858/376 
f 5226/866/376 5294/884/376 5304/894/376 5229/867/376 
f 5214/835/378 5295/885/377 5305/895/377 5215/836/378 
f 5237/844/375 5296/886/376 5306/896/377 5241/845/375 
f 5227/853/375 5297/887/376 5307/897/376 5230/854/375 
f 5216/862/376 5298/888/376 5308/898/376 5217/863/376 
f 5239/831/376 5300/890/377 5309/899/376 5242/832/376 
f 5228/840/376 5301/891/376 5310/900/376 5231/841/376 
f 5213/849/378 5302/892/377 5311/901/377 5218/850/378 
f 5240/858/376 5303/893/377 5312/902/377 5243/859/376 
f 5215/836/378 5305/895/377 5313/903/377 5219/837/378 
f 5241/845/375 5306/896/377 5314/904/376 5244/846/375 
f 5230/854/375 5307/897/376 5315/905/376 5232/855/375 
f 5217/863/376 5308/898/376 5278/868/376 5220/864/376 
f 5242/832/376 5309/899/376 5280/870/376 5245/833/377 
f 5231/841/376 5310/900/376 5282/872/376 5233/842/375 
f 5218/850/378 5311/901/377 5284/874/376 5221/851/375 
f 5243/859/376 5312/902/377 5286/876/376 5246/860/376 
f 5219/837/378 5313/903/377 5288/878/377 5222/838/376 
f 5244/846/375 5314/904/376 5290/880/376 5247/847/375 
f 5232/855/375 5315/905/376 5292/882/377 5234/856/378 
f 5291/881/376 5316/906/376 5317/907/376 5302/892/377 
f 5295/908/377 5318/909/377 5319/910/377 5305/911/377 
f 5298/888/376 5320/912/376 5321/913/376 5308/898/376 
f 5302/914/377 5317/915/376 5322/916/377 5311/917/377 
f 5305/895/377 5319/918/377 5323/919/376 5313/903/377 
f 5308/920/376 5321/921/376 5324/922/376 5278/923/376 
f 5311/901/377 5322/924/377 5325/925/376 5284/874/376 
f 5313/926/377 5323/927/376 5326/928/377 5288/929/377 
f 5278/868/376 5324/930/376 5327/931/377 5279/869/377 
f 5284/932/376 5325/933/376 5328/934/376 5285/935/376 
f 5288/878/377 5326/936/377 5329/937/377 5289/879/377 
f 5279/938/377 5327/939/377 5330/940/376 5294/941/376 
f 5285/875/376 5328/942/376 5331/943/376 5297/887/376 
f 5289/944/377 5329/945/377 5332/946/377 5301/947/376 
f 5294/884/376 5330/948/376 5333/949/376 5304/894/376 
f 5297/950/376 5331/951/376 5334/952/376 5307/953/376 
f 5301/891/376 5332/954/377 5335/955/376 5310/900/376 
f 5307/897/376 5334/956/376 5336/957/376 5315/905/376 
f 5310/958/376 5335/959/376 5337/960/376 5282/961/376 
f 5315/962/376 5336/963/376 5338/964/377 5292/965/377 
f 5282/872/376 5337/966/376 5339/967/376 5283/873/376 
f 5292/882/377 5338/968/377 5340/969/376 5293/883/377 
f 5283/970/376 5339/971/376 5341/972/376 5296/973/376 
f 5299/889/376 5342/974/376 5343/975/377 5300/890/377 
f 5293/976/377 5340/977/376 5344/978/377 5303/979/377 
f 5296/886/376 5341/980/376 5345/981/377 5306/896/377 
f 5300/982/377 5343/983/377 5346/984/377 5309/985/376 
f 5303/893/377 5344/986/377 5347/987/377 5312/902/377 
f 5306/988/377 5345/989/377 5348/990/377 5314/991/376 
f 5309/899/376 5346/992/377 5349/993/376 5280/870/376 
f 5312/994/377 5347/995/377 5350/996/377 5286/997/376 
f 5314/904/376 5348/998/377 5351/999/376 5290/880/376 
f 5280/1000/376 5349/1001/376 5352/1002/376 5281/1003/377 
f 5286/876/376 5350/1004/377 5353/1005/376 5287/877/376 
f 5290/1006/376 5351/1007/376 5316/1008/376 5291/1009/376 
f 5281/871/377 5352/1010/376 5318/1011/377 5295/885/377 
f 5287/1012/376 5353/1013/376 5320/1014/376 5298/1015/376 
s 1
f 5342/1016/47 5343/1017/47 5343/1017/47 5342/1016/47 
f 5343/1017/47 5346/1018/23 5354/1018/23 5343/1017/47 
f 5346/1018/23 5349/1019/23 5355/1019/23 5354/1018/23 
f 5349/1019/23 5352/1020/23 5356/1020/23 5355/1019/23 
f 5352/1020/23 5318/1021/21 5357/1021/21 5356/1020/23 
f 5318/1021/21 5319/1022/21 5358/1022/21 5357/1021/21 
f 5319/1022/21 5323/1023/23 5359/1023/23 5358/1022/21 
f 5323/1023/23 5326/1024/23 5360/1024/23 5359/1023/23 
f 5326/1024/23 5329/1025/21 5361/1025/21 5360/1024/23 
f 5329/1025/21 5332/1026/21 5362/1026/21 5361/1025/21 
f 5332/1026/21 5335/1027/23 5363/1027/23 5362/1026/21 
f 5335/1027/23 5337/1028/23 5364/1028/23 5363/1027/23 
f 5337/1028/23 5339/1029/23 5365/1029/23 5364/1028/23 
f 5339/1029/23 5341/1030/23 5366/1030/23 5365/1029/23 
f 5341/1030/23 5345/1031/21 5367/1031/21 5366/1030/23 
f 5345/1031/21 5348/1032/21 5368/1032/21 5367/1031/21 
f 5348/1032/21 5351/1033/23 5369/1033/23 5368/1032/21 
f 5351/1033/23 5316/1034/47 5316/1034/47 5369/1033/23 
f 5316/1034/47 5317/1035/47 5317/1035/47 5316/1034/47 
f 5317/1035/47 5322/1036/47 5322/1036/47 5317/1035/47 
f 5322/1036/47 5325/1037/47 5325/1037/47 5322/1036/47 
f 5325/1037/47 5328/1038/47 5328/1038/47 5325/1037/47 
f 5328/1038/47 5331/1039/47 5331/1039/47 5328/1038/47 
f 5331/1039/47 5334/1040/47 5334/1040/47 5331/1039/47 
f 5334/1040/47 5336/1041/47 5336/1041/47 5334/1040/47 
f 5336/1041/47 5338/1042/23 5370/1042/23 5336/1041/47 
f 5338/1042/23 5340/1043/23 5371/1043/23 5370/1042/23 
f 5340/1043/23 5344/1044/23 5372/1044/23 5371/1043/23 
f 5344/1044/23 5347/1045/21 5373/1045/21 5372/1044/23 
f 5347/1045/21 5350/1046/21 5374/1046/21 5373/1045/21 
f 5350/1046/21 5353/1047/23 5375/1047/23 5374/1046/21 
f 5353/1047/23 5320/1048/23 5376/1049/23 5375/1047/23 
f 5320/1048/23 5321/1050/23 5377/1050/23 5376/1049/23 
f 5321/1050/23 5324/1051/23 5378/1051/23 5377/1050/23 
f 5324/1051/23 5327/1052/21 5379/1052/21 5378/1051/23 
f 5327/1052/21 5330/1053/21 5380/1054/21 5379/1052/21 
f 5330/1053/21 5333/1055/23 5381/1055/23 5380/1054/21 
s 2
f 5324/1051/376 5382/1056/376 5383/1057/377 5327/1052/377 
f 5349/1019/375 5384/1058/377 5385/1059/376 5352/1020/375 
f 5337/1028/375 5386/1060/376 5387/1061/376 5339/1029/375 
f 5325/1037/375 5388/1062/376 5389/1063/376 5328/1038/375 
f 5350/1046/377 5390/1064/377 5391/1065/376 5353/1047/376 
f 5326/1024/376 5392/1066/376 5393/1067/377 5329/1025/377 
f 5351/1033/375 5394/1068/376 5395/1069/376 5316/1034/375 
f 5338/1042/377 5396/1070/377 5397/1071/376 5340/1043/376 
f 5327/1052/377 5383/1057/377 5398/1072/376 5330/1053/376 
f 5352/1020/375 5385/1059/376 5399/1073/377 5318/1021/378 
f 5339/1029/375 5387/1061/376 5400/1074/376 5341/1030/375 
f 5328/1038/375 5389/1063/376 5401/1075/376 5331/1039/375 
f 5353/1047/376 5391/1065/376 5402/1076/376 5320/1048/376 
f 5342/1016/376 5403/1077/376 5404/1078/376 5343/1017/376 
f 5329/1025/377 5393/1067/377 5405/1079/377 5332/1026/377 
f 5316/1034/375 5395/1069/376 5406/1080/377 5317/1035/375 
f 5340/1043/376 5397/1071/376 5407/1081/376 5344/1044/376 
f 5330/1053/376 5398/1072/376 5408/1082/376 5333/1055/376 
f 5318/1021/378 5399/1073/377 5409/1083/377 5319/1022/377 
f 5341/1030/375 5400/1074/376 5410/1084/377 5345/1031/378 
f 5331/1039/375 5401/1075/376 5411/1085/376 5334/1040/375 
f 5320/1048/376 5402/1076/376 5412/1086/376 5321/1050/376 
f 5343/1017/376 5404/1078/376 5413/1087/377 5346/1018/378 
f 5332/1026/377 5405/1079/377 5414/1088/376 5335/1027/376 
f 5317/1035/375 5406/1080/377 5415/1089/376 5322/1036/375 
f 5344/1044/376 5407/1081/376 5416/1090/377 5347/1045/377 
f 5319/1022/377 5409/1083/377 5417/1091/376 5323/1023/376 
f 5345/1031/378 5410/1084/377 5418/1092/377 5348/1032/378 
f 5334/1040/375 5411/1085/376 5419/1093/376 5336/1041/375 
f 5321/1050/376 5412/1086/376 5382/1056/376 5324/1051/376 
f 5346/1018/378 5413/1087/377 5384/1058/377 5349/1019/375 
f 5335/1027/376 5414/1088/376 5386/1060/376 5337/1028/375 
f 5322/1036/375 5415/1089/376 5388/1062/376 5325/1037/375 
f 5347/1045/377 5416/1090/377 5390/1064/377 5350/1046/377 
f 5323/1023/376 5417/1091/376 5392/1066/376 5326/1024/376 
f 5348/1032/378 5418/1092/377 5394/1068/376 5351/1033/375 
f 5336/1041/375 5419/1093/376 5396/1070/377 5338/1042/377 
f 5395/1069/376 5420/1094/376 5421/1095/377 5406/1080/377 
f 5399/1096/377 5422/1097/376 5423/1098/377 5409/1099/377 
f 5402/1076/376 5424/1100/376 5425/1101/376 5412/1086/376 
f 5406/1102/377 5421/1103/377 5426/1104/377 5415/1105/376 
f 5409/1083/377 5423/1106/377 5427/1107/376 5417/1091/376 
f 5412/1108/376 5425/1109/376 5428/1110/376 5382/1111/376 
f 5415/1089/376 5426/1112/377 5429/1113/376 5388/1062/376 
f 5417/1114/376 5427/1115/376 5430/1116/376 5392/1117/376 
f 5382/1056/376 5428/1118/376 5431/1119/376 5383/1057/377 
f 5388/1120/376 5429/1121/376 5432/1122/376 5389/1123/376 
f 5392/1066/376 5430/1124/376 5433/1125/376 5393/1067/377 
f 5383/1126/377 5431/1127/376 5434/1128/376 5398/1129/376 
f 5389/1063/376 5432/1130/376 5435/1131/376 5401/1075/376 
f 5393/1132/377 5433/1133/376 5436/1134/377 5405/1135/377 
f 5398/1072/376 5434/1136/376 5437/1137/376 5408/1082/376 
f 5401/1138/376 5435/1139/376 5438/1140/376 5411/1141/376 
f 5405/1079/377 5436/1142/377 5439/1143/377 5414/1088/376 
f 5411/1085/376 5438/1144/376 5440/1145/376 5419/1093/376 
f 5414/1146/376 5439/1147/377 5441/1148/376 5386/1149/376 
f 5419/1150/376 5440/1151/376 5442/1152/377 5396/1153/377 
f 5386/1060/376 5441/1154/376 5443/1155/376 5387/1061/376 
f 5396/1070/377 5442/1156/377 5444/1157/376 5397/1071/376 
f 5387/1158/376 5443/1159/376 5445/1160/376 5400/1161/376 
f 5403/1077/376 5446/1162/376 5447/1163/376 5404/1078/376 
f 5397/1164/376 5444/1165/376 5448/1166/376 5407/1167/376 
f 5400/1074/376 5445/1168/376 5449/1169/376 5410/1084/377 
f 5404/1170/376 5447/1171/376 5450/1172/376 5413/1173/377 
f 5407/1081/376 5448/1174/376 5451/1175/377 5416/1090/377 
f 5410/1176/377 5449/1177/376 5452/1178/377 5418/1179/377 
f 5413/1087/377 5450/1180/376 5453/1181/377 5384/1058/377 
f 5416/1182/377 5451/1183/377 5454/1184/377 5390/1185/377 
f 5418/1092/377 5452/1186/377 5455/1187/376 5394/1068/376 
f 5384/1188/377 5453/1189/377 5456/1190/377 5385/1191/376 
f 5390/1064/377 5454/1192/377 5457/1193/376 5391/1065/376 
f 5394/1194/376 5455/1195/376 5420/1196/376 5395/1197/376 
f 5385/1059/376 5456/1198/377 5422/1199/376 5399/1073/377 
f 5391/1200/376 5457/1201/376 5424/1202/376 5402/1203/376 
s 1
f 5446/1204/42 5447/1205/42 5447/1205/42 5446/1204/42 
f 5447/1205/42 5450/1206/42 5450/1206/42 5447/1205/42 
f 5450/1206/42 5453/1207/42 5453/1207/42 5450/1206/42 
f 5453/1207/42 5456/1208/42 5456/1208/42 5453/1207/42 
f 5456/1208/42 5422/1209/42 5422/1209/42 5456/1208/42 
f 5422/1209/42 5423/1210/47 5423/1210/47 5422/1209/42 
f 5423/1210/47 5427/1211/47 5427/1211/47 5423/1210/47 
f 5427/1211/47 5430/1212/47 5430/1212/47 5427/1211/47 
f 5430/1212/47 5433/1213/47 5433/1213/47 5430/1212/47 
f 5433/1213/47 5436/1214/42 5436/1214/42 5433/1213/47 
f 5436/1214/42 5439/1215/110 5439/1215/110 5436/1214/42 
f 5439/1215/110 5441/1216/379 5441/1216/379 5439/1215/110 
f 5441/1216/379 5443/1217/380 5443/1217/380 5441/1216/379 
f 5443/1217/380 5445/1218/380 5445/1218/380 5443/1217/380 
f 5445/1218/380 5449/1219/380 5449/1219/380 5445/1218/380 
f 5449/1219/380 5452/1220/47 5452/1220/47 5449/1219/380 
f 5452/1220/47 5455/1221/47 5455/1221/47 5452/1220/47 
f 5455/1221/47 5420/1222/42 5420/1222/42 5455/1221/47 
f 5420/1222/42 5421/1223/42 5421/1223/42 5420/1222/42 
f 5421/1223/42 5426/1224/380 5458/1224/380 5421/1223/42 
f 5426/1224/380 5429/1225/379 5459/1225/379 5458/1224/380 
f 5429/1225/379 5432/1226/23 5460/1226/23 5459/1225/379 
f 5432/1226/23 5435/1227/23 5461/1227/23 5460/1226/23 
f 5435/1227/23 5438/1228/23 5462/1228/23 5461/1227/23 
f 5438/1228/23 5440/1229/23 5440/1229/23 5462/1228/23 
f 5440/1229/23 5442/1230/380 5463/1230/380 5440/1229/23 
f 5442/1230/380 5444/1231/380 5464/1231/380 5463/1230/380 
f 5444/1231/380 5448/1232/23 5465/1232/23 5464/1231/380 
f 5448/1232/23 5451/1233/23 5466/1233/23 5465/1232/23 
f 5451/1233/23 5454/1234/379 5467/1234/379 5466/1233/23 
f 5454/1234/379 5457/1235/380 5468/1235/380 5467/1234/379 
f 5457/1235/380 5424/1236/380 5469/1236/380 5468/1235/380 
f 5424/1236/380 5425/1237/379 5470/1237/379 5469/1236/380 
f 5425/1237/379 5428/1238/23 5471/1238/23 5470/1237/379 
f 5428/1238/23 5431/1239/23 5472/1239/23 5471/1238/23 
f 5431/1239/23 5434/1240/110 5473/1240/110 5472/1239/23 
f 5434/1240/110 5437/1241/110 5474/1241/110 5473/1240/110 
s 2
f 5428/1238/375 5475/1242/377 5476/1243/376 5431/1239/375 
f 5453/1207/377 5477/1244/377 5478/1245/377 5456/1208/377 
f 5441/1216/377 5479/1246/377 5480/1247/376 5443/1217/376 
f 5429/1225/378 5481/1248/377 5482/1249/377 5432/1226/376 
f 5454/1234/378 5483/1250/377 5484/1251/377 5457/1235/375 
f 5430/1212/376 5485/1252/376 5486/1253/376 5433/1213/376 
f 5455/1221/376 5487/1254/377 5488/1255/376 5420/1222/376 
f 5442/1230/378 5489/1256/377 5490/1257/376 5444/1231/375 
f 5431/1239/375 5476/1243/376 5491/1258/376 5434/1240/375 
f 5456/1208/377 5478/1245/377 5492/1259/376 5422/1209/376 
f 5443/1217/376 5480/1247/376 5493/1260/376 5445/1218/376 
f 5432/1226/376 5482/1249/377 5494/1261/376 5435/1227/376 
f 5457/1235/375 5484/1251/377 5495/1262/376 5424/1236/375 
f 5446/1204/376 5496/1263/376 5497/1264/376 5447/1205/376 
f 5433/1213/376 5486/1253/376 5498/1265/376 5436/1214/376 
f 5420/1222/376 5488/1255/376 5499/1266/376 5421/1223/377 
f 5444/1231/375 5490/1257/376 5500/1267/376 5448/1232/375 
f 5434/1240/375 5491/1258/376 5501/1268/376 5437/1241/375 
f 5422/1209/376 5492/1259/376 5502/1269/376 5423/1210/376 
f 5445/1218/376 5493/1260/376 5503/1270/376 5449/1219/376 
f 5435/1227/376 5494/1261/376 5504/1271/376 5438/1228/376 
f 5424/1236/375 5495/1262/376 5505/1272/377 5425/1237/378 
f 5447/1205/376 5497/1264/376 5506/1273/376 5450/1206/376 
f 5436/1214/376 5498/1265/376 5507/1274/376 5439/1215/377 
f 5421/1223/377 5499/1266/376 5508/1275/377 5426/1224/378 
f 5448/1232/375 5500/1267/376 5509/1276/377 5451/1233/378 
f 5423/1210/376 5502/1269/376 5510/1277/376 5427/1211/376 
f 5449/1219/376 5503/1270/376 5511/1278/376 5452/1220/376 
f 5438/1228/376 5504/1271/376 5512/1279/376 5440/1229/376 
f 5425/1237/378 5505/1272/377 5475/1242/377 5428/1238/375 
f 5450/1206/376 5506/1273/376 5477/1244/377 5453/1207/377 
f 5439/1215/377 5507/1274/376 5479/1246/377 5441/1216/377 
f 5426/1224/378 5508/1275/377 5481/1248/377 5429/1225/378 
f 5451/1233/378 5509/1276/377 5483/1250/377 5454/1234/378 
f 5427/1211/376 5510/1277/376 5485/1252/376 5430/1212/376 
f 5452/1220/376 5511/1278/376 5487/1254/377 5455/1221/376 
f 5440/1229/376 5512/1279/376 5489/1256/377 5442/1230/378 
f 5488/1255/376 5513/1280/377 5514/1281/376 5499/1266/376 
f 5492/1282/376 5515/1283/376 5516/1284/376 5502/1285/376 
f 5495/1262/376 5517/1286/377 5518/1287/376 5505/1272/377 
f 5499/1288/376 5514/1289/376 5519/1290/376 5508/1291/377 
f 5502/1269/376 5516/1292/376 5520/1293/376 5510/1277/376 
f 5505/1294/377 5518/1295/376 5521/1296/377 5475/1297/377 
f 5508/1275/377 5519/1298/376 5522/1299/376 5481/1248/377 
f 5510/1300/376 5520/1301/376 5523/1302/376 5485/1303/376 
f 5475/1242/377 5521/1304/377 5524/1305/376 5476/1243/376 
f 5481/1306/377 5522/1307/376 5525/1308/377 5482/1309/377 
f 5485/1252/376 5523/1310/376 5526/1311/376 5486/1253/376 
f 5476/1312/376 5524/1313/376 5527/1314/376 5491/1315/376 
f 5482/1249/377 5525/1316/377 5528/1317/376 5494/1261/376 
f 5486/1318/376 5526/1319/376 5529/1320/376 5498/1321/376 
f 5491/1258/376 5527/1322/376 5530/1323/376 5501/1268/376 
f 5494/1324/376 5528/1325/376 5531/1326/376 5504/1327/376 
f 5498/1265/376 5529/1328/376 5532/1329/376 5507/1274/376 
f 5504/1271/376 5531/1330/376 5533/1331/376 5512/1279/376 
f 5507/1332/376 5532/1333/376 5534/1334/376 5479/1335/377 
f 5512/1336/376 5533/1337/376 5535/1338/377 5489/1339/377 
f 5479/1246/377 5534/1340/376 5536/1341/376 5480/1247/376 
f 5489/1256/377 5535/1342/377 5537/1343/377 5490/1257/376 
f 5480/1344/376 5536/1345/376 5538/1346/376 5493/1347/376 
f 5496/1263/376 5539/1348/376 5540/1349/376 5497/1264/376 
f 5490/1350/376 5537/1351/377 5541/1352/377 5500/1353/376 
f 5493/1260/376 5538/1354/376 5542/1355/376 5503/1270/376 
f 5497/1356/376 5540/1357/376 5543/1358/376 5506/1359/376 
f 5500/1267/376 5541/1360/377 5544/1361/376 5509/1276/377 
f 5503/1362/376 5542/1363/376 5545/1364/376 5511/1365/376 
f 5506/1273/376 5543/1366/376 5546/1367/376 5477/1244/377 
f 5509/1368/377 5544/1369/376 5547/1370/376 5483/1371/377 
f 5511/1278/376 5545/1372/376 5548/1373/377 5487/1254/377 
f 5477/1374/377 5546/1375/376 5549/1376/377 5478/1377/377 
f 5483/1250/377 5547/1378/376 5550/1379/377 5484/1251/377 
f 5487/1380/377 5548/1381/377 5513/1382/377 5488/1383/376 
f 5478/1245/377 5549/1384/377 5515/1385/376 5492/1259/376 
f 5484/1386/377 5550/1387/377 5517/1388/377 5495/1389/376 
s 1
f 5539/1390/47 5540/1391/47 5540/1391/47 5539/1390/47 
f 5540/1391/47 5543/1392/47 5543/1392/47 5540/1391/47 
f 5543/1392/47 5546/1393/47 5546/1393/47 5543/1392/47 
f 5546/1393/47 5549/1394/47 5549/1394/47 5546/1393/47 
f 5549/1394/47 5515/1395/47 5515/1395/47 5549/1394/47 
f 5515/1395/47 5516/1396/47 5516/1396/47 5515/1395/47 
f 5516/1396/47 5520/1397/47 5520/1397/47 5516/1396/47 
f 5520/1397/47 5523/1398/47 5523/1398/47 5520/1397/47 
f 5523/1398/47 5526/1399/47 5526/1399/47 5523/1398/47 
f 5526/1399/47 5529/1400/47 5529/1400/47 5526/1399/47 
f 5529/1400/47 5532/1401/47 5532/1401/47 5529/1400/47 
f 5532/1401/47 5534/1402/110 5534/1402/110 5532/1401/47 
f 5534/1402/110 5536/1403/42 5536/1403/42 5534/1402/110 
f 5536/1403/42 5538/1404/47 5538/1404/47 5536/1403/42 
f 5538/1404/47 5542/1405/47 5542/1405/47 5538/1404/47 
f 5542/1405/47 5545/1406/47 5545/1406/47 5542/1405/47 
f 5545/1406/47 5548/1407/47 5548/1407/47 5545/1406/47 
f 5548/1407/47 5513/1408/381 5551/1408/381 5548/1407/47 
f 5513/1408/381 5514/1409/381 5552/1409/381 5551/1408/381 
f 5514/1409/381 5519/1410/381 5553/1410/381 5552/1409/381 
f 5519/1410/381 5522/1411/381 5554/1411/381 5553/1410/381 
f 5522/1411/381 5525/1412/381 5555/1412/381 5554/1411/381 
f 5525/1412/381 5528/1413/382 5556/1413/382 5555/1412/381 
f 5528/1413/382 5531/1414/23 5557/1415/23 5556/1413/382 
f 5531/1414/23 5533/1416/23 5558/1416/23 5557/1415/23 
f 5533/1416/23 5535/1417/23 5559/1417/23 5558/1416/23 
f 5535/1417/23 5537/1418/23 5560/1418/23 5559/1417/23 
f 5537/1418/23 5541/1419/379 5561/1419/379 5560/1418/23 
f 5541/1419/379 5544/1420/380 5562/1420/380 5561/1419/379 
f 5544/1420/380 5547/1421/380 5563/1421/380 5562/1420/380 
f 5547/1421/380 5550/1422/379 5564/1422/379 5563/1421/380 
f 5550/1422/379 5517/1423/379 5565/1423/379 5564/1422/379 
f 5517/1423/379 5518/1424/380 5566/1424/380 5565/1423/379 
f 5518/1424/380 5521/1425/47 5521/1425/47 5566/1424/380 
f 5521/1425/47 5524/1426/47 5524/1426/47 5521/1425/47 
f 5524/1426/47 5527/1427/47 5527/1428/47 5524/1426/47 
f 5527/1427/47 5530/1429/47 5530/1429/47 5527/1428/47 
s 2
f 5521/1425/375 5567/1430/378 5568/1431/375 5524/1426/375 
f 5546/1393/377 5569/1432/377 5570/1433/377 5549/1394/376 
f 5534/1402/376 5571/1434/376 5572/1435/376 5536/1403/376 
f 5522/1411/375 5573/1436/375 5574/1437/375 5525/1412/375 
f 5547/1421/375 5575/1438/375 5576/1439/375 5550/1422/378 
f 5523/1398/376 5577/1440/376 5578/1441/376 5526/1399/376 
f 5548/1407/377 5579/1442/376 5580/1443/378 5513/1408/378 
f 5535/1417/375 5581/1444/375 5582/1445/378 5537/1418/378 
f 5524/1426/375 5568/1431/375 5583/1446/375 5527/1427/375 
f 5549/1394/376 5570/1433/377 5584/1447/376 5515/1395/376 
f 5536/1403/376 5572/1435/376 5585/1448/376 5538/1404/376 
f 5525/1412/375 5574/1437/375 5586/1449/375 5528/1413/375 
f 5550/1422/378 5576/1439/375 5587/1450/378 5517/1423/378 
f 5539/1390/375 5588/1451/375 5589/1452/378 5540/1391/378 
f 5526/1399/376 5578/1441/376 5590/1453/376 5529/1400/376 
f 5513/1408/378 5580/1443/378 5591/1454/375 5514/1409/375 
f 5537/1418/378 5582/1445/378 5592/1455/378 5541/1419/378 
f 5527/1427/375 5583/1446/375 5593/1456/375 5530/1429/375 
f 5515/1395/376 5584/1447/376 5594/1457/376 5516/1396/376 
f 5538/1404/376 5585/1448/376 5595/1458/376 5542/1405/376 
f 5528/1413/375 5586/1449/375 5596/1459/375 5531/1414/375 
f 5517/1423/378 5587/1450/378 5597/1460/378 5518/1424/378 
f 5540/1391/378 5589/1452/378 5598/1461/377 5543/1392/376 
f 5529/1400/376 5590/1453/376 5599/1462/376 5532/1401/376 
f 5514/1409/375 5591/1454/375 5600/1463/375 5519/1410/375 
f 5541/1419/378 5592/1455/378 5601/1464/375 5544/1420/375 
f 5516/1396/376 5594/1457/376 5602/1465/376 5520/1397/376 
f 5542/1405/376 5595/1458/376 5603/1466/376 5545/1406/376 
f 5531/1414/375 5596/1459/375 5604/1467/375 5533/1416/375 
f 5518/1424/378 5597/1460/378 5567/1430/378 5521/1425/375 
f 5543/1392/376 5598/1461/377 5569/1432/377 5546/1393/377 
f 5532/1401/376 5599/1462/376 5571/1434/376 5534/1402/376 
f 5519/1410/375 5600/1463/375 5573/1436/375 5522/1411/375 
f 5544/1420/375 5601/1464/375 5575/1438/375 5547/1421/375 
f 5520/1397/376 5602/1465/376 5577/1440/376 5523/1398/376 
f 5545/1406/376 5603/1466/376 5579/1442/376 5548/1407/377 
f 5533/1416/375 5604/1467/375 5581/1444/375 5535/1417/375 
# 5008 polygons - 324 triangles

