# ProBuilder 5.0.6
# https://unity3d.com/unity/features/worldbuilding/probuilder
# 12/22/2022 10:38:10 AM

mtllib ./Com.mtl
o Com

g Tall_Building
v -29.64868 19.81856 -5.657005
v -30.83968 19.81856 -4.466005
v -30.83968 74.25916 -4.466005
v -29.64868 74.25916 -5.657005
v 12.83444 1.376126 -28.06531
v 12.83444 16.08724 -28.06531
v 11.64344 16.08724 -28.06531
v 11.64344 1.376126 -28.06531
v 2.670823 1.376126 -28.06531
v 2.670823 16.08724 -28.06531
v 2.224906 16.08724 -28.06531
v 2.224906 1.376126 -28.06531
v 10.53945 1.376126 -28.06531
v 10.53945 16.08724 -28.06531
v 10.09354 16.08724 -28.06531
v 10.09354 1.376126 -28.06531
v 0.9867911 1.376126 -28.06531
v 0.9867911 16.08724 -28.06531
v -0.204209 16.08724 -28.06531
v -0.204209 1.376126 -28.06531
v -17.29387 73.98407 -30.79353
v 28.63997 73.98407 -30.79353
v 28.63997 76.56171 -30.79353
v -17.29387 76.56171 -30.79353
v -30.83968 73.98407 -17.62977
v -30.83968 76.56171 -17.62977
v 28.63997 73.98407 -4.466005
v -30.83968 73.98407 -4.466005
v -30.83968 76.56171 -4.466005
v 28.63997 76.56171 -4.466005
v 28.63997 73.98407 -17.62977
v 28.63997 76.56171 -17.62977
v 27.44897 75.3707 -17.62977
v 27.44897 75.3707 -29.60253
v 27.44897 76.56171 -29.60253
v 27.44897 76.56171 -17.62977
v 27.44897 75.3707 -5.657005
v 27.44897 76.56171 -5.657005
v -16.81049 75.3707 -29.60253
v -16.81049 76.56171 -29.60253
v -29.64868 75.3707 -17.12643
v -29.64868 76.56171 -17.12643
v -29.64868 75.3707 -5.657005
v -29.64868 76.56171 -5.657005
v -17.29387 64.52687 -30.79353
v 28.63997 64.52687 -30.79353
v 28.63997 67.10452 -30.79353
v -17.29387 67.10452 -30.79353
v -30.83968 64.52687 -17.62977
v -30.83968 67.10452 -17.62977
v 28.63997 64.52687 -4.466005
v -30.83968 64.52687 -4.466005
v -30.83968 67.10452 -4.466005
v 28.63997 67.10452 -4.466005
v 28.63997 64.52687 -17.62977
v 28.63997 67.10452 -17.62977
v -16.81049 65.91351 -29.60253
v 27.44897 65.91351 -29.60253
v 27.44897 65.91351 -17.62977
v -29.64868 65.91351 -17.12643
v 27.44897 65.91351 -5.657005
v -29.64868 65.91351 -5.657005
v 27.44897 67.10452 -29.60253
v 27.44897 67.10452 -17.62977
v 27.44897 67.10452 -5.657005
v -16.81049 67.10452 -29.60253
v -29.64868 67.10452 -17.12643
v -29.64868 67.10452 -5.657005
v -17.29387 55.06968 -30.79353
v 28.63997 55.06968 -30.79353
v 28.63997 57.64732 -30.79353
v -17.29387 57.64732 -30.79353
v -30.83968 55.06968 -17.62977
v -30.83968 57.64732 -17.62977
v 28.63997 55.06968 -4.466005
v -30.83968 55.06968 -4.466005
v -30.83968 57.64732 -4.466005
v 28.63997 57.64732 -4.466005
v 28.63997 55.06968 -17.62977
v 28.63997 57.64732 -17.62977
v -16.81049 56.45632 -29.60253
v 27.44897 56.45632 -29.60253
v 27.44897 56.45632 -17.62977
v -29.64868 56.45632 -17.12643
v 27.44897 56.45632 -5.657005
v -29.64868 56.45632 -5.657005
v 27.44897 57.64732 -29.60253
v 27.44897 57.64732 -17.62977
v 27.44897 57.64732 -5.657005
v -16.81049 57.64732 -29.60253
v -29.64868 57.64732 -17.12643
v -29.64868 57.64732 -5.657005
v -17.29387 45.61249 -30.79353
v 28.63997 45.61249 -30.79353
v 28.63997 48.19013 -30.79353
v -17.29387 48.19013 -30.79353
v -30.83968 45.61249 -17.62977
v -30.83968 48.19013 -17.62977
v 28.63997 45.61249 -4.466005
v -30.83968 45.61249 -4.466005
v -30.83968 48.19013 -4.466005
v 28.63997 48.19013 -4.466005
v 28.63997 45.61249 -17.62977
v 28.63997 48.19013 -17.62977
v -16.81049 46.99913 -29.60253
v 27.44897 46.99913 -29.60253
v 27.44897 46.99913 -17.62977
v -29.64868 46.99913 -17.12643
v 27.44897 46.99913 -5.657005
v -29.64868 46.99913 -5.657005
v 27.44897 48.19013 -29.60253
v 27.44897 48.19013 -17.62977
v 27.44897 48.19013 -5.657005
v -16.81049 48.19013 -29.60253
v -29.64868 48.19013 -17.12643
v -29.64868 48.19013 -5.657005
v -17.29387 36.1553 -30.79353
v 28.63997 36.1553 -30.79353
v 28.63997 38.73294 -30.79353
v -17.29387 38.73294 -30.79353
v -30.83968 36.1553 -17.62977
v -30.83968 38.73294 -17.62977
v 28.63997 36.1553 -4.466005
v -30.83968 36.1553 -4.466005
v -30.83968 38.73294 -4.466005
v 28.63997 38.73294 -4.466005
v 28.63997 36.1553 -17.62977
v 28.63997 38.73294 -17.62977
v -16.81049 37.54194 -29.60253
v 27.44897 37.54194 -29.60253
v 27.44897 37.54194 -17.62977
v -29.64868 37.54194 -17.12643
v 27.44897 37.54194 -5.657005
v -29.64868 37.54194 -5.657005
v 27.44897 38.73294 -29.60253
v 27.44897 38.73294 -17.62977
v 27.44897 38.73294 -5.657005
v -16.81049 38.73294 -29.60253
v -29.64868 38.73294 -17.12643
v -29.64868 38.73294 -5.657005
v -17.29387 26.69811 -30.79353
v 28.63997 26.69811 -30.79353
v 28.63997 29.27575 -30.79353
v -17.29387 29.27575 -30.79353
v -30.83968 26.69811 -17.62977
v -30.83968 29.27575 -17.62977
v 28.63997 26.69811 -4.466005
v -30.83968 26.69811 -4.466005
v -30.83968 29.27575 -4.466005
v 28.63997 29.27575 -4.466005
v 28.63997 26.69811 -17.62977
v 28.63997 29.27575 -17.62977
v -16.81049 28.08475 -29.60253
v 27.44897 28.08475 -29.60253
v 27.44897 28.08475 -17.62977
v -29.64868 28.08475 -17.12643
v 27.44897 28.08475 -5.657005
v -29.64868 28.08475 -5.657005
v 27.44897 29.27575 -29.60253
v 27.44897 29.27575 -17.62977
v 27.44897 29.27575 -5.657005
v -16.81049 29.27575 -29.60253
v -29.64868 29.27575 -17.12643
v -29.64868 29.27575 -5.657005
v -17.29387 17.24092 -30.79353
v 28.63997 17.24092 -30.79353
v 28.63997 19.81856 -30.79353
v -17.29387 19.81856 -30.79353
v -30.83968 17.24092 -17.62977
v -30.83968 19.81856 -17.62977
v 28.63997 17.24092 -4.466005
v -30.83968 17.24092 -4.466005
v 28.63997 19.81856 -4.466005
v 28.63997 17.24092 -17.62977
v 28.63997 19.81856 -17.62977
v -16.81049 18.62756 -29.60253
v 27.44897 18.62756 -29.60253
v 27.44897 18.62756 -17.62977
v -29.64868 18.62756 -17.12643
v 27.44897 18.62756 -5.657005
v -29.64868 18.62756 -5.657005
v 27.44897 19.81856 -29.60253
v -16.81049 19.81856 -29.60253
v -29.64868 19.81856 -17.12643
v 27.44897 19.81856 -17.62977
v 27.44897 19.81856 -5.657005
v -26.91504 16.08724 -17.62977
v -15.36597 17.27824 -28.0394
v -26.91504 17.27824 -17.62977
v -16.25065 16.08724 -27.24201
v -15.36597 0.1851257 -28.0394
v -16.25065 1.376126 -27.24201
v -26.91504 0.1851257 -17.62977
v -26.91504 1.376126 -17.62977
v -26.91504 16.08724 -5.662569
v -26.91504 17.27824 -4.471569
v -26.91504 1.376126 -5.662569
v -26.91504 0.1851257 -4.471569
v -32.16159 84.2732 -3.205748
v -30.90181 84.2732 11.19365
v -30.87582 84.2732 -3.261886
v -33.41179 84.2732 -3.041156
v -34.64289 84.2732 -2.768229
v -35.84551 84.2732 -2.389044
v -37.01051 84.2732 -1.906487
v -38.12901 84.2732 -1.324229
v -39.19252 84.2732 -0.6467026
v -40.19292 84.2732 0.1209358
v -41.12261 84.2732 0.9728443
v -41.97453 84.2732 1.902539
v -42.74216 84.2732 2.902945
v -43.41969 84.2732 3.966448
v -44.00195 84.2732 5.084955
v -44.4845 84.2732 6.249952
v -44.86369 84.2732 7.452574
v -45.13662 84.2732 8.683668
v -45.30121 84.2732 9.933864
v -45.35621 84.2732 11.19365
v -45.30121 84.2732 12.45343
v -45.13662 84.2732 13.70363
v -44.86369 84.2732 14.93472
v -44.4845 84.2732 16.13734
v -44.00195 84.2732 17.30234
v -43.41969 84.2732 18.42085
v -42.74216 84.2732 19.48435
v -41.97453 84.2732 20.48475
v -41.12261 84.2732 21.41445
v -40.19292 84.2732 22.26636
v -39.19252 84.2732 23.034
v -38.12901 84.2732 23.71152
v -37.01051 84.2732 24.29378
v -35.84551 84.2732 24.77634
v -34.64289 84.2732 25.15553
v -33.41179 84.2732 25.42845
v -32.16159 84.2732 25.59304
v -30.87582 84.2732 25.64918
v -32.2655 0.1839874 -4.393346
v -30.90181 0.1839874 -4.452886
v -30.90181 15.03411 -4.452886
v -32.2655 15.03411 -4.393346
v -30.90181 17.21247 -4.452886
v -33.6188 0.1839874 -4.215179
v -32.2655 17.21247 -4.393346
v -33.6188 15.03411 -4.215179
v -34.95143 0.1839874 -3.919743
v -33.6188 17.21247 -4.215179
v -34.95143 15.03411 -3.919743
v -36.25324 0.1839874 -3.509284
v -34.95143 17.21247 -3.919743
v -36.25324 15.03411 -3.509284
v -37.51432 0.1839874 -2.986927
v -36.25324 17.21247 -3.509284
v -37.51432 15.03411 -2.986927
v -38.72508 0.1839874 -2.356648
v -37.51432 17.21247 -2.986927
v -38.72508 15.03411 -2.356648
v -39.8763 0.1839874 -1.623242
v -38.72508 17.21247 -2.356648
v -39.8763 15.03411 -1.623242
v -40.95921 0.1839874 -0.7922923
v -39.8763 17.21247 -1.623242
v -40.95921 15.03411 -0.7922923
v -41.96558 0.1839874 0.1298778
v -40.95921 17.21247 -0.7922923
v -41.96558 15.03411 0.1298778
v -42.88775 0.1839874 1.13625
v -41.96558 17.21247 0.1298778
v -42.88775 15.03411 1.13625
v -43.7187 0.1839874 2.219165
v -42.88775 17.21247 1.13625
v -43.7187 15.03411 2.219165
v -44.45211 0.1839874 3.370381
v -43.7187 17.21247 2.219165
v -44.45211 15.03411 3.370381
v -45.08239 0.1839874 4.581137
v -44.45211 17.21247 3.370381
v -45.08239 15.03411 4.581137
v -45.60474 0.1839874 5.842218
v -45.08239 17.21247 4.581137
v -45.60474 15.03411 5.842218
v -45.60474 17.21247 5.842218
v -46.0152 15.03411 7.144027
v -46.0152 17.21247 7.144027
v -46.31064 15.03411 8.476656
v -46.31064 17.21247 8.476656
v -46.48881 15.03411 9.829962
v -46.48881 17.21247 9.829962
v -46.54835 15.03411 11.19365
v -46.54835 17.21247 11.19365
v -46.48881 15.03411 12.55733
v -46.48881 17.21247 12.55733
v -46.31064 15.03411 13.91064
v -46.31064 17.21247 13.91064
v -46.0152 15.03411 15.24327
v -46.0152 17.21247 15.24327
v -45.60474 15.03411 16.54508
v -45.60474 17.21247 16.54508
v -45.08239 15.03411 17.80616
v -45.08239 17.21247 17.80616
v -45.08239 0.1839874 17.80616
v -45.60474 0.1839874 16.54508
v -44.45211 0.1839874 19.01691
v -44.45211 15.03411 19.01691
v -44.45211 17.21247 19.01691
v -43.7187 0.1839874 20.16813
v -43.7187 15.03411 20.16813
v -43.7187 17.21247 20.16813
v -42.88775 0.1839874 21.25105
v -42.88775 15.03411 21.25105
v -42.88775 17.21247 21.25105
v -41.96558 0.1839874 22.25742
v -41.96558 15.03411 22.25742
v -41.96558 17.21247 22.25742
v -40.95921 0.1839874 23.17959
v -40.95921 15.03411 23.17959
v -40.95921 17.21247 23.17959
v -39.8763 0.1839874 24.01054
v -39.8763 15.03411 24.01054
v -39.8763 17.21247 24.01054
v -38.72508 0.1839874 24.74394
v -38.72508 15.03411 24.74394
v -38.72508 17.21247 24.74394
v -37.51432 0.1839874 25.37422
v -37.51432 15.03411 25.37422
v -37.51432 17.21247 25.37422
v -36.25324 0.1839874 25.89658
v -36.25324 15.03411 25.89658
v -36.25324 17.21247 25.89658
v -34.95143 0.1839874 26.30704
v -34.95143 15.03411 26.30704
v -34.95143 17.21247 26.30704
v -33.6188 0.1839874 26.60247
v -33.6188 15.03411 26.60247
v -33.6188 17.21247 26.60247
v -32.2655 0.1839874 26.78064
v -32.2655 15.03411 26.78064
v -30.90181 0.1839874 26.84018
v -32.2655 17.21247 26.78064
v -30.90181 15.03411 26.84018
v -30.90181 17.21247 26.84018
v 28.67311 84.2732 -3.261886
v 28.69909 84.2732 11.19365
v 29.95888 84.2732 -3.205748
v 31.20907 84.2732 -3.041156
v 32.44017 84.2732 -2.768229
v 33.64279 84.2732 -2.389044
v 34.80779 84.2732 -1.906487
v 35.92629 84.2732 -1.324229
v 36.9898 84.2732 -0.6467026
v 37.9902 84.2732 0.1209358
v 38.91989 84.2732 0.9728443
v 39.7718 84.2732 1.902539
v 40.53944 84.2732 2.902945
v 41.21697 84.2732 3.966448
v 41.79922 84.2732 5.084955
v 42.28178 84.2732 6.249952
v 42.66096 84.2732 7.452574
v 42.9339 84.2732 8.683668
v 43.09849 84.2732 9.933864
v 43.15349 84.2732 11.19365
v 43.09849 84.2732 12.45343
v 42.9339 84.2732 13.70363
v 42.66096 84.2732 14.93472
v 42.28178 84.2732 16.13734
v 41.79922 84.2732 17.30234
v 41.21697 84.2732 18.42085
v 40.53944 84.2732 19.48435
v 39.7718 84.2732 20.48475
v 38.91989 84.2732 21.41445
v 37.9902 84.2732 22.26636
v 36.9898 84.2732 23.034
v 35.92629 84.2732 23.71152
v 34.80779 84.2732 24.29378
v 33.64279 84.2732 24.77634
v 32.44017 84.2732 25.15553
v 31.20907 84.2732 25.42845
v 29.95888 84.2732 25.59304
v 28.67311 84.2732 25.64918
v 30.06278 0.1839874 26.78064
v 28.69909 0.1839874 26.84018
v 28.69909 15.03411 26.84018
v 30.06278 15.03411 26.78064
v 28.69909 17.21247 26.84018
v 31.41608 0.1839874 26.60247
v 30.06278 17.21247 26.78064
v 31.41608 15.03411 26.60247
v 32.74871 0.1839874 26.30704
v 31.41608 17.21247 26.60247
v 32.74871 15.03411 26.30704
v 34.05052 0.1839874 25.89658
v 32.74871 17.21247 26.30704
v 34.05052 15.03411 25.89658
v 35.3116 0.1839874 25.37422
v 34.05052 17.21247 25.89658
v 35.3116 15.03411 25.37422
v 36.52236 0.1839874 24.74394
v 35.3116 17.21247 25.37422
v 36.52236 15.03411 24.74394
v 37.67358 0.1839874 24.01054
v 36.52236 17.21247 24.74394
v 37.67358 15.03411 24.01054
v 38.75649 0.1839874 23.17959
v 37.67358 17.21247 24.01054
v 38.75649 15.03411 23.17959
v 39.76286 0.1839874 22.25742
v 38.75649 17.21247 23.17959
v 39.76286 15.03411 22.25742
v 40.68503 0.1839874 21.25105
v 39.76286 17.21247 22.25742
v 40.68503 15.03411 21.25105
v 41.51598 0.1839874 20.16813
v 40.68503 17.21247 21.25105
v 41.51598 15.03411 20.16813
v 42.24939 0.1839874 19.01691
v 41.51598 17.21247 20.16813
v 42.24939 15.03411 19.01691
v 42.87967 0.1839874 17.80616
v 42.24939 17.21247 19.01691
v 42.87967 15.03411 17.80616
v 43.40202 0.1839874 16.54508
v 42.87967 17.21247 17.80616
v 43.40202 15.03411 16.54508
v 43.81248 0.1839874 15.24327
v 43.40202 17.21247 16.54508
v 43.81248 15.03411 15.24327
v 44.10792 0.1839874 13.91064
v 43.81248 17.21247 15.24327
v 44.10792 15.03411 13.91064
v 44.28609 0.1839874 12.55733
v 44.10792 17.21247 13.91064
v 44.28609 15.03411 12.55733
v 44.34563 0.1839874 11.19365
v 44.28609 17.21247 12.55733
v 44.34563 15.03411 11.19365
v 44.28609 0.1839874 9.829962
v 44.34563 17.21247 11.19365
v 44.28609 15.03411 9.829962
v 44.10792 0.1839874 8.476656
v 44.28609 17.21247 9.829962
v 44.10792 15.03411 8.476656
v 43.81248 0.1839874 7.144027
v 44.10792 17.21247 8.476656
v 43.81248 15.03411 7.144027
v 43.40202 0.1839874 5.842218
v 43.81248 17.21247 7.144027
v 43.40202 15.03411 5.842218
v 42.87967 0.1839874 4.581137
v 43.40202 17.21247 5.842218
v 42.87967 15.03411 4.581137
v 42.24939 0.1839874 3.370381
v 42.87967 17.21247 4.581137
v 42.24939 15.03411 3.370381
v 41.51598 0.1839874 2.219165
v 42.24939 17.21247 3.370381
v 41.51598 15.03411 2.219165
v 40.68503 0.1839874 1.13625
v 41.51598 17.21247 2.219165
v 40.68503 15.03411 1.13625
v 39.76286 0.1839874 0.1298778
v 40.68503 17.21247 1.13625
v 39.76286 15.03411 0.1298778
v 38.75649 0.1839874 -0.7922923
v 39.76286 17.21247 0.1298778
v 38.75649 15.03411 -0.7922923
v 37.67358 0.1839874 -1.623242
v 38.75649 17.21247 -0.7922923
v 37.67358 15.03411 -1.623242
v 36.52236 0.1839874 -2.356648
v 37.67358 17.21247 -1.623242
v 36.52236 15.03411 -2.356648
v 35.3116 0.1839874 -2.986927
v 36.52236 17.21247 -2.356648
v 35.3116 15.03411 -2.986927
v 34.05052 0.1839874 -3.509284
v 35.3116 17.21247 -2.986927
v 34.05052 15.03411 -3.509284
v 32.74871 0.1839874 -3.919743
v 34.05052 17.21247 -3.509284
v 32.74871 15.03411 -3.919743
v 31.41608 0.1839874 -4.215179
v 32.74871 17.21247 -3.919743
v 31.41608 15.03411 -4.215179
v 30.06278 0.1839874 -4.393346
v 31.41608 17.21247 -4.215179
v 30.06278 15.03411 -4.393346
v 28.69909 0.1839874 -4.452886
v 30.06278 17.21247 -4.393346
v 28.69909 15.03411 -4.452886
v 28.69909 17.21247 -4.452886
v -30.87582 87.21644 -3.261886
v -32.2655 87.21644 -4.393346
v -30.90181 87.21644 -4.452886
v -32.16159 87.21644 -3.205748
v -33.6188 87.21644 -4.215179
v -33.41179 87.21644 -3.041156
v -34.95143 87.21644 -3.919743
v -34.64289 87.21644 -2.768229
v -36.25324 87.21644 -3.509284
v -35.84551 87.21644 -2.389044
v -37.51432 87.21644 -2.986927
v -37.01051 87.21644 -1.906487
v -38.72508 87.21644 -2.356648
v -38.12901 87.21644 -1.324229
v -39.8763 87.21644 -1.623242
v -39.19252 87.21644 -0.6467026
v -40.95921 87.21644 -0.7922923
v -40.19292 87.21644 0.1209358
v -41.96558 87.21644 0.1298778
v -41.12261 87.21644 0.9728443
v -42.88775 87.21644 1.13625
v -41.97453 87.21644 1.902539
v -43.7187 87.21644 2.219165
v -42.74216 87.21644 2.902945
v -44.45211 87.21644 3.370381
v -43.41969 87.21644 3.966448
v -45.08239 87.21644 4.581137
v -44.00195 87.21644 5.084955
v -45.60474 87.21644 5.842218
v -44.4845 87.21644 6.249952
v -46.0152 87.21644 7.144027
v -44.86369 87.21644 7.452574
v -46.31064 87.21644 8.476656
v -45.13662 87.21644 8.683668
v -46.48881 87.21644 9.829962
v -45.30121 87.21644 9.933864
v -46.54835 87.21644 11.19365
v -45.35621 87.21644 11.19365
v -46.48881 87.21644 12.55733
v -45.30121 87.21644 12.45343
v -46.31064 87.21644 13.91064
v -45.13662 87.21644 13.70363
v -46.0152 87.21644 15.24327
v -44.86369 87.21644 14.93472
v -45.60474 87.21644 16.54508
v -44.4845 87.21644 16.13734
v -45.08239 87.21644 17.80616
v -44.00195 87.21644 17.30234
v -44.45211 87.21644 19.01691
v -43.41969 87.21644 18.42085
v -43.7187 87.21644 20.16813
v -42.74216 87.21644 19.48435
v -42.88775 87.21644 21.25105
v -41.97453 87.21644 20.48475
v -41.96558 87.21644 22.25742
v -41.12261 87.21644 21.41445
v -40.95921 87.21644 23.17959
v -40.19292 87.21644 22.26636
v -39.8763 87.21644 24.01054
v -39.19252 87.21644 23.034
v -38.72508 87.21644 24.74394
v -38.12901 87.21644 23.71152
v -37.51432 87.21644 25.37422
v -37.01051 87.21644 24.29378
v -36.25324 87.21644 25.89658
v -35.84551 87.21644 24.77634
v -34.95143 87.21644 26.30704
v -34.64289 87.21644 25.15553
v -33.6188 87.21644 26.60247
v -33.41179 87.21644 25.42845
v -32.2655 87.21644 26.78064
v -32.16159 87.21644 25.59304
v -30.90181 87.21644 26.84018
v -30.87582 87.21644 25.64918
v 29.95888 87.21644 -3.205748
v 28.67311 87.21644 -3.261886
v 28.69909 87.21644 -4.452886
v 30.06278 87.21644 -4.393346
v 31.20907 87.21644 -3.041156
v 31.41608 87.21644 -4.215179
v 32.44017 87.21644 -2.768229
v 32.74871 87.21644 -3.919743
v 33.64279 87.21644 -2.389044
v 34.05052 87.21644 -3.509284
v 34.80779 87.21644 -1.906487
v 35.3116 87.21644 -2.986927
v 35.92629 87.21644 -1.324229
v 36.52236 87.21644 -2.356648
v 36.9898 87.21644 -0.6467026
v 37.67358 87.21644 -1.623242
v 37.9902 87.21644 0.1209358
v 38.75649 87.21644 -0.7922923
v 38.91989 87.21644 0.9728443
v 39.76286 87.21644 0.1298778
v 39.7718 87.21644 1.902539
v 40.68503 87.21644 1.13625
v 40.53944 87.21644 2.902945
v 41.51598 87.21644 2.219165
v 41.21697 87.21644 3.966448
v 42.24939 87.21644 3.370381
v 41.79922 87.21644 5.084955
v 42.87967 87.21644 4.581137
v 42.28178 87.21644 6.249952
v 43.40202 87.21644 5.842218
v 42.66096 87.21644 7.452574
v 43.81248 87.21644 7.144027
v 42.9339 87.21644 8.683668
v 44.10792 87.21644 8.476656
v 43.09849 87.21644 9.933864
v 44.28609 87.21644 9.829962
v 43.15349 87.21644 11.19365
v 44.34563 87.21644 11.19365
v 43.09849 87.21644 12.45343
v 44.28609 87.21644 12.55733
v 42.9339 87.21644 13.70363
v 44.10792 87.21644 13.91064
v 42.66096 87.21644 14.93472
v 43.81248 87.21644 15.24327
v 42.28178 87.21644 16.13734
v 43.40202 87.21644 16.54508
v 41.79922 87.21644 17.30234
v 42.87967 87.21644 17.80616
v 41.21697 87.21644 18.42085
v 42.24939 87.21644 19.01691
v 40.53944 87.21644 19.48435
v 41.51598 87.21644 20.16813
v 39.7718 87.21644 20.48475
v 40.68503 87.21644 21.25105
v 38.91989 87.21644 21.41445
v 39.76286 87.21644 22.25742
v 37.9902 87.21644 22.26636
v 38.75649 87.21644 23.17959
v 36.9898 87.21644 23.034
v 37.67358 87.21644 24.01054
v 35.92629 87.21644 23.71152
v 36.52236 87.21644 24.74394
v 34.80779 87.21644 24.29378
v 35.3116 87.21644 25.37422
v 33.64279 87.21644 24.77634
v 34.05052 87.21644 25.89658
v 32.44017 87.21644 25.15553
v 32.74871 87.21644 26.30704
v 31.20907 87.21644 25.42845
v 31.41608 87.21644 26.60247
v 29.95888 87.21644 25.59304
v 30.06278 87.21644 26.78064
v 28.67311 87.21644 25.64918
v 28.69909 87.21644 26.84018
v -30.87582 86.02544 -3.261886
v -32.16159 86.02544 -3.205748
v -33.41179 86.02544 -3.041156
v -34.64289 86.02544 -2.768229
v -35.84551 86.02544 -2.389044
v -37.01051 86.02544 -1.906487
v -38.12901 86.02544 -1.324229
v -39.19252 86.02544 -0.6467026
v -40.19292 86.02544 0.1209358
v -41.12261 86.02544 0.9728443
v -41.97453 86.02544 1.902539
v -42.74216 86.02544 2.902945
v -43.41969 86.02544 3.966448
v -44.00195 86.02544 5.084955
v -44.4845 86.02544 6.249952
v -44.86369 86.02544 7.452574
v -45.13662 86.02544 8.683668
v -45.30121 86.02544 9.933864
v -45.35621 86.02544 11.19365
v -45.30121 86.02544 12.45343
v -45.13662 86.02544 13.70363
v -44.86369 86.02544 14.93472
v -44.4845 86.02544 16.13734
v -44.00195 86.02544 17.30234
v -43.41969 86.02544 18.42085
v -42.74216 86.02544 19.48435
v -41.97453 86.02544 20.48475
v -41.12261 86.02544 21.41445
v -40.19292 86.02544 22.26636
v -39.19252 86.02544 23.034
v -38.12901 86.02544 23.71152
v -37.01051 86.02544 24.29378
v -35.84551 86.02544 24.77634
v -34.64289 86.02544 25.15553
v -33.41179 86.02544 25.42845
v -32.16159 86.02544 25.59304
v -30.87582 86.02544 25.64918
v 29.95888 86.02544 -3.205748
v 28.67311 86.02544 -3.261886
v 31.20907 86.02544 -3.041156
v 32.44017 86.02544 -2.768229
v 33.64279 86.02544 -2.389044
v 34.80779 86.02544 -1.906487
v 35.92629 86.02544 -1.324229
v 36.9898 86.02544 -0.6467026
v 37.9902 86.02544 0.1209358
v 38.91989 86.02544 0.9728443
v 39.7718 86.02544 1.902539
v 40.53944 86.02544 2.902945
v 41.21697 86.02544 3.966448
v 41.79922 86.02544 5.084955
v 42.28178 86.02544 6.249952
v 42.66096 86.02544 7.452574
v 42.9339 86.02544 8.683668
v 43.09849 86.02544 9.933864
v 43.15349 86.02544 11.19365
v 43.09849 86.02544 12.45343
v 42.9339 86.02544 13.70363
v 42.66096 86.02544 14.93472
v 42.28178 86.02544 16.13734
v 41.79922 86.02544 17.30234
v 41.21697 86.02544 18.42085
v 40.53944 86.02544 19.48435
v 39.7718 86.02544 20.48475
v 38.91989 86.02544 21.41445
v 37.9902 86.02544 22.26636
v 36.9898 86.02544 23.034
v 35.92629 86.02544 23.71152
v 34.80779 86.02544 24.29378
v 33.64279 86.02544 24.77634
v 32.44017 86.02544 25.15553
v 31.20907 86.02544 25.42845
v 29.95888 86.02544 25.59304
v 28.67311 86.02544 25.64918
v 29.86298 29.27575 -3.806002
v 30.01083 29.27575 -3.799547
v 30.01083 36.35094 -3.799547
v 29.86298 36.35094 -3.806002
v -32.21355 29.27575 -3.799547
v -32.0657 29.27575 -3.806002
v -32.0657 36.35094 -3.806002
v -32.21355 36.35094 -3.799547
v 29.86298 38.73294 -3.806002
v 30.01083 38.73294 -3.799547
v 30.01083 45.80813 -3.799547
v 29.86298 45.80813 -3.806002
v -32.21355 38.73294 -3.799547
v -32.0657 38.73294 -3.806002
v -32.0657 45.80813 -3.806002
v -32.21355 45.80813 -3.799547
v 29.86298 48.19013 -3.806002
v 30.01083 48.19013 -3.799547
v 30.01083 55.26532 -3.799547
v 29.86298 55.26532 -3.806002
v -32.21355 48.19013 -3.799547
v -32.0657 48.19013 -3.806002
v -32.0657 55.26532 -3.806002
v -32.21355 55.26532 -3.799547
v 29.86298 57.64732 -3.806002
v 30.01083 57.64732 -3.799547
v 30.01083 64.72251 -3.799547
v 29.86298 64.72251 -3.806002
v -32.21355 57.64732 -3.799547
v -32.0657 57.64732 -3.806002
v -32.0657 64.72251 -3.806002
v -32.21355 64.72251 -3.799547
v 29.86298 67.10452 -3.806002
v 30.01083 67.10452 -3.799547
v 30.01083 74.1797 -3.799547
v 29.86298 74.1797 -3.806002
v -32.21355 67.10452 -3.799547
v -32.0657 67.10452 -3.806002
v -32.0657 74.1797 -3.806002
v -32.21355 74.1797 -3.799547
v -30.90181 75.3707 26.84018
v -32.2655 75.3707 26.78064
v -30.90181 74.1797 26.84018
v -32.2655 74.1797 26.78064
v -33.6188 75.3707 26.60247
v -33.6188 74.1797 26.60247
v -34.95143 75.3707 26.30704
v -34.95143 74.1797 26.30704
v -36.25324 75.3707 25.89658
v -36.25324 74.1797 25.89658
v -37.51432 75.3707 25.37422
v -37.51432 74.1797 25.37422
v -38.72508 75.3707 24.74394
v -38.72508 74.1797 24.74394
v -39.8763 75.3707 24.01054
v -39.8763 74.1797 24.01054
v -40.95921 75.3707 23.17959
v -40.95921 74.1797 23.17959
v -41.96558 75.3707 22.25742
v -41.96558 74.1797 22.25742
v -42.88775 75.3707 21.25105
v -42.88775 74.1797 21.25105
v -43.7187 75.3707 20.16813
v -43.7187 74.1797 20.16813
v -44.45211 75.3707 19.01691
v -44.45211 74.1797 19.01691
v -45.08239 75.3707 17.80616
v -45.08239 74.1797 17.80616
v -45.60474 75.3707 16.54508
v -45.60474 74.1797 16.54508
v -46.0152 75.3707 15.24327
v -46.0152 74.1797 15.24327
v -46.31064 75.3707 13.91064
v -46.31064 74.1797 13.91064
v -46.48881 75.3707 12.55733
v -46.48881 74.1797 12.55733
v -46.54835 75.3707 11.19365
v -46.54835 74.1797 11.19365
v -46.48881 75.3707 9.829962
v -46.48881 74.1797 9.829962
v -46.31064 75.3707 8.476656
v -46.31064 74.1797 8.476656
v -46.0152 75.3707 7.144027
v -46.0152 74.1797 7.144027
v -45.60474 75.3707 5.842218
v -45.60474 74.1797 5.842218
v -45.08239 75.3707 4.581137
v -45.08239 74.1797 4.581137
v -44.45211 75.3707 3.370381
v -44.45211 74.1797 3.370381
v -43.7187 75.3707 2.219165
v -43.7187 74.1797 2.219165
v -42.88775 75.3707 1.13625
v -42.88775 74.1797 1.13625
v -41.96558 75.3707 0.1298778
v -41.96558 74.1797 0.1298778
v -40.95921 75.3707 -0.7922923
v -40.95921 74.1797 -0.7922923
v -39.8763 75.3707 -1.623242
v -39.8763 74.1797 -1.623242
v -38.72508 75.3707 -2.356648
v -38.72508 74.1797 -2.356648
v -37.51432 75.3707 -2.986927
v -37.51432 74.1797 -2.986927
v -36.25324 75.3707 -3.509284
v -36.25324 74.1797 -3.509284
v -34.95143 75.3707 -3.919743
v -34.95143 74.1797 -3.919743
v -33.6188 75.3707 -4.215179
v -33.6188 74.1797 -4.215179
v -32.2655 75.3707 -4.393346
v -32.2655 74.1797 -4.393346
v -30.90181 75.3707 -4.452886
v -32.09168 74.1797 -4.400935
v -30.90181 65.91351 -4.452886
v -32.09168 67.10452 -4.400935
v -32.2655 65.91351 -4.393346
v -32.2655 67.10452 -4.393346
v -33.6188 65.91351 -4.215179
v -33.6188 67.10452 -4.215179
v -34.95143 65.91351 -3.919743
v -34.95143 67.10452 -3.919743
v -36.25324 65.91351 -3.509284
v -36.25324 67.10452 -3.509284
v -37.51432 65.91351 -2.986927
v -37.51432 67.10452 -2.986927
v -38.72508 65.91351 -2.356648
v -38.72508 67.10452 -2.356648
v -39.8763 65.91351 -1.623242
v -39.8763 67.10452 -1.623242
v -40.95921 65.91351 -0.7922923
v -40.95921 67.10452 -0.7922923
v -41.96558 65.91351 0.1298778
v -41.96558 67.10452 0.1298778
v -42.88775 65.91351 1.13625
v -42.88775 67.10452 1.13625
v -43.7187 65.91351 2.219165
v -43.7187 67.10452 2.219165
v -44.45211 65.91351 3.370381
v -44.45211 67.10452 3.370381
v -45.08239 65.91351 4.581137
v -45.08239 67.10452 4.581137
v -45.60474 65.91351 5.842218
v -45.60474 67.10452 5.842218
v -46.0152 65.91351 7.144027
v -46.0152 67.10452 7.144027
v -46.31064 65.91351 8.476656
v -46.31064 67.10452 8.476656
v -46.48881 65.91351 9.829962
v -46.48881 67.10452 9.829962
v -46.54835 65.91351 11.19365
v -46.54835 67.10452 11.19365
v -46.48881 65.91351 12.55733
v -46.48881 67.10452 12.55733
v -46.31064 65.91351 13.91064
v -46.31064 67.10452 13.91064
v -46.0152 65.91351 15.24327
v -46.0152 67.10452 15.24327
v -45.60474 65.91351 16.54508
v -45.60474 67.10452 16.54508
v -45.08239 65.91351 17.80616
v -45.08239 67.10452 17.80616
v -44.45211 65.91351 19.01691
v -44.45211 67.10452 19.01691
v -43.7187 65.91351 20.16813
v -43.7187 67.10452 20.16813
v -42.88775 65.91351 21.25105
v -42.88775 67.10452 21.25105
v -41.96558 65.91351 22.25742
v -41.96558 67.10452 22.25742
v -40.95921 65.91351 23.17959
v -40.95921 67.10452 23.17959
v -39.8763 65.91351 24.01054
v -39.8763 67.10452 24.01054
v -38.72508 65.91351 24.74394
v -38.72508 67.10452 24.74394
v -37.51432 65.91351 25.37422
v -37.51432 67.10452 25.37422
v -36.25324 65.91351 25.89658
v -36.25324 67.10452 25.89658
v -34.95143 65.91351 26.30704
v -34.95143 67.10452 26.30704
v -33.6188 65.91351 26.60247
v -33.6188 67.10452 26.60247
v -32.2655 65.91351 26.78064
v -32.2655 67.10452 26.78064
v -30.90181 65.91351 26.84018
v -30.90181 67.10452 26.84018
v -30.90181 64.72251 26.84018
v -32.2655 64.72251 26.78064
v -33.6188 64.72251 26.60247
v -34.95143 64.72251 26.30704
v -36.25324 64.72251 25.89658
v -37.51432 64.72251 25.37422
v -38.72508 64.72251 24.74394
v -39.8763 64.72251 24.01054
v -40.95921 64.72251 23.17959
v -41.96558 64.72251 22.25742
v -42.88775 64.72251 21.25105
v -43.7187 64.72251 20.16813
v -44.45211 64.72251 19.01691
v -45.08239 64.72251 17.80616
v -45.60474 64.72251 16.54508
v -46.0152 64.72251 15.24327
v -46.31064 64.72251 13.91064
v -46.48881 64.72251 12.55733
v -46.54835 64.72251 11.19365
v -46.48881 64.72251 9.829962
v -46.31064 64.72251 8.476656
v -46.0152 64.72251 7.144027
v -45.60474 64.72251 5.842218
v -45.08239 64.72251 4.581137
v -44.45211 64.72251 3.370381
v -43.7187 64.72251 2.219165
v -42.88775 64.72251 1.13625
v -41.96558 64.72251 0.1298778
v -40.95921 64.72251 -0.7922923
v -39.8763 64.72251 -1.623242
v -38.72508 64.72251 -2.356648
v -37.51432 64.72251 -2.986927
v -36.25324 64.72251 -3.509284
v -34.95143 64.72251 -3.919743
v -33.6188 64.72251 -4.215179
v -32.2655 64.72251 -4.393346
v -32.09168 64.72251 -4.400935
v -30.90181 56.45632 -4.452886
v -32.09168 57.64732 -4.400935
v -32.2655 56.45632 -4.393346
v -32.2655 57.64732 -4.393346
v -33.6188 56.45632 -4.215179
v -33.6188 57.64732 -4.215179
v -34.95143 56.45632 -3.919743
v -34.95143 57.64732 -3.919743
v -36.25324 56.45632 -3.509284
v -36.25324 57.64732 -3.509284
v -37.51432 56.45632 -2.986927
v -37.51432 57.64732 -2.986927
v -38.72508 56.45632 -2.356648
v -38.72508 57.64732 -2.356648
v -39.8763 56.45632 -1.623242
v -39.8763 57.64732 -1.623242
v -40.95921 56.45632 -0.7922923
v -40.95921 57.64732 -0.7922923
v -41.96558 56.45632 0.1298778
v -41.96558 57.64732 0.1298778
v -42.88775 56.45632 1.13625
v -42.88775 57.64732 1.13625
v -43.7187 56.45632 2.219165
v -43.7187 57.64732 2.219165
v -44.45211 56.45632 3.370381
v -44.45211 57.64732 3.370381
v -45.08239 56.45632 4.581137
v -45.08239 57.64732 4.581137
v -45.60474 56.45632 5.842218
v -45.60474 57.64732 5.842218
v -46.0152 56.45632 7.144027
v -46.0152 57.64732 7.144027
v -46.31064 56.45632 8.476656
v -46.31064 57.64732 8.476656
v -46.48881 56.45632 9.829962
v -46.48881 57.64732 9.829962
v -46.54835 56.45632 11.19365
v -46.54835 57.64732 11.19365
v -46.48881 56.45632 12.55733
v -46.48881 57.64732 12.55733
v -46.31064 56.45632 13.91064
v -46.31064 57.64732 13.91064
v -46.0152 56.45632 15.24327
v -46.0152 57.64732 15.24327
v -45.60474 56.45632 16.54508
v -45.60474 57.64732 16.54508
v -45.08239 56.45632 17.80616
v -45.08239 57.64732 17.80616
v -44.45211 56.45632 19.01691
v -44.45211 57.64732 19.01691
v -43.7187 56.45632 20.16813
v -43.7187 57.64732 20.16813
v -42.88775 56.45632 21.25105
v -42.88775 57.64732 21.25105
v -41.96558 56.45632 22.25742
v -41.96558 57.64732 22.25742
v -40.95921 56.45632 23.17959
v -40.95921 57.64732 23.17959
v -39.8763 56.45632 24.01054
v -39.8763 57.64732 24.01054
v -38.72508 56.45632 24.74394
v -38.72508 57.64732 24.74394
v -37.51432 56.45632 25.37422
v -37.51432 57.64732 25.37422
v -36.25324 56.45632 25.89658
v -36.25324 57.64732 25.89658
v -34.95143 56.45632 26.30704
v -34.95143 57.64732 26.30704
v -33.6188 56.45632 26.60247
v -33.6188 57.64732 26.60247
v -32.2655 56.45632 26.78064
v -32.2655 57.64732 26.78064
v -30.90181 56.45632 26.84018
v -30.90181 57.64732 26.84018
v -30.90181 55.26532 26.84018
v -32.2655 55.26532 26.78064
v -33.6188 55.26532 26.60247
v -34.95143 55.26532 26.30704
v -36.25324 55.26532 25.89658
v -37.51432 55.26532 25.37422
v -38.72508 55.26532 24.74394
v -39.8763 55.26532 24.01054
v -40.95921 55.26532 23.17959
v -41.96558 55.26532 22.25742
v -42.88775 55.26532 21.25105
v -43.7187 55.26532 20.16813
v -44.45211 55.26532 19.01691
v -45.08239 55.26532 17.80616
v -45.60474 55.26532 16.54508
v -46.0152 55.26532 15.24327
v -46.31064 55.26532 13.91064
v -46.48881 55.26532 12.55733
v -46.54835 55.26532 11.19365
v -46.48881 55.26532 9.829962
v -46.31064 55.26532 8.476656
v -46.0152 55.26532 7.144027
v -45.60474 55.26532 5.842218
v -45.08239 55.26532 4.581137
v -44.45211 55.26532 3.370381
v -43.7187 55.26532 2.219165
v -42.88775 55.26532 1.13625
v -41.96558 55.26532 0.1298778
v -40.95921 55.26532 -0.7922923
v -39.8763 55.26532 -1.623242
v -38.72508 55.26532 -2.356648
v -37.51432 55.26532 -2.986927
v -36.25324 55.26532 -3.509284
v -34.95143 55.26532 -3.919743
v -33.6188 55.26532 -4.215179
v -32.2655 55.26532 -4.393346
v -32.09168 55.26532 -4.400935
v -30.90181 46.99913 -4.452886
v -32.09168 48.19013 -4.400935
v -32.2655 46.99913 -4.393346
v -32.2655 48.19013 -4.393346
v -33.6188 46.99913 -4.215179
v -33.6188 48.19013 -4.215179
v -34.95143 46.99913 -3.919743
v -34.95143 48.19013 -3.919743
v -36.25324 46.99913 -3.509284
v -36.25324 48.19013 -3.509284
v -37.51432 46.99913 -2.986927
v -37.51432 48.19013 -2.986927
v -38.72508 46.99913 -2.356648
v -38.72508 48.19013 -2.356648
v -39.8763 46.99913 -1.623242
v -39.8763 48.19013 -1.623242
v -40.95921 46.99913 -0.7922923
v -40.95921 48.19013 -0.7922923
v -41.96558 46.99913 0.1298778
v -41.96558 48.19013 0.1298778
v -42.88775 46.99913 1.13625
v -42.88775 48.19013 1.13625
v -43.7187 46.99913 2.219165
v -43.7187 48.19013 2.219165
v -44.45211 46.99913 3.370381
v -44.45211 48.19013 3.370381
v -45.08239 46.99913 4.581137
v -45.08239 48.19013 4.581137
v -45.60474 46.99913 5.842218
v -45.60474 48.19013 5.842218
v -46.0152 46.99913 7.144027
v -46.0152 48.19013 7.144027
v -46.31064 46.99913 8.476656
v -46.31064 48.19013 8.476656
v -46.48881 46.99913 9.829962
v -46.48881 48.19013 9.829962
v -46.54835 46.99913 11.19365
v -46.54835 48.19013 11.19365
v -46.48881 46.99913 12.55733
v -46.48881 48.19013 12.55733
v -46.31064 46.99913 13.91064
v -46.31064 48.19013 13.91064
v -46.0152 46.99913 15.24327
v -46.0152 48.19013 15.24327
v -45.60474 46.99913 16.54508
v -45.60474 48.19013 16.54508
v -45.08239 46.99913 17.80616
v -45.08239 48.19013 17.80616
v -44.45211 46.99913 19.01691
v -44.45211 48.19013 19.01691
v -43.7187 46.99913 20.16813
v -43.7187 48.19013 20.16813
v -42.88775 46.99913 21.25105
v -42.88775 48.19013 21.25105
v -41.96558 46.99913 22.25742
v -41.96558 48.19013 22.25742
v -40.95921 46.99913 23.17959
v -40.95921 48.19013 23.17959
v -39.8763 46.99913 24.01054
v -39.8763 48.19013 24.01054
v -38.72508 46.99913 24.74394
v -38.72508 48.19013 24.74394
v -37.51432 46.99913 25.37422
v -37.51432 48.19013 25.37422
v -36.25324 46.99913 25.89658
v -36.25324 48.19013 25.89658
v -34.95143 46.99913 26.30704
v -34.95143 48.19013 26.30704
v -33.6188 46.99913 26.60247
v -33.6188 48.19013 26.60247
v -32.2655 46.99913 26.78064
v -32.2655 48.19013 26.78064
v -30.90181 46.99913 26.84018
v -30.90181 48.19013 26.84018
v -30.90181 45.80813 26.84018
v -32.2655 45.80813 26.78064
v -33.6188 45.80813 26.60247
v -34.95143 45.80813 26.30704
v -36.25324 45.80813 25.89658
v -37.51432 45.80813 25.37422
v -38.72508 45.80813 24.74394
v -39.8763 45.80813 24.01054
v -40.95921 45.80813 23.17959
v -41.96558 45.80813 22.25742
v -42.88775 45.80813 21.25105
v -43.7187 45.80813 20.16813
v -44.45211 45.80813 19.01691
v -45.08239 45.80813 17.80616
v -45.60474 45.80813 16.54508
v -46.0152 45.80813 15.24327
v -46.31064 45.80813 13.91064
v -46.48881 45.80813 12.55733
v -46.54835 45.80813 11.19365
v -46.48881 45.80813 9.829962
v -46.31064 45.80813 8.476656
v -46.0152 45.80813 7.144027
v -45.60474 45.80813 5.842218
v -45.08239 45.80813 4.581137
v -44.45211 45.80813 3.370381
v -43.7187 45.80813 2.219165
v -42.88775 45.80813 1.13625
v -41.96558 45.80813 0.1298778
v -40.95921 45.80813 -0.7922923
v -39.8763 45.80813 -1.623242
v -38.72508 45.80813 -2.356648
v -37.51432 45.80813 -2.986927
v -36.25324 45.80813 -3.509284
v -34.95143 45.80813 -3.919743
v -33.6188 45.80813 -4.215179
v -32.2655 45.80813 -4.393346
v -32.09168 45.80813 -4.400935
v -30.90181 37.54194 -4.452886
v -32.09168 38.73294 -4.400935
v -32.2655 37.54194 -4.393346
v -32.2655 38.73294 -4.393346
v -33.6188 37.54194 -4.215179
v -33.6188 38.73294 -4.215179
v -34.95143 37.54194 -3.919743
v -34.95143 38.73294 -3.919743
v -36.25324 37.54194 -3.509284
v -36.25324 38.73294 -3.509284
v -37.51432 37.54194 -2.986927
v -37.51432 38.73294 -2.986927
v -38.72508 37.54194 -2.356648
v -38.72508 38.73294 -2.356648
v -39.8763 37.54194 -1.623242
v -39.8763 38.73294 -1.623242
v -40.95921 37.54194 -0.7922923
v -40.95921 38.73294 -0.7922923
v -41.96558 37.54194 0.1298778
v -41.96558 38.73294 0.1298778
v -42.88775 37.54194 1.13625
v -42.88775 38.73294 1.13625
v -43.7187 37.54194 2.219165
v -43.7187 38.73294 2.219165
v -44.45211 37.54194 3.370381
v -44.45211 38.73294 3.370381
v -45.08239 37.54194 4.581137
v -45.08239 38.73294 4.581137
v -45.60474 37.54194 5.842218
v -45.60474 38.73294 5.842218
v -46.0152 37.54194 7.144027
v -46.0152 38.73294 7.144027
v -46.31064 37.54194 8.476656
v -46.31064 38.73294 8.476656
v -46.48881 37.54194 9.829962
v -46.48881 38.73294 9.829962
v -46.54835 37.54194 11.19365
v -46.54835 38.73294 11.19365
v -46.48881 37.54194 12.55733
v -46.48881 38.73294 12.55733
v -46.31064 37.54194 13.91064
v -46.31064 38.73294 13.91064
v -46.0152 37.54194 15.24327
v -46.0152 38.73294 15.24327
v -45.60474 37.54194 16.54508
v -45.60474 38.73294 16.54508
v -45.08239 37.54194 17.80616
v -45.08239 38.73294 17.80616
v -44.45211 37.54194 19.01691
v -44.45211 38.73294 19.01691
v -43.7187 37.54194 20.16813
v -43.7187 38.73294 20.16813
v -42.88775 37.54194 21.25105
v -42.88775 38.73294 21.25105
v -41.96558 37.54194 22.25742
v -41.96558 38.73294 22.25742
v -40.95921 37.54194 23.17959
v -40.95921 38.73294 23.17959
v -39.8763 37.54194 24.01054
v -39.8763 38.73294 24.01054
v -38.72508 37.54194 24.74394
v -38.72508 38.73294 24.74394
v -37.51432 37.54194 25.37422
v -37.51432 38.73294 25.37422
v -36.25324 37.54194 25.89658
v -36.25324 38.73294 25.89658
v -34.95143 37.54194 26.30704
v -34.95143 38.73294 26.30704
v -33.6188 37.54194 26.60247
v -33.6188 38.73294 26.60247
v -32.2655 37.54194 26.78064
v -32.2655 38.73294 26.78064
v -30.90181 37.54194 26.84018
v -30.90181 38.73294 26.84018
v -30.90181 36.35094 26.84018
v -32.2655 36.35094 26.78064
v -33.6188 36.35094 26.60247
v -34.95143 36.35094 26.30704
v -36.25324 36.35094 25.89658
v -37.51432 36.35094 25.37422
v -38.72508 36.35094 24.74394
v -39.8763 36.35094 24.01054
v -40.95921 36.35094 23.17959
v -41.96558 36.35094 22.25742
v -42.88775 36.35094 21.25105
v -43.7187 36.35094 20.16813
v -44.45211 36.35094 19.01691
v -45.08239 36.35094 17.80616
v -45.60474 36.35094 16.54508
v -46.0152 36.35094 15.24327
v -46.31064 36.35094 13.91064
v -46.48881 36.35094 12.55733
v -46.54835 36.35094 11.19365
v -46.48881 36.35094 9.829962
v -46.31064 36.35094 8.476656
v -46.0152 36.35094 7.144027
v -45.60474 36.35094 5.842218
v -45.08239 36.35094 4.581137
v -44.45211 36.35094 3.370381
v -43.7187 36.35094 2.219165
v -42.88775 36.35094 1.13625
v -41.96558 36.35094 0.1298778
v -40.95921 36.35094 -0.7922923
v -39.8763 36.35094 -1.623242
v -38.72508 36.35094 -2.356648
v -37.51432 36.35094 -2.986927
v -36.25324 36.35094 -3.509284
v -34.95143 36.35094 -3.919743
v -33.6188 36.35094 -4.215179
v -32.2655 36.35094 -4.393346
v -32.09168 36.35094 -4.400935
v -30.90181 28.08475 -4.452886
v -32.09168 29.27575 -4.400935
v -32.2655 28.08475 -4.393346
v -32.2655 29.27575 -4.393346
v -33.6188 28.08475 -4.215179
v -33.6188 29.27575 -4.215179
v -34.95143 28.08475 -3.919743
v -34.95143 29.27575 -3.919743
v -36.25324 28.08475 -3.509284
v -36.25324 29.27575 -3.509284
v -37.51432 28.08475 -2.986927
v -37.51432 29.27575 -2.986927
v -38.72508 28.08475 -2.356648
v -38.72508 29.27575 -2.356648
v -39.8763 28.08475 -1.623242
v -39.8763 29.27575 -1.623242
v -40.95921 28.08475 -0.7922923
v -40.95921 29.27575 -0.7922923
v -41.96558 28.08475 0.1298778
v -41.96558 29.27575 0.1298778
v -42.88775 28.08475 1.13625
v -42.88775 29.27575 1.13625
v -43.7187 28.08475 2.219165
v -43.7187 29.27575 2.219165
v -44.45211 28.08475 3.370381
v -44.45211 29.27575 3.370381
v -45.08239 28.08475 4.581137
v -45.08239 29.27575 4.581137
v -45.60474 28.08475 5.842218
v -45.60474 29.27575 5.842218
v -46.0152 28.08475 7.144027
v -46.0152 29.27575 7.144027
v -46.31064 28.08475 8.476656
v -46.31064 29.27575 8.476656
v -46.48881 28.08475 9.829962
v -46.48881 29.27575 9.829962
v -46.54835 28.08475 11.19365
v -46.54835 29.27575 11.19365
v -46.48881 28.08475 12.55733
v -46.48881 29.27575 12.55733
v -46.31064 28.08475 13.91064
v -46.31064 29.27575 13.91064
v -46.0152 28.08475 15.24327
v -46.0152 29.27575 15.24327
v -45.60474 28.08475 16.54508
v -45.60474 29.27575 16.54508
v -45.08239 28.08475 17.80616
v -45.08239 29.27575 17.80616
v -44.45211 28.08475 19.01691
v -44.45211 29.27575 19.01691
v -43.7187 28.08475 20.16813
v -43.7187 29.27575 20.16813
v -42.88775 28.08475 21.25105
v -42.88775 29.27575 21.25105
v -41.96558 28.08475 22.25742
v -41.96558 29.27575 22.25742
v -40.95921 28.08475 23.17959
v -40.95921 29.27575 23.17959
v -39.8763 28.08475 24.01054
v -39.8763 29.27575 24.01054
v -38.72508 28.08475 24.74394
v -38.72508 29.27575 24.74394
v -37.51432 28.08475 25.37422
v -37.51432 29.27575 25.37422
v -36.25324 28.08475 25.89658
v -36.25324 29.27575 25.89658
v -34.95143 28.08475 26.30704
v -34.95143 29.27575 26.30704
v -33.6188 28.08475 26.60247
v -33.6188 29.27575 26.60247
v -32.2655 28.08475 26.78064
v -32.2655 29.27575 26.78064
v -30.90181 28.08475 26.84018
v -30.90181 29.27575 26.84018
v -30.90181 26.89375 26.84018
v -32.2655 26.89375 26.78064
v -33.6188 26.89375 26.60247
v -34.95143 26.89375 26.30704
v -36.25324 26.89375 25.89658
v -37.51432 26.89375 25.37422
v -38.72508 26.89375 24.74394
v -39.8763 26.89375 24.01054
v -40.95921 26.89375 23.17959
v -41.96558 26.89375 22.25742
v -42.88775 26.89375 21.25105
v -43.7187 26.89375 20.16813
v -44.45211 26.89375 19.01691
v -45.08239 26.89375 17.80616
v -45.60474 26.89375 16.54508
v -46.0152 26.89375 15.24327
v -46.31064 26.89375 13.91064
v -46.48881 26.89375 12.55733
v -46.54835 26.89375 11.19365
v -46.48881 26.89375 9.829962
v -46.31064 26.89375 8.476656
v -46.0152 26.89375 7.144027
v -45.60474 26.89375 5.842218
v -45.08239 26.89375 4.581137
v -44.45211 26.89375 3.370381
v -43.7187 26.89375 2.219165
v -42.88775 26.89375 1.13625
v -41.96558 26.89375 0.1298778
v -40.95921 26.89375 -0.7922923
v -39.8763 26.89375 -1.623242
v -38.72508 26.89375 -2.356648
v -37.51432 26.89375 -2.986927
v -36.25324 26.89375 -3.509284
v -34.95143 26.89375 -3.919743
v -33.6188 26.89375 -4.215179
v -32.2655 26.89375 -4.393346
v -32.09168 26.89375 -4.400935
v -30.90181 18.62756 -4.452886
v -32.09168 19.81856 -4.400935
v -32.2655 18.62756 -4.393346
v -32.2655 19.81856 -4.393346
v -33.6188 18.62756 -4.215179
v -33.6188 19.81856 -4.215179
v -34.95143 18.62756 -3.919743
v -34.95143 19.81856 -3.919743
v -36.25324 18.62756 -3.509284
v -36.25324 19.81856 -3.509284
v -37.51432 18.62756 -2.986927
v -37.51432 19.81856 -2.986927
v -38.72508 18.62756 -2.356648
v -38.72508 19.81856 -2.356648
v -39.8763 18.62756 -1.623242
v -39.8763 19.81856 -1.623242
v -40.95921 18.62756 -0.7922923
v -40.95921 19.81856 -0.7922923
v -41.96558 18.62756 0.1298778
v -41.96558 19.81856 0.1298778
v -42.88775 18.62756 1.13625
v -42.88775 19.81856 1.13625
v -43.7187 18.62756 2.219165
v -43.7187 19.81856 2.219165
v -44.45211 18.62756 3.370381
v -44.45211 19.81856 3.370381
v -45.08239 18.62756 4.581137
v -45.08239 19.81856 4.581137
v -45.60474 18.62756 5.842218
v -45.60474 19.81856 5.842218
v -46.0152 18.62756 7.144027
v -46.0152 19.81856 7.144027
v -46.31064 18.62756 8.476656
v -46.31064 19.81856 8.476656
v -46.48881 18.62756 9.829962
v -46.48881 19.81856 9.829962
v -46.54835 18.62756 11.19365
v -46.54835 19.81856 11.19365
v -46.48881 18.62756 12.55733
v -46.48881 19.81856 12.55733
v -46.31064 18.62756 13.91064
v -46.31064 19.81856 13.91064
v -46.0152 18.62756 15.24327
v -46.0152 19.81856 15.24327
v -45.60474 18.62756 16.54508
v -45.60474 19.81856 16.54508
v -45.08239 18.62756 17.80616
v -45.08239 19.81856 17.80616
v -44.45211 18.62756 19.01691
v -44.45211 19.81856 19.01691
v -43.7187 18.62756 20.16813
v -43.7187 19.81856 20.16813
v -42.88775 18.62756 21.25105
v -42.88775 19.81856 21.25105
v -41.96558 18.62756 22.25742
v -41.96558 19.81856 22.25742
v -40.95921 18.62756 23.17959
v -40.95921 19.81856 23.17959
v -39.8763 18.62756 24.01054
v -39.8763 19.81856 24.01054
v -38.72508 18.62756 24.74394
v -38.72508 19.81856 24.74394
v -37.51432 18.62756 25.37422
v -37.51432 19.81856 25.37422
v -36.25324 18.62756 25.89658
v -36.25324 19.81856 25.89658
v -34.95143 18.62756 26.30704
v -34.95143 19.81856 26.30704
v -33.6188 18.62756 26.60247
v -33.6188 19.81856 26.60247
v -32.2655 18.62756 26.78064
v -32.2655 19.81856 26.78064
v -30.90181 18.62756 26.84018
v -30.90181 19.81856 26.84018
v 28.69909 75.3707 26.84018
v 28.69909 74.1797 26.84018
v 28.69909 75.3707 -4.452886
v 30.06278 75.3707 -4.393346
v 31.41608 75.3707 -4.215179
v 32.74871 75.3707 -3.919743
v 34.05052 75.3707 -3.509284
v 35.3116 75.3707 -2.986927
v 36.52236 75.3707 -2.356648
v 37.67358 75.3707 -1.623242
v 38.75649 75.3707 -0.7922923
v 39.76286 75.3707 0.1298778
v 40.68503 75.3707 1.13625
v 41.51598 75.3707 2.219165
v 42.24939 75.3707 3.370381
v 42.87967 75.3707 4.581137
v 43.40202 75.3707 5.842218
v 43.81248 75.3707 7.144027
v 44.10792 75.3707 8.476656
v 44.28609 75.3707 9.829962
v 44.34563 75.3707 11.19365
v 44.28609 75.3707 12.55733
v 44.10792 75.3707 13.91064
v 43.81248 75.3707 15.24327
v 43.40202 75.3707 16.54508
v 42.87967 75.3707 17.80616
v 42.24939 75.3707 19.01691
v 41.51598 75.3707 20.16813
v 40.68503 75.3707 21.25105
v 39.76286 75.3707 22.25742
v 38.75649 75.3707 23.17959
v 37.67358 75.3707 24.01054
v 36.52236 75.3707 24.74394
v 35.3116 75.3707 25.37422
v 34.05052 75.3707 25.89658
v 32.74871 75.3707 26.30704
v 31.41608 75.3707 26.60247
v 30.06278 75.3707 26.78064
v 30.06278 74.1797 26.78064
v 31.41608 74.1797 26.60247
v 32.74871 74.1797 26.30704
v 34.05052 74.1797 25.89658
v 35.3116 74.1797 25.37422
v 36.52236 74.1797 24.74394
v 37.67358 74.1797 24.01054
v 38.75649 74.1797 23.17959
v 39.76286 74.1797 22.25742
v 40.68503 74.1797 21.25105
v 41.51598 74.1797 20.16813
v 42.24939 74.1797 19.01691
v 42.87967 74.1797 17.80616
v 43.40202 74.1797 16.54508
v 43.81248 74.1797 15.24327
v 44.10792 74.1797 13.91064
v 44.28609 74.1797 12.55733
v 44.34563 74.1797 11.19365
v 44.28609 74.1797 9.829962
v 44.10792 74.1797 8.476656
v 43.81248 74.1797 7.144027
v 43.40202 74.1797 5.842218
v 42.87967 74.1797 4.581137
v 42.24939 74.1797 3.370381
v 41.51598 74.1797 2.219165
v 40.68503 74.1797 1.13625
v 39.76286 74.1797 0.1298778
v 38.75649 74.1797 -0.7922923
v 37.67358 74.1797 -1.623242
v 36.52236 74.1797 -2.356648
v 35.3116 74.1797 -2.986927
v 34.05052 74.1797 -3.509284
v 32.74871 74.1797 -3.919743
v 31.41608 74.1797 -4.215179
v 30.06278 74.1797 -4.393346
v 29.88896 74.1797 -4.400935
v 29.88896 67.10452 -4.400935
v 28.69909 65.91351 -4.452886
v 30.06278 67.10452 -4.393346
v 30.06278 65.91351 -4.393346
v 31.41608 67.10452 -4.215179
v 31.41608 65.91351 -4.215179
v 32.74871 67.10452 -3.919743
v 32.74871 65.91351 -3.919743
v 34.05052 67.10452 -3.509284
v 34.05052 65.91351 -3.509284
v 35.3116 67.10452 -2.986927
v 35.3116 65.91351 -2.986927
v 36.52236 67.10452 -2.356648
v 36.52236 65.91351 -2.356648
v 37.67358 67.10452 -1.623242
v 37.67358 65.91351 -1.623242
v 38.75649 67.10452 -0.7922923
v 38.75649 65.91351 -0.7922923
v 39.76286 67.10452 0.1298778
v 39.76286 65.91351 0.1298778
v 40.68503 67.10452 1.13625
v 40.68503 65.91351 1.13625
v 41.51598 67.10452 2.219165
v 41.51598 65.91351 2.219165
v 42.24939 67.10452 3.370381
v 42.24939 65.91351 3.370381
v 42.87967 67.10452 4.581137
v 42.87967 65.91351 4.581137
v 43.40202 67.10452 5.842218
v 43.40202 65.91351 5.842218
v 43.81248 67.10452 7.144027
v 43.81248 65.91351 7.144027
v 44.10792 67.10452 8.476656
v 44.10792 65.91351 8.476656
v 44.28609 67.10452 9.829962
v 44.28609 65.91351 9.829962
v 44.34563 67.10452 11.19365
v 44.34563 65.91351 11.19365
v 44.28609 67.10452 12.55733
v 44.28609 65.91351 12.55733
v 44.10792 67.10452 13.91064
v 44.10792 65.91351 13.91064
v 43.81248 67.10452 15.24327
v 43.81248 65.91351 15.24327
v 43.40202 67.10452 16.54508
v 43.40202 65.91351 16.54508
v 42.87967 67.10452 17.80616
v 42.87967 65.91351 17.80616
v 42.24939 67.10452 19.01691
v 42.24939 65.91351 19.01691
v 41.51598 67.10452 20.16813
v 41.51598 65.91351 20.16813
v 40.68503 67.10452 21.25105
v 40.68503 65.91351 21.25105
v 39.76286 67.10452 22.25742
v 39.76286 65.91351 22.25742
v 38.75649 67.10452 23.17959
v 38.75649 65.91351 23.17959
v 37.67358 67.10452 24.01054
v 37.67358 65.91351 24.01054
v 36.52236 67.10452 24.74394
v 36.52236 65.91351 24.74394
v 35.3116 67.10452 25.37422
v 35.3116 65.91351 25.37422
v 34.05052 67.10452 25.89658
v 34.05052 65.91351 25.89658
v 32.74871 67.10452 26.30704
v 32.74871 65.91351 26.30704
v 31.41608 67.10452 26.60247
v 31.41608 65.91351 26.60247
v 30.06278 67.10452 26.78064
v 30.06278 65.91351 26.78064
v 28.69909 67.10452 26.84018
v 28.69909 65.91351 26.84018
v 30.06278 64.72251 26.78064
v 28.69909 64.72251 26.84018
v 31.41608 64.72251 26.60247
v 32.74871 64.72251 26.30704
v 34.05052 64.72251 25.89658
v 35.3116 64.72251 25.37422
v 36.52236 64.72251 24.74394
v 37.67358 64.72251 24.01054
v 38.75649 64.72251 23.17959
v 39.76286 64.72251 22.25742
v 40.68503 64.72251 21.25105
v 41.51598 64.72251 20.16813
v 42.24939 64.72251 19.01691
v 42.87967 64.72251 17.80616
v 43.40202 64.72251 16.54508
v 43.81248 64.72251 15.24327
v 44.10792 64.72251 13.91064
v 44.28609 64.72251 12.55733
v 44.34563 64.72251 11.19365
v 44.28609 64.72251 9.829962
v 44.10792 64.72251 8.476656
v 43.81248 64.72251 7.144027
v 43.40202 64.72251 5.842218
v 42.87967 64.72251 4.581137
v 42.24939 64.72251 3.370381
v 41.51598 64.72251 2.219165
v 40.68503 64.72251 1.13625
v 39.76286 64.72251 0.1298778
v 38.75649 64.72251 -0.7922923
v 37.67358 64.72251 -1.623242
v 36.52236 64.72251 -2.356648
v 35.3116 64.72251 -2.986927
v 34.05052 64.72251 -3.509284
v 32.74871 64.72251 -3.919743
v 31.41608 64.72251 -4.215179
v 30.06278 64.72251 -4.393346
v 29.88896 64.72251 -4.400935
v 29.88896 57.64732 -4.400935
v 28.69909 56.45632 -4.452886
v 30.06278 57.64732 -4.393346
v 30.06278 56.45632 -4.393346
v 31.41608 57.64732 -4.215179
v 31.41608 56.45632 -4.215179
v 32.74871 57.64732 -3.919743
v 32.74871 56.45632 -3.919743
v 34.05052 57.64732 -3.509284
v 34.05052 56.45632 -3.509284
v 35.3116 57.64732 -2.986927
v 35.3116 56.45632 -2.986927
v 36.52236 57.64732 -2.356648
v 36.52236 56.45632 -2.356648
v 37.67358 57.64732 -1.623242
v 37.67358 56.45632 -1.623242
v 38.75649 57.64732 -0.7922923
v 38.75649 56.45632 -0.7922923
v 39.76286 57.64732 0.1298778
v 39.76286 56.45632 0.1298778
v 40.68503 57.64732 1.13625
v 40.68503 56.45632 1.13625
v 41.51598 57.64732 2.219165
v 41.51598 56.45632 2.219165
v 42.24939 57.64732 3.370381
v 42.24939 56.45632 3.370381
v 42.87967 57.64732 4.581137
v 42.87967 56.45632 4.581137
v 43.40202 57.64732 5.842218
v 43.40202 56.45632 5.842218
v 43.81248 57.64732 7.144027
v 43.81248 56.45632 7.144027
v 44.10792 57.64732 8.476656
v 44.10792 56.45632 8.476656
v 44.28609 57.64732 9.829962
v 44.28609 56.45632 9.829962
v 44.34563 57.64732 11.19365
v 44.34563 56.45632 11.19365
v 44.28609 57.64732 12.55733
v 44.28609 56.45632 12.55733
v 44.10792 57.64732 13.91064
v 44.10792 56.45632 13.91064
v 43.81248 57.64732 15.24327
v 43.81248 56.45632 15.24327
v 43.40202 57.64732 16.54508
v 43.40202 56.45632 16.54508
v 42.87967 57.64732 17.80616
v 42.87967 56.45632 17.80616
v 42.24939 57.64732 19.01691
v 42.24939 56.45632 19.01691
v 41.51598 57.64732 20.16813
v 41.51598 56.45632 20.16813
v 40.68503 57.64732 21.25105
v 40.68503 56.45632 21.25105
v 39.76286 57.64732 22.25742
v 39.76286 56.45632 22.25742
v 38.75649 57.64732 23.17959
v 38.75649 56.45632 23.17959
v 37.67358 57.64732 24.01054
v 37.67358 56.45632 24.01054
v 36.52236 57.64732 24.74394
v 36.52236 56.45632 24.74394
v 35.3116 57.64732 25.37422
v 35.3116 56.45632 25.37422
v 34.05052 57.64732 25.89658
v 34.05052 56.45632 25.89658
v 32.74871 57.64732 26.30704
v 32.74871 56.45632 26.30704
v 31.41608 57.64732 26.60247
v 31.41608 56.45632 26.60247
v 30.06278 57.64732 26.78064
v 30.06278 56.45632 26.78064
v 28.69909 57.64732 26.84018
v 28.69909 56.45632 26.84018
v 30.06278 55.26532 26.78064
v 28.69909 55.26532 26.84018
v 31.41608 55.26532 26.60247
v 32.74871 55.26532 26.30704
v 34.05052 55.26532 25.89658
v 35.3116 55.26532 25.37422
v 36.52236 55.26532 24.74394
v 37.67358 55.26532 24.01054
v 38.75649 55.26532 23.17959
v 39.76286 55.26532 22.25742
v 40.68503 55.26532 21.25105
v 41.51598 55.26532 20.16813
v 42.24939 55.26532 19.01691
v 42.87967 55.26532 17.80616
v 43.40202 55.26532 16.54508
v 43.81248 55.26532 15.24327
v 44.10792 55.26532 13.91064
v 44.28609 55.26532 12.55733
v 44.34563 55.26532 11.19365
v 44.28609 55.26532 9.829962
v 44.10792 55.26532 8.476656
v 43.81248 55.26532 7.144027
v 43.40202 55.26532 5.842218
v 42.87967 55.26532 4.581137
v 42.24939 55.26532 3.370381
v 41.51598 55.26532 2.219165
v 40.68503 55.26532 1.13625
v 39.76286 55.26532 0.1298778
v 38.75649 55.26532 -0.7922923
v 37.67358 55.26532 -1.623242
v 36.52236 55.26532 -2.356648
v 35.3116 55.26532 -2.986927
v 34.05052 55.26532 -3.509284
v 32.74871 55.26532 -3.919743
v 31.41608 55.26532 -4.215179
v 30.06278 55.26532 -4.393346
v 29.88896 55.26532 -4.400935
v 29.88896 48.19013 -4.400935
v 28.69909 46.99913 -4.452886
v 30.06278 48.19013 -4.393346
v 30.06278 46.99913 -4.393346
v 31.41608 48.19013 -4.215179
v 31.41608 46.99913 -4.215179
v 32.74871 48.19013 -3.919743
v 32.74871 46.99913 -3.919743
v 34.05052 48.19013 -3.509284
v 34.05052 46.99913 -3.509284
v 35.3116 48.19013 -2.986927
v 35.3116 46.99913 -2.986927
v 36.52236 48.19013 -2.356648
v 36.52236 46.99913 -2.356648
v 37.67358 48.19013 -1.623242
v 37.67358 46.99913 -1.623242
v 38.75649 48.19013 -0.7922923
v 38.75649 46.99913 -0.7922923
v 39.76286 48.19013 0.1298778
v 39.76286 46.99913 0.1298778
v 40.68503 48.19013 1.13625
v 40.68503 46.99913 1.13625
v 41.51598 48.19013 2.219165
v 41.51598 46.99913 2.219165
v 42.24939 48.19013 3.370381
v 42.24939 46.99913 3.370381
v 42.87967 48.19013 4.581137
v 42.87967 46.99913 4.581137
v 43.40202 48.19013 5.842218
v 43.40202 46.99913 5.842218
v 43.81248 48.19013 7.144027
v 43.81248 46.99913 7.144027
v 44.10792 48.19013 8.476656
v 44.10792 46.99913 8.476656
v 44.28609 48.19013 9.829962
v 44.28609 46.99913 9.829962
v 44.34563 48.19013 11.19365
v 44.34563 46.99913 11.19365
v 44.28609 48.19013 12.55733
v 44.28609 46.99913 12.55733
v 44.10792 48.19013 13.91064
v 44.10792 46.99913 13.91064
v 43.81248 48.19013 15.24327
v 43.81248 46.99913 15.24327
v 43.40202 48.19013 16.54508
v 43.40202 46.99913 16.54508
v 42.87967 48.19013 17.80616
v 42.87967 46.99913 17.80616
v 42.24939 48.19013 19.01691
v 42.24939 46.99913 19.01691
v 41.51598 48.19013 20.16813
v 41.51598 46.99913 20.16813
v 40.68503 48.19013 21.25105
v 40.68503 46.99913 21.25105
v 39.76286 48.19013 22.25742
v 39.76286 46.99913 22.25742
v 38.75649 48.19013 23.17959
v 38.75649 46.99913 23.17959
v 37.67358 48.19013 24.01054
v 37.67358 46.99913 24.01054
v 36.52236 48.19013 24.74394
v 36.52236 46.99913 24.74394
v 35.3116 48.19013 25.37422
v 35.3116 46.99913 25.37422
v 34.05052 48.19013 25.89658
v 34.05052 46.99913 25.89658
v 32.74871 48.19013 26.30704
v 32.74871 46.99913 26.30704
v 31.41608 48.19013 26.60247
v 31.41608 46.99913 26.60247
v 30.06278 48.19013 26.78064
v 30.06278 46.99913 26.78064
v 28.69909 48.19013 26.84018
v 28.69909 46.99913 26.84018
v 30.06278 45.80813 26.78064
v 28.69909 45.80813 26.84018
v 31.41608 45.80813 26.60247
v 32.74871 45.80813 26.30704
v 34.05052 45.80813 25.89658
v 35.3116 45.80813 25.37422
v 36.52236 45.80813 24.74394
v 37.67358 45.80813 24.01054
v 38.75649 45.80813 23.17959
v 39.76286 45.80813 22.25742
v 40.68503 45.80813 21.25105
v 41.51598 45.80813 20.16813
v 42.24939 45.80813 19.01691
v 42.87967 45.80813 17.80616
v 43.40202 45.80813 16.54508
v 43.81248 45.80813 15.24327
v 44.10792 45.80813 13.91064
v 44.28609 45.80813 12.55733
v 44.34563 45.80813 11.19365
v 44.28609 45.80813 9.829962
v 44.10792 45.80813 8.476656
v 43.81248 45.80813 7.144027
v 43.40202 45.80813 5.842218
v 42.87967 45.80813 4.581137
v 42.24939 45.80813 3.370381
v 41.51598 45.80813 2.219165
v 40.68503 45.80813 1.13625
v 39.76286 45.80813 0.1298778
v 38.75649 45.80813 -0.7922923
v 37.67358 45.80813 -1.623242
v 36.52236 45.80813 -2.356648
v 35.3116 45.80813 -2.986927
v 34.05052 45.80813 -3.509284
v 32.74871 45.80813 -3.919743
v 31.41608 45.80813 -4.215179
v 30.06278 45.80813 -4.393346
v 29.88896 45.80813 -4.400935
v 29.88896 38.73294 -4.400935
v 28.69909 37.54194 -4.452886
v 30.06278 38.73294 -4.393346
v 30.06278 37.54194 -4.393346
v 31.41608 38.73294 -4.215179
v 31.41608 37.54194 -4.215179
v 32.74871 38.73294 -3.919743
v 32.74871 37.54194 -3.919743
v 34.05052 38.73294 -3.509284
v 34.05052 37.54194 -3.509284
v 35.3116 38.73294 -2.986927
v 35.3116 37.54194 -2.986927
v 36.52236 38.73294 -2.356648
v 36.52236 37.54194 -2.356648
v 37.67358 38.73294 -1.623242
v 37.67358 37.54194 -1.623242
v 38.75649 38.73294 -0.7922923
v 38.75649 37.54194 -0.7922923
v 39.76286 38.73294 0.1298778
v 39.76286 37.54194 0.1298778
v 40.68503 38.73294 1.13625
v 40.68503 37.54194 1.13625
v 41.51598 38.73294 2.219165
v 41.51598 37.54194 2.219165
v 42.24939 38.73294 3.370381
v 42.24939 37.54194 3.370381
v 42.87967 38.73294 4.581137
v 42.87967 37.54194 4.581137
v 43.40202 38.73294 5.842218
v 43.40202 37.54194 5.842218
v 43.81248 38.73294 7.144027
v 43.81248 37.54194 7.144027
v 44.10792 38.73294 8.476656
v 44.10792 37.54194 8.476656
v 44.28609 38.73294 9.829962
v 44.28609 37.54194 9.829962
v 44.34563 38.73294 11.19365
v 44.34563 37.54194 11.19365
v 44.28609 38.73294 12.55733
v 44.28609 37.54194 12.55733
v 44.10792 38.73294 13.91064
v 44.10792 37.54194 13.91064
v 43.81248 38.73294 15.24327
v 43.81248 37.54194 15.24327
v 43.40202 38.73294 16.54508
v 43.40202 37.54194 16.54508
v 42.87967 38.73294 17.80616
v 42.87967 37.54194 17.80616
v 42.24939 38.73294 19.01691
v 42.24939 37.54194 19.01691
v 41.51598 38.73294 20.16813
v 41.51598 37.54194 20.16813
v 40.68503 38.73294 21.25105
v 40.68503 37.54194 21.25105
v 39.76286 38.73294 22.25742
v 39.76286 37.54194 22.25742
v 38.75649 38.73294 23.17959
v 38.75649 37.54194 23.17959
v 37.67358 38.73294 24.01054
v 37.67358 37.54194 24.01054
v 36.52236 38.73294 24.74394
v 36.52236 37.54194 24.74394
v 35.3116 38.73294 25.37422
v 35.3116 37.54194 25.37422
v 34.05052 38.73294 25.89658
v 34.05052 37.54194 25.89658
v 32.74871 38.73294 26.30704
v 32.74871 37.54194 26.30704
v 31.41608 38.73294 26.60247
v 31.41608 37.54194 26.60247
v 30.06278 38.73294 26.78064
v 30.06278 37.54194 26.78064
v 28.69909 38.73294 26.84018
v 28.69909 37.54194 26.84018
v 30.06278 36.35094 26.78064
v 28.69909 36.35094 26.84018
v 31.41608 36.35094 26.60247
v 32.74871 36.35094 26.30704
v 34.05052 36.35094 25.89658
v 35.3116 36.35094 25.37422
v 36.52236 36.35094 24.74394
v 37.67358 36.35094 24.01054
v 38.75649 36.35094 23.17959
v 39.76286 36.35094 22.25742
v 40.68503 36.35094 21.25105
v 41.51598 36.35094 20.16813
v 42.24939 36.35094 19.01691
v 42.87967 36.35094 17.80616
v 43.40202 36.35094 16.54508
v 43.81248 36.35094 15.24327
v 44.10792 36.35094 13.91064
v 44.28609 36.35094 12.55733
v 44.34563 36.35094 11.19365
v 44.28609 36.35094 9.829962
v 44.10792 36.35094 8.476656
v 43.81248 36.35094 7.144027
v 43.40202 36.35094 5.842218
v 42.87967 36.35094 4.581137
v 42.24939 36.35094 3.370381
v 41.51598 36.35094 2.219165
v 40.68503 36.35094 1.13625
v 39.76286 36.35094 0.1298778
v 38.75649 36.35094 -0.7922923
v 37.67358 36.35094 -1.623242
v 36.52236 36.35094 -2.356648
v 35.3116 36.35094 -2.986927
v 34.05052 36.35094 -3.509284
v 32.74871 36.35094 -3.919743
v 31.41608 36.35094 -4.215179
v 30.06278 36.35094 -4.393346
v 29.88896 36.35094 -4.400935
v 29.88896 29.27575 -4.400935
v 28.69909 28.08475 -4.452886
v 30.06278 29.27575 -4.393346
v 30.06278 28.08475 -4.393346
v 31.41608 29.27575 -4.215179
v 31.41608 28.08475 -4.215179
v 32.74871 29.27575 -3.919743
v 32.74871 28.08475 -3.919743
v 34.05052 29.27575 -3.509284
v 34.05052 28.08475 -3.509284
v 35.3116 29.27575 -2.986927
v 35.3116 28.08475 -2.986927
v 36.52236 29.27575 -2.356648
v 36.52236 28.08475 -2.356648
v 37.67358 29.27575 -1.623242
v 37.67358 28.08475 -1.623242
v 38.75649 29.27575 -0.7922923
v 38.75649 28.08475 -0.7922923
v 39.76286 29.27575 0.1298778
v 39.76286 28.08475 0.1298778
v 40.68503 29.27575 1.13625
v 40.68503 28.08475 1.13625
v 41.51598 29.27575 2.219165
v 41.51598 28.08475 2.219165
v 42.24939 29.27575 3.370381
v 42.24939 28.08475 3.370381
v 42.87967 29.27575 4.581137
v 42.87967 28.08475 4.581137
v 43.40202 29.27575 5.842218
v 43.40202 28.08475 5.842218
v 43.81248 29.27575 7.144027
v 43.81248 28.08475 7.144027
v 44.10792 29.27575 8.476656
v 44.10792 28.08475 8.476656
v 44.28609 29.27575 9.829962
v 44.28609 28.08475 9.829962
v 44.34563 29.27575 11.19365
v 44.34563 28.08475 11.19365
v 44.28609 29.27575 12.55733
v 44.28609 28.08475 12.55733
v 44.10792 29.27575 13.91064
v 44.10792 28.08475 13.91064
v 43.81248 29.27575 15.24327
v 43.81248 28.08475 15.24327
v 43.40202 29.27575 16.54508
v 43.40202 28.08475 16.54508
v 42.87967 29.27575 17.80616
v 42.87967 28.08475 17.80616
v 42.24939 29.27575 19.01691
v 42.24939 28.08475 19.01691
v 41.51598 29.27575 20.16813
v 41.51598 28.08475 20.16813
v 40.68503 29.27575 21.25105
v 40.68503 28.08475 21.25105
v 39.76286 29.27575 22.25742
v 39.76286 28.08475 22.25742
v 38.75649 29.27575 23.17959
v 38.75649 28.08475 23.17959
v 37.67358 29.27575 24.01054
v 37.67358 28.08475 24.01054
v 36.52236 29.27575 24.74394
v 36.52236 28.08475 24.74394
v 35.3116 29.27575 25.37422
v 35.3116 28.08475 25.37422
v 34.05052 29.27575 25.89658
v 34.05052 28.08475 25.89658
v 32.74871 29.27575 26.30704
v 32.74871 28.08475 26.30704
v 31.41608 29.27575 26.60247
v 31.41608 28.08475 26.60247
v 30.06278 29.27575 26.78064
v 30.06278 28.08475 26.78064
v 28.69909 29.27575 26.84018
v 28.69909 28.08475 26.84018
v 30.06278 26.89375 26.78064
v 28.69909 26.89375 26.84018
v 31.41608 26.89375 26.60247
v 32.74871 26.89375 26.30704
v 34.05052 26.89375 25.89658
v 35.3116 26.89375 25.37422
v 36.52236 26.89375 24.74394
v 37.67358 26.89375 24.01054
v 38.75649 26.89375 23.17959
v 39.76286 26.89375 22.25742
v 40.68503 26.89375 21.25105
v 41.51598 26.89375 20.16813
v 42.24939 26.89375 19.01691
v 42.87967 26.89375 17.80616
v 43.40202 26.89375 16.54508
v 43.81248 26.89375 15.24327
v 44.10792 26.89375 13.91064
v 44.28609 26.89375 12.55733
v 44.34563 26.89375 11.19365
v 44.28609 26.89375 9.829962
v 44.10792 26.89375 8.476656
v 43.81248 26.89375 7.144027
v 43.40202 26.89375 5.842218
v 42.87967 26.89375 4.581137
v 42.24939 26.89375 3.370381
v 41.51598 26.89375 2.219165
v 40.68503 26.89375 1.13625
v 39.76286 26.89375 0.1298778
v 38.75649 26.89375 -0.7922923
v 37.67358 26.89375 -1.623242
v 36.52236 26.89375 -2.356648
v 35.3116 26.89375 -2.986927
v 34.05052 26.89375 -3.509284
v 32.74871 26.89375 -3.919743
v 31.41608 26.89375 -4.215179
v 30.06278 26.89375 -4.393346
v 29.88896 26.89375 -4.400935
v 29.88896 19.81856 -4.400935
v 28.69909 18.62756 -4.452886
v 30.06278 19.81856 -4.393346
v 30.06278 18.62756 -4.393346
v 31.41608 19.81856 -4.215179
v 31.41608 18.62756 -4.215179
v 32.74871 19.81856 -3.919743
v 32.74871 18.62756 -3.919743
v 34.05052 19.81856 -3.509284
v 34.05052 18.62756 -3.509284
v 35.3116 19.81856 -2.986927
v 35.3116 18.62756 -2.986927
v 36.52236 19.81856 -2.356648
v 36.52236 18.62756 -2.356648
v 37.67358 19.81856 -1.623242
v 37.67358 18.62756 -1.623242
v 38.75649 19.81856 -0.7922923
v 38.75649 18.62756 -0.7922923
v 39.76286 19.81856 0.1298778
v 39.76286 18.62756 0.1298778
v 40.68503 19.81856 1.13625
v 40.68503 18.62756 1.13625
v 41.51598 19.81856 2.219165
v 41.51598 18.62756 2.219165
v 42.24939 19.81856 3.370381
v 42.24939 18.62756 3.370381
v 42.87967 19.81856 4.581137
v 42.87967 18.62756 4.581137
v 43.40202 19.81856 5.842218
v 43.40202 18.62756 5.842218
v 43.81248 19.81856 7.144027
v 43.81248 18.62756 7.144027
v 44.10792 19.81856 8.476656
v 44.10792 18.62756 8.476656
v 44.28609 19.81856 9.829962
v 44.28609 18.62756 9.829962
v 44.34563 19.81856 11.19365
v 44.34563 18.62756 11.19365
v 44.28609 19.81856 12.55733
v 44.28609 18.62756 12.55733
v 44.10792 19.81856 13.91064
v 44.10792 18.62756 13.91064
v 43.81248 19.81856 15.24327
v 43.81248 18.62756 15.24327
v 43.40202 19.81856 16.54508
v 43.40202 18.62756 16.54508
v 42.87967 19.81856 17.80616
v 42.87967 18.62756 17.80616
v 42.24939 19.81856 19.01691
v 42.24939 18.62756 19.01691
v 41.51598 19.81856 20.16813
v 41.51598 18.62756 20.16813
v 40.68503 19.81856 21.25105
v 40.68503 18.62756 21.25105
v 39.76286 19.81856 22.25742
v 39.76286 18.62756 22.25742
v 38.75649 19.81856 23.17959
v 38.75649 18.62756 23.17959
v 37.67358 19.81856 24.01054
v 37.67358 18.62756 24.01054
v 36.52236 19.81856 24.74394
v 36.52236 18.62756 24.74394
v 35.3116 19.81856 25.37422
v 35.3116 18.62756 25.37422
v 34.05052 19.81856 25.89658
v 34.05052 18.62756 25.89658
v 32.74871 19.81856 26.30704
v 32.74871 18.62756 26.30704
v 31.41608 19.81856 26.60247
v 31.41608 18.62756 26.60247
v 30.06278 19.81856 26.78064
v 30.06278 18.62756 26.78064
v 28.69909 19.81856 26.84018
v 28.69909 18.62756 26.84018
v -30.88882 74.1797 26.24468
v -32.21355 74.1797 26.18684
v -33.5153 74.1797 26.01546
v -34.79716 74.1797 25.73128
v -36.04937 74.1797 25.33646
v -37.26242 74.1797 24.834
v -38.42704 74.1797 24.22773
v -39.5344 74.1797 23.52227
v -40.57607 74.1797 22.72297
v -41.5441 74.1797 21.83594
v -42.43114 74.1797 20.8679
v -43.23043 74.1797 19.82624
v -43.9359 74.1797 18.71888
v -44.54217 74.1797 17.55425
v -45.04462 74.1797 16.34121
v -45.43944 74.1797 15.08899
v -45.72363 74.1797 13.80713
v -45.895 74.1797 12.50538
v -45.95228 74.1797 11.19365
v -45.895 74.1797 9.881913
v -45.72363 74.1797 8.580162
v -45.43944 74.1797 7.2983
v -45.04462 74.1797 6.046085
v -44.54217 74.1797 4.833046
v -43.9359 74.1797 3.668415
v -43.23043 74.1797 2.561055
v -42.43114 74.1797 1.519395
v -41.5441 74.1797 0.551361
v -40.57607 74.1797 -0.3356782
v -39.5344 74.1797 -1.134972
v -38.42704 74.1797 -1.840438
v -37.26242 74.1797 -2.446707
v -36.04937 74.1797 -2.949164
v -34.79716 74.1797 -3.343986
v -33.5153 74.1797 -3.628168
v -32.21355 67.10452 26.18684
v -30.88882 67.10452 26.24468
v -33.5153 67.10452 26.01546
v -34.79716 67.10452 25.73128
v -36.04937 67.10452 25.33646
v -37.26242 67.10452 24.834
v -38.42704 67.10452 24.22773
v -39.5344 67.10452 23.52227
v -40.57607 67.10452 22.72297
v -41.5441 67.10452 21.83594
v -42.43114 67.10452 20.8679
v -43.23043 67.10452 19.82624
v -43.9359 67.10452 18.71888
v -44.54217 67.10452 17.55425
v -45.04462 67.10452 16.34121
v -45.43944 67.10452 15.08899
v -45.72363 67.10452 13.80713
v -45.895 67.10452 12.50538
v -45.95228 67.10452 11.19365
v -45.895 67.10452 9.881913
v -45.72363 67.10452 8.580162
v -45.43944 67.10452 7.2983
v -45.04462 67.10452 6.046085
v -44.54217 67.10452 4.833046
v -43.9359 67.10452 3.668415
v -43.23043 67.10452 2.561055
v -42.43114 67.10452 1.519395
v -41.5441 67.10452 0.551361
v -40.57607 67.10452 -0.3356782
v -39.5344 67.10452 -1.134972
v -38.42704 67.10452 -1.840438
v -37.26242 67.10452 -2.446707
v -36.04937 67.10452 -2.949164
v -34.79716 67.10452 -3.343986
v -33.5153 67.10452 -3.628168
v 28.6861 74.1797 26.24468
v 28.6861 67.10452 26.24468
v 30.01083 74.1797 26.18684
v 31.31258 74.1797 26.01546
v 32.59444 74.1797 25.73128
v 33.84665 74.1797 25.33646
v 35.0597 74.1797 24.834
v 36.22432 74.1797 24.22773
v 37.33168 74.1797 23.52227
v 38.37335 74.1797 22.72297
v 39.34138 74.1797 21.83594
v 40.22842 74.1797 20.8679
v 41.02771 74.1797 19.82624
v 41.73318 74.1797 18.71888
v 42.33945 74.1797 17.55425
v 42.8419 74.1797 16.34121
v 43.23672 74.1797 15.08899
v 43.52091 74.1797 13.80713
v 43.69228 74.1797 12.50538
v 43.74956 74.1797 11.19365
v 43.69228 74.1797 9.881913
v 43.52091 74.1797 8.580162
v 43.23672 74.1797 7.2983
v 42.8419 74.1797 6.046085
v 42.33945 74.1797 4.833046
v 41.73318 74.1797 3.668415
v 41.02771 74.1797 2.561055
v 40.22842 74.1797 1.519395
v 39.34138 74.1797 0.551361
v 38.37335 74.1797 -0.3356782
v 37.33168 74.1797 -1.134972
v 36.22432 74.1797 -1.840438
v 35.0597 74.1797 -2.446707
v 33.84665 74.1797 -2.949164
v 32.59444 74.1797 -3.343986
v 31.31258 74.1797 -3.628168
v 30.01083 67.10452 26.18684
v 31.31258 67.10452 26.01546
v 32.59444 67.10452 25.73128
v 33.84665 67.10452 25.33646
v 35.0597 67.10452 24.834
v 36.22432 67.10452 24.22773
v 37.33168 67.10452 23.52227
v 38.37335 67.10452 22.72297
v 39.34138 67.10452 21.83594
v 40.22842 67.10452 20.8679
v 41.02771 67.10452 19.82624
v 41.73318 67.10452 18.71888
v 42.33945 67.10452 17.55425
v 42.8419 67.10452 16.34121
v 43.23672 67.10452 15.08899
v 43.52091 67.10452 13.80713
v 43.69228 67.10452 12.50538
v 43.74956 67.10452 11.19365
v 43.69228 67.10452 9.881913
v 43.52091 67.10452 8.580162
v 43.23672 67.10452 7.2983
v 42.8419 67.10452 6.046085
v 42.33945 67.10452 4.833046
v 41.73318 67.10452 3.668415
v 41.02771 67.10452 2.561055
v 40.22842 67.10452 1.519395
v 39.34138 67.10452 0.551361
v 38.37335 67.10452 -0.3356782
v 37.33168 67.10452 -1.134972
v 36.22432 67.10452 -1.840438
v 35.0597 67.10452 -2.446707
v 33.84665 67.10452 -2.949164
v 32.59444 67.10452 -3.343986
v 31.31258 67.10452 -3.628168
v -30.88882 64.72251 26.24468
v -32.21355 64.72251 26.18684
v -33.5153 64.72251 26.01546
v -34.79716 64.72251 25.73128
v -36.04937 64.72251 25.33646
v -37.26242 64.72251 24.834
v -38.42704 64.72251 24.22773
v -39.5344 64.72251 23.52227
v -40.57607 64.72251 22.72297
v -41.5441 64.72251 21.83594
v -42.43114 64.72251 20.8679
v -43.23043 64.72251 19.82624
v -43.9359 64.72251 18.71888
v -44.54217 64.72251 17.55425
v -45.04462 64.72251 16.34121
v -45.43944 64.72251 15.08899
v -45.72363 64.72251 13.80713
v -45.895 64.72251 12.50538
v -45.95228 64.72251 11.19365
v -45.895 64.72251 9.881913
v -45.72363 64.72251 8.580162
v -45.43944 64.72251 7.2983
v -45.04462 64.72251 6.046085
v -44.54217 64.72251 4.833046
v -43.9359 64.72251 3.668415
v -43.23043 64.72251 2.561055
v -42.43114 64.72251 1.519395
v -41.5441 64.72251 0.551361
v -40.57607 64.72251 -0.3356782
v -39.5344 64.72251 -1.134972
v -38.42704 64.72251 -1.840438
v -37.26242 64.72251 -2.446707
v -36.04937 64.72251 -2.949164
v -34.79716 64.72251 -3.343986
v -33.5153 64.72251 -3.628168
v -32.21355 57.64732 26.18684
v -30.88882 57.64732 26.24468
v -33.5153 57.64732 26.01546
v -34.79716 57.64732 25.73128
v -36.04937 57.64732 25.33646
v -37.26242 57.64732 24.834
v -38.42704 57.64732 24.22773
v -39.5344 57.64732 23.52227
v -40.57607 57.64732 22.72297
v -41.5441 57.64732 21.83594
v -42.43114 57.64732 20.8679
v -43.23043 57.64732 19.82624
v -43.9359 57.64732 18.71888
v -44.54217 57.64732 17.55425
v -45.04462 57.64732 16.34121
v -45.43944 57.64732 15.08899
v -45.72363 57.64732 13.80713
v -45.895 57.64732 12.50538
v -45.95228 57.64732 11.19365
v -45.895 57.64732 9.881913
v -45.72363 57.64732 8.580162
v -45.43944 57.64732 7.2983
v -45.04462 57.64732 6.046085
v -44.54217 57.64732 4.833046
v -43.9359 57.64732 3.668415
v -43.23043 57.64732 2.561055
v -42.43114 57.64732 1.519395
v -41.5441 57.64732 0.551361
v -40.57607 57.64732 -0.3356782
v -39.5344 57.64732 -1.134972
v -38.42704 57.64732 -1.840438
v -37.26242 57.64732 -2.446707
v -36.04937 57.64732 -2.949164
v -34.79716 57.64732 -3.343986
v -33.5153 57.64732 -3.628168
v 28.6861 64.72251 26.24468
v 28.6861 57.64732 26.24468
v 30.01083 64.72251 26.18684
v 31.31258 64.72251 26.01546
v 32.59444 64.72251 25.73128
v 33.84665 64.72251 25.33646
v 35.0597 64.72251 24.834
v 36.22432 64.72251 24.22773
v 37.33168 64.72251 23.52227
v 38.37335 64.72251 22.72297
v 39.34138 64.72251 21.83594
v 40.22842 64.72251 20.8679
v 41.02771 64.72251 19.82624
v 41.73318 64.72251 18.71888
v 42.33945 64.72251 17.55425
v 42.8419 64.72251 16.34121
v 43.23672 64.72251 15.08899
v 43.52091 64.72251 13.80713
v 43.69228 64.72251 12.50538
v 43.74956 64.72251 11.19365
v 43.69228 64.72251 9.881913
v 43.52091 64.72251 8.580162
v 43.23672 64.72251 7.2983
v 42.8419 64.72251 6.046085
v 42.33945 64.72251 4.833046
v 41.73318 64.72251 3.668415
v 41.02771 64.72251 2.561055
v 40.22842 64.72251 1.519395
v 39.34138 64.72251 0.551361
v 38.37335 64.72251 -0.3356782
v 37.33168 64.72251 -1.134972
v 36.22432 64.72251 -1.840438
v 35.0597 64.72251 -2.446707
v 33.84665 64.72251 -2.949164
v 32.59444 64.72251 -3.343986
v 31.31258 64.72251 -3.628168
v 30.01083 57.64732 26.18684
v 31.31258 57.64732 26.01546
v 32.59444 57.64732 25.73128
v 33.84665 57.64732 25.33646
v 35.0597 57.64732 24.834
v 36.22432 57.64732 24.22773
v 37.33168 57.64732 23.52227
v 38.37335 57.64732 22.72297
v 39.34138 57.64732 21.83594
v 40.22842 57.64732 20.8679
v 41.02771 57.64732 19.82624
v 41.73318 57.64732 18.71888
v 42.33945 57.64732 17.55425
v 42.8419 57.64732 16.34121
v 43.23672 57.64732 15.08899
v 43.52091 57.64732 13.80713
v 43.69228 57.64732 12.50538
v 43.74956 57.64732 11.19365
v 43.69228 57.64732 9.881913
v 43.52091 57.64732 8.580162
v 43.23672 57.64732 7.2983
v 42.8419 57.64732 6.046085
v 42.33945 57.64732 4.833046
v 41.73318 57.64732 3.668415
v 41.02771 57.64732 2.561055
v 40.22842 57.64732 1.519395
v 39.34138 57.64732 0.551361
v 38.37335 57.64732 -0.3356782
v 37.33168 57.64732 -1.134972
v 36.22432 57.64732 -1.840438
v 35.0597 57.64732 -2.446707
v 33.84665 57.64732 -2.949164
v 32.59444 57.64732 -3.343986
v 31.31258 57.64732 -3.628168
v -30.88882 55.26532 26.24468
v -32.21355 55.26532 26.18684
v -33.5153 55.26532 26.01546
v -34.79716 55.26532 25.73128
v -36.04937 55.26532 25.33646
v -37.26242 55.26532 24.834
v -38.42704 55.26532 24.22773
v -39.5344 55.26532 23.52227
v -40.57607 55.26532 22.72297
v -41.5441 55.26532 21.83594
v -42.43114 55.26532 20.8679
v -43.23043 55.26532 19.82624
v -43.9359 55.26532 18.71888
v -44.54217 55.26532 17.55425
v -45.04462 55.26532 16.34121
v -45.43944 55.26532 15.08899
v -45.72363 55.26532 13.80713
v -45.895 55.26532 12.50538
v -45.95228 55.26532 11.19365
v -45.895 55.26532 9.881913
v -45.72363 55.26532 8.580162
v -45.43944 55.26532 7.2983
v -45.04462 55.26532 6.046085
v -44.54217 55.26532 4.833046
v -43.9359 55.26532 3.668415
v -43.23043 55.26532 2.561055
v -42.43114 55.26532 1.519395
v -41.5441 55.26532 0.551361
v -40.57607 55.26532 -0.3356782
v -39.5344 55.26532 -1.134972
v -38.42704 55.26532 -1.840438
v -37.26242 55.26532 -2.446707
v -36.04937 55.26532 -2.949164
v -34.79716 55.26532 -3.343986
v -33.5153 55.26532 -3.628168
v -32.21355 48.19013 26.18684
v -30.88882 48.19013 26.24468
v -33.5153 48.19013 26.01546
v -34.79716 48.19013 25.73128
v -36.04937 48.19013 25.33646
v -37.26242 48.19013 24.834
v -38.42704 48.19013 24.22773
v -39.5344 48.19013 23.52227
v -40.57607 48.19013 22.72297
v -41.5441 48.19013 21.83594
v -42.43114 48.19013 20.8679
v -43.23043 48.19013 19.82624
v -43.9359 48.19013 18.71888
v -44.54217 48.19013 17.55425
v -45.04462 48.19013 16.34121
v -45.43944 48.19013 15.08899
v -45.72363 48.19013 13.80713
v -45.895 48.19013 12.50538
v -45.95228 48.19013 11.19365
v -45.895 48.19013 9.881913
v -45.72363 48.19013 8.580162
v -45.43944 48.19013 7.2983
v -45.04462 48.19013 6.046085
v -44.54217 48.19013 4.833046
v -43.9359 48.19013 3.668415
v -43.23043 48.19013 2.561055
v -42.43114 48.19013 1.519395
v -41.5441 48.19013 0.551361
v -40.57607 48.19013 -0.3356782
v -39.5344 48.19013 -1.134972
v -38.42704 48.19013 -1.840438
v -37.26242 48.19013 -2.446707
v -36.04937 48.19013 -2.949164
v -34.79716 48.19013 -3.343986
v -33.5153 48.19013 -3.628168
v 28.6861 55.26532 26.24468
v 28.6861 48.19013 26.24468
v 30.01083 55.26532 26.18684
v 31.31258 55.26532 26.01546
v 32.59444 55.26532 25.73128
v 33.84665 55.26532 25.33646
v 35.0597 55.26532 24.834
v 36.22432 55.26532 24.22773
v 37.33168 55.26532 23.52227
v 38.37335 55.26532 22.72297
v 39.34138 55.26532 21.83594
v 40.22842 55.26532 20.8679
v 41.02771 55.26532 19.82624
v 41.73318 55.26532 18.71888
v 42.33945 55.26532 17.55425
v 42.8419 55.26532 16.34121
v 43.23672 55.26532 15.08899
v 43.52091 55.26532 13.80713
v 43.69228 55.26532 12.50538
v 43.74956 55.26532 11.19365
v 43.69228 55.26532 9.881913
v 43.52091 55.26532 8.580162
v 43.23672 55.26532 7.2983
v 42.8419 55.26532 6.046085
v 42.33945 55.26532 4.833046
v 41.73318 55.26532 3.668415
v 41.02771 55.26532 2.561055
v 40.22842 55.26532 1.519395
v 39.34138 55.26532 0.551361
v 38.37335 55.26532 -0.3356782
v 37.33168 55.26532 -1.134972
v 36.22432 55.26532 -1.840438
v 35.0597 55.26532 -2.446707
v 33.84665 55.26532 -2.949164
v 32.59444 55.26532 -3.343986
v 31.31258 55.26532 -3.628168
v 30.01083 48.19013 26.18684
v 31.31258 48.19013 26.01546
v 32.59444 48.19013 25.73128
v 33.84665 48.19013 25.33646
v 35.0597 48.19013 24.834
v 36.22432 48.19013 24.22773
v 37.33168 48.19013 23.52227
v 38.37335 48.19013 22.72297
v 39.34138 48.19013 21.83594
v 40.22842 48.19013 20.8679
v 41.02771 48.19013 19.82624
v 41.73318 48.19013 18.71888
v 42.33945 48.19013 17.55425
v 42.8419 48.19013 16.34121
v 43.23672 48.19013 15.08899
v 43.52091 48.19013 13.80713
v 43.69228 48.19013 12.50538
v 43.74956 48.19013 11.19365
v 43.69228 48.19013 9.881913
v 43.52091 48.19013 8.580162
v 43.23672 48.19013 7.2983
v 42.8419 48.19013 6.046085
v 42.33945 48.19013 4.833046
v 41.73318 48.19013 3.668415
v 41.02771 48.19013 2.561055
v 40.22842 48.19013 1.519395
v 39.34138 48.19013 0.551361
v 38.37335 48.19013 -0.3356782
v 37.33168 48.19013 -1.134972
v 36.22432 48.19013 -1.840438
v 35.0597 48.19013 -2.446707
v 33.84665 48.19013 -2.949164
v 32.59444 48.19013 -3.343986
v 31.31258 48.19013 -3.628168
v -30.88882 45.80813 26.24468
v -32.21355 45.80813 26.18684
v -33.5153 45.80813 26.01546
v -34.79716 45.80813 25.73128
v -36.04937 45.80813 25.33646
v -37.26242 45.80813 24.834
v -38.42704 45.80813 24.22773
v -39.5344 45.80813 23.52227
v -40.57607 45.80813 22.72297
v -41.5441 45.80813 21.83594
v -42.43114 45.80813 20.8679
v -43.23043 45.80813 19.82624
v -43.9359 45.80813 18.71888
v -44.54217 45.80813 17.55425
v -45.04462 45.80813 16.34121
v -45.43944 45.80813 15.08899
v -45.72363 45.80813 13.80713
v -45.895 45.80813 12.50538
v -45.95228 45.80813 11.19365
v -45.895 45.80813 9.881913
v -45.72363 45.80813 8.580162
v -45.43944 45.80813 7.2983
v -45.04462 45.80813 6.046085
v -44.54217 45.80813 4.833046
v -43.9359 45.80813 3.668415
v -43.23043 45.80813 2.561055
v -42.43114 45.80813 1.519395
v -41.5441 45.80813 0.551361
v -40.57607 45.80813 -0.3356782
v -39.5344 45.80813 -1.134972
v -38.42704 45.80813 -1.840438
v -37.26242 45.80813 -2.446707
v -36.04937 45.80813 -2.949164
v -34.79716 45.80813 -3.343986
v -33.5153 45.80813 -3.628168
v -32.21355 38.73294 26.18684
v -30.88882 38.73294 26.24468
v -33.5153 38.73294 26.01546
v -34.79716 38.73294 25.73128
v -36.04937 38.73294 25.33646
v -37.26242 38.73294 24.834
v -38.42704 38.73294 24.22773
v -39.5344 38.73294 23.52227
v -40.57607 38.73294 22.72297
v -41.5441 38.73294 21.83594
v -42.43114 38.73294 20.8679
v -43.23043 38.73294 19.82624
v -43.9359 38.73294 18.71888
v -44.54217 38.73294 17.55425
v -45.04462 38.73294 16.34121
v -45.43944 38.73294 15.08899
v -45.72363 38.73294 13.80713
v -45.895 38.73294 12.50538
v -45.95228 38.73294 11.19365
v -45.895 38.73294 9.881913
v -45.72363 38.73294 8.580162
v -45.43944 38.73294 7.2983
v -45.04462 38.73294 6.046085
v -44.54217 38.73294 4.833046
v -43.9359 38.73294 3.668415
v -43.23043 38.73294 2.561055
v -42.43114 38.73294 1.519395
v -41.5441 38.73294 0.551361
v -40.57607 38.73294 -0.3356782
v -39.5344 38.73294 -1.134972
v -38.42704 38.73294 -1.840438
v -37.26242 38.73294 -2.446707
v -36.04937 38.73294 -2.949164
v -34.79716 38.73294 -3.343986
v -33.5153 38.73294 -3.628168
v 28.6861 45.80813 26.24468
v 28.6861 38.73294 26.24468
v 30.01083 45.80813 26.18684
v 31.31258 45.80813 26.01546
v 32.59444 45.80813 25.73128
v 33.84665 45.80813 25.33646
v 35.0597 45.80813 24.834
v 36.22432 45.80813 24.22773
v 37.33168 45.80813 23.52227
v 38.37335 45.80813 22.72297
v 39.34138 45.80813 21.83594
v 40.22842 45.80813 20.8679
v 41.02771 45.80813 19.82624
v 41.73318 45.80813 18.71888
v 42.33945 45.80813 17.55425
v 42.8419 45.80813 16.34121
v 43.23672 45.80813 15.08899
v 43.52091 45.80813 13.80713
v 43.69228 45.80813 12.50538
v 43.74956 45.80813 11.19365
v 43.69228 45.80813 9.881913
v 43.52091 45.80813 8.580162
v 43.23672 45.80813 7.2983
v 42.8419 45.80813 6.046085
v 42.33945 45.80813 4.833046
v 41.73318 45.80813 3.668415
v 41.02771 45.80813 2.561055
v 40.22842 45.80813 1.519395
v 39.34138 45.80813 0.551361
v 38.37335 45.80813 -0.3356782
v 37.33168 45.80813 -1.134972
v 36.22432 45.80813 -1.840438
v 35.0597 45.80813 -2.446707
v 33.84665 45.80813 -2.949164
v 32.59444 45.80813 -3.343986
v 31.31258 45.80813 -3.628168
v 30.01083 38.73294 26.18684
v 31.31258 38.73294 26.01546
v 32.59444 38.73294 25.73128
v 33.84665 38.73294 25.33646
v 35.0597 38.73294 24.834
v 36.22432 38.73294 24.22773
v 37.33168 38.73294 23.52227
v 38.37335 38.73294 22.72297
v 39.34138 38.73294 21.83594
v 40.22842 38.73294 20.8679
v 41.02771 38.73294 19.82624
v 41.73318 38.73294 18.71888
v 42.33945 38.73294 17.55425
v 42.8419 38.73294 16.34121
v 43.23672 38.73294 15.08899
v 43.52091 38.73294 13.80713
v 43.69228 38.73294 12.50538
v 43.74956 38.73294 11.19365
v 43.69228 38.73294 9.881913
v 43.52091 38.73294 8.580162
v 43.23672 38.73294 7.2983
v 42.8419 38.73294 6.046085
v 42.33945 38.73294 4.833046
v 41.73318 38.73294 3.668415
v 41.02771 38.73294 2.561055
v 40.22842 38.73294 1.519395
v 39.34138 38.73294 0.551361
v 38.37335 38.73294 -0.3356782
v 37.33168 38.73294 -1.134972
v 36.22432 38.73294 -1.840438
v 35.0597 38.73294 -2.446707
v 33.84665 38.73294 -2.949164
v 32.59444 38.73294 -3.343986
v 31.31258 38.73294 -3.628168
v -30.88882 36.35094 26.24468
v -32.21355 36.35094 26.18684
v -33.5153 36.35094 26.01546
v -34.79716 36.35094 25.73128
v -36.04937 36.35094 25.33646
v -37.26242 36.35094 24.834
v -38.42704 36.35094 24.22773
v -39.5344 36.35094 23.52227
v -40.57607 36.35094 22.72297
v -41.5441 36.35094 21.83594
v -42.43114 36.35094 20.8679
v -43.23043 36.35094 19.82624
v -43.9359 36.35094 18.71888
v -44.54217 36.35094 17.55425
v -45.04462 36.35094 16.34121
v -45.43944 36.35094 15.08899
v -45.72363 36.35094 13.80713
v -45.895 36.35094 12.50538
v -45.95228 36.35094 11.19365
v -45.895 36.35094 9.881913
v -45.72363 36.35094 8.580162
v -45.43944 36.35094 7.2983
v -45.04462 36.35094 6.046085
v -44.54217 36.35094 4.833046
v -43.9359 36.35094 3.668415
v -43.23043 36.35094 2.561055
v -42.43114 36.35094 1.519395
v -41.5441 36.35094 0.551361
v -40.57607 36.35094 -0.3356782
v -39.5344 36.35094 -1.134972
v -38.42704 36.35094 -1.840438
v -37.26242 36.35094 -2.446707
v -36.04937 36.35094 -2.949164
v -34.79716 36.35094 -3.343986
v -33.5153 36.35094 -3.628168
v -32.21355 29.27575 26.18684
v -30.88882 29.27575 26.24468
v -33.5153 29.27575 26.01546
v -34.79716 29.27575 25.73128
v -36.04937 29.27575 25.33646
v -37.26242 29.27575 24.834
v -38.42704 29.27575 24.22773
v -39.5344 29.27575 23.52227
v -40.57607 29.27575 22.72297
v -41.5441 29.27575 21.83594
v -42.43114 29.27575 20.8679
v -43.23043 29.27575 19.82624
v -43.9359 29.27575 18.71888
v -44.54217 29.27575 17.55425
v -45.04462 29.27575 16.34121
v -45.43944 29.27575 15.08899
v -45.72363 29.27575 13.80713
v -45.895 29.27575 12.50538
v -45.95228 29.27575 11.19365
v -45.895 29.27575 9.881913
v -45.72363 29.27575 8.580162
v -45.43944 29.27575 7.2983
v -45.04462 29.27575 6.046085
v -44.54217 29.27575 4.833046
v -43.9359 29.27575 3.668415
v -43.23043 29.27575 2.561055
v -42.43114 29.27575 1.519395
v -41.5441 29.27575 0.551361
v -40.57607 29.27575 -0.3356782
v -39.5344 29.27575 -1.134972
v -38.42704 29.27575 -1.840438
v -37.26242 29.27575 -2.446707
v -36.04937 29.27575 -2.949164
v -34.79716 29.27575 -3.343986
v -33.5153 29.27575 -3.628168
v 28.6861 36.35094 26.24468
v 28.6861 29.27575 26.24468
v 30.01083 36.35094 26.18684
v 31.31258 36.35094 26.01546
v 32.59444 36.35094 25.73128
v 33.84665 36.35094 25.33646
v 35.0597 36.35094 24.834
v 36.22432 36.35094 24.22773
v 37.33168 36.35094 23.52227
v 38.37335 36.35094 22.72297
v 39.34138 36.35094 21.83594
v 40.22842 36.35094 20.8679
v 41.02771 36.35094 19.82624
v 41.73318 36.35094 18.71888
v 42.33945 36.35094 17.55425
v 42.8419 36.35094 16.34121
v 43.23672 36.35094 15.08899
v 43.52091 36.35094 13.80713
v 43.69228 36.35094 12.50538
v 43.74956 36.35094 11.19365
v 43.69228 36.35094 9.881913
v 43.52091 36.35094 8.580162
v 43.23672 36.35094 7.2983
v 42.8419 36.35094 6.046085
v 42.33945 36.35094 4.833046
v 41.73318 36.35094 3.668415
v 41.02771 36.35094 2.561055
v 40.22842 36.35094 1.519395
v 39.34138 36.35094 0.551361
v 38.37335 36.35094 -0.3356782
v 37.33168 36.35094 -1.134972
v 36.22432 36.35094 -1.840438
v 35.0597 36.35094 -2.446707
v 33.84665 36.35094 -2.949164
v 32.59444 36.35094 -3.343986
v 31.31258 36.35094 -3.628168
v 30.01083 29.27575 26.18684
v 31.31258 29.27575 26.01546
v 32.59444 29.27575 25.73128
v 33.84665 29.27575 25.33646
v 35.0597 29.27575 24.834
v 36.22432 29.27575 24.22773
v 37.33168 29.27575 23.52227
v 38.37335 29.27575 22.72297
v 39.34138 29.27575 21.83594
v 40.22842 29.27575 20.8679
v 41.02771 29.27575 19.82624
v 41.73318 29.27575 18.71888
v 42.33945 29.27575 17.55425
v 42.8419 29.27575 16.34121
v 43.23672 29.27575 15.08899
v 43.52091 29.27575 13.80713
v 43.69228 29.27575 12.50538
v 43.74956 29.27575 11.19365
v 43.69228 29.27575 9.881913
v 43.52091 29.27575 8.580162
v 43.23672 29.27575 7.2983
v 42.8419 29.27575 6.046085
v 42.33945 29.27575 4.833046
v 41.73318 29.27575 3.668415
v 41.02771 29.27575 2.561055
v 40.22842 29.27575 1.519395
v 39.34138 29.27575 0.551361
v 38.37335 29.27575 -0.3356782
v 37.33168 29.27575 -1.134972
v 36.22432 29.27575 -1.840438
v 35.0597 29.27575 -2.446707
v 33.84665 29.27575 -2.949164
v 32.59444 29.27575 -3.343986
v 31.31258 29.27575 -3.628168
v -30.88882 26.89375 26.24468
v -32.21355 26.89375 26.18684
v -33.5153 26.89375 26.01546
v -34.79716 26.89375 25.73128
v -36.04937 26.89375 25.33646
v -37.26242 26.89375 24.834
v -38.42704 26.89375 24.22773
v -39.5344 26.89375 23.52227
v -40.57607 26.89375 22.72297
v -41.5441 26.89375 21.83594
v -42.43114 26.89375 20.8679
v -43.23043 26.89375 19.82624
v -43.9359 26.89375 18.71888
v -44.54217 26.89375 17.55425
v -45.04462 26.89375 16.34121
v -45.43944 26.89375 15.08899
v -45.72363 26.89375 13.80713
v -45.895 26.89375 12.50538
v -45.95228 26.89375 11.19365
v -45.895 26.89375 9.881913
v -45.72363 26.89375 8.580162
v -45.43944 26.89375 7.2983
v -45.04462 26.89375 6.046085
v -44.54217 26.89375 4.833046
v -43.9359 26.89375 3.668415
v -43.23043 26.89375 2.561055
v -42.43114 26.89375 1.519395
v -41.5441 26.89375 0.551361
v -40.57607 26.89375 -0.3356782
v -39.5344 26.89375 -1.134972
v -38.42704 26.89375 -1.840438
v -37.26242 26.89375 -2.446707
v -36.04937 26.89375 -2.949164
v -34.79716 26.89375 -3.343986
v -33.5153 26.89375 -3.628168
v -32.21355 26.89375 -3.799547
v -32.0657 26.89375 -3.806002
v -32.21355 19.81856 26.18684
v -30.88882 19.81856 26.24468
v -33.5153 19.81856 26.01546
v -34.79716 19.81856 25.73128
v -36.04937 19.81856 25.33646
v -37.26242 19.81856 24.834
v -38.42704 19.81856 24.22773
v -39.5344 19.81856 23.52227
v -40.57607 19.81856 22.72297
v -41.5441 19.81856 21.83594
v -42.43114 19.81856 20.8679
v -43.23043 19.81856 19.82624
v -43.9359 19.81856 18.71888
v -44.54217 19.81856 17.55425
v -45.04462 19.81856 16.34121
v -45.43944 19.81856 15.08899
v -45.72363 19.81856 13.80713
v -45.895 19.81856 12.50538
v -45.95228 19.81856 11.19365
v -45.895 19.81856 9.881913
v -45.72363 19.81856 8.580162
v -45.43944 19.81856 7.2983
v -45.04462 19.81856 6.046085
v -44.54217 19.81856 4.833046
v -43.9359 19.81856 3.668415
v -43.23043 19.81856 2.561055
v -42.43114 19.81856 1.519395
v -41.5441 19.81856 0.551361
v -40.57607 19.81856 -0.3356782
v -39.5344 19.81856 -1.134972
v -38.42704 19.81856 -1.840438
v -37.26242 19.81856 -2.446707
v -36.04937 19.81856 -2.949164
v -34.79716 19.81856 -3.343986
v -33.5153 19.81856 -3.628168
v -32.21355 19.81856 -3.799547
v -32.0657 19.81856 -3.806002
v 28.6861 26.89375 26.24468
v 28.6861 19.81856 26.24468
v 30.01083 26.89375 26.18684
v 31.31258 26.89375 26.01546
v 32.59444 26.89375 25.73128
v 33.84665 26.89375 25.33646
v 35.0597 26.89375 24.834
v 36.22432 26.89375 24.22773
v 37.33168 26.89375 23.52227
v 38.37335 26.89375 22.72297
v 39.34138 26.89375 21.83594
v 40.22842 26.89375 20.8679
v 41.02771 26.89375 19.82624
v 41.73318 26.89375 18.71888
v 42.33945 26.89375 17.55425
v 42.8419 26.89375 16.34121
v 43.23672 26.89375 15.08899
v 43.52091 26.89375 13.80713
v 43.69228 26.89375 12.50538
v 43.74956 26.89375 11.19365
v 43.69228 26.89375 9.881913
v 43.52091 26.89375 8.580162
v 43.23672 26.89375 7.2983
v 42.8419 26.89375 6.046085
v 42.33945 26.89375 4.833046
v 41.73318 26.89375 3.668415
v 41.02771 26.89375 2.561055
v 40.22842 26.89375 1.519395
v 39.34138 26.89375 0.551361
v 38.37335 26.89375 -0.3356782
v 37.33168 26.89375 -1.134972
v 36.22432 26.89375 -1.840438
v 35.0597 26.89375 -2.446707
v 33.84665 26.89375 -2.949164
v 32.59444 26.89375 -3.343986
v 31.31258 26.89375 -3.628168
v 30.01083 26.89375 -3.799547
v 29.86298 26.89375 -3.806002
v 30.01083 19.81856 26.18684
v 31.31258 19.81856 26.01546
v 32.59444 19.81856 25.73128
v 33.84665 19.81856 25.33646
v 35.0597 19.81856 24.834
v 36.22432 19.81856 24.22773
v 37.33168 19.81856 23.52227
v 38.37335 19.81856 22.72297
v 39.34138 19.81856 21.83594
v 40.22842 19.81856 20.8679
v 41.02771 19.81856 19.82624
v 41.73318 19.81856 18.71888
v 42.33945 19.81856 17.55425
v 42.8419 19.81856 16.34121
v 43.23672 19.81856 15.08899
v 43.52091 19.81856 13.80713
v 43.69228 19.81856 12.50538
v 43.74956 19.81856 11.19365
v 43.69228 19.81856 9.881913
v 43.52091 19.81856 8.580162
v 43.23672 19.81856 7.2983
v 42.8419 19.81856 6.046085
v 42.33945 19.81856 4.833046
v 41.73318 19.81856 3.668415
v 41.02771 19.81856 2.561055
v 40.22842 19.81856 1.519395
v 39.34138 19.81856 0.551361
v 38.37335 19.81856 -0.3356782
v 37.33168 19.81856 -1.134972
v 36.22432 19.81856 -1.840438
v 35.0597 19.81856 -2.446707
v 33.84665 19.81856 -2.949164
v 32.59444 19.81856 -3.343986
v 31.31258 19.81856 -3.628168
v 30.01083 19.81856 -3.799547
v 29.86298 19.81856 -3.806002
v -32.16159 0.1839874 -3.205748
v -30.87582 0.1839874 -3.261886
v -33.41179 0.1839874 -3.041156
v -34.64289 0.1839874 -2.768229
v -35.84551 0.1839874 -2.389044
v -37.01051 0.1839874 -1.906487
v -38.12901 0.1839874 -1.324229
v -39.19252 0.1839874 -0.6467026
v -40.19292 0.1839874 0.1209358
v -41.12261 0.1839874 0.9728443
v -41.97453 0.1839874 1.902539
v -42.74216 0.1839874 2.902945
v -43.41969 0.1839874 3.966448
v -44.00195 0.1839874 5.084955
v -44.4845 0.1839874 6.249952
v -44.00195 0.1839874 17.30234
v -44.4845 0.1839874 16.13734
v -43.41969 0.1839874 18.42085
v -42.74216 0.1839874 19.48435
v -41.97453 0.1839874 20.48475
v -41.12261 0.1839874 21.41445
v -40.19292 0.1839874 22.26636
v -39.19252 0.1839874 23.034
v -38.12901 0.1839874 23.71152
v -37.01051 0.1839874 24.29378
v -35.84551 0.1839874 24.77634
v -34.64289 0.1839874 25.15553
v -33.41179 0.1839874 25.42845
v -32.16159 0.1839874 25.59304
v -30.87582 0.1839874 25.64918
v 28.67311 0.1839874 -3.261886
v 29.95888 0.1839874 -3.205748
v 31.20907 0.1839874 -3.041156
v 32.44017 0.1839874 -2.768229
v 33.64279 0.1839874 -2.389044
v 34.80779 0.1839874 -1.906487
v 35.92629 0.1839874 -1.324229
v 36.9898 0.1839874 -0.6467026
v 37.9902 0.1839874 0.1209358
v 38.91989 0.1839874 0.9728443
v 39.7718 0.1839874 1.902539
v 40.53944 0.1839874 2.902945
v 41.21697 0.1839874 3.966448
v 41.79922 0.1839874 5.084955
v 42.28178 0.1839874 6.249952
v 42.66096 0.1839874 7.452574
v 42.9339 0.1839874 8.683668
v 43.09849 0.1839874 9.933864
v 43.15349 0.1839874 11.19365
v 43.09849 0.1839874 12.45343
v 42.9339 0.1839874 13.70363
v 42.66096 0.1839874 14.93472
v 42.28178 0.1839874 16.13734
v 41.79922 0.1839874 17.30234
v 41.21697 0.1839874 18.42085
v 40.53944 0.1839874 19.48435
v 39.7718 0.1839874 20.48475
v 38.91989 0.1839874 21.41445
v 37.9902 0.1839874 22.26636
v 36.9898 0.1839874 23.034
v 35.92629 0.1839874 23.71152
v 34.80779 0.1839874 24.29378
v 33.64279 0.1839874 24.77634
v 32.44017 0.1839874 25.15553
v 31.20907 0.1839874 25.42845
v 29.95888 0.1839874 25.59304
v 28.67311 0.1839874 25.64918
v -30.87582 15.06756 -3.261886
v -32.16159 15.06756 -3.205748
v -33.41179 15.06756 -3.041156
v -34.64289 15.06756 -2.768229
v -35.84551 15.06756 -2.389044
v -37.01051 15.06756 -1.906487
v -38.12901 15.06756 -1.324229
v -39.19252 15.06756 -0.6467026
v -40.19292 15.06756 0.1209358
v -41.12261 15.06756 0.9728443
v -41.97453 15.06756 1.902539
v -42.74216 15.06756 2.902945
v -43.41969 15.06756 3.966448
v -44.00195 15.06756 5.084955
v -44.4845 15.06756 6.249952
v -44.86369 15.06756 7.452574
v -45.13662 15.06756 8.683668
v -45.30121 15.06756 9.933864
v -45.35621 15.06756 11.19365
v -45.30121 15.06756 12.45343
v -45.13662 15.06756 13.70363
v -44.86369 15.06756 14.93472
v -44.4845 15.06756 16.13734
v -44.00195 15.06756 17.30234
v -43.41969 15.06756 18.42085
v -42.74216 15.06756 19.48435
v -41.97453 15.06756 20.48475
v -41.12261 15.06756 21.41445
v -40.19292 15.06756 22.26636
v -39.19252 15.06756 23.034
v -38.12901 15.06756 23.71152
v -37.01051 15.06756 24.29378
v -35.84551 15.06756 24.77634
v -34.64289 15.06756 25.15553
v -33.41179 15.06756 25.42845
v -32.16159 15.06756 25.59304
v -30.87582 15.06756 25.64918
v 28.67311 15.06756 25.64918
v 29.95888 15.06756 25.59304
v 31.20907 15.06756 25.42845
v 32.44017 15.06756 25.15553
v 33.64279 15.06756 24.77634
v 34.80779 15.06756 24.29378
v 35.92629 15.06756 23.71152
v 36.9898 15.06756 23.034
v 37.9902 15.06756 22.26636
v 38.91989 15.06756 21.41445
v 39.7718 15.06756 20.48475
v 40.53944 15.06756 19.48435
v 41.21697 15.06756 18.42085
v 41.79922 15.06756 17.30234
v 42.28178 15.06756 16.13734
v 42.66096 15.06756 14.93472
v 42.9339 15.06756 13.70363
v 43.09849 15.06756 12.45343
v 43.15349 15.06756 11.19365
v 43.09849 15.06756 9.933864
v 42.9339 15.06756 8.683668
v 42.66096 15.06756 7.452574
v 42.28178 15.06756 6.249952
v 41.79922 15.06756 5.084955
v 41.21697 15.06756 3.966448
v 40.53944 15.06756 2.902945
v 39.7718 15.06756 1.902539
v 38.91989 15.06756 0.9728443
v 37.9902 15.06756 0.1209358
v 36.9898 15.06756 -0.6467026
v 35.92629 15.06756 -1.324229
v 34.80779 15.06756 -1.906487
v 33.64279 15.06756 -2.389044
v 32.44017 15.06756 -2.768229
v 31.20907 15.06756 -3.041156
v 29.95888 15.06756 -3.205748
v 28.67311 15.06756 -3.261886
v -32.62915 17.21247 -8.549939
v -30.99277 17.21247 -8.621386
v -30.99277 18.62756 -8.621386
v -32.62915 18.62756 -8.549939
v -34.34335 17.21247 -8.324262
v -34.34335 18.62756 -8.324262
v -36.03135 17.21247 -7.950041
v -36.03135 18.62756 -7.950041
v -37.68031 17.21247 -7.430124
v -37.68031 18.62756 -7.430124
v -39.27769 17.21247 -6.76847
v -39.27769 18.62756 -6.76847
v -40.81131 17.21247 -5.970114
v -40.81131 18.62756 -5.970114
v -42.26953 17.21247 -5.04113
v -42.26953 18.62756 -5.04113
v -43.64122 17.21247 -3.988591
v -43.64122 18.62756 -3.988591
v -44.91597 17.21247 -2.820505
v -44.91597 18.62756 -2.820505
v -46.08405 17.21247 -1.545763
v -46.08405 18.62756 -1.545763
v -47.13659 17.21247 -0.1740664
v -47.13659 18.62756 -0.1740664
v -48.06558 17.21247 1.284145
v -48.06558 18.62756 1.284145
v -48.86393 17.21247 2.817774
v -48.86393 18.62756 2.817774
v -49.52559 17.21247 4.415149
v -49.52559 18.62756 4.415149
v -50.0455 17.21247 6.064112
v -50.0455 18.62756 6.064112
v -50.41972 17.21247 7.752113
v -50.41972 18.62756 7.752113
v -50.6454 17.21247 9.466308
v -50.6454 18.62756 9.466308
v -50.72081 17.21247 11.19365
v -50.72081 18.62756 11.19365
v -50.6454 17.21247 12.92099
v -50.6454 18.62756 12.92099
v -50.41972 17.21247 14.63518
v -50.41972 18.62756 14.63518
v -50.0455 17.21247 16.32318
v -50.0455 18.62756 16.32318
v -49.52559 17.21247 17.97215
v -49.52559 18.62756 17.97215
v -48.86393 17.21247 19.56952
v -48.86393 18.62756 19.56952
v -48.06558 17.21247 21.10315
v -48.06558 18.62756 21.10315
v -47.13659 17.21247 22.56136
v -47.13659 18.62756 22.56136
v -46.08405 17.21247 23.93306
v -46.08405 18.62756 23.93306
v -44.91597 17.21247 25.2078
v -44.91597 18.62756 25.2078
v -43.64122 17.21247 26.37589
v -43.64122 18.62756 26.37589
v -42.26953 17.21247 27.42843
v -42.26953 18.62756 27.42843
v -40.81131 17.21247 28.35741
v -40.81131 18.62756 28.35741
v -39.27769 17.21247 29.15577
v -39.27769 18.62756 29.15577
v -37.68031 17.21247 29.81742
v -37.68031 18.62756 29.81742
v -36.03135 17.21247 30.33733
v -36.03135 18.62756 30.33733
v -34.34335 17.21247 30.71156
v -34.34335 18.62756 30.71156
v -32.62915 17.21247 30.93723
v -32.62915 18.62756 30.93723
v -30.99277 17.21247 31.00868
v -30.99277 18.62756 31.00868
v 28.79005 17.21247 31.00868
v 28.79005 18.62756 31.00868
v 30.42643 17.21247 30.93723
v 30.42643 18.62756 30.93723
v 32.14063 17.21247 30.71156
v 32.14063 18.62756 30.71156
v 33.82863 17.21247 30.33733
v 33.82863 18.62756 30.33733
v 35.47759 17.21247 29.81742
v 35.47759 18.62756 29.81742
v 37.07497 17.21247 29.15577
v 37.07497 18.62756 29.15577
v 38.60859 17.21247 28.35741
v 38.60859 18.62756 28.35741
v 40.06681 17.21247 27.42843
v 40.06681 18.62756 27.42843
v 41.4385 17.21247 26.37589
v 41.4385 18.62756 26.37589
v 42.71325 17.21247 25.2078
v 42.71325 18.62756 25.2078
v 43.88133 17.21247 23.93306
v 43.88133 18.62756 23.93306
v 44.93387 17.21247 22.56136
v 44.93387 18.62756 22.56136
v 45.86286 17.21247 21.10315
v 45.86286 18.62756 21.10315
v 46.66121 17.21247 19.56952
v 46.66121 18.62756 19.56952
v 47.32286 17.21247 17.97215
v 47.32286 18.62756 17.97215
v 47.84278 17.21247 16.32318
v 47.84278 18.62756 16.32318
v 48.217 17.21247 14.63518
v 48.217 18.62756 14.63518
v 48.44268 17.21247 12.92099
v 48.44268 18.62756 12.92099
v 48.51809 17.21247 11.19365
v 48.51809 18.62756 11.19365
v 48.44268 17.21247 9.466308
v 48.44268 18.62756 9.466308
v 48.217 17.21247 7.752113
v 48.217 18.62756 7.752113
v 47.84278 17.21247 6.064112
v 47.84278 18.62756 6.064112
v 47.32286 17.21247 4.415149
v 47.32286 18.62756 4.415149
v 46.66121 17.21247 2.817774
v 46.66121 18.62756 2.817774
v 45.86286 17.21247 1.284145
v 45.86286 18.62756 1.284145
v 44.93387 17.21247 -0.1740664
v 44.93387 18.62756 -0.1740664
v 43.88133 17.21247 -1.545763
v 43.88133 18.62756 -1.545763
v 42.71325 17.21247 -2.820505
v 42.71325 18.62756 -2.820505
v 41.4385 17.21247 -3.988591
v 41.4385 18.62756 -3.988591
v 40.06681 17.21247 -5.04113
v 40.06681 18.62756 -5.04113
v 38.60859 17.21247 -5.970114
v 38.60859 18.62756 -5.970114
v 37.07497 17.21247 -6.76847
v 37.07497 18.62756 -6.76847
v 35.47759 17.21247 -7.430124
v 35.47759 18.62756 -7.430124
v 33.82863 17.21247 -7.950041
v 33.82863 18.62756 -7.950041
v 32.14063 17.21247 -8.324262
v 32.14063 18.62756 -8.324262
v 30.42643 17.21247 -8.549939
v 30.42643 18.62756 -8.549939
v 28.79005 17.21247 -8.621386
v 28.79005 18.62756 -8.621386
v 26.85347 0.1851257 -5.067068
v 27.44897 0.1851257 -4.471569
v -26.31954 0.1851257 -5.067068
v 26.85347 0.1851257 -17.62977
v 27.44897 0.1851257 -17.62977
v -26.31954 0.1851257 -17.36482
v 26.85347 0.1851257 -27.4439
v 27.44897 0.1851257 -28.0394
v -15.13721 0.1851257 -27.4439
v -14.17497 1.376126 -28.0394
v -14.17497 16.08724 -28.0394
v 26.25681 1.376126 -28.0394
v 27.44897 17.27824 -28.0394
v 26.25681 16.08724 -28.0394
v 27.44897 75.27289 -17.62977
v 27.44897 75.27289 -4.471569
v -26.91504 75.27289 -4.471569
v -26.91504 75.27289 -17.62977
v 27.44897 75.27289 -28.0394
v -15.36597 75.27289 -28.0394
v 27.44897 17.27824 -4.471569
v -26.91504 27.98693 -4.471569
v 27.44897 27.98693 -4.471569
v -26.91504 37.44412 -4.471569
v 27.44897 37.44412 -4.471569
v -26.91504 46.90131 -4.471569
v 27.44897 46.90131 -4.471569
v -26.91504 56.3585 -4.471569
v 27.44897 56.3585 -4.471569
v -26.91504 65.8157 -4.471569
v 27.44897 65.8157 -4.471569
v 27.44897 17.27824 -17.62977
v 27.44897 27.98693 -17.62977
v 27.44897 27.98693 -28.0394
v 27.44897 37.44412 -28.0394
v 27.44897 37.44412 -17.62977
v 27.44897 46.90131 -28.0394
v 27.44897 46.90131 -17.62977
v 27.44897 56.3585 -28.0394
v 27.44897 56.3585 -17.62977
v 27.44897 65.8157 -17.62977
v 27.44897 65.8157 -28.0394
v -26.31954 16.38773 -17.36482
v 26.85347 16.38773 -27.4439
v -15.13721 16.38773 -27.4439
v 26.85347 16.38773 -17.62977
v -26.31954 16.38773 -5.067068
v 26.85347 16.38773 -5.067068
v -26.91504 65.8157 -17.62977
v -15.36597 65.8157 -28.0394
v -15.36597 56.3585 -28.0394
v -26.91504 56.3585 -17.62977
v -26.91504 46.90131 -17.62977
v -15.36597 46.90131 -28.0394
v -26.91504 37.44412 -17.62977
v -15.36597 37.44412 -28.0394
v -26.91504 27.98693 -17.62977
v -15.36597 27.98693 -28.0394
v -45.21646 0.1791217 5.970876
v -44.85916 0.1791217 5.970876
v -44.85916 15.06756 5.970876
v -45.21646 15.06756 5.970876
v -44.85916 0.1791217 16.42132
v -45.21646 0.1791217 16.42132
v -45.21646 15.06756 16.42132
v -44.85916 15.06756 16.42132
v -44.85916 0.1791217 11.23998
v -44.85916 15.06756 11.23998
v -45.21646 15.06756 11.23998
v -45.21646 0.1791217 11.23998
v -45.09735 14.59659 6.458013
v -45.09735 0.7115204 6.458013
v -45.21646 0.7115204 6.458013
v -45.21646 14.59659 6.458013
v -45.09735 14.59659 10.94414
v -45.21646 14.59659 10.94414
v -45.09735 0.7115204 10.94414
v -45.21646 0.7115204 10.94414
v -45.09735 14.59659 15.97945
v -45.09735 14.59659 11.53583
v -45.21646 14.59659 11.53583
v -45.21646 14.59659 15.97945
v -45.09735 0.7115204 15.97945
v -45.21646 0.7115204 15.97945
v -45.09735 0.7115204 11.53583
v -45.21646 0.7115204 11.53583
v -30.90181 86.02544 11.19365
v 28.69909 86.02544 11.19365

vt 0.9799764 1
vt 1 1
vt 1 0
vt 0.9799764 0
vt 0 0
vt 0 1
vt 0.5 0
vt 0.5 1
vt 0.5 0.25
vt 0 0.625
vt 1 0.5
vt 0 0.5
vt 0.5 0.375
vt 0.02002366 0.5
vt 0.02422461 0.04523778
vt 0.02002366 0.9547622
vt 0.9680365 0.04523778
vt 0.9816651 0.4899738
vt 0.9799764 0.9547622
vt 0.5 0.2337691
vt 0 0.25
vt 0.03830066 0.2337691
vt 0.03830066 0.01623106
vt 0.5 0.01623094
vt 0.9547429 0.2337692
vt 1 0.25
vt 0.9547429 0.01623094
vt 0.03985349 0.5402576
vt 0.5 0.5
vt 0.03807576 0.5007892
vt 0.04511317 0.5802088
vt 0.05383481 0.6195496
vt 0.06595203 0.6579806
vt 0.08137263 0.6952091
vt 0.09997922 0.7309521
vt 0.1216302 0.7649374
vt 0.1461608 0.7969064
vt 0.1733844 0.8266156
vt 0.2030937 0.8538392
vt 0.2350626 0.8783697
vt 0.2690479 0.9000208
vt 0.3047909 0.9186274
vt 0.3420194 0.9340479
vt 0.3804504 0.9461652
vt 0.4197912 0.9548869
vt 0.4597424 0.9601465
vt 0.5 0.9619042
vt 0.5402576 0.9601465
vt 0.5802088 0.9548869
vt 0.6195496 0.9461652
vt 0.6579804 0.9340479
vt 0.6952091 0.9186274
vt 0.7309521 0.9000208
vt 0.7649374 0.8783697
vt 0.7969062 0.8538392
vt 0.8266156 0.8266156
vt 0.8538392 0.7969064
vt 0.8783697 0.7649374
vt 0.9000208 0.7309521
vt 0.9186274 0.6952091
vt 0.9340479 0.6579806
vt 0.9461651 0.6195496
vt 0.9548868 0.5802088
vt 0.9601464 0.5402576
vt 0.9619242 0.5007892
vt 0.02777778 0
vt 0 0.0675571
vt 0.02777778 0.0675571
vt 0 0.07746708
vt 0.05555555 0
vt 0.02777778 0.07746708
vt 0.05555555 0.0675571
vt 0.08333333 0
vt 0.05555555 0.07746708
vt 0.08333333 0.0675571
vt 0.1111111 0
vt 0.08333333 0.07746708
vt 0.1111111 0.0675571
vt 0.1388889 0
vt 0.1111111 0.07746708
vt 0.1388889 0.0675571
vt 0.1666667 0
vt 0.1388889 0.07746708
vt 0.1666667 0.0675571
vt 0.1944444 0
vt 0.1666667 0.07746708
vt 0.1944444 0.0675571
vt 0.2222222 0
vt 0.1944444 0.07746708
vt 0.2222222 0.0675571
vt 0.25 0
vt 0.2222222 0.07746708
vt 0.25 0.0675571
vt 0.2777778 0
vt 0.25 0.07746708
vt 0.2777778 0.0675571
vt 0.3055555 0
vt 0.2777778 0.07746708
vt 0.3055555 0.0675571
vt 0.3333333 0
vt 0.3055555 0.07746708
vt 0.3333333 0.0675571
vt 0.3611111 0
vt 0.3333333 0.07746708
vt 0.3611111 0.0675571
vt 0.3888889 0
vt 0.3611111 0.07746708
vt 0.3888889 0.0675571
vt 0.3888889 0.07746708
vt 0.4166666 0.0675571
vt 0.4166666 0.07746708
vt 0.4444444 0.0675571
vt 0.4444444 0.07746708
vt 0.4722222 0.0675571
vt 0.4722222 0.07746708
vt 0.5 0.0675571
vt 0.5 0.07746708
vt 0.5277778 0.0675571
vt 0.5277778 0.07746708
vt 0.5555556 0.0675571
vt 0.5555556 0.07746708
vt 0.5833333 0.0675571
vt 0.5833333 0.07746708
vt 0.611111 0.0675571
vt 0.611111 0.07746708
vt 0.6388888 0.0675571
vt 0.6388888 0.07746708
vt 0.6388888 0
vt 0.611111 0
vt 0.6666666 0
vt 0.6666666 0.0675571
vt 0.6666666 0.07746708
vt 0.6944444 0
vt 0.6944444 0.0675571
vt 0.6944444 0.07746708
vt 0.7222222 0
vt 0.7222222 0.0675571
vt 0.7222222 0.07746708
vt 0.75 0
vt 0.75 0.0675571
vt 0.75 0.07746708
vt 0.7777778 0
vt 0.7777778 0.0675571
vt 0.7777778 0.07746708
vt 0.8055556 0
vt 0.8055556 0.0675571
vt 0.8055556 0.07746708
vt 0.8333333 0
vt 0.8333333 0.0675571
vt 0.8333333 0.07746708
vt 0.861111 0
vt 0.861111 0.0675571
vt 0.861111 0.07746708
vt 0.8888888 0
vt 0.8888888 0.0675571
vt 0.8888888 0.07746708
vt 0.9166666 0
vt 0.9166666 0.0675571
vt 0.9166666 0.07746708
vt 0.9444444 0
vt 0.9444444 0.0675571
vt 0.9444444 0.07746708
vt 0.9722222 0
vt 0.9722222 0.0675571
vt 0.9722222 0.07746708
vt 1 0.0675571
vt 1 0.07746708
vt 0.4166666 0
vt 0.4444444 0
vt 0.4722222 0
vt 0.5277778 0
vt 0.5555556 0
vt 0.5833333 0
vt 0.06755699 1
vt 0.06755699 0
vt 0.07746693 1
vt 0.07746693 0
vt 0.932443 0
vt 0.932443 1
vt 0.9225331 0
vt 0.9225331 1
vt 0.9238809 0.999564
vt 0.9238809 0.0004361868
vt 0.0761191 0.0004361868
vt 0.0761191 0.999564
vt 0.9980973 0.5435779
vt 0.9924039 0.5868241
vt 0.9829628 0.6294096
vt 0.9698462 0.6710101
vt 0.9531538 0.7113091
vt 0.9330127 0.75
vt 0.9095759 0.7867882
vt 0.8830222 0.8213938
vt 0.8535534 0.8535534
vt 0.8213937 0.8830222
vt 0.7867882 0.9095761
vt 0.75 0.9330127
vt 0.7113091 0.9531539
vt 0.67101 0.9698463
vt 0.6294096 0.9829629
vt 0.5868241 0.9924039
vt 0.5435778 0.9980974
vt 0.4564221 0.9980974
vt 0.4131759 0.9924039
vt 0.3705904 0.9829629
vt 0.3289899 0.9698463
vt 0.2886909 0.9531539
vt 0.25 0.9330127
vt 0.2132118 0.9095761
vt 0.1786062 0.8830222
vt 0.1464466 0.8535534
vt 0.1169778 0.8213938
vt 0.09042397 0.7867882
vt 0.06698729 0.75
vt 0.04684611 0.7113091
vt 0.03015369 0.6710101
vt 0.01703709 0.6294096
vt 0.007596123 0.5868241
vt 0.001902651 0.5435779
vt 0.9757628 0.160848
vt 0.9722222 0.160848
vt 0.9722222 0.2677234
vt 0.9757628 0.2677234
vt 0.02777778 0.160848
vt 0.02423715 0.160848
vt 0.02423715 0.2677236
vt 0.02777778 0.2677234
vt 0.9757628 0.3037052
vt 0.9722222 0.3037051
vt 0.9722222 0.4105806
vt 0.9757628 0.4105806
vt 0.02777778 0.3037051
vt 0.02423715 0.3037052
vt 0.02423715 0.4105806
vt 0.02777778 0.4105806
vt 0.9757628 0.4465624
vt 0.9722222 0.4465623
vt 0.9722222 0.5534378
vt 0.9757628 0.5534378
vt 0.02777778 0.4465623
vt 0.02423715 0.4465624
vt 0.02423715 0.5534378
vt 0.02777778 0.5534378
vt 0.9757628 0.5894195
vt 0.9722222 0.5894195
vt 0.9722222 0.6962949
vt 0.9757628 0.6962949
vt 0.02777778 0.5894195
vt 0.02423715 0.5894195
vt 0.02423715 0.6962949
vt 0.02777778 0.6962949
vt 0.9757628 0.7322766
vt 0.9722222 0.7322766
vt 0.9722222 0.839152
vt 0.9757628 0.839152
vt 0.02777778 0.7322766
vt 0.02423715 0.7322766
vt 0.02423715 0.839152
vt 0.02777778 0.839152
vt 1 0.8571429
vt 0.9722222 1
vt 0.9722222 0.8571429
vt 1 0.839152
vt 0.9444444 1
vt 0.9444444 0.8571429
vt 0.9166666 1
vt 0.9444444 0.839152
vt 0.9166666 0.8571429
vt 0.8888888 1
vt 0.9166666 0.839152
vt 0.8888888 0.8571429
vt 0.861111 1
vt 0.8888888 0.839152
vt 0.861111 0.8571429
vt 0.8333333 1
vt 0.861111 0.839152
vt 0.8333333 0.8571429
vt 0.8055556 1
vt 0.8333333 0.839152
vt 0.8055556 0.8571429
vt 0.7777778 1
vt 0.8055556 0.839152
vt 0.7777778 0.8571429
vt 0.75 1
vt 0.7777778 0.839152
vt 0.75 0.8571429
vt 0.7222222 1
vt 0.75 0.839152
vt 0.7222222 0.8571429
vt 0.6944444 1
vt 0.7222222 0.839152
vt 0.6944444 0.8571429
vt 0.6666666 1
vt 0.6944444 0.839152
vt 0.6666666 0.8571429
vt 0.6388888 1
vt 0.6666666 0.839152
vt 0.6388888 0.8571429
vt 0.611111 1
vt 0.6388888 0.839152
vt 0.611111 0.8571429
vt 0.5833333 1
vt 0.611111 0.839152
vt 0.5833333 0.8571429
vt 0.5555556 1
vt 0.5833333 0.839152
vt 0.5555556 0.8571429
vt 0.5277778 1
vt 0.5555556 0.839152
vt 0.5277778 0.8571429
vt 0.5277778 0.839152
vt 0.5 0.8571429
vt 0.4722222 1
vt 0.5 0.839152
vt 0.4722222 0.8571429
vt 0.4444444 1
vt 0.4722222 0.839152
vt 0.4444444 0.8571429
vt 0.4166666 1
vt 0.4444444 0.839152
vt 0.4166666 0.8571429
vt 0.3888889 1
vt 0.4166666 0.839152
vt 0.3888889 0.8571429
vt 0.3611111 1
vt 0.3888889 0.839152
vt 0.3611111 0.8571429
vt 0.3333333 1
vt 0.3611111 0.839152
vt 0.3333333 0.8571429
vt 0.3055555 1
vt 0.3333333 0.839152
vt 0.3055555 0.8571429
vt 0.2777778 1
vt 0.3055555 0.839152
vt 0.2777778 0.8571429
vt 0.25 1
vt 0.2777778 0.839152
vt 0.25 0.8571429
vt 0.2222222 1
vt 0.25 0.839152
vt 0.2222222 0.8571429
vt 0.1944444 1
vt 0.2222222 0.839152
vt 0.1944444 0.8571429
vt 0.1666667 1
vt 0.1944444 0.839152
vt 0.1666667 0.8571429
vt 0.1388889 1
vt 0.1666667 0.839152
vt 0.1388889 0.8571429
vt 0.1111111 1
vt 0.1388889 0.839152
vt 0.1111111 0.8571429
vt 0.08333333 1
vt 0.1111111 0.839152
vt 0.08333333 0.8571429
vt 0.05555555 1
vt 0.08333333 0.839152
vt 0.05555555 0.8571429
vt 0.02777778 1
vt 0.05555555 0.839152
vt 0.02777778 0.8571429
vt 0 0.8571429
vt 0 0.7142857
vt 0.02777778 0.7142857
vt 0.05555555 0.7142857
vt 0.05555555 0.7322766
vt 0.08333333 0.7142857
vt 0.08333333 0.7322766
vt 0.1111111 0.7142857
vt 0.1111111 0.7322766
vt 0.1388889 0.7142857
vt 0.1388889 0.7322766
vt 0.1666667 0.7142857
vt 0.1666667 0.7322766
vt 0.1944444 0.7142857
vt 0.1944444 0.7322766
vt 0.2222222 0.7142857
vt 0.2222222 0.7322766
vt 0.25 0.7142857
vt 0.25 0.7322766
vt 0.2777778 0.7142857
vt 0.2777778 0.7322766
vt 0.3055555 0.7142857
vt 0.3055555 0.7322766
vt 0.3333333 0.7142857
vt 0.3333333 0.7322766
vt 0.3611111 0.7142857
vt 0.3611111 0.7322766
vt 0.3888889 0.7142857
vt 0.3888889 0.7322766
vt 0.4166666 0.7142857
vt 0.4166666 0.7322766
vt 0.4444444 0.7142857
vt 0.4444444 0.7322766
vt 0.4722222 0.7142857
vt 0.4722222 0.7322766
vt 0.5 0.7142857
vt 0.5 0.7322766
vt 0.5277778 0.7142857
vt 0.5277778 0.7322766
vt 0.5555556 0.7142857
vt 0.5555556 0.7322766
vt 0.5833333 0.7142857
vt 0.5833333 0.7322766
vt 0.611111 0.7142857
vt 0.611111 0.7322766
vt 0.6388888 0.7142857
vt 0.6388888 0.7322766
vt 0.6666666 0.7142857
vt 0.6666666 0.7322766
vt 0.6944444 0.7142857
vt 0.6944444 0.7322766
vt 0.7222222 0.7142857
vt 0.7222222 0.7322766
vt 0.75 0.7142857
vt 0.75 0.7322766
vt 0.7777778 0.7142857
vt 0.7777778 0.7322766
vt 0.8055556 0.7142857
vt 0.8055556 0.7322766
vt 0.8333333 0.7142857
vt 0.8333333 0.7322766
vt 0.861111 0.7142857
vt 0.861111 0.7322766
vt 0.8888888 0.7142857
vt 0.8888888 0.7322766
vt 0.9166666 0.7142857
vt 0.9166666 0.7322766
vt 0.9444444 0.7142857
vt 0.9444444 0.7322766
vt 0.9722222 0.7142857
vt 1 0.7142857
vt 1 0.7322766
vt 1 0.6962949
vt 0.9444444 0.6962949
vt 0.9166666 0.6962949
vt 0.8888888 0.6962949
vt 0.861111 0.6962949
vt 0.8333333 0.6962949
vt 0.8055556 0.6962949
vt 0.7777778 0.6962949
vt 0.75 0.6962949
vt 0.7222222 0.6962949
vt 0.6944444 0.6962949
vt 0.6666666 0.6962949
vt 0.6388888 0.6962949
vt 0.611111 0.6962949
vt 0.5833333 0.6962949
vt 0.5555556 0.6962949
vt 0.5277778 0.6962949
vt 0.5 0.6962949
vt 0.4722222 0.6962949
vt 0.4444444 0.6962949
vt 0.4166666 0.6962949
vt 0.3888889 0.6962949
vt 0.3611111 0.6962949
vt 0.3333333 0.6962949
vt 0.3055555 0.6962949
vt 0.2777778 0.6962949
vt 0.25 0.6962949
vt 0.2222222 0.6962949
vt 0.1944444 0.6962949
vt 0.1666667 0.6962949
vt 0.1388889 0.6962949
vt 0.1111111 0.6962949
vt 0.08333333 0.6962949
vt 0.05555555 0.6962949
vt 0 0.5714286
vt 0.02777778 0.5714286
vt 0.05555555 0.5714286
vt 0.05555555 0.5894195
vt 0.08333333 0.5714286
vt 0.08333333 0.5894195
vt 0.1111111 0.5714286
vt 0.1111111 0.5894195
vt 0.1388889 0.5714286
vt 0.1388889 0.5894195
vt 0.1666667 0.5714286
vt 0.1666667 0.5894195
vt 0.1944444 0.5714286
vt 0.1944444 0.5894195
vt 0.2222222 0.5714286
vt 0.2222222 0.5894195
vt 0.25 0.5714286
vt 0.25 0.5894195
vt 0.2777778 0.5714286
vt 0.2777778 0.5894195
vt 0.3055555 0.5714286
vt 0.3055555 0.5894195
vt 0.3333333 0.5714286
vt 0.3333333 0.5894195
vt 0.3611111 0.5714286
vt 0.3611111 0.5894195
vt 0.3888889 0.5714286
vt 0.3888889 0.5894195
vt 0.4166666 0.5714286
vt 0.4166666 0.5894195
vt 0.4444444 0.5714286
vt 0.4444444 0.5894195
vt 0.4722222 0.5714286
vt 0.4722222 0.5894195
vt 0.5 0.5714286
vt 0.5 0.5894195
vt 0.5277778 0.5714286
vt 0.5277778 0.5894195
vt 0.5555556 0.5714286
vt 0.5555556 0.5894195
vt 0.5833333 0.5714286
vt 0.5833333 0.5894195
vt 0.611111 0.5714286
vt 0.611111 0.5894195
vt 0.6388888 0.5714286
vt 0.6388888 0.5894195
vt 0.6666666 0.5714286
vt 0.6666666 0.5894195
vt 0.6944444 0.5714286
vt 0.6944444 0.5894195
vt 0.7222222 0.5714286
vt 0.7222222 0.5894195
vt 0.75 0.5714286
vt 0.75 0.5894195
vt 0.7777778 0.5714286
vt 0.7777778 0.5894195
vt 0.8055556 0.5714286
vt 0.8055556 0.5894195
vt 0.8333333 0.5714286
vt 0.8333333 0.5894195
vt 0.861111 0.5714286
vt 0.861111 0.5894195
vt 0.8888888 0.5714286
vt 0.8888888 0.5894195
vt 0.9166666 0.5714286
vt 0.9166666 0.5894195
vt 0.9444444 0.5714286
vt 0.9444444 0.5894195
vt 0.9722222 0.5714286
vt 1 0.5714286
vt 1 0.5894195
vt 1 0.5534378
vt 0.9444444 0.5534378
vt 0.9166666 0.5534378
vt 0.8888888 0.5534378
vt 0.861111 0.5534378
vt 0.8333333 0.5534378
vt 0.8055556 0.5534378
vt 0.7777778 0.5534378
vt 0.75 0.5534378
vt 0.7222222 0.5534378
vt 0.6944444 0.5534378
vt 0.6666666 0.5534378
vt 0.6388888 0.5534378
vt 0.611111 0.5534378
vt 0.5833333 0.5534378
vt 0.5555556 0.5534378
vt 0.5277778 0.5534378
vt 0.5 0.5534378
vt 0.4722222 0.5534378
vt 0.4444444 0.5534378
vt 0.4166666 0.5534378
vt 0.3888889 0.5534378
vt 0.3611111 0.5534378
vt 0.3333333 0.5534378
vt 0.3055555 0.5534378
vt 0.2777778 0.5534378
vt 0.25 0.5534378
vt 0.2222222 0.5534378
vt 0.1944444 0.5534378
vt 0.1666667 0.5534378
vt 0.1388889 0.5534378
vt 0.1111111 0.5534378
vt 0.08333333 0.5534378
vt 0.05555555 0.5534378
vt 0 0.4285715
vt 0.02777778 0.4285715
vt 0.05555555 0.4285715
vt 0.05555555 0.4465623
vt 0.08333333 0.4285715
vt 0.08333333 0.4465623
vt 0.1111111 0.4285715
vt 0.1111111 0.4465623
vt 0.1388889 0.4285715
vt 0.1388889 0.4465623
vt 0.1666667 0.4285715
vt 0.1666667 0.4465623
vt 0.1944444 0.4285715
vt 0.1944444 0.4465623
vt 0.2222222 0.4285715
vt 0.2222222 0.4465623
vt 0.25 0.4285715
vt 0.25 0.4465623
vt 0.2777778 0.4285715
vt 0.2777778 0.4465623
vt 0.3055555 0.4285715
vt 0.3055555 0.4465623
vt 0.3333333 0.4285715
vt 0.3333333 0.4465623
vt 0.3611111 0.4285715
vt 0.3611111 0.4465623
vt 0.3888889 0.4285715
vt 0.3888889 0.4465623
vt 0.4166666 0.4285715
vt 0.4166666 0.4465623
vt 0.4444444 0.4285715
vt 0.4444444 0.4465623
vt 0.4722222 0.4285715
vt 0.4722222 0.4465623
vt 0.5 0.4285715
vt 0.5 0.4465623
vt 0.5277778 0.4285715
vt 0.5277778 0.4465623
vt 0.5555556 0.4285715
vt 0.5555556 0.4465623
vt 0.5833333 0.4285715
vt 0.5833333 0.4465623
vt 0.611111 0.4285715
vt 0.611111 0.4465623
vt 0.6388888 0.4285715
vt 0.6388888 0.4465623
vt 0.6666666 0.4285715
vt 0.6666666 0.4465623
vt 0.6944444 0.4285715
vt 0.6944444 0.4465623
vt 0.7222222 0.4285715
vt 0.7222222 0.4465623
vt 0.75 0.4285715
vt 0.75 0.4465623
vt 0.7777778 0.4285715
vt 0.7777778 0.4465623
vt 0.8055556 0.4285715
vt 0.8055556 0.4465623
vt 0.8333333 0.4285715
vt 0.8333333 0.4465623
vt 0.861111 0.4285715
vt 0.861111 0.4465623
vt 0.8888888 0.4285715
vt 0.8888888 0.4465623
vt 0.9166666 0.4285715
vt 0.9166666 0.4465623
vt 0.9444444 0.4285715
vt 0.9444444 0.4465623
vt 0.9722222 0.4285715
vt 1 0.4285715
vt 1 0.4465623
vt 1 0.4105806
vt 0.9444444 0.4105806
vt 0.9166666 0.4105806
vt 0.8888888 0.4105806
vt 0.861111 0.4105806
vt 0.8333333 0.4105806
vt 0.8055556 0.4105806
vt 0.7777778 0.4105806
vt 0.75 0.4105806
vt 0.7222222 0.4105806
vt 0.6944444 0.4105806
vt 0.6666666 0.4105806
vt 0.6388888 0.4105806
vt 0.611111 0.4105806
vt 0.5833333 0.4105806
vt 0.5555556 0.4105806
vt 0.5277778 0.4105806
vt 0.5 0.4105806
vt 0.4722222 0.4105806
vt 0.4444444 0.4105806
vt 0.4166666 0.4105806
vt 0.3888889 0.4105806
vt 0.3611111 0.4105806
vt 0.3333333 0.4105806
vt 0.3055555 0.4105806
vt 0.2777778 0.4105806
vt 0.25 0.4105806
vt 0.2222222 0.4105806
vt 0.1944444 0.4105806
vt 0.1666667 0.4105806
vt 0.1388889 0.4105806
vt 0.1111111 0.4105806
vt 0.08333333 0.4105806
vt 0.05555555 0.4105806
vt 0 0.2857143
vt 0.02777778 0.2857143
vt 0.05555555 0.2857143
vt 0.05555555 0.3037051
vt 0.08333333 0.2857143
vt 0.08333333 0.3037051
vt 0.1111111 0.2857143
vt 0.1111111 0.3037051
vt 0.1388889 0.2857143
vt 0.1388889 0.3037051
vt 0.1666667 0.2857143
vt 0.1666667 0.3037051
vt 0.1944444 0.2857143
vt 0.1944444 0.3037051
vt 0.2222222 0.2857143
vt 0.2222222 0.3037051
vt 0.25 0.2857143
vt 0.25 0.3037051
vt 0.2777778 0.2857143
vt 0.2777778 0.3037051
vt 0.3055555 0.2857143
vt 0.3055555 0.3037051
vt 0.3333333 0.2857143
vt 0.3333333 0.3037051
vt 0.3611111 0.2857143
vt 0.3611111 0.3037051
vt 0.3888889 0.2857143
vt 0.3888889 0.3037051
vt 0.4166666 0.2857143
vt 0.4166666 0.3037051
vt 0.4444444 0.2857143
vt 0.4444444 0.3037051
vt 0.4722222 0.2857143
vt 0.4722222 0.3037051
vt 0.5 0.2857143
vt 0.5 0.3037051
vt 0.5277778 0.2857143
vt 0.5277778 0.3037051
vt 0.5555556 0.2857143
vt 0.5555556 0.3037051
vt 0.5833333 0.2857143
vt 0.5833333 0.3037051
vt 0.611111 0.2857143
vt 0.611111 0.3037051
vt 0.6388888 0.2857143
vt 0.6388888 0.3037051
vt 0.6666666 0.2857143
vt 0.6666666 0.3037051
vt 0.6944444 0.2857143
vt 0.6944444 0.3037051
vt 0.7222222 0.2857143
vt 0.7222222 0.3037051
vt 0.75 0.2857143
vt 0.75 0.3037051
vt 0.7777778 0.2857143
vt 0.7777778 0.3037051
vt 0.8055556 0.2857143
vt 0.8055556 0.3037051
vt 0.8333333 0.2857143
vt 0.8333333 0.3037051
vt 0.861111 0.2857143
vt 0.861111 0.3037051
vt 0.8888888 0.2857143
vt 0.8888888 0.3037051
vt 0.9166666 0.2857143
vt 0.9166666 0.3037051
vt 0.9444444 0.2857143
vt 0.9444444 0.3037051
vt 0.9722222 0.2857143
vt 1 0.2857143
vt 1 0.3037051
vt 1 0.2677234
vt 0.9444444 0.2677234
vt 0.9166666 0.2677234
vt 0.8888888 0.2677234
vt 0.861111 0.2677234
vt 0.8333333 0.2677234
vt 0.8055556 0.2677234
vt 0.7777778 0.2677234
vt 0.75 0.2677234
vt 0.7222222 0.2677234
vt 0.6944444 0.2677234
vt 0.6666666 0.2677234
vt 0.6388888 0.2677234
vt 0.611111 0.2677234
vt 0.5833333 0.2677234
vt 0.5555556 0.2677234
vt 0.5277778 0.2677234
vt 0.5 0.2677234
vt 0.4722222 0.2677234
vt 0.4444444 0.2677234
vt 0.4166666 0.2677234
vt 0.3888889 0.2677234
vt 0.3611111 0.2677234
vt 0.3333333 0.2677234
vt 0.3055555 0.2677234
vt 0.2777778 0.2677234
vt 0.25 0.2677234
vt 0.2222222 0.2677234
vt 0.1944444 0.2677234
vt 0.1666667 0.2677234
vt 0.1388889 0.2677234
vt 0.1111111 0.2677234
vt 0.08333333 0.2677234
vt 0.05555555 0.2677234
vt 0 0.1428572
vt 0.02777778 0.1428572
vt 0.05555555 0.1428572
vt 0.05555555 0.160848
vt 0.08333333 0.1428572
vt 0.08333333 0.160848
vt 0.1111111 0.1428572
vt 0.1111111 0.160848
vt 0.1388889 0.1428572
vt 0.1388889 0.160848
vt 0.1666667 0.1428572
vt 0.1666667 0.160848
vt 0.1944444 0.1428572
vt 0.1944444 0.160848
vt 0.2222222 0.1428572
vt 0.2222222 0.160848
vt 0.25 0.1428572
vt 0.25 0.160848
vt 0.2777778 0.1428572
vt 0.2777778 0.160848
vt 0.3055555 0.1428572
vt 0.3055555 0.160848
vt 0.3333333 0.1428572
vt 0.3333333 0.160848
vt 0.3611111 0.1428572
vt 0.3611111 0.160848
vt 0.3888889 0.1428572
vt 0.3888889 0.160848
vt 0.4166666 0.1428572
vt 0.4166666 0.160848
vt 0.4444444 0.1428572
vt 0.4444444 0.160848
vt 0.4722222 0.1428572
vt 0.4722222 0.160848
vt 0.5 0.1428572
vt 0.5 0.160848
vt 0.5277778 0.1428572
vt 0.5277778 0.160848
vt 0.5555556 0.1428572
vt 0.5555556 0.160848
vt 0.5833333 0.1428572
vt 0.5833333 0.160848
vt 0.611111 0.1428572
vt 0.611111 0.160848
vt 0.6388888 0.1428572
vt 0.6388888 0.160848
vt 0.6666666 0.1428572
vt 0.6666666 0.160848
vt 0.6944444 0.1428572
vt 0.6944444 0.160848
vt 0.7222222 0.1428572
vt 0.7222222 0.160848
vt 0.75 0.1428572
vt 0.75 0.160848
vt 0.7777778 0.1428572
vt 0.7777778 0.160848
vt 0.8055556 0.1428572
vt 0.8055556 0.160848
vt 0.8333333 0.1428572
vt 0.8333333 0.160848
vt 0.861111 0.1428572
vt 0.861111 0.160848
vt 0.8888888 0.1428572
vt 0.8888888 0.160848
vt 0.9166666 0.1428572
vt 0.9166666 0.160848
vt 0.9444444 0.1428572
vt 0.9444444 0.160848
vt 0.9722222 0.1428572
vt 1 0.1428572
vt 1 0.160848
vt 1 0.135433
vt 0.9722222 0.135433
vt 0.9444444 0.135433
vt 0.9166666 0.135433
vt 0.8888888 0.135433
vt 0.861111 0.135433
vt 0.8333333 0.135433
vt 0.8055556 0.135433
vt 0.7777778 0.135433
vt 0.75 0.135433
vt 0.7222222 0.135433
vt 0.6944444 0.135433
vt 0.6666666 0.135433
vt 0.6388888 0.135433
vt 0.611111 0.135433
vt 0.5833333 0.135433
vt 0.5555556 0.135433
vt 0.5277778 0.135433
vt 0.5 0.135433
vt 0.4722222 0.135433
vt 0.4444444 0.135433
vt 0.4166666 0.135433
vt 0.3888889 0.135433
vt 0.3611111 0.135433
vt 0.3333333 0.135433
vt 0.3055555 0.135433
vt 0.2777778 0.135433
vt 0.25 0.135433
vt 0.2222222 0.135433
vt 0.1944444 0.135433
vt 0.1666667 0.135433
vt 0.1388889 0.135433
vt 0.1111111 0.135433
vt 0.08333333 0.135433
vt 0.05555555 0.135433
vt 0.02777778 0.135433
vt 0.02423715 0.1354331
vt 0 0.08390462
vt 0.02423715 0.09132898
vt 0.02777778 0.08390462
vt 0.02777778 0.09132886
vt 0.05555555 0.08390462
vt 0.05555555 0.09132886
vt 0.08333333 0.08390462
vt 0.08333333 0.09132886
vt 0.1111111 0.08390462
vt 0.1111111 0.09132886
vt 0.1388889 0.08390462
vt 0.1388889 0.09132886
vt 0.1666667 0.08390462
vt 0.1666667 0.09132886
vt 0.1944444 0.08390462
vt 0.1944444 0.09132886
vt 0.2222222 0.08390462
vt 0.2222222 0.09132886
vt 0.25 0.08390462
vt 0.25 0.09132886
vt 0.2777778 0.08390462
vt 0.2777778 0.09132886
vt 0.3055555 0.08390462
vt 0.3055555 0.09132886
vt 0.3333333 0.08390462
vt 0.3333333 0.09132886
vt 0.3611111 0.08390462
vt 0.3611111 0.09132886
vt 0.3888889 0.08390462
vt 0.3888889 0.09132886
vt 0.4166666 0.08390462
vt 0.4166666 0.09132886
vt 0.4444444 0.08390462
vt 0.4444444 0.09132886
vt 0.4722222 0.08390462
vt 0.4722222 0.09132886
vt 0.5 0.08390462
vt 0.5 0.09132886
vt 0.5277778 0.08390462
vt 0.5277778 0.09132886
vt 0.5555556 0.08390462
vt 0.5555556 0.09132886
vt 0.5833333 0.08390462
vt 0.5833333 0.09132886
vt 0.611111 0.08390462
vt 0.611111 0.09132886
vt 0.6388888 0.08390462
vt 0.6388888 0.09132886
vt 0.6666666 0.08390462
vt 0.6666666 0.09132886
vt 0.6944444 0.08390462
vt 0.6944444 0.09132886
vt 0.7222222 0.08390462
vt 0.7222222 0.09132886
vt 0.75 0.08390462
vt 0.75 0.09132886
vt 0.7777778 0.08390462
vt 0.7777778 0.09132886
vt 0.8055556 0.08390462
vt 0.8055556 0.09132886
vt 0.8333333 0.08390462
vt 0.8333333 0.09132886
vt 0.861111 0.08390462
vt 0.861111 0.09132886
vt 0.8888888 0.08390462
vt 0.8888888 0.09132886
vt 0.9166666 0.08390462
vt 0.9166666 0.09132886
vt 0.9444444 0.08390462
vt 0.9444444 0.09132886
vt 0.9722222 0.08390462
vt 0.9722222 0.09132886
vt 1 0.08390462
vt 1 0.09132886
vt 0.8571429 0
vt 0.8571429 1
vt 0.839152 0
vt 0.839152 1
vt 0 0.839152
vt 0 0.7322766
vt 0 0.6962949
vt 0 0.5894195
vt 0 0.5534378
vt 0 0.4465623
vt 0 0.4105806
vt 0 0.3037051
vt 0 0.2677234
vt 0 0.160848
vt 0 0.135433
vt 0.9757628 0.1354331
vt 0.9757628 0.09132898
vt 0 0.09132886
vt 0.1428571 1
vt 0.1428571 0
vt 0.2857143 1
vt 0.2857143 0
vt 0.4285714 1
vt 0.4285714 0
vt 0.5714286 1
vt 0.5714286 0
vt 0.7142857 1
vt 0.7142857 0
vt 0.9160955 1
vt 0.9160955 0
vt 0.7322766 1
vt 0.7322766 0
vt 0.6962949 0
vt 0.6962949 1
vt 0.5894195 1
vt 0.5894195 0
vt 0.5534378 0
vt 0.5534378 1
vt 0.4465623 1
vt 0.4465623 0
vt 0.4105806 0
vt 0.4105806 1
vt 0.3037052 1
vt 0.3037052 0
vt 0.2677235 0
vt 0.2677235 1
vt 0.160848 1
vt 0.160848 0
vt 0.1354329 0
vt 0.1354329 1
vt 0.09132877 1
vt 0.09132877 0
vt 0.08390452 0
vt 0.08390452 1
vt 0.01095394 0.02262843
vt 0.989046 0.02262843
vt 0.01095394 0.5
vt 0.99007 0.5064001
vt 0.01307693 0.9713967
vt 0.9820046 0.9713967
vt 0.9710354 0.01623094
vt 0.9710354 0.2337691
vt 0.02896469 0.01623094
vt 0.02896469 0.2337691
vt 0 0.4984633
vt 1 0.4984633
vt 0.7772362 1
vt 0 0.375
vt 1 0.375
vt 1 0.625
vt 0 0.75
vt 1 0.75
vt 0 0.875
vt 1 0.875
vt 0.5 0.625
vt 0.5 0.75
vt 0.5 0.875
vt 0.025 0.96
vt 0.025 0.04000008
vt 0.475 0.96
vt 0.475 0.04000008
vt 0.975 0.96
vt 0.525 0.96
vt 0.9749999 0.04000008
vt 0.525 0.04000008

vn -1.224647E-15 10 -1.224647E-15
vn -1.224647E-15 -1.224647E-15 -10
vn -6.969213 -1.731735E-15 -7.171478
vn 1.224647E-15 1.224647E-15 10
vn 10 1.224647E-15 -1.224647E-15
vn 1.224647E-15 -10 1.224647E-15
vn -10 -1.224647E-15 1.224647E-15
vn 6.969213 1.731735E-15 7.171478
vn -6.695143 -1.729585E-15 -7.427992
vn -0.8715582 -1.326722E-15 -9.961946
vn -0.2181481 -1.251071E-15 -9.99762
vn -1.736483 -1.4187E-15 -9.848078
vn -2.588189 -1.49988E-15 -9.65926
vn -3.420199 -1.569645E-15 -9.396927
vn -4.226182 -1.627465E-15 -9.063079
vn -5 -1.672899E-15 -8.660254
vn -5.735762 -1.7056E-15 -8.191522
vn -6.427874 -1.725322E-15 -7.660446
vn -7.071078 -1.731912E-15 -7.071057
vn -7.660451 -1.725321E-15 -6.427867
vn -8.191513 -1.705601E-15 -5.735775
vn -8.660251 -1.672899E-15 -5.000006
vn -9.063081 -1.627465E-15 -4.226177
vn -9.238797 -1.600078E-15 -3.82683
vn -9.346163 -1.58013E-15 -3.556577
vn -9.39693 -1.569645E-15 -3.420192
vn -9.659259 -1.49988E-15 -2.588191
vn -9.848074 -1.418702E-15 -1.736504
vn -9.961946 -1.326722E-15 -0.871565
vn -9.961946 -1.113251E-15 0.871565
vn -9.848074 -9.93381E-16 1.736503
vn -9.659259 -8.659562E-16 2.58819
vn -9.346163 -7.090197E-16 3.556578
vn -9.396929 -7.31939E-16 3.420193
vn -9.063081 -5.923499E-16 4.226177
vn -9.238797 -6.627748E-16 3.826831
vn -8.660251 -4.482507E-16 5.000006
vn -8.191511 -3.007408E-16 5.735777
vn -7.66045 -1.509477E-16 6.427869
vn -7.071082 -3.441071E-21 7.071054
vn -6.427875 1.509463E-16 7.660446
vn -5.735761 3.007441E-16 8.191523
vn -5 4.482519E-16 8.660254
vn -4.226175 5.9235E-16 9.063081
vn -3.420197 7.319384E-16 9.396928
vn -2.588189 8.659565E-16 9.65926
vn -1.736488 9.933831E-16 9.848076
vn -0.8715659 1.113251E-15 9.961946
vn -0.2181503 1.19764E-15 9.99762
vn 0.8715659 1.326723E-15 9.961946
vn 0.2181503 1.251071E-15 9.99762
vn 1.736488 1.4187E-15 9.848076
vn 2.588189 1.49988E-15 9.65926
vn 3.420197 1.569645E-15 9.396928
vn 4.226175 1.627465E-15 9.063081
vn 5 1.672899E-15 8.660254
vn 5.735761 1.7056E-15 8.191523
vn 6.427875 1.725322E-15 7.660446
vn 7.071082 1.731912E-15 7.071054
vn 7.66045 1.725322E-15 6.427869
vn 8.191511 1.705601E-15 5.735777
vn 8.660251 1.672899E-15 5.000006
vn 9.063081 1.627465E-15 4.226177
vn 9.396929 1.569645E-15 3.420193
vn 9.659259 1.49988E-15 2.58819
vn 9.848074 1.418701E-15 1.736503
vn 9.961946 1.326722E-15 0.871565
vn 9.961946 1.113251E-15 -0.8715651
vn 9.848074 9.933809E-16 -1.736504
vn 9.659259 8.659561E-16 -2.588191
vn 9.39693 7.319392E-16 -3.420192
vn 9.063081 5.923499E-16 -4.226177
vn 8.660251 4.482507E-16 -5.000006
vn 8.191513 3.007412E-16 -5.735775
vn 7.660451 1.509481E-16 -6.427867
vn 7.071078 2.541099E-21 -7.071057
vn 6.427874 -1.509466E-16 -7.660446
vn 5.735762 -3.007439E-16 -8.191522
vn 5 -4.482519E-16 -8.660254
vn 4.226182 -5.923491E-16 -9.063079
vn 3.420199 -7.319381E-16 -9.396927
vn 2.588189 -8.659565E-16 -9.65926
vn 1.736483 -9.933837E-16 -9.848078
vn 0.8715582 -1.113252E-15 -9.961946
vn 0.2181481 -1.19764E-15 -9.99762
vn 5.000001 1.672899E-15 8.660254
vn 9.848075 1.418701E-15 1.736495
vn 9.848075 9.93382E-16 -1.736495
vn -9.848075 -9.93382E-16 1.736495
vn -9.848075 -1.418701E-15 -1.736495
vn 0.4362075 -1.170061E-15 -9.990481
vn -0.4362075 -1.276901E-15 -9.990481
vn -0.2617744 -1.411868E-06 -9.996573
vn -0.3116264 -7.513624E-07 -9.995143
vn -0.3272035 4.498769E-07 -9.994645
vn 0.290857 -2.999287E-07 -9.995769
vn 0.3116264 7.513624E-07 -9.995143
vn 9.990482 1.2769E-15 0.4362
vn -9.990482 -1.170062E-15 0.4362
vn 9.346162 1.58013E-15 3.556581
vn 9.238791 1.600079E-15 3.826844
vn 9.346162 7.090192E-16 -3.556581
vn 9.238792 6.627726E-16 -3.826843
vn -8.660258 -4.482532E-16 4.999993
vn 8.660258 1.672898E-15 4.999993
vn 5.000004 -4.482512E-16 -8.660253
vn 0.2677438 -9.996059 0.08441861
vn 0.2709131 -9.996066 0.07259084
vn 0.2762091 -9.996066 0.04870392
vn 0.2794022 -9.996066 0.02444446
vn 0.2804694 -9.996066 8.207287E-08
vn 0.2794019 -9.996066 -0.0244448
vn 0.2762091 -9.996066 -0.04870343
vn 0.270913 -9.996066 -0.07259109
vn 0.2677437 -9.996059 -0.08441859
vn 6.695144 1.729585E-15 7.427991

usemtl white
f 21/2/6 22/6/6 25/11/6
f 22/6/6 31/12/6 25/11/6
f 45/2/6 46/6/6 49/11/6
f 46/6/6 55/12/6 49/11/6
f 69/2/6 70/6/6 73/11/6
f 70/6/6 79/12/6 73/11/6
f 93/2/6 94/6/6 97/11/6
f 94/6/6 103/12/6 97/11/6
f 117/2/6 118/6/6 121/11/6
f 118/6/6 127/12/6 121/11/6
f 141/2/6 142/6/6 145/11/6
f 142/6/6 151/12/6 145/11/6
f 165/2/6 166/6/6 169/11/6
f 166/6/6 174/12/6 169/11/6
f 204/33/6 200/29/6 205/34/6
f 231/60/6 200/29/6 232/61/6
f 234/63/6 200/29/6 235/64/6
f 235/64/6 200/29/6 236/65/6
f 347/60/6 342/29/6 346/61/6
f 374/33/6 342/29/6 373/34/6
f 377/28/6 342/29/6 376/31/6
f 378/30/6 342/29/6 377/28/6
f 824/364/93 826/365/94 825/258/92
f 826/365/94 827/257/92 825/258/92
f 826/365/94 937/470/94 936/250/92
f 937/470/94 938/249/92 936/250/92
f 937/470/94 1048/575/94 1047/242/92
f 1048/575/94 1049/241/92 1047/242/92
f 1048/575/94 1159/680/94 1158/234/92
f 1159/680/94 1160/233/92 1158/234/92
f 1159/680/94 1270/785/94 1269/226/92
f 1270/785/94 1271/225/92 1269/226/92
f 1270/785/94 1381/893/95 1380/892/92
f 1381/893/95 1382/894/92 1380/892/92
f 1457/260/96 1528/255/91 1529/252/91
f 1530/434/97 1457/260/96 1529/252/91
f 1530/434/97 1639/247/91 1640/244/91
f 1641/539/97 1530/434/97 1640/244/91
f 1641/539/97 1750/239/91 1751/236/91
f 1752/644/97 1641/539/97 1751/236/91
f 1752/644/97 1861/231/91 1862/228/91
f 1863/749/97 1752/644/97 1862/228/91
f 1863/749/97 1972/223/91 1973/220/91
f 1974/854/97 1863/749/97 1973/220/91
f 1974/854/97 2083/982/91 2084/983/91
f 2085/965/96 1974/854/97 2084/983/91
f 188/26/2 3307/21/2 3305/1028/2
f 3307/21/2 3308/1030/2 3305/1028/2
f 3/3/1 2/2/1 1/1/1
f 1/1/1 4/4/1 3/3/1
f 7/6/2 6/5/2 5/3/2
f 5/3/2 8/2/2 7/6/2
f 11/6/2 10/5/2 9/3/2
f 9/3/2 12/2/2 11/6/2
f 15/6/2 14/5/2 13/3/2
f 13/3/2 16/2/2 15/6/2
f 19/6/2 18/5/2 17/3/2
f 17/3/2 20/2/2 19/6/2
f 23/6/2 22/5/2 21/3/2
f 21/3/2 24/2/2 23/6/2
f 24/6/3 21/5/3 25/7/3
f 25/7/3 26/8/3 24/6/3
f 29/6/4 28/5/4 27/3/4
f 27/3/4 30/2/4 29/6/4
f 23/2/5 32/9/5 31/7/5
f 31/7/5 22/3/5 23/2/5
f 27/5/5 31/7/5 32/10/5
f 32/10/5 30/6/5 27/5/5
f 28/3/6 25/11/6 31/12/6
f 31/12/6 27/5/6 28/3/6
f 29/2/7 26/13/7 25/7/7
f 25/7/7 28/3/7 29/2/7
f 35/15/7 34/15/7 33/14/7
f 33/14/7 36/14/7 35/15/7
f 36/14/7 33/14/7 37/16/7
f 37/16/7 38/16/7 36/14/7
f 40/17/4 39/17/4 34/15/4
f 34/15/4 35/15/4 40/17/4
f 42/18/8 41/18/8 39/17/8
f 39/17/8 40/17/8 42/18/8
f 44/19/5 43/19/5 41/18/5
f 41/18/5 42/18/5 44/19/5
f 38/16/2 37/16/2 43/19/2
f 43/19/2 44/19/2 38/16/2
f 47/6/2 46/5/2 45/3/2
f 45/3/2 48/2/2 47/6/2
f 48/6/3 45/5/3 49/7/3
f 49/7/3 50/8/3 48/6/3
f 53/6/4 52/5/4 51/3/4
f 51/3/4 54/2/4 53/6/4
f 47/2/5 56/9/5 55/7/5
f 55/7/5 46/3/5 47/2/5
f 51/5/5 55/7/5 56/10/5
f 56/10/5 54/6/5 51/5/5
f 59/14/1 58/15/1 57/17/1
f 57/17/1 60/18/1 59/14/1
f 61/16/1 59/14/1 60/18/1
f 60/18/1 62/19/1 61/16/1
f 52/3/6 49/11/6 55/12/6
f 55/12/6 51/5/6 52/3/6
f 53/2/7 50/13/7 49/7/7
f 49/7/7 52/3/7 53/2/7
f 63/15/7 58/15/7 59/14/7
f 59/14/7 64/14/7 63/15/7
f 64/14/7 59/14/7 61/16/7
f 61/16/7 65/16/7 64/14/7
f 66/17/4 57/17/4 58/15/4
f 58/15/4 63/15/4 66/17/4
f 67/18/8 60/18/8 57/17/8
f 57/17/8 66/17/8 67/18/8
f 68/19/5 62/19/5 60/18/5
f 60/18/5 67/18/5 68/19/5
f 65/16/2 61/16/2 62/19/2
f 62/19/2 68/19/2 65/16/2
f 71/6/2 70/5/2 69/3/2
f 69/3/2 72/2/2 71/6/2
f 72/6/3 69/5/3 73/7/3
f 73/7/3 74/8/3 72/6/3
f 77/6/4 76/5/4 75/3/4
f 75/3/4 78/2/4 77/6/4
f 71/2/5 80/9/5 79/7/5
f 79/7/5 70/3/5 71/2/5
f 75/5/5 79/7/5 80/10/5
f 80/10/5 78/6/5 75/5/5
f 83/14/1 82/15/1 81/17/1
f 81/17/1 84/18/1 83/14/1
f 85/16/1 83/14/1 84/18/1
f 84/18/1 86/19/1 85/16/1
f 76/3/6 73/11/6 79/12/6
f 79/12/6 75/5/6 76/3/6
f 77/2/7 74/13/7 73/7/7
f 73/7/7 76/3/7 77/2/7
f 87/15/7 82/15/7 83/14/7
f 83/14/7 88/14/7 87/15/7
f 88/14/7 83/14/7 85/16/7
f 85/16/7 89/16/7 88/14/7
f 90/17/4 81/17/4 82/15/4
f 82/15/4 87/15/4 90/17/4
f 91/18/8 84/18/8 81/17/8
f 81/17/8 90/17/8 91/18/8
f 92/19/5 86/19/5 84/18/5
f 84/18/5 91/18/5 92/19/5
f 89/16/2 85/16/2 86/19/2
f 86/19/2 92/19/2 89/16/2
f 95/6/2 94/5/2 93/3/2
f 93/3/2 96/2/2 95/6/2
f 96/6/3 93/5/3 97/7/3
f 97/7/3 98/8/3 96/6/3
f 101/6/4 100/5/4 99/3/4
f 99/3/4 102/2/4 101/6/4
f 95/2/5 104/9/5 103/7/5
f 103/7/5 94/3/5 95/2/5
f 99/5/5 103/7/5 104/10/5
f 104/10/5 102/6/5 99/5/5
f 107/14/1 106/15/1 105/17/1
f 105/17/1 108/18/1 107/14/1
f 109/16/1 107/14/1 108/18/1
f 108/18/1 110/19/1 109/16/1
f 100/3/6 97/11/6 103/12/6
f 103/12/6 99/5/6 100/3/6
f 101/2/7 98/13/7 97/7/7
f 97/7/7 100/3/7 101/2/7
f 111/15/7 106/15/7 107/14/7
f 107/14/7 112/14/7 111/15/7
f 112/14/7 107/14/7 109/16/7
f 109/16/7 113/16/7 112/14/7
f 114/17/4 105/17/4 106/15/4
f 106/15/4 111/15/4 114/17/4
f 115/18/8 108/18/8 105/17/8
f 105/17/8 114/17/8 115/18/8
f 116/19/5 110/19/5 108/18/5
f 108/18/5 115/18/5 116/19/5
f 113/16/2 109/16/2 110/19/2
f 110/19/2 116/19/2 113/16/2
f 119/6/2 118/5/2 117/3/2
f 117/3/2 120/2/2 119/6/2
f 120/6/3 117/5/3 121/7/3
f 121/7/3 122/8/3 120/6/3
f 125/6/4 124/5/4 123/3/4
f 123/3/4 126/2/4 125/6/4
f 119/2/5 128/9/5 127/7/5
f 127/7/5 118/3/5 119/2/5
f 123/5/5 127/7/5 128/10/5
f 128/10/5 126/6/5 123/5/5
f 131/14/1 130/15/1 129/17/1
f 129/17/1 132/18/1 131/14/1
f 133/16/1 131/14/1 132/18/1
f 132/18/1 134/19/1 133/16/1
f 124/3/6 121/11/6 127/12/6
f 127/12/6 123/5/6 124/3/6
f 125/2/7 122/13/7 121/7/7
f 121/7/7 124/3/7 125/2/7
f 135/15/7 130/15/7 131/14/7
f 131/14/7 136/14/7 135/15/7
f 136/14/7 131/14/7 133/16/7
f 133/16/7 137/16/7 136/14/7
f 138/17/4 129/17/4 130/15/4
f 130/15/4 135/15/4 138/17/4
f 139/18/8 132/18/8 129/17/8
f 129/17/8 138/17/8 139/18/8
f 140/19/5 134/19/5 132/18/5
f 132/18/5 139/18/5 140/19/5
f 137/16/2 133/16/2 134/19/2
f 134/19/2 140/19/2 137/16/2
f 143/6/2 142/5/2 141/3/2
f 141/3/2 144/2/2 143/6/2
f 144/6/3 141/5/3 145/7/3
f 145/7/3 146/8/3 144/6/3
f 149/6/4 148/5/4 147/3/4
f 147/3/4 150/2/4 149/6/4
f 143/2/5 152/9/5 151/7/5
f 151/7/5 142/3/5 143/2/5
f 147/5/5 151/7/5 152/10/5
f 152/10/5 150/6/5 147/5/5
f 155/14/1 154/15/1 153/17/1
f 153/17/1 156/18/1 155/14/1
f 157/16/1 155/14/1 156/18/1
f 156/18/1 158/19/1 157/16/1
f 148/3/6 145/11/6 151/12/6
f 151/12/6 147/5/6 148/3/6
f 149/2/7 146/13/7 145/7/7
f 145/7/7 148/3/7 149/2/7
f 159/15/7 154/15/7 155/14/7
f 155/14/7 160/14/7 159/15/7
f 160/14/7 155/14/7 157/16/7
f 157/16/7 161/16/7 160/14/7
f 162/17/4 153/17/4 154/15/4
f 154/15/4 159/15/4 162/17/4
f 163/18/8 156/18/8 153/17/8
f 153/17/8 162/17/8 163/18/8
f 164/19/5 158/19/5 156/18/5
f 156/18/5 163/18/5 164/19/5
f 161/16/2 157/16/2 158/19/2
f 158/19/2 164/19/2 161/16/2
f 167/6/2 166/5/2 165/3/2
f 165/3/2 168/2/2 167/6/2
f 168/6/3 165/5/3 169/7/3
f 169/7/3 170/8/3 168/6/3
f 2/6/4 172/5/4 171/3/4
f 171/3/4 173/2/4 2/6/4
f 167/2/5 175/9/5 174/7/5
f 174/7/5 166/3/5 167/2/5
f 171/5/5 174/7/5 175/10/5
f 175/10/5 173/6/5 171/5/5
f 178/14/1 177/15/1 176/17/1
f 176/17/1 179/18/1 178/14/1
f 180/16/1 178/14/1 179/18/1
f 179/18/1 181/19/1 180/16/1
f 172/3/6 169/11/6 174/12/6
f 174/12/6 171/5/6 172/3/6
f 2/2/1 3/2/1 4/19/1
f 4/19/1 1/19/1 2/2/1
f 182/15/1 167/5/1 168/3/1
f 168/3/1 183/17/1 182/15/1
f 183/17/1 168/3/1 170/11/1
f 170/11/1 184/18/1 183/17/1
f 184/18/1 170/11/1 2/2/1
f 2/2/1 1/19/1 184/18/1
f 2/2/7 170/13/7 169/7/7
f 169/7/7 172/3/7 2/2/7
f 182/15/7 177/15/7 178/14/7
f 178/14/7 185/14/7 182/15/7
f 185/14/7 178/14/7 180/16/7
f 180/16/7 186/16/7 185/14/7
f 183/17/4 176/17/4 177/15/4
f 177/15/4 182/15/4 183/17/4
f 184/18/8 179/18/8 176/17/8
f 176/17/8 183/17/8 184/18/8
f 1/19/5 181/19/5 179/18/5
f 179/18/5 184/18/5 1/19/5
f 186/16/2 180/16/2 181/19/2
f 181/19/2 1/19/2 186/16/2
f 187/20/9 189/9/9 188/21/9
f 188/21/9 190/22/9 187/20/9
f 190/22/9 188/21/9 191/5/9
f 191/5/9 192/23/9 190/22/9
f 192/23/9 191/5/9 193/7/9
f 193/7/9 194/24/9 192/23/9
f 189/9/7 187/20/7 195/25/7
f 195/25/7 196/26/7 189/9/7
f 196/26/7 195/25/7 197/27/7
f 197/27/7 198/3/7 196/26/7
f 198/3/7 197/27/7 194/24/7
f 194/24/7 193/7/7 198/3/7
f 199/28/6 201/30/6 200/29/6
f 200/29/6 202/31/6 199/28/6
f 203/32/6 202/31/6 200/29/6
f 200/29/6 204/33/6 203/32/6
f 206/35/6 205/34/6 200/29/6
f 200/29/6 207/36/6 206/35/6
f 208/37/6 207/36/6 200/29/6
f 200/29/6 209/38/6 208/37/6
f 210/39/6 209/38/6 200/29/6
f 200/29/6 211/40/6 210/39/6
f 212/41/6 211/40/6 200/29/6
f 200/29/6 213/42/6 212/41/6
f 214/43/6 213/42/6 200/29/6
f 200/29/6 215/44/6 214/43/6
f 216/45/6 215/44/6 200/29/6
f 200/29/6 217/46/6 216/45/6
f 218/47/6 217/46/6 200/29/6
f 200/29/6 219/48/6 218/47/6
f 220/49/6 219/48/6 200/29/6
f 200/29/6 221/50/6 220/49/6
f 222/51/6 221/50/6 200/29/6
f 200/29/6 223/52/6 222/51/6
f 224/53/6 223/52/6 200/29/6
f 200/29/6 225/54/6 224/53/6
f 226/55/6 225/54/6 200/29/6
f 200/29/6 227/56/6 226/55/6
f 228/57/6 227/56/6 200/29/6
f 200/29/6 229/58/6 228/57/6
f 230/59/6 229/58/6 200/29/6
f 200/29/6 231/60/6 230/59/6
f 233/62/6 232/61/6 200/29/6
f 200/29/6 234/63/6 233/62/6
f 239/67/11 238/5/11 237/66/10
f 237/66/10 240/68/10 239/67/11
f 241/69/11 239/67/11 240/68/10
f 240/68/10 243/71/10 241/69/11
f 240/68/10 237/66/10 242/70/12
f 242/70/12 244/72/12 240/68/10
f 243/71/10 240/68/10 244/72/12
f 244/72/12 246/74/12 243/71/10
f 244/72/12 242/70/12 245/73/13
f 245/73/13 247/75/13 244/72/12
f 246/74/12 244/72/12 247/75/13
f 247/75/13 249/77/13 246/74/12
f 247/75/13 245/73/13 248/76/14
f 248/76/14 250/78/14 247/75/13
f 249/77/13 247/75/13 250/78/14
f 250/78/14 252/80/14 249/77/13
f 250/78/14 248/76/14 251/79/15
f 251/79/15 253/81/15 250/78/14
f 252/80/14 250/78/14 253/81/15
f 253/81/15 255/83/15 252/80/14
f 253/81/15 251/79/15 254/82/16
f 254/82/16 256/84/16 253/81/15
f 255/83/15 253/81/15 256/84/16
f 256/84/16 258/86/16 255/83/15
f 256/84/16 254/82/16 257/85/17
f 257/85/17 259/87/17 256/84/16
f 258/86/16 256/84/16 259/87/17
f 259/87/17 261/89/17 258/86/16
f 259/87/17 257/85/17 260/88/18
f 260/88/18 262/90/18 259/87/17
f 261/89/17 259/87/17 262/90/18
f 262/90/18 264/92/18 261/89/17
f 262/90/18 260/88/18 263/91/19
f 263/91/19 265/93/19 262/90/18
f 264/92/18 262/90/18 265/93/19
f 265/93/19 267/95/19 264/92/18
f 265/93/19 263/91/19 266/94/20
f 266/94/20 268/96/20 265/93/19
f 267/95/19 265/93/19 268/96/20
f 268/96/20 270/98/20 267/95/19
f 268/96/20 266/94/20 269/97/21
f 269/97/21 271/99/21 268/96/20
f 270/98/20 268/96/20 271/99/21
f 271/99/21 273/101/21 270/98/20
f 271/99/21 269/97/21 272/100/22
f 272/100/22 274/102/22 271/99/21
f 273/101/21 271/99/21 274/102/22
f 274/102/22 276/104/22 273/101/21
f 274/102/22 272/100/22 275/103/23
f 275/103/23 277/105/23 274/102/22
f 276/104/22 274/102/22 277/105/23
f 277/105/23 279/107/23 276/104/22
f 277/105/23 275/103/23 278/106/24
f 278/106/24 280/108/25 277/105/23
f 279/107/23 277/105/23 280/108/25
f 280/108/25 281/109/26 279/107/23
f 281/109/26 280/108/25 282/110/27
f 282/110/27 283/111/27 281/109/26
f 283/111/27 282/110/27 284/112/28
f 284/112/28 285/113/28 283/111/27
f 285/113/28 284/112/28 286/114/29
f 286/114/29 287/115/29 285/113/28
f 287/115/29 286/114/29 288/116/7
f 288/116/7 289/117/7 287/115/29
f 289/117/7 288/116/7 290/118/30
f 290/118/30 291/119/30 289/117/7
f 291/119/30 290/118/30 292/120/31
f 292/120/31 293/121/31 291/119/30
f 293/121/31 292/120/31 294/122/32
f 294/122/32 295/123/32 293/121/31
f 295/123/32 294/122/32 296/124/33
f 296/124/33 297/125/34 295/123/32
f 297/125/34 296/124/33 298/126/35
f 298/126/35 299/127/35 297/125/34
f 300/128/35 298/126/35 296/124/33
f 296/124/33 301/129/36 300/128/35
f 298/126/35 300/128/35 302/130/37
f 302/130/37 303/131/37 298/126/35
f 299/127/35 298/126/35 303/131/37
f 303/131/37 304/132/37 299/127/35
f 303/131/37 302/130/37 305/133/38
f 305/133/38 306/134/38 303/131/37
f 304/132/37 303/131/37 306/134/38
f 306/134/38 307/135/38 304/132/37
f 306/134/38 305/133/38 308/136/39
f 308/136/39 309/137/39 306/134/38
f 307/135/38 306/134/38 309/137/39
f 309/137/39 310/138/39 307/135/38
f 309/137/39 308/136/39 311/139/40
f 311/139/40 312/140/40 309/137/39
f 310/138/39 309/137/39 312/140/40
f 312/140/40 313/141/40 310/138/39
f 312/140/40 311/139/40 314/142/41
f 314/142/41 315/143/41 312/140/40
f 313/141/40 312/140/40 315/143/41
f 315/143/41 316/144/41 313/141/40
f 315/143/41 314/142/41 317/145/42
f 317/145/42 318/146/42 315/143/41
f 316/144/41 315/143/41 318/146/42
f 318/146/42 319/147/42 316/144/41
f 318/146/42 317/145/42 320/148/43
f 320/148/43 321/149/43 318/146/42
f 319/147/42 318/146/42 321/149/43
f 321/149/43 322/150/43 319/147/42
f 321/149/43 320/148/43 323/151/44
f 323/151/44 324/152/44 321/149/43
f 322/150/43 321/149/43 324/152/44
f 324/152/44 325/153/44 322/150/43
f 324/152/44 323/151/44 326/154/45
f 326/154/45 327/155/45 324/152/44
f 325/153/44 324/152/44 327/155/45
f 327/155/45 328/156/45 325/153/44
f 327/155/45 326/154/45 329/157/46
f 329/157/46 330/158/46 327/155/45
f 328/156/45 327/155/45 330/158/46
f 330/158/46 331/159/46 328/156/45
f 330/158/46 329/157/46 332/160/47
f 332/160/47 333/161/47 330/158/46
f 331/159/46 330/158/46 333/161/47
f 333/161/47 334/162/47 331/159/46
f 333/161/47 332/160/47 335/163/48
f 335/163/48 336/164/48 333/161/47
f 334/162/47 333/161/47 336/164/48
f 336/164/48 338/165/48 334/162/47
f 336/164/48 335/163/48 337/3/49
f 337/3/49 339/166/49 336/164/48
f 338/165/48 336/164/48 339/166/49
f 339/166/49 340/167/49 338/165/48
f 344/63/6 342/29/6 341/65/6
f 341/65/6 343/64/6 344/63/6
f 346/61/6 342/29/6 344/63/6
f 344/63/6 345/62/6 346/61/6
f 349/58/6 342/29/6 347/60/6
f 347/60/6 348/59/6 349/58/6
f 351/56/6 342/29/6 349/58/6
f 349/58/6 350/57/6 351/56/6
f 353/54/6 342/29/6 351/56/6
f 351/56/6 352/55/6 353/54/6
f 355/52/6 342/29/6 353/54/6
f 353/54/6 354/53/6 355/52/6
f 357/50/6 342/29/6 355/52/6
f 355/52/6 356/51/6 357/50/6
f 359/48/6 342/29/6 357/50/6
f 357/50/6 358/49/6 359/48/6
f 361/46/6 342/29/6 359/48/6
f 359/48/6 360/47/6 361/46/6
f 363/44/6 342/29/6 361/46/6
f 361/46/6 362/45/6 363/44/6
f 365/42/6 342/29/6 363/44/6
f 363/44/6 364/43/6 365/42/6
f 367/40/6 342/29/6 365/42/6
f 365/42/6 366/41/6 367/40/6
f 369/38/6 342/29/6 367/40/6
f 367/40/6 368/39/6 369/38/6
f 371/36/6 342/29/6 369/38/6
f 369/38/6 370/37/6 371/36/6
f 373/34/6 342/29/6 371/36/6
f 371/36/6 372/35/6 373/34/6
f 376/31/6 342/29/6 374/33/6
f 374/33/6 375/32/6 376/31/6
f 381/67/51 380/5/51 379/66/50
f 379/66/50 382/68/50 381/67/51
f 383/69/51 381/67/51 382/68/50
f 382/68/50 385/71/50 383/69/51
f 382/68/50 379/66/50 384/70/52
f 384/70/52 386/72/52 382/68/50
f 385/71/50 382/68/50 386/72/52
f 386/72/52 388/74/52 385/71/50
f 386/72/52 384/70/52 387/73/53
f 387/73/53 389/75/53 386/72/52
f 388/74/52 386/72/52 389/75/53
f 389/75/53 391/77/53 388/74/52
f 389/75/53 387/73/53 390/76/54
f 390/76/54 392/78/54 389/75/53
f 391/77/53 389/75/53 392/78/54
f 392/78/54 394/80/54 391/77/53
f 392/78/54 390/76/54 393/79/55
f 393/79/55 395/81/55 392/78/54
f 394/80/54 392/78/54 395/81/55
f 395/81/55 397/83/55 394/80/54
f 395/81/55 393/79/55 396/82/56
f 396/82/56 398/84/56 395/81/55
f 397/83/55 395/81/55 398/84/56
f 398/84/56 400/86/56 397/83/55
f 398/84/56 396/82/56 399/85/57
f 399/85/57 401/87/57 398/84/56
f 400/86/56 398/84/56 401/87/57
f 401/87/57 403/89/57 400/86/56
f 401/87/57 399/85/57 402/88/58
f 402/88/58 404/90/58 401/87/57
f 403/89/57 401/87/57 404/90/58
f 404/90/58 406/92/58 403/89/57
f 404/90/58 402/88/58 405/91/59
f 405/91/59 407/93/59 404/90/58
f 406/92/58 404/90/58 407/93/59
f 407/93/59 409/95/59 406/92/58
f 407/93/59 405/91/59 408/94/60
f 408/94/60 410/96/60 407/93/59
f 409/95/59 407/93/59 410/96/60
f 410/96/60 412/98/60 409/95/59
f 410/96/60 408/94/60 411/97/61
f 411/97/61 413/99/61 410/96/60
f 412/98/60 410/96/60 413/99/61
f 413/99/61 415/101/61 412/98/60
f 413/99/61 411/97/61 414/100/62
f 414/100/62 416/102/62 413/99/61
f 415/101/61 413/99/61 416/102/62
f 416/102/62 418/104/62 415/101/61
f 416/102/62 414/100/62 417/103/63
f 417/103/63 419/105/63 416/102/62
f 418/104/62 416/102/62 419/105/63
f 419/105/63 421/107/63 418/104/62
f 419/105/63 417/103/63 420/106/64
f 420/106/64 422/108/64 419/105/63
f 421/107/63 419/105/63 422/108/64
f 422/108/64 424/109/64 421/107/63
f 422/108/64 420/106/64 423/168/65
f 423/168/65 425/110/65 422/108/64
f 424/109/64 422/108/64 425/110/65
f 425/110/65 427/111/65 424/109/64
f 425/110/65 423/168/65 426/169/66
f 426/169/66 428/112/66 425/110/65
f 427/111/65 425/110/65 428/112/66
f 428/112/66 430/113/66 427/111/65
f 428/112/66 426/169/66 429/170/67
f 429/170/67 431/114/67 428/112/66
f 430/113/66 428/112/66 431/114/67
f 431/114/67 433/115/67 430/113/66
f 431/114/67 429/170/67 432/7/5
f 432/7/5 434/116/5 431/114/67
f 433/115/67 431/114/67 434/116/5
f 434/116/5 436/117/5 433/115/67
f 434/116/5 432/7/5 435/171/68
f 435/171/68 437/118/68 434/116/5
f 436/117/5 434/116/5 437/118/68
f 437/118/68 439/119/68 436/117/5
f 437/118/68 435/171/68 438/172/69
f 438/172/69 440/120/69 437/118/68
f 439/119/68 437/118/68 440/120/69
f 440/120/69 442/121/69 439/119/68
f 440/120/69 438/172/69 441/173/70
f 441/173/70 443/122/70 440/120/69
f 442/121/69 440/120/69 443/122/70
f 443/122/70 445/123/70 442/121/69
f 443/122/70 441/173/70 444/129/71
f 444/129/71 446/124/71 443/122/70
f 445/123/70 443/122/70 446/124/71
f 446/124/71 448/125/71 445/123/70
f 446/124/71 444/129/71 447/128/72
f 447/128/72 449/126/72 446/124/71
f 448/125/71 446/124/71 449/126/72
f 449/126/72 451/127/72 448/125/71
f 449/126/72 447/128/72 450/130/73
f 450/130/73 452/131/73 449/126/72
f 451/127/72 449/126/72 452/131/73
f 452/131/73 454/132/73 451/127/72
f 452/131/73 450/130/73 453/133/74
f 453/133/74 455/134/74 452/131/73
f 454/132/73 452/131/73 455/134/74
f 455/134/74 457/135/74 454/132/73
f 455/134/74 453/133/74 456/136/75
f 456/136/75 458/137/75 455/134/74
f 457/135/74 455/134/74 458/137/75
f 458/137/75 460/138/75 457/135/74
f 458/137/75 456/136/75 459/139/76
f 459/139/76 461/140/76 458/137/75
f 460/138/75 458/137/75 461/140/76
f 461/140/76 463/141/76 460/138/75
f 461/140/76 459/139/76 462/142/77
f 462/142/77 464/143/77 461/140/76
f 463/141/76 461/140/76 464/143/77
f 464/143/77 466/144/77 463/141/76
f 464/143/77 462/142/77 465/145/78
f 465/145/78 467/146/78 464/143/77
f 466/144/77 464/143/77 467/146/78
f 467/146/78 469/147/78 466/144/77
f 467/146/78 465/145/78 468/148/79
f 468/148/79 470/149/79 467/146/78
f 469/147/78 467/146/78 470/149/79
f 470/149/79 472/150/79 469/147/78
f 470/149/79 468/148/79 471/151/80
f 471/151/80 473/152/80 470/149/79
f 472/150/79 470/149/79 473/152/80
f 473/152/80 475/153/80 472/150/79
f 473/152/80 471/151/80 474/154/81
f 474/154/81 476/155/81 473/152/80
f 475/153/80 473/152/80 476/155/81
f 476/155/81 478/156/81 475/153/80
f 476/155/81 474/154/81 477/157/82
f 477/157/82 479/158/82 476/155/81
f 478/156/81 476/155/81 479/158/82
f 479/158/82 481/159/82 478/156/81
f 479/158/82 477/157/82 480/160/83
f 480/160/83 482/161/83 479/158/82
f 481/159/82 479/158/82 482/161/83
f 482/161/83 484/162/83 481/159/82
f 482/161/83 480/160/83 483/163/84
f 483/163/84 485/164/84 482/161/83
f 484/162/83 482/161/83 485/164/84
f 485/164/84 487/165/84 484/162/83
f 485/164/84 483/163/84 486/3/85
f 486/3/85 488/166/85 485/164/84
f 487/165/84 485/164/84 488/166/85
f 488/166/85 489/167/85 487/165/84
f 339/174/49 337/6/49 380/5/51
f 380/5/51 381/175/51 339/174/49
f 340/176/49 339/174/49 381/175/51
f 381/175/51 383/177/51 340/176/49
f 488/178/85 486/3/85 238/2/11
f 238/2/11 239/179/11 488/178/85
f 489/180/85 488/178/85 239/179/11
f 239/179/11 241/181/11 489/180/85
f 236/182/6 200/6/6 342/5/6
f 342/5/6 378/183/6 236/182/6
f 200/2/6 201/185/6 341/184/6
f 341/184/6 342/3/6 200/2/6
f 490/65/1 492/11/1 491/186/1
f 491/186/1 493/64/1 490/65/1
f 493/64/1 491/186/1 494/187/1
f 494/187/1 495/63/1 493/64/1
f 495/63/1 494/187/1 496/188/1
f 496/188/1 497/62/1 495/63/1
f 497/62/1 496/188/1 498/189/1
f 498/189/1 499/61/1 497/62/1
f 499/61/1 498/189/1 500/190/1
f 500/190/1 501/60/1 499/61/1
f 501/60/1 500/190/1 502/191/1
f 502/191/1 503/59/1 501/60/1
f 503/59/1 502/191/1 504/192/1
f 504/192/1 505/58/1 503/59/1
f 505/58/1 504/192/1 506/193/1
f 506/193/1 507/57/1 505/58/1
f 507/57/1 506/193/1 508/194/1
f 508/194/1 509/56/1 507/57/1
f 509/56/1 508/194/1 510/195/1
f 510/195/1 511/55/1 509/56/1
f 511/55/1 510/195/1 512/196/1
f 512/196/1 513/54/1 511/55/1
f 513/54/1 512/196/1 514/197/1
f 514/197/1 515/53/1 513/54/1
f 515/53/1 514/197/1 516/198/1
f 516/198/1 517/52/1 515/53/1
f 517/52/1 516/198/1 518/199/1
f 518/199/1 519/51/1 517/52/1
f 519/51/1 518/199/1 520/200/1
f 520/200/1 521/50/1 519/51/1
f 521/50/1 520/200/1 522/201/1
f 522/201/1 523/49/1 521/50/1
f 523/49/1 522/201/1 524/202/1
f 524/202/1 525/48/1 523/49/1
f 525/48/1 524/202/1 526/8/1
f 526/8/1 527/47/1 525/48/1
f 527/47/1 526/8/1 528/203/1
f 528/203/1 529/46/1 527/47/1
f 529/46/1 528/203/1 530/204/1
f 530/204/1 531/45/1 529/46/1
f 531/45/1 530/204/1 532/205/1
f 532/205/1 533/44/1 531/45/1
f 533/44/1 532/205/1 534/206/1
f 534/206/1 535/43/1 533/44/1
f 535/43/1 534/206/1 536/207/1
f 536/207/1 537/42/1 535/43/1
f 537/42/1 536/207/1 538/208/1
f 538/208/1 539/41/1 537/42/1
f 539/41/1 538/208/1 540/209/1
f 540/209/1 541/40/1 539/41/1
f 541/40/1 540/209/1 542/210/1
f 542/210/1 543/39/1 541/40/1
f 543/39/1 542/210/1 544/211/1
f 544/211/1 545/38/1 543/39/1
f 545/38/1 544/211/1 546/212/1
f 546/212/1 547/37/1 545/38/1
f 547/37/1 546/212/1 548/213/1
f 548/213/1 549/36/1 547/37/1
f 549/36/1 548/213/1 550/214/1
f 550/214/1 551/35/1 549/36/1
f 551/35/1 550/214/1 552/215/1
f 552/215/1 553/34/1 551/35/1
f 553/34/1 552/215/1 554/216/1
f 554/216/1 555/33/1 553/34/1
f 555/33/1 554/216/1 556/217/1
f 556/217/1 557/32/1 555/33/1
f 557/32/1 556/217/1 558/218/1
f 558/218/1 559/31/1 557/32/1
f 559/31/1 558/218/1 560/219/1
f 560/219/1 561/28/1 559/31/1
f 561/28/1 560/219/1 562/12/1
f 562/12/1 563/30/1 561/28/1
f 566/12/1 565/30/1 564/28/1
f 564/28/1 567/219/1 566/12/1
f 567/219/1 564/28/1 568/31/1
f 568/31/1 569/218/1 567/219/1
f 569/218/1 568/31/1 570/32/1
f 570/32/1 571/217/1 569/218/1
f 571/217/1 570/32/1 572/33/1
f 572/33/1 573/216/1 571/217/1
f 573/216/1 572/33/1 574/34/1
f 574/34/1 575/215/1 573/216/1
f 575/215/1 574/34/1 576/35/1
f 576/35/1 577/214/1 575/215/1
f 577/214/1 576/35/1 578/36/1
f 578/36/1 579/213/1 577/214/1
f 579/213/1 578/36/1 580/37/1
f 580/37/1 581/212/1 579/213/1
f 581/212/1 580/37/1 582/38/1
f 582/38/1 583/211/1 581/212/1
f 583/211/1 582/38/1 584/39/1
f 584/39/1 585/210/1 583/211/1
f 585/210/1 584/39/1 586/40/1
f 586/40/1 587/209/1 585/210/1
f 587/209/1 586/40/1 588/41/1
f 588/41/1 589/208/1 587/209/1
f 589/208/1 588/41/1 590/42/1
f 590/42/1 591/207/1 589/208/1
f 591/207/1 590/42/1 592/43/1
f 592/43/1 593/206/1 591/207/1
f 593/206/1 592/43/1 594/44/1
f 594/44/1 595/205/1 593/206/1
f 595/205/1 594/44/1 596/45/1
f 596/45/1 597/204/1 595/205/1
f 597/204/1 596/45/1 598/46/1
f 598/46/1 599/203/1 597/204/1
f 599/203/1 598/46/1 600/47/1
f 600/47/1 601/8/1 599/203/1
f 601/8/1 600/47/1 602/48/1
f 602/48/1 603/202/1 601/8/1
f 603/202/1 602/48/1 604/49/1
f 604/49/1 605/201/1 603/202/1
f 605/201/1 604/49/1 606/50/1
f 606/50/1 607/200/1 605/201/1
f 607/200/1 606/50/1 608/51/1
f 608/51/1 609/199/1 607/200/1
f 609/199/1 608/51/1 610/52/1
f 610/52/1 611/198/1 609/199/1
f 611/198/1 610/52/1 612/53/1
f 612/53/1 613/197/1 611/198/1
f 613/197/1 612/53/1 614/54/1
f 614/54/1 615/196/1 613/197/1
f 615/196/1 614/54/1 616/55/1
f 616/55/1 617/195/1 615/196/1
f 617/195/1 616/55/1 618/56/1
f 618/56/1 619/194/1 617/195/1
f 619/194/1 618/56/1 620/57/1
f 620/57/1 621/193/1 619/194/1
f 621/193/1 620/57/1 622/58/1
f 622/58/1 623/192/1 621/193/1
f 623/192/1 622/58/1 624/59/1
f 624/59/1 625/191/1 623/192/1
f 625/191/1 624/59/1 626/60/1
f 626/60/1 627/190/1 625/191/1
f 627/190/1 626/60/1 628/61/1
f 628/61/1 629/189/1 627/190/1
f 629/189/1 628/61/1 630/62/1
f 630/62/1 631/188/1 629/189/1
f 631/188/1 630/62/1 632/63/1
f 632/63/1 633/187/1 631/188/1
f 633/187/1 632/63/1 634/64/1
f 634/64/1 635/186/1 633/187/1
f 635/186/1 634/64/1 636/65/1
f 636/65/1 637/11/1 635/186/1
f 492/2/1 490/182/1 565/183/1
f 565/183/1 566/3/1 492/2/1
f 637/5/1 636/184/1 563/185/1
f 563/185/1 562/6/1 637/5/1
f 638/65/51 490/65/51 493/64/50
f 493/64/50 639/64/50 638/65/51
f 639/64/50 493/64/50 495/63/52
f 495/63/52 640/63/52 639/64/50
f 640/63/52 495/63/52 497/62/53
f 497/62/53 641/62/53 640/63/52
f 641/62/53 497/62/53 499/61/54
f 499/61/54 642/61/54 641/62/53
f 642/61/54 499/61/54 501/60/55
f 501/60/55 643/60/55 642/61/54
f 643/60/55 501/60/55 503/59/86
f 503/59/86 644/59/86 643/60/55
f 644/59/86 503/59/86 505/58/57
f 505/58/57 645/58/57 644/59/86
f 645/58/57 505/58/57 507/57/58
f 507/57/58 646/57/58 645/58/57
f 646/57/58 507/57/58 509/56/59
f 509/56/59 647/56/59 646/57/58
f 647/56/59 509/56/59 511/55/60
f 511/55/60 648/55/60 647/56/59
f 648/55/60 511/55/60 513/54/61
f 513/54/61 649/54/61 648/55/60
f 649/54/61 513/54/61 515/53/62
f 515/53/62 650/53/62 649/54/61
f 650/53/62 515/53/62 517/52/63
f 517/52/63 651/52/63 650/53/62
f 651/52/63 517/52/63 519/51/64
f 519/51/64 652/51/64 651/52/63
f 652/51/64 519/51/64 521/50/65
f 521/50/65 653/50/65 652/51/64
f 653/50/65 521/50/65 523/49/87
f 523/49/87 654/49/87 653/50/65
f 654/49/87 523/49/87 525/48/67
f 525/48/67 655/48/67 654/49/87
f 655/48/67 525/48/67 527/47/5
f 527/47/5 656/47/5 655/48/67
f 656/47/5 527/47/5 529/46/68
f 529/46/68 657/46/68 656/47/5
f 657/46/68 529/46/68 531/45/88
f 531/45/88 658/45/88 657/46/68
f 658/45/88 531/45/88 533/44/70
f 533/44/70 659/44/70 658/45/88
f 659/44/70 533/44/70 535/43/71
f 535/43/71 660/43/71 659/44/70
f 660/43/71 535/43/71 537/42/72
f 537/42/72 661/42/72 660/43/71
f 661/42/72 537/42/72 539/41/73
f 539/41/73 662/41/73 661/42/72
f 662/41/73 539/41/73 541/40/74
f 541/40/74 663/40/74 662/41/73
f 663/40/74 541/40/74 543/39/75
f 543/39/75 664/39/75 663/40/74
f 664/39/75 543/39/75 545/38/76
f 545/38/76 665/38/76 664/39/75
f 665/38/76 545/38/76 547/37/77
f 547/37/77 666/37/77 665/38/76
f 666/37/77 547/37/77 549/36/78
f 549/36/78 667/36/78 666/37/77
f 667/36/78 549/36/78 551/35/79
f 551/35/79 668/35/79 667/36/78
f 668/35/79 551/35/79 553/34/80
f 553/34/80 669/34/80 668/35/79
f 669/34/80 553/34/80 555/33/81
f 555/33/81 670/33/81 669/34/80
f 670/33/81 555/33/81 557/32/82
f 557/32/82 671/32/82 670/33/81
f 671/32/82 557/32/82 559/31/83
f 559/31/83 672/31/83 671/32/82
f 672/31/83 559/31/83 561/28/84
f 561/28/84 673/28/84 672/31/83
f 673/28/84 561/28/84 563/30/85
f 563/30/85 674/30/85 673/28/84
f 565/30/49 676/30/49 675/28/48
f 675/28/48 564/28/48 565/30/49
f 564/28/48 675/28/48 677/31/47
f 677/31/47 568/31/47 564/28/48
f 568/31/47 677/31/47 678/32/46
f 678/32/46 570/32/46 568/31/47
f 570/32/46 678/32/46 679/33/45
f 679/33/45 572/33/45 570/32/46
f 572/33/45 679/33/45 680/34/44
f 680/34/44 574/34/44 572/33/45
f 574/34/44 680/34/44 681/35/43
f 681/35/43 576/35/43 574/34/44
f 576/35/43 681/35/43 682/36/42
f 682/36/42 578/36/42 576/35/43
f 578/36/42 682/36/42 683/37/41
f 683/37/41 580/37/41 578/36/42
f 580/37/41 683/37/41 684/38/40
f 684/38/40 582/38/40 580/37/41
f 582/38/40 684/38/40 685/39/39
f 685/39/39 584/39/39 582/38/40
f 584/39/39 685/39/39 686/40/38
f 686/40/38 586/40/38 584/39/39
f 586/40/38 686/40/38 687/41/37
f 687/41/37 588/41/37 586/40/38
f 588/41/37 687/41/37 688/42/35
f 688/42/35 590/42/35 588/41/37
f 590/42/35 688/42/35 689/43/34
f 689/43/34 592/43/34 590/42/35
f 592/43/34 689/43/34 690/44/32
f 690/44/32 594/44/32 592/43/34
f 594/44/32 690/44/32 691/45/89
f 691/45/89 596/45/89 594/44/32
f 596/45/89 691/45/89 692/46/30
f 692/46/30 598/46/30 596/45/89
f 598/46/30 692/46/30 693/47/7
f 693/47/7 600/47/7 598/46/30
f 600/47/7 693/47/7 694/48/29
f 694/48/29 602/48/29 600/47/7
f 602/48/29 694/48/29 695/49/90
f 695/49/90 604/49/90 602/48/29
f 604/49/90 695/49/90 696/50/27
f 696/50/27 606/50/27 604/49/90
f 606/50/27 696/50/27 697/51/26
f 697/51/26 608/51/26 606/50/27
f 608/51/26 697/51/26 698/52/23
f 698/52/23 610/52/23 608/51/26
f 610/52/23 698/52/23 699/53/22
f 699/53/22 612/53/22 610/52/23
f 612/53/22 699/53/22 700/54/21
f 700/54/21 614/54/21 612/53/22
f 614/54/21 700/54/21 701/55/20
f 701/55/20 616/55/20 614/54/21
f 616/55/20 701/55/20 702/56/19
f 702/56/19 618/56/19 616/55/20
f 618/56/19 702/56/19 703/57/18
f 703/57/18 620/57/18 618/56/19
f 620/57/18 703/57/18 704/58/17
f 704/58/17 622/58/17 620/57/18
f 622/58/17 704/58/17 705/59/16
f 705/59/16 624/59/16 622/58/17
f 624/59/16 705/59/16 706/60/15
f 706/60/15 626/60/15 624/59/16
f 626/60/15 706/60/15 707/61/14
f 707/61/14 628/61/14 626/60/15
f 628/61/14 707/61/14 708/62/13
f 708/62/13 630/62/13 628/61/14
f 630/62/13 708/62/13 709/63/12
f 709/63/12 632/63/12 630/62/13
f 632/63/12 709/63/12 710/64/10
f 710/64/10 634/64/10 632/63/12
f 634/64/10 710/64/10 711/65/11
f 711/65/11 636/65/11 634/64/10
f 490/182/51 638/182/51 676/183/49
f 676/183/49 565/183/49 490/182/51
f 636/184/11 711/184/11 674/185/85
f 674/185/85 563/185/85 636/184/11
f 714/222/84 713/221/84 712/220/91
f 712/220/91 715/223/91 714/222/84
f 718/226/92 717/225/92 716/224/10
f 716/224/10 719/227/10 718/226/92
f 722/230/84 721/229/84 720/228/91
f 720/228/91 723/231/91 722/230/84
f 726/234/92 725/233/92 724/232/10
f 724/232/10 727/235/10 726/234/92
f 730/238/84 729/237/84 728/236/91
f 728/236/91 731/239/91 730/238/84
f 734/242/92 733/241/92 732/240/10
f 732/240/10 735/243/10 734/242/92
f 738/246/84 737/245/84 736/244/91
f 736/244/91 739/247/91 738/246/84
f 742/250/92 741/249/92 740/248/10
f 740/248/10 743/251/10 742/250/92
f 746/254/84 745/253/84 744/252/91
f 744/252/91 747/255/91 746/254/84
f 750/258/92 749/257/92 748/256/10
f 748/256/10 751/259/10 750/258/92
f 752/260/49 562/2/49 560/261/48
f 560/261/48 753/262/48 752/260/49
f 754/263/49 752/260/49 753/262/48
f 753/262/48 755/254/48 754/263/49
f 753/262/48 560/261/48 558/264/47
f 558/264/47 756/265/47 753/262/48
f 755/254/48 753/262/48 756/265/47
f 756/265/47 757/267/47 755/254/48
f 756/265/47 558/264/47 556/266/46
f 556/266/46 758/268/46 756/265/47
f 757/267/47 756/265/47 758/268/46
f 758/268/46 759/270/46 757/267/47
f 758/268/46 556/266/46 554/269/45
f 554/269/45 760/271/45 758/268/46
f 759/270/46 758/268/46 760/271/45
f 760/271/45 761/273/45 759/270/46
f 760/271/45 554/269/45 552/272/44
f 552/272/44 762/274/44 760/271/45
f 761/273/45 760/271/45 762/274/44
f 762/274/44 763/276/44 761/273/45
f 762/274/44 552/272/44 550/275/43
f 550/275/43 764/277/43 762/274/44
f 763/276/44 762/274/44 764/277/43
f 764/277/43 765/279/43 763/276/44
f 764/277/43 550/275/43 548/278/42
f 548/278/42 766/280/42 764/277/43
f 765/279/43 764/277/43 766/280/42
f 766/280/42 767/282/42 765/279/43
f 766/280/42 548/278/42 546/281/41
f 546/281/41 768/283/41 766/280/42
f 767/282/42 766/280/42 768/283/41
f 768/283/41 769/285/41 767/282/42
f 768/283/41 546/281/41 544/284/40
f 544/284/40 770/286/40 768/283/41
f 769/285/41 768/283/41 770/286/40
f 770/286/40 771/288/40 769/285/41
f 770/286/40 544/284/40 542/287/39
f 542/287/39 772/289/39 770/286/40
f 771/288/40 770/286/40 772/289/39
f 772/289/39 773/291/39 771/288/40
f 772/289/39 542/287/39 540/290/38
f 540/290/38 774/292/38 772/289/39
f 773/291/39 772/289/39 774/292/38
f 774/292/38 775/294/38 773/291/39
f 774/292/38 540/290/38 538/293/37
f 538/293/37 776/295/37 774/292/38
f 775/294/38 774/292/38 776/295/37
f 776/295/37 777/297/37 775/294/38
f 776/295/37 538/293/37 536/296/35
f 536/296/35 778/298/35 776/295/37
f 777/297/37 776/295/37 778/298/35
f 778/298/35 779/300/35 777/297/37
f 778/298/35 536/296/35 534/299/34
f 534/299/34 780/301/34 778/298/35
f 779/300/35 778/298/35 780/301/34
f 780/301/34 781/303/34 779/300/35
f 780/301/34 534/299/34 532/302/32
f 532/302/32 782/304/32 780/301/34
f 781/303/34 780/301/34 782/304/32
f 782/304/32 783/306/32 781/303/34
f 782/304/32 532/302/32 530/305/31
f 530/305/31 784/307/31 782/304/32
f 783/306/32 782/304/32 784/307/31
f 784/307/31 785/309/31 783/306/32
f 784/307/31 530/305/31 528/308/30
f 528/308/30 786/310/30 784/307/31
f 785/309/31 784/307/31 786/310/30
f 786/310/30 787/311/30 785/309/31
f 786/310/30 528/308/30 526/8/7
f 526/8/7 788/312/7 786/310/30
f 787/311/30 786/310/30 788/312/7
f 788/312/7 789/314/7 787/311/30
f 788/312/7 526/8/7 524/313/29
f 524/313/29 790/315/29 788/312/7
f 789/314/7 788/312/7 790/315/29
f 790/315/29 791/317/29 789/314/7
f 790/315/29 524/313/29 522/316/28
f 522/316/28 792/318/28 790/315/29
f 791/317/29 790/315/29 792/318/28
f 792/318/28 793/320/28 791/317/29
f 792/318/28 522/316/28 520/319/27
f 520/319/27 794/321/27 792/318/28
f 793/320/28 792/318/28 794/321/27
f 794/321/27 795/323/27 793/320/28
f 794/321/27 520/319/27 518/322/26
f 518/322/26 796/324/26 794/321/27
f 795/323/27 794/321/27 796/324/26
f 796/324/26 797/326/26 795/323/27
f 796/324/26 518/322/26 516/325/23
f 516/325/23 798/327/23 796/324/26
f 797/326/26 796/324/26 798/327/23
f 798/327/23 799/329/23 797/326/26
f 798/327/23 516/325/23 514/328/22
f 514/328/22 800/330/22 798/327/23
f 799/329/23 798/327/23 800/330/22
f 800/330/22 801/332/22 799/329/23
f 800/330/22 514/328/22 512/331/21
f 512/331/21 802/333/21 800/330/22
f 801/332/22 800/330/22 802/333/21
f 802/333/21 803/335/21 801/332/22
f 802/333/21 512/331/21 510/334/20
f 510/334/20 804/336/20 802/333/21
f 803/335/21 802/333/21 804/336/20
f 804/336/20 805/338/20 803/335/21
f 804/336/20 510/334/20 508/337/19
f 508/337/19 806/339/19 804/336/20
f 805/338/20 804/336/20 806/339/19
f 806/339/19 807/341/19 805/338/20
f 806/339/19 508/337/19 506/340/18
f 506/340/18 808/342/18 806/339/19
f 807/341/19 806/339/19 808/342/18
f 808/342/18 809/344/18 807/341/19
f 808/342/18 506/340/18 504/343/17
f 504/343/17 810/345/17 808/342/18
f 809/344/18 808/342/18 810/345/17
f 810/345/17 811/347/17 809/344/18
f 810/345/17 504/343/17 502/346/16
f 502/346/16 812/348/16 810/345/17
f 811/347/17 810/345/17 812/348/16
f 812/348/16 813/350/16 811/347/17
f 812/348/16 502/346/16 500/349/15
f 500/349/15 814/351/15 812/348/16
f 813/350/16 812/348/16 814/351/15
f 814/351/15 815/353/15 813/350/16
f 814/351/15 500/349/15 498/352/14
f 498/352/14 816/354/14 814/351/15
f 815/353/15 814/351/15 816/354/14
f 816/354/14 817/356/14 815/353/15
f 816/354/14 498/352/14 496/355/13
f 496/355/13 818/357/13 816/354/14
f 817/356/14 816/354/14 818/357/13
f 818/357/13 819/359/13 817/356/14
f 818/357/13 496/355/13 494/358/12
f 494/358/12 820/360/12 818/357/13
f 819/359/13 818/357/13 820/360/12
f 820/360/12 821/362/12 819/359/13
f 820/360/12 494/358/12 491/361/10
f 491/361/10 822/363/10 820/360/12
f 821/362/12 820/360/12 822/363/10
f 822/363/10 823/259/10 821/362/12
f 822/363/10 491/361/10 492/6/11
f 492/6/11 824/364/93 822/363/10
f 823/259/10 822/363/10 824/364/93
f 824/364/93 825/258/92 823/259/10
f 827/257/92 826/365/94 828/366/10
f 828/366/10 829/256/10 827/257/92
f 829/256/10 828/366/10 830/367/12
f 830/367/12 831/368/12 829/256/10
f 831/368/12 830/367/12 832/369/13
f 832/369/13 833/370/13 831/368/12
f 833/370/13 832/369/13 834/371/14
f 834/371/14 835/372/14 833/370/13
f 835/372/14 834/371/14 836/373/15
f 836/373/15 837/374/15 835/372/14
f 837/374/15 836/373/15 838/375/16
f 838/375/16 839/376/16 837/374/15
f 839/376/16 838/375/16 840/377/17
f 840/377/17 841/378/17 839/376/16
f 841/378/17 840/377/17 842/379/18
f 842/379/18 843/380/18 841/378/17
f 843/380/18 842/379/18 844/381/19
f 844/381/19 845/382/19 843/380/18
f 845/382/19 844/381/19 846/383/20
f 846/383/20 847/384/20 845/382/19
f 847/384/20 846/383/20 848/385/21
f 848/385/21 849/386/21 847/384/20
f 849/386/21 848/385/21 850/387/22
f 850/387/22 851/388/22 849/386/21
f 851/388/22 850/387/22 852/389/23
f 852/389/23 853/390/23 851/388/22
f 853/390/23 852/389/23 854/391/26
f 854/391/26 855/392/26 853/390/23
f 855/392/26 854/391/26 856/393/27
f 856/393/27 857/394/27 855/392/26
f 857/394/27 856/393/27 858/395/28
f 858/395/28 859/396/28 857/394/27
f 859/396/28 858/395/28 860/397/29
f 860/397/29 861/398/29 859/396/28
f 861/398/29 860/397/29 862/399/7
f 862/399/7 863/400/7 861/398/29
f 863/400/7 862/399/7 864/401/30
f 864/401/30 865/402/30 863/400/7
f 865/402/30 864/401/30 866/403/31
f 866/403/31 867/404/31 865/402/30
f 867/404/31 866/403/31 868/405/32
f 868/405/32 869/406/32 867/404/31
f 869/406/32 868/405/32 870/407/34
f 870/407/34 871/408/34 869/406/32
f 871/408/34 870/407/34 872/409/35
f 872/409/35 873/410/35 871/408/34
f 873/410/35 872/409/35 874/411/37
f 874/411/37 875/412/37 873/410/35
f 875/412/37 874/411/37 876/413/38
f 876/413/38 877/414/38 875/412/37
f 877/414/38 876/413/38 878/415/39
f 878/415/39 879/416/39 877/414/38
f 879/416/39 878/415/39 880/417/40
f 880/417/40 881/418/40 879/416/39
f 881/418/40 880/417/40 882/419/41
f 882/419/41 883/420/41 881/418/40
f 883/420/41 882/419/41 884/421/42
f 884/421/42 885/422/42 883/420/41
f 885/422/42 884/421/42 886/423/43
f 886/423/43 887/424/43 885/422/42
f 887/424/43 886/423/43 888/425/44
f 888/425/44 889/426/44 887/424/43
f 889/426/44 888/425/44 890/427/45
f 890/427/45 891/428/45 889/426/44
f 891/428/45 890/427/45 892/429/46
f 892/429/46 893/430/46 891/428/45
f 893/430/46 892/429/46 894/431/47
f 894/431/47 895/432/47 893/430/46
f 895/432/47 894/431/47 896/433/48
f 896/433/48 897/253/48 895/432/47
f 897/253/48 896/433/48 898/434/49
f 898/434/49 899/435/49 897/253/48
f 900/436/49 898/434/49 896/433/48
f 896/433/48 901/246/48 900/436/49
f 901/246/48 896/433/48 894/431/47
f 894/431/47 902/437/47 901/246/48
f 902/437/47 894/431/47 892/429/46
f 892/429/46 903/438/46 902/437/47
f 903/438/46 892/429/46 890/427/45
f 890/427/45 904/439/45 903/438/46
f 904/439/45 890/427/45 888/425/44
f 888/425/44 905/440/44 904/439/45
f 905/440/44 888/425/44 886/423/43
f 886/423/43 906/441/43 905/440/44
f 906/441/43 886/423/43 884/421/42
f 884/421/42 907/442/42 906/441/43
f 907/442/42 884/421/42 882/419/41
f 882/419/41 908/443/41 907/442/42
f 908/443/41 882/419/41 880/417/40
f 880/417/40 909/444/40 908/443/41
f 909/444/40 880/417/40 878/415/39
f 878/415/39 910/445/39 909/444/40
f 910/445/39 878/415/39 876/413/38
f 876/413/38 911/446/38 910/445/39
f 911/446/38 876/413/38 874/411/37
f 874/411/37 912/447/37 911/446/38
f 912/447/37 874/411/37 872/409/35
f 872/409/35 913/448/35 912/447/37
f 913/448/35 872/409/35 870/407/34
f 870/407/34 914/449/34 913/448/35
f 914/449/34 870/407/34 868/405/32
f 868/405/32 915/450/32 914/449/34
f 915/450/32 868/405/32 866/403/31
f 866/403/31 916/451/31 915/450/32
f 916/451/31 866/403/31 864/401/30
f 864/401/30 917/452/30 916/451/31
f 917/452/30 864/401/30 862/399/7
f 862/399/7 918/453/7 917/452/30
f 918/453/7 862/399/7 860/397/29
f 860/397/29 919/454/29 918/453/7
f 919/454/29 860/397/29 858/395/28
f 858/395/28 920/455/28 919/454/29
f 920/455/28 858/395/28 856/393/27
f 856/393/27 921/456/27 920/455/28
f 921/456/27 856/393/27 854/391/26
f 854/391/26 922/457/26 921/456/27
f 922/457/26 854/391/26 852/389/23
f 852/389/23 923/458/23 922/457/26
f 923/458/23 852/389/23 850/387/22
f 850/387/22 924/459/22 923/458/23
f 924/459/22 850/387/22 848/385/21
f 848/385/21 925/460/21 924/459/22
f 925/460/21 848/385/21 846/383/20
f 846/383/20 926/461/20 925/460/21
f 926/461/20 846/383/20 844/381/19
f 844/381/19 927/462/19 926/461/20
f 927/462/19 844/381/19 842/379/18
f 842/379/18 928/463/18 927/462/19
f 928/463/18 842/379/18 840/377/17
f 840/377/17 929/464/17 928/463/18
f 929/464/17 840/377/17 838/375/16
f 838/375/16 930/465/16 929/464/17
f 930/465/16 838/375/16 836/373/15
f 836/373/15 931/466/15 930/465/16
f 931/466/15 836/373/15 834/371/14
f 834/371/14 932/467/14 931/466/15
f 932/467/14 834/371/14 832/369/13
f 832/369/13 933/468/13 932/467/14
f 933/468/13 832/369/13 830/367/12
f 830/367/12 934/469/12 933/468/13
f 934/469/12 830/367/12 828/366/10
f 828/366/10 935/251/10 934/469/12
f 935/251/10 828/366/10 826/365/94
f 826/365/94 936/250/92 935/251/10
f 938/249/92 937/470/94 939/471/10
f 939/471/10 940/248/10 938/249/92
f 940/248/10 939/471/10 941/472/12
f 941/472/12 942/473/12 940/248/10
f 942/473/12 941/472/12 943/474/13
f 943/474/13 944/475/13 942/473/12
f 944/475/13 943/474/13 945/476/14
f 945/476/14 946/477/14 944/475/13
f 946/477/14 945/476/14 947/478/15
f 947/478/15 948/479/15 946/477/14
f 948/479/15 947/478/15 949/480/16
f 949/480/16 950/481/16 948/479/15
f 950/481/16 949/480/16 951/482/17
f 951/482/17 952/483/17 950/481/16
f 952/483/17 951/482/17 953/484/18
f 953/484/18 954/485/18 952/483/17
f 954/485/18 953/484/18 955/486/19
f 955/486/19 956/487/19 954/485/18
f 956/487/19 955/486/19 957/488/20
f 957/488/20 958/489/20 956/487/19
f 958/489/20 957/488/20 959/490/21
f 959/490/21 960/491/21 958/489/20
f 960/491/21 959/490/21 961/492/22
f 961/492/22 962/493/22 960/491/21
f 962/493/22 961/492/22 963/494/23
f 963/494/23 964/495/23 962/493/22
f 964/495/23 963/494/23 965/496/26
f 965/496/26 966/497/26 964/495/23
f 966/497/26 965/496/26 967/498/27
f 967/498/27 968/499/27 966/497/26
f 968/499/27 967/498/27 969/500/28
f 969/500/28 970/501/28 968/499/27
f 970/501/28 969/500/28 971/502/29
f 971/502/29 972/503/29 970/501/28
f 972/503/29 971/502/29 973/504/7
f 973/504/7 974/505/7 972/503/29
f 974/505/7 973/504/7 975/506/30
f 975/506/30 976/507/30 974/505/7
f 976/507/30 975/506/30 977/508/31
f 977/508/31 978/509/31 976/507/30
f 978/509/31 977/508/31 979/510/32
f 979/510/32 980/511/32 978/509/31
f 980/511/32 979/510/32 981/512/34
f 981/512/34 982/513/34 980/511/32
f 982/513/34 981/512/34 983/514/35
f 983/514/35 984/515/35 982/513/34
f 984/515/35 983/514/35 985/516/37
f 985/516/37 986/517/37 984/515/35
f 986/517/37 985/516/37 987/518/38
f 987/518/38 988/519/38 986/517/37
f 988/519/38 987/518/38 989/520/39
f 989/520/39 990/521/39 988/519/38
f 990/521/39 989/520/39 991/522/40
f 991/522/40 992/523/40 990/521/39
f 992/523/40 991/522/40 993/524/41
f 993/524/41 994/525/41 992/523/40
f 994/525/41 993/524/41 995/526/42
f 995/526/42 996/527/42 994/525/41
f 996/527/42 995/526/42 997/528/43
f 997/528/43 998/529/43 996/527/42
f 998/529/43 997/528/43 999/530/44
f 999/530/44 1000/531/44 998/529/43
f 1000/531/44 999/530/44 1001/532/45
f 1001/532/45 1002/533/45 1000/531/44
f 1002/533/45 1001/532/45 1003/534/46
f 1003/534/46 1004/535/46 1002/533/45
f 1004/535/46 1003/534/46 1005/536/47
f 1005/536/47 1006/537/47 1004/535/46
f 1006/537/47 1005/536/47 1007/538/48
f 1007/538/48 1008/245/48 1006/537/47
f 1008/245/48 1007/538/48 1009/539/49
f 1009/539/49 1010/540/49 1008/245/48
f 1011/541/49 1009/539/49 1007/538/48
f 1007/538/48 1012/238/48 1011/541/49
f 1012/238/48 1007/538/48 1005/536/47
f 1005/536/47 1013/542/47 1012/238/48
f 1013/542/47 1005/536/47 1003/534/46
f 1003/534/46 1014/543/46 1013/542/47
f 1014/543/46 1003/534/46 1001/532/45
f 1001/532/45 1015/544/45 1014/543/46
f 1015/544/45 1001/532/45 999/530/44
f 999/530/44 1016/545/44 1015/544/45
f 1016/545/44 999/530/44 997/528/43
f 997/528/43 1017/546/43 1016/545/44
f 1017/546/43 997/528/43 995/526/42
f 995/526/42 1018/547/42 1017/546/43
f 1018/547/42 995/526/42 993/524/41
f 993/524/41 1019/548/41 1018/547/42
f 1019/548/41 993/524/41 991/522/40
f 991/522/40 1020/549/40 1019/548/41
f 1020/549/40 991/522/40 989/520/39
f 989/520/39 1021/550/39 1020/549/40
f 1021/550/39 989/520/39 987/518/38
f 987/518/38 1022/551/38 1021/550/39
f 1022/551/38 987/518/38 985/516/37
f 985/516/37 1023/552/37 1022/551/38
f 1023/552/37 985/516/37 983/514/35
f 983/514/35 1024/553/35 1023/552/37
f 1024/553/35 983/514/35 981/512/34
f 981/512/34 1025/554/34 1024/553/35
f 1025/554/34 981/512/34 979/510/32
f 979/510/32 1026/555/32 1025/554/34
f 1026/555/32 979/510/32 977/508/31
f 977/508/31 1027/556/31 1026/555/32
f 1027/556/31 977/508/31 975/506/30
f 975/506/30 1028/557/30 1027/556/31
f 1028/557/30 975/506/30 973/504/7
f 973/504/7 1029/558/7 1028/557/30
f 1029/558/7 973/504/7 971/502/29
f 971/502/29 1030/559/29 1029/558/7
f 1030/559/29 971/502/29 969/500/28
f 969/500/28 1031/560/28 1030/559/29
f 1031/560/28 969/500/28 967/498/27
f 967/498/27 1032/561/27 1031/560/28
f 1032/561/27 967/498/27 965/496/26
f 965/496/26 1033/562/26 1032/561/27
f 1033/562/26 965/496/26 963/494/23
f 963/494/23 1034/563/23 1033/562/26
f 1034/563/23 963/494/23 961/492/22
f 961/492/22 1035/564/22 1034/563/23
f 1035/564/22 961/492/22 959/490/21
f 959/490/21 1036/565/21 1035/564/22
f 1036/565/21 959/490/21 957/488/20
f 957/488/20 1037/566/20 1036/565/21
f 1037/566/20 957/488/20 955/486/19
f 955/486/19 1038/567/19 1037/566/20
f 1038/567/19 955/486/19 953/484/18
f 953/484/18 1039/568/18 1038/567/19
f 1039/568/18 953/484/18 951/482/17
f 951/482/17 1040/569/17 1039/568/18
f 1040/569/17 951/482/17 949/480/16
f 949/480/16 1041/570/16 1040/569/17
f 1041/570/16 949/480/16 947/478/15
f 947/478/15 1042/571/15 1041/570/16
f 1042/571/15 947/478/15 945/476/14
f 945/476/14 1043/572/14 1042/571/15
f 1043/572/14 945/476/14 943/474/13
f 943/474/13 1044/573/13 1043/572/14
f 1044/573/13 943/474/13 941/472/12
f 941/472/12 1045/574/12 1044/573/13
f 1045/574/12 941/472/12 939/471/10
f 939/471/10 1046/243/10 1045/574/12
f 1046/243/10 939/471/10 937/470/94
f 937/470/94 1047/242/92 1046/243/10
f 1049/241/92 1048/575/94 1050/576/10
f 1050/576/10 1051/240/10 1049/241/92
f 1051/240/10 1050/576/10 1052/577/12
f 1052/577/12 1053/578/12 1051/240/10
f 1053/578/12 1052/577/12 1054/579/13
f 1054/579/13 1055/580/13 1053/578/12
f 1055/580/13 1054/579/13 1056/581/14
f 1056/581/14 1057/582/14 1055/580/13
f 1057/582/14 1056/581/14 1058/583/15
f 1058/583/15 1059/584/15 1057/582/14
f 1059/584/15 1058/583/15 1060/585/16
f 1060/585/16 1061/586/16 1059/584/15
f 1061/586/16 1060/585/16 1062/587/17
f 1062/587/17 1063/588/17 1061/586/16
f 1063/588/17 1062/587/17 1064/589/18
f 1064/589/18 1065/590/18 1063/588/17
f 1065/590/18 1064/589/18 1066/591/19
f 1066/591/19 1067/592/19 1065/590/18
f 1067/592/19 1066/591/19 1068/593/20
f 1068/593/20 1069/594/20 1067/592/19
f 1069/594/20 1068/593/20 1070/595/21
f 1070/595/21 1071/596/21 1069/594/20
f 1071/596/21 1070/595/21 1072/597/22
f 1072/597/22 1073/598/22 1071/596/21
f 1073/598/22 1072/597/22 1074/599/23
f 1074/599/23 1075/600/23 1073/598/22
f 1075/600/23 1074/599/23 1076/601/26
f 1076/601/26 1077/602/26 1075/600/23
f 1077/602/26 1076/601/26 1078/603/27
f 1078/603/27 1079/604/27 1077/602/26
f 1079/604/27 1078/603/27 1080/605/28
f 1080/605/28 1081/606/28 1079/604/27
f 1081/606/28 1080/605/28 1082/607/29
f 1082/607/29 1083/608/29 1081/606/28
f 1083/608/29 1082/607/29 1084/609/7
f 1084/609/7 1085/610/7 1083/608/29
f 1085/610/7 1084/609/7 1086/611/30
f 1086/611/30 1087/612/30 1085/610/7
f 1087/612/30 1086/611/30 1088/613/31
f 1088/613/31 1089/614/31 1087/612/30
f 1089/614/31 1088/613/31 1090/615/32
f 1090/615/32 1091/616/32 1089/614/31
f 1091/616/32 1090/615/32 1092/617/34
f 1092/617/34 1093/618/34 1091/616/32
f 1093/618/34 1092/617/34 1094/619/35
f 1094/619/35 1095/620/35 1093/618/34
f 1095/620/35 1094/619/35 1096/621/37
f 1096/621/37 1097/622/37 1095/620/35
f 1097/622/37 1096/621/37 1098/623/38
f 1098/623/38 1099/624/38 1097/622/37
f 1099/624/38 1098/623/38 1100/625/39
f 1100/625/39 1101/626/39 1099/624/38
f 1101/626/39 1100/625/39 1102/627/40
f 1102/627/40 1103/628/40 1101/626/39
f 1103/628/40 1102/627/40 1104/629/41
f 1104/629/41 1105/630/41 1103/628/40
f 1105/630/41 1104/629/41 1106/631/42
f 1106/631/42 1107/632/42 1105/630/41
f 1107/632/42 1106/631/42 1108/633/43
f 1108/633/43 1109/634/43 1107/632/42
f 1109/634/43 1108/633/43 1110/635/44
f 1110/635/44 1111/636/44 1109/634/43
f 1111/636/44 1110/635/44 1112/637/45
f 1112/637/45 1113/638/45 1111/636/44
f 1113/638/45 1112/637/45 1114/639/46
f 1114/639/46 1115/640/46 1113/638/45
f 1115/640/46 1114/639/46 1116/641/47
f 1116/641/47 1117/642/47 1115/640/46
f 1117/642/47 1116/641/47 1118/643/48
f 1118/643/48 1119/237/48 1117/642/47
f 1119/237/48 1118/643/48 1120/644/49
f 1120/644/49 1121/645/49 1119/237/48
f 1122/646/49 1120/644/49 1118/643/48
f 1118/643/48 1123/230/48 1122/646/49
f 1123/230/48 1118/643/48 1116/641/47
f 1116/641/47 1124/647/47 1123/230/48
f 1124/647/47 1116/641/47 1114/639/46
f 1114/639/46 1125/648/46 1124/647/47
f 1125/648/46 1114/639/46 1112/637/45
f 1112/637/45 1126/649/45 1125/648/46
f 1126/649/45 1112/637/45 1110/635/44
f 1110/635/44 1127/650/44 1126/649/45
f 1127/650/44 1110/635/44 1108/633/43
f 1108/633/43 1128/651/43 1127/650/44
f 1128/651/43 1108/633/43 1106/631/42
f 1106/631/42 1129/652/42 1128/651/43
f 1129/652/42 1106/631/42 1104/629/41
f 1104/629/41 1130/653/41 1129/652/42
f 1130/653/41 1104/629/41 1102/627/40
f 1102/627/40 1131/654/40 1130/653/41
f 1131/654/40 1102/627/40 1100/625/39
f 1100/625/39 1132/655/39 1131/654/40
f 1132/655/39 1100/625/39 1098/623/38
f 1098/623/38 1133/656/38 1132/655/39
f 1133/656/38 1098/623/38 1096/621/37
f 1096/621/37 1134/657/37 1133/656/38
f 1134/657/37 1096/621/37 1094/619/35
f 1094/619/35 1135/658/35 1134/657/37
f 1135/658/35 1094/619/35 1092/617/34
f 1092/617/34 1136/659/34 1135/658/35
f 1136/659/34 1092/617/34 1090/615/32
f 1090/615/32 1137/660/32 1136/659/34
f 1137/660/32 1090/615/32 1088/613/31
f 1088/613/31 1138/661/31 1137/660/32
f 1138/661/31 1088/613/31 1086/611/30
f 1086/611/30 1139/662/30 1138/661/31
f 1139/662/30 1086/611/30 1084/609/7
f 1084/609/7 1140/663/7 1139/662/30
f 1140/663/7 1084/609/7 1082/607/29
f 1082/607/29 1141/664/29 1140/663/7
f 1141/664/29 1082/607/29 1080/605/28
f 1080/605/28 1142/665/28 1141/664/29
f 1142/665/28 1080/605/28 1078/603/27
f 1078/603/27 1143/666/27 1142/665/28
f 1143/666/27 1078/603/27 1076/601/26
f 1076/601/26 1144/667/26 1143/666/27
f 1144/667/26 1076/601/26 1074/599/23
f 1074/599/23 1145/668/23 1144/667/26
f 1145/668/23 1074/599/23 1072/597/22
f 1072/597/22 1146/669/22 1145/668/23
f 1146/669/22 1072/597/22 1070/595/21
f 1070/595/21 1147/670/21 1146/669/22
f 1147/670/21 1070/595/21 1068/593/20
f 1068/593/20 1148/671/20 1147/670/21
f 1148/671/20 1068/593/20 1066/591/19
f 1066/591/19 1149/672/19 1148/671/20
f 1149/672/19 1066/591/19 1064/589/18
f 1064/589/18 1150/673/18 1149/672/19
f 1150/673/18 1064/589/18 1062/587/17
f 1062/587/17 1151/674/17 1150/673/18
f 1151/674/17 1062/587/17 1060/585/16
f 1060/585/16 1152/675/16 1151/674/17
f 1152/675/16 1060/585/16 1058/583/15
f 1058/583/15 1153/676/15 1152/675/16
f 1153/676/15 1058/583/15 1056/581/14
f 1056/581/14 1154/677/14 1153/676/15
f 1154/677/14 1056/581/14 1054/579/13
f 1054/579/13 1155/678/13 1154/677/14
f 1155/678/13 1054/579/13 1052/577/12
f 1052/577/12 1156/679/12 1155/678/13
f 1156/679/12 1052/577/12 1050/576/10
f 1050/576/10 1157/235/10 1156/679/12
f 1157/235/10 1050/576/10 1048/575/94
f 1048/575/94 1158/234/92 1157/235/10
f 1160/233/92 1159/680/94 1161/681/10
f 1161/681/10 1162/232/10 1160/233/92
f 1162/232/10 1161/681/10 1163/682/12
f 1163/682/12 1164/683/12 1162/232/10
f 1164/683/12 1163/682/12 1165/684/13
f 1165/684/13 1166/685/13 1164/683/12
f 1166/685/13 1165/684/13 1167/686/14
f 1167/686/14 1168/687/14 1166/685/13
f 1168/687/14 1167/686/14 1169/688/15
f 1169/688/15 1170/689/15 1168/687/14
f 1170/689/15 1169/688/15 1171/690/16
f 1171/690/16 1172/691/16 1170/689/15
f 1172/691/16 1171/690/16 1173/692/17
f 1173/692/17 1174/693/17 1172/691/16
f 1174/693/17 1173/692/17 1175/694/18
f 1175/694/18 1176/695/18 1174/693/17
f 1176/695/18 1175/694/18 1177/696/19
f 1177/696/19 1178/697/19 1176/695/18
f 1178/697/19 1177/696/19 1179/698/20
f 1179/698/20 1180/699/20 1178/697/19
f 1180/699/20 1179/698/20 1181/700/21
f 1181/700/21 1182/701/21 1180/699/20
f 1182/701/21 1181/700/21 1183/702/22
f 1183/702/22 1184/703/22 1182/701/21
f 1184/703/22 1183/702/22 1185/704/23
f 1185/704/23 1186/705/23 1184/703/22
f 1186/705/23 1185/704/23 1187/706/26
f 1187/706/26 1188/707/26 1186/705/23
f 1188/707/26 1187/706/26 1189/708/27
f 1189/708/27 1190/709/27 1188/707/26
f 1190/709/27 1189/708/27 1191/710/28
f 1191/710/28 1192/711/28 1190/709/27
f 1192/711/28 1191/710/28 1193/712/29
f 1193/712/29 1194/713/29 1192/711/28
f 1194/713/29 1193/712/29 1195/714/7
f 1195/714/7 1196/715/7 1194/713/29
f 1196/715/7 1195/714/7 1197/716/30
f 1197/716/30 1198/717/30 1196/715/7
f 1198/717/30 1197/716/30 1199/718/31
f 1199/718/31 1200/719/31 1198/717/30
f 1200/719/31 1199/718/31 1201/720/32
f 1201/720/32 1202/721/32 1200/719/31
f 1202/721/32 1201/720/32 1203/722/34
f 1203/722/34 1204/723/34 1202/721/32
f 1204/723/34 1203/722/34 1205/724/35
f 1205/724/35 1206/725/35 1204/723/34
f 1206/725/35 1205/724/35 1207/726/37
f 1207/726/37 1208/727/37 1206/725/35
f 1208/727/37 1207/726/37 1209/728/38
f 1209/728/38 1210/729/38 1208/727/37
f 1210/729/38 1209/728/38 1211/730/39
f 1211/730/39 1212/731/39 1210/729/38
f 1212/731/39 1211/730/39 1213/732/40
f 1213/732/40 1214/733/40 1212/731/39
f 1214/733/40 1213/732/40 1215/734/41
f 1215/734/41 1216/735/41 1214/733/40
f 1216/735/41 1215/734/41 1217/736/42
f 1217/736/42 1218/737/42 1216/735/41
f 1218/737/42 1217/736/42 1219/738/43
f 1219/738/43 1220/739/43 1218/737/42
f 1220/739/43 1219/738/43 1221/740/44
f 1221/740/44 1222/741/44 1220/739/43
f 1222/741/44 1221/740/44 1223/742/45
f 1223/742/45 1224/743/45 1222/741/44
f 1224/743/45 1223/742/45 1225/744/46
f 1225/744/46 1226/745/46 1224/743/45
f 1226/745/46 1225/744/46 1227/746/47
f 1227/746/47 1228/747/47 1226/745/46
f 1228/747/47 1227/746/47 1229/748/48
f 1229/748/48 1230/229/48 1228/747/47
f 1230/229/48 1229/748/48 1231/749/49
f 1231/749/49 1232/750/49 1230/229/48
f 1233/751/49 1231/749/49 1229/748/48
f 1229/748/48 1234/222/48 1233/751/49
f 1234/222/48 1229/748/48 1227/746/47
f 1227/746/47 1235/752/47 1234/222/48
f 1235/752/47 1227/746/47 1225/744/46
f 1225/744/46 1236/753/46 1235/752/47
f 1236/753/46 1225/744/46 1223/742/45
f 1223/742/45 1237/754/45 1236/753/46
f 1237/754/45 1223/742/45 1221/740/44
f 1221/740/44 1238/755/44 1237/754/45
f 1238/755/44 1221/740/44 1219/738/43
f 1219/738/43 1239/756/43 1238/755/44
f 1239/756/43 1219/738/43 1217/736/42
f 1217/736/42 1240/757/42 1239/756/43
f 1240/757/42 1217/736/42 1215/734/41
f 1215/734/41 1241/758/41 1240/757/42
f 1241/758/41 1215/734/41 1213/732/40
f 1213/732/40 1242/759/40 1241/758/41
f 1242/759/40 1213/732/40 1211/730/39
f 1211/730/39 1243/760/39 1242/759/40
f 1243/760/39 1211/730/39 1209/728/38
f 1209/728/38 1244/761/38 1243/760/39
f 1244/761/38 1209/728/38 1207/726/37
f 1207/726/37 1245/762/37 1244/761/38
f 1245/762/37 1207/726/37 1205/724/35
f 1205/724/35 1246/763/35 1245/762/37
f 1246/763/35 1205/724/35 1203/722/34
f 1203/722/34 1247/764/34 1246/763/35
f 1247/764/34 1203/722/34 1201/720/32
f 1201/720/32 1248/765/32 1247/764/34
f 1248/765/32 1201/720/32 1199/718/31
f 1199/718/31 1249/766/31 1248/765/32
f 1249/766/31 1199/718/31 1197/716/30
f 1197/716/30 1250/767/30 1249/766/31
f 1250/767/30 1197/716/30 1195/714/7
f 1195/714/7 1251/768/7 1250/767/30
f 1251/768/7 1195/714/7 1193/712/29
f 1193/712/29 1252/769/29 1251/768/7
f 1252/769/29 1193/712/29 1191/710/28
f 1191/710/28 1253/770/28 1252/769/29
f 1253/770/28 1191/710/28 1189/708/27
f 1189/708/27 1254/771/27 1253/770/28
f 1254/771/27 1189/708/27 1187/706/26
f 1187/706/26 1255/772/26 1254/771/27
f 1255/772/26 1187/706/26 1185/704/23
f 1185/704/23 1256/773/23 1255/772/26
f 1256/773/23 1185/704/23 1183/702/22
f 1183/702/22 1257/774/22 1256/773/23
f 1257/774/22 1183/702/22 1181/700/21
f 1181/700/21 1258/775/21 1257/774/22
f 1258/775/21 1181/700/21 1179/698/20
f 1179/698/20 1259/776/20 1258/775/21
f 1259/776/20 1179/698/20 1177/696/19
f 1177/696/19 1260/777/19 1259/776/20
f 1260/777/19 1177/696/19 1175/694/18
f 1175/694/18 1261/778/18 1260/777/19
f 1261/778/18 1175/694/18 1173/692/17
f 1173/692/17 1262/779/17 1261/778/18
f 1262/779/17 1173/692/17 1171/690/16
f 1171/690/16 1263/780/16 1262/779/17
f 1263/780/16 1171/690/16 1169/688/15
f 1169/688/15 1264/781/15 1263/780/16
f 1264/781/15 1169/688/15 1167/686/14
f 1167/686/14 1265/782/14 1264/781/15
f 1265/782/14 1167/686/14 1165/684/13
f 1165/684/13 1266/783/13 1265/782/14
f 1266/783/13 1165/684/13 1163/682/12
f 1163/682/12 1267/784/12 1266/783/13
f 1267/784/12 1163/682/12 1161/681/10
f 1161/681/10 1268/227/10 1267/784/12
f 1268/227/10 1161/681/10 1159/680/94
f 1159/680/94 1269/226/92 1268/227/10
f 1271/225/92 1270/785/94 1272/786/10
f 1272/786/10 1273/224/10 1271/225/92
f 1273/224/10 1272/786/10 1274/787/12
f 1274/787/12 1275/788/12 1273/224/10
f 1275/788/12 1274/787/12 1276/789/13
f 1276/789/13 1277/790/13 1275/788/12
f 1277/790/13 1276/789/13 1278/791/14
f 1278/791/14 1279/792/14 1277/790/13
f 1279/792/14 1278/791/14 1280/793/15
f 1280/793/15 1281/794/15 1279/792/14
f 1281/794/15 1280/793/15 1282/795/16
f 1282/795/16 1283/796/16 1281/794/15
f 1283/796/16 1282/795/16 1284/797/17
f 1284/797/17 1285/798/17 1283/796/16
f 1285/798/17 1284/797/17 1286/799/18
f 1286/799/18 1287/800/18 1285/798/17
f 1287/800/18 1286/799/18 1288/801/19
f 1288/801/19 1289/802/19 1287/800/18
f 1289/802/19 1288/801/19 1290/803/20
f 1290/803/20 1291/804/20 1289/802/19
f 1291/804/20 1290/803/20 1292/805/21
f 1292/805/21 1293/806/21 1291/804/20
f 1293/806/21 1292/805/21 1294/807/22
f 1294/807/22 1295/808/22 1293/806/21
f 1295/808/22 1294/807/22 1296/809/23
f 1296/809/23 1297/810/23 1295/808/22
f 1297/810/23 1296/809/23 1298/811/26
f 1298/811/26 1299/812/26 1297/810/23
f 1299/812/26 1298/811/26 1300/813/27
f 1300/813/27 1301/814/27 1299/812/26
f 1301/814/27 1300/813/27 1302/815/28
f 1302/815/28 1303/816/28 1301/814/27
f 1303/816/28 1302/815/28 1304/817/29
f 1304/817/29 1305/818/29 1303/816/28
f 1305/818/29 1304/817/29 1306/819/7
f 1306/819/7 1307/820/7 1305/818/29
f 1307/820/7 1306/819/7 1308/821/30
f 1308/821/30 1309/822/30 1307/820/7
f 1309/822/30 1308/821/30 1310/823/31
f 1310/823/31 1311/824/31 1309/822/30
f 1311/824/31 1310/823/31 1312/825/32
f 1312/825/32 1313/826/32 1311/824/31
f 1313/826/32 1312/825/32 1314/827/34
f 1314/827/34 1315/828/34 1313/826/32
f 1315/828/34 1314/827/34 1316/829/35
f 1316/829/35 1317/830/35 1315/828/34
f 1317/830/35 1316/829/35 1318/831/37
f 1318/831/37 1319/832/37 1317/830/35
f 1319/832/37 1318/831/37 1320/833/38
f 1320/833/38 1321/834/38 1319/832/37
f 1321/834/38 1320/833/38 1322/835/39
f 1322/835/39 1323/836/39 1321/834/38
f 1323/836/39 1322/835/39 1324/837/40
f 1324/837/40 1325/838/40 1323/836/39
f 1325/838/40 1324/837/40 1326/839/41
f 1326/839/41 1327/840/41 1325/838/40
f 1327/840/41 1326/839/41 1328/841/42
f 1328/841/42 1329/842/42 1327/840/41
f 1329/842/42 1328/841/42 1330/843/43
f 1330/843/43 1331/844/43 1329/842/42
f 1331/844/43 1330/843/43 1332/845/44
f 1332/845/44 1333/846/44 1331/844/43
f 1333/846/44 1332/845/44 1334/847/45
f 1334/847/45 1335/848/45 1333/846/44
f 1335/848/45 1334/847/45 1336/849/46
f 1336/849/46 1337/850/46 1335/848/45
f 1337/850/46 1336/849/46 1338/851/47
f 1338/851/47 1339/852/47 1337/850/46
f 1339/852/47 1338/851/47 1340/853/48
f 1340/853/48 1341/221/48 1339/852/47
f 1341/221/48 1340/853/48 1342/854/49
f 1342/854/49 1343/855/49 1341/221/48
f 1344/856/49 1342/854/49 1340/853/48
f 1340/853/48 1345/857/48 1344/856/49
f 1345/857/48 1340/853/48 1338/851/47
f 1338/851/47 1346/858/47 1345/857/48
f 1346/858/47 1338/851/47 1336/849/46
f 1336/849/46 1347/859/46 1346/858/47
f 1347/859/46 1336/849/46 1334/847/45
f 1334/847/45 1348/860/45 1347/859/46
f 1348/860/45 1334/847/45 1332/845/44
f 1332/845/44 1349/861/44 1348/860/45
f 1349/861/44 1332/845/44 1330/843/43
f 1330/843/43 1350/862/43 1349/861/44
f 1350/862/43 1330/843/43 1328/841/42
f 1328/841/42 1351/863/42 1350/862/43
f 1351/863/42 1328/841/42 1326/839/41
f 1326/839/41 1352/864/41 1351/863/42
f 1352/864/41 1326/839/41 1324/837/40
f 1324/837/40 1353/865/40 1352/864/41
f 1353/865/40 1324/837/40 1322/835/39
f 1322/835/39 1354/866/39 1353/865/40
f 1354/866/39 1322/835/39 1320/833/38
f 1320/833/38 1355/867/38 1354/866/39
f 1355/867/38 1320/833/38 1318/831/37
f 1318/831/37 1356/868/37 1355/867/38
f 1356/868/37 1318/831/37 1316/829/35
f 1316/829/35 1357/869/35 1356/868/37
f 1357/869/35 1316/829/35 1314/827/34
f 1314/827/34 1358/870/34 1357/869/35
f 1358/870/34 1314/827/34 1312/825/32
f 1312/825/32 1359/871/32 1358/870/34
f 1359/871/32 1312/825/32 1310/823/31
f 1310/823/31 1360/872/31 1359/871/32
f 1360/872/31 1310/823/31 1308/821/30
f 1308/821/30 1361/873/30 1360/872/31
f 1361/873/30 1308/821/30 1306/819/7
f 1306/819/7 1362/874/7 1361/873/30
f 1362/874/7 1306/819/7 1304/817/29
f 1304/817/29 1363/875/29 1362/874/7
f 1363/875/29 1304/817/29 1302/815/28
f 1302/815/28 1364/876/28 1363/875/29
f 1364/876/28 1302/815/28 1300/813/27
f 1300/813/27 1365/877/27 1364/876/28
f 1365/877/27 1300/813/27 1298/811/26
f 1298/811/26 1366/878/26 1365/877/27
f 1366/878/26 1298/811/26 1296/809/23
f 1296/809/23 1367/879/23 1366/878/26
f 1367/879/23 1296/809/23 1294/807/22
f 1294/807/22 1368/880/22 1367/879/23
f 1368/880/22 1294/807/22 1292/805/21
f 1292/805/21 1369/881/21 1368/880/22
f 1369/881/21 1292/805/21 1290/803/20
f 1290/803/20 1370/882/20 1369/881/21
f 1370/882/20 1290/803/20 1288/801/19
f 1288/801/19 1371/883/19 1370/882/20
f 1371/883/19 1288/801/19 1286/799/18
f 1286/799/18 1372/884/18 1371/883/19
f 1372/884/18 1286/799/18 1284/797/17
f 1284/797/17 1373/885/17 1372/884/18
f 1373/885/17 1284/797/17 1282/795/16
f 1282/795/16 1374/886/16 1373/885/17
f 1374/886/16 1282/795/16 1280/793/15
f 1280/793/15 1375/887/15 1374/886/16
f 1375/887/15 1280/793/15 1278/791/14
f 1278/791/14 1376/888/14 1375/887/15
f 1376/888/14 1278/791/14 1276/789/13
f 1276/789/13 1377/889/13 1376/888/14
f 1377/889/13 1276/789/13 1274/787/12
f 1274/787/12 1378/890/12 1377/889/13
f 1378/890/12 1274/787/12 1272/786/10
f 1272/786/10 1379/891/10 1378/890/12
f 1379/891/10 1272/786/10 1270/785/94
f 1270/785/94 1380/892/92 1379/891/10
f 1382/894/92 1381/893/95 1383/895/10
f 1383/895/10 1384/896/10 1382/894/92
f 1384/896/10 1383/895/10 1385/897/12
f 1385/897/12 1386/898/12 1384/896/10
f 1386/898/12 1385/897/12 1387/899/13
f 1387/899/13 1388/900/13 1386/898/12
f 1388/900/13 1387/899/13 1389/901/14
f 1389/901/14 1390/902/14 1388/900/13
f 1390/902/14 1389/901/14 1391/903/15
f 1391/903/15 1392/904/15 1390/902/14
f 1392/904/15 1391/903/15 1393/905/16
f 1393/905/16 1394/906/16 1392/904/15
f 1394/906/16 1393/905/16 1395/907/17
f 1395/907/17 1396/908/17 1394/906/16
f 1396/908/17 1395/907/17 1397/909/18
f 1397/909/18 1398/910/18 1396/908/17
f 1398/910/18 1397/909/18 1399/911/19
f 1399/911/19 1400/912/19 1398/910/18
f 1400/912/19 1399/911/19 1401/913/20
f 1401/913/20 1402/914/20 1400/912/19
f 1402/914/20 1401/913/20 1403/915/21
f 1403/915/21 1404/916/21 1402/914/20
f 1404/916/21 1403/915/21 1405/917/22
f 1405/917/22 1406/918/22 1404/916/21
f 1406/918/22 1405/917/22 1407/919/23
f 1407/919/23 1408/920/23 1406/918/22
f 1408/920/23 1407/919/23 1409/921/26
f 1409/921/26 1410/922/26 1408/920/23
f 1410/922/26 1409/921/26 1411/923/27
f 1411/923/27 1412/924/27 1410/922/26
f 1412/924/27 1411/923/27 1413/925/28
f 1413/925/28 1414/926/28 1412/924/27
f 1414/926/28 1413/925/28 1415/927/29
f 1415/927/29 1416/928/29 1414/926/28
f 1416/928/29 1415/927/29 1417/929/7
f 1417/929/7 1418/930/7 1416/928/29
f 1418/930/7 1417/929/7 1419/931/30
f 1419/931/30 1420/932/30 1418/930/7
f 1420/932/30 1419/931/30 1421/933/31
f 1421/933/31 1422/934/31 1420/932/30
f 1422/934/31 1421/933/31 1423/935/32
f 1423/935/32 1424/936/32 1422/934/31
f 1424/936/32 1423/935/32 1425/937/34
f 1425/937/34 1426/938/34 1424/936/32
f 1426/938/34 1425/937/34 1427/939/35
f 1427/939/35 1428/940/35 1426/938/34
f 1428/940/35 1427/939/35 1429/941/37
f 1429/941/37 1430/942/37 1428/940/35
f 1430/942/37 1429/941/37 1431/943/38
f 1431/943/38 1432/944/38 1430/942/37
f 1432/944/38 1431/943/38 1433/945/39
f 1433/945/39 1434/946/39 1432/944/38
f 1434/946/39 1433/945/39 1435/947/40
f 1435/947/40 1436/948/40 1434/946/39
f 1436/948/40 1435/947/40 1437/949/41
f 1437/949/41 1438/950/41 1436/948/40
f 1438/950/41 1437/949/41 1439/951/42
f 1439/951/42 1440/952/42 1438/950/41
f 1440/952/42 1439/951/42 1441/953/43
f 1441/953/43 1442/954/43 1440/952/42
f 1442/954/43 1441/953/43 1443/955/44
f 1443/955/44 1444/956/44 1442/954/43
f 1444/956/44 1443/955/44 1445/957/45
f 1445/957/45 1446/958/45 1444/956/44
f 1446/958/45 1445/957/45 1447/959/46
f 1447/959/46 1448/960/46 1446/958/45
f 1448/960/46 1447/959/46 1449/961/47
f 1449/961/47 1450/962/47 1448/960/46
f 1450/962/47 1449/961/47 1451/963/48
f 1451/963/48 1452/964/48 1450/962/47
f 1452/964/48 1451/963/48 1453/965/49
f 1453/965/49 1454/966/49 1452/964/48
f 1455/967/51 637/3/51 562/2/49
f 562/2/49 752/968/49 1455/967/51
f 1456/969/51 1455/967/51 752/968/49
f 752/968/49 754/970/49 1456/969/51
f 1457/260/96 566/2/85 567/261/84
f 567/261/84 1458/262/84 1457/260/96
f 1458/262/84 567/261/84 569/264/83
f 569/264/83 1459/265/83 1458/262/84
f 1459/265/83 569/264/83 571/266/82
f 571/266/82 1460/268/82 1459/265/83
f 1460/268/82 571/266/82 573/269/81
f 573/269/81 1461/271/81 1460/268/82
f 1461/271/81 573/269/81 575/272/80
f 575/272/80 1462/274/80 1461/271/81
f 1462/274/80 575/272/80 577/275/79
f 577/275/79 1463/277/79 1462/274/80
f 1463/277/79 577/275/79 579/278/78
f 579/278/78 1464/280/78 1463/277/79
f 1464/280/78 579/278/78 581/281/77
f 581/281/77 1465/283/77 1464/280/78
f 1465/283/77 581/281/77 583/284/76
f 583/284/76 1466/286/76 1465/283/77
f 1466/286/76 583/284/76 585/287/75
f 585/287/75 1467/289/75 1466/286/76
f 1467/289/75 585/287/75 587/290/74
f 587/290/74 1468/292/74 1467/289/75
f 1468/292/74 587/290/74 589/293/73
f 589/293/73 1469/295/73 1468/292/74
f 1469/295/73 589/293/73 591/296/72
f 591/296/72 1470/298/72 1469/295/73
f 1470/298/72 591/296/72 593/299/71
f 593/299/71 1471/301/71 1470/298/72
f 1471/301/71 593/299/71 595/302/70
f 595/302/70 1472/304/70 1471/301/71
f 1472/304/70 595/302/70 597/305/69
f 597/305/69 1473/307/69 1472/304/70
f 1473/307/69 597/305/69 599/308/68
f 599/308/68 1474/310/68 1473/307/69
f 1474/310/68 599/308/68 601/8/5
f 601/8/5 1475/312/5 1474/310/68
f 1475/312/5 601/8/5 603/313/67
f 603/313/67 1476/315/67 1475/312/5
f 1476/315/67 603/313/67 605/316/66
f 605/316/66 1477/318/66 1476/315/67
f 1477/318/66 605/316/66 607/319/65
f 607/319/65 1478/321/65 1477/318/66
f 1478/321/65 607/319/65 609/322/64
f 609/322/64 1479/324/64 1478/321/65
f 1479/324/64 609/322/64 611/325/63
f 611/325/63 1480/327/63 1479/324/64
f 1480/327/63 611/325/63 613/328/62
f 613/328/62 1481/330/62 1480/327/63
f 1481/330/62 613/328/62 615/331/61
f 615/331/61 1482/333/61 1481/330/62
f 1482/333/61 615/331/61 617/334/60
f 617/334/60 1483/336/60 1482/333/61
f 1483/336/60 617/334/60 619/337/59
f 619/337/59 1484/339/59 1483/336/60
f 1484/339/59 619/337/59 621/340/58
f 621/340/58 1485/342/58 1484/339/59
f 1485/342/58 621/340/58 623/343/57
f 623/343/57 1486/345/57 1485/342/58
f 1486/345/57 623/343/57 625/346/56
f 625/346/56 1487/348/56 1486/345/57
f 1487/348/56 625/346/56 627/349/55
f 627/349/55 1488/351/55 1487/348/56
f 1488/351/55 627/349/55 629/352/54
f 629/352/54 1489/354/54 1488/351/55
f 1489/354/54 629/352/54 631/355/53
f 631/355/53 1490/357/53 1489/354/54
f 1490/357/53 631/355/53 633/358/52
f 633/358/52 1491/360/52 1490/357/53
f 1491/360/52 633/358/52 635/361/50
f 635/361/50 1492/363/50 1491/360/52
f 1492/363/50 635/361/50 637/6/51
f 637/6/51 1455/364/51 1492/363/50
f 1493/259/50 1492/363/50 1455/364/51
f 1455/364/51 1456/971/51 1493/259/50
f 1492/363/50 1493/259/50 1494/362/52
f 1494/362/52 1491/360/52 1492/363/50
f 1491/360/52 1494/362/52 1495/359/53
f 1495/359/53 1490/357/53 1491/360/52
f 1490/357/53 1495/359/53 1496/356/54
f 1496/356/54 1489/354/54 1490/357/53
f 1489/354/54 1496/356/54 1497/353/55
f 1497/353/55 1488/351/55 1489/354/54
f 1488/351/55 1497/353/55 1498/350/56
f 1498/350/56 1487/348/56 1488/351/55
f 1487/348/56 1498/350/56 1499/347/57
f 1499/347/57 1486/345/57 1487/348/56
f 1486/345/57 1499/347/57 1500/344/58
f 1500/344/58 1485/342/58 1486/345/57
f 1485/342/58 1500/344/58 1501/341/59
f 1501/341/59 1484/339/59 1485/342/58
f 1484/339/59 1501/341/59 1502/338/60
f 1502/338/60 1483/336/60 1484/339/59
f 1483/336/60 1502/338/60 1503/335/61
f 1503/335/61 1482/333/61 1483/336/60
f 1482/333/61 1503/335/61 1504/332/62
f 1504/332/62 1481/330/62 1482/333/61
f 1481/330/62 1504/332/62 1505/329/63
f 1505/329/63 1480/327/63 1481/330/62
f 1480/327/63 1505/329/63 1506/326/64
f 1506/326/64 1479/324/64 1480/327/63
f 1479/324/64 1506/326/64 1507/323/65
f 1507/323/65 1478/321/65 1479/324/64
f 1478/321/65 1507/323/65 1508/320/66
f 1508/320/66 1477/318/66 1478/321/65
f 1477/318/66 1508/320/66 1509/317/67
f 1509/317/67 1476/315/67 1477/318/66
f 1476/315/67 1509/317/67 1510/314/5
f 1510/314/5 1475/312/5 1476/315/67
f 1475/312/5 1510/314/5 1511/311/68
f 1511/311/68 1474/310/68 1475/312/5
f 1474/310/68 1511/311/68 1512/309/69
f 1512/309/69 1473/307/69 1474/310/68
f 1473/307/69 1512/309/69 1513/306/70
f 1513/306/70 1472/304/70 1473/307/69
f 1472/304/70 1513/306/70 1514/303/71
f 1514/303/71 1471/301/71 1472/304/70
f 1471/301/71 1514/303/71 1515/300/72
f 1515/300/72 1470/298/72 1471/301/71
f 1470/298/72 1515/300/72 1516/297/73
f 1516/297/73 1469/295/73 1470/298/72
f 1469/295/73 1516/297/73 1517/294/74
f 1517/294/74 1468/292/74 1469/295/73
f 1468/292/74 1517/294/74 1518/291/75
f 1518/291/75 1467/289/75 1468/292/74
f 1467/289/75 1518/291/75 1519/288/76
f 1519/288/76 1466/286/76 1467/289/75
f 1466/286/76 1519/288/76 1520/285/77
f 1520/285/77 1465/283/77 1466/286/76
f 1465/283/77 1520/285/77 1521/282/78
f 1521/282/78 1464/280/78 1465/283/77
f 1464/280/78 1521/282/78 1522/279/79
f 1522/279/79 1463/277/79 1464/280/78
f 1463/277/79 1522/279/79 1523/276/80
f 1523/276/80 1462/274/80 1463/277/79
f 1462/274/80 1523/276/80 1524/273/81
f 1524/273/81 1461/271/81 1462/274/80
f 1461/271/81 1524/273/81 1525/270/82
f 1525/270/82 1460/268/82 1461/271/81
f 1460/268/82 1525/270/82 1526/267/83
f 1526/267/83 1459/265/83 1460/268/82
f 1459/265/83 1526/267/83 1527/254/84
f 1527/254/84 1458/262/84 1459/265/83
f 1458/262/84 1527/254/84 1528/255/91
f 1528/255/91 1457/260/96 1458/262/84
f 1530/434/97 1529/252/91 1531/253/84
f 1531/253/84 1532/433/84 1530/434/97
f 1532/433/84 1531/253/84 1533/432/83
f 1533/432/83 1534/431/83 1532/433/84
f 1534/431/83 1533/432/83 1535/430/82
f 1535/430/82 1536/429/82 1534/431/83
f 1536/429/82 1535/430/82 1537/428/81
f 1537/428/81 1538/427/81 1536/429/82
f 1538/427/81 1537/428/81 1539/426/80
f 1539/426/80 1540/425/80 1538/427/81
f 1540/425/80 1539/426/80 1541/424/79
f 1541/424/79 1542/423/79 1540/425/80
f 1542/423/79 1541/424/79 1543/422/78
f 1543/422/78 1544/421/78 1542/423/79
f 1544/421/78 1543/422/78 1545/420/77
f 1545/420/77 1546/419/77 1544/421/78
f 1546/419/77 1545/420/77 1547/418/76
f 1547/418/76 1548/417/76 1546/419/77
f 1548/417/76 1547/418/76 1549/416/75
f 1549/416/75 1550/415/75 1548/417/76
f 1550/415/75 1549/416/75 1551/414/74
f 1551/414/74 1552/413/74 1550/415/75
f 1552/413/74 1551/414/74 1553/412/73
f 1553/412/73 1554/411/73 1552/413/74
f 1554/411/73 1553/412/73 1555/410/72
f 1555/410/72 1556/409/72 1554/411/73
f 1556/409/72 1555/410/72 1557/408/71
f 1557/408/71 1558/407/71 1556/409/72
f 1558/407/71 1557/408/71 1559/406/70
f 1559/406/70 1560/405/70 1558/407/71
f 1560/405/70 1559/406/70 1561/404/69
f 1561/404/69 1562/403/69 1560/405/70
f 1562/403/69 1561/404/69 1563/402/68
f 1563/402/68 1564/401/68 1562/403/69
f 1564/401/68 1563/402/68 1565/400/5
f 1565/400/5 1566/399/5 1564/401/68
f 1566/399/5 1565/400/5 1567/398/67
f 1567/398/67 1568/397/67 1566/399/5
f 1568/397/67 1567/398/67 1569/396/66
f 1569/396/66 1570/395/66 1568/397/67
f 1570/395/66 1569/396/66 1571/394/65
f 1571/394/65 1572/393/65 1570/395/66
f 1572/393/65 1571/394/65 1573/392/64
f 1573/392/64 1574/391/64 1572/393/65
f 1574/391/64 1573/392/64 1575/390/63
f 1575/390/63 1576/389/63 1574/391/64
f 1576/389/63 1575/390/63 1577/388/62
f 1577/388/62 1578/387/62 1576/389/63
f 1578/387/62 1577/388/62 1579/386/61
f 1579/386/61 1580/385/61 1578/387/62
f 1580/385/61 1579/386/61 1581/384/60
f 1581/384/60 1582/383/60 1580/385/61
f 1582/383/60 1581/384/60 1583/382/59
f 1583/382/59 1584/381/59 1582/383/60
f 1584/381/59 1583/382/59 1585/380/58
f 1585/380/58 1586/379/58 1584/381/59
f 1586/379/58 1585/380/58 1587/378/57
f 1587/378/57 1588/377/57 1586/379/58
f 1588/377/57 1587/378/57 1589/376/56
f 1589/376/56 1590/375/56 1588/377/57
f 1590/375/56 1589/376/56 1591/374/55
f 1591/374/55 1592/373/55 1590/375/56
f 1592/373/55 1591/374/55 1593/372/54
f 1593/372/54 1594/371/54 1592/373/55
f 1594/371/54 1593/372/54 1595/370/53
f 1595/370/53 1596/369/53 1594/371/54
f 1596/369/53 1595/370/53 1597/368/52
f 1597/368/52 1598/367/52 1596/369/53
f 1598/367/52 1597/368/52 1599/256/50
f 1599/256/50 1600/366/50 1598/367/52
f 1600/366/50 1599/256/50 1601/972/51
f 1601/972/51 1602/365/51 1600/366/50
f 1603/251/50 1600/366/50 1602/365/51
f 1602/365/51 1604/973/51 1603/251/50
f 1600/366/50 1603/251/50 1605/469/52
f 1605/469/52 1598/367/52 1600/366/50
f 1598/367/52 1605/469/52 1606/468/53
f 1606/468/53 1596/369/53 1598/367/52
f 1596/369/53 1606/468/53 1607/467/54
f 1607/467/54 1594/371/54 1596/369/53
f 1594/371/54 1607/467/54 1608/466/55
f 1608/466/55 1592/373/55 1594/371/54
f 1592/373/55 1608/466/55 1609/465/56
f 1609/465/56 1590/375/56 1592/373/55
f 1590/375/56 1609/465/56 1610/464/57
f 1610/464/57 1588/377/57 1590/375/56
f 1588/377/57 1610/464/57 1611/463/58
f 1611/463/58 1586/379/58 1588/377/57
f 1586/379/58 1611/463/58 1612/462/59
f 1612/462/59 1584/381/59 1586/379/58
f 1584/381/59 1612/462/59 1613/461/60
f 1613/461/60 1582/383/60 1584/381/59
f 1582/383/60 1613/461/60 1614/460/61
f 1614/460/61 1580/385/61 1582/383/60
f 1580/385/61 1614/460/61 1615/459/62
f 1615/459/62 1578/387/62 1580/385/61
f 1578/387/62 1615/459/62 1616/458/63
f 1616/458/63 1576/389/63 1578/387/62
f 1576/389/63 1616/458/63 1617/457/64
f 1617/457/64 1574/391/64 1576/389/63
f 1574/391/64 1617/457/64 1618/456/65
f 1618/456/65 1572/393/65 1574/391/64
f 1572/393/65 1618/456/65 1619/455/66
f 1619/455/66 1570/395/66 1572/393/65
f 1570/395/66 1619/455/66 1620/454/67
f 1620/454/67 1568/397/67 1570/395/66
f 1568/397/67 1620/454/67 1621/453/5
f 1621/453/5 1566/399/5 1568/397/67
f 1566/399/5 1621/453/5 1622/452/68
f 1622/452/68 1564/401/68 1566/399/5
f 1564/401/68 1622/452/68 1623/451/69
f 1623/451/69 1562/403/69 1564/401/68
f 1562/403/69 1623/451/69 1624/450/70
f 1624/450/70 1560/405/70 1562/403/69
f 1560/405/70 1624/450/70 1625/449/71
f 1625/449/71 1558/407/71 1560/405/70
f 1558/407/71 1625/449/71 1626/448/72
f 1626/448/72 1556/409/72 1558/407/71
f 1556/409/72 1626/448/72 1627/447/73
f 1627/447/73 1554/411/73 1556/409/72
f 1554/411/73 1627/447/73 1628/446/74
f 1628/446/74 1552/413/74 1554/411/73
f 1552/413/74 1628/446/74 1629/445/75
f 1629/445/75 1550/415/75 1552/413/74
f 1550/415/75 1629/445/75 1630/444/76
f 1630/444/76 1548/417/76 1550/415/75
f 1548/417/76 1630/444/76 1631/443/77
f 1631/443/77 1546/419/77 1548/417/76
f 1546/419/77 1631/443/77 1632/442/78
f 1632/442/78 1544/421/78 1546/419/77
f 1544/421/78 1632/442/78 1633/441/79
f 1633/441/79 1542/423/79 1544/421/78
f 1542/423/79 1633/441/79 1634/440/80
f 1634/440/80 1540/425/80 1542/423/79
f 1540/425/80 1634/440/80 1635/439/81
f 1635/439/81 1538/427/81 1540/425/80
f 1538/427/81 1635/439/81 1636/438/82
f 1636/438/82 1536/429/82 1538/427/81
f 1536/429/82 1636/438/82 1637/437/83
f 1637/437/83 1534/431/83 1536/429/82
f 1534/431/83 1637/437/83 1638/246/84
f 1638/246/84 1532/433/84 1534/431/83
f 1532/433/84 1638/246/84 1639/247/91
f 1639/247/91 1530/434/97 1532/433/84
f 1641/539/97 1640/244/91 1642/245/84
f 1642/245/84 1643/538/84 1641/539/97
f 1643/538/84 1642/245/84 1644/537/83
f 1644/537/83 1645/536/83 1643/538/84
f 1645/536/83 1644/537/83 1646/535/82
f 1646/535/82 1647/534/82 1645/536/83
f 1647/534/82 1646/535/82 1648/533/81
f 1648/533/81 1649/532/81 1647/534/82
f 1649/532/81 1648/533/81 1650/531/80
f 1650/531/80 1651/530/80 1649/532/81
f 1651/530/80 1650/531/80 1652/529/79
f 1652/529/79 1653/528/79 1651/530/80
f 1653/528/79 1652/529/79 1654/527/78
f 1654/527/78 1655/526/78 1653/528/79
f 1655/526/78 1654/527/78 1656/525/77
f 1656/525/77 1657/524/77 1655/526/78
f 1657/524/77 1656/525/77 1658/523/76
f 1658/523/76 1659/522/76 1657/524/77
f 1659/522/76 1658/523/76 1660/521/75
f 1660/521/75 1661/520/75 1659/522/76
f 1661/520/75 1660/521/75 1662/519/74
f 1662/519/74 1663/518/74 1661/520/75
f 1663/518/74 1662/519/74 1664/517/73
f 1664/517/73 1665/516/73 1663/518/74
f 1665/516/73 1664/517/73 1666/515/72
f 1666/515/72 1667/514/72 1665/516/73
f 1667/514/72 1666/515/72 1668/513/71
f 1668/513/71 1669/512/71 1667/514/72
f 1669/512/71 1668/513/71 1670/511/70
f 1670/511/70 1671/510/70 1669/512/71
f 1671/510/70 1670/511/70 1672/509/69
f 1672/509/69 1673/508/69 1671/510/70
f 1673/508/69 1672/509/69 1674/507/68
f 1674/507/68 1675/506/68 1673/508/69
f 1675/506/68 1674/507/68 1676/505/5
f 1676/505/5 1677/504/5 1675/506/68
f 1677/504/5 1676/505/5 1678/503/67
f 1678/503/67 1679/502/67 1677/504/5
f 1679/502/67 1678/503/67 1680/501/66
f 1680/501/66 1681/500/66 1679/502/67
f 1681/500/66 1680/501/66 1682/499/65
f 1682/499/65 1683/498/65 1681/500/66
f 1683/498/65 1682/499/65 1684/497/64
f 1684/497/64 1685/496/64 1683/498/65
f 1685/496/64 1684/497/64 1686/495/63
f 1686/495/63 1687/494/63 1685/496/64
f 1687/494/63 1686/495/63 1688/493/62
f 1688/493/62 1689/492/62 1687/494/63
f 1689/492/62 1688/493/62 1690/491/61
f 1690/491/61 1691/490/61 1689/492/62
f 1691/490/61 1690/491/61 1692/489/60
f 1692/489/60 1693/488/60 1691/490/61
f 1693/488/60 1692/489/60 1694/487/59
f 1694/487/59 1695/486/59 1693/488/60
f 1695/486/59 1694/487/59 1696/485/58
f 1696/485/58 1697/484/58 1695/486/59
f 1697/484/58 1696/485/58 1698/483/57
f 1698/483/57 1699/482/57 1697/484/58
f 1699/482/57 1698/483/57 1700/481/56
f 1700/481/56 1701/480/56 1699/482/57
f 1701/480/56 1700/481/56 1702/479/55
f 1702/479/55 1703/478/55 1701/480/56
f 1703/478/55 1702/479/55 1704/477/54
f 1704/477/54 1705/476/54 1703/478/55
f 1705/476/54 1704/477/54 1706/475/53
f 1706/475/53 1707/474/53 1705/476/54
f 1707/474/53 1706/475/53 1708/473/52
f 1708/473/52 1709/472/52 1707/474/53
f 1709/472/52 1708/473/52 1710/248/50
f 1710/248/50 1711/471/50 1709/472/52
f 1711/471/50 1710/248/50 1712/974/51
f 1712/974/51 1713/470/51 1711/471/50
f 1714/243/50 1711/471/50 1713/470/51
f 1713/470/51 1715/975/51 1714/243/50
f 1711/471/50 1714/243/50 1716/574/52
f 1716/574/52 1709/472/52 1711/471/50
f 1709/472/52 1716/574/52 1717/573/53
f 1717/573/53 1707/474/53 1709/472/52
f 1707/474/53 1717/573/53 1718/572/54
f 1718/572/54 1705/476/54 1707/474/53
f 1705/476/54 1718/572/54 1719/571/55
f 1719/571/55 1703/478/55 1705/476/54
f 1703/478/55 1719/571/55 1720/570/56
f 1720/570/56 1701/480/56 1703/478/55
f 1701/480/56 1720/570/56 1721/569/57
f 1721/569/57 1699/482/57 1701/480/56
f 1699/482/57 1721/569/57 1722/568/58
f 1722/568/58 1697/484/58 1699/482/57
f 1697/484/58 1722/568/58 1723/567/59
f 1723/567/59 1695/486/59 1697/484/58
f 1695/486/59 1723/567/59 1724/566/60
f 1724/566/60 1693/488/60 1695/486/59
f 1693/488/60 1724/566/60 1725/565/61
f 1725/565/61 1691/490/61 1693/488/60
f 1691/490/61 1725/565/61 1726/564/62
f 1726/564/62 1689/492/62 1691/490/61
f 1689/492/62 1726/564/62 1727/563/63
f 1727/563/63 1687/494/63 1689/492/62
f 1687/494/63 1727/563/63 1728/562/64
f 1728/562/64 1685/496/64 1687/494/63
f 1685/496/64 1728/562/64 1729/561/65
f 1729/561/65 1683/498/65 1685/496/64
f 1683/498/65 1729/561/65 1730/560/66
f 1730/560/66 1681/500/66 1683/498/65
f 1681/500/66 1730/560/66 1731/559/67
f 1731/559/67 1679/502/67 1681/500/66
f 1679/502/67 1731/559/67 1732/558/5
f 1732/558/5 1677/504/5 1679/502/67
f 1677/504/5 1732/558/5 1733/557/68
f 1733/557/68 1675/506/68 1677/504/5
f 1675/506/68 1733/557/68 1734/556/69
f 1734/556/69 1673/508/69 1675/506/68
f 1673/508/69 1734/556/69 1735/555/70
f 1735/555/70 1671/510/70 1673/508/69
f 1671/510/70 1735/555/70 1736/554/71
f 1736/554/71 1669/512/71 1671/510/70
f 1669/512/71 1736/554/71 1737/553/72
f 1737/553/72 1667/514/72 1669/512/71
f 1667/514/72 1737/553/72 1738/552/73
f 1738/552/73 1665/516/73 1667/514/72
f 1665/516/73 1738/552/73 1739/551/74
f 1739/551/74 1663/518/74 1665/516/73
f 1663/518/74 1739/551/74 1740/550/75
f 1740/550/75 1661/520/75 1663/518/74
f 1661/520/75 1740/550/75 1741/549/76
f 1741/549/76 1659/522/76 1661/520/75
f 1659/522/76 1741/549/76 1742/548/77
f 1742/548/77 1657/524/77 1659/522/76
f 1657/524/77 1742/548/77 1743/547/78
f 1743/547/78 1655/526/78 1657/524/77
f 1655/526/78 1743/547/78 1744/546/79
f 1744/546/79 1653/528/79 1655/526/78
f 1653/528/79 1744/546/79 1745/545/80
f 1745/545/80 1651/530/80 1653/528/79
f 1651/530/80 1745/545/80 1746/544/81
f 1746/544/81 1649/532/81 1651/530/80
f 1649/532/81 1746/544/81 1747/543/82
f 1747/543/82 1647/534/82 1649/532/81
f 1647/534/82 1747/543/82 1748/542/83
f 1748/542/83 1645/536/83 1647/534/82
f 1645/536/83 1748/542/83 1749/238/84
f 1749/238/84 1643/538/84 1645/536/83
f 1643/538/84 1749/238/84 1750/239/91
f 1750/239/91 1641/539/97 1643/538/84
f 1752/644/97 1751/236/91 1753/237/84
f 1753/237/84 1754/643/84 1752/644/97
f 1754/643/84 1753/237/84 1755/642/83
f 1755/642/83 1756/641/83 1754/643/84
f 1756/641/83 1755/642/83 1757/640/82
f 1757/640/82 1758/639/82 1756/641/83
f 1758/639/82 1757/640/82 1759/638/81
f 1759/638/81 1760/637/81 1758/639/82
f 1760/637/81 1759/638/81 1761/636/80
f 1761/636/80 1762/635/80 1760/637/81
f 1762/635/80 1761/636/80 1763/634/79
f 1763/634/79 1764/633/79 1762/635/80
f 1764/633/79 1763/634/79 1765/632/78
f 1765/632/78 1766/631/78 1764/633/79
f 1766/631/78 1765/632/78 1767/630/77
f 1767/630/77 1768/629/77 1766/631/78
f 1768/629/77 1767/630/77 1769/628/76
f 1769/628/76 1770/627/76 1768/629/77
f 1770/627/76 1769/628/76 1771/626/75
f 1771/626/75 1772/625/75 1770/627/76
f 1772/625/75 1771/626/75 1773/624/74
f 1773/624/74 1774/623/74 1772/625/75
f 1774/623/74 1773/624/74 1775/622/73
f 1775/622/73 1776/621/73 1774/623/74
f 1776/621/73 1775/622/73 1777/620/72
f 1777/620/72 1778/619/72 1776/621/73
f 1778/619/72 1777/620/72 1779/618/71
f 1779/618/71 1780/617/71 1778/619/72
f 1780/617/71 1779/618/71 1781/616/70
f 1781/616/70 1782/615/70 1780/617/71
f 1782/615/70 1781/616/70 1783/614/69
f 1783/614/69 1784/613/69 1782/615/70
f 1784/613/69 1783/614/69 1785/612/68
f 1785/612/68 1786/611/68 1784/613/69
f 1786/611/68 1785/612/68 1787/610/5
f 1787/610/5 1788/609/5 1786/611/68
f 1788/609/5 1787/610/5 1789/608/67
f 1789/608/67 1790/607/67 1788/609/5
f 1790/607/67 1789/608/67 1791/606/66
f 1791/606/66 1792/605/66 1790/607/67
f 1792/605/66 1791/606/66 1793/604/65
f 1793/604/65 1794/603/65 1792/605/66
f 1794/603/65 1793/604/65 1795/602/64
f 1795/602/64 1796/601/64 1794/603/65
f 1796/601/64 1795/602/64 1797/600/63
f 1797/600/63 1798/599/63 1796/601/64
f 1798/599/63 1797/600/63 1799/598/62
f 1799/598/62 1800/597/62 1798/599/63
f 1800/597/62 1799/598/62 1801/596/61
f 1801/596/61 1802/595/61 1800/597/62
f 1802/595/61 1801/596/61 1803/594/60
f 1803/594/60 1804/593/60 1802/595/61
f 1804/593/60 1803/594/60 1805/592/59
f 1805/592/59 1806/591/59 1804/593/60
f 1806/591/59 1805/592/59 1807/590/58
f 1807/590/58 1808/589/58 1806/591/59
f 1808/589/58 1807/590/58 1809/588/57
f 1809/588/57 1810/587/57 1808/589/58
f 1810/587/57 1809/588/57 1811/586/56
f 1811/586/56 1812/585/56 1810/587/57
f 1812/585/56 1811/586/56 1813/584/55
f 1813/584/55 1814/583/55 1812/585/56
f 1814/583/55 1813/584/55 1815/582/54
f 1815/582/54 1816/581/54 1814/583/55
f 1816/581/54 1815/582/54 1817/580/53
f 1817/580/53 1818/579/53 1816/581/54
f 1818/579/53 1817/580/53 1819/578/52
f 1819/578/52 1820/577/52 1818/579/53
f 1820/577/52 1819/578/52 1821/240/50
f 1821/240/50 1822/576/50 1820/577/52
f 1822/576/50 1821/240/50 1823/976/51
f 1823/976/51 1824/575/51 1822/576/50
f 1825/235/50 1822/576/50 1824/575/51
f 1824/575/51 1826/977/51 1825/235/50
f 1822/576/50 1825/235/50 1827/679/52
f 1827/679/52 1820/577/52 1822/576/50
f 1820/577/52 1827/679/52 1828/678/53
f 1828/678/53 1818/579/53 1820/577/52
f 1818/579/53 1828/678/53 1829/677/54
f 1829/677/54 1816/581/54 1818/579/53
f 1816/581/54 1829/677/54 1830/676/55
f 1830/676/55 1814/583/55 1816/581/54
f 1814/583/55 1830/676/55 1831/675/56
f 1831/675/56 1812/585/56 1814/583/55
f 1812/585/56 1831/675/56 1832/674/57
f 1832/674/57 1810/587/57 1812/585/56
f 1810/587/57 1832/674/57 1833/673/58
f 1833/673/58 1808/589/58 1810/587/57
f 1808/589/58 1833/673/58 1834/672/59
f 1834/672/59 1806/591/59 1808/589/58
f 1806/591/59 1834/672/59 1835/671/60
f 1835/671/60 1804/593/60 1806/591/59
f 1804/593/60 1835/671/60 1836/670/61
f 1836/670/61 1802/595/61 1804/593/60
f 1802/595/61 1836/670/61 1837/669/62
f 1837/669/62 1800/597/62 1802/595/61
f 1800/597/62 1837/669/62 1838/668/63
f 1838/668/63 1798/599/63 1800/597/62
f 1798/599/63 1838/668/63 1839/667/64
f 1839/667/64 1796/601/64 1798/599/63
f 1796/601/64 1839/667/64 1840/666/65
f 1840/666/65 1794/603/65 1796/601/64
f 1794/603/65 1840/666/65 1841/665/66
f 1841/665/66 1792/605/66 1794/603/65
f 1792/605/66 1841/665/66 1842/664/67
f 1842/664/67 1790/607/67 1792/605/66
f 1790/607/67 1842/664/67 1843/663/5
f 1843/663/5 1788/609/5 1790/607/67
f 1788/609/5 1843/663/5 1844/662/68
f 1844/662/68 1786/611/68 1788/609/5
f 1786/611/68 1844/662/68 1845/661/69
f 1845/661/69 1784/613/69 1786/611/68
f 1784/613/69 1845/661/69 1846/660/70
f 1846/660/70 1782/615/70 1784/613/69
f 1782/615/70 1846/660/70 1847/659/71
f 1847/659/71 1780/617/71 1782/615/70
f 1780/617/71 1847/659/71 1848/658/72
f 1848/658/72 1778/619/72 1780/617/71
f 1778/619/72 1848/658/72 1849/657/73
f 1849/657/73 1776/621/73 1778/619/72
f 1776/621/73 1849/657/73 1850/656/74
f 1850/656/74 1774/623/74 1776/621/73
f 1774/623/74 1850/656/74 1851/655/75
f 1851/655/75 1772/625/75 1774/623/74
f 1772/625/75 1851/655/75 1852/654/76
f 1852/654/76 1770/627/76 1772/625/75
f 1770/627/76 1852/654/76 1853/653/77
f 1853/653/77 1768/629/77 1770/627/76
f 1768/629/77 1853/653/77 1854/652/78
f 1854/652/78 1766/631/78 1768/629/77
f 1766/631/78 1854/652/78 1855/651/79
f 1855/651/79 1764/633/79 1766/631/78
f 1764/633/79 1855/651/79 1856/650/80
f 1856/650/80 1762/635/80 1764/633/79
f 1762/635/80 1856/650/80 1857/649/81
f 1857/649/81 1760/637/81 1762/635/80
f 1760/637/81 1857/649/81 1858/648/82
f 1858/648/82 1758/639/82 1760/637/81
f 1758/639/82 1858/648/82 1859/647/83
f 1859/647/83 1756/641/83 1758/639/82
f 1756/641/83 1859/647/83 1860/230/84
f 1860/230/84 1754/643/84 1756/641/83
f 1754/643/84 1860/230/84 1861/231/91
f 1861/231/91 1752/644/97 1754/643/84
f 1863/749/97 1862/228/91 1864/229/84
f 1864/229/84 1865/748/84 1863/749/97
f 1865/748/84 1864/229/84 1866/747/83
f 1866/747/83 1867/746/83 1865/748/84
f 1867/746/83 1866/747/83 1868/745/82
f 1868/745/82 1869/744/82 1867/746/83
f 1869/744/82 1868/745/82 1870/743/81
f 1870/743/81 1871/742/81 1869/744/82
f 1871/742/81 1870/743/81 1872/741/80
f 1872/741/80 1873/740/80 1871/742/81
f 1873/740/80 1872/741/80 1874/739/79
f 1874/739/79 1875/738/79 1873/740/80
f 1875/738/79 1874/739/79 1876/737/78
f 1876/737/78 1877/736/78 1875/738/79
f 1877/736/78 1876/737/78 1878/735/77
f 1878/735/77 1879/734/77 1877/736/78
f 1879/734/77 1878/735/77 1880/733/76
f 1880/733/76 1881/732/76 1879/734/77
f 1881/732/76 1880/733/76 1882/731/75
f 1882/731/75 1883/730/75 1881/732/76
f 1883/730/75 1882/731/75 1884/729/74
f 1884/729/74 1885/728/74 1883/730/75
f 1885/728/74 1884/729/74 1886/727/73
f 1886/727/73 1887/726/73 1885/728/74
f 1887/726/73 1886/727/73 1888/725/72
f 1888/725/72 1889/724/72 1887/726/73
f 1889/724/72 1888/725/72 1890/723/71
f 1890/723/71 1891/722/71 1889/724/72
f 1891/722/71 1890/723/71 1892/721/70
f 1892/721/70 1893/720/70 1891/722/71
f 1893/720/70 1892/721/70 1894/719/69
f 1894/719/69 1895/718/69 1893/720/70
f 1895/718/69 1894/719/69 1896/717/68
f 1896/717/68 1897/716/68 1895/718/69
f 1897/716/68 1896/717/68 1898/715/5
f 1898/715/5 1899/714/5 1897/716/68
f 1899/714/5 1898/715/5 1900/713/67
f 1900/713/67 1901/712/67 1899/714/5
f 1901/712/67 1900/713/67 1902/711/66
f 1902/711/66 1903/710/66 1901/712/67
f 1903/710/66 1902/711/66 1904/709/65
f 1904/709/65 1905/708/65 1903/710/66
f 1905/708/65 1904/709/65 1906/707/64
f 1906/707/64 1907/706/64 1905/708/65
f 1907/706/64 1906/707/64 1908/705/63
f 1908/705/63 1909/704/63 1907/706/64
f 1909/704/63 1908/705/63 1910/703/62
f 1910/703/62 1911/702/62 1909/704/63
f 1911/702/62 1910/703/62 1912/701/61
f 1912/701/61 1913/700/61 1911/702/62
f 1913/700/61 1912/701/61 1914/699/60
f 1914/699/60 1915/698/60 1913/700/61
f 1915/698/60 1914/699/60 1916/697/59
f 1916/697/59 1917/696/59 1915/698/60
f 1917/696/59 1916/697/59 1918/695/58
f 1918/695/58 1919/694/58 1917/696/59
f 1919/694/58 1918/695/58 1920/693/57
f 1920/693/57 1921/692/57 1919/694/58
f 1921/692/57 1920/693/57 1922/691/56
f 1922/691/56 1923/690/56 1921/692/57
f 1923/690/56 1922/691/56 1924/689/55
f 1924/689/55 1925/688/55 1923/690/56
f 1925/688/55 1924/689/55 1926/687/54
f 1926/687/54 1927/686/54 1925/688/55
f 1927/686/54 1926/687/54 1928/685/53
f 1928/685/53 1929/684/53 1927/686/54
f 1929/684/53 1928/685/53 1930/683/52
f 1930/683/52 1931/682/52 1929/684/53
f 1931/682/52 1930/683/52 1932/232/50
f 1932/232/50 1933/681/50 1931/682/52
f 1933/681/50 1932/232/50 1934/978/51
f 1934/978/51 1935/680/51 1933/681/50
f 1936/227/50 1933/681/50 1935/680/51
f 1935/680/51 1937/979/51 1936/227/50
f 1933/681/50 1936/227/50 1938/784/52
f 1938/784/52 1931/682/52 1933/681/50
f 1931/682/52 1938/784/52 1939/783/53
f 1939/783/53 1929/684/53 1931/682/52
f 1929/684/53 1939/783/53 1940/782/54
f 1940/782/54 1927/686/54 1929/684/53
f 1927/686/54 1940/782/54 1941/781/55
f 1941/781/55 1925/688/55 1927/686/54
f 1925/688/55 1941/781/55 1942/780/56
f 1942/780/56 1923/690/56 1925/688/55
f 1923/690/56 1942/780/56 1943/779/57
f 1943/779/57 1921/692/57 1923/690/56
f 1921/692/57 1943/779/57 1944/778/58
f 1944/778/58 1919/694/58 1921/692/57
f 1919/694/58 1944/778/58 1945/777/59
f 1945/777/59 1917/696/59 1919/694/58
f 1917/696/59 1945/777/59 1946/776/60
f 1946/776/60 1915/698/60 1917/696/59
f 1915/698/60 1946/776/60 1947/775/61
f 1947/775/61 1913/700/61 1915/698/60
f 1913/700/61 1947/775/61 1948/774/62
f 1948/774/62 1911/702/62 1913/700/61
f 1911/702/62 1948/774/62 1949/773/63
f 1949/773/63 1909/704/63 1911/702/62
f 1909/704/63 1949/773/63 1950/772/64
f 1950/772/64 1907/706/64 1909/704/63
f 1907/706/64 1950/772/64 1951/771/65
f 1951/771/65 1905/708/65 1907/706/64
f 1905/708/65 1951/771/65 1952/770/66
f 1952/770/66 1903/710/66 1905/708/65
f 1903/710/66 1952/770/66 1953/769/67
f 1953/769/67 1901/712/67 1903/710/66
f 1901/712/67 1953/769/67 1954/768/5
f 1954/768/5 1899/714/5 1901/712/67
f 1899/714/5 1954/768/5 1955/767/68
f 1955/767/68 1897/716/68 1899/714/5
f 1897/716/68 1955/767/68 1956/766/69
f 1956/766/69 1895/718/69 1897/716/68
f 1895/718/69 1956/766/69 1957/765/70
f 1957/765/70 1893/720/70 1895/718/69
f 1893/720/70 1957/765/70 1958/764/71
f 1958/764/71 1891/722/71 1893/720/70
f 1891/722/71 1958/764/71 1959/763/72
f 1959/763/72 1889/724/72 1891/722/71
f 1889/724/72 1959/763/72 1960/762/73
f 1960/762/73 1887/726/73 1889/724/72
f 1887/726/73 1960/762/73 1961/761/74
f 1961/761/74 1885/728/74 1887/726/73
f 1885/728/74 1961/761/74 1962/760/75
f 1962/760/75 1883/730/75 1885/728/74
f 1883/730/75 1962/760/75 1963/759/76
f 1963/759/76 1881/732/76 1883/730/75
f 1881/732/76 1963/759/76 1964/758/77
f 1964/758/77 1879/734/77 1881/732/76
f 1879/734/77 1964/758/77 1965/757/78
f 1965/757/78 1877/736/78 1879/734/77
f 1877/736/78 1965/757/78 1966/756/79
f 1966/756/79 1875/738/79 1877/736/78
f 1875/738/79 1966/756/79 1967/755/80
f 1967/755/80 1873/740/80 1875/738/79
f 1873/740/80 1967/755/80 1968/754/81
f 1968/754/81 1871/742/81 1873/740/80
f 1871/742/81 1968/754/81 1969/753/82
f 1969/753/82 1869/744/82 1871/742/81
f 1869/744/82 1969/753/82 1970/752/83
f 1970/752/83 1867/746/83 1869/744/82
f 1867/746/83 1970/752/83 1971/222/84
f 1971/222/84 1865/748/84 1867/746/83
f 1865/748/84 1971/222/84 1972/223/91
f 1972/223/91 1863/749/97 1865/748/84
f 1974/854/97 1973/220/91 1975/221/84
f 1975/221/84 1976/853/84 1974/854/97
f 1976/853/84 1975/221/84 1977/852/83
f 1977/852/83 1978/851/83 1976/853/84
f 1978/851/83 1977/852/83 1979/850/82
f 1979/850/82 1980/849/82 1978/851/83
f 1980/849/82 1979/850/82 1981/848/81
f 1981/848/81 1982/847/81 1980/849/82
f 1982/847/81 1981/848/81 1983/846/80
f 1983/846/80 1984/845/80 1982/847/81
f 1984/845/80 1983/846/80 1985/844/79
f 1985/844/79 1986/843/79 1984/845/80
f 1986/843/79 1985/844/79 1987/842/78
f 1987/842/78 1988/841/78 1986/843/79
f 1988/841/78 1987/842/78 1989/840/77
f 1989/840/77 1990/839/77 1988/841/78
f 1990/839/77 1989/840/77 1991/838/76
f 1991/838/76 1992/837/76 1990/839/77
f 1992/837/76 1991/838/76 1993/836/75
f 1993/836/75 1994/835/75 1992/837/76
f 1994/835/75 1993/836/75 1995/834/74
f 1995/834/74 1996/833/74 1994/835/75
f 1996/833/74 1995/834/74 1997/832/73
f 1997/832/73 1998/831/73 1996/833/74
f 1998/831/73 1997/832/73 1999/830/72
f 1999/830/72 2000/829/72 1998/831/73
f 2000/829/72 1999/830/72 2001/828/71
f 2001/828/71 2002/827/71 2000/829/72
f 2002/827/71 2001/828/71 2003/826/70
f 2003/826/70 2004/825/70 2002/827/71
f 2004/825/70 2003/826/70 2005/824/69
f 2005/824/69 2006/823/69 2004/825/70
f 2006/823/69 2005/824/69 2007/822/68
f 2007/822/68 2008/821/68 2006/823/69
f 2008/821/68 2007/822/68 2009/820/5
f 2009/820/5 2010/819/5 2008/821/68
f 2010/819/5 2009/820/5 2011/818/67
f 2011/818/67 2012/817/67 2010/819/5
f 2012/817/67 2011/818/67 2013/816/66
f 2013/816/66 2014/815/66 2012/817/67
f 2014/815/66 2013/816/66 2015/814/65
f 2015/814/65 2016/813/65 2014/815/66
f 2016/813/65 2015/814/65 2017/812/64
f 2017/812/64 2018/811/64 2016/813/65
f 2018/811/64 2017/812/64 2019/810/63
f 2019/810/63 2020/809/63 2018/811/64
f 2020/809/63 2019/810/63 2021/808/62
f 2021/808/62 2022/807/62 2020/809/63
f 2022/807/62 2021/808/62 2023/806/61
f 2023/806/61 2024/805/61 2022/807/62
f 2024/805/61 2023/806/61 2025/804/60
f 2025/804/60 2026/803/60 2024/805/61
f 2026/803/60 2025/804/60 2027/802/59
f 2027/802/59 2028/801/59 2026/803/60
f 2028/801/59 2027/802/59 2029/800/58
f 2029/800/58 2030/799/58 2028/801/59
f 2030/799/58 2029/800/58 2031/798/57
f 2031/798/57 2032/797/57 2030/799/58
f 2032/797/57 2031/798/57 2033/796/56
f 2033/796/56 2034/795/56 2032/797/57
f 2034/795/56 2033/796/56 2035/794/55
f 2035/794/55 2036/793/55 2034/795/56
f 2036/793/55 2035/794/55 2037/792/54
f 2037/792/54 2038/791/54 2036/793/55
f 2038/791/54 2037/792/54 2039/790/53
f 2039/790/53 2040/789/53 2038/791/54
f 2040/789/53 2039/790/53 2041/788/52
f 2041/788/52 2042/787/52 2040/789/53
f 2042/787/52 2041/788/52 2043/224/50
f 2043/224/50 2044/786/50 2042/787/52
f 2044/786/50 2043/224/50 2045/980/51
f 2045/980/51 2046/785/51 2044/786/50
f 2047/891/50 2044/786/50 2046/785/51
f 2046/785/51 2048/981/51 2047/891/50
f 2044/786/50 2047/891/50 2049/890/52
f 2049/890/52 2042/787/52 2044/786/50
f 2042/787/52 2049/890/52 2050/889/53
f 2050/889/53 2040/789/53 2042/787/52
f 2040/789/53 2050/889/53 2051/888/54
f 2051/888/54 2038/791/54 2040/789/53
f 2038/791/54 2051/888/54 2052/887/55
f 2052/887/55 2036/793/55 2038/791/54
f 2036/793/55 2052/887/55 2053/886/56
f 2053/886/56 2034/795/56 2036/793/55
f 2034/795/56 2053/886/56 2054/885/57
f 2054/885/57 2032/797/57 2034/795/56
f 2032/797/57 2054/885/57 2055/884/58
f 2055/884/58 2030/799/58 2032/797/57
f 2030/799/58 2055/884/58 2056/883/59
f 2056/883/59 2028/801/59 2030/799/58
f 2028/801/59 2056/883/59 2057/882/60
f 2057/882/60 2026/803/60 2028/801/59
f 2026/803/60 2057/882/60 2058/881/61
f 2058/881/61 2024/805/61 2026/803/60
f 2024/805/61 2058/881/61 2059/880/62
f 2059/880/62 2022/807/62 2024/805/61
f 2022/807/62 2059/880/62 2060/879/63
f 2060/879/63 2020/809/63 2022/807/62
f 2020/809/63 2060/879/63 2061/878/64
f 2061/878/64 2018/811/64 2020/809/63
f 2018/811/64 2061/878/64 2062/877/65
f 2062/877/65 2016/813/65 2018/811/64
f 2016/813/65 2062/877/65 2063/876/66
f 2063/876/66 2014/815/66 2016/813/65
f 2014/815/66 2063/876/66 2064/875/67
f 2064/875/67 2012/817/67 2014/815/66
f 2012/817/67 2064/875/67 2065/874/5
f 2065/874/5 2010/819/5 2012/817/67
f 2010/819/5 2065/874/5 2066/873/68
f 2066/873/68 2008/821/68 2010/819/5
f 2008/821/68 2066/873/68 2067/872/69
f 2067/872/69 2006/823/69 2008/821/68
f 2006/823/69 2067/872/69 2068/871/70
f 2068/871/70 2004/825/70 2006/823/69
f 2004/825/70 2068/871/70 2069/870/71
f 2069/870/71 2002/827/71 2004/825/70
f 2002/827/71 2069/870/71 2070/869/72
f 2070/869/72 2000/829/72 2002/827/71
f 2000/829/72 2070/869/72 2071/868/73
f 2071/868/73 1998/831/73 2000/829/72
f 1998/831/73 2071/868/73 2072/867/74
f 2072/867/74 1996/833/74 1998/831/73
f 1996/833/74 2072/867/74 2073/866/75
f 2073/866/75 1994/835/75 1996/833/74
f 1994/835/75 2073/866/75 2074/865/76
f 2074/865/76 1992/837/76 1994/835/75
f 1992/837/76 2074/865/76 2075/864/77
f 2075/864/77 1990/839/77 1992/837/76
f 1990/839/77 2075/864/77 2076/863/78
f 2076/863/78 1988/841/78 1990/839/77
f 1988/841/78 2076/863/78 2077/862/79
f 2077/862/79 1986/843/79 1988/841/78
f 1986/843/79 2077/862/79 2078/861/80
f 2078/861/80 1984/845/80 1986/843/79
f 1984/845/80 2078/861/80 2079/860/81
f 2079/860/81 1982/847/81 1984/845/80
f 1982/847/81 2079/860/81 2080/859/82
f 2080/859/82 1980/849/82 1982/847/81
f 1980/849/82 2080/859/82 2081/858/83
f 2081/858/83 1978/851/83 1980/849/82
f 1978/851/83 2081/858/83 2082/857/84
f 2082/857/84 1976/853/84 1978/851/83
f 1976/853/84 2082/857/84 2083/982/91
f 2083/982/91 1974/854/97 1976/853/84
f 2085/965/96 2084/983/91 2086/964/84
f 2086/964/84 2087/963/84 2085/965/96
f 2087/963/84 2086/964/84 2088/962/83
f 2088/962/83 2089/961/83 2087/963/84
f 2089/961/83 2088/962/83 2090/960/82
f 2090/960/82 2091/959/82 2089/961/83
f 2091/959/82 2090/960/82 2092/958/81
f 2092/958/81 2093/957/81 2091/959/82
f 2093/957/81 2092/958/81 2094/956/80
f 2094/956/80 2095/955/80 2093/957/81
f 2095/955/80 2094/956/80 2096/954/79
f 2096/954/79 2097/953/79 2095/955/80
f 2097/953/79 2096/954/79 2098/952/78
f 2098/952/78 2099/951/78 2097/953/79
f 2099/951/78 2098/952/78 2100/950/77
f 2100/950/77 2101/949/77 2099/951/78
f 2101/949/77 2100/950/77 2102/948/76
f 2102/948/76 2103/947/76 2101/949/77
f 2103/947/76 2102/948/76 2104/946/75
f 2104/946/75 2105/945/75 2103/947/76
f 2105/945/75 2104/946/75 2106/944/74
f 2106/944/74 2107/943/74 2105/945/75
f 2107/943/74 2106/944/74 2108/942/73
f 2108/942/73 2109/941/73 2107/943/74
f 2109/941/73 2108/942/73 2110/940/72
f 2110/940/72 2111/939/72 2109/941/73
f 2111/939/72 2110/940/72 2112/938/71
f 2112/938/71 2113/937/71 2111/939/72
f 2113/937/71 2112/938/71 2114/936/70
f 2114/936/70 2115/935/70 2113/937/71
f 2115/935/70 2114/936/70 2116/934/69
f 2116/934/69 2117/933/69 2115/935/70
f 2117/933/69 2116/934/69 2118/932/68
f 2118/932/68 2119/931/68 2117/933/69
f 2119/931/68 2118/932/68 2120/930/5
f 2120/930/5 2121/929/5 2119/931/68
f 2121/929/5 2120/930/5 2122/928/67
f 2122/928/67 2123/927/67 2121/929/5
f 2123/927/67 2122/928/67 2124/926/66
f 2124/926/66 2125/925/66 2123/927/67
f 2125/925/66 2124/926/66 2126/924/65
f 2126/924/65 2127/923/65 2125/925/66
f 2127/923/65 2126/924/65 2128/922/64
f 2128/922/64 2129/921/64 2127/923/65
f 2129/921/64 2128/922/64 2130/920/63
f 2130/920/63 2131/919/63 2129/921/64
f 2131/919/63 2130/920/63 2132/918/62
f 2132/918/62 2133/917/62 2131/919/63
f 2133/917/62 2132/918/62 2134/916/61
f 2134/916/61 2135/915/61 2133/917/62
f 2135/915/61 2134/916/61 2136/914/60
f 2136/914/60 2137/913/60 2135/915/61
f 2137/913/60 2136/914/60 2138/912/59
f 2138/912/59 2139/911/59 2137/913/60
f 2139/911/59 2138/912/59 2140/910/58
f 2140/910/58 2141/909/58 2139/911/59
f 2141/909/58 2140/910/58 2142/908/57
f 2142/908/57 2143/907/57 2141/909/58
f 2143/907/57 2142/908/57 2144/906/56
f 2144/906/56 2145/905/56 2143/907/57
f 2145/905/56 2144/906/56 2146/904/55
f 2146/904/55 2147/903/55 2145/905/56
f 2147/903/55 2146/904/55 2148/902/54
f 2148/902/54 2149/901/54 2147/903/55
f 2149/901/54 2148/902/54 2150/900/53
f 2150/900/53 2151/899/53 2149/901/54
f 2151/899/53 2150/900/53 2152/898/52
f 2152/898/52 2153/897/52 2151/899/53
f 2153/897/52 2152/898/52 2154/896/50
f 2154/896/50 2155/895/50 2153/897/52
f 2155/895/50 2154/896/50 2156/984/51
f 2156/984/51 2157/893/51 2155/895/50
f 824/985/93 492/6/11 566/5/85
f 566/5/85 1457/986/96 824/985/93
f 826/987/94 824/985/93 1457/986/96
f 1457/986/96 1530/988/97 826/987/94
f 937/989/94 826/987/94 1530/988/97
f 1530/988/97 1641/990/97 937/989/94
f 1048/991/94 937/989/94 1641/990/97
f 1641/990/97 1752/992/97 1048/991/94
f 1159/993/94 1048/991/94 1752/992/97
f 1752/992/97 1863/994/97 1159/993/94
f 1270/968/94 1159/993/94 1863/994/97
f 1863/994/97 1974/967/97 1270/968/94
f 1381/995/95 1270/968/94 1974/967/97
f 1974/967/97 2085/996/96 1381/995/95
f 1602/994/51 1601/998/51 899/997/49
f 899/997/49 898/993/49 1602/994/51
f 1604/999/51 1602/994/51 898/993/49
f 898/993/49 900/1000/49 1604/999/51
f 2158/263/6 754/263/6 755/254/6
f 755/254/6 2159/254/6 2158/263/6
f 2159/254/6 755/254/6 757/267/6
f 757/267/6 2160/267/6 2159/254/6
f 2160/267/6 757/267/6 759/270/6
f 759/270/6 2161/270/6 2160/267/6
f 2161/270/6 759/270/6 761/273/6
f 761/273/6 2162/273/6 2161/270/6
f 2162/273/6 761/273/6 763/276/6
f 763/276/6 2163/276/6 2162/273/6
f 2163/276/6 763/276/6 765/279/6
f 765/279/6 2164/279/6 2163/276/6
f 2164/279/6 765/279/6 767/282/6
f 767/282/6 2165/282/6 2164/279/6
f 2165/282/6 767/282/6 769/285/6
f 769/285/6 2166/285/6 2165/282/6
f 2166/285/6 769/285/6 771/288/6
f 771/288/6 2167/288/6 2166/285/6
f 2167/288/6 771/288/6 773/291/6
f 773/291/6 2168/291/6 2167/288/6
f 2168/291/6 773/291/6 775/294/6
f 775/294/6 2169/294/6 2168/291/6
f 2169/294/6 775/294/6 777/297/6
f 777/297/6 2170/297/6 2169/294/6
f 2170/297/6 777/297/6 779/300/6
f 779/300/6 2171/300/6 2170/297/6
f 2171/300/6 779/300/6 781/303/6
f 781/303/6 2172/303/6 2171/300/6
f 2172/303/6 781/303/6 783/306/6
f 783/306/6 2173/306/6 2172/303/6
f 2173/306/6 783/306/6 785/309/6
f 785/309/6 2174/309/6 2173/306/6
f 2174/309/6 785/309/6 787/311/6
f 787/311/6 2175/311/6 2174/309/6
f 2175/311/6 787/311/6 789/314/6
f 789/314/6 2176/314/6 2175/311/6
f 2176/314/6 789/314/6 791/317/6
f 791/317/6 2177/317/6 2176/314/6
f 2177/317/6 791/317/6 793/320/6
f 793/320/6 2178/320/6 2177/317/6
f 2178/320/6 793/320/6 795/323/6
f 795/323/6 2179/323/6 2178/320/6
f 2179/323/6 795/323/6 797/326/6
f 797/326/6 2180/326/6 2179/323/6
f 2180/326/6 797/326/6 799/329/6
f 799/329/6 2181/329/6 2180/326/6
f 2181/329/6 799/329/6 801/332/6
f 801/332/6 2182/332/6 2181/329/6
f 2182/332/6 801/332/6 803/335/6
f 803/335/6 2183/335/6 2182/332/6
f 2183/335/6 803/335/6 805/338/6
f 805/338/6 2184/338/6 2183/335/6
f 2184/338/6 805/338/6 807/341/6
f 807/341/6 2185/341/6 2184/338/6
f 2185/341/6 807/341/6 809/344/6
f 809/344/6 2186/344/6 2185/341/6
f 2186/344/6 809/344/6 811/347/6
f 811/347/6 2187/347/6 2186/344/6
f 2187/347/6 811/347/6 813/350/6
f 813/350/6 2188/350/6 2187/347/6
f 2188/350/6 813/350/6 815/353/6
f 815/353/6 2189/353/6 2188/350/6
f 2189/353/6 815/353/6 817/356/6
f 817/356/6 2190/356/6 2189/353/6
f 2190/356/6 817/356/6 819/359/6
f 819/359/6 2191/359/6 2190/356/6
f 2191/359/6 819/359/6 821/362/6
f 821/362/6 2192/362/6 2191/359/6
f 2192/362/6 821/362/6 823/259/6
f 823/259/6 751/259/6 2192/362/6
f 751/259/6 823/259/6 825/258/6
f 825/258/6 750/258/6 751/259/6
f 899/435/1 2194/435/1 2193/253/1
f 2193/253/1 897/253/1 899/435/1
f 897/253/1 2193/253/1 2195/432/1
f 2195/432/1 895/432/1 897/253/1
f 895/432/1 2195/432/1 2196/430/1
f 2196/430/1 893/430/1 895/432/1
f 893/430/1 2196/430/1 2197/428/1
f 2197/428/1 891/428/1 893/430/1
f 891/428/1 2197/428/1 2198/426/1
f 2198/426/1 889/426/1 891/428/1
f 889/426/1 2198/426/1 2199/424/1
f 2199/424/1 887/424/1 889/426/1
f 887/424/1 2199/424/1 2200/422/1
f 2200/422/1 885/422/1 887/424/1
f 885/422/1 2200/422/1 2201/420/1
f 2201/420/1 883/420/1 885/422/1
f 883/420/1 2201/420/1 2202/418/1
f 2202/418/1 881/418/1 883/420/1
f 881/418/1 2202/418/1 2203/416/1
f 2203/416/1 879/416/1 881/418/1
f 879/416/1 2203/416/1 2204/414/1
f 2204/414/1 877/414/1 879/416/1
f 877/414/1 2204/414/1 2205/412/1
f 2205/412/1 875/412/1 877/414/1
f 875/412/1 2205/412/1 2206/410/1
f 2206/410/1 873/410/1 875/412/1
f 873/410/1 2206/410/1 2207/408/1
f 2207/408/1 871/408/1 873/410/1
f 871/408/1 2207/408/1 2208/406/1
f 2208/406/1 869/406/1 871/408/1
f 869/406/1 2208/406/1 2209/404/1
f 2209/404/1 867/404/1 869/406/1
f 867/404/1 2209/404/1 2210/402/1
f 2210/402/1 865/402/1 867/404/1
f 865/402/1 2210/402/1 2211/400/1
f 2211/400/1 863/400/1 865/402/1
f 863/400/1 2211/400/1 2212/398/1
f 2212/398/1 861/398/1 863/400/1
f 861/398/1 2212/398/1 2213/396/1
f 2213/396/1 859/396/1 861/398/1
f 859/396/1 2213/396/1 2214/394/1
f 2214/394/1 857/394/1 859/396/1
f 857/394/1 2214/394/1 2215/392/1
f 2215/392/1 855/392/1 857/394/1
f 855/392/1 2215/392/1 2216/390/1
f 2216/390/1 853/390/1 855/392/1
f 853/390/1 2216/390/1 2217/388/1
f 2217/388/1 851/388/1 853/390/1
f 851/388/1 2217/388/1 2218/386/1
f 2218/386/1 849/386/1 851/388/1
f 849/386/1 2218/386/1 2219/384/1
f 2219/384/1 847/384/1 849/386/1
f 847/384/1 2219/384/1 2220/382/1
f 2220/382/1 845/382/1 847/384/1
f 845/382/1 2220/382/1 2221/380/1
f 2221/380/1 843/380/1 845/382/1
f 843/380/1 2221/380/1 2222/378/1
f 2222/378/1 841/378/1 843/380/1
f 841/378/1 2222/378/1 2223/376/1
f 2223/376/1 839/376/1 841/378/1
f 839/376/1 2223/376/1 2224/374/1
f 2224/374/1 837/374/1 839/376/1
f 837/374/1 2224/374/1 2225/372/1
f 2225/372/1 835/372/1 837/374/1
f 835/372/1 2225/372/1 2226/370/1
f 2226/370/1 833/370/1 835/372/1
f 833/370/1 2226/370/1 2227/368/1
f 2227/368/1 831/368/1 833/370/1
f 831/368/1 2227/368/1 748/256/1
f 748/256/1 829/256/1 831/368/1
f 829/256/1 748/256/1 749/257/1
f 749/257/1 827/257/1 829/256/1
f 754/970/6 2158/970/6 2228/969/6
f 2228/969/6 1456/969/6 754/970/6
f 1601/998/1 2229/998/1 2194/997/1
f 2194/997/1 899/997/1 1601/998/1
f 1456/971/6 2228/971/6 2230/259/6
f 2230/259/6 1493/259/6 1456/971/6
f 1493/259/6 2230/259/6 2231/362/6
f 2231/362/6 1494/362/6 1493/259/6
f 1494/362/6 2231/362/6 2232/359/6
f 2232/359/6 1495/359/6 1494/362/6
f 1495/359/6 2232/359/6 2233/356/6
f 2233/356/6 1496/356/6 1495/359/6
f 1496/356/6 2233/356/6 2234/353/6
f 2234/353/6 1497/353/6 1496/356/6
f 1497/353/6 2234/353/6 2235/350/6
f 2235/350/6 1498/350/6 1497/353/6
f 1498/350/6 2235/350/6 2236/347/6
f 2236/347/6 1499/347/6 1498/350/6
f 1499/347/6 2236/347/6 2237/344/6
f 2237/344/6 1500/344/6 1499/347/6
f 1500/344/6 2237/344/6 2238/341/6
f 2238/341/6 1501/341/6 1500/344/6
f 1501/341/6 2238/341/6 2239/338/6
f 2239/338/6 1502/338/6 1501/341/6
f 1502/338/6 2239/338/6 2240/335/6
f 2240/335/6 1503/335/6 1502/338/6
f 1503/335/6 2240/335/6 2241/332/6
f 2241/332/6 1504/332/6 1503/335/6
f 1504/332/6 2241/332/6 2242/329/6
f 2242/329/6 1505/329/6 1504/332/6
f 1505/329/6 2242/329/6 2243/326/6
f 2243/326/6 1506/326/6 1505/329/6
f 1506/326/6 2243/326/6 2244/323/6
f 2244/323/6 1507/323/6 1506/326/6
f 1507/323/6 2244/323/6 2245/320/6
f 2245/320/6 1508/320/6 1507/323/6
f 1508/320/6 2245/320/6 2246/317/6
f 2246/317/6 1509/317/6 1508/320/6
f 1509/317/6 2246/317/6 2247/314/6
f 2247/314/6 1510/314/6 1509/317/6
f 1510/314/6 2247/314/6 2248/311/6
f 2248/311/6 1511/311/6 1510/314/6
f 1511/311/6 2248/311/6 2249/309/6
f 2249/309/6 1512/309/6 1511/311/6
f 1512/309/6 2249/309/6 2250/306/6
f 2250/306/6 1513/306/6 1512/309/6
f 1513/306/6 2250/306/6 2251/303/6
f 2251/303/6 1514/303/6 1513/306/6
f 1514/303/6 2251/303/6 2252/300/6
f 2252/300/6 1515/300/6 1514/303/6
f 1515/300/6 2252/300/6 2253/297/6
f 2253/297/6 1516/297/6 1515/300/6
f 1516/297/6 2253/297/6 2254/294/6
f 2254/294/6 1517/294/6 1516/297/6
f 1517/294/6 2254/294/6 2255/291/6
f 2255/291/6 1518/291/6 1517/294/6
f 1518/291/6 2255/291/6 2256/288/6
f 2256/288/6 1519/288/6 1518/291/6
f 1519/288/6 2256/288/6 2257/285/6
f 2257/285/6 1520/285/6 1519/288/6
f 1520/285/6 2257/285/6 2258/282/6
f 2258/282/6 1521/282/6 1520/285/6
f 1521/282/6 2258/282/6 2259/279/6
f 2259/279/6 1522/279/6 1521/282/6
f 1522/279/6 2259/279/6 2260/276/6
f 2260/276/6 1523/276/6 1522/279/6
f 1523/276/6 2260/276/6 2261/273/6
f 2261/273/6 1524/273/6 1523/276/6
f 1524/273/6 2261/273/6 2262/270/6
f 2262/270/6 1525/270/6 1524/273/6
f 1525/270/6 2262/270/6 2263/267/6
f 2263/267/6 1526/267/6 1525/270/6
f 1526/267/6 2263/267/6 746/254/6
f 746/254/6 1527/254/6 1526/267/6
f 1527/254/6 746/254/6 747/255/6
f 747/255/6 1528/255/6 1527/254/6
f 2229/972/1 1601/972/1 1599/256/1
f 1599/256/1 2264/256/1 2229/972/1
f 2264/256/1 1599/256/1 1597/368/1
f 1597/368/1 2265/368/1 2264/256/1
f 2265/368/1 1597/368/1 1595/370/1
f 1595/370/1 2266/370/1 2265/368/1
f 2266/370/1 1595/370/1 1593/372/1
f 1593/372/1 2267/372/1 2266/370/1
f 2267/372/1 1593/372/1 1591/374/1
f 1591/374/1 2268/374/1 2267/372/1
f 2268/374/1 1591/374/1 1589/376/1
f 1589/376/1 2269/376/1 2268/374/1
f 2269/376/1 1589/376/1 1587/378/1
f 1587/378/1 2270/378/1 2269/376/1
f 2270/378/1 1587/378/1 1585/380/1
f 1585/380/1 2271/380/1 2270/378/1
f 2271/380/1 1585/380/1 1583/382/1
f 1583/382/1 2272/382/1 2271/380/1
f 2272/382/1 1583/382/1 1581/384/1
f 1581/384/1 2273/384/1 2272/382/1
f 2273/384/1 1581/384/1 1579/386/1
f 1579/386/1 2274/386/1 2273/384/1
f 2274/386/1 1579/386/1 1577/388/1
f 1577/388/1 2275/388/1 2274/386/1
f 2275/388/1 1577/388/1 1575/390/1
f 1575/390/1 2276/390/1 2275/388/1
f 2276/390/1 1575/390/1 1573/392/1
f 1573/392/1 2277/392/1 2276/390/1
f 2277/392/1 1573/392/1 1571/394/1
f 1571/394/1 2278/394/1 2277/392/1
f 2278/394/1 1571/394/1 1569/396/1
f 1569/396/1 2279/396/1 2278/394/1
f 2279/396/1 1569/396/1 1567/398/1
f 1567/398/1 2280/398/1 2279/396/1
f 2280/398/1 1567/398/1 1565/400/1
f 1565/400/1 2281/400/1 2280/398/1
f 2281/400/1 1565/400/1 1563/402/1
f 1563/402/1 2282/402/1 2281/400/1
f 2282/402/1 1563/402/1 1561/404/1
f 1561/404/1 2283/404/1 2282/402/1
f 2283/404/1 1561/404/1 1559/406/1
f 1559/406/1 2284/406/1 2283/404/1
f 2284/406/1 1559/406/1 1557/408/1
f 1557/408/1 2285/408/1 2284/406/1
f 2285/408/1 1557/408/1 1555/410/1
f 1555/410/1 2286/410/1 2285/408/1
f 2286/410/1 1555/410/1 1553/412/1
f 1553/412/1 2287/412/1 2286/410/1
f 2287/412/1 1553/412/1 1551/414/1
f 1551/414/1 2288/414/1 2287/412/1
f 2288/414/1 1551/414/1 1549/416/1
f 1549/416/1 2289/416/1 2288/414/1
f 2289/416/1 1549/416/1 1547/418/1
f 1547/418/1 2290/418/1 2289/416/1
f 2290/418/1 1547/418/1 1545/420/1
f 1545/420/1 2291/420/1 2290/418/1
f 2291/420/1 1545/420/1 1543/422/1
f 1543/422/1 2292/422/1 2291/420/1
f 2292/422/1 1543/422/1 1541/424/1
f 1541/424/1 2293/424/1 2292/422/1
f 2293/424/1 1541/424/1 1539/426/1
f 1539/426/1 2294/426/1 2293/424/1
f 2294/426/1 1539/426/1 1537/428/1
f 1537/428/1 2295/428/1 2294/426/1
f 2295/428/1 1537/428/1 1535/430/1
f 1535/430/1 2296/430/1 2295/428/1
f 2296/430/1 1535/430/1 1533/432/1
f 1533/432/1 2297/432/1 2296/430/1
f 2297/432/1 1533/432/1 1531/253/1
f 1531/253/1 745/253/1 2297/432/1
f 745/253/1 1531/253/1 1529/252/1
f 1529/252/1 744/252/1 745/253/1
f 1528/255/98 747/255/98 744/252/98
f 744/252/98 1529/252/98 1528/255/98
f 827/257/99 749/257/99 750/258/99
f 750/258/99 825/258/99 827/257/99
f 1713/992/51 1712/1002/51 1010/1001/49
f 1010/1001/49 1009/991/49 1713/992/51
f 1715/1003/51 1713/992/51 1009/991/49
f 1009/991/49 1011/1004/49 1715/1003/51
f 2298/436/6 900/436/6 901/246/6
f 901/246/6 2299/246/6 2298/436/6
f 2299/246/6 901/246/6 902/437/6
f 902/437/6 2300/437/6 2299/246/6
f 2300/437/6 902/437/6 903/438/6
f 903/438/6 2301/438/6 2300/437/6
f 2301/438/6 903/438/6 904/439/6
f 904/439/6 2302/439/6 2301/438/6
f 2302/439/6 904/439/6 905/440/6
f 905/440/6 2303/440/6 2302/439/6
f 2303/440/6 905/440/6 906/441/6
f 906/441/6 2304/441/6 2303/440/6
f 2304/441/6 906/441/6 907/442/6
f 907/442/6 2305/442/6 2304/441/6
f 2305/442/6 907/442/6 908/443/6
f 908/443/6 2306/443/6 2305/442/6
f 2306/443/6 908/443/6 909/444/6
f 909/444/6 2307/444/6 2306/443/6
f 2307/444/6 909/444/6 910/445/6
f 910/445/6 2308/445/6 2307/444/6
f 2308/445/6 910/445/6 911/446/6
f 911/446/6 2309/446/6 2308/445/6
f 2309/446/6 911/446/6 912/447/6
f 912/447/6 2310/447/6 2309/446/6
f 2310/447/6 912/447/6 913/448/6
f 913/448/6 2311/448/6 2310/447/6
f 2311/448/6 913/448/6 914/449/6
f 914/449/6 2312/449/6 2311/448/6
f 2312/449/6 914/449/6 915/450/6
f 915/450/6 2313/450/6 2312/449/6
f 2313/450/6 915/450/6 916/451/6
f 916/451/6 2314/451/6 2313/450/6
f 2314/451/6 916/451/6 917/452/6
f 917/452/6 2315/452/6 2314/451/6
f 2315/452/6 917/452/6 918/453/6
f 918/453/6 2316/453/6 2315/452/6
f 2316/453/6 918/453/6 919/454/6
f 919/454/6 2317/454/6 2316/453/6
f 2317/454/6 919/454/6 920/455/6
f 920/455/6 2318/455/6 2317/454/6
f 2318/455/6 920/455/6 921/456/6
f 921/456/6 2319/456/6 2318/455/6
f 2319/456/6 921/456/6 922/457/6
f 922/457/6 2320/457/6 2319/456/6
f 2320/457/6 922/457/6 923/458/6
f 923/458/6 2321/458/6 2320/457/6
f 2321/458/6 923/458/6 924/459/6
f 924/459/6 2322/459/6 2321/458/6
f 2322/459/6 924/459/6 925/460/6
f 925/460/6 2323/460/6 2322/459/6
f 2323/460/6 925/460/6 926/461/6
f 926/461/6 2324/461/6 2323/460/6
f 2324/461/6 926/461/6 927/462/6
f 927/462/6 2325/462/6 2324/461/6
f 2325/462/6 927/462/6 928/463/6
f 928/463/6 2326/463/6 2325/462/6
f 2326/463/6 928/463/6 929/464/6
f 929/464/6 2327/464/6 2326/463/6
f 2327/464/6 929/464/6 930/465/6
f 930/465/6 2328/465/6 2327/464/6
f 2328/465/6 930/465/6 931/466/6
f 931/466/6 2329/466/6 2328/465/6
f 2329/466/6 931/466/6 932/467/6
f 932/467/6 2330/467/6 2329/466/6
f 2330/467/6 932/467/6 933/468/6
f 933/468/6 2331/468/6 2330/467/6
f 2331/468/6 933/468/6 934/469/6
f 934/469/6 2332/469/6 2331/468/6
f 2332/469/6 934/469/6 935/251/6
f 935/251/6 743/251/6 2332/469/6
f 743/251/6 935/251/6 936/250/6
f 936/250/6 742/250/6 743/251/6
f 1010/540/1 2334/540/1 2333/245/1
f 2333/245/1 1008/245/1 1010/540/1
f 1008/245/1 2333/245/1 2335/537/1
f 2335/537/1 1006/537/1 1008/245/1
f 1006/537/1 2335/537/1 2336/535/1
f 2336/535/1 1004/535/1 1006/537/1
f 1004/535/1 2336/535/1 2337/533/1
f 2337/533/1 1002/533/1 1004/535/1
f 1002/533/1 2337/533/1 2338/531/1
f 2338/531/1 1000/531/1 1002/533/1
f 1000/531/1 2338/531/1 2339/529/1
f 2339/529/1 998/529/1 1000/531/1
f 998/529/1 2339/529/1 2340/527/1
f 2340/527/1 996/527/1 998/529/1
f 996/527/1 2340/527/1 2341/525/1
f 2341/525/1 994/525/1 996/527/1
f 994/525/1 2341/525/1 2342/523/1
f 2342/523/1 992/523/1 994/525/1
f 992/523/1 2342/523/1 2343/521/1
f 2343/521/1 990/521/1 992/523/1
f 990/521/1 2343/521/1 2344/519/1
f 2344/519/1 988/519/1 990/521/1
f 988/519/1 2344/519/1 2345/517/1
f 2345/517/1 986/517/1 988/519/1
f 986/517/1 2345/517/1 2346/515/1
f 2346/515/1 984/515/1 986/517/1
f 984/515/1 2346/515/1 2347/513/1
f 2347/513/1 982/513/1 984/515/1
f 982/513/1 2347/513/1 2348/511/1
f 2348/511/1 980/511/1 982/513/1
f 980/511/1 2348/511/1 2349/509/1
f 2349/509/1 978/509/1 980/511/1
f 978/509/1 2349/509/1 2350/507/1
f 2350/507/1 976/507/1 978/509/1
f 976/507/1 2350/507/1 2351/505/1
f 2351/505/1 974/505/1 976/507/1
f 974/505/1 2351/505/1 2352/503/1
f 2352/503/1 972/503/1 974/505/1
f 972/503/1 2352/503/1 2353/501/1
f 2353/501/1 970/501/1 972/503/1
f 970/501/1 2353/501/1 2354/499/1
f 2354/499/1 968/499/1 970/501/1
f 968/499/1 2354/499/1 2355/497/1
f 2355/497/1 966/497/1 968/499/1
f 966/497/1 2355/497/1 2356/495/1
f 2356/495/1 964/495/1 966/497/1
f 964/495/1 2356/495/1 2357/493/1
f 2357/493/1 962/493/1 964/495/1
f 962/493/1 2357/493/1 2358/491/1
f 2358/491/1 960/491/1 962/493/1
f 960/491/1 2358/491/1 2359/489/1
f 2359/489/1 958/489/1 960/491/1
f 958/489/1 2359/489/1 2360/487/1
f 2360/487/1 956/487/1 958/489/1
f 956/487/1 2360/487/1 2361/485/1
f 2361/485/1 954/485/1 956/487/1
f 954/485/1 2361/485/1 2362/483/1
f 2362/483/1 952/483/1 954/485/1
f 952/483/1 2362/483/1 2363/481/1
f 2363/481/1 950/481/1 952/483/1
f 950/481/1 2363/481/1 2364/479/1
f 2364/479/1 948/479/1 950/481/1
f 948/479/1 2364/479/1 2365/477/1
f 2365/477/1 946/477/1 948/479/1
f 946/477/1 2365/477/1 2366/475/1
f 2366/475/1 944/475/1 946/477/1
f 944/475/1 2366/475/1 2367/473/1
f 2367/473/1 942/473/1 944/475/1
f 942/473/1 2367/473/1 740/248/1
f 740/248/1 940/248/1 942/473/1
f 940/248/1 740/248/1 741/249/1
f 741/249/1 938/249/1 940/248/1
f 900/1000/6 2298/1000/6 2368/999/6
f 2368/999/6 1604/999/6 900/1000/6
f 1712/1002/1 2369/1002/1 2334/1001/1
f 2334/1001/1 1010/1001/1 1712/1002/1
f 1604/973/6 2368/973/6 2370/251/6
f 2370/251/6 1603/251/6 1604/973/6
f 1603/251/6 2370/251/6 2371/469/6
f 2371/469/6 1605/469/6 1603/251/6
f 1605/469/6 2371/469/6 2372/468/6
f 2372/468/6 1606/468/6 1605/469/6
f 1606/468/6 2372/468/6 2373/467/6
f 2373/467/6 1607/467/6 1606/468/6
f 1607/467/6 2373/467/6 2374/466/6
f 2374/466/6 1608/466/6 1607/467/6
f 1608/466/6 2374/466/6 2375/465/6
f 2375/465/6 1609/465/6 1608/466/6
f 1609/465/6 2375/465/6 2376/464/6
f 2376/464/6 1610/464/6 1609/465/6
f 1610/464/6 2376/464/6 2377/463/6
f 2377/463/6 1611/463/6 1610/464/6
f 1611/463/6 2377/463/6 2378/462/6
f 2378/462/6 1612/462/6 1611/463/6
f 1612/462/6 2378/462/6 2379/461/6
f 2379/461/6 1613/461/6 1612/462/6
f 1613/461/6 2379/461/6 2380/460/6
f 2380/460/6 1614/460/6 1613/461/6
f 1614/460/6 2380/460/6 2381/459/6
f 2381/459/6 1615/459/6 1614/460/6
f 1615/459/6 2381/459/6 2382/458/6
f 2382/458/6 1616/458/6 1615/459/6
f 1616/458/6 2382/458/6 2383/457/6
f 2383/457/6 1617/457/6 1616/458/6
f 1617/457/6 2383/457/6 2384/456/6
f 2384/456/6 1618/456/6 1617/457/6
f 1618/456/6 2384/456/6 2385/455/6
f 2385/455/6 1619/455/6 1618/456/6
f 1619/455/6 2385/455/6 2386/454/6
f 2386/454/6 1620/454/6 1619/455/6
f 1620/454/6 2386/454/6 2387/453/6
f 2387/453/6 1621/453/6 1620/454/6
f 1621/453/6 2387/453/6 2388/452/6
f 2388/452/6 1622/452/6 1621/453/6
f 1622/452/6 2388/452/6 2389/451/6
f 2389/451/6 1623/451/6 1622/452/6
f 1623/451/6 2389/451/6 2390/450/6
f 2390/450/6 1624/450/6 1623/451/6
f 1624/450/6 2390/450/6 2391/449/6
f 2391/449/6 1625/449/6 1624/450/6
f 1625/449/6 2391/449/6 2392/448/6
f 2392/448/6 1626/448/6 1625/449/6
f 1626/448/6 2392/448/6 2393/447/6
f 2393/447/6 1627/447/6 1626/448/6
f 1627/447/6 2393/447/6 2394/446/6
f 2394/446/6 1628/446/6 1627/447/6
f 1628/446/6 2394/446/6 2395/445/6
f 2395/445/6 1629/445/6 1628/446/6
f 1629/445/6 2395/445/6 2396/444/6
f 2396/444/6 1630/444/6 1629/445/6
f 1630/444/6 2396/444/6 2397/443/6
f 2397/443/6 1631/443/6 1630/444/6
f 1631/443/6 2397/443/6 2398/442/6
f 2398/442/6 1632/442/6 1631/443/6
f 1632/442/6 2398/442/6 2399/441/6
f 2399/441/6 1633/441/6 1632/442/6
f 1633/441/6 2399/441/6 2400/440/6
f 2400/440/6 1634/440/6 1633/441/6
f 1634/440/6 2400/440/6 2401/439/6
f 2401/439/6 1635/439/6 1634/440/6
f 1635/439/6 2401/439/6 2402/438/6
f 2402/438/6 1636/438/6 1635/439/6
f 1636/438/6 2402/438/6 2403/437/6
f 2403/437/6 1637/437/6 1636/438/6
f 1637/437/6 2403/437/6 738/246/6
f 738/246/6 1638/246/6 1637/437/6
f 1638/246/6 738/246/6 739/247/6
f 739/247/6 1639/247/6 1638/246/6
f 2369/974/1 1712/974/1 1710/248/1
f 1710/248/1 2404/248/1 2369/974/1
f 2404/248/1 1710/248/1 1708/473/1
f 1708/473/1 2405/473/1 2404/248/1
f 2405/473/1 1708/473/1 1706/475/1
f 1706/475/1 2406/475/1 2405/473/1
f 2406/475/1 1706/475/1 1704/477/1
f 1704/477/1 2407/477/1 2406/475/1
f 2407/477/1 1704/477/1 1702/479/1
f 1702/479/1 2408/479/1 2407/477/1
f 2408/479/1 1702/479/1 1700/481/1
f 1700/481/1 2409/481/1 2408/479/1
f 2409/481/1 1700/481/1 1698/483/1
f 1698/483/1 2410/483/1 2409/481/1
f 2410/483/1 1698/483/1 1696/485/1
f 1696/485/1 2411/485/1 2410/483/1
f 2411/485/1 1696/485/1 1694/487/1
f 1694/487/1 2412/487/1 2411/485/1
f 2412/487/1 1694/487/1 1692/489/1
f 1692/489/1 2413/489/1 2412/487/1
f 2413/489/1 1692/489/1 1690/491/1
f 1690/491/1 2414/491/1 2413/489/1
f 2414/491/1 1690/491/1 1688/493/1
f 1688/493/1 2415/493/1 2414/491/1
f 2415/493/1 1688/493/1 1686/495/1
f 1686/495/1 2416/495/1 2415/493/1
f 2416/495/1 1686/495/1 1684/497/1
f 1684/497/1 2417/497/1 2416/495/1
f 2417/497/1 1684/497/1 1682/499/1
f 1682/499/1 2418/499/1 2417/497/1
f 2418/499/1 1682/499/1 1680/501/1
f 1680/501/1 2419/501/1 2418/499/1
f 2419/501/1 1680/501/1 1678/503/1
f 1678/503/1 2420/503/1 2419/501/1
f 2420/503/1 1678/503/1 1676/505/1
f 1676/505/1 2421/505/1 2420/503/1
f 2421/505/1 1676/505/1 1674/507/1
f 1674/507/1 2422/507/1 2421/505/1
f 2422/507/1 1674/507/1 1672/509/1
f 1672/509/1 2423/509/1 2422/507/1
f 2423/509/1 1672/509/1 1670/511/1
f 1670/511/1 2424/511/1 2423/509/1
f 2424/511/1 1670/511/1 1668/513/1
f 1668/513/1 2425/513/1 2424/511/1
f 2425/513/1 1668/513/1 1666/515/1
f 1666/515/1 2426/515/1 2425/513/1
f 2426/515/1 1666/515/1 1664/517/1
f 1664/517/1 2427/517/1 2426/515/1
f 2427/517/1 1664/517/1 1662/519/1
f 1662/519/1 2428/519/1 2427/517/1
f 2428/519/1 1662/519/1 1660/521/1
f 1660/521/1 2429/521/1 2428/519/1
f 2429/521/1 1660/521/1 1658/523/1
f 1658/523/1 2430/523/1 2429/521/1
f 2430/523/1 1658/523/1 1656/525/1
f 1656/525/1 2431/525/1 2430/523/1
f 2431/525/1 1656/525/1 1654/527/1
f 1654/527/1 2432/527/1 2431/525/1
f 2432/527/1 1654/527/1 1652/529/1
f 1652/529/1 2433/529/1 2432/527/1
f 2433/529/1 1652/529/1 1650/531/1
f 1650/531/1 2434/531/1 2433/529/1
f 2434/531/1 1650/531/1 1648/533/1
f 1648/533/1 2435/533/1 2434/531/1
f 2435/533/1 1648/533/1 1646/535/1
f 1646/535/1 2436/535/1 2435/533/1
f 2436/535/1 1646/535/1 1644/537/1
f 1644/537/1 2437/537/1 2436/535/1
f 2437/537/1 1644/537/1 1642/245/1
f 1642/245/1 737/245/1 2437/537/1
f 737/245/1 1642/245/1 1640/244/1
f 1640/244/1 736/244/1 737/245/1
f 1639/247/98 739/247/98 736/244/98
f 736/244/98 1640/244/98 1639/247/98
f 938/249/99 741/249/99 742/250/99
f 742/250/99 936/250/99 938/249/99
f 1824/990/51 1823/1006/51 1121/1005/49
f 1121/1005/49 1120/989/49 1824/990/51
f 1826/1007/51 1824/990/51 1120/989/49
f 1120/989/49 1122/1008/49 1826/1007/51
f 2438/541/6 1011/541/6 1012/238/6
f 1012/238/6 2439/238/6 2438/541/6
f 2439/238/6 1012/238/6 1013/542/6
f 1013/542/6 2440/542/6 2439/238/6
f 2440/542/6 1013/542/6 1014/543/6
f 1014/543/6 2441/543/6 2440/542/6
f 2441/543/6 1014/543/6 1015/544/6
f 1015/544/6 2442/544/6 2441/543/6
f 2442/544/6 1015/544/6 1016/545/6
f 1016/545/6 2443/545/6 2442/544/6
f 2443/545/6 1016/545/6 1017/546/6
f 1017/546/6 2444/546/6 2443/545/6
f 2444/546/6 1017/546/6 1018/547/6
f 1018/547/6 2445/547/6 2444/546/6
f 2445/547/6 1018/547/6 1019/548/6
f 1019/548/6 2446/548/6 2445/547/6
f 2446/548/6 1019/548/6 1020/549/6
f 1020/549/6 2447/549/6 2446/548/6
f 2447/549/6 1020/549/6 1021/550/6
f 1021/550/6 2448/550/6 2447/549/6
f 2448/550/6 1021/550/6 1022/551/6
f 1022/551/6 2449/551/6 2448/550/6
f 2449/551/6 1022/551/6 1023/552/6
f 1023/552/6 2450/552/6 2449/551/6
f 2450/552/6 1023/552/6 1024/553/6
f 1024/553/6 2451/553/6 2450/552/6
f 2451/553/6 1024/553/6 1025/554/6
f 1025/554/6 2452/554/6 2451/553/6
f 2452/554/6 1025/554/6 1026/555/6
f 1026/555/6 2453/555/6 2452/554/6
f 2453/555/6 1026/555/6 1027/556/6
f 1027/556/6 2454/556/6 2453/555/6
f 2454/556/6 1027/556/6 1028/557/6
f 1028/557/6 2455/557/6 2454/556/6
f 2455/557/6 1028/557/6 1029/558/6
f 1029/558/6 2456/558/6 2455/557/6
f 2456/558/6 1029/558/6 1030/559/6
f 1030/559/6 2457/559/6 2456/558/6
f 2457/559/6 1030/559/6 1031/560/6
f 1031/560/6 2458/560/6 2457/559/6
f 2458/560/6 1031/560/6 1032/561/6
f 1032/561/6 2459/561/6 2458/560/6
f 2459/561/6 1032/561/6 1033/562/6
f 1033/562/6 2460/562/6 2459/561/6
f 2460/562/6 1033/562/6 1034/563/6
f 1034/563/6 2461/563/6 2460/562/6
f 2461/563/6 1034/563/6 1035/564/6
f 1035/564/6 2462/564/6 2461/563/6
f 2462/564/6 1035/564/6 1036/565/6
f 1036/565/6 2463/565/6 2462/564/6
f 2463/565/6 1036/565/6 1037/566/6
f 1037/566/6 2464/566/6 2463/565/6
f 2464/566/6 1037/566/6 1038/567/6
f 1038/567/6 2465/567/6 2464/566/6
f 2465/567/6 1038/567/6 1039/568/6
f 1039/568/6 2466/568/6 2465/567/6
f 2466/568/6 1039/568/6 1040/569/6
f 1040/569/6 2467/569/6 2466/568/6
f 2467/569/6 1040/569/6 1041/570/6
f 1041/570/6 2468/570/6 2467/569/6
f 2468/570/6 1041/570/6 1042/571/6
f 1042/571/6 2469/571/6 2468/570/6
f 2469/571/6 1042/571/6 1043/572/6
f 1043/572/6 2470/572/6 2469/571/6
f 2470/572/6 1043/572/6 1044/573/6
f 1044/573/6 2471/573/6 2470/572/6
f 2471/573/6 1044/573/6 1045/574/6
f 1045/574/6 2472/574/6 2471/573/6
f 2472/574/6 1045/574/6 1046/243/6
f 1046/243/6 735/243/6 2472/574/6
f 735/243/6 1046/243/6 1047/242/6
f 1047/242/6 734/242/6 735/243/6
f 1121/645/1 2474/645/1 2473/237/1
f 2473/237/1 1119/237/1 1121/645/1
f 1119/237/1 2473/237/1 2475/642/1
f 2475/642/1 1117/642/1 1119/237/1
f 1117/642/1 2475/642/1 2476/640/1
f 2476/640/1 1115/640/1 1117/642/1
f 1115/640/1 2476/640/1 2477/638/1
f 2477/638/1 1113/638/1 1115/640/1
f 1113/638/1 2477/638/1 2478/636/1
f 2478/636/1 1111/636/1 1113/638/1
f 1111/636/1 2478/636/1 2479/634/1
f 2479/634/1 1109/634/1 1111/636/1
f 1109/634/1 2479/634/1 2480/632/1
f 2480/632/1 1107/632/1 1109/634/1
f 1107/632/1 2480/632/1 2481/630/1
f 2481/630/1 1105/630/1 1107/632/1
f 1105/630/1 2481/630/1 2482/628/1
f 2482/628/1 1103/628/1 1105/630/1
f 1103/628/1 2482/628/1 2483/626/1
f 2483/626/1 1101/626/1 1103/628/1
f 1101/626/1 2483/626/1 2484/624/1
f 2484/624/1 1099/624/1 1101/626/1
f 1099/624/1 2484/624/1 2485/622/1
f 2485/622/1 1097/622/1 1099/624/1
f 1097/622/1 2485/622/1 2486/620/1
f 2486/620/1 1095/620/1 1097/622/1
f 1095/620/1 2486/620/1 2487/618/1
f 2487/618/1 1093/618/1 1095/620/1
f 1093/618/1 2487/618/1 2488/616/1
f 2488/616/1 1091/616/1 1093/618/1
f 1091/616/1 2488/616/1 2489/614/1
f 2489/614/1 1089/614/1 1091/616/1
f 1089/614/1 2489/614/1 2490/612/1
f 2490/612/1 1087/612/1 1089/614/1
f 1087/612/1 2490/612/1 2491/610/1
f 2491/610/1 1085/610/1 1087/612/1
f 1085/610/1 2491/610/1 2492/608/1
f 2492/608/1 1083/608/1 1085/610/1
f 1083/608/1 2492/608/1 2493/606/1
f 2493/606/1 1081/606/1 1083/608/1
f 1081/606/1 2493/606/1 2494/604/1
f 2494/604/1 1079/604/1 1081/606/1
f 1079/604/1 2494/604/1 2495/602/1
f 2495/602/1 1077/602/1 1079/604/1
f 1077/602/1 2495/602/1 2496/600/1
f 2496/600/1 1075/600/1 1077/602/1
f 1075/600/1 2496/600/1 2497/598/1
f 2497/598/1 1073/598/1 1075/600/1
f 1073/598/1 2497/598/1 2498/596/1
f 2498/596/1 1071/596/1 1073/598/1
f 1071/596/1 2498/596/1 2499/594/1
f 2499/594/1 1069/594/1 1071/596/1
f 1069/594/1 2499/594/1 2500/592/1
f 2500/592/1 1067/592/1 1069/594/1
f 1067/592/1 2500/592/1 2501/590/1
f 2501/590/1 1065/590/1 1067/592/1
f 1065/590/1 2501/590/1 2502/588/1
f 2502/588/1 1063/588/1 1065/590/1
f 1063/588/1 2502/588/1 2503/586/1
f 2503/586/1 1061/586/1 1063/588/1
f 1061/586/1 2503/586/1 2504/584/1
f 2504/584/1 1059/584/1 1061/586/1
f 1059/584/1 2504/584/1 2505/582/1
f 2505/582/1 1057/582/1 1059/584/1
f 1057/582/1 2505/582/1 2506/580/1
f 2506/580/1 1055/580/1 1057/582/1
f 1055/580/1 2506/580/1 2507/578/1
f 2507/578/1 1053/578/1 1055/580/1
f 1053/578/1 2507/578/1 732/240/1
f 732/240/1 1051/240/1 1053/578/1
f 1051/240/1 732/240/1 733/241/1
f 733/241/1 1049/241/1 1051/240/1
f 1011/1004/6 2438/1004/6 2508/1003/6
f 2508/1003/6 1715/1003/6 1011/1004/6
f 1823/1006/1 2509/1006/1 2474/1005/1
f 2474/1005/1 1121/1005/1 1823/1006/1
f 1715/975/6 2508/975/6 2510/243/6
f 2510/243/6 1714/243/6 1715/975/6
f 1714/243/6 2510/243/6 2511/574/6
f 2511/574/6 1716/574/6 1714/243/6
f 1716/574/6 2511/574/6 2512/573/6
f 2512/573/6 1717/573/6 1716/574/6
f 1717/573/6 2512/573/6 2513/572/6
f 2513/572/6 1718/572/6 1717/573/6
f 1718/572/6 2513/572/6 2514/571/6
f 2514/571/6 1719/571/6 1718/572/6
f 1719/571/6 2514/571/6 2515/570/6
f 2515/570/6 1720/570/6 1719/571/6
f 1720/570/6 2515/570/6 2516/569/6
f 2516/569/6 1721/569/6 1720/570/6
f 1721/569/6 2516/569/6 2517/568/6
f 2517/568/6 1722/568/6 1721/569/6
f 1722/568/6 2517/568/6 2518/567/6
f 2518/567/6 1723/567/6 1722/568/6
f 1723/567/6 2518/567/6 2519/566/6
f 2519/566/6 1724/566/6 1723/567/6
f 1724/566/6 2519/566/6 2520/565/6
f 2520/565/6 1725/565/6 1724/566/6
f 1725/565/6 2520/565/6 2521/564/6
f 2521/564/6 1726/564/6 1725/565/6
f 1726/564/6 2521/564/6 2522/563/6
f 2522/563/6 1727/563/6 1726/564/6
f 1727/563/6 2522/563/6 2523/562/6
f 2523/562/6 1728/562/6 1727/563/6
f 1728/562/6 2523/562/6 2524/561/6
f 2524/561/6 1729/561/6 1728/562/6
f 1729/561/6 2524/561/6 2525/560/6
f 2525/560/6 1730/560/6 1729/561/6
f 1730/560/6 2525/560/6 2526/559/6
f 2526/559/6 1731/559/6 1730/560/6
f 1731/559/6 2526/559/6 2527/558/6
f 2527/558/6 1732/558/6 1731/559/6
f 1732/558/6 2527/558/6 2528/557/6
f 2528/557/6 1733/557/6 1732/558/6
f 1733/557/6 2528/557/6 2529/556/6
f 2529/556/6 1734/556/6 1733/557/6
f 1734/556/6 2529/556/6 2530/555/6
f 2530/555/6 1735/555/6 1734/556/6
f 1735/555/6 2530/555/6 2531/554/6
f 2531/554/6 1736/554/6 1735/555/6
f 1736/554/6 2531/554/6 2532/553/6
f 2532/553/6 1737/553/6 1736/554/6
f 1737/553/6 2532/553/6 2533/552/6
f 2533/552/6 1738/552/6 1737/553/6
f 1738/552/6 2533/552/6 2534/551/6
f 2534/551/6 1739/551/6 1738/552/6
f 1739/551/6 2534/551/6 2535/550/6
f 2535/550/6 1740/550/6 1739/551/6
f 1740/550/6 2535/550/6 2536/549/6
f 2536/549/6 1741/549/6 1740/550/6
f 1741/549/6 2536/549/6 2537/548/6
f 2537/548/6 1742/548/6 1741/549/6
f 1742/548/6 2537/548/6 2538/547/6
f 2538/547/6 1743/547/6 1742/548/6
f 1743/547/6 2538/547/6 2539/546/6
f 2539/546/6 1744/546/6 1743/547/6
f 1744/546/6 2539/546/6 2540/545/6
f 2540/545/6 1745/545/6 1744/546/6
f 1745/545/6 2540/545/6 2541/544/6
f 2541/544/6 1746/544/6 1745/545/6
f 1746/544/6 2541/544/6 2542/543/6
f 2542/543/6 1747/543/6 1746/544/6
f 1747/543/6 2542/543/6 2543/542/6
f 2543/542/6 1748/542/6 1747/543/6
f 1748/542/6 2543/542/6 730/238/6
f 730/238/6 1749/238/6 1748/542/6
f 1749/238/6 730/238/6 731/239/6
f 731/239/6 1750/239/6 1749/238/6
f 2509/976/1 1823/976/1 1821/240/1
f 1821/240/1 2544/240/1 2509/976/1
f 2544/240/1 1821/240/1 1819/578/1
f 1819/578/1 2545/578/1 2544/240/1
f 2545/578/1 1819/578/1 1817/580/1
f 1817/580/1 2546/580/1 2545/578/1
f 2546/580/1 1817/580/1 1815/582/1
f 1815/582/1 2547/582/1 2546/580/1
f 2547/582/1 1815/582/1 1813/584/1
f 1813/584/1 2548/584/1 2547/582/1
f 2548/584/1 1813/584/1 1811/586/1
f 1811/586/1 2549/586/1 2548/584/1
f 2549/586/1 1811/586/1 1809/588/1
f 1809/588/1 2550/588/1 2549/586/1
f 2550/588/1 1809/588/1 1807/590/1
f 1807/590/1 2551/590/1 2550/588/1
f 2551/590/1 1807/590/1 1805/592/1
f 1805/592/1 2552/592/1 2551/590/1
f 2552/592/1 1805/592/1 1803/594/1
f 1803/594/1 2553/594/1 2552/592/1
f 2553/594/1 1803/594/1 1801/596/1
f 1801/596/1 2554/596/1 2553/594/1
f 2554/596/1 1801/596/1 1799/598/1
f 1799/598/1 2555/598/1 2554/596/1
f 2555/598/1 1799/598/1 1797/600/1
f 1797/600/1 2556/600/1 2555/598/1
f 2556/600/1 1797/600/1 1795/602/1
f 1795/602/1 2557/602/1 2556/600/1
f 2557/602/1 1795/602/1 1793/604/1
f 1793/604/1 2558/604/1 2557/602/1
f 2558/604/1 1793/604/1 1791/606/1
f 1791/606/1 2559/606/1 2558/604/1
f 2559/606/1 1791/606/1 1789/608/1
f 1789/608/1 2560/608/1 2559/606/1
f 2560/608/1 1789/608/1 1787/610/1
f 1787/610/1 2561/610/1 2560/608/1
f 2561/610/1 1787/610/1 1785/612/1
f 1785/612/1 2562/612/1 2561/610/1
f 2562/612/1 1785/612/1 1783/614/1
f 1783/614/1 2563/614/1 2562/612/1
f 2563/614/1 1783/614/1 1781/616/1
f 1781/616/1 2564/616/1 2563/614/1
f 2564/616/1 1781/616/1 1779/618/1
f 1779/618/1 2565/618/1 2564/616/1
f 2565/618/1 1779/618/1 1777/620/1
f 1777/620/1 2566/620/1 2565/618/1
f 2566/620/1 1777/620/1 1775/622/1
f 1775/622/1 2567/622/1 2566/620/1
f 2567/622/1 1775/622/1 1773/624/1
f 1773/624/1 2568/624/1 2567/622/1
f 2568/624/1 1773/624/1 1771/626/1
f 1771/626/1 2569/626/1 2568/624/1
f 2569/626/1 1771/626/1 1769/628/1
f 1769/628/1 2570/628/1 2569/626/1
f 2570/628/1 1769/628/1 1767/630/1
f 1767/630/1 2571/630/1 2570/628/1
f 2571/630/1 1767/630/1 1765/632/1
f 1765/632/1 2572/632/1 2571/630/1
f 2572/632/1 1765/632/1 1763/634/1
f 1763/634/1 2573/634/1 2572/632/1
f 2573/634/1 1763/634/1 1761/636/1
f 1761/636/1 2574/636/1 2573/634/1
f 2574/636/1 1761/636/1 1759/638/1
f 1759/638/1 2575/638/1 2574/636/1
f 2575/638/1 1759/638/1 1757/640/1
f 1757/640/1 2576/640/1 2575/638/1
f 2576/640/1 1757/640/1 1755/642/1
f 1755/642/1 2577/642/1 2576/640/1
f 2577/642/1 1755/642/1 1753/237/1
f 1753/237/1 729/237/1 2577/642/1
f 729/237/1 1753/237/1 1751/236/1
f 1751/236/1 728/236/1 729/237/1
f 1750/239/98 731/239/98 728/236/98
f 728/236/98 1751/236/98 1750/239/98
f 1049/241/99 733/241/99 734/242/99
f 734/242/99 1047/242/99 1049/241/99
f 1935/988/51 1934/1010/51 1232/1009/49
f 1232/1009/49 1231/987/49 1935/988/51
f 1937/1011/51 1935/988/51 1231/987/49
f 1231/987/49 1233/1012/49 1937/1011/51
f 2578/646/6 1122/646/6 1123/230/6
f 1123/230/6 2579/230/6 2578/646/6
f 2579/230/6 1123/230/6 1124/647/6
f 1124/647/6 2580/647/6 2579/230/6
f 2580/647/6 1124/647/6 1125/648/6
f 1125/648/6 2581/648/6 2580/647/6
f 2581/648/6 1125/648/6 1126/649/6
f 1126/649/6 2582/649/6 2581/648/6
f 2582/649/6 1126/649/6 1127/650/6
f 1127/650/6 2583/650/6 2582/649/6
f 2583/650/6 1127/650/6 1128/651/6
f 1128/651/6 2584/651/6 2583/650/6
f 2584/651/6 1128/651/6 1129/652/6
f 1129/652/6 2585/652/6 2584/651/6
f 2585/652/6 1129/652/6 1130/653/6
f 1130/653/6 2586/653/6 2585/652/6
f 2586/653/6 1130/653/6 1131/654/6
f 1131/654/6 2587/654/6 2586/653/6
f 2587/654/6 1131/654/6 1132/655/6
f 1132/655/6 2588/655/6 2587/654/6
f 2588/655/6 1132/655/6 1133/656/6
f 1133/656/6 2589/656/6 2588/655/6
f 2589/656/6 1133/656/6 1134/657/6
f 1134/657/6 2590/657/6 2589/656/6
f 2590/657/6 1134/657/6 1135/658/6
f 1135/658/6 2591/658/6 2590/657/6
f 2591/658/6 1135/658/6 1136/659/6
f 1136/659/6 2592/659/6 2591/658/6
f 2592/659/6 1136/659/6 1137/660/6
f 1137/660/6 2593/660/6 2592/659/6
f 2593/660/6 1137/660/6 1138/661/6
f 1138/661/6 2594/661/6 2593/660/6
f 2594/661/6 1138/661/6 1139/662/6
f 1139/662/6 2595/662/6 2594/661/6
f 2595/662/6 1139/662/6 1140/663/6
f 1140/663/6 2596/663/6 2595/662/6
f 2596/663/6 1140/663/6 1141/664/6
f 1141/664/6 2597/664/6 2596/663/6
f 2597/664/6 1141/664/6 1142/665/6
f 1142/665/6 2598/665/6 2597/664/6
f 2598/665/6 1142/665/6 1143/666/6
f 1143/666/6 2599/666/6 2598/665/6
f 2599/666/6 1143/666/6 1144/667/6
f 1144/667/6 2600/667/6 2599/666/6
f 2600/667/6 1144/667/6 1145/668/6
f 1145/668/6 2601/668/6 2600/667/6
f 2601/668/6 1145/668/6 1146/669/6
f 1146/669/6 2602/669/6 2601/668/6
f 2602/669/6 1146/669/6 1147/670/6
f 1147/670/6 2603/670/6 2602/669/6
f 2603/670/6 1147/670/6 1148/671/6
f 1148/671/6 2604/671/6 2603/670/6
f 2604/671/6 1148/671/6 1149/672/6
f 1149/672/6 2605/672/6 2604/671/6
f 2605/672/6 1149/672/6 1150/673/6
f 1150/673/6 2606/673/6 2605/672/6
f 2606/673/6 1150/673/6 1151/674/6
f 1151/674/6 2607/674/6 2606/673/6
f 2607/674/6 1151/674/6 1152/675/6
f 1152/675/6 2608/675/6 2607/674/6
f 2608/675/6 1152/675/6 1153/676/6
f 1153/676/6 2609/676/6 2608/675/6
f 2609/676/6 1153/676/6 1154/677/6
f 1154/677/6 2610/677/6 2609/676/6
f 2610/677/6 1154/677/6 1155/678/6
f 1155/678/6 2611/678/6 2610/677/6
f 2611/678/6 1155/678/6 1156/679/6
f 1156/679/6 2612/679/6 2611/678/6
f 2612/679/6 1156/679/6 1157/235/6
f 1157/235/6 727/235/6 2612/679/6
f 727/235/6 1157/235/6 1158/234/6
f 1158/234/6 726/234/6 727/235/6
f 1232/750/1 2614/750/1 2613/229/1
f 2613/229/1 1230/229/1 1232/750/1
f 1230/229/1 2613/229/1 2615/747/1
f 2615/747/1 1228/747/1 1230/229/1
f 1228/747/1 2615/747/1 2616/745/1
f 2616/745/1 1226/745/1 1228/747/1
f 1226/745/1 2616/745/1 2617/743/1
f 2617/743/1 1224/743/1 1226/745/1
f 1224/743/1 2617/743/1 2618/741/1
f 2618/741/1 1222/741/1 1224/743/1
f 1222/741/1 2618/741/1 2619/739/1
f 2619/739/1 1220/739/1 1222/741/1
f 1220/739/1 2619/739/1 2620/737/1
f 2620/737/1 1218/737/1 1220/739/1
f 1218/737/1 2620/737/1 2621/735/1
f 2621/735/1 1216/735/1 1218/737/1
f 1216/735/1 2621/735/1 2622/733/1
f 2622/733/1 1214/733/1 1216/735/1
f 1214/733/1 2622/733/1 2623/731/1
f 2623/731/1 1212/731/1 1214/733/1
f 1212/731/1 2623/731/1 2624/729/1
f 2624/729/1 1210/729/1 1212/731/1
f 1210/729/1 2624/729/1 2625/727/1
f 2625/727/1 1208/727/1 1210/729/1
f 1208/727/1 2625/727/1 2626/725/1
f 2626/725/1 1206/725/1 1208/727/1
f 1206/725/1 2626/725/1 2627/723/1
f 2627/723/1 1204/723/1 1206/725/1
f 1204/723/1 2627/723/1 2628/721/1
f 2628/721/1 1202/721/1 1204/723/1
f 1202/721/1 2628/721/1 2629/719/1
f 2629/719/1 1200/719/1 1202/721/1
f 1200/719/1 2629/719/1 2630/717/1
f 2630/717/1 1198/717/1 1200/719/1
f 1198/717/1 2630/717/1 2631/715/1
f 2631/715/1 1196/715/1 1198/717/1
f 1196/715/1 2631/715/1 2632/713/1
f 2632/713/1 1194/713/1 1196/715/1
f 1194/713/1 2632/713/1 2633/711/1
f 2633/711/1 1192/711/1 1194/713/1
f 1192/711/1 2633/711/1 2634/709/1
f 2634/709/1 1190/709/1 1192/711/1
f 1190/709/1 2634/709/1 2635/707/1
f 2635/707/1 1188/707/1 1190/709/1
f 1188/707/1 2635/707/1 2636/705/1
f 2636/705/1 1186/705/1 1188/707/1
f 1186/705/1 2636/705/1 2637/703/1
f 2637/703/1 1184/703/1 1186/705/1
f 1184/703/1 2637/703/1 2638/701/1
f 2638/701/1 1182/701/1 1184/703/1
f 1182/701/1 2638/701/1 2639/699/1
f 2639/699/1 1180/699/1 1182/701/1
f 1180/699/1 2639/699/1 2640/697/1
f 2640/697/1 1178/697/1 1180/699/1
f 1178/697/1 2640/697/1 2641/695/1
f 2641/695/1 1176/695/1 1178/697/1
f 1176/695/1 2641/695/1 2642/693/1
f 2642/693/1 1174/693/1 1176/695/1
f 1174/693/1 2642/693/1 2643/691/1
f 2643/691/1 1172/691/1 1174/693/1
f 1172/691/1 2643/691/1 2644/689/1
f 2644/689/1 1170/689/1 1172/691/1
f 1170/689/1 2644/689/1 2645/687/1
f 2645/687/1 1168/687/1 1170/689/1
f 1168/687/1 2645/687/1 2646/685/1
f 2646/685/1 1166/685/1 1168/687/1
f 1166/685/1 2646/685/1 2647/683/1
f 2647/683/1 1164/683/1 1166/685/1
f 1164/683/1 2647/683/1 724/232/1
f 724/232/1 1162/232/1 1164/683/1
f 1162/232/1 724/232/1 725/233/1
f 725/233/1 1160/233/1 1162/232/1
f 1122/1008/6 2578/1008/6 2648/1007/6
f 2648/1007/6 1826/1007/6 1122/1008/6
f 1934/1010/1 2649/1010/1 2614/1009/1
f 2614/1009/1 1232/1009/1 1934/1010/1
f 1826/977/6 2648/977/6 2650/235/6
f 2650/235/6 1825/235/6 1826/977/6
f 1825/235/6 2650/235/6 2651/679/6
f 2651/679/6 1827/679/6 1825/235/6
f 1827/679/6 2651/679/6 2652/678/6
f 2652/678/6 1828/678/6 1827/679/6
f 1828/678/6 2652/678/6 2653/677/6
f 2653/677/6 1829/677/6 1828/678/6
f 1829/677/6 2653/677/6 2654/676/6
f 2654/676/6 1830/676/6 1829/677/6
f 1830/676/6 2654/676/6 2655/675/6
f 2655/675/6 1831/675/6 1830/676/6
f 1831/675/6 2655/675/6 2656/674/6
f 2656/674/6 1832/674/6 1831/675/6
f 1832/674/6 2656/674/6 2657/673/6
f 2657/673/6 1833/673/6 1832/674/6
f 1833/673/6 2657/673/6 2658/672/6
f 2658/672/6 1834/672/6 1833/673/6
f 1834/672/6 2658/672/6 2659/671/6
f 2659/671/6 1835/671/6 1834/672/6
f 1835/671/6 2659/671/6 2660/670/6
f 2660/670/6 1836/670/6 1835/671/6
f 1836/670/6 2660/670/6 2661/669/6
f 2661/669/6 1837/669/6 1836/670/6
f 1837/669/6 2661/669/6 2662/668/6
f 2662/668/6 1838/668/6 1837/669/6
f 1838/668/6 2662/668/6 2663/667/6
f 2663/667/6 1839/667/6 1838/668/6
f 1839/667/6 2663/667/6 2664/666/6
f 2664/666/6 1840/666/6 1839/667/6
f 1840/666/6 2664/666/6 2665/665/6
f 2665/665/6 1841/665/6 1840/666/6
f 1841/665/6 2665/665/6 2666/664/6
f 2666/664/6 1842/664/6 1841/665/6
f 1842/664/6 2666/664/6 2667/663/6
f 2667/663/6 1843/663/6 1842/664/6
f 1843/663/6 2667/663/6 2668/662/6
f 2668/662/6 1844/662/6 1843/663/6
f 1844/662/6 2668/662/6 2669/661/6
f 2669/661/6 1845/661/6 1844/662/6
f 1845/661/6 2669/661/6 2670/660/6
f 2670/660/6 1846/660/6 1845/661/6
f 1846/660/6 2670/660/6 2671/659/6
f 2671/659/6 1847/659/6 1846/660/6
f 1847/659/6 2671/659/6 2672/658/6
f 2672/658/6 1848/658/6 1847/659/6
f 1848/658/6 2672/658/6 2673/657/6
f 2673/657/6 1849/657/6 1848/658/6
f 1849/657/6 2673/657/6 2674/656/6
f 2674/656/6 1850/656/6 1849/657/6
f 1850/656/6 2674/656/6 2675/655/6
f 2675/655/6 1851/655/6 1850/656/6
f 1851/655/6 2675/655/6 2676/654/6
f 2676/654/6 1852/654/6 1851/655/6
f 1852/654/6 2676/654/6 2677/653/6
f 2677/653/6 1853/653/6 1852/654/6
f 1853/653/6 2677/653/6 2678/652/6
f 2678/652/6 1854/652/6 1853/653/6
f 1854/652/6 2678/652/6 2679/651/6
f 2679/651/6 1855/651/6 1854/652/6
f 1855/651/6 2679/651/6 2680/650/6
f 2680/650/6 1856/650/6 1855/651/6
f 1856/650/6 2680/650/6 2681/649/6
f 2681/649/6 1857/649/6 1856/650/6
f 1857/649/6 2681/649/6 2682/648/6
f 2682/648/6 1858/648/6 1857/649/6
f 1858/648/6 2682/648/6 2683/647/6
f 2683/647/6 1859/647/6 1858/648/6
f 1859/647/6 2683/647/6 722/230/6
f 722/230/6 1860/230/6 1859/647/6
f 1860/230/6 722/230/6 723/231/6
f 723/231/6 1861/231/6 1860/230/6
f 2649/978/1 1934/978/1 1932/232/1
f 1932/232/1 2684/232/1 2649/978/1
f 2684/232/1 1932/232/1 1930/683/1
f 1930/683/1 2685/683/1 2684/232/1
f 2685/683/1 1930/683/1 1928/685/1
f 1928/685/1 2686/685/1 2685/683/1
f 2686/685/1 1928/685/1 1926/687/1
f 1926/687/1 2687/687/1 2686/685/1
f 2687/687/1 1926/687/1 1924/689/1
f 1924/689/1 2688/689/1 2687/687/1
f 2688/689/1 1924/689/1 1922/691/1
f 1922/691/1 2689/691/1 2688/689/1
f 2689/691/1 1922/691/1 1920/693/1
f 1920/693/1 2690/693/1 2689/691/1
f 2690/693/1 1920/693/1 1918/695/1
f 1918/695/1 2691/695/1 2690/693/1
f 2691/695/1 1918/695/1 1916/697/1
f 1916/697/1 2692/697/1 2691/695/1
f 2692/697/1 1916/697/1 1914/699/1
f 1914/699/1 2693/699/1 2692/697/1
f 2693/699/1 1914/699/1 1912/701/1
f 1912/701/1 2694/701/1 2693/699/1
f 2694/701/1 1912/701/1 1910/703/1
f 1910/703/1 2695/703/1 2694/701/1
f 2695/703/1 1910/703/1 1908/705/1
f 1908/705/1 2696/705/1 2695/703/1
f 2696/705/1 1908/705/1 1906/707/1
f 1906/707/1 2697/707/1 2696/705/1
f 2697/707/1 1906/707/1 1904/709/1
f 1904/709/1 2698/709/1 2697/707/1
f 2698/709/1 1904/709/1 1902/711/1
f 1902/711/1 2699/711/1 2698/709/1
f 2699/711/1 1902/711/1 1900/713/1
f 1900/713/1 2700/713/1 2699/711/1
f 2700/713/1 1900/713/1 1898/715/1
f 1898/715/1 2701/715/1 2700/713/1
f 2701/715/1 1898/715/1 1896/717/1
f 1896/717/1 2702/717/1 2701/715/1
f 2702/717/1 1896/717/1 1894/719/1
f 1894/719/1 2703/719/1 2702/717/1
f 2703/719/1 1894/719/1 1892/721/1
f 1892/721/1 2704/721/1 2703/719/1
f 2704/721/1 1892/721/1 1890/723/1
f 1890/723/1 2705/723/1 2704/721/1
f 2705/723/1 1890/723/1 1888/725/1
f 1888/725/1 2706/725/1 2705/723/1
f 2706/725/1 1888/725/1 1886/727/1
f 1886/727/1 2707/727/1 2706/725/1
f 2707/727/1 1886/727/1 1884/729/1
f 1884/729/1 2708/729/1 2707/727/1
f 2708/729/1 1884/729/1 1882/731/1
f 1882/731/1 2709/731/1 2708/729/1
f 2709/731/1 1882/731/1 1880/733/1
f 1880/733/1 2710/733/1 2709/731/1
f 2710/733/1 1880/733/1 1878/735/1
f 1878/735/1 2711/735/1 2710/733/1
f 2711/735/1 1878/735/1 1876/737/1
f 1876/737/1 2712/737/1 2711/735/1
f 2712/737/1 1876/737/1 1874/739/1
f 1874/739/1 2713/739/1 2712/737/1
f 2713/739/1 1874/739/1 1872/741/1
f 1872/741/1 2714/741/1 2713/739/1
f 2714/741/1 1872/741/1 1870/743/1
f 1870/743/1 2715/743/1 2714/741/1
f 2715/743/1 1870/743/1 1868/745/1
f 1868/745/1 2716/745/1 2715/743/1
f 2716/745/1 1868/745/1 1866/747/1
f 1866/747/1 2717/747/1 2716/745/1
f 2717/747/1 1866/747/1 1864/229/1
f 1864/229/1 721/229/1 2717/747/1
f 721/229/1 1864/229/1 1862/228/1
f 1862/228/1 720/228/1 721/229/1
f 1861/231/98 723/231/98 720/228/98
f 720/228/98 1862/228/98 1861/231/98
f 1160/233/99 725/233/99 726/234/99
f 726/234/99 1158/234/99 1160/233/99
f 2046/986/51 2045/1014/51 1343/1013/49
f 1343/1013/49 1342/985/49 2046/986/51
f 2048/1015/51 2046/986/51 1342/985/49
f 1342/985/49 1344/1016/49 2048/1015/51
f 2718/751/6 1233/751/6 1234/222/6
f 1234/222/6 2719/222/6 2718/751/6
f 2719/222/6 1234/222/6 1235/752/6
f 1235/752/6 2720/752/6 2719/222/6
f 2720/752/6 1235/752/6 1236/753/6
f 1236/753/6 2721/753/6 2720/752/6
f 2721/753/6 1236/753/6 1237/754/6
f 1237/754/6 2722/754/6 2721/753/6
f 2722/754/6 1237/754/6 1238/755/6
f 1238/755/6 2723/755/6 2722/754/6
f 2723/755/6 1238/755/6 1239/756/6
f 1239/756/6 2724/756/6 2723/755/6
f 2724/756/6 1239/756/6 1240/757/6
f 1240/757/6 2725/757/6 2724/756/6
f 2725/757/6 1240/757/6 1241/758/6
f 1241/758/6 2726/758/6 2725/757/6
f 2726/758/6 1241/758/6 1242/759/6
f 1242/759/6 2727/759/6 2726/758/6
f 2727/759/6 1242/759/6 1243/760/6
f 1243/760/6 2728/760/6 2727/759/6
f 2728/760/6 1243/760/6 1244/761/6
f 1244/761/6 2729/761/6 2728/760/6
f 2729/761/6 1244/761/6 1245/762/6
f 1245/762/6 2730/762/6 2729/761/6
f 2730/762/6 1245/762/6 1246/763/6
f 1246/763/6 2731/763/6 2730/762/6
f 2731/763/6 1246/763/6 1247/764/6
f 1247/764/6 2732/764/6 2731/763/6
f 2732/764/6 1247/764/6 1248/765/6
f 1248/765/6 2733/765/6 2732/764/6
f 2733/765/6 1248/765/6 1249/766/6
f 1249/766/6 2734/766/6 2733/765/6
f 2734/766/6 1249/766/6 1250/767/6
f 1250/767/6 2735/767/6 2734/766/6
f 2735/767/6 1250/767/6 1251/768/6
f 1251/768/6 2736/768/6 2735/767/6
f 2736/768/6 1251/768/6 1252/769/6
f 1252/769/6 2737/769/6 2736/768/6
f 2737/769/6 1252/769/6 1253/770/6
f 1253/770/6 2738/770/6 2737/769/6
f 2738/770/6 1253/770/6 1254/771/6
f 1254/771/6 2739/771/6 2738/770/6
f 2739/771/6 1254/771/6 1255/772/6
f 1255/772/6 2740/772/6 2739/771/6
f 2740/772/6 1255/772/6 1256/773/6
f 1256/773/6 2741/773/6 2740/772/6
f 2741/773/6 1256/773/6 1257/774/6
f 1257/774/6 2742/774/6 2741/773/6
f 2742/774/6 1257/774/6 1258/775/6
f 1258/775/6 2743/775/6 2742/774/6
f 2743/775/6 1258/775/6 1259/776/6
f 1259/776/6 2744/776/6 2743/775/6
f 2744/776/6 1259/776/6 1260/777/6
f 1260/777/6 2745/777/6 2744/776/6
f 2745/777/6 1260/777/6 1261/778/6
f 1261/778/6 2746/778/6 2745/777/6
f 2746/778/6 1261/778/6 1262/779/6
f 1262/779/6 2747/779/6 2746/778/6
f 2747/779/6 1262/779/6 1263/780/6
f 1263/780/6 2748/780/6 2747/779/6
f 2748/780/6 1263/780/6 1264/781/6
f 1264/781/6 2749/781/6 2748/780/6
f 2749/781/6 1264/781/6 1265/782/6
f 1265/782/6 2750/782/6 2749/781/6
f 2750/782/6 1265/782/6 1266/783/6
f 1266/783/6 2751/783/6 2750/782/6
f 2751/783/6 1266/783/6 1267/784/6
f 1267/784/6 2752/784/6 2751/783/6
f 2752/784/6 1267/784/6 1268/227/6
f 1268/227/6 719/227/6 2752/784/6
f 719/227/6 1268/227/6 1269/226/6
f 1269/226/6 718/226/6 719/227/6
f 1343/855/1 2754/855/1 2753/221/1
f 2753/221/1 1341/221/1 1343/855/1
f 1341/221/1 2753/221/1 2755/852/1
f 2755/852/1 1339/852/1 1341/221/1
f 1339/852/1 2755/852/1 2756/850/1
f 2756/850/1 1337/850/1 1339/852/1
f 1337/850/1 2756/850/1 2757/848/1
f 2757/848/1 1335/848/1 1337/850/1
f 1335/848/1 2757/848/1 2758/846/1
f 2758/846/1 1333/846/1 1335/848/1
f 1333/846/1 2758/846/1 2759/844/1
f 2759/844/1 1331/844/1 1333/846/1
f 1331/844/1 2759/844/1 2760/842/1
f 2760/842/1 1329/842/1 1331/844/1
f 1329/842/1 2760/842/1 2761/840/1
f 2761/840/1 1327/840/1 1329/842/1
f 1327/840/1 2761/840/1 2762/838/1
f 2762/838/1 1325/838/1 1327/840/1
f 1325/838/1 2762/838/1 2763/836/1
f 2763/836/1 1323/836/1 1325/838/1
f 1323/836/1 2763/836/1 2764/834/1
f 2764/834/1 1321/834/1 1323/836/1
f 1321/834/1 2764/834/1 2765/832/1
f 2765/832/1 1319/832/1 1321/834/1
f 1319/832/1 2765/832/1 2766/830/1
f 2766/830/1 1317/830/1 1319/832/1
f 1317/830/1 2766/830/1 2767/828/1
f 2767/828/1 1315/828/1 1317/830/1
f 1315/828/1 2767/828/1 2768/826/1
f 2768/826/1 1313/826/1 1315/828/1
f 1313/826/1 2768/826/1 2769/824/1
f 2769/824/1 1311/824/1 1313/826/1
f 1311/824/1 2769/824/1 2770/822/1
f 2770/822/1 1309/822/1 1311/824/1
f 1309/822/1 2770/822/1 2771/820/1
f 2771/820/1 1307/820/1 1309/822/1
f 1307/820/1 2771/820/1 2772/818/1
f 2772/818/1 1305/818/1 1307/820/1
f 1305/818/1 2772/818/1 2773/816/1
f 2773/816/1 1303/816/1 1305/818/1
f 1303/816/1 2773/816/1 2774/814/1
f 2774/814/1 1301/814/1 1303/816/1
f 1301/814/1 2774/814/1 2775/812/1
f 2775/812/1 1299/812/1 1301/814/1
f 1299/812/1 2775/812/1 2776/810/1
f 2776/810/1 1297/810/1 1299/812/1
f 1297/810/1 2776/810/1 2777/808/1
f 2777/808/1 1295/808/1 1297/810/1
f 1295/808/1 2777/808/1 2778/806/1
f 2778/806/1 1293/806/1 1295/808/1
f 1293/806/1 2778/806/1 2779/804/1
f 2779/804/1 1291/804/1 1293/806/1
f 1291/804/1 2779/804/1 2780/802/1
f 2780/802/1 1289/802/1 1291/804/1
f 1289/802/1 2780/802/1 2781/800/1
f 2781/800/1 1287/800/1 1289/802/1
f 1287/800/1 2781/800/1 2782/798/1
f 2782/798/1 1285/798/1 1287/800/1
f 1285/798/1 2782/798/1 2783/796/1
f 2783/796/1 1283/796/1 1285/798/1
f 1283/796/1 2783/796/1 2784/794/1
f 2784/794/1 1281/794/1 1283/796/1
f 1281/794/1 2784/794/1 2785/792/1
f 2785/792/1 1279/792/1 1281/794/1
f 1279/792/1 2785/792/1 2786/790/1
f 2786/790/1 1277/790/1 1279/792/1
f 1277/790/1 2786/790/1 2787/788/1
f 2787/788/1 1275/788/1 1277/790/1
f 1275/788/1 2787/788/1 716/224/1
f 716/224/1 1273/224/1 1275/788/1
f 1273/224/1 716/224/1 717/225/1
f 717/225/1 1271/225/1 1273/224/1
f 1233/1012/6 2718/1012/6 2788/1011/6
f 2788/1011/6 1937/1011/6 1233/1012/6
f 2045/1014/1 2789/1014/1 2754/1013/1
f 2754/1013/1 1343/1013/1 2045/1014/1
f 1937/979/6 2788/979/6 2790/227/6
f 2790/227/6 1936/227/6 1937/979/6
f 1936/227/6 2790/227/6 2791/784/6
f 2791/784/6 1938/784/6 1936/227/6
f 1938/784/6 2791/784/6 2792/783/6
f 2792/783/6 1939/783/6 1938/784/6
f 1939/783/6 2792/783/6 2793/782/6
f 2793/782/6 1940/782/6 1939/783/6
f 1940/782/6 2793/782/6 2794/781/6
f 2794/781/6 1941/781/6 1940/782/6
f 1941/781/6 2794/781/6 2795/780/6
f 2795/780/6 1942/780/6 1941/781/6
f 1942/780/6 2795/780/6 2796/779/6
f 2796/779/6 1943/779/6 1942/780/6
f 1943/779/6 2796/779/6 2797/778/6
f 2797/778/6 1944/778/6 1943/779/6
f 1944/778/6 2797/778/6 2798/777/6
f 2798/777/6 1945/777/6 1944/778/6
f 1945/777/6 2798/777/6 2799/776/6
f 2799/776/6 1946/776/6 1945/777/6
f 1946/776/6 2799/776/6 2800/775/6
f 2800/775/6 1947/775/6 1946/776/6
f 1947/775/6 2800/775/6 2801/774/6
f 2801/774/6 1948/774/6 1947/775/6
f 1948/774/6 2801/774/6 2802/773/6
f 2802/773/6 1949/773/6 1948/774/6
f 1949/773/6 2802/773/6 2803/772/6
f 2803/772/6 1950/772/6 1949/773/6
f 1950/772/6 2803/772/6 2804/771/6
f 2804/771/6 1951/771/6 1950/772/6
f 1951/771/6 2804/771/6 2805/770/6
f 2805/770/6 1952/770/6 1951/771/6
f 1952/770/6 2805/770/6 2806/769/6
f 2806/769/6 1953/769/6 1952/770/6
f 1953/769/6 2806/769/6 2807/768/6
f 2807/768/6 1954/768/6 1953/769/6
f 1954/768/6 2807/768/6 2808/767/6
f 2808/767/6 1955/767/6 1954/768/6
f 1955/767/6 2808/767/6 2809/766/6
f 2809/766/6 1956/766/6 1955/767/6
f 1956/766/6 2809/766/6 2810/765/6
f 2810/765/6 1957/765/6 1956/766/6
f 1957/765/6 2810/765/6 2811/764/6
f 2811/764/6 1958/764/6 1957/765/6
f 1958/764/6 2811/764/6 2812/763/6
f 2812/763/6 1959/763/6 1958/764/6
f 1959/763/6 2812/763/6 2813/762/6
f 2813/762/6 1960/762/6 1959/763/6
f 1960/762/6 2813/762/6 2814/761/6
f 2814/761/6 1961/761/6 1960/762/6
f 1961/761/6 2814/761/6 2815/760/6
f 2815/760/6 1962/760/6 1961/761/6
f 1962/760/6 2815/760/6 2816/759/6
f 2816/759/6 1963/759/6 1962/760/6
f 1963/759/6 2816/759/6 2817/758/6
f 2817/758/6 1964/758/6 1963/759/6
f 1964/758/6 2817/758/6 2818/757/6
f 2818/757/6 1965/757/6 1964/758/6
f 1965/757/6 2818/757/6 2819/756/6
f 2819/756/6 1966/756/6 1965/757/6
f 1966/756/6 2819/756/6 2820/755/6
f 2820/755/6 1967/755/6 1966/756/6
f 1967/755/6 2820/755/6 2821/754/6
f 2821/754/6 1968/754/6 1967/755/6
f 1968/754/6 2821/754/6 2822/753/6
f 2822/753/6 1969/753/6 1968/754/6
f 1969/753/6 2822/753/6 2823/752/6
f 2823/752/6 1970/752/6 1969/753/6
f 1970/752/6 2823/752/6 714/222/6
f 714/222/6 1971/222/6 1970/752/6
f 1971/222/6 714/222/6 715/223/6
f 715/223/6 1972/223/6 1971/222/6
f 2789/980/1 2045/980/1 2043/224/1
f 2043/224/1 2824/224/1 2789/980/1
f 2824/224/1 2043/224/1 2041/788/1
f 2041/788/1 2825/788/1 2824/224/1
f 2825/788/1 2041/788/1 2039/790/1
f 2039/790/1 2826/790/1 2825/788/1
f 2826/790/1 2039/790/1 2037/792/1
f 2037/792/1 2827/792/1 2826/790/1
f 2827/792/1 2037/792/1 2035/794/1
f 2035/794/1 2828/794/1 2827/792/1
f 2828/794/1 2035/794/1 2033/796/1
f 2033/796/1 2829/796/1 2828/794/1
f 2829/796/1 2033/796/1 2031/798/1
f 2031/798/1 2830/798/1 2829/796/1
f 2830/798/1 2031/798/1 2029/800/1
f 2029/800/1 2831/800/1 2830/798/1
f 2831/800/1 2029/800/1 2027/802/1
f 2027/802/1 2832/802/1 2831/800/1
f 2832/802/1 2027/802/1 2025/804/1
f 2025/804/1 2833/804/1 2832/802/1
f 2833/804/1 2025/804/1 2023/806/1
f 2023/806/1 2834/806/1 2833/804/1
f 2834/806/1 2023/806/1 2021/808/1
f 2021/808/1 2835/808/1 2834/806/1
f 2835/808/1 2021/808/1 2019/810/1
f 2019/810/1 2836/810/1 2835/808/1
f 2836/810/1 2019/810/1 2017/812/1
f 2017/812/1 2837/812/1 2836/810/1
f 2837/812/1 2017/812/1 2015/814/1
f 2015/814/1 2838/814/1 2837/812/1
f 2838/814/1 2015/814/1 2013/816/1
f 2013/816/1 2839/816/1 2838/814/1
f 2839/816/1 2013/816/1 2011/818/1
f 2011/818/1 2840/818/1 2839/816/1
f 2840/818/1 2011/818/1 2009/820/1
f 2009/820/1 2841/820/1 2840/818/1
f 2841/820/1 2009/820/1 2007/822/1
f 2007/822/1 2842/822/1 2841/820/1
f 2842/822/1 2007/822/1 2005/824/1
f 2005/824/1 2843/824/1 2842/822/1
f 2843/824/1 2005/824/1 2003/826/1
f 2003/826/1 2844/826/1 2843/824/1
f 2844/826/1 2003/826/1 2001/828/1
f 2001/828/1 2845/828/1 2844/826/1
f 2845/828/1 2001/828/1 1999/830/1
f 1999/830/1 2846/830/1 2845/828/1
f 2846/830/1 1999/830/1 1997/832/1
f 1997/832/1 2847/832/1 2846/830/1
f 2847/832/1 1997/832/1 1995/834/1
f 1995/834/1 2848/834/1 2847/832/1
f 2848/834/1 1995/834/1 1993/836/1
f 1993/836/1 2849/836/1 2848/834/1
f 2849/836/1 1993/836/1 1991/838/1
f 1991/838/1 2850/838/1 2849/836/1
f 2850/838/1 1991/838/1 1989/840/1
f 1989/840/1 2851/840/1 2850/838/1
f 2851/840/1 1989/840/1 1987/842/1
f 1987/842/1 2852/842/1 2851/840/1
f 2852/842/1 1987/842/1 1985/844/1
f 1985/844/1 2853/844/1 2852/842/1
f 2853/844/1 1985/844/1 1983/846/1
f 1983/846/1 2854/846/1 2853/844/1
f 2854/846/1 1983/846/1 1981/848/1
f 1981/848/1 2855/848/1 2854/846/1
f 2855/848/1 1981/848/1 1979/850/1
f 1979/850/1 2856/850/1 2855/848/1
f 2856/850/1 1979/850/1 1977/852/1
f 1977/852/1 2857/852/1 2856/850/1
f 2857/852/1 1977/852/1 1975/221/1
f 1975/221/1 713/221/1 2857/852/1
f 713/221/1 1975/221/1 1973/220/1
f 1973/220/1 712/220/1 713/221/1
f 1972/223/98 715/223/98 712/220/98
f 712/220/98 1973/220/98 1972/223/98
f 1271/225/99 717/225/99 718/226/99
f 718/226/99 1269/226/99 1271/225/99
f 2157/1019/51 2156/1018/51 1454/1017/49
f 1454/1017/49 1453/1020/49 2157/1019/51
f 2858/856/6 1344/856/6 1345/857/6
f 1345/857/6 2859/857/6 2858/856/6
f 2859/857/6 1345/857/6 1346/858/6
f 1346/858/6 2860/858/6 2859/857/6
f 2860/858/6 1346/858/6 1347/859/6
f 1347/859/6 2861/859/6 2860/858/6
f 2861/859/6 1347/859/6 1348/860/6
f 1348/860/6 2862/860/6 2861/859/6
f 2862/860/6 1348/860/6 1349/861/6
f 1349/861/6 2863/861/6 2862/860/6
f 2863/861/6 1349/861/6 1350/862/6
f 1350/862/6 2864/862/6 2863/861/6
f 2864/862/6 1350/862/6 1351/863/6
f 1351/863/6 2865/863/6 2864/862/6
f 2865/863/6 1351/863/6 1352/864/6
f 1352/864/6 2866/864/6 2865/863/6
f 2866/864/6 1352/864/6 1353/865/6
f 1353/865/6 2867/865/6 2866/864/6
f 2867/865/6 1353/865/6 1354/866/6
f 1354/866/6 2868/866/6 2867/865/6
f 2868/866/6 1354/866/6 1355/867/6
f 1355/867/6 2869/867/6 2868/866/6
f 2869/867/6 1355/867/6 1356/868/6
f 1356/868/6 2870/868/6 2869/867/6
f 2870/868/6 1356/868/6 1357/869/6
f 1357/869/6 2871/869/6 2870/868/6
f 2871/869/6 1357/869/6 1358/870/6
f 1358/870/6 2872/870/6 2871/869/6
f 2872/870/6 1358/870/6 1359/871/6
f 1359/871/6 2873/871/6 2872/870/6
f 2873/871/6 1359/871/6 1360/872/6
f 1360/872/6 2874/872/6 2873/871/6
f 2874/872/6 1360/872/6 1361/873/6
f 1361/873/6 2875/873/6 2874/872/6
f 2875/873/6 1361/873/6 1362/874/6
f 1362/874/6 2876/874/6 2875/873/6
f 2876/874/6 1362/874/6 1363/875/6
f 1363/875/6 2877/875/6 2876/874/6
f 2877/875/6 1363/875/6 1364/876/6
f 1364/876/6 2878/876/6 2877/875/6
f 2878/876/6 1364/876/6 1365/877/6
f 1365/877/6 2879/877/6 2878/876/6
f 2879/877/6 1365/877/6 1366/878/6
f 1366/878/6 2880/878/6 2879/877/6
f 2880/878/6 1366/878/6 1367/879/6
f 1367/879/6 2881/879/6 2880/878/6
f 2881/879/6 1367/879/6 1368/880/6
f 1368/880/6 2882/880/6 2881/879/6
f 2882/880/6 1368/880/6 1369/881/6
f 1369/881/6 2883/881/6 2882/880/6
f 2883/881/6 1369/881/6 1370/882/6
f 1370/882/6 2884/882/6 2883/881/6
f 2884/882/6 1370/882/6 1371/883/6
f 1371/883/6 2885/883/6 2884/882/6
f 2885/883/6 1371/883/6 1372/884/6
f 1372/884/6 2886/884/6 2885/883/6
f 2886/884/6 1372/884/6 1373/885/6
f 1373/885/6 2887/885/6 2886/884/6
f 2887/885/6 1373/885/6 1374/886/6
f 1374/886/6 2888/886/6 2887/885/6
f 2888/886/6 1374/886/6 1375/887/6
f 1375/887/6 2889/887/6 2888/886/6
f 2889/887/6 1375/887/6 1376/888/6
f 1376/888/6 2890/888/6 2889/887/6
f 2890/888/6 1376/888/6 1377/889/6
f 1377/889/6 2891/889/6 2890/888/6
f 2891/889/6 1377/889/6 1378/890/6
f 1378/890/6 2892/890/6 2891/889/6
f 2892/890/6 1378/890/6 1379/891/6
f 1379/891/6 2893/891/6 2892/890/6
f 2893/891/6 1379/891/6 1380/892/6
f 1380/892/6 2894/892/6 2893/891/6
f 1454/966/1 2896/966/1 2895/964/1
f 2895/964/1 1452/964/1 1454/966/1
f 1452/964/1 2895/964/1 2897/962/1
f 2897/962/1 1450/962/1 1452/964/1
f 1450/962/1 2897/962/1 2898/960/1
f 2898/960/1 1448/960/1 1450/962/1
f 1448/960/1 2898/960/1 2899/958/1
f 2899/958/1 1446/958/1 1448/960/1
f 1446/958/1 2899/958/1 2900/956/1
f 2900/956/1 1444/956/1 1446/958/1
f 1444/956/1 2900/956/1 2901/954/1
f 2901/954/1 1442/954/1 1444/956/1
f 1442/954/1 2901/954/1 2902/952/1
f 2902/952/1 1440/952/1 1442/954/1
f 1440/952/1 2902/952/1 2903/950/1
f 2903/950/1 1438/950/1 1440/952/1
f 1438/950/1 2903/950/1 2904/948/1
f 2904/948/1 1436/948/1 1438/950/1
f 1436/948/1 2904/948/1 2905/946/1
f 2905/946/1 1434/946/1 1436/948/1
f 1434/946/1 2905/946/1 2906/944/1
f 2906/944/1 1432/944/1 1434/946/1
f 1432/944/1 2906/944/1 2907/942/1
f 2907/942/1 1430/942/1 1432/944/1
f 1430/942/1 2907/942/1 2908/940/1
f 2908/940/1 1428/940/1 1430/942/1
f 1428/940/1 2908/940/1 2909/938/1
f 2909/938/1 1426/938/1 1428/940/1
f 1426/938/1 2909/938/1 2910/936/1
f 2910/936/1 1424/936/1 1426/938/1
f 1424/936/1 2910/936/1 2911/934/1
f 2911/934/1 1422/934/1 1424/936/1
f 1422/934/1 2911/934/1 2912/932/1
f 2912/932/1 1420/932/1 1422/934/1
f 1420/932/1 2912/932/1 2913/930/1
f 2913/930/1 1418/930/1 1420/932/1
f 1418/930/1 2913/930/1 2914/928/1
f 2914/928/1 1416/928/1 1418/930/1
f 1416/928/1 2914/928/1 2915/926/1
f 2915/926/1 1414/926/1 1416/928/1
f 1414/926/1 2915/926/1 2916/924/1
f 2916/924/1 1412/924/1 1414/926/1
f 1412/924/1 2916/924/1 2917/922/1
f 2917/922/1 1410/922/1 1412/924/1
f 1410/922/1 2917/922/1 2918/920/1
f 2918/920/1 1408/920/1 1410/922/1
f 1408/920/1 2918/920/1 2919/918/1
f 2919/918/1 1406/918/1 1408/920/1
f 1406/918/1 2919/918/1 2920/916/1
f 2920/916/1 1404/916/1 1406/918/1
f 1404/916/1 2920/916/1 2921/914/1
f 2921/914/1 1402/914/1 1404/916/1
f 1402/914/1 2921/914/1 2922/912/1
f 2922/912/1 1400/912/1 1402/914/1
f 1400/912/1 2922/912/1 2923/910/1
f 2923/910/1 1398/910/1 1400/912/1
f 1398/910/1 2923/910/1 2924/908/1
f 2924/908/1 1396/908/1 1398/910/1
f 1396/908/1 2924/908/1 2925/906/1
f 2925/906/1 1394/906/1 1396/908/1
f 1394/906/1 2925/906/1 2926/904/1
f 2926/904/1 1392/904/1 1394/906/1
f 1392/904/1 2926/904/1 2927/902/1
f 2927/902/1 1390/902/1 1392/904/1
f 1390/902/1 2927/902/1 2928/900/1
f 2928/900/1 1388/900/1 1390/902/1
f 1388/900/1 2928/900/1 2929/898/1
f 2929/898/1 1386/898/1 1388/900/1
f 1386/898/1 2929/898/1 2930/896/1
f 2930/896/1 1384/896/1 1386/898/1
f 1384/896/1 2930/896/1 2931/894/1
f 2931/894/1 1382/894/1 1384/896/1
f 1344/1016/6 2858/1016/6 2932/1015/6
f 2932/1015/6 2048/1015/6 1344/1016/6
f 2156/1018/1 2933/1018/1 2896/1017/1
f 2896/1017/1 1454/1017/1 2156/1018/1
f 2048/981/6 2932/981/6 2934/891/6
f 2934/891/6 2047/891/6 2048/981/6
f 2047/891/6 2934/891/6 2935/890/6
f 2935/890/6 2049/890/6 2047/891/6
f 2049/890/6 2935/890/6 2936/889/6
f 2936/889/6 2050/889/6 2049/890/6
f 2050/889/6 2936/889/6 2937/888/6
f 2937/888/6 2051/888/6 2050/889/6
f 2051/888/6 2937/888/6 2938/887/6
f 2938/887/6 2052/887/6 2051/888/6
f 2052/887/6 2938/887/6 2939/886/6
f 2939/886/6 2053/886/6 2052/887/6
f 2053/886/6 2939/886/6 2940/885/6
f 2940/885/6 2054/885/6 2053/886/6
f 2054/885/6 2940/885/6 2941/884/6
f 2941/884/6 2055/884/6 2054/885/6
f 2055/884/6 2941/884/6 2942/883/6
f 2942/883/6 2056/883/6 2055/884/6
f 2056/883/6 2942/883/6 2943/882/6
f 2943/882/6 2057/882/6 2056/883/6
f 2057/882/6 2943/882/6 2944/881/6
f 2944/881/6 2058/881/6 2057/882/6
f 2058/881/6 2944/881/6 2945/880/6
f 2945/880/6 2059/880/6 2058/881/6
f 2059/880/6 2945/880/6 2946/879/6
f 2946/879/6 2060/879/6 2059/880/6
f 2060/879/6 2946/879/6 2947/878/6
f 2947/878/6 2061/878/6 2060/879/6
f 2061/878/6 2947/878/6 2948/877/6
f 2948/877/6 2062/877/6 2061/878/6
f 2062/877/6 2948/877/6 2949/876/6
f 2949/876/6 2063/876/6 2062/877/6
f 2063/876/6 2949/876/6 2950/875/6
f 2950/875/6 2064/875/6 2063/876/6
f 2064/875/6 2950/875/6 2951/874/6
f 2951/874/6 2065/874/6 2064/875/6
f 2065/874/6 2951/874/6 2952/873/6
f 2952/873/6 2066/873/6 2065/874/6
f 2066/873/6 2952/873/6 2953/872/6
f 2953/872/6 2067/872/6 2066/873/6
f 2067/872/6 2953/872/6 2954/871/6
f 2954/871/6 2068/871/6 2067/872/6
f 2068/871/6 2954/871/6 2955/870/6
f 2955/870/6 2069/870/6 2068/871/6
f 2069/870/6 2955/870/6 2956/869/6
f 2956/869/6 2070/869/6 2069/870/6
f 2070/869/6 2956/869/6 2957/868/6
f 2957/868/6 2071/868/6 2070/869/6
f 2071/868/6 2957/868/6 2958/867/6
f 2958/867/6 2072/867/6 2071/868/6
f 2072/867/6 2958/867/6 2959/866/6
f 2959/866/6 2073/866/6 2072/867/6
f 2073/866/6 2959/866/6 2960/865/6
f 2960/865/6 2074/865/6 2073/866/6
f 2074/865/6 2960/865/6 2961/864/6
f 2961/864/6 2075/864/6 2074/865/6
f 2075/864/6 2961/864/6 2962/863/6
f 2962/863/6 2076/863/6 2075/864/6
f 2076/863/6 2962/863/6 2963/862/6
f 2963/862/6 2077/862/6 2076/863/6
f 2077/862/6 2963/862/6 2964/861/6
f 2964/861/6 2078/861/6 2077/862/6
f 2078/861/6 2964/861/6 2965/860/6
f 2965/860/6 2079/860/6 2078/861/6
f 2079/860/6 2965/860/6 2966/859/6
f 2966/859/6 2080/859/6 2079/860/6
f 2080/859/6 2966/859/6 2967/858/6
f 2967/858/6 2081/858/6 2080/859/6
f 2081/858/6 2967/858/6 2968/857/6
f 2968/857/6 2082/857/6 2081/858/6
f 2082/857/6 2968/857/6 2969/982/6
f 2969/982/6 2083/982/6 2082/857/6
f 2933/984/1 2156/984/1 2154/896/1
f 2154/896/1 2970/896/1 2933/984/1
f 2970/896/1 2154/896/1 2152/898/1
f 2152/898/1 2971/898/1 2970/896/1
f 2971/898/1 2152/898/1 2150/900/1
f 2150/900/1 2972/900/1 2971/898/1
f 2972/900/1 2150/900/1 2148/902/1
f 2148/902/1 2973/902/1 2972/900/1
f 2973/902/1 2148/902/1 2146/904/1
f 2146/904/1 2974/904/1 2973/902/1
f 2974/904/1 2146/904/1 2144/906/1
f 2144/906/1 2975/906/1 2974/904/1
f 2975/906/1 2144/906/1 2142/908/1
f 2142/908/1 2976/908/1 2975/906/1
f 2976/908/1 2142/908/1 2140/910/1
f 2140/910/1 2977/910/1 2976/908/1
f 2977/910/1 2140/910/1 2138/912/1
f 2138/912/1 2978/912/1 2977/910/1
f 2978/912/1 2138/912/1 2136/914/1
f 2136/914/1 2979/914/1 2978/912/1
f 2979/914/1 2136/914/1 2134/916/1
f 2134/916/1 2980/916/1 2979/914/1
f 2980/916/1 2134/916/1 2132/918/1
f 2132/918/1 2981/918/1 2980/916/1
f 2981/918/1 2132/918/1 2130/920/1
f 2130/920/1 2982/920/1 2981/918/1
f 2982/920/1 2130/920/1 2128/922/1
f 2128/922/1 2983/922/1 2982/920/1
f 2983/922/1 2128/922/1 2126/924/1
f 2126/924/1 2984/924/1 2983/922/1
f 2984/924/1 2126/924/1 2124/926/1
f 2124/926/1 2985/926/1 2984/924/1
f 2985/926/1 2124/926/1 2122/928/1
f 2122/928/1 2986/928/1 2985/926/1
f 2986/928/1 2122/928/1 2120/930/1
f 2120/930/1 2987/930/1 2986/928/1
f 2987/930/1 2120/930/1 2118/932/1
f 2118/932/1 2988/932/1 2987/930/1
f 2988/932/1 2118/932/1 2116/934/1
f 2116/934/1 2989/934/1 2988/932/1
f 2989/934/1 2116/934/1 2114/936/1
f 2114/936/1 2990/936/1 2989/934/1
f 2990/936/1 2114/936/1 2112/938/1
f 2112/938/1 2991/938/1 2990/936/1
f 2991/938/1 2112/938/1 2110/940/1
f 2110/940/1 2992/940/1 2991/938/1
f 2992/940/1 2110/940/1 2108/942/1
f 2108/942/1 2993/942/1 2992/940/1
f 2993/942/1 2108/942/1 2106/944/1
f 2106/944/1 2994/944/1 2993/942/1
f 2994/944/1 2106/944/1 2104/946/1
f 2104/946/1 2995/946/1 2994/944/1
f 2995/946/1 2104/946/1 2102/948/1
f 2102/948/1 2996/948/1 2995/946/1
f 2996/948/1 2102/948/1 2100/950/1
f 2100/950/1 2997/950/1 2996/948/1
f 2997/950/1 2100/950/1 2098/952/1
f 2098/952/1 2998/952/1 2997/950/1
f 2998/952/1 2098/952/1 2096/954/1
f 2096/954/1 2999/954/1 2998/952/1
f 2999/954/1 2096/954/1 2094/956/1
f 2094/956/1 3000/956/1 2999/954/1
f 3000/956/1 2094/956/1 2092/958/1
f 2092/958/1 3001/958/1 3000/956/1
f 3001/958/1 2092/958/1 2090/960/1
f 2090/960/1 3002/960/1 3001/958/1
f 3002/960/1 2090/960/1 2088/962/1
f 2088/962/1 3003/962/1 3002/960/1
f 3003/962/1 2088/962/1 2086/964/1
f 2086/964/1 3004/964/1 3003/962/1
f 3004/964/1 2086/964/1 2084/983/1
f 2084/983/1 3005/983/1 3004/964/1
f 2083/982/98 2969/982/98 3005/983/98
f 3005/983/98 2084/983/98 2083/982/98
f 1382/894/99 2931/894/99 2894/892/99
f 2894/892/99 1380/892/99 1382/894/99
f 238/12/6 3007/30/6 3006/28/6
f 3006/28/6 237/219/6 238/12/6
f 237/219/6 3006/28/6 3008/31/6
f 3008/31/6 242/218/6 237/219/6
f 242/218/6 3008/31/6 3009/32/6
f 3009/32/6 245/217/6 242/218/6
f 245/217/6 3009/32/6 3010/33/6
f 3010/33/6 248/216/6 245/217/6
f 248/216/6 3010/33/6 3011/34/6
f 3011/34/6 251/215/6 248/216/6
f 251/215/6 3011/34/6 3012/35/6
f 3012/35/6 254/214/6 251/215/6
f 254/214/6 3012/35/6 3013/36/6
f 3013/36/6 257/213/6 254/214/6
f 257/213/6 3013/36/6 3014/37/6
f 3014/37/6 260/212/6 257/213/6
f 260/212/6 3014/37/6 3015/38/6
f 3015/38/6 263/211/6 260/212/6
f 263/211/6 3015/38/6 3016/39/6
f 3016/39/6 266/210/6 263/211/6
f 266/210/6 3016/39/6 3017/40/6
f 3017/40/6 269/209/6 266/210/6
f 269/209/6 3017/40/6 3018/41/6
f 3018/41/6 272/208/6 269/209/6
f 272/208/6 3018/41/6 3019/42/6
f 3019/42/6 275/207/6 272/208/6
f 275/207/6 3019/42/6 3020/43/6
f 3020/43/6 278/206/6 275/207/6
f 301/199/6 3022/51/6 3021/52/6
f 3021/52/6 300/198/6 301/199/6
f 300/198/6 3021/52/6 3023/53/6
f 3023/53/6 302/197/6 300/198/6
f 302/197/6 3023/53/6 3024/54/6
f 3024/54/6 305/196/6 302/197/6
f 305/196/6 3024/54/6 3025/55/6
f 3025/55/6 308/195/6 305/196/6
f 308/195/6 3025/55/6 3026/56/6
f 3026/56/6 311/194/6 308/195/6
f 311/194/6 3026/56/6 3027/57/6
f 3027/57/6 314/193/6 311/194/6
f 314/193/6 3027/57/6 3028/58/6
f 3028/58/6 317/192/6 314/193/6
f 317/192/6 3028/58/6 3029/59/6
f 3029/59/6 320/191/6 317/192/6
f 320/191/6 3029/59/6 3030/60/6
f 3030/60/6 323/190/6 320/191/6
f 323/190/6 3030/60/6 3031/61/6
f 3031/61/6 326/189/6 323/190/6
f 326/189/6 3031/61/6 3032/62/6
f 3032/62/6 329/188/6 326/189/6
f 329/188/6 3032/62/6 3033/63/6
f 3033/63/6 332/187/6 329/188/6
f 332/187/6 3033/63/6 3034/64/6
f 3034/64/6 335/186/6 332/187/6
f 335/186/6 3034/64/6 3035/65/6
f 3035/65/6 337/11/6 335/186/6
f 3036/65/6 486/11/6 483/186/6
f 483/186/6 3037/64/6 3036/65/6
f 3037/64/6 483/186/6 480/187/6
f 480/187/6 3038/63/6 3037/64/6
f 3038/63/6 480/187/6 477/188/6
f 477/188/6 3039/62/6 3038/63/6
f 3039/62/6 477/188/6 474/189/6
f 474/189/6 3040/61/6 3039/62/6
f 3040/61/6 474/189/6 471/190/6
f 471/190/6 3041/60/6 3040/61/6
f 3041/60/6 471/190/6 468/191/6
f 468/191/6 3042/59/6 3041/60/6
f 3042/59/6 468/191/6 465/192/6
f 465/192/6 3043/58/6 3042/59/6
f 3043/58/6 465/192/6 462/193/6
f 462/193/6 3044/57/6 3043/58/6
f 3044/57/6 462/193/6 459/194/6
f 459/194/6 3045/56/6 3044/57/6
f 3045/56/6 459/194/6 456/195/6
f 456/195/6 3046/55/6 3045/56/6
f 3046/55/6 456/195/6 453/196/6
f 453/196/6 3047/54/6 3046/55/6
f 3047/54/6 453/196/6 450/197/6
f 450/197/6 3048/53/6 3047/54/6
f 3048/53/6 450/197/6 447/198/6
f 447/198/6 3049/52/6 3048/53/6
f 3049/52/6 447/198/6 444/199/6
f 444/199/6 3050/51/6 3049/52/6
f 3050/51/6 444/199/6 441/200/6
f 441/200/6 3051/50/6 3050/51/6
f 3051/50/6 441/200/6 438/201/6
f 438/201/6 3052/49/6 3051/50/6
f 3052/49/6 438/201/6 435/202/6
f 435/202/6 3053/48/6 3052/49/6
f 3053/48/6 435/202/6 432/8/6
f 432/8/6 3054/47/6 3053/48/6
f 3054/47/6 432/8/6 429/203/6
f 429/203/6 3055/46/6 3054/47/6
f 3055/46/6 429/203/6 426/204/6
f 426/204/6 3056/45/6 3055/46/6
f 3056/45/6 426/204/6 423/205/6
f 423/205/6 3057/44/6 3056/45/6
f 3057/44/6 423/205/6 420/206/6
f 420/206/6 3058/43/6 3057/44/6
f 3058/43/6 420/206/6 417/207/6
f 417/207/6 3059/42/6 3058/43/6
f 3059/42/6 417/207/6 414/208/6
f 414/208/6 3060/41/6 3059/42/6
f 3060/41/6 414/208/6 411/209/6
f 411/209/6 3061/40/6 3060/41/6
f 3061/40/6 411/209/6 408/210/6
f 408/210/6 3062/39/6 3061/40/6
f 3062/39/6 408/210/6 405/211/6
f 405/211/6 3063/38/6 3062/39/6
f 3063/38/6 405/211/6 402/212/6
f 402/212/6 3064/37/6 3063/38/6
f 3064/37/6 402/212/6 399/213/6
f 399/213/6 3065/36/6 3064/37/6
f 3065/36/6 399/213/6 396/214/6
f 396/214/6 3066/35/6 3065/36/6
f 3066/35/6 396/214/6 393/215/6
f 393/215/6 3067/34/6 3066/35/6
f 3067/34/6 393/215/6 390/216/6
f 390/216/6 3068/33/6 3067/34/6
f 3068/33/6 390/216/6 387/217/6
f 387/217/6 3069/32/6 3068/33/6
f 3069/32/6 387/217/6 384/218/6
f 384/218/6 3070/31/6 3069/32/6
f 3070/31/6 384/218/6 379/219/6
f 379/219/6 3071/28/6 3070/31/6
f 3071/28/6 379/219/6 380/12/6
f 380/12/6 3072/30/6 3071/28/6
f 337/2/6 3035/182/6 3072/183/6
f 3072/183/6 380/3/6 337/2/6
f 486/5/6 3036/184/6 3007/185/6
f 3007/185/6 238/6/6 486/5/6
f 3073/30/51 201/30/51 199/28/50
f 199/28/50 3074/28/50 3073/30/51
f 3007/30/51 3073/30/51 3074/28/50
f 3074/28/50 3006/28/50 3007/30/51
f 3074/28/50 199/28/50 202/31/52
f 202/31/52 3075/31/52 3074/28/50
f 3006/28/50 3074/28/50 3075/31/52
f 3075/31/52 3008/31/52 3006/28/50
f 3075/31/52 202/31/52 203/32/53
f 203/32/53 3076/32/53 3075/31/52
f 3008/31/52 3075/31/52 3076/32/53
f 3076/32/53 3009/32/53 3008/31/52
f 3076/32/53 203/32/53 204/33/54
f 204/33/54 3077/33/54 3076/32/53
f 3009/32/53 3076/32/53 3077/33/54
f 3077/33/54 3010/33/54 3009/32/53
f 3077/33/54 204/33/54 205/34/55
f 205/34/55 3078/34/55 3077/33/54
f 3010/33/54 3077/33/54 3078/34/55
f 3078/34/55 3011/34/55 3010/33/54
f 3078/34/55 205/34/55 206/35/86
f 206/35/86 3079/35/86 3078/34/55
f 3011/34/55 3078/34/55 3079/35/86
f 3079/35/86 3012/35/86 3011/34/55
f 3079/35/86 206/35/86 207/36/57
f 207/36/57 3080/36/57 3079/35/86
f 3012/35/86 3079/35/86 3080/36/57
f 3080/36/57 3013/36/57 3012/35/86
f 3080/36/57 207/36/57 208/37/58
f 208/37/58 3081/37/58 3080/36/57
f 3013/36/57 3080/36/57 3081/37/58
f 3081/37/58 3014/37/58 3013/36/57
f 3081/37/58 208/37/58 209/38/59
f 209/38/59 3082/38/59 3081/37/58
f 3014/37/58 3081/37/58 3082/38/59
f 3082/38/59 3015/38/59 3014/37/58
f 3082/38/59 209/38/59 210/39/60
f 210/39/60 3083/39/60 3082/38/59
f 3015/38/59 3082/38/59 3083/39/60
f 3083/39/60 3016/39/60 3015/38/59
f 3083/39/60 210/39/60 211/40/61
f 211/40/61 3084/40/61 3083/39/60
f 3016/39/60 3083/39/60 3084/40/61
f 3084/40/61 3017/40/61 3016/39/60
f 3084/40/61 211/40/61 212/41/62
f 212/41/62 3085/41/62 3084/40/61
f 3017/40/61 3084/40/61 3085/41/62
f 3085/41/62 3018/41/62 3017/40/61
f 3085/41/62 212/41/62 213/42/63
f 213/42/63 3086/42/63 3085/41/62
f 3018/41/62 3085/41/62 3086/42/63
f 3086/42/63 3019/42/63 3018/41/62
f 3086/42/63 213/42/63 214/43/64
f 214/43/64 3087/43/100 3086/42/63
f 3019/42/63 3086/42/63 3087/43/100
f 3087/43/100 3020/43/101 3019/42/63
f 3087/43/100 214/43/64 215/44/65
f 215/44/65 3088/44/65 3087/43/100
f 3088/44/65 215/44/65 216/45/87
f 216/45/87 3089/45/87 3088/44/65
f 3089/45/87 216/45/87 217/46/67
f 217/46/67 3090/46/67 3089/45/87
f 3090/46/67 217/46/67 218/47/5
f 218/47/5 3091/47/5 3090/46/67
f 3091/47/5 218/47/5 219/48/68
f 219/48/68 3092/48/68 3091/47/5
f 3092/48/68 219/48/68 220/49/88
f 220/49/88 3093/49/88 3092/48/68
f 3093/49/88 220/49/88 221/50/70
f 221/50/70 3094/50/70 3093/49/88
f 3094/50/70 221/50/70 222/51/71
f 222/51/71 3095/51/102 3094/50/70
f 3095/51/102 222/51/71 223/52/72
f 223/52/72 3096/52/72 3095/51/102
f 3022/51/103 3095/51/102 3096/52/72
f 3096/52/72 3021/52/72 3022/51/103
f 3096/52/72 223/52/72 224/53/73
f 224/53/73 3097/53/73 3096/52/72
f 3021/52/72 3096/52/72 3097/53/73
f 3097/53/73 3023/53/73 3021/52/72
f 3097/53/73 224/53/73 225/54/74
f 225/54/74 3098/54/74 3097/53/73
f 3023/53/73 3097/53/73 3098/54/74
f 3098/54/74 3024/54/74 3023/53/73
f 3098/54/74 225/54/74 226/55/75
f 226/55/75 3099/55/75 3098/54/74
f 3024/54/74 3098/54/74 3099/55/75
f 3099/55/75 3025/55/75 3024/54/74
f 3099/55/75 226/55/75 227/56/76
f 227/56/76 3100/56/76 3099/55/75
f 3025/55/75 3099/55/75 3100/56/76
f 3100/56/76 3026/56/76 3025/55/75
f 3100/56/76 227/56/76 228/57/77
f 228/57/77 3101/57/77 3100/56/76
f 3026/56/76 3100/56/76 3101/57/77
f 3101/57/77 3027/57/77 3026/56/76
f 3101/57/77 228/57/77 229/58/78
f 229/58/78 3102/58/78 3101/57/77
f 3027/57/77 3101/57/77 3102/58/78
f 3102/58/78 3028/58/78 3027/57/77
f 3102/58/78 229/58/78 230/59/79
f 230/59/79 3103/59/79 3102/58/78
f 3028/58/78 3102/58/78 3103/59/79
f 3103/59/79 3029/59/79 3028/58/78
f 3103/59/79 230/59/79 231/60/80
f 231/60/80 3104/60/80 3103/59/79
f 3029/59/79 3103/59/79 3104/60/80
f 3104/60/80 3030/60/80 3029/59/79
f 3104/60/80 231/60/80 232/61/81
f 232/61/81 3105/61/81 3104/60/80
f 3030/60/80 3104/60/80 3105/61/81
f 3105/61/81 3031/61/81 3030/60/80
f 3105/61/81 232/61/81 233/62/82
f 233/62/82 3106/62/82 3105/61/81
f 3031/61/81 3105/61/81 3106/62/82
f 3106/62/82 3032/62/82 3031/61/81
f 3106/62/82 233/62/82 234/63/83
f 234/63/83 3107/63/83 3106/62/82
f 3032/62/82 3106/62/82 3107/63/83
f 3107/63/83 3033/63/83 3032/62/82
f 3107/63/83 234/63/83 235/64/84
f 235/64/84 3108/64/84 3107/63/83
f 3033/63/83 3107/63/83 3108/64/84
f 3108/64/84 3034/64/84 3033/63/83
f 3108/64/84 235/64/84 236/65/85
f 236/65/85 3109/65/85 3108/64/84
f 3034/64/84 3108/64/84 3109/65/85
f 3109/65/85 3035/65/85 3034/64/84
f 3110/30/11 378/30/11 377/28/10
f 377/28/10 3111/28/10 3110/30/11
f 3072/30/11 3110/30/11 3111/28/10
f 3111/28/10 3071/28/10 3072/30/11
f 3111/28/10 377/28/10 376/31/12
f 376/31/12 3112/31/12 3111/28/10
f 3071/28/10 3111/28/10 3112/31/12
f 3112/31/12 3070/31/12 3071/28/10
f 3112/31/12 376/31/12 375/32/13
f 375/32/13 3113/32/13 3112/31/12
f 3070/31/12 3112/31/12 3113/32/13
f 3113/32/13 3069/32/13 3070/31/12
f 3113/32/13 375/32/13 374/33/14
f 374/33/14 3114/33/14 3113/32/13
f 3069/32/13 3113/32/13 3114/33/14
f 3114/33/14 3068/33/14 3069/32/13
f 3114/33/14 374/33/14 373/34/15
f 373/34/15 3115/34/15 3114/33/14
f 3068/33/14 3114/33/14 3115/34/15
f 3115/34/15 3067/34/15 3068/33/14
f 3115/34/15 373/34/15 372/35/16
f 372/35/16 3116/35/16 3115/34/15
f 3067/34/15 3115/34/15 3116/35/16
f 3116/35/16 3066/35/16 3067/34/15
f 3116/35/16 372/35/16 371/36/17
f 371/36/17 3117/36/17 3116/35/16
f 3066/35/16 3116/35/16 3117/36/17
f 3117/36/17 3065/36/17 3066/35/16
f 3117/36/17 371/36/17 370/37/18
f 370/37/18 3118/37/18 3117/36/17
f 3065/36/17 3117/36/17 3118/37/18
f 3118/37/18 3064/37/18 3065/36/17
f 3118/37/18 370/37/18 369/38/19
f 369/38/19 3119/38/19 3118/37/18
f 3064/37/18 3118/37/18 3119/38/19
f 3119/38/19 3063/38/19 3064/37/18
f 3119/38/19 369/38/19 368/39/20
f 368/39/20 3120/39/20 3119/38/19
f 3063/38/19 3119/38/19 3120/39/20
f 3120/39/20 3062/39/20 3063/38/19
f 3120/39/20 368/39/20 367/40/21
f 367/40/21 3121/40/21 3120/39/20
f 3062/39/20 3120/39/20 3121/40/21
f 3121/40/21 3061/40/21 3062/39/20
f 3121/40/21 367/40/21 366/41/22
f 366/41/22 3122/41/22 3121/40/21
f 3061/40/21 3121/40/21 3122/41/22
f 3122/41/22 3060/41/22 3061/40/21
f 3122/41/22 366/41/22 365/42/23
f 365/42/23 3123/42/23 3122/41/22
f 3060/41/22 3122/41/22 3123/42/23
f 3123/42/23 3059/42/23 3060/41/22
f 3123/42/23 365/42/23 364/43/26
f 364/43/26 3124/43/26 3123/42/23
f 3059/42/23 3123/42/23 3124/43/26
f 3124/43/26 3058/43/26 3059/42/23
f 3124/43/26 364/43/26 363/44/27
f 363/44/27 3125/44/27 3124/43/26
f 3058/43/26 3124/43/26 3125/44/27
f 3125/44/27 3057/44/27 3058/43/26
f 3125/44/27 363/44/27 362/45/90
f 362/45/90 3126/45/90 3125/44/27
f 3057/44/27 3125/44/27 3126/45/90
f 3126/45/90 3056/45/90 3057/44/27
f 3126/45/90 362/45/90 361/46/29
f 361/46/29 3127/46/29 3126/45/90
f 3056/45/90 3126/45/90 3127/46/29
f 3127/46/29 3055/46/29 3056/45/90
f 3127/46/29 361/46/29 360/47/7
f 360/47/7 3128/47/7 3127/46/29
f 3055/46/29 3127/46/29 3128/47/7
f 3128/47/7 3054/47/7 3055/46/29
f 3128/47/7 360/47/7 359/48/30
f 359/48/30 3129/48/30 3128/47/7
f 3054/47/7 3128/47/7 3129/48/30
f 3129/48/30 3053/48/30 3054/47/7
f 3129/48/30 359/48/30 358/49/89
f 358/49/89 3130/49/89 3129/48/30
f 3053/48/30 3129/48/30 3130/49/89
f 3130/49/89 3052/49/89 3053/48/30
f 3130/49/89 358/49/89 357/50/32
f 357/50/32 3131/50/32 3130/49/89
f 3052/49/89 3130/49/89 3131/50/32
f 3131/50/32 3051/50/32 3052/49/89
f 3131/50/32 357/50/32 356/51/34
f 356/51/34 3132/51/34 3131/50/32
f 3051/50/32 3131/50/32 3132/51/34
f 3132/51/34 3050/51/34 3051/50/32
f 3132/51/34 356/51/34 355/52/35
f 355/52/35 3133/52/35 3132/51/34
f 3050/51/34 3132/51/34 3133/52/35
f 3133/52/35 3049/52/35 3050/51/34
f 3133/52/35 355/52/35 354/53/37
f 354/53/37 3134/53/37 3133/52/35
f 3049/52/35 3133/52/35 3134/53/37
f 3134/53/37 3048/53/37 3049/52/35
f 3134/53/37 354/53/37 353/54/38
f 353/54/38 3135/54/38 3134/53/37
f 3048/53/37 3134/53/37 3135/54/38
f 3135/54/38 3047/54/38 3048/53/37
f 3135/54/38 353/54/38 352/55/39
f 352/55/39 3136/55/39 3135/54/38
f 3047/54/38 3135/54/38 3136/55/39
f 3136/55/39 3046/55/39 3047/54/38
f 3136/55/39 352/55/39 351/56/40
f 351/56/40 3137/56/40 3136/55/39
f 3046/55/39 3136/55/39 3137/56/40
f 3137/56/40 3045/56/40 3046/55/39
f 3137/56/40 351/56/40 350/57/41
f 350/57/41 3138/57/41 3137/56/40
f 3045/56/40 3137/56/40 3138/57/41
f 3138/57/41 3044/57/41 3045/56/40
f 3138/57/41 350/57/41 349/58/42
f 349/58/42 3139/58/42 3138/57/41
f 3044/57/41 3138/57/41 3139/58/42
f 3139/58/42 3043/58/42 3044/57/41
f 3139/58/42 349/58/42 348/59/43
f 348/59/43 3140/59/43 3139/58/42
f 3043/58/42 3139/58/42 3140/59/43
f 3140/59/43 3042/59/43 3043/58/42
f 3140/59/43 348/59/43 347/60/44
f 347/60/44 3141/60/44 3140/59/43
f 3042/59/43 3140/59/43 3141/60/44
f 3141/60/44 3041/60/44 3042/59/43
f 3141/60/44 347/60/44 346/61/45
f 346/61/45 3142/61/45 3141/60/44
f 3041/60/44 3141/60/44 3142/61/45
f 3142/61/45 3040/61/45 3041/60/44
f 3142/61/45 346/61/45 345/62/46
f 345/62/46 3143/62/46 3142/61/45
f 3040/61/45 3142/61/45 3143/62/46
f 3143/62/46 3039/62/46 3040/61/45
f 3143/62/46 345/62/46 344/63/47
f 344/63/47 3144/63/47 3143/62/46
f 3039/62/46 3143/62/46 3144/63/47
f 3144/63/47 3038/63/47 3039/62/46
f 3144/63/47 344/63/47 343/64/48
f 343/64/48 3145/64/48 3144/63/47
f 3038/63/47 3144/63/47 3145/64/48
f 3145/64/48 3037/64/48 3038/63/47
f 3145/64/48 343/64/48 341/65/49
f 341/65/49 3146/65/49 3145/64/48
f 3037/64/48 3145/64/48 3146/65/49
f 3146/65/49 3036/65/49 3037/64/48
f 3109/182/85 236/182/85 378/183/11
f 378/183/11 3110/183/11 3109/182/85
f 3035/182/85 3109/182/85 3110/183/11
f 3110/183/11 3072/183/11 3035/182/85
f 3146/184/49 341/184/49 201/185/51
f 201/185/51 3073/185/51 3146/184/49
f 3036/184/49 3146/184/49 3073/185/51
f 3073/185/51 3007/185/51 3036/184/49
f 3149/893/11 3148/69/11 3147/71/10
f 3147/71/10 3150/895/10 3149/893/11
f 3150/895/10 3147/71/10 3151/74/12
f 3151/74/12 3152/897/12 3150/895/10
f 3152/897/12 3151/74/12 3153/77/13
f 3153/77/13 3154/899/13 3152/897/12
f 3154/899/13 3153/77/13 3155/80/14
f 3155/80/14 3156/901/14 3154/899/13
f 3156/901/14 3155/80/14 3157/83/15
f 3157/83/15 3158/903/15 3156/901/14
f 3158/903/15 3157/83/15 3159/86/16
f 3159/86/16 3160/905/16 3158/903/15
f 3160/905/16 3159/86/16 3161/89/17
f 3161/89/17 3162/907/17 3160/905/16
f 3162/907/17 3161/89/17 3163/92/18
f 3163/92/18 3164/909/18 3162/907/17
f 3164/909/18 3163/92/18 3165/95/19
f 3165/95/19 3166/911/19 3164/909/18
f 3166/911/19 3165/95/19 3167/98/20
f 3167/98/20 3168/913/20 3166/911/19
f 3168/913/20 3167/98/20 3169/101/21
f 3169/101/21 3170/915/21 3168/913/20
f 3170/915/21 3169/101/21 3171/104/22
f 3171/104/22 3172/917/22 3170/915/21
f 3172/917/22 3171/104/22 3173/107/23
f 3173/107/23 3174/919/23 3172/917/22
f 3174/919/23 3173/107/23 3175/109/26
f 3175/109/26 3176/921/26 3174/919/23
f 3176/921/26 3175/109/26 3177/111/27
f 3177/111/27 3178/923/27 3176/921/26
f 3178/923/27 3177/111/27 3179/113/90
f 3179/113/90 3180/925/90 3178/923/27
f 3180/925/90 3179/113/90 3181/115/29
f 3181/115/29 3182/927/29 3180/925/90
f 3182/927/29 3181/115/29 3183/117/7
f 3183/117/7 3184/929/7 3182/927/29
f 3184/929/7 3183/117/7 3185/119/30
f 3185/119/30 3186/931/30 3184/929/7
f 3186/931/30 3185/119/30 3187/121/89
f 3187/121/89 3188/933/89 3186/931/30
f 3188/933/89 3187/121/89 3189/123/32
f 3189/123/32 3190/935/32 3188/933/89
f 3190/935/32 3189/123/32 3191/125/34
f 3191/125/34 3192/937/34 3190/935/32
f 3192/937/34 3191/125/34 3193/127/35
f 3193/127/35 3194/939/35 3192/937/34
f 3194/939/35 3193/127/35 3195/132/104
f 3195/132/104 3196/941/104 3194/939/35
f 3196/941/104 3195/132/104 3197/135/38
f 3197/135/38 3198/943/38 3196/941/104
f 3198/943/38 3197/135/38 3199/138/39
f 3199/138/39 3200/945/39 3198/943/38
f 3200/945/39 3199/138/39 3201/141/40
f 3201/141/40 3202/947/40 3200/945/39
f 3202/947/40 3201/141/40 3203/144/41
f 3203/144/41 3204/949/41 3202/947/40
f 3204/949/41 3203/144/41 3205/147/42
f 3205/147/42 3206/951/42 3204/949/41
f 3206/951/42 3205/147/42 3207/150/43
f 3207/150/43 3208/953/43 3206/951/42
f 3208/953/43 3207/150/43 3209/153/44
f 3209/153/44 3210/955/44 3208/953/43
f 3210/955/44 3209/153/44 3211/156/45
f 3211/156/45 3212/957/45 3210/955/44
f 3212/957/45 3211/156/45 3213/159/46
f 3213/159/46 3214/959/46 3212/957/45
f 3214/959/46 3213/159/46 3215/162/47
f 3215/162/47 3216/961/47 3214/959/46
f 3216/961/47 3215/162/47 3217/165/48
f 3217/165/48 3218/963/48 3216/961/47
f 3218/963/48 3217/165/48 3219/167/49
f 3219/167/49 3220/965/49 3218/963/48
f 3220/1020/49 3219/176/49 3221/177/51
f 3221/177/51 3222/1019/51 3220/1020/49
f 3222/893/51 3221/69/51 3223/71/50
f 3223/71/50 3224/895/50 3222/893/51
f 3224/895/50 3223/71/50 3225/74/52
f 3225/74/52 3226/897/52 3224/895/50
f 3226/897/52 3225/74/52 3227/77/53
f 3227/77/53 3228/899/53 3226/897/52
f 3228/899/53 3227/77/53 3229/80/54
f 3229/80/54 3230/901/54 3228/899/53
f 3230/901/54 3229/80/54 3231/83/55
f 3231/83/55 3232/903/55 3230/901/54
f 3232/903/55 3231/83/55 3233/86/56
f 3233/86/56 3234/905/56 3232/903/55
f 3234/905/56 3233/86/56 3235/89/57
f 3235/89/57 3236/907/57 3234/905/56
f 3236/907/57 3235/89/57 3237/92/58
f 3237/92/58 3238/909/58 3236/907/57
f 3238/909/58 3237/92/58 3239/95/59
f 3239/95/59 3240/911/59 3238/909/58
f 3240/911/59 3239/95/59 3241/98/60
f 3241/98/60 3242/913/60 3240/911/59
f 3242/913/60 3241/98/60 3243/101/61
f 3243/101/61 3244/915/61 3242/913/60
f 3244/915/61 3243/101/61 3245/104/105
f 3245/104/105 3246/917/105 3244/915/61
f 3246/917/105 3245/104/105 3247/107/63
f 3247/107/63 3248/919/63 3246/917/105
f 3248/919/63 3247/107/63 3249/109/64
f 3249/109/64 3250/921/64 3248/919/63
f 3250/921/64 3249/109/64 3251/111/65
f 3251/111/65 3252/923/65 3250/921/64
f 3252/923/65 3251/111/65 3253/113/87
f 3253/113/87 3254/925/87 3252/923/65
f 3254/925/87 3253/113/87 3255/115/67
f 3255/115/67 3256/927/67 3254/925/87
f 3256/927/67 3255/115/67 3257/117/5
f 3257/117/5 3258/929/5 3256/927/67
f 3258/929/5 3257/117/5 3259/119/68
f 3259/119/68 3260/931/68 3258/929/5
f 3260/931/68 3259/119/68 3261/121/88
f 3261/121/88 3262/933/88 3260/931/68
f 3262/933/88 3261/121/88 3263/123/70
f 3263/123/70 3264/935/70 3262/933/88
f 3264/935/70 3263/123/70 3265/125/71
f 3265/125/71 3266/937/71 3264/935/70
f 3266/937/71 3265/125/71 3267/127/72
f 3267/127/72 3268/939/72 3266/937/71
f 3268/939/72 3267/127/72 3269/132/73
f 3269/132/73 3270/941/73 3268/939/72
f 3270/941/73 3269/132/73 3271/135/74
f 3271/135/74 3272/943/74 3270/941/73
f 3272/943/74 3271/135/74 3273/138/75
f 3273/138/75 3274/945/75 3272/943/74
f 3274/945/75 3273/138/75 3275/141/76
f 3275/141/76 3276/947/76 3274/945/75
f 3276/947/76 3275/141/76 3277/144/77
f 3277/144/77 3278/949/77 3276/947/76
f 3278/949/77 3277/144/77 3279/147/78
f 3279/147/78 3280/951/78 3278/949/77
f 3280/951/78 3279/147/78 3281/150/106
f 3281/150/106 3282/953/106 3280/951/78
f 3282/953/106 3281/150/106 3283/153/80
f 3283/153/80 3284/955/80 3282/953/106
f 3284/955/80 3283/153/80 3285/156/81
f 3285/156/81 3286/957/81 3284/955/80
f 3286/957/81 3285/156/81 3287/159/82
f 3287/159/82 3288/959/82 3286/957/81
f 3288/959/82 3287/159/82 3289/162/83
f 3289/162/83 3290/961/83 3288/959/82
f 3290/961/83 3289/162/83 3291/165/84
f 3291/165/84 3292/963/84 3290/961/83
f 3292/963/84 3291/165/84 3293/167/85
f 3293/167/85 3294/965/85 3292/963/84
f 3294/996/85 3293/180/85 3148/181/11
f 3148/181/11 3149/995/11 3294/996/85
f 1381/893/1 3149/893/1 3150/895/1
f 3150/895/1 1383/895/1 1381/893/1
f 1383/895/1 3150/895/1 3152/897/1
f 3152/897/1 1385/897/1 1383/895/1
f 1385/897/1 3152/897/1 3154/899/1
f 3154/899/1 1387/899/1 1385/897/1
f 1387/899/1 3154/899/1 3156/901/1
f 3156/901/1 1389/901/1 1387/899/1
f 1389/901/1 3156/901/1 3158/903/1
f 3158/903/1 1391/903/1 1389/901/1
f 1391/903/1 3158/903/1 3160/905/1
f 3160/905/1 1393/905/1 1391/903/1
f 1393/905/1 3160/905/1 3162/907/1
f 3162/907/1 1395/907/1 1393/905/1
f 1395/907/1 3162/907/1 3164/909/1
f 3164/909/1 1397/909/1 1395/907/1
f 1397/909/1 3164/909/1 3166/911/1
f 3166/911/1 1399/911/1 1397/909/1
f 1399/911/1 3166/911/1 3168/913/1
f 3168/913/1 1401/913/1 1399/911/1
f 1401/913/1 3168/913/1 3170/915/1
f 3170/915/1 1403/915/1 1401/913/1
f 1403/915/1 3170/915/1 3172/917/1
f 3172/917/1 1405/917/1 1403/915/1
f 1405/917/1 3172/917/1 3174/919/1
f 3174/919/1 1407/919/1 1405/917/1
f 1407/919/1 3174/919/1 3176/921/1
f 3176/921/1 1409/921/1 1407/919/1
f 1409/921/1 3176/921/1 3178/923/1
f 3178/923/1 1411/923/1 1409/921/1
f 1411/923/1 3178/923/1 3180/925/1
f 3180/925/1 1413/925/1 1411/923/1
f 1413/925/1 3180/925/1 3182/927/1
f 3182/927/1 1415/927/1 1413/925/1
f 1415/927/1 3182/927/1 3184/929/1
f 3184/929/1 1417/929/1 1415/927/1
f 1417/929/1 3184/929/1 3186/931/1
f 3186/931/1 1419/931/1 1417/929/1
f 1419/931/1 3186/931/1 3188/933/1
f 3188/933/1 1421/933/1 1419/931/1
f 1421/933/1 3188/933/1 3190/935/1
f 3190/935/1 1423/935/1 1421/933/1
f 1423/935/1 3190/935/1 3192/937/1
f 3192/937/1 1425/937/1 1423/935/1
f 1425/937/1 3192/937/1 3194/939/1
f 3194/939/1 1427/939/1 1425/937/1
f 1427/939/1 3194/939/1 3196/941/1
f 3196/941/1 1429/941/1 1427/939/1
f 1429/941/1 3196/941/1 3198/943/1
f 3198/943/1 1431/943/1 1429/941/1
f 1431/943/1 3198/943/1 3200/945/1
f 3200/945/1 1433/945/1 1431/943/1
f 1433/945/1 3200/945/1 3202/947/1
f 3202/947/1 1435/947/1 1433/945/1
f 1435/947/1 3202/947/1 3204/949/1
f 3204/949/1 1437/949/1 1435/947/1
f 1437/949/1 3204/949/1 3206/951/1
f 3206/951/1 1439/951/1 1437/949/1
f 1439/951/1 3206/951/1 3208/953/1
f 3208/953/1 1441/953/1 1439/951/1
f 1441/953/1 3208/953/1 3210/955/1
f 3210/955/1 1443/955/1 1441/953/1
f 1443/955/1 3210/955/1 3212/957/1
f 3212/957/1 1445/957/1 1443/955/1
f 1445/957/1 3212/957/1 3214/959/1
f 3214/959/1 1447/959/1 1445/957/1
f 1447/959/1 3214/959/1 3216/961/1
f 3216/961/1 1449/961/1 1447/959/1
f 1449/961/1 3216/961/1 3218/963/1
f 3218/963/1 1451/963/1 1449/961/1
f 1451/963/1 3218/963/1 3220/965/1
f 3220/965/1 1453/965/1 1451/963/1
f 3148/69/6 241/69/6 243/71/6
f 243/71/6 3147/71/6 3148/69/6
f 3147/71/6 243/71/6 246/74/6
f 246/74/6 3151/74/6 3147/71/6
f 3151/74/6 246/74/6 249/77/6
f 249/77/6 3153/77/6 3151/74/6
f 3153/77/6 249/77/6 252/80/6
f 252/80/6 3155/80/6 3153/77/6
f 3155/80/6 252/80/6 255/83/6
f 255/83/6 3157/83/6 3155/80/6
f 3157/83/6 255/83/6 258/86/6
f 258/86/6 3159/86/6 3157/83/6
f 3159/86/6 258/86/6 261/89/6
f 261/89/6 3161/89/6 3159/86/6
f 3161/89/6 261/89/6 264/92/6
f 264/92/6 3163/92/6 3161/89/6
f 3163/92/6 264/92/6 267/95/6
f 267/95/6 3165/95/6 3163/92/6
f 3165/95/6 267/95/6 270/98/6
f 270/98/6 3167/98/6 3165/95/6
f 3167/98/6 270/98/6 273/101/6
f 273/101/6 3169/101/6 3167/98/6
f 3169/101/6 273/101/6 276/104/6
f 276/104/6 3171/104/6 3169/101/6
f 3171/104/6 276/104/6 279/107/6
f 279/107/6 3173/107/6 3171/104/6
f 3173/107/6 279/107/6 281/109/6
f 281/109/6 3175/109/6 3173/107/6
f 3175/109/6 281/109/6 283/111/6
f 283/111/6 3177/111/6 3175/109/6
f 3177/111/6 283/111/6 285/113/6
f 285/113/6 3179/113/6 3177/111/6
f 3179/113/6 285/113/6 287/115/6
f 287/115/6 3181/115/6 3179/113/6
f 3181/115/6 287/115/6 289/117/6
f 289/117/6 3183/117/6 3181/115/6
f 3183/117/6 289/117/6 291/119/6
f 291/119/6 3185/119/6 3183/117/6
f 3185/119/6 291/119/6 293/121/6
f 293/121/6 3187/121/6 3185/119/6
f 3187/121/6 293/121/6 295/123/6
f 295/123/6 3189/123/6 3187/121/6
f 3189/123/6 295/123/6 297/125/6
f 297/125/6 3191/125/6 3189/123/6
f 3191/125/6 297/125/6 299/127/6
f 299/127/6 3193/127/6 3191/125/6
f 3193/127/6 299/127/6 304/132/6
f 304/132/6 3195/132/6 3193/127/6
f 3195/132/6 304/132/6 307/135/6
f 307/135/6 3197/135/6 3195/132/6
f 3197/135/6 307/135/6 310/138/6
f 310/138/6 3199/138/6 3197/135/6
f 3199/138/6 310/138/6 313/141/6
f 313/141/6 3201/141/6 3199/138/6
f 3201/141/6 313/141/6 316/144/6
f 316/144/6 3203/144/6 3201/141/6
f 3203/144/6 316/144/6 319/147/6
f 319/147/6 3205/147/6 3203/144/6
f 3205/147/6 319/147/6 322/150/6
f 322/150/6 3207/150/6 3205/147/6
f 3207/150/6 322/150/6 325/153/6
f 325/153/6 3209/153/6 3207/150/6
f 3209/153/6 325/153/6 328/156/6
f 328/156/6 3211/156/6 3209/153/6
f 3211/156/6 328/156/6 331/159/6
f 331/159/6 3213/159/6 3211/156/6
f 3213/159/6 331/159/6 334/162/6
f 334/162/6 3215/162/6 3213/159/6
f 3215/162/6 334/162/6 338/165/6
f 338/165/6 3217/165/6 3215/162/6
f 3217/165/6 338/165/6 340/167/6
f 340/167/6 3219/167/6 3217/165/6
f 1453/1020/1 3220/1020/1 3222/1019/1
f 3222/1019/1 2157/1019/1 1453/1020/1
f 383/177/6 3221/177/6 3219/176/6
f 3219/176/6 340/176/6 383/177/6
f 2157/893/1 3222/893/1 3224/895/1
f 3224/895/1 2155/895/1 2157/893/1
f 2155/895/1 3224/895/1 3226/897/1
f 3226/897/1 2153/897/1 2155/895/1
f 2153/897/1 3226/897/1 3228/899/1
f 3228/899/1 2151/899/1 2153/897/1
f 2151/899/1 3228/899/1 3230/901/1
f 3230/901/1 2149/901/1 2151/899/1
f 2149/901/1 3230/901/1 3232/903/1
f 3232/903/1 2147/903/1 2149/901/1
f 2147/903/1 3232/903/1 3234/905/1
f 3234/905/1 2145/905/1 2147/903/1
f 2145/905/1 3234/905/1 3236/907/1
f 3236/907/1 2143/907/1 2145/905/1
f 2143/907/1 3236/907/1 3238/909/1
f 3238/909/1 2141/909/1 2143/907/1
f 2141/909/1 3238/909/1 3240/911/1
f 3240/911/1 2139/911/1 2141/909/1
f 2139/911/1 3240/911/1 3242/913/1
f 3242/913/1 2137/913/1 2139/911/1
f 2137/913/1 3242/913/1 3244/915/1
f 3244/915/1 2135/915/1 2137/913/1
f 2135/915/1 3244/915/1 3246/917/1
f 3246/917/1 2133/917/1 2135/915/1
f 2133/917/1 3246/917/1 3248/919/1
f 3248/919/1 2131/919/1 2133/917/1
f 2131/919/1 3248/919/1 3250/921/1
f 3250/921/1 2129/921/1 2131/919/1
f 2129/921/1 3250/921/1 3252/923/1
f 3252/923/1 2127/923/1 2129/921/1
f 2127/923/1 3252/923/1 3254/925/1
f 3254/925/1 2125/925/1 2127/923/1
f 2125/925/1 3254/925/1 3256/927/1
f 3256/927/1 2123/927/1 2125/925/1
f 2123/927/1 3256/927/1 3258/929/1
f 3258/929/1 2121/929/1 2123/927/1
f 2121/929/1 3258/929/1 3260/931/1
f 3260/931/1 2119/931/1 2121/929/1
f 2119/931/1 3260/931/1 3262/933/1
f 3262/933/1 2117/933/1 2119/931/1
f 2117/933/1 3262/933/1 3264/935/1
f 3264/935/1 2115/935/1 2117/933/1
f 2115/935/1 3264/935/1 3266/937/1
f 3266/937/1 2113/937/1 2115/935/1
f 2113/937/1 3266/937/1 3268/939/1
f 3268/939/1 2111/939/1 2113/937/1
f 2111/939/1 3268/939/1 3270/941/1
f 3270/941/1 2109/941/1 2111/939/1
f 2109/941/1 3270/941/1 3272/943/1
f 3272/943/1 2107/943/1 2109/941/1
f 2107/943/1 3272/943/1 3274/945/1
f 3274/945/1 2105/945/1 2107/943/1
f 2105/945/1 3274/945/1 3276/947/1
f 3276/947/1 2103/947/1 2105/945/1
f 2103/947/1 3276/947/1 3278/949/1
f 3278/949/1 2101/949/1 2103/947/1
f 2101/949/1 3278/949/1 3280/951/1
f 3280/951/1 2099/951/1 2101/949/1
f 2099/951/1 3280/951/1 3282/953/1
f 3282/953/1 2097/953/1 2099/951/1
f 2097/953/1 3282/953/1 3284/955/1
f 3284/955/1 2095/955/1 2097/953/1
f 2095/955/1 3284/955/1 3286/957/1
f 3286/957/1 2093/957/1 2095/955/1
f 2093/957/1 3286/957/1 3288/959/1
f 3288/959/1 2091/959/1 2093/957/1
f 2091/959/1 3288/959/1 3290/961/1
f 3290/961/1 2089/961/1 2091/959/1
f 2089/961/1 3290/961/1 3292/963/1
f 3292/963/1 2087/963/1 2089/961/1
f 2087/963/1 3292/963/1 3294/965/1
f 3294/965/1 2085/965/1 2087/963/1
f 3221/69/6 383/69/6 385/71/6
f 385/71/6 3223/71/6 3221/69/6
f 3223/71/6 385/71/6 388/74/6
f 388/74/6 3225/74/6 3223/71/6
f 3225/74/6 388/74/6 391/77/6
f 391/77/6 3227/77/6 3225/74/6
f 3227/77/6 391/77/6 394/80/6
f 394/80/6 3229/80/6 3227/77/6
f 3229/80/6 394/80/6 397/83/6
f 397/83/6 3231/83/6 3229/80/6
f 3231/83/6 397/83/6 400/86/6
f 400/86/6 3233/86/6 3231/83/6
f 3233/86/6 400/86/6 403/89/6
f 403/89/6 3235/89/6 3233/86/6
f 3235/89/6 403/89/6 406/92/6
f 406/92/6 3237/92/6 3235/89/6
f 3237/92/6 406/92/6 409/95/6
f 409/95/6 3239/95/6 3237/92/6
f 3239/95/6 409/95/6 412/98/6
f 412/98/6 3241/98/6 3239/95/6
f 3241/98/6 412/98/6 415/101/6
f 415/101/6 3243/101/6 3241/98/6
f 3243/101/6 415/101/6 418/104/6
f 418/104/6 3245/104/6 3243/101/6
f 3245/104/6 418/104/6 421/107/6
f 421/107/6 3247/107/6 3245/104/6
f 3247/107/6 421/107/6 424/109/6
f 424/109/6 3249/109/6 3247/107/6
f 3249/109/6 424/109/6 427/111/6
f 427/111/6 3251/111/6 3249/109/6
f 3251/111/6 427/111/6 430/113/6
f 430/113/6 3253/113/6 3251/111/6
f 3253/113/6 430/113/6 433/115/6
f 433/115/6 3255/115/6 3253/113/6
f 3255/115/6 433/115/6 436/117/6
f 436/117/6 3257/117/6 3255/115/6
f 3257/117/6 436/117/6 439/119/6
f 439/119/6 3259/119/6 3257/117/6
f 3259/119/6 439/119/6 442/121/6
f 442/121/6 3261/121/6 3259/119/6
f 3261/121/6 442/121/6 445/123/6
f 445/123/6 3263/123/6 3261/121/6
f 3263/123/6 445/123/6 448/125/6
f 448/125/6 3265/125/6 3263/123/6
f 3265/125/6 448/125/6 451/127/6
f 451/127/6 3267/127/6 3265/125/6
f 3267/127/6 451/127/6 454/132/6
f 454/132/6 3269/132/6 3267/127/6
f 3269/132/6 454/132/6 457/135/6
f 457/135/6 3271/135/6 3269/132/6
f 3271/135/6 457/135/6 460/138/6
f 460/138/6 3273/138/6 3271/135/6
f 3273/138/6 460/138/6 463/141/6
f 463/141/6 3275/141/6 3273/138/6
f 3275/141/6 463/141/6 466/144/6
f 466/144/6 3277/144/6 3275/141/6
f 3277/144/6 466/144/6 469/147/6
f 469/147/6 3279/147/6 3277/144/6
f 3279/147/6 469/147/6 472/150/6
f 472/150/6 3281/150/6 3279/147/6
f 3281/150/6 472/150/6 475/153/6
f 475/153/6 3283/153/6 3281/150/6
f 3283/153/6 475/153/6 478/156/6
f 478/156/6 3285/156/6 3283/153/6
f 3285/156/6 478/156/6 481/159/6
f 481/159/6 3287/159/6 3285/156/6
f 3287/159/6 481/159/6 484/162/6
f 484/162/6 3289/162/6 3287/159/6
f 3289/162/6 484/162/6 487/165/6
f 487/165/6 3291/165/6 3289/162/6
f 3291/165/6 487/165/6 489/167/6
f 489/167/6 3293/167/6 3291/165/6
f 2085/996/1 3294/996/1 3149/995/1
f 3149/995/1 1381/995/1 2085/996/1
f 241/181/6 3148/181/6 3293/180/6
f 3293/180/6 489/180/6 241/181/6
f 280/2/45 278/6/45 3020/5/45
f 3020/5/45 3087/3/45 280/2/45
f 3095/2/14 3022/6/14 301/5/14
f 301/5/14 296/3/14 3095/2/14
f 282/2/108 280/6/107 3087/5/107
f 3087/5/107 3088/3/108 282/2/108
f 284/2/109 282/6/108 3088/5/108
f 3088/5/108 3089/3/109 284/2/109
f 286/2/110 284/6/109 3089/5/109
f 3089/5/109 3090/3/110 286/2/110
f 288/2/111 286/6/110 3090/5/110
f 3090/5/110 3091/3/111 288/2/111
f 290/2/112 288/6/111 3091/5/111
f 3091/5/111 3092/3/112 290/2/112
f 292/2/113 290/6/112 3092/5/112
f 3092/5/112 3093/3/113 292/2/113
f 294/2/114 292/6/113 3093/5/113
f 3093/5/113 3094/3/114 294/2/114
f 296/2/115 294/6/114 3094/5/114
f 3094/5/114 3095/3/115 296/2/115
f 3295/1021/6 3296/5/6 198/3/6
f 198/3/6 3297/1022/6 3295/1021/6
f 3296/5/6 3295/1021/6 3298/1023/6
f 3298/1023/6 3299/12/6 3296/5/6
f 3297/1022/6 198/3/6 193/11/6
f 193/11/6 3300/1024/6 3297/1022/6
f 3299/12/6 3298/1023/6 3301/1025/6
f 3301/1025/6 3302/6/6 3299/12/6
f 3300/1024/6 193/11/6 191/2/6
f 191/2/6 3303/1026/6 3300/1024/6
f 3302/6/6 3301/1025/6 3303/1026/6
f 3303/1026/6 191/2/6 3302/6/6
f 3304/1027/2 191/3/2 188/26/2
f 188/26/2 3305/1028/2 3304/1027/2
f 191/3/2 3304/1027/2 3306/1029/2
f 3306/1029/2 3302/5/2 191/3/2
f 3302/5/2 3306/1029/2 3308/1030/2
f 3308/1030/2 3307/21/2 3302/5/2
f 162/17/1 144/3/1 146/11/1
f 146/11/1 163/18/1 162/17/1
f 144/3/1 162/17/1 159/15/1
f 159/15/1 143/5/1 144/3/1
f 163/18/1 146/11/1 149/2/1
f 149/2/1 164/19/1 163/18/1
f 143/5/1 159/15/1 160/14/1
f 160/14/1 152/12/1 143/5/1
f 164/19/1 149/2/1 150/6/1
f 150/6/1 161/16/1 164/19/1
f 152/12/1 160/14/1 161/16/1
f 161/16/1 150/6/1 152/12/1
f 138/17/1 120/3/1 122/11/1
f 122/11/1 139/18/1 138/17/1
f 120/3/1 138/17/1 135/15/1
f 135/15/1 119/5/1 120/3/1
f 139/18/1 122/11/1 125/2/1
f 125/2/1 140/19/1 139/18/1
f 119/5/1 135/15/1 136/14/1
f 136/14/1 128/12/1 119/5/1
f 140/19/1 125/2/1 126/6/1
f 126/6/1 137/16/1 140/19/1
f 128/12/1 136/14/1 137/16/1
f 137/16/1 126/6/1 128/12/1
f 114/17/1 96/3/1 98/11/1
f 98/11/1 115/18/1 114/17/1
f 96/3/1 114/17/1 111/15/1
f 111/15/1 95/5/1 96/3/1
f 115/18/1 98/11/1 101/2/1
f 101/2/1 116/19/1 115/18/1
f 95/5/1 111/15/1 112/14/1
f 112/14/1 104/12/1 95/5/1
f 116/19/1 101/2/1 102/6/1
f 102/6/1 113/16/1 116/19/1
f 104/12/1 112/14/1 113/16/1
f 113/16/1 102/6/1 104/12/1
f 90/17/1 72/3/1 74/11/1
f 74/11/1 91/18/1 90/17/1
f 72/3/1 90/17/1 87/15/1
f 87/15/1 71/5/1 72/3/1
f 91/18/1 74/11/1 77/2/1
f 77/2/1 92/19/1 91/18/1
f 71/5/1 87/15/1 88/14/1
f 88/14/1 80/12/1 71/5/1
f 92/19/1 77/2/1 78/6/1
f 78/6/1 89/16/1 92/19/1
f 80/12/1 88/14/1 89/16/1
f 89/16/1 78/6/1 80/12/1
f 66/17/1 48/3/1 50/11/1
f 50/11/1 67/18/1 66/17/1
f 48/3/1 66/17/1 63/15/1
f 63/15/1 47/5/1 48/3/1
f 67/18/1 50/11/1 53/2/1
f 53/2/1 68/19/1 67/18/1
f 47/5/1 63/15/1 64/14/1
f 64/14/1 56/12/1 47/5/1
f 68/19/1 53/2/1 54/6/1
f 54/6/1 65/16/1 68/19/1
f 56/12/1 64/14/1 65/16/1
f 65/16/1 54/6/1 56/12/1
f 40/17/1 24/3/1 26/11/1
f 26/11/1 42/18/1 40/17/1
f 24/3/1 40/17/1 35/15/1
f 35/15/1 23/5/1 24/3/1
f 42/18/1 26/11/1 29/2/1
f 29/2/1 44/19/1 42/18/1
f 23/5/1 35/15/1 36/14/1
f 36/14/1 32/12/1 23/5/1
f 44/19/1 29/2/1 30/6/1
f 30/6/1 38/16/1 44/19/1
f 32/12/1 36/14/1 38/16/1
f 38/16/1 30/6/1 32/12/1

usemtl Glass_Green
f 3339/1026/6 3338/1025/6 3337/1024/6
f 3338/1025/6 3340/1023/6 3337/1024/6
f 3311/3/1 3310/5/1 3309/1031/1
f 3309/1031/1 3312/1032/1 3311/3/1
f 3312/1032/1 3309/1031/1 3313/6/1
f 3313/6/1 3314/1033/1 3312/1032/1
f 3308/1030/2 3306/1029/2 3304/1027/2
f 3304/1027/2 3305/1028/2 3308/1030/2
f 190/22/9 192/23/9 194/24/9
f 194/24/9 187/20/9 190/22/9
f 196/21/4 198/5/4 3296/3/4
f 3296/3/4 3315/26/4 196/21/4
f 3316/1034/4 196/21/4 3315/26/4
f 3315/26/4 3317/1035/4 3316/1034/4
f 3318/12/4 3316/1034/4 3317/1035/4
f 3317/1035/4 3319/11/4 3318/12/4
f 3320/10/4 3318/12/4 3319/11/4
f 3319/11/4 3321/1036/4 3320/10/4
f 3322/1037/4 3320/10/4 3321/1036/4
f 3321/1036/4 3323/1038/4 3322/1037/4
f 3324/1039/4 3322/1037/4 3323/1038/4
f 3323/1038/4 3325/1040/4 3324/1039/4
f 3311/6/4 3324/1039/4 3325/1040/4
f 3325/1040/4 3310/2/4 3311/6/4
f 3299/7/5 3302/3/5 3307/26/5
f 3307/26/5 3326/9/5 3299/7/5
f 3296/5/5 3299/7/5 3326/9/5
f 3326/9/5 3315/21/5 3296/5/5
f 3327/13/5 3326/9/5 3307/26/5
f 3307/26/5 3328/1035/5 3327/13/5
f 3315/21/5 3326/9/5 3327/13/5
f 3327/13/5 3317/1034/5 3315/21/5
f 3327/13/5 3328/1035/5 3329/11/5
f 3329/11/5 3330/29/5 3327/13/5
f 3317/1034/5 3327/13/5 3330/29/5
f 3330/29/5 3319/12/5 3317/1034/5
f 3330/29/5 3329/11/5 3331/1036/5
f 3331/1036/5 3332/1041/5 3330/29/5
f 3319/12/5 3330/29/5 3332/1041/5
f 3332/1041/5 3321/10/5 3319/12/5
f 3332/1041/5 3331/1036/5 3333/1038/5
f 3333/1038/5 3334/1042/5 3332/1041/5
f 3321/10/5 3332/1041/5 3334/1042/5
f 3334/1042/5 3323/1037/5 3321/10/5
f 3335/1043/5 3334/1042/5 3333/1038/5
f 3333/1038/5 3336/1040/5 3335/1043/5
f 3323/1037/5 3334/1042/5 3335/1043/5
f 3335/1043/5 3325/1039/5 3323/1037/5
f 3335/1043/5 3336/1040/5 3313/2/5
f 3313/2/5 3309/8/5 3335/1043/5
f 3325/1039/5 3335/1043/5 3309/8/5
f 3309/8/5 3310/6/5 3325/1039/5
f 3341/1022/6 3337/1024/6 3340/1023/6
f 3340/1023/6 3342/1021/6 3341/1022/6
f 3343/1043/9 3312/8/9 3314/6/9
f 3314/6/9 3344/1039/9 3343/1043/9
f 3343/1043/9 3344/1039/9 3345/1037/9
f 3345/1037/9 3346/1042/9 3343/1043/9
f 3347/1041/9 3346/1042/9 3345/1037/9
f 3345/1037/9 3348/10/9 3347/1041/9
f 3349/29/9 3347/1041/9 3348/10/9
f 3348/10/9 3350/12/9 3349/29/9
f 3351/13/9 3349/29/9 3350/12/9
f 3350/12/9 3352/1034/9 3351/13/9
f 3351/13/9 3352/1034/9 188/21/9
f 188/21/9 189/9/9 3351/13/9
f 3344/1040/2 3314/2/2 3313/6/2
f 3313/6/2 3336/1039/2 3344/1040/2
f 3345/1038/2 3344/1040/2 3336/1039/2
f 3336/1039/2 3333/1037/2 3345/1038/2
f 3348/1036/2 3345/1038/2 3333/1037/2
f 3333/1037/2 3331/10/2 3348/1036/2
f 3350/11/2 3348/1036/2 3331/10/2
f 3331/10/2 3329/12/2 3350/11/2
f 3352/1035/2 3350/11/2 3329/12/2
f 3329/12/2 3328/1034/2 3352/1035/2
f 188/26/2 3352/1035/2 3328/1034/2
f 3328/1034/2 3307/21/2 188/26/2
f 3311/2/7 3312/8/7 3343/1043/7
f 3343/1043/7 3324/1040/7 3311/2/7
f 3324/1040/7 3343/1043/7 3346/1042/7
f 3346/1042/7 3322/1038/7 3324/1040/7
f 3322/1038/7 3346/1042/7 3347/1041/7
f 3347/1041/7 3320/1036/7 3322/1038/7
f 3320/1036/7 3347/1041/7 3349/29/7
f 3349/29/7 3318/11/7 3320/1036/7
f 3318/11/7 3349/29/7 3351/13/7
f 3351/13/7 3316/1035/7 3318/11/7
f 3316/1035/7 3351/13/7 189/9/7
f 189/9/7 196/26/7 3316/1035/7
f 195/25/7 187/20/7 194/24/7
f 194/24/7 197/27/7 195/25/7
f 3338/1025/7 3301/1025/7 3298/1023/7
f 3298/1023/7 3340/1023/7 3338/1025/7
f 3340/1023/7 3298/1023/7 3295/1021/7
f 3295/1021/7 3342/1021/7 3340/1023/7
f 3301/1025/4 3338/1025/4 3339/1026/4
f 3339/1026/4 3303/1026/4 3301/1025/4
f 3303/1026/116 3339/1026/116 3337/1024/116
f 3337/1024/116 3300/1024/116 3303/1026/116
f 3300/1024/5 3337/1024/5 3341/1022/5
f 3341/1022/5 3297/1022/5 3300/1024/5
f 3297/1022/2 3341/1022/2 3342/1021/2
f 3342/1021/2 3295/1021/2 3297/1022/2
f 2754/855/49 2718/751/49 2719/222/48
f 2719/222/48 2753/221/48 2754/855/49
f 2753/221/48 2719/222/48 2720/752/47
f 2720/752/47 2755/852/47 2753/221/48
f 2755/852/47 2720/752/47 2721/753/46
f 2721/753/46 2756/850/46 2755/852/47
f 2756/850/46 2721/753/46 2722/754/45
f 2722/754/45 2757/848/45 2756/850/46
f 2757/848/45 2722/754/45 2723/755/44
f 2723/755/44 2758/846/44 2757/848/45
f 2758/846/44 2723/755/44 2724/756/43
f 2724/756/43 2759/844/43 2758/846/44
f 2759/844/43 2724/756/43 2725/757/42
f 2725/757/42 2760/842/42 2759/844/43
f 2760/842/42 2725/757/42 2726/758/41
f 2726/758/41 2761/840/41 2760/842/42
f 2761/840/41 2726/758/41 2727/759/40
f 2727/759/40 2762/838/40 2761/840/41
f 2762/838/40 2727/759/40 2728/760/39
f 2728/760/39 2763/836/39 2762/838/40
f 2763/836/39 2728/760/39 2729/761/38
f 2729/761/38 2764/834/38 2763/836/39
f 2764/834/38 2729/761/38 2730/762/37
f 2730/762/37 2765/832/37 2764/834/38
f 2765/832/37 2730/762/37 2731/763/35
f 2731/763/35 2766/830/35 2765/832/37
f 2766/830/35 2731/763/35 2732/764/34
f 2732/764/34 2767/828/34 2766/830/35
f 2767/828/34 2732/764/34 2733/765/32
f 2733/765/32 2768/826/32 2767/828/34
f 2768/826/32 2733/765/32 2734/766/89
f 2734/766/89 2769/824/89 2768/826/32
f 2769/824/89 2734/766/89 2735/767/30
f 2735/767/30 2770/822/30 2769/824/89
f 2770/822/30 2735/767/30 2736/768/7
f 2736/768/7 2771/820/7 2770/822/30
f 2771/820/7 2736/768/7 2737/769/29
f 2737/769/29 2772/818/29 2771/820/7
f 2772/818/29 2737/769/29 2738/770/90
f 2738/770/90 2773/816/90 2772/818/29
f 2773/816/90 2738/770/90 2739/771/27
f 2739/771/27 2774/814/27 2773/816/90
f 2774/814/27 2739/771/27 2740/772/26
f 2740/772/26 2775/812/26 2774/814/27
f 2775/812/26 2740/772/26 2741/773/23
f 2741/773/23 2776/810/23 2775/812/26
f 2776/810/23 2741/773/23 2742/774/22
f 2742/774/22 2777/808/22 2776/810/23
f 2777/808/22 2742/774/22 2743/775/21
f 2743/775/21 2778/806/21 2777/808/22
f 2778/806/21 2743/775/21 2744/776/20
f 2744/776/20 2779/804/20 2778/806/21
f 2779/804/20 2744/776/20 2745/777/19
f 2745/777/19 2780/802/19 2779/804/20
f 2780/802/19 2745/777/19 2746/778/18
f 2746/778/18 2781/800/18 2780/802/19
f 2781/800/18 2746/778/18 2747/779/17
f 2747/779/17 2782/798/17 2781/800/18
f 2782/798/17 2747/779/17 2748/780/16
f 2748/780/16 2783/796/16 2782/798/17
f 2783/796/16 2748/780/16 2749/781/15
f 2749/781/15 2784/794/15 2783/796/16
f 2784/794/15 2749/781/15 2750/782/14
f 2750/782/14 2785/792/14 2784/794/15
f 2785/792/14 2750/782/14 2751/783/13
f 2751/783/13 2786/790/13 2785/792/14
f 2786/790/13 2751/783/13 2752/784/12
f 2752/784/12 2787/788/12 2786/790/13
f 2787/788/12 2752/784/12 719/227/10
f 719/227/10 716/224/10 2787/788/12
f 2718/1012/49 2754/1013/49 2789/1014/51
f 2789/1014/51 2788/1011/51 2718/1012/49
f 2788/979/51 2789/980/51 2824/224/50
f 2824/224/50 2790/227/50 2788/979/51
f 2790/227/50 2824/224/50 2825/788/52
f 2825/788/52 2791/784/52 2790/227/50
f 2791/784/52 2825/788/52 2826/790/53
f 2826/790/53 2792/783/53 2791/784/52
f 2792/783/53 2826/790/53 2827/792/54
f 2827/792/54 2793/782/54 2792/783/53
f 2793/782/54 2827/792/54 2828/794/55
f 2828/794/55 2794/781/55 2793/782/54
f 2794/781/55 2828/794/55 2829/796/86
f 2829/796/86 2795/780/86 2794/781/55
f 2795/780/86 2829/796/86 2830/798/57
f 2830/798/57 2796/779/57 2795/780/86
f 2796/779/57 2830/798/57 2831/800/58
f 2831/800/58 2797/778/58 2796/779/57
f 2797/778/58 2831/800/58 2832/802/59
f 2832/802/59 2798/777/59 2797/778/58
f 2798/777/59 2832/802/59 2833/804/60
f 2833/804/60 2799/776/60 2798/777/59
f 2799/776/60 2833/804/60 2834/806/61
f 2834/806/61 2800/775/61 2799/776/60
f 2800/775/61 2834/806/61 2835/808/62
f 2835/808/62 2801/774/62 2800/775/61
f 2801/774/62 2835/808/62 2836/810/63
f 2836/810/63 2802/773/63 2801/774/62
f 2802/773/63 2836/810/63 2837/812/64
f 2837/812/64 2803/772/64 2802/773/63
f 2803/772/64 2837/812/64 2838/814/65
f 2838/814/65 2804/771/65 2803/772/64
f 2804/771/65 2838/814/65 2839/816/87
f 2839/816/87 2805/770/87 2804/771/65
f 2805/770/87 2839/816/87 2840/818/67
f 2840/818/67 2806/769/67 2805/770/87
f 2806/769/67 2840/818/67 2841/820/5
f 2841/820/5 2807/768/5 2806/769/67
f 2807/768/5 2841/820/5 2842/822/68
f 2842/822/68 2808/767/68 2807/768/5
f 2808/767/68 2842/822/68 2843/824/88
f 2843/824/88 2809/766/88 2808/767/68
f 2809/766/88 2843/824/88 2844/826/70
f 2844/826/70 2810/765/70 2809/766/88
f 2810/765/70 2844/826/70 2845/828/71
f 2845/828/71 2811/764/71 2810/765/70
f 2811/764/71 2845/828/71 2846/830/72
f 2846/830/72 2812/763/72 2811/764/71
f 2812/763/72 2846/830/72 2847/832/73
f 2847/832/73 2813/762/73 2812/763/72
f 2813/762/73 2847/832/73 2848/834/74
f 2848/834/74 2814/761/74 2813/762/73
f 2814/761/74 2848/834/74 2849/836/75
f 2849/836/75 2815/760/75 2814/761/74
f 2815/760/75 2849/836/75 2850/838/76
f 2850/838/76 2816/759/76 2815/760/75
f 2816/759/76 2850/838/76 2851/840/77
f 2851/840/77 2817/758/77 2816/759/76
f 2817/758/77 2851/840/77 2852/842/78
f 2852/842/78 2818/757/78 2817/758/77
f 2818/757/78 2852/842/78 2853/844/106
f 2853/844/106 2819/756/106 2818/757/78
f 2819/756/106 2853/844/106 2854/846/80
f 2854/846/80 2820/755/80 2819/756/106
f 2820/755/80 2854/846/80 2855/848/81
f 2855/848/81 2821/754/81 2820/755/80
f 2821/754/81 2855/848/81 2856/850/82
f 2856/850/82 2822/753/82 2821/754/81
f 2822/753/82 2856/850/82 2857/852/83
f 2857/852/83 2823/752/83 2822/753/82
f 2823/752/83 2857/852/83 713/221/84
f 713/221/84 714/222/84 2823/752/83
f 2614/750/49 2578/646/49 2579/230/48
f 2579/230/48 2613/229/48 2614/750/49
f 2613/229/48 2579/230/48 2580/647/47
f 2580/647/47 2615/747/47 2613/229/48
f 2615/747/47 2580/647/47 2581/648/46
f 2581/648/46 2616/745/46 2615/747/47
f 2616/745/46 2581/648/46 2582/649/45
f 2582/649/45 2617/743/45 2616/745/46
f 2617/743/45 2582/649/45 2583/650/44
f 2583/650/44 2618/741/44 2617/743/45
f 2618/741/44 2583/650/44 2584/651/43
f 2584/651/43 2619/739/43 2618/741/44
f 2619/739/43 2584/651/43 2585/652/42
f 2585/652/42 2620/737/42 2619/739/43
f 2620/737/42 2585/652/42 2586/653/41
f 2586/653/41 2621/735/41 2620/737/42
f 2621/735/41 2586/653/41 2587/654/40
f 2587/654/40 2622/733/40 2621/735/41
f 2622/733/40 2587/654/40 2588/655/39
f 2588/655/39 2623/731/39 2622/733/40
f 2623/731/39 2588/655/39 2589/656/38
f 2589/656/38 2624/729/38 2623/731/39
f 2624/729/38 2589/656/38 2590/657/37
f 2590/657/37 2625/727/37 2624/729/38
f 2625/727/37 2590/657/37 2591/658/35
f 2591/658/35 2626/725/35 2625/727/37
f 2626/725/35 2591/658/35 2592/659/34
f 2592/659/34 2627/723/34 2626/725/35
f 2627/723/34 2592/659/34 2593/660/32
f 2593/660/32 2628/721/32 2627/723/34
f 2628/721/32 2593/660/32 2594/661/89
f 2594/661/89 2629/719/89 2628/721/32
f 2629/719/89 2594/661/89 2595/662/30
f 2595/662/30 2630/717/30 2629/719/89
f 2630/717/30 2595/662/30 2596/663/7
f 2596/663/7 2631/715/7 2630/717/30
f 2631/715/7 2596/663/7 2597/664/29
f 2597/664/29 2632/713/29 2631/715/7
f 2632/713/29 2597/664/29 2598/665/90
f 2598/665/90 2633/711/90 2632/713/29
f 2633/711/90 2598/665/90 2599/666/27
f 2599/666/27 2634/709/27 2633/711/90
f 2634/709/27 2599/666/27 2600/667/26
f 2600/667/26 2635/707/26 2634/709/27
f 2635/707/26 2600/667/26 2601/668/23
f 2601/668/23 2636/705/23 2635/707/26
f 2636/705/23 2601/668/23 2602/669/22
f 2602/669/22 2637/703/22 2636/705/23
f 2637/703/22 2602/669/22 2603/670/21
f 2603/670/21 2638/701/21 2637/703/22
f 2638/701/21 2603/670/21 2604/671/20
f 2604/671/20 2639/699/20 2638/701/21
f 2639/699/20 2604/671/20 2605/672/19
f 2605/672/19 2640/697/19 2639/699/20
f 2640/697/19 2605/672/19 2606/673/18
f 2606/673/18 2641/695/18 2640/697/19
f 2641/695/18 2606/673/18 2607/674/17
f 2607/674/17 2642/693/17 2641/695/18
f 2642/693/17 2607/674/17 2608/675/16
f 2608/675/16 2643/691/16 2642/693/17
f 2643/691/16 2608/675/16 2609/676/15
f 2609/676/15 2644/689/15 2643/691/16
f 2644/689/15 2609/676/15 2610/677/14
f 2610/677/14 2645/687/14 2644/689/15
f 2645/687/14 2610/677/14 2611/678/13
f 2611/678/13 2646/685/13 2645/687/14
f 2646/685/13 2611/678/13 2612/679/12
f 2612/679/12 2647/683/12 2646/685/13
f 2647/683/12 2612/679/12 727/235/10
f 727/235/10 724/232/10 2647/683/12
f 2578/1008/49 2614/1009/49 2649/1010/51
f 2649/1010/51 2648/1007/51 2578/1008/49
f 2648/977/51 2649/978/51 2684/232/50
f 2684/232/50 2650/235/50 2648/977/51
f 2650/235/50 2684/232/50 2685/683/52
f 2685/683/52 2651/679/52 2650/235/50
f 2651/679/52 2685/683/52 2686/685/53
f 2686/685/53 2652/678/53 2651/679/52
f 2652/678/53 2686/685/53 2687/687/54
f 2687/687/54 2653/677/54 2652/678/53
f 2653/677/54 2687/687/54 2688/689/55
f 2688/689/55 2654/676/55 2653/677/54
f 2654/676/55 2688/689/55 2689/691/86
f 2689/691/86 2655/675/86 2654/676/55
f 2655/675/86 2689/691/86 2690/693/57
f 2690/693/57 2656/674/57 2655/675/86
f 2656/674/57 2690/693/57 2691/695/58
f 2691/695/58 2657/673/58 2656/674/57
f 2657/673/58 2691/695/58 2692/697/59
f 2692/697/59 2658/672/59 2657/673/58
f 2658/672/59 2692/697/59 2693/699/60
f 2693/699/60 2659/671/60 2658/672/59
f 2659/671/60 2693/699/60 2694/701/61
f 2694/701/61 2660/670/61 2659/671/60
f 2660/670/61 2694/701/61 2695/703/62
f 2695/703/62 2661/669/62 2660/670/61
f 2661/669/62 2695/703/62 2696/705/63
f 2696/705/63 2662/668/63 2661/669/62
f 2662/668/63 2696/705/63 2697/707/64
f 2697/707/64 2663/667/64 2662/668/63
f 2663/667/64 2697/707/64 2698/709/65
f 2698/709/65 2664/666/65 2663/667/64
f 2664/666/65 2698/709/65 2699/711/87
f 2699/711/87 2665/665/87 2664/666/65
f 2665/665/87 2699/711/87 2700/713/67
f 2700/713/67 2666/664/67 2665/665/87
f 2666/664/67 2700/713/67 2701/715/5
f 2701/715/5 2667/663/5 2666/664/67
f 2667/663/5 2701/715/5 2702/717/68
f 2702/717/68 2668/662/68 2667/663/5
f 2668/662/68 2702/717/68 2703/719/88
f 2703/719/88 2669/661/88 2668/662/68
f 2669/661/88 2703/719/88 2704/721/70
f 2704/721/70 2670/660/70 2669/661/88
f 2670/660/70 2704/721/70 2705/723/71
f 2705/723/71 2671/659/71 2670/660/70
f 2671/659/71 2705/723/71 2706/725/72
f 2706/725/72 2672/658/72 2671/659/71
f 2672/658/72 2706/725/72 2707/727/73
f 2707/727/73 2673/657/73 2672/658/72
f 2673/657/73 2707/727/73 2708/729/74
f 2708/729/74 2674/656/74 2673/657/73
f 2674/656/74 2708/729/74 2709/731/75
f 2709/731/75 2675/655/75 2674/656/74
f 2675/655/75 2709/731/75 2710/733/76
f 2710/733/76 2676/654/76 2675/655/75
f 2676/654/76 2710/733/76 2711/735/77
f 2711/735/77 2677/653/77 2676/654/76
f 2677/653/77 2711/735/77 2712/737/78
f 2712/737/78 2678/652/78 2677/653/77
f 2678/652/78 2712/737/78 2713/739/106
f 2713/739/106 2679/651/106 2678/652/78
f 2679/651/106 2713/739/106 2714/741/80
f 2714/741/80 2680/650/80 2679/651/106
f 2680/650/80 2714/741/80 2715/743/81
f 2715/743/81 2681/649/81 2680/650/80
f 2681/649/81 2715/743/81 2716/745/82
f 2716/745/82 2682/648/82 2681/649/81
f 2682/648/82 2716/745/82 2717/747/83
f 2717/747/83 2683/647/83 2682/648/82
f 2683/647/83 2717/747/83 721/229/84
f 721/229/84 722/230/84 2683/647/83
f 2474/645/49 2438/541/49 2439/238/48
f 2439/238/48 2473/237/48 2474/645/49
f 2473/237/48 2439/238/48 2440/542/47
f 2440/542/47 2475/642/47 2473/237/48
f 2475/642/47 2440/542/47 2441/543/46
f 2441/543/46 2476/640/46 2475/642/47
f 2476/640/46 2441/543/46 2442/544/45
f 2442/544/45 2477/638/45 2476/640/46
f 2477/638/45 2442/544/45 2443/545/44
f 2443/545/44 2478/636/44 2477/638/45
f 2478/636/44 2443/545/44 2444/546/43
f 2444/546/43 2479/634/43 2478/636/44
f 2479/634/43 2444/546/43 2445/547/42
f 2445/547/42 2480/632/42 2479/634/43
f 2480/632/42 2445/547/42 2446/548/41
f 2446/548/41 2481/630/41 2480/632/42
f 2481/630/41 2446/548/41 2447/549/40
f 2447/549/40 2482/628/40 2481/630/41
f 2482/628/40 2447/549/40 2448/550/39
f 2448/550/39 2483/626/39 2482/628/40
f 2483/626/39 2448/550/39 2449/551/38
f 2449/551/38 2484/624/38 2483/626/39
f 2484/624/38 2449/551/38 2450/552/37
f 2450/552/37 2485/622/37 2484/624/38
f 2485/622/37 2450/552/37 2451/553/35
f 2451/553/35 2486/620/35 2485/622/37
f 2486/620/35 2451/553/35 2452/554/34
f 2452/554/34 2487/618/34 2486/620/35
f 2487/618/34 2452/554/34 2453/555/32
f 2453/555/32 2488/616/32 2487/618/34
f 2488/616/32 2453/555/32 2454/556/89
f 2454/556/89 2489/614/89 2488/616/32
f 2489/614/89 2454/556/89 2455/557/30
f 2455/557/30 2490/612/30 2489/614/89
f 2490/612/30 2455/557/30 2456/558/7
f 2456/558/7 2491/610/7 2490/612/30
f 2491/610/7 2456/558/7 2457/559/29
f 2457/559/29 2492/608/29 2491/610/7
f 2492/608/29 2457/559/29 2458/560/90
f 2458/560/90 2493/606/90 2492/608/29
f 2493/606/90 2458/560/90 2459/561/27
f 2459/561/27 2494/604/27 2493/606/90
f 2494/604/27 2459/561/27 2460/562/26
f 2460/562/26 2495/602/26 2494/604/27
f 2495/602/26 2460/562/26 2461/563/23
f 2461/563/23 2496/600/23 2495/602/26
f 2496/600/23 2461/563/23 2462/564/22
f 2462/564/22 2497/598/22 2496/600/23
f 2497/598/22 2462/564/22 2463/565/21
f 2463/565/21 2498/596/21 2497/598/22
f 2498/596/21 2463/565/21 2464/566/20
f 2464/566/20 2499/594/20 2498/596/21
f 2499/594/20 2464/566/20 2465/567/19
f 2465/567/19 2500/592/19 2499/594/20
f 2500/592/19 2465/567/19 2466/568/18
f 2466/568/18 2501/590/18 2500/592/19
f 2501/590/18 2466/568/18 2467/569/17
f 2467/569/17 2502/588/17 2501/590/18
f 2502/588/17 2467/569/17 2468/570/16
f 2468/570/16 2503/586/16 2502/588/17
f 2503/586/16 2468/570/16 2469/571/15
f 2469/571/15 2504/584/15 2503/586/16
f 2504/584/15 2469/571/15 2470/572/14
f 2470/572/14 2505/582/14 2504/584/15
f 2505/582/14 2470/572/14 2471/573/13
f 2471/573/13 2506/580/13 2505/582/14
f 2506/580/13 2471/573/13 2472/574/12
f 2472/574/12 2507/578/12 2506/580/13
f 2507/578/12 2472/574/12 735/243/10
f 735/243/10 732/240/10 2507/578/12
f 2438/1004/49 2474/1005/49 2509/1006/51
f 2509/1006/51 2508/1003/51 2438/1004/49
f 2508/975/51 2509/976/51 2544/240/50
f 2544/240/50 2510/243/50 2508/975/51
f 2510/243/50 2544/240/50 2545/578/52
f 2545/578/52 2511/574/52 2510/243/50
f 2511/574/52 2545/578/52 2546/580/53
f 2546/580/53 2512/573/53 2511/574/52
f 2512/573/53 2546/580/53 2547/582/54
f 2547/582/54 2513/572/54 2512/573/53
f 2513/572/54 2547/582/54 2548/584/55
f 2548/584/55 2514/571/55 2513/572/54
f 2514/571/55 2548/584/55 2549/586/86
f 2549/586/86 2515/570/86 2514/571/55
f 2515/570/86 2549/586/86 2550/588/57
f 2550/588/57 2516/569/57 2515/570/86
f 2516/569/57 2550/588/57 2551/590/58
f 2551/590/58 2517/568/58 2516/569/57
f 2517/568/58 2551/590/58 2552/592/59
f 2552/592/59 2518/567/59 2517/568/58
f 2518/567/59 2552/592/59 2553/594/60
f 2553/594/60 2519/566/60 2518/567/59
f 2519/566/60 2553/594/60 2554/596/61
f 2554/596/61 2520/565/61 2519/566/60
f 2520/565/61 2554/596/61 2555/598/62
f 2555/598/62 2521/564/62 2520/565/61
f 2521/564/62 2555/598/62 2556/600/63
f 2556/600/63 2522/563/63 2521/564/62
f 2522/563/63 2556/600/63 2557/602/64
f 2557/602/64 2523/562/64 2522/563/63
f 2523/562/64 2557/602/64 2558/604/65
f 2558/604/65 2524/561/65 2523/562/64
f 2524/561/65 2558/604/65 2559/606/87
f 2559/606/87 2525/560/87 2524/561/65
f 2525/560/87 2559/606/87 2560/608/67
f 2560/608/67 2526/559/67 2525/560/87
f 2526/559/67 2560/608/67 2561/610/5
f 2561/610/5 2527/558/5 2526/559/67
f 2527/558/5 2561/610/5 2562/612/68
f 2562/612/68 2528/557/68 2527/558/5
f 2528/557/68 2562/612/68 2563/614/88
f 2563/614/88 2529/556/88 2528/557/68
f 2529/556/88 2563/614/88 2564/616/70
f 2564/616/70 2530/555/70 2529/556/88
f 2530/555/70 2564/616/70 2565/618/71
f 2565/618/71 2531/554/71 2530/555/70
f 2531/554/71 2565/618/71 2566/620/72
f 2566/620/72 2532/553/72 2531/554/71
f 2532/553/72 2566/620/72 2567/622/73
f 2567/622/73 2533/552/73 2532/553/72
f 2533/552/73 2567/622/73 2568/624/74
f 2568/624/74 2534/551/74 2533/552/73
f 2534/551/74 2568/624/74 2569/626/75
f 2569/626/75 2535/550/75 2534/551/74
f 2535/550/75 2569/626/75 2570/628/76
f 2570/628/76 2536/549/76 2535/550/75
f 2536/549/76 2570/628/76 2571/630/77
f 2571/630/77 2537/548/77 2536/549/76
f 2537/548/77 2571/630/77 2572/632/78
f 2572/632/78 2538/547/78 2537/548/77
f 2538/547/78 2572/632/78 2573/634/106
f 2573/634/106 2539/546/106 2538/547/78
f 2539/546/106 2573/634/106 2574/636/80
f 2574/636/80 2540/545/80 2539/546/106
f 2540/545/80 2574/636/80 2575/638/81
f 2575/638/81 2541/544/81 2540/545/80
f 2541/544/81 2575/638/81 2576/640/82
f 2576/640/82 2542/543/82 2541/544/81
f 2542/543/82 2576/640/82 2577/642/83
f 2577/642/83 2543/542/83 2542/543/82
f 2543/542/83 2577/642/83 729/237/84
f 729/237/84 730/238/84 2543/542/83
f 2334/540/49 2298/436/49 2299/246/48
f 2299/246/48 2333/245/48 2334/540/49
f 2333/245/48 2299/246/48 2300/437/47
f 2300/437/47 2335/537/47 2333/245/48
f 2335/537/47 2300/437/47 2301/438/46
f 2301/438/46 2336/535/46 2335/537/47
f 2336/535/46 2301/438/46 2302/439/45
f 2302/439/45 2337/533/45 2336/535/46
f 2337/533/45 2302/439/45 2303/440/44
f 2303/440/44 2338/531/44 2337/533/45
f 2338/531/44 2303/440/44 2304/441/43
f 2304/441/43 2339/529/43 2338/531/44
f 2339/529/43 2304/441/43 2305/442/42
f 2305/442/42 2340/527/42 2339/529/43
f 2340/527/42 2305/442/42 2306/443/41
f 2306/443/41 2341/525/41 2340/527/42
f 2341/525/41 2306/443/41 2307/444/40
f 2307/444/40 2342/523/40 2341/525/41
f 2342/523/40 2307/444/40 2308/445/39
f 2308/445/39 2343/521/39 2342/523/40
f 2343/521/39 2308/445/39 2309/446/38
f 2309/446/38 2344/519/38 2343/521/39
f 2344/519/38 2309/446/38 2310/447/37
f 2310/447/37 2345/517/37 2344/519/38
f 2345/517/37 2310/447/37 2311/448/35
f 2311/448/35 2346/515/35 2345/517/37
f 2346/515/35 2311/448/35 2312/449/34
f 2312/449/34 2347/513/34 2346/515/35
f 2347/513/34 2312/449/34 2313/450/32
f 2313/450/32 2348/511/32 2347/513/34
f 2348/511/32 2313/450/32 2314/451/89
f 2314/451/89 2349/509/89 2348/511/32
f 2349/509/89 2314/451/89 2315/452/30
f 2315/452/30 2350/507/30 2349/509/89
f 2350/507/30 2315/452/30 2316/453/7
f 2316/453/7 2351/505/7 2350/507/30
f 2351/505/7 2316/453/7 2317/454/29
f 2317/454/29 2352/503/29 2351/505/7
f 2352/503/29 2317/454/29 2318/455/90
f 2318/455/90 2353/501/90 2352/503/29
f 2353/501/90 2318/455/90 2319/456/27
f 2319/456/27 2354/499/27 2353/501/90
f 2354/499/27 2319/456/27 2320/457/26
f 2320/457/26 2355/497/26 2354/499/27
f 2355/497/26 2320/457/26 2321/458/23
f 2321/458/23 2356/495/23 2355/497/26
f 2356/495/23 2321/458/23 2322/459/22
f 2322/459/22 2357/493/22 2356/495/23
f 2357/493/22 2322/459/22 2323/460/21
f 2323/460/21 2358/491/21 2357/493/22
f 2358/491/21 2323/460/21 2324/461/20
f 2324/461/20 2359/489/20 2358/491/21
f 2359/489/20 2324/461/20 2325/462/19
f 2325/462/19 2360/487/19 2359/489/20
f 2360/487/19 2325/462/19 2326/463/18
f 2326/463/18 2361/485/18 2360/487/19
f 2361/485/18 2326/463/18 2327/464/17
f 2327/464/17 2362/483/17 2361/485/18
f 2362/483/17 2327/464/17 2328/465/16
f 2328/465/16 2363/481/16 2362/483/17
f 2363/481/16 2328/465/16 2329/466/15
f 2329/466/15 2364/479/15 2363/481/16
f 2364/479/15 2329/466/15 2330/467/14
f 2330/467/14 2365/477/14 2364/479/15
f 2365/477/14 2330/467/14 2331/468/13
f 2331/468/13 2366/475/13 2365/477/14
f 2366/475/13 2331/468/13 2332/469/12
f 2332/469/12 2367/473/12 2366/475/13
f 2367/473/12 2332/469/12 743/251/10
f 743/251/10 740/248/10 2367/473/12
f 2298/1000/49 2334/1001/49 2369/1002/51
f 2369/1002/51 2368/999/51 2298/1000/49
f 2368/973/51 2369/974/51 2404/248/50
f 2404/248/50 2370/251/50 2368/973/51
f 2370/251/50 2404/248/50 2405/473/52
f 2405/473/52 2371/469/52 2370/251/50
f 2371/469/52 2405/473/52 2406/475/53
f 2406/475/53 2372/468/53 2371/469/52
f 2372/468/53 2406/475/53 2407/477/54
f 2407/477/54 2373/467/54 2372/468/53
f 2373/467/54 2407/477/54 2408/479/55
f 2408/479/55 2374/466/55 2373/467/54
f 2374/466/55 2408/479/55 2409/481/86
f 2409/481/86 2375/465/86 2374/466/55
f 2375/465/86 2409/481/86 2410/483/57
f 2410/483/57 2376/464/57 2375/465/86
f 2376/464/57 2410/483/57 2411/485/58
f 2411/485/58 2377/463/58 2376/464/57
f 2377/463/58 2411/485/58 2412/487/59
f 2412/487/59 2378/462/59 2377/463/58
f 2378/462/59 2412/487/59 2413/489/60
f 2413/489/60 2379/461/60 2378/462/59
f 2379/461/60 2413/489/60 2414/491/61
f 2414/491/61 2380/460/61 2379/461/60
f 2380/460/61 2414/491/61 2415/493/62
f 2415/493/62 2381/459/62 2380/460/61
f 2381/459/62 2415/493/62 2416/495/63
f 2416/495/63 2382/458/63 2381/459/62
f 2382/458/63 2416/495/63 2417/497/64
f 2417/497/64 2383/457/64 2382/458/63
f 2383/457/64 2417/497/64 2418/499/65
f 2418/499/65 2384/456/65 2383/457/64
f 2384/456/65 2418/499/65 2419/501/87
f 2419/501/87 2385/455/87 2384/456/65
f 2385/455/87 2419/501/87 2420/503/67
f 2420/503/67 2386/454/67 2385/455/87
f 2386/454/67 2420/503/67 2421/505/5
f 2421/505/5 2387/453/5 2386/454/67
f 2387/453/5 2421/505/5 2422/507/68
f 2422/507/68 2388/452/68 2387/453/5
f 2388/452/68 2422/507/68 2423/509/88
f 2423/509/88 2389/451/88 2388/452/68
f 2389/451/88 2423/509/88 2424/511/70
f 2424/511/70 2390/450/70 2389/451/88
f 2390/450/70 2424/511/70 2425/513/71
f 2425/513/71 2391/449/71 2390/450/70
f 2391/449/71 2425/513/71 2426/515/72
f 2426/515/72 2392/448/72 2391/449/71
f 2392/448/72 2426/515/72 2427/517/73
f 2427/517/73 2393/447/73 2392/448/72
f 2393/447/73 2427/517/73 2428/519/74
f 2428/519/74 2394/446/74 2393/447/73
f 2394/446/74 2428/519/74 2429/521/75
f 2429/521/75 2395/445/75 2394/446/74
f 2395/445/75 2429/521/75 2430/523/76
f 2430/523/76 2396/444/76 2395/445/75
f 2396/444/76 2430/523/76 2431/525/77
f 2431/525/77 2397/443/77 2396/444/76
f 2397/443/77 2431/525/77 2432/527/78
f 2432/527/78 2398/442/78 2397/443/77
f 2398/442/78 2432/527/78 2433/529/106
f 2433/529/106 2399/441/106 2398/442/78
f 2399/441/106 2433/529/106 2434/531/80
f 2434/531/80 2400/440/80 2399/441/106
f 2400/440/80 2434/531/80 2435/533/81
f 2435/533/81 2401/439/81 2400/440/80
f 2401/439/81 2435/533/81 2436/535/82
f 2436/535/82 2402/438/82 2401/439/81
f 2402/438/82 2436/535/82 2437/537/83
f 2437/537/83 2403/437/83 2402/438/82
f 2403/437/83 2437/537/83 737/245/84
f 737/245/84 738/246/84 2403/437/83
f 2194/435/49 2158/263/49 2159/254/48
f 2159/254/48 2193/253/48 2194/435/49
f 2193/253/48 2159/254/48 2160/267/47
f 2160/267/47 2195/432/47 2193/253/48
f 2195/432/47 2160/267/47 2161/270/46
f 2161/270/46 2196/430/46 2195/432/47
f 2196/430/46 2161/270/46 2162/273/45
f 2162/273/45 2197/428/45 2196/430/46
f 2197/428/45 2162/273/45 2163/276/44
f 2163/276/44 2198/426/44 2197/428/45
f 2198/426/44 2163/276/44 2164/279/43
f 2164/279/43 2199/424/43 2198/426/44
f 2199/424/43 2164/279/43 2165/282/42
f 2165/282/42 2200/422/42 2199/424/43
f 2200/422/42 2165/282/42 2166/285/41
f 2166/285/41 2201/420/41 2200/422/42
f 2201/420/41 2166/285/41 2167/288/40
f 2167/288/40 2202/418/40 2201/420/41
f 2202/418/40 2167/288/40 2168/291/39
f 2168/291/39 2203/416/39 2202/418/40
f 2203/416/39 2168/291/39 2169/294/38
f 2169/294/38 2204/414/38 2203/416/39
f 2204/414/38 2169/294/38 2170/297/37
f 2170/297/37 2205/412/37 2204/414/38
f 2205/412/37 2170/297/37 2171/300/35
f 2171/300/35 2206/410/35 2205/412/37
f 2206/410/35 2171/300/35 2172/303/34
f 2172/303/34 2207/408/34 2206/410/35
f 2207/408/34 2172/303/34 2173/306/32
f 2173/306/32 2208/406/32 2207/408/34
f 2208/406/32 2173/306/32 2174/309/89
f 2174/309/89 2209/404/89 2208/406/32
f 2209/404/89 2174/309/89 2175/311/30
f 2175/311/30 2210/402/30 2209/404/89
f 2210/402/30 2175/311/30 2176/314/7
f 2176/314/7 2211/400/7 2210/402/30
f 2211/400/7 2176/314/7 2177/317/29
f 2177/317/29 2212/398/29 2211/400/7
f 2212/398/29 2177/317/29 2178/320/90
f 2178/320/90 2213/396/90 2212/398/29
f 2213/396/90 2178/320/90 2179/323/27
f 2179/323/27 2214/394/27 2213/396/90
f 2214/394/27 2179/323/27 2180/326/26
f 2180/326/26 2215/392/26 2214/394/27
f 2215/392/26 2180/326/26 2181/329/23
f 2181/329/23 2216/390/23 2215/392/26
f 2216/390/23 2181/329/23 2182/332/22
f 2182/332/22 2217/388/22 2216/390/23
f 2217/388/22 2182/332/22 2183/335/21
f 2183/335/21 2218/386/21 2217/388/22
f 2218/386/21 2183/335/21 2184/338/20
f 2184/338/20 2219/384/20 2218/386/21
f 2219/384/20 2184/338/20 2185/341/19
f 2185/341/19 2220/382/19 2219/384/20
f 2220/382/19 2185/341/19 2186/344/18
f 2186/344/18 2221/380/18 2220/382/19
f 2221/380/18 2186/344/18 2187/347/17
f 2187/347/17 2222/378/17 2221/380/18
f 2222/378/17 2187/347/17 2188/350/16
f 2188/350/16 2223/376/16 2222/378/17
f 2223/376/16 2188/350/16 2189/353/15
f 2189/353/15 2224/374/15 2223/376/16
f 2224/374/15 2189/353/15 2190/356/14
f 2190/356/14 2225/372/14 2224/374/15
f 2225/372/14 2190/356/14 2191/359/13
f 2191/359/13 2226/370/13 2225/372/14
f 2226/370/13 2191/359/13 2192/362/12
f 2192/362/12 2227/368/12 2226/370/13
f 2227/368/12 2192/362/12 751/259/10
f 751/259/10 748/256/10 2227/368/12
f 2158/970/49 2194/997/49 2229/998/51
f 2229/998/51 2228/969/51 2158/970/49
f 2228/971/51 2229/972/51 2264/256/50
f 2264/256/50 2230/259/50 2228/971/51
f 2230/259/50 2264/256/50 2265/368/52
f 2265/368/52 2231/362/52 2230/259/50
f 2231/362/52 2265/368/52 2266/370/53
f 2266/370/53 2232/359/53 2231/362/52
f 2232/359/53 2266/370/53 2267/372/54
f 2267/372/54 2233/356/54 2232/359/53
f 2233/356/54 2267/372/54 2268/374/55
f 2268/374/55 2234/353/55 2233/356/54
f 2234/353/55 2268/374/55 2269/376/86
f 2269/376/86 2235/350/86 2234/353/55
f 2235/350/86 2269/376/86 2270/378/57
f 2270/378/57 2236/347/57 2235/350/86
f 2236/347/57 2270/378/57 2271/380/58
f 2271/380/58 2237/344/58 2236/347/57
f 2237/344/58 2271/380/58 2272/382/59
f 2272/382/59 2238/341/59 2237/344/58
f 2238/341/59 2272/382/59 2273/384/60
f 2273/384/60 2239/338/60 2238/341/59
f 2239/338/60 2273/384/60 2274/386/61
f 2274/386/61 2240/335/61 2239/338/60
f 2240/335/61 2274/386/61 2275/388/62
f 2275/388/62 2241/332/62 2240/335/61
f 2241/332/62 2275/388/62 2276/390/63
f 2276/390/63 2242/329/63 2241/332/62
f 2242/329/63 2276/390/63 2277/392/64
f 2277/392/64 2243/326/64 2242/329/63
f 2243/326/64 2277/392/64 2278/394/65
f 2278/394/65 2244/323/65 2243/326/64
f 2244/323/65 2278/394/65 2279/396/87
f 2279/396/87 2245/320/87 2244/323/65
f 2245/320/87 2279/396/87 2280/398/67
f 2280/398/67 2246/317/67 2245/320/87
f 2246/317/67 2280/398/67 2281/400/5
f 2281/400/5 2247/314/5 2246/317/67
f 2247/314/5 2281/400/5 2282/402/68
f 2282/402/68 2248/311/68 2247/314/5
f 2248/311/68 2282/402/68 2283/404/88
f 2283/404/88 2249/309/88 2248/311/68
f 2249/309/88 2283/404/88 2284/406/70
f 2284/406/70 2250/306/70 2249/309/88
f 2250/306/70 2284/406/70 2285/408/71
f 2285/408/71 2251/303/71 2250/306/70
f 2251/303/71 2285/408/71 2286/410/72
f 2286/410/72 2252/300/72 2251/303/71
f 2252/300/72 2286/410/72 2287/412/73
f 2287/412/73 2253/297/73 2252/300/72
f 2253/297/73 2287/412/73 2288/414/74
f 2288/414/74 2254/294/74 2253/297/73
f 2254/294/74 2288/414/74 2289/416/75
f 2289/416/75 2255/291/75 2254/294/74
f 2255/291/75 2289/416/75 2290/418/76
f 2290/418/76 2256/288/76 2255/291/75
f 2256/288/76 2290/418/76 2291/420/77
f 2291/420/77 2257/285/77 2256/288/76
f 2257/285/77 2291/420/77 2292/422/78
f 2292/422/78 2258/282/78 2257/285/77
f 2258/282/78 2292/422/78 2293/424/106
f 2293/424/106 2259/279/106 2258/282/78
f 2259/279/106 2293/424/106 2294/426/80
f 2294/426/80 2260/276/80 2259/279/106
f 2260/276/80 2294/426/80 2295/428/81
f 2295/428/81 2261/273/81 2260/276/80
f 2261/273/81 2295/428/81 2296/430/82
f 2296/430/82 2262/270/82 2261/273/81
f 2262/270/82 2296/430/82 2297/432/83
f 2297/432/83 2263/267/83 2262/270/82
f 2263/267/83 2297/432/83 745/253/84
f 745/253/84 746/254/84 2263/267/83
f 2896/966/49 2858/856/49 2859/857/48
f 2859/857/48 2895/964/48 2896/966/49
f 2895/964/48 2859/857/48 2860/858/47
f 2860/858/47 2897/962/47 2895/964/48
f 2897/962/47 2860/858/47 2861/859/46
f 2861/859/46 2898/960/46 2897/962/47
f 2898/960/46 2861/859/46 2862/860/45
f 2862/860/45 2899/958/45 2898/960/46
f 2899/958/45 2862/860/45 2863/861/44
f 2863/861/44 2900/956/44 2899/958/45
f 2900/956/44 2863/861/44 2864/862/43
f 2864/862/43 2901/954/43 2900/956/44
f 2901/954/43 2864/862/43 2865/863/42
f 2865/863/42 2902/952/42 2901/954/43
f 2902/952/42 2865/863/42 2866/864/41
f 2866/864/41 2903/950/41 2902/952/42
f 2903/950/41 2866/864/41 2867/865/40
f 2867/865/40 2904/948/40 2903/950/41
f 2904/948/40 2867/865/40 2868/866/39
f 2868/866/39 2905/946/39 2904/948/40
f 2905/946/39 2868/866/39 2869/867/38
f 2869/867/38 2906/944/38 2905/946/39
f 2906/944/38 2869/867/38 2870/868/37
f 2870/868/37 2907/942/37 2906/944/38
f 2907/942/37 2870/868/37 2871/869/35
f 2871/869/35 2908/940/35 2907/942/37
f 2908/940/35 2871/869/35 2872/870/34
f 2872/870/34 2909/938/34 2908/940/35
f 2909/938/34 2872/870/34 2873/871/32
f 2873/871/32 2910/936/32 2909/938/34
f 2910/936/32 2873/871/32 2874/872/89
f 2874/872/89 2911/934/89 2910/936/32
f 2911/934/89 2874/872/89 2875/873/30
f 2875/873/30 2912/932/30 2911/934/89
f 2912/932/30 2875/873/30 2876/874/7
f 2876/874/7 2913/930/7 2912/932/30
f 2913/930/7 2876/874/7 2877/875/29
f 2877/875/29 2914/928/29 2913/930/7
f 2914/928/29 2877/875/29 2878/876/90
f 2878/876/90 2915/926/90 2914/928/29
f 2915/926/90 2878/876/90 2879/877/27
f 2879/877/27 2916/924/27 2915/926/90
f 2916/924/27 2879/877/27 2880/878/26
f 2880/878/26 2917/922/26 2916/924/27
f 2917/922/26 2880/878/26 2881/879/23
f 2881/879/23 2918/920/23 2917/922/26
f 2918/920/23 2881/879/23 2882/880/22
f 2882/880/22 2919/918/22 2918/920/23
f 2919/918/22 2882/880/22 2883/881/21
f 2883/881/21 2920/916/21 2919/918/22
f 2920/916/21 2883/881/21 2884/882/20
f 2884/882/20 2921/914/20 2920/916/21
f 2921/914/20 2884/882/20 2885/883/19
f 2885/883/19 2922/912/19 2921/914/20
f 2922/912/19 2885/883/19 2886/884/18
f 2886/884/18 2923/910/18 2922/912/19
f 2923/910/18 2886/884/18 2887/885/17
f 2887/885/17 2924/908/17 2923/910/18
f 2924/908/17 2887/885/17 2888/886/16
f 2888/886/16 2925/906/16 2924/908/17
f 2925/906/16 2888/886/16 2889/887/15
f 2889/887/15 2926/904/15 2925/906/16
f 2926/904/15 2889/887/15 2890/888/14
f 2890/888/14 2927/902/14 2926/904/15
f 2927/902/14 2890/888/14 2891/889/13
f 2891/889/13 2928/900/13 2927/902/14
f 2928/900/13 2891/889/13 2892/890/12
f 2892/890/12 2929/898/12 2928/900/13
f 2929/898/12 2892/890/12 2893/891/10
f 2893/891/10 2930/896/10 2929/898/12
f 2930/896/10 2893/891/10 2894/892/92
f 2894/892/92 2931/894/92 2930/896/10
f 2858/1016/49 2896/1017/49 2933/1018/51
f 2933/1018/51 2932/1015/51 2858/1016/49
f 2932/981/51 2933/984/51 2970/896/50
f 2970/896/50 2934/891/50 2932/981/51
f 2934/891/50 2970/896/50 2971/898/52
f 2971/898/52 2935/890/52 2934/891/50
f 2935/890/52 2971/898/52 2972/900/53
f 2972/900/53 2936/889/53 2935/890/52
f 2936/889/53 2972/900/53 2973/902/54
f 2973/902/54 2937/888/54 2936/889/53
f 2937/888/54 2973/902/54 2974/904/55
f 2974/904/55 2938/887/55 2937/888/54
f 2938/887/55 2974/904/55 2975/906/86
f 2975/906/86 2939/886/86 2938/887/55
f 2939/886/86 2975/906/86 2976/908/57
f 2976/908/57 2940/885/57 2939/886/86
f 2940/885/57 2976/908/57 2977/910/58
f 2977/910/58 2941/884/58 2940/885/57
f 2941/884/58 2977/910/58 2978/912/59
f 2978/912/59 2942/883/59 2941/884/58
f 2942/883/59 2978/912/59 2979/914/60
f 2979/914/60 2943/882/60 2942/883/59
f 2943/882/60 2979/914/60 2980/916/61
f 2980/916/61 2944/881/61 2943/882/60
f 2944/881/61 2980/916/61 2981/918/62
f 2981/918/62 2945/880/62 2944/881/61
f 2945/880/62 2981/918/62 2982/920/63
f 2982/920/63 2946/879/63 2945/880/62
f 2946/879/63 2982/920/63 2983/922/64
f 2983/922/64 2947/878/64 2946/879/63
f 2947/878/64 2983/922/64 2984/924/65
f 2984/924/65 2948/877/65 2947/878/64
f 2948/877/65 2984/924/65 2985/926/87
f 2985/926/87 2949/876/87 2948/877/65
f 2949/876/87 2985/926/87 2986/928/67
f 2986/928/67 2950/875/67 2949/876/87
f 2950/875/67 2986/928/67 2987/930/5
f 2987/930/5 2951/874/5 2950/875/67
f 2951/874/5 2987/930/5 2988/932/68
f 2988/932/68 2952/873/68 2951/874/5
f 2952/873/68 2988/932/68 2989/934/88
f 2989/934/88 2953/872/88 2952/873/68
f 2953/872/88 2989/934/88 2990/936/70
f 2990/936/70 2954/871/70 2953/872/88
f 2954/871/70 2990/936/70 2991/938/71
f 2991/938/71 2955/870/71 2954/871/70
f 2955/870/71 2991/938/71 2992/940/72
f 2992/940/72 2956/869/72 2955/870/71
f 2956/869/72 2992/940/72 2993/942/73
f 2993/942/73 2957/868/73 2956/869/72
f 2957/868/73 2993/942/73 2994/944/74
f 2994/944/74 2958/867/74 2957/868/73
f 2958/867/74 2994/944/74 2995/946/75
f 2995/946/75 2959/866/75 2958/867/74
f 2959/866/75 2995/946/75 2996/948/76
f 2996/948/76 2960/865/76 2959/866/75
f 2960/865/76 2996/948/76 2997/950/77
f 2997/950/77 2961/864/77 2960/865/76
f 2961/864/77 2997/950/77 2998/952/78
f 2998/952/78 2962/863/78 2961/864/77
f 2962/863/78 2998/952/78 2999/954/106
f 2999/954/106 2963/862/106 2962/863/78
f 2963/862/106 2999/954/106 3000/956/80
f 3000/956/80 2964/861/80 2963/862/106
f 2964/861/80 3000/956/80 3001/958/81
f 3001/958/81 2965/860/81 2964/861/80
f 2965/860/81 3001/958/81 3002/960/82
f 3002/960/82 2966/859/82 2965/860/81
f 2966/859/82 3002/960/82 3003/962/83
f 3003/962/83 2967/858/83 2966/859/82
f 2967/858/83 3003/962/83 3004/964/84
f 3004/964/84 2968/857/84 2967/858/83
f 2968/857/84 3004/964/84 3005/983/91
f 3005/983/91 2969/982/91 2968/857/84

usemtl Brown
f 3364/7/7 3380/1051/7 3375/1049/7
f 3363/8/7 3370/1046/7 3372/1047/7
f 3355/6/2 3354/5/2 3353/3/2
f 3353/3/2 3356/2/2 3355/6/2
f 3359/6/4 3358/5/4 3357/3/4
f 3357/3/4 3360/2/4 3359/6/4
f 3361/7/5 3354/3/5 3355/2/5
f 3355/2/5 3362/8/5 3361/7/5
f 3357/5/5 3361/7/5 3362/8/5
f 3362/8/5 3360/6/5 3357/5/5
f 3362/12/1 3355/5/1 3356/3/1
f 3356/3/1 3363/11/1 3362/12/1
f 3360/6/1 3362/12/1 3363/11/1
f 3363/11/1 3359/2/1 3360/6/1
f 3364/11/6 3353/2/6 3354/6/6
f 3354/6/6 3361/12/6 3364/11/6
f 3358/3/6 3364/11/6 3361/12/6
f 3361/12/6 3357/5/6 3358/3/6
f 3367/1045/4 3366/1045/4 3365/1044/4
f 3365/1044/4 3368/1044/4 3367/1045/4
f 3368/1044/6 3365/1044/6 3369/1046/6
f 3369/1046/6 3370/1046/6 3368/1044/6
f 3370/1046/2 3369/1046/2 3371/1047/2
f 3371/1047/2 3372/1047/2 3370/1046/2
f 3372/1047/1 3371/1047/1 3366/1045/1
f 3366/1045/1 3367/1045/1 3372/1047/1
f 3375/1049/6 3374/1049/6 3373/1048/6
f 3373/1048/6 3376/1048/6 3375/1049/6
f 3376/1048/2 3373/1048/2 3377/1050/2
f 3377/1050/2 3378/1050/2 3376/1048/2
f 3378/1050/1 3377/1050/1 3379/1051/1
f 3379/1051/1 3380/1051/1 3378/1050/1
f 3380/1051/4 3379/1051/4 3374/1049/4
f 3374/1049/4 3375/1049/4 3380/1051/4
f 3378/1050/7 3358/3/7 3359/2/7
f 3359/2/7 3376/1048/7 3378/1050/7
f 3358/3/7 3378/1050/7 3380/1051/7
f 3380/1051/7 3364/7/7 3358/3/7
f 3376/1048/7 3359/2/7 3363/8/7
f 3363/8/7 3375/1049/7 3376/1048/7
f 3372/1047/7 3364/7/7 3375/1049/7
f 3375/1049/7 3363/8/7 3372/1047/7
f 3364/7/7 3372/1047/7 3367/1045/7
f 3367/1045/7 3353/5/7 3364/7/7
f 3370/1046/7 3363/8/7 3356/6/7
f 3356/6/7 3368/1044/7 3370/1046/7
f 3353/5/7 3367/1045/7 3368/1044/7
f 3368/1044/7 3356/6/7 3353/5/7

usemtl Glass.1
f 3369/1046/7 3365/1044/7 3366/1045/7 3371/1047/7
f 3377/1050/7 3373/1048/7 3374/1049/7 3379/1051/7

usemtl Grey
f 3381/29/1 642/61/1 643/60/1
f 3381/29/1 669/34/1 670/33/1
f 3381/29/1 672/31/1 673/28/1
f 3381/29/1 673/28/1 674/30/1
f 3382/29/1 680/34/1 679/33/1
f 3382/29/1 707/61/1 706/60/1
f 3382/29/1 710/64/1 709/63/1
f 3382/29/1 711/65/1 710/64/1
f 33/14/1 34/15/1 39/17/1
f 39/17/1 41/18/1 33/14/1
f 37/16/1 33/14/1 41/18/1
f 41/18/1 43/19/1 37/16/1
f 3381/29/1 638/65/1 639/64/1
f 639/64/1 640/63/1 3381/29/1
f 3381/29/1 640/63/1 641/62/1
f 641/62/1 642/61/1 3381/29/1
f 3381/29/1 643/60/1 644/59/1
f 644/59/1 645/58/1 3381/29/1
f 3381/29/1 645/58/1 646/57/1
f 646/57/1 647/56/1 3381/29/1
f 3381/29/1 647/56/1 648/55/1
f 648/55/1 649/54/1 3381/29/1
f 3381/29/1 649/54/1 650/53/1
f 650/53/1 651/52/1 3381/29/1
f 3381/29/1 651/52/1 652/51/1
f 652/51/1 653/50/1 3381/29/1
f 3381/29/1 653/50/1 654/49/1
f 654/49/1 655/48/1 3381/29/1
f 3381/29/1 655/48/1 656/47/1
f 656/47/1 657/46/1 3381/29/1
f 3381/29/1 657/46/1 658/45/1
f 658/45/1 659/44/1 3381/29/1
f 3381/29/1 659/44/1 660/43/1
f 660/43/1 661/42/1 3381/29/1
f 3381/29/1 661/42/1 662/41/1
f 662/41/1 663/40/1 3381/29/1
f 3381/29/1 663/40/1 664/39/1
f 664/39/1 665/38/1 3381/29/1
f 3381/29/1 665/38/1 666/37/1
f 666/37/1 667/36/1 3381/29/1
f 3381/29/1 667/36/1 668/35/1
f 668/35/1 669/34/1 3381/29/1
f 3381/29/1 670/33/1 671/32/1
f 671/32/1 672/31/1 3381/29/1
f 677/31/1 675/28/1 676/30/1
f 676/30/1 3382/29/1 677/31/1
f 679/33/1 678/32/1 677/31/1
f 677/31/1 3382/29/1 679/33/1
f 682/36/1 681/35/1 680/34/1
f 680/34/1 3382/29/1 682/36/1
f 684/38/1 683/37/1 682/36/1
f 682/36/1 3382/29/1 684/38/1
f 686/40/1 685/39/1 684/38/1
f 684/38/1 3382/29/1 686/40/1
f 688/42/1 687/41/1 686/40/1
f 686/40/1 3382/29/1 688/42/1
f 690/44/1 689/43/1 688/42/1
f 688/42/1 3382/29/1 690/44/1
f 692/46/1 691/45/1 690/44/1
f 690/44/1 3382/29/1 692/46/1
f 694/48/1 693/47/1 692/46/1
f 692/46/1 3382/29/1 694/48/1
f 696/50/1 695/49/1 694/48/1
f 694/48/1 3382/29/1 696/50/1
f 698/52/1 697/51/1 696/50/1
f 696/50/1 3382/29/1 698/52/1
f 700/54/1 699/53/1 698/52/1
f 698/52/1 3382/29/1 700/54/1
f 702/56/1 701/55/1 700/54/1
f 700/54/1 3382/29/1 702/56/1
f 704/58/1 703/57/1 702/56/1
f 702/56/1 3382/29/1 704/58/1
f 706/60/1 705/59/1 704/58/1
f 704/58/1 3382/29/1 706/60/1
f 709/63/1 708/62/1 707/61/1
f 707/61/1 3382/29/1 709/63/1
f 638/182/1 3381/6/1 3382/5/1
f 3382/5/1 676/183/1 638/182/1
f 3381/2/1 674/185/1 711/184/1
f 711/184/1 3382/3/1 3381/2/1

g Helipad
v -24.0482 86.76325 12.3618
v -25.75667 86.76325 14.07027
v -30.75191 86.76325 14.07027
v -32.46037 86.76325 12.3618
v -24.0482 86.76325 7.36656
v -32.46037 86.76325 7.36656
v -25.75667 86.76325 5.658097
v -30.75191 86.76325 5.658097
v -35.61788 85.22369 13.66969
v -32.05979 85.22369 17.22777
v -24.44878 85.22369 17.22777
v -20.8907 85.22369 13.66969
v -35.61788 85.22369 6.058677
v -20.8907 85.22369 6.058677
v -32.05979 85.22369 2.500589
v -24.44878 85.22369 2.500589
v -24.88556 86.71259 16.17331
v -31.62302 86.71259 16.17331
v -31.62302 86.76325 16.17331
v -24.88556 86.76325 16.17331
v -21.94516 86.71259 13.23291
v -21.94516 86.76325 13.23291
v -21.94516 86.71259 6.495451
v -21.94516 86.76325 6.495451
v -24.88556 86.71259 3.555056
v -24.88556 86.76325 3.555056
v -31.62302 86.71259 3.555056
v -31.62302 86.76325 3.555056
v -34.56342 86.71259 6.495451
v -34.56342 86.76325 6.495451
v -34.56342 86.71259 13.23291
v -34.56342 86.76325 13.23291
v -30.99104 86.76325 14.64757
v -25.51754 86.76325 14.64757
v -23.4709 86.76325 12.60093
v -23.4709 86.76325 7.127432
v -25.51754 86.76325 5.080791
v -30.99104 86.76325 5.080791
v -33.03768 86.76325 7.127432
v -33.03768 86.76325 12.60093
v -26.70248 86.77132 7.802743
v -26.70248 86.77132 11.92562
v -27.36152 86.77132 11.92562
v -27.36152 86.77132 10.15836
v -27.36152 86.77132 9.570006
v -27.36152 86.77132 7.802743
v -29.19477 86.77132 9.570006
v -29.2003 86.77132 10.15872
v -29.84204 86.77132 7.802743
v -29.19477 86.77132 7.802743
v -29.84204 86.77132 11.92562
v -29.19477 86.77132 11.92562
v -32.05979 86.71259 17.22777
v -24.44878 86.71259 17.22777
v -20.8907 86.71259 13.66969
v -20.8907 86.71259 6.058677
v -24.44878 86.71259 2.500589
v -32.05979 86.71259 2.500589
v -35.61788 86.71259 6.058677
v -35.61788 86.71259 13.66969

vt 0.8111247 0.2229055
vt 0.220787 0.2218027
vt 0.2192189 0.8148115
vt 0.8137383 0.8147541
vt 0.8088388 0.8098545
vt 0.2210899 0.8129405
vt 0.8087447 0.2252858
vt 0.8107859 0.8118016
vt 1 0
vt 0 0
vt 1 1
vt 0 1
vt 0.4956242 1
vt 0.4956242 0
vt 0.3357742 0
vt 0.3357742 0.428648
vt 0.3357742 0.5713521
vt 0.3357742 1
vt 0.1569923 0.5713521
vt 0.1556528 0.4285587
vt 0.1569923 1
vt 0.1569923 0
vt 0.7584 0
vt 0.2416 0
vt 0.2416 1
vt 0.7584 1
vt 0.177025 0.8476889
vt 0.8412601 0.1834539
vt 0.1791331 0.8455808
vt -0.2416 0
vt -0.2416 1
vt 0.270881 0.9433419
vt 0.7291191 0.9433419

vn 1.224647E-15 10 -1.224647E-15
vn -1.224647E-15 -10 1.224647E-15
vn 6.123234E-15 1.224647E-15 10
vn 7.071068 0 7.071068
vn 10 -1.224647E-15 -6.123234E-15
vn 7.071068 -1.731912E-15 -7.071068
vn -6.123234E-15 -1.224647E-15 -10
vn -7.071068 0 -7.071068
vn -10 1.224647E-15 6.123234E-15
vn -7.071068 1.731912E-15 7.071068
vn 3.833751E-15 8.944272 4.472136
vn 9.238795 -1.600078E-15 -3.826835
vn 4.472136 8.944272 -3.833751E-15
vn 6.269431 7.345095 -2.596884
vn -3.826835 -6.62774E-16 -9.238795
vn 3.826835 -1.600078E-15 -9.238795
vn 2.596884 7.345095 -6.269431
vn -2.596884 7.345095 -6.269431
vn -9.238795 1.600078E-15 3.826835
vn -3.162278 8.944272 -3.162278

usemtl Green
f 3385/1054/117 3384/1053/117 3383/1052/117
f 3383/1052/117 3386/1055/117 3385/1054/117
f 3387/1056/117 3389/1058/117 3388/1057/117
f 3389/1058/117 3390/1059/117 3388/1057/117
f 3393/1062/118 3392/1061/118 3391/1060/118
f 3391/1060/118 3394/1060/118 3393/1062/118
f 3415/1062/117 3401/1063/117 3402/1061/117
f 3416/1062/117 3402/1063/117 3404/1061/117
f 3417/1062/117 3404/1063/117 3406/1061/117
f 3418/1062/117 3406/1063/117 3408/1061/117
f 3419/1062/117 3408/1063/117 3410/1061/117
f 3420/1062/117 3410/1063/117 3412/1061/117
f 3421/1062/117 3412/1063/117 3414/1061/117
f 3422/1062/117 3414/1063/117 3401/1061/117
f 3386/1055/117 3383/1052/117 3387/1056/117
f 3387/1056/117 3388/1057/117 3386/1055/117
f 3394/1060/118 3391/1060/118 3395/1062/118
f 3395/1062/118 3396/1062/118 3394/1060/118
f 3396/1062/118 3395/1062/118 3397/1061/118
f 3397/1061/118 3398/1060/118 3396/1062/118
f 3401/1062/119 3400/1063/119 3399/1061/119
f 3399/1061/119 3402/1060/119 3401/1062/119
f 3402/1062/120 3399/1063/120 3403/1061/120
f 3403/1061/120 3404/1060/120 3402/1062/120
f 3404/1062/121 3403/1063/121 3405/1061/121
f 3405/1061/121 3406/1060/121 3404/1062/121
f 3406/1062/122 3405/1063/122 3407/1061/122
f 3407/1061/122 3408/1060/122 3406/1062/122
f 3408/1062/123 3407/1063/123 3409/1061/123
f 3409/1061/123 3410/1060/123 3408/1062/123
f 3410/1062/124 3409/1063/124 3411/1061/124
f 3411/1061/124 3412/1060/124 3410/1062/124
f 3412/1062/125 3411/1063/125 3413/1061/125
f 3413/1061/125 3414/1060/125 3412/1062/125
f 3414/1062/126 3413/1063/126 3400/1061/126
f 3400/1061/126 3401/1060/126 3414/1062/126
f 3385/1078/117 3415/1062/117 3402/1061/117
f 3402/1061/117 3416/1060/117 3385/1078/117
f 3384/1062/117 3416/1062/117 3404/1061/117
f 3404/1061/117 3417/1060/117 3384/1062/117
f 3383/1062/117 3417/1062/117 3406/1061/117
f 3406/1061/117 3418/1060/117 3383/1062/117
f 3387/1062/117 3418/1062/117 3408/1061/117
f 3408/1061/117 3419/1060/117 3387/1062/117
f 3389/1062/117 3419/1062/117 3410/1061/117
f 3410/1061/117 3420/1060/117 3389/1062/117
f 3390/1062/117 3420/1062/117 3412/1061/117
f 3412/1061/117 3421/1060/117 3390/1062/117
f 3388/1062/117 3421/1062/117 3414/1061/117
f 3414/1061/117 3422/1060/117 3388/1062/117
f 3386/1062/117 3422/1062/117 3401/1061/117
f 3401/1061/117 3415/1060/117 3386/1062/117

usemtl white
f 3384/1080/117 3385/1078/117 3416/1079/117
f 3383/1060/117 3384/1062/117 3417/1061/117
f 3387/1060/117 3383/1062/117 3418/1061/117
f 3389/1060/117 3387/1062/117 3419/1061/117
f 3390/1060/117 3389/1062/117 3420/1061/117
f 3388/1060/117 3390/1062/117 3421/1061/117
f 3386/1060/117 3388/1062/117 3422/1061/117
f 3385/1060/117 3386/1062/117 3415/1061/117
f 3425/1066/117 3424/1065/117 3423/1064/117
f 3423/1064/117 3426/1067/117 3425/1066/117
f 3428/1069/117 3427/1068/117 3426/1067/117
f 3426/1067/117 3423/1064/117 3428/1069/117
f 3426/1067/117 3427/1068/117 3429/1070/117
f 3429/1070/117 3430/1071/117 3426/1067/117
f 3431/1063/117 3430/1071/117 3429/1070/117
f 3429/1070/117 3432/1072/117 3431/1063/117
f 3430/1071/117 3431/1063/117 3433/1061/117
f 3433/1061/117 3434/1073/117 3430/1071/117
f 3435/1076/127 3392/1075/119 3393/1074/119
f 3393/1074/119 3436/1077/127 3435/1076/127
f 3437/1076/129 3394/1075/121 3396/1074/128
f 3396/1074/128 3438/1077/130 3437/1076/129
f 3439/1076/133 3398/1075/132 3397/1074/131
f 3397/1074/131 3440/1077/134 3439/1076/133
f 3441/1076/125 3395/1075/125 3391/1074/135
f 3391/1074/135 3442/1077/135 3441/1076/125
f 3391/1081/135 3392/1075/126 3435/1076/126
f 3435/1076/126 3442/1082/135 3391/1081/135
f 3393/1081/120 3394/1075/120 3437/1076/120
f 3437/1076/120 3436/1082/120 3393/1081/120
f 3396/1081/128 3398/1075/132 3439/1076/133
f 3439/1076/133 3438/1082/130 3396/1081/128
f 3397/1081/131 3395/1075/124 3441/1076/136
f 3441/1076/136 3440/1082/134 3397/1081/131
f 3400/1083/117 3435/1076/127 3436/1077/127
f 3436/1077/127 3399/1084/117 3400/1083/117
f 3399/1084/117 3436/1077/127 3437/1061/129
f 3437/1061/129 3403/1060/117 3399/1084/117
f 3403/1062/117 3437/1063/129 3438/1061/130
f 3438/1061/130 3405/1060/117 3403/1062/117
f 3405/1062/117 3438/1063/130 3439/1061/133
f 3439/1061/133 3407/1060/117 3405/1062/117
f 3407/1062/117 3439/1063/133 3440/1061/134
f 3440/1061/134 3409/1060/117 3407/1062/117
f 3409/1062/117 3440/1063/134 3441/1061/136
f 3441/1061/136 3411/1060/117 3409/1062/117
f 3411/1062/117 3441/1063/136 3442/1061/117
f 3442/1061/117 3413/1060/117 3411/1062/117
f 3413/1062/117 3442/1063/117 3435/1076/127
f 3435/1076/127 3400/1083/117 3413/1062/117

g Turbine_AC
v 11.09952 89.30276 15.65775
v 10.585 89.30276 15.7601
v 10.07047 89.30276 15.65775
v 11.53571 89.30276 15.3663
v 9.634277 89.30276 15.3663
v 11.82717 89.30276 14.9301
v 9.342821 89.30276 14.9301
v 11.92951 89.30276 14.41558
v 9.240477 89.30276 14.41558
v 11.82717 89.30276 13.90105
v 9.342821 89.30276 13.90105
v 11.53571 89.30276 13.46486
v 9.634277 89.30276 13.46486
v 11.09952 89.30276 13.1734
v 10.07047 89.30276 13.1734
v 10.585 89.30276 13.07106
v 7.451746 89.30276 19.46173
v 6.937222 89.30276 19.56408
v 6.422696 89.30276 19.46173
v 7.887939 89.30276 19.17027
v 5.986503 89.30276 19.17027
v 8.179396 89.30276 18.73408
v 5.695047 89.30276 18.73408
v 8.281741 89.30276 18.21955
v 5.592702 89.30276 18.21955
v 8.179396 89.30276 17.70503
v 5.695047 89.30276 17.70503
v 7.887939 89.30276 17.26884
v 5.986503 89.30276 17.26884
v 7.451746 89.30276 16.97738
v 6.422696 89.30276 16.97738
v 6.937222 89.30276 16.87503
v 11.09952 89.30276 19.46173
v 10.585 89.30276 19.56408
v 10.07047 89.30276 19.46173
v 11.53571 89.30276 19.17027
v 9.634277 89.30276 19.17027
v 11.82717 89.30276 18.73408
v 9.342821 89.30276 18.73408
v 11.92951 89.30276 18.21955
v 9.240477 89.30276 18.21955
v 11.82717 89.30276 17.70503
v 9.342821 89.30276 17.70503
v 11.53571 89.30276 17.26884
v 9.634277 89.30276 17.26884
v 11.09952 89.30276 16.97738
v 10.07047 89.30276 16.97738
v 10.585 89.30276 16.87503
v 7.451746 89.30276 15.65775
v 6.937222 89.30276 15.7601
v 6.422696 89.30276 15.65775
v 7.887939 89.30276 15.3663
v 5.986503 89.30276 15.3663
v 8.179396 89.30276 14.9301
v 5.695047 89.30276 14.9301
v 8.281741 89.30276 14.41558
v 5.592702 89.30276 14.41558
v 8.179396 89.30276 13.90105
v 5.695047 89.30276 13.90105
v 7.887939 89.30276 13.46486
v 5.986503 89.30276 13.46486
v 7.451746 89.30276 13.1734
v 6.422696 89.30276 13.1734
v 6.937222 89.30276 13.07106
v 18.69637 89.30276 15.65775
v 18.18184 89.30276 15.7601
v 17.66732 89.30276 15.65775
v 19.13256 89.30276 15.3663
v 17.23112 89.30276 15.3663
v 19.42402 89.30276 14.9301
v 16.93967 89.30276 14.9301
v 19.52636 89.30276 14.41558
v 16.83732 89.30276 14.41558
v 19.42402 89.30276 13.90105
v 16.93967 89.30276 13.90105
v 19.13256 89.30276 13.46486
v 17.23112 89.30276 13.46486
v 18.69637 89.30276 13.1734
v 17.66732 89.30276 13.1734
v 18.18184 89.30276 13.07106
v 15.04859 89.30276 19.46173
v 14.53407 89.30276 19.56408
v 14.01954 89.30276 19.46173
v 15.48479 89.30276 19.17027
v 13.58335 89.30276 19.17027
v 15.77624 89.30276 18.73408
v 13.29189 89.30276 18.73408
v 15.87859 89.30276 18.21955
v 13.18955 89.30276 18.21955
v 15.77624 89.30276 17.70503
v 13.29189 89.30276 17.70503
v 15.48479 89.30276 17.26884
v 13.58335 89.30276 17.26884
v 15.04859 89.30276 16.97738
v 14.01954 89.30276 16.97738
v 14.53407 89.30276 16.87503
v 18.69637 89.30276 19.46173
v 18.18184 89.30276 19.56408
v 17.66732 89.30276 19.46173
v 19.13256 89.30276 19.17027
v 17.23112 89.30276 19.17027
v 19.42402 89.30276 18.73408
v 16.93967 89.30276 18.73408
v 19.52636 89.30276 18.21955
v 16.83732 89.30276 18.21955
v 19.42402 89.30276 17.70503
v 16.93967 89.30276 17.70503
v 19.13256 89.30276 17.26884
v 17.23112 89.30276 17.26884
v 18.69637 89.30276 16.97738
v 17.66732 89.30276 16.97738
v 18.18184 89.30276 16.87503
v 15.04859 89.30276 15.65775
v 14.53407 89.30276 15.7601
v 14.01954 89.30276 15.65775
v 15.48479 89.30276 15.3663
v 13.58335 89.30276 15.3663
v 15.77624 89.30276 14.9301
v 13.29189 89.30276 14.9301
v 15.87859 89.30276 14.41558
v 13.18955 89.30276 14.41558
v 15.77624 89.30276 13.90105
v 13.29189 89.30276 13.90105
v 15.48479 89.30276 13.46486
v 13.58335 89.30276 13.46486
v 15.04859 89.30276 13.1734
v 14.01954 89.30276 13.1734
v 14.53407 89.30276 13.07106
v 26.30466 89.30276 15.65775
v 25.79014 89.30276 15.7601
v 25.27561 89.30276 15.65775
v 26.74086 89.30276 15.3663
v 24.83942 89.30276 15.3663
v 27.03231 89.30276 14.9301
v 24.54796 89.30276 14.9301
v 27.13466 89.30276 14.41558
v 24.44562 89.30276 14.41558
v 27.03231 89.30276 13.90105
v 24.54796 89.30276 13.90105
v 26.74086 89.30276 13.46486
v 24.83942 89.30276 13.46486
v 26.30466 89.30276 13.1734
v 25.27561 89.30276 13.1734
v 25.79014 89.30276 13.07106
v 22.65689 89.30276 19.46173
v 22.14236 89.30276 19.56408
v 21.62784 89.30276 19.46173
v 23.09308 89.30276 19.17027
v 21.19164 89.30276 19.17027
v 23.38454 89.30276 18.73408
v 20.90019 89.30276 18.73408
v 23.48688 89.30276 18.21955
v 20.79784 89.30276 18.21955
v 23.38454 89.30276 17.70503
v 20.90019 89.30276 17.70503
v 23.09308 89.30276 17.26884
v 21.19164 89.30276 17.26884
v 22.65689 89.30276 16.97738
v 21.62784 89.30276 16.97738
v 22.14236 89.30276 16.87503
v 22.65689 89.30276 15.65775
v 22.14236 89.30276 15.7601
v 21.62784 89.30276 15.65775
v 23.09308 89.30276 15.3663
v 21.19164 89.30276 15.3663
v 23.38454 89.30276 14.9301
v 20.90019 89.30276 14.9301
v 23.48688 89.30276 14.41558
v 20.79784 89.30276 14.41558
v 23.38454 89.30276 13.90105
v 20.90019 89.30276 13.90105
v 23.09308 89.30276 13.46486
v 21.19164 89.30276 13.46486
v 22.65689 89.30276 13.1734
v 21.62784 89.30276 13.1734
v 22.14236 89.30276 13.07106
v 5.145434 86.17524 12.68385
v 12.30447 86.17524 12.68385
v 12.30447 90.32628 12.68385
v 5.145434 90.32628 12.68385
v 12.30447 86.17524 19.9963
v 5.145434 86.17524 19.9963
v 5.145434 90.32628 19.9963
v 12.30447 90.32628 19.9963
v 10.07047 90.80676 15.65775
v 9.634277 90.80676 15.3663
v 10.585 90.80676 15.7601
v 11.09952 90.80676 15.65775
v 11.53571 90.80676 15.3663
v 11.82717 90.80676 14.9301
v 11.92951 90.80676 14.41558
v 11.82717 90.80676 13.90105
v 11.53571 90.80676 13.46486
v 11.09952 90.80676 13.1734
v 10.585 90.80676 13.07106
v 10.07047 90.80676 13.1734
v 9.634277 90.80676 13.46486
v 9.342821 90.80676 13.90105
v 9.240477 90.80676 14.41558
v 9.342821 90.80676 14.9301
v 6.422696 90.80676 19.46173
v 5.986503 90.80676 19.17027
v 6.937222 90.80676 19.56408
v 7.451746 90.80676 19.46173
v 7.887939 90.80676 19.17027
v 8.179396 90.80676 18.73408
v 8.281741 90.80676 18.21955
v 8.179396 90.80676 17.70503
v 7.887939 90.80676 17.26884
v 7.451746 90.80676 16.97738
v 6.937222 90.80676 16.87503
v 6.422696 90.80676 16.97738
v 5.986503 90.80676 17.26884
v 5.695047 90.80676 17.70503
v 5.592702 90.80676 18.21955
v 5.695047 90.80676 18.73408
v 10.07047 90.80676 19.46173
v 9.634277 90.80676 19.17027
v 10.585 90.80676 19.56408
v 11.09952 90.80676 19.46173
v 11.53571 90.80676 19.17027
v 11.82717 90.80676 18.73408
v 11.92951 90.80676 18.21955
v 11.82717 90.80676 17.70503
v 11.53571 90.80676 17.26884
v 11.09952 90.80676 16.97738
v 10.585 90.80676 16.87503
v 10.07047 90.80676 16.97738
v 9.634277 90.80676 17.26884
v 9.342821 90.80676 17.70503
v 9.240477 90.80676 18.21955
v 9.342821 90.80676 18.73408
v 6.422696 90.80676 15.65775
v 5.986503 90.80676 15.3663
v 6.937222 90.80676 15.7601
v 7.451746 90.80676 15.65775
v 7.887939 90.80676 15.3663
v 8.179396 90.80676 14.9301
v 8.281741 90.80676 14.41558
v 8.179396 90.80676 13.90105
v 7.887939 90.80676 13.46486
v 7.451746 90.80676 13.1734
v 6.937222 90.80676 13.07106
v 6.422696 90.80676 13.1734
v 5.986503 90.80676 13.46486
v 5.695047 90.80676 13.90105
v 5.592702 90.80676 14.41558
v 5.695047 90.80676 14.9301
v 12.74228 86.17524 12.68385
v 19.90132 86.17524 12.68385
v 19.90132 90.32628 12.68385
v 12.74228 90.32628 12.68385
v 19.90132 86.17524 19.9963
v 12.74228 86.17524 19.9963
v 12.74228 90.32628 19.9963
v 19.90132 90.32628 19.9963
v 17.66732 90.80676 15.65775
v 17.23112 90.80676 15.3663
v 18.18184 90.80676 15.7601
v 18.69637 90.80676 15.65775
v 19.13256 90.80676 15.3663
v 19.42402 90.80676 14.9301
v 19.52636 90.80676 14.41558
v 19.42402 90.80676 13.90105
v 19.13256 90.80676 13.46486
v 18.69637 90.80676 13.1734
v 18.18184 90.80676 13.07106
v 17.66732 90.80676 13.1734
v 17.23112 90.80676 13.46486
v 16.93967 90.80676 13.90105
v 16.83732 90.80676 14.41558
v 16.93967 90.80676 14.9301
v 14.01954 90.80676 19.46173
v 13.58335 90.80676 19.17027
v 14.53407 90.80676 19.56408
v 15.04859 90.80676 19.46173
v 15.48479 90.80676 19.17027
v 15.77624 90.80676 18.73408
v 15.87859 90.80676 18.21955
v 15.77624 90.80676 17.70503
v 15.48479 90.80676 17.26884
v 15.04859 90.80676 16.97738
v 14.53407 90.80676 16.87503
v 14.01954 90.80676 16.97738
v 13.58335 90.80676 17.26884
v 13.29189 90.80676 17.70503
v 13.18955 90.80676 18.21955
v 13.29189 90.80676 18.73408
v 17.66732 90.80676 19.46173
v 17.23112 90.80676 19.17027
v 18.18184 90.80676 19.56408
v 18.69637 90.80676 19.46173
v 19.13256 90.80676 19.17027
v 19.42402 90.80676 18.73408
v 19.52636 90.80676 18.21955
v 19.42402 90.80676 17.70503
v 19.13256 90.80676 17.26884
v 18.69637 90.80676 16.97738
v 18.18184 90.80676 16.87503
v 17.66732 90.80676 16.97738
v 17.23112 90.80676 17.26884
v 16.93967 90.80676 17.70503
v 16.83732 90.80676 18.21955
v 16.93967 90.80676 18.73408
v 14.01954 90.80676 15.65775
v 13.58335 90.80676 15.3663
v 14.53407 90.80676 15.7601
v 15.04859 90.80676 15.65775
v 15.48479 90.80676 15.3663
v 15.77624 90.80676 14.9301
v 15.87859 90.80676 14.41558
v 15.77624 90.80676 13.90105
v 15.48479 90.80676 13.46486
v 15.04859 90.80676 13.1734
v 14.53407 90.80676 13.07106
v 14.01954 90.80676 13.1734
v 13.58335 90.80676 13.46486
v 13.29189 90.80676 13.90105
v 13.18955 90.80676 14.41558
v 13.29189 90.80676 14.9301
v 20.35058 86.17524 12.68385
v 27.50962 86.17524 12.68385
v 27.50962 90.32628 12.68385
v 20.35058 90.32628 12.68385
v 27.50962 86.17524 19.9963
v 20.35058 86.17524 19.9963
v 20.35058 90.32628 19.9963
v 27.50962 90.32628 19.9963
v 25.27561 90.80676 15.65775
v 24.83942 90.80676 15.3663
v 25.79014 90.80676 15.7601
v 26.30466 90.80676 15.65775
v 26.74086 90.80676 15.3663
v 27.03231 90.80676 14.9301
v 27.13466 90.80676 14.41558
v 27.03231 90.80676 13.90105
v 26.74086 90.80676 13.46486
v 26.30466 90.80676 13.1734
v 25.79014 90.80676 13.07106
v 25.27561 90.80676 13.1734
v 24.83942 90.80676 13.46486
v 24.54796 90.80676 13.90105
v 24.44562 90.80676 14.41558
v 24.54796 90.80676 14.9301
v 21.62784 90.80676 19.46173
v 21.19164 90.80676 19.17027
v 22.14236 90.80676 19.56408
v 22.65689 90.80676 19.46173
v 23.09308 90.80676 19.17027
v 23.38454 90.80676 18.73408
v 23.48688 90.80676 18.21955
v 23.38454 90.80676 17.70503
v 23.09308 90.80676 17.26884
v 22.65689 90.80676 16.97738
v 22.14236 90.80676 16.87503
v 21.62784 90.80676 16.97738
v 21.19164 90.80676 17.26884
v 20.90019 90.80676 17.70503
v 20.79784 90.80676 18.21955
v 20.90019 90.80676 18.73408
v 21.62784 90.80676 15.65775
v 21.19164 90.80676 15.3663
v 22.14236 90.80676 15.7601
v 22.65689 90.80676 15.65775
v 23.09308 90.80676 15.3663
v 23.38454 90.80676 14.9301
v 23.48688 90.80676 14.41558
v 23.38454 90.80676 13.90105
v 23.09308 90.80676 13.46486
v 22.65689 90.80676 13.1734
v 22.14236 90.80676 13.07106
v 21.62784 90.80676 13.1734
v 21.19164 90.80676 13.46486
v 20.90019 90.80676 13.90105
v 20.79784 90.80676 14.41558
v 20.90019 90.80676 14.9301
v 26.30466 89.30276 19.46173
v 25.79014 89.30276 19.56408
v 25.27561 89.30276 19.46173
v 26.74086 89.30276 19.17027
v 24.83942 89.30276 19.17027
v 27.03231 89.30276 18.73408
v 24.54796 89.30276 18.73408
v 27.13466 89.30276 18.21955
v 24.44562 89.30276 18.21955
v 27.03231 89.30276 17.70503
v 24.54796 89.30276 17.70503
v 26.74086 89.30276 17.26884
v 24.83942 89.30276 17.26884
v 26.30466 89.30276 16.97738
v 25.27561 89.30276 16.97738
v 25.79014 89.30276 16.87503
v 36.22962 89.01023 18.80775
v 27.6691 89.01941 18.81927
v 27.66504 88.74521 17.03542
v 35.48681 88.7564 17.02258
v 38.2214 88.97662 16.85304
v 36.42656 88.79593 16.10931
v 38.23956 88.9753 2.663957
v 36.44345 88.79743 2.734827
v 27.66545 87.55598 17.21822
v 35.55716 87.56516 17.19164
v 27.66951 87.83018 19.00207
v 36.29996 87.81898 18.97681
v 36.54696 87.59877 16.1592
v 38.34179 87.77946 16.90293
v 36.56143 87.60009 3.230967
v 38.35753 87.77795 3.160097
v 36.42599 87.65665 1.649022
v 36.59057 87.16313 2.840952
v 36.42176 85.89521 1.660028
v 36.59945 85.89531 2.850036
v 38.37841 87.26735 2.594512
v 38.21383 87.76086 1.402582
v 38.38445 85.89635 2.583507
v 38.20677 85.89624 1.393499
v 32.89613 88.8408 16.13947
v 27.67083 88.83678 16.16235
v 27.66398 88.93985 14.36051
v 32.14578 88.93611 14.34003
v 34.92209 88.85506 14.09754
v 33.12 88.92269 13.35004
v 34.93622 88.86515 3.528545
v 33.13061 88.91302 4.2744
v 32.89578 88.8723 1.494475
v 32.14976 88.90608 3.300386
v 22.07245 88.87227 1.515114
v 22.06207 88.90611 3.31962
v 27.66372 87.73862 14.29179
v 32.11932 87.73459 14.27659
v 27.67057 87.63554 16.09364
v 32.86968 87.63927 16.07603
v 33.07494 87.72034 13.33135
v 34.87704 87.6527 14.07885
v 33.09867 87.71024 4.287591
v 34.90429 87.66238 3.541737
v 32.14045 87.70309 3.322927
v 32.88647 87.6693 1.517018
v 22.5604 87.70312 3.341227
v 22.57079 87.66928 1.536721
v 20.77268 87.62635 3.317646
v 21.97553 87.12815 3.34694
v 20.77077 85.87651 3.316745
v 21.97355 85.87652 3.348503
v 22.01928 87.10814 1.542675
v 20.81643 87.60635 1.513381
v 22.02119 85.87606 1.544333
v 20.81841 85.87605 1.512574
v 4.964954 85.99476 20.10007
v 4.964954 85.99476 12.58007
v 4.964954 90.50676 12.58007
v 4.964954 90.50676 20.10007
v 12.48495 85.99476 12.58007
v 12.48495 85.99476 20.10007
v 12.48495 90.50676 20.10007
v 12.48495 90.50676 12.58007
v 5.145434 86.17524 12.58007
v 12.30447 86.17524 12.58007
v 5.145434 90.32628 12.58007
v 12.30447 90.32628 12.58007
v 12.30447 86.17524 20.10007
v 5.145434 86.17524 20.10007
v 12.30447 90.32628 20.10007
v 5.145434 90.32628 20.10007
v 5.433545 89.11816 18.22034
v 5.548031 90.50676 18.79589
v 5.433545 90.50676 18.22034
v 5.548031 89.11816 18.79589
v 5.874056 90.50676 19.28382
v 5.874056 89.11816 19.28382
v 6.361989 90.50676 19.60985
v 6.361989 89.11816 19.60985
v 6.937545 90.50676 19.72434
v 6.937545 89.11816 19.72434
v 7.5131 90.50676 19.60985
v 7.5131 89.11816 19.60985
v 8.001034 90.50676 19.28382
v 8.001034 89.11816 19.28382
v 8.32706 90.50676 18.79589
v 8.32706 89.11816 18.79589
v 8.441545 90.50676 18.22034
v 8.441545 89.11816 18.22034
v 8.32706 90.50676 17.64478
v 8.32706 89.11816 17.64478
v 8.001034 90.50676 17.15685
v 8.001034 89.11816 17.15685
v 7.5131 90.50676 16.83082
v 7.5131 89.11816 16.83082
v 6.937545 90.50676 16.71634
v 6.937545 89.11816 16.71634
v 6.361989 90.50676 16.83082
v 6.361989 89.11816 16.83082
v 5.874056 90.50676 17.15685
v 5.874056 89.11816 17.15685
v 5.548031 90.50676 17.64478
v 5.548031 89.11816 17.64478
v 9.081319 89.11816 18.22034
v 9.195804 90.50676 18.79589
v 9.081319 90.50676 18.22034
v 9.195804 89.11816 18.79589
v 9.521831 90.50676 19.28382
v 9.521831 89.11816 19.28382
v 10.00976 90.50676 19.60985
v 10.00976 89.11816 19.60985
v 10.58532 90.50676 19.72434
v 10.58532 89.11816 19.72434
v 11.16088 90.50676 19.60985
v 11.16088 89.11816 19.60985
v 11.64881 90.50676 19.28382
v 11.64881 89.11816 19.28382
v 11.97483 90.50676 18.79589
v 11.97483 89.11816 18.79589
v 12.08932 90.50676 18.22034
v 12.08932 89.11816 18.22034
v 11.97483 90.50676 17.64478
v 11.97483 89.11816 17.64478
v 11.64881 90.50676 17.15685
v 11.64881 89.11816 17.15685
v 11.16088 90.50676 16.83082
v 11.16088 89.11816 16.83082
v 10.58532 90.50676 16.71634
v 10.58532 89.11816 16.71634
v 10.00976 90.50676 16.83082
v 10.00976 89.11816 16.83082
v 9.521831 90.50676 17.15685
v 9.521831 89.11816 17.15685
v 9.195804 90.50676 17.64478
v 9.195804 89.11816 17.64478
v 5.433545 89.11816 14.41636
v 5.548031 90.50676 14.99191
v 5.433545 90.50676 14.41636
v 5.548031 89.11816 14.99191
v 5.874056 90.50676 15.47985
v 5.874056 89.11816 15.47985
v 6.361989 90.50676 15.80587
v 6.361989 89.11816 15.80587
v 6.937545 90.50676 15.92036
v 6.937545 89.11816 15.92036
v 7.5131 90.50676 15.80587
v 7.5131 89.11816 15.80587
v 8.001034 90.50676 15.47985
v 8.001034 89.11816 15.47985
v 8.32706 90.50676 14.99191
v 8.32706 89.11816 14.99191
v 8.441545 90.50676 14.41636
v 8.441545 89.11816 14.41636
v 8.32706 90.50676 13.8408
v 8.32706 89.11816 13.8408
v 8.001034 90.50676 13.35287
v 8.001034 89.11816 13.35287
v 7.5131 90.50676 13.02684
v 7.5131 89.11816 13.02684
v 6.937545 90.50676 12.91236
v 6.937545 89.11816 12.91236
v 6.361989 90.50676 13.02684
v 6.361989 89.11816 13.02684
v 5.874056 90.50676 13.35287
v 5.874056 89.11816 13.35287
v 5.548031 90.50676 13.8408
v 5.548031 89.11816 13.8408
v 9.081319 89.11816 14.41636
v 9.195804 90.50676 14.99191
v 9.081319 90.50676 14.41636
v 9.195804 89.11816 14.99191
v 9.521831 90.50676 15.47985
v 9.521831 89.11816 15.47985
v 10.00976 90.50676 15.80587
v 10.00976 89.11816 15.80587
v 10.58532 90.50676 15.92036
v 10.58532 89.11816 15.92036
v 11.16088 90.50676 15.80587
v 11.16088 89.11816 15.80587
v 11.64881 90.50676 15.47985
v 11.64881 89.11816 15.47985
v 11.97483 90.50676 14.99191
v 11.97483 89.11816 14.99191
v 12.08932 90.50676 14.41636
v 12.08932 89.11816 14.41636
v 11.97483 90.50676 13.8408
v 11.97483 89.11816 13.8408
v 11.64881 90.50676 13.35287
v 11.64881 89.11816 13.35287
v 11.16088 90.50676 13.02684
v 11.16088 89.11816 13.02684
v 10.58532 90.50676 12.91236
v 10.58532 89.11816 12.91236
v 10.00976 90.50676 13.02684
v 10.00976 89.11816 13.02684
v 9.521831 90.50676 13.35287
v 9.521831 89.11816 13.35287
v 9.195804 90.50676 13.8408
v 9.195804 89.11816 13.8408
v 10.30224 90.47925 14.76038
v 10.87538 90.68785 14.76038
v 10.86969 90.70347 14.76038
v 10.29655 90.49487 14.76038
v 10.30224 90.47925 15.57947
v 10.29655 90.49487 15.57947
v 10.87538 90.68785 15.57947
v 10.86969 90.70347 15.57947
v 10.14319 90.47925 14.45945
v 10.54846 90.68785 14.86472
v 10.54444 90.70347 14.8607
v 10.13917 90.49487 14.45543
v 9.564004 90.47925 15.03863
v 9.559986 90.49487 15.03461
v 9.969275 90.68785 15.4439
v 9.965256 90.70347 15.43988
v 10.24351 90.47925 14.13419
v 10.24351 90.68785 14.70733
v 10.24351 90.70347 14.70165
v 10.24351 90.49487 14.12851
v 9.424422 90.47925 14.13419
v 9.424422 90.49487 14.12851
v 9.424422 90.68785 14.70733
v 9.424422 90.70347 14.70165
v 10.54444 90.47925 13.97514
v 10.13917 90.68785 14.38041
v 10.14319 90.70347 14.37639
v 10.54846 90.49487 13.97112
v 9.965256 90.47925 13.39596
v 9.969275 90.49487 13.39194
v 9.559986 90.68785 13.80123
v 9.564004 90.70347 13.79721
v 10.86969 90.47925 14.07547
v 10.29655 90.68785 14.07547
v 10.30224 90.70347 14.07547
v 10.87538 90.49487 14.07547
v 10.86969 90.47925 13.25638
v 10.87538 90.49487 13.25638
v 10.29655 90.68785 13.25638
v 10.30224 90.70347 13.25638
v 11.02874 90.47925 14.37639
v 10.62347 90.68785 13.97112
v 10.62749 90.70347 13.97514
v 11.03276 90.49487 14.38041
v 11.60793 90.47925 13.79721
v 11.61195 90.49487 13.80123
v 11.20266 90.68785 13.39194
v 11.20668 90.70347 13.39596
v 10.92842 90.47925 14.70165
v 10.92842 90.68785 14.12851
v 10.92842 90.70347 14.13419
v 10.92842 90.49487 14.70733
v 11.74751 90.47925 14.70165
v 11.74751 90.49487 14.70733
v 11.74751 90.68785 14.12851
v 11.74751 90.70347 14.13419
v 10.62749 90.47925 14.8607
v 11.03276 90.68785 14.45543
v 11.02874 90.70347 14.45945
v 10.62347 90.49487 14.86472
v 11.20668 90.47925 15.43988
v 11.20266 90.49487 15.4439
v 11.61195 90.68785 15.03461
v 11.60793 90.70347 15.03863
v 9.19548 89.30276 14.99113
v 9.080996 89.30276 14.41558
v 9.080996 90.80676 14.41558
v 9.19548 90.80676 14.99113
v 9.521507 89.30276 15.47906
v 9.521507 90.80676 15.47906
v 10.00944 89.30276 15.80509
v 10.00944 90.80676 15.80509
v 10.585 89.30276 15.91958
v 10.585 90.80676 15.91958
v 11.16055 89.30276 15.80509
v 11.16055 90.80676 15.80509
v 11.64848 89.30276 15.47906
v 11.64848 90.80676 15.47906
v 11.97451 89.30276 14.99113
v 11.97451 90.80676 14.99113
v 12.089 89.30276 14.41558
v 12.089 90.80676 14.41558
v 11.97451 89.30276 13.84002
v 11.97451 90.80676 13.84002
v 11.64848 89.30276 13.35209
v 11.64848 90.80676 13.35209
v 11.16055 89.30276 13.02606
v 11.16055 90.80676 13.02606
v 10.585 89.30276 12.91158
v 10.585 90.80676 12.91158
v 10.00944 89.30276 13.02606
v 10.00944 90.80676 13.02606
v 9.521507 89.30276 13.35209
v 9.521507 90.80676 13.35209
v 9.19548 89.30276 13.84002
v 9.19548 90.80676 13.84002
v 6.654466 90.47925 18.56435
v 7.227604 90.68785 18.56435
v 7.22192 90.70347 18.56435
v 6.648782 90.49487 18.56435
v 6.654466 90.47925 19.38344
v 6.648782 90.49487 19.38344
v 7.227604 90.68785 19.38344
v 7.22192 90.70347 19.38344
v 6.495414 90.47925 18.26343
v 6.900684 90.68785 18.6687
v 6.896666 90.70347 18.66468
v 6.491394 90.49487 18.25941
v 5.916229 90.47925 18.84261
v 5.912212 90.49487 18.83859
v 6.3215 90.68785 19.24788
v 6.317482 90.70347 19.24386
v 6.595737 90.47925 17.93817
v 6.595737 90.68785 18.51131
v 6.595737 90.70347 18.50563
v 6.595737 90.49487 17.93249
v 5.776647 90.47925 17.93817
v 5.776647 90.49487 17.93249
v 5.776647 90.68785 18.51131
v 5.776647 90.70347 18.50563
v 6.896666 90.47925 17.77912
v 6.491394 90.68785 18.18439
v 6.495414 90.70347 18.18037
v 6.900684 90.49487 17.7751
v 6.317482 90.47925 17.19994
v 6.3215 90.49487 17.19592
v 5.912212 90.68785 17.60521
v 5.916229 90.70347 17.60119
v 7.22192 90.47925 17.87944
v 6.648782 90.68785 17.87944
v 6.654466 90.70347 17.87944
v 7.227604 90.49487 17.87944
v 7.22192 90.47925 17.06035
v 7.227604 90.49487 17.06035
v 6.648782 90.68785 17.06035
v 6.654466 90.70347 17.06035
v 7.38097 90.47925 18.18037
v 6.975701 90.68785 17.7751
v 6.979718 90.70347 17.77912
v 7.384989 90.49487 18.18439
v 7.960154 90.47925 17.60119
v 7.964172 90.49487 17.60521
v 7.554883 90.68785 17.19592
v 7.558903 90.70347 17.19994
v 7.280648 90.47925 18.50563
v 7.280648 90.68785 17.93249
v 7.280648 90.70347 17.93817
v 7.280648 90.49487 18.51131
v 8.099737 90.47925 18.50563
v 8.099737 90.49487 18.51131
v 8.099737 90.68785 17.93249
v 8.099737 90.70347 17.93817
v 6.979718 90.47925 18.66468
v 7.384989 90.68785 18.25941
v 7.38097 90.70347 18.26343
v 6.975701 90.49487 18.6687
v 7.558903 90.47925 19.24386
v 7.554883 90.49487 19.24788
v 7.964172 90.68785 18.83859
v 7.960154 90.70347 18.84261
v 5.547708 89.30276 18.79511
v 5.433222 89.30276 18.21955
v 5.433222 90.80676 18.21955
v 5.547708 90.80676 18.79511
v 5.873733 89.30276 19.28304
v 5.873733 90.80676 19.28304
v 6.361666 89.30276 19.60907
v 6.361666 90.80676 19.60907
v 6.937222 89.30276 19.72355
v 6.937222 90.80676 19.72355
v 7.512775 89.30276 19.60907
v 7.512775 90.80676 19.60907
v 8.00071 89.30276 19.28304
v 8.00071 90.80676 19.28304
v 8.326735 89.30276 18.79511
v 8.326735 90.80676 18.79511
v 8.441221 89.30276 18.21955
v 8.441221 90.80676 18.21955
v 8.326735 89.30276 17.644
v 8.326735 90.80676 17.644
v 8.00071 89.30276 17.15607
v 8.00071 90.80676 17.15607
v 7.512775 89.30276 16.83004
v 7.512775 90.80676 16.83004
v 6.937222 89.30276 16.71556
v 6.937222 90.80676 16.71556
v 6.361666 89.30276 16.83004
v 6.361666 90.80676 16.83004
v 5.873733 89.30276 17.15607
v 5.873733 90.80676 17.15607
v 5.547708 89.30276 17.644
v 5.547708 90.80676 17.644
v 10.30224 90.47925 18.56435
v 10.87538 90.68785 18.56435
v 10.86969 90.70347 18.56435
v 10.29655 90.49487 18.56435
v 10.30224 90.47925 19.38344
v 10.29655 90.49487 19.38344
v 10.87538 90.68785 19.38344
v 10.86969 90.70347 19.38344
v 10.14319 90.47925 18.26343
v 10.54846 90.68785 18.6687
v 10.54444 90.70347 18.66468
v 10.13917 90.49487 18.25941
v 9.564004 90.47925 18.84261
v 9.559986 90.49487 18.83859
v 9.969275 90.68785 19.24788
v 9.965256 90.70347 19.24386
v 10.24351 90.47925 17.93817
v 10.24351 90.68785 18.51131
v 10.24351 90.70347 18.50563
v 10.24351 90.49487 17.93249
v 9.424422 90.47925 17.93817
v 9.424422 90.49487 17.93249
v 9.424422 90.68785 18.51131
v 9.424422 90.70347 18.50563
v 10.54444 90.47925 17.77912
v 10.13917 90.68785 18.18439
v 10.14319 90.70347 18.18037
v 10.54846 90.49487 17.7751
v 9.965256 90.47925 17.19994
v 9.969275 90.49487 17.19592
v 9.559986 90.68785 17.60521
v 9.564004 90.70347 17.60119
v 10.86969 90.47925 17.87944
v 10.29655 90.68785 17.87944
v 10.30224 90.70347 17.87944
v 10.87538 90.49487 17.87944
v 10.86969 90.47925 17.06035
v 10.87538 90.49487 17.06035
v 10.29655 90.68785 17.06035
v 10.30224 90.70347 17.06035
v 11.02874 90.47925 18.18037
v 10.62347 90.68785 17.7751
v 10.62749 90.70347 17.77912
v 11.03276 90.49487 18.18439
v 11.60793 90.47925 17.60119
v 11.61195 90.49487 17.60521
v 11.20266 90.68785 17.19592
v 11.20668 90.70347 17.19994
v 10.92842 90.47925 18.50563
v 10.92842 90.68785 17.93249
v 10.92842 90.70347 17.93817
v 10.92842 90.49487 18.51131
v 11.74751 90.47925 18.50563
v 11.74751 90.49487 18.51131
v 11.74751 90.68785 17.93249
v 11.74751 90.70347 17.93817
v 10.62749 90.47925 18.66468
v 11.03276 90.68785 18.25941
v 11.02874 90.70347 18.26343
v 10.62347 90.49487 18.6687
v 11.20668 90.47925 19.24386
v 11.20266 90.49487 19.24788
v 11.61195 90.68785 18.83859
v 11.60793 90.70347 18.84261
v 9.19548 89.30276 18.79511
v 9.080996 89.30276 18.21955
v 9.080996 90.80676 18.21955
v 9.19548 90.80676 18.79511
v 9.521507 89.30276 19.28304
v 9.521507 90.80676 19.28304
v 10.00944 89.30276 19.60907
v 10.00944 90.80676 19.60907
v 10.585 89.30276 19.72355
v 10.585 90.80676 19.72355
v 11.16055 89.30276 19.60907
v 11.16055 90.80676 19.60907
v 11.64848 89.30276 19.28304
v 11.64848 90.80676 19.28304
v 11.97451 89.30276 18.79511
v 11.97451 90.80676 18.79511
v 12.089 89.30276 18.21955
v 12.089 90.80676 18.21955
v 11.97451 89.30276 17.644
v 11.97451 90.80676 17.644
v 11.64848 89.30276 17.15607
v 11.64848 90.80676 17.15607
v 11.16055 89.30276 16.83004
v 11.16055 90.80676 16.83004
v 10.585 89.30276 16.71556
v 10.585 90.80676 16.71556
v 10.00944 89.30276 16.83004
v 10.00944 90.80676 16.83004
v 9.521507 89.30276 17.15607
v 9.521507 90.80676 17.15607
v 9.19548 89.30276 17.644
v 9.19548 90.80676 17.644
v 6.654466 90.47925 14.76038
v 7.227604 90.68785 14.76038
v 7.22192 90.70347 14.76038
v 6.648782 90.49487 14.76038
v 6.654466 90.47925 15.57947
v 6.648782 90.49487 15.57947
v 7.227604 90.68785 15.57947
v 7.22192 90.70347 15.57947
v 6.495414 90.47925 14.45945
v 6.900684 90.68785 14.86472
v 6.896666 90.70347 14.8607
v 6.491394 90.49487 14.45543
v 5.916229 90.47925 15.03863
v 5.912212 90.49487 15.03461
v 6.3215 90.68785 15.4439
v 6.317482 90.70347 15.43988
v 6.595737 90.47925 14.13419
v 6.595737 90.68785 14.70733
v 6.595737 90.70347 14.70165
v 6.595737 90.49487 14.12851
v 5.776647 90.47925 14.13419
v 5.776647 90.49487 14.12851
v 5.776647 90.68785 14.70733
v 5.776647 90.70347 14.70165
v 6.896666 90.47925 13.97514
v 6.491394 90.68785 14.38041
v 6.495414 90.70347 14.37639
v 6.900684 90.49487 13.97112
v 6.317482 90.47925 13.39596
v 6.3215 90.49487 13.39194
v 5.912212 90.68785 13.80123
v 5.916229 90.70347 13.79721
v 7.22192 90.47925 14.07547
v 6.648782 90.68785 14.07547
v 6.654466 90.70347 14.07547
v 7.227604 90.49487 14.07547
v 7.22192 90.47925 13.25638
v 7.227604 90.49487 13.25638
v 6.648782 90.68785 13.25638
v 6.654466 90.70347 13.25638
v 7.38097 90.47925 14.37639
v 6.975701 90.68785 13.97112
v 6.979718 90.70347 13.97514
v 7.384989 90.49487 14.38041
v 7.960154 90.47925 13.79721
v 7.964172 90.49487 13.80123
v 7.554883 90.68785 13.39194
v 7.558903 90.70347 13.39596
v 7.280648 90.47925 14.70165
v 7.280648 90.68785 14.12851
v 7.280648 90.70347 14.13419
v 7.280648 90.49487 14.70733
v 8.099737 90.47925 14.70165
v 8.099737 90.49487 14.70733
v 8.099737 90.68785 14.12851
v 8.099737 90.70347 14.13419
v 6.979718 90.47925 14.8607
v 7.384989 90.68785 14.45543
v 7.38097 90.70347 14.45945
v 6.975701 90.49487 14.86472
v 7.558903 90.47925 15.43988
v 7.554883 90.49487 15.4439
v 7.964172 90.68785 15.03461
v 7.960154 90.70347 15.03863
v 5.547708 89.30276 14.99113
v 5.433222 89.30276 14.41558
v 5.433222 90.80676 14.41558
v 5.547708 90.80676 14.99113
v 5.873733 89.30276 15.47906
v 5.873733 90.80676 15.47906
v 6.361666 89.30276 15.80509
v 6.361666 90.80676 15.80509
v 6.937222 89.30276 15.91958
v 6.937222 90.80676 15.91958
v 7.512775 89.30276 15.80509
v 7.512775 90.80676 15.80509
v 8.00071 89.30276 15.47906
v 8.00071 90.80676 15.47906
v 8.326735 89.30276 14.99113
v 8.326735 90.80676 14.99113
v 8.441221 89.30276 14.41558
v 8.441221 90.80676 14.41558
v 8.326735 89.30276 13.84002
v 8.326735 90.80676 13.84002
v 8.00071 89.30276 13.35209
v 8.00071 90.80676 13.35209
v 7.512775 89.30276 13.02606
v 7.512775 90.80676 13.02606
v 6.937222 89.30276 12.91158
v 6.937222 90.80676 12.91158
v 6.361666 89.30276 13.02606
v 6.361666 90.80676 13.02606
v 5.873733 89.30276 13.35209
v 5.873733 90.80676 13.35209
v 5.547708 89.30276 13.84002
v 5.547708 90.80676 13.84002
v 6.023869 86.95679 10.2884
v 6.174268 86.95679 10.2884
v 6.174268 87.55839 10.2884
v 6.023869 87.55839 10.2884
v 6.023869 86.95679 22.18816
v 6.023869 87.55839 22.18816
v 6.174268 86.95679 22.18816
v 6.174268 87.55839 22.18816
v 5.893021 87.55839 22.18816
v 5.893021 87.55839 10.2884
v 5.893021 87.67119 10.2884
v 5.893021 87.67119 22.18816
v 6.305117 87.55839 10.2884
v 6.305117 87.55839 22.18816
v 6.305117 87.67119 22.18816
v 6.305117 87.67119 10.2884
v 5.893021 86.95679 10.2884
v 5.893021 86.95679 22.18816
v 5.893021 86.84399 22.18816
v 5.893021 86.84399 10.2884
v 6.305117 86.95679 22.18816
v 6.305117 86.95679 10.2884
v 6.305117 86.84399 10.2884
v 6.305117 86.84399 22.18816
v 6.023869 87.67119 22.18816
v 6.174268 87.67119 22.18816
v 6.023869 87.67119 10.2884
v 6.174268 87.67119 10.2884
v 6.023869 86.84399 10.2884
v 6.174268 86.84399 10.2884
v 6.023869 86.84399 22.18816
v 6.174268 86.84399 22.18816
v 11.33603 86.95679 10.2884
v 11.48643 86.95679 10.2884
v 11.48643 87.55839 10.2884
v 11.33603 87.55839 10.2884
v 11.33603 86.95679 22.18816
v 11.33603 87.55839 22.18816
v 11.48643 86.95679 22.18816
v 11.48643 87.55839 22.18816
v 11.20518 87.55839 22.18816
v 11.20518 87.55839 10.2884
v 11.20518 87.67119 10.2884
v 11.20518 87.67119 22.18816
v 11.61727 87.55839 10.2884
v 11.61727 87.55839 22.18816
v 11.61727 87.67119 22.18816
v 11.61727 87.67119 10.2884
v 11.20518 86.95679 10.2884
v 11.20518 86.95679 22.18816
v 11.20518 86.84399 22.18816
v 11.20518 86.84399 10.2884
v 11.61727 86.95679 22.18816
v 11.61727 86.95679 10.2884
v 11.61727 86.84399 10.2884
v 11.61727 86.84399 22.18816
v 11.33603 87.67119 22.18816
v 11.48643 87.67119 22.18816
v 11.33603 87.67119 10.2884
v 11.48643 87.67119 10.2884
v 11.33603 86.84399 10.2884
v 11.48643 86.84399 10.2884
v 11.33603 86.84399 22.18816
v 11.48643 86.84399 22.18816
v 12.5618 85.99476 20.10007
v 12.5618 85.99476 12.58007
v 12.5618 90.50676 12.58007
v 12.5618 90.50676 20.10007
v 20.0818 85.99476 12.58007
v 20.0818 85.99476 20.10007
v 20.0818 90.50676 20.10007
v 20.0818 90.50676 12.58007
v 12.74228 86.17524 12.58007
v 19.90132 86.17524 12.58007
v 12.74228 90.32628 12.58007
v 19.90132 90.32628 12.58007
v 19.90132 86.17524 20.10007
v 12.74228 86.17524 20.10007
v 19.90132 90.32628 20.10007
v 12.74228 90.32628 20.10007
v 13.03039 89.11816 18.22034
v 13.14488 90.50676 18.79589
v 13.03039 90.50676 18.22034
v 13.14488 89.11816 18.79589
v 13.4709 90.50676 19.28382
v 13.4709 89.11816 19.28382
v 13.95884 90.50676 19.60985
v 13.95884 89.11816 19.60985
v 14.53439 90.50676 19.72434
v 14.53439 89.11816 19.72434
v 15.10995 90.50676 19.60985
v 15.10995 89.11816 19.60985
v 15.59788 90.50676 19.28382
v 15.59788 89.11816 19.28382
v 15.92391 90.50676 18.79589
v 15.92391 89.11816 18.79589
v 16.03839 90.50676 18.22034
v 16.03839 89.11816 18.22034
v 15.92391 90.50676 17.64478
v 15.92391 89.11816 17.64478
v 15.59788 90.50676 17.15685
v 15.59788 89.11816 17.15685
v 15.10995 90.50676 16.83082
v 15.10995 89.11816 16.83082
v 14.53439 90.50676 16.71634
v 14.53439 89.11816 16.71634
v 13.95884 90.50676 16.83082
v 13.95884 89.11816 16.83082
v 13.4709 90.50676 17.15685
v 13.4709 89.11816 17.15685
v 13.14488 90.50676 17.64478
v 13.14488 89.11816 17.64478
v 16.67817 89.11816 18.22034
v 16.79265 90.50676 18.79589
v 16.67817 90.50676 18.22034
v 16.79265 89.11816 18.79589
v 17.11868 90.50676 19.28382
v 17.11868 89.11816 19.28382
v 17.60661 90.50676 19.60985
v 17.60661 89.11816 19.60985
v 18.18217 90.50676 19.72434
v 18.18217 89.11816 19.72434
v 18.75772 90.50676 19.60985
v 18.75772 89.11816 19.60985
v 19.24566 90.50676 19.28382
v 19.24566 89.11816 19.28382
v 19.57168 90.50676 18.79589
v 19.57168 89.11816 18.79589
v 19.68617 90.50676 18.22034
v 19.68617 89.11816 18.22034
v 19.57168 90.50676 17.64478
v 19.57168 89.11816 17.64478
v 19.24566 90.50676 17.15685
v 19.24566 89.11816 17.15685
v 18.75772 90.50676 16.83082
v 18.75772 89.11816 16.83082
v 18.18217 90.50676 16.71634
v 18.18217 89.11816 16.71634
v 17.60661 90.50676 16.83082
v 17.60661 89.11816 16.83082
v 17.11868 90.50676 17.15685
v 17.11868 89.11816 17.15685
v 16.79265 90.50676 17.64478
v 16.79265 89.11816 17.64478
v 13.03039 89.11816 14.41636
v 13.14488 90.50676 14.99191
v 13.03039 90.50676 14.41636
v 13.14488 89.11816 14.99191
v 13.4709 90.50676 15.47985
v 13.4709 89.11816 15.47985
v 13.95884 90.50676 15.80587
v 13.95884 89.11816 15.80587
v 14.53439 90.50676 15.92036
v 14.53439 89.11816 15.92036
v 15.10995 90.50676 15.80587
v 15.10995 89.11816 15.80587
v 15.59788 90.50676 15.47985
v 15.59788 89.11816 15.47985
v 15.92391 90.50676 14.99191
v 15.92391 89.11816 14.99191
v 16.03839 90.50676 14.41636
v 16.03839 89.11816 14.41636
v 15.92391 90.50676 13.8408
v 15.92391 89.11816 13.8408
v 15.59788 90.50676 13.35287
v 15.59788 89.11816 13.35287
v 15.10995 90.50676 13.02684
v 15.10995 89.11816 13.02684
v 14.53439 90.50676 12.91236
v 14.53439 89.11816 12.91236
v 13.95884 90.50676 13.02684
v 13.95884 89.11816 13.02684
v 13.4709 90.50676 13.35287
v 13.4709 89.11816 13.35287
v 13.14488 90.50676 13.8408
v 13.14488 89.11816 13.8408
v 16.67817 89.11816 14.41636
v 16.79265 90.50676 14.99191
v 16.67817 90.50676 14.41636
v 16.79265 89.11816 14.99191
v 17.11868 90.50676 15.47985
v 17.11868 89.11816 15.47985
v 17.60661 90.50676 15.80587
v 17.60661 89.11816 15.80587
v 18.18217 90.50676 15.92036
v 18.18217 89.11816 15.92036
v 18.75772 90.50676 15.80587
v 18.75772 89.11816 15.80587
v 19.24566 90.50676 15.47985
v 19.24566 89.11816 15.47985
v 19.57168 90.50676 14.99191
v 19.57168 89.11816 14.99191
v 19.68617 90.50676 14.41636
v 19.68617 89.11816 14.41636
v 19.57168 90.50676 13.8408
v 19.57168 89.11816 13.8408
v 19.24566 90.50676 13.35287
v 19.24566 89.11816 13.35287
v 18.75772 90.50676 13.02684
v 18.75772 89.11816 13.02684
v 18.18217 90.50676 12.91236
v 18.18217 89.11816 12.91236
v 17.60661 90.50676 13.02684
v 17.60661 89.11816 13.02684
v 17.11868 90.50676 13.35287
v 17.11868 89.11816 13.35287
v 16.79265 90.50676 13.8408
v 16.79265 89.11816 13.8408
v 17.89909 90.47925 14.76038
v 18.47223 90.68785 14.76038
v 18.46654 90.70347 14.76038
v 17.8934 90.49487 14.76038
v 17.89909 90.47925 15.57947
v 17.8934 90.49487 15.57947
v 18.47223 90.68785 15.57947
v 18.46654 90.70347 15.57947
v 17.74004 90.47925 14.45945
v 18.14531 90.68785 14.86472
v 18.14129 90.70347 14.8607
v 17.73602 90.49487 14.45543
v 17.16085 90.47925 15.03863
v 17.15683 90.49487 15.03461
v 17.56612 90.68785 15.4439
v 17.5621 90.70347 15.43988
v 17.84036 90.47925 14.13419
v 17.84036 90.68785 14.70733
v 17.84036 90.70347 14.70165
v 17.84036 90.49487 14.12851
v 17.02127 90.47925 14.13419
v 17.02127 90.49487 14.12851
v 17.02127 90.68785 14.70733
v 17.02127 90.70347 14.70165
v 18.14129 90.47925 13.97514
v 17.73602 90.68785 14.38041
v 17.74004 90.70347 14.37639
v 18.14531 90.49487 13.97112
v 17.5621 90.47925 13.39596
v 17.56612 90.49487 13.39194
v 17.15683 90.68785 13.80123
v 17.16085 90.70347 13.79721
v 18.46654 90.47925 14.07547
v 17.8934 90.68785 14.07547
v 17.89909 90.70347 14.07547
v 18.47223 90.49487 14.07547
v 18.46654 90.47925 13.25638
v 18.47223 90.49487 13.25638
v 17.8934 90.68785 13.25638
v 17.89909 90.70347 13.25638
v 18.62559 90.47925 14.37639
v 18.22032 90.68785 13.97112
v 18.22434 90.70347 13.97514
v 18.62961 90.49487 14.38041
v 19.20477 90.47925 13.79721
v 19.20879 90.49487 13.80123
v 18.79951 90.68785 13.39194
v 18.80352 90.70347 13.39596
v 18.52527 90.47925 14.70165
v 18.52527 90.68785 14.12851
v 18.52527 90.70347 14.13419
v 18.52527 90.49487 14.70733
v 19.34436 90.47925 14.70165
v 19.34436 90.49487 14.70733
v 19.34436 90.68785 14.12851
v 19.34436 90.70347 14.13419
v 18.22434 90.47925 14.8607
v 18.62961 90.68785 14.45543
v 18.62559 90.70347 14.45945
v 18.22032 90.49487 14.86472
v 18.80352 90.47925 15.43988
v 18.79951 90.49487 15.4439
v 19.20879 90.68785 15.03461
v 19.20477 90.70347 15.03863
v 16.79233 89.30276 14.99113
v 16.67784 89.30276 14.41558
v 16.67784 90.80676 14.41558
v 16.79233 90.80676 14.99113
v 17.11835 89.30276 15.47906
v 17.11835 90.80676 15.47906
v 17.60629 89.30276 15.80509
v 17.60629 90.80676 15.80509
v 18.18184 89.30276 15.91958
v 18.18184 90.80676 15.91958
v 18.7574 89.30276 15.80509
v 18.7574 90.80676 15.80509
v 19.24533 89.30276 15.47906
v 19.24533 90.80676 15.47906
v 19.57136 89.30276 14.99113
v 19.57136 90.80676 14.99113
v 19.68584 89.30276 14.41558
v 19.68584 90.80676 14.41558
v 19.57136 89.30276 13.84002
v 19.57136 90.80676 13.84002
v 19.24533 89.30276 13.35209
v 19.24533 90.80676 13.35209
v 18.7574 89.30276 13.02606
v 18.7574 90.80676 13.02606
v 18.18184 89.30276 12.91158
v 18.18184 90.80676 12.91158
v 17.60629 89.30276 13.02606
v 17.60629 90.80676 13.02606
v 17.11835 89.30276 13.35209
v 17.11835 90.80676 13.35209
v 16.79233 89.30276 13.84002
v 16.79233 90.80676 13.84002
v 14.25131 90.47925 18.56435
v 14.82445 90.68785 18.56435
v 14.81877 90.70347 18.56435
v 14.24563 90.49487 18.56435
v 14.25131 90.47925 19.38344
v 14.24563 90.49487 19.38344
v 14.82445 90.68785 19.38344
v 14.81877 90.70347 19.38344
v 14.09226 90.47925 18.26343
v 14.49753 90.68785 18.6687
v 14.49351 90.70347 18.66468
v 14.08824 90.49487 18.25941
v 13.51308 90.47925 18.84261
v 13.50906 90.49487 18.83859
v 13.91835 90.68785 19.24788
v 13.91433 90.70347 19.24386
v 14.19258 90.47925 17.93817
v 14.19258 90.68785 18.51131
v 14.19258 90.70347 18.50563
v 14.19258 90.49487 17.93249
v 13.3735 90.47925 17.93817
v 13.3735 90.49487 17.93249
v 13.3735 90.68785 18.51131
v 13.3735 90.70347 18.50563
v 14.49351 90.47925 17.77912
v 14.08824 90.68785 18.18439
v 14.09226 90.70347 18.18037
v 14.49753 90.49487 17.7751
v 13.91433 90.47925 17.19994
v 13.91835 90.49487 17.19592
v 13.50906 90.68785 17.60521
v 13.51308 90.70347 17.60119
v 14.81877 90.47925 17.87944
v 14.24563 90.68785 17.87944
v 14.25131 90.70347 17.87944
v 14.82445 90.49487 17.87944
v 14.81877 90.47925 17.06035
v 14.82445 90.49487 17.06035
v 14.24563 90.68785 17.06035
v 14.25131 90.70347 17.06035
v 14.97782 90.47925 18.18037
v 14.57255 90.68785 17.7751
v 14.57657 90.70347 17.77912
v 14.98184 90.49487 18.18439
v 15.557 90.47925 17.60119
v 15.56102 90.49487 17.60521
v 15.15173 90.68785 17.19592
v 15.15575 90.70347 17.19994
v 14.87749 90.47925 18.50563
v 14.87749 90.68785 17.93249
v 14.87749 90.70347 17.93817
v 14.87749 90.49487 18.51131
v 15.69658 90.47925 18.50563
v 15.69658 90.49487 18.51131
v 15.69658 90.68785 17.93249
v 15.69658 90.70347 17.93817
v 14.57657 90.47925 18.66468
v 14.98184 90.68785 18.25941
v 14.97782 90.70347 18.26343
v 14.57255 90.49487 18.6687
v 15.15575 90.47925 19.24386
v 15.15173 90.49487 19.24788
v 15.56102 90.68785 18.83859
v 15.557 90.70347 18.84261
v 13.14455 89.30276 18.79511
v 13.03007 89.30276 18.21955
v 13.03007 90.80676 18.21955
v 13.14455 90.80676 18.79511
v 13.47058 89.30276 19.28304
v 13.47058 90.80676 19.28304
v 13.95851 89.30276 19.60907
v 13.95851 90.80676 19.60907
v 14.53407 89.30276 19.72355
v 14.53407 90.80676 19.72355
v 15.10962 89.30276 19.60907
v 15.10962 90.80676 19.60907
v 15.59756 89.30276 19.28304
v 15.59756 90.80676 19.28304
v 15.92358 89.30276 18.79511
v 15.92358 90.80676 18.79511
v 16.03807 89.30276 18.21955
v 16.03807 90.80676 18.21955
v 15.92358 89.30276 17.644
v 15.92358 90.80676 17.644
v 15.59756 89.30276 17.15607
v 15.59756 90.80676 17.15607
v 15.10962 89.30276 16.83004
v 15.10962 90.80676 16.83004
v 14.53407 89.30276 16.71556
v 14.53407 90.80676 16.71556
v 13.95851 89.30276 16.83004
v 13.95851 90.80676 16.83004
v 13.47058 89.30276 17.15607
v 13.47058 90.80676 17.15607
v 13.14455 89.30276 17.644
v 13.14455 90.80676 17.644
v 17.89909 90.47925 18.56435
v 18.47223 90.68785 18.56435
v 18.46654 90.70347 18.56435
v 17.8934 90.49487 18.56435
v 17.89909 90.47925 19.38344
v 17.8934 90.49487 19.38344
v 18.47223 90.68785 19.38344
v 18.46654 90.70347 19.38344
v 17.74004 90.47925 18.26343
v 18.14531 90.68785 18.6687
v 18.14129 90.70347 18.66468
v 17.73602 90.49487 18.25941
v 17.16085 90.47925 18.84261
v 17.15683 90.49487 18.83859
v 17.56612 90.68785 19.24788
v 17.5621 90.70347 19.24386
v 17.84036 90.47925 17.93817
v 17.84036 90.68785 18.51131
v 17.84036 90.70347 18.50563
v 17.84036 90.49487 17.93249
v 17.02127 90.47925 17.93817
v 17.02127 90.49487 17.93249
v 17.02127 90.68785 18.51131
v 17.02127 90.70347 18.50563
v 18.14129 90.47925 17.77912
v 17.73602 90.68785 18.18439
v 17.74004 90.70347 18.18037
v 18.14531 90.49487 17.7751
v 17.5621 90.47925 17.19994
v 17.56612 90.49487 17.19592
v 17.15683 90.68785 17.60521
v 17.16085 90.70347 17.60119
v 18.46654 90.47925 17.87944
v 17.8934 90.68785 17.87944
v 17.89909 90.70347 17.87944
v 18.47223 90.49487 17.87944
v 18.46654 90.47925 17.06035
v 18.47223 90.49487 17.06035
v 17.8934 90.68785 17.06035
v 17.89909 90.70347 17.06035
v 18.62559 90.47925 18.18037
v 18.22032 90.68785 17.7751
v 18.22434 90.70347 17.77912
v 18.62961 90.49487 18.18439
v 19.20477 90.47925 17.60119
v 19.20879 90.49487 17.60521
v 18.79951 90.68785 17.19592
v 18.80352 90.70347 17.19994
v 18.52527 90.47925 18.50563
v 18.52527 90.68785 17.93249
v 18.52527 90.70347 17.93817
v 18.52527 90.49487 18.51131
v 19.34436 90.47925 18.50563
v 19.34436 90.49487 18.51131
v 19.34436 90.68785 17.93249
v 19.34436 90.70347 17.93817
v 18.22434 90.47925 18.66468
v 18.62961 90.68785 18.25941
v 18.62559 90.70347 18.26343
v 18.22032 90.49487 18.6687
v 18.80352 90.47925 19.24386
v 18.79951 90.49487 19.24788
v 19.20879 90.68785 18.83859
v 19.20477 90.70347 18.84261
v 16.79233 89.30276 18.79511
v 16.67784 89.30276 18.21955
v 16.67784 90.80676 18.21955
v 16.79233 90.80676 18.79511
v 17.11835 89.30276 19.28304
v 17.11835 90.80676 19.28304
v 17.60629 89.30276 19.60907
v 17.60629 90.80676 19.60907
v 18.18184 89.30276 19.72355
v 18.18184 90.80676 19.72355
v 18.7574 89.30276 19.60907
v 18.7574 90.80676 19.60907
v 19.24533 89.30276 19.28304
v 19.24533 90.80676 19.28304
v 19.57136 89.30276 18.79511
v 19.57136 90.80676 18.79511
v 19.68584 89.30276 18.21955
v 19.68584 90.80676 18.21955
v 19.57136 89.30276 17.644
v 19.57136 90.80676 17.644
v 19.24533 89.30276 17.15607
v 19.24533 90.80676 17.15607
v 18.7574 89.30276 16.83004
v 18.7574 90.80676 16.83004
v 18.18184 89.30276 16.71556
v 18.18184 90.80676 16.71556
v 17.60629 89.30276 16.83004
v 17.60629 90.80676 16.83004
v 17.11835 89.30276 17.15607
v 17.11835 90.80676 17.15607
v 16.79233 89.30276 17.644
v 16.79233 90.80676 17.644
v 14.25131 90.47925 14.76038
v 14.82445 90.68785 14.76038
v 14.81877 90.70347 14.76038
v 14.24563 90.49487 14.76038
v 14.25131 90.47925 15.57947
v 14.24563 90.49487 15.57947
v 14.82445 90.68785 15.57947
v 14.81877 90.70347 15.57947
v 14.09226 90.47925 14.45945
v 14.49753 90.68785 14.86472
v 14.49351 90.70347 14.8607
v 14.08824 90.49487 14.45543
v 13.51308 90.47925 15.03863
v 13.50906 90.49487 15.03461
v 13.91835 90.68785 15.4439
v 13.91433 90.70347 15.43988
v 14.19258 90.47925 14.13419
v 14.19258 90.68785 14.70733
v 14.19258 90.70347 14.70165
v 14.19258 90.49487 14.12851
v 13.3735 90.47925 14.13419
v 13.3735 90.49487 14.12851
v 13.3735 90.68785 14.70733
v 13.3735 90.70347 14.70165
v 14.49351 90.47925 13.97514
v 14.08824 90.68785 14.38041
v 14.09226 90.70347 14.37639
v 14.49753 90.49487 13.97112
v 13.91433 90.47925 13.39596
v 13.91835 90.49487 13.39194
v 13.50906 90.68785 13.80123
v 13.51308 90.70347 13.79721
v 14.81877 90.47925 14.07547
v 14.24563 90.68785 14.07547
v 14.25131 90.70347 14.07547
v 14.82445 90.49487 14.07547
v 14.81877 90.47925 13.25638
v 14.82445 90.49487 13.25638
v 14.24563 90.68785 13.25638
v 14.25131 90.70347 13.25638
v 14.97782 90.47925 14.37639
v 14.57255 90.68785 13.97112
v 14.57657 90.70347 13.97514
v 14.98184 90.49487 14.38041
v 15.557 90.47925 13.79721
v 15.56102 90.49487 13.80123
v 15.15173 90.68785 13.39194
v 15.15575 90.70347 13.39596
v 14.87749 90.47925 14.70165
v 14.87749 90.68785 14.12851
v 14.87749 90.70347 14.13419
v 14.87749 90.49487 14.70733
v 15.69658 90.47925 14.70165
v 15.69658 90.49487 14.70733
v 15.69658 90.68785 14.12851
v 15.69658 90.70347 14.13419
v 14.57657 90.47925 14.8607
v 14.98184 90.68785 14.45543
v 14.97782 90.70347 14.45945
v 14.57255 90.49487 14.86472
v 15.15575 90.47925 15.43988
v 15.15173 90.49487 15.4439
v 15.56102 90.68785 15.03461
v 15.557 90.70347 15.03863
v 13.14455 89.30276 14.99113
v 13.03007 89.30276 14.41558
v 13.03007 90.80676 14.41558
v 13.14455 90.80676 14.99113
v 13.47058 89.30276 15.47906
v 13.47058 90.80676 15.47906
v 13.95851 89.30276 15.80509
v 13.95851 90.80676 15.80509
v 14.53407 89.30276 15.91958
v 14.53407 90.80676 15.91958
v 15.10962 89.30276 15.80509
v 15.10962 90.80676 15.80509
v 15.59756 89.30276 15.47906
v 15.59756 90.80676 15.47906
v 15.92358 89.30276 14.99113
v 15.92358 90.80676 14.99113
v 16.03807 89.30276 14.41558
v 16.03807 90.80676 14.41558
v 15.92358 89.30276 13.84002
v 15.92358 90.80676 13.84002
v 15.59756 89.30276 13.35209
v 15.59756 90.80676 13.35209
v 15.10962 89.30276 13.02606
v 15.10962 90.80676 13.02606
v 14.53407 89.30276 12.91158
v 14.53407 90.80676 12.91158
v 13.95851 89.30276 13.02606
v 13.95851 90.80676 13.02606
v 13.47058 89.30276 13.35209
v 13.47058 90.80676 13.35209
v 13.14455 89.30276 13.84002
v 13.14455 90.80676 13.84002
v 13.62072 86.95679 10.2884
v 13.77112 86.95679 10.2884
v 13.77112 87.55839 10.2884
v 13.62072 87.55839 10.2884
v 13.62072 86.95679 22.18816
v 13.62072 87.55839 22.18816
v 13.77112 86.95679 22.18816
v 13.77112 87.55839 22.18816
v 13.48987 87.55839 22.18816
v 13.48987 87.55839 10.2884
v 13.48987 87.67119 10.2884
v 13.48987 87.67119 22.18816
v 13.90196 87.55839 10.2884
v 13.90196 87.55839 22.18816
v 13.90196 87.67119 22.18816
v 13.90196 87.67119 10.2884
v 13.48987 86.95679 10.2884
v 13.48987 86.95679 22.18816
v 13.48987 86.84399 22.18816
v 13.48987 86.84399 10.2884
v 13.90196 86.95679 22.18816
v 13.90196 86.95679 10.2884
v 13.90196 86.84399 10.2884
v 13.90196 86.84399 22.18816
v 13.62072 87.67119 22.18816
v 13.77112 87.67119 22.18816
v 13.62072 87.67119 10.2884
v 13.77112 87.67119 10.2884
v 13.62072 86.84399 10.2884
v 13.77112 86.84399 10.2884
v 13.62072 86.84399 22.18816
v 13.77112 86.84399 22.18816
v 18.93287 86.95679 10.2884
v 19.08327 86.95679 10.2884
v 19.08327 87.55839 10.2884
v 18.93287 87.55839 10.2884
v 18.93287 86.95679 22.18816
v 18.93287 87.55839 22.18816
v 19.08327 86.95679 22.18816
v 19.08327 87.55839 22.18816
v 18.80202 87.55839 22.18816
v 18.80202 87.55839 10.2884
v 18.80202 87.67119 10.2884
v 18.80202 87.67119 22.18816
v 19.21412 87.55839 10.2884
v 19.21412 87.55839 22.18816
v 19.21412 87.67119 22.18816
v 19.21412 87.67119 10.2884
v 18.80202 86.95679 10.2884
v 18.80202 86.95679 22.18816
v 18.80202 86.84399 22.18816
v 18.80202 86.84399 10.2884
v 19.21412 86.95679 22.18816
v 19.21412 86.95679 10.2884
v 19.21412 86.84399 10.2884
v 19.21412 86.84399 22.18816
v 18.93287 87.67119 22.18816
v 19.08327 87.67119 22.18816
v 18.93287 87.67119 10.2884
v 19.08327 87.67119 10.2884
v 18.93287 86.84399 10.2884
v 19.08327 86.84399 10.2884
v 18.93287 86.84399 22.18816
v 19.08327 86.84399 22.18816
v 20.1701 85.99476 20.10007
v 20.1701 85.99476 12.58007
v 20.1701 90.50676 12.58007
v 20.1701 90.50676 20.10007
v 27.6901 85.99476 12.58007
v 27.6901 85.99476 20.10007
v 27.6901 90.50676 20.10007
v 27.6901 90.50676 12.58007
v 20.35058 86.17524 12.58007
v 27.50962 86.17524 12.58007
v 20.35058 90.32628 12.58007
v 27.50962 90.32628 12.58007
v 27.50962 86.17524 20.10007
v 20.35058 86.17524 20.10007
v 27.50962 90.32628 20.10007
v 20.35058 90.32628 20.10007
v 20.63869 89.11816 18.22034
v 20.75317 90.50676 18.79589
v 20.63869 90.50676 18.22034
v 20.75317 89.11816 18.79589
v 21.0792 90.50676 19.28382
v 21.0792 89.11816 19.28382
v 21.56713 90.50676 19.60985
v 21.56713 89.11816 19.60985
v 22.14269 90.50676 19.72434
v 22.14269 89.11816 19.72434
v 22.71824 90.50676 19.60985
v 22.71824 89.11816 19.60985
v 23.20618 90.50676 19.28382
v 23.20618 89.11816 19.28382
v 23.5322 90.50676 18.79589
v 23.5322 89.11816 18.79589
v 23.64669 90.50676 18.22034
v 23.64669 89.11816 18.22034
v 23.5322 90.50676 17.64478
v 23.5322 89.11816 17.64478
v 23.20618 90.50676 17.15685
v 23.20618 89.11816 17.15685
v 22.71824 90.50676 16.83082
v 22.71824 89.11816 16.83082
v 22.14269 90.50676 16.71634
v 22.14269 89.11816 16.71634
v 21.56713 90.50676 16.83082
v 21.56713 89.11816 16.83082
v 21.0792 90.50676 17.15685
v 21.0792 89.11816 17.15685
v 20.75317 90.50676 17.64478
v 20.75317 89.11816 17.64478
v 24.28646 89.11816 18.22034
v 24.40095 90.50676 18.79589
v 24.28646 90.50676 18.22034
v 24.40095 89.11816 18.79589
v 24.72697 90.50676 19.28382
v 24.72697 89.11816 19.28382
v 25.2149 90.50676 19.60985
v 25.2149 89.11816 19.60985
v 25.79046 90.50676 19.72434
v 25.79046 89.11816 19.72434
v 26.36602 90.50676 19.60985
v 26.36602 89.11816 19.60985
v 26.85395 90.50676 19.28382
v 26.85395 89.11816 19.28382
v 27.17998 90.50676 18.79589
v 27.17998 89.11816 18.79589
v 27.29446 90.50676 18.22034
v 27.29446 89.11816 18.22034
v 27.17998 90.50676 17.64478
v 27.17998 89.11816 17.64478
v 26.85395 90.50676 17.15685
v 26.85395 89.11816 17.15685
v 26.36602 90.50676 16.83082
v 26.36602 89.11816 16.83082
v 25.79046 90.50676 16.71634
v 25.79046 89.11816 16.71634
v 25.2149 90.50676 16.83082
v 25.2149 89.11816 16.83082
v 24.72697 90.50676 17.15685
v 24.72697 89.11816 17.15685
v 24.40095 90.50676 17.64478
v 24.40095 89.11816 17.64478
v 20.63869 89.11816 14.41636
v 20.75317 90.50676 14.99191
v 20.63869 90.50676 14.41636
v 20.75317 89.11816 14.99191
v 21.0792 90.50676 15.47985
v 21.0792 89.11816 15.47985
v 21.56713 90.50676 15.80587
v 21.56713 89.11816 15.80587
v 22.14269 90.50676 15.92036
v 22.14269 89.11816 15.92036
v 22.71824 90.50676 15.80587
v 22.71824 89.11816 15.80587
v 23.20618 90.50676 15.47985
v 23.20618 89.11816 15.47985
v 23.5322 90.50676 14.99191
v 23.5322 89.11816 14.99191
v 23.64669 90.50676 14.41636
v 23.64669 89.11816 14.41636
v 23.5322 90.50676 13.8408
v 23.5322 89.11816 13.8408
v 23.20618 90.50676 13.35287
v 23.20618 89.11816 13.35287
v 22.71824 90.50676 13.02684
v 22.71824 89.11816 13.02684
v 22.14269 90.50676 12.91236
v 22.14269 89.11816 12.91236
v 21.56713 90.50676 13.02684
v 21.56713 89.11816 13.02684
v 21.0792 90.50676 13.35287
v 21.0792 89.11816 13.35287
v 20.75317 90.50676 13.8408
v 20.75317 89.11816 13.8408
v 24.28646 89.11816 14.41636
v 24.40095 90.50676 14.99191
v 24.28646 90.50676 14.41636
v 24.40095 89.11816 14.99191
v 24.72697 90.50676 15.47985
v 24.72697 89.11816 15.47985
v 25.2149 90.50676 15.80587
v 25.2149 89.11816 15.80587
v 25.79046 90.50676 15.92036
v 25.79046 89.11816 15.92036
v 26.36602 90.50676 15.80587
v 26.36602 89.11816 15.80587
v 26.85395 90.50676 15.47985
v 26.85395 89.11816 15.47985
v 27.17998 90.50676 14.99191
v 27.17998 89.11816 14.99191
v 27.29446 90.50676 14.41636
v 27.29446 89.11816 14.41636
v 27.17998 90.50676 13.8408
v 27.17998 89.11816 13.8408
v 26.85395 90.50676 13.35287
v 26.85395 89.11816 13.35287
v 26.36602 90.50676 13.02684
v 26.36602 89.11816 13.02684
v 25.79046 90.50676 12.91236
v 25.79046 89.11816 12.91236
v 25.2149 90.50676 13.02684
v 25.2149 89.11816 13.02684
v 24.72697 90.50676 13.35287
v 24.72697 89.11816 13.35287
v 24.40095 90.50676 13.8408
v 24.40095 89.11816 13.8408
v 25.50738 90.47925 14.76038
v 26.08052 90.68785 14.76038
v 26.07484 90.70347 14.76038
v 25.5017 90.49487 14.76038
v 25.50738 90.47925 15.57947
v 25.5017 90.49487 15.57947
v 26.08052 90.68785 15.57947
v 26.07484 90.70347 15.57947
v 25.34833 90.47925 14.45945
v 25.7536 90.68785 14.86472
v 25.74958 90.70347 14.8607
v 25.34431 90.49487 14.45543
v 24.76915 90.47925 15.03863
v 24.76513 90.49487 15.03461
v 25.17442 90.68785 15.4439
v 25.1704 90.70347 15.43988
v 25.44865 90.47925 14.13419
v 25.44865 90.68785 14.70733
v 25.44865 90.70347 14.70165
v 25.44865 90.49487 14.12851
v 24.62956 90.47925 14.13419
v 24.62956 90.49487 14.12851
v 24.62956 90.68785 14.70733
v 24.62956 90.70347 14.70165
v 25.74958 90.47925 13.97514
v 25.34431 90.68785 14.38041
v 25.34833 90.70347 14.37639
v 25.7536 90.49487 13.97112
v 25.1704 90.47925 13.39596
v 25.17442 90.49487 13.39194
v 24.76513 90.68785 13.80123
v 24.76915 90.70347 13.79721
v 26.07484 90.47925 14.07547
v 25.5017 90.68785 14.07547
v 25.50738 90.70347 14.07547
v 26.08052 90.49487 14.07547
v 26.07484 90.47925 13.25638
v 26.08052 90.49487 13.25638
v 25.5017 90.68785 13.25638
v 25.50738 90.70347 13.25638
v 26.23389 90.47925 14.37639
v 25.82862 90.68785 13.97112
v 25.83264 90.70347 13.97514
v 26.23791 90.49487 14.38041
v 26.81307 90.47925 13.79721
v 26.81709 90.49487 13.80123
v 26.4078 90.68785 13.39194
v 26.41182 90.70347 13.39596
v 26.13356 90.47925 14.70165
v 26.13356 90.68785 14.12851
v 26.13356 90.70347 14.13419
v 26.13356 90.49487 14.70733
v 26.95265 90.47925 14.70165
v 26.95265 90.49487 14.70733
v 26.95265 90.68785 14.12851
v 26.95265 90.70347 14.13419
v 25.83264 90.47925 14.8607
v 26.23791 90.68785 14.45543
v 26.23389 90.70347 14.45945
v 25.82862 90.49487 14.86472
v 26.41182 90.47925 15.43988
v 26.4078 90.49487 15.4439
v 26.81709 90.68785 15.03461
v 26.81307 90.70347 15.03863
v 24.40062 89.30276 14.99113
v 24.28614 89.30276 14.41558
v 24.28614 90.80676 14.41558
v 24.40062 90.80676 14.99113
v 24.72665 89.30276 15.47906
v 24.72665 90.80676 15.47906
v 25.21458 89.30276 15.80509
v 25.21458 90.80676 15.80509
v 25.79014 89.30276 15.91958
v 25.79014 90.80676 15.91958
v 26.36569 89.30276 15.80509
v 26.36569 90.80676 15.80509
v 26.85363 89.30276 15.47906
v 26.85363 90.80676 15.47906
v 27.17965 89.30276 14.99113
v 27.17965 90.80676 14.99113
v 27.29414 89.30276 14.41558
v 27.29414 90.80676 14.41558
v 27.17965 89.30276 13.84002
v 27.17965 90.80676 13.84002
v 26.85363 89.30276 13.35209
v 26.85363 90.80676 13.35209
v 26.36569 89.30276 13.02606
v 26.36569 90.80676 13.02606
v 25.79014 89.30276 12.91158
v 25.79014 90.80676 12.91158
v 25.21458 89.30276 13.02606
v 25.21458 90.80676 13.02606
v 24.72665 89.30276 13.35209
v 24.72665 90.80676 13.35209
v 24.40062 89.30276 13.84002
v 24.40062 90.80676 13.84002
v 21.85961 90.47925 18.56435
v 22.43274 90.68785 18.56435
v 22.42706 90.70347 18.56435
v 21.85392 90.49487 18.56435
v 21.85961 90.47925 19.38344
v 21.85392 90.49487 19.38344
v 22.43274 90.68785 19.38344
v 22.42706 90.70347 19.38344
v 21.70056 90.47925 18.26343
v 22.10583 90.68785 18.6687
v 22.10181 90.70347 18.66468
v 21.69654 90.49487 18.25941
v 21.12137 90.47925 18.84261
v 21.11735 90.49487 18.83859
v 21.52664 90.68785 19.24788
v 21.52262 90.70347 19.24386
v 21.80088 90.47925 17.93817
v 21.80088 90.68785 18.51131
v 21.80088 90.70347 18.50563
v 21.80088 90.49487 17.93249
v 20.98179 90.47925 17.93817
v 20.98179 90.49487 17.93249
v 20.98179 90.68785 18.51131
v 20.98179 90.70347 18.50563
v 22.10181 90.47925 17.77912
v 21.69654 90.68785 18.18439
v 21.70056 90.70347 18.18037
v 22.10583 90.49487 17.7751
v 21.52262 90.47925 17.19994
v 21.52664 90.49487 17.19592
v 21.11735 90.68785 17.60521
v 21.12137 90.70347 17.60119
v 22.42706 90.47925 17.87944
v 21.85392 90.68785 17.87944
v 21.85961 90.70347 17.87944
v 22.43274 90.49487 17.87944
v 22.42706 90.47925 17.06035
v 22.43274 90.49487 17.06035
v 21.85392 90.68785 17.06035
v 21.85961 90.70347 17.06035
v 22.58611 90.47925 18.18037
v 22.18084 90.68785 17.7751
v 22.18486 90.70347 17.77912
v 22.59013 90.49487 18.18439
v 23.1653 90.47925 17.60119
v 23.16932 90.49487 17.60521
v 22.76003 90.68785 17.19592
v 22.76405 90.70347 17.19994
v 22.48579 90.47925 18.50563
v 22.48579 90.68785 17.93249
v 22.48579 90.70347 17.93817
v 22.48579 90.49487 18.51131
v 23.30488 90.47925 18.50563
v 23.30488 90.49487 18.51131
v 23.30488 90.68785 17.93249
v 23.30488 90.70347 17.93817
v 22.18486 90.47925 18.66468
v 22.59013 90.68785 18.25941
v 22.58611 90.70347 18.26343
v 22.18084 90.49487 18.6687
v 22.76405 90.47925 19.24386
v 22.76003 90.49487 19.24788
v 23.16932 90.68785 18.83859
v 23.1653 90.70347 18.84261
v 20.75285 89.30276 18.79511
v 20.63836 89.30276 18.21955
v 20.63836 90.80676 18.21955
v 20.75285 90.80676 18.79511
v 21.07887 89.30276 19.28304
v 21.07887 90.80676 19.28304
v 21.56681 89.30276 19.60907
v 21.56681 90.80676 19.60907
v 22.14236 89.30276 19.72355
v 22.14236 90.80676 19.72355
v 22.71792 89.30276 19.60907
v 22.71792 90.80676 19.60907
v 23.20585 89.30276 19.28304
v 23.20585 90.80676 19.28304
v 23.53188 89.30276 18.79511
v 23.53188 90.80676 18.79511
v 23.64636 89.30276 18.21955
v 23.64636 90.80676 18.21955
v 23.53188 89.30276 17.644
v 23.53188 90.80676 17.644
v 23.20585 89.30276 17.15607
v 23.20585 90.80676 17.15607
v 22.71792 89.30276 16.83004
v 22.71792 90.80676 16.83004
v 22.14236 89.30276 16.71556
v 22.14236 90.80676 16.71556
v 21.56681 89.30276 16.83004
v 21.56681 90.80676 16.83004
v 21.07887 89.30276 17.15607
v 21.07887 90.80676 17.15607
v 20.75285 89.30276 17.644
v 20.75285 90.80676 17.644
v 25.50738 90.47925 18.56435
v 26.08052 90.68785 18.56435
v 26.07484 90.70347 18.56435
v 25.5017 90.49487 18.56435
v 25.50738 90.47925 19.38344
v 25.5017 90.49487 19.38344
v 26.08052 90.68785 19.38344
v 26.07484 90.70347 19.38344
v 25.34833 90.47925 18.26343
v 25.7536 90.68785 18.6687
v 25.74958 90.70347 18.66468
v 25.34431 90.49487 18.25941
v 24.76915 90.47925 18.84261
v 24.76513 90.49487 18.83859
v 25.17442 90.68785 19.24788
v 25.1704 90.70347 19.24386
v 25.44865 90.47925 17.93817
v 25.44865 90.68785 18.51131
v 25.44865 90.70347 18.50563
v 25.44865 90.49487 17.93249
v 24.62956 90.47925 17.93817
v 24.62956 90.49487 17.93249
v 24.62956 90.68785 18.51131
v 24.62956 90.70347 18.50563
v 25.74958 90.47925 17.77912
v 25.34431 90.68785 18.18439
v 25.34833 90.70347 18.18037
v 25.7536 90.49487 17.7751
v 25.1704 90.47925 17.19994
v 25.17442 90.49487 17.19592
v 24.76513 90.68785 17.60521
v 24.76915 90.70347 17.60119
v 26.07484 90.47925 17.87944
v 25.5017 90.68785 17.87944
v 25.50738 90.70347 17.87944
v 26.08052 90.49487 17.87944
v 26.07484 90.47925 17.06035
v 26.08052 90.49487 17.06035
v 25.5017 90.68785 17.06035
v 25.50738 90.70347 17.06035
v 26.23389 90.47925 18.18037
v 25.82862 90.68785 17.7751
v 25.83264 90.70347 17.77912
v 26.23791 90.49487 18.18439
v 26.81307 90.47925 17.60119
v 26.81709 90.49487 17.60521
v 26.4078 90.68785 17.19592
v 26.41182 90.70347 17.19994
v 26.13356 90.47925 18.50563
v 26.13356 90.68785 17.93249
v 26.13356 90.70347 17.93817
v 26.13356 90.49487 18.51131
v 26.95265 90.47925 18.50563
v 26.95265 90.49487 18.51131
v 26.95265 90.68785 17.93249
v 26.95265 90.70347 17.93817
v 25.83264 90.47925 18.66468
v 26.23791 90.68785 18.25941
v 26.23389 90.70347 18.26343
v 25.82862 90.49487 18.6687
v 26.41182 90.47925 19.24386
v 26.4078 90.49487 19.24788
v 26.81709 90.68785 18.83859
v 26.81307 90.70347 18.84261
v 24.40062 89.30276 18.79511
v 24.28614 89.30276 18.21955
v 24.28614 90.80676 18.21955
v 24.40062 90.80676 18.79511
v 24.72665 89.30276 19.28304
v 24.72665 90.80676 19.28304
v 25.21458 89.30276 19.60907
v 25.21458 90.80676 19.60907
v 25.79014 89.30276 19.72355
v 25.79014 90.80676 19.72355
v 26.36569 89.30276 19.60907
v 26.36569 90.80676 19.60907
v 26.85363 89.30276 19.28304
v 26.85363 90.80676 19.28304
v 27.17965 89.30276 18.79511
v 27.17965 90.80676 18.79511
v 27.29414 89.30276 18.21955
v 27.29414 90.80676 18.21955
v 27.17965 89.30276 17.644
v 27.17965 90.80676 17.644
v 26.85363 89.30276 17.15607
v 26.85363 90.80676 17.15607
v 26.36569 89.30276 16.83004
v 26.36569 90.80676 16.83004
v 25.79014 89.30276 16.71556
v 25.79014 90.80676 16.71556
v 25.21458 89.30276 16.83004
v 25.21458 90.80676 16.83004
v 24.72665 89.30276 17.15607
v 24.72665 90.80676 17.15607
v 24.40062 89.30276 17.644
v 24.40062 90.80676 17.644
v 24.83942 90.80676 19.17027
v 25.27561 90.80676 19.46173
v 25.79014 90.80676 19.56408
v 26.30466 90.80676 19.46173
v 26.74086 90.80676 19.17027
v 27.03231 90.80676 18.73408
v 27.13466 90.80676 18.21955
v 27.03231 90.80676 17.70503
v 26.74086 90.80676 17.26884
v 26.30466 90.80676 16.97738
v 25.79014 90.80676 16.87503
v 25.27561 90.80676 16.97738
v 24.83942 90.80676 17.26884
v 24.54796 90.80676 17.70503
v 24.44562 90.80676 18.21955
v 24.54796 90.80676 18.73408
v 21.85961 90.47925 14.76038
v 22.43274 90.68785 14.76038
v 22.42706 90.70347 14.76038
v 21.85392 90.49487 14.76038
v 21.85961 90.47925 15.57947
v 21.85392 90.49487 15.57947
v 22.43274 90.68785 15.57947
v 22.42706 90.70347 15.57947
v 21.70056 90.47925 14.45945
v 22.10583 90.68785 14.86472
v 22.10181 90.70347 14.8607
v 21.69654 90.49487 14.45543
v 21.12137 90.47925 15.03863
v 21.11735 90.49487 15.03461
v 21.52664 90.68785 15.4439
v 21.52262 90.70347 15.43988
v 21.80088 90.47925 14.13419
v 21.80088 90.68785 14.70733
v 21.80088 90.70347 14.70165
v 21.80088 90.49487 14.12851
v 20.98179 90.47925 14.13419
v 20.98179 90.49487 14.12851
v 20.98179 90.68785 14.70733
v 20.98179 90.70347 14.70165
v 22.10181 90.47925 13.97514
v 21.69654 90.68785 14.38041
v 21.70056 90.70347 14.37639
v 22.10583 90.49487 13.97112
v 21.52262 90.47925 13.39596
v 21.52664 90.49487 13.39194
v 21.11735 90.68785 13.80123
v 21.12137 90.70347 13.79721
v 22.42706 90.47925 14.07547
v 21.85392 90.68785 14.07547
v 21.85961 90.70347 14.07547
v 22.43274 90.49487 14.07547
v 22.42706 90.47925 13.25638
v 22.43274 90.49487 13.25638
v 21.85392 90.68785 13.25638
v 21.85961 90.70347 13.25638
v 22.58611 90.47925 14.37639
v 22.18084 90.68785 13.97112
v 22.18486 90.70347 13.97514
v 22.59013 90.49487 14.38041
v 23.1653 90.47925 13.79721
v 23.16932 90.49487 13.80123
v 22.76003 90.68785 13.39194
v 22.76405 90.70347 13.39596
v 22.48579 90.47925 14.70165
v 22.48579 90.68785 14.12851
v 22.48579 90.70347 14.13419
v 22.48579 90.49487 14.70733
v 23.30488 90.47925 14.70165
v 23.30488 90.49487 14.70733
v 23.30488 90.68785 14.12851
v 23.30488 90.70347 14.13419
v 22.18486 90.47925 14.8607
v 22.59013 90.68785 14.45543
v 22.58611 90.70347 14.45945
v 22.18084 90.49487 14.86472
v 22.76405 90.47925 15.43988
v 22.76003 90.49487 15.4439
v 23.16932 90.68785 15.03461
v 23.1653 90.70347 15.03863
v 20.75285 89.30276 14.99113
v 20.63836 89.30276 14.41558
v 20.63836 90.80676 14.41558
v 20.75285 90.80676 14.99113
v 21.07887 89.30276 15.47906
v 21.07887 90.80676 15.47906
v 21.56681 89.30276 15.80509
v 21.56681 90.80676 15.80509
v 22.14236 89.30276 15.91958
v 22.14236 90.80676 15.91958
v 22.71792 89.30276 15.80509
v 22.71792 90.80676 15.80509
v 23.20585 89.30276 15.47906
v 23.20585 90.80676 15.47906
v 23.53188 89.30276 14.99113
v 23.53188 90.80676 14.99113
v 23.64636 89.30276 14.41558
v 23.64636 90.80676 14.41558
v 23.53188 89.30276 13.84002
v 23.53188 90.80676 13.84002
v 23.20585 89.30276 13.35209
v 23.20585 90.80676 13.35209
v 22.71792 89.30276 13.02606
v 22.71792 90.80676 13.02606
v 22.14236 89.30276 12.91158
v 22.14236 90.80676 12.91158
v 21.56681 89.30276 13.02606
v 21.56681 90.80676 13.02606
v 21.07887 89.30276 13.35209
v 21.07887 90.80676 13.35209
v 20.75285 89.30276 13.84002
v 20.75285 90.80676 13.84002
v 21.22901 86.95679 10.2884
v 21.37941 86.95679 10.2884
v 21.37941 87.55839 10.2884
v 21.22901 87.55839 10.2884
v 21.22901 86.95679 22.18816
v 21.22901 87.55839 22.18816
v 21.37941 86.95679 22.18816
v 21.37941 87.55839 22.18816
v 21.09816 87.55839 22.18816
v 21.09816 87.55839 10.2884
v 21.09816 87.67119 10.2884
v 21.09816 87.67119 22.18816
v 21.51026 87.55839 10.2884
v 21.51026 87.55839 22.18816
v 21.51026 87.67119 22.18816
v 21.51026 87.67119 10.2884
v 21.09816 86.95679 10.2884
v 21.09816 86.95679 22.18816
v 21.09816 86.84399 22.18816
v 21.09816 86.84399 10.2884
v 21.51026 86.95679 22.18816
v 21.51026 86.95679 10.2884
v 21.51026 86.84399 10.2884
v 21.51026 86.84399 22.18816
v 21.22901 87.67119 22.18816
v 21.37941 87.67119 22.18816
v 21.22901 87.67119 10.2884
v 21.37941 87.67119 10.2884
v 21.22901 86.84399 10.2884
v 21.37941 86.84399 10.2884
v 21.22901 86.84399 22.18816
v 21.37941 86.84399 22.18816
v 26.54117 86.95679 10.2884
v 26.69157 86.95679 10.2884
v 26.69157 87.55839 10.2884
v 26.54117 87.55839 10.2884
v 26.54117 86.95679 22.18816
v 26.54117 87.55839 22.18816
v 26.69157 86.95679 22.18816
v 26.69157 87.55839 22.18816
v 26.41032 87.55839 22.18816
v 26.41032 87.55839 10.2884
v 26.41032 87.67119 10.2884
v 26.41032 87.67119 22.18816
v 26.82242 87.55839 10.2884
v 26.82242 87.55839 22.18816
v 26.82242 87.67119 22.18816
v 26.82242 87.67119 10.2884
v 26.41032 86.95679 10.2884
v 26.41032 86.95679 22.18816
v 26.41032 86.84399 22.18816
v 26.41032 86.84399 10.2884
v 26.82242 86.95679 22.18816
v 26.82242 86.95679 10.2884
v 26.82242 86.84399 10.2884
v 26.82242 86.84399 22.18816
v 26.54117 87.67119 22.18816
v 26.69157 87.67119 22.18816
v 26.54117 87.67119 10.2884
v 26.69157 87.67119 10.2884
v 26.54117 86.84399 10.2884
v 26.69157 86.84399 10.2884
v 26.54117 86.84399 22.18816
v 26.69157 86.84399 22.18816
v 29.36687 86.12562 21.90691
v 29.36687 86.12562 22.05731
v 29.36687 86.72722 22.05731
v 29.36687 86.72722 21.90691
v 3.433811 86.12562 21.90691
v 3.433811 86.72722 21.90691
v 3.433811 86.12562 22.05731
v 3.433811 86.72722 22.05731
v 29.49772 86.72722 21.90691
v 29.49772 86.84002 22.05731
v 29.49772 86.84002 21.90691
v 29.49772 86.72722 22.05731
v 29.49772 86.72722 22.18816
v 29.49772 86.84002 22.18816
v 3.433811 86.72722 21.77606
v 29.36687 86.72722 21.77606
v 29.36687 86.84002 21.77606
v 3.433811 86.84002 21.77606
v 3.300903 86.72722 22.05731
v 3.300903 86.72722 21.90691
v 3.300903 86.84002 21.90691
v 3.300903 86.84002 22.05731
v 3.300903 86.84002 22.18816
v 3.300903 86.72722 22.18816
v 3.300903 86.12562 21.90691
v 3.300903 86.01282 22.05731
v 3.300903 86.01282 21.90691
v 3.300903 86.12562 22.05731
v 3.300903 86.12562 22.18816
v 3.300903 86.01282 22.18816
v 29.36687 86.12562 21.77606
v 3.433811 86.12562 21.77606
v 3.433811 86.01282 21.77606
v 29.36687 86.01282 21.77606
v 29.49772 86.12562 22.05731
v 29.49772 86.12562 21.90691
v 29.49772 86.01282 21.90691
v 29.49772 86.01282 22.05731
v 29.49772 86.01282 22.18816
v 29.49772 86.12562 22.18816
v 29.36687 86.72722 22.18816
v 3.433811 86.72722 22.18816
v 3.433811 86.84002 21.90691
v 29.36687 86.84002 21.90691
v 3.433811 86.84002 22.05731
v 3.433811 86.84002 22.18816
v 29.36687 86.84002 22.18816
v 29.36687 86.84002 22.05731
v 3.433811 86.12562 22.18816
v 29.36687 86.12562 22.18816
v 29.36687 86.01282 21.90691
v 3.433811 86.01282 21.90691
v 29.36687 86.01282 22.05731
v 29.36687 86.01282 22.18816
v 3.433811 86.01282 22.18816
v 3.433811 86.01282 22.05731
v 29.36361 86.72722 10.56965
v 29.36361 86.72722 10.41925
v 29.36361 86.12562 10.41925
v 29.36361 86.12562 10.56965
v 3.433811 86.72722 10.56965
v 3.433811 86.12562 10.56965
v 3.433811 86.72722 10.41925
v 3.433811 86.12562 10.41925
v 29.36361 86.01282 10.41925
v 29.36361 86.01282 10.56965
v 29.36361 86.01282 10.7005
v 29.36361 86.12562 10.7005
v 3.433811 86.12562 10.7005
v 3.433811 86.01282 10.7005
v 3.300903 86.12562 10.41925
v 3.300903 86.12562 10.56965
v 3.300903 86.01282 10.56965
v 3.300903 86.01282 10.41925
v 3.300903 86.01282 10.2884
v 3.300903 86.12562 10.2884
v 3.300903 86.72722 10.56965
v 3.300903 86.84002 10.41925
v 3.300903 86.84002 10.56965
v 3.300903 86.72722 10.41925
v 3.300903 86.72722 10.2884
v 3.300903 86.84002 10.2884
v 29.36361 86.72722 10.7005
v 3.433811 86.72722 10.7005
v 3.433811 86.84002 10.7005
v 29.36361 86.84002 10.7005
v 29.36361 86.84002 10.56965
v 29.36361 86.84002 10.41925
v 3.433811 86.12562 10.2884
v 29.36361 86.12562 10.2884
v 29.49713 86.12562 10.2884
v 29.49713 86.12562 10.41925
v 3.433811 86.01282 10.56965
v 3.433811 86.01282 10.41925
v 3.433811 86.01282 10.2884
v 29.36361 86.01282 10.2884
v 29.49713 86.01282 10.41925
v 29.49713 86.01282 10.2884
v 3.433811 86.72722 10.2884
v 29.36361 86.72722 10.2884
v 29.49713 86.72722 10.41925
v 29.49713 86.72722 10.2884
v 3.433811 86.84002 10.56965
v 3.433811 86.84002 10.41925
v 3.433811 86.84002 10.2884
v 29.36361 86.84002 10.2884
v 29.49713 86.84002 10.2884
v 29.49713 86.84002 10.41925
v 3.58202 86.12562 21.90915
v 3.43162 86.12562 21.90915
v 3.43162 86.72722 21.90915
v 3.58202 86.72722 21.90915
v 3.58202 86.12562 10.42029
v 3.58202 86.72722 10.42029
v 3.43162 86.12562 10.42029
v 3.43162 86.72722 10.42029
v 3.712868 86.72722 10.42029
v 3.712868 86.72722 21.90915
v 3.712868 86.84002 21.90915
v 3.712868 86.84002 10.42029
v 3.300772 86.72722 21.90915
v 3.300772 86.72722 10.42029
v 3.300772 86.84002 10.42029
v 3.300772 86.84002 21.90915
v 3.712868 86.12562 21.90915
v 3.712868 86.12562 10.42029
v 3.712868 86.01282 10.42029
v 3.712868 86.01282 21.90915
v 3.300772 86.12562 10.42029
v 3.300772 86.12562 21.90915
v 3.300772 86.01282 21.90915
v 3.300772 86.01282 10.42029
v 3.58202 86.84002 10.42029
v 3.43162 86.84002 10.42029
v 3.58202 86.84002 21.90915
v 3.43162 86.84002 21.90915
v 3.58202 86.01282 21.90915
v 3.43162 86.01282 21.90915
v 3.58202 86.01282 10.42029
v 3.43162 86.01282 10.42029
v 29.36642 86.12562 21.90915
v 29.21602 86.12562 21.90915
v 29.21602 86.72722 21.90915
v 29.36642 86.72722 21.90915
v 29.36642 86.12562 10.41925
v 29.36642 86.72722 10.41925
v 29.21602 86.12562 10.41925
v 29.21602 86.72722 10.41925
v 29.49726 86.72722 21.90915
v 29.49726 86.84002 21.90915
v 29.08517 86.72722 21.90915
v 29.08517 86.72722 10.41925
v 29.08517 86.84002 10.41925
v 29.08517 86.84002 21.90915
v 29.49726 86.12562 21.90915
v 29.49726 86.01282 21.90915
v 29.08517 86.12562 10.41925
v 29.08517 86.12562 21.90915
v 29.08517 86.01282 21.90915
v 29.08517 86.01282 10.41925
v 29.36642 86.84002 10.41925
v 29.21602 86.84002 10.41925
v 29.36642 86.84002 21.90915
v 29.21602 86.84002 21.90915
v 29.36642 86.01282 21.90915
v 29.21602 86.01282 21.90915
v 29.36642 86.01282 10.41925
v 29.21602 86.01282 10.41925
v 25.79046 89.11816 14.41636
v 22.14269 89.11816 14.41636
v 25.79046 89.11816 18.22034
v 22.14269 89.11816 18.22034
v 18.18217 89.11816 14.41636
v 14.53439 89.11816 14.41636
v 18.18217 89.11816 18.22034
v 14.53439 89.11816 18.22034
v 10.58532 89.11816 14.41636
v 6.937545 89.11816 14.41636
v 10.58532 89.11816 18.22034
v 6.937545 89.11816 18.22034
v 10.18204 89.83477 14.58249
v 10.585 89.83477 14.41558
v 10.14884 89.83477 14.41558
v 10.18204 90.80402 14.58249
v 10.14884 90.80402 14.41558
v 10.585 90.80402 14.41558
v 10.27658 89.83477 14.72399
v 10.27658 90.80402 14.72399
v 10.41808 89.83477 14.81854
v 10.41808 90.80402 14.81854
v 10.585 89.83477 14.85174
v 10.585 90.80402 14.85174
v 10.75191 89.83477 14.81854
v 10.75191 90.80402 14.81854
v 10.89341 89.83477 14.72399
v 10.89341 90.80402 14.72399
v 10.98796 89.83477 14.58249
v 10.98796 90.80402 14.58249
v 11.02116 89.83477 14.41558
v 11.02116 90.80402 14.41558
v 10.98796 89.83477 14.24867
v 10.98796 90.80402 14.24867
v 10.89341 89.83477 14.10717
v 10.89341 90.80402 14.10717
v 10.75191 89.83477 14.01262
v 10.75191 90.80402 14.01262
v 10.585 89.83477 13.97942
v 10.585 90.80402 13.97942
v 10.41808 89.83477 14.01262
v 10.41808 90.80402 14.01262
v 10.27658 89.83477 14.10717
v 10.27658 90.80402 14.10717
v 10.18204 89.83477 14.24867
v 10.18204 90.80402 14.24867
v 6.534262 89.83477 18.38647
v 6.937222 89.83477 18.21955
v 6.50106 89.83477 18.21955
v 6.534262 90.80402 18.38647
v 6.50106 90.80402 18.21955
v 6.937222 90.80402 18.21955
v 6.628809 89.83477 18.52797
v 6.628809 90.80402 18.52797
v 6.770309 89.83477 18.62251
v 6.770309 90.80402 18.62251
v 6.937222 89.83477 18.65572
v 6.937222 90.80402 18.65572
v 7.104133 89.83477 18.62251
v 7.104133 90.80402 18.62251
v 7.245632 89.83477 18.52797
v 7.245632 90.80402 18.52797
v 7.340181 89.83477 18.38647
v 7.340181 90.80402 18.38647
v 7.373381 89.83477 18.21955
v 7.373381 90.80402 18.21955
v 7.340181 89.83477 18.05264
v 7.340181 90.80402 18.05264
v 7.245632 89.83477 17.91114
v 7.245632 90.80402 17.91114
v 7.104133 89.83477 17.8166
v 7.104133 90.80402 17.8166
v 6.937222 89.83477 17.78339
v 6.937222 90.80402 17.78339
v 6.770309 89.83477 17.8166
v 6.770309 90.80402 17.8166
v 6.628809 89.83477 17.91114
v 6.628809 90.80402 17.91114
v 6.534262 89.83477 18.05264
v 6.534262 90.80402 18.05264
v 10.18204 89.83477 18.38647
v 10.585 89.83477 18.21955
v 10.14884 89.83477 18.21955
v 10.18204 90.80402 18.38647
v 10.14884 90.80402 18.21955
v 10.585 90.80402 18.21955
v 10.27658 89.83477 18.52797
v 10.27658 90.80402 18.52797
v 10.41808 89.83477 18.62251
v 10.41808 90.80402 18.62251
v 10.585 89.83477 18.65572
v 10.585 90.80402 18.65572
v 10.75191 89.83477 18.62251
v 10.75191 90.80402 18.62251
v 10.89341 89.83477 18.52797
v 10.89341 90.80402 18.52797
v 10.98796 89.83477 18.38647
v 10.98796 90.80402 18.38647
v 11.02116 89.83477 18.21955
v 11.02116 90.80402 18.21955
v 10.98796 89.83477 18.05264
v 10.98796 90.80402 18.05264
v 10.89341 89.83477 17.91114
v 10.89341 90.80402 17.91114
v 10.75191 89.83477 17.8166
v 10.75191 90.80402 17.8166
v 10.585 89.83477 17.78339
v 10.585 90.80402 17.78339
v 10.41808 89.83477 17.8166
v 10.41808 90.80402 17.8166
v 10.27658 89.83477 17.91114
v 10.27658 90.80402 17.91114
v 10.18204 89.83477 18.05264
v 10.18204 90.80402 18.05264
v 6.534262 89.83477 14.58249
v 6.937222 89.83477 14.41558
v 6.50106 89.83477 14.41558
v 6.534262 90.80402 14.58249
v 6.50106 90.80402 14.41558
v 6.937222 90.80402 14.41558
v 6.628809 89.83477 14.72399
v 6.628809 90.80402 14.72399
v 6.770309 89.83477 14.81854
v 6.770309 90.80402 14.81854
v 6.937222 89.83477 14.85174
v 6.937222 90.80402 14.85174
v 7.104133 89.83477 14.81854
v 7.104133 90.80402 14.81854
v 7.245632 89.83477 14.72399
v 7.245632 90.80402 14.72399
v 7.340181 89.83477 14.58249
v 7.340181 90.80402 14.58249
v 7.373381 89.83477 14.41558
v 7.373381 90.80402 14.41558
v 7.340181 89.83477 14.24867
v 7.340181 90.80402 14.24867
v 7.245632 89.83477 14.10717
v 7.245632 90.80402 14.10717
v 7.104133 89.83477 14.01262
v 7.104133 90.80402 14.01262
v 6.937222 89.83477 13.97942
v 6.937222 90.80402 13.97942
v 6.770309 89.83477 14.01262
v 6.770309 90.80402 14.01262
v 6.628809 89.83477 14.10717
v 6.628809 90.80402 14.10717
v 6.534262 89.83477 14.24867
v 6.534262 90.80402 14.24867
v 17.77888 89.83477 14.58249
v 18.18184 89.83477 14.41558
v 17.74568 89.83477 14.41558
v 17.77888 90.80402 14.58249
v 17.74568 90.80402 14.41558
v 18.18184 90.80402 14.41558
v 17.87343 89.83477 14.72399
v 17.87343 90.80402 14.72399
v 18.01493 89.83477 14.81854
v 18.01493 90.80402 14.81854
v 18.18184 89.83477 14.85174
v 18.18184 90.80402 14.85174
v 18.34875 89.83477 14.81854
v 18.34875 90.80402 14.81854
v 18.49026 89.83477 14.72399
v 18.49026 90.80402 14.72399
v 18.5848 89.83477 14.58249
v 18.5848 90.80402 14.58249
v 18.618 89.83477 14.41558
v 18.618 90.80402 14.41558
v 18.5848 89.83477 14.24867
v 18.5848 90.80402 14.24867
v 18.49026 89.83477 14.10717
v 18.49026 90.80402 14.10717
v 18.34875 89.83477 14.01262
v 18.34875 90.80402 14.01262
v 18.18184 89.83477 13.97942
v 18.18184 90.80402 13.97942
v 18.01493 89.83477 14.01262
v 18.01493 90.80402 14.01262
v 17.87343 89.83477 14.10717
v 17.87343 90.80402 14.10717
v 17.77888 89.83477 14.24867
v 17.77888 90.80402 14.24867
v 14.13111 89.83477 18.38647
v 14.53407 89.83477 18.21955
v 14.09791 89.83477 18.21955
v 14.13111 90.80402 18.38647
v 14.09791 90.80402 18.21955
v 14.53407 90.80402 18.21955
v 14.22566 89.83477 18.52797
v 14.22566 90.80402 18.52797
v 14.36716 89.83477 18.62251
v 14.36716 90.80402 18.62251
v 14.53407 89.83477 18.65572
v 14.53407 90.80402 18.65572
v 14.70098 89.83477 18.62251
v 14.70098 90.80402 18.62251
v 14.84248 89.83477 18.52797
v 14.84248 90.80402 18.52797
v 14.93703 89.83477 18.38647
v 14.93703 90.80402 18.38647
v 14.97023 89.83477 18.21955
v 14.97023 90.80402 18.21955
v 14.93703 89.83477 18.05264
v 14.93703 90.80402 18.05264
v 14.84248 89.83477 17.91114
v 14.84248 90.80402 17.91114
v 14.70098 89.83477 17.8166
v 14.70098 90.80402 17.8166
v 14.53407 89.83477 17.78339
v 14.53407 90.80402 17.78339
v 14.36716 89.83477 17.8166
v 14.36716 90.80402 17.8166
v 14.22566 89.83477 17.91114
v 14.22566 90.80402 17.91114
v 14.13111 89.83477 18.05264
v 14.13111 90.80402 18.05264
v 17.77888 89.83477 18.38647
v 18.18184 89.83477 18.21955
v 17.74568 89.83477 18.21955
v 17.77888 90.80402 18.38647
v 17.74568 90.80402 18.21955
v 18.18184 90.80402 18.21955
v 17.87343 89.83477 18.52797
v 17.87343 90.80402 18.52797
v 18.01493 89.83477 18.62251
v 18.01493 90.80402 18.62251
v 18.18184 89.83477 18.65572
v 18.18184 90.80402 18.65572
v 18.34875 89.83477 18.62251
v 18.34875 90.80402 18.62251
v 18.49026 89.83477 18.52797
v 18.49026 90.80402 18.52797
v 18.5848 89.83477 18.38647
v 18.5848 90.80402 18.38647
v 18.618 89.83477 18.21955
v 18.618 90.80402 18.21955
v 18.5848 89.83477 18.05264
v 18.5848 90.80402 18.05264
v 18.49026 89.83477 17.91114
v 18.49026 90.80402 17.91114
v 18.34875 89.83477 17.8166
v 18.34875 90.80402 17.8166
v 18.18184 89.83477 17.78339
v 18.18184 90.80402 17.78339
v 18.01493 89.83477 17.8166
v 18.01493 90.80402 17.8166
v 17.87343 89.83477 17.91114
v 17.87343 90.80402 17.91114
v 17.77888 89.83477 18.05264
v 17.77888 90.80402 18.05264
v 14.13111 89.83477 14.58249
v 14.53407 89.83477 14.41558
v 14.09791 89.83477 14.41558
v 14.13111 90.80402 14.58249
v 14.09791 90.80402 14.41558
v 14.53407 90.80402 14.41558
v 14.22566 89.83477 14.72399
v 14.22566 90.80402 14.72399
v 14.36716 89.83477 14.81854
v 14.36716 90.80402 14.81854
v 14.53407 89.83477 14.85174
v 14.53407 90.80402 14.85174
v 14.70098 89.83477 14.81854
v 14.70098 90.80402 14.81854
v 14.84248 89.83477 14.72399
v 14.84248 90.80402 14.72399
v 14.93703 89.83477 14.58249
v 14.93703 90.80402 14.58249
v 14.97023 89.83477 14.41558
v 14.97023 90.80402 14.41558
v 14.93703 89.83477 14.24867
v 14.93703 90.80402 14.24867
v 14.84248 89.83477 14.10717
v 14.84248 90.80402 14.10717
v 14.70098 89.83477 14.01262
v 14.70098 90.80402 14.01262
v 14.53407 89.83477 13.97942
v 14.53407 90.80402 13.97942
v 14.36716 89.83477 14.01262
v 14.36716 90.80402 14.01262
v 14.22566 89.83477 14.10717
v 14.22566 90.80402 14.10717
v 14.13111 89.83477 14.24867
v 14.13111 90.80402 14.24867
v 25.38718 89.83477 14.58249
v 25.79014 89.83477 14.41558
v 25.35398 89.83477 14.41558
v 25.38718 90.80402 14.58249
v 25.35398 90.80402 14.41558
v 25.79014 90.80402 14.41558
v 25.48173 89.83477 14.72399
v 25.48173 90.80402 14.72399
v 25.62323 89.83477 14.81854
v 25.62323 90.80402 14.81854
v 25.79014 89.83477 14.85174
v 25.79014 90.80402 14.85174
v 25.95705 89.83477 14.81854
v 25.95705 90.80402 14.81854
v 26.09855 89.83477 14.72399
v 26.09855 90.80402 14.72399
v 26.1931 89.83477 14.58249
v 26.1931 90.80402 14.58249
v 26.2263 89.83477 14.41558
v 26.2263 90.80402 14.41558
v 26.1931 89.83477 14.24867
v 26.1931 90.80402 14.24867
v 26.09855 89.83477 14.10717
v 26.09855 90.80402 14.10717
v 25.95705 89.83477 14.01262
v 25.95705 90.80402 14.01262
v 25.79014 89.83477 13.97942
v 25.79014 90.80402 13.97942
v 25.62323 89.83477 14.01262
v 25.62323 90.80402 14.01262
v 25.48173 89.83477 14.10717
v 25.48173 90.80402 14.10717
v 25.38718 89.83477 14.24867
v 25.38718 90.80402 14.24867
v 21.7394 89.83477 18.38647
v 22.14236 89.83477 18.21955
v 21.7062 89.83477 18.21955
v 21.7394 90.80402 18.38647
v 21.7062 90.80402 18.21955
v 22.14236 90.80402 18.21955
v 21.83395 89.83477 18.52797
v 21.83395 90.80402 18.52797
v 21.97545 89.83477 18.62251
v 21.97545 90.80402 18.62251
v 22.14236 89.83477 18.65572
v 22.14236 90.80402 18.65572
v 22.30927 89.83477 18.62251
v 22.30927 90.80402 18.62251
v 22.45078 89.83477 18.52797
v 22.45078 90.80402 18.52797
v 22.54532 89.83477 18.38647
v 22.54532 90.80402 18.38647
v 22.57852 89.83477 18.21955
v 22.57852 90.80402 18.21955
v 22.54532 89.83477 18.05264
v 22.54532 90.80402 18.05264
v 22.45078 89.83477 17.91114
v 22.45078 90.80402 17.91114
v 22.30927 89.83477 17.8166
v 22.30927 90.80402 17.8166
v 22.14236 89.83477 17.78339
v 22.14236 90.80402 17.78339
v 21.97545 89.83477 17.8166
v 21.97545 90.80402 17.8166
v 21.83395 89.83477 17.91114
v 21.83395 90.80402 17.91114
v 21.7394 89.83477 18.05264
v 21.7394 90.80402 18.05264
v 25.38718 89.83477 18.38647
v 25.79014 89.83477 18.21955
v 25.35398 89.83477 18.21955
v 25.38718 90.80402 18.38647
v 25.35398 90.80402 18.21955
v 25.79014 90.80402 18.21955
v 25.48173 89.83477 18.52797
v 25.48173 90.80402 18.52797
v 25.62323 89.83477 18.62251
v 25.62323 90.80402 18.62251
v 25.79014 89.83477 18.65572
v 25.79014 90.80402 18.65572
v 25.95705 89.83477 18.62251
v 25.95705 90.80402 18.62251
v 26.09855 89.83477 18.52797
v 26.09855 90.80402 18.52797
v 26.1931 89.83477 18.38647
v 26.1931 90.80402 18.38647
v 26.2263 89.83477 18.21955
v 26.2263 90.80402 18.21955
v 26.1931 89.83477 18.05264
v 26.1931 90.80402 18.05264
v 26.09855 89.83477 17.91114
v 26.09855 90.80402 17.91114
v 25.95705 89.83477 17.8166
v 25.95705 90.80402 17.8166
v 25.79014 89.83477 17.78339
v 25.79014 90.80402 17.78339
v 25.62323 89.83477 17.8166
v 25.62323 90.80402 17.8166
v 25.48173 89.83477 17.91114
v 25.48173 90.80402 17.91114
v 25.38718 89.83477 18.05264
v 25.38718 90.80402 18.05264
v 21.7394 89.83477 14.58249
v 22.14236 89.83477 14.41558
v 21.7062 89.83477 14.41558
v 21.7394 90.80402 14.58249
v 21.7062 90.80402 14.41558
v 22.14236 90.80402 14.41558
v 21.83395 89.83477 14.72399
v 21.83395 90.80402 14.72399
v 21.97545 89.83477 14.81854
v 21.97545 90.80402 14.81854
v 22.14236 89.83477 14.85174
v 22.14236 90.80402 14.85174
v 22.30927 89.83477 14.81854
v 22.30927 90.80402 14.81854
v 22.45078 89.83477 14.72399
v 22.45078 90.80402 14.72399
v 22.54532 89.83477 14.58249
v 22.54532 90.80402 14.58249
v 22.57852 89.83477 14.41558
v 22.57852 90.80402 14.41558
v 22.54532 89.83477 14.24867
v 22.54532 90.80402 14.24867
v 22.45078 89.83477 14.10717
v 22.45078 90.80402 14.10717
v 22.30927 89.83477 14.01262
v 22.30927 90.80402 14.01262
v 22.14236 89.83477 13.97942
v 22.14236 90.80402 13.97942
v 21.97545 89.83477 14.01262
v 21.97545 90.80402 14.01262
v 21.83395 89.83477 14.10717
v 21.83395 90.80402 14.10717
v 21.7394 89.83477 14.24867
v 21.7394 90.80402 14.24867
v 10.1338 89.84981 14.41558
v 10.16814 89.84981 14.58824
v 10.26595 89.84981 14.73462
v 10.41233 89.84981 14.83243
v 10.585 89.84981 14.86678
v 10.75766 89.84981 14.83243
v 10.90404 89.84981 14.73462
v 11.00185 89.84981 14.58824
v 11.0362 89.84981 14.41558
v 11.00185 89.84981 14.24291
v 10.90404 89.84981 14.09653
v 10.75766 89.84981 13.99872
v 10.585 89.84981 13.96438
v 10.41233 89.84981 13.99872
v 10.26595 89.84981 14.09653
v 10.16814 89.84981 14.24291
v 10.1338 90.78897 14.41558
v 10.16814 90.78897 14.58824
v 10.26595 90.78897 14.73462
v 10.41233 90.78897 14.83243
v 10.585 90.78897 14.86678
v 10.75766 90.78897 14.83243
v 10.90404 90.78897 14.73462
v 11.00185 90.78897 14.58824
v 11.0362 90.78897 14.41558
v 11.00185 90.78897 14.24291
v 10.90404 90.78897 14.09653
v 10.75766 90.78897 13.99872
v 10.585 90.78897 13.96438
v 10.41233 90.78897 13.99872
v 10.26595 90.78897 14.09653
v 10.16814 90.78897 14.24291
v 6.486021 89.84981 18.21955
v 6.520366 89.84981 18.39222
v 6.618175 89.84981 18.5386
v 6.764554 89.84981 18.63641
v 6.937222 89.84981 18.67076
v 7.109888 89.84981 18.63641
v 7.256268 89.84981 18.5386
v 7.354076 89.84981 18.39222
v 7.388422 89.84981 18.21955
v 7.354076 89.84981 18.04689
v 7.256268 89.84981 17.90051
v 7.109888 89.84981 17.8027
v 6.937222 89.84981 17.76835
v 6.764554 89.84981 17.8027
v 6.618175 89.84981 17.90051
v 6.520366 89.84981 18.04689
v 6.486021 90.78897 18.21955
v 6.520366 90.78897 18.39222
v 6.618175 90.78897 18.5386
v 6.764554 90.78897 18.63641
v 6.937222 90.78897 18.67076
v 7.109888 90.78897 18.63641
v 7.256268 90.78897 18.5386
v 7.354076 90.78897 18.39222
v 7.388422 90.78897 18.21955
v 7.354076 90.78897 18.04689
v 7.256268 90.78897 17.90051
v 7.109888 90.78897 17.8027
v 6.937222 90.78897 17.76835
v 6.764554 90.78897 17.8027
v 6.618175 90.78897 17.90051
v 6.520366 90.78897 18.04689
v 10.1338 89.84981 18.21955
v 10.16814 89.84981 18.39222
v 10.26595 89.84981 18.5386
v 10.41233 89.84981 18.63641
v 10.585 89.84981 18.67076
v 10.75766 89.84981 18.63641
v 10.90404 89.84981 18.5386
v 11.00185 89.84981 18.39222
v 11.0362 89.84981 18.21955
v 11.00185 89.84981 18.04689
v 10.90404 89.84981 17.90051
v 10.75766 89.84981 17.8027
v 10.585 89.84981 17.76835
v 10.41233 89.84981 17.8027
v 10.26595 89.84981 17.90051
v 10.16814 89.84981 18.04689
v 10.1338 90.78897 18.21955
v 10.16814 90.78897 18.39222
v 10.26595 90.78897 18.5386
v 10.41233 90.78897 18.63641
v 10.585 90.78897 18.67076
v 10.75766 90.78897 18.63641
v 10.90404 90.78897 18.5386
v 11.00185 90.78897 18.39222
v 11.0362 90.78897 18.21955
v 11.00185 90.78897 18.04689
v 10.90404 90.78897 17.90051
v 10.75766 90.78897 17.8027
v 10.585 90.78897 17.76835
v 10.41233 90.78897 17.8027
v 10.26595 90.78897 17.90051
v 10.16814 90.78897 18.04689
v 6.486021 89.84981 14.41558
v 6.520366 89.84981 14.58824
v 6.618175 89.84981 14.73462
v 6.764554 89.84981 14.83243
v 6.937222 89.84981 14.86678
v 7.109888 89.84981 14.83243
v 7.256268 89.84981 14.73462
v 7.354076 89.84981 14.58824
v 7.388422 89.84981 14.41558
v 7.354076 89.84981 14.24291
v 7.256268 89.84981 14.09653
v 7.109888 89.84981 13.99872
v 6.937222 89.84981 13.96438
v 6.764554 89.84981 13.99872
v 6.618175 89.84981 14.09653
v 6.520366 89.84981 14.24291
v 6.486021 90.78897 14.41558
v 6.520366 90.78897 14.58824
v 6.618175 90.78897 14.73462
v 6.764554 90.78897 14.83243
v 6.937222 90.78897 14.86678
v 7.109888 90.78897 14.83243
v 7.256268 90.78897 14.73462
v 7.354076 90.78897 14.58824
v 7.388422 90.78897 14.41558
v 7.354076 90.78897 14.24291
v 7.256268 90.78897 14.09653
v 7.109888 90.78897 13.99872
v 6.937222 90.78897 13.96438
v 6.764554 90.78897 13.99872
v 6.618175 90.78897 14.09653
v 6.520366 90.78897 14.24291
v 17.73064 89.84981 14.41558
v 17.76499 89.84981 14.58824
v 17.8628 89.84981 14.73462
v 18.00918 89.84981 14.83243
v 18.18184 89.84981 14.86678
v 18.35451 89.84981 14.83243
v 18.50089 89.84981 14.73462
v 18.5987 89.84981 14.58824
v 18.63304 89.84981 14.41558
v 18.5987 89.84981 14.24291
v 18.50089 89.84981 14.09653
v 18.35451 89.84981 13.99872
v 18.18184 89.84981 13.96438
v 18.00918 89.84981 13.99872
v 17.8628 89.84981 14.09653
v 17.76499 89.84981 14.24291
v 17.73064 90.78897 14.41558
v 17.76499 90.78897 14.58824
v 17.8628 90.78897 14.73462
v 18.00918 90.78897 14.83243
v 18.18184 90.78897 14.86678
v 18.35451 90.78897 14.83243
v 18.50089 90.78897 14.73462
v 18.5987 90.78897 14.58824
v 18.63304 90.78897 14.41558
v 18.5987 90.78897 14.24291
v 18.50089 90.78897 14.09653
v 18.35451 90.78897 13.99872
v 18.18184 90.78897 13.96438
v 18.00918 90.78897 13.99872
v 17.8628 90.78897 14.09653
v 17.76499 90.78897 14.24291
v 14.08287 89.84981 18.21955
v 14.11721 89.84981 18.39222
v 14.21502 89.84981 18.5386
v 14.3614 89.84981 18.63641
v 14.53407 89.84981 18.67076
v 14.70674 89.84981 18.63641
v 14.85312 89.84981 18.5386
v 14.95092 89.84981 18.39222
v 14.98527 89.84981 18.21955
v 14.95092 89.84981 18.04689
v 14.85312 89.84981 17.90051
v 14.70674 89.84981 17.8027
v 14.53407 89.84981 17.76835
v 14.3614 89.84981 17.8027
v 14.21502 89.84981 17.90051
v 14.11721 89.84981 18.04689
v 14.08287 90.78897 18.21955
v 14.11721 90.78897 18.39222
v 14.21502 90.78897 18.5386
v 14.3614 90.78897 18.63641
v 14.53407 90.78897 18.67076
v 14.70674 90.78897 18.63641
v 14.85312 90.78897 18.5386
v 14.95092 90.78897 18.39222
v 14.98527 90.78897 18.21955
v 14.95092 90.78897 18.04689
v 14.85312 90.78897 17.90051
v 14.70674 90.78897 17.8027
v 14.53407 90.78897 17.76835
v 14.3614 90.78897 17.8027
v 14.21502 90.78897 17.90051
v 14.11721 90.78897 18.04689
v 17.73064 89.84981 18.21955
v 17.76499 89.84981 18.39222
v 17.8628 89.84981 18.5386
v 18.00918 89.84981 18.63641
v 18.18184 89.84981 18.67076
v 18.35451 89.84981 18.63641
v 18.50089 89.84981 18.5386
v 18.5987 89.84981 18.39222
v 18.63304 89.84981 18.21955
v 18.5987 89.84981 18.04689
v 18.50089 89.84981 17.90051
v 18.35451 89.84981 17.8027
v 18.18184 89.84981 17.76835
v 18.00918 89.84981 17.8027
v 17.8628 89.84981 17.90051
v 17.76499 89.84981 18.04689
v 17.73064 90.78897 18.21955
v 17.76499 90.78897 18.39222
v 17.8628 90.78897 18.5386
v 18.00918 90.78897 18.63641
v 18.18184 90.78897 18.67076
v 18.35451 90.78897 18.63641
v 18.50089 90.78897 18.5386
v 18.5987 90.78897 18.39222
v 18.63304 90.78897 18.21955
v 18.5987 90.78897 18.04689
v 18.50089 90.78897 17.90051
v 18.35451 90.78897 17.8027
v 18.18184 90.78897 17.76835
v 18.00918 90.78897 17.8027
v 17.8628 90.78897 17.90051
v 17.76499 90.78897 18.04689
v 14.08287 89.84981 14.41558
v 14.11721 89.84981 14.58824
v 14.21502 89.84981 14.73462
v 14.3614 89.84981 14.83243
v 14.53407 89.84981 14.86678
v 14.70674 89.84981 14.83243
v 14.85312 89.84981 14.73462
v 14.95092 89.84981 14.58824
v 14.98527 89.84981 14.41558
v 14.95092 89.84981 14.24291
v 14.85312 89.84981 14.09653
v 14.70674 89.84981 13.99872
v 14.53407 89.84981 13.96438
v 14.3614 89.84981 13.99872
v 14.21502 89.84981 14.09653
v 14.11721 89.84981 14.24291
v 14.08287 90.78897 14.41558
v 14.11721 90.78897 14.58824
v 14.21502 90.78897 14.73462
v 14.3614 90.78897 14.83243
v 14.53407 90.78897 14.86678
v 14.70674 90.78897 14.83243
v 14.85312 90.78897 14.73462
v 14.95092 90.78897 14.58824
v 14.98527 90.78897 14.41558
v 14.95092 90.78897 14.24291
v 14.85312 90.78897 14.09653
v 14.70674 90.78897 13.99872
v 14.53407 90.78897 13.96438
v 14.3614 90.78897 13.99872
v 14.21502 90.78897 14.09653
v 14.11721 90.78897 14.24291
v 25.33894 89.84981 14.41558
v 25.37328 89.84981 14.58824
v 25.47109 89.84981 14.73462
v 25.61747 89.84981 14.83243
v 25.79014 89.84981 14.86678
v 25.9628 89.84981 14.83243
v 26.10918 89.84981 14.73462
v 26.20699 89.84981 14.58824
v 26.24134 89.84981 14.41558
v 26.20699 89.84981 14.24291
v 26.10918 89.84981 14.09653
v 25.9628 89.84981 13.99872
v 25.79014 89.84981 13.96438
v 25.61747 89.84981 13.99872
v 25.47109 89.84981 14.09653
v 25.37328 89.84981 14.24291
v 25.33894 90.78897 14.41558
v 25.37328 90.78897 14.58824
v 25.47109 90.78897 14.73462
v 25.61747 90.78897 14.83243
v 25.79014 90.78897 14.86678
v 25.9628 90.78897 14.83243
v 26.10918 90.78897 14.73462
v 26.20699 90.78897 14.58824
v 26.24134 90.78897 14.41558
v 26.20699 90.78897 14.24291
v 26.10918 90.78897 14.09653
v 25.9628 90.78897 13.99872
v 25.79014 90.78897 13.96438
v 25.61747 90.78897 13.99872
v 25.47109 90.78897 14.09653
v 25.37328 90.78897 14.24291
v 21.69116 89.84981 18.21955
v 21.72551 89.84981 18.39222
v 21.82332 89.84981 18.5386
v 21.9697 89.84981 18.63641
v 22.14236 89.84981 18.67076
v 22.31503 89.84981 18.63641
v 22.46141 89.84981 18.5386
v 22.55922 89.84981 18.39222
v 22.59356 89.84981 18.21955
v 22.55922 89.84981 18.04689
v 22.46141 89.84981 17.90051
v 22.31503 89.84981 17.8027
v 22.14236 89.84981 17.76835
v 21.9697 89.84981 17.8027
v 21.82332 89.84981 17.90051
v 21.72551 89.84981 18.04689
v 21.69116 90.78897 18.21955
v 21.72551 90.78897 18.39222
v 21.82332 90.78897 18.5386
v 21.9697 90.78897 18.63641
v 22.14236 90.78897 18.67076
v 22.31503 90.78897 18.63641
v 22.46141 90.78897 18.5386
v 22.55922 90.78897 18.39222
v 22.59356 90.78897 18.21955
v 22.55922 90.78897 18.04689
v 22.46141 90.78897 17.90051
v 22.31503 90.78897 17.8027
v 22.14236 90.78897 17.76835
v 21.9697 90.78897 17.8027
v 21.82332 90.78897 17.90051
v 21.72551 90.78897 18.04689
v 25.33894 89.84981 18.21955
v 25.37328 89.84981 18.39222
v 25.47109 89.84981 18.5386
v 25.61747 89.84981 18.63641
v 25.79014 89.84981 18.67076
v 25.9628 89.84981 18.63641
v 26.10918 89.84981 18.5386
v 26.20699 89.84981 18.39222
v 26.24134 89.84981 18.21955
v 26.20699 89.84981 18.04689
v 26.10918 89.84981 17.90051
v 25.9628 89.84981 17.8027
v 25.79014 89.84981 17.76835
v 25.61747 89.84981 17.8027
v 25.47109 89.84981 17.90051
v 25.37328 89.84981 18.04689
v 25.33894 90.78897 18.21955
v 25.37328 90.78897 18.39222
v 25.47109 90.78897 18.5386
v 25.61747 90.78897 18.63641
v 25.79014 90.78897 18.67076
v 25.9628 90.78897 18.63641
v 26.10918 90.78897 18.5386
v 26.20699 90.78897 18.39222
v 26.24134 90.78897 18.21955
v 26.20699 90.78897 18.04689
v 26.10918 90.78897 17.90051
v 25.9628 90.78897 17.8027
v 25.79014 90.78897 17.76835
v 25.61747 90.78897 17.8027
v 25.47109 90.78897 17.90051
v 25.37328 90.78897 18.04689
v 21.69116 89.84981 14.41558
v 21.72551 89.84981 14.58824
v 21.82332 89.84981 14.73462
v 21.9697 89.84981 14.83243
v 22.14236 89.84981 14.86678
v 22.31503 89.84981 14.83243
v 22.46141 89.84981 14.73462
v 22.55922 89.84981 14.58824
v 22.59356 89.84981 14.41558
v 22.55922 89.84981 14.24291
v 22.46141 89.84981 14.09653
v 22.31503 89.84981 13.99872
v 22.14236 89.84981 13.96438
v 21.9697 89.84981 13.99872
v 21.82332 89.84981 14.09653
v 21.72551 89.84981 14.24291
v 21.69116 90.78897 14.41558
v 21.72551 90.78897 14.58824
v 21.82332 90.78897 14.73462
v 21.9697 90.78897 14.83243
v 22.14236 90.78897 14.86678
v 22.31503 90.78897 14.83243
v 22.46141 90.78897 14.73462
v 22.55922 90.78897 14.58824
v 22.59356 90.78897 14.41558
v 22.55922 90.78897 14.24291
v 22.46141 90.78897 14.09653
v 22.31503 90.78897 13.99872
v 22.14236 90.78897 13.96438
v 21.9697 90.78897 13.99872
v 21.82332 90.78897 14.09653
v 21.72551 90.78897 14.24291

vt 0.3292025 0.08693612
vt 0.5005233 0.05301356
vt 0.6716958 0.08729994
vt 0.1839288 0.1839442
vt 0.8166075 0.1844652
vt 0.08692808 0.3292212
vt 0.9132369 0.3295991
vt 0.05301326 0.5005389
vt 0.946987 0.5005499
vt 0.08730302 0.671704
vt 0.9128419 0.6713344
vt 0.1844654 0.8166077
vt 0.8160555 0.8160715
vt 0.3295914 0.9132335
vt 0.6713152 0.9128496
vt 0.5005341 0.9469867
vt 0.9717647 0.02823532
vt 0.02823529 0.02823532
vt 0.02823529 0.9717647
vt 0.9717647 0.9717647
vt 0 0
vt 0 1
vt 1 1
vt 1 0
vt 0 0.6874977
vt 0.25 1
vt 0.25 0.6874977
vt 0 0.6086619
vt 0.25 0.6086619
vt 0 0.1021348
vt 0.25 0.1021348
vt 0.5 1
vt 0.5 0.6874977
vt 0.75 1
vt 0.75 0.6874977
vt 0.5 0.6086619
vt 0.75 0.6086619
vt 0.5 0.1021348
vt 0.75 0.1021348
vt 1 0.6874977
vt 1 0.6086619
vt 0.25 0.05851126
vt 0.5 0.05851126
vt 0.25 0
vt 0.5 0
vt 1 0.1021348
vt 0.75 0.05851126
vt 1 0.05851126
vt 0.75 0
vt 0 0.05851126
vt 0 0.843661
vt 0.25 0.843661
vt 0 0.7777988
vt 0.25 0.7777988
vt 0 0.4717376
vt 0.25 0.4717376
vt 0 0.4055592
vt 0.25 0.4055592
vt 0 0.08716023
vt 0.25 0.08716023
vt 0.5 0.843661
vt 0.75 0.843661
vt 0.5 0.7777988
vt 0.75 0.7777988
vt 0.5 0.4717376
vt 0.75 0.4717376
vt 0.5 0.4055592
vt 0.75 0.4055592
vt 0.5 0.08716023
vt 0.75 0.08716023
vt 1 0.843661
vt 1 0.7777988
vt 1 0.4717376
vt 1 0.4055592
vt 0.25 0.04653347
vt 0.5 0.04653347
vt 1 0.08716023
vt 0.75 0.04653347
vt 1 0.04653347
vt 0 0.04653347
vt 0.0625 0.9232721
vt 0 0.9232721
vt 0.0625 0
vt 0.125 0.9232721
vt 0.125 0
vt 0.1875 0.9232721
vt 0.1875 0
vt 0.25 0.9232721
vt 0.3125 0.9232721
vt 0.3125 0
vt 0.375 0.9232721
vt 0.375 0
vt 0.4375 0.9232721
vt 0.4375 0
vt 0.5 0.9232721
vt 0.5625 0.9232721
vt 0.5625 0
vt 0.625 0.9232721
vt 0.625 0
vt 0.6875 0.9232721
vt 0.6875 0
vt 0.75 0.9232721
vt 0.8125 0.9232721
vt 0.8125 0
vt 0.875 0.9232721
vt 0.875 0
vt 0.9375 0.9232721
vt 0.9375 0
vt 1 0.9232721
vt 0.0625 1
vt 0.125 1
vt 0.1875 1
vt 0.3125 1
vt 0.375 1
vt 0.4375 1
vt 0.5625 1
vt 0.625 1
vt 0.6875 1
vt 0.8125 1
vt 0.875 1
vt 0.9375 1
vt 0.3129378 0.9929948
vt 0.3745622 0.9929948
vt 0.03806023 0.3086584
vt 0.1464466 0.1464466
vt 0.5 0.5
vt 0 0.5
vt 0.3086583 0.03806031
vt 0.03806023 0.6913418
vt 0.1464466 0.8535534
vt 0.6913417 0.03806031
vt 0.3086583 0.9619398
vt 0.8535534 0.1464466
vt 0.9619398 0.3086584
vt 0.6913417 0.9619398
vt 1 0.5
vt 0.8535534 0.8535534
vt 0.9619398 0.6913418
vt 0.6611508 0.05941117
vt 0.3291477 0.05941117
vt 0.3940324 0.1027657
vt 0.437387 0.1676503
vt 0.5962661 0.1027657
vt 0.5529115 0.1676503
vt 0.7376874 0.04418707
vt 0.4526111 0.244187
vt 0.5376874 0.244187
vt 0.252611 0.04418707
vt 0.8142241 0.05941117
vt 0.8791088 0.1027657
vt 0.9224633 0.1676503
vt 0.9376874 0.244187
vt 0.5529115 0.3207238
vt 0.9224633 0.3207238
vt 0.1760744 0.05941117
vt 0.1111897 0.1027657
vt 0.06783514 0.1676503
vt 0.05261105 0.244187
vt 0.06783514 0.3207238
vt 0.5529115 0.6734985
vt 0.437387 0.3207238
vt 0.5962661 0.6086138
vt 0.5962661 0.3856084
vt 0.6611508 0.5652593
vt 0.6611508 0.4289629
vt 0.7376874 0.444187
vt 0.7376874 0.5500352
vt 0.8142241 0.5652593
vt 0.8142241 0.4289629
vt 0.8791088 0.6086138
vt 0.8791088 0.3856084
vt 0.9224633 0.6734985
vt 0.9376874 0.7500352
vt 0.9224633 0.8265718
vt 0.8791088 0.8914565
vt 0.8142241 0.9348111
vt 0.7376874 0.9500352
vt 0.252611 0.9500352
vt 0.3291477 0.9348111
vt 0.6611508 0.9348111
vt 0.5962661 0.8914565
vt 0.3940324 0.8914565
vt 0.5529115 0.8265718
vt 0.437387 0.8265718
vt 0.1760744 0.9348111
vt 0.5376874 0.7500352
vt 0.1111897 0.8914565
vt 0.06783514 0.8265718
vt 0.05261105 0.7500352
vt 0.4526111 0.7500352
vt 0.06783514 0.6734985
vt 0.1111897 0.6086138
vt 0.1111897 0.3856084
vt 0.1760744 0.5652593
vt 0.1760744 0.4289629
vt 0.252611 0.5500352
vt 0.252611 0.444187
vt 0.3291477 0.5652593
vt 0.3291477 0.4289629
vt 0.3940324 0.3856084
vt 0.3940324 0.6086138
vt 0.437387 0.6734985
vt 0.0625 0.2352504
vt 0.03125 0
vt 0 0.2352504
vt 0.0625 0.7647496
vt 0 0.7647496
vt 0.03125 1
vt 0.125 0.2352504
vt 0.09375 0
vt 0.125 0.7647496
vt 0.09375 1
vt 0.1875 0.2352504
vt 0.15625 0
vt 0.1875 0.7647496
vt 0.15625 1
vt 0.25 0.2352504
vt 0.25 0.7647496
vt 0.3125 0.2352504
vt 0.28125 0
vt 0.3125 0.7647496
vt 0.28125 1
vt 0.375 0.2352504
vt 0.375 0.7647496
vt 0.4375 0.2352504
vt 0.40625 0
vt 0.4375 0.7647496
vt 0.40625 1
vt 0.5 0.2352504
vt 0.46875 0
vt 0.5 0.7647496
vt 0.46875 1
vt 0.5625 0.2352504
vt 0.5625 0.7647496
vt 0.625 0.2352504
vt 0.59375 0
vt 0.625 0.7647496
vt 0.59375 1
vt 0.6875 0.2352504
vt 0.6875 0.7647496
vt 0.75 0.2352504
vt 0.71875 0
vt 0.75 0.7647496
vt 0.71875 1
vt 0.8125 0.2352504
vt 0.8125 0.7647496
vt 0.875 0.2352504
vt 0.84375 0
vt 0.875 0.7647496
vt 0.84375 1
vt 0.9375 0.2352504
vt 0.9375 0.7647496
vt 0.21875 0
vt 0.21875 1
vt 0.34375 0
vt 0.34375 1
vt 0.53125 0
vt 0.53125 1
vt 0.65625 0
vt 0.65625 1
vt 0.78125 0
vt 0.78125 1
vt 0.90625 0
vt 0.90625 1
vt 1 0.2352504
vt 1 0.7647496
vt 0.96875 0
vt 0 0.2467226
vt 0.0625 0.2467226
vt 0.125 0.2467226
vt 0.1875 0.2467226
vt 0.25 0.2467226
vt 0.3125 0.2467226
vt 0.375 0.2467226
vt 0.4375 0.2467226
vt 0.5 0.2467226
vt 0.5625 0.2467226
vt 0.625 0.2467226
vt 0.6875 0.2467226
vt 0.75 0.2467226
vt 0.8125 0.2467226
vt 0.875 0.2467226
vt 0.9375 0.2467226
vt 1 0.2467226
vt 0 0.7532774
vt 0.0625 0.7532774
vt 0.125 0.7532774
vt 0.1875 0.7532774
vt 0.25 0.7532774
vt 0.3125 0.7532774
vt 0.375 0.7532774
vt 0.4375 0.7532774
vt 0.5 0.7532774
vt 0.5625 0.7532774
vt 0.625 0.7532774
vt 0.6875 0.7532774
vt 0.75 0.7532774
vt 0.8125 0.7532774
vt 0.875 0.7532774
vt 0.9375 0.7532774
vt 1 0.7532774

vn 1.224647E-15 10 -1.224647E-15
vn -3.67394E-15 -1.224647E-15 -10
vn 3.67394E-15 1.224647E-15 10
vn 3.826835 -1.600078E-15 -9.238795
vn 7.071066 -1.731912E-15 -7.07107
vn -3.826836 -6.627737E-16 -9.238794
vn -7.07107 4.235165E-22 -7.071066
vn -9.238793 6.627732E-16 -3.826839
vn -10 1.224647E-15 3.038619E-07
vn -9.238793 1.600078E-15 3.82684
vn -7.07107 1.731912E-15 7.071066
vn -3.826836 1.600078E-15 9.238794
vn 3.826835 6.62774E-16 9.238795
vn 7.071066 3.705769E-22 7.07107
vn 9.238796 -6.627743E-16 3.826833
vn 10 -1.224647E-15 3.038618E-07
vn 9.238796 -1.600078E-15 -3.826833
vn -0.4339264 9.911273 -1.25633
vn 0.008559697 9.883905 -1.519321
vn -0.003953652 9.892818 -1.460185
vn -0.4316585 9.933223 -1.069931
vn -0.9239589 9.950379 -0.3691065
vn -0.9107456 9.956203 -0.2111268
vn -0.9931089 9.950564 -0.001164705
vn -0.9854718 9.951324 -0.0001247772
vn -0.02288232 -1.463115 -9.892193
vn -0.01405288 -1.519293 -9.883904
vn -0.03171176 -1.406938 -9.900481
vn 0.6314863 -9.910435 1.176653
vn 0.01661838 -9.883904 1.519264
vn 0.003955071 -9.892064 1.465287
vn 0.4742863 -9.923836 1.136899
vn 0.9797338 -9.942605 0.4297994
vn 0.8252257 -9.957109 0.4183002
vn 0.9935805 -9.950518 0.001163264
vn 0.9855536 -9.951316 0.002218981
vn 0.02285429 1.462627 9.892262
vn 0.03088895 1.519293 9.883865
vn 0.01481963 1.405961 9.90066
vn -7.016818 -1.212773 -7.015465
vn -6.868269 -1.417276 -7.12869
vn -7.165367 -1.00827 -6.90224
vn 7.02348 1.199361 7.013059
vn 7.068954 1.401347 6.932973
vn 6.978006 0.9973742 7.093143
vn -9.958286 -0.8157314 0.4088046
vn -9.949747 -1.001184 -0.01268277
vn -9.950548 -0.9932001 -0.01196371
vn -9.942262 -0.9952512 0.4011357
vn -9.927519 -0.4862534 1.099058
vn -9.913355 -0.6931363 1.115774
vn -9.897377 -0.01309926 1.428898
vn -9.890184 -0.05863559 1.476761
vn 9.956886 0.9094172 -0.1826789
vn 9.949756 1.001117 0.01128631
vn 9.950522 0.9934533 0.01196478
vn 9.952446 0.9117764 -0.3427584
vn 9.937517 0.445991 -1.02316
vn 9.916489 0.4301326 -1.215824
vn 9.899912 0.01212608 -1.411239
vn 9.89031 -0.03025832 -1.476771
vn -1.184434 7.00896 -7.027352
vn -0.9828573 7.17897 -6.891762
vn -1.386011 6.83895 -7.162942
vn 1.146802 -6.962033 7.062803
vn 0.9472576 -6.593792 7.458191
vn 1.346347 -7.330274 6.667417
vn -1.422638 -0.002408512 -9.89798
vn -1.368552 0.05343314 -9.905766
vn -1.476723 -0.05825017 -9.890192
vn 1.418823 0.003811244 9.898365
vn 1.360867 0.08049886 9.906643
vn 1.47678 -0.07287637 9.890087
vn 0.1643661 9.987573 0.4705226
vn -0.00519108 9.983674 0.5711597
vn 0.00277107 9.984983 0.5478148
vn 0.1634477 9.990577 0.4020692
vn 0.343533 9.993049 0.1447852
vn 0.3110512 9.994818 0.08287808
vn 0.256728 9.996371 -0.08164279
vn 0.2001786 9.997642 -0.08429732
vn 0.06961917 9.998266 -0.1727289
vn 0.04062527 9.998466 -0.1703455
vn -0.0003566942 9.998245 -0.1873402
vn -0.03938137 0.549571 -9.984785
vn -0.04515642 0.5711375 -9.983575
vn -0.03360632 0.5280045 -9.985994
vn -0.2393449 -9.987408 -0.4409199
vn -0.01097078 -9.983673 -0.5710981
vn -0.002792012 -9.9848 -0.5511352
vn -0.1775392 -9.989317 -0.426648
vn -0.3698799 -9.991941 -0.1559007
vn -0.284629 -9.994721 -0.1566559
vn -0.2452081 -9.996277 0.1196493
vn -0.2153431 -9.997316 0.08540221
vn -0.08063024 -9.997983 0.1839367
vn -0.07831162 -9.998495 0.1547729
vn 0.0003566492 -9.998245 0.1873306
vn 0.03918127 -0.5496832 9.98478
vn 0.03422133 -0.5711327 9.983618
vn 0.04414122 -0.5282336 9.985942
vn -7.069375 0.4501738 -7.057688
vn -7.114148 0.5266616 -7.007962
vn -7.024602 0.373686 -7.107413
vn 7.070027 -0.4520204 7.057158
vn 7.044973 -0.5287938 7.077339
vn 7.09508 -0.375247 7.036976
vn -9.994712 0.3198771 -0.01930738
vn -9.992973 0.374629 -0.0120866
vn -9.99645 0.2651252 -0.02652816
vn 9.994706 -0.3200645 0.01930482
vn 9.99294 -0.374856 0.0254986
vn 9.996472 -0.265273 0.01311105
vn -7.069447 0.2258827 7.068892
vn -7.044758 0.2648289 7.092338
vn -7.094135 0.1869366 7.045446
vn 7.069314 -0.2263594 -7.069072
vn 7.080186 -0.2653851 -7.05695
vn 7.058442 -0.1873336 -7.081194
vn -0.05903641 0.155056 9.998624
vn 0.01906428 0.1872015 9.99823
vn -0.06032358 0.185468 9.998098
vn -0.1926262 0.08928464 9.997746
vn -0.1985408 0.1240741 9.997259
vn -0.2547162 0.004008928 9.996755
vn -0.2639456 0.01289865 9.996508
vn 0.01675893 -0.1725688 -9.998497
vn -0.01909614 -0.1872062 -9.99823
vn 0.04776333 -0.1735685 -9.99838
vn 0.176333 -0.08636855 -9.998073
vn 0.2137997 -0.08278531 -9.997372
vn 0.2510046 -0.004056023 -9.996849
vn 0.2639506 0.004963967 -9.996515
vn -7.069875 7.0689 -0.2111567
vn -7.097621 7.042293 -0.1728759
vn -7.042129 7.095506 -0.2494375
vn 7.070663 -7.067654 0.2123036
vn 7.010215 -7.129279 0.1740044
vn 7.131112 -7.00603 0.2506028
vn -9.996784 -0.0001269591 -0.2531175
vn -9.997059 -0.0113014 -0.2422891
vn -9.996511 0.01104749 -0.2639459
vn 9.996775 0.0001877017 0.2532623
vn 9.997046 -0.01547664 0.2425857
vn 9.996504 0.01585204 0.263939
vn -1.224647E-15 -10 1.224647E-15
vn -9.396876 -3.420339 3.871227E-15
vn 9.396897 3.420282 -3.871228E-15
vn -3.420203 9.396926 1.057706E-16
vn 3.420198 -9.396927 -1.057687E-16
vn 7.070995 0.0002983553 -7.071141
vn -6.644606 -3.420295 -6.644607
vn -6.644529 -3.420574 -6.64454
vn 6.644582 3.420403 6.644576
vn -2.418452 9.396925 -2.41845
vn 2.418446 -9.396927 2.418447
vn -3.871228E-15 -3.42026 -9.396905
vn 3.871229E-15 3.420123 9.396955
vn -1.057711E-16 9.396926 -3.420204
vn 1.057696E-16 -9.396927 3.420201
vn 7.070987 -0.0003281464 7.071148
vn 6.644549 -3.420526 -6.644545
vn -6.644628 3.420206 6.64463
vn 2.418449 9.396926 -2.418449
vn -2.418449 -9.396926 2.418447
vn 9.396876 -3.420339 -3.033485E-15
vn -9.396897 3.420282 3.0335E-15
vn 3.420202 9.396926 -2.407353E-15
vn -3.420198 -9.396927 2.407352E-15
vn 6.644642 -3.420157 6.644641
vn -6.64465 3.420131 -6.644648
vn 2.418449 9.396926 2.41845
vn -2.418447 -9.396927 -2.418445
vn 3.033526E-15 -3.420181 9.396934
vn -3.03352E-15 3.420202 -9.396926
vn 2.407354E-15 9.396925 3.420205
vn -2.407353E-15 -9.396927 -3.4202
vn -6.64465 -3.420128 6.644648
vn 6.64465 3.420128 -6.644649
vn -2.418451 9.396925 2.418449
vn 2.418446 -9.396927 -2.418446
vn -7.071284 0.0008329971 7.070851
vn 6.644722 3.419847 6.644721
vn 6.644702 -3.41991 -6.644709
vn -7.071256 -0.0007123976 -7.07088
vn -6.644783 3.419632 6.64477
vn -6.644542 3.420519 6.644556
vn -7.0712 -0.0004682278 7.070936
vn -7.071266 -0.0007006371 7.07087
vn -6.644555 3.420523 -6.644541
vn -6.644773 3.419623 -6.644786
vn -7.071266 0.0007078279 -7.07087
vn -6.644544 -3.420577 6.644524
vn 7.071181 -0.0004813157 7.070954
vn 6.644552 3.420519 6.644545
vn 6.644549 3.420517 -6.644549
vn 6.64469 3.419957 -6.644697
vn -9.397013 3.419965 3.033581E-15
vn -6.532698 -7.071209 2.705895
vn -7.071113 -7.071023 3.47605E-05
vn -4.999966 -7.071102 4.999986
vn -5.000012 -7.071042 5.000026
vn -2.705979 -7.071078 6.532804
vn 7.373438E-06 -7.071075 7.071061
vn 2.705979 -7.071079 6.532804
vn 4.999957 -7.071121 4.999968
vn 6.53291 -7.070971 2.706006
vn 7.071214 -7.070921 2.482894E-06
vn 6.532964 -7.070902 -2.706056
vn 5.000021 -7.071051 -5.000002
vn 4.999985 -7.071096 -4.999974
vn 2.705982 -7.071065 -6.532817
vn 5.417221E-06 -7.071066 -7.07107
vn -2.705986 -7.071056 -6.532826
vn -5.000043 -7.071017 -5.000029
vn -6.532666 -7.071217 -2.705949
vn -6.532653 7.071248 2.705903
vn -7.071081 7.071054 3.761957E-07
vn -4.999945 7.071135 4.999961
vn -2.705964 7.071114 6.532772
vn 4.890545E-06 7.071109 7.071027
vn 2.705961 7.071115 6.532772
vn 4.999944 7.071157 4.99993
vn 6.532877 7.071003 2.705996
vn 6.53291 7.070961 2.706029
vn 7.071179 7.070956 -1.203827E-06
vn 6.532938 7.070937 -2.706024
vn 4.999992 7.071087 -4.999979
vn 2.70597 7.0711 -6.532785
vn 4.740067E-06 7.0711 -7.071034
vn -2.705976 7.07109 -6.532793
vn -5.000004 7.071052 -5.00002
vn -6.532645 7.071254 -2.705904
vn 2.706011 -7.071032 6.532841
vn 4.999995 -7.071061 5.000015
vn 6.532815 -7.071069 2.705979
vn 7.070968 -7.071167 1.722976E-05
vn 7.070932 7.071204 6.771521E-07
vn 6.532778 7.071104 -2.705977
vn 5.00002 7.071025 -5.00004
vn 5.000014 -7.071042 5.000024
vn 4.999987 7.071076 5.000001
vn 7.07104 7.071096 -1.053348E-06
vn 5.000003 -7.071067 4.999997

usemtl Grey
f 3446/1088/137 3447/1089/137 3445/1087/137
f 3446/1088/137 3448/1090/137 3447/1089/137
f 3448/1090/137 3449/1091/137 3447/1089/137
f 3448/1090/137 3450/1092/137 3449/1091/137
f 3454/1096/137 3455/1097/137 3453/1095/137
f 3454/1096/137 3456/1098/137 3455/1097/137
f 3462/1088/137 3463/1089/137 3461/1087/137
f 3462/1088/137 3464/1090/137 3463/1089/137
f 3464/1090/137 3465/1091/137 3463/1089/137
f 3464/1090/137 3466/1092/137 3465/1091/137
f 3470/1096/137 3471/1097/137 3469/1095/137
f 3470/1096/137 3472/1098/137 3471/1097/137
f 3478/1088/137 3479/1089/137 3477/1087/137
f 3478/1088/137 3480/1090/137 3479/1089/137
f 3480/1090/137 3481/1091/137 3479/1089/137
f 3480/1090/137 3482/1092/137 3481/1091/137
f 3486/1096/137 3487/1097/137 3485/1095/137
f 3486/1096/137 3488/1098/137 3487/1097/137
f 3494/1088/137 3495/1089/137 3493/1087/137
f 3494/1088/137 3496/1090/137 3495/1089/137
f 3496/1090/137 3497/1091/137 3495/1089/137
f 3496/1090/137 3498/1092/137 3497/1091/137
f 3502/1096/137 3503/1097/137 3501/1095/137
f 3502/1096/137 3504/1098/137 3503/1097/137
f 3510/1088/137 3511/1089/137 3509/1087/137
f 3510/1088/137 3512/1090/137 3511/1089/137
f 3512/1090/137 3513/1091/137 3511/1089/137
f 3512/1090/137 3514/1092/137 3513/1091/137
f 3518/1096/137 3519/1097/137 3517/1095/137
f 3518/1096/137 3520/1098/137 3519/1097/137
f 3526/1088/137 3527/1089/137 3525/1087/137
f 3526/1088/137 3528/1090/137 3527/1089/137
f 3528/1090/137 3529/1091/137 3527/1089/137
f 3528/1090/137 3530/1092/137 3529/1091/137
f 3534/1096/137 3535/1097/137 3533/1095/137
f 3534/1096/137 3536/1098/137 3535/1097/137
f 3542/1088/137 3543/1089/137 3541/1087/137
f 3542/1088/137 3544/1090/137 3543/1089/137
f 3544/1090/137 3545/1091/137 3543/1089/137
f 3544/1090/137 3546/1092/137 3545/1091/137
f 3550/1096/137 3551/1097/137 3549/1095/137
f 3550/1096/137 3552/1098/137 3551/1097/137
f 3558/1088/137 3559/1089/137 3557/1087/137
f 3558/1088/137 3560/1090/137 3559/1089/137
f 3560/1090/137 3561/1091/137 3559/1089/137
f 3560/1090/137 3562/1092/137 3561/1091/137
f 3566/1096/137 3567/1097/137 3565/1095/137
f 3566/1096/137 3568/1098/137 3567/1097/137
f 3574/1088/137 3575/1089/137 3573/1087/137
f 3574/1088/137 3576/1090/137 3575/1089/137
f 3576/1090/137 3577/1091/137 3575/1089/137
f 3576/1090/137 3578/1092/137 3577/1091/137
f 3582/1096/137 3583/1097/137 3581/1095/137
f 3582/1096/137 3584/1098/137 3583/1097/137
f 3590/1088/137 3591/1089/137 3589/1087/137
f 3590/1088/137 3592/1090/137 3591/1089/137
f 3592/1090/137 3593/1091/137 3591/1089/137
f 3592/1090/137 3594/1092/137 3593/1091/137
f 3598/1096/137 3599/1097/137 3597/1095/137
f 3598/1096/137 3600/1098/137 3599/1097/137
f 3606/1088/137 3607/1089/137 3605/1087/137
f 3606/1088/137 3608/1090/137 3607/1089/137
f 3608/1090/137 3609/1091/137 3607/1089/137
f 3608/1090/137 3610/1092/137 3609/1091/137
f 3614/1096/137 3615/1097/137 3613/1095/137
f 3614/1096/137 3616/1098/137 3615/1097/137
f 3445/1087/137 3444/1086/137 3443/1085/137
f 3443/1085/137 3446/1088/137 3445/1087/137
f 3452/1094/137 3451/1093/137 3449/1091/137
f 3449/1091/137 3450/1092/137 3452/1094/137
f 3454/1096/137 3453/1095/137 3451/1093/137
f 3451/1093/137 3452/1094/137 3454/1096/137
f 3458/1100/137 3457/1099/137 3455/1097/137
f 3455/1097/137 3456/1098/137 3458/1100/137
f 3461/1087/137 3460/1086/137 3459/1085/137
f 3459/1085/137 3462/1088/137 3461/1087/137
f 3468/1094/137 3467/1093/137 3465/1091/137
f 3465/1091/137 3466/1092/137 3468/1094/137
f 3470/1096/137 3469/1095/137 3467/1093/137
f 3467/1093/137 3468/1094/137 3470/1096/137
f 3474/1100/137 3473/1099/137 3471/1097/137
f 3471/1097/137 3472/1098/137 3474/1100/137
f 3477/1087/137 3476/1086/137 3475/1085/137
f 3475/1085/137 3478/1088/137 3477/1087/137
f 3484/1094/137 3483/1093/137 3481/1091/137
f 3481/1091/137 3482/1092/137 3484/1094/137
f 3486/1096/137 3485/1095/137 3483/1093/137
f 3483/1093/137 3484/1094/137 3486/1096/137
f 3490/1100/137 3489/1099/137 3487/1097/137
f 3487/1097/137 3488/1098/137 3490/1100/137
f 3493/1087/137 3492/1086/137 3491/1085/137
f 3491/1085/137 3494/1088/137 3493/1087/137
f 3500/1094/137 3499/1093/137 3497/1091/137
f 3497/1091/137 3498/1092/137 3500/1094/137
f 3502/1096/137 3501/1095/137 3499/1093/137
f 3499/1093/137 3500/1094/137 3502/1096/137
f 3506/1100/137 3505/1099/137 3503/1097/137
f 3503/1097/137 3504/1098/137 3506/1100/137
f 3509/1087/137 3508/1086/137 3507/1085/137
f 3507/1085/137 3510/1088/137 3509/1087/137
f 3516/1094/137 3515/1093/137 3513/1091/137
f 3513/1091/137 3514/1092/137 3516/1094/137
f 3518/1096/137 3517/1095/137 3515/1093/137
f 3515/1093/137 3516/1094/137 3518/1096/137
f 3522/1100/137 3521/1099/137 3519/1097/137
f 3519/1097/137 3520/1098/137 3522/1100/137
f 3525/1087/137 3524/1086/137 3523/1085/137
f 3523/1085/137 3526/1088/137 3525/1087/137
f 3532/1094/137 3531/1093/137 3529/1091/137
f 3529/1091/137 3530/1092/137 3532/1094/137
f 3534/1096/137 3533/1095/137 3531/1093/137
f 3531/1093/137 3532/1094/137 3534/1096/137
f 3538/1100/137 3537/1099/137 3535/1097/137
f 3535/1097/137 3536/1098/137 3538/1100/137
f 3541/1087/137 3540/1086/137 3539/1085/137
f 3539/1085/137 3542/1088/137 3541/1087/137
f 3548/1094/137 3547/1093/137 3545/1091/137
f 3545/1091/137 3546/1092/137 3548/1094/137
f 3550/1096/137 3549/1095/137 3547/1093/137
f 3547/1093/137 3548/1094/137 3550/1096/137
f 3554/1100/137 3553/1099/137 3551/1097/137
f 3551/1097/137 3552/1098/137 3554/1100/137
f 3557/1087/137 3556/1086/137 3555/1085/137
f 3555/1085/137 3558/1088/137 3557/1087/137
f 3564/1094/137 3563/1093/137 3561/1091/137
f 3561/1091/137 3562/1092/137 3564/1094/137
f 3566/1096/137 3565/1095/137 3563/1093/137
f 3563/1093/137 3564/1094/137 3566/1096/137
f 3570/1100/137 3569/1099/137 3567/1097/137
f 3567/1097/137 3568/1098/137 3570/1100/137
f 3573/1087/137 3572/1086/137 3571/1085/137
f 3571/1085/137 3574/1088/137 3573/1087/137
f 3580/1094/137 3579/1093/137 3577/1091/137
f 3577/1091/137 3578/1092/137 3580/1094/137
f 3582/1096/137 3581/1095/137 3579/1093/137
f 3579/1093/137 3580/1094/137 3582/1096/137
f 3586/1100/137 3585/1099/137 3583/1097/137
f 3583/1097/137 3584/1098/137 3586/1100/137
f 3589/1087/137 3588/1086/137 3587/1085/137
f 3587/1085/137 3590/1088/137 3589/1087/137
f 3596/1094/137 3595/1093/137 3593/1091/137
f 3593/1091/137 3594/1092/137 3596/1094/137
f 3598/1096/137 3597/1095/137 3595/1093/137
f 3595/1093/137 3596/1094/137 3598/1096/137
f 3602/1100/137 3601/1099/137 3599/1097/137
f 3599/1097/137 3600/1098/137 3602/1100/137
f 3605/1087/137 3604/1086/137 3603/1085/137
f 3603/1085/137 3606/1088/137 3605/1087/137
f 3612/1094/137 3611/1093/137 3609/1091/137
f 3609/1091/137 3610/1092/137 3612/1094/137
f 3614/1096/137 3613/1095/137 3611/1093/137
f 3611/1093/137 3612/1094/137 3614/1096/137
f 3618/1100/137 3617/1099/137 3615/1097/137
f 3615/1097/137 3616/1098/137 3618/1100/137
f 3621/1103/138 3620/1102/138 3619/1101/138
f 3619/1101/138 3622/1104/138 3621/1103/138
f 3625/1103/139 3624/1102/139 3623/1101/139
f 3623/1101/139 3626/1104/139 3625/1103/139
f 3447/1107/141 3628/1106/141 3627/1105/140
f 3627/1105/140 3445/1108/140 3447/1107/141
f 3445/1107/140 3627/1106/140 3629/1105/138
f 3629/1105/138 3444/1108/138 3445/1107/140
f 3444/1107/138 3629/1106/138 3630/1105/142
f 3630/1105/142 3443/1108/142 3444/1107/138
f 3443/1107/142 3630/1106/142 3631/1105/143
f 3631/1105/143 3446/1108/143 3443/1107/142
f 3446/1107/143 3631/1106/143 3632/1105/144
f 3632/1105/144 3448/1108/144 3446/1107/143
f 3448/1107/144 3632/1106/144 3633/1105/145
f 3633/1105/145 3450/1108/145 3448/1107/144
f 3450/1107/145 3633/1106/145 3634/1105/146
f 3634/1105/146 3452/1108/146 3450/1107/145
f 3452/1107/146 3634/1106/146 3635/1105/147
f 3635/1105/147 3454/1108/147 3452/1107/146
f 3454/1107/147 3635/1106/147 3636/1105/148
f 3636/1105/148 3456/1108/148 3454/1107/147
f 3456/1107/148 3636/1106/148 3637/1105/139
f 3637/1105/139 3458/1108/139 3456/1107/148
f 3458/1107/139 3637/1106/139 3638/1105/149
f 3638/1105/149 3457/1108/149 3458/1107/139
f 3457/1107/149 3638/1106/149 3639/1105/150
f 3639/1105/150 3455/1108/150 3457/1107/149
f 3455/1107/150 3639/1106/150 3640/1105/151
f 3640/1105/151 3453/1108/151 3455/1107/150
f 3453/1107/151 3640/1106/151 3641/1105/152
f 3641/1105/152 3451/1108/152 3453/1107/151
f 3451/1107/152 3641/1106/152 3642/1105/153
f 3642/1105/153 3449/1108/153 3451/1107/152
f 3449/1107/153 3642/1106/153 3628/1105/141
f 3628/1105/141 3447/1108/141 3449/1107/153
f 3463/1107/141 3644/1106/141 3643/1105/140
f 3643/1105/140 3461/1108/140 3463/1107/141
f 3461/1107/140 3643/1106/140 3645/1105/138
f 3645/1105/138 3460/1108/138 3461/1107/140
f 3460/1107/138 3645/1106/138 3646/1105/142
f 3646/1105/142 3459/1108/142 3460/1107/138
f 3459/1107/142 3646/1106/142 3647/1105/143
f 3647/1105/143 3462/1108/143 3459/1107/142
f 3462/1107/143 3647/1106/143 3648/1105/144
f 3648/1105/144 3464/1108/144 3462/1107/143
f 3464/1107/144 3648/1106/144 3649/1105/145
f 3649/1105/145 3466/1108/145 3464/1107/144
f 3466/1107/145 3649/1106/145 3650/1105/146
f 3650/1105/146 3468/1108/146 3466/1107/145
f 3468/1107/146 3650/1106/146 3651/1105/147
f 3651/1105/147 3470/1108/147 3468/1107/146
f 3470/1107/147 3651/1106/147 3652/1105/148
f 3652/1105/148 3472/1108/148 3470/1107/147
f 3472/1107/148 3652/1106/148 3653/1105/139
f 3653/1105/139 3474/1108/139 3472/1107/148
f 3474/1107/139 3653/1106/139 3654/1105/149
f 3654/1105/149 3473/1108/149 3474/1107/139
f 3473/1107/149 3654/1106/149 3655/1105/150
f 3655/1105/150 3471/1108/150 3473/1107/149
f 3471/1107/150 3655/1106/150 3656/1105/151
f 3656/1105/151 3469/1108/151 3471/1107/150
f 3469/1107/151 3656/1106/151 3657/1105/152
f 3657/1105/152 3467/1108/152 3469/1107/151
f 3467/1107/152 3657/1106/152 3658/1105/153
f 3658/1105/153 3465/1108/153 3467/1107/152
f 3465/1107/153 3658/1106/153 3644/1105/141
f 3644/1105/141 3463/1108/141 3465/1107/153
f 3479/1107/141 3660/1106/141 3659/1105/140
f 3659/1105/140 3477/1108/140 3479/1107/141
f 3477/1107/140 3659/1106/140 3661/1105/138
f 3661/1105/138 3476/1108/138 3477/1107/140
f 3476/1107/138 3661/1106/138 3662/1105/142
f 3662/1105/142 3475/1108/142 3476/1107/138
f 3475/1107/142 3662/1106/142 3663/1105/143
f 3663/1105/143 3478/1108/143 3475/1107/142
f 3478/1107/143 3663/1106/143 3664/1105/144
f 3664/1105/144 3480/1108/144 3478/1107/143
f 3480/1107/144 3664/1106/144 3665/1105/145
f 3665/1105/145 3482/1108/145 3480/1107/144
f 3482/1107/145 3665/1106/145 3666/1105/146
f 3666/1105/146 3484/1108/146 3482/1107/145
f 3484/1107/146 3666/1106/146 3667/1105/147
f 3667/1105/147 3486/1108/147 3484/1107/146
f 3486/1107/147 3667/1106/147 3668/1105/148
f 3668/1105/148 3488/1108/148 3486/1107/147
f 3488/1107/148 3668/1106/148 3669/1105/139
f 3669/1105/139 3490/1108/139 3488/1107/148
f 3490/1107/139 3669/1106/139 3670/1105/149
f 3670/1105/149 3489/1108/149 3490/1107/139
f 3489/1107/149 3670/1106/149 3671/1105/150
f 3671/1105/150 3487/1108/150 3489/1107/149
f 3487/1107/150 3671/1106/150 3672/1105/151
f 3672/1105/151 3485/1108/151 3487/1107/150
f 3485/1107/151 3672/1106/151 3673/1105/152
f 3673/1105/152 3483/1108/152 3485/1107/151
f 3483/1107/152 3673/1106/152 3674/1105/153
f 3674/1105/153 3481/1108/153 3483/1107/152
f 3481/1107/153 3674/1106/153 3660/1105/141
f 3660/1105/141 3479/1108/141 3481/1107/153
f 3495/1107/141 3676/1106/141 3675/1105/140
f 3675/1105/140 3493/1108/140 3495/1107/141
f 3493/1107/140 3675/1106/140 3677/1105/138
f 3677/1105/138 3492/1108/138 3493/1107/140
f 3492/1107/138 3677/1106/138 3678/1105/142
f 3678/1105/142 3491/1108/142 3492/1107/138
f 3491/1107/142 3678/1106/142 3679/1105/143
f 3679/1105/143 3494/1108/143 3491/1107/142
f 3494/1107/143 3679/1106/143 3680/1105/144
f 3680/1105/144 3496/1108/144 3494/1107/143
f 3496/1107/144 3680/1106/144 3681/1105/145
f 3681/1105/145 3498/1108/145 3496/1107/144
f 3498/1107/145 3681/1106/145 3682/1105/146
f 3682/1105/146 3500/1108/146 3498/1107/145
f 3500/1107/146 3682/1106/146 3683/1105/147
f 3683/1105/147 3502/1108/147 3500/1107/146
f 3502/1107/147 3683/1106/147 3684/1105/148
f 3684/1105/148 3504/1108/148 3502/1107/147
f 3504/1107/148 3684/1106/148 3685/1105/139
f 3685/1105/139 3506/1108/139 3504/1107/148
f 3506/1107/139 3685/1106/139 3686/1105/149
f 3686/1105/149 3505/1108/149 3506/1107/139
f 3505/1107/149 3686/1106/149 3687/1105/150
f 3687/1105/150 3503/1108/150 3505/1107/149
f 3503/1107/150 3687/1106/150 3688/1105/151
f 3688/1105/151 3501/1108/151 3503/1107/150
f 3501/1107/151 3688/1106/151 3689/1105/152
f 3689/1105/152 3499/1108/152 3501/1107/151
f 3499/1107/152 3689/1106/152 3690/1105/153
f 3690/1105/153 3497/1108/153 3499/1107/152
f 3497/1107/153 3690/1106/153 3676/1105/141
f 3676/1105/141 3495/1108/141 3497/1107/153
f 3693/1103/138 3692/1102/138 3691/1101/138
f 3691/1101/138 3694/1104/138 3693/1103/138
f 3697/1103/139 3696/1102/139 3695/1101/139
f 3695/1101/139 3698/1104/139 3697/1103/139
f 3511/1107/141 3700/1106/141 3699/1105/140
f 3699/1105/140 3509/1108/140 3511/1107/141
f 3509/1107/140 3699/1106/140 3701/1105/138
f 3701/1105/138 3508/1108/138 3509/1107/140
f 3508/1107/138 3701/1106/138 3702/1105/142
f 3702/1105/142 3507/1108/142 3508/1107/138
f 3507/1107/142 3702/1106/142 3703/1105/143
f 3703/1105/143 3510/1108/143 3507/1107/142
f 3510/1107/143 3703/1106/143 3704/1105/144
f 3704/1105/144 3512/1108/144 3510/1107/143
f 3512/1107/144 3704/1106/144 3705/1105/145
f 3705/1105/145 3514/1108/145 3512/1107/144
f 3514/1107/145 3705/1106/145 3706/1105/146
f 3706/1105/146 3516/1108/146 3514/1107/145
f 3516/1107/146 3706/1106/146 3707/1105/147
f 3707/1105/147 3518/1108/147 3516/1107/146
f 3518/1107/147 3707/1106/147 3708/1105/148
f 3708/1105/148 3520/1108/148 3518/1107/147
f 3520/1107/148 3708/1106/148 3709/1105/139
f 3709/1105/139 3522/1108/139 3520/1107/148
f 3522/1107/139 3709/1106/139 3710/1105/149
f 3710/1105/149 3521/1108/149 3522/1107/139
f 3521/1107/149 3710/1106/149 3711/1105/150
f 3711/1105/150 3519/1108/150 3521/1107/149
f 3519/1107/150 3711/1106/150 3712/1105/151
f 3712/1105/151 3517/1108/151 3519/1107/150
f 3517/1107/151 3712/1106/151 3713/1105/152
f 3713/1105/152 3515/1108/152 3517/1107/151
f 3515/1107/152 3713/1106/152 3714/1105/153
f 3714/1105/153 3513/1108/153 3515/1107/152
f 3513/1107/153 3714/1106/153 3700/1105/141
f 3700/1105/141 3511/1108/141 3513/1107/153
f 3527/1107/141 3716/1106/141 3715/1105/140
f 3715/1105/140 3525/1108/140 3527/1107/141
f 3525/1107/140 3715/1106/140 3717/1105/138
f 3717/1105/138 3524/1108/138 3525/1107/140
f 3524/1107/138 3717/1106/138 3718/1105/142
f 3718/1105/142 3523/1108/142 3524/1107/138
f 3523/1107/142 3718/1106/142 3719/1105/143
f 3719/1105/143 3526/1108/143 3523/1107/142
f 3526/1107/143 3719/1106/143 3720/1105/144
f 3720/1105/144 3528/1108/144 3526/1107/143
f 3528/1107/144 3720/1106/144 3721/1105/145
f 3721/1105/145 3530/1108/145 3528/1107/144
f 3530/1107/145 3721/1106/145 3722/1105/146
f 3722/1105/146 3532/1108/146 3530/1107/145
f 3532/1107/146 3722/1106/146 3723/1105/147
f 3723/1105/147 3534/1108/147 3532/1107/146
f 3534/1107/147 3723/1106/147 3724/1105/148
f 3724/1105/148 3536/1108/148 3534/1107/147
f 3536/1107/148 3724/1106/148 3725/1105/139
f 3725/1105/139 3538/1108/139 3536/1107/148
f 3538/1107/139 3725/1106/139 3726/1105/149
f 3726/1105/149 3537/1108/149 3538/1107/139
f 3537/1107/149 3726/1106/149 3727/1105/150
f 3727/1105/150 3535/1108/150 3537/1107/149
f 3535/1107/150 3727/1106/150 3728/1105/151
f 3728/1105/151 3533/1108/151 3535/1107/150
f 3533/1107/151 3728/1106/151 3729/1105/152
f 3729/1105/152 3531/1108/152 3533/1107/151
f 3531/1107/152 3729/1106/152 3730/1105/153
f 3730/1105/153 3529/1108/153 3531/1107/152
f 3529/1107/153 3730/1106/153 3716/1105/141
f 3716/1105/141 3527/1108/141 3529/1107/153
f 3543/1107/141 3732/1106/141 3731/1105/140
f 3731/1105/140 3541/1108/140 3543/1107/141
f 3541/1107/140 3731/1106/140 3733/1105/138
f 3733/1105/138 3540/1108/138 3541/1107/140
f 3540/1107/138 3733/1106/138 3734/1105/142
f 3734/1105/142 3539/1108/142 3540/1107/138
f 3539/1107/142 3734/1106/142 3735/1105/143
f 3735/1105/143 3542/1108/143 3539/1107/142
f 3542/1107/143 3735/1106/143 3736/1105/144
f 3736/1105/144 3544/1108/144 3542/1107/143
f 3544/1107/144 3736/1106/144 3737/1105/145
f 3737/1105/145 3546/1108/145 3544/1107/144
f 3546/1107/145 3737/1106/145 3738/1105/146
f 3738/1105/146 3548/1108/146 3546/1107/145
f 3548/1107/146 3738/1106/146 3739/1105/147
f 3739/1105/147 3550/1108/147 3548/1107/146
f 3550/1107/147 3739/1106/147 3740/1105/148
f 3740/1105/148 3552/1108/148 3550/1107/147
f 3552/1107/148 3740/1106/148 3741/1105/139
f 3741/1105/139 3554/1108/139 3552/1107/148
f 3554/1107/139 3741/1106/139 3742/1105/149
f 3742/1105/149 3553/1108/149 3554/1107/139
f 3553/1107/149 3742/1106/149 3743/1105/150
f 3743/1105/150 3551/1108/150 3553/1107/149
f 3551/1107/150 3743/1106/150 3744/1105/151
f 3744/1105/151 3549/1108/151 3551/1107/150
f 3549/1107/151 3744/1106/151 3745/1105/152
f 3745/1105/152 3547/1108/152 3549/1107/151
f 3547/1107/152 3745/1106/152 3746/1105/153
f 3746/1105/153 3545/1108/153 3547/1107/152
f 3545/1107/153 3746/1106/153 3732/1105/141
f 3732/1105/141 3543/1108/141 3545/1107/153
f 3559/1107/141 3748/1106/141 3747/1105/140
f 3747/1105/140 3557/1108/140 3559/1107/141
f 3557/1107/140 3747/1106/140 3749/1105/138
f 3749/1105/138 3556/1108/138 3557/1107/140
f 3556/1107/138 3749/1106/138 3750/1105/142
f 3750/1105/142 3555/1108/142 3556/1107/138
f 3555/1107/142 3750/1106/142 3751/1105/143
f 3751/1105/143 3558/1108/143 3555/1107/142
f 3558/1107/143 3751/1106/143 3752/1105/144
f 3752/1105/144 3560/1108/144 3558/1107/143
f 3560/1107/144 3752/1106/144 3753/1105/145
f 3753/1105/145 3562/1108/145 3560/1107/144
f 3562/1107/145 3753/1106/145 3754/1105/146
f 3754/1105/146 3564/1108/146 3562/1107/145
f 3564/1107/146 3754/1106/146 3755/1105/147
f 3755/1105/147 3566/1108/147 3564/1107/146
f 3566/1107/147 3755/1106/147 3756/1105/148
f 3756/1105/148 3568/1108/148 3566/1107/147
f 3568/1107/148 3756/1106/148 3757/1105/139
f 3757/1105/139 3570/1108/139 3568/1107/148
f 3570/1107/139 3757/1106/139 3758/1105/149
f 3758/1105/149 3569/1108/149 3570/1107/139
f 3569/1107/149 3758/1106/149 3759/1105/150
f 3759/1105/150 3567/1108/150 3569/1107/149
f 3567/1107/150 3759/1106/150 3760/1105/151
f 3760/1105/151 3565/1108/151 3567/1107/150
f 3565/1107/151 3760/1106/151 3761/1105/152
f 3761/1105/152 3563/1108/152 3565/1107/151
f 3563/1107/152 3761/1106/152 3762/1105/153
f 3762/1105/153 3561/1108/153 3563/1107/152
f 3561/1107/153 3762/1106/153 3748/1105/141
f 3748/1105/141 3559/1108/141 3561/1107/153
f 3765/1103/138 3764/1102/138 3763/1101/138
f 3763/1101/138 3766/1104/138 3765/1103/138
f 3769/1103/139 3768/1102/139 3767/1101/139
f 3767/1101/139 3770/1104/139 3769/1103/139
f 3575/1107/141 3772/1106/141 3771/1105/140
f 3771/1105/140 3573/1108/140 3575/1107/141
f 3573/1107/140 3771/1106/140 3773/1105/138
f 3773/1105/138 3572/1108/138 3573/1107/140
f 3572/1107/138 3773/1106/138 3774/1105/142
f 3774/1105/142 3571/1108/142 3572/1107/138
f 3571/1107/142 3774/1106/142 3775/1105/143
f 3775/1105/143 3574/1108/143 3571/1107/142
f 3574/1107/143 3775/1106/143 3776/1105/144
f 3776/1105/144 3576/1108/144 3574/1107/143
f 3576/1107/144 3776/1106/144 3777/1105/145
f 3777/1105/145 3578/1108/145 3576/1107/144
f 3578/1107/145 3777/1106/145 3778/1105/146
f 3778/1105/146 3580/1108/146 3578/1107/145
f 3580/1107/146 3778/1106/146 3779/1105/147
f 3779/1105/147 3582/1108/147 3580/1107/146
f 3582/1107/147 3779/1106/147 3780/1105/148
f 3780/1105/148 3584/1108/148 3582/1107/147
f 3584/1107/148 3780/1106/148 3781/1105/139
f 3781/1105/139 3586/1108/139 3584/1107/148
f 3586/1107/139 3781/1106/139 3782/1105/149
f 3782/1105/149 3585/1108/149 3586/1107/139
f 3585/1107/149 3782/1106/149 3783/1105/150
f 3783/1105/150 3583/1108/150 3585/1107/149
f 3583/1107/150 3783/1106/150 3784/1105/151
f 3784/1105/151 3581/1108/151 3583/1107/150
f 3581/1107/151 3784/1106/151 3785/1105/152
f 3785/1105/152 3579/1108/152 3581/1107/151
f 3579/1107/152 3785/1106/152 3786/1105/153
f 3786/1105/153 3577/1108/153 3579/1107/152
f 3577/1107/153 3786/1106/153 3772/1105/141
f 3772/1105/141 3575/1108/141 3577/1107/153
f 3591/1107/141 3788/1106/141 3787/1105/140
f 3787/1105/140 3589/1108/140 3591/1107/141
f 3589/1107/140 3787/1106/140 3789/1105/138
f 3789/1105/138 3588/1108/138 3589/1107/140
f 3588/1107/138 3789/1106/138 3790/1105/142
f 3790/1105/142 3587/1108/142 3588/1107/138
f 3587/1107/142 3790/1106/142 3791/1105/143
f 3791/1105/143 3590/1108/143 3587/1107/142
f 3590/1107/143 3791/1106/143 3792/1105/144
f 3792/1105/144 3592/1108/144 3590/1107/143
f 3592/1107/144 3792/1106/144 3793/1105/145
f 3793/1105/145 3594/1108/145 3592/1107/144
f 3594/1107/145 3793/1106/145 3794/1105/146
f 3794/1105/146 3596/1108/146 3594/1107/145
f 3596/1107/146 3794/1106/146 3795/1105/147
f 3795/1105/147 3598/1108/147 3596/1107/146
f 3598/1107/147 3795/1106/147 3796/1105/148
f 3796/1105/148 3600/1108/148 3598/1107/147
f 3600/1107/148 3796/1106/148 3797/1105/139
f 3797/1105/139 3602/1108/139 3600/1107/148
f 3602/1107/139 3797/1106/139 3798/1105/149
f 3798/1105/149 3601/1108/149 3602/1107/139
f 3601/1107/149 3798/1106/149 3799/1105/150
f 3799/1105/150 3599/1108/150 3601/1107/149
f 3599/1107/150 3799/1106/150 3800/1105/151
f 3800/1105/151 3597/1108/151 3599/1107/150
f 3597/1107/151 3800/1106/151 3801/1105/152
f 3801/1105/152 3595/1108/152 3597/1107/151
f 3595/1107/152 3801/1106/152 3802/1105/153
f 3802/1105/153 3593/1108/153 3595/1107/152
f 3593/1107/153 3802/1106/153 3788/1105/141
f 3788/1105/141 3591/1108/141 3593/1107/153
f 3607/1107/141 3804/1106/141 3803/1105/140
f 3803/1105/140 3605/1108/140 3607/1107/141
f 3605/1107/140 3803/1106/140 3805/1105/138
f 3805/1105/138 3604/1108/138 3605/1107/140
f 3604/1107/138 3805/1106/138 3806/1105/142
f 3806/1105/142 3603/1108/142 3604/1107/138
f 3603/1107/142 3806/1106/142 3807/1105/143
f 3807/1105/143 3606/1108/143 3603/1107/142
f 3606/1107/143 3807/1106/143 3808/1105/144
f 3808/1105/144 3608/1108/144 3606/1107/143
f 3608/1107/144 3808/1106/144 3809/1105/145
f 3809/1105/145 3610/1108/145 3608/1107/144
f 3610/1107/145 3809/1106/145 3810/1105/146
f 3810/1105/146 3612/1108/146 3610/1107/145
f 3612/1107/146 3810/1106/146 3811/1105/147
f 3811/1105/147 3614/1108/147 3612/1107/146
f 3614/1107/147 3811/1106/147 3812/1105/148
f 3812/1105/148 3616/1108/148 3614/1107/147
f 3616/1107/148 3812/1106/148 3813/1105/139
f 3813/1105/139 3618/1108/139 3616/1107/148
f 3618/1107/139 3813/1106/139 3814/1105/149
f 3814/1105/149 3617/1108/149 3618/1107/139
f 3617/1107/149 3814/1106/149 3815/1105/150
f 3815/1105/150 3615/1108/150 3617/1107/149
f 3615/1107/150 3815/1106/150 3816/1105/151
f 3816/1105/151 3613/1108/151 3615/1107/150
f 3613/1107/151 3816/1106/151 3817/1105/152
f 3817/1105/152 3611/1108/152 3613/1107/151
f 3611/1107/152 3817/1106/152 3818/1105/153
f 3818/1105/153 3609/1108/153 3611/1107/152
f 3609/1107/153 3818/1106/153 3804/1105/141
f 3804/1105/141 3607/1108/141 3609/1107/153

usemtl white
f 3822/1088/137 3823/1089/137 3821/1087/137
f 3822/1088/137 3824/1090/137 3823/1089/137
f 3824/1090/137 3825/1091/137 3823/1089/137
f 3824/1090/137 3826/1092/137 3825/1091/137
f 3830/1096/137 3831/1097/137 3829/1095/137
f 3830/1096/137 3832/1098/137 3831/1097/137
f 5851/1210/137 5218/1208/137 5187/1211/137
f 5851/1210/137 5187/1211/137 5190/1213/137
f 5851/1210/137 5212/1129/137 5214/1212/137
f 5851/1210/137 5206/1218/137 5208/1217/137
f 5852/1210/137 5155/1211/137 5158/1213/137
f 5852/1210/137 5170/1222/137 5172/1220/137
f 5853/1210/137 5154/1208/137 5123/1211/137
f 5853/1210/137 5123/1211/137 5126/1213/137
f 5853/1210/137 5148/1129/137 5150/1212/137
f 5853/1210/137 5146/1215/137 5148/1129/137
f 5854/1210/137 5116/1129/137 5118/1212/137
f 5854/1210/137 5114/1215/137 5116/1129/137
f 5854/1210/137 5108/1220/137 5110/1218/137
f 5854/1210/137 5102/1219/137 5104/1221/137
f 5215/1225/137 5213/1224/137 5177/1223/137
f 5215/1225/137 5177/1223/137 5217/1226/137
f 5177/1223/137 5175/1227/137 5217/1226/137
f 5217/1226/137 5175/1227/137 5173/1228/137
f 5213/1224/137 5179/1229/137 5177/1223/137
f 5213/1224/137 5211/1232/137 5179/1229/137
f 5181/1233/137 5077/1108/137 5183/1234/137
f 5183/1234/137 5077/1108/137 5185/1235/137
f 5171/1231/137 5169/1237/137 5189/1230/137
f 5077/1108/137 5078/1107/137 5156/1238/137
f 5209/1239/137 5207/1240/137 5082/1105/137
f 5207/1240/137 5205/1241/137 5082/1105/137
f 5203/1242/137 5201/1243/137 5081/1106/137
f 5119/1254/137 5159/1255/137 5121/1256/137
f 5159/1255/137 5156/1238/137 5121/1256/137
f 5121/1256/137 5156/1238/137 5093/1257/137
f 5092/1258/137 5078/1107/137 5095/1259/137
f 5095/1259/137 5078/1107/137 5097/1260/137
f 5131/1262/137 5129/1263/137 5099/1261/137
f 5127/1266/137 5103/1265/137 5129/1263/137
f 5105/1267/137 5103/1265/137 5127/1266/137
f 5124/1268/137 5105/1267/137 5127/1266/137
f 5135/1271/137 5133/1269/137 5081/1106/137
f 5137/1272/137 5135/1271/137 5081/1106/137
f 5199/1277/137 5143/1276/137 5201/1243/137
f 5145/1278/137 5143/1276/137 5199/1277/137
f 5197/1279/137 5145/1278/137 5199/1277/137
f 5151/1285/137 5191/1284/137 5188/1245/137
f 5153/1286/137 5151/1285/137 5188/1245/137
f 5125/1274/137 5153/1286/137 5107/1270/137
f 5855/1210/137 4624/1209/137 4626/1208/137
f 5855/1210/137 4610/1222/137 4612/1220/137
f 5856/1210/137 4586/1215/137 4588/1129/137
f 5856/1210/137 4568/1214/137 4570/1216/137
f 5857/1210/137 4556/1129/137 4558/1212/137
f 5857/1210/137 4542/1219/137 4544/1221/137
f 5858/1210/137 4530/1208/137 4499/1211/137
f 5858/1210/137 4524/1129/137 4526/1212/137
f 5858/1210/137 4522/1215/137 4524/1129/137
f 5858/1210/137 4504/1214/137 4506/1216/137
f 4623/1225/137 4621/1224/137 4585/1223/137
f 4623/1225/137 4585/1223/137 4625/1226/137
f 4585/1223/137 4583/1227/137 4625/1226/137
f 4625/1226/137 4583/1227/137 4581/1228/137
f 4621/1224/137 4587/1229/137 4585/1223/137
f 4621/1224/137 4619/1232/137 4587/1229/137
f 4589/1233/137 4485/1108/137 4591/1234/137
f 4591/1234/137 4485/1108/137 4593/1235/137
f 4579/1231/137 4577/1237/137 4597/1230/137
f 4485/1108/137 4486/1107/137 4564/1238/137
f 4617/1239/137 4615/1240/137 4490/1105/137
f 4615/1240/137 4613/1241/137 4490/1105/137
f 4611/1242/137 4609/1243/137 4489/1106/137
f 4527/1254/137 4567/1255/137 4529/1256/137
f 4567/1255/137 4564/1238/137 4529/1256/137
f 4529/1256/137 4564/1238/137 4501/1257/137
f 4500/1258/137 4486/1107/137 4503/1259/137
f 4503/1259/137 4486/1107/137 4505/1260/137
f 4539/1262/137 4537/1263/137 4507/1261/137
f 4535/1266/137 4511/1265/137 4537/1263/137
f 4513/1267/137 4511/1265/137 4535/1266/137
f 4532/1268/137 4513/1267/137 4535/1266/137
f 4543/1271/137 4541/1269/137 4489/1106/137
f 4545/1272/137 4543/1271/137 4489/1106/137
f 4607/1277/137 4551/1276/137 4609/1243/137
f 4553/1278/137 4551/1276/137 4607/1277/137
f 4605/1279/137 4553/1278/137 4607/1277/137
f 4559/1285/137 4599/1284/137 4596/1245/137
f 4561/1286/137 4559/1285/137 4596/1245/137
f 4533/1274/137 4561/1286/137 4515/1270/137
f 5859/1210/137 4012/1116/137 4014/1219/137
f 5859/1210/137 4018/1222/137 4020/1220/137
f 5860/1210/137 3992/1217/137 3994/1215/137
f 5860/1210/137 3982/1219/137 3984/1221/137
f 5861/1210/137 3962/1215/137 3964/1129/137
f 5861/1210/137 3944/1214/137 3946/1216/137
f 5861/1210/137 3956/1220/137 3958/1218/137
f 5861/1210/137 3950/1219/137 3952/1221/137
f 5862/1210/137 3924/1220/137 3926/1218/137
f 5862/1210/137 3918/1219/137 3920/1221/137
f 4031/1225/137 4029/1224/137 3993/1223/137
f 4031/1225/137 3993/1223/137 4033/1226/137
f 3993/1223/137 3991/1227/137 4033/1226/137
f 4033/1226/137 3991/1227/137 3989/1228/137
f 4029/1224/137 3995/1229/137 3993/1223/137
f 4029/1224/137 4027/1232/137 3995/1229/137
f 3997/1233/137 3893/1108/137 3999/1234/137
f 3999/1234/137 3893/1108/137 4001/1235/137
f 3987/1231/137 3985/1237/137 4005/1230/137
f 3893/1108/137 3894/1107/137 3972/1238/137
f 4025/1239/137 4023/1240/137 3898/1105/137
f 4023/1240/137 4021/1241/137 3898/1105/137
f 4019/1242/137 4017/1243/137 3897/1106/137
f 3935/1254/137 3975/1255/137 3937/1256/137
f 3975/1255/137 3972/1238/137 3937/1256/137
f 3937/1256/137 3972/1238/137 3909/1257/137
f 3908/1258/137 3894/1107/137 3911/1259/137
f 3911/1259/137 3894/1107/137 3913/1260/137
f 3947/1262/137 3945/1263/137 3915/1261/137
f 3943/1266/137 3919/1265/137 3945/1263/137
f 3921/1267/137 3919/1265/137 3943/1266/137
f 3940/1268/137 3921/1267/137 3943/1266/137
f 3951/1271/137 3949/1269/137 3897/1106/137
f 3953/1272/137 3951/1271/137 3897/1106/137
f 4015/1277/137 3959/1276/137 4017/1243/137
f 3961/1278/137 3959/1276/137 4015/1277/137
f 4013/1279/137 3961/1278/137 4015/1277/137
f 3967/1285/137 4007/1284/137 4004/1245/137
f 3969/1286/137 3967/1285/137 4004/1245/137
f 3941/1274/137 3969/1286/137 3923/1270/137
f 3821/1087/137 3820/1086/137 3819/1085/137
f 3819/1085/137 3822/1088/137 3821/1087/137
f 3828/1094/137 3827/1093/137 3825/1091/137
f 3825/1091/137 3826/1092/137 3828/1094/137
f 3830/1096/137 3829/1095/137 3827/1093/137
f 3827/1093/137 3828/1094/137 3830/1096/137
f 3834/1100/137 3833/1099/137 3831/1097/137
f 3831/1097/137 3832/1098/137 3834/1100/137
f 3837/1110/156 3836/1106/155 3835/1109/154
f 3835/1109/154 3838/1111/157 3837/1110/156
f 3838/1111/157 3835/1109/154 3839/1112/158
f 3839/1112/158 3840/1113/159 3838/1111/157
f 3840/1113/159 3839/1112/158 3841/1114/160
f 3841/1114/160 3842/1115/161 3840/1113/159
f 3843/1116/162 3837/1110/163 3838/1111/162
f 3838/1111/162 3844/1117/164 3843/1116/162
f 3845/1118/167 3843/1116/166 3844/1117/165
f 3844/1117/165 3846/1119/168 3845/1118/167
f 3846/1119/168 3844/1117/165 3847/1120/169
f 3847/1120/169 3848/1121/170 3846/1119/168
f 3848/1121/170 3847/1120/169 3849/1122/171
f 3849/1122/171 3850/1123/172 3848/1121/170
f 3836/1107/173 3845/1118/174 3846/1119/173
f 3846/1119/173 3835/1124/175 3836/1107/173
f 3844/1117/176 3838/1111/177 3840/1113/176
f 3840/1113/176 3847/1120/178 3844/1117/176
f 3835/1124/179 3846/1119/180 3848/1121/179
f 3848/1121/179 3839/1125/181 3835/1124/179
f 3847/1120/184 3840/1113/183 3842/1115/182
f 3842/1115/182 3849/1122/185 3847/1120/184
f 3849/1122/185 3842/1115/182 3851/1126/186
f 3851/1126/186 3852/1127/187 3849/1122/185
f 3852/1127/187 3851/1126/186 3853/1128/188
f 3853/1128/188 3854/1129/189 3852/1127/187
f 3839/1125/192 3848/1121/191 3850/1123/190
f 3850/1123/190 3841/1130/193 3839/1125/192
f 3841/1130/193 3850/1123/190 3855/1131/194
f 3855/1131/194 3856/1132/195 3841/1130/193
f 3856/1132/195 3855/1131/194 3857/1133/196
f 3857/1133/196 3858/1108/197 3856/1132/195
f 3842/1115/198 3841/1114/199 3856/1134/198
f 3856/1134/198 3851/1126/200 3842/1115/198
f 3850/1123/201 3849/1122/202 3852/1127/201
f 3852/1127/201 3855/1131/203 3850/1123/201
f 3851/1126/204 3856/1134/205 3858/1105/204
f 3858/1105/204 3853/1128/206 3851/1126/204
f 3855/1131/207 3852/1127/208 3854/1129/207
f 3854/1129/207 3857/1133/209 3855/1131/207
f 3861/1110/212 3860/1106/211 3859/1135/210
f 3859/1135/210 3862/1136/213 3861/1110/212
f 3862/1136/213 3859/1135/210 3863/1137/214
f 3863/1137/214 3864/1138/215 3862/1136/213
f 3864/1138/215 3863/1137/214 3865/1139/216
f 3865/1139/216 3866/1140/217 3864/1138/215
f 3866/1140/217 3865/1139/216 3867/1141/218
f 3867/1141/218 3868/1142/219 3866/1140/217
f 3868/1142/219 3867/1141/218 3869/1143/220
f 3869/1143/220 3870/1144/220 3868/1142/219
f 3871/1116/221 3861/1110/222 3862/1136/221
f 3862/1136/221 3872/1145/223 3871/1116/221
f 3873/1118/226 3871/1116/225 3872/1145/224
f 3872/1145/224 3874/1146/227 3873/1118/226
f 3874/1146/227 3872/1145/224 3875/1147/228
f 3875/1147/228 3876/1148/229 3874/1146/227
f 3876/1148/229 3875/1147/228 3877/1149/230
f 3877/1149/230 3878/1150/231 3876/1148/229
f 3878/1150/231 3877/1149/230 3879/1151/232
f 3879/1151/232 3880/1152/233 3878/1150/231
f 3880/1152/233 3879/1151/232 3881/1153/234
f 3881/1153/234 3882/1154/234 3880/1152/233
f 3860/1107/235 3873/1118/236 3874/1146/235
f 3874/1146/235 3859/1155/237 3860/1107/235
f 3872/1145/238 3862/1136/239 3864/1138/238
f 3864/1138/238 3875/1147/240 3872/1145/238
f 3859/1155/241 3874/1146/242 3876/1148/241
f 3876/1148/241 3863/1156/243 3859/1155/241
f 3875/1147/244 3864/1138/245 3866/1140/244
f 3866/1140/244 3877/1149/246 3875/1147/244
f 3863/1156/247 3876/1148/248 3878/1150/247
f 3878/1150/247 3865/1157/249 3863/1156/247
f 3877/1149/250 3866/1140/251 3868/1142/250
f 3868/1142/250 3879/1151/252 3877/1149/250
f 3865/1157/253 3878/1150/254 3880/1152/253
f 3880/1152/253 3867/1158/255 3865/1157/253
f 3879/1151/257 3868/1142/257 3870/1144/256
f 3870/1144/256 3881/1153/258 3879/1151/257
f 3881/1153/258 3870/1144/256 3883/1159/259
f 3883/1159/259 3884/1160/260 3881/1153/258
f 3884/1160/260 3883/1159/259 3885/1128/261
f 3885/1128/261 3886/1129/262 3884/1160/260
f 3867/1158/264 3880/1152/264 3882/1154/263
f 3882/1154/263 3869/1161/265 3867/1158/264
f 3869/1161/265 3882/1154/263 3887/1162/266
f 3887/1162/266 3888/1163/267 3869/1161/265
f 3888/1163/267 3887/1162/266 3889/1133/268
f 3889/1133/268 3890/1108/269 3888/1163/267
f 3870/1144/270 3869/1143/271 3888/1164/270
f 3888/1164/270 3883/1159/272 3870/1144/270
f 3882/1154/273 3881/1153/274 3884/1160/273
f 3884/1160/273 3887/1162/275 3882/1154/273
f 3883/1159/276 3888/1164/277 3890/1105/276
f 3890/1105/276 3885/1128/278 3883/1159/276
f 3887/1162/279 3884/1160/280 3886/1129/279
f 3886/1129/279 3889/1133/281 3887/1162/279
f 3893/1106/145 3892/1105/145 3891/1108/145
f 3891/1108/145 3894/1107/145 3893/1106/145
f 3897/1106/152 3896/1105/152 3895/1108/152
f 3895/1108/152 3898/1107/152 3897/1106/152
f 3895/1106/282 3896/1105/282 3891/1108/282
f 3891/1108/282 3892/1107/282 3895/1106/282
f 3620/1102/137 3900/1102/137 3899/1101/137
f 3899/1101/137 3619/1101/137 3620/1102/137
f 3619/1101/152 3899/1101/152 3901/1104/152
f 3901/1104/152 3622/1104/152 3619/1101/152
f 3622/1104/282 3901/1104/282 3902/1103/282
f 3902/1103/282 3621/1103/282 3622/1104/282
f 3621/1103/145 3902/1103/145 3900/1102/145
f 3900/1102/145 3620/1102/145 3621/1103/145
f 3624/1102/137 3904/1102/137 3903/1101/137
f 3903/1101/137 3623/1101/137 3624/1102/137
f 3623/1101/145 3903/1101/145 3905/1104/145
f 3905/1104/145 3626/1104/145 3623/1101/145
f 3626/1104/282 3905/1104/282 3906/1103/282
f 3906/1103/282 3625/1103/282 3626/1104/282
f 3625/1103/152 3906/1103/152 3904/1102/152
f 3904/1102/152 3624/1102/152 3625/1103/152
f 3907/1105/152 3909/1166/152 3908/1165/153
f 3908/1165/153 3910/1167/153 3907/1105/152
f 3910/1167/153 3908/1165/153 3911/1168/141
f 3911/1168/141 3912/1169/141 3910/1167/153
f 3912/1169/141 3911/1168/141 3913/1170/140
f 3913/1170/140 3914/1171/140 3912/1169/141
f 3914/1171/140 3913/1170/140 3915/1172/138
f 3915/1172/138 3916/1128/138 3914/1171/140
f 3916/1128/138 3915/1172/138 3917/1173/142
f 3917/1173/142 3918/1174/142 3916/1128/138
f 3918/1174/142 3917/1173/142 3919/1175/143
f 3919/1175/143 3920/1176/143 3918/1174/142
f 3920/1176/143 3919/1175/143 3921/1177/144
f 3921/1177/144 3922/1178/144 3920/1176/143
f 3922/1178/144 3921/1177/144 3923/1179/145
f 3923/1179/145 3924/1129/145 3922/1178/144
f 3924/1129/145 3923/1179/145 3925/1180/146
f 3925/1180/146 3926/1181/146 3924/1129/145
f 3926/1181/146 3925/1180/146 3927/1182/147
f 3927/1182/147 3928/1183/147 3926/1181/146
f 3928/1183/147 3927/1182/147 3929/1184/148
f 3929/1184/148 3930/1185/148 3928/1183/147
f 3930/1185/148 3929/1184/148 3931/1186/139
f 3931/1186/139 3932/1133/139 3930/1185/148
f 3932/1133/139 3931/1186/139 3933/1187/149
f 3933/1187/149 3934/1188/149 3932/1133/139
f 3934/1188/149 3933/1187/149 3935/1189/150
f 3935/1189/150 3936/1190/150 3934/1188/149
f 3936/1190/150 3935/1189/150 3937/1191/151
f 3937/1191/151 3938/1192/151 3936/1190/150
f 3938/1192/151 3937/1191/151 3909/1193/152
f 3909/1193/152 3907/1108/152 3938/1192/151
f 3939/1105/152 3941/1166/152 3940/1165/153
f 3940/1165/153 3942/1167/153 3939/1105/152
f 3942/1167/153 3940/1165/153 3943/1168/141
f 3943/1168/141 3944/1169/141 3942/1167/153
f 3944/1169/141 3943/1168/141 3945/1170/140
f 3945/1170/140 3946/1171/140 3944/1169/141
f 3946/1171/140 3945/1170/140 3947/1172/138
f 3947/1172/138 3948/1128/138 3946/1171/140
f 3948/1128/138 3947/1172/138 3949/1173/142
f 3949/1173/142 3950/1174/142 3948/1128/138
f 3950/1174/142 3949/1173/142 3951/1175/143
f 3951/1175/143 3952/1176/143 3950/1174/142
f 3952/1176/143 3951/1175/143 3953/1177/144
f 3953/1177/144 3954/1178/144 3952/1176/143
f 3954/1178/144 3953/1177/144 3955/1179/145
f 3955/1179/145 3956/1129/145 3954/1178/144
f 3956/1129/145 3955/1179/145 3957/1180/146
f 3957/1180/146 3958/1181/146 3956/1129/145
f 3958/1181/146 3957/1180/146 3959/1182/147
f 3959/1182/147 3960/1183/147 3958/1181/146
f 3960/1183/147 3959/1182/147 3961/1184/148
f 3961/1184/148 3962/1185/148 3960/1183/147
f 3962/1185/148 3961/1184/148 3963/1186/139
f 3963/1186/139 3964/1133/139 3962/1185/148
f 3964/1133/139 3963/1186/139 3965/1187/149
f 3965/1187/149 3966/1188/149 3964/1133/139
f 3966/1188/149 3965/1187/149 3967/1189/150
f 3967/1189/150 3968/1190/150 3966/1188/149
f 3968/1190/150 3967/1189/150 3969/1191/151
f 3969/1191/151 3970/1192/151 3968/1190/150
f 3970/1192/151 3969/1191/151 3941/1193/152
f 3941/1193/152 3939/1108/152 3970/1192/151
f 3971/1105/152 3973/1166/152 3972/1165/153
f 3972/1165/153 3974/1167/153 3971/1105/152
f 3974/1167/153 3972/1165/153 3975/1168/141
f 3975/1168/141 3976/1169/141 3974/1167/153
f 3976/1169/141 3975/1168/141 3977/1170/140
f 3977/1170/140 3978/1171/140 3976/1169/141
f 3978/1171/140 3977/1170/140 3979/1172/138
f 3979/1172/138 3980/1128/138 3978/1171/140
f 3980/1128/138 3979/1172/138 3981/1173/142
f 3981/1173/142 3982/1174/142 3980/1128/138
f 3982/1174/142 3981/1173/142 3983/1175/143
f 3983/1175/143 3984/1176/143 3982/1174/142
f 3984/1176/143 3983/1175/143 3985/1177/144
f 3985/1177/144 3986/1178/144 3984/1176/143
f 3986/1178/144 3985/1177/144 3987/1179/145
f 3987/1179/145 3988/1129/145 3986/1178/144
f 3988/1129/145 3987/1179/145 3989/1180/146
f 3989/1180/146 3990/1181/146 3988/1129/145
f 3990/1181/146 3989/1180/146 3991/1182/147
f 3991/1182/147 3992/1183/147 3990/1181/146
f 3992/1183/147 3991/1182/147 3993/1184/148
f 3993/1184/148 3994/1185/148 3992/1183/147
f 3994/1185/148 3993/1184/148 3995/1186/139
f 3995/1186/139 3996/1133/139 3994/1185/148
f 3996/1133/139 3995/1186/139 3997/1187/149
f 3997/1187/149 3998/1188/149 3996/1133/139
f 3998/1188/149 3997/1187/149 3999/1189/150
f 3999/1189/150 4000/1190/150 3998/1188/149
f 4000/1190/150 3999/1189/150 4001/1191/151
f 4001/1191/151 4002/1192/151 4000/1190/150
f 4002/1192/151 4001/1191/151 3973/1193/152
f 3973/1193/152 3971/1108/152 4002/1192/151
f 4003/1105/152 4005/1166/152 4004/1165/153
f 4004/1165/153 4006/1167/153 4003/1105/152
f 4006/1167/153 4004/1165/153 4007/1168/141
f 4007/1168/141 4008/1169/141 4006/1167/153
f 4008/1169/141 4007/1168/141 4009/1170/140
f 4009/1170/140 4010/1171/140 4008/1169/141
f 4010/1171/140 4009/1170/140 4011/1172/138
f 4011/1172/138 4012/1128/138 4010/1171/140
f 4012/1128/138 4011/1172/138 4013/1173/142
f 4013/1173/142 4014/1174/142 4012/1128/138
f 4014/1174/142 4013/1173/142 4015/1175/143
f 4015/1175/143 4016/1176/143 4014/1174/142
f 4016/1176/143 4015/1175/143 4017/1177/144
f 4017/1177/144 4018/1178/144 4016/1176/143
f 4018/1178/144 4017/1177/144 4019/1179/145
f 4019/1179/145 4020/1129/145 4018/1178/144
f 4020/1129/145 4019/1179/145 4021/1180/146
f 4021/1180/146 4022/1181/146 4020/1129/145
f 4022/1181/146 4021/1180/146 4023/1182/147
f 4023/1182/147 4024/1183/147 4022/1181/146
f 4024/1183/147 4023/1182/147 4025/1184/148
f 4025/1184/148 4026/1185/148 4024/1183/147
f 4026/1185/148 4025/1184/148 4027/1186/139
f 4027/1186/139 4028/1133/139 4026/1185/148
f 4028/1133/139 4027/1186/139 4029/1187/149
f 4029/1187/149 4030/1188/149 4028/1133/139
f 4030/1188/149 4029/1187/149 4031/1189/150
f 4031/1189/150 4032/1190/150 4030/1188/149
f 4032/1190/150 4031/1189/150 4033/1191/151
f 4033/1191/151 4034/1192/151 4032/1190/150
f 4034/1192/151 4033/1191/151 4005/1193/152
f 4005/1193/152 4003/1108/152 4034/1192/151
f 4037/1106/138 4036/1105/138 4035/1108/138
f 4035/1108/138 4038/1107/138 4037/1106/138
f 4038/1106/283 4035/1105/283 4039/1108/283
f 4039/1108/283 4040/1107/283 4038/1106/283
f 4040/1106/139 4039/1105/139 4041/1108/139
f 4041/1108/139 4042/1107/139 4040/1106/139
f 4042/1106/284 4041/1105/284 4036/1108/284
f 4036/1108/284 4037/1107/284 4042/1106/284
f 4042/1106/285 4037/1105/285 4038/1108/285
f 4038/1108/285 4040/1107/285 4042/1106/285
f 4036/1106/286 4041/1105/286 4039/1108/286
f 4039/1108/286 4035/1107/286 4036/1106/286
f 4045/1106/287 4044/1105/287 4043/1108/287
f 4043/1108/287 4046/1107/141 4045/1106/287
f 4046/1106/288 4043/1105/289 4047/1108/288
f 4047/1108/288 4048/1107/288 4046/1106/288
f 4048/1106/147 4047/1105/147 4049/1108/147
f 4049/1108/147 4050/1107/147 4048/1106/147
f 4050/1106/290 4049/1105/290 4044/1108/290
f 4044/1108/290 4045/1107/290 4050/1106/290
f 4050/1106/291 4045/1105/291 4046/1108/291
f 4046/1108/291 4048/1107/291 4050/1106/291
f 4044/1106/292 4049/1105/292 4047/1108/292
f 4047/1108/292 4043/1107/292 4044/1106/292
f 4053/1106/152 4052/1105/152 4051/1108/152
f 4051/1108/152 4054/1107/152 4053/1106/152
f 4054/1106/293 4051/1105/293 4055/1108/293
f 4055/1108/293 4056/1107/293 4054/1106/293
f 4056/1106/145 4055/1105/145 4057/1108/145
f 4057/1108/145 4058/1107/145 4056/1106/145
f 4058/1106/294 4057/1105/294 4052/1108/294
f 4052/1108/294 4053/1107/294 4058/1106/294
f 4058/1106/295 4053/1105/295 4054/1108/295
f 4054/1108/295 4056/1107/295 4058/1106/295
f 4052/1106/296 4057/1105/296 4055/1108/296
f 4055/1108/296 4051/1107/296 4052/1106/296
f 4061/1106/297 4060/1105/297 4059/1108/297
f 4059/1108/297 4062/1107/297 4061/1106/297
f 4062/1106/298 4059/1105/298 4063/1108/298
f 4063/1108/298 4064/1107/298 4062/1106/298
f 4064/1106/143 4063/1105/143 4065/1108/143
f 4065/1108/143 4066/1107/143 4064/1106/143
f 4066/1106/299 4065/1105/299 4060/1108/299
f 4060/1108/299 4061/1107/299 4066/1106/299
f 4066/1106/300 4061/1105/300 4062/1108/300
f 4062/1108/300 4064/1107/300 4066/1106/300
f 4060/1106/301 4065/1105/301 4063/1108/301
f 4063/1108/301 4059/1107/301 4060/1106/301
f 4069/1106/139 4068/1105/139 4067/1108/139
f 4067/1108/139 4070/1107/139 4069/1106/139
f 4070/1106/302 4067/1105/302 4071/1108/302
f 4071/1108/302 4072/1107/302 4070/1106/302
f 4072/1106/138 4071/1105/138 4073/1108/138
f 4073/1108/138 4074/1107/138 4072/1106/138
f 4074/1106/303 4073/1105/303 4068/1108/303
f 4068/1108/303 4069/1107/303 4074/1106/303
f 4074/1106/304 4069/1105/304 4070/1108/304
f 4070/1108/304 4072/1107/304 4074/1106/304
f 4068/1106/305 4073/1105/305 4071/1108/305
f 4071/1108/305 4067/1107/305 4068/1106/305
f 4077/1106/147 4076/1105/147 4075/1108/147
f 4075/1108/147 4078/1107/147 4077/1106/147
f 4078/1106/306 4075/1105/306 4079/1108/306
f 4079/1108/306 4080/1107/306 4078/1106/306
f 4080/1106/141 4079/1105/141 4081/1108/141
f 4081/1108/141 4082/1107/141 4080/1106/141
f 4082/1106/307 4081/1105/307 4076/1108/307
f 4076/1108/307 4077/1107/307 4082/1106/307
f 4082/1106/308 4077/1105/308 4078/1108/308
f 4078/1108/308 4080/1107/308 4082/1106/308
f 4076/1106/309 4081/1105/309 4079/1108/309
f 4079/1108/309 4075/1107/309 4076/1106/309
f 4085/1106/145 4084/1105/145 4083/1108/145
f 4083/1108/145 4086/1107/145 4085/1106/145
f 4086/1106/310 4083/1105/310 4087/1108/310
f 4087/1108/310 4088/1107/310 4086/1106/310
f 4088/1106/152 4087/1105/152 4089/1108/152
f 4089/1108/152 4090/1107/152 4088/1106/152
f 4090/1106/311 4089/1105/311 4084/1108/311
f 4084/1108/311 4085/1107/311 4090/1106/311
f 4090/1106/312 4085/1105/312 4086/1108/312
f 4086/1108/312 4088/1107/312 4090/1106/312
f 4084/1106/313 4089/1105/313 4087/1108/313
f 4087/1108/313 4083/1107/313 4084/1106/313
f 4093/1106/143 4092/1105/143 4091/1108/143
f 4091/1108/143 4094/1107/143 4093/1106/143
f 4094/1106/314 4091/1105/314 4095/1108/314
f 4095/1108/314 4096/1107/314 4094/1106/314
f 4096/1106/150 4095/1105/150 4097/1108/150
f 4097/1108/150 4098/1107/150 4096/1106/150
f 4098/1106/315 4097/1105/315 4092/1108/315
f 4092/1108/315 4093/1107/315 4098/1106/315
f 4098/1106/316 4093/1105/316 4094/1108/316
f 4094/1108/316 4096/1107/316 4098/1106/316
f 4092/1106/317 4097/1105/317 4095/1108/317
f 4095/1108/317 4091/1107/317 4092/1106/317
f 4101/1106/145 4100/1105/145 4099/1167/146
f 4099/1167/146 4102/1194/146 4101/1106/145
f 4102/1194/146 4099/1167/146 4103/1169/147
f 4103/1169/147 4104/1195/147 4102/1194/146
f 4104/1195/147 4103/1169/147 4105/1171/148
f 4105/1171/148 4106/1196/148 4104/1195/147
f 4106/1196/148 4105/1171/148 4107/1128/139
f 4107/1128/139 4108/1110/139 4106/1196/148
f 4108/1110/139 4107/1128/139 4109/1174/149
f 4109/1174/149 4110/1197/149 4108/1110/139
f 4110/1197/149 4109/1174/149 4111/1176/150
f 4111/1176/150 4112/1198/150 4110/1197/149
f 4112/1198/150 4111/1176/150 4113/1178/151
f 4113/1178/151 4114/1199/151 4112/1198/150
f 4114/1199/151 4113/1178/151 4115/1129/152
f 4115/1129/152 4116/1116/152 4114/1199/151
f 4116/1116/152 4115/1129/152 4117/1181/153
f 4117/1181/153 4118/1200/153 4116/1116/152
f 4118/1200/153 4117/1181/153 4119/1183/141
f 4119/1183/141 4120/1201/141 4118/1200/153
f 4120/1201/141 4119/1183/141 4121/1185/140
f 4121/1185/140 4122/1202/140 4120/1201/141
f 4122/1202/140 4121/1185/140 4123/1133/138
f 4123/1133/138 4124/1118/138 4122/1202/140
f 4124/1118/138 4123/1133/138 4125/1188/142
f 4125/1188/142 4126/1203/142 4124/1118/138
f 4126/1203/142 4125/1188/142 4127/1190/143
f 4127/1190/143 4128/1204/143 4126/1203/142
f 4128/1204/143 4127/1190/143 4129/1192/144
f 4129/1192/144 4130/1205/144 4128/1204/143
f 4130/1205/144 4129/1192/144 4100/1108/145
f 4100/1108/145 4101/1107/145 4130/1205/144
f 3628/1107/137 4104/1106/137 4106/1105/137
f 4106/1105/137 3627/1108/137 3628/1107/137
f 3627/1107/137 4106/1106/137 4108/1105/137
f 4108/1105/137 3629/1108/137 3627/1107/137
f 3629/1107/137 4108/1106/137 4110/1197/137
f 4110/1197/137 3630/1206/137 3629/1107/137
f 3630/1206/137 4110/1197/137 4112/1198/137
f 4112/1198/137 3631/1207/137 3630/1206/137
f 3631/1207/137 4112/1198/137 4114/1105/137
f 4114/1105/137 3632/1108/137 3631/1207/137
f 3632/1107/137 4114/1106/137 4116/1105/137
f 4116/1105/137 3633/1108/137 3632/1107/137
f 3633/1107/137 4116/1106/137 4118/1105/137
f 4118/1105/137 3634/1108/137 3633/1107/137
f 3634/1107/137 4118/1106/137 4120/1105/137
f 4120/1105/137 3635/1108/137 3634/1107/137
f 3635/1107/137 4120/1106/137 4122/1105/137
f 4122/1105/137 3636/1108/137 3635/1107/137
f 3636/1107/137 4122/1106/137 4124/1105/137
f 4124/1105/137 3637/1108/137 3636/1107/137
f 3637/1107/137 4124/1106/137 4126/1105/137
f 4126/1105/137 3638/1108/137 3637/1107/137
f 3638/1107/137 4126/1106/137 4128/1105/137
f 4128/1105/137 3639/1108/137 3638/1107/137
f 3639/1107/137 4128/1106/137 4130/1105/137
f 4130/1105/137 3640/1108/137 3639/1107/137
f 3640/1107/137 4130/1106/137 4101/1105/137
f 4101/1105/137 3641/1108/137 3640/1107/137
f 3641/1107/137 4101/1106/137 4102/1105/137
f 4102/1105/137 3642/1108/137 3641/1107/137
f 3642/1107/137 4102/1106/137 4104/1105/137
f 4104/1105/137 3628/1108/137 3642/1107/137
f 4133/1106/138 4132/1105/138 4131/1108/138
f 4131/1108/138 4134/1107/138 4133/1106/138
f 4134/1106/283 4131/1105/283 4135/1108/283
f 4135/1108/283 4136/1107/283 4134/1106/283
f 4136/1106/139 4135/1105/139 4137/1108/139
f 4137/1108/139 4138/1107/139 4136/1106/139
f 4138/1106/284 4137/1105/284 4132/1108/284
f 4132/1108/284 4133/1107/284 4138/1106/284
f 4138/1106/285 4133/1105/285 4134/1108/285
f 4134/1108/285 4136/1107/285 4138/1106/285
f 4132/1106/286 4137/1105/286 4135/1108/286
f 4135/1108/286 4131/1107/286 4132/1106/286
f 4141/1106/141 4140/1105/141 4139/1108/141
f 4139/1108/141 4142/1107/141 4141/1106/141
f 4142/1106/288 4139/1105/289 4143/1108/288
f 4143/1108/288 4144/1107/288 4142/1106/288
f 4144/1106/318 4143/1105/318 4145/1108/318
f 4145/1108/318 4146/1107/318 4144/1106/318
f 4146/1106/319 4145/1105/319 4140/1108/319
f 4140/1108/319 4141/1107/290 4146/1106/319
f 4146/1106/291 4141/1105/291 4142/1108/291
f 4142/1108/291 4144/1107/291 4146/1106/291
f 4140/1106/292 4145/1105/292 4143/1108/292
f 4143/1108/292 4139/1107/292 4140/1106/292
f 4149/1106/152 4148/1105/152 4147/1108/152
f 4147/1108/152 4150/1107/152 4149/1106/152
f 4150/1106/293 4147/1105/293 4151/1108/293
f 4151/1108/293 4152/1107/293 4150/1106/293
f 4152/1106/145 4151/1105/145 4153/1108/145
f 4153/1108/145 4154/1107/145 4152/1106/145
f 4154/1106/294 4153/1105/294 4148/1108/294
f 4148/1108/294 4149/1107/294 4154/1106/294
f 4154/1106/295 4149/1105/295 4150/1108/295
f 4150/1108/295 4152/1107/295 4154/1106/295
f 4148/1106/296 4153/1105/296 4151/1108/296
f 4151/1108/296 4147/1107/296 4148/1106/296
f 4157/1106/150 4156/1105/150 4155/1108/150
f 4155/1108/150 4158/1107/150 4157/1106/150
f 4158/1106/320 4155/1105/320 4159/1108/320
f 4159/1108/320 4160/1107/320 4158/1106/320
f 4160/1106/321 4159/1105/321 4161/1108/321
f 4161/1108/321 4162/1107/321 4160/1106/321
f 4162/1106/299 4161/1105/322 4156/1108/299
f 4156/1108/299 4157/1107/323 4162/1106/299
f 4162/1106/300 4157/1105/300 4158/1108/300
f 4158/1108/300 4160/1107/300 4162/1106/300
f 4156/1106/301 4161/1105/301 4159/1108/301
f 4159/1108/301 4155/1107/301 4156/1106/301
f 4165/1106/139 4164/1105/139 4163/1108/139
f 4163/1108/139 4166/1107/139 4165/1106/139
f 4166/1106/302 4163/1105/302 4167/1108/302
f 4167/1108/302 4168/1107/302 4166/1106/302
f 4168/1106/138 4167/1105/138 4169/1108/138
f 4169/1108/138 4170/1107/138 4168/1106/138
f 4170/1106/303 4169/1105/303 4164/1108/303
f 4164/1108/303 4165/1107/303 4170/1106/303
f 4170/1106/304 4165/1105/304 4166/1108/304
f 4166/1108/304 4168/1107/304 4170/1106/304
f 4164/1106/305 4169/1105/305 4167/1108/305
f 4167/1108/305 4163/1107/305 4164/1106/305
f 4173/1106/324 4172/1105/325 4171/1108/324
f 4171/1108/324 4174/1107/147 4173/1106/324
f 4174/1106/306 4171/1105/306 4175/1108/306
f 4175/1108/306 4176/1107/306 4174/1106/306
f 4176/1106/141 4175/1105/141 4177/1108/141
f 4177/1108/141 4178/1107/141 4176/1106/141
f 4178/1106/307 4177/1105/326 4172/1108/307
f 4172/1108/307 4173/1107/327 4178/1106/307
f 4178/1106/308 4173/1105/308 4174/1108/308
f 4174/1108/308 4176/1107/308 4178/1106/308
f 4172/1106/309 4177/1105/309 4175/1108/309
f 4175/1108/309 4171/1107/309 4172/1106/309
f 4181/1106/145 4180/1105/145 4179/1108/145
f 4179/1108/145 4182/1107/145 4181/1106/145
f 4182/1106/310 4179/1105/310 4183/1108/310
f 4183/1108/310 4184/1107/310 4182/1106/310
f 4184/1106/152 4183/1105/152 4185/1108/152
f 4185/1108/152 4186/1107/152 4184/1106/152
f 4186/1106/311 4185/1105/311 4180/1108/311
f 4180/1108/311 4181/1107/311 4186/1106/311
f 4186/1106/312 4181/1105/312 4182/1108/312
f 4182/1108/312 4184/1107/312 4186/1106/312
f 4180/1106/313 4185/1105/313 4183/1108/313
f 4183/1108/313 4179/1107/313 4180/1106/313
f 4189/1106/143 4188/1105/143 4187/1108/143
f 4187/1108/143 4190/1107/328 4189/1106/143
f 4190/1106/314 4187/1105/314 4191/1108/314
f 4191/1108/314 4192/1107/329 4190/1106/314
f 4192/1106/150 4191/1105/150 4193/1108/150
f 4193/1108/150 4194/1107/330 4192/1106/150
f 4194/1106/315 4193/1105/315 4188/1108/315
f 4188/1108/315 4189/1107/315 4194/1106/315
f 4194/1106/316 4189/1105/316 4190/1108/316
f 4190/1108/316 4192/1107/316 4194/1106/316
f 4188/1106/317 4193/1105/317 4191/1108/317
f 4191/1108/317 4187/1107/317 4188/1106/317
f 4197/1106/145 4196/1105/145 4195/1167/146
f 4195/1167/146 4198/1194/146 4197/1106/145
f 4198/1194/146 4195/1167/146 4199/1169/147
f 4199/1169/147 4200/1195/147 4198/1194/146
f 4200/1195/147 4199/1169/147 4201/1171/148
f 4201/1171/148 4202/1196/148 4200/1195/147
f 4202/1196/148 4201/1171/148 4203/1128/139
f 4203/1128/139 4204/1110/139 4202/1196/148
f 4204/1110/139 4203/1128/139 4205/1174/149
f 4205/1174/149 4206/1197/149 4204/1110/139
f 4206/1197/149 4205/1174/149 4207/1176/150
f 4207/1176/150 4208/1198/150 4206/1197/149
f 4208/1198/150 4207/1176/150 4209/1178/151
f 4209/1178/151 4210/1199/151 4208/1198/150
f 4210/1199/151 4209/1178/151 4211/1129/152
f 4211/1129/152 4212/1116/152 4210/1199/151
f 4212/1116/152 4211/1129/152 4213/1181/153
f 4213/1181/153 4214/1200/153 4212/1116/152
f 4214/1200/153 4213/1181/153 4215/1183/141
f 4215/1183/141 4216/1201/141 4214/1200/153
f 4216/1201/141 4215/1183/141 4217/1185/140
f 4217/1185/140 4218/1202/140 4216/1201/141
f 4218/1202/140 4217/1185/140 4219/1133/138
f 4219/1133/138 4220/1118/138 4218/1202/140
f 4220/1118/138 4219/1133/138 4221/1188/142
f 4221/1188/142 4222/1203/142 4220/1118/138
f 4222/1203/142 4221/1188/142 4223/1190/143
f 4223/1190/143 4224/1204/143 4222/1203/142
f 4224/1204/143 4223/1190/143 4225/1192/144
f 4225/1192/144 4226/1205/144 4224/1204/143
f 4226/1205/144 4225/1192/144 4196/1108/145
f 4196/1108/145 4197/1107/145 4226/1205/144
f 3644/1107/137 4200/1106/137 4202/1105/137
f 4202/1105/137 3643/1108/137 3644/1107/137
f 3643/1107/137 4202/1106/137 4204/1105/137
f 4204/1105/137 3645/1108/137 3643/1107/137
f 3645/1107/137 4204/1106/137 4206/1197/137
f 4206/1197/137 3646/1206/137 3645/1107/137
f 3646/1206/137 4206/1197/137 4208/1198/137
f 4208/1198/137 3647/1207/137 3646/1206/137
f 3647/1207/137 4208/1198/137 4210/1105/137
f 4210/1105/137 3648/1108/137 3647/1207/137
f 3648/1107/137 4210/1106/137 4212/1105/137
f 4212/1105/137 3649/1108/137 3648/1107/137
f 3649/1107/137 4212/1106/137 4214/1105/137
f 4214/1105/137 3650/1108/137 3649/1107/137
f 3650/1107/137 4214/1106/137 4216/1105/137
f 4216/1105/137 3651/1108/137 3650/1107/137
f 3651/1107/137 4216/1106/137 4218/1105/137
f 4218/1105/137 3652/1108/137 3651/1107/137
f 3652/1107/137 4218/1106/137 4220/1105/137
f 4220/1105/137 3653/1108/137 3652/1107/137
f 3653/1107/137 4220/1106/137 4222/1105/137
f 4222/1105/137 3654/1108/137 3653/1107/137
f 3654/1107/137 4222/1106/137 4224/1105/137
f 4224/1105/137 3655/1108/137 3654/1107/137
f 3655/1107/137 4224/1106/137 4226/1105/137
f 4226/1105/137 3656/1108/137 3655/1107/137
f 3656/1107/137 4226/1106/137 4197/1105/137
f 4197/1105/137 3657/1108/137 3656/1107/137
f 3657/1107/137 4197/1106/137 4198/1105/137
f 4198/1105/137 3658/1108/137 3657/1107/137
f 3658/1107/137 4198/1106/137 4200/1105/137
f 4200/1105/137 3644/1108/137 3658/1107/137
f 4229/1106/138 4228/1105/138 4227/1108/138
f 4227/1108/138 4230/1107/138 4229/1106/138
f 4230/1106/283 4227/1105/283 4231/1108/283
f 4231/1108/283 4232/1107/283 4230/1106/283
f 4232/1106/139 4231/1105/139 4233/1108/139
f 4233/1108/139 4234/1107/139 4232/1106/139
f 4234/1106/284 4233/1105/284 4228/1108/284
f 4228/1108/284 4229/1107/284 4234/1106/284
f 4234/1106/285 4229/1105/285 4230/1108/285
f 4230/1108/285 4232/1107/285 4234/1106/285
f 4228/1106/286 4233/1105/286 4231/1108/286
f 4231/1108/286 4227/1107/286 4228/1106/286
f 4237/1106/141 4236/1105/141 4235/1108/141
f 4235/1108/141 4238/1107/141 4237/1106/141
f 4238/1106/288 4235/1105/289 4239/1108/288
f 4239/1108/288 4240/1107/288 4238/1106/288
f 4240/1106/147 4239/1105/324 4241/1108/147
f 4241/1108/147 4242/1107/147 4240/1106/147
f 4242/1106/331 4241/1105/331 4236/1108/331
f 4236/1108/331 4237/1107/331 4242/1106/331
f 4242/1106/291 4237/1105/291 4238/1108/291
f 4238/1108/291 4240/1107/291 4242/1106/291
f 4236/1106/292 4241/1105/292 4239/1108/292
f 4239/1108/292 4235/1107/292 4236/1106/292
f 4245/1106/152 4244/1105/152 4243/1108/152
f 4243/1108/152 4246/1107/152 4245/1106/152
f 4246/1106/293 4243/1105/293 4247/1108/293
f 4247/1108/293 4248/1107/293 4246/1106/293
f 4248/1106/145 4247/1105/145 4249/1108/145
f 4249/1108/145 4250/1107/145 4248/1106/145
f 4250/1106/294 4249/1105/294 4244/1108/294
f 4244/1108/294 4245/1107/294 4250/1106/294
f 4250/1106/295 4245/1105/295 4246/1108/295
f 4246/1108/295 4248/1107/295 4250/1106/295
f 4244/1106/296 4249/1105/296 4247/1108/296
f 4247/1108/296 4243/1107/296 4244/1106/296
f 4253/1106/150 4252/1105/150 4251/1108/150
f 4251/1108/150 4254/1107/150 4253/1106/150
f 4254/1106/298 4251/1105/298 4255/1108/298
f 4255/1108/298 4256/1107/298 4254/1106/298
f 4256/1106/143 4255/1105/143 4257/1108/143
f 4257/1108/143 4258/1107/143 4256/1106/143
f 4258/1106/299 4257/1105/299 4252/1108/299
f 4252/1108/299 4253/1107/323 4258/1106/299
f 4258/1106/300 4253/1105/300 4254/1108/300
f 4254/1108/300 4256/1107/300 4258/1106/300
f 4252/1106/301 4257/1105/301 4255/1108/301
f 4255/1108/301 4251/1107/301 4252/1106/301
f 4261/1106/139 4260/1105/139 4259/1108/139
f 4259/1108/139 4262/1107/139 4261/1106/139
f 4262/1106/302 4259/1105/302 4263/1108/302
f 4263/1108/302 4264/1107/302 4262/1106/302
f 4264/1106/138 4263/1105/138 4265/1108/138
f 4265/1108/138 4266/1107/138 4264/1106/138
f 4266/1106/303 4265/1105/303 4260/1108/303
f 4260/1108/303 4261/1107/303 4266/1106/303
f 4266/1106/304 4261/1105/304 4262/1108/304
f 4262/1108/304 4264/1107/304 4266/1106/304
f 4260/1106/305 4265/1105/305 4263/1108/305
f 4263/1108/305 4259/1107/305 4260/1106/305
f 4269/1106/147 4268/1105/147 4267/1108/147
f 4267/1108/147 4270/1107/147 4269/1106/147
f 4270/1106/306 4267/1105/306 4271/1108/306
f 4271/1108/306 4272/1107/306 4270/1106/306
f 4272/1106/141 4271/1105/141 4273/1108/141
f 4273/1108/141 4274/1107/141 4272/1106/141
f 4274/1106/307 4273/1105/307 4268/1108/307
f 4268/1108/307 4269/1107/307 4274/1106/307
f 4274/1106/308 4269/1105/308 4270/1108/308
f 4270/1108/308 4272/1107/308 4274/1106/308
f 4268/1106/309 4273/1105/309 4271/1108/309
f 4271/1108/309 4267/1107/309 4268/1106/309
f 4277/1106/145 4276/1105/145 4275/1108/145
f 4275/1108/145 4278/1107/145 4277/1106/145
f 4278/1106/310 4275/1105/310 4279/1108/310
f 4279/1108/310 4280/1107/310 4278/1106/310
f 4280/1106/152 4279/1105/152 4281/1108/152
f 4281/1108/152 4282/1107/152 4280/1106/152
f 4282/1106/311 4281/1105/311 4276/1108/311
f 4276/1108/311 4277/1107/311 4282/1106/311
f 4282/1106/312 4277/1105/312 4278/1108/312
f 4278/1108/312 4280/1107/312 4282/1106/312
f 4276/1106/313 4281/1105/313 4279/1108/313
f 4279/1108/313 4275/1107/313 4276/1106/313
f 4285/1106/143 4284/1105/143 4283/1108/143
f 4283/1108/143 4286/1107/143 4285/1106/143
f 4286/1106/314 4283/1105/314 4287/1108/314
f 4287/1108/314 4288/1107/314 4286/1106/314
f 4288/1106/150 4287/1105/150 4289/1108/150
f 4289/1108/150 4290/1107/150 4288/1106/150
f 4290/1106/315 4289/1105/332 4284/1108/315
f 4284/1108/315 4285/1107/315 4290/1106/315
f 4290/1106/316 4285/1105/316 4286/1108/316
f 4286/1108/316 4288/1107/316 4290/1106/316
f 4284/1106/317 4289/1105/317 4287/1108/317
f 4287/1108/317 4283/1107/317 4284/1106/317
f 4293/1106/145 4292/1105/145 4291/1167/146
f 4291/1167/146 4294/1194/146 4293/1106/145
f 4294/1194/146 4291/1167/146 4295/1169/147
f 4295/1169/147 4296/1195/147 4294/1194/146
f 4296/1195/147 4295/1169/147 4297/1171/148
f 4297/1171/148 4298/1196/148 4296/1195/147
f 4298/1196/148 4297/1171/148 4299/1128/139
f 4299/1128/139 4300/1110/139 4298/1196/148
f 4300/1110/139 4299/1128/139 4301/1174/149
f 4301/1174/149 4302/1197/149 4300/1110/139
f 4302/1197/149 4301/1174/149 4303/1176/150
f 4303/1176/150 4304/1198/150 4302/1197/149
f 4304/1198/150 4303/1176/150 4305/1178/151
f 4305/1178/151 4306/1199/151 4304/1198/150
f 4306/1199/151 4305/1178/151 4307/1129/152
f 4307/1129/152 4308/1116/152 4306/1199/151
f 4308/1116/152 4307/1129/152 4309/1181/153
f 4309/1181/153 4310/1200/153 4308/1116/152
f 4310/1200/153 4309/1181/153 4311/1183/141
f 4311/1183/141 4312/1201/141 4310/1200/153
f 4312/1201/141 4311/1183/141 4313/1185/140
f 4313/1185/140 4314/1202/140 4312/1201/141
f 4314/1202/140 4313/1185/140 4315/1133/138
f 4315/1133/138 4316/1118/138 4314/1202/140
f 4316/1118/138 4315/1133/138 4317/1188/142
f 4317/1188/142 4318/1203/142 4316/1118/138
f 4318/1203/142 4317/1188/142 4319/1190/143
f 4319/1190/143 4320/1204/143 4318/1203/142
f 4320/1204/143 4319/1190/143 4321/1192/144
f 4321/1192/144 4322/1205/144 4320/1204/143
f 4322/1205/144 4321/1192/144 4292/1108/145
f 4292/1108/145 4293/1107/145 4322/1205/144
f 3660/1107/137 4296/1106/137 4298/1105/137
f 4298/1105/137 3659/1108/137 3660/1107/137
f 3659/1107/137 4298/1106/137 4300/1105/137
f 4300/1105/137 3661/1108/137 3659/1107/137
f 3661/1107/137 4300/1106/137 4302/1197/137
f 4302/1197/137 3662/1206/137 3661/1107/137
f 3662/1206/137 4302/1197/137 4304/1198/137
f 4304/1198/137 3663/1207/137 3662/1206/137
f 3663/1207/137 4304/1198/137 4306/1105/137
f 4306/1105/137 3664/1108/137 3663/1207/137
f 3664/1107/137 4306/1106/137 4308/1105/137
f 4308/1105/137 3665/1108/137 3664/1107/137
f 3665/1107/137 4308/1106/137 4310/1105/137
f 4310/1105/137 3666/1108/137 3665/1107/137
f 3666/1107/137 4310/1106/137 4312/1105/137
f 4312/1105/137 3667/1108/137 3666/1107/137
f 3667/1107/137 4312/1106/137 4314/1105/137
f 4314/1105/137 3668/1108/137 3667/1107/137
f 3668/1107/137 4314/1106/137 4316/1105/137
f 4316/1105/137 3669/1108/137 3668/1107/137
f 3669/1107/137 4316/1106/137 4318/1105/137
f 4318/1105/137 3670/1108/137 3669/1107/137
f 3670/1107/137 4318/1106/137 4320/1105/137
f 4320/1105/137 3671/1108/137 3670/1107/137
f 3671/1107/137 4320/1106/137 4322/1105/137
f 4322/1105/137 3672/1108/137 3671/1107/137
f 3672/1107/137 4322/1106/137 4293/1105/137
f 4293/1105/137 3673/1108/137 3672/1107/137
f 3673/1107/137 4293/1106/137 4294/1105/137
f 4294/1105/137 3674/1108/137 3673/1107/137
f 3674/1107/137 4294/1106/137 4296/1105/137
f 4296/1105/137 3660/1108/137 3674/1107/137
f 4325/1106/138 4324/1105/138 4323/1108/138
f 4323/1108/138 4326/1107/138 4325/1106/138
f 4326/1106/283 4323/1105/283 4327/1108/283
f 4327/1108/283 4328/1107/283 4326/1106/283
f 4328/1106/139 4327/1105/139 4329/1108/139
f 4329/1108/139 4330/1107/139 4328/1106/139
f 4330/1106/284 4329/1105/284 4324/1108/284
f 4324/1108/284 4325/1107/284 4330/1106/284
f 4330/1106/285 4325/1105/285 4326/1108/285
f 4326/1108/285 4328/1107/285 4330/1106/285
f 4324/1106/286 4329/1105/286 4327/1108/286
f 4327/1108/286 4323/1107/286 4324/1106/286
f 4333/1106/141 4332/1105/141 4331/1108/141
f 4331/1108/141 4334/1107/141 4333/1106/141
f 4334/1106/288 4331/1105/289 4335/1108/288
f 4335/1108/288 4336/1107/288 4334/1106/288
f 4336/1106/318 4335/1105/318 4337/1108/318
f 4337/1108/318 4338/1107/318 4336/1106/318
f 4338/1106/319 4337/1105/319 4332/1108/319
f 4332/1108/319 4333/1107/319 4338/1106/319
f 4338/1106/291 4333/1105/291 4334/1108/291
f 4334/1108/291 4336/1107/291 4338/1106/291
f 4332/1106/292 4337/1105/292 4335/1108/292
f 4335/1108/292 4331/1107/292 4332/1106/292
f 4341/1106/152 4340/1105/152 4339/1108/152
f 4339/1108/152 4342/1107/152 4341/1106/152
f 4342/1106/293 4339/1105/293 4343/1108/293
f 4343/1108/293 4344/1107/293 4342/1106/293
f 4344/1106/145 4343/1105/145 4345/1108/145
f 4345/1108/145 4346/1107/145 4344/1106/145
f 4346/1106/294 4345/1105/294 4340/1108/294
f 4340/1108/294 4341/1107/294 4346/1106/294
f 4346/1106/295 4341/1105/295 4342/1108/295
f 4342/1108/295 4344/1107/295 4346/1106/295
f 4340/1106/296 4345/1105/296 4343/1108/296
f 4343/1108/296 4339/1107/296 4340/1106/296
f 4349/1106/150 4348/1105/297 4347/1108/150
f 4347/1108/150 4350/1107/150 4349/1106/150
f 4350/1106/320 4347/1105/320 4351/1108/320
f 4351/1108/320 4352/1107/320 4350/1106/320
f 4352/1106/321 4351/1105/321 4353/1108/321
f 4353/1108/321 4354/1107/321 4352/1106/321
f 4354/1106/322 4353/1105/322 4348/1108/322
f 4348/1108/322 4349/1107/299 4354/1106/322
f 4354/1106/300 4349/1105/300 4350/1108/300
f 4350/1108/300 4352/1107/300 4354/1106/300
f 4348/1106/301 4353/1105/301 4351/1108/301
f 4351/1108/301 4347/1107/301 4348/1106/301
f 4357/1106/139 4356/1105/139 4355/1108/139
f 4355/1108/139 4358/1107/139 4357/1106/139
f 4358/1106/302 4355/1105/302 4359/1108/302
f 4359/1108/302 4360/1107/302 4358/1106/302
f 4360/1106/138 4359/1105/138 4361/1108/138
f 4361/1108/138 4362/1107/138 4360/1106/138
f 4362/1106/303 4361/1105/303 4356/1108/303
f 4356/1108/303 4357/1107/303 4362/1106/303
f 4362/1106/304 4357/1105/304 4358/1108/304
f 4358/1108/304 4360/1107/304 4362/1106/304
f 4356/1106/305 4361/1105/305 4359/1108/305
f 4359/1108/305 4355/1107/305 4356/1106/305
f 4365/1106/324 4364/1105/325 4363/1108/324
f 4363/1108/324 4366/1107/147 4365/1106/324
f 4366/1106/306 4363/1105/306 4367/1108/306
f 4367/1108/306 4368/1107/306 4366/1106/306
f 4368/1106/141 4367/1105/141 4369/1108/141
f 4369/1108/141 4370/1107/287 4368/1106/141
f 4370/1106/307 4369/1105/307 4364/1108/307
f 4364/1108/307 4365/1107/327 4370/1106/307
f 4370/1106/308 4365/1105/308 4366/1108/308
f 4366/1108/308 4368/1107/308 4370/1106/308
f 4364/1106/309 4369/1105/309 4367/1108/309
f 4367/1108/309 4363/1107/309 4364/1106/309
f 4373/1106/145 4372/1105/145 4371/1108/145
f 4371/1108/145 4374/1107/145 4373/1106/145
f 4374/1106/310 4371/1105/310 4375/1108/310
f 4375/1108/310 4376/1107/310 4374/1106/310
f 4376/1106/152 4375/1105/152 4377/1108/152
f 4377/1108/152 4378/1107/152 4376/1106/152
f 4378/1106/311 4377/1105/311 4372/1108/311
f 4372/1108/311 4373/1107/311 4378/1106/311
f 4378/1106/312 4373/1105/312 4374/1108/312
f 4374/1108/312 4376/1107/312 4378/1106/312
f 4372/1106/313 4377/1105/313 4375/1108/313
f 4375/1108/313 4371/1107/313 4372/1106/313
f 4381/1106/143 4380/1105/143 4379/1108/143
f 4379/1108/143 4382/1107/328 4381/1106/143
f 4382/1106/314 4379/1105/314 4383/1108/314
f 4383/1108/314 4384/1107/314 4382/1106/314
f 4384/1106/150 4383/1105/297 4385/1108/150
f 4385/1108/150 4386/1107/150 4384/1106/150
f 4386/1106/315 4385/1105/333 4380/1108/315
f 4380/1108/315 4381/1107/315 4386/1106/315
f 4386/1106/316 4381/1105/316 4382/1108/316
f 4382/1108/316 4384/1107/316 4386/1106/316
f 4380/1106/317 4385/1105/317 4383/1108/317
f 4383/1108/317 4379/1107/317 4380/1106/317
f 4389/1106/145 4388/1105/145 4387/1167/146
f 4387/1167/146 4390/1194/146 4389/1106/145
f 4390/1194/146 4387/1167/146 4391/1169/147
f 4391/1169/147 4392/1195/147 4390/1194/146
f 4392/1195/147 4391/1169/147 4393/1171/148
f 4393/1171/148 4394/1196/148 4392/1195/147
f 4394/1196/148 4393/1171/148 4395/1128/139
f 4395/1128/139 4396/1110/139 4394/1196/148
f 4396/1110/139 4395/1128/139 4397/1174/149
f 4397/1174/149 4398/1197/149 4396/1110/139
f 4398/1197/149 4397/1174/149 4399/1176/150
f 4399/1176/150 4400/1198/150 4398/1197/149
f 4400/1198/150 4399/1176/150 4401/1178/151
f 4401/1178/151 4402/1199/151 4400/1198/150
f 4402/1199/151 4401/1178/151 4403/1129/152
f 4403/1129/152 4404/1116/152 4402/1199/151
f 4404/1116/152 4403/1129/152 4405/1181/153
f 4405/1181/153 4406/1200/153 4404/1116/152
f 4406/1200/153 4405/1181/153 4407/1183/141
f 4407/1183/141 4408/1201/141 4406/1200/153
f 4408/1201/141 4407/1183/141 4409/1185/140
f 4409/1185/140 4410/1202/140 4408/1201/141
f 4410/1202/140 4409/1185/140 4411/1133/138
f 4411/1133/138 4412/1118/138 4410/1202/140
f 4412/1118/138 4411/1133/138 4413/1188/142
f 4413/1188/142 4414/1203/142 4412/1118/138
f 4414/1203/142 4413/1188/142 4415/1190/143
f 4415/1190/143 4416/1204/143 4414/1203/142
f 4416/1204/143 4415/1190/143 4417/1192/144
f 4417/1192/144 4418/1205/144 4416/1204/143
f 4418/1205/144 4417/1192/144 4388/1108/145
f 4388/1108/145 4389/1107/145 4418/1205/144
f 3676/1107/137 4392/1106/137 4394/1105/137
f 4394/1105/137 3675/1108/137 3676/1107/137
f 3675/1107/137 4394/1106/137 4396/1105/137
f 4396/1105/137 3677/1108/137 3675/1107/137
f 3677/1107/137 4396/1106/137 4398/1197/137
f 4398/1197/137 3678/1206/137 3677/1107/137
f 3678/1206/137 4398/1197/137 4400/1198/137
f 4400/1198/137 3679/1207/137 3678/1206/137
f 3679/1207/137 4400/1198/137 4402/1105/137
f 4402/1105/137 3680/1108/137 3679/1207/137
f 3680/1107/137 4402/1106/137 4404/1105/137
f 4404/1105/137 3681/1108/137 3680/1107/137
f 3681/1107/137 4404/1106/137 4406/1105/137
f 4406/1105/137 3682/1108/137 3681/1107/137
f 3682/1107/137 4406/1106/137 4408/1105/137
f 4408/1105/137 3683/1108/137 3682/1107/137
f 3683/1107/137 4408/1106/137 4410/1105/137
f 4410/1105/137 3684/1108/137 3683/1107/137
f 3684/1107/137 4410/1106/137 4412/1105/137
f 4412/1105/137 3685/1108/137 3684/1107/137
f 3685/1107/137 4412/1106/137 4414/1105/137
f 4414/1105/137 3686/1108/137 3685/1107/137
f 3686/1107/137 4414/1106/137 4416/1105/137
f 4416/1105/137 3687/1108/137 3686/1107/137
f 3687/1107/137 4416/1106/137 4418/1105/137
f 4418/1105/137 3688/1108/137 3687/1107/137
f 3688/1107/137 4418/1106/137 4389/1105/137
f 4389/1105/137 3689/1108/137 3688/1107/137
f 3689/1107/137 4389/1106/137 4390/1105/137
f 4390/1105/137 3690/1108/137 3689/1107/137
f 3690/1107/137 4390/1106/137 4392/1105/137
f 4392/1105/137 3676/1108/137 3690/1107/137
f 4421/1106/138 4420/1105/138 4419/1108/138
f 4419/1108/138 4422/1107/138 4421/1106/138
f 4422/1106/145 4419/1105/145 4423/1108/145
f 4423/1108/145 4424/1107/145 4422/1106/145
f 4424/1106/139 4423/1105/139 4425/1108/139
f 4425/1108/139 4426/1107/139 4424/1106/139
f 4426/1106/152 4425/1105/152 4420/1108/152
f 4420/1108/152 4421/1107/152 4426/1106/152
f 4429/1108/145 4428/1108/145 4427/1107/145
f 4427/1107/145 4430/1107/145 4429/1108/145
f 4433/1106/152 4432/1106/152 4431/1105/152
f 4431/1105/152 4434/1105/152 4433/1106/152
f 4437/1108/145 4436/1108/145 4435/1107/145
f 4435/1107/145 4438/1107/145 4437/1108/145
f 4441/1106/152 4440/1106/152 4439/1105/152
f 4439/1105/152 4442/1105/152 4441/1106/152
f 4428/1108/282 4422/1108/282 4424/1107/282
f 4424/1107/282 4427/1107/282 4428/1108/282
f 4443/1107/139 4430/1107/139 4427/1107/139
f 4427/1107/139 4424/1107/139 4443/1107/139
f 4443/1107/139 4424/1107/139 4426/1106/139
f 4426/1106/139 4444/1106/139 4443/1107/139
f 4433/1106/139 4444/1106/139 4426/1106/139
f 4426/1106/139 4432/1106/139 4433/1106/139
f 4445/1108/137 4429/1108/137 4430/1107/137
f 4430/1107/137 4443/1107/137 4445/1108/137
f 4445/1108/137 4443/1107/137 4444/1106/137
f 4444/1106/137 4446/1105/137 4445/1108/137
f 4434/1105/137 4446/1105/137 4444/1106/137
f 4444/1106/137 4433/1106/137 4434/1105/137
f 4422/1108/138 4428/1108/138 4429/1108/138
f 4429/1108/138 4445/1108/138 4422/1108/138
f 4422/1108/138 4445/1108/138 4446/1105/138
f 4446/1105/138 4421/1105/138 4422/1108/138
f 4431/1105/138 4421/1105/138 4446/1105/138
f 4446/1105/138 4434/1105/138 4431/1105/138
f 4432/1106/282 4426/1106/282 4421/1105/282
f 4421/1105/282 4431/1105/282 4432/1106/282
f 4436/1108/137 4423/1108/137 4419/1107/137
f 4419/1107/137 4435/1107/137 4436/1108/137
f 4447/1107/138 4438/1107/138 4435/1107/138
f 4435/1107/138 4419/1107/138 4447/1107/138
f 4447/1107/138 4419/1107/138 4420/1106/138
f 4420/1106/138 4448/1106/138 4447/1107/138
f 4441/1106/138 4448/1106/138 4420/1106/138
f 4420/1106/138 4440/1106/138 4441/1106/138
f 4449/1108/282 4437/1108/282 4438/1107/282
f 4438/1107/282 4447/1107/282 4449/1108/282
f 4449/1108/282 4447/1107/282 4448/1106/282
f 4448/1106/282 4450/1105/282 4449/1108/282
f 4442/1105/282 4450/1105/282 4448/1106/282
f 4448/1106/282 4441/1106/282 4442/1105/282
f 4423/1108/139 4436/1108/139 4437/1108/139
f 4437/1108/139 4449/1108/139 4423/1108/139
f 4423/1108/139 4449/1108/139 4450/1105/139
f 4450/1105/139 4425/1105/139 4423/1108/139
f 4439/1105/139 4425/1105/139 4450/1105/139
f 4450/1105/139 4442/1105/139 4439/1105/139
f 4440/1106/137 4420/1106/137 4425/1105/137
f 4425/1105/137 4439/1105/137 4440/1106/137
f 4453/1106/138 4452/1105/138 4451/1108/138
f 4451/1108/138 4454/1107/138 4453/1106/138
f 4454/1106/145 4451/1105/145 4455/1108/145
f 4455/1108/145 4456/1107/145 4454/1106/145
f 4456/1106/139 4455/1105/139 4457/1108/139
f 4457/1108/139 4458/1107/139 4456/1106/139
f 4458/1106/152 4457/1105/152 4452/1108/152
f 4452/1108/152 4453/1107/152 4458/1106/152
f 4461/1108/145 4460/1108/145 4459/1107/145
f 4459/1107/145 4462/1107/145 4461/1108/145
f 4465/1106/152 4464/1106/152 4463/1105/152
f 4463/1105/152 4466/1105/152 4465/1106/152
f 4469/1108/145 4468/1108/145 4467/1107/145
f 4467/1107/145 4470/1107/145 4469/1108/145
f 4473/1106/152 4472/1106/152 4471/1105/152
f 4471/1105/152 4474/1105/152 4473/1106/152
f 4460/1108/282 4454/1108/282 4456/1107/282
f 4456/1107/282 4459/1107/282 4460/1108/282
f 4475/1107/139 4462/1107/139 4459/1107/139
f 4459/1107/139 4456/1107/139 4475/1107/139
f 4475/1107/139 4456/1107/139 4458/1106/139
f 4458/1106/139 4476/1106/139 4475/1107/139
f 4465/1106/139 4476/1106/139 4458/1106/139
f 4458/1106/139 4464/1106/139 4465/1106/139
f 4477/1108/137 4461/1108/137 4462/1107/137
f 4462/1107/137 4475/1107/137 4477/1108/137
f 4477/1108/137 4475/1107/137 4476/1106/137
f 4476/1106/137 4478/1105/137 4477/1108/137
f 4466/1105/137 4478/1105/137 4476/1106/137
f 4476/1106/137 4465/1106/137 4466/1105/137
f 4454/1108/138 4460/1108/138 4461/1108/138
f 4461/1108/138 4477/1108/138 4454/1108/138
f 4454/1108/138 4477/1108/138 4478/1105/138
f 4478/1105/138 4453/1105/138 4454/1108/138
f 4463/1105/138 4453/1105/138 4478/1105/138
f 4478/1105/138 4466/1105/138 4463/1105/138
f 4464/1106/282 4458/1106/282 4453/1105/282
f 4453/1105/282 4463/1105/282 4464/1106/282
f 4468/1108/137 4455/1108/137 4451/1107/137
f 4451/1107/137 4467/1107/137 4468/1108/137
f 4479/1107/138 4470/1107/138 4467/1107/138
f 4467/1107/138 4451/1107/138 4479/1107/138
f 4479/1107/138 4451/1107/138 4452/1106/138
f 4452/1106/138 4480/1106/138 4479/1107/138
f 4473/1106/138 4480/1106/138 4452/1106/138
f 4452/1106/138 4472/1106/138 4473/1106/138
f 4481/1108/282 4469/1108/282 4470/1107/282
f 4470/1107/282 4479/1107/282 4481/1108/282
f 4481/1108/282 4479/1107/282 4480/1106/282
f 4480/1106/282 4482/1105/282 4481/1108/282
f 4474/1105/282 4482/1105/282 4480/1106/282
f 4480/1106/282 4473/1106/282 4474/1105/282
f 4455/1108/139 4468/1108/139 4469/1108/139
f 4469/1108/139 4481/1108/139 4455/1108/139
f 4455/1108/139 4481/1108/139 4482/1105/139
f 4482/1105/139 4457/1105/139 4455/1108/139
f 4471/1105/139 4457/1105/139 4482/1105/139
f 4482/1105/139 4474/1105/139 4471/1105/139
f 4472/1106/137 4452/1106/137 4457/1105/137
f 4457/1105/137 4471/1105/137 4472/1106/137
f 4485/1106/145 4484/1105/145 4483/1108/145
f 4483/1108/145 4486/1107/145 4485/1106/145
f 4489/1106/152 4488/1105/152 4487/1108/152
f 4487/1108/152 4490/1107/152 4489/1106/152
f 4487/1106/282 4488/1105/282 4483/1108/282
f 4483/1108/282 4484/1107/282 4487/1106/282
f 3692/1102/137 4492/1102/137 4491/1101/137
f 4491/1101/137 3691/1101/137 3692/1102/137
f 3691/1101/152 4491/1101/152 4493/1104/152
f 4493/1104/152 3694/1104/152 3691/1101/152
f 3694/1104/282 4493/1104/282 4494/1103/282
f 4494/1103/282 3693/1103/282 3694/1104/282
f 3693/1103/145 4494/1103/145 4492/1102/145
f 4492/1102/145 3692/1102/145 3693/1103/145
f 3696/1102/137 4496/1102/137 4495/1101/137
f 4495/1101/137 3695/1101/137 3696/1102/137
f 3695/1101/145 4495/1101/145 4497/1104/145
f 4497/1104/145 3698/1104/145 3695/1101/145
f 3698/1104/282 4497/1104/282 4498/1103/282
f 4498/1103/282 3697/1103/282 3698/1104/282
f 3697/1103/152 4498/1103/152 4496/1102/152
f 4496/1102/152 3696/1102/152 3697/1103/152
f 4499/1105/152 4501/1166/152 4500/1165/153
f 4500/1165/153 4502/1167/153 4499/1105/152
f 4502/1167/153 4500/1165/153 4503/1168/141
f 4503/1168/141 4504/1169/141 4502/1167/153
f 4504/1169/141 4503/1168/141 4505/1170/140
f 4505/1170/140 4506/1171/140 4504/1169/141
f 4506/1171/140 4505/1170/140 4507/1172/138
f 4507/1172/138 4508/1128/138 4506/1171/140
f 4508/1128/138 4507/1172/138 4509/1173/142
f 4509/1173/142 4510/1174/142 4508/1128/138
f 4510/1174/142 4509/1173/142 4511/1175/143
f 4511/1175/143 4512/1176/143 4510/1174/142
f 4512/1176/143 4511/1175/143 4513/1177/144
f 4513/1177/144 4514/1178/144 4512/1176/143
f 4514/1178/144 4513/1177/144 4515/1179/145
f 4515/1179/145 4516/1129/145 4514/1178/144
f 4516/1129/145 4515/1179/145 4517/1180/146
f 4517/1180/146 4518/1181/146 4516/1129/145
f 4518/1181/146 4517/1180/146 4519/1182/147
f 4519/1182/147 4520/1183/147 4518/1181/146
f 4520/1183/147 4519/1182/147 4521/1184/148
f 4521/1184/148 4522/1185/148 4520/1183/147
f 4522/1185/148 4521/1184/148 4523/1186/139
f 4523/1186/139 4524/1133/139 4522/1185/148
f 4524/1133/139 4523/1186/139 4525/1187/149
f 4525/1187/149 4526/1188/149 4524/1133/139
f 4526/1188/149 4525/1187/149 4527/1189/150
f 4527/1189/150 4528/1190/150 4526/1188/149
f 4528/1190/150 4527/1189/150 4529/1191/151
f 4529/1191/151 4530/1192/151 4528/1190/150
f 4530/1192/151 4529/1191/151 4501/1193/152
f 4501/1193/152 4499/1108/152 4530/1192/151
f 4531/1105/152 4533/1166/152 4532/1165/153
f 4532/1165/153 4534/1167/153 4531/1105/152
f 4534/1167/153 4532/1165/153 4535/1168/141
f 4535/1168/141 4536/1169/141 4534/1167/153
f 4536/1169/141 4535/1168/141 4537/1170/140
f 4537/1170/140 4538/1171/140 4536/1169/141
f 4538/1171/140 4537/1170/140 4539/1172/138
f 4539/1172/138 4540/1128/138 4538/1171/140
f 4540/1128/138 4539/1172/138 4541/1173/142
f 4541/1173/142 4542/1174/142 4540/1128/138
f 4542/1174/142 4541/1173/142 4543/1175/143
f 4543/1175/143 4544/1176/143 4542/1174/142
f 4544/1176/143 4543/1175/143 4545/1177/144
f 4545/1177/144 4546/1178/144 4544/1176/143
f 4546/1178/144 4545/1177/144 4547/1179/145
f 4547/1179/145 4548/1129/145 4546/1178/144
f 4548/1129/145 4547/1179/145 4549/1180/146
f 4549/1180/146 4550/1181/146 4548/1129/145
f 4550/1181/146 4549/1180/146 4551/1182/147
f 4551/1182/147 4552/1183/147 4550/1181/146
f 4552/1183/147 4551/1182/147 4553/1184/148
f 4553/1184/148 4554/1185/148 4552/1183/147
f 4554/1185/148 4553/1184/148 4555/1186/139
f 4555/1186/139 4556/1133/139 4554/1185/148
f 4556/1133/139 4555/1186/139 4557/1187/149
f 4557/1187/149 4558/1188/149 4556/1133/139
f 4558/1188/149 4557/1187/149 4559/1189/150
f 4559/1189/150 4560/1190/150 4558/1188/149
f 4560/1190/150 4559/1189/150 4561/1191/151
f 4561/1191/151 4562/1192/151 4560/1190/150
f 4562/1192/151 4561/1191/151 4533/1193/152
f 4533/1193/152 4531/1108/152 4562/1192/151
f 4563/1105/152 4565/1166/152 4564/1165/153
f 4564/1165/153 4566/1167/153 4563/1105/152
f 4566/1167/153 4564/1165/153 4567/1168/141
f 4567/1168/141 4568/1169/141 4566/1167/153
f 4568/1169/141 4567/1168/141 4569/1170/140
f 4569/1170/140 4570/1171/140 4568/1169/141
f 4570/1171/140 4569/1170/140 4571/1172/138
f 4571/1172/138 4572/1128/138 4570/1171/140
f 4572/1128/138 4571/1172/138 4573/1173/142
f 4573/1173/142 4574/1174/142 4572/1128/138
f 4574/1174/142 4573/1173/142 4575/1175/143
f 4575/1175/143 4576/1176/143 4574/1174/142
f 4576/1176/143 4575/1175/143 4577/1177/144
f 4577/1177/144 4578/1178/144 4576/1176/143
f 4578/1178/144 4577/1177/144 4579/1179/145
f 4579/1179/145 4580/1129/145 4578/1178/144
f 4580/1129/145 4579/1179/145 4581/1180/146
f 4581/1180/146 4582/1181/146 4580/1129/145
f 4582/1181/146 4581/1180/146 4583/1182/147
f 4583/1182/147 4584/1183/147 4582/1181/146
f 4584/1183/147 4583/1182/147 4585/1184/148
f 4585/1184/148 4586/1185/148 4584/1183/147
f 4586/1185/148 4585/1184/148 4587/1186/139
f 4587/1186/139 4588/1133/139 4586/1185/148
f 4588/1133/139 4587/1186/139 4589/1187/149
f 4589/1187/149 4590/1188/149 4588/1133/139
f 4590/1188/149 4589/1187/149 4591/1189/150
f 4591/1189/150 4592/1190/150 4590/1188/149
f 4592/1190/150 4591/1189/150 4593/1191/151
f 4593/1191/151 4594/1192/151 4592/1190/150
f 4594/1192/151 4593/1191/151 4565/1193/152
f 4565/1193/152 4563/1108/152 4594/1192/151
f 4595/1105/152 4597/1166/152 4596/1165/153
f 4596/1165/153 4598/1167/153 4595/1105/152
f 4598/1167/153 4596/1165/153 4599/1168/141
f 4599/1168/141 4600/1169/141 4598/1167/153
f 4600/1169/141 4599/1168/141 4601/1170/140
f 4601/1170/140 4602/1171/140 4600/1169/141
f 4602/1171/140 4601/1170/140 4603/1172/138
f 4603/1172/138 4604/1128/138 4602/1171/140
f 4604/1128/138 4603/1172/138 4605/1173/142
f 4605/1173/142 4606/1174/142 4604/1128/138
f 4606/1174/142 4605/1173/142 4607/1175/143
f 4607/1175/143 4608/1176/143 4606/1174/142
f 4608/1176/143 4607/1175/143 4609/1177/144
f 4609/1177/144 4610/1178/144 4608/1176/143
f 4610/1178/144 4609/1177/144 4611/1179/145
f 4611/1179/145 4612/1129/145 4610/1178/144
f 4612/1129/145 4611/1179/145 4613/1180/146
f 4613/1180/146 4614/1181/146 4612/1129/145
f 4614/1181/146 4613/1180/146 4615/1182/147
f 4615/1182/147 4616/1183/147 4614/1181/146
f 4616/1183/147 4615/1182/147 4617/1184/148
f 4617/1184/148 4618/1185/148 4616/1183/147
f 4618/1185/148 4617/1184/148 4619/1186/139
f 4619/1186/139 4620/1133/139 4618/1185/148
f 4620/1133/139 4619/1186/139 4621/1187/149
f 4621/1187/149 4622/1188/149 4620/1133/139
f 4622/1188/149 4621/1187/149 4623/1189/150
f 4623/1189/150 4624/1190/150 4622/1188/149
f 4624/1190/150 4623/1189/150 4625/1191/151
f 4625/1191/151 4626/1192/151 4624/1190/150
f 4626/1192/151 4625/1191/151 4597/1193/152
f 4597/1193/152 4595/1108/152 4626/1192/151
f 4629/1106/138 4628/1105/138 4627/1108/138
f 4627/1108/138 4630/1107/138 4629/1106/138
f 4630/1106/283 4627/1105/283 4631/1108/283
f 4631/1108/283 4632/1107/283 4630/1106/283
f 4632/1106/139 4631/1105/139 4633/1108/139
f 4633/1108/139 4634/1107/139 4632/1106/139
f 4634/1106/284 4633/1105/284 4628/1108/284
f 4628/1108/284 4629/1107/284 4634/1106/284
f 4634/1106/285 4629/1105/285 4630/1108/285
f 4630/1108/285 4632/1107/285 4634/1106/285
f 4628/1106/286 4633/1105/286 4631/1108/286
f 4631/1108/286 4627/1107/286 4628/1106/286
f 4637/1106/141 4636/1105/141 4635/1108/141
f 4635/1108/141 4638/1107/141 4637/1106/141
f 4638/1106/288 4635/1105/288 4639/1108/288
f 4639/1108/288 4640/1107/288 4638/1106/288
f 4640/1106/147 4639/1105/147 4641/1108/147
f 4641/1108/147 4642/1107/147 4640/1106/147
f 4642/1106/290 4641/1105/290 4636/1108/290
f 4636/1108/290 4637/1107/290 4642/1106/290
f 4642/1106/291 4637/1105/291 4638/1108/291
f 4638/1108/291 4640/1107/291 4642/1106/291
f 4636/1106/292 4641/1105/292 4639/1108/292
f 4639/1108/292 4635/1107/292 4636/1106/292
f 4645/1106/152 4644/1105/152 4643/1108/152
f 4643/1108/152 4646/1107/152 4645/1106/152
f 4646/1106/293 4643/1105/293 4647/1108/293
f 4647/1108/293 4648/1107/293 4646/1106/293
f 4648/1106/145 4647/1105/145 4649/1108/145
f 4649/1108/145 4650/1107/145 4648/1106/145
f 4650/1106/294 4649/1105/294 4644/1108/294
f 4644/1108/294 4645/1107/294 4650/1106/294
f 4650/1106/295 4645/1105/295 4646/1108/295
f 4646/1108/295 4648/1107/295 4650/1106/295
f 4644/1106/296 4649/1105/296 4647/1108/296
f 4647/1108/296 4643/1107/296 4644/1106/296
f 4653/1106/150 4652/1105/150 4651/1108/150
f 4651/1108/150 4654/1107/150 4653/1106/150
f 4654/1106/320 4651/1105/320 4655/1108/320
f 4655/1108/320 4656/1107/320 4654/1106/320
f 4656/1106/143 4655/1105/143 4657/1108/143
f 4657/1108/143 4658/1107/143 4656/1106/143
f 4658/1106/299 4657/1105/299 4652/1108/299
f 4652/1108/299 4653/1107/299 4658/1106/299
f 4658/1106/300 4653/1105/300 4654/1108/300
f 4654/1108/300 4656/1107/300 4658/1106/300
f 4652/1106/301 4657/1105/301 4655/1108/301
f 4655/1108/301 4651/1107/301 4652/1106/301
f 4661/1106/139 4660/1105/139 4659/1108/139
f 4659/1108/139 4662/1107/139 4661/1106/139
f 4662/1106/302 4659/1105/302 4663/1108/302
f 4663/1108/302 4664/1107/302 4662/1106/302
f 4664/1106/138 4663/1105/138 4665/1108/138
f 4665/1108/138 4666/1107/138 4664/1106/138
f 4666/1106/303 4665/1105/303 4660/1108/303
f 4660/1108/303 4661/1107/303 4666/1106/303
f 4666/1106/304 4661/1105/304 4662/1108/304
f 4662/1108/304 4664/1107/304 4666/1106/304
f 4660/1106/305 4665/1105/305 4663/1108/305
f 4663/1108/305 4659/1107/305 4660/1106/305
f 4669/1106/147 4668/1105/147 4667/1108/147
f 4667/1108/147 4670/1107/147 4669/1106/147
f 4670/1106/306 4667/1105/306 4671/1108/306
f 4671/1108/306 4672/1107/306 4670/1106/306
f 4672/1106/141 4671/1105/141 4673/1108/141
f 4673/1108/141 4674/1107/141 4672/1106/141
f 4674/1106/307 4673/1105/307 4668/1108/307
f 4668/1108/307 4669/1107/307 4674/1106/307
f 4674/1106/308 4669/1105/308 4670/1108/308
f 4670/1108/308 4672/1107/308 4674/1106/308
f 4668/1106/309 4673/1105/309 4671/1108/309
f 4671/1108/309 4667/1107/309 4668/1106/309
f 4677/1106/145 4676/1105/145 4675/1108/145
f 4675/1108/145 4678/1107/145 4677/1106/145
f 4678/1106/310 4675/1105/310 4679/1108/310
f 4679/1108/310 4680/1107/310 4678/1106/310
f 4680/1106/152 4679/1105/152 4681/1108/152
f 4681/1108/152 4682/1107/152 4680/1106/152
f 4682/1106/311 4681/1105/311 4676/1108/311
f 4676/1108/311 4677/1107/311 4682/1106/311
f 4682/1106/312 4677/1105/312 4678/1108/312
f 4678/1108/312 4680/1107/312 4682/1106/312
f 4676/1106/313 4681/1105/313 4679/1108/313
f 4679/1108/313 4675/1107/313 4676/1106/313
f 4685/1106/143 4684/1105/143 4683/1108/143
f 4683/1108/143 4686/1107/143 4685/1106/143
f 4686/1106/314 4683/1105/314 4687/1108/314
f 4687/1108/314 4688/1107/314 4686/1106/314
f 4688/1106/150 4687/1105/150 4689/1108/150
f 4689/1108/150 4690/1107/150 4688/1106/150
f 4690/1106/315 4689/1105/315 4684/1108/315
f 4684/1108/315 4685/1107/315 4690/1106/315
f 4690/1106/316 4685/1105/316 4686/1108/316
f 4686/1108/316 4688/1107/316 4690/1106/316
f 4684/1106/317 4689/1105/317 4687/1108/317
f 4687/1108/317 4683/1107/317 4684/1106/317
f 4693/1106/145 4692/1105/145 4691/1167/146
f 4691/1167/146 4694/1194/146 4693/1106/145
f 4694/1194/146 4691/1167/146 4695/1169/147
f 4695/1169/147 4696/1195/147 4694/1194/146
f 4696/1195/147 4695/1169/147 4697/1171/148
f 4697/1171/148 4698/1196/148 4696/1195/147
f 4698/1196/148 4697/1171/148 4699/1128/139
f 4699/1128/139 4700/1110/139 4698/1196/148
f 4700/1110/139 4699/1128/139 4701/1174/149
f 4701/1174/149 4702/1197/149 4700/1110/139
f 4702/1197/149 4701/1174/149 4703/1176/150
f 4703/1176/150 4704/1198/150 4702/1197/149
f 4704/1198/150 4703/1176/150 4705/1178/151
f 4705/1178/151 4706/1199/151 4704/1198/150
f 4706/1199/151 4705/1178/151 4707/1129/152
f 4707/1129/152 4708/1116/152 4706/1199/151
f 4708/1116/152 4707/1129/152 4709/1181/153
f 4709/1181/153 4710/1200/153 4708/1116/152
f 4710/1200/153 4709/1181/153 4711/1183/141
f 4711/1183/141 4712/1201/141 4710/1200/153
f 4712/1201/141 4711/1183/141 4713/1185/140
f 4713/1185/140 4714/1202/140 4712/1201/141
f 4714/1202/140 4713/1185/140 4715/1133/138
f 4715/1133/138 4716/1118/138 4714/1202/140
f 4716/1118/138 4715/1133/138 4717/1188/142
f 4717/1188/142 4718/1203/142 4716/1118/138
f 4718/1203/142 4717/1188/142 4719/1190/143
f 4719/1190/143 4720/1204/143 4718/1203/142
f 4720/1204/143 4719/1190/143 4721/1192/144
f 4721/1192/144 4722/1205/144 4720/1204/143
f 4722/1205/144 4721/1192/144 4692/1108/145
f 4692/1108/145 4693/1107/145 4722/1205/144
f 3700/1107/137 4696/1106/137 4698/1105/137
f 4698/1105/137 3699/1108/137 3700/1107/137
f 3699/1107/137 4698/1106/137 4700/1105/137
f 4700/1105/137 3701/1108/137 3699/1107/137
f 3701/1107/137 4700/1106/137 4702/1197/137
f 4702/1197/137 3702/1206/137 3701/1107/137
f 3702/1206/137 4702/1197/137 4704/1198/137
f 4704/1198/137 3703/1207/137 3702/1206/137
f 3703/1207/137 4704/1198/137 4706/1105/137
f 4706/1105/137 3704/1108/137 3703/1207/137
f 3704/1107/137 4706/1106/137 4708/1105/137
f 4708/1105/137 3705/1108/137 3704/1107/137
f 3705/1107/137 4708/1106/137 4710/1105/137
f 4710/1105/137 3706/1108/137 3705/1107/137
f 3706/1107/137 4710/1106/137 4712/1105/137
f 4712/1105/137 3707/1108/137 3706/1107/137
f 3707/1107/137 4712/1106/137 4714/1105/137
f 4714/1105/137 3708/1108/137 3707/1107/137
f 3708/1107/137 4714/1106/137 4716/1105/137
f 4716/1105/137 3709/1108/137 3708/1107/137
f 3709/1107/137 4716/1106/137 4718/1105/137
f 4718/1105/137 3710/1108/137 3709/1107/137
f 3710/1107/137 4718/1106/137 4720/1105/137
f 4720/1105/137 3711/1108/137 3710/1107/137
f 3711/1107/137 4720/1106/137 4722/1105/137
f 4722/1105/137 3712/1108/137 3711/1107/137
f 3712/1107/137 4722/1106/137 4693/1105/137
f 4693/1105/137 3713/1108/137 3712/1107/137
f 3713/1107/137 4693/1106/137 4694/1105/137
f 4694/1105/137 3714/1108/137 3713/1107/137
f 3714/1107/137 4694/1106/137 4696/1105/137
f 4696/1105/137 3700/1108/137 3714/1107/137
f 4725/1106/138 4724/1105/138 4723/1108/138
f 4723/1108/138 4726/1107/138 4725/1106/138
f 4726/1106/283 4723/1105/283 4727/1108/283
f 4727/1108/283 4728/1107/283 4726/1106/283
f 4728/1106/139 4727/1105/139 4729/1108/139
f 4729/1108/139 4730/1107/139 4728/1106/139
f 4730/1106/284 4729/1105/284 4724/1108/284
f 4724/1108/284 4725/1107/284 4730/1106/284
f 4730/1106/285 4725/1105/285 4726/1108/285
f 4726/1108/285 4728/1107/285 4730/1106/285
f 4724/1106/286 4729/1105/286 4727/1108/286
f 4727/1108/286 4723/1107/286 4724/1106/286
f 4733/1106/141 4732/1105/141 4731/1108/141
f 4731/1108/141 4734/1107/141 4733/1106/141
f 4734/1106/288 4731/1105/288 4735/1108/288
f 4735/1108/288 4736/1107/289 4734/1106/288
f 4736/1106/147 4735/1105/147 4737/1108/147
f 4737/1108/147 4738/1107/147 4736/1106/147
f 4738/1106/290 4737/1105/290 4732/1108/290
f 4732/1108/290 4733/1107/290 4738/1106/290
f 4738/1106/291 4733/1105/291 4734/1108/291
f 4734/1108/291 4736/1107/291 4738/1106/291
f 4732/1106/292 4737/1105/292 4735/1108/292
f 4735/1108/292 4731/1107/292 4732/1106/292
f 4741/1106/152 4740/1105/152 4739/1108/152
f 4739/1108/152 4742/1107/152 4741/1106/152
f 4742/1106/293 4739/1105/293 4743/1108/293
f 4743/1108/293 4744/1107/293 4742/1106/293
f 4744/1106/145 4743/1105/145 4745/1108/145
f 4745/1108/145 4746/1107/145 4744/1106/145
f 4746/1106/294 4745/1105/294 4740/1108/294
f 4740/1108/294 4741/1107/294 4746/1106/294
f 4746/1106/295 4741/1105/295 4742/1108/295
f 4742/1108/295 4744/1107/295 4746/1106/295
f 4740/1106/296 4745/1105/296 4743/1108/296
f 4743/1108/296 4739/1107/296 4740/1106/296
f 4749/1106/150 4748/1105/150 4747/1108/150
f 4747/1108/150 4750/1107/150 4749/1106/150
f 4750/1106/320 4747/1105/320 4751/1108/320
f 4751/1108/320 4752/1107/320 4750/1106/320
f 4752/1106/143 4751/1105/143 4753/1108/143
f 4753/1108/143 4754/1107/143 4752/1106/143
f 4754/1106/299 4753/1105/299 4748/1108/299
f 4748/1108/299 4749/1107/299 4754/1106/299
f 4754/1106/300 4749/1105/300 4750/1108/300
f 4750/1108/300 4752/1107/300 4754/1106/300
f 4748/1106/301 4753/1105/301 4751/1108/301
f 4751/1108/301 4747/1107/301 4748/1106/301
f 4757/1106/139 4756/1105/139 4755/1108/139
f 4755/1108/139 4758/1107/139 4757/1106/139
f 4758/1106/302 4755/1105/302 4759/1108/302
f 4759/1108/302 4760/1107/302 4758/1106/302
f 4760/1106/138 4759/1105/138 4761/1108/138
f 4761/1108/138 4762/1107/138 4760/1106/138
f 4762/1106/334 4761/1105/334 4756/1108/334
f 4756/1108/334 4757/1107/334 4762/1106/334
f 4762/1106/304 4757/1105/304 4758/1108/304
f 4758/1108/304 4760/1107/304 4762/1106/304
f 4756/1106/305 4761/1105/305 4759/1108/305
f 4759/1108/305 4755/1107/305 4756/1106/305
f 4765/1106/147 4764/1105/147 4763/1108/147
f 4763/1108/147 4766/1107/147 4765/1106/147
f 4766/1106/306 4763/1105/306 4767/1108/306
f 4767/1108/306 4768/1107/306 4766/1106/306
f 4768/1106/141 4767/1105/141 4769/1108/141
f 4769/1108/141 4770/1107/141 4768/1106/141
f 4770/1106/307 4769/1105/307 4764/1108/307
f 4764/1108/307 4765/1107/307 4770/1106/307
f 4770/1106/308 4765/1105/308 4766/1108/308
f 4766/1108/308 4768/1107/308 4770/1106/308
f 4764/1106/309 4769/1105/309 4767/1108/309
f 4767/1108/309 4763/1107/309 4764/1106/309
f 4773/1106/145 4772/1105/145 4771/1108/145
f 4771/1108/145 4774/1107/145 4773/1106/145
f 4774/1106/310 4771/1105/310 4775/1108/310
f 4775/1108/310 4776/1107/310 4774/1106/310
f 4776/1106/152 4775/1105/152 4777/1108/152
f 4777/1108/152 4778/1107/152 4776/1106/152
f 4778/1106/311 4777/1105/311 4772/1108/311
f 4772/1108/311 4773/1107/311 4778/1106/311
f 4778/1106/312 4773/1105/312 4774/1108/312
f 4774/1108/312 4776/1107/312 4778/1106/312
f 4772/1106/313 4777/1105/313 4775/1108/313
f 4775/1108/313 4771/1107/313 4772/1106/313
f 4781/1106/143 4780/1105/143 4779/1108/143
f 4779/1108/143 4782/1107/143 4781/1106/143
f 4782/1106/314 4779/1105/314 4783/1108/314
f 4783/1108/314 4784/1107/314 4782/1106/314
f 4784/1106/150 4783/1105/150 4785/1108/150
f 4785/1108/150 4786/1107/150 4784/1106/150
f 4786/1106/315 4785/1105/332 4780/1108/315
f 4780/1108/315 4781/1107/315 4786/1106/315
f 4786/1106/316 4781/1105/316 4782/1108/316
f 4782/1108/316 4784/1107/316 4786/1106/316
f 4780/1106/317 4785/1105/317 4783/1108/317
f 4783/1108/317 4779/1107/317 4780/1106/317
f 4789/1106/145 4788/1105/145 4787/1167/146
f 4787/1167/146 4790/1194/146 4789/1106/145
f 4790/1194/146 4787/1167/146 4791/1169/147
f 4791/1169/147 4792/1195/147 4790/1194/146
f 4792/1195/147 4791/1169/147 4793/1171/148
f 4793/1171/148 4794/1196/148 4792/1195/147
f 4794/1196/148 4793/1171/148 4795/1128/139
f 4795/1128/139 4796/1110/139 4794/1196/148
f 4796/1110/139 4795/1128/139 4797/1174/149
f 4797/1174/149 4798/1197/149 4796/1110/139
f 4798/1197/149 4797/1174/149 4799/1176/150
f 4799/1176/150 4800/1198/150 4798/1197/149
f 4800/1198/150 4799/1176/150 4801/1178/151
f 4801/1178/151 4802/1199/151 4800/1198/150
f 4802/1199/151 4801/1178/151 4803/1129/152
f 4803/1129/152 4804/1116/152 4802/1199/151
f 4804/1116/152 4803/1129/152 4805/1181/153
f 4805/1181/153 4806/1200/153 4804/1116/152
f 4806/1200/153 4805/1181/153 4807/1183/141
f 4807/1183/141 4808/1201/141 4806/1200/153
f 4808/1201/141 4807/1183/141 4809/1185/140
f 4809/1185/140 4810/1202/140 4808/1201/141
f 4810/1202/140 4809/1185/140 4811/1133/138
f 4811/1133/138 4812/1118/138 4810/1202/140
f 4812/1118/138 4811/1133/138 4813/1188/142
f 4813/1188/142 4814/1203/142 4812/1118/138
f 4814/1203/142 4813/1188/142 4815/1190/143
f 4815/1190/143 4816/1204/143 4814/1203/142
f 4816/1204/143 4815/1190/143 4817/1192/144
f 4817/1192/144 4818/1205/144 4816/1204/143
f 4818/1205/144 4817/1192/144 4788/1108/145
f 4788/1108/145 4789/1107/145 4818/1205/144
f 3716/1107/137 4792/1106/137 4794/1105/137
f 4794/1105/137 3715/1108/137 3716/1107/137
f 3715/1107/137 4794/1106/137 4796/1105/137
f 4796/1105/137 3717/1108/137 3715/1107/137
f 3717/1107/137 4796/1106/137 4798/1197/137
f 4798/1197/137 3718/1206/137 3717/1107/137
f 3718/1206/137 4798/1197/137 4800/1198/137
f 4800/1198/137 3719/1207/137 3718/1206/137
f 3719/1207/137 4800/1198/137 4802/1105/137
f 4802/1105/137 3720/1108/137 3719/1207/137
f 3720/1107/137 4802/1106/137 4804/1105/137
f 4804/1105/137 3721/1108/137 3720/1107/137
f 3721/1107/137 4804/1106/137 4806/1105/137
f 4806/1105/137 3722/1108/137 3721/1107/137
f 3722/1107/137 4806/1106/137 4808/1105/137
f 4808/1105/137 3723/1108/137 3722/1107/137
f 3723/1107/137 4808/1106/137 4810/1105/137
f 4810/1105/137 3724/1108/137 3723/1107/137
f 3724/1107/137 4810/1106/137 4812/1105/137
f 4812/1105/137 3725/1108/137 3724/1107/137
f 3725/1107/137 4812/1106/137 4814/1105/137
f 4814/1105/137 3726/1108/137 3725/1107/137
f 3726/1107/137 4814/1106/137 4816/1105/137
f 4816/1105/137 3727/1108/137 3726/1107/137
f 3727/1107/137 4816/1106/137 4818/1105/137
f 4818/1105/137 3728/1108/137 3727/1107/137
f 3728/1107/137 4818/1106/137 4789/1105/137
f 4789/1105/137 3729/1108/137 3728/1107/137
f 3729/1107/137 4789/1106/137 4790/1105/137
f 4790/1105/137 3730/1108/137 3729/1107/137
f 3730/1107/137 4790/1106/137 4792/1105/137
f 4792/1105/137 3716/1108/137 3730/1107/137
f 4821/1106/138 4820/1105/138 4819/1108/138
f 4819/1108/138 4822/1107/138 4821/1106/138
f 4822/1106/283 4819/1105/283 4823/1108/283
f 4823/1108/283 4824/1107/283 4822/1106/283
f 4824/1106/139 4823/1105/139 4825/1108/139
f 4825/1108/139 4826/1107/139 4824/1106/139
f 4826/1106/284 4825/1105/284 4820/1108/284
f 4820/1108/284 4821/1107/284 4826/1106/284
f 4826/1106/285 4821/1105/285 4822/1108/285
f 4822/1108/285 4824/1107/285 4826/1106/285
f 4820/1106/286 4825/1105/286 4823/1108/286
f 4823/1108/286 4819/1107/286 4820/1106/286
f 4829/1106/141 4828/1105/141 4827/1108/141
f 4827/1108/141 4830/1107/141 4829/1106/141
f 4830/1106/288 4827/1105/288 4831/1108/288
f 4831/1108/288 4832/1107/289 4830/1106/288
f 4832/1106/147 4831/1105/147 4833/1108/147
f 4833/1108/147 4834/1107/147 4832/1106/147
f 4834/1106/290 4833/1105/290 4828/1108/290
f 4828/1108/290 4829/1107/290 4834/1106/290
f 4834/1106/291 4829/1105/291 4830/1108/291
f 4830/1108/291 4832/1107/291 4834/1106/291
f 4828/1106/292 4833/1105/292 4831/1108/292
f 4831/1108/292 4827/1107/292 4828/1106/292
f 4837/1106/152 4836/1105/152 4835/1108/152
f 4835/1108/152 4838/1107/152 4837/1106/152
f 4838/1106/293 4835/1105/293 4839/1108/293
f 4839/1108/293 4840/1107/293 4838/1106/293
f 4840/1106/145 4839/1105/145 4841/1108/145
f 4841/1108/145 4842/1107/145 4840/1106/145
f 4842/1106/294 4841/1105/294 4836/1108/294
f 4836/1108/294 4837/1107/294 4842/1106/294
f 4842/1106/295 4837/1105/295 4838/1108/295
f 4838/1108/295 4840/1107/295 4842/1106/295
f 4836/1106/296 4841/1105/296 4839/1108/296
f 4839/1108/296 4835/1107/296 4836/1106/296
f 4845/1106/150 4844/1105/150 4843/1108/150
f 4843/1108/150 4846/1107/150 4845/1106/150
f 4846/1106/320 4843/1105/320 4847/1108/320
f 4847/1108/320 4848/1107/320 4846/1106/320
f 4848/1106/143 4847/1105/143 4849/1108/143
f 4849/1108/143 4850/1107/143 4848/1106/143
f 4850/1106/299 4849/1105/299 4844/1108/299
f 4844/1108/299 4845/1107/299 4850/1106/299
f 4850/1106/300 4845/1105/300 4846/1108/300
f 4846/1108/300 4848/1107/300 4850/1106/300
f 4844/1106/301 4849/1105/301 4847/1108/301
f 4847/1108/301 4843/1107/301 4844/1106/301
f 4853/1106/139 4852/1105/139 4851/1108/139
f 4851/1108/139 4854/1107/139 4853/1106/139
f 4854/1106/302 4851/1105/302 4855/1108/302
f 4855/1108/302 4856/1107/302 4854/1106/302
f 4856/1106/138 4855/1105/138 4857/1108/138
f 4857/1108/138 4858/1107/138 4856/1106/138
f 4858/1106/303 4857/1105/303 4852/1108/303
f 4852/1108/303 4853/1107/303 4858/1106/303
f 4858/1106/304 4853/1105/304 4854/1108/304
f 4854/1108/304 4856/1107/304 4858/1106/304
f 4852/1106/305 4857/1105/305 4855/1108/305
f 4855/1108/305 4851/1107/305 4852/1106/305
f 4861/1106/147 4860/1105/147 4859/1108/147
f 4859/1108/147 4862/1107/147 4861/1106/147
f 4862/1106/306 4859/1105/306 4863/1108/306
f 4863/1108/306 4864/1107/306 4862/1106/306
f 4864/1106/141 4863/1105/141 4865/1108/141
f 4865/1108/141 4866/1107/141 4864/1106/141
f 4866/1106/307 4865/1105/307 4860/1108/307
f 4860/1108/307 4861/1107/307 4866/1106/307
f 4866/1106/308 4861/1105/308 4862/1108/308
f 4862/1108/308 4864/1107/308 4866/1106/308
f 4860/1106/309 4865/1105/309 4863/1108/309
f 4863/1108/309 4859/1107/309 4860/1106/309
f 4869/1106/145 4868/1105/145 4867/1108/145
f 4867/1108/145 4870/1107/145 4869/1106/145
f 4870/1106/310 4867/1105/310 4871/1108/310
f 4871/1108/310 4872/1107/310 4870/1106/310
f 4872/1106/152 4871/1105/152 4873/1108/152
f 4873/1108/152 4874/1107/152 4872/1106/152
f 4874/1106/311 4873/1105/311 4868/1108/311
f 4868/1108/311 4869/1107/311 4874/1106/311
f 4874/1106/312 4869/1105/312 4870/1108/312
f 4870/1108/312 4872/1107/312 4874/1106/312
f 4868/1106/313 4873/1105/313 4871/1108/313
f 4871/1108/313 4867/1107/313 4868/1106/313
f 4877/1106/143 4876/1105/143 4875/1108/143
f 4875/1108/143 4878/1107/143 4877/1106/143
f 4878/1106/314 4875/1105/314 4879/1108/314
f 4879/1108/314 4880/1107/314 4878/1106/314
f 4880/1106/150 4879/1105/150 4881/1108/150
f 4881/1108/150 4882/1107/330 4880/1106/150
f 4882/1106/315 4881/1105/315 4876/1108/315
f 4876/1108/315 4877/1107/315 4882/1106/315
f 4882/1106/316 4877/1105/316 4878/1108/316
f 4878/1108/316 4880/1107/316 4882/1106/316
f 4876/1106/317 4881/1105/317 4879/1108/317
f 4879/1108/317 4875/1107/317 4876/1106/317
f 4885/1106/145 4884/1105/145 4883/1167/146
f 4883/1167/146 4886/1194/146 4885/1106/145
f 4886/1194/146 4883/1167/146 4887/1169/147
f 4887/1169/147 4888/1195/147 4886/1194/146
f 4888/1195/147 4887/1169/147 4889/1171/148
f 4889/1171/148 4890/1196/148 4888/1195/147
f 4890/1196/148 4889/1171/148 4891/1128/139
f 4891/1128/139 4892/1110/139 4890/1196/148
f 4892/1110/139 4891/1128/139 4893/1174/149
f 4893/1174/149 4894/1197/149 4892/1110/139
f 4894/1197/149 4893/1174/149 4895/1176/150
f 4895/1176/150 4896/1198/150 4894/1197/149
f 4896/1198/150 4895/1176/150 4897/1178/151
f 4897/1178/151 4898/1199/151 4896/1198/150
f 4898/1199/151 4897/1178/151 4899/1129/152
f 4899/1129/152 4900/1116/152 4898/1199/151
f 4900/1116/152 4899/1129/152 4901/1181/153
f 4901/1181/153 4902/1200/153 4900/1116/152
f 4902/1200/153 4901/1181/153 4903/1183/141
f 4903/1183/141 4904/1201/141 4902/1200/153
f 4904/1201/141 4903/1183/141 4905/1185/140
f 4905/1185/140 4906/1202/140 4904/1201/141
f 4906/1202/140 4905/1185/140 4907/1133/138
f 4907/1133/138 4908/1118/138 4906/1202/140
f 4908/1118/138 4907/1133/138 4909/1188/142
f 4909/1188/142 4910/1203/142 4908/1118/138
f 4910/1203/142 4909/1188/142 4911/1190/143
f 4911/1190/143 4912/1204/143 4910/1203/142
f 4912/1204/143 4911/1190/143 4913/1192/144
f 4913/1192/144 4914/1205/144 4912/1204/143
f 4914/1205/144 4913/1192/144 4884/1108/145
f 4884/1108/145 4885/1107/145 4914/1205/144
f 3732/1107/137 4888/1106/137 4890/1105/137
f 4890/1105/137 3731/1108/137 3732/1107/137
f 3731/1107/137 4890/1106/137 4892/1105/137
f 4892/1105/137 3733/1108/137 3731/1107/137
f 3733/1107/137 4892/1106/137 4894/1197/137
f 4894/1197/137 3734/1206/137 3733/1107/137
f 3734/1206/137 4894/1197/137 4896/1198/137
f 4896/1198/137 3735/1207/137 3734/1206/137
f 3735/1207/137 4896/1198/137 4898/1105/137
f 4898/1105/137 3736/1108/137 3735/1207/137
f 3736/1107/137 4898/1106/137 4900/1105/137
f 4900/1105/137 3737/1108/137 3736/1107/137
f 3737/1107/137 4900/1106/137 4902/1105/137
f 4902/1105/137 3738/1108/137 3737/1107/137
f 3738/1107/137 4902/1106/137 4904/1105/137
f 4904/1105/137 3739/1108/137 3738/1107/137
f 3739/1107/137 4904/1106/137 4906/1105/137
f 4906/1105/137 3740/1108/137 3739/1107/137
f 3740/1107/137 4906/1106/137 4908/1105/137
f 4908/1105/137 3741/1108/137 3740/1107/137
f 3741/1107/137 4908/1106/137 4910/1105/137
f 4910/1105/137 3742/1108/137 3741/1107/137
f 3742/1107/137 4910/1106/137 4912/1105/137
f 4912/1105/137 3743/1108/137 3742/1107/137
f 3743/1107/137 4912/1106/137 4914/1105/137
f 4914/1105/137 3744/1108/137 3743/1107/137
f 3744/1107/137 4914/1106/137 4885/1105/137
f 4885/1105/137 3745/1108/137 3744/1107/137
f 3745/1107/137 4885/1106/137 4886/1105/137
f 4886/1105/137 3746/1108/137 3745/1107/137
f 3746/1107/137 4886/1106/137 4888/1105/137
f 4888/1105/137 3732/1108/137 3746/1107/137
f 4917/1106/138 4916/1105/138 4915/1108/138
f 4915/1108/138 4918/1107/138 4917/1106/138
f 4918/1106/283 4915/1105/283 4919/1108/283
f 4919/1108/283 4920/1107/283 4918/1106/283
f 4920/1106/139 4919/1105/139 4921/1108/139
f 4921/1108/139 4922/1107/139 4920/1106/139
f 4922/1106/284 4921/1105/284 4916/1108/284
f 4916/1108/284 4917/1107/284 4922/1106/284
f 4922/1106/285 4917/1105/285 4918/1108/285
f 4918/1108/285 4920/1107/285 4922/1106/285
f 4916/1106/286 4921/1105/286 4919/1108/286
f 4919/1108/286 4915/1107/286 4916/1106/286
f 4925/1106/141 4924/1105/141 4923/1108/141
f 4923/1108/141 4926/1107/141 4925/1106/141
f 4926/1106/288 4923/1105/288 4927/1108/288
f 4927/1108/288 4928/1107/288 4926/1106/288
f 4928/1106/147 4927/1105/147 4929/1108/147
f 4929/1108/147 4930/1107/147 4928/1106/147
f 4930/1106/290 4929/1105/290 4924/1108/290
f 4924/1108/290 4925/1107/290 4930/1106/290
f 4930/1106/291 4925/1105/291 4926/1108/291
f 4926/1108/291 4928/1107/291 4930/1106/291
f 4924/1106/292 4929/1105/292 4927/1108/292
f 4927/1108/292 4923/1107/292 4924/1106/292
f 4933/1106/152 4932/1105/152 4931/1108/152
f 4931/1108/152 4934/1107/152 4933/1106/152
f 4934/1106/293 4931/1105/293 4935/1108/293
f 4935/1108/293 4936/1107/293 4934/1106/293
f 4936/1106/145 4935/1105/145 4937/1108/145
f 4937/1108/145 4938/1107/145 4936/1106/145
f 4938/1106/294 4937/1105/294 4932/1108/294
f 4932/1108/294 4933/1107/294 4938/1106/294
f 4938/1106/295 4933/1105/295 4934/1108/295
f 4934/1108/295 4936/1107/295 4938/1106/295
f 4932/1106/296 4937/1105/296 4935/1108/296
f 4935/1108/296 4931/1107/296 4932/1106/296
f 4941/1106/150 4940/1105/150 4939/1108/150
f 4939/1108/150 4942/1107/150 4941/1106/150
f 4942/1106/320 4939/1105/320 4943/1108/320
f 4943/1108/320 4944/1107/320 4942/1106/320
f 4944/1106/143 4943/1105/143 4945/1108/143
f 4945/1108/143 4946/1107/143 4944/1106/143
f 4946/1106/299 4945/1105/299 4940/1108/299
f 4940/1108/299 4941/1107/299 4946/1106/299
f 4946/1106/300 4941/1105/300 4942/1108/300
f 4942/1108/300 4944/1107/300 4946/1106/300
f 4940/1106/301 4945/1105/301 4943/1108/301
f 4943/1108/301 4939/1107/301 4940/1106/301
f 4949/1106/139 4948/1105/139 4947/1108/139
f 4947/1108/139 4950/1107/139 4949/1106/139
f 4950/1106/302 4947/1105/302 4951/1108/302
f 4951/1108/302 4952/1107/302 4950/1106/302
f 4952/1106/138 4951/1105/138 4953/1108/138
f 4953/1108/138 4954/1107/138 4952/1106/138
f 4954/1106/334 4953/1105/334 4948/1108/334
f 4948/1108/334 4949/1107/334 4954/1106/334
f 4954/1106/304 4949/1105/304 4950/1108/304
f 4950/1108/304 4952/1107/304 4954/1106/304
f 4948/1106/305 4953/1105/305 4951/1108/305
f 4951/1108/305 4947/1107/305 4948/1106/305
f 4957/1106/147 4956/1105/147 4955/1108/147
f 4955/1108/147 4958/1107/147 4957/1106/147
f 4958/1106/306 4955/1105/306 4959/1108/306
f 4959/1108/306 4960/1107/306 4958/1106/306
f 4960/1106/141 4959/1105/141 4961/1108/141
f 4961/1108/141 4962/1107/141 4960/1106/141
f 4962/1106/307 4961/1105/307 4956/1108/307
f 4956/1108/307 4957/1107/307 4962/1106/307
f 4962/1106/308 4957/1105/308 4958/1108/308
f 4958/1108/308 4960/1107/308 4962/1106/308
f 4956/1106/309 4961/1105/309 4959/1108/309
f 4959/1108/309 4955/1107/309 4956/1106/309
f 4965/1106/145 4964/1105/145 4963/1108/145
f 4963/1108/145 4966/1107/145 4965/1106/145
f 4966/1106/310 4963/1105/310 4967/1108/310
f 4967/1108/310 4968/1107/310 4966/1106/310
f 4968/1106/152 4967/1105/152 4969/1108/152
f 4969/1108/152 4970/1107/152 4968/1106/152
f 4970/1106/311 4969/1105/311 4964/1108/311
f 4964/1108/311 4965/1107/311 4970/1106/311
f 4970/1106/312 4965/1105/312 4966/1108/312
f 4966/1108/312 4968/1107/312 4970/1106/312
f 4964/1106/313 4969/1105/313 4967/1108/313
f 4967/1108/313 4963/1107/313 4964/1106/313
f 4973/1106/143 4972/1105/143 4971/1108/143
f 4971/1108/143 4974/1107/143 4973/1106/143
f 4974/1106/314 4971/1105/314 4975/1108/314
f 4975/1108/314 4976/1107/314 4974/1106/314
f 4976/1106/150 4975/1105/150 4977/1108/150
f 4977/1108/150 4978/1107/150 4976/1106/150
f 4978/1106/315 4977/1105/315 4972/1108/315
f 4972/1108/315 4973/1107/315 4978/1106/315
f 4978/1106/316 4973/1105/316 4974/1108/316
f 4974/1108/316 4976/1107/316 4978/1106/316
f 4972/1106/317 4977/1105/317 4975/1108/317
f 4975/1108/317 4971/1107/317 4972/1106/317
f 4981/1106/145 4980/1105/145 4979/1167/146
f 4979/1167/146 4982/1194/146 4981/1106/145
f 4982/1194/146 4979/1167/146 4983/1169/147
f 4983/1169/147 4984/1195/147 4982/1194/146
f 4984/1195/147 4983/1169/147 4985/1171/148
f 4985/1171/148 4986/1196/148 4984/1195/147
f 4986/1196/148 4985/1171/148 4987/1128/139
f 4987/1128/139 4988/1110/139 4986/1196/148
f 4988/1110/139 4987/1128/139 4989/1174/149
f 4989/1174/149 4990/1197/149 4988/1110/139
f 4990/1197/149 4989/1174/149 4991/1176/150
f 4991/1176/150 4992/1198/150 4990/1197/149
f 4992/1198/150 4991/1176/150 4993/1178/151
f 4993/1178/151 4994/1199/151 4992/1198/150
f 4994/1199/151 4993/1178/151 4995/1129/152
f 4995/1129/152 4996/1116/152 4994/1199/151
f 4996/1116/152 4995/1129/152 4997/1181/153
f 4997/1181/153 4998/1200/153 4996/1116/152
f 4998/1200/153 4997/1181/153 4999/1183/141
f 4999/1183/141 5000/1201/141 4998/1200/153
f 5000/1201/141 4999/1183/141 5001/1185/140
f 5001/1185/140 5002/1202/140 5000/1201/141
f 5002/1202/140 5001/1185/140 5003/1133/138
f 5003/1133/138 5004/1118/138 5002/1202/140
f 5004/1118/138 5003/1133/138 5005/1188/142
f 5005/1188/142 5006/1203/142 5004/1118/138
f 5006/1203/142 5005/1188/142 5007/1190/143
f 5007/1190/143 5008/1204/143 5006/1203/142
f 5008/1204/143 5007/1190/143 5009/1192/144
f 5009/1192/144 5010/1205/144 5008/1204/143
f 5010/1205/144 5009/1192/144 4980/1108/145
f 4980/1108/145 4981/1107/145 5010/1205/144
f 3748/1107/137 4984/1106/137 4986/1105/137
f 4986/1105/137 3747/1108/137 3748/1107/137
f 3747/1107/137 4986/1106/137 4988/1105/137
f 4988/1105/137 3749/1108/137 3747/1107/137
f 3749/1107/137 4988/1106/137 4990/1197/137
f 4990/1197/137 3750/1206/137 3749/1107/137
f 3750/1206/137 4990/1197/137 4992/1198/137
f 4992/1198/137 3751/1207/137 3750/1206/137
f 3751/1207/137 4992/1198/137 4994/1105/137
f 4994/1105/137 3752/1108/137 3751/1207/137
f 3752/1107/137 4994/1106/137 4996/1105/137
f 4996/1105/137 3753/1108/137 3752/1107/137
f 3753/1107/137 4996/1106/137 4998/1105/137
f 4998/1105/137 3754/1108/137 3753/1107/137
f 3754/1107/137 4998/1106/137 5000/1105/137
f 5000/1105/137 3755/1108/137 3754/1107/137
f 3755/1107/137 5000/1106/137 5002/1105/137
f 5002/1105/137 3756/1108/137 3755/1107/137
f 3756/1107/137 5002/1106/137 5004/1105/137
f 5004/1105/137 3757/1108/137 3756/1107/137
f 3757/1107/137 5004/1106/137 5006/1105/137
f 5006/1105/137 3758/1108/137 3757/1107/137
f 3758/1107/137 5006/1106/137 5008/1105/137
f 5008/1105/137 3759/1108/137 3758/1107/137
f 3759/1107/137 5008/1106/137 5010/1105/137
f 5010/1105/137 3760/1108/137 3759/1107/137
f 3760/1107/137 5010/1106/137 4981/1105/137
f 4981/1105/137 3761/1108/137 3760/1107/137
f 3761/1107/137 4981/1106/137 4982/1105/137
f 4982/1105/137 3762/1108/137 3761/1107/137
f 3762/1107/137 4982/1106/137 4984/1105/137
f 4984/1105/137 3748/1108/137 3762/1107/137
f 5013/1106/138 5012/1105/138 5011/1108/138
f 5011/1108/138 5014/1107/138 5013/1106/138
f 5014/1106/145 5011/1105/145 5015/1108/145
f 5015/1108/145 5016/1107/145 5014/1106/145
f 5016/1106/139 5015/1105/139 5017/1108/139
f 5017/1108/139 5018/1107/139 5016/1106/139
f 5018/1106/152 5017/1105/152 5012/1108/152
f 5012/1108/152 5013/1107/152 5018/1106/152
f 5021/1108/145 5020/1108/145 5019/1107/145
f 5019/1107/145 5022/1107/145 5021/1108/145
f 5025/1106/152 5024/1106/152 5023/1105/152
f 5023/1105/152 5026/1105/152 5025/1106/152
f 5029/1108/145 5028/1108/145 5027/1107/145
f 5027/1107/145 5030/1107/145 5029/1108/145
f 5033/1106/152 5032/1106/152 5031/1105/152
f 5031/1105/152 5034/1105/152 5033/1106/152
f 5020/1108/282 5014/1108/282 5016/1107/282
f 5016/1107/282 5019/1107/282 5020/1108/282
f 5035/1107/139 5022/1107/139 5019/1107/139
f 5019/1107/139 5016/1107/139 5035/1107/139
f 5035/1107/139 5016/1107/139 5018/1106/139
f 5018/1106/139 5036/1106/139 5035/1107/139
f 5025/1106/139 5036/1106/139 5018/1106/139
f 5018/1106/139 5024/1106/139 5025/1106/139
f 5037/1108/137 5021/1108/137 5022/1107/137
f 5022/1107/137 5035/1107/137 5037/1108/137
f 5037/1108/137 5035/1107/137 5036/1106/137
f 5036/1106/137 5038/1105/137 5037/1108/137
f 5026/1105/137 5038/1105/137 5036/1106/137
f 5036/1106/137 5025/1106/137 5026/1105/137
f 5014/1108/138 5020/1108/138 5021/1108/138
f 5021/1108/138 5037/1108/138 5014/1108/138
f 5014/1108/138 5037/1108/138 5038/1105/138
f 5038/1105/138 5013/1105/138 5014/1108/138
f 5023/1105/138 5013/1105/138 5038/1105/138
f 5038/1105/138 5026/1105/138 5023/1105/138
f 5024/1106/282 5018/1106/282 5013/1105/282
f 5013/1105/282 5023/1105/282 5024/1106/282
f 5028/1108/137 5015/1108/137 5011/1107/137
f 5011/1107/137 5027/1107/137 5028/1108/137
f 5039/1107/138 5030/1107/138 5027/1107/138
f 5027/1107/138 5011/1107/138 5039/1107/138
f 5039/1107/138 5011/1107/138 5012/1106/138
f 5012/1106/138 5040/1106/138 5039/1107/138
f 5033/1106/138 5040/1106/138 5012/1106/138
f 5012/1106/138 5032/1106/138 5033/1106/138
f 5041/1108/282 5029/1108/282 5030/1107/282
f 5030/1107/282 5039/1107/282 5041/1108/282
f 5041/1108/282 5039/1107/282 5040/1106/282
f 5040/1106/282 5042/1105/282 5041/1108/282
f 5034/1105/282 5042/1105/282 5040/1106/282
f 5040/1106/282 5033/1106/282 5034/1105/282
f 5015/1108/139 5028/1108/139 5029/1108/139
f 5029/1108/139 5041/1108/139 5015/1108/139
f 5015/1108/139 5041/1108/139 5042/1105/139
f 5042/1105/139 5017/1105/139 5015/1108/139
f 5031/1105/139 5017/1105/139 5042/1105/139
f 5042/1105/139 5034/1105/139 5031/1105/139
f 5032/1106/137 5012/1106/137 5017/1105/137
f 5017/1105/137 5031/1105/137 5032/1106/137
f 5045/1106/138 5044/1105/138 5043/1108/138
f 5043/1108/138 5046/1107/138 5045/1106/138
f 5046/1106/145 5043/1105/145 5047/1108/145
f 5047/1108/145 5048/1107/145 5046/1106/145
f 5048/1106/139 5047/1105/139 5049/1108/139
f 5049/1108/139 5050/1107/139 5048/1106/139
f 5050/1106/152 5049/1105/152 5044/1108/152
f 5044/1108/152 5045/1107/152 5050/1106/152
f 5053/1108/145 5052/1108/145 5051/1107/145
f 5051/1107/145 5054/1107/145 5053/1108/145
f 5057/1106/152 5056/1106/152 5055/1105/152
f 5055/1105/152 5058/1105/152 5057/1106/152
f 5061/1108/145 5060/1108/145 5059/1107/145
f 5059/1107/145 5062/1107/145 5061/1108/145
f 5065/1106/152 5064/1106/152 5063/1105/152
f 5063/1105/152 5066/1105/152 5065/1106/152
f 5052/1108/282 5046/1108/282 5048/1107/282
f 5048/1107/282 5051/1107/282 5052/1108/282
f 5067/1107/139 5054/1107/139 5051/1107/139
f 5051/1107/139 5048/1107/139 5067/1107/139
f 5067/1107/139 5048/1107/139 5050/1106/139
f 5050/1106/139 5068/1106/139 5067/1107/139
f 5057/1106/139 5068/1106/139 5050/1106/139
f 5050/1106/139 5056/1106/139 5057/1106/139
f 5069/1108/137 5053/1108/137 5054/1107/137
f 5054/1107/137 5067/1107/137 5069/1108/137
f 5069/1108/137 5067/1107/137 5068/1106/137
f 5068/1106/137 5070/1105/137 5069/1108/137
f 5058/1105/137 5070/1105/137 5068/1106/137
f 5068/1106/137 5057/1106/137 5058/1105/137
f 5046/1108/138 5052/1108/138 5053/1108/138
f 5053/1108/138 5069/1108/138 5046/1108/138
f 5046/1108/138 5069/1108/138 5070/1105/138
f 5070/1105/138 5045/1105/138 5046/1108/138
f 5055/1105/138 5045/1105/138 5070/1105/138
f 5070/1105/138 5058/1105/138 5055/1105/138
f 5056/1106/282 5050/1106/282 5045/1105/282
f 5045/1105/282 5055/1105/282 5056/1106/282
f 5060/1108/137 5047/1108/137 5043/1107/137
f 5043/1107/137 5059/1107/137 5060/1108/137
f 5071/1107/138 5062/1107/138 5059/1107/138
f 5059/1107/138 5043/1107/138 5071/1107/138
f 5071/1107/138 5043/1107/138 5044/1106/138
f 5044/1106/138 5072/1106/138 5071/1107/138
f 5065/1106/138 5072/1106/138 5044/1106/138
f 5044/1106/138 5064/1106/138 5065/1106/138
f 5073/1108/282 5061/1108/282 5062/1107/282
f 5062/1107/282 5071/1107/282 5073/1108/282
f 5073/1108/282 5071/1107/282 5072/1106/282
f 5072/1106/282 5074/1105/282 5073/1108/282
f 5066/1105/282 5074/1105/282 5072/1106/282
f 5072/1106/282 5065/1106/282 5066/1105/282
f 5047/1108/139 5060/1108/139 5061/1108/139
f 5061/1108/139 5073/1108/139 5047/1108/139
f 5047/1108/139 5073/1108/139 5074/1105/139
f 5074/1105/139 5049/1105/139 5047/1108/139
f 5063/1105/139 5049/1105/139 5074/1105/139
f 5074/1105/139 5066/1105/139 5063/1105/139
f 5064/1106/137 5044/1106/137 5049/1105/137
f 5049/1105/137 5063/1105/137 5064/1106/137
f 5077/1106/145 5076/1105/145 5075/1108/145
f 5075/1108/145 5078/1107/145 5077/1106/145
f 5081/1106/152 5080/1105/152 5079/1108/152
f 5079/1108/152 5082/1107/152 5081/1106/152
f 5079/1106/282 5080/1105/282 5075/1108/282
f 5075/1108/282 5076/1107/282 5079/1106/282
f 3764/1102/137 5084/1102/137 5083/1101/137
f 5083/1101/137 3763/1101/137 3764/1102/137
f 3763/1101/152 5083/1101/152 5085/1104/152
f 5085/1104/152 3766/1104/152 3763/1101/152
f 3766/1104/282 5085/1104/282 5086/1103/282
f 5086/1103/282 3765/1103/282 3766/1104/282
f 3765/1103/145 5086/1103/145 5084/1102/145
f 5084/1102/145 3764/1102/145 3765/1103/145
f 3768/1102/137 5088/1102/137 5087/1101/137
f 5087/1101/137 3767/1101/137 3768/1102/137
f 3767/1101/145 5087/1101/145 5089/1104/145
f 5089/1104/145 3770/1104/145 3767/1101/145
f 3770/1104/282 5089/1104/282 5090/1103/282
f 5090/1103/282 3769/1103/282 3770/1104/282
f 3769/1103/152 5090/1103/152 5088/1102/152
f 5088/1102/152 3768/1102/152 3769/1103/152
f 5091/1105/152 5093/1166/152 5092/1165/153
f 5092/1165/153 5094/1167/153 5091/1105/152
f 5094/1167/153 5092/1165/153 5095/1168/141
f 5095/1168/141 5096/1169/141 5094/1167/153
f 5096/1169/141 5095/1168/141 5097/1170/140
f 5097/1170/140 5098/1171/140 5096/1169/141
f 5098/1171/140 5097/1170/140 5099/1172/138
f 5099/1172/138 5100/1128/138 5098/1171/140
f 5100/1128/138 5099/1172/138 5101/1173/142
f 5101/1173/142 5102/1174/142 5100/1128/138
f 5102/1174/142 5101/1173/142 5103/1175/143
f 5103/1175/143 5104/1176/143 5102/1174/142
f 5104/1176/143 5103/1175/143 5105/1177/144
f 5105/1177/144 5106/1178/144 5104/1176/143
f 5106/1178/144 5105/1177/144 5107/1179/145
f 5107/1179/145 5108/1129/145 5106/1178/144
f 5108/1129/145 5107/1179/145 5109/1180/146
f 5109/1180/146 5110/1181/146 5108/1129/145
f 5110/1181/146 5109/1180/146 5111/1182/147
f 5111/1182/147 5112/1183/147 5110/1181/146
f 5112/1183/147 5111/1182/147 5113/1184/148
f 5113/1184/148 5114/1185/148 5112/1183/147
f 5114/1185/148 5113/1184/148 5115/1186/139
f 5115/1186/139 5116/1133/139 5114/1185/148
f 5116/1133/139 5115/1186/139 5117/1187/149
f 5117/1187/149 5118/1188/149 5116/1133/139
f 5118/1188/149 5117/1187/149 5119/1189/150
f 5119/1189/150 5120/1190/150 5118/1188/149
f 5120/1190/150 5119/1189/150 5121/1191/151
f 5121/1191/151 5122/1192/151 5120/1190/150
f 5122/1192/151 5121/1191/151 5093/1193/152
f 5093/1193/152 5091/1108/152 5122/1192/151
f 5123/1105/152 5125/1166/152 5124/1165/153
f 5124/1165/153 5126/1167/153 5123/1105/152
f 5126/1167/153 5124/1165/153 5127/1168/141
f 5127/1168/141 5128/1169/141 5126/1167/153
f 5128/1169/141 5127/1168/141 5129/1170/140
f 5129/1170/140 5130/1171/140 5128/1169/141
f 5130/1171/140 5129/1170/140 5131/1172/138
f 5131/1172/138 5132/1128/138 5130/1171/140
f 5132/1128/138 5131/1172/138 5133/1173/142
f 5133/1173/142 5134/1174/142 5132/1128/138
f 5134/1174/142 5133/1173/142 5135/1175/143
f 5135/1175/143 5136/1176/143 5134/1174/142
f 5136/1176/143 5135/1175/143 5137/1177/144
f 5137/1177/144 5138/1178/144 5136/1176/143
f 5138/1178/144 5137/1177/144 5139/1179/145
f 5139/1179/145 5140/1129/145 5138/1178/144
f 5140/1129/145 5139/1179/145 5141/1180/146
f 5141/1180/146 5142/1181/146 5140/1129/145
f 5142/1181/146 5141/1180/146 5143/1182/147
f 5143/1182/147 5144/1183/147 5142/1181/146
f 5144/1183/147 5143/1182/147 5145/1184/148
f 5145/1184/148 5146/1185/148 5144/1183/147
f 5146/1185/148 5145/1184/148 5147/1186/139
f 5147/1186/139 5148/1133/139 5146/1185/148
f 5148/1133/139 5147/1186/139 5149/1187/149
f 5149/1187/149 5150/1188/149 5148/1133/139
f 5150/1188/149 5149/1187/149 5151/1189/150
f 5151/1189/150 5152/1190/150 5150/1188/149
f 5152/1190/150 5151/1189/150 5153/1191/151
f 5153/1191/151 5154/1192/151 5152/1190/150
f 5154/1192/151 5153/1191/151 5125/1193/152
f 5125/1193/152 5123/1108/152 5154/1192/151
f 5155/1105/152 5157/1166/152 5156/1165/153
f 5156/1165/153 5158/1167/153 5155/1105/152
f 5158/1167/153 5156/1165/153 5159/1168/141
f 5159/1168/141 5160/1169/141 5158/1167/153
f 5160/1169/141 5159/1168/141 5161/1170/140
f 5161/1170/140 5162/1171/140 5160/1169/141
f 5162/1171/140 5161/1170/140 5163/1172/138
f 5163/1172/138 5164/1128/138 5162/1171/140
f 5164/1128/138 5163/1172/138 5165/1173/142
f 5165/1173/142 5166/1174/142 5164/1128/138
f 5166/1174/142 5165/1173/142 5167/1175/143
f 5167/1175/143 5168/1176/143 5166/1174/142
f 5168/1176/143 5167/1175/143 5169/1177/144
f 5169/1177/144 5170/1178/144 5168/1176/143
f 5170/1178/144 5169/1177/144 5171/1179/145
f 5171/1179/145 5172/1129/145 5170/1178/144
f 5172/1129/145 5171/1179/145 5173/1180/146
f 5173/1180/146 5174/1181/146 5172/1129/145
f 5174/1181/146 5173/1180/146 5175/1182/147
f 5175/1182/147 5176/1183/147 5174/1181/146
f 5176/1183/147 5175/1182/147 5177/1184/148
f 5177/1184/148 5178/1185/148 5176/1183/147
f 5178/1185/148 5177/1184/148 5179/1186/139
f 5179/1186/139 5180/1133/139 5178/1185/148
f 5180/1133/139 5179/1186/139 5181/1187/149
f 5181/1187/149 5182/1188/149 5180/1133/139
f 5182/1188/149 5181/1187/149 5183/1189/150
f 5183/1189/150 5184/1190/150 5182/1188/149
f 5184/1190/150 5183/1189/150 5185/1191/151
f 5185/1191/151 5186/1192/151 5184/1190/150
f 5186/1192/151 5185/1191/151 5157/1193/152
f 5157/1193/152 5155/1108/152 5186/1192/151
f 5187/1105/152 5189/1166/152 5188/1165/153
f 5188/1165/153 5190/1167/153 5187/1105/152
f 5190/1167/153 5188/1165/153 5191/1168/141
f 5191/1168/141 5192/1169/141 5190/1167/153
f 5192/1169/141 5191/1168/141 5193/1170/140
f 5193/1170/140 5194/1171/140 5192/1169/141
f 5194/1171/140 5193/1170/140 5195/1172/138
f 5195/1172/138 5196/1128/138 5194/1171/140
f 5196/1128/138 5195/1172/138 5197/1173/142
f 5197/1173/142 5198/1174/142 5196/1128/138
f 5198/1174/142 5197/1173/142 5199/1175/143
f 5199/1175/143 5200/1176/143 5198/1174/142
f 5200/1176/143 5199/1175/143 5201/1177/144
f 5201/1177/144 5202/1178/144 5200/1176/143
f 5202/1178/144 5201/1177/144 5203/1179/145
f 5203/1179/145 5204/1129/145 5202/1178/144
f 5204/1129/145 5203/1179/145 5205/1180/146
f 5205/1180/146 5206/1181/146 5204/1129/145
f 5206/1181/146 5205/1180/146 5207/1182/147
f 5207/1182/147 5208/1183/147 5206/1181/146
f 5208/1183/147 5207/1182/147 5209/1184/148
f 5209/1184/148 5210/1185/148 5208/1183/147
f 5210/1185/148 5209/1184/148 5211/1186/139
f 5211/1186/139 5212/1133/139 5210/1185/148
f 5212/1133/139 5211/1186/139 5213/1187/149
f 5213/1187/149 5214/1188/149 5212/1133/139
f 5214/1188/149 5213/1187/149 5215/1189/150
f 5215/1189/150 5216/1190/150 5214/1188/149
f 5216/1190/150 5215/1189/150 5217/1191/151
f 5217/1191/151 5218/1192/151 5216/1190/150
f 5218/1192/151 5217/1191/151 5189/1193/152
f 5189/1193/152 5187/1108/152 5218/1192/151
f 5221/1106/138 5220/1105/138 5219/1108/138
f 5219/1108/138 5222/1107/138 5221/1106/138
f 5222/1106/283 5219/1105/283 5223/1108/283
f 5223/1108/283 5224/1107/283 5222/1106/283
f 5224/1106/139 5223/1105/139 5225/1108/139
f 5225/1108/139 5226/1107/139 5224/1106/139
f 5226/1106/284 5225/1105/284 5220/1108/284
f 5220/1108/284 5221/1107/284 5226/1106/284
f 5226/1106/285 5221/1105/285 5222/1108/285
f 5222/1108/285 5224/1107/285 5226/1106/285
f 5220/1106/286 5225/1105/286 5223/1108/286
f 5223/1108/286 5219/1107/286 5220/1106/286
f 5229/1106/141 5228/1105/141 5227/1108/141
f 5227/1108/141 5230/1107/141 5229/1106/141
f 5230/1106/288 5227/1105/288 5231/1108/288
f 5231/1108/288 5232/1107/288 5230/1106/288
f 5232/1106/147 5231/1105/147 5233/1108/147
f 5233/1108/147 5234/1107/147 5232/1106/147
f 5234/1106/290 5233/1105/290 5228/1108/290
f 5228/1108/290 5229/1107/290 5234/1106/290
f 5234/1106/291 5229/1105/291 5230/1108/291
f 5230/1108/291 5232/1107/291 5234/1106/291
f 5228/1106/292 5233/1105/292 5231/1108/292
f 5231/1108/292 5227/1107/292 5228/1106/292
f 5237/1106/152 5236/1105/152 5235/1108/152
f 5235/1108/152 5238/1107/152 5237/1106/152
f 5238/1106/293 5235/1105/293 5239/1108/293
f 5239/1108/293 5240/1107/293 5238/1106/293
f 5240/1106/145 5239/1105/145 5241/1108/145
f 5241/1108/145 5242/1107/145 5240/1106/145
f 5242/1106/294 5241/1105/294 5236/1108/294
f 5236/1108/294 5237/1107/294 5242/1106/294
f 5242/1106/295 5237/1105/295 5238/1108/295
f 5238/1108/295 5240/1107/295 5242/1106/295
f 5236/1106/296 5241/1105/296 5239/1108/296
f 5239/1108/296 5235/1107/296 5236/1106/296
f 5245/1106/150 5244/1105/150 5243/1108/150
f 5243/1108/150 5246/1107/150 5245/1106/150
f 5246/1106/320 5243/1105/320 5247/1108/320
f 5247/1108/320 5248/1107/320 5246/1106/320
f 5248/1106/143 5247/1105/143 5249/1108/143
f 5249/1108/143 5250/1107/143 5248/1106/143
f 5250/1106/299 5249/1105/299 5244/1108/299
f 5244/1108/299 5245/1107/299 5250/1106/299
f 5250/1106/300 5245/1105/300 5246/1108/300
f 5246/1108/300 5248/1107/300 5250/1106/300
f 5244/1106/301 5249/1105/301 5247/1108/301
f 5247/1108/301 5243/1107/301 5244/1106/301
f 5253/1106/139 5252/1105/139 5251/1108/139
f 5251/1108/139 5254/1107/139 5253/1106/139
f 5254/1106/302 5251/1105/302 5255/1108/302
f 5255/1108/302 5256/1107/302 5254/1106/302
f 5256/1106/138 5255/1105/138 5257/1108/138
f 5257/1108/138 5258/1107/138 5256/1106/138
f 5258/1106/303 5257/1105/303 5252/1108/303
f 5252/1108/303 5253/1107/303 5258/1106/303
f 5258/1106/304 5253/1105/304 5254/1108/304
f 5254/1108/304 5256/1107/304 5258/1106/304
f 5252/1106/305 5257/1105/305 5255/1108/305
f 5255/1108/305 5251/1107/305 5252/1106/305
f 5261/1106/147 5260/1105/147 5259/1108/147
f 5259/1108/147 5262/1107/147 5261/1106/147
f 5262/1106/306 5259/1105/306 5263/1108/306
f 5263/1108/306 5264/1107/306 5262/1106/306
f 5264/1106/141 5263/1105/141 5265/1108/141
f 5265/1108/141 5266/1107/141 5264/1106/141
f 5266/1106/307 5265/1105/307 5260/1108/307
f 5260/1108/307 5261/1107/307 5266/1106/307
f 5266/1106/308 5261/1105/308 5262/1108/308
f 5262/1108/308 5264/1107/308 5266/1106/308
f 5260/1106/309 5265/1105/309 5263/1108/309
f 5263/1108/309 5259/1107/309 5260/1106/309
f 5269/1106/145 5268/1105/145 5267/1108/145
f 5267/1108/145 5270/1107/145 5269/1106/145
f 5270/1106/310 5267/1105/310 5271/1108/310
f 5271/1108/310 5272/1107/310 5270/1106/310
f 5272/1106/152 5271/1105/152 5273/1108/152
f 5273/1108/152 5274/1107/152 5272/1106/152
f 5274/1106/311 5273/1105/311 5268/1108/311
f 5268/1108/311 5269/1107/311 5274/1106/311
f 5274/1106/312 5269/1105/312 5270/1108/312
f 5270/1108/312 5272/1107/312 5274/1106/312
f 5268/1106/313 5273/1105/313 5271/1108/313
f 5271/1108/313 5267/1107/313 5268/1106/313
f 5277/1106/143 5276/1105/143 5275/1108/143
f 5275/1108/143 5278/1107/143 5277/1106/143
f 5278/1106/314 5275/1105/314 5279/1108/314
f 5279/1108/314 5280/1107/314 5278/1106/314
f 5280/1106/150 5279/1105/150 5281/1108/150
f 5281/1108/150 5282/1107/150 5280/1106/150
f 5282/1106/315 5281/1105/315 5276/1108/315
f 5276/1108/315 5277/1107/315 5282/1106/315
f 5282/1106/316 5277/1105/316 5278/1108/316
f 5278/1108/316 5280/1107/316 5282/1106/316
f 5276/1106/317 5281/1105/317 5279/1108/317
f 5279/1108/317 5275/1107/317 5276/1106/317
f 5285/1106/145 5284/1105/145 5283/1167/146
f 5283/1167/146 5286/1194/146 5285/1106/145
f 5286/1194/146 5283/1167/146 5287/1169/147
f 5287/1169/147 5288/1195/147 5286/1194/146
f 5288/1195/147 5287/1169/147 5289/1171/148
f 5289/1171/148 5290/1196/148 5288/1195/147
f 5290/1196/148 5289/1171/148 5291/1128/139
f 5291/1128/139 5292/1110/139 5290/1196/148
f 5292/1110/139 5291/1128/139 5293/1174/149
f 5293/1174/149 5294/1197/149 5292/1110/139
f 5294/1197/149 5293/1174/149 5295/1176/150
f 5295/1176/150 5296/1198/150 5294/1197/149
f 5296/1198/150 5295/1176/150 5297/1178/151
f 5297/1178/151 5298/1199/151 5296/1198/150
f 5298/1199/151 5297/1178/151 5299/1129/152
f 5299/1129/152 5300/1116/152 5298/1199/151
f 5300/1116/152 5299/1129/152 5301/1181/153
f 5301/1181/153 5302/1200/153 5300/1116/152
f 5302/1200/153 5301/1181/153 5303/1183/141
f 5303/1183/141 5304/1201/141 5302/1200/153
f 5304/1201/141 5303/1183/141 5305/1185/140
f 5305/1185/140 5306/1202/140 5304/1201/141
f 5306/1202/140 5305/1185/140 5307/1133/138
f 5307/1133/138 5308/1118/138 5306/1202/140
f 5308/1118/138 5307/1133/138 5309/1188/142
f 5309/1188/142 5310/1203/142 5308/1118/138
f 5310/1203/142 5309/1188/142 5311/1190/143
f 5311/1190/143 5312/1204/143 5310/1203/142
f 5312/1204/143 5311/1190/143 5313/1192/144
f 5313/1192/144 5314/1205/144 5312/1204/143
f 5314/1205/144 5313/1192/144 5284/1108/145
f 5284/1108/145 5285/1107/145 5314/1205/144
f 3772/1107/137 5288/1106/137 5290/1105/137
f 5290/1105/137 3771/1108/137 3772/1107/137
f 3771/1107/137 5290/1106/137 5292/1105/137
f 5292/1105/137 3773/1108/137 3771/1107/137
f 3773/1107/137 5292/1106/137 5294/1197/137
f 5294/1197/137 3774/1206/137 3773/1107/137
f 3774/1206/137 5294/1197/137 5296/1198/137
f 5296/1198/137 3775/1207/137 3774/1206/137
f 3775/1207/137 5296/1198/137 5298/1105/137
f 5298/1105/137 3776/1108/137 3775/1207/137
f 3776/1107/137 5298/1106/137 5300/1105/137
f 5300/1105/137 3777/1108/137 3776/1107/137
f 3777/1107/137 5300/1106/137 5302/1105/137
f 5302/1105/137 3778/1108/137 3777/1107/137
f 3778/1107/137 5302/1106/137 5304/1105/137
f 5304/1105/137 3779/1108/137 3778/1107/137
f 3779/1107/137 5304/1106/137 5306/1105/137
f 5306/1105/137 3780/1108/137 3779/1107/137
f 3780/1107/137 5306/1106/137 5308/1105/137
f 5308/1105/137 3781/1108/137 3780/1107/137
f 3781/1107/137 5308/1106/137 5310/1105/137
f 5310/1105/137 3782/1108/137 3781/1107/137
f 3782/1107/137 5310/1106/137 5312/1105/137
f 5312/1105/137 3783/1108/137 3782/1107/137
f 3783/1107/137 5312/1106/137 5314/1105/137
f 5314/1105/137 3784/1108/137 3783/1107/137
f 3784/1107/137 5314/1106/137 5285/1105/137
f 5285/1105/137 3785/1108/137 3784/1107/137
f 3785/1107/137 5285/1106/137 5286/1105/137
f 5286/1105/137 3786/1108/137 3785/1107/137
f 3786/1107/137 5286/1106/137 5288/1105/137
f 5288/1105/137 3772/1108/137 3786/1107/137
f 5317/1106/138 5316/1105/138 5315/1108/138
f 5315/1108/138 5318/1107/138 5317/1106/138
f 5318/1106/283 5315/1105/283 5319/1108/283
f 5319/1108/283 5320/1107/283 5318/1106/283
f 5320/1106/139 5319/1105/139 5321/1108/139
f 5321/1108/139 5322/1107/139 5320/1106/139
f 5322/1106/284 5321/1105/284 5316/1108/284
f 5316/1108/284 5317/1107/284 5322/1106/284
f 5322/1106/285 5317/1105/285 5318/1108/285
f 5318/1108/285 5320/1107/285 5322/1106/285
f 5316/1106/286 5321/1105/286 5319/1108/286
f 5319/1108/286 5315/1107/286 5316/1106/286
f 5325/1106/141 5324/1105/141 5323/1108/141
f 5323/1108/141 5326/1107/141 5325/1106/141
f 5326/1106/288 5323/1105/288 5327/1108/288
f 5327/1108/288 5328/1107/289 5326/1106/288
f 5328/1106/147 5327/1105/324 5329/1108/147
f 5329/1108/147 5330/1107/147 5328/1106/147
f 5330/1106/290 5329/1105/290 5324/1108/290
f 5324/1108/290 5325/1107/290 5330/1106/290
f 5330/1106/291 5325/1105/291 5326/1108/291
f 5326/1108/291 5328/1107/291 5330/1106/291
f 5324/1106/292 5329/1105/292 5327/1108/292
f 5327/1108/292 5323/1107/292 5324/1106/292
f 5333/1106/152 5332/1105/152 5331/1108/152
f 5331/1108/152 5334/1107/152 5333/1106/152
f 5334/1106/293 5331/1105/293 5335/1108/293
f 5335/1108/293 5336/1107/293 5334/1106/293
f 5336/1106/145 5335/1105/145 5337/1108/145
f 5337/1108/145 5338/1107/145 5336/1106/145
f 5338/1106/294 5337/1105/294 5332/1108/294
f 5332/1108/294 5333/1107/294 5338/1106/294
f 5338/1106/295 5333/1105/295 5334/1108/295
f 5334/1108/295 5336/1107/295 5338/1106/295
f 5332/1106/296 5337/1105/296 5335/1108/296
f 5335/1108/296 5331/1107/296 5332/1106/296
f 5341/1106/150 5340/1105/150 5339/1108/150
f 5339/1108/150 5342/1107/150 5341/1106/150
f 5342/1106/320 5339/1105/320 5343/1108/320
f 5343/1108/320 5344/1107/320 5342/1106/320
f 5344/1106/143 5343/1105/143 5345/1108/143
f 5345/1108/143 5346/1107/143 5344/1106/143
f 5346/1106/299 5345/1105/299 5340/1108/299
f 5340/1108/299 5341/1107/299 5346/1106/299
f 5346/1106/300 5341/1105/300 5342/1108/300
f 5342/1108/300 5344/1107/300 5346/1106/300
f 5340/1106/301 5345/1105/301 5343/1108/301
f 5343/1108/301 5339/1107/301 5340/1106/301
f 5349/1106/139 5348/1105/139 5347/1108/139
f 5347/1108/139 5350/1107/139 5349/1106/139
f 5350/1106/302 5347/1105/302 5351/1108/302
f 5351/1108/302 5352/1107/302 5350/1106/302
f 5352/1106/138 5351/1105/138 5353/1108/138
f 5353/1108/138 5354/1107/138 5352/1106/138
f 5354/1106/303 5353/1105/303 5348/1108/303
f 5348/1108/303 5349/1107/303 5354/1106/303
f 5354/1106/304 5349/1105/304 5350/1108/304
f 5350/1108/304 5352/1107/304 5354/1106/304
f 5348/1106/305 5353/1105/305 5351/1108/305
f 5351/1108/305 5347/1107/305 5348/1106/305
f 5357/1106/147 5356/1105/147 5355/1108/147
f 5355/1108/147 5358/1107/147 5357/1106/147
f 5358/1106/306 5355/1105/306 5359/1108/306
f 5359/1108/306 5360/1107/306 5358/1106/306
f 5360/1106/141 5359/1105/141 5361/1108/141
f 5361/1108/141 5362/1107/141 5360/1106/141
f 5362/1106/307 5361/1105/307 5356/1108/307
f 5356/1108/307 5357/1107/307 5362/1106/307
f 5362/1106/308 5357/1105/308 5358/1108/308
f 5358/1108/308 5360/1107/308 5362/1106/308
f 5356/1106/309 5361/1105/309 5359/1108/309
f 5359/1108/309 5355/1107/309 5356/1106/309
f 5365/1106/145 5364/1105/145 5363/1108/145
f 5363/1108/145 5366/1107/145 5365/1106/145
f 5366/1106/310 5363/1105/310 5367/1108/310
f 5367/1108/310 5368/1107/310 5366/1106/310
f 5368/1106/152 5367/1105/152 5369/1108/152
f 5369/1108/152 5370/1107/152 5368/1106/152
f 5370/1106/311 5369/1105/311 5364/1108/311
f 5364/1108/311 5365/1107/311 5370/1106/311
f 5370/1106/312 5365/1105/312 5366/1108/312
f 5366/1108/312 5368/1107/312 5370/1106/312
f 5364/1106/313 5369/1105/313 5367/1108/313
f 5367/1108/313 5363/1107/313 5364/1106/313
f 5373/1106/143 5372/1105/143 5371/1108/143
f 5371/1108/143 5374/1107/143 5373/1106/143
f 5374/1106/314 5371/1105/314 5375/1108/314
f 5375/1108/314 5376/1107/314 5374/1106/314
f 5376/1106/150 5375/1105/150 5377/1108/150
f 5377/1108/150 5378/1107/330 5376/1106/150
f 5378/1106/315 5377/1105/315 5372/1108/315
f 5372/1108/315 5373/1107/315 5378/1106/315
f 5378/1106/316 5373/1105/316 5374/1108/316
f 5374/1108/316 5376/1107/316 5378/1106/316
f 5372/1106/317 5377/1105/317 5375/1108/317
f 5375/1108/317 5371/1107/317 5372/1106/317
f 5381/1106/145 5380/1105/145 5379/1167/146
f 5379/1167/146 5382/1194/146 5381/1106/145
f 5382/1194/146 5379/1167/146 5383/1169/147
f 5383/1169/147 5384/1195/147 5382/1194/146
f 5384/1195/147 5383/1169/147 5385/1171/148
f 5385/1171/148 5386/1196/148 5384/1195/147
f 5386/1196/148 5385/1171/148 5387/1128/139
f 5387/1128/139 5388/1110/139 5386/1196/148
f 5388/1110/139 5387/1128/139 5389/1174/149
f 5389/1174/149 5390/1197/149 5388/1110/139
f 5390/1197/149 5389/1174/149 5391/1176/150
f 5391/1176/150 5392/1198/150 5390/1197/149
f 5392/1198/150 5391/1176/150 5393/1178/151
f 5393/1178/151 5394/1199/151 5392/1198/150
f 5394/1199/151 5393/1178/151 5395/1129/152
f 5395/1129/152 5396/1116/152 5394/1199/151
f 5396/1116/152 5395/1129/152 5397/1181/153
f 5397/1181/153 5398/1200/153 5396/1116/152
f 5398/1200/153 5397/1181/153 5399/1183/141
f 5399/1183/141 5400/1201/141 5398/1200/153
f 5400/1201/141 5399/1183/141 5401/1185/140
f 5401/1185/140 5402/1202/140 5400/1201/141
f 5402/1202/140 5401/1185/140 5403/1133/138
f 5403/1133/138 5404/1118/138 5402/1202/140
f 5404/1118/138 5403/1133/138 5405/1188/142
f 5405/1188/142 5406/1203/142 5404/1118/138
f 5406/1203/142 5405/1188/142 5407/1190/143
f 5407/1190/143 5408/1204/143 5406/1203/142
f 5408/1204/143 5407/1190/143 5409/1192/144
f 5409/1192/144 5410/1205/144 5408/1204/143
f 5410/1205/144 5409/1192/144 5380/1108/145
f 5380/1108/145 5381/1107/145 5410/1205/144
f 3788/1107/137 5384/1106/137 5386/1105/137
f 5386/1105/137 3787/1108/137 3788/1107/137
f 3787/1107/137 5386/1106/137 5388/1105/137
f 5388/1105/137 3789/1108/137 3787/1107/137
f 3789/1107/137 5388/1106/137 5390/1197/137
f 5390/1197/137 3790/1206/137 3789/1107/137
f 3790/1206/137 5390/1197/137 5392/1198/137
f 5392/1198/137 3791/1207/137 3790/1206/137
f 3791/1207/137 5392/1198/137 5394/1105/137
f 5394/1105/137 3792/1108/137 3791/1207/137
f 3792/1107/137 5394/1106/137 5396/1105/137
f 5396/1105/137 3793/1108/137 3792/1107/137
f 3793/1107/137 5396/1106/137 5398/1105/137
f 5398/1105/137 3794/1108/137 3793/1107/137
f 3794/1107/137 5398/1106/137 5400/1105/137
f 5400/1105/137 3795/1108/137 3794/1107/137
f 3795/1107/137 5400/1106/137 5402/1105/137
f 5402/1105/137 3796/1108/137 3795/1107/137
f 3796/1107/137 5402/1106/137 5404/1105/137
f 5404/1105/137 3797/1108/137 3796/1107/137
f 3797/1107/137 5404/1106/137 5406/1105/137
f 5406/1105/137 3798/1108/137 3797/1107/137
f 3798/1107/137 5406/1106/137 5408/1105/137
f 5408/1105/137 3799/1108/137 3798/1107/137
f 3799/1107/137 5408/1106/137 5410/1105/137
f 5410/1105/137 3800/1108/137 3799/1107/137
f 3800/1107/137 5410/1106/137 5381/1105/137
f 5381/1105/137 3801/1108/137 3800/1107/137
f 3801/1107/137 5381/1106/137 5382/1105/137
f 5382/1105/137 3802/1108/137 3801/1107/137
f 3802/1107/137 5382/1106/137 5384/1105/137
f 5384/1105/137 3788/1108/137 3802/1107/137
f 5413/1106/138 5412/1105/138 5411/1108/138
f 5411/1108/138 5414/1107/138 5413/1106/138
f 5414/1106/283 5411/1105/283 5415/1108/283
f 5415/1108/283 5416/1107/283 5414/1106/283
f 5416/1106/139 5415/1105/139 5417/1108/139
f 5417/1108/139 5418/1107/139 5416/1106/139
f 5418/1106/284 5417/1105/284 5412/1108/284
f 5412/1108/284 5413/1107/284 5418/1106/284
f 5418/1106/285 5413/1105/285 5414/1108/285
f 5414/1108/285 5416/1107/285 5418/1106/285
f 5412/1106/286 5417/1105/286 5415/1108/286
f 5415/1108/286 5411/1107/286 5412/1106/286
f 5421/1106/141 5420/1105/141 5419/1108/141
f 5419/1108/141 5422/1107/141 5421/1106/141
f 5422/1106/288 5419/1105/288 5423/1108/288
f 5423/1108/288 5424/1107/288 5422/1106/288
f 5424/1106/147 5423/1105/324 5425/1108/147
f 5425/1108/147 5426/1107/147 5424/1106/147
f 5426/1106/290 5425/1105/290 5420/1108/290
f 5420/1108/290 5421/1107/290 5426/1106/290
f 5426/1106/291 5421/1105/291 5422/1108/291
f 5422/1108/291 5424/1107/291 5426/1106/291
f 5420/1106/292 5425/1105/292 5423/1108/292
f 5423/1108/292 5419/1107/292 5420/1106/292
f 5429/1106/152 5428/1105/152 5427/1108/152
f 5427/1108/152 5430/1107/152 5429/1106/152
f 5430/1106/293 5427/1105/293 5431/1108/293
f 5431/1108/293 5432/1107/293 5430/1106/293
f 5432/1106/145 5431/1105/145 5433/1108/145
f 5433/1108/145 5434/1107/145 5432/1106/145
f 5434/1106/294 5433/1105/294 5428/1108/294
f 5428/1108/294 5429/1107/294 5434/1106/294
f 5434/1106/295 5429/1105/295 5430/1108/295
f 5430/1108/295 5432/1107/295 5434/1106/295
f 5428/1106/296 5433/1105/296 5431/1108/296
f 5431/1108/296 5427/1107/296 5428/1106/296
f 5437/1106/150 5436/1105/150 5435/1108/150
f 5435/1108/150 5438/1107/150 5437/1106/150
f 5438/1106/320 5435/1105/320 5439/1108/320
f 5439/1108/320 5440/1107/320 5438/1106/320
f 5440/1106/143 5439/1105/143 5441/1108/143
f 5441/1108/143 5442/1107/143 5440/1106/143
f 5442/1106/299 5441/1105/299 5436/1108/299
f 5436/1108/299 5437/1107/299 5442/1106/299
f 5442/1106/300 5437/1105/300 5438/1108/300
f 5438/1108/300 5440/1107/300 5442/1106/300
f 5436/1106/301 5441/1105/301 5439/1108/301
f 5439/1108/301 5435/1107/301 5436/1106/301
f 5445/1106/139 5444/1105/139 5443/1108/139
f 5443/1108/139 5446/1107/139 5445/1106/139
f 5446/1106/302 5443/1105/302 5447/1108/302
f 5447/1108/302 5448/1107/302 5446/1106/302
f 5448/1106/138 5447/1105/138 5449/1108/138
f 5449/1108/138 5450/1107/138 5448/1106/138
f 5450/1106/303 5449/1105/303 5444/1108/303
f 5444/1108/303 5445/1107/303 5450/1106/303
f 5450/1106/304 5445/1105/304 5446/1108/304
f 5446/1108/304 5448/1107/304 5450/1106/304
f 5444/1106/305 5449/1105/305 5447/1108/305
f 5447/1108/305 5443/1107/305 5444/1106/305
f 5453/1106/147 5452/1105/147 5451/1108/147
f 5451/1108/147 5454/1107/147 5453/1106/147
f 5454/1106/306 5451/1105/306 5455/1108/306
f 5455/1108/306 5456/1107/306 5454/1106/306
f 5456/1106/141 5455/1105/141 5457/1108/141
f 5457/1108/141 5458/1107/141 5456/1106/141
f 5458/1106/307 5457/1105/307 5452/1108/307
f 5452/1108/307 5453/1107/307 5458/1106/307
f 5458/1106/308 5453/1105/308 5454/1108/308
f 5454/1108/308 5456/1107/308 5458/1106/308
f 5452/1106/309 5457/1105/309 5455/1108/309
f 5455/1108/309 5451/1107/309 5452/1106/309
f 5461/1106/145 5460/1105/145 5459/1108/145
f 5459/1108/145 5462/1107/145 5461/1106/145
f 5462/1106/310 5459/1105/310 5463/1108/310
f 5463/1108/310 5464/1107/310 5462/1106/310
f 5464/1106/152 5463/1105/152 5465/1108/152
f 5465/1108/152 5466/1107/152 5464/1106/152
f 5466/1106/311 5465/1105/311 5460/1108/311
f 5460/1108/311 5461/1107/311 5466/1106/311
f 5466/1106/312 5461/1105/312 5462/1108/312
f 5462/1108/312 5464/1107/312 5466/1106/312
f 5460/1106/313 5465/1105/313 5463/1108/313
f 5463/1108/313 5459/1107/313 5460/1106/313
f 5469/1106/143 5468/1105/143 5467/1108/143
f 5467/1108/143 5470/1107/143 5469/1106/143
f 5470/1106/314 5467/1105/314 5471/1108/314
f 5471/1108/314 5472/1107/314 5470/1106/314
f 5472/1106/150 5471/1105/150 5473/1108/150
f 5473/1108/150 5474/1107/150 5472/1106/150
f 5474/1106/315 5473/1105/332 5468/1108/315
f 5468/1108/315 5469/1107/315 5474/1106/315
f 5474/1106/316 5469/1105/316 5470/1108/316
f 5470/1108/316 5472/1107/316 5474/1106/316
f 5468/1106/317 5473/1105/317 5471/1108/317
f 5471/1108/317 5467/1107/317 5468/1106/317
f 5477/1106/145 5476/1105/145 5475/1167/146
f 5475/1167/146 5478/1194/146 5477/1106/145
f 5478/1194/146 5475/1167/146 5479/1169/147
f 5479/1169/147 5480/1195/147 5478/1194/146
f 5480/1195/147 5479/1169/147 5481/1171/148
f 5481/1171/148 5482/1196/148 5480/1195/147
f 5482/1196/148 5481/1171/148 5483/1128/139
f 5483/1128/139 5484/1110/139 5482/1196/148
f 5484/1110/139 5483/1128/139 5485/1174/149
f 5485/1174/149 5486/1197/149 5484/1110/139
f 5486/1197/149 5485/1174/149 5487/1176/150
f 5487/1176/150 5488/1198/150 5486/1197/149
f 5488/1198/150 5487/1176/150 5489/1178/151
f 5489/1178/151 5490/1199/151 5488/1198/150
f 5490/1199/151 5489/1178/151 5491/1129/152
f 5491/1129/152 5492/1116/152 5490/1199/151
f 5492/1116/152 5491/1129/152 5493/1181/153
f 5493/1181/153 5494/1200/153 5492/1116/152
f 5494/1200/153 5493/1181/153 5495/1183/141
f 5495/1183/141 5496/1201/141 5494/1200/153
f 5496/1201/141 5495/1183/141 5497/1185/140
f 5497/1185/140 5498/1202/140 5496/1201/141
f 5498/1202/140 5497/1185/140 5499/1133/138
f 5499/1133/138 5500/1118/138 5498/1202/140
f 5500/1118/138 5499/1133/138 5501/1188/142
f 5501/1188/142 5502/1203/142 5500/1118/138
f 5502/1203/142 5501/1188/142 5503/1190/143
f 5503/1190/143 5504/1204/143 5502/1203/142
f 5504/1204/143 5503/1190/143 5505/1192/144
f 5505/1192/144 5506/1205/144 5504/1204/143
f 5506/1205/144 5505/1192/144 5476/1108/145
f 5476/1108/145 5477/1107/145 5506/1205/144
f 5507/1107/137 5480/1106/137 5482/1105/137
f 5482/1105/137 5508/1108/137 5507/1107/137
f 5508/1107/137 5482/1106/137 5484/1105/137
f 5484/1105/137 5509/1108/137 5508/1107/137
f 5509/1107/137 5484/1106/137 5486/1197/137
f 5486/1197/137 5510/1206/137 5509/1107/137
f 5510/1206/137 5486/1197/137 5488/1198/137
f 5488/1198/137 5511/1207/137 5510/1206/137
f 5511/1207/137 5488/1198/137 5490/1105/137
f 5490/1105/137 5512/1108/137 5511/1207/137
f 5512/1107/137 5490/1106/137 5492/1105/137
f 5492/1105/137 5513/1108/137 5512/1107/137
f 5513/1107/137 5492/1106/137 5494/1105/137
f 5494/1105/137 5514/1108/137 5513/1107/137
f 5514/1107/137 5494/1106/137 5496/1105/137
f 5496/1105/137 5515/1108/137 5514/1107/137
f 5515/1107/137 5496/1106/137 5498/1105/137
f 5498/1105/137 5516/1108/137 5515/1107/137
f 5516/1107/137 5498/1106/137 5500/1105/137
f 5500/1105/137 5517/1108/137 5516/1107/137
f 5517/1107/137 5500/1106/137 5502/1105/137
f 5502/1105/137 5518/1108/137 5517/1107/137
f 5518/1107/137 5502/1106/137 5504/1105/137
f 5504/1105/137 5519/1108/137 5518/1107/137
f 5519/1107/137 5504/1106/137 5506/1105/137
f 5506/1105/137 5520/1108/137 5519/1107/137
f 5520/1107/137 5506/1106/137 5477/1105/137
f 5477/1105/137 5521/1108/137 5520/1107/137
f 5521/1107/137 5477/1106/137 5478/1105/137
f 5478/1105/137 5522/1108/137 5521/1107/137
f 5522/1107/137 5478/1106/137 5480/1105/137
f 5480/1105/137 5507/1108/137 5522/1107/137
f 3823/1107/141 5507/1106/141 5508/1105/140
f 5508/1105/140 3821/1108/140 3823/1107/141
f 3821/1107/140 5508/1106/140 5509/1105/138
f 5509/1105/138 3820/1108/138 3821/1107/140
f 3820/1107/138 5509/1106/138 5510/1105/142
f 5510/1105/142 3819/1108/142 3820/1107/138
f 3819/1107/142 5510/1106/142 5511/1105/143
f 5511/1105/143 3822/1108/143 3819/1107/142
f 3822/1107/143 5511/1106/143 5512/1105/144
f 5512/1105/144 3824/1108/144 3822/1107/143
f 3824/1107/144 5512/1106/144 5513/1105/145
f 5513/1105/145 3826/1108/145 3824/1107/144
f 3826/1107/145 5513/1106/145 5514/1105/146
f 5514/1105/146 3828/1108/146 3826/1107/145
f 3828/1107/146 5514/1106/146 5515/1105/147
f 5515/1105/147 3830/1108/147 3828/1107/146
f 3830/1107/147 5515/1106/147 5516/1105/148
f 5516/1105/148 3832/1108/148 3830/1107/147
f 3832/1107/148 5516/1106/148 5517/1105/139
f 5517/1105/139 3834/1108/139 3832/1107/148
f 3834/1107/139 5517/1106/139 5518/1105/149
f 5518/1105/149 3833/1108/149 3834/1107/139
f 3833/1107/149 5518/1106/149 5519/1105/150
f 5519/1105/150 3831/1108/150 3833/1107/149
f 3831/1107/150 5519/1106/150 5520/1105/151
f 5520/1105/151 3829/1108/151 3831/1107/150
f 3829/1107/151 5520/1106/151 5521/1105/152
f 5521/1105/152 3827/1108/152 3829/1107/151
f 3827/1107/152 5521/1106/152 5522/1105/153
f 5522/1105/153 3825/1108/153 3827/1107/152
f 3825/1107/153 5522/1106/153 5507/1105/141
f 5507/1105/141 3823/1108/141 3825/1107/153
f 5525/1106/138 5524/1105/138 5523/1108/138
f 5523/1108/138 5526/1107/138 5525/1106/138
f 5526/1106/283 5523/1105/283 5527/1108/283
f 5527/1108/283 5528/1107/283 5526/1106/283
f 5528/1106/139 5527/1105/139 5529/1108/139
f 5529/1108/139 5530/1107/139 5528/1106/139
f 5530/1106/284 5529/1105/284 5524/1108/284
f 5524/1108/284 5525/1107/284 5530/1106/284
f 5530/1106/285 5525/1105/285 5526/1108/285
f 5526/1108/285 5528/1107/285 5530/1106/285
f 5524/1106/286 5529/1105/286 5527/1108/286
f 5527/1108/286 5523/1107/286 5524/1106/286
f 5533/1106/141 5532/1105/141 5531/1108/141
f 5531/1108/141 5534/1107/141 5533/1106/141
f 5534/1106/288 5531/1105/288 5535/1108/288
f 5535/1108/288 5536/1107/288 5534/1106/288
f 5536/1106/147 5535/1105/147 5537/1108/147
f 5537/1108/147 5538/1107/147 5536/1106/147
f 5538/1106/290 5537/1105/290 5532/1108/290
f 5532/1108/290 5533/1107/290 5538/1106/290
f 5538/1106/291 5533/1105/291 5534/1108/291
f 5534/1108/291 5536/1107/291 5538/1106/291
f 5532/1106/292 5537/1105/292 5535/1108/292
f 5535/1108/292 5531/1107/292 5532/1106/292
f 5541/1106/152 5540/1105/152 5539/1108/152
f 5539/1108/152 5542/1107/152 5541/1106/152
f 5542/1106/293 5539/1105/293 5543/1108/293
f 5543/1108/293 5544/1107/293 5542/1106/293
f 5544/1106/145 5543/1105/145 5545/1108/145
f 5545/1108/145 5546/1107/145 5544/1106/145
f 5546/1106/294 5545/1105/294 5540/1108/294
f 5540/1108/294 5541/1107/294 5546/1106/294
f 5546/1106/295 5541/1105/295 5542/1108/295
f 5542/1108/295 5544/1107/295 5546/1106/295
f 5540/1106/296 5545/1105/296 5543/1108/296
f 5543/1108/296 5539/1107/296 5540/1106/296
f 5549/1106/150 5548/1105/150 5547/1108/150
f 5547/1108/150 5550/1107/150 5549/1106/150
f 5550/1106/320 5547/1105/320 5551/1108/320
f 5551/1108/320 5552/1107/320 5550/1106/320
f 5552/1106/143 5551/1105/143 5553/1108/143
f 5553/1108/143 5554/1107/143 5552/1106/143
f 5554/1106/299 5553/1105/299 5548/1108/299
f 5548/1108/299 5549/1107/299 5554/1106/299
f 5554/1106/300 5549/1105/300 5550/1108/300
f 5550/1108/300 5552/1107/300 5554/1106/300
f 5548/1106/301 5553/1105/301 5551/1108/301
f 5551/1108/301 5547/1107/301 5548/1106/301
f 5557/1106/139 5556/1105/139 5555/1108/139
f 5555/1108/139 5558/1107/139 5557/1106/139
f 5558/1106/302 5555/1105/302 5559/1108/302
f 5559/1108/302 5560/1107/302 5558/1106/302
f 5560/1106/138 5559/1105/138 5561/1108/138
f 5561/1108/138 5562/1107/138 5560/1106/138
f 5562/1106/303 5561/1105/303 5556/1108/303
f 5556/1108/303 5557/1107/303 5562/1106/303
f 5562/1106/304 5557/1105/304 5558/1108/304
f 5558/1108/304 5560/1107/304 5562/1106/304
f 5556/1106/305 5561/1105/305 5559/1108/305
f 5559/1108/305 5555/1107/305 5556/1106/305
f 5565/1106/147 5564/1105/147 5563/1108/147
f 5563/1108/147 5566/1107/147 5565/1106/147
f 5566/1106/306 5563/1105/306 5567/1108/306
f 5567/1108/306 5568/1107/306 5566/1106/306
f 5568/1106/141 5567/1105/141 5569/1108/141
f 5569/1108/141 5570/1107/141 5568/1106/141
f 5570/1106/307 5569/1105/307 5564/1108/307
f 5564/1108/307 5565/1107/307 5570/1106/307
f 5570/1106/308 5565/1105/308 5566/1108/308
f 5566/1108/308 5568/1107/308 5570/1106/308
f 5564/1106/309 5569/1105/309 5567/1108/309
f 5567/1108/309 5563/1107/309 5564/1106/309
f 5573/1106/145 5572/1105/145 5571/1108/145
f 5571/1108/145 5574/1107/145 5573/1106/145
f 5574/1106/310 5571/1105/310 5575/1108/310
f 5575/1108/310 5576/1107/310 5574/1106/310
f 5576/1106/152 5575/1105/152 5577/1108/152
f 5577/1108/152 5578/1107/152 5576/1106/152
f 5578/1106/311 5577/1105/311 5572/1108/311
f 5572/1108/311 5573/1107/311 5578/1106/311
f 5578/1106/312 5573/1105/312 5574/1108/312
f 5574/1108/312 5576/1107/312 5578/1106/312
f 5572/1106/313 5577/1105/313 5575/1108/313
f 5575/1108/313 5571/1107/313 5572/1106/313
f 5581/1106/143 5580/1105/143 5579/1108/143
f 5579/1108/143 5582/1107/143 5581/1106/143
f 5582/1106/314 5579/1105/314 5583/1108/314
f 5583/1108/314 5584/1107/314 5582/1106/314
f 5584/1106/150 5583/1105/150 5585/1108/150
f 5585/1108/150 5586/1107/150 5584/1106/150
f 5586/1106/315 5585/1105/315 5580/1108/315
f 5580/1108/315 5581/1107/315 5586/1106/315
f 5586/1106/316 5581/1105/316 5582/1108/316
f 5582/1108/316 5584/1107/316 5586/1106/316
f 5580/1106/317 5585/1105/317 5583/1108/317
f 5583/1108/317 5579/1107/317 5580/1106/317
f 5589/1106/145 5588/1105/145 5587/1167/146
f 5587/1167/146 5590/1194/146 5589/1106/145
f 5590/1194/146 5587/1167/146 5591/1169/147
f 5591/1169/147 5592/1195/147 5590/1194/146
f 5592/1195/147 5591/1169/147 5593/1171/148
f 5593/1171/148 5594/1196/148 5592/1195/147
f 5594/1196/148 5593/1171/148 5595/1128/139
f 5595/1128/139 5596/1110/139 5594/1196/148
f 5596/1110/139 5595/1128/139 5597/1174/149
f 5597/1174/149 5598/1197/149 5596/1110/139
f 5598/1197/149 5597/1174/149 5599/1176/150
f 5599/1176/150 5600/1198/150 5598/1197/149
f 5600/1198/150 5599/1176/150 5601/1178/151
f 5601/1178/151 5602/1199/151 5600/1198/150
f 5602/1199/151 5601/1178/151 5603/1129/152
f 5603/1129/152 5604/1116/152 5602/1199/151
f 5604/1116/152 5603/1129/152 5605/1181/153
f 5605/1181/153 5606/1200/153 5604/1116/152
f 5606/1200/153 5605/1181/153 5607/1183/141
f 5607/1183/141 5608/1201/141 5606/1200/153
f 5608/1201/141 5607/1183/141 5609/1185/140
f 5609/1185/140 5610/1202/140 5608/1201/141
f 5610/1202/140 5609/1185/140 5611/1133/138
f 5611/1133/138 5612/1118/138 5610/1202/140
f 5612/1118/138 5611/1133/138 5613/1188/142
f 5613/1188/142 5614/1203/142 5612/1118/138
f 5614/1203/142 5613/1188/142 5615/1190/143
f 5615/1190/143 5616/1204/143 5614/1203/142
f 5616/1204/143 5615/1190/143 5617/1192/144
f 5617/1192/144 5618/1205/144 5616/1204/143
f 5618/1205/144 5617/1192/144 5588/1108/145
f 5588/1108/145 5589/1107/145 5618/1205/144
f 3804/1107/137 5592/1106/137 5594/1105/137
f 5594/1105/137 3803/1108/137 3804/1107/137
f 3803/1107/137 5594/1106/137 5596/1105/137
f 5596/1105/137 3805/1108/137 3803/1107/137
f 3805/1107/137 5596/1106/137 5598/1197/137
f 5598/1197/137 3806/1206/137 3805/1107/137
f 3806/1206/137 5598/1197/137 5600/1198/137
f 5600/1198/137 3807/1207/137 3806/1206/137
f 3807/1207/137 5600/1198/137 5602/1105/137
f 5602/1105/137 3808/1108/137 3807/1207/137
f 3808/1107/137 5602/1106/137 5604/1105/137
f 5604/1105/137 3809/1108/137 3808/1107/137
f 3809/1107/137 5604/1106/137 5606/1105/137
f 5606/1105/137 3810/1108/137 3809/1107/137
f 3810/1107/137 5606/1106/137 5608/1105/137
f 5608/1105/137 3811/1108/137 3810/1107/137
f 3811/1107/137 5608/1106/137 5610/1105/137
f 5610/1105/137 3812/1108/137 3811/1107/137
f 3812/1107/137 5610/1106/137 5612/1105/137
f 5612/1105/137 3813/1108/137 3812/1107/137
f 3813/1107/137 5612/1106/137 5614/1105/137
f 5614/1105/137 3814/1108/137 3813/1107/137
f 3814/1107/137 5614/1106/137 5616/1105/137
f 5616/1105/137 3815/1108/137 3814/1107/137
f 3815/1107/137 5616/1106/137 5618/1105/137
f 5618/1105/137 3816/1108/137 3815/1107/137
f 3816/1107/137 5618/1106/137 5589/1105/137
f 5589/1105/137 3817/1108/137 3816/1107/137
f 3817/1107/137 5589/1106/137 5590/1105/137
f 5590/1105/137 3818/1108/137 3817/1107/137
f 3818/1107/137 5590/1106/137 5592/1105/137
f 5592/1105/137 3804/1108/137 3818/1107/137
f 5621/1106/138 5620/1105/138 5619/1108/138
f 5619/1108/138 5622/1107/138 5621/1106/138
f 5622/1106/145 5619/1105/145 5623/1108/145
f 5623/1108/145 5624/1107/145 5622/1106/145
f 5624/1106/139 5623/1105/139 5625/1108/139
f 5625/1108/139 5626/1107/139 5624/1106/139
f 5626/1106/152 5625/1105/152 5620/1108/152
f 5620/1108/152 5621/1107/152 5626/1106/152
f 5629/1108/145 5628/1108/145 5627/1107/145
f 5627/1107/145 5630/1107/145 5629/1108/145
f 5633/1106/152 5632/1106/152 5631/1105/152
f 5631/1105/152 5634/1105/152 5633/1106/152
f 5637/1108/145 5636/1108/145 5635/1107/145
f 5635/1107/145 5638/1107/145 5637/1108/145
f 5641/1106/152 5640/1106/152 5639/1105/152
f 5639/1105/152 5642/1105/152 5641/1106/152
f 5628/1108/282 5622/1108/282 5624/1107/282
f 5624/1107/282 5627/1107/282 5628/1108/282
f 5643/1107/139 5630/1107/139 5627/1107/139
f 5627/1107/139 5624/1107/139 5643/1107/139
f 5643/1107/139 5624/1107/139 5626/1106/139
f 5626/1106/139 5644/1106/139 5643/1107/139
f 5633/1106/139 5644/1106/139 5626/1106/139
f 5626/1106/139 5632/1106/139 5633/1106/139
f 5645/1108/137 5629/1108/137 5630/1107/137
f 5630/1107/137 5643/1107/137 5645/1108/137
f 5645/1108/137 5643/1107/137 5644/1106/137
f 5644/1106/137 5646/1105/137 5645/1108/137
f 5634/1105/137 5646/1105/137 5644/1106/137
f 5644/1106/137 5633/1106/137 5634/1105/137
f 5622/1108/138 5628/1108/138 5629/1108/138
f 5629/1108/138 5645/1108/138 5622/1108/138
f 5622/1108/138 5645/1108/138 5646/1105/138
f 5646/1105/138 5621/1105/138 5622/1108/138
f 5631/1105/138 5621/1105/138 5646/1105/138
f 5646/1105/138 5634/1105/138 5631/1105/138
f 5632/1106/282 5626/1106/282 5621/1105/282
f 5621/1105/282 5631/1105/282 5632/1106/282
f 5636/1108/137 5623/1108/137 5619/1107/137
f 5619/1107/137 5635/1107/137 5636/1108/137
f 5647/1107/138 5638/1107/138 5635/1107/138
f 5635/1107/138 5619/1107/138 5647/1107/138
f 5647/1107/138 5619/1107/138 5620/1106/138
f 5620/1106/138 5648/1106/138 5647/1107/138
f 5641/1106/138 5648/1106/138 5620/1106/138
f 5620/1106/138 5640/1106/138 5641/1106/138
f 5649/1108/282 5637/1108/282 5638/1107/282
f 5638/1107/282 5647/1107/282 5649/1108/282
f 5649/1108/282 5647/1107/282 5648/1106/282
f 5648/1106/282 5650/1105/282 5649/1108/282
f 5642/1105/282 5650/1105/282 5648/1106/282
f 5648/1106/282 5641/1106/282 5642/1105/282
f 5623/1108/139 5636/1108/139 5637/1108/139
f 5637/1108/139 5649/1108/139 5623/1108/139
f 5623/1108/139 5649/1108/139 5650/1105/139
f 5650/1105/139 5625/1105/139 5623/1108/139
f 5639/1105/139 5625/1105/139 5650/1105/139
f 5650/1105/139 5642/1105/139 5639/1105/139
f 5640/1106/137 5620/1106/137 5625/1105/137
f 5625/1105/137 5639/1105/137 5640/1106/137
f 5653/1106/138 5652/1105/138 5651/1108/138
f 5651/1108/138 5654/1107/138 5653/1106/138
f 5654/1106/145 5651/1105/145 5655/1108/145
f 5655/1108/145 5656/1107/145 5654/1106/145
f 5656/1106/139 5655/1105/139 5657/1108/139
f 5657/1108/139 5658/1107/139 5656/1106/139
f 5658/1106/152 5657/1105/152 5652/1108/152
f 5652/1108/152 5653/1107/152 5658/1106/152
f 5661/1108/145 5660/1108/145 5659/1107/145
f 5659/1107/145 5662/1107/145 5661/1108/145
f 5665/1106/152 5664/1106/152 5663/1105/152
f 5663/1105/152 5666/1105/152 5665/1106/152
f 5669/1108/145 5668/1108/145 5667/1107/145
f 5667/1107/145 5670/1107/145 5669/1108/145
f 5673/1106/152 5672/1106/152 5671/1105/152
f 5671/1105/152 5674/1105/152 5673/1106/152
f 5660/1108/282 5654/1108/282 5656/1107/282
f 5656/1107/282 5659/1107/282 5660/1108/282
f 5675/1107/139 5662/1107/139 5659/1107/139
f 5659/1107/139 5656/1107/139 5675/1107/139
f 5675/1107/139 5656/1107/139 5658/1106/139
f 5658/1106/139 5676/1106/139 5675/1107/139
f 5665/1106/139 5676/1106/139 5658/1106/139
f 5658/1106/139 5664/1106/139 5665/1106/139
f 5677/1108/137 5661/1108/137 5662/1107/137
f 5662/1107/137 5675/1107/137 5677/1108/137
f 5677/1108/137 5675/1107/137 5676/1106/137
f 5676/1106/137 5678/1105/137 5677/1108/137
f 5666/1105/137 5678/1105/137 5676/1106/137
f 5676/1106/137 5665/1106/137 5666/1105/137
f 5654/1108/138 5660/1108/138 5661/1108/138
f 5661/1108/138 5677/1108/138 5654/1108/138
f 5654/1108/138 5677/1108/138 5678/1105/138
f 5678/1105/138 5653/1105/138 5654/1108/138
f 5663/1105/138 5653/1105/138 5678/1105/138
f 5678/1105/138 5666/1105/138 5663/1105/138
f 5664/1106/282 5658/1106/282 5653/1105/282
f 5653/1105/282 5663/1105/282 5664/1106/282
f 5668/1108/137 5655/1108/137 5651/1107/137
f 5651/1107/137 5667/1107/137 5668/1108/137
f 5679/1107/138 5670/1107/138 5667/1107/138
f 5667/1107/138 5651/1107/138 5679/1107/138
f 5679/1107/138 5651/1107/138 5652/1106/138
f 5652/1106/138 5680/1106/138 5679/1107/138
f 5673/1106/138 5680/1106/138 5652/1106/138
f 5652/1106/138 5672/1106/138 5673/1106/138
f 5681/1108/282 5669/1108/282 5670/1107/282
f 5670/1107/282 5679/1107/282 5681/1108/282
f 5681/1108/282 5679/1107/282 5680/1106/282
f 5680/1106/282 5682/1105/282 5681/1108/282
f 5674/1105/282 5682/1105/282 5680/1106/282
f 5680/1106/282 5673/1106/282 5674/1105/282
f 5655/1108/139 5668/1108/139 5669/1108/139
f 5669/1108/139 5681/1108/139 5655/1108/139
f 5655/1108/139 5681/1108/139 5682/1105/139
f 5682/1105/139 5657/1105/139 5655/1108/139
f 5671/1105/139 5657/1105/139 5682/1105/139
f 5682/1105/139 5674/1105/139 5671/1105/139
f 5672/1106/137 5652/1106/137 5657/1105/137
f 5657/1105/137 5671/1105/137 5672/1106/137
f 5685/1106/152 5684/1105/152 5683/1108/152
f 5683/1108/152 5686/1107/152 5685/1106/152
f 5686/1106/138 5683/1105/138 5687/1108/138
f 5687/1108/138 5688/1107/138 5686/1106/138
f 5688/1106/145 5687/1105/145 5689/1108/145
f 5689/1108/145 5690/1107/145 5688/1106/145
f 5690/1106/139 5689/1105/139 5684/1108/139
f 5684/1108/139 5685/1107/139 5690/1106/139
f 5691/1108/152 5693/1108/152 5692/1105/152
f 5692/1105/152 5694/1105/152 5691/1108/152
f 5695/1105/152 5694/1105/152 5692/1105/152
f 5692/1105/152 5696/1105/152 5695/1105/152
f 5699/1108/138 5698/1108/138 5697/1107/138
f 5697/1107/138 5700/1107/138 5699/1108/138
f 5703/1107/145 5702/1107/145 5701/1106/145
f 5701/1106/145 5704/1106/145 5703/1107/145
f 5705/1106/145 5704/1106/145 5701/1106/145
f 5701/1106/145 5706/1106/145 5705/1106/145
f 5707/1108/145 5709/1108/145 5708/1105/145
f 5708/1105/145 5710/1105/145 5707/1108/145
f 5711/1105/145 5710/1105/145 5708/1105/145
f 5708/1105/145 5712/1105/145 5711/1105/145
f 5715/1108/138 5714/1108/138 5713/1107/138
f 5713/1107/138 5716/1107/138 5715/1108/138
f 5719/1107/152 5718/1107/152 5717/1106/152
f 5717/1106/152 5720/1106/152 5719/1107/152
f 5721/1106/152 5720/1106/152 5717/1106/152
f 5717/1106/152 5722/1106/152 5721/1106/152
f 5688/1107/282 5697/1107/282 5698/1108/282
f 5698/1108/282 5686/1108/282 5688/1107/282
f 5686/1108/282 5691/1108/282 5694/1105/282
f 5694/1105/282 5685/1105/282 5686/1108/282
f 5685/1105/282 5694/1105/282 5695/1105/282
f 5695/1105/282 5723/1105/282 5685/1105/282
f 5685/1105/282 5723/1105/282 5724/1106/282
f 5724/1106/282 5690/1106/282 5685/1105/282
f 5702/1107/282 5688/1107/282 5690/1106/282
f 5690/1106/282 5701/1106/282 5702/1107/282
f 5701/1106/282 5690/1106/282 5724/1106/282
f 5724/1106/282 5706/1106/282 5701/1106/282
f 5697/1107/145 5688/1107/145 5725/1107/145
f 5725/1107/145 5700/1107/145 5697/1107/145
f 5726/1108/137 5699/1108/137 5700/1107/137
f 5700/1107/137 5725/1107/137 5726/1108/137
f 5726/1108/137 5725/1107/137 5727/1106/137
f 5727/1106/137 5730/1105/137 5726/1108/137
f 5704/1106/137 5727/1106/137 5725/1107/137
f 5725/1107/137 5703/1107/137 5704/1106/137
f 5727/1106/137 5704/1106/137 5705/1106/137
f 5705/1106/137 5728/1106/137 5727/1106/137
f 5727/1106/137 5728/1106/137 5729/1105/137
f 5729/1105/137 5730/1105/137 5727/1106/137
f 5693/1108/137 5726/1108/137 5730/1105/137
f 5730/1105/137 5692/1105/137 5693/1108/137
f 5692/1105/137 5730/1105/137 5729/1105/137
f 5729/1105/137 5696/1105/137 5692/1105/137
f 5699/1108/152 5726/1108/152 5686/1108/152
f 5686/1108/152 5698/1108/152 5699/1108/152
f 5683/1107/137 5713/1107/137 5714/1108/137
f 5714/1108/137 5687/1108/137 5683/1107/137
f 5687/1108/137 5707/1108/137 5710/1105/137
f 5710/1105/137 5689/1105/137 5687/1108/137
f 5689/1105/137 5710/1105/137 5711/1105/137
f 5711/1105/137 5731/1105/137 5689/1105/137
f 5689/1105/137 5731/1105/137 5732/1106/137
f 5732/1106/137 5684/1106/137 5689/1105/137
f 5718/1107/137 5683/1107/137 5684/1106/137
f 5684/1106/137 5717/1106/137 5718/1107/137
f 5717/1106/137 5684/1106/137 5732/1106/137
f 5732/1106/137 5722/1106/137 5717/1106/137
f 5713/1107/152 5683/1107/152 5733/1107/152
f 5733/1107/152 5716/1107/152 5713/1107/152
f 5734/1108/282 5715/1108/282 5716/1107/282
f 5716/1107/282 5733/1107/282 5734/1108/282
f 5734/1108/282 5733/1107/282 5735/1106/282
f 5735/1106/282 5738/1105/282 5734/1108/282
f 5720/1106/282 5735/1106/282 5733/1107/282
f 5733/1107/282 5719/1107/282 5720/1106/282
f 5735/1106/282 5720/1106/282 5721/1106/282
f 5721/1106/282 5736/1106/282 5735/1106/282
f 5735/1106/282 5736/1106/282 5737/1105/282
f 5737/1105/282 5738/1105/282 5735/1106/282
f 5709/1108/282 5734/1108/282 5738/1105/282
f 5738/1105/282 5708/1105/282 5709/1108/282
f 5708/1105/282 5738/1105/282 5737/1105/282
f 5737/1105/282 5712/1105/282 5708/1105/282
f 5715/1108/145 5734/1108/145 5687/1108/145
f 5687/1108/145 5714/1108/145 5715/1108/145
f 5703/1107/138 5725/1107/138 5688/1107/138
f 5688/1107/138 5702/1107/138 5703/1107/138
f 5728/1106/139 5705/1106/139 5706/1106/139
f 5706/1106/139 5724/1106/139 5728/1106/139
f 5728/1106/139 5724/1106/139 5723/1105/139
f 5723/1105/139 5729/1105/139 5728/1106/139
f 5696/1105/139 5729/1105/139 5723/1105/139
f 5723/1105/139 5695/1105/139 5696/1105/139
f 5707/1108/138 5687/1108/138 5734/1108/138
f 5734/1108/138 5709/1108/138 5707/1108/138
f 5731/1105/139 5711/1105/139 5712/1105/139
f 5712/1105/139 5737/1105/139 5731/1105/139
f 5731/1105/139 5737/1105/139 5736/1106/139
f 5736/1106/139 5732/1106/139 5731/1105/139
f 5722/1106/139 5732/1106/139 5736/1106/139
f 5736/1106/139 5721/1106/139 5722/1106/139
f 5691/1108/138 5686/1108/138 5726/1108/138
f 5726/1108/138 5693/1108/138 5691/1108/138
f 5719/1107/138 5733/1107/138 5683/1107/138
f 5683/1107/138 5718/1107/138 5719/1107/138
f 5741/1106/152 5740/1105/152 5739/1108/152
f 5739/1108/152 5742/1107/152 5741/1106/152
f 5742/1106/139 5739/1105/139 5743/1108/139
f 5743/1108/139 5744/1107/139 5742/1106/139
f 5744/1106/145 5743/1105/145 5745/1108/145
f 5745/1108/145 5746/1107/145 5744/1106/145
f 5746/1106/138 5745/1105/138 5740/1108/138
f 5740/1108/138 5741/1107/138 5746/1106/138
f 5747/1105/152 5741/1105/152 5742/1108/152
f 5742/1108/152 5748/1108/152 5747/1105/152
f 5749/1108/152 5748/1108/152 5742/1108/152
f 5742/1108/152 5750/1108/152 5749/1108/152
f 5749/1108/139 5750/1108/139 5751/1107/139
f 5751/1107/139 5752/1107/139 5749/1108/139
f 5755/1107/145 5754/1107/145 5753/1106/145
f 5753/1106/145 5756/1106/145 5755/1107/145
f 5757/1106/145 5756/1106/145 5753/1106/145
f 5753/1106/145 5758/1106/145 5757/1106/145
f 5759/1108/145 5761/1108/145 5760/1105/145
f 5760/1105/145 5762/1105/145 5759/1108/145
f 5763/1105/145 5762/1105/145 5760/1105/145
f 5760/1105/145 5764/1105/145 5763/1105/145
f 5767/1108/139 5766/1108/139 5765/1107/139
f 5765/1107/139 5768/1107/139 5767/1108/139
f 5740/1106/152 5770/1106/152 5769/1107/152
f 5769/1107/152 5739/1107/152 5740/1106/152
f 5765/1107/152 5739/1107/152 5769/1107/152
f 5769/1107/152 5768/1107/152 5765/1107/152
f 5750/1108/137 5742/1108/137 5744/1107/137
f 5744/1107/137 5751/1107/137 5750/1108/137
f 5754/1107/137 5744/1107/137 5746/1106/137
f 5746/1106/137 5753/1106/137 5754/1107/137
f 5753/1106/137 5746/1106/137 5771/1106/137
f 5771/1106/137 5758/1106/137 5753/1106/137
f 5771/1106/137 5746/1106/137 5741/1105/137
f 5741/1105/137 5772/1105/137 5771/1106/137
f 5773/1105/137 5772/1105/137 5741/1105/137
f 5741/1105/137 5774/1105/137 5773/1105/137
f 5751/1107/145 5744/1107/145 5775/1107/145
f 5775/1107/145 5752/1107/145 5751/1107/145
f 5748/1108/282 5749/1108/282 5752/1107/282
f 5752/1107/282 5775/1107/282 5748/1108/282
f 5748/1108/282 5775/1107/282 5776/1106/282
f 5776/1106/282 5747/1105/282 5748/1108/282
f 5756/1106/282 5776/1106/282 5775/1107/282
f 5775/1107/282 5755/1107/282 5756/1106/282
f 5776/1106/282 5756/1106/282 5757/1106/282
f 5757/1106/282 5777/1106/282 5776/1106/282
f 5776/1106/282 5777/1106/282 5778/1105/282
f 5778/1105/282 5747/1105/282 5776/1106/282
f 5779/1105/282 5747/1105/282 5778/1105/282
f 5778/1105/282 5780/1105/282 5779/1105/282
f 5773/1105/152 5774/1105/152 5779/1105/152
f 5779/1105/152 5780/1105/152 5773/1105/152
f 5739/1107/282 5765/1107/282 5766/1108/282
f 5766/1108/282 5743/1108/282 5739/1107/282
f 5743/1108/282 5759/1108/282 5762/1105/282
f 5762/1105/282 5745/1105/282 5743/1108/282
f 5745/1105/282 5762/1105/282 5763/1105/282
f 5763/1105/282 5781/1105/282 5745/1105/282
f 5745/1105/282 5781/1105/282 5782/1106/282
f 5782/1106/282 5740/1106/282 5745/1105/282
f 5783/1106/282 5740/1106/282 5782/1106/282
f 5782/1106/282 5784/1106/282 5783/1106/282
f 5785/1108/137 5767/1108/137 5768/1107/137
f 5768/1107/137 5769/1107/137 5785/1108/137
f 5785/1108/137 5769/1107/137 5770/1106/137
f 5770/1106/137 5786/1105/137 5785/1108/137
f 5761/1108/137 5785/1108/137 5786/1105/137
f 5786/1105/137 5760/1105/137 5761/1108/137
f 5760/1105/137 5786/1105/137 5787/1105/137
f 5787/1105/137 5764/1105/137 5760/1105/137
f 5787/1105/137 5786/1105/137 5770/1106/137
f 5770/1106/137 5788/1106/137 5787/1105/137
f 5789/1106/137 5788/1106/137 5770/1106/137
f 5770/1106/137 5790/1106/137 5789/1106/137
f 5767/1108/145 5785/1108/145 5743/1108/145
f 5743/1108/145 5766/1108/145 5767/1108/145
f 5789/1106/152 5790/1106/152 5783/1106/152
f 5783/1106/152 5784/1106/152 5789/1106/152
f 5755/1107/139 5775/1107/139 5744/1107/139
f 5744/1107/139 5754/1107/139 5755/1107/139
f 5777/1106/138 5757/1106/138 5758/1106/138
f 5758/1106/138 5771/1106/138 5777/1106/138
f 5777/1106/138 5771/1106/138 5772/1105/138
f 5772/1105/138 5778/1105/138 5777/1106/138
f 5780/1105/138 5778/1105/138 5772/1105/138
f 5772/1105/138 5773/1105/138 5780/1105/138
f 5759/1108/139 5743/1108/139 5785/1108/139
f 5785/1108/139 5761/1108/139 5759/1108/139
f 5781/1105/138 5763/1105/138 5764/1105/138
f 5764/1105/138 5787/1105/138 5781/1105/138
f 5781/1105/138 5787/1105/138 5788/1106/138
f 5788/1106/138 5782/1106/138 5781/1105/138
f 5784/1106/138 5782/1106/138 5788/1106/138
f 5788/1106/138 5789/1106/138 5784/1106/138
f 5774/1105/139 5741/1105/139 5747/1105/139
f 5747/1105/139 5779/1105/139 5774/1105/139
f 5790/1106/139 5770/1106/139 5740/1106/139
f 5740/1106/139 5783/1106/139 5790/1106/139
f 5793/1106/139 5792/1105/139 5791/1108/139
f 5791/1108/139 5794/1107/139 5793/1106/139
f 5794/1106/152 5791/1105/152 5795/1108/152
f 5795/1108/152 5796/1107/152 5794/1106/152
f 5796/1106/138 5795/1105/138 5797/1108/138
f 5797/1108/138 5798/1107/138 5796/1106/138
f 5798/1106/145 5797/1105/145 5792/1108/145
f 5792/1108/145 5793/1107/145 5798/1106/145
f 5801/1108/152 5800/1108/152 5799/1107/152
f 5799/1107/152 5802/1107/152 5801/1108/152
f 5805/1106/145 5804/1106/145 5803/1105/145
f 5803/1105/145 5806/1105/145 5805/1106/145
f 5809/1108/152 5808/1108/152 5807/1107/152
f 5807/1107/152 5810/1107/152 5809/1108/152
f 5813/1106/145 5812/1106/145 5811/1105/145
f 5811/1105/145 5814/1105/145 5813/1106/145
f 5800/1108/282 5794/1108/282 5796/1107/282
f 5796/1107/282 5799/1107/282 5800/1108/282
f 5815/1107/138 5802/1107/138 5799/1107/138
f 5799/1107/138 5796/1107/138 5815/1107/138
f 5815/1107/138 5796/1107/138 5798/1106/138
f 5798/1106/138 5816/1106/138 5815/1107/138
f 5805/1106/138 5816/1106/138 5798/1106/138
f 5798/1106/138 5804/1106/138 5805/1106/138
f 5817/1108/137 5801/1108/137 5802/1107/137
f 5802/1107/137 5815/1107/137 5817/1108/137
f 5817/1108/137 5815/1107/137 5816/1106/137
f 5816/1106/137 5818/1105/137 5817/1108/137
f 5806/1105/137 5818/1105/137 5816/1106/137
f 5816/1106/137 5805/1106/137 5806/1105/137
f 5794/1108/139 5800/1108/139 5801/1108/139
f 5801/1108/139 5817/1108/139 5794/1108/139
f 5794/1108/139 5817/1108/139 5818/1105/139
f 5818/1105/139 5793/1105/139 5794/1108/139
f 5803/1105/139 5793/1105/139 5818/1105/139
f 5818/1105/139 5806/1105/139 5803/1105/139
f 5804/1106/282 5798/1106/282 5793/1105/282
f 5793/1105/282 5803/1105/282 5804/1106/282
f 5808/1108/137 5795/1108/137 5791/1107/137
f 5791/1107/137 5807/1107/137 5808/1108/137
f 5819/1107/139 5810/1107/139 5807/1107/139
f 5807/1107/139 5791/1107/139 5819/1107/139
f 5819/1107/139 5791/1107/139 5792/1106/139
f 5792/1106/139 5820/1106/139 5819/1107/139
f 5813/1106/139 5820/1106/139 5792/1106/139
f 5792/1106/139 5812/1106/139 5813/1106/139
f 5821/1108/282 5809/1108/282 5810/1107/282
f 5810/1107/282 5819/1107/282 5821/1108/282
f 5821/1108/282 5819/1107/282 5820/1106/282
f 5820/1106/282 5822/1105/282 5821/1108/282
f 5814/1105/282 5822/1105/282 5820/1106/282
f 5820/1106/282 5813/1106/282 5814/1105/282
f 5795/1108/138 5808/1108/138 5809/1108/138
f 5809/1108/138 5821/1108/138 5795/1108/138
f 5795/1108/138 5821/1108/138 5822/1105/138
f 5822/1105/138 5797/1105/138 5795/1108/138
f 5811/1105/138 5797/1105/138 5822/1105/138
f 5822/1105/138 5814/1105/138 5811/1105/138
f 5812/1106/137 5792/1106/137 5797/1105/137
f 5797/1105/137 5811/1105/137 5812/1106/137
f 5825/1106/139 5824/1105/139 5823/1108/139
f 5823/1108/139 5826/1107/139 5825/1106/139
f 5826/1106/152 5823/1105/152 5827/1108/152
f 5827/1108/152 5828/1107/152 5826/1106/152
f 5828/1106/138 5827/1105/138 5829/1108/138
f 5829/1108/138 5830/1107/138 5828/1106/138
f 5830/1106/145 5829/1105/145 5824/1108/145
f 5824/1108/145 5825/1107/145 5830/1106/145
f 5832/1108/152 5831/1108/152 5783/1107/152
f 5783/1107/152 5790/1107/152 5832/1108/152
f 5835/1106/145 5834/1106/145 5833/1105/145
f 5833/1105/145 5836/1105/145 5835/1106/145
f 5779/1108/152 5774/1108/152 5837/1107/152
f 5837/1107/152 5838/1107/152 5779/1108/152
f 5841/1106/145 5840/1106/145 5839/1105/145
f 5839/1105/145 5842/1105/145 5841/1106/145
f 5831/1108/282 5826/1108/282 5828/1107/282
f 5828/1107/282 5783/1107/282 5831/1108/282
f 5843/1107/138 5790/1107/138 5783/1107/138
f 5783/1107/138 5828/1107/138 5843/1107/138
f 5843/1107/138 5828/1107/138 5830/1106/138
f 5830/1106/138 5844/1106/138 5843/1107/138
f 5835/1106/138 5844/1106/138 5830/1106/138
f 5830/1106/138 5834/1106/138 5835/1106/138
f 5845/1108/137 5832/1108/137 5790/1107/137
f 5790/1107/137 5843/1107/137 5845/1108/137
f 5845/1108/137 5843/1107/137 5844/1106/137
f 5844/1106/137 5846/1105/137 5845/1108/137
f 5836/1105/137 5846/1105/137 5844/1106/137
f 5844/1106/137 5835/1106/137 5836/1105/137
f 5826/1108/139 5831/1108/139 5832/1108/139
f 5832/1108/139 5845/1108/139 5826/1108/139
f 5826/1108/139 5845/1108/139 5846/1105/139
f 5846/1105/139 5825/1105/139 5826/1108/139
f 5833/1105/139 5825/1105/139 5846/1105/139
f 5846/1105/139 5836/1105/139 5833/1105/139
f 5834/1106/282 5830/1106/282 5825/1105/282
f 5825/1105/282 5833/1105/282 5834/1106/282
f 5774/1108/137 5827/1108/137 5823/1107/137
f 5823/1107/137 5837/1107/137 5774/1108/137
f 5847/1107/139 5838/1107/139 5837/1107/139
f 5837/1107/139 5823/1107/139 5847/1107/139
f 5847/1107/139 5823/1107/139 5824/1106/139
f 5824/1106/139 5848/1106/139 5847/1107/139
f 5841/1106/139 5848/1106/139 5824/1106/139
f 5824/1106/139 5840/1106/139 5841/1106/139
f 5849/1108/282 5779/1108/282 5838/1107/282
f 5838/1107/282 5847/1107/282 5849/1108/282
f 5849/1108/282 5847/1107/282 5848/1106/282
f 5848/1106/282 5850/1105/282 5849/1108/282
f 5842/1105/282 5850/1105/282 5848/1106/282
f 5848/1106/282 5841/1106/282 5842/1105/282
f 5827/1108/138 5774/1108/138 5779/1108/138
f 5779/1108/138 5849/1108/138 5827/1108/138
f 5827/1108/138 5849/1108/138 5850/1105/138
f 5850/1105/138 5829/1105/138 5827/1108/138
f 5839/1105/138 5829/1105/138 5850/1105/138
f 5850/1105/138 5842/1105/138 5839/1105/138
f 5840/1106/137 5824/1106/137 5829/1105/137
f 5829/1105/137 5839/1105/137 5840/1106/137
f 5214/1212/137 5216/1209/137 5218/1208/137
f 5218/1208/137 5851/1210/137 5214/1212/137
f 5851/1210/137 5190/1213/137 5192/1214/137
f 5192/1214/137 5194/1216/137 5851/1210/137
f 5208/1217/137 5210/1215/137 5212/1129/137
f 5212/1129/137 5851/1210/137 5208/1217/137
f 5851/1210/137 5194/1216/137 5196/1116/137
f 5196/1116/137 5198/1219/137 5851/1210/137
f 5202/1222/137 5204/1220/137 5206/1218/137
f 5206/1218/137 5851/1210/137 5202/1222/137
f 5851/1210/137 5198/1219/137 5200/1221/137
f 5200/1221/137 5202/1222/137 5851/1210/137
f 5852/1210/137 5184/1209/137 5186/1208/137
f 5186/1208/137 5155/1211/137 5852/1210/137
f 5180/1129/137 5182/1212/137 5184/1209/137
f 5184/1209/137 5852/1210/137 5180/1129/137
f 5852/1210/137 5158/1213/137 5160/1214/137
f 5160/1214/137 5162/1216/137 5852/1210/137
f 5176/1217/137 5178/1215/137 5180/1129/137
f 5180/1129/137 5852/1210/137 5176/1217/137
f 5852/1210/137 5162/1216/137 5164/1116/137
f 5164/1116/137 5166/1219/137 5852/1210/137
f 5172/1220/137 5174/1218/137 5176/1217/137
f 5176/1217/137 5852/1210/137 5172/1220/137
f 5852/1210/137 5166/1219/137 5168/1221/137
f 5168/1221/137 5170/1222/137 5852/1210/137
f 5150/1212/137 5152/1209/137 5154/1208/137
f 5154/1208/137 5853/1210/137 5150/1212/137
f 5853/1210/137 5126/1213/137 5128/1214/137
f 5128/1214/137 5130/1216/137 5853/1210/137
f 5142/1218/137 5144/1217/137 5146/1215/137
f 5146/1215/137 5853/1210/137 5142/1218/137
f 5853/1210/137 5130/1216/137 5132/1116/137
f 5132/1116/137 5134/1219/137 5853/1210/137
f 5138/1222/137 5140/1220/137 5142/1218/137
f 5142/1218/137 5853/1210/137 5138/1222/137
f 5853/1210/137 5134/1219/137 5136/1221/137
f 5136/1221/137 5138/1222/137 5853/1210/137
f 5118/1212/137 5120/1209/137 5122/1208/137
f 5122/1208/137 5854/1210/137 5118/1212/137
f 5854/1210/137 5122/1208/137 5091/1211/137
f 5091/1211/137 5094/1213/137 5854/1210/137
f 5854/1210/137 5094/1213/137 5096/1214/137
f 5096/1214/137 5098/1216/137 5854/1210/137
f 5110/1218/137 5112/1217/137 5114/1215/137
f 5114/1215/137 5854/1210/137 5110/1218/137
f 5854/1210/137 5098/1216/137 5100/1116/137
f 5100/1116/137 5102/1219/137 5854/1210/137
f 5104/1221/137 5106/1222/137 5108/1220/137
f 5108/1220/137 5854/1210/137 5104/1221/137
f 5189/1230/137 5217/1226/137 5173/1228/137
f 5173/1228/137 5171/1231/137 5189/1230/137
f 5179/1229/137 5211/1232/137 5077/1108/137
f 5077/1108/137 5181/1233/137 5179/1229/137
f 5157/1236/137 5185/1235/137 5077/1108/137
f 5077/1108/137 5156/1238/137 5157/1236/137
f 5082/1105/137 5077/1108/137 5211/1232/137
f 5211/1232/137 5209/1239/137 5082/1105/137
f 5082/1105/137 5205/1241/137 5203/1242/137
f 5203/1242/137 5081/1106/137 5082/1105/137
f 5189/1230/137 5169/1237/137 5109/1244/137
f 5109/1244/137 5188/1245/137 5189/1230/137
f 5111/1246/137 5109/1244/137 5169/1237/137
f 5169/1237/137 5167/1247/137 5111/1246/137
f 5113/1248/137 5111/1246/137 5167/1247/137
f 5167/1247/137 5165/1249/137 5113/1248/137
f 5113/1248/137 5165/1249/137 5163/1250/137
f 5163/1250/137 5115/1251/137 5113/1248/137
f 5117/1252/137 5115/1251/137 5163/1250/137
f 5163/1250/137 5161/1253/137 5117/1252/137
f 5119/1254/137 5117/1252/137 5161/1253/137
f 5161/1253/137 5159/1255/137 5119/1254/137
f 5093/1257/137 5156/1238/137 5078/1107/137
f 5078/1107/137 5092/1258/137 5093/1257/137
f 5099/1261/137 5097/1260/137 5078/1107/137
f 5078/1107/137 5131/1262/137 5099/1261/137
f 5133/1269/137 5131/1262/137 5078/1107/137
f 5078/1107/137 5081/1106/137 5133/1269/137
f 5101/1264/137 5099/1261/137 5129/1263/137
f 5129/1263/137 5103/1265/137 5101/1264/137
f 5107/1270/137 5105/1267/137 5124/1268/137
f 5124/1268/137 5125/1274/137 5107/1270/137
f 5139/1273/137 5137/1272/137 5081/1106/137
f 5081/1106/137 5201/1243/137 5139/1273/137
f 5141/1275/137 5139/1273/137 5201/1243/137
f 5201/1243/137 5143/1276/137 5141/1275/137
f 5147/1280/137 5145/1278/137 5197/1279/137
f 5197/1279/137 5195/1281/137 5147/1280/137
f 5149/1282/137 5147/1280/137 5195/1281/137
f 5195/1281/137 5193/1283/137 5149/1282/137
f 5149/1282/137 5193/1283/137 5191/1284/137
f 5191/1284/137 5151/1285/137 5149/1282/137
f 5107/1270/137 5153/1286/137 5188/1245/137
f 5188/1245/137 5109/1244/137 5107/1270/137
f 5855/1210/137 4626/1208/137 4595/1211/137
f 4595/1211/137 4598/1213/137 5855/1210/137
f 4620/1129/137 4622/1212/137 4624/1209/137
f 4624/1209/137 5855/1210/137 4620/1129/137
f 5855/1210/137 4598/1213/137 4600/1214/137
f 4600/1214/137 4602/1216/137 5855/1210/137
f 4616/1217/137 4618/1215/137 4620/1129/137
f 4620/1129/137 5855/1210/137 4616/1217/137
f 5855/1210/137 4602/1216/137 4604/1116/137
f 4604/1116/137 4606/1219/137 5855/1210/137
f 4612/1220/137 4614/1218/137 4616/1217/137
f 4616/1217/137 5855/1210/137 4612/1220/137
f 5855/1210/137 4606/1219/137 4608/1221/137
f 4608/1221/137 4610/1222/137 5855/1210/137
f 5856/1210/137 4592/1209/137 4594/1208/137
f 4594/1208/137 4563/1211/137 5856/1210/137
f 4588/1129/137 4590/1212/137 4592/1209/137
f 4592/1209/137 5856/1210/137 4588/1129/137
f 5856/1210/137 4563/1211/137 4566/1213/137
f 4566/1213/137 4568/1214/137 5856/1210/137
f 4582/1218/137 4584/1217/137 4586/1215/137
f 4586/1215/137 5856/1210/137 4582/1218/137
f 5856/1210/137 4570/1216/137 4572/1116/137
f 4572/1116/137 4574/1219/137 5856/1210/137
f 4578/1222/137 4580/1220/137 4582/1218/137
f 4582/1218/137 5856/1210/137 4578/1222/137
f 5856/1210/137 4574/1219/137 4576/1221/137
f 4576/1221/137 4578/1222/137 5856/1210/137
f 4558/1212/137 4560/1209/137 4562/1208/137
f 4562/1208/137 5857/1210/137 4558/1212/137
f 5857/1210/137 4562/1208/137 4531/1211/137
f 4531/1211/137 4534/1213/137 5857/1210/137
f 5857/1210/137 4534/1213/137 4536/1214/137
f 4536/1214/137 4538/1216/137 5857/1210/137
f 4552/1217/137 4554/1215/137 4556/1129/137
f 4556/1129/137 5857/1210/137 4552/1217/137
f 5857/1210/137 4538/1216/137 4540/1116/137
f 4540/1116/137 4542/1219/137 5857/1210/137
f 4548/1220/137 4550/1218/137 4552/1217/137
f 4552/1217/137 5857/1210/137 4548/1220/137
f 4544/1221/137 4546/1222/137 4548/1220/137
f 4548/1220/137 5857/1210/137 4544/1221/137
f 4526/1212/137 4528/1209/137 4530/1208/137
f 4530/1208/137 5858/1210/137 4526/1212/137
f 5858/1210/137 4499/1211/137 4502/1213/137
f 4502/1213/137 4504/1214/137 5858/1210/137
f 4518/1218/137 4520/1217/137 4522/1215/137
f 4522/1215/137 5858/1210/137 4518/1218/137
f 5858/1210/137 4506/1216/137 4508/1116/137
f 4508/1116/137 4510/1219/137 5858/1210/137
f 4514/1222/137 4516/1220/137 4518/1218/137
f 4518/1218/137 5858/1210/137 4514/1222/137
f 5858/1210/137 4510/1219/137 4512/1221/137
f 4512/1221/137 4514/1222/137 5858/1210/137
f 4597/1230/137 4625/1226/137 4581/1228/137
f 4581/1228/137 4579/1231/137 4597/1230/137
f 4587/1229/137 4619/1232/137 4485/1108/137
f 4485/1108/137 4589/1233/137 4587/1229/137
f 4565/1236/137 4593/1235/137 4485/1108/137
f 4485/1108/137 4564/1238/137 4565/1236/137
f 4490/1105/137 4485/1108/137 4619/1232/137
f 4619/1232/137 4617/1239/137 4490/1105/137
f 4490/1105/137 4613/1241/137 4611/1242/137
f 4611/1242/137 4489/1106/137 4490/1105/137
f 4597/1230/137 4577/1237/137 4517/1244/137
f 4517/1244/137 4596/1245/137 4597/1230/137
f 4519/1246/137 4517/1244/137 4577/1237/137
f 4577/1237/137 4575/1247/137 4519/1246/137
f 4521/1248/137 4519/1246/137 4575/1247/137
f 4575/1247/137 4573/1249/137 4521/1248/137
f 4521/1248/137 4573/1249/137 4571/1250/137
f 4571/1250/137 4523/1251/137 4521/1248/137
f 4525/1252/137 4523/1251/137 4571/1250/137
f 4571/1250/137 4569/1253/137 4525/1252/137
f 4527/1254/137 4525/1252/137 4569/1253/137
f 4569/1253/137 4567/1255/137 4527/1254/137
f 4501/1257/137 4564/1238/137 4486/1107/137
f 4486/1107/137 4500/1258/137 4501/1257/137
f 4507/1261/137 4505/1260/137 4486/1107/137
f 4486/1107/137 4539/1262/137 4507/1261/137
f 4541/1269/137 4539/1262/137 4486/1107/137
f 4486/1107/137 4489/1106/137 4541/1269/137
f 4509/1264/137 4507/1261/137 4537/1263/137
f 4537/1263/137 4511/1265/137 4509/1264/137
f 4515/1270/137 4513/1267/137 4532/1268/137
f 4532/1268/137 4533/1274/137 4515/1270/137
f 4547/1273/137 4545/1272/137 4489/1106/137
f 4489/1106/137 4609/1243/137 4547/1273/137
f 4549/1275/137 4547/1273/137 4609/1243/137
f 4609/1243/137 4551/1276/137 4549/1275/137
f 4555/1280/137 4553/1278/137 4605/1279/137
f 4605/1279/137 4603/1281/137 4555/1280/137
f 4557/1282/137 4555/1280/137 4603/1281/137
f 4603/1281/137 4601/1283/137 4557/1282/137
f 4557/1282/137 4601/1283/137 4599/1284/137
f 4599/1284/137 4559/1285/137 4557/1282/137
f 4515/1270/137 4561/1286/137 4596/1245/137
f 4596/1245/137 4517/1244/137 4515/1270/137
f 5859/1210/137 4032/1209/137 4034/1208/137
f 4034/1208/137 4003/1211/137 5859/1210/137
f 4028/1129/137 4030/1212/137 4032/1209/137
f 4032/1209/137 5859/1210/137 4028/1129/137
f 5859/1210/137 4003/1211/137 4006/1213/137
f 4006/1213/137 4008/1214/137 5859/1210/137
f 4024/1217/137 4026/1215/137 4028/1129/137
f 4028/1129/137 5859/1210/137 4024/1217/137
f 5859/1210/137 4008/1214/137 4010/1216/137
f 4010/1216/137 4012/1116/137 5859/1210/137
f 4020/1220/137 4022/1218/137 4024/1217/137
f 4024/1217/137 5859/1210/137 4020/1220/137
f 5859/1210/137 4014/1219/137 4016/1221/137
f 4016/1221/137 4018/1222/137 5859/1210/137
f 3998/1212/137 4000/1209/137 4002/1208/137
f 4002/1208/137 5860/1210/137 3998/1212/137
f 5860/1210/137 4002/1208/137 3971/1211/137
f 3971/1211/137 3974/1213/137 5860/1210/137
f 3994/1215/137 3996/1129/137 3998/1212/137
f 3998/1212/137 5860/1210/137 3994/1215/137
f 5860/1210/137 3974/1213/137 3976/1214/137
f 3976/1214/137 3978/1216/137 5860/1210/137
f 5860/1210/137 3978/1216/137 3980/1116/137
f 3980/1116/137 3982/1219/137 5860/1210/137
f 3988/1220/137 3990/1218/137 3992/1217/137
f 3992/1217/137 5860/1210/137 3988/1220/137
f 3984/1221/137 3986/1222/137 3988/1220/137
f 3988/1220/137 5860/1210/137 3984/1221/137
f 5861/1210/137 3968/1209/137 3970/1208/137
f 3970/1208/137 3939/1211/137 5861/1210/137
f 3964/1129/137 3966/1212/137 3968/1209/137
f 3968/1209/137 5861/1210/137 3964/1129/137
f 5861/1210/137 3939/1211/137 3942/1213/137
f 3942/1213/137 3944/1214/137 5861/1210/137
f 3958/1218/137 3960/1217/137 3962/1215/137
f 3962/1215/137 5861/1210/137 3958/1218/137
f 5861/1210/137 3946/1216/137 3948/1116/137
f 3948/1116/137 3950/1219/137 5861/1210/137
f 3952/1221/137 3954/1222/137 3956/1220/137
f 3956/1220/137 5861/1210/137 3952/1221/137
f 3934/1212/137 3936/1209/137 3938/1208/137
f 3938/1208/137 5862/1210/137 3934/1212/137
f 5862/1210/137 3938/1208/137 3907/1211/137
f 3907/1211/137 3910/1213/137 5862/1210/137
f 3930/1215/137 3932/1129/137 3934/1212/137
f 3934/1212/137 5862/1210/137 3930/1215/137
f 5862/1210/137 3910/1213/137 3912/1214/137
f 3912/1214/137 3914/1216/137 5862/1210/137
f 3926/1218/137 3928/1217/137 3930/1215/137
f 3930/1215/137 5862/1210/137 3926/1218/137
f 5862/1210/137 3914/1216/137 3916/1116/137
f 3916/1116/137 3918/1219/137 5862/1210/137
f 3920/1221/137 3922/1222/137 3924/1220/137
f 3924/1220/137 5862/1210/137 3920/1221/137
f 4005/1230/137 4033/1226/137 3989/1228/137
f 3989/1228/137 3987/1231/137 4005/1230/137
f 3995/1229/137 4027/1232/137 3893/1108/137
f 3893/1108/137 3997/1233/137 3995/1229/137
f 3973/1236/137 4001/1235/137 3893/1108/137
f 3893/1108/137 3972/1238/137 3973/1236/137
f 3898/1105/137 3893/1108/137 4027/1232/137
f 4027/1232/137 4025/1239/137 3898/1105/137
f 3898/1105/137 4021/1241/137 4019/1242/137
f 4019/1242/137 3897/1106/137 3898/1105/137
f 4005/1230/137 3985/1237/137 3925/1244/137
f 3925/1244/137 4004/1245/137 4005/1230/137
f 3927/1246/137 3925/1244/137 3985/1237/137
f 3985/1237/137 3983/1247/137 3927/1246/137
f 3929/1248/137 3927/1246/137 3983/1247/137
f 3983/1247/137 3981/1249/137 3929/1248/137
f 3929/1248/137 3981/1249/137 3979/1250/137
f 3979/1250/137 3931/1251/137 3929/1248/137
f 3933/1252/137 3931/1251/137 3979/1250/137
f 3979/1250/137 3977/1253/137 3933/1252/137
f 3935/1254/137 3933/1252/137 3977/1253/137
f 3977/1253/137 3975/1255/137 3935/1254/137
f 3909/1257/137 3972/1238/137 3894/1107/137
f 3894/1107/137 3908/1258/137 3909/1257/137
f 3915/1261/137 3913/1260/137 3894/1107/137
f 3894/1107/137 3947/1262/137 3915/1261/137
f 3949/1269/137 3947/1262/137 3894/1107/137
f 3894/1107/137 3897/1106/137 3949/1269/137
f 3917/1264/137 3915/1261/137 3945/1263/137
f 3945/1263/137 3919/1265/137 3917/1264/137
f 3923/1270/137 3921/1267/137 3940/1268/137
f 3940/1268/137 3941/1274/137 3923/1270/137
f 3955/1273/137 3953/1272/137 3897/1106/137
f 3897/1106/137 4017/1243/137 3955/1273/137
f 3957/1275/137 3955/1273/137 4017/1243/137
f 4017/1243/137 3959/1276/137 3957/1275/137
f 3963/1280/137 3961/1278/137 4013/1279/137
f 4013/1279/137 4011/1281/137 3963/1280/137
f 3965/1282/137 3963/1280/137 4011/1281/137
f 4011/1281/137 4009/1283/137 3965/1282/137
f 3965/1282/137 4009/1283/137 4007/1284/137
f 4007/1284/137 3967/1285/137 3965/1282/137
f 3923/1270/137 3969/1286/137 4004/1245/137
f 4004/1245/137 3925/1244/137 3923/1270/137
f 5089/1104/139 5081/1107/139 5078/1106/139
f 5078/1106/139 5090/1103/139 5089/1104/139
f 5081/1107/139 5089/1104/139 5087/1101/139
f 5087/1101/139 5080/1108/139 5081/1107/139
f 5090/1103/139 5078/1106/139 5075/1105/139
f 5075/1105/139 5088/1102/139 5090/1103/139
f 5088/1102/139 5075/1105/139 5080/1108/139
f 5080/1108/139 5087/1101/139 5088/1102/139
f 5085/1104/138 5077/1107/138 5082/1106/138
f 5082/1106/138 5086/1103/138 5085/1104/138
f 5077/1107/138 5085/1104/138 5083/1101/138
f 5083/1101/138 5076/1108/138 5077/1107/138
f 5086/1103/138 5082/1106/138 5079/1105/138
f 5079/1105/138 5084/1102/138 5086/1103/138
f 5084/1102/138 5079/1105/138 5076/1108/138
f 5076/1108/138 5083/1101/138 5084/1102/138
f 4497/1104/139 4489/1107/139 4486/1106/139
f 4486/1106/139 4498/1103/139 4497/1104/139
f 4489/1107/139 4497/1104/139 4495/1101/139
f 4495/1101/139 4488/1108/139 4489/1107/139
f 4498/1103/139 4486/1106/139 4483/1105/139
f 4483/1105/139 4496/1102/139 4498/1103/139
f 4496/1102/139 4483/1105/139 4488/1108/139
f 4488/1108/139 4495/1101/139 4496/1102/139
f 4493/1104/138 4485/1107/138 4490/1106/138
f 4490/1106/138 4494/1103/138 4493/1104/138
f 4485/1107/138 4493/1104/138 4491/1101/138
f 4491/1101/138 4484/1108/138 4485/1107/138
f 4494/1103/138 4490/1106/138 4487/1105/138
f 4487/1105/138 4492/1102/138 4494/1103/138
f 4492/1102/138 4487/1105/138 4484/1108/138
f 4484/1108/138 4491/1101/138 4492/1102/138
f 3905/1104/139 3897/1107/139 3894/1106/139
f 3894/1106/139 3906/1103/139 3905/1104/139
f 3897/1107/139 3905/1104/139 3903/1101/139
f 3903/1101/139 3896/1108/139 3897/1107/139
f 3906/1103/139 3894/1106/139 3891/1105/139
f 3891/1105/139 3904/1102/139 3906/1103/139
f 3904/1102/139 3891/1105/139 3896/1108/139
f 3896/1108/139 3903/1101/139 3904/1102/139
f 3901/1104/138 3893/1107/138 3898/1106/138
f 3898/1106/138 3902/1103/138 3901/1104/138
f 3893/1107/138 3901/1104/138 3899/1101/138
f 3899/1101/138 3892/1108/138 3893/1107/138
f 3902/1103/138 3898/1106/138 3895/1105/138
f 3895/1105/138 3900/1102/138 3902/1103/138
f 3900/1102/138 3895/1105/138 3892/1108/138
f 3892/1108/138 3899/1101/138 3900/1102/138

usemtl Black
f 5863/1287/282 5864/1294/282 5869/1293/282
f 5868/1296/137 5866/1290/137 5870/1295/137
f 5877/1307/282 5864/1310/282 5879/1309/282
f 5868/1312/137 5878/1308/137 5880/1311/137
f 5897/1287/282 5898/1294/282 5903/1293/282
f 5902/1296/137 5900/1290/137 5904/1295/137
f 5903/1293/282 5898/1298/282 5905/1297/282
f 5902/1300/137 5904/1295/137 5906/1299/137
f 5909/1303/282 5898/1339/282 5911/1307/282
f 5902/1340/137 5910/1305/137 5912/1308/137
f 5923/1325/282 5898/1345/282 5925/1329/282
f 5902/1346/137 5924/1327/137 5926/1330/137
f 5931/1287/282 5932/1294/282 5937/1293/282
f 5936/1296/137 5934/1290/137 5938/1295/137
f 5937/1293/282 5932/1298/282 5939/1297/282
f 5936/1300/137 5938/1295/137 5940/1299/137
f 5943/1303/282 5932/1339/282 5945/1307/282
f 5936/1340/137 5944/1305/137 5946/1308/137
f 5945/1307/282 5932/1310/282 5947/1309/282
f 5936/1312/137 5946/1308/137 5948/1311/137
f 5955/1323/282 5932/1326/282 5957/1325/282
f 5936/1328/137 5956/1324/137 5958/1327/137
f 5957/1325/282 5932/1345/282 5959/1329/282
f 5936/1346/137 5958/1327/137 5960/1330/137
f 5965/1287/282 5966/1294/282 5971/1293/282
f 5970/1296/137 5968/1290/137 5972/1295/137
f 5987/1319/282 5966/1343/282 5989/1323/282
f 5970/1344/137 5988/1321/137 5990/1324/137
f 6009/1301/282 6000/1304/282 6011/1303/282
f 6004/1306/137 6010/1302/137 6012/1305/137
f 6027/1329/282 6000/1332/282 6029/1331/282
f 6004/1334/137 6028/1330/137 6030/1333/137
f 6045/1303/282 6034/1339/282 6047/1307/282
f 6038/1340/137 6046/1305/137 6048/1308/137
f 6047/1307/282 6034/1310/282 6049/1309/282
f 6038/1312/137 6048/1308/137 6050/1311/137
f 6057/1323/282 6034/1326/282 6059/1325/282
f 6038/1328/137 6058/1324/137 6060/1327/137
f 6059/1325/282 6034/1345/282 6061/1329/282
f 6038/1346/137 6060/1327/137 6062/1330/137
f 6073/1293/282 6068/1298/282 6075/1297/282
f 6072/1300/137 6074/1295/137 6076/1299/137
f 6079/1303/282 6068/1339/282 6081/1307/282
f 6072/1340/137 6080/1305/137 6082/1308/137
f 6085/1313/282 6068/1341/282 6087/1317/282
f 6072/1342/137 6086/1315/137 6088/1318/137
f 6091/1323/282 6068/1326/282 6093/1325/282
f 6072/1328/137 6092/1324/137 6094/1327/137
f 6109/1297/282 6102/1337/282 6111/1301/282
f 6106/1340/137 6114/1305/137 6116/1308/137
f 6115/1307/282 6102/1310/282 6117/1309/282
f 6106/1312/137 6116/1308/137 6118/1311/137
f 6145/1301/282 6136/1304/282 6147/1303/282
f 6140/1306/137 6146/1302/137 6148/1305/137
f 6147/1303/282 6136/1339/282 6149/1307/282
f 6140/1340/137 6148/1305/137 6150/1308/137
f 6157/1319/282 6136/1343/282 6159/1323/282
f 6140/1344/137 6158/1321/137 6160/1324/137
f 6163/1329/282 6136/1332/282 6165/1331/282
f 6140/1334/137 6164/1330/137 6166/1333/137
f 6174/1296/137 6172/1290/137 6176/1295/137
f 6175/1293/282 6170/1298/282 6177/1297/282
f 6174/1300/137 6176/1295/137 6178/1299/137
f 6181/1303/282 6170/1339/282 6183/1307/282
f 6174/1340/137 6182/1305/137 6184/1308/137
f 6183/1307/282 6170/1310/282 6185/1309/282
f 6174/1312/137 6184/1308/137 6186/1311/137
f 6193/1323/282 6170/1326/282 6195/1325/282
f 6174/1328/137 6194/1324/137 6196/1327/137
f 6195/1325/282 6170/1345/282 6197/1329/282
f 6174/1346/137 6196/1327/137 6198/1330/137
f 6201/1335/282 6170/1351/282 6171/1349/282
f 6209/1293/282 6204/1298/282 6211/1297/282
f 6208/1300/137 6210/1295/137 6212/1299/137
f 6215/1303/282 6204/1339/282 6217/1307/282
f 6208/1340/137 6216/1305/137 6218/1308/137
f 6221/1313/282 6204/1341/282 6223/1317/282
f 6227/1323/282 6204/1326/282 6229/1325/282
f 6242/1338/137 6246/1299/137 6248/1302/137
f 6242/1306/137 6248/1302/137 6250/1305/137
f 5895/1335/282 5864/1288/282 5863/1287/282
f 5863/1287/282 5865/1289/282 5895/1335/282
f 5896/1336/137 5867/1291/137 5866/1290/137
f 5866/1290/137 5868/1292/137 5896/1336/137
f 5871/1297/282 5869/1293/282 5864/1298/282
f 5864/1298/282 5873/1301/282 5871/1297/282
f 5868/1300/137 5870/1295/137 5872/1299/137
f 5872/1299/137 5874/1302/137 5868/1300/137
f 5875/1303/282 5873/1301/282 5864/1304/282
f 5864/1304/282 5877/1307/282 5875/1303/282
f 5868/1306/137 5874/1302/137 5876/1305/137
f 5876/1305/137 5878/1308/137 5868/1306/137
f 5881/1313/282 5879/1309/282 5864/1314/282
f 5864/1314/282 5883/1317/282 5881/1313/282
f 5868/1316/137 5880/1311/137 5882/1315/137
f 5882/1315/137 5884/1318/137 5868/1316/137
f 5885/1319/282 5883/1317/282 5864/1320/282
f 5864/1320/282 5887/1323/282 5885/1319/282
f 5868/1322/137 5884/1318/137 5886/1321/137
f 5886/1321/137 5888/1324/137 5868/1322/137
f 5889/1325/282 5887/1323/282 5864/1326/282
f 5864/1326/282 5891/1329/282 5889/1325/282
f 5868/1328/137 5888/1324/137 5890/1327/137
f 5890/1327/137 5892/1330/137 5868/1328/137
f 5893/1331/282 5891/1329/282 5864/1332/282
f 5864/1332/282 5895/1335/282 5893/1331/282
f 5868/1334/137 5892/1330/137 5894/1333/137
f 5894/1333/137 5896/1336/137 5868/1334/137
f 5929/1335/282 5898/1288/282 5897/1287/282
f 5897/1287/282 5899/1289/282 5929/1335/282
f 5930/1336/137 5901/1291/137 5900/1290/137
f 5900/1290/137 5902/1292/137 5930/1336/137
f 5907/1301/282 5905/1297/282 5898/1337/282
f 5898/1337/282 5909/1303/282 5907/1301/282
f 5902/1338/137 5906/1299/137 5908/1302/137
f 5908/1302/137 5910/1305/137 5902/1338/137
f 5913/1309/282 5911/1307/282 5898/1310/282
f 5898/1310/282 5915/1313/282 5913/1309/282
f 5902/1312/137 5912/1308/137 5914/1311/137
f 5914/1311/137 5916/1315/137 5902/1312/137
f 5917/1317/282 5915/1313/282 5898/1341/282
f 5898/1341/282 5919/1319/282 5917/1317/282
f 5902/1342/137 5916/1315/137 5918/1318/137
f 5918/1318/137 5920/1321/137 5902/1342/137
f 5921/1323/282 5919/1319/282 5898/1343/282
f 5898/1343/282 5923/1325/282 5921/1323/282
f 5902/1344/137 5920/1321/137 5922/1324/137
f 5922/1324/137 5924/1327/137 5902/1344/137
f 5927/1331/282 5925/1329/282 5898/1332/282
f 5898/1332/282 5929/1335/282 5927/1331/282
f 5902/1334/137 5926/1330/137 5928/1333/137
f 5928/1333/137 5930/1336/137 5902/1334/137
f 5963/1335/282 5932/1288/282 5931/1287/282
f 5931/1287/282 5933/1289/282 5963/1335/282
f 5964/1336/137 5935/1291/137 5934/1290/137
f 5934/1290/137 5936/1292/137 5964/1336/137
f 5941/1301/282 5939/1297/282 5932/1337/282
f 5932/1337/282 5943/1303/282 5941/1301/282
f 5936/1338/137 5940/1299/137 5942/1302/137
f 5942/1302/137 5944/1305/137 5936/1338/137
f 5949/1313/282 5947/1309/282 5932/1314/282
f 5932/1314/282 5951/1317/282 5949/1313/282
f 5936/1316/137 5948/1311/137 5950/1315/137
f 5950/1315/137 5952/1318/137 5936/1316/137
f 5953/1319/282 5951/1317/282 5932/1320/282
f 5932/1320/282 5955/1323/282 5953/1319/282
f 5936/1322/137 5952/1318/137 5954/1321/137
f 5954/1321/137 5956/1324/137 5936/1322/137
f 5961/1331/282 5959/1329/282 5932/1332/282
f 5932/1332/282 5963/1335/282 5961/1331/282
f 5936/1334/137 5960/1330/137 5962/1333/137
f 5962/1333/137 5964/1336/137 5936/1334/137
f 5997/1335/282 5966/1288/282 5965/1287/282
f 5965/1287/282 5967/1289/282 5997/1335/282
f 5998/1336/137 5969/1291/137 5968/1290/137
f 5968/1290/137 5970/1292/137 5998/1336/137
f 5973/1297/282 5971/1293/282 5966/1298/282
f 5966/1298/282 5975/1301/282 5973/1297/282
f 5970/1300/137 5972/1295/137 5974/1299/137
f 5974/1299/137 5976/1302/137 5970/1300/137
f 5977/1303/282 5975/1301/282 5966/1304/282
f 5966/1304/282 5979/1307/282 5977/1303/282
f 5970/1306/137 5976/1302/137 5978/1305/137
f 5978/1305/137 5980/1308/137 5970/1306/137
f 5981/1309/282 5979/1307/282 5966/1310/282
f 5966/1310/282 5983/1313/282 5981/1309/282
f 5970/1312/137 5980/1308/137 5982/1311/137
f 5982/1311/137 5984/1315/137 5970/1312/137
f 5985/1317/282 5983/1313/282 5966/1341/282
f 5966/1341/282 5987/1319/282 5985/1317/282
f 5970/1342/137 5984/1315/137 5986/1318/137
f 5986/1318/137 5988/1321/137 5970/1342/137
f 5991/1325/282 5989/1323/282 5966/1326/282
f 5966/1326/282 5993/1329/282 5991/1325/282
f 5970/1328/137 5990/1324/137 5992/1327/137
f 5992/1327/137 5994/1330/137 5970/1328/137
f 5995/1331/282 5993/1329/282 5966/1332/282
f 5966/1332/282 5997/1335/282 5995/1331/282
f 5970/1334/137 5994/1330/137 5996/1333/137
f 5996/1333/137 5998/1336/137 5970/1334/137
f 5999/1287/282 6001/1289/282 6000/1288/282
f 6000/1288/282 6005/1293/282 5999/1287/282
f 6004/1292/137 6003/1291/137 6002/1290/137
f 6002/1290/137 6006/1295/137 6004/1292/137
f 6007/1297/282 6005/1293/282 6000/1298/282
f 6000/1298/282 6009/1301/282 6007/1297/282
f 6004/1300/137 6006/1295/137 6008/1299/137
f 6008/1299/137 6010/1302/137 6004/1300/137
f 6013/1307/282 6011/1303/282 6000/1339/282
f 6000/1339/282 6015/1309/282 6013/1307/282
f 6004/1340/137 6012/1305/137 6014/1308/137
f 6014/1308/137 6016/1311/137 6004/1340/137
f 6017/1313/282 6015/1309/282 6000/1314/282
f 6000/1314/282 6019/1317/282 6017/1313/282
f 6004/1316/137 6016/1311/137 6018/1315/137
f 6018/1315/137 6020/1318/137 6004/1316/137
f 6021/1319/282 6019/1317/282 6000/1320/282
f 6000/1320/282 6023/1323/282 6021/1319/282
f 6004/1322/137 6020/1318/137 6022/1321/137
f 6022/1321/137 6024/1324/137 6004/1322/137
f 6025/1325/282 6023/1323/282 6000/1326/282
f 6000/1326/282 6027/1329/282 6025/1325/282
f 6004/1328/137 6024/1324/137 6026/1327/137
f 6026/1327/137 6028/1330/137 6004/1328/137
f 6031/1335/282 6029/1331/282 6000/1347/282
f 6000/1347/282 6001/1349/282 6031/1335/282
f 6004/1348/137 6030/1333/137 6032/1336/137
f 6032/1336/137 6003/1350/137 6004/1348/137
f 6065/1335/282 6034/1288/282 6033/1287/282
f 6033/1287/282 6035/1289/282 6065/1335/282
f 6066/1336/137 6037/1291/137 6036/1290/137
f 6036/1290/137 6038/1292/137 6066/1336/137
f 6039/1293/282 6033/1287/282 6034/1294/282
f 6034/1294/282 6041/1297/282 6039/1293/282
f 6038/1296/137 6036/1290/137 6040/1295/137
f 6040/1295/137 6042/1299/137 6038/1296/137
f 6043/1301/282 6041/1297/282 6034/1337/282
f 6034/1337/282 6045/1303/282 6043/1301/282
f 6038/1338/137 6042/1299/137 6044/1302/137
f 6044/1302/137 6046/1305/137 6038/1338/137
f 6051/1313/282 6049/1309/282 6034/1314/282
f 6034/1314/282 6053/1317/282 6051/1313/282
f 6038/1316/137 6050/1311/137 6052/1315/137
f 6052/1315/137 6054/1318/137 6038/1316/137
f 6055/1319/282 6053/1317/282 6034/1320/282
f 6034/1320/282 6057/1323/282 6055/1319/282
f 6038/1322/137 6054/1318/137 6056/1321/137
f 6056/1321/137 6058/1324/137 6038/1322/137
f 6063/1331/282 6061/1329/282 6034/1332/282
f 6034/1332/282 6065/1335/282 6063/1331/282
f 6038/1334/137 6062/1330/137 6064/1333/137
f 6064/1333/137 6066/1336/137 6038/1334/137
f 6067/1287/282 6069/1289/282 6068/1288/282
f 6068/1288/282 6073/1293/282 6067/1287/282
f 6072/1292/137 6071/1291/137 6070/1290/137
f 6070/1290/137 6074/1295/137 6072/1292/137
f 6077/1301/282 6075/1297/282 6068/1337/282
f 6068/1337/282 6079/1303/282 6077/1301/282
f 6072/1338/137 6076/1299/137 6078/1302/137
f 6078/1302/137 6080/1305/137 6072/1338/137
f 6083/1309/282 6081/1307/282 6068/1310/282
f 6068/1310/282 6085/1313/282 6083/1309/282
f 6072/1312/137 6082/1308/137 6084/1311/137
f 6084/1311/137 6086/1315/137 6072/1312/137
f 6089/1319/282 6087/1317/282 6068/1320/282
f 6068/1320/282 6091/1323/282 6089/1319/282
f 6072/1322/137 6088/1318/137 6090/1321/137
f 6090/1321/137 6092/1324/137 6072/1322/137
f 6095/1329/282 6093/1325/282 6068/1345/282
f 6068/1345/282 6097/1331/282 6095/1329/282
f 6072/1346/137 6094/1327/137 6096/1330/137
f 6096/1330/137 6098/1333/137 6072/1346/137
f 6099/1335/282 6097/1331/282 6068/1347/282
f 6068/1347/282 6069/1349/282 6099/1335/282
f 6072/1348/137 6098/1333/137 6100/1336/137
f 6100/1336/137 6071/1350/137 6072/1348/137
f 6133/1335/282 6102/1288/282 6101/1287/282
f 6101/1287/282 6103/1289/282 6133/1335/282
f 6134/1336/137 6105/1291/137 6104/1290/137
f 6104/1290/137 6106/1292/137 6134/1336/137
f 6107/1293/282 6101/1287/282 6102/1294/282
f 6102/1294/282 6109/1297/282 6107/1293/282
f 6106/1296/137 6104/1290/137 6108/1295/137
f 6108/1295/137 6110/1299/137 6106/1296/137
f 6106/1338/137 6110/1299/137 6112/1302/137
f 6112/1302/137 6114/1305/137 6106/1338/137
f 6113/1303/282 6111/1301/282 6102/1304/282
f 6102/1304/282 6115/1307/282 6113/1303/282
f 6119/1313/282 6117/1309/282 6102/1314/282
f 6102/1314/282 6121/1317/282 6119/1313/282
f 6106/1316/137 6118/1311/137 6120/1315/137
f 6120/1315/137 6122/1318/137 6106/1316/137
f 6123/1319/282 6121/1317/282 6102/1320/282
f 6102/1320/282 6125/1323/282 6123/1319/282
f 6106/1322/137 6122/1318/137 6124/1321/137
f 6124/1321/137 6126/1324/137 6106/1322/137
f 6127/1325/282 6125/1323/282 6102/1326/282
f 6102/1326/282 6129/1329/282 6127/1325/282
f 6106/1328/137 6126/1324/137 6128/1327/137
f 6128/1327/137 6130/1330/137 6106/1328/137
f 6131/1331/282 6129/1329/282 6102/1332/282
f 6102/1332/282 6133/1335/282 6131/1331/282
f 6106/1334/137 6130/1330/137 6132/1333/137
f 6132/1333/137 6134/1336/137 6106/1334/137
f 6135/1287/282 6137/1289/282 6136/1288/282
f 6136/1288/282 6141/1293/282 6135/1287/282
f 6140/1292/137 6139/1291/137 6138/1290/137
f 6138/1290/137 6142/1295/137 6140/1292/137
f 6143/1297/282 6141/1293/282 6136/1298/282
f 6136/1298/282 6145/1301/282 6143/1297/282
f 6140/1300/137 6142/1295/137 6144/1299/137
f 6144/1299/137 6146/1302/137 6140/1300/137
f 6151/1309/282 6149/1307/282 6136/1310/282
f 6136/1310/282 6153/1313/282 6151/1309/282
f 6140/1312/137 6150/1308/137 6152/1311/137
f 6152/1311/137 6154/1315/137 6140/1312/137
f 6155/1317/282 6153/1313/282 6136/1341/282
f 6136/1341/282 6157/1319/282 6155/1317/282
f 6140/1342/137 6154/1315/137 6156/1318/137
f 6156/1318/137 6158/1321/137 6140/1342/137
f 6161/1325/282 6159/1323/282 6136/1326/282
f 6136/1326/282 6163/1329/282 6161/1325/282
f 6140/1328/137 6160/1324/137 6162/1327/137
f 6162/1327/137 6164/1330/137 6140/1328/137
f 6167/1335/282 6165/1331/282 6136/1347/282
f 6136/1347/282 6137/1349/282 6167/1335/282
f 6140/1348/137 6166/1333/137 6168/1336/137
f 6168/1336/137 6139/1350/137 6140/1348/137
f 6169/1287/282 6171/1289/282 6170/1288/282
f 6170/1288/282 6175/1293/282 6169/1287/282
f 6202/1336/137 6173/1291/137 6172/1290/137
f 6172/1290/137 6174/1292/137 6202/1336/137
f 6179/1301/282 6177/1297/282 6170/1337/282
f 6170/1337/282 6181/1303/282 6179/1301/282
f 6174/1338/137 6178/1299/137 6180/1302/137
f 6180/1302/137 6182/1305/137 6174/1338/137
f 6187/1313/282 6185/1309/282 6170/1314/282
f 6170/1314/282 6189/1317/282 6187/1313/282
f 6174/1316/137 6186/1311/137 6188/1315/137
f 6188/1315/137 6190/1318/137 6174/1316/137
f 6191/1319/282 6189/1317/282 6170/1320/282
f 6170/1320/282 6193/1323/282 6191/1319/282
f 6174/1322/137 6190/1318/137 6192/1321/137
f 6192/1321/137 6194/1324/137 6174/1322/137
f 6199/1331/282 6197/1329/282 6170/1332/282
f 6170/1332/282 6201/1335/282 6199/1331/282
f 6174/1334/137 6198/1330/137 6200/1333/137
f 6200/1333/137 6202/1336/137 6174/1334/137
f 6203/1287/282 6205/1289/282 6204/1288/282
f 6204/1288/282 6209/1293/282 6203/1287/282
f 6208/1292/137 6207/1291/137 6206/1290/137
f 6206/1290/137 6210/1295/137 6208/1292/137
f 6213/1301/282 6211/1297/282 6204/1337/282
f 6204/1337/282 6215/1303/282 6213/1301/282
f 6208/1338/137 6212/1299/137 6214/1302/137
f 6214/1302/137 6216/1305/137 6208/1338/137
f 6219/1309/282 6217/1307/282 6204/1310/282
f 6204/1310/282 6221/1313/282 6219/1309/282
f 6208/1312/137 6218/1308/137 6220/1311/137
f 6220/1311/137 6222/1315/137 6208/1312/137
f 6208/1342/137 6222/1315/137 6224/1318/137
f 6224/1318/137 6226/1321/137 6208/1342/137
f 6225/1319/282 6223/1317/282 6204/1320/282
f 6204/1320/282 6227/1323/282 6225/1319/282
f 6208/1344/137 6226/1321/137 6228/1324/137
f 6228/1324/137 6230/1327/137 6208/1344/137
f 6231/1329/282 6229/1325/282 6204/1345/282
f 6204/1345/282 6233/1331/282 6231/1329/282
f 6208/1346/137 6230/1327/137 6232/1330/137
f 6232/1330/137 6234/1333/137 6208/1346/137
f 6235/1335/282 6233/1331/282 6204/1347/282
f 6204/1347/282 6205/1349/282 6235/1335/282
f 6208/1348/137 6234/1333/137 6236/1336/137
f 6236/1336/137 6207/1350/137 6208/1348/137
f 6269/1335/282 6238/1288/282 6237/1287/282
f 6237/1287/282 6239/1289/282 6269/1335/282
f 6270/1336/137 6241/1291/137 6240/1290/137
f 6240/1290/137 6242/1292/137 6270/1336/137
f 6243/1293/282 6237/1287/282 6238/1294/282
f 6238/1294/282 6245/1297/282 6243/1293/282
f 6242/1296/137 6240/1290/137 6244/1295/137
f 6244/1295/137 6246/1299/137 6242/1296/137
f 6247/1301/282 6245/1297/282 6238/1337/282
f 6238/1337/282 6249/1303/282 6247/1301/282
f 6251/1307/282 6249/1303/282 6238/1339/282
f 6238/1339/282 6253/1309/282 6251/1307/282
f 6242/1340/137 6250/1305/137 6252/1308/137
f 6252/1308/137 6254/1311/137 6242/1340/137
f 6255/1313/282 6253/1309/282 6238/1314/282
f 6238/1314/282 6257/1317/282 6255/1313/282
f 6242/1316/137 6254/1311/137 6256/1315/137
f 6256/1315/137 6258/1318/137 6242/1316/137
f 6259/1319/282 6257/1317/282 6238/1320/282
f 6238/1320/282 6261/1323/282 6259/1319/282
f 6242/1322/137 6258/1318/137 6260/1321/137
f 6260/1321/137 6262/1324/137 6242/1322/137
f 6263/1325/282 6261/1323/282 6238/1326/282
f 6238/1326/282 6265/1329/282 6263/1325/282
f 6242/1328/137 6262/1324/137 6264/1327/137
f 6264/1327/137 6266/1330/137 6242/1328/137
f 6267/1331/282 6265/1329/282 6238/1332/282
f 6238/1332/282 6269/1335/282 6267/1331/282
f 6242/1334/137 6266/1330/137 6268/1333/137
f 6268/1333/137 6270/1336/137 6242/1334/137
f 6271/1352/336 5865/1289/336 5863/1287/335
f 5863/1287/335 6272/1353/335 6271/1352/336
f 6272/1353/335 5863/1287/335 5869/1293/337
f 5869/1293/337 6273/1354/338 6272/1353/335
f 6273/1354/338 5869/1293/337 5871/1297/339
f 5871/1297/339 6274/1355/339 6273/1354/338
f 6274/1355/339 5871/1297/339 5873/1301/340
f 5873/1301/340 6275/1356/340 6274/1355/339
f 6275/1356/340 5873/1301/340 5875/1303/341
f 5875/1303/341 6276/1357/341 6275/1356/340
f 6276/1357/341 5875/1303/341 5877/1307/342
f 5877/1307/342 6277/1358/342 6276/1357/341
f 6277/1358/342 5877/1307/342 5879/1309/343
f 5879/1309/343 6278/1359/343 6277/1358/342
f 6278/1359/343 5879/1309/343 5881/1313/344
f 5881/1313/344 6279/1360/344 6278/1359/343
f 6279/1360/344 5881/1313/344 5883/1317/345
f 5883/1317/345 6280/1361/345 6279/1360/344
f 6280/1361/345 5883/1317/345 5885/1319/346
f 5885/1319/346 6281/1362/347 6280/1361/345
f 6281/1362/347 5885/1319/346 5887/1323/348
f 5887/1323/348 6282/1363/348 6281/1362/347
f 6282/1363/348 5887/1323/348 5889/1325/349
f 5889/1325/349 6283/1364/349 6282/1363/348
f 6283/1364/349 5889/1325/349 5891/1329/350
f 5891/1329/350 6284/1365/350 6283/1364/349
f 6284/1365/350 5891/1329/350 5893/1331/351
f 5893/1331/351 6285/1366/351 6284/1365/350
f 6285/1366/351 5893/1331/351 5895/1335/352
f 5895/1335/352 6286/1367/352 6285/1366/351
f 6286/1367/352 5895/1335/352 5865/1349/336
f 5865/1349/336 6271/1368/336 6286/1367/352
f 6287/1369/145 6271/1352/145 6272/1353/146
f 6272/1353/146 6288/1370/146 6287/1369/145
f 6288/1370/146 6272/1353/146 6273/1354/147
f 6273/1354/147 6289/1371/147 6288/1370/146
f 6289/1371/147 6273/1354/147 6274/1355/148
f 6274/1355/148 6290/1372/148 6289/1371/147
f 6290/1372/148 6274/1355/148 6275/1356/139
f 6275/1356/139 6291/1373/139 6290/1372/148
f 6291/1373/139 6275/1356/139 6276/1357/149
f 6276/1357/149 6292/1374/149 6291/1373/139
f 6292/1374/149 6276/1357/149 6277/1358/150
f 6277/1358/150 6293/1375/150 6292/1374/149
f 6293/1375/150 6277/1358/150 6278/1359/151
f 6278/1359/151 6294/1376/151 6293/1375/150
f 6294/1376/151 6278/1359/151 6279/1360/152
f 6279/1360/152 6295/1377/152 6294/1376/151
f 6295/1377/152 6279/1360/152 6280/1361/153
f 6280/1361/153 6296/1378/153 6295/1377/152
f 6296/1378/153 6280/1361/153 6281/1362/141
f 6281/1362/141 6297/1379/141 6296/1378/153
f 6297/1379/141 6281/1362/141 6282/1363/140
f 6282/1363/140 6298/1380/140 6297/1379/141
f 6298/1380/140 6282/1363/140 6283/1364/138
f 6283/1364/138 6299/1381/138 6298/1380/140
f 6299/1381/138 6283/1364/138 6284/1365/142
f 6284/1365/142 6300/1382/142 6299/1381/138
f 6300/1382/142 6284/1365/142 6285/1366/143
f 6285/1366/143 6301/1383/143 6300/1382/142
f 6301/1383/143 6285/1366/143 6286/1367/144
f 6286/1367/144 6302/1384/144 6301/1383/143
f 6302/1384/144 6286/1367/144 6271/1368/145
f 6271/1368/145 6287/1385/145 6302/1384/144
f 5867/1291/354 6287/1369/354 6288/1370/353
f 6288/1370/353 5866/1290/353 5867/1291/354
f 5866/1290/353 6288/1370/353 6289/1371/355
f 6289/1371/355 5870/1295/355 5866/1290/353
f 5870/1295/355 6289/1371/355 6290/1372/356
f 6290/1372/356 5872/1299/356 5870/1295/355
f 5872/1299/356 6290/1372/356 6291/1373/357
f 6291/1373/357 5874/1302/357 5872/1299/356
f 5874/1302/357 6291/1373/357 6292/1374/358
f 6292/1374/358 5876/1305/358 5874/1302/357
f 5876/1305/358 6292/1374/358 6293/1375/359
f 6293/1375/359 5878/1308/359 5876/1305/358
f 5878/1308/359 6293/1375/359 6294/1376/360
f 6294/1376/360 5880/1311/361 5878/1308/359
f 5880/1311/361 6294/1376/360 6295/1377/362
f 6295/1377/362 5882/1315/362 5880/1311/361
f 5882/1315/362 6295/1377/362 6296/1378/363
f 6296/1378/363 5884/1318/363 5882/1315/362
f 5884/1318/363 6296/1378/363 6297/1379/364
f 6297/1379/364 5886/1321/364 5884/1318/363
f 5886/1321/364 6297/1379/364 6298/1380/365
f 6298/1380/365 5888/1324/365 5886/1321/364
f 5888/1324/365 6298/1380/365 6299/1381/366
f 6299/1381/366 5890/1327/366 5888/1324/365
f 5890/1327/366 6299/1381/366 6300/1382/367
f 6300/1382/367 5892/1330/367 5890/1327/366
f 5892/1330/367 6300/1382/367 6301/1383/368
f 6301/1383/368 5894/1333/368 5892/1330/367
f 5894/1333/368 6301/1383/368 6302/1384/369
f 6302/1384/369 5896/1336/369 5894/1333/368
f 5896/1336/369 6302/1384/369 6287/1385/354
f 6287/1385/354 5867/1350/354 5896/1336/369
f 6303/1352/336 5899/1289/336 5897/1287/335
f 5897/1287/335 6304/1353/335 6303/1352/336
f 6304/1353/335 5897/1287/335 5903/1293/337
f 5903/1293/337 6305/1354/338 6304/1353/335
f 6305/1354/338 5903/1293/337 5905/1297/339
f 5905/1297/339 6306/1355/339 6305/1354/338
f 6306/1355/339 5905/1297/339 5907/1301/340
f 5907/1301/340 6307/1356/340 6306/1355/339
f 6307/1356/340 5907/1301/340 5909/1303/370
f 5909/1303/370 6308/1357/341 6307/1356/340
f 6308/1357/341 5909/1303/370 5911/1307/371
f 5911/1307/371 6309/1358/342 6308/1357/341
f 6309/1358/342 5911/1307/371 5913/1309/372
f 5913/1309/372 6310/1359/372 6309/1358/342
f 6310/1359/372 5913/1309/372 5915/1313/373
f 5915/1313/373 6311/1360/373 6310/1359/372
f 6311/1360/373 5915/1313/373 5917/1317/345
f 5917/1317/345 6312/1361/345 6311/1360/373
f 6312/1361/345 5917/1317/345 5919/1319/346
f 5919/1319/346 6313/1362/346 6312/1361/345
f 6313/1362/346 5919/1319/346 5921/1323/348
f 5921/1323/348 6314/1363/348 6313/1362/346
f 6314/1363/348 5921/1323/348 5923/1325/349
f 5923/1325/349 6315/1364/349 6314/1363/348
f 6315/1364/349 5923/1325/349 5925/1329/350
f 5925/1329/350 6316/1365/350 6315/1364/349
f 6316/1365/350 5925/1329/350 5927/1331/351
f 5927/1331/351 6317/1366/351 6316/1365/350
f 6317/1366/351 5927/1331/351 5929/1335/352
f 5929/1335/352 6318/1367/352 6317/1366/351
f 6318/1367/352 5929/1335/352 5899/1349/336
f 5899/1349/336 6303/1368/336 6318/1367/352
f 6319/1369/145 6303/1352/145 6304/1353/146
f 6304/1353/146 6320/1370/146 6319/1369/145
f 6320/1370/146 6304/1353/146 6305/1354/147
f 6305/1354/147 6321/1371/147 6320/1370/146
f 6321/1371/147 6305/1354/147 6306/1355/148
f 6306/1355/148 6322/1372/148 6321/1371/147
f 6322/1372/148 6306/1355/148 6307/1356/139
f 6307/1356/139 6323/1373/139 6322/1372/148
f 6323/1373/139 6307/1356/139 6308/1357/149
f 6308/1357/149 6324/1374/149 6323/1373/139
f 6324/1374/149 6308/1357/149 6309/1358/150
f 6309/1358/150 6325/1375/150 6324/1374/149
f 6325/1375/150 6309/1358/150 6310/1359/151
f 6310/1359/151 6326/1376/151 6325/1375/150
f 6326/1376/151 6310/1359/151 6311/1360/152
f 6311/1360/152 6327/1377/152 6326/1376/151
f 6327/1377/152 6311/1360/152 6312/1361/153
f 6312/1361/153 6328/1378/153 6327/1377/152
f 6328/1378/153 6312/1361/153 6313/1362/141
f 6313/1362/141 6329/1379/141 6328/1378/153
f 6329/1379/141 6313/1362/141 6314/1363/140
f 6314/1363/140 6330/1380/140 6329/1379/141
f 6330/1380/140 6314/1363/140 6315/1364/138
f 6315/1364/138 6331/1381/138 6330/1380/140
f 6331/1381/138 6315/1364/138 6316/1365/142
f 6316/1365/142 6332/1382/142 6331/1381/138
f 6332/1382/142 6316/1365/142 6317/1366/143
f 6317/1366/143 6333/1383/143 6332/1382/142
f 6333/1383/143 6317/1366/143 6318/1367/144
f 6318/1367/144 6334/1384/144 6333/1383/143
f 6334/1384/144 6318/1367/144 6303/1368/145
f 6303/1368/145 6319/1385/145 6334/1384/144
f 5901/1291/354 6319/1369/354 6320/1370/353
f 6320/1370/353 5900/1290/353 5901/1291/354
f 5900/1290/353 6320/1370/353 6321/1371/355
f 6321/1371/355 5904/1295/355 5900/1290/353
f 5904/1295/355 6321/1371/355 6322/1372/356
f 6322/1372/356 5906/1299/356 5904/1295/355
f 5906/1299/356 6322/1372/356 6323/1373/357
f 6323/1373/357 5908/1302/357 5906/1299/356
f 5908/1302/357 6323/1373/357 6324/1374/358
f 6324/1374/358 5910/1305/358 5908/1302/357
f 5910/1305/358 6324/1374/358 6325/1375/359
f 6325/1375/359 5912/1308/359 5910/1305/358
f 5912/1308/359 6325/1375/359 6326/1376/360
f 6326/1376/360 5914/1311/360 5912/1308/359
f 5914/1311/360 6326/1376/360 6327/1377/374
f 6327/1377/374 5916/1315/374 5914/1311/360
f 5916/1315/374 6327/1377/374 6328/1378/375
f 6328/1378/375 5918/1318/375 5916/1315/374
f 5918/1318/375 6328/1378/375 6329/1379/376
f 6329/1379/376 5920/1321/376 5918/1318/375
f 5920/1321/376 6329/1379/376 6330/1380/365
f 6330/1380/365 5922/1324/365 5920/1321/376
f 5922/1324/365 6330/1380/365 6331/1381/366
f 6331/1381/366 5924/1327/366 5922/1324/365
f 5924/1327/366 6331/1381/366 6332/1382/367
f 6332/1382/367 5926/1330/367 5924/1327/366
f 5926/1330/367 6332/1382/367 6333/1383/368
f 6333/1383/368 5928/1333/368 5926/1330/367
f 5928/1333/368 6333/1383/368 6334/1384/369
f 6334/1384/369 5930/1336/369 5928/1333/368
f 5930/1336/369 6334/1384/369 6319/1385/354
f 6319/1385/354 5901/1350/354 5930/1336/369
f 6335/1352/336 5933/1289/336 5931/1287/335
f 5931/1287/335 6336/1353/335 6335/1352/336
f 6336/1353/335 5931/1287/335 5937/1293/337
f 5937/1293/337 6337/1354/338 6336/1353/335
f 6337/1354/338 5937/1293/337 5939/1297/339
f 5939/1297/339 6338/1355/339 6337/1354/338
f 6338/1355/339 5939/1297/339 5941/1301/340
f 5941/1301/340 6339/1356/340 6338/1355/339
f 6339/1356/340 5941/1301/340 5943/1303/370
f 5943/1303/370 6340/1357/341 6339/1356/340
f 6340/1357/341 5943/1303/370 5945/1307/342
f 5945/1307/342 6341/1358/342 6340/1357/341
f 6341/1358/342 5945/1307/342 5947/1309/372
f 5947/1309/372 6342/1359/343 6341/1358/342
f 6342/1359/343 5947/1309/372 5949/1313/344
f 5949/1313/344 6343/1360/344 6342/1359/343
f 6343/1360/344 5949/1313/344 5951/1317/345
f 5951/1317/345 6344/1361/345 6343/1360/344
f 6344/1361/345 5951/1317/345 5953/1319/346
f 5953/1319/346 6345/1362/346 6344/1361/345
f 6345/1362/346 5953/1319/346 5955/1323/348
f 5955/1323/348 6346/1363/348 6345/1362/346
f 6346/1363/348 5955/1323/348 5957/1325/349
f 5957/1325/349 6347/1364/349 6346/1363/348
f 6347/1364/349 5957/1325/349 5959/1329/350
f 5959/1329/350 6348/1365/350 6347/1364/349
f 6348/1365/350 5959/1329/350 5961/1331/351
f 5961/1331/351 6349/1366/351 6348/1365/350
f 6349/1366/351 5961/1331/351 5963/1335/352
f 5963/1335/352 6350/1367/352 6349/1366/351
f 6350/1367/352 5963/1335/352 5933/1349/336
f 5933/1349/336 6335/1368/336 6350/1367/352
f 6351/1369/145 6335/1352/145 6336/1353/146
f 6336/1353/146 6352/1370/146 6351/1369/145
f 6352/1370/146 6336/1353/146 6337/1354/147
f 6337/1354/147 6353/1371/147 6352/1370/146
f 6353/1371/147 6337/1354/147 6338/1355/148
f 6338/1355/148 6354/1372/148 6353/1371/147
f 6354/1372/148 6338/1355/148 6339/1356/139
f 6339/1356/139 6355/1373/139 6354/1372/148
f 6355/1373/139 6339/1356/139 6340/1357/149
f 6340/1357/149 6356/1374/149 6355/1373/139
f 6356/1374/149 6340/1357/149 6341/1358/150
f 6341/1358/150 6357/1375/150 6356/1374/149
f 6357/1375/150 6341/1358/150 6342/1359/151
f 6342/1359/151 6358/1376/151 6357/1375/150
f 6358/1376/151 6342/1359/151 6343/1360/152
f 6343/1360/152 6359/1377/152 6358/1376/151
f 6359/1377/152 6343/1360/152 6344/1361/153
f 6344/1361/153 6360/1378/153 6359/1377/152
f 6360/1378/153 6344/1361/153 6345/1362/141
f 6345/1362/141 6361/1379/141 6360/1378/153
f 6361/1379/141 6345/1362/141 6346/1363/140
f 6346/1363/140 6362/1380/140 6361/1379/141
f 6362/1380/140 6346/1363/140 6347/1364/138
f 6347/1364/138 6363/1381/138 6362/1380/140
f 6363/1381/138 6347/1364/138 6348/1365/142
f 6348/1365/142 6364/1382/142 6363/1381/138
f 6364/1382/142 6348/1365/142 6349/1366/143
f 6349/1366/143 6365/1383/143 6364/1382/142
f 6365/1383/143 6349/1366/143 6350/1367/144
f 6350/1367/144 6366/1384/144 6365/1383/143
f 6366/1384/144 6350/1367/144 6335/1368/145
f 6335/1368/145 6351/1385/145 6366/1384/144
f 5935/1291/354 6351/1369/354 6352/1370/353
f 6352/1370/353 5934/1290/353 5935/1291/354
f 5934/1290/353 6352/1370/353 6353/1371/355
f 6353/1371/355 5938/1295/355 5934/1290/353
f 5938/1295/355 6353/1371/355 6354/1372/356
f 6354/1372/356 5940/1299/356 5938/1295/355
f 5940/1299/356 6354/1372/356 6355/1373/357
f 6355/1373/357 5942/1302/357 5940/1299/356
f 5942/1302/357 6355/1373/357 6356/1374/358
f 6356/1374/358 5944/1305/358 5942/1302/357
f 5944/1305/358 6356/1374/358 6357/1375/359
f 6357/1375/359 5946/1308/359 5944/1305/358
f 5946/1308/359 6357/1375/359 6358/1376/360
f 6358/1376/360 5948/1311/361 5946/1308/359
f 5948/1311/361 6358/1376/360 6359/1377/362
f 6359/1377/362 5950/1315/362 5948/1311/361
f 5950/1315/362 6359/1377/362 6360/1378/363
f 6360/1378/363 5952/1318/363 5950/1315/362
f 5952/1318/363 6360/1378/363 6361/1379/376
f 6361/1379/376 5954/1321/364 5952/1318/363
f 5954/1321/364 6361/1379/376 6362/1380/365
f 6362/1380/365 5956/1324/365 5954/1321/364
f 5956/1324/365 6362/1380/365 6363/1381/366
f 6363/1381/366 5958/1327/366 5956/1324/365
f 5958/1327/366 6363/1381/366 6364/1382/367
f 6364/1382/367 5960/1330/367 5958/1327/366
f 5960/1330/367 6364/1382/367 6365/1383/368
f 6365/1383/368 5962/1333/368 5960/1330/367
f 5962/1333/368 6365/1383/368 6366/1384/369
f 6366/1384/369 5964/1336/369 5962/1333/368
f 5964/1336/369 6366/1384/369 6351/1385/354
f 6351/1385/354 5935/1350/354 5964/1336/369
f 6367/1352/336 5967/1289/336 5965/1287/335
f 5965/1287/335 6368/1353/335 6367/1352/336
f 6368/1353/335 5965/1287/335 5971/1293/337
f 5971/1293/337 6369/1354/338 6368/1353/335
f 6369/1354/338 5971/1293/337 5973/1297/339
f 5973/1297/339 6370/1355/339 6369/1354/338
f 6370/1355/339 5973/1297/339 5975/1301/340
f 5975/1301/340 6371/1356/340 6370/1355/339
f 6371/1356/340 5975/1301/340 5977/1303/341
f 5977/1303/341 6372/1357/341 6371/1356/340
f 6372/1357/341 5977/1303/341 5979/1307/377
f 5979/1307/377 6373/1358/377 6372/1357/341
f 6373/1358/377 5979/1307/377 5981/1309/372
f 5981/1309/372 6374/1359/372 6373/1358/377
f 6374/1359/372 5981/1309/372 5983/1313/373
f 5983/1313/373 6375/1360/373 6374/1359/372
f 6375/1360/373 5983/1313/373 5985/1317/345
f 5985/1317/345 6376/1361/345 6375/1360/373
f 6376/1361/345 5985/1317/345 5987/1319/346
f 5987/1319/346 6377/1362/346 6376/1361/345
f 6377/1362/346 5987/1319/346 5989/1323/348
f 5989/1323/348 6378/1363/348 6377/1362/346
f 6378/1363/348 5989/1323/348 5991/1325/349
f 5991/1325/349 6379/1364/349 6378/1363/348
f 6379/1364/349 5991/1325/349 5993/1329/350
f 5993/1329/350 6380/1365/350 6379/1364/349
f 6380/1365/350 5993/1329/350 5995/1331/351
f 5995/1331/351 6381/1366/351 6380/1365/350
f 6381/1366/351 5995/1331/351 5997/1335/352
f 5997/1335/352 6382/1367/352 6381/1366/351
f 6382/1367/352 5997/1335/352 5967/1349/336
f 5967/1349/336 6367/1368/336 6382/1367/352
f 6383/1369/145 6367/1352/145 6368/1353/146
f 6368/1353/146 6384/1370/146 6383/1369/145
f 6384/1370/146 6368/1353/146 6369/1354/147
f 6369/1354/147 6385/1371/147 6384/1370/146
f 6385/1371/147 6369/1354/147 6370/1355/148
f 6370/1355/148 6386/1372/148 6385/1371/147
f 6386/1372/148 6370/1355/148 6371/1356/139
f 6371/1356/139 6387/1373/139 6386/1372/148
f 6387/1373/139 6371/1356/139 6372/1357/149
f 6372/1357/149 6388/1374/149 6387/1373/139
f 6388/1374/149 6372/1357/149 6373/1358/150
f 6373/1358/150 6389/1375/150 6388/1374/149
f 6389/1375/150 6373/1358/150 6374/1359/151
f 6374/1359/151 6390/1376/151 6389/1375/150
f 6390/1376/151 6374/1359/151 6375/1360/152
f 6375/1360/152 6391/1377/152 6390/1376/151
f 6391/1377/152 6375/1360/152 6376/1361/153
f 6376/1361/153 6392/1378/153 6391/1377/152
f 6392/1378/153 6376/1361/153 6377/1362/141
f 6377/1362/141 6393/1379/141 6392/1378/153
f 6393/1379/141 6377/1362/141 6378/1363/140
f 6378/1363/140 6394/1380/140 6393/1379/141
f 6394/1380/140 6378/1363/140 6379/1364/138
f 6379/1364/138 6395/1381/138 6394/1380/140
f 6395/1381/138 6379/1364/138 6380/1365/142
f 6380/1365/142 6396/1382/142 6395/1381/138
f 6396/1382/142 6380/1365/142 6381/1366/143
f 6381/1366/143 6397/1383/143 6396/1382/142
f 6397/1383/143 6381/1366/143 6382/1367/144
f 6382/1367/144 6398/1384/144 6397/1383/143
f 6398/1384/144 6382/1367/144 6367/1368/145
f 6367/1368/145 6383/1385/145 6398/1384/144
f 5969/1291/354 6383/1369/354 6384/1370/353
f 6384/1370/353 5968/1290/353 5969/1291/354
f 5968/1290/353 6384/1370/353 6385/1371/355
f 6385/1371/355 5972/1295/355 5968/1290/353
f 5972/1295/355 6385/1371/355 6386/1372/356
f 6386/1372/356 5974/1299/356 5972/1295/355
f 5974/1299/356 6386/1372/356 6387/1373/357
f 6387/1373/357 5976/1302/357 5974/1299/356
f 5976/1302/357 6387/1373/357 6388/1374/358
f 6388/1374/358 5978/1305/358 5976/1302/357
f 5978/1305/358 6388/1374/358 6389/1375/378
f 6389/1375/378 5980/1308/378 5978/1305/358
f 5980/1308/378 6389/1375/378 6390/1376/360
f 6390/1376/360 5982/1311/360 5980/1308/378
f 5982/1311/360 6390/1376/360 6391/1377/374
f 6391/1377/374 5984/1315/374 5982/1311/360
f 5984/1315/374 6391/1377/374 6392/1378/375
f 6392/1378/375 5986/1318/375 5984/1315/374
f 5986/1318/375 6392/1378/375 6393/1379/376
f 6393/1379/376 5988/1321/376 5986/1318/375
f 5988/1321/376 6393/1379/376 6394/1380/365
f 6394/1380/365 5990/1324/365 5988/1321/376
f 5990/1324/365 6394/1380/365 6395/1381/366
f 6395/1381/366 5992/1327/366 5990/1324/365
f 5992/1327/366 6395/1381/366 6396/1382/367
f 6396/1382/367 5994/1330/367 5992/1327/366
f 5994/1330/367 6396/1382/367 6397/1383/368
f 6397/1383/368 5996/1333/368 5994/1330/367
f 5996/1333/368 6397/1383/368 6398/1384/369
f 6398/1384/369 5998/1336/369 5996/1333/368
f 5998/1336/369 6398/1384/369 6383/1385/354
f 6383/1385/354 5969/1350/354 5998/1336/369
f 6399/1352/336 6001/1289/336 5999/1287/335
f 5999/1287/335 6400/1353/335 6399/1352/336
f 6400/1353/335 5999/1287/335 6005/1293/337
f 6005/1293/337 6401/1354/337 6400/1353/335
f 6401/1354/337 6005/1293/337 6007/1297/339
f 6007/1297/339 6402/1355/339 6401/1354/337
f 6402/1355/339 6007/1297/339 6009/1301/340
f 6009/1301/340 6403/1356/340 6402/1355/339
f 6403/1356/340 6009/1301/340 6011/1303/341
f 6011/1303/341 6404/1357/341 6403/1356/340
f 6404/1357/341 6011/1303/341 6013/1307/377
f 6013/1307/377 6405/1358/377 6404/1357/341
f 6405/1358/377 6013/1307/377 6015/1309/372
f 6015/1309/372 6406/1359/372 6405/1358/377
f 6406/1359/372 6015/1309/372 6017/1313/344
f 6017/1313/344 6407/1360/344 6406/1359/372
f 6407/1360/344 6017/1313/344 6019/1317/345
f 6019/1317/345 6408/1361/345 6407/1360/344
f 6408/1361/345 6019/1317/345 6021/1319/346
f 6021/1319/346 6409/1362/346 6408/1361/345
f 6409/1362/346 6021/1319/346 6023/1323/348
f 6023/1323/348 6410/1363/348 6409/1362/346
f 6410/1363/348 6023/1323/348 6025/1325/349
f 6025/1325/349 6411/1364/349 6410/1363/348
f 6411/1364/349 6025/1325/349 6027/1329/350
f 6027/1329/350 6412/1365/350 6411/1364/349
f 6412/1365/350 6027/1329/350 6029/1331/351
f 6029/1331/351 6413/1366/351 6412/1365/350
f 6413/1366/351 6029/1331/351 6031/1335/352
f 6031/1335/352 6414/1367/352 6413/1366/351
f 6414/1367/352 6031/1335/352 6001/1349/336
f 6001/1349/336 6399/1368/336 6414/1367/352
f 6415/1369/145 6399/1352/145 6400/1353/146
f 6400/1353/146 6416/1370/146 6415/1369/145
f 6416/1370/146 6400/1353/146 6401/1354/147
f 6401/1354/147 6417/1371/147 6416/1370/146
f 6417/1371/147 6401/1354/147 6402/1355/148
f 6402/1355/148 6418/1372/148 6417/1371/147
f 6418/1372/148 6402/1355/148 6403/1356/139
f 6403/1356/139 6419/1373/139 6418/1372/148
f 6419/1373/139 6403/1356/139 6404/1357/149
f 6404/1357/149 6420/1374/149 6419/1373/139
f 6420/1374/149 6404/1357/149 6405/1358/150
f 6405/1358/150 6421/1375/150 6420/1374/149
f 6421/1375/150 6405/1358/150 6406/1359/151
f 6406/1359/151 6422/1376/151 6421/1375/150
f 6422/1376/151 6406/1359/151 6407/1360/152
f 6407/1360/152 6423/1377/152 6422/1376/151
f 6423/1377/152 6407/1360/152 6408/1361/153
f 6408/1361/153 6424/1378/153 6423/1377/152
f 6424/1378/153 6408/1361/153 6409/1362/141
f 6409/1362/141 6425/1379/141 6424/1378/153
f 6425/1379/141 6409/1362/141 6410/1363/140
f 6410/1363/140 6426/1380/140 6425/1379/141
f 6426/1380/140 6410/1363/140 6411/1364/138
f 6411/1364/138 6427/1381/138 6426/1380/140
f 6427/1381/138 6411/1364/138 6412/1365/142
f 6412/1365/142 6428/1382/142 6427/1381/138
f 6428/1382/142 6412/1365/142 6413/1366/143
f 6413/1366/143 6429/1383/143 6428/1382/142
f 6429/1383/143 6413/1366/143 6414/1367/144
f 6414/1367/144 6430/1384/144 6429/1383/143
f 6430/1384/144 6414/1367/144 6399/1368/145
f 6399/1368/145 6415/1385/145 6430/1384/144
f 6003/1291/354 6415/1369/354 6416/1370/353
f 6416/1370/353 6002/1290/353 6003/1291/354
f 6002/1290/353 6416/1370/353 6417/1371/355
f 6417/1371/355 6006/1295/355 6002/1290/353
f 6006/1295/355 6417/1371/355 6418/1372/356
f 6418/1372/356 6008/1299/356 6006/1295/355
f 6008/1299/356 6418/1372/356 6419/1373/357
f 6419/1373/357 6010/1302/357 6008/1299/356
f 6010/1302/357 6419/1373/357 6420/1374/358
f 6420/1374/358 6012/1305/358 6010/1302/357
f 6012/1305/358 6420/1374/358 6421/1375/359
f 6421/1375/359 6014/1308/359 6012/1305/358
f 6014/1308/359 6421/1375/359 6422/1376/360
f 6422/1376/360 6016/1311/360 6014/1308/359
f 6016/1311/360 6422/1376/360 6423/1377/379
f 6423/1377/379 6018/1315/379 6016/1311/360
f 6018/1315/379 6423/1377/379 6424/1378/375
f 6424/1378/375 6020/1318/375 6018/1315/379
f 6020/1318/375 6424/1378/375 6425/1379/376
f 6425/1379/376 6022/1321/364 6020/1318/375
f 6022/1321/364 6425/1379/376 6426/1380/365
f 6426/1380/365 6024/1324/365 6022/1321/364
f 6024/1324/365 6426/1380/365 6427/1381/366
f 6427/1381/366 6026/1327/366 6024/1324/365
f 6026/1327/366 6427/1381/366 6428/1382/367
f 6428/1382/367 6028/1330/367 6026/1327/366
f 6028/1330/367 6428/1382/367 6429/1383/368
f 6429/1383/368 6030/1333/368 6028/1330/367
f 6030/1333/368 6429/1383/368 6430/1384/369
f 6430/1384/369 6032/1336/369 6030/1333/368
f 6032/1336/369 6430/1384/369 6415/1385/354
f 6415/1385/354 6003/1350/354 6032/1336/369
f 6431/1352/336 6035/1289/336 6033/1287/335
f 6033/1287/335 6432/1353/335 6431/1352/336
f 6432/1353/335 6033/1287/335 6039/1293/337
f 6039/1293/337 6433/1354/337 6432/1353/335
f 6433/1354/337 6039/1293/337 6041/1297/339
f 6041/1297/339 6434/1355/339 6433/1354/337
f 6434/1355/339 6041/1297/339 6043/1301/340
f 6043/1301/340 6435/1356/340 6434/1355/339
f 6435/1356/340 6043/1301/340 6045/1303/370
f 6045/1303/370 6436/1357/341 6435/1356/340
f 6436/1357/341 6045/1303/370 6047/1307/342
f 6047/1307/342 6437/1358/342 6436/1357/341
f 6437/1358/342 6047/1307/342 6049/1309/372
f 6049/1309/372 6438/1359/372 6437/1358/342
f 6438/1359/372 6049/1309/372 6051/1313/344
f 6051/1313/344 6439/1360/344 6438/1359/372
f 6439/1360/344 6051/1313/344 6053/1317/345
f 6053/1317/345 6440/1361/345 6439/1360/344
f 6440/1361/345 6053/1317/345 6055/1319/347
f 6055/1319/347 6441/1362/347 6440/1361/345
f 6441/1362/347 6055/1319/347 6057/1323/348
f 6057/1323/348 6442/1363/348 6441/1362/347
f 6442/1363/348 6057/1323/348 6059/1325/349
f 6059/1325/349 6443/1364/349 6442/1363/348
f 6443/1364/349 6059/1325/349 6061/1329/350
f 6061/1329/350 6444/1365/350 6443/1364/349
f 6444/1365/350 6061/1329/350 6063/1331/351
f 6063/1331/351 6445/1366/351 6444/1365/350
f 6445/1366/351 6063/1331/351 6065/1335/352
f 6065/1335/352 6446/1367/352 6445/1366/351
f 6446/1367/352 6065/1335/352 6035/1349/336
f 6035/1349/336 6431/1368/336 6446/1367/352
f 6447/1369/145 6431/1352/145 6432/1353/146
f 6432/1353/146 6448/1370/146 6447/1369/145
f 6448/1370/146 6432/1353/146 6433/1354/147
f 6433/1354/147 6449/1371/147 6448/1370/146
f 6449/1371/147 6433/1354/147 6434/1355/148
f 6434/1355/148 6450/1372/148 6449/1371/147
f 6450/1372/148 6434/1355/148 6435/1356/139
f 6435/1356/139 6451/1373/139 6450/1372/148
f 6451/1373/139 6435/1356/139 6436/1357/149
f 6436/1357/149 6452/1374/149 6451/1373/139
f 6452/1374/149 6436/1357/149 6437/1358/150
f 6437/1358/150 6453/1375/150 6452/1374/149
f 6453/1375/150 6437/1358/150 6438/1359/151
f 6438/1359/151 6454/1376/151 6453/1375/150
f 6454/1376/151 6438/1359/151 6439/1360/152
f 6439/1360/152 6455/1377/152 6454/1376/151
f 6455/1377/152 6439/1360/152 6440/1361/153
f 6440/1361/153 6456/1378/153 6455/1377/152
f 6456/1378/153 6440/1361/153 6441/1362/141
f 6441/1362/141 6457/1379/141 6456/1378/153
f 6457/1379/141 6441/1362/141 6442/1363/140
f 6442/1363/140 6458/1380/140 6457/1379/141
f 6458/1380/140 6442/1363/140 6443/1364/138
f 6443/1364/138 6459/1381/138 6458/1380/140
f 6459/1381/138 6443/1364/138 6444/1365/142
f 6444/1365/142 6460/1382/142 6459/1381/138
f 6460/1382/142 6444/1365/142 6445/1366/143
f 6445/1366/143 6461/1383/143 6460/1382/142
f 6461/1383/143 6445/1366/143 6446/1367/144
f 6446/1367/144 6462/1384/144 6461/1383/143
f 6462/1384/144 6446/1367/144 6431/1368/145
f 6431/1368/145 6447/1385/145 6462/1384/144
f 6037/1291/354 6447/1369/354 6448/1370/353
f 6448/1370/353 6036/1290/353 6037/1291/354
f 6036/1290/353 6448/1370/353 6449/1371/355
f 6449/1371/355 6040/1295/355 6036/1290/353
f 6040/1295/355 6449/1371/355 6450/1372/356
f 6450/1372/356 6042/1299/356 6040/1295/355
f 6042/1299/356 6450/1372/356 6451/1373/357
f 6451/1373/357 6044/1302/357 6042/1299/356
f 6044/1302/357 6451/1373/357 6452/1374/358
f 6452/1374/358 6046/1305/358 6044/1302/357
f 6046/1305/358 6452/1374/358 6453/1375/359
f 6453/1375/359 6048/1308/359 6046/1305/358
f 6048/1308/359 6453/1375/359 6454/1376/360
f 6454/1376/360 6050/1311/360 6048/1308/359
f 6050/1311/360 6454/1376/360 6455/1377/379
f 6455/1377/379 6052/1315/379 6050/1311/360
f 6052/1315/379 6455/1377/379 6456/1378/375
f 6456/1378/375 6054/1318/375 6052/1315/379
f 6054/1318/375 6456/1378/375 6457/1379/364
f 6457/1379/364 6056/1321/364 6054/1318/375
f 6056/1321/364 6457/1379/364 6458/1380/365
f 6458/1380/365 6058/1324/365 6056/1321/364
f 6058/1324/365 6458/1380/365 6459/1381/366
f 6459/1381/366 6060/1327/366 6058/1324/365
f 6060/1327/366 6459/1381/366 6460/1382/367
f 6460/1382/367 6062/1330/367 6060/1327/366
f 6062/1330/367 6460/1382/367 6461/1383/368
f 6461/1383/368 6064/1333/368 6062/1330/367
f 6064/1333/368 6461/1383/368 6462/1384/369
f 6462/1384/369 6066/1336/369 6064/1333/368
f 6066/1336/369 6462/1384/369 6447/1385/354
f 6447/1385/354 6037/1350/354 6066/1336/369
f 6463/1352/336 6069/1289/336 6067/1287/335
f 6067/1287/335 6464/1353/335 6463/1352/336
f 6464/1353/335 6067/1287/335 6073/1293/337
f 6073/1293/337 6465/1354/337 6464/1353/335
f 6465/1354/337 6073/1293/337 6075/1297/339
f 6075/1297/339 6466/1355/339 6465/1354/337
f 6466/1355/339 6075/1297/339 6077/1301/340
f 6077/1301/340 6467/1356/340 6466/1355/339
f 6467/1356/340 6077/1301/340 6079/1303/370
f 6079/1303/370 6468/1357/341 6467/1356/340
f 6468/1357/341 6079/1303/370 6081/1307/342
f 6081/1307/342 6469/1358/342 6468/1357/341
f 6469/1358/342 6081/1307/342 6083/1309/372
f 6083/1309/372 6470/1359/372 6469/1358/342
f 6470/1359/372 6083/1309/372 6085/1313/344
f 6085/1313/344 6471/1360/344 6470/1359/372
f 6471/1360/344 6085/1313/344 6087/1317/345
f 6087/1317/345 6472/1361/345 6471/1360/344
f 6472/1361/345 6087/1317/345 6089/1319/346
f 6089/1319/346 6473/1362/346 6472/1361/345
f 6473/1362/346 6089/1319/346 6091/1323/348
f 6091/1323/348 6474/1363/348 6473/1362/346
f 6474/1363/348 6091/1323/348 6093/1325/349
f 6093/1325/349 6475/1364/349 6474/1363/348
f 6475/1364/349 6093/1325/349 6095/1329/350
f 6095/1329/350 6476/1365/350 6475/1364/349
f 6476/1365/350 6095/1329/350 6097/1331/351
f 6097/1331/351 6477/1366/351 6476/1365/350
f 6477/1366/351 6097/1331/351 6099/1335/352
f 6099/1335/352 6478/1367/352 6477/1366/351
f 6478/1367/352 6099/1335/352 6069/1349/336
f 6069/1349/336 6463/1368/336 6478/1367/352
f 6479/1369/145 6463/1352/145 6464/1353/146
f 6464/1353/146 6480/1370/146 6479/1369/145
f 6480/1370/146 6464/1353/146 6465/1354/147
f 6465/1354/147 6481/1371/147 6480/1370/146
f 6481/1371/147 6465/1354/147 6466/1355/148
f 6466/1355/148 6482/1372/148 6481/1371/147
f 6482/1372/148 6466/1355/148 6467/1356/139
f 6467/1356/139 6483/1373/139 6482/1372/148
f 6483/1373/139 6467/1356/139 6468/1357/149
f 6468/1357/149 6484/1374/149 6483/1373/139
f 6484/1374/149 6468/1357/149 6469/1358/150
f 6469/1358/150 6485/1375/150 6484/1374/149
f 6485/1375/150 6469/1358/150 6470/1359/151
f 6470/1359/151 6486/1376/151 6485/1375/150
f 6486/1376/151 6470/1359/151 6471/1360/152
f 6471/1360/152 6487/1377/152 6486/1376/151
f 6487/1377/152 6471/1360/152 6472/1361/153
f 6472/1361/153 6488/1378/153 6487/1377/152
f 6488/1378/153 6472/1361/153 6473/1362/141
f 6473/1362/141 6489/1379/141 6488/1378/153
f 6489/1379/141 6473/1362/141 6474/1363/140
f 6474/1363/140 6490/1380/140 6489/1379/141
f 6490/1380/140 6474/1363/140 6475/1364/138
f 6475/1364/138 6491/1381/138 6490/1380/140
f 6491/1381/138 6475/1364/138 6476/1365/142
f 6476/1365/142 6492/1382/142 6491/1381/138
f 6492/1382/142 6476/1365/142 6477/1366/143
f 6477/1366/143 6493/1383/143 6492/1382/142
f 6493/1383/143 6477/1366/143 6478/1367/144
f 6478/1367/144 6494/1384/144 6493/1383/143
f 6494/1384/144 6478/1367/144 6463/1368/145
f 6463/1368/145 6479/1385/145 6494/1384/144
f 6071/1291/354 6479/1369/354 6480/1370/353
f 6480/1370/353 6070/1290/353 6071/1291/354
f 6070/1290/353 6480/1370/353 6481/1371/355
f 6481/1371/355 6074/1295/355 6070/1290/353
f 6074/1295/355 6481/1371/355 6482/1372/356
f 6482/1372/356 6076/1299/356 6074/1295/355
f 6076/1299/356 6482/1372/356 6483/1373/357
f 6483/1373/357 6078/1302/357 6076/1299/356
f 6078/1302/357 6483/1373/357 6484/1374/358
f 6484/1374/358 6080/1305/358 6078/1302/357
f 6080/1305/358 6484/1374/358 6485/1375/359
f 6485/1375/359 6082/1308/359 6080/1305/358
f 6082/1308/359 6485/1375/359 6486/1376/360
f 6486/1376/360 6084/1311/360 6082/1308/359
f 6084/1311/360 6486/1376/360 6487/1377/379
f 6487/1377/379 6086/1315/379 6084/1311/360
f 6086/1315/379 6487/1377/379 6488/1378/375
f 6488/1378/375 6088/1318/375 6086/1315/379
f 6088/1318/375 6488/1378/375 6489/1379/376
f 6489/1379/376 6090/1321/376 6088/1318/375
f 6090/1321/376 6489/1379/376 6490/1380/365
f 6490/1380/365 6092/1324/365 6090/1321/376
f 6092/1324/365 6490/1380/365 6491/1381/366
f 6491/1381/366 6094/1327/366 6092/1324/365
f 6094/1327/366 6491/1381/366 6492/1382/367
f 6492/1382/367 6096/1330/367 6094/1327/366
f 6096/1330/367 6492/1382/367 6493/1383/368
f 6493/1383/368 6098/1333/368 6096/1330/367
f 6098/1333/368 6493/1383/368 6494/1384/369
f 6494/1384/369 6100/1336/369 6098/1333/368
f 6100/1336/369 6494/1384/369 6479/1385/354
f 6479/1385/354 6071/1350/354 6100/1336/369
f 6495/1352/336 6103/1289/336 6101/1287/335
f 6101/1287/335 6496/1353/335 6495/1352/336
f 6496/1353/335 6101/1287/335 6107/1293/338
f 6107/1293/338 6497/1354/338 6496/1353/335
f 6497/1354/338 6107/1293/338 6109/1297/339
f 6109/1297/339 6498/1355/339 6497/1354/338
f 6498/1355/339 6109/1297/339 6111/1301/340
f 6111/1301/340 6499/1356/340 6498/1355/339
f 6499/1356/340 6111/1301/340 6113/1303/341
f 6113/1303/341 6500/1357/341 6499/1356/340
f 6500/1357/341 6113/1303/341 6115/1307/342
f 6115/1307/342 6501/1358/342 6500/1357/341
f 6501/1358/342 6115/1307/342 6117/1309/372
f 6117/1309/372 6502/1359/372 6501/1358/342
f 6502/1359/372 6117/1309/372 6119/1313/344
f 6119/1313/344 6503/1360/344 6502/1359/372
f 6503/1360/344 6119/1313/344 6121/1317/345
f 6121/1317/345 6504/1361/345 6503/1360/344
f 6504/1361/345 6121/1317/345 6123/1319/347
f 6123/1319/347 6505/1362/347 6504/1361/345
f 6505/1362/347 6123/1319/347 6125/1323/348
f 6125/1323/348 6506/1363/348 6505/1362/347
f 6506/1363/348 6125/1323/348 6127/1325/349
f 6127/1325/349 6507/1364/349 6506/1363/348
f 6507/1364/349 6127/1325/349 6129/1329/350
f 6129/1329/350 6508/1365/350 6507/1364/349
f 6508/1365/350 6129/1329/350 6131/1331/351
f 6131/1331/351 6509/1366/351 6508/1365/350
f 6509/1366/351 6131/1331/351 6133/1335/352
f 6133/1335/352 6510/1367/352 6509/1366/351
f 6510/1367/352 6133/1335/352 6103/1349/336
f 6103/1349/336 6495/1368/336 6510/1367/352
f 6511/1369/145 6495/1352/145 6496/1353/146
f 6496/1353/146 6512/1370/146 6511/1369/145
f 6512/1370/146 6496/1353/146 6497/1354/147
f 6497/1354/147 6513/1371/147 6512/1370/146
f 6513/1371/147 6497/1354/147 6498/1355/148
f 6498/1355/148 6514/1372/148 6513/1371/147
f 6514/1372/148 6498/1355/148 6499/1356/139
f 6499/1356/139 6515/1373/139 6514/1372/148
f 6515/1373/139 6499/1356/139 6500/1357/149
f 6500/1357/149 6516/1374/149 6515/1373/139
f 6516/1374/149 6500/1357/149 6501/1358/150
f 6501/1358/150 6517/1375/150 6516/1374/149
f 6517/1375/150 6501/1358/150 6502/1359/151
f 6502/1359/151 6518/1376/151 6517/1375/150
f 6518/1376/151 6502/1359/151 6503/1360/152
f 6503/1360/152 6519/1377/152 6518/1376/151
f 6519/1377/152 6503/1360/152 6504/1361/153
f 6504/1361/153 6520/1378/153 6519/1377/152
f 6520/1378/153 6504/1361/153 6505/1362/141
f 6505/1362/141 6521/1379/141 6520/1378/153
f 6521/1379/141 6505/1362/141 6506/1363/140
f 6506/1363/140 6522/1380/140 6521/1379/141
f 6522/1380/140 6506/1363/140 6507/1364/138
f 6507/1364/138 6523/1381/138 6522/1380/140
f 6523/1381/138 6507/1364/138 6508/1365/142
f 6508/1365/142 6524/1382/142 6523/1381/138
f 6524/1382/142 6508/1365/142 6509/1366/143
f 6509/1366/143 6525/1383/143 6524/1382/142
f 6525/1383/143 6509/1366/143 6510/1367/144
f 6510/1367/144 6526/1384/144 6525/1383/143
f 6526/1384/144 6510/1367/144 6495/1368/145
f 6495/1368/145 6511/1385/145 6526/1384/144
f 6105/1291/354 6511/1369/354 6512/1370/353
f 6512/1370/353 6104/1290/353 6105/1291/354
f 6104/1290/353 6512/1370/353 6513/1371/355
f 6513/1371/355 6108/1295/355 6104/1290/353
f 6108/1295/355 6513/1371/355 6514/1372/356
f 6514/1372/356 6110/1299/356 6108/1295/355
f 6110/1299/356 6514/1372/356 6515/1373/357
f 6515/1373/357 6112/1302/357 6110/1299/356
f 6112/1302/357 6515/1373/357 6516/1374/358
f 6516/1374/358 6114/1305/358 6112/1302/357
f 6114/1305/358 6516/1374/358 6517/1375/359
f 6517/1375/359 6116/1308/359 6114/1305/358
f 6116/1308/359 6517/1375/359 6518/1376/360
f 6518/1376/360 6118/1311/360 6116/1308/359
f 6118/1311/360 6518/1376/360 6519/1377/379
f 6519/1377/379 6120/1315/379 6118/1311/360
f 6120/1315/379 6519/1377/379 6520/1378/375
f 6520/1378/375 6122/1318/375 6120/1315/379
f 6122/1318/375 6520/1378/375 6521/1379/364
f 6521/1379/364 6124/1321/364 6122/1318/375
f 6124/1321/364 6521/1379/364 6522/1380/365
f 6522/1380/365 6126/1324/365 6124/1321/364
f 6126/1324/365 6522/1380/365 6523/1381/366
f 6523/1381/366 6128/1327/366 6126/1324/365
f 6128/1327/366 6523/1381/366 6524/1382/367
f 6524/1382/367 6130/1330/367 6128/1327/366
f 6130/1330/367 6524/1382/367 6525/1383/368
f 6525/1383/368 6132/1333/368 6130/1330/367
f 6132/1333/368 6525/1383/368 6526/1384/369
f 6526/1384/369 6134/1336/369 6132/1333/368
f 6134/1336/369 6526/1384/369 6511/1385/354
f 6511/1385/354 6105/1350/354 6134/1336/369
f 6527/1352/336 6137/1289/336 6135/1287/335
f 6135/1287/335 6528/1353/335 6527/1352/336
f 6528/1353/335 6135/1287/335 6141/1293/337
f 6141/1293/337 6529/1354/337 6528/1353/335
f 6529/1354/337 6141/1293/337 6143/1297/339
f 6143/1297/339 6530/1355/339 6529/1354/337
f 6530/1355/339 6143/1297/339 6145/1301/340
f 6145/1301/340 6531/1356/340 6530/1355/339
f 6531/1356/340 6145/1301/340 6147/1303/341
f 6147/1303/341 6532/1357/341 6531/1356/340
f 6532/1357/341 6147/1303/341 6149/1307/377
f 6149/1307/377 6533/1358/377 6532/1357/341
f 6533/1358/377 6149/1307/377 6151/1309/372
f 6151/1309/372 6534/1359/372 6533/1358/377
f 6534/1359/372 6151/1309/372 6153/1313/344
f 6153/1313/344 6535/1360/344 6534/1359/372
f 6535/1360/344 6153/1313/344 6155/1317/345
f 6155/1317/345 6536/1361/345 6535/1360/344
f 6536/1361/345 6155/1317/345 6157/1319/346
f 6157/1319/346 6537/1362/346 6536/1361/345
f 6537/1362/346 6157/1319/346 6159/1323/348
f 6159/1323/348 6538/1363/348 6537/1362/346
f 6538/1363/348 6159/1323/348 6161/1325/349
f 6161/1325/349 6539/1364/349 6538/1363/348
f 6539/1364/349 6161/1325/349 6163/1329/350
f 6163/1329/350 6540/1365/350 6539/1364/349
f 6540/1365/350 6163/1329/350 6165/1331/351
f 6165/1331/351 6541/1366/351 6540/1365/350
f 6541/1366/351 6165/1331/351 6167/1335/352
f 6167/1335/352 6542/1367/352 6541/1366/351
f 6542/1367/352 6167/1335/352 6137/1349/336
f 6137/1349/336 6527/1368/336 6542/1367/352
f 6543/1369/145 6527/1352/145 6528/1353/146
f 6528/1353/146 6544/1370/146 6543/1369/145
f 6544/1370/146 6528/1353/146 6529/1354/147
f 6529/1354/147 6545/1371/147 6544/1370/146
f 6545/1371/147 6529/1354/147 6530/1355/148
f 6530/1355/148 6546/1372/148 6545/1371/147
f 6546/1372/148 6530/1355/148 6531/1356/139
f 6531/1356/139 6547/1373/139 6546/1372/148
f 6547/1373/139 6531/1356/139 6532/1357/149
f 6532/1357/149 6548/1374/149 6547/1373/139
f 6548/1374/149 6532/1357/149 6533/1358/150
f 6533/1358/150 6549/1375/150 6548/1374/149
f 6549/1375/150 6533/1358/150 6534/1359/151
f 6534/1359/151 6550/1376/151 6549/1375/150
f 6550/1376/151 6534/1359/151 6535/1360/152
f 6535/1360/152 6551/1377/152 6550/1376/151
f 6551/1377/152 6535/1360/152 6536/1361/153
f 6536/1361/153 6552/1378/153 6551/1377/152
f 6552/1378/153 6536/1361/153 6537/1362/141
f 6537/1362/141 6553/1379/141 6552/1378/153
f 6553/1379/141 6537/1362/141 6538/1363/140
f 6538/1363/140 6554/1380/140 6553/1379/141
f 6554/1380/140 6538/1363/140 6539/1364/138
f 6539/1364/138 6555/1381/138 6554/1380/140
f 6555/1381/138 6539/1364/138 6540/1365/142
f 6540/1365/142 6556/1382/142 6555/1381/138
f 6556/1382/142 6540/1365/142 6541/1366/143
f 6541/1366/143 6557/1383/143 6556/1382/142
f 6557/1383/143 6541/1366/143 6542/1367/144
f 6542/1367/144 6558/1384/144 6557/1383/143
f 6558/1384/144 6542/1367/144 6527/1368/145
f 6527/1368/145 6543/1385/145 6558/1384/144
f 6139/1291/354 6543/1369/354 6544/1370/353
f 6544/1370/353 6138/1290/353 6139/1291/354
f 6138/1290/353 6544/1370/353 6545/1371/355
f 6545/1371/355 6142/1295/355 6138/1290/353
f 6142/1295/355 6545/1371/355 6546/1372/356
f 6546/1372/356 6144/1299/356 6142/1295/355
f 6144/1299/356 6546/1372/356 6547/1373/357
f 6547/1373/357 6146/1302/357 6144/1299/356
f 6146/1302/357 6547/1373/357 6548/1374/358
f 6548/1374/358 6148/1305/358 6146/1302/357
f 6148/1305/358 6548/1374/358 6549/1375/359
f 6549/1375/359 6150/1308/378 6148/1305/358
f 6150/1308/378 6549/1375/359 6550/1376/360
f 6550/1376/360 6152/1311/360 6150/1308/378
f 6152/1311/360 6550/1376/360 6551/1377/379
f 6551/1377/379 6154/1315/379 6152/1311/360
f 6154/1315/379 6551/1377/379 6552/1378/375
f 6552/1378/375 6156/1318/375 6154/1315/379
f 6156/1318/375 6552/1378/375 6553/1379/376
f 6553/1379/376 6158/1321/364 6156/1318/375
f 6158/1321/364 6553/1379/376 6554/1380/365
f 6554/1380/365 6160/1324/365 6158/1321/364
f 6160/1324/365 6554/1380/365 6555/1381/366
f 6555/1381/366 6162/1327/366 6160/1324/365
f 6162/1327/366 6555/1381/366 6556/1382/367
f 6556/1382/367 6164/1330/367 6162/1327/366
f 6164/1330/367 6556/1382/367 6557/1383/368
f 6557/1383/368 6166/1333/368 6164/1330/367
f 6166/1333/368 6557/1383/368 6558/1384/369
f 6558/1384/369 6168/1336/369 6166/1333/368
f 6168/1336/369 6558/1384/369 6543/1385/354
f 6543/1385/354 6139/1350/354 6168/1336/369
f 6559/1352/336 6171/1289/336 6169/1287/335
f 6169/1287/335 6560/1353/335 6559/1352/336
f 6560/1353/335 6169/1287/335 6175/1293/337
f 6175/1293/337 6561/1354/337 6560/1353/335
f 6561/1354/337 6175/1293/337 6177/1297/339
f 6177/1297/339 6562/1355/339 6561/1354/337
f 6562/1355/339 6177/1297/339 6179/1301/340
f 6179/1301/340 6563/1356/340 6562/1355/339
f 6563/1356/340 6179/1301/340 6181/1303/370
f 6181/1303/370 6564/1357/341 6563/1356/340
f 6564/1357/341 6181/1303/370 6183/1307/342
f 6183/1307/342 6565/1358/342 6564/1357/341
f 6565/1358/342 6183/1307/342 6185/1309/372
f 6185/1309/372 6566/1359/372 6565/1358/342
f 6566/1359/372 6185/1309/372 6187/1313/344
f 6187/1313/344 6567/1360/344 6566/1359/372
f 6567/1360/344 6187/1313/344 6189/1317/345
f 6189/1317/345 6568/1361/345 6567/1360/344
f 6568/1361/345 6189/1317/345 6191/1319/346
f 6191/1319/346 6569/1362/346 6568/1361/345
f 6569/1362/346 6191/1319/346 6193/1323/348
f 6193/1323/348 6570/1363/348 6569/1362/346
f 6570/1363/348 6193/1323/348 6195/1325/349
f 6195/1325/349 6571/1364/349 6570/1363/348
f 6571/1364/349 6195/1325/349 6197/1329/350
f 6197/1329/350 6572/1365/350 6571/1364/349
f 6572/1365/350 6197/1329/350 6199/1331/351
f 6199/1331/351 6573/1366/351 6572/1365/350
f 6573/1366/351 6199/1331/351 6201/1335/352
f 6201/1335/352 6574/1367/352 6573/1366/351
f 6574/1367/352 6201/1335/352 6171/1349/336
f 6171/1349/336 6559/1368/336 6574/1367/352
f 6575/1369/145 6559/1352/145 6560/1353/146
f 6560/1353/146 6576/1370/146 6575/1369/145
f 6576/1370/146 6560/1353/146 6561/1354/147
f 6561/1354/147 6577/1371/147 6576/1370/146
f 6577/1371/147 6561/1354/147 6562/1355/148
f 6562/1355/148 6578/1372/148 6577/1371/147
f 6578/1372/148 6562/1355/148 6563/1356/139
f 6563/1356/139 6579/1373/139 6578/1372/148
f 6579/1373/139 6563/1356/139 6564/1357/149
f 6564/1357/149 6580/1374/149 6579/1373/139
f 6580/1374/149 6564/1357/149 6565/1358/150
f 6565/1358/150 6581/1375/150 6580/1374/149
f 6581/1375/150 6565/1358/150 6566/1359/151
f 6566/1359/151 6582/1376/151 6581/1375/150
f 6582/1376/151 6566/1359/151 6567/1360/152
f 6567/1360/152 6583/1377/152 6582/1376/151
f 6583/1377/152 6567/1360/152 6568/1361/153
f 6568/1361/153 6584/1378/153 6583/1377/152
f 6584/1378/153 6568/1361/153 6569/1362/141
f 6569/1362/141 6585/1379/141 6584/1378/153
f 6585/1379/141 6569/1362/141 6570/1363/140
f 6570/1363/140 6586/1380/140 6585/1379/141
f 6586/1380/140 6570/1363/140 6571/1364/138
f 6571/1364/138 6587/1381/138 6586/1380/140
f 6587/1381/138 6571/1364/138 6572/1365/142
f 6572/1365/142 6588/1382/142 6587/1381/138
f 6588/1382/142 6572/1365/142 6573/1366/143
f 6573/1366/143 6589/1383/143 6588/1382/142
f 6589/1383/143 6573/1366/143 6574/1367/144
f 6574/1367/144 6590/1384/144 6589/1383/143
f 6590/1384/144 6574/1367/144 6559/1368/145
f 6559/1368/145 6575/1385/145 6590/1384/144
f 6173/1291/354 6575/1369/354 6576/1370/353
f 6576/1370/353 6172/1290/353 6173/1291/354
f 6172/1290/353 6576/1370/353 6577/1371/355
f 6577/1371/355 6176/1295/355 6172/1290/353
f 6176/1295/355 6577/1371/355 6578/1372/356
f 6578/1372/356 6178/1299/356 6176/1295/355
f 6178/1299/356 6578/1372/356 6579/1373/357
f 6579/1373/357 6180/1302/357 6178/1299/356
f 6180/1302/357 6579/1373/357 6580/1374/358
f 6580/1374/358 6182/1305/358 6180/1302/357
f 6182/1305/358 6580/1374/358 6581/1375/359
f 6581/1375/359 6184/1308/359 6182/1305/358
f 6184/1308/359 6581/1375/359 6582/1376/360
f 6582/1376/360 6186/1311/360 6184/1308/359
f 6186/1311/360 6582/1376/360 6583/1377/379
f 6583/1377/379 6188/1315/379 6186/1311/360
f 6188/1315/379 6583/1377/379 6584/1378/375
f 6584/1378/375 6190/1318/375 6188/1315/379
f 6190/1318/375 6584/1378/375 6585/1379/376
f 6585/1379/376 6192/1321/376 6190/1318/375
f 6192/1321/376 6585/1379/376 6586/1380/365
f 6586/1380/365 6194/1324/365 6192/1321/376
f 6194/1324/365 6586/1380/365 6587/1381/366
f 6587/1381/366 6196/1327/366 6194/1324/365
f 6196/1327/366 6587/1381/366 6588/1382/367
f 6588/1382/367 6198/1330/367 6196/1327/366
f 6198/1330/367 6588/1382/367 6589/1383/368
f 6589/1383/368 6200/1333/368 6198/1330/367
f 6200/1333/368 6589/1383/368 6590/1384/369
f 6590/1384/369 6202/1336/369 6200/1333/368
f 6202/1336/369 6590/1384/369 6575/1385/354
f 6575/1385/354 6173/1350/354 6202/1336/369
f 6591/1352/336 6205/1289/336 6203/1287/335
f 6203/1287/335 6592/1353/335 6591/1352/336
f 6592/1353/335 6203/1287/335 6209/1293/337
f 6209/1293/337 6593/1354/337 6592/1353/335
f 6593/1354/337 6209/1293/337 6211/1297/339
f 6211/1297/339 6594/1355/339 6593/1354/337
f 6594/1355/339 6211/1297/339 6213/1301/340
f 6213/1301/340 6595/1356/340 6594/1355/339
f 6595/1356/340 6213/1301/340 6215/1303/341
f 6215/1303/341 6596/1357/341 6595/1356/340
f 6596/1357/341 6215/1303/341 6217/1307/342
f 6217/1307/342 6597/1358/342 6596/1357/341
f 6597/1358/342 6217/1307/342 6219/1309/372
f 6219/1309/372 6598/1359/372 6597/1358/342
f 6598/1359/372 6219/1309/372 6221/1313/344
f 6221/1313/344 6599/1360/344 6598/1359/372
f 6599/1360/344 6221/1313/344 6223/1317/345
f 6223/1317/345 6600/1361/345 6599/1360/344
f 6600/1361/345 6223/1317/345 6225/1319/346
f 6225/1319/346 6601/1362/346 6600/1361/345
f 6601/1362/346 6225/1319/346 6227/1323/348
f 6227/1323/348 6602/1363/348 6601/1362/346
f 6602/1363/348 6227/1323/348 6229/1325/349
f 6229/1325/349 6603/1364/349 6602/1363/348
f 6603/1364/349 6229/1325/349 6231/1329/350
f 6231/1329/350 6604/1365/350 6603/1364/349
f 6604/1365/350 6231/1329/350 6233/1331/351
f 6233/1331/351 6605/1366/351 6604/1365/350
f 6605/1366/351 6233/1331/351 6235/1335/352
f 6235/1335/352 6606/1367/352 6605/1366/351
f 6606/1367/352 6235/1335/352 6205/1349/336
f 6205/1349/336 6591/1368/336 6606/1367/352
f 6607/1369/145 6591/1352/145 6592/1353/146
f 6592/1353/146 6608/1370/146 6607/1369/145
f 6608/1370/146 6592/1353/146 6593/1354/147
f 6593/1354/147 6609/1371/147 6608/1370/146
f 6609/1371/147 6593/1354/147 6594/1355/148
f 6594/1355/148 6610/1372/148 6609/1371/147
f 6610/1372/148 6594/1355/148 6595/1356/139
f 6595/1356/139 6611/1373/139 6610/1372/148
f 6611/1373/139 6595/1356/139 6596/1357/149
f 6596/1357/149 6612/1374/149 6611/1373/139
f 6612/1374/149 6596/1357/149 6597/1358/150
f 6597/1358/150 6613/1375/150 6612/1374/149
f 6613/1375/150 6597/1358/150 6598/1359/151
f 6598/1359/151 6614/1376/151 6613/1375/150
f 6614/1376/151 6598/1359/151 6599/1360/152
f 6599/1360/152 6615/1377/152 6614/1376/151
f 6615/1377/152 6599/1360/152 6600/1361/153
f 6600/1361/153 6616/1378/153 6615/1377/152
f 6616/1378/153 6600/1361/153 6601/1362/141
f 6601/1362/141 6617/1379/141 6616/1378/153
f 6617/1379/141 6601/1362/141 6602/1363/140
f 6602/1363/140 6618/1380/140 6617/1379/141
f 6618/1380/140 6602/1363/140 6603/1364/138
f 6603/1364/138 6619/1381/138 6618/1380/140
f 6619/1381/138 6603/1364/138 6604/1365/142
f 6604/1365/142 6620/1382/142 6619/1381/138
f 6620/1382/142 6604/1365/142 6605/1366/143
f 6605/1366/143 6621/1383/143 6620/1382/142
f 6621/1383/143 6605/1366/143 6606/1367/144
f 6606/1367/144 6622/1384/144 6621/1383/143
f 6622/1384/144 6606/1367/144 6591/1368/145
f 6591/1368/145 6607/1385/145 6622/1384/144
f 6207/1291/354 6607/1369/354 6608/1370/353
f 6608/1370/353 6206/1290/353 6207/1291/354
f 6206/1290/353 6608/1370/353 6609/1371/355
f 6609/1371/355 6210/1295/355 6206/1290/353
f 6210/1295/355 6609/1371/355 6610/1372/356
f 6610/1372/356 6212/1299/356 6210/1295/355
f 6212/1299/356 6610/1372/356 6611/1373/357
f 6611/1373/357 6214/1302/357 6212/1299/356
f 6214/1302/357 6611/1373/357 6612/1374/358
f 6612/1374/358 6216/1305/358 6214/1302/357
f 6216/1305/358 6612/1374/358 6613/1375/359
f 6613/1375/359 6218/1308/359 6216/1305/358
f 6218/1308/359 6613/1375/359 6614/1376/360
f 6614/1376/360 6220/1311/360 6218/1308/359
f 6220/1311/360 6614/1376/360 6615/1377/379
f 6615/1377/379 6222/1315/379 6220/1311/360
f 6222/1315/379 6615/1377/379 6616/1378/375
f 6616/1378/375 6224/1318/375 6222/1315/379
f 6224/1318/375 6616/1378/375 6617/1379/376
f 6617/1379/376 6226/1321/376 6224/1318/375
f 6226/1321/376 6617/1379/376 6618/1380/365
f 6618/1380/365 6228/1324/365 6226/1321/376
f 6228/1324/365 6618/1380/365 6619/1381/366
f 6619/1381/366 6230/1327/366 6228/1324/365
f 6230/1327/366 6619/1381/366 6620/1382/367
f 6620/1382/367 6232/1330/367 6230/1327/366
f 6232/1330/367 6620/1382/367 6621/1383/368
f 6621/1383/368 6234/1333/368 6232/1330/367
f 6234/1333/368 6621/1383/368 6622/1384/369
f 6622/1384/369 6236/1336/369 6234/1333/368
f 6236/1336/369 6622/1384/369 6607/1385/354
f 6607/1385/354 6207/1350/354 6236/1336/369
f 6623/1352/336 6239/1289/336 6237/1287/335
f 6237/1287/335 6624/1353/335 6623/1352/336
f 6624/1353/335 6237/1287/335 6243/1293/337
f 6243/1293/337 6625/1354/337 6624/1353/335
f 6625/1354/337 6243/1293/337 6245/1297/339
f 6245/1297/339 6626/1355/339 6625/1354/337
f 6626/1355/339 6245/1297/339 6247/1301/340
f 6247/1301/340 6627/1356/340 6626/1355/339
f 6627/1356/340 6247/1301/340 6249/1303/341
f 6249/1303/341 6628/1357/341 6627/1356/340
f 6628/1357/341 6249/1303/341 6251/1307/380
f 6251/1307/380 6629/1358/377 6628/1357/341
f 6629/1358/377 6251/1307/380 6253/1309/372
f 6253/1309/372 6630/1359/372 6629/1358/377
f 6630/1359/372 6253/1309/372 6255/1313/344
f 6255/1313/344 6631/1360/344 6630/1359/372
f 6631/1360/344 6255/1313/344 6257/1317/345
f 6257/1317/345 6632/1361/345 6631/1360/344
f 6632/1361/345 6257/1317/345 6259/1319/346
f 6259/1319/346 6633/1362/346 6632/1361/345
f 6633/1362/346 6259/1319/346 6261/1323/348
f 6261/1323/348 6634/1363/348 6633/1362/346
f 6634/1363/348 6261/1323/348 6263/1325/349
f 6263/1325/349 6635/1364/349 6634/1363/348
f 6635/1364/349 6263/1325/349 6265/1329/350
f 6265/1329/350 6636/1365/350 6635/1364/349
f 6636/1365/350 6265/1329/350 6267/1331/351
f 6267/1331/351 6637/1366/351 6636/1365/350
f 6637/1366/351 6267/1331/351 6269/1335/352
f 6269/1335/352 6638/1367/352 6637/1366/351
f 6638/1367/352 6269/1335/352 6239/1349/336
f 6239/1349/336 6623/1368/336 6638/1367/352
f 6639/1369/145 6623/1352/145 6624/1353/146
f 6624/1353/146 6640/1370/146 6639/1369/145
f 6640/1370/146 6624/1353/146 6625/1354/147
f 6625/1354/147 6641/1371/147 6640/1370/146
f 6641/1371/147 6625/1354/147 6626/1355/148
f 6626/1355/148 6642/1372/148 6641/1371/147
f 6642/1372/148 6626/1355/148 6627/1356/139
f 6627/1356/139 6643/1373/139 6642/1372/148
f 6643/1373/139 6627/1356/139 6628/1357/149
f 6628/1357/149 6644/1374/149 6643/1373/139
f 6644/1374/149 6628/1357/149 6629/1358/150
f 6629/1358/150 6645/1375/150 6644/1374/149
f 6645/1375/150 6629/1358/150 6630/1359/151
f 6630/1359/151 6646/1376/151 6645/1375/150
f 6646/1376/151 6630/1359/151 6631/1360/152
f 6631/1360/152 6647/1377/152 6646/1376/151
f 6647/1377/152 6631/1360/152 6632/1361/153
f 6632/1361/153 6648/1378/153 6647/1377/152
f 6648/1378/153 6632/1361/153 6633/1362/141
f 6633/1362/141 6649/1379/141 6648/1378/153
f 6649/1379/141 6633/1362/141 6634/1363/140
f 6634/1363/140 6650/1380/140 6649/1379/141
f 6650/1380/140 6634/1363/140 6635/1364/138
f 6635/1364/138 6651/1381/138 6650/1380/140
f 6651/1381/138 6635/1364/138 6636/1365/142
f 6636/1365/142 6652/1382/142 6651/1381/138
f 6652/1382/142 6636/1365/142 6637/1366/143
f 6637/1366/143 6653/1383/143 6652/1382/142
f 6653/1383/143 6637/1366/143 6638/1367/144
f 6638/1367/144 6654/1384/144 6653/1383/143
f 6654/1384/144 6638/1367/144 6623/1368/145
f 6623/1368/145 6639/1385/145 6654/1384/144
f 6241/1291/354 6639/1369/354 6640/1370/353
f 6640/1370/353 6240/1290/353 6241/1291/354
f 6240/1290/353 6640/1370/353 6641/1371/355
f 6641/1371/355 6244/1295/355 6240/1290/353
f 6244/1295/355 6641/1371/355 6642/1372/356
f 6642/1372/356 6246/1299/356 6244/1295/355
f 6246/1299/356 6642/1372/356 6643/1373/357
f 6643/1373/357 6248/1302/357 6246/1299/356
f 6248/1302/357 6643/1373/357 6644/1374/358
f 6644/1374/358 6250/1305/358 6248/1302/357
f 6250/1305/358 6644/1374/358 6645/1375/359
f 6645/1375/359 6252/1308/359 6250/1305/358
f 6252/1308/359 6645/1375/359 6646/1376/360
f 6646/1376/360 6254/1311/360 6252/1308/359
f 6254/1311/360 6646/1376/360 6647/1377/379
f 6647/1377/379 6256/1315/379 6254/1311/360
f 6256/1315/379 6647/1377/379 6648/1378/375
f 6648/1378/375 6258/1318/375 6256/1315/379
f 6258/1318/375 6648/1378/375 6649/1379/364
f 6649/1379/364 6260/1321/364 6258/1318/375
f 6260/1321/364 6649/1379/364 6650/1380/365
f 6650/1380/365 6262/1324/365 6260/1321/364
f 6262/1324/365 6650/1380/365 6651/1381/366
f 6651/1381/366 6264/1327/366 6262/1324/365
f 6264/1327/366 6651/1381/366 6652/1382/367
f 6652/1382/367 6266/1330/367 6264/1327/366
f 6266/1330/367 6652/1382/367 6653/1383/368
f 6653/1383/368 6268/1333/368 6266/1330/367
f 6268/1333/368 6653/1383/368 6654/1384/369
f 6654/1384/369 6270/1336/369 6268/1333/368
f 6270/1336/369 6654/1384/369 6639/1385/354
f 6639/1385/354 6241/1350/354 6270/1336/369

