# ProBuilder 5.0.6
# https://unity3d.com/unity/features/worldbuilding/probuilder
# 12/22/2022 11:04:26 AM

mtllib ./Res1.mtl
o Res1

g House4
v -1.514534 32.15989 -0.409007
v -1.514534 27.34393 3.551309
v -1.514535 27.34393 7.7978
v -1.514533 27.34393 -4.421544
v -1.514533 27.34393 -8.563593
v -15.68324 32.15989 -0.4090087
v -15.68324 27.34393 7.797798
v -15.68324 27.34393 3.551307
v -15.68324 27.34393 -4.421546
v -15.68324 27.34393 -8.563595
v -8.439347 0.1084923 -3.411096
v -9.023727 0.1084923 -3.411096
v -9.023727 1.319446 -3.411096
v -8.439347 0.1084923 2.64628
v -9.023727 1.319446 2.646279
v -9.023727 0.1084923 2.646279
v -8.439347 5.702067 2.64628
v -9.023727 5.702067 2.646279
v 6.199597 37.00665 -24.52168
v -9.023725 27.34393 -24.52168
v 6.199597 27.34393 -24.52168
v 21.42292 27.34393 -24.52167
v 6.199592 37.00665 23.75588
v 21.42291 27.34393 23.75588
v 6.199592 27.34393 23.75588
v -9.02373 27.34393 23.75588
v -15.10243 0.3644757 19.43229
v -14.63493 0.3644757 19.43229
v -14.63493 8.973249 19.43229
v -15.10243 8.973249 19.43229
v -15.1971 9.080326 19.99446
v -14.54026 9.080326 19.99446
v -14.63493 8.973249 19.89979
v -15.10243 8.973249 19.89979
v -15.1971 9.080326 19.33761
v -14.54026 9.080326 19.33761
v -8.972614 4.784581 19.52443
v -8.972614 4.550829 19.52443
v -8.972615 4.550829 19.75818
v -8.972615 4.784581 19.75818
v -14.54026 13.00668 19.99446
v -14.54026 13.00668 19.33761
v -15.1971 13.00668 19.99446
v -15.1971 13.00668 19.33761
v -8.972614 1.638649 19.52443
v -8.972614 1.404897 19.52443
v -8.972615 1.404897 19.75818
v -8.972615 1.638649 19.75818
v -15.10243 0.3644757 19.89979
v -14.63493 0.3644757 19.89979
v -21.60523 1.404897 19.75818
v -21.60523 1.638649 19.75818
v -21.60523 1.404897 19.52443
v -21.60523 1.638649 19.52443
v -21.60523 4.550829 19.52443
v -21.60523 4.550829 19.75818
v -21.60523 4.784581 19.75818
v -21.60523 4.784581 19.52443
v -20.84068 1.638649 19.52739
v -20.60693 1.638649 19.52739
v -20.60693 4.550829 19.52739
v -20.84068 4.550829 19.52739
v -20.84068 1.638649 19.76114
v -20.84068 4.550829 19.76114
v -20.60693 1.638649 19.76114
v -20.60693 4.550829 19.76114
v -10.21694 1.638649 19.76114
v -9.983191 1.638649 19.76114
v -9.983191 1.638649 19.52739
v -10.21694 1.638649 19.52739
v -10.21694 4.550829 19.52739
v -9.983191 4.550829 19.52739
v -9.983191 4.550829 19.76114
v -10.21694 4.550829 19.76114
v -11.37402 1.638649 19.76114
v -11.14026 1.638649 19.76114
v -11.14026 1.638649 19.52739
v -11.37401 1.638649 19.52739
v -11.37401 4.550829 19.52739
v -11.14026 4.550829 19.52739
v -11.14026 4.550829 19.76114
v -11.37402 4.550829 19.76114
v -12.53109 1.638649 19.76114
v -12.29734 1.638649 19.76114
v -12.29733 1.638649 19.52739
v -12.53109 1.638649 19.52739
v -12.53109 4.550829 19.52739
v -12.29733 4.550829 19.52739
v -12.29734 4.550829 19.76114
v -12.53109 4.550829 19.76114
v -13.68816 1.638649 19.76114
v -13.45441 1.638649 19.76114
v -13.45441 1.638649 19.52739
v -13.68816 1.638649 19.52739
v -13.68816 4.550829 19.52739
v -13.45441 4.550829 19.52739
v -13.45441 4.550829 19.76114
v -13.68816 4.550829 19.76114
v -19.68361 1.638649 19.52739
v -19.44986 1.638649 19.52739
v -19.44986 4.550829 19.52739
v -19.68361 4.550829 19.52739
v -19.68361 1.638649 19.76114
v -19.68361 4.550829 19.76114
v -19.44986 1.638649 19.76114
v -19.44986 4.550829 19.76114
v -16.21239 1.638649 19.76114
v -15.97864 1.638649 19.76114
v -15.97864 1.638649 19.52739
v -16.21239 1.638649 19.52739
v -16.21239 4.550829 19.52739
v -15.97864 4.550829 19.52739
v -15.97864 4.550829 19.76114
v -16.21239 4.550829 19.76114
v -17.36946 1.638649 19.76114
v -17.13571 1.638649 19.76114
v -17.13571 1.638649 19.52739
v -17.36946 1.638649 19.52739
v -17.36946 4.550829 19.52739
v -17.13571 4.550829 19.52739
v -17.13571 4.550829 19.76114
v -17.36946 4.550829 19.76114
v -18.52654 1.638649 19.76114
v -18.29279 1.638649 19.76114
v -18.29279 1.638649 19.52739
v -18.52654 1.638649 19.52739
v -18.52654 4.550829 19.52739
v -18.29279 4.550829 19.52739
v -18.29279 4.550829 19.76114
v -18.52654 4.550829 19.76114
v -15.10242 0.3644757 -20.79574
v -14.63492 0.3644757 -20.79574
v -14.63492 8.973249 -20.79574
v -15.10242 8.973249 -20.79574
v -15.19709 9.080326 -20.23357
v -14.54025 9.080326 -20.23357
v -14.63492 8.973249 -20.32824
v -15.10242 8.973249 -20.32824
v -15.19709 9.080326 -20.89041
v -14.54025 9.080326 -20.89041
v -8.97261 4.784581 -20.7036
v -8.97261 4.550829 -20.7036
v -8.97261 4.550829 -20.46984
v -8.97261 4.784581 -20.46984
v -14.54025 13.00668 -20.23357
v -14.54025 13.00668 -20.89041
v -15.19709 13.00668 -20.23357
v -15.19709 13.00668 -20.89041
v -8.97261 1.638649 -20.7036
v -8.97261 1.404897 -20.7036
v -8.97261 1.404897 -20.46984
v -8.97261 1.638649 -20.46984
v -15.10242 0.3644757 -20.32824
v -14.63492 0.3644757 -20.32824
v -21.60523 1.404897 -20.46984
v -21.60523 1.638649 -20.46984
v -21.60523 1.404897 -20.7036
v -21.60523 1.638649 -20.7036
v -21.60523 4.550829 -20.7036
v -21.60523 4.550829 -20.46984
v -21.60523 4.784581 -20.46984
v -21.60523 4.784581 -20.7036
v -20.84068 1.638649 -20.70064
v -20.60693 1.638649 -20.70064
v -20.60693 4.550829 -20.70064
v -20.84068 4.550829 -20.70064
v -20.84068 1.638649 -20.46689
v -20.84068 4.550829 -20.46689
v -20.60693 1.638649 -20.46689
v -20.60693 4.550829 -20.46689
v -10.21694 1.638649 -20.46689
v -9.983186 1.638649 -20.46689
v -9.983186 1.638649 -20.70064
v -10.21694 1.638649 -20.70064
v -10.21694 4.550829 -20.70064
v -9.983186 4.550829 -20.70064
v -9.983186 4.550829 -20.46689
v -10.21694 4.550829 -20.46689
v -11.37401 1.638649 -20.46689
v -11.14026 1.638649 -20.46689
v -11.14026 1.638649 -20.70064
v -11.37401 1.638649 -20.70064
v -11.37401 4.550829 -20.70064
v -11.14026 4.550829 -20.70064
v -11.14026 4.550829 -20.46689
v -11.37401 4.550829 -20.46689
v -12.53108 1.638649 -20.46689
v -12.29733 1.638649 -20.46689
v -12.29733 1.638649 -20.70064
v -12.53108 1.638649 -20.70064
v -12.53108 4.550829 -20.70064
v -12.29733 4.550829 -20.70064
v -12.29733 4.550829 -20.46689
v -12.53108 4.550829 -20.46689
v -13.68816 1.638649 -20.46689
v -13.4544 1.638649 -20.46689
v -13.4544 1.638649 -20.70064
v -13.68816 1.638649 -20.70064
v -13.68816 4.550829 -20.70064
v -13.4544 4.550829 -20.70064
v -13.4544 4.550829 -20.46689
v -13.68816 4.550829 -20.46689
v -19.68361 1.638649 -20.70064
v -19.44985 1.638649 -20.70064
v -19.44985 4.550829 -20.70064
v -19.68361 4.550829 -20.70064
v -19.68361 1.638649 -20.46689
v -19.68361 4.550829 -20.46689
v -19.44985 1.638649 -20.46689
v -19.44985 4.550829 -20.46689
v -16.21239 1.638649 -20.46689
v -15.97863 1.638649 -20.46689
v -15.97863 1.638649 -20.70064
v -16.21239 1.638649 -20.70064
v -16.21239 4.550829 -20.70064
v -15.97863 4.550829 -20.70064
v -15.97863 4.550829 -20.46689
v -16.21239 4.550829 -20.46689
v -17.36946 1.638649 -20.46689
v -17.13571 1.638649 -20.46689
v -17.13571 1.638649 -20.70064
v -17.36946 1.638649 -20.70064
v -17.36946 4.550829 -20.70064
v -17.13571 4.550829 -20.70064
v -17.13571 4.550829 -20.46689
v -17.36946 4.550829 -20.46689
v -18.52654 1.638649 -20.46689
v -18.29278 1.638649 -20.46689
v -18.29278 1.638649 -20.70064
v -18.52654 1.638649 -20.70064
v -18.52654 4.550829 -20.70064
v -18.29278 4.550829 -20.70064
v -18.29278 4.550829 -20.46689
v -18.52654 4.550829 -20.46689
v -9.02373 0.1084923 21.03896
v -9.023725 0.1084923 -21.80476
v -9.023725 0.7033039 -21.80476
v -9.02373 0.7033039 21.03896
v -22.60805 0.1084923 21.03896
v -22.60805 0.7033039 21.03896
v -22.60805 0.1084923 -21.80476
v -22.60805 0.7033039 -21.80476
v -21.74277 4.784581 -20.34247
v -21.74277 4.550829 -20.34247
v -21.74277 4.550829 -4.674028
v -21.74277 4.784581 -4.674028
v -21.97652 4.784581 -20.34247
v -21.97652 4.784581 -4.674028
v -21.97652 4.550829 -20.34247
v -21.97652 4.550829 -4.674028
v -21.74277 4.784581 19.6391
v -21.74277 4.550829 19.6391
v -21.97652 4.550829 19.6391
v -21.97652 4.784581 19.6391
v -21.74277 1.638649 -20.34247
v -21.74277 1.404897 -20.34247
v -21.74277 1.404897 -4.674028
v -21.74277 1.638649 -4.674028
v -21.97652 1.638649 -20.34247
v -21.97652 1.638649 -4.674028
v -21.97652 1.404897 -20.34247
v -21.97652 1.404897 -4.674028
v -21.74277 1.638649 19.6391
v -21.74277 1.404897 19.6391
v -21.97652 1.404897 19.6391
v -21.97652 1.638649 19.6391
v -21.74572 1.638649 -19.73899
v -21.74572 1.638649 -19.50523
v -21.74572 4.550829 -19.50523
v -21.74572 4.550829 -19.73899
v -21.97948 1.638649 -19.73899
v -21.97948 4.550829 -19.73899
v -21.97948 1.638649 -19.50523
v -21.97948 4.550829 -19.50523
v -21.74572 1.638649 -18.58191
v -21.74572 1.638649 -18.34816
v -21.74572 4.550829 -18.34816
v -21.74572 4.550829 -18.58191
v -21.97948 1.638649 -18.58191
v -21.97948 4.550829 -18.58191
v -21.97948 1.638649 -18.34816
v -21.97948 4.550829 -18.34816
v -21.74572 1.638649 -17.42484
v -21.74572 1.638649 -17.19109
v -21.74572 4.550829 -17.19109
v -21.74572 4.550829 -17.42484
v -21.97948 1.638649 -17.42484
v -21.97948 4.550829 -17.42484
v -21.97948 1.638649 -17.19109
v -21.97948 4.550829 -17.19109
v -21.74572 1.638649 -16.26777
v -21.74572 1.638649 -16.03402
v -21.74572 4.550829 -16.03402
v -21.74572 4.550829 -16.26777
v -21.97948 1.638649 -16.26777
v -21.97948 4.550829 -16.26777
v -21.97948 1.638649 -16.03402
v -21.97948 4.550829 -16.03402
v -21.74572 1.638649 -15.1107
v -21.74572 1.638649 -14.87694
v -21.74572 4.550829 -14.87694
v -21.74572 4.550829 -15.1107
v -21.97948 1.638649 -15.1107
v -21.97948 4.550829 -15.1107
v -21.97948 1.638649 -14.87694
v -21.97948 4.550829 -14.87694
v -21.74572 1.638649 -13.95363
v -21.74572 1.638649 -13.71987
v -21.74572 4.550829 -13.71987
v -21.74572 4.550829 -13.95363
v -21.97948 1.638649 -13.95363
v -21.97948 4.550829 -13.95363
v -21.97948 1.638649 -13.71987
v -21.97948 4.550829 -13.71987
v -21.74572 1.638649 -12.79655
v -21.74572 1.638649 -12.5628
v -21.74572 4.550829 -12.5628
v -21.74572 4.550829 -12.79655
v -21.97948 1.638649 -12.79655
v -21.97948 4.550829 -12.79655
v -21.97948 1.638649 -12.5628
v -21.97948 4.550829 -12.5628
v -21.74572 1.638649 -11.63948
v -21.74572 1.638649 -11.40573
v -21.74572 4.550829 -11.40573
v -21.74572 4.550829 -11.63948
v -21.97948 1.638649 -11.63948
v -21.97948 4.550829 -11.63948
v -21.97948 1.638649 -11.40573
v -21.97948 4.550829 -11.40573
v -21.74572 1.638649 -10.48241
v -21.74572 1.638649 -10.24865
v -21.74572 4.550829 -10.24865
v -21.74572 4.550829 -10.48241
v -21.97948 1.638649 -10.48241
v -21.97948 4.550829 -10.48241
v -21.97948 1.638649 -10.24865
v -21.97948 4.550829 -10.24865
v -21.74572 1.638649 -9.325335
v -21.74572 1.638649 -9.091582
v -21.74572 4.550829 -9.091582
v -21.74572 4.550829 -9.325335
v -21.97948 1.638649 -9.325335
v -21.97948 4.550829 -9.325335
v -21.97948 1.638649 -9.091582
v -21.97948 4.550829 -9.091582
v -21.74573 1.638649 -8.168262
v -21.74573 1.638649 -7.934509
v -21.74573 4.550829 -7.934509
v -21.74573 4.550829 -8.168262
v -21.97948 1.638649 -8.168262
v -21.97948 4.550829 -8.168262
v -21.97948 1.638649 -7.93451
v -21.97948 4.550829 -7.93451
v -21.74573 1.638649 -7.011189
v -21.74573 1.638649 -6.777437
v -21.74573 4.550829 -6.777437
v -21.74573 4.550829 -7.011189
v -21.97948 1.638649 -7.01119
v -21.97948 4.550829 -7.01119
v -21.97948 1.638649 -6.777438
v -21.97948 4.550829 -6.777438
v -21.74573 1.638649 -5.854116
v -21.74573 1.638649 -5.620364
v -21.74573 4.550829 -5.620364
v -21.74573 4.550829 -5.854116
v -21.97948 1.638649 -5.854117
v -21.97948 4.550829 -5.854117
v -21.97948 1.638649 -5.620365
v -21.97948 4.550829 -5.620365
v -21.74277 4.784581 3.390416
v -21.74277 4.550829 3.390416
v -21.97652 4.784581 3.390416
v -21.97652 4.550829 3.390416
v -21.74277 1.638649 3.390416
v -21.74277 1.404897 3.390416
v -21.97652 1.638649 3.390416
v -21.65062 1.638649 -20.45468
v -21.65062 1.404897 -20.45468
v -21.65062 1.404897 -20.68843
v -21.65062 1.638649 -20.68843
v -21.65062 4.784581 -20.45468
v -21.65062 4.550829 -20.45468
v -21.65062 4.550829 -20.68843
v -21.65062 4.784581 -20.68843
v -21.55595 13.00668 -20.89759
v -22.2128 13.00668 -20.89759
v -22.2128 9.080326 -20.89759
v -21.55595 9.080326 -20.89759
v -22.2128 13.00668 -20.24074
v -22.2128 9.080326 -20.24074
v -21.55595 13.00668 -20.24074
v -21.55595 9.080326 -20.24074
v -22.11813 8.973249 -20.80292
v -21.60523 8.896176 -20.79446
v -22.11813 8.973249 -20.33541
v -21.60523 8.896176 -20.32695
v -21.60523 0.2874024 -20.32695
v -22.11813 0.3644757 -20.33541
v -22.11813 0.3644757 -20.80292
v -21.55596 13.00668 20.08148
v -21.55596 13.00668 19.42464
v -21.55596 9.080326 19.42464
v -21.55596 9.080326 20.08148
v -22.2128 13.00668 19.42464
v -22.2128 9.080326 19.42464
v -22.2128 13.00668 20.08148
v -22.2128 9.080326 20.08148
v -21.65063 8.973249 19.51931
v -21.65063 8.973249 19.98681
v -22.11813 8.973249 19.51931
v -22.11813 8.973249 19.98681
v -22.11813 0.3644757 19.51931
v -22.11813 0.3644757 19.98681
v -21.65063 0.3644757 19.98681
v -21.65063 0.3644757 19.51931
v -21.55596 13.00668 12.01703
v -21.55596 13.00668 11.36019
v -21.55596 9.080326 11.36019
v -21.55596 9.080326 12.01703
v -22.2128 13.00668 11.36019
v -22.2128 9.080326 11.36019
v -22.2128 13.00668 12.01703
v -22.2128 9.080326 12.01703
v -21.65063 8.973249 11.45486
v -21.65063 8.973249 11.92236
v -22.11813 8.973249 11.45486
v -22.11813 8.973249 11.92236
v -22.11813 0.3644757 11.45486
v -22.11813 0.3644757 11.92236
v -21.65063 0.3644757 11.92236
v -21.65063 0.3644757 11.45486
v -21.97652 1.404897 3.390416
v -21.74573 1.638649 4.559536
v -21.74573 1.638649 4.793288
v -21.74573 4.550829 4.793288
v -21.74573 4.550829 4.559536
v -21.97948 1.638649 4.559536
v -21.97948 4.550829 4.559536
v -21.97948 1.638649 4.793287
v -21.97948 4.550829 4.793287
v -21.74573 1.638649 5.716609
v -21.74573 1.638649 5.950361
v -21.74573 4.550829 5.950361
v -21.74573 4.550829 5.716609
v -21.97948 1.638649 5.716608
v -21.97948 4.550829 5.716608
v -21.97948 1.638649 5.95036
v -21.97948 4.550829 5.95036
v -21.74573 1.638649 6.873681
v -21.74573 1.638649 7.107433
v -21.74573 4.550829 7.107433
v -21.74573 4.550829 6.873681
v -21.97948 1.638649 6.87368
v -21.97948 4.550829 6.87368
v -21.97948 1.638649 7.107432
v -21.97948 4.550829 7.107432
v -21.74573 1.638649 8.030752
v -21.74573 1.638649 8.264505
v -21.74573 4.550829 8.264505
v -21.74573 4.550829 8.030752
v -21.97948 1.638649 8.030752
v -21.97948 4.550829 8.030752
v -21.97948 1.638649 8.264505
v -21.97948 4.550829 8.264505
v -21.74573 1.638649 9.187825
v -21.74573 1.638649 9.421577
v -21.74573 4.550829 9.421577
v -21.74573 4.550829 9.187825
v -21.97948 1.638649 9.187825
v -21.97948 4.550829 9.187825
v -21.97948 1.638649 9.421577
v -21.97948 4.550829 9.421577
v -21.74573 1.638649 10.3449
v -21.74573 1.638649 10.57865
v -21.74573 4.550829 10.57865
v -21.74573 4.550829 10.3449
v -21.97948 1.638649 10.3449
v -21.97948 4.550829 10.3449
v -21.97948 1.638649 10.57865
v -21.97948 4.550829 10.57865
v -21.74573 1.638649 11.50197
v -21.74573 1.638649 11.73572
v -21.74573 4.550829 11.73572
v -21.74573 4.550829 11.50197
v -21.97948 1.638649 11.50197
v -21.97948 4.550829 11.50197
v -21.97948 1.638649 11.73572
v -21.97948 4.550829 11.73572
v -21.74573 1.638649 12.65904
v -21.74573 1.638649 12.89279
v -21.74573 4.550829 12.89279
v -21.74573 4.550829 12.65904
v -21.97948 1.638649 12.65904
v -21.97948 4.550829 12.65904
v -21.97948 1.638649 12.89279
v -21.97948 4.550829 12.89279
v -21.74573 1.638649 13.81611
v -21.74573 1.638649 14.04987
v -21.74573 4.550829 14.04987
v -21.74573 4.550829 13.81611
v -21.97948 1.638649 13.81611
v -21.97948 4.550829 13.81611
v -21.97948 1.638649 14.04987
v -21.97948 4.550829 14.04987
v -21.74573 1.638649 14.97319
v -21.74573 1.638649 15.20694
v -21.74573 4.550829 15.20694
v -21.74573 4.550829 14.97319
v -21.97948 1.638649 14.97319
v -21.97948 4.550829 14.97319
v -21.97948 1.638649 15.20694
v -21.97948 4.550829 15.20694
v -21.74573 1.638649 16.13026
v -21.74573 1.638649 16.36401
v -21.74573 4.550829 16.36401
v -21.74573 4.550829 16.13026
v -21.97948 1.638649 16.13026
v -21.97948 4.550829 16.13026
v -21.97948 1.638649 16.36401
v -21.97948 4.550829 16.36401
v -21.74573 1.638649 17.28733
v -21.74573 1.638649 17.52109
v -21.74573 4.550829 17.52109
v -21.74573 4.550829 17.28733
v -21.97948 1.638649 17.28733
v -21.97948 4.550829 17.28733
v -21.97948 1.638649 17.52109
v -21.97948 4.550829 17.52109
v -21.74573 1.638649 18.44441
v -21.74573 1.638649 18.67816
v -21.74573 4.550829 18.67816
v -21.74573 4.550829 18.44441
v -21.97948 1.638649 18.44441
v -21.97948 4.550829 18.44441
v -21.97948 1.638649 18.67816
v -21.97948 4.550829 18.67816
v -21.60523 0.2874024 -20.79446
v -21.65062 0.3644757 -12.73847
v -21.65062 0.3644757 -12.27097
v -21.65062 8.973249 -12.27097
v -21.65062 8.973249 -12.73847
v -22.11813 0.3644757 -12.73847
v -22.11813 8.973249 -12.73847
v -22.11813 0.3644757 -12.27097
v -22.11813 8.973249 -12.27097
v -21.55595 13.00668 -12.83314
v -21.55595 13.00668 -12.1763
v -22.2128 13.00668 -12.1763
v -22.2128 13.00668 -12.83314
v -22.2128 9.080326 -12.1763
v -21.55595 9.080326 -12.1763
v -22.2128 9.080326 -12.83314
v -21.55595 9.080326 -12.83314
v -21.65062 0.3644757 -4.674028
v -21.65062 0.3644757 -4.206525
v -21.65062 8.973249 -4.206525
v -21.65062 8.973249 -4.674028
v -22.11813 0.3644757 -4.674028
v -22.11813 8.973249 -4.674028
v -22.11813 0.3644757 -4.206525
v -22.11813 8.973249 -4.206525
v -21.55595 13.00668 -4.768698
v -21.55595 13.00668 -4.111855
v -22.2128 13.00668 -4.111855
v -22.2128 13.00668 -4.768698
v -22.2128 9.080326 -4.111855
v -21.55595 9.080326 -4.111855
v -22.2128 9.080326 -4.768698
v -21.55595 9.080326 -4.768698
v -21.65062 0.3644757 3.390416
v -21.65062 0.3644757 3.85792
v -21.65062 8.973249 3.85792
v -21.65062 8.973249 3.390416
v -22.11813 0.3644757 3.390416
v -22.11813 8.973249 3.390416
v -22.11813 0.3644757 3.85792
v -22.11813 8.973249 3.85792
v -21.55595 13.00668 3.295747
v -21.55595 13.00668 3.95259
v -22.2128 13.00668 3.95259
v -22.2128 13.00668 3.295747
v -22.2128 9.080326 3.95259
v -21.55595 9.080326 3.95259
v -22.2128 9.080326 3.295747
v -21.55595 9.080326 3.295747
v -9.143277 0.1084633 22.93582
v -9.143277 0.1084633 23.87083
v -9.143277 27.34396 23.87083
v -9.143277 27.34396 22.93582
v -8.208269 0.1084633 22.93582
v -8.208269 27.34396 22.93582
v -8.208269 0.1084633 23.87083
v -8.208269 27.34396 23.87083
v 21.53823 26.87643 22.93583
v 21.53823 26.87643 23.87084
v -9.143277 26.87643 23.87083
v -9.143277 26.87643 22.93582
v 21.53823 27.81144 22.93583
v -9.143277 27.81144 22.93582
v 21.53823 27.81144 23.87084
v -9.143277 27.81144 23.87083
v 21.53824 26.87643 -24.72906
v 21.53823 26.87643 -23.79405
v -9.143271 26.87643 -23.79405
v -9.143271 26.87643 -24.72906
v 21.53824 27.81144 -24.72906
v -9.143271 27.81144 -24.72906
v 21.53823 27.81144 -23.79405
v -9.143271 27.81144 -23.79405
v 20.60322 0.1084633 22.93583
v 20.60322 0.1084633 23.87084
v 20.60322 27.34396 23.87084
v 20.60322 27.34396 22.93583
v 21.53823 0.1084633 22.93583
v 21.53823 27.34396 22.93583
v 21.53823 0.1084633 23.87084
v 21.53823 27.34396 23.87084
v -9.143271 0.1084633 -24.73111
v -9.143271 0.1084633 -23.79611
v -9.143271 27.34396 -23.79611
v -9.143271 27.34396 -24.73111
v -8.208263 0.1084633 -24.73111
v -8.208263 27.34396 -24.73111
v -8.208263 0.1084633 -23.79611
v -8.208263 27.34396 -23.79611
v 20.60323 0.1084633 -24.73111
v 20.60323 0.1084633 -23.7961
v 20.60323 27.34396 -23.7961
v 20.60323 27.34396 -24.73111
v 21.53824 0.1084633 -24.73111
v 21.53824 27.34396 -24.73111
v 21.53823 0.1084633 -23.7961
v 21.53823 27.34396 -23.7961
v -15.68324 15.77141 -4.421546
v -15.68324 15.77141 -8.563595
v -15.68324 18.4643 -8.563595
v -15.68324 18.4643 -4.421546
v -15.68324 15.77141 3.551307
v -15.68324 25.53012 -8.563595
v -15.68324 18.4643 3.551307
v -15.68324 15.77141 7.797798
v -15.68324 18.4643 7.797798
v -15.68324 25.53012 -4.421546
v -15.68324 25.53012 3.551307
v -15.68324 25.53012 7.797798
v -1.514535 15.77141 7.7978
v -1.514535 18.4643 7.7978
v -1.514535 25.53012 7.7978
v -1.514534 15.77141 3.551309
v -1.514534 18.4643 3.551309
v -1.514533 15.77141 -4.421544
v -1.514533 18.4643 -4.421544
v -1.514533 15.77141 -8.563593
v -1.514533 18.4643 -8.563593
v -1.514534 25.53012 3.551309
v -1.514533 25.53012 -4.421544
v -1.514533 25.53012 -8.563593
v -2.098913 26.75622 -4.421545
v -2.098913 26.75622 -7.979213
v -15.09886 26.75622 -7.979215
v -15.09886 26.75622 -4.421546
v -15.09886 26.75622 3.551307
v -2.098914 26.75622 3.551309
v -15.09886 26.75622 7.213418
v -2.098915 26.75622 7.213419
v -2.098913 25.53012 -7.979213
v -15.09886 25.53012 -7.979215
v -2.098913 18.4643 -7.979213
v -15.09886 18.4643 -7.979215
v -2.098913 15.77141 -7.979213
v -15.09886 15.77141 -7.979215
v -15.09886 25.53012 -4.421546
v -15.09886 25.53012 3.551307
v -15.09886 25.53012 7.213418
v -15.09886 18.4643 -4.421546
v -15.09886 18.4643 3.551307
v -15.09886 15.77141 -4.421546
v -15.09886 15.77141 3.551307
v -15.09886 18.4643 7.213418
v -15.09886 15.77141 7.213418
v -2.098915 25.53012 7.213419
v -2.098915 18.4643 7.213419
v -2.098915 15.77141 7.213419
v -2.098914 25.53012 3.551309
v -2.098913 25.53012 -4.421545
v -2.098914 18.4643 3.551309
v -2.098914 15.77141 3.551309
v -2.098913 15.77141 -4.421545
v -2.098913 18.4643 -4.421545
v -9.023726 1.319446 -17.84134
v -9.023725 1.319446 -24.52168
v -9.023725 5.702067 -24.52168
v -9.023726 5.702067 -17.84134
v -9.023725 12.76742 -24.52168
v -9.023726 5.702067 -9.868485
v -9.023726 12.76742 -17.84134
v -9.023726 1.319446 -9.868485
v -9.023725 17.22555 -24.52168
v -9.023727 5.702067 -3.411096
v -9.023727 12.76742 -3.411096
v -9.023726 12.76742 -9.868485
v -9.023726 18.99094 -16.77679
v -9.023725 24.27774 -24.52168
v -9.023726 18.99094 -10.79247
v -9.023726 24.27774 -16.77679
v -9.023726 27.34393 -16.77679
v -9.023726 27.34393 -10.79247
v -9.023726 24.27774 -10.79247
v -9.023727 27.34393 -3.411096
v -9.023727 24.27774 -3.411096
v -9.023727 27.34393 2.646279
v -9.023727 18.99094 -3.411096
v -9.023727 24.27774 2.646279
v -9.023728 27.34393 10.42167
v -9.023727 18.99094 2.646279
v -9.023727 12.76742 2.646279
v -9.023728 24.27774 10.42167
v -9.023729 27.34393 16.39496
v -9.023728 18.99094 10.42167
v -9.023729 24.27774 16.39496
v -9.02373 24.27774 23.75588
v -9.023729 18.99094 16.39496
v -9.02373 17.22555 23.75588
v -9.023728 12.76742 9.396043
v -9.023729 12.76742 17.36889
v -9.02373 12.76742 23.75588
v -9.023728 5.702067 9.396043
v -9.023728 1.319446 9.396043
v -9.023729 5.702067 17.36889
v -9.02373 5.702067 23.75588
v -9.023729 1.319446 17.36889
v -9.02373 1.319446 23.75588
v 21.42292 1.319446 17.3689
v 21.42291 1.319446 23.75588
v 21.42291 5.702067 23.75588
v 21.42292 5.702067 17.3689
v 21.42291 12.76742 23.75588
v 21.42292 5.702067 9.396047
v 21.42292 12.76742 17.3689
v 21.42292 1.319446 9.396047
v 21.42291 17.22555 23.75588
v 21.42292 5.702067 2.646283
v 21.42292 1.319446 2.646283
v 21.42292 18.99094 16.39497
v 21.42291 24.27774 23.75588
v 21.42292 18.99094 10.42167
v 21.42292 24.27774 16.39497
v 21.42292 27.34393 16.39497
v 21.42292 27.34393 10.42167
v 21.42292 24.27774 10.42167
v 21.42292 27.34393 2.646283
v 21.42292 12.76742 9.396047
v 21.42292 24.27774 2.646283
v 21.42292 27.34393 -3.411093
v 21.42292 18.99094 2.646283
v 21.42292 24.27774 -3.411093
v 21.42292 27.34393 -10.79247
v 21.42292 12.76742 2.646283
v 21.42292 24.27774 -10.79247
v 21.42292 27.34393 -16.77678
v 21.42292 18.99094 -3.411093
v 21.42292 24.27774 -16.77678
v 21.42292 24.27774 -24.52167
v 21.42292 18.99094 -16.77678
v 21.42292 18.99094 -10.79247
v 21.42292 17.22555 -24.52167
v 21.42292 12.76742 -3.411093
v 21.42292 12.76742 -17.84134
v 21.42292 12.76742 -24.52167
v 21.42292 12.76742 -9.868482
v 21.42292 5.702067 -17.84134
v 21.42292 5.702067 -24.52167
v 21.42292 5.702067 -3.411093
v 21.42292 1.319446 -3.411093
v 21.42292 5.702067 -9.868482
v 21.42292 1.319446 -9.868482
v 21.42292 1.319446 -17.84134
v 21.42292 1.319446 -24.52167
v 17.3094 1.319446 -24.52167
v 17.3094 5.702067 -24.52167
v 9.312119 1.319446 -24.52167
v 9.312119 5.702067 -24.52167
v 17.3094 12.76742 -24.52167
v 3.082931 1.319446 -24.52168
v 17.3094 17.22555 -24.52167
v 9.312119 12.76742 -24.52167
v 17.3094 24.27774 -24.52167
v 17.3094 27.34393 -24.52167
v 9.312119 27.34393 -24.52167
v 9.312119 24.27774 -24.52167
v 3.082931 27.34393 -24.52168
v 9.312119 17.22555 -24.52167
v 3.082931 5.702067 -24.52168
v 3.082931 12.76742 -24.52168
v -4.902627 5.702067 -24.52168
v -4.902627 1.319446 -24.52168
v -4.902627 12.76742 -24.52168
v -4.902627 17.22555 -24.52168
v 3.082931 17.22555 -24.52168
v -4.902627 24.27774 -24.52168
v 3.082931 24.27774 -24.52168
v -4.902627 27.34393 -24.52168
v 17.3094 0.1084923 -23.9373
v 20.83854 0.1084923 -23.9373
v 20.83854 0.1084923 -17.84134
v 17.3094 0.1084923 -17.84134
v 9.312119 0.1084923 -23.9373
v 17.3094 0.1084923 -9.868483
v 20.83854 0.1084923 -9.868482
v 9.312118 0.1084923 -17.84134
v 3.082931 0.1084923 -23.9373
v 9.312117 0.1084923 -9.868484
v 17.30939 0.1084923 -3.411093
v 20.83854 0.1084923 -3.411093
v 20.83854 0.1084923 2.646283
v 3.08293 0.1084923 -17.84134
v -4.902627 0.1084923 -23.9373
v 9.312116 0.1084923 -3.411094
v 17.30939 0.1084923 2.646283
v 20.83854 0.1084923 9.396047
v 3.082929 0.1084923 -9.868484
v -4.902628 0.1084923 -17.84134
v -8.439344 0.1084923 -23.9373
v -8.439345 0.1084923 -17.84134
v -8.439346 0.1084923 -9.868485
v -4.902629 0.1084923 -9.868485
v 3.082928 0.1084923 -3.411095
v -4.90263 0.1084923 -3.411096
v 9.312116 0.1084923 2.646282
v -4.902631 0.1084923 2.64628
v 3.082927 0.1084923 2.646281
v 17.30939 0.1084923 9.396046
v -4.902631 0.1084923 9.396043
v -8.439348 0.1084923 9.396043
v -8.439349 0.1084923 17.36889
v 9.312115 0.1084923 9.396045
v 3.082927 0.1084923 9.396044
v -4.902632 0.1084923 17.3689
v -8.43935 0.1084923 23.1715
v -4.902633 0.1084923 23.1715
v 3.082926 0.1084923 17.3689
v 3.082925 0.1084923 23.1715
v 9.312114 0.1084923 17.3689
v 9.312113 0.1084923 23.17151
v 17.30939 0.1084923 17.3689
v 17.30939 0.1084923 23.17151
v 20.83854 0.1084923 17.3689
v 20.83854 0.1084923 23.17151
v -4.902633 1.319446 23.75588
v -4.902633 5.702067 23.75588
v 3.082925 5.702067 23.75588
v -4.902633 12.76742 23.75588
v 3.082925 1.319446 23.75588
v 9.312113 1.319446 23.75588
v 9.312113 5.702067 23.75588
v 17.30939 1.319446 23.75588
v 3.082925 12.76742 23.75588
v 17.30939 5.702067 23.75588
v 17.30939 12.76742 23.75588
v 9.312113 12.76742 23.75588
v -4.902633 17.22555 23.75588
v 3.082925 17.22555 23.75588
v -4.902633 24.27774 23.75588
v -4.902633 27.34393 23.75588
v 3.082925 27.34393 23.75588
v 3.082925 24.27774 23.75588
v 9.312113 17.22555 23.75588
v 17.30939 17.22555 23.75588
v 9.312113 24.27774 23.75588
v 9.312113 27.34393 23.75588
v 17.30939 24.27774 23.75588
v 17.30939 27.34393 23.75588
v -9.02373 0.1084923 23.75588
v -9.023729 0.1084923 17.36889
v -9.023728 0.1084923 9.396043
v -9.023725 0.1084923 -24.52168
v -4.902627 0.1084923 -24.52168
v 3.082931 0.1084923 -24.52168
v 9.312119 0.1084923 -24.52167
v 17.3094 0.1084923 -24.52167
v 21.42292 0.1084923 -24.52167
v 21.42292 0.1084923 -17.84134
v 21.42292 0.1084923 -9.868482
v 21.42292 0.1084923 -3.411093
v 21.42292 0.1084923 2.646283
v 21.42292 0.1084923 9.396047
v 21.42292 0.1084923 17.3689
v 21.42291 0.1084923 23.75588
v 17.30939 0.1084923 23.75588
v 9.312113 0.1084923 23.75588
v 3.082925 0.1084923 23.75588
v -4.902633 0.1084923 23.75588
v -9.608109 1.319446 17.36889
v -9.60811 1.319446 24.34026
v -9.60811 0.1084923 24.34026
v -9.608109 0.1084923 17.36889
v -9.608109 0.1084923 9.396043
v -9.608109 1.319446 9.396043
v -9.608108 0.1084923 2.646279
v -9.608108 1.319446 2.646279
v -4.902627 1.319446 -25.10606
v -9.608105 1.319446 -25.10606
v -9.608105 0.1084923 -25.10606
v -4.902627 0.1084923 -25.10606
v 3.082931 0.1084923 -25.10606
v 3.082931 1.319446 -25.10606
v 9.312119 1.319446 -25.10605
v 9.312119 0.1084923 -25.10605
v 17.3094 1.319446 -25.10605
v 17.3094 0.1084923 -25.10605
v 22.0073 1.319446 -25.10605
v 22.0073 0.1084923 -25.10605
v 22.0073 1.319446 -17.84134
v 22.0073 0.1084923 -17.84134
v 22.0073 0.1084923 -9.868482
v 22.0073 1.319446 -9.868482
v 22.0073 0.1084923 -3.411093
v 22.0073 1.319446 -3.411093
v 22.0073 0.1084923 2.646283
v 22.0073 1.319446 2.646283
v 22.00729 0.1084923 9.396047
v 22.00729 1.319446 9.396047
v 22.00729 0.1084923 17.3689
v 22.00729 1.319446 17.3689
v 22.00729 0.1084923 24.34027
v 22.00729 1.319446 24.34027
v 17.30939 1.319446 24.34027
v 17.30939 0.1084923 24.34027
v 9.312113 1.319446 24.34027
v 9.312113 0.1084923 24.34027
v 3.082925 1.319446 24.34026
v 3.082925 0.1084923 24.34026
v -4.902633 1.319446 24.34026
v -4.902633 0.1084923 24.34026
v -9.608106 1.319446 -17.84134
v -9.608107 1.319446 -9.868485
v -9.608108 1.319446 -3.411096
v -9.023726 0.1084923 -17.84134
v -9.023726 0.1084923 -9.868485
v -9.608106 0.1084923 -17.84134
v -9.608107 0.1084923 -9.868485
v -9.608108 0.1084923 -3.411096
v -8.439344 5.702067 -23.9373
v -4.902627 5.702067 -23.9373
v -8.439344 12.76742 -23.9373
v -4.902627 12.76742 -23.9373
v 3.082931 5.702067 -23.9373
v -8.439344 17.22555 -23.9373
v -4.902627 17.22555 -23.9373
v -8.439344 24.27774 -23.9373
v 3.082931 12.76742 -23.9373
v 9.312119 5.702067 -23.9373
v -4.902627 24.27774 -23.9373
v -8.439344 26.74318 -23.9373
v -4.902627 26.74318 -23.9373
v 3.082931 24.27774 -23.9373
v 3.082931 17.22555 -23.9373
v 3.082931 26.74318 -23.9373
v 9.312119 12.76742 -23.9373
v 17.3094 5.702067 -23.9373
v 20.83854 5.702067 -23.9373
v 17.3094 12.76742 -23.9373
v 20.83854 12.76742 -23.9373
v 9.312119 17.22555 -23.9373
v 9.312119 24.27774 -23.9373
v 9.312119 26.74318 -23.9373
v 17.3094 17.22555 -23.9373
v 20.83854 17.22555 -23.9373
v 17.3094 24.27774 -23.9373
v 17.3094 26.74318 -23.9373
v 20.83854 24.27774 -23.9373
v 20.83854 26.74318 -23.9373
v 20.83854 26.74318 -17.84134
v 17.3094 26.74318 -17.84134
v 17.3094 26.74318 -9.868483
v 20.83854 26.74318 -9.868482
v 9.312118 26.74318 -17.84134
v 9.312117 26.74318 -9.868484
v 17.30939 26.74318 -3.411093
v 20.83854 26.74318 -3.411093
v 3.08293 26.74318 -17.84134
v 3.082929 26.74318 -9.868484
v 9.312116 26.74318 -3.411094
v 17.30939 26.74318 2.646283
v 20.83854 26.74318 2.646283
v -4.902628 26.74318 -17.84134
v -8.439345 26.74318 -17.84134
v -8.439346 26.74318 -9.868485
v -4.902629 26.74318 -9.868485
v -8.439347 26.74318 -3.411096
v -4.90263 26.74318 -3.411096
v -8.439347 26.74318 2.64628
v 3.082928 26.74318 -3.411095
v -4.902631 26.74318 2.64628
v -8.439348 26.74318 9.396043
v 3.082927 26.74318 2.646281
v -4.902631 26.74318 9.396043
v -8.439349 26.74318 17.36889
v 9.312116 26.74318 2.646282
v -4.902632 26.74318 17.3689
v -8.43935 26.74318 23.1715
v -4.902633 26.74318 23.1715
v 3.082927 26.74318 9.396044
v 3.082926 26.74318 17.3689
v 3.082925 26.74318 23.1715
v 9.312115 26.74318 9.396045
v 9.312114 26.74318 17.3689
v 9.312113 26.74318 23.17151
v 17.30939 26.74318 9.396046
v 20.83854 26.74318 9.396047
v 17.30939 26.74318 17.3689
v 17.30939 26.74318 23.17151
v 20.83854 26.74318 17.3689
v 20.83854 26.74318 23.17151
v -8.439345 24.27774 -16.77679
v -8.439345 18.99094 -16.77679
v -8.439346 24.27774 -10.79247
v -8.439345 12.76742 -17.84134
v -8.439346 18.99094 -10.79247
v -8.439345 5.702067 -17.84134
v -8.439346 5.702067 -9.868485
v -8.439346 12.76742 -9.868485
v -8.439347 5.702067 -3.411096
v -8.439347 12.76742 -3.411096
v -8.439347 18.99094 -3.411096
v -8.439347 12.76742 2.64628
v -8.439347 24.27774 -3.411096
v -8.439347 18.99094 2.64628
v -8.439347 24.27774 2.64628
v -8.439348 24.27774 10.42167
v -8.439349 24.27774 16.39496
v -8.43935 24.27774 23.1715
v -8.439349 18.99094 16.39496
v -8.439348 18.99094 10.42167
v -8.43935 17.22555 23.1715
v -8.439348 12.76742 9.396043
v -8.439349 12.76742 17.36889
v -8.43935 12.76742 23.1715
v -8.439349 5.702067 17.36889
v -8.439348 5.702067 9.396043
v -8.43935 5.702067 23.1715
v 20.83854 24.27774 23.17151
v 20.83854 24.27774 16.39497
v 20.83854 17.22555 23.17151
v 20.83854 18.99094 16.39497
v 20.83854 12.76742 23.17151
v 20.83854 24.27774 10.42167
v 20.83854 12.76742 17.3689
v 20.83854 5.702067 23.17151
v 20.83854 18.99094 10.42167
v 20.83854 5.702067 17.3689
v 20.83854 5.702067 9.396047
v 20.83854 12.76742 9.396047
v 20.83854 5.702067 2.646283
v 20.83854 18.99094 2.646283
v 20.83854 5.702067 -3.411093
v 20.83854 12.76742 2.646283
v 20.83854 24.27774 2.646283
v 20.83854 12.76742 -3.411093
v 20.83854 18.99094 -3.411093
v 20.83854 24.27774 -3.411093
v 20.83854 24.27774 -10.79247
v 20.83854 24.27774 -16.77678
v 20.83854 18.99094 -16.77678
v 20.83854 18.99094 -10.79247
v 20.83854 12.76742 -9.868482
v 20.83854 5.702067 -9.868482
v 20.83854 12.76742 -17.84134
v 20.83854 5.702067 -17.84134
v -4.902633 24.27774 23.1715
v -4.902633 17.22555 23.1715
v 3.082925 24.27774 23.1715
v -4.902633 12.76742 23.1715
v 3.082925 17.22555 23.1715
v 9.312113 24.27774 23.17151
v -4.902633 5.702067 23.1715
v 3.082925 5.702067 23.1715
v 3.082925 12.76742 23.1715
v 17.30939 24.27774 23.17151
v 9.312113 17.22555 23.17151
v 17.30939 17.22555 23.17151
v 9.312113 12.76742 23.17151
v 9.312113 5.702067 23.17151
v 17.30939 12.76742 23.17151
v 17.30939 5.702067 23.17151
v 12.59533 30.35149 -21.60775
v 12.71221 30.35149 -21.49088
v 15.98473 30.35149 -21.49088
v 16.10161 30.35149 -21.60775
v 15.98473 30.35149 -18.21835
v 16.10161 30.35149 -18.10147
v 12.59533 30.35149 -18.10147
v 12.7122 30.35149 -18.21835
v 16.10161 36.84549 -21.60775
v 12.59533 36.84549 -21.60775
v 16.10161 36.84549 -18.10147
v 12.59533 36.84549 -18.10147
v 17.30939 27.34393 16.39497
v 17.30939 27.34393 10.42167
v 9.312114 27.34393 16.39497
v 9.312115 27.34393 10.42167
v 17.30939 27.34393 2.646283
v 3.082926 27.34393 16.39497
v 3.082927 27.34393 10.42167
v 9.312116 27.34393 2.646282
v 17.30939 27.34393 -3.411093
v -4.902632 27.34393 16.39497
v -4.902632 27.34393 10.42167
v -4.902631 27.34393 2.64628
v 3.082927 27.34393 2.646281
v -4.90263 27.34393 -3.411096
v 3.082928 27.34393 -3.411095
v -4.902629 27.34393 -10.79247
v 9.312116 27.34393 -3.411094
v -4.902628 27.34393 -16.77678
v 3.082929 27.34393 -10.79247
v 3.08293 27.34393 -16.77678
v 9.312117 27.34393 -10.79247
v 9.312118 27.34393 -16.77678
v 17.3094 27.34393 -10.79247
v 17.3094 27.34393 -16.77678
v -8.439345 18.76817 -17.59722
v -22.60805 12.96285 -21.80476
v -8.439344 13.52892 -21.80476
v -8.439349 18.76817 16.83142
v -8.43935 13.52892 21.03896
v -22.60805 12.96285 21.03896
v -8.770547 15.73383 -18.17658
v -8.770551 15.73383 17.41078
v -8.770552 12.94454 20.45458
v -8.770546 12.94454 -21.22038
v 8.234416 32.74946 -0.3828954
v -15.68324 32.74946 -0.3828983
v -15.68324 27.84982 -8.856126
v 8.234417 27.84982 -8.856123
v -16.85199 27.26476 -9.867908
v 9.403177 27.26476 -9.867905
v -16.852 32.74946 -0.3828984
v 9.403176 32.74946 -0.3828953
v 8.234415 27.84982 8.090332
v -15.68324 27.84982 8.090329
v 9.403175 27.26476 9.102114
v -16.852 27.26476 9.102111
v -15.68324 32.07442 -0.3828983
v 8.234417 27.34393 -8.563592
v 8.234416 32.07442 -0.3828954
v 8.234415 27.34393 7.797801
v 6.194664 37.6777 -24.52168
v 6.194658 37.6777 23.75588
v -9.323543 27.84554 23.75588
v -9.323537 27.84554 -24.52168
v 21.72273 27.84554 -24.52167
v 21.72272 27.84554 23.75588
v 6.194658 37.6777 24.92464
v -10.32676 27.24592 24.92464
v -10.32676 27.24592 -25.69044
v 6.194664 37.6777 -25.69044
v 22.72595 27.24592 -25.69044
v 22.72594 27.24592 24.92465
v 15.98473 38.22343 -21.49088
v 15.98473 38.22343 -18.21835
v 12.71221 38.22343 -21.49088
v 11.93587 38.22343 -22.26721
v 11.93587 38.22343 -17.44201
v 11.93587 36.84549 -17.44201
v 11.93587 36.84549 -22.26721
v 16.76107 38.22343 -17.44201
v 16.76107 36.84549 -17.44201
v 16.76107 38.22343 -22.26721
v 16.76107 36.84549 -22.26721
v 12.7122 38.22343 -18.21835
v -10.53409 15.73383 17.41078
v -10.53409 15.73383 -18.17658
v -8.439344 12.94454 -21.80476
v -8.43935 12.94454 21.03896
v -22.60805 12.37847 -21.80476
v -22.60805 12.37847 21.03896
v -22.02367 12.37847 -21.22038
v -22.02367 12.37847 20.45458
v 9.403177 26.75887 -9.575374
v -16.85199 26.75887 -9.575377
v 9.403176 32.07442 -0.3828953
v -16.852 32.07442 -0.3828984
v -16.852 26.75887 8.80958
v 9.403175 26.75887 8.809583
v 6.194658 36.99689 24.92464
v -10.02695 26.74431 24.92464
v 22.42614 26.74431 24.92465
v -10.02695 26.74431 -25.69044
v 6.194664 36.99689 -25.69044
v 22.42614 26.74431 -25.69044
v 6.194658 36.99689 23.75588
v 6.194664 36.99689 -24.52168

vt 0.8562195 1
vt 0.712439 1
vt 1 1
vt 0.4635677 1
vt 0.2146965 1
vt 0 1
vt 0.8562195 0
vt 1 0
vt 0.712439 0
vt 0.4635677 0
vt 0.2146965 0
vt 0 0
vt 0.8399632 0.3125
vt 0.8399632 0.25
vt 0.8399632 0.375
vt 0.8399632 0.5
vt 1 0.4375
vt 1 0.5
vt 1 0.375
vt 1 0.25
vt 0.7538323 0.7538323
vt 0.2461676 0.7538323
vt 0.7538323 0.2461677
vt 0.2461676 0.2461677
vt 1 0.5466666
vt 0 0.5466666
vt 0 0.4481316
vt 1 0.4481316
vt 0 0.2517171
vt 0.2146965 0.2517171
vt 0 0.7162385
vt 0.7124389 0.2517171
vt 1 0.2517171
vt 0.2146965 0.7162385
vt 0.7124389 0.7162385
vt 1 0.7162385
vt 0.287561 0
vt 0.287561 0.2517171
vt 0.7853035 0
vt 0.7853035 0.2517171
vt 0.287561 0.7162385
vt 0.287561 1
vt 0.7853035 1
vt 0.7853035 0.7162385
vt 0.2146965 0.04124451
vt 0.03571701 0.04124451
vt 0.03571701 0.9587556
vt 0.2146965 0.9587556
vt 0.7124389 0.9587556
vt 0.7124389 0.04124451
vt 0.964283 0.9587556
vt 0.964283 0.04124451
vt 0.1429451 0.05333364
vt 0 0.05333364
vt 0 0.2149273
vt 0.1429451 0.2149273
vt 0 0.474794
vt 0.2797942 0.2149273
vt 0.1429451 0.474794
vt 0.2797942 0.05333364
vt 0 0.5500185
vt 0.3916219 0.2149273
vt 0.3916219 0.05333364
vt 0.3916219 0.474794
vt 0.2797942 0.474794
vt 0.1429451 0.5500185
vt 0 0.9215824
vt 0.2797942 0.5500185
vt 0.1429451 0.9215824
vt 0.1429451 1
vt 0.2797942 1
vt 0.2797942 0.9215824
vt 0.400021 1
vt 0.400021 0.9215824
vt 0.5855671 1
vt 0.400021 0.5500185
vt 0.585567 0.9215824
vt 0.7085881 1
vt 0.585567 0.5500185
vt 0.5959456 0.474794
vt 0.7085881 0.9215824
vt 0.8399633 1
vt 0.7085881 0.5500185
vt 0.8399632 0.9215824
vt 1 0.9215824
vt 0.8399632 0.5500185
vt 1 0.5500185
vt 0.7085881 0.474794
vt 0.5959456 0.2149273
vt 0.8399632 0.474794
vt 1 0.474794
vt 0.7085881 0.2149273
vt 0.5959456 0.05333364
vt 0.7085881 0.05333364
vt 0.8399632 0.2149273
vt 1 0.2149273
vt 0.8399632 0.05333364
vt 1 0.05333364
vt 0.1600368 0.05333364
vt 0.1600368 0.2149273
vt 0.2914119 0.2149273
vt 0.1600368 0.474794
vt 0.2914119 0.05333364
vt 0.4040543 0.2149273
vt 0.4040543 0.05333364
vt 0.1600368 0.5500185
vt 0.2914119 0.5500185
vt 0.1600368 0.9215824
vt 0.1600368 1
vt 0.2914119 1
vt 0.2914119 0.9215824
vt 0.4144329 1
vt 0.2914119 0.474794
vt 0.4144329 0.9215824
vt 0.599979 1
vt 0.4144329 0.5500185
vt 0.5999789 0.9215824
vt 0.7202058 1
vt 0.4040543 0.474794
vt 0.7202058 0.9215824
vt 0.8570549 1
vt 0.5999789 0.5500185
vt 0.8570549 0.9215824
vt 0.8570549 0.5500185
vt 0.7202058 0.5500185
vt 0.6083781 0.474794
vt 0.8570549 0.474794
vt 0.7202058 0.474794
vt 0.8570549 0.2149273
vt 0.6083781 0.2149273
vt 0.6083781 0.05333364
vt 0.7202058 0.2149273
vt 0.7202058 0.05333364
vt 0.8570549 0.05333364
vt 0.25 0.05333364
vt 0.25 0.2149273
vt 0.5 0.05333364
vt 0.5 0.2149273
vt 0.25 0.474794
vt 0.75 0.05333364
vt 0.25 0.5500185
vt 0.5 0.474794
vt 0.25 0.9215824
vt 0.25 1
vt 0.5 1
vt 0.5 0.9215824
vt 0.75 1
vt 0.5 0.5500185
vt 0.75 0.2149273
vt 0.75 0.474794
vt 0.8889266 0.2149273
vt 0.8889266 0.05333364
vt 0.8889266 0.474794
vt 0.8889266 0.5500185
vt 0.75 0.5500185
vt 0.8889266 0.9215824
vt 0.75 0.9215824
vt 0.8889267 1
vt 0.01250449 0.25
vt 0.01250449 0.0355159
vt 0.1429451 0.03551579
vt 0.1429451 0.25
vt 0.01250449 0.5
vt 0.2797942 0.25
vt 0.2797942 0.03551579
vt 0.1429451 0.5
vt 0.01250449 0.75
vt 0.2797942 0.5
vt 0.3916219 0.25
vt 0.3916219 0.03551579
vt 0.5959456 0.03551579
vt 0.1429451 0.75
vt 0.01250449 0.8889267
vt 0.3916219 0.5
vt 0.5959456 0.25
vt 0.7085881 0.03551579
vt 0.2797942 0.75
vt 0.1429451 0.8889267
vt 0.01250449 0.9842496
vt 0.1429451 0.9842496
vt 0.2797942 0.9842496
vt 0.2797942 0.8889267
vt 0.3916219 0.9842496
vt 0.3916219 0.75
vt 0.3916219 0.8889267
vt 0.5959456 0.5
vt 0.5959456 0.8889267
vt 0.5959456 0.9842496
vt 0.5959456 0.75
vt 0.7085881 0.25
vt 0.7085881 0.8889267
vt 0.7085881 0.9842496
vt 0.8399632 0.9842496
vt 0.7085881 0.5
vt 0.7085881 0.75
vt 0.8399632 0.8889267
vt 0.9853574 0.9842496
vt 0.9853574 0.8889267
vt 0.8399632 0.75
vt 0.9853574 0.75
vt 0.9853574 0.5
vt 0.9853574 0.25
vt 0.8399633 0.03551579
vt 0.9853573 0.0355159
vt 0.1110733 0.05333364
vt 0.1110733 0.2149273
vt 0.1110733 0.474794
vt 0.1110733 0.5500185
vt 0.1110733 0.9215824
vt 0.1110733 1
vt 0.8399632 0
vt 0.7085881 0
vt 0.5959456 0
vt 0.8889266 0
vt 0.75 0
vt 0.5 0
vt 0.25 0
vt 0.8570549 0
vt 0.7202058 0
vt 0.6083781 0
vt 0.4040543 0
vt 0.2914119 0
vt 0.1600368 0
vt 0.1110733 0
vt 0.8319275 0.05333364
vt 0.8319275 0
vt 0.7036576 0
vt 0.7036576 0.05333364
vt 0.5936776 0
vt 0.5936776 0.05333364
vt 0.8795902 0.05333364
vt 0.8795902 0
vt 0.8486152 0.05333364
vt 0.8486152 0
vt 0.7150007 0
vt 0.7150007 0.05333364
vt 0.6058162 0
vt 0.6058162 0.05333364
vt 0.4063222 0
vt 0.4063222 0.05333364
vt 0.2963423 0
vt 0.2963423 0.05333364
vt 0.1680724 0
vt 0.1680724 0.05333364
vt 0.1204098 0.05333364
vt 0.1204098 0
vt 0.1513847 0.05333364
vt 0.2849992 0.05333364
vt 0.3941836 0.05333364
vt 0.1429451 0
vt 0.2797942 0
vt 0.3916219 0
vt 0.1513847 0
vt 0.2849992 0
vt 0.3941836 0
vt 0.3916219 1
vt 0 0.8889267
vt 0 0.75
vt 0 0.5
vt 0 0.25
vt 1 0.75
vt 1 0.8889267
vt 0.5959456 1
vt 0.400021 0.9842496
vt 0.585567 0.9842496
vt 0.585567 0.03551579
vt 0.400021 0.03551579
vt 0.585567 0.75
vt 1 0.1110734
vt 0.585567 0.5
vt 0.400021 0.75
vt 0.8399632 0.1110734
vt 0.7085881 0.1110734
vt 0.5855671 0
vt 0.585567 0.1110734
vt 0.400021 0
vt 0.585567 0.25
vt 0.400021 0.1110734
vt 0.400021 0.25
vt 0.2797942 0.1110734
vt 0.400021 0.5
vt 0.1429451 0.1110734
vt 0 0.1110734
vt 0.09820661 0.2969599
vt 0.9017935 0.7030401
vt 0.09820661 0.7030401
vt 0.9017935 0.2969599
vt 0.9863602 0.9587556
vt 0.0136398 0.9587556
vt 0.6152745 0.6152745
vt 0.3847255 0.6152745
vt 0.3847255 0.3847255
vt 0.2990929 0.2990929
vt 0.7009071 0.2990929
vt 0.7009071 0.7009071
vt 0.2990929 0.7009071
vt 0.6152745 0.3847255
vt 0.0136398 0.04124451
vt 0.9863602 0.04124451

vn 10 0 1.192093E-06
vn -10 0 -1.192093E-06
vn -1.192093E-06 0 10
vn 1.192093E-06 0 -10
vn -8.930902E-07 -6.623683 7.491784
vn -7.491743 -6.623731 -8.930853E-07
vn 8.930853E-07 -6.623731 -7.491743
vn 7.491743 -6.623731 8.930853E-07
vn 0 -10 0
vn 0 10 0
vn -0.2854131 -5.692642 -8.133397
vn -0.5708271 -4.761507 -8.775091
vn -0.5937361 -5.692669 7.975527
vn -1.07964E-06 -4.239887 9.056676
vn -1.187471 -7.145452 6.894378
vn 9.660161 -2.584823 1.151581E-06
vn -0.1649286 0 9.998641
vn 0.1648589 0 -9.998642
vn -1.486011 -9.888972 -1.771463E-07
vn -6.033372E-07 8.624655 5.06116
vn 6.062041E-07 8.610497 -5.085209
vn -5.358943 8.442852 -6.388357E-07
vn 5.358942 8.442852 6.388356E-07
vn -0.2500839 6.259622 -7.794525
vn -0.2500857 6.259622 7.794525
vn -3.791382 9.253401 -4.519679E-07
vn 5.967427E-07 8.656879 -5.005841
vn -5.967427E-07 8.656879 5.005841
vn -1.031979E-06 5.005857 8.656871
vn 1.031979E-06 5.005857 -8.656871
vn -5.348659 8.44912 0.06503595
vn -5.352059 8.447217 -6.380151E-07
vn -5.276331 8.494626 -0.04076985
vn -5.278375 8.493011 0.08672236
vn 5.34627 8.450637 -0.06431767
vn 5.349632 8.448754 6.377257E-07
vn 5.274731 8.495622 0.04031961
vn 5.276752 8.494029 -0.0857644
vn -5.345085 8.450747 -0.1223035
vn -5.234654 8.519591 -0.1223126
vn -5.238256 8.518007 0.06504115
vn -5.338904 8.455537 -6.364469E-07
vn 5.342741 8.452249 0.1209529
vn 5.233517 8.520309 0.1209617
vn 5.237074 8.51874 -0.0643227
vn 5.336626 8.456976 6.361753E-07
vn 0.2064717 -9.997791 -0.03929449
vn 0.4266074 -9.98797 0.2417833
vn 0.4129583 -9.99116 -0.07859181
vn 0.1995217 -9.996017 -0.1995225
vn 0.2132691 -9.995451 0.2132701
vn 0.2064627 -9.997743 0.05006293
vn 0.4129424 -9.990969 0.10013
vn 0.3991002 -9.989472 -0.2261931
vn 0.1554424 -7.325611 6.80314
vn -8.053919E-07 -7.372577 6.756117
vn 0.3108856 -7.278644 6.850162
vn 2.80326 -9.599049 3.341746E-07
vn 0.1573721 -7.04388 -7.07967
vn 8.829318E-07 -6.718835 -7.40657
vn 0.3147433 -7.368925 -6.75277
vn -5.967427E-07 -8.656879 5.005841
vn 5.967427E-07 -8.656879 -5.005841
vn 1.031979E-06 -5.005856 -8.656872
vn -1.031979E-06 -5.005856 8.656872
vn -8.583632 -5.130428 -1.023249E-06
vn 8.58364 -5.130413 1.02325E-06
vn 5.240274 -8.516757 0.0663024
vn 5.34267 -8.453158 6.368959E-07
vn 5.352791 -8.446493 0.06629694
vn 5.281222 -8.491223 0.08840366
vn 5.236536 -8.518402 -0.1245335
vn 5.279102 -8.492901 -0.04150926
vn 5.349083 -8.448184 -0.1245239
vn 5.35632 -8.444516 6.38523E-07
vn -5.239069 -8.517503 -0.06556939
vn -5.340348 -8.454626 -6.366191E-07
vn -5.350356 -8.448041 -0.0655641
vn -5.279568 -8.492262 -0.0874263
vn -5.235377 -8.519135 0.1231625
vn -5.27747 -8.493917 0.0410523
vn -5.346693 -8.449718 0.1231532
vn -5.353844 -8.446086 -6.382278E-07

usemtl Brown
f 3/3/1 2/2/1 1/1/1
f 8/9/2 7/8/2 6/7/2
f 13/3/3 12/6/3 11/8/3
f 16/3/4 15/6/4 14/8/4
f 1/4/1 2/2/1 4/5/1
f 4/5/1 5/6/1 1/4/1
f 9/11/2 8/9/2 6/10/2
f 6/10/2 10/12/2 9/11/2
f 17/12/4 14/8/4 15/3/4
f 15/3/4 18/6/4 17/12/4
f 21/15/4 20/14/4 19/13/4
f 19/13/4 22/16/4 21/15/4
f 25/19/3 24/18/3 23/17/3
f 23/17/3 26/20/3 25/19/3
f 29/6/4 28/12/4 27/8/4
f 27/8/4 30/3/4 29/6/4
f 33/6/5 32/22/5 31/21/5
f 31/21/5 34/3/5 33/6/5
f 34/3/6 31/21/6 35/23/6
f 35/23/6 30/8/6 34/3/6
f 30/8/7 35/23/7 36/24/7
f 36/24/7 29/12/7 30/8/7
f 39/6/1 38/12/1 37/8/1
f 37/8/1 40/3/1 39/6/1
f 36/24/1 42/24/1 41/22/1
f 41/22/1 32/22/1 36/24/1
f 32/22/3 41/22/3 43/21/3
f 43/21/3 31/21/3 32/22/3
f 31/21/2 43/21/2 44/23/2
f 44/23/2 35/23/2 31/21/2
f 35/23/4 44/23/4 42/24/4
f 42/24/4 36/24/4 35/23/4
f 29/12/8 36/24/8 32/22/8
f 32/22/8 33/6/8 29/12/8
f 47/6/1 46/12/1 45/8/1
f 45/8/1 48/3/1 47/6/1
f 28/6/9 50/12/9 49/8/9
f 49/8/9 27/3/9 28/6/9
f 48/6/3 52/26/3 51/25/3
f 51/25/3 47/3/3 48/6/3
f 47/6/9 51/26/9 53/25/9
f 53/25/9 46/3/9 47/6/9
f 41/22/10 42/24/10 44/23/10
f 44/23/10 43/21/10 41/22/10
f 33/6/1 50/12/1 28/8/1
f 28/8/1 29/3/1 33/6/1
f 34/6/3 49/12/3 50/8/3
f 50/8/3 33/3/3 34/6/3
f 45/6/10 54/26/10 52/25/10
f 52/25/10 48/3/10 45/6/10
f 46/6/4 53/26/4 54/25/4
f 54/25/4 45/3/4 46/6/4
f 39/6/9 56/26/9 55/25/9
f 55/25/9 38/3/9 39/6/9
f 40/6/3 57/26/3 56/25/3
f 56/25/3 39/3/3 40/6/3
f 37/6/10 58/26/10 57/25/10
f 57/25/10 40/3/10 37/6/10
f 38/6/4 55/26/4 58/25/4
f 58/25/4 37/3/4 38/6/4
f 30/6/2 27/12/2 49/8/2
f 49/8/2 34/3/2 30/6/2
f 61/6/4 60/12/4 59/8/4
f 59/8/4 62/3/4 61/6/4
f 62/6/2 59/12/2 63/8/2
f 63/8/2 64/3/2 62/6/2
f 64/6/3 63/12/3 65/8/3
f 65/8/3 66/3/3 64/6/3
f 66/6/1 65/12/1 60/8/1
f 60/8/1 61/3/1 66/6/1
f 66/6/10 61/12/10 62/8/10
f 62/8/10 64/3/10 66/6/10
f 69/6/9 68/12/9 67/8/9
f 67/8/9 70/3/9 69/6/9
f 73/6/10 72/12/10 71/8/10
f 71/8/10 74/3/10 73/6/10
f 73/6/1 68/12/1 69/8/1
f 69/8/1 72/3/1 73/6/1
f 74/6/3 67/12/3 68/8/3
f 68/8/3 73/3/3 74/6/3
f 71/6/2 70/12/2 67/8/2
f 67/8/2 74/3/2 71/6/2
f 72/6/4 69/12/4 70/8/4
f 70/8/4 71/3/4 72/6/4
f 77/6/9 76/12/9 75/8/9
f 75/8/9 78/3/9 77/6/9
f 81/6/10 80/12/10 79/8/10
f 79/8/10 82/3/10 81/6/10
f 81/6/1 76/12/1 77/8/1
f 77/8/1 80/3/1 81/6/1
f 82/6/3 75/12/3 76/8/3
f 76/8/3 81/3/3 82/6/3
f 79/6/2 78/12/2 75/8/2
f 75/8/2 82/3/2 79/6/2
f 80/6/4 77/12/4 78/8/4
f 78/8/4 79/3/4 80/6/4
f 85/6/9 84/12/9 83/8/9
f 83/8/9 86/3/9 85/6/9
f 89/6/10 88/12/10 87/8/10
f 87/8/10 90/3/10 89/6/10
f 89/6/1 84/12/1 85/8/1
f 85/8/1 88/3/1 89/6/1
f 90/6/3 83/12/3 84/8/3
f 84/8/3 89/3/3 90/6/3
f 87/6/2 86/12/2 83/8/2
f 83/8/2 90/3/2 87/6/2
f 88/6/4 85/12/4 86/8/4
f 86/8/4 87/3/4 88/6/4
f 93/6/9 92/12/9 91/8/9
f 91/8/9 94/3/9 93/6/9
f 97/6/10 96/12/10 95/8/10
f 95/8/10 98/3/10 97/6/10
f 97/6/1 92/12/1 93/8/1
f 93/8/1 96/3/1 97/6/1
f 98/6/3 91/12/3 92/8/3
f 92/8/3 97/3/3 98/6/3
f 95/6/2 94/12/2 91/8/2
f 91/8/2 98/3/2 95/6/2
f 96/6/4 93/12/4 94/8/4
f 94/8/4 95/3/4 96/6/4
f 60/6/9 65/12/9 63/8/9
f 63/8/9 59/3/9 60/6/9
f 101/6/4 100/12/4 99/8/4
f 99/8/4 102/3/4 101/6/4
f 102/6/2 99/12/2 103/8/2
f 103/8/2 104/3/2 102/6/2
f 104/6/3 103/12/3 105/8/3
f 105/8/3 106/3/3 104/6/3
f 106/6/1 105/12/1 100/8/1
f 100/8/1 101/3/1 106/6/1
f 106/6/10 101/12/10 102/8/10
f 102/8/10 104/3/10 106/6/10
f 109/6/9 108/12/9 107/8/9
f 107/8/9 110/3/9 109/6/9
f 113/6/10 112/12/10 111/8/10
f 111/8/10 114/3/10 113/6/10
f 113/6/1 108/12/1 109/8/1
f 109/8/1 112/3/1 113/6/1
f 114/6/3 107/12/3 108/8/3
f 108/8/3 113/3/3 114/6/3
f 111/6/2 110/12/2 107/8/2
f 107/8/2 114/3/2 111/6/2
f 112/6/4 109/12/4 110/8/4
f 110/8/4 111/3/4 112/6/4
f 117/6/9 116/12/9 115/8/9
f 115/8/9 118/3/9 117/6/9
f 121/6/10 120/12/10 119/8/10
f 119/8/10 122/3/10 121/6/10
f 121/6/1 116/12/1 117/8/1
f 117/8/1 120/3/1 121/6/1
f 122/6/3 115/12/3 116/8/3
f 116/8/3 121/3/3 122/6/3
f 119/6/2 118/12/2 115/8/2
f 115/8/2 122/3/2 119/6/2
f 120/6/4 117/12/4 118/8/4
f 118/8/4 119/3/4 120/6/4
f 125/6/9 124/12/9 123/8/9
f 123/8/9 126/3/9 125/6/9
f 129/6/10 128/12/10 127/8/10
f 127/8/10 130/3/10 129/6/10
f 129/6/1 124/12/1 125/8/1
f 125/8/1 128/3/1 129/6/1
f 130/6/3 123/12/3 124/8/3
f 124/8/3 129/3/3 130/6/3
f 127/6/2 126/12/2 123/8/2
f 123/8/2 130/3/2 127/6/2
f 128/6/4 125/12/4 126/8/4
f 126/8/4 127/3/4 128/6/4
f 100/6/9 105/12/9 103/8/9
f 103/8/9 99/3/9 100/6/9
f 133/6/4 132/12/4 131/8/4
f 131/8/4 134/3/4 133/6/4
f 137/6/5 136/22/5 135/21/5
f 135/21/5 138/3/5 137/6/5
f 138/3/6 135/21/6 139/23/6
f 139/23/6 134/8/6 138/3/6
f 134/8/7 139/23/7 140/24/7
f 140/24/7 133/12/7 134/8/7
f 143/6/1 142/12/1 141/8/1
f 141/8/1 144/3/1 143/6/1
f 140/24/1 146/24/1 145/22/1
f 145/22/1 136/22/1 140/24/1
f 136/22/3 145/22/3 147/21/3
f 147/21/3 135/21/3 136/22/3
f 135/21/2 147/21/2 148/23/2
f 148/23/2 139/23/2 135/21/2
f 139/23/4 148/23/4 146/24/4
f 146/24/4 140/24/4 139/23/4
f 133/12/8 140/24/8 136/22/8
f 136/22/8 137/6/8 133/12/8
f 151/6/1 150/12/1 149/8/1
f 149/8/1 152/3/1 151/6/1
f 132/6/9 154/12/9 153/8/9
f 153/8/9 131/3/9 132/6/9
f 152/6/3 156/26/3 155/25/3
f 155/25/3 151/3/3 152/6/3
f 151/6/9 155/26/9 157/25/9
f 157/25/9 150/3/9 151/6/9
f 145/22/10 146/24/10 148/23/10
f 148/23/10 147/21/10 145/22/10
f 137/6/1 154/12/1 132/8/1
f 132/8/1 133/3/1 137/6/1
f 138/6/3 153/12/3 154/8/3
f 154/8/3 137/3/3 138/6/3
f 149/6/10 158/26/10 156/25/10
f 156/25/10 152/3/10 149/6/10
f 150/6/4 157/26/4 158/25/4
f 158/25/4 149/3/4 150/6/4
f 143/6/9 160/26/9 159/25/9
f 159/25/9 142/3/9 143/6/9
f 144/6/3 161/26/3 160/25/3
f 160/25/3 143/3/3 144/6/3
f 141/6/10 162/26/10 161/25/10
f 161/25/10 144/3/10 141/6/10
f 142/6/4 159/26/4 162/25/4
f 162/25/4 141/3/4 142/6/4
f 134/6/2 131/12/2 153/8/2
f 153/8/2 138/3/2 134/6/2
f 165/6/4 164/12/4 163/8/4
f 163/8/4 166/3/4 165/6/4
f 166/6/2 163/12/2 167/8/2
f 167/8/2 168/3/2 166/6/2
f 168/6/3 167/12/3 169/8/3
f 169/8/3 170/3/3 168/6/3
f 170/6/1 169/12/1 164/8/1
f 164/8/1 165/3/1 170/6/1
f 170/6/10 165/12/10 166/8/10
f 166/8/10 168/3/10 170/6/10
f 173/6/9 172/12/9 171/8/9
f 171/8/9 174/3/9 173/6/9
f 177/6/10 176/12/10 175/8/10
f 175/8/10 178/3/10 177/6/10
f 177/6/1 172/12/1 173/8/1
f 173/8/1 176/3/1 177/6/1
f 178/6/3 171/12/3 172/8/3
f 172/8/3 177/3/3 178/6/3
f 175/6/2 174/12/2 171/8/2
f 171/8/2 178/3/2 175/6/2
f 176/6/4 173/12/4 174/8/4
f 174/8/4 175/3/4 176/6/4
f 181/6/9 180/12/9 179/8/9
f 179/8/9 182/3/9 181/6/9
f 185/6/10 184/12/10 183/8/10
f 183/8/10 186/3/10 185/6/10
f 185/6/1 180/12/1 181/8/1
f 181/8/1 184/3/1 185/6/1
f 186/6/3 179/12/3 180/8/3
f 180/8/3 185/3/3 186/6/3
f 183/6/2 182/12/2 179/8/2
f 179/8/2 186/3/2 183/6/2
f 184/6/4 181/12/4 182/8/4
f 182/8/4 183/3/4 184/6/4
f 189/6/9 188/12/9 187/8/9
f 187/8/9 190/3/9 189/6/9
f 193/6/10 192/12/10 191/8/10
f 191/8/10 194/3/10 193/6/10
f 193/6/1 188/12/1 189/8/1
f 189/8/1 192/3/1 193/6/1
f 194/6/3 187/12/3 188/8/3
f 188/8/3 193/3/3 194/6/3
f 191/6/2 190/12/2 187/8/2
f 187/8/2 194/3/2 191/6/2
f 192/6/4 189/12/4 190/8/4
f 190/8/4 191/3/4 192/6/4
f 197/6/9 196/12/9 195/8/9
f 195/8/9 198/3/9 197/6/9
f 201/6/10 200/12/10 199/8/10
f 199/8/10 202/3/10 201/6/10
f 201/6/1 196/12/1 197/8/1
f 197/8/1 200/3/1 201/6/1
f 202/6/3 195/12/3 196/8/3
f 196/8/3 201/3/3 202/6/3
f 199/6/2 198/12/2 195/8/2
f 195/8/2 202/3/2 199/6/2
f 200/6/4 197/12/4 198/8/4
f 198/8/4 199/3/4 200/6/4
f 164/6/9 169/12/9 167/8/9
f 167/8/9 163/3/9 164/6/9
f 205/6/4 204/12/4 203/8/4
f 203/8/4 206/3/4 205/6/4
f 206/6/2 203/12/2 207/8/2
f 207/8/2 208/3/2 206/6/2
f 208/6/3 207/12/3 209/8/3
f 209/8/3 210/3/3 208/6/3
f 210/6/1 209/12/1 204/8/1
f 204/8/1 205/3/1 210/6/1
f 210/6/10 205/12/10 206/8/10
f 206/8/10 208/3/10 210/6/10
f 213/6/9 212/12/9 211/8/9
f 211/8/9 214/3/9 213/6/9
f 217/6/10 216/12/10 215/8/10
f 215/8/10 218/3/10 217/6/10
f 217/6/1 212/12/1 213/8/1
f 213/8/1 216/3/1 217/6/1
f 218/6/3 211/12/3 212/8/3
f 212/8/3 217/3/3 218/6/3
f 215/6/2 214/12/2 211/8/2
f 211/8/2 218/3/2 215/6/2
f 216/6/4 213/12/4 214/8/4
f 214/8/4 215/3/4 216/6/4
f 221/6/9 220/12/9 219/8/9
f 219/8/9 222/3/9 221/6/9
f 225/6/10 224/12/10 223/8/10
f 223/8/10 226/3/10 225/6/10
f 225/6/1 220/12/1 221/8/1
f 221/8/1 224/3/1 225/6/1
f 226/6/3 219/12/3 220/8/3
f 220/8/3 225/3/3 226/6/3
f 223/6/2 222/12/2 219/8/2
f 219/8/2 226/3/2 223/6/2
f 224/6/4 221/12/4 222/8/4
f 222/8/4 223/3/4 224/6/4
f 229/6/9 228/12/9 227/8/9
f 227/8/9 230/3/9 229/6/9
f 233/6/10 232/12/10 231/8/10
f 231/8/10 234/3/10 233/6/10
f 233/6/1 228/12/1 229/8/1
f 229/8/1 232/3/1 233/6/1
f 234/6/3 227/12/3 228/8/3
f 228/8/3 233/3/3 234/6/3
f 231/6/2 230/12/2 227/8/2
f 227/8/2 234/3/2 231/6/2
f 232/6/4 229/12/4 230/8/4
f 230/8/4 231/3/4 232/6/4
f 204/6/9 209/12/9 207/8/9
f 207/8/9 203/3/9 204/6/9
f 237/6/2 236/12/2 235/8/2
f 235/8/2 238/3/2 237/6/2
f 238/6/4 235/12/4 239/8/4
f 239/8/4 240/3/4 238/6/4
f 240/6/1 239/12/1 241/8/1
f 241/8/1 242/3/1 240/6/1
f 242/6/3 241/12/3 236/8/3
f 236/8/3 237/3/3 242/6/3
f 242/6/9 237/12/9 238/8/9
f 238/8/9 240/3/9 242/6/9
f 236/6/10 241/12/10 239/8/10
f 239/8/10 235/3/10 236/6/10
f 245/27/1 244/12/1 243/8/1
f 243/8/1 246/28/1 245/27/1
f 246/27/10 243/12/10 247/8/10
f 247/8/10 248/28/10 246/27/10
f 248/27/2 247/12/2 249/8/2
f 249/8/2 250/28/2 248/27/2
f 250/27/9 249/12/9 244/8/9
f 244/8/9 245/28/9 250/27/9
f 253/6/3 252/12/3 251/8/3
f 251/8/3 254/3/3 253/6/3
f 244/6/4 249/12/4 247/8/4
f 247/8/4 243/3/4 244/6/4
f 257/27/1 256/12/1 255/8/1
f 255/8/1 258/28/1 257/27/1
f 258/27/10 255/12/10 259/8/10
f 259/8/10 260/28/10 258/27/10
f 260/27/2 259/12/2 261/8/2
f 261/8/2 262/28/2 260/27/2
f 262/27/9 261/12/9 256/8/9
f 256/8/9 257/28/9 262/27/9
f 265/6/3 264/12/3 263/8/3
f 263/8/3 266/3/3 265/6/3
f 256/6/4 261/12/4 259/8/4
f 259/8/4 255/3/4 256/6/4
f 269/6/1 268/12/1 267/8/1
f 267/8/1 270/3/1 269/6/1
f 270/6/4 267/12/4 271/8/4
f 271/8/4 272/3/4 270/6/4
f 272/6/2 271/12/2 273/8/2
f 273/8/2 274/3/2 272/6/2
f 274/6/3 273/12/3 268/8/3
f 268/8/3 269/3/3 274/6/3
f 274/6/10 269/12/10 270/8/10
f 270/8/10 272/3/10 274/6/10
f 268/6/9 273/12/9 271/8/9
f 271/8/9 267/3/9 268/6/9
f 277/6/1 276/12/1 275/8/1
f 275/8/1 278/3/1 277/6/1
f 278/6/4 275/12/4 279/8/4
f 279/8/4 280/3/4 278/6/4
f 280/6/2 279/12/2 281/8/2
f 281/8/2 282/3/2 280/6/2
f 282/6/3 281/12/3 276/8/3
f 276/8/3 277/3/3 282/6/3
f 282/6/10 277/12/10 278/8/10
f 278/8/10 280/3/10 282/6/10
f 276/6/9 281/12/9 279/8/9
f 279/8/9 275/3/9 276/6/9
f 285/6/1 284/12/1 283/8/1
f 283/8/1 286/3/1 285/6/1
f 286/6/4 283/12/4 287/8/4
f 287/8/4 288/3/4 286/6/4
f 288/6/2 287/12/2 289/8/2
f 289/8/2 290/3/2 288/6/2
f 290/6/3 289/12/3 284/8/3
f 284/8/3 285/3/3 290/6/3
f 290/6/10 285/12/10 286/8/10
f 286/8/10 288/3/10 290/6/10
f 284/6/9 289/12/9 287/8/9
f 287/8/9 283/3/9 284/6/9
f 293/6/1 292/12/1 291/8/1
f 291/8/1 294/3/1 293/6/1
f 294/6/4 291/12/4 295/8/4
f 295/8/4 296/3/4 294/6/4
f 296/6/2 295/12/2 297/8/2
f 297/8/2 298/3/2 296/6/2
f 298/6/3 297/12/3 292/8/3
f 292/8/3 293/3/3 298/6/3
f 298/6/10 293/12/10 294/8/10
f 294/8/10 296/3/10 298/6/10
f 292/6/9 297/12/9 295/8/9
f 295/8/9 291/3/9 292/6/9
f 301/6/1 300/12/1 299/8/1
f 299/8/1 302/3/1 301/6/1
f 302/6/4 299/12/4 303/8/4
f 303/8/4 304/3/4 302/6/4
f 304/6/2 303/12/2 305/8/2
f 305/8/2 306/3/2 304/6/2
f 306/6/3 305/12/3 300/8/3
f 300/8/3 301/3/3 306/6/3
f 306/6/10 301/12/10 302/8/10
f 302/8/10 304/3/10 306/6/10
f 300/6/9 305/12/9 303/8/9
f 303/8/9 299/3/9 300/6/9
f 309/6/1 308/12/1 307/8/1
f 307/8/1 310/3/1 309/6/1
f 310/6/4 307/12/4 311/8/4
f 311/8/4 312/3/4 310/6/4
f 312/6/2 311/12/2 313/8/2
f 313/8/2 314/3/2 312/6/2
f 314/6/3 313/12/3 308/8/3
f 308/8/3 309/3/3 314/6/3
f 314/6/10 309/12/10 310/8/10
f 310/8/10 312/3/10 314/6/10
f 308/6/9 313/12/9 311/8/9
f 311/8/9 307/3/9 308/6/9
f 317/6/1 316/12/1 315/8/1
f 315/8/1 318/3/1 317/6/1
f 318/6/4 315/12/4 319/8/4
f 319/8/4 320/3/4 318/6/4
f 320/6/2 319/12/2 321/8/2
f 321/8/2 322/3/2 320/6/2
f 322/6/3 321/12/3 316/8/3
f 316/8/3 317/3/3 322/6/3
f 322/6/10 317/12/10 318/8/10
f 318/8/10 320/3/10 322/6/10
f 316/6/9 321/12/9 319/8/9
f 319/8/9 315/3/9 316/6/9
f 325/6/1 324/12/1 323/8/1
f 323/8/1 326/3/1 325/6/1
f 326/6/4 323/12/4 327/8/4
f 327/8/4 328/3/4 326/6/4
f 328/6/2 327/12/2 329/8/2
f 329/8/2 330/3/2 328/6/2
f 330/6/3 329/12/3 324/8/3
f 324/8/3 325/3/3 330/6/3
f 330/6/10 325/12/10 326/8/10
f 326/8/10 328/3/10 330/6/10
f 324/6/9 329/12/9 327/8/9
f 327/8/9 323/3/9 324/6/9
f 333/6/1 332/12/1 331/8/1
f 331/8/1 334/3/1 333/6/1
f 334/6/4 331/12/4 335/8/4
f 335/8/4 336/3/4 334/6/4
f 336/6/2 335/12/2 337/8/2
f 337/8/2 338/3/2 336/6/2
f 338/6/3 337/12/3 332/8/3
f 332/8/3 333/3/3 338/6/3
f 338/6/10 333/12/10 334/8/10
f 334/8/10 336/3/10 338/6/10
f 332/6/9 337/12/9 335/8/9
f 335/8/9 331/3/9 332/6/9
f 341/6/1 340/12/1 339/8/1
f 339/8/1 342/3/1 341/6/1
f 342/6/4 339/12/4 343/8/4
f 343/8/4 344/3/4 342/6/4
f 344/6/2 343/12/2 345/8/2
f 345/8/2 346/3/2 344/6/2
f 346/6/3 345/12/3 340/8/3
f 340/8/3 341/3/3 346/6/3
f 346/6/10 341/12/10 342/8/10
f 342/8/10 344/3/10 346/6/10
f 340/6/9 345/12/9 343/8/9
f 343/8/9 339/3/9 340/6/9
f 349/6/1 348/12/1 347/8/1
f 347/8/1 350/3/1 349/6/1
f 350/6/4 347/12/4 351/8/4
f 351/8/4 352/3/4 350/6/4
f 352/6/2 351/12/2 353/8/2
f 353/8/2 354/3/2 352/6/2
f 354/6/3 353/12/3 348/8/3
f 348/8/3 349/3/3 354/6/3
f 354/6/10 349/12/10 350/8/10
f 350/8/10 352/3/10 354/6/10
f 348/6/9 353/12/9 351/8/9
f 351/8/9 347/3/9 348/6/9
f 357/6/1 356/12/1 355/8/1
f 355/8/1 358/3/1 357/6/1
f 358/6/4 355/12/4 359/8/4
f 359/8/4 360/3/4 358/6/4
f 360/6/2 359/12/2 361/8/2
f 361/8/2 362/3/2 360/6/2
f 362/6/3 361/12/3 356/8/3
f 356/8/3 357/3/3 362/6/3
f 362/6/10 357/12/10 358/8/10
f 358/8/10 360/3/10 362/6/10
f 356/6/9 361/12/9 359/8/9
f 359/8/9 355/3/9 356/6/9
f 365/6/1 364/12/1 363/8/1
f 363/8/1 366/3/1 365/6/1
f 366/6/4 363/12/4 367/8/4
f 367/8/4 368/3/4 366/6/4
f 368/6/2 367/12/2 369/8/2
f 369/8/2 370/3/2 368/6/2
f 370/6/3 369/12/3 364/8/3
f 364/8/3 365/3/3 370/6/3
f 370/6/10 365/12/10 366/8/10
f 366/8/10 368/3/10 370/6/10
f 364/6/9 369/12/9 367/8/9
f 367/8/9 363/3/9 364/6/9
f 252/6/1 372/26/1 371/25/1
f 371/25/1 251/3/1 252/6/1
f 251/6/10 371/26/10 373/25/10
f 373/25/10 254/3/10 251/6/10
f 254/6/2 373/26/2 374/25/2
f 374/25/2 253/3/2 254/6/2
f 253/6/9 374/26/9 372/25/9
f 372/25/9 252/3/9 253/6/9
f 264/6/1 376/26/1 375/25/1
f 375/25/1 263/3/1 264/6/1
f 263/6/10 375/26/10 377/25/10
f 377/25/10 266/3/10 263/6/10
f 380/6/2 379/12/2 378/8/2
f 378/8/2 381/3/2 380/6/2
f 384/6/2 383/12/2 382/8/2
f 382/8/2 385/3/2 384/6/2
f 388/23/4 387/23/4 386/24/4
f 386/24/4 389/24/4 388/23/4
f 391/21/2 390/21/2 387/23/2
f 387/23/2 388/23/2 391/21/2
f 393/22/3 392/22/3 390/21/3
f 390/21/3 391/21/3 393/22/3
f 389/24/1 386/24/1 392/22/1
f 392/22/1 393/22/1 389/24/1
f 394/8/11 388/23/7 389/24/11
f 389/24/11 395/12/12 394/8/11
f 396/3/6 391/21/6 388/23/6
f 388/23/6 394/8/6 396/3/6
f 397/6/13 393/22/14 391/21/13
f 391/21/13 396/3/15 397/6/13
f 395/12/16 389/24/16 393/22/16
f 393/22/16 397/6/16 395/12/16
f 392/22/10 386/24/10 387/23/10
f 387/23/10 390/21/10 392/22/10
f 396/6/17 399/12/17 398/8/17
f 398/8/17 397/3/17 396/6/17
f 394/6/2 400/12/2 399/8/2
f 399/8/2 396/3/2 394/6/2
f 403/23/1 402/23/1 401/24/1
f 401/24/1 404/24/1 403/23/1
f 406/21/4 405/21/4 402/23/4
f 402/23/4 403/23/4 406/21/4
f 408/22/2 407/22/2 405/21/2
f 405/21/2 406/21/2 408/22/2
f 404/24/3 401/24/3 407/22/3
f 407/22/3 408/22/3 404/24/3
f 409/8/8 403/23/8 404/24/8
f 404/24/8 410/12/8 409/8/8
f 411/3/7 406/21/7 403/23/7
f 403/23/7 409/8/7 411/3/7
f 412/6/6 408/22/6 406/21/6
f 406/21/6 411/3/6 412/6/6
f 410/12/5 404/24/5 408/22/5
f 408/22/5 412/6/5 410/12/5
f 415/6/9 414/12/9 413/8/9
f 413/8/9 416/3/9 415/6/9
f 407/22/10 401/24/10 402/23/10
f 402/23/10 405/21/10 407/22/10
f 412/6/3 414/12/3 415/8/3
f 415/8/3 410/3/3 412/6/3
f 411/6/2 413/12/2 414/8/2
f 414/8/2 412/3/2 411/6/2
f 409/6/4 416/12/4 413/8/4
f 413/8/4 411/3/4 409/6/4
f 410/6/1 415/12/1 416/8/1
f 416/8/1 409/3/1 410/6/1
f 419/23/1 418/23/1 417/24/1
f 417/24/1 420/24/1 419/23/1
f 422/21/4 421/21/4 418/23/4
f 418/23/4 419/23/4 422/21/4
f 424/22/2 423/22/2 421/21/2
f 421/21/2 422/21/2 424/22/2
f 420/24/3 417/24/3 423/22/3
f 423/22/3 424/22/3 420/24/3
f 425/8/8 419/23/8 420/24/8
f 420/24/8 426/12/8 425/8/8
f 427/3/7 422/21/7 419/23/7
f 419/23/7 425/8/7 427/3/7
f 428/6/6 424/22/6 422/21/6
f 422/21/6 427/3/6 428/6/6
f 426/12/5 420/24/5 424/22/5
f 424/22/5 428/6/5 426/12/5
f 431/6/9 430/12/9 429/8/9
f 429/8/9 432/3/9 431/6/9
f 266/6/2 377/26/2 433/25/2
f 433/25/2 265/3/2 266/6/2
f 265/6/9 433/26/9 376/25/9
f 376/25/9 264/3/9 265/6/9
f 423/22/10 417/24/10 418/23/10
f 418/23/10 421/21/10 423/22/10
f 428/6/3 430/12/3 431/8/3
f 431/8/3 426/3/3 428/6/3
f 427/6/2 429/12/2 430/8/2
f 430/8/2 428/3/2 427/6/2
f 425/6/4 432/12/4 429/8/4
f 429/8/4 427/3/4 425/6/4
f 436/6/1 435/12/1 434/8/1
f 434/8/1 437/3/1 436/6/1
f 437/6/4 434/12/4 438/8/4
f 438/8/4 439/3/4 437/6/4
f 439/6/2 438/12/2 440/8/2
f 440/8/2 441/3/2 439/6/2
f 441/6/3 440/12/3 435/8/3
f 435/8/3 436/3/3 441/6/3
f 441/6/10 436/12/10 437/8/10
f 437/8/10 439/3/10 441/6/10
f 435/6/9 440/12/9 438/8/9
f 438/8/9 434/3/9 435/6/9
f 444/6/1 443/12/1 442/8/1
f 442/8/1 445/3/1 444/6/1
f 445/6/4 442/12/4 446/8/4
f 446/8/4 447/3/4 445/6/4
f 447/6/2 446/12/2 448/8/2
f 448/8/2 449/3/2 447/6/2
f 449/6/3 448/12/3 443/8/3
f 443/8/3 444/3/3 449/6/3
f 449/6/10 444/12/10 445/8/10
f 445/8/10 447/3/10 449/6/10
f 443/6/9 448/12/9 446/8/9
f 446/8/9 442/3/9 443/6/9
f 452/6/1 451/12/1 450/8/1
f 450/8/1 453/3/1 452/6/1
f 453/6/4 450/12/4 454/8/4
f 454/8/4 455/3/4 453/6/4
f 455/6/2 454/12/2 456/8/2
f 456/8/2 457/3/2 455/6/2
f 457/6/3 456/12/3 451/8/3
f 451/8/3 452/3/3 457/6/3
f 457/6/10 452/12/10 453/8/10
f 453/8/10 455/3/10 457/6/10
f 451/6/9 456/12/9 454/8/9
f 454/8/9 450/3/9 451/6/9
f 460/6/1 459/12/1 458/8/1
f 458/8/1 461/3/1 460/6/1
f 461/6/4 458/12/4 462/8/4
f 462/8/4 463/3/4 461/6/4
f 463/6/2 462/12/2 464/8/2
f 464/8/2 465/3/2 463/6/2
f 465/6/3 464/12/3 459/8/3
f 459/8/3 460/3/3 465/6/3
f 465/6/10 460/12/10 461/8/10
f 461/8/10 463/3/10 465/6/10
f 459/6/9 464/12/9 462/8/9
f 462/8/9 458/3/9 459/6/9
f 468/6/1 467/12/1 466/8/1
f 466/8/1 469/3/1 468/6/1
f 469/6/4 466/12/4 470/8/4
f 470/8/4 471/3/4 469/6/4
f 471/6/2 470/12/2 472/8/2
f 472/8/2 473/3/2 471/6/2
f 473/6/3 472/12/3 467/8/3
f 467/8/3 468/3/3 473/6/3
f 473/6/10 468/12/10 469/8/10
f 469/8/10 471/3/10 473/6/10
f 467/6/9 472/12/9 470/8/9
f 470/8/9 466/3/9 467/6/9
f 476/6/1 475/12/1 474/8/1
f 474/8/1 477/3/1 476/6/1
f 477/6/4 474/12/4 478/8/4
f 478/8/4 479/3/4 477/6/4
f 479/6/2 478/12/2 480/8/2
f 480/8/2 481/3/2 479/6/2
f 481/6/3 480/12/3 475/8/3
f 475/8/3 476/3/3 481/6/3
f 481/6/10 476/12/10 477/8/10
f 477/8/10 479/3/10 481/6/10
f 475/6/9 480/12/9 478/8/9
f 478/8/9 474/3/9 475/6/9
f 484/6/1 483/12/1 482/8/1
f 482/8/1 485/3/1 484/6/1
f 485/6/4 482/12/4 486/8/4
f 486/8/4 487/3/4 485/6/4
f 487/6/2 486/12/2 488/8/2
f 488/8/2 489/3/2 487/6/2
f 489/6/3 488/12/3 483/8/3
f 483/8/3 484/3/3 489/6/3
f 489/6/10 484/12/10 485/8/10
f 485/8/10 487/3/10 489/6/10
f 483/6/9 488/12/9 486/8/9
f 486/8/9 482/3/9 483/6/9
f 492/6/1 491/12/1 490/8/1
f 490/8/1 493/3/1 492/6/1
f 493/6/4 490/12/4 494/8/4
f 494/8/4 495/3/4 493/6/4
f 495/6/2 494/12/2 496/8/2
f 496/8/2 497/3/2 495/6/2
f 497/6/3 496/12/3 491/8/3
f 491/8/3 492/3/3 497/6/3
f 497/6/10 492/12/10 493/8/10
f 493/8/10 495/3/10 497/6/10
f 491/6/9 496/12/9 494/8/9
f 494/8/9 490/3/9 491/6/9
f 500/6/1 499/12/1 498/8/1
f 498/8/1 501/3/1 500/6/1
f 501/6/4 498/12/4 502/8/4
f 502/8/4 503/3/4 501/6/4
f 503/6/2 502/12/2 504/8/2
f 504/8/2 505/3/2 503/6/2
f 505/6/3 504/12/3 499/8/3
f 499/8/3 500/3/3 505/6/3
f 505/6/10 500/12/10 501/8/10
f 501/8/10 503/3/10 505/6/10
f 499/6/9 504/12/9 502/8/9
f 502/8/9 498/3/9 499/6/9
f 508/6/1 507/12/1 506/8/1
f 506/8/1 509/3/1 508/6/1
f 509/6/4 506/12/4 510/8/4
f 510/8/4 511/3/4 509/6/4
f 511/6/2 510/12/2 512/8/2
f 512/8/2 513/3/2 511/6/2
f 513/6/3 512/12/3 507/8/3
f 507/8/3 508/3/3 513/6/3
f 513/6/10 508/12/10 509/8/10
f 509/8/10 511/3/10 513/6/10
f 507/6/9 512/12/9 510/8/9
f 510/8/9 506/3/9 507/6/9
f 516/6/1 515/12/1 514/8/1
f 514/8/1 517/3/1 516/6/1
f 517/6/4 514/12/4 518/8/4
f 518/8/4 519/3/4 517/6/4
f 519/6/2 518/12/2 520/8/2
f 520/8/2 521/3/2 519/6/2
f 521/6/3 520/12/3 515/8/3
f 515/8/3 516/3/3 521/6/3
f 521/6/10 516/12/10 517/8/10
f 517/8/10 519/3/10 521/6/10
f 515/6/9 520/12/9 518/8/9
f 518/8/9 514/3/9 515/6/9
f 524/6/1 523/12/1 522/8/1
f 522/8/1 525/3/1 524/6/1
f 525/6/4 522/12/4 526/8/4
f 526/8/4 527/3/4 525/6/4
f 527/6/2 526/12/2 528/8/2
f 528/8/2 529/3/2 527/6/2
f 529/6/3 528/12/3 523/8/3
f 523/8/3 524/3/3 529/6/3
f 529/6/10 524/12/10 525/8/10
f 525/8/10 527/3/10 529/6/10
f 523/6/9 528/12/9 526/8/9
f 526/8/9 522/3/9 523/6/9
f 532/6/1 531/12/1 530/8/1
f 530/8/1 533/3/1 532/6/1
f 533/6/4 530/12/4 534/8/4
f 534/8/4 535/3/4 533/6/4
f 535/6/2 534/12/2 536/8/2
f 536/8/2 537/3/2 535/6/2
f 537/6/3 536/12/3 531/8/3
f 531/8/3 532/3/3 537/6/3
f 537/6/10 532/12/10 533/8/10
f 533/8/10 535/3/10 537/6/10
f 531/6/9 536/12/9 534/8/9
f 534/8/9 530/3/9 531/6/9
f 397/6/1 398/12/1 538/8/1
f 538/8/1 395/3/1 397/6/1
f 395/6/18 538/12/18 400/8/18
f 400/8/18 394/3/18 395/6/18
f 398/6/19 399/12/19 400/8/19
f 400/8/19 538/3/19 398/6/19
f 541/6/1 540/12/1 539/8/1
f 539/8/1 542/3/1 541/6/1
f 542/6/4 539/12/4 543/8/4
f 543/8/4 544/3/4 542/6/4
f 544/6/2 543/12/2 545/8/2
f 545/8/2 546/3/2 544/6/2
f 546/6/3 545/12/3 540/8/3
f 540/8/3 541/3/3 546/6/3
f 549/22/10 548/24/10 547/23/10
f 547/23/10 550/21/10 549/22/10
f 540/6/9 545/12/9 543/8/9
f 543/8/9 539/3/9 540/6/9
f 541/12/5 552/24/5 551/22/5
f 551/22/5 546/6/5 541/12/5
f 546/6/6 551/22/6 553/21/6
f 553/21/6 544/3/6 546/6/6
f 544/3/7 553/21/7 554/23/7
f 554/23/7 542/8/7 544/3/7
f 542/8/8 554/23/8 552/24/8
f 552/24/8 541/12/8 542/8/8
f 552/24/3 548/24/3 549/22/3
f 549/22/3 551/22/3 552/24/3
f 551/22/2 549/22/2 550/21/2
f 550/21/2 553/21/2 551/22/2
f 553/21/4 550/21/4 547/23/4
f 547/23/4 554/23/4 553/21/4
f 554/23/1 547/23/1 548/24/1
f 548/24/1 552/24/1 554/23/1
f 557/6/1 556/12/1 555/8/1
f 555/8/1 558/3/1 557/6/1
f 558/6/4 555/12/4 559/8/4
f 559/8/4 560/3/4 558/6/4
f 560/6/2 559/12/2 561/8/2
f 561/8/2 562/3/2 560/6/2
f 562/6/3 561/12/3 556/8/3
f 556/8/3 557/3/3 562/6/3
f 565/22/10 564/24/10 563/23/10
f 563/23/10 566/21/10 565/22/10
f 556/6/9 561/12/9 559/8/9
f 559/8/9 555/3/9 556/6/9
f 557/12/5 568/24/5 567/22/5
f 567/22/5 562/6/5 557/12/5
f 562/6/6 567/22/6 569/21/6
f 569/21/6 560/3/6 562/6/6
f 560/3/7 569/21/7 570/23/7
f 570/23/7 558/8/7 560/3/7
f 558/8/8 570/23/8 568/24/8
f 568/24/8 557/12/8 558/8/8
f 568/24/3 564/24/3 565/22/3
f 565/22/3 567/22/3 568/24/3
f 567/22/2 565/22/2 566/21/2
f 566/21/2 569/21/2 567/22/2
f 569/21/4 566/21/4 563/23/4
f 563/23/4 570/23/4 569/21/4
f 570/23/1 563/23/1 564/24/1
f 564/24/1 568/24/1 570/23/1
f 573/6/1 572/12/1 571/8/1
f 571/8/1 574/3/1 573/6/1
f 574/6/4 571/12/4 575/8/4
f 575/8/4 576/3/4 574/6/4
f 576/6/2 575/12/2 577/8/2
f 577/8/2 578/3/2 576/6/2
f 578/6/3 577/12/3 572/8/3
f 572/8/3 573/3/3 578/6/3
f 581/22/10 580/24/10 579/23/10
f 579/23/10 582/21/10 581/22/10
f 572/6/9 577/12/9 575/8/9
f 575/8/9 571/3/9 572/6/9
f 573/12/5 584/24/5 583/22/5
f 583/22/5 578/6/5 573/12/5
f 578/6/6 583/22/6 585/21/6
f 585/21/6 576/3/6 578/6/6
f 576/3/7 585/21/7 586/23/7
f 586/23/7 574/8/7 576/3/7
f 574/8/8 586/23/8 584/24/8
f 584/24/8 573/12/8 574/8/8
f 584/24/3 580/24/3 581/22/3
f 581/22/3 583/22/3 584/24/3
f 583/22/2 581/22/2 582/21/2
f 582/21/2 585/21/2 583/22/2
f 585/21/4 582/21/4 579/23/4
f 579/23/4 586/23/4 585/21/4
f 586/23/1 579/23/1 580/24/1
f 580/24/1 584/24/1 586/23/1
f 426/6/1 431/12/1 432/8/1
f 432/8/1 425/3/1 426/6/1
f 589/6/1 588/12/1 587/8/1
f 587/8/1 590/3/1 589/6/1
f 590/6/3 587/12/3 591/8/3
f 591/8/3 592/3/3 590/6/3
f 592/6/2 591/12/2 593/8/2
f 593/8/2 594/3/2 592/6/2
f 594/6/4 593/12/4 588/8/4
f 588/8/4 589/3/4 594/6/4
f 594/6/9 589/12/9 590/8/9
f 590/8/9 592/3/9 594/6/9
f 588/6/10 593/12/10 591/8/10
f 591/8/10 587/3/10 588/6/10
f 597/6/10 596/12/10 595/8/10
f 595/8/10 598/3/10 597/6/10
f 598/6/3 595/12/3 599/8/3
f 599/8/3 600/3/3 598/6/3
f 600/6/9 599/12/9 601/8/9
f 601/8/9 602/3/9 600/6/9
f 602/6/4 601/12/4 596/8/4
f 596/8/4 597/3/4 602/6/4
f 602/6/1 597/12/1 598/8/1
f 598/8/1 600/3/1 602/6/1
f 596/6/2 601/12/2 599/8/2
f 599/8/2 595/3/2 596/6/2
f 605/6/10 604/12/10 603/8/10
f 603/8/10 606/3/10 605/6/10
f 606/6/3 603/12/3 607/8/3
f 607/8/3 608/3/3 606/6/3
f 608/6/9 607/12/9 609/8/9
f 609/8/9 610/3/9 608/6/9
f 610/6/4 609/12/4 604/8/4
f 604/8/4 605/3/4 610/6/4
f 610/6/1 605/12/1 606/8/1
f 606/8/1 608/3/1 610/6/1
f 604/6/2 609/12/2 607/8/2
f 607/8/2 603/3/2 604/6/2
f 613/6/1 612/12/1 611/8/1
f 611/8/1 614/3/1 613/6/1
f 614/6/3 611/12/3 615/8/3
f 615/8/3 616/3/3 614/6/3
f 616/6/2 615/12/2 617/8/2
f 617/8/2 618/3/2 616/6/2
f 618/6/4 617/12/4 612/8/4
f 612/8/4 613/3/4 618/6/4
f 618/6/9 613/12/9 614/8/9
f 614/8/9 616/3/9 618/6/9
f 612/6/10 617/12/10 615/8/10
f 615/8/10 611/3/10 612/6/10
f 621/6/1 620/12/1 619/8/1
f 619/8/1 622/3/1 621/6/1
f 622/6/3 619/12/3 623/8/3
f 623/8/3 624/3/3 622/6/3
f 624/6/2 623/12/2 625/8/2
f 625/8/2 626/3/2 624/6/2
f 626/6/4 625/12/4 620/8/4
f 620/8/4 621/3/4 626/6/4
f 626/6/9 621/12/9 622/8/9
f 622/8/9 624/3/9 626/6/9
f 620/6/10 625/12/10 623/8/10
f 623/8/10 619/3/10 620/6/10
f 629/6/1 628/12/1 627/8/1
f 627/8/1 630/3/1 629/6/1
f 630/6/3 627/12/3 631/8/3
f 631/8/3 632/3/3 630/6/3
f 632/6/2 631/12/2 633/8/2
f 633/8/2 634/3/2 632/6/2
f 634/6/4 633/12/4 628/8/4
f 628/8/4 629/3/4 634/6/4
f 634/6/9 629/12/9 630/8/9
f 630/8/9 632/3/9 634/6/9
f 628/6/10 633/12/10 631/8/10
f 631/8/10 627/3/10 628/6/10
f 637/29/2 636/12/2 635/11/2
f 635/11/2 638/30/2 637/29/2
f 638/30/2 635/11/2 639/9/2
f 639/9/2 641/32/2 638/30/2
f 640/31/2 637/29/2 638/30/2
f 638/30/2 644/34/2 640/31/2
f 641/32/2 639/9/2 642/8/2
f 642/8/2 643/33/2 641/32/2
f 645/35/2 641/32/2 643/33/2
f 643/33/2 646/36/2 645/35/2
f 10/6/2 640/31/2 644/34/2
f 644/34/2 9/5/2 10/6/2
f 8/2/2 9/5/2 644/34/2
f 644/34/2 645/35/2 8/2/2
f 7/3/2 8/2/2 645/35/2
f 645/35/2 646/36/2 7/3/2
f 643/29/3 642/12/3 647/8/3
f 647/8/3 648/33/3 643/29/3
f 646/31/3 643/29/3 648/33/3
f 648/33/3 649/36/3 646/31/3
f 7/6/3 646/31/3 649/36/3
f 649/36/3 3/3/3 7/6/3
f 648/29/1 647/12/1 650/37/1
f 650/37/1 651/38/1 648/29/1
f 651/38/1 650/37/1 652/39/1
f 652/39/1 653/40/1 651/38/1
f 649/31/1 648/29/1 651/38/1
f 651/38/1 656/41/1 649/31/1
f 653/40/1 652/39/1 654/8/1
f 654/8/1 655/33/1 653/40/1
f 656/41/1 651/38/1 653/40/1
f 653/40/1 657/44/1 656/41/1
f 3/6/1 649/31/1 656/41/1
f 656/41/1 2/42/1 3/6/1
f 4/43/1 2/42/1 656/41/1
f 656/41/1 657/44/1 4/43/1
f 657/44/1 653/40/1 655/33/1
f 655/33/1 658/36/1 657/44/1
f 5/3/1 4/43/1 657/44/1
f 657/44/1 658/36/1 5/3/1
f 655/29/4 654/12/4 636/8/4
f 636/8/4 637/33/4 655/29/4
f 658/31/4 655/29/4 637/33/4
f 637/33/4 640/36/4 658/31/4
f 5/6/4 658/31/4 640/36/4
f 640/36/4 10/3/4 5/6/4
f 661/47/9 660/46/9 659/45/9
f 659/45/9 662/48/9 661/47/9
f 663/49/9 662/48/9 659/45/9
f 659/45/9 664/50/9 663/49/9
f 665/51/9 663/49/9 664/50/9
f 664/50/9 666/52/9 665/51/9
f 667/46/3 660/46/3 661/47/3
f 661/47/3 668/47/3 667/46/3
f 669/46/3 667/46/3 668/47/3
f 668/47/3 670/47/3 669/46/3
f 671/46/3 669/46/3 670/47/3
f 670/47/3 672/47/3 671/46/3
f 668/47/1 661/47/1 662/48/1
f 662/48/1 673/48/1 668/47/1
f 673/48/1 662/48/1 663/49/1
f 663/49/1 674/49/1 673/48/1
f 670/47/1 668/47/1 673/48/1
f 673/48/1 676/48/1 670/47/1
f 674/49/1 663/49/1 665/51/1
f 665/51/1 675/51/1 674/49/1
f 677/49/1 674/49/1 675/51/1
f 675/51/1 680/51/1 677/49/1
f 672/47/1 670/47/1 676/48/1
f 676/48/1 678/48/1 672/47/1
f 679/49/1 678/48/1 676/48/1
f 676/48/1 677/49/1 679/49/1
f 681/51/1 679/49/1 677/49/1
f 677/49/1 680/51/1 681/51/1
f 675/51/4 665/51/4 666/52/4
f 666/52/4 682/52/4 675/51/4
f 680/51/4 675/51/4 682/52/4
f 682/52/4 683/52/4 680/51/4
f 681/51/4 680/51/4 683/52/4
f 683/52/4 684/52/4 681/51/4
f 682/52/2 666/52/2 664/50/2
f 664/50/2 685/50/2 682/52/2
f 685/50/2 664/50/2 659/45/2
f 659/45/2 686/45/2 685/50/2
f 683/52/2 682/52/2 685/50/2
f 685/50/2 687/50/2 683/52/2
f 686/45/2 659/45/2 660/46/2
f 660/46/2 667/46/2 686/45/2
f 687/50/2 685/50/2 686/45/2
f 686/45/2 690/45/2 687/50/2
f 684/52/2 683/52/2 687/50/2
f 687/50/2 688/50/2 684/52/2
f 689/45/2 688/50/2 687/50/2
f 687/50/2 690/45/2 689/45/2
f 690/45/2 686/45/2 667/46/2
f 667/46/2 669/46/2 690/45/2
f 671/46/2 689/45/2 690/45/2
f 690/45/2 669/46/2 671/46/2
f 3/3/20 1/3/20 6/8/20
f 6/8/20 7/8/20 3/3/20
f 677/3/10 676/6/10 638/12/10
f 638/12/10 641/8/10 677/3/10
f 641/3/4 645/6/4 674/12/4
f 674/12/4 677/8/4 641/3/4
f 644/3/3 638/6/3 676/12/3
f 676/12/3 673/8/3 644/3/3
f 673/3/9 674/6/9 645/12/9
f 645/12/9 644/8/9 673/3/9
f 10/12/21 6/12/21 1/6/21
f 1/6/21 5/6/21 10/12/21
f 693/55/2 692/54/10 691/53/10
f 691/53/10 694/56/2 693/55/2
f 695/57/2 693/55/2 694/56/2
f 694/56/2 697/59/2 695/57/2
f 696/58/2 694/56/2 691/53/10
f 691/53/10 698/60/10 696/58/2
f 699/61/2 695/57/2 697/59/2
f 697/59/2 703/66/2 699/61/2
f 700/62/2 696/58/2 698/60/10
f 698/60/10 13/63/10 700/62/2
f 696/58/2 700/62/2 701/64/2
f 701/64/2 702/65/2 696/58/2
f 704/67/2 699/61/2 703/66/2
f 703/66/2 706/69/2 704/67/2
f 705/68/2 703/66/2 697/59/2
f 697/59/2 702/65/2 705/68/2
f 20/6/2 704/67/2 706/69/2
f 706/69/2 707/70/2 20/6/2
f 708/71/2 707/70/2 706/69/2
f 706/69/2 709/72/2 708/71/2
f 710/73/2 708/71/2 709/72/2
f 709/72/2 711/74/2 710/73/2
f 711/74/2 709/72/2 705/68/2
f 705/68/2 713/76/2 711/74/2
f 712/75/2 710/73/2 711/74/2
f 711/74/2 714/77/2 712/75/2
f 713/76/2 705/68/2 702/65/2
f 702/65/2 701/64/2 713/76/2
f 714/77/2 711/74/2 713/76/2
f 713/76/2 716/79/2 714/77/2
f 715/78/2 712/75/2 714/77/2
f 714/77/2 718/81/2 715/78/2
f 716/79/2 713/76/2 701/64/2
f 701/64/2 717/80/2 716/79/2
f 718/81/2 714/77/2 716/79/2
f 716/79/2 720/83/2 718/81/2
f 719/82/2 715/78/2 718/81/2
f 718/81/2 721/84/2 719/82/2
f 720/83/2 716/79/2 717/80/2
f 717/80/2 725/88/2 720/83/2
f 26/3/2 719/82/2 721/84/2
f 721/84/2 722/85/2 26/3/2
f 722/85/2 721/84/2 723/86/2
f 723/86/2 724/87/2 722/85/2
f 723/86/2 720/83/2 725/88/2
f 725/88/2 726/90/2 723/86/2
f 725/88/2 717/80/2 18/89/2
f 18/89/2 728/92/2 725/88/2
f 724/87/2 723/86/2 726/90/2
f 726/90/2 727/91/2 724/87/2
f 728/92/2 18/89/2 15/93/2
f 15/93/2 729/94/2 728/92/2
f 727/91/2 726/90/2 730/95/2
f 730/95/2 731/96/2 727/91/2
f 730/95/2 728/92/2 729/94/2
f 729/94/2 732/97/2 730/95/2
f 731/96/2 730/95/2 732/97/2
f 732/97/2 733/98/2 731/96/2
f 736/55/1 735/54/1 734/99/1
f 734/99/1 737/100/1 736/55/1
f 738/57/1 736/55/1 737/100/1
f 737/100/1 740/102/1 738/57/1
f 739/101/1 737/100/1 734/99/1
f 734/99/1 741/103/1 739/101/1
f 742/61/1 738/57/1 740/102/1
f 740/102/1 745/106/1 742/61/1
f 743/104/1 739/101/1 741/103/1
f 741/103/1 744/105/1 743/104/1
f 746/67/1 742/61/1 745/106/1
f 745/106/1 748/108/1 746/67/1
f 747/107/1 745/106/1 740/102/1
f 740/102/1 753/113/1 747/107/1
f 24/6/1 746/67/1 748/108/1
f 748/108/1 749/109/1 24/6/1
f 750/110/1 749/109/1 748/108/1
f 748/108/1 751/111/1 750/110/1
f 752/112/1 750/110/1 751/111/1
f 751/111/1 754/114/1 752/112/1
f 754/114/1 751/111/1 747/107/1
f 747/107/1 756/116/1 754/114/1
f 755/115/1 752/112/1 754/114/1
f 754/114/1 757/117/1 755/115/1
f 756/116/1 747/107/1 753/113/1
f 753/113/1 759/119/1 756/116/1
f 757/117/1 754/114/1 756/116/1
f 756/116/1 762/122/1 757/117/1
f 758/118/1 755/115/1 757/117/1
f 757/117/1 760/120/1 758/118/1
f 759/119/1 753/113/1 739/101/1
f 739/101/1 743/104/1 759/119/1
f 761/121/1 758/118/1 760/120/1
f 760/120/1 763/123/1 761/121/1
f 762/122/1 756/116/1 759/119/1
f 759/119/1 768/126/1 762/122/1
f 760/120/1 757/117/1 762/122/1
f 762/122/1 766/125/1 760/120/1
f 22/3/1 761/121/1 763/123/1
f 763/123/1 764/85/1 22/3/1
f 764/85/1 763/123/1 765/124/1
f 765/124/1 767/87/1 764/85/1
f 768/126/1 759/119/1 743/104/1
f 743/104/1 774/130/1 768/126/1
f 766/125/1 762/122/1 768/126/1
f 768/126/1 771/128/1 766/125/1
f 767/87/1 765/124/1 769/127/1
f 769/127/1 770/91/1 767/87/1
f 765/124/1 766/125/1 771/128/1
f 771/128/1 769/127/1 765/124/1
f 770/91/1 769/127/1 772/129/1
f 772/129/1 773/96/1 770/91/1
f 771/128/1 768/126/1 774/130/1
f 774/130/1 776/132/1 771/128/1
f 774/130/1 743/104/1 744/105/1
f 744/105/1 775/131/1 774/130/1
f 776/132/1 774/130/1 775/131/1
f 775/131/1 777/133/1 776/132/1
f 772/129/1 776/132/1 777/133/1
f 777/133/1 778/134/1 772/129/1
f 773/96/1 772/129/1 778/134/1
f 778/134/1 779/98/1 773/96/1
f 773/55/4 779/54/4 780/135/4
f 780/135/4 781/136/4 773/55/4
f 781/136/4 780/135/4 782/137/4
f 782/137/4 783/138/4 781/136/4
f 770/57/4 773/55/4 781/136/4
f 781/136/4 784/139/4 770/57/4
f 767/61/4 770/57/4 784/139/4
f 784/139/4 786/141/4 767/61/4
f 783/138/4 782/137/4 785/140/4
f 785/140/4 794/149/4 783/138/4
f 764/67/4 767/61/4 786/141/4
f 786/141/4 788/143/4 764/67/4
f 786/141/4 784/139/4 787/142/4
f 787/142/4 793/148/4 786/141/4
f 22/6/4 764/67/4 788/143/4
f 788/143/4 789/144/4 22/6/4
f 790/145/4 789/144/4 788/143/4
f 788/143/4 791/146/4 790/145/4
f 792/147/4 790/145/4 791/146/4
f 791/146/4 802/157/4 792/147/4
f 787/142/4 783/138/4 794/149/4
f 794/149/4 795/150/4 787/142/4
f 793/148/4 787/142/4 795/150/4
f 795/150/4 800/155/4 793/148/4
f 796/151/4 794/149/4 785/140/4
f 785/140/4 797/152/4 796/151/4
f 796/151/4 797/152/4 692/98/4
f 692/98/4 693/96/4 796/151/4
f 798/153/4 796/151/4 693/96/4
f 693/96/4 695/91/4 798/153/4
f 799/154/4 798/153/4 695/91/4
f 695/91/4 699/87/4 799/154/4
f 795/150/4 798/153/4 799/154/4
f 799/154/4 800/155/4 795/150/4
f 791/146/4 793/148/4 800/155/4
f 800/155/4 802/157/4 791/146/4
f 801/156/4 799/154/4 699/87/4
f 699/87/4 704/85/4 801/156/4
f 803/158/4 792/147/4 802/157/4
f 802/157/4 801/156/4 803/158/4
f 20/3/4 803/158/4 801/156/4
f 801/156/4 704/85/4 20/3/4
f 806/161/10 805/160/9 804/159/10
f 804/159/10 807/162/10 806/161/10
f 807/162/10 804/159/10 808/163/10
f 808/163/10 811/166/10 807/162/10
f 806/161/10 807/162/10 809/164/10
f 809/164/10 810/165/10 806/161/10
f 811/166/10 808/163/10 812/167/10
f 812/167/10 817/172/10 811/166/10
f 813/168/10 809/164/10 807/162/10
f 807/162/10 811/166/10 813/168/10
f 810/165/10 809/164/10 814/169/10
f 814/169/10 815/170/10 810/165/10
f 816/171/10 815/170/10 814/169/10
f 814/169/10 820/175/10 816/171/10
f 817/172/10 812/167/10 818/173/10
f 818/173/10 823/178/10 817/172/10
f 819/174/10 814/169/10 809/164/10
f 809/164/10 813/168/10 819/174/10
f 820/175/10 814/169/10 819/174/10
f 819/174/10 830/186/10 820/175/10
f 821/176/10 816/171/10 820/175/10
f 820/175/10 833/190/10 821/176/10
f 822/177/10 813/168/10 811/166/10
f 811/166/10 817/172/10 822/177/10
f 823/178/10 818/173/10 824/179/9
f 824/179/9 825/180/10 823/178/10
f 823/178/10 825/180/10 826/181/10
f 826/181/10 827/182/10 823/178/10
f 817/172/10 823/178/10 827/182/10
f 827/182/10 822/177/10 817/172/10
f 827/182/10 826/181/10 11/183/10
f 11/183/10 829/185/10 827/182/10
f 828/184/10 819/174/10 813/168/10
f 813/168/10 822/177/10 828/184/10
f 822/177/10 827/182/10 829/185/10
f 829/185/10 828/184/10 822/177/10
f 830/186/10 819/174/10 828/184/10
f 828/184/10 832/189/10 830/186/10
f 831/187/10 829/185/10 11/183/10
f 11/183/10 14/188/10 831/187/10
f 832/189/10 828/184/10 829/185/10
f 829/185/10 831/187/10 832/189/10
f 833/190/10 820/175/10 830/186/10
f 830/186/10 837/194/10 833/190/10
f 834/191/10 831/187/10 14/188/10
f 14/188/10 835/192/10 834/191/10
f 834/191/10 835/192/10 836/193/10
f 836/193/10 839/196/10 834/191/10
f 837/194/10 830/186/10 832/189/10
f 832/189/10 838/195/10 837/194/10
f 838/195/10 832/189/10 831/187/10
f 831/187/10 834/191/10 838/195/10
f 838/195/10 834/191/10 839/196/10
f 839/196/10 842/199/10 838/195/10
f 839/196/10 836/193/10 840/197/9
f 840/197/9 841/198/10 839/196/10
f 842/199/10 839/196/10 841/198/10
f 841/198/10 843/200/10 842/199/10
f 837/194/10 838/195/10 842/199/10
f 842/199/10 844/16/10 837/194/10
f 844/16/10 842/199/10 843/200/10
f 843/200/10 845/201/10 844/16/10
f 833/190/10 837/194/10 844/16/10
f 844/16/10 846/14/10 833/190/10
f 846/14/10 844/16/10 845/201/10
f 845/201/10 847/202/10 846/14/10
f 821/176/10 833/190/10 846/14/10
f 846/14/10 848/203/10 821/176/10
f 848/203/10 846/14/10 847/202/10
f 847/202/10 849/204/9 848/203/10
f 731/55/3 733/54/3 850/205/3
f 850/205/3 851/206/3 731/55/3
f 727/57/3 731/55/3 851/206/3
f 851/206/3 853/207/3 727/57/3
f 852/136/3 851/206/3 850/205/3
f 850/205/3 854/135/3 852/136/3
f 852/136/3 854/135/3 855/137/3
f 855/137/3 856/138/3 852/136/3
f 724/61/3 727/57/3 853/207/3
f 853/207/3 862/208/3 724/61/3
f 856/138/3 855/137/3 857/140/3
f 857/140/3 859/149/3 856/138/3
f 858/139/3 852/136/3 856/138/3
f 856/138/3 861/142/3 858/139/3
f 859/149/3 857/140/3 735/98/3
f 735/98/3 736/96/3 859/149/3
f 860/150/3 859/149/3 736/96/3
f 736/96/3 738/91/3 860/150/3
f 722/67/3 724/61/3 862/208/3
f 862/208/3 864/209/3 722/67/3
f 853/207/3 858/139/3 863/141/3
f 863/141/3 862/208/3 853/207/3
f 863/141/3 858/139/3 861/142/3
f 861/142/3 868/148/3 863/141/3
f 26/6/3 722/67/3 864/209/3
f 864/209/3 865/210/3 26/6/3
f 866/144/3 865/210/3 864/209/3
f 864/209/3 867/143/3 866/144/3
f 868/148/3 861/142/3 860/150/3
f 860/150/3 869/155/3 868/148/3
f 867/143/3 863/141/3 868/148/3
f 868/148/3 870/146/3 867/143/3
f 869/155/3 860/150/3 738/91/3
f 738/91/3 742/87/3 869/155/3
f 866/144/3 867/143/3 870/146/3
f 870/146/3 871/145/3 866/144/3
f 872/157/3 869/155/3 742/87/3
f 742/87/3 746/85/3 872/157/3
f 871/145/3 870/146/3 872/157/3
f 872/157/3 873/147/3 871/145/3
f 872/157/3 746/85/3 24/3/3
f 24/3/3 873/147/3 872/157/3
f 732/97/1 733/98/1 874/8/1
f 874/8/1 875/211/1 732/97/1
f 729/94/1 732/97/1 875/211/1
f 875/211/1 876/212/1 729/94/1
f 15/93/1 729/94/1 876/212/1
f 876/212/1 16/213/1 15/93/1
f 797/152/3 692/98/3 877/8/3
f 877/8/3 878/214/3 797/152/3
f 785/140/3 797/152/3 878/214/3
f 878/214/3 879/215/3 785/140/3
f 782/137/3 785/140/3 879/215/3
f 879/215/3 880/216/3 782/137/3
f 780/135/3 782/137/3 880/216/3
f 880/216/3 881/217/3 780/135/3
f 779/54/3 780/135/3 881/217/3
f 881/217/3 882/12/3 779/54/3
f 778/134/2 779/98/2 882/8/2
f 882/8/2 883/218/2 778/134/2
f 777/133/2 778/134/2 883/218/2
f 883/218/2 884/219/2 777/133/2
f 775/131/2 777/133/2 884/219/2
f 884/219/2 885/220/2 775/131/2
f 744/105/2 775/131/2 885/220/2
f 885/220/2 886/221/2 744/105/2
f 741/103/2 744/105/2 886/221/2
f 886/221/2 887/222/2 741/103/2
f 734/99/2 741/103/2 887/222/2
f 887/222/2 888/223/2 734/99/2
f 735/54/2 734/99/2 888/223/2
f 888/223/2 889/12/2 735/54/2
f 857/140/4 735/98/4 889/8/4
f 889/8/4 890/215/4 857/140/4
f 855/137/4 857/140/4 890/215/4
f 890/215/4 891/216/4 855/137/4
f 854/135/4 855/137/4 891/216/4
f 891/216/4 892/217/4 854/135/4
f 850/205/4 854/135/4 892/217/4
f 892/217/4 893/224/4 850/205/4
f 733/54/4 850/205/4 893/224/4
f 893/224/4 874/12/4 733/54/4
f 896/8/2 895/98/2 894/225/2
f 894/225/2 897/226/2 896/8/2
f 898/227/2 897/226/2 894/225/2
f 894/225/2 899/228/2 898/227/2
f 900/229/2 898/227/2 899/228/2
f 899/228/2 901/230/2 900/229/2
f 904/8/4 903/98/4 902/231/4
f 902/231/4 905/232/4 904/8/4
f 906/215/4 905/232/4 902/231/4
f 902/231/4 907/140/4 906/215/4
f 906/215/4 907/140/4 908/137/4
f 908/137/4 909/216/4 906/215/4
f 909/216/4 908/137/4 910/135/4
f 910/135/4 911/217/4 909/216/4
f 911/217/4 910/135/4 912/54/4
f 912/54/4 913/12/4 911/217/4
f 913/8/1 912/98/1 914/233/1
f 914/233/1 915/234/1 913/8/1
f 916/235/1 915/234/1 914/233/1
f 914/233/1 917/236/1 916/235/1
f 918/237/1 916/235/1 917/236/1
f 917/236/1 919/238/1 918/237/1
f 920/239/1 918/237/1 919/238/1
f 919/238/1 921/240/1 920/239/1
f 922/241/1 920/239/1 921/240/1
f 921/240/1 923/242/1 922/241/1
f 924/243/1 922/241/1 923/242/1
f 923/242/1 925/244/1 924/243/1
f 926/12/1 924/243/1 925/244/1
f 925/244/1 927/54/1 926/12/1
f 926/8/3 927/98/3 928/140/3
f 928/140/3 929/215/3 926/8/3
f 929/215/3 928/140/3 930/137/3
f 930/137/3 931/216/3 929/215/3
f 931/216/3 930/137/3 932/135/3
f 932/135/3 933/217/3 931/216/3
f 933/217/3 932/135/3 934/245/3
f 934/245/3 935/246/3 933/217/3
f 896/12/3 935/246/3 934/245/3
f 934/245/3 895/54/3 896/12/3
f 874/8/9 896/8/9 897/226/9
f 897/226/9 875/211/9 874/8/9
f 876/212/9 875/211/9 897/226/9
f 897/226/9 898/227/9 876/212/9
f 16/213/9 876/212/9 898/227/9
f 898/227/9 900/229/9 16/213/9
f 692/54/10 903/54/10 936/247/10
f 936/247/10 691/53/10 692/54/10
f 698/60/10 691/53/10 936/247/10
f 936/247/10 937/248/10 698/60/10
f 13/63/10 698/60/10 937/248/10
f 937/248/10 938/249/10 13/63/10
f 877/8/9 904/8/9 905/232/9
f 905/232/9 878/214/9 877/8/9
f 879/215/9 878/214/9 905/232/9
f 905/232/9 906/215/9 879/215/9
f 879/215/9 906/215/9 909/216/9
f 909/216/9 880/216/9 879/215/9
f 880/216/9 909/216/9 911/217/9
f 911/217/9 881/217/9 880/216/9
f 881/217/9 911/217/9 913/12/9
f 913/12/9 882/12/9 881/217/9
f 779/54/10 912/54/10 910/135/10
f 910/135/10 780/135/10 779/54/10
f 780/135/10 910/135/10 908/137/10
f 908/137/10 782/137/10 780/135/10
f 782/137/10 908/137/10 907/140/10
f 907/140/10 785/140/10 782/137/10
f 785/140/10 907/140/10 902/231/10
f 902/231/10 797/152/10 785/140/10
f 692/98/10 797/152/10 902/231/10
f 902/231/10 903/98/10 692/98/10
f 882/8/9 913/8/9 915/234/9
f 915/234/9 883/218/9 882/8/9
f 884/219/9 883/218/9 915/234/9
f 915/234/9 916/235/9 884/219/9
f 885/220/9 884/219/9 916/235/9
f 916/235/9 918/237/9 885/220/9
f 886/221/9 885/220/9 918/237/9
f 918/237/9 920/239/9 886/221/9
f 887/222/9 886/221/9 920/239/9
f 920/239/9 922/241/9 887/222/9
f 888/223/9 887/222/9 922/241/9
f 922/241/9 924/243/9 888/223/9
f 889/12/9 888/223/9 924/243/9
f 924/243/9 926/12/9 889/12/9
f 735/54/10 927/54/10 925/244/10
f 925/244/10 734/99/10 735/54/10
f 741/103/10 734/99/10 925/244/10
f 925/244/10 923/242/10 741/103/10
f 744/105/10 741/103/10 923/242/10
f 923/242/10 921/240/10 744/105/10
f 775/131/10 744/105/10 921/240/10
f 921/240/10 919/238/10 775/131/10
f 777/133/10 775/131/10 919/238/10
f 919/238/10 917/236/10 777/133/10
f 778/134/10 777/133/10 917/236/10
f 917/236/10 914/233/10 778/134/10
f 779/98/10 778/134/10 914/233/10
f 914/233/10 912/98/10 779/98/10
f 889/8/9 926/8/9 929/215/9
f 929/215/9 890/215/9 889/8/9
f 890/215/9 929/215/9 931/216/9
f 931/216/9 891/216/9 890/215/9
f 891/216/9 931/216/9 933/217/9
f 933/217/9 892/217/9 891/216/9
f 892/217/9 933/217/9 935/246/9
f 935/246/9 893/224/9 892/217/9
f 874/12/9 893/224/9 935/246/9
f 935/246/9 896/12/9 874/12/9
f 927/98/10 735/98/10 857/140/10
f 857/140/10 928/140/10 927/98/10
f 928/140/10 857/140/10 855/137/10
f 855/137/10 930/137/10 928/140/10
f 930/137/10 855/137/10 854/135/10
f 854/135/10 932/135/10 930/137/10
f 934/245/10 932/135/10 854/135/10
f 854/135/10 850/205/10 934/245/10
f 934/245/10 850/205/10 733/54/10
f 733/54/10 895/54/10 934/245/10
f 939/250/1 877/12/1 692/54/10
f 692/54/10 691/53/10 939/250/1
f 940/251/1 939/250/1 691/53/10
f 691/53/10 698/60/10 940/251/1
f 12/252/1 940/251/1 698/60/10
f 698/60/10 13/63/10 12/252/1
f 936/247/2 903/54/2 904/12/2
f 904/12/2 941/253/2 936/247/2
f 937/248/2 936/247/2 941/253/2
f 941/253/2 942/254/2 937/248/2
f 938/249/2 937/248/2 942/254/2
f 942/254/2 943/255/2 938/249/2
f 941/253/9 904/12/9 877/12/9
f 877/12/9 939/250/9 941/253/9
f 942/254/9 941/253/9 939/250/9
f 939/250/9 940/251/9 942/254/9
f 943/255/9 942/254/9 940/251/9
f 940/251/9 12/252/9 943/255/9
f 944/179/3 824/179/3 818/173/3
f 818/173/3 945/173/3 944/179/3
f 946/179/3 944/179/3 945/173/3
f 945/173/3 947/173/3 946/179/3
f 945/173/3 818/173/3 812/167/3
f 812/167/3 948/167/3 945/173/3
f 949/179/3 946/179/3 947/173/3
f 947/173/3 950/173/3 949/179/3
f 948/167/3 812/167/3 808/163/3
f 808/163/3 953/163/3 948/167/3
f 951/179/3 949/179/3 950/173/3
f 950/173/3 954/173/3 951/179/3
f 950/173/3 947/173/3 952/167/3
f 952/167/3 958/167/3 950/173/3
f 952/167/3 948/167/3 953/163/3
f 953/163/3 960/163/3 952/167/3
f 953/163/3 808/163/3 804/159/3
f 804/159/3 961/159/3 953/163/3
f 955/179/3 951/179/3 954/173/3
f 954/173/3 956/173/3 955/179/3
f 956/173/3 954/173/3 957/167/3
f 957/167/3 959/167/3 956/173/3
f 958/167/3 952/167/3 960/163/3
f 960/163/3 965/163/3 958/167/3
f 961/159/3 804/159/3 805/160/3
f 805/160/3 962/160/3 961/159/3
f 963/159/3 961/159/3 962/160/3
f 962/160/3 964/160/3 963/159/3
f 957/167/3 958/167/3 965/163/3
f 965/163/3 966/163/3 957/167/3
f 965/163/3 960/163/3 963/159/3
f 963/159/3 968/159/3 965/163/3
f 959/167/3 957/167/3 966/163/3
f 966/163/3 967/163/3 959/167/3
f 968/159/3 963/159/3 964/160/3
f 964/160/3 969/160/3 968/159/3
f 967/163/3 966/163/3 970/159/3
f 970/159/3 971/159/3 967/163/3
f 970/159/3 968/159/3 969/160/3
f 969/160/3 972/160/3 970/159/3
f 971/159/3 970/159/3 972/160/3
f 972/160/3 973/160/3 971/159/3
f 894/225/10 895/98/10 733/98/10
f 733/98/10 732/97/10 894/225/10
f 899/228/10 894/225/10 732/97/10
f 732/97/10 729/94/10 899/228/10
f 901/230/10 899/228/10 729/94/10
f 729/94/10 15/93/10 901/230/10
f 11/183/10 12/256/9 940/71/9
f 940/71/9 826/181/10 11/183/10
f 826/181/10 940/71/9 939/70/9
f 939/70/9 825/180/10 826/181/10
f 825/180/10 939/70/9 877/6/9
f 877/6/9 824/179/9 825/180/10
f 824/179/9 877/6/9 878/257/9
f 878/257/9 818/173/10 824/179/9
f 818/173/10 878/257/9 879/258/9
f 879/258/9 812/167/10 818/173/10
f 812/167/10 879/258/9 880/259/9
f 880/259/9 808/163/10 812/167/10
f 808/163/10 880/259/9 881/260/9
f 881/260/9 804/159/10 808/163/10
f 804/159/10 881/260/9 882/12/9
f 882/12/9 805/160/9 804/159/10
f 805/160/9 882/12/9 883/250/9
f 883/250/9 806/161/10 805/160/9
f 806/161/10 883/250/9 884/251/9
f 884/251/9 810/165/10 806/161/10
f 815/170/10 810/165/10 884/251/9
f 884/251/9 885/252/9 815/170/10
f 816/171/10 815/170/10 885/252/9
f 885/252/9 886/213/9 816/171/10
f 816/171/10 886/213/9 887/212/9
f 887/212/9 821/176/10 816/171/10
f 821/176/10 887/212/9 888/211/9
f 888/211/9 848/203/10 821/176/10
f 848/203/10 888/211/9 889/8/9
f 889/8/9 849/204/9 848/203/10
f 849/204/9 889/8/9 890/20/9
f 890/20/9 847/202/10 849/204/9
f 847/202/10 890/20/9 891/18/9
f 891/18/9 845/201/10 847/202/10
f 845/201/10 891/18/9 892/261/9
f 892/261/9 843/200/10 845/201/10
f 843/200/10 892/261/9 893/262/9
f 893/262/9 841/198/10 843/200/10
f 841/198/10 893/262/9 874/3/9
f 874/3/9 840/197/9 841/198/10
f 840/197/9 874/3/9 875/82/9
f 875/82/9 836/193/10 840/197/9
f 836/193/10 875/82/9 876/78/9
f 876/78/9 835/192/10 836/193/10
f 14/188/10 835/192/10 876/78/9
f 876/78/9 16/263/9 14/188/10
f 971/159/9 973/160/9 974/161/9
f 974/161/9 975/162/9 971/159/9
f 967/163/9 971/159/9 975/162/9
f 975/162/9 978/166/9 967/163/9
f 976/164/9 975/162/9 974/161/9
f 974/161/9 977/165/9 976/164/9
f 959/167/9 967/163/9 978/166/9
f 978/166/9 982/172/9 959/167/9
f 975/162/9 976/164/9 979/168/9
f 979/168/9 978/166/9 975/162/9
f 980/169/9 976/164/9 977/165/9
f 977/165/9 981/170/9 980/169/9
f 956/173/9 959/167/9 982/172/9
f 982/172/9 987/178/9 956/173/9
f 978/166/9 979/168/9 983/177/9
f 983/177/9 982/172/9 978/166/9
f 984/174/9 979/168/9 976/164/9
f 976/164/9 980/169/9 984/174/9
f 985/175/9 980/169/9 981/170/9
f 981/170/9 986/171/9 985/175/9
f 955/179/9 956/173/9 987/178/9
f 987/178/9 988/180/9 955/179/9
f 989/181/9 988/180/9 987/178/9
f 987/178/9 990/182/9 989/181/9
f 990/182/9 987/178/9 982/172/9
f 982/172/9 983/177/9 990/182/9
f 991/183/9 989/181/9 990/182/9
f 990/182/9 992/185/9 991/183/9
f 992/185/9 990/182/9 983/177/9
f 983/177/9 994/184/9 992/185/9
f 993/188/9 991/183/9 992/185/9
f 992/185/9 995/187/9 993/188/9
f 994/184/9 983/177/9 979/168/9
f 979/168/9 984/174/9 994/184/9
f 995/187/9 992/185/9 994/184/9
f 994/184/9 997/189/9 995/187/9
f 996/192/9 993/188/9 995/187/9
f 995/187/9 998/191/9 996/192/9
f 997/189/9 994/184/9 984/174/9
f 984/174/9 1000/186/9 997/189/9
f 998/191/9 995/187/9 997/189/9
f 997/189/9 1004/195/9 998/191/9
f 999/193/9 996/192/9 998/191/9
f 998/191/9 1001/196/9 999/193/9
f 1000/186/9 984/174/9 980/169/9
f 980/169/9 985/175/9 1000/186/9
f 1002/197/9 999/193/9 1001/196/9
f 1001/196/9 1003/198/9 1002/197/9
f 1004/195/9 997/189/9 1000/186/9
f 1000/186/9 1007/194/9 1004/195/9
f 1001/196/9 998/191/9 1004/195/9
f 1004/195/9 1005/199/9 1001/196/9
f 1003/198/9 1001/196/9 1005/199/9
f 1005/199/9 1006/200/9 1003/198/9
f 1007/194/9 1000/186/9 985/175/9
f 985/175/9 1010/190/9 1007/194/9
f 1005/199/9 1004/195/9 1007/194/9
f 1007/194/9 1008/16/9 1005/199/9
f 1006/200/9 1005/199/9 1008/16/9
f 1008/16/9 1009/201/9 1006/200/9
f 1008/16/9 1007/194/9 1010/190/9
f 1010/190/9 1012/14/9 1008/16/9
f 1010/190/9 985/175/9 986/171/9
f 986/171/9 1011/176/9 1010/190/9
f 1009/201/9 1008/16/9 1012/14/9
f 1012/14/9 1013/202/9 1009/201/9
f 1012/14/9 1010/190/9 1011/176/9
f 1011/176/9 1014/203/9 1012/14/9
f 1013/202/9 1012/14/9 1014/203/9
f 1014/203/9 1015/204/9 1013/202/9
f 951/179/1 955/179/1 988/180/1
f 988/180/1 1016/180/1 951/179/1
f 949/179/1 951/179/1 1016/180/1
f 1016/180/1 1017/180/1 949/179/1
f 1016/180/1 988/180/1 989/181/1
f 989/181/1 1018/181/1 1016/180/1
f 946/179/1 949/179/1 1017/180/1
f 1017/180/1 1019/180/1 946/179/1
f 944/179/1 946/179/1 1019/180/1
f 1019/180/1 1021/180/1 944/179/1
f 1019/180/1 1017/180/1 1020/181/1
f 1020/181/1 1023/181/1 1019/180/1
f 824/179/1 944/179/1 1021/180/1
f 1021/180/1 825/180/1 824/179/1
f 825/180/1 1021/180/1 1022/181/1
f 1022/181/1 826/181/1 825/180/1
f 826/181/1 1022/181/1 1024/183/1
f 1024/183/1 11/183/1 826/181/1
f 1024/183/1 1022/181/1 1023/181/1
f 1023/181/1 1025/183/1 1024/183/1
f 1023/181/1 1020/181/1 1026/264/1
f 1026/264/1 1025/183/1 1023/181/1
f 1026/264/1 1020/181/1 1018/181/1
f 1018/181/1 1028/264/1 1026/264/1
f 1027/188/1 1025/183/1 1026/264/1
f 1026/264/1 1029/265/1 1027/188/1
f 1028/264/1 1018/181/1 989/181/1
f 989/181/1 991/183/1 1028/264/1
f 1029/265/1 1026/264/1 1028/264/1
f 1028/264/1 1030/265/1 1029/265/1
f 1030/265/1 1028/264/1 991/183/1
f 991/183/1 993/188/1 1030/265/1
f 1030/265/1 993/188/1 996/192/1
f 996/192/1 1031/192/1 1030/265/1
f 1029/265/1 1030/265/1 1031/192/1
f 1031/192/1 1035/192/1 1029/265/1
f 1031/192/1 996/192/1 999/193/1
f 999/193/1 1032/193/1 1031/192/1
f 1032/193/1 999/193/1 1002/197/1
f 1002/197/1 1033/197/1 1032/193/1
f 1034/193/1 1032/193/1 1033/197/1
f 1033/197/1 1036/197/1 1034/193/1
f 1037/192/1 1027/188/1 1029/265/1
f 1029/265/1 1035/192/1 1037/192/1
f 1037/192/1 1035/192/1 1034/193/1
f 1034/193/1 1038/193/1 1037/192/1
f 17/188/1 1027/188/1 1037/192/1
f 1037/192/1 1041/192/1 17/188/1
f 1038/193/1 1034/193/1 1036/197/1
f 1036/197/1 1039/197/1 1038/193/1
f 1040/193/1 1038/193/1 1039/197/1
f 1039/197/1 1042/197/1 1040/193/1
f 17/188/1 1041/192/1 835/192/1
f 835/192/1 14/188/1 17/188/1
f 835/192/1 1041/192/1 1040/193/1
f 1040/193/1 836/193/1 835/192/1
f 836/193/1 1040/193/1 1042/197/1
f 1042/197/1 840/197/1 836/193/1
f 1043/204/2 1015/204/2 1014/203/2
f 1014/203/2 1044/203/2 1043/204/2
f 1045/204/2 1043/204/2 1044/203/2
f 1044/203/2 1046/203/2 1045/204/2
f 1044/203/2 1014/203/2 1011/176/2
f 1011/176/2 1048/176/2 1044/203/2
f 1047/204/2 1045/204/2 1046/203/2
f 1046/203/2 1049/203/2 1047/204/2
f 1050/204/2 1047/204/2 1049/203/2
f 1049/203/2 1052/203/2 1050/204/2
f 1049/203/2 1046/203/2 1051/176/2
f 1051/176/2 1054/176/2 1049/203/2
f 849/204/2 1050/204/2 1052/203/2
f 1052/203/2 848/203/2 849/204/2
f 848/203/2 1052/203/2 1053/176/2
f 1053/176/2 821/176/2 848/203/2
f 821/176/2 1053/176/2 1055/171/2
f 1055/171/2 816/171/2 821/176/2
f 1055/171/2 1053/176/2 1054/176/2
f 1054/176/2 1058/171/2 1055/171/2
f 815/170/2 816/171/2 1055/171/2
f 1055/171/2 1057/170/2 815/170/2
f 1056/266/2 1051/176/2 1048/176/2
f 1048/176/2 1059/266/2 1056/266/2
f 1054/176/2 1051/176/2 1056/266/2
f 1056/266/2 1058/171/2 1054/176/2
f 810/165/2 815/170/2 1057/170/2
f 1057/170/2 1068/165/2 810/165/2
f 1057/170/2 1055/171/2 1058/171/2
f 1058/171/2 1060/170/2 1057/170/2
f 1059/266/2 1048/176/2 1011/176/2
f 1011/176/2 986/171/2 1059/266/2
f 1060/170/2 1058/171/2 1056/266/2
f 1056/266/2 1061/267/2 1060/170/2
f 1061/267/2 1056/266/2 1059/266/2
f 1059/266/2 1062/267/2 1061/267/2
f 1062/267/2 1059/266/2 986/171/2
f 986/171/2 981/170/2 1062/267/2
f 1062/267/2 981/170/2 977/165/2
f 977/165/2 1063/165/2 1062/267/2
f 1061/267/2 1062/267/2 1063/165/2
f 1063/165/2 1066/165/2 1061/267/2
f 1063/165/2 977/165/2 974/161/2
f 974/161/2 1064/161/2 1063/165/2
f 1064/161/2 974/161/2 973/160/2
f 973/160/2 972/160/2 1064/161/2
f 1065/161/2 1064/161/2 972/160/2
f 972/160/2 969/160/2 1065/161/2
f 1067/165/2 1060/170/2 1061/267/2
f 1061/267/2 1066/165/2 1067/165/2
f 1067/165/2 1066/165/2 1065/161/2
f 1065/161/2 1069/161/2 1067/165/2
f 1057/170/2 1060/170/2 1067/165/2
f 1067/165/2 1068/165/2 1057/170/2
f 1069/161/2 1065/161/2 969/160/2
f 969/160/2 964/160/2 1069/161/2
f 810/165/2 1068/165/2 1070/161/2
f 1070/161/2 806/161/2 810/165/2
f 1070/161/2 1069/161/2 964/160/2
f 964/160/2 962/160/2 1070/161/2
f 806/161/2 1070/161/2 962/160/2
f 962/160/2 805/160/2 806/161/2
f 1033/197/4 1002/197/4 1003/198/4
f 1003/198/4 1071/198/4 1033/197/4
f 1036/197/4 1033/197/4 1071/198/4
f 1071/198/4 1072/198/4 1036/197/4
f 1071/198/4 1003/198/4 1006/200/4
f 1006/200/4 1073/200/4 1071/198/4
f 1039/197/4 1036/197/4 1072/198/4
f 1072/198/4 1074/198/4 1039/197/4
f 1073/200/4 1006/200/4 1009/201/4
f 1009/201/4 1076/201/4 1073/200/4
f 1042/197/4 1039/197/4 1074/198/4
f 1074/198/4 1077/198/4 1042/197/4
f 1074/198/4 1072/198/4 1075/200/4
f 1075/200/4 1079/200/4 1074/198/4
f 1075/200/4 1073/200/4 1076/201/4
f 1076/201/4 1081/201/4 1075/200/4
f 1076/201/4 1009/201/4 1013/202/4
f 1013/202/4 1080/202/4 1076/201/4
f 840/197/4 1042/197/4 1077/198/4
f 1077/198/4 841/198/4 840/197/4
f 841/198/4 1077/198/4 1078/200/4
f 1078/200/4 843/200/4 841/198/4
f 1080/202/4 1013/202/4 1015/204/4
f 1015/204/4 1043/204/4 1080/202/4
f 1079/200/4 1075/200/4 1081/201/4
f 1081/201/4 1083/201/4 1079/200/4
f 1082/202/4 1080/202/4 1043/204/4
f 1043/204/4 1045/204/4 1082/202/4
f 1078/200/4 1079/200/4 1083/201/4
f 1083/201/4 1084/201/4 1078/200/4
f 1083/201/4 1081/201/4 1082/202/4
f 1082/202/4 1085/202/4 1083/201/4
f 843/200/4 1078/200/4 1084/201/4
f 1084/201/4 845/201/4 843/200/4
f 1085/202/4 1082/202/4 1045/204/4
f 1045/204/4 1047/204/4 1085/202/4
f 845/201/4 1084/201/4 1086/202/4
f 1086/202/4 847/202/4 845/201/4
f 1086/202/4 1085/202/4 1047/204/4
f 1047/204/4 1050/204/4 1086/202/4
f 847/202/4 1086/202/4 1050/204/4
f 1050/204/4 849/204/4 847/202/4
f 953/3/10 961/6/10 781/12/10
f 781/12/10 783/8/10 953/3/10
f 960/3/1 953/6/1 783/12/1
f 783/12/1 787/8/1 960/3/1
f 945/3/10 948/6/10 794/12/10
f 794/12/10 796/8/10 945/3/10
f 947/3/1 945/6/1 796/12/1
f 796/12/1 798/8/1 947/3/1
f 786/3/10 793/6/10 965/12/10
f 965/12/10 968/8/10 786/3/10
f 787/3/9 784/6/9 963/12/9
f 963/12/9 960/8/9 787/3/9
f 961/3/2 963/6/2 784/12/2
f 784/12/2 781/8/2 961/3/2
f 970/3/9 966/6/9 791/12/9
f 791/12/9 788/8/9 970/3/9
f 968/3/2 970/6/2 788/12/2
f 788/12/2 786/8/2 968/3/2
f 957/3/9 954/6/9 801/12/9
f 801/12/9 802/8/9 957/3/9
f 958/3/2 957/6/2 802/12/2
f 802/12/2 800/8/2 958/3/2
f 950/3/10 958/6/10 800/12/10
f 800/12/10 799/8/10 950/3/10
f 799/3/1 801/6/1 954/12/1
f 954/12/1 950/8/1 799/3/1
f 793/3/1 791/6/1 966/12/1
f 966/12/1 965/8/1 793/3/1
f 952/3/9 947/6/9 798/12/9
f 798/12/9 795/8/9 952/3/9
f 948/3/2 952/6/2 795/12/2
f 795/12/2 794/8/2 948/3/2
f 1070/3/10 1068/6/10 776/12/10
f 776/12/10 772/8/10 1070/3/10
f 1068/3/4 1067/6/4 771/12/4
f 771/12/4 776/8/4 1068/3/4
f 769/3/9 771/6/9 1067/12/9
f 1067/12/9 1069/8/9 769/3/9
f 1069/3/3 1070/6/3 772/12/3
f 772/12/3 769/8/3 1069/3/3
f 1053/3/10 1052/6/10 737/12/10
f 737/12/10 739/8/10 1053/3/10
f 739/3/3 753/6/3 1054/12/3
f 1054/12/3 1053/8/3 739/3/3
f 1051/3/10 1046/6/10 745/12/10
f 745/12/10 747/8/10 1051/3/10
f 747/3/3 751/6/3 1048/12/3
f 1048/12/3 1051/8/3 747/3/3
f 1065/3/10 1066/6/10 766/12/10
f 766/12/10 765/8/10 1065/3/10
f 1064/3/3 1065/6/3 765/12/3
f 765/12/3 763/8/3 1064/3/3
f 760/3/4 766/6/4 1066/12/4
f 1066/12/4 1063/8/4 760/3/4
f 1052/3/4 1049/6/4 740/12/4
f 740/12/4 737/8/4 1052/3/4
f 1046/3/4 1044/6/4 748/12/4
f 748/12/4 745/8/4 1046/3/4
f 1063/3/9 1064/6/9 763/12/9
f 763/12/9 760/8/9 1063/3/9
f 1044/3/9 1048/6/9 751/12/9
f 751/12/9 748/8/9 1044/3/9
f 1086/3/10 1084/6/10 856/12/10
f 856/12/10 859/8/10 1086/3/10
f 1084/3/1 1083/6/1 861/12/1
f 861/12/1 856/8/1 1084/3/1
f 1077/3/1 1074/6/1 853/12/1
f 853/12/1 851/8/1 1077/3/1
f 1078/3/10 1077/6/10 851/12/10
f 851/12/10 852/8/10 1078/3/10
f 1079/3/2 1078/6/2 852/12/2
f 852/12/2 858/8/2 1079/3/2
f 858/3/9 853/6/9 1074/12/9
f 1074/12/9 1079/8/9 858/3/9
f 1075/3/10 1072/6/10 862/12/10
f 862/12/10 863/8/10 1075/3/10
f 1073/3/2 1075/6/2 863/12/2
f 863/12/2 867/8/2 1073/3/2
f 1082/3/10 1081/6/10 868/12/10
f 868/12/10 869/8/10 1082/3/10
f 1080/3/2 1082/6/2 869/12/2
f 869/12/2 872/8/2 1080/3/2
f 1076/3/9 1080/6/9 872/12/9
f 872/12/9 870/8/9 1076/3/9
f 1081/3/1 1076/6/1 870/12/1
f 870/12/1 868/8/1 1081/3/1
f 1071/3/9 1073/6/9 867/12/9
f 867/12/9 864/8/9 1071/3/9
f 1072/3/1 1071/6/1 864/12/1
f 864/12/1 862/8/1 1072/3/1
f 1034/3/10 1035/6/10 720/12/10
f 720/12/10 723/8/10 1034/3/10
f 1035/3/3 1031/6/3 718/12/3
f 718/12/3 720/8/3 1035/3/3
f 723/3/4 721/6/4 1032/12/4
f 1032/12/4 1034/8/4 723/3/4
f 721/3/9 718/6/9 1031/12/9
f 1031/12/9 1032/8/9 721/3/9
f 706/3/3 703/6/3 1017/12/3
f 1017/12/3 1016/8/3 706/3/3
f 1020/3/10 1017/6/10 703/12/10
f 703/12/10 705/8/10 1020/3/10
f 705/3/4 709/6/4 1018/12/4
f 1018/12/4 1020/8/4 705/3/4
f 709/3/9 706/6/9 1016/12/9
f 1016/12/9 1018/8/9 709/3/9
f 1022/3/10 1021/6/10 694/12/10
f 694/12/10 696/8/10 1022/3/10
f 696/3/4 702/6/4 1023/12/4
f 1023/12/4 1022/8/4 696/3/4
f 697/3/3 694/6/3 1021/12/3
f 1021/12/3 1019/8/3 697/3/3
f 1019/3/9 1023/6/9 702/12/9
f 702/12/9 697/8/9 1019/3/9
f 1037/3/9 1038/6/9 726/12/9
f 726/12/9 725/8/9 1037/3/9
f 1041/3/3 1037/6/3 725/12/3
f 725/12/3 728/8/3 1041/3/3
f 1040/3/10 1041/6/10 728/12/10
f 728/12/10 730/8/10 1040/3/10
f 730/3/4 726/6/4 1038/12/4
f 1038/12/4 1040/8/4 730/3/4
f 859/3/2 860/6/2 1085/12/2
f 1085/12/2 1086/8/2 859/3/2
f 860/3/9 861/6/9 1083/12/9
f 1083/12/9 1085/8/9 860/3/9
f 717/3/9 701/6/9 1025/12/9
f 1025/12/9 1027/8/9 717/3/9
f 938/3/3 943/6/3 12/12/3
f 12/12/3 13/8/3 938/3/3
f 900/3/4 901/6/4 15/12/4
f 15/12/4 16/8/4 900/3/4
f 18/3/4 717/6/4 1027/12/4
f 1027/12/4 17/8/4 18/3/4
f 701/3/3 700/6/3 1024/12/3
f 1024/12/3 1025/8/3 701/3/3
f 700/3/3 13/6/3 11/12/3
f 11/12/3 1024/8/3 700/3/3
f 22/16/9 24/18/9 25/19/9
f 25/19/9 21/15/9 22/16/9
f 21/15/9 25/19/9 26/20/9
f 26/20/9 20/14/9 21/15/9
f 26/20/22 23/20/22 19/14/22
f 19/14/22 20/14/22 26/20/22
f 22/16/23 19/16/23 23/18/23
f 23/18/23 24/18/23 22/16/23
f 1089/3/9 1088/6/9 1087/12/9
f 1087/12/9 1090/8/9 1089/3/9
f 1090/3/9 1092/6/9 1091/12/9
f 1091/12/9 1089/8/9 1090/3/9
f 1088/3/9 1094/6/9 1093/12/9
f 1093/12/9 1087/8/9 1088/3/9
f 1094/3/9 1091/6/9 1092/12/9
f 1092/12/9 1093/8/9 1094/3/9
f 1095/6/4 1090/12/4 1087/8/4
f 1087/8/4 1096/3/4 1095/6/4
f 1097/6/1 1092/12/1 1090/8/1
f 1090/8/1 1095/3/1 1097/6/1
f 1098/6/3 1093/12/3 1092/8/3
f 1092/8/3 1097/3/3 1098/6/3
f 1096/6/2 1087/12/2 1093/8/2
f 1093/8/2 1098/3/2 1096/6/2
f 24/3/10 749/82/10 1099/199/10
f 1099/199/10 873/261/10 24/3/10
f 871/18/10 873/261/10 1099/199/10
f 1099/199/10 1101/16/10 871/18/10
f 1100/195/10 1099/199/10 749/82/10
f 749/82/10 750/78/10 1100/195/10
f 866/20/10 871/18/10 1101/16/10
f 1101/16/10 1104/14/10 866/20/10
f 1099/199/10 1100/195/10 1102/194/10
f 1102/194/10 1101/16/10 1099/199/10
f 1103/268/10 1100/195/10 750/78/10
f 750/78/10 752/75/10 1103/268/10
f 865/269/10 866/20/10 1104/14/10
f 1104/14/10 1108/272/10 865/269/10
f 1101/16/10 1102/194/10 1105/190/10
f 1105/190/10 1104/14/10 1101/16/10
f 1106/270/10 1102/194/10 1100/195/10
f 1100/195/10 1103/268/10 1106/270/10
f 1107/271/10 1103/268/10 752/75/10
f 752/75/10 755/73/10 1107/271/10
f 26/8/10 865/269/10 1108/272/10
f 1108/272/10 719/211/10 26/8/10
f 715/212/10 719/211/10 1108/272/10
f 1108/272/10 1109/273/10 715/212/10
f 1109/273/10 1108/272/10 1104/14/10
f 1104/14/10 1105/190/10 1109/273/10
f 712/274/10 715/212/10 1109/273/10
f 1109/273/10 1110/275/10 712/274/10
f 1110/275/10 1109/273/10 1105/190/10
f 1105/190/10 1111/277/10 1110/275/10
f 710/276/10 712/274/10 1110/275/10
f 1110/275/10 1112/278/10 710/276/10
f 1111/277/10 1105/190/10 1102/194/10
f 1102/194/10 1106/270/10 1111/277/10
f 1112/278/10 1110/275/10 1111/277/10
f 1111/277/10 1113/279/10 1112/278/10
f 708/251/10 710/276/10 1112/278/10
f 1112/278/10 1114/280/10 708/251/10
f 1113/279/10 1111/277/10 1106/270/10
f 1106/270/10 1115/281/10 1113/279/10
f 1114/280/10 1112/278/10 1113/279/10
f 1113/279/10 1117/164/10 1114/280/10
f 707/250/10 708/251/10 1114/280/10
f 1114/280/10 1116/282/10 707/250/10
f 1115/281/10 1106/270/10 1103/268/10
f 1103/268/10 1107/271/10 1115/281/10
f 20/12/10 707/250/10 1116/282/10
f 1116/282/10 803/283/10 20/12/10
f 1117/164/10 1113/279/10 1115/281/10
f 1115/281/10 1119/168/10 1117/164/10
f 1116/282/10 1114/280/10 1117/164/10
f 1117/164/10 1118/162/10 1116/282/10
f 803/283/10 1116/282/10 1118/162/10
f 1118/162/10 792/260/10 803/283/10
f 1119/168/10 1115/281/10 1107/271/10
f 1107/271/10 1121/177/10 1119/168/10
f 1118/162/10 1117/164/10 1119/168/10
f 1119/168/10 1120/166/10 1118/162/10
f 792/260/10 1118/162/10 1120/166/10
f 1120/166/10 790/259/10 792/260/10
f 1120/166/10 1119/168/10 1121/177/10
f 1121/177/10 1122/172/10 1120/166/10
f 1121/177/10 1107/271/10 755/73/10
f 755/73/10 758/71/10 1121/177/10
f 790/259/10 1120/166/10 1122/172/10
f 1122/172/10 789/258/10 790/259/10
f 1122/172/10 1121/177/10 758/71/10
f 758/71/10 761/70/10 1122/172/10
f 22/6/10 789/258/10 1122/172/10
f 1122/172/10 761/70/10 22/6/10
f 688/50/9 650/9/9 647/8/9
f 647/8/9 684/52/9 688/50/9
f 652/11/9 650/9/9 688/50/9
f 688/50/9 689/45/9 652/11/9
f 684/52/9 647/8/9 642/3/9
f 642/3/9 681/51/9 684/52/9
f 679/49/9 681/51/9 642/3/9
f 642/3/9 639/2/9 679/49/9
f 654/12/9 652/11/9 689/45/9
f 689/45/9 671/46/9 654/12/9
f 654/12/9 671/46/9 672/47/9
f 672/47/9 636/6/9 654/12/9
f 678/48/9 679/49/9 639/2/9
f 639/2/9 635/5/9 678/48/9
f 636/6/9 672/47/9 678/48/9
f 678/48/9 635/5/9 636/6/9

usemtl Green
f 1125/6/24 1124/12/24 1123/284/24
f 1128/8/25 1127/3/25 1126/285/25
f 1125/6/1 1123/286/1 1126/285/1
f 1127/3/1 1125/6/1 1126/285/1
f 1128/8/26 1126/287/26 1123/284/26
f 1123/284/26 1124/12/26 1128/8/26
f 1131/289/2 1130/289/2 1129/288/2
f 1129/288/2 1132/288/2 1131/289/2
f 1135/8/27 1134/18/27 1133/259/27
f 1133/259/27 1136/12/27 1135/8/27
f 1137/8/27 1135/8/27 1136/12/27
f 1136/12/27 1138/12/27 1137/8/27
f 1135/8/27 1137/8/27 1139/18/27
f 1139/18/27 1134/18/27 1135/8/27
f 1133/259/27 1140/259/27 1138/12/27
f 1138/12/27 1136/12/27 1133/259/27
f 1141/6/28 1133/259/28 1134/18/28
f 1134/18/28 1142/3/28 1141/6/28
f 1143/6/28 1141/6/28 1142/3/28
f 1142/3/28 1144/3/28 1143/6/28
f 1141/6/28 1143/6/28 1140/259/28
f 1140/259/28 1133/259/28 1141/6/28
f 1134/18/28 1139/18/28 1144/3/28
f 1144/3/28 1142/3/28 1134/18/28
f 1145/18/1 10/8/1 1135/8/1
f 1135/8/1 1134/18/1 1145/18/1
f 7/3/1 1145/18/1 1134/18/1
f 1134/18/1 1142/3/1 7/3/1
f 1136/12/29 1135/8/29 10/8/29
f 10/8/29 1146/12/29 1136/12/29
f 1133/259/2 1136/12/2 1146/12/2
f 1146/12/2 1147/259/2 1133/259/2
f 1141/6/2 1133/259/2 1147/259/2
f 1147/259/2 1148/6/2 1141/6/2
f 1142/3/30 1141/6/30 1148/6/30
f 1148/6/30 7/3/30 1142/3/30
f 1151/8/33 1150/18/32 1149/259/31
f 1149/259/31 1152/12/34 1151/8/33
f 1153/6/37 1149/259/36 1150/18/35
f 1150/18/35 1154/3/38 1153/6/37
f 1155/18/39 1150/18/32 1151/8/33
f 1151/8/33 1156/8/40 1155/18/39
f 1156/8/40 1151/8/33 1152/12/34
f 1152/12/34 1157/12/41 1156/8/40
f 1157/12/41 1152/12/34 1149/259/31
f 1149/259/31 1158/259/42 1157/12/41
f 1158/259/43 1149/259/36 1153/6/37
f 1153/6/37 1159/6/44 1158/259/43
f 1159/6/44 1153/6/37 1154/3/38
f 1154/3/38 1160/3/45 1159/6/44
f 1160/3/45 1154/3/38 1150/18/35
f 1150/18/35 1155/18/46 1160/3/45
f 1161/291/2 1089/291/2 1091/290/2
f 1091/290/2 1162/290/2 1161/291/2
f 1163/292/3 1088/292/3 1089/291/3
f 1089/291/3 1161/291/3 1163/292/3
f 1166/294/2 1165/294/2 1164/293/2
f 1164/293/2 1167/293/2 1166/294/2
f 1169/295/3 1168/295/3 1165/294/3
f 1165/294/3 1166/294/3 1169/295/3
f 1171/296/1 1170/296/1 1168/295/1
f 1168/295/1 1169/295/1 1171/296/1
f 1167/293/4 1164/293/4 1170/296/4
f 1170/296/4 1171/296/4 1167/293/4
f 1162/290/4 1091/290/4 1094/297/4
f 1094/297/4 1172/297/4 1162/290/4
f 1172/297/1 1094/297/1 1088/292/1
f 1088/292/1 1163/292/1 1172/297/1
f 1095/6/9 1171/296/9 1169/295/9
f 1169/295/9 1097/3/9 1095/6/9
f 1171/296/9 1095/6/9 1096/12/9
f 1096/12/9 1167/293/9 1171/296/9
f 1097/3/9 1169/295/9 1166/294/9
f 1166/294/9 1098/8/9 1097/3/9
f 1098/8/9 1166/294/9 1167/293/9
f 1167/293/9 1096/12/9 1098/8/9
f 1170/296/10 1161/291/10 1162/290/10
f 1162/290/10 1168/295/10 1170/296/10
f 1161/291/10 1170/296/10 1164/293/10
f 1164/293/10 1163/292/10 1161/291/10
f 1168/295/10 1162/290/10 1172/297/10
f 1172/297/10 1165/294/10 1168/295/10
f 1165/294/10 1172/297/10 1163/292/10
f 1163/292/10 1164/293/10 1165/294/10

usemtl white
f 1174/299/9 1129/288/9 1130/289/9 1173/298/9
f 1125/3/1 1127/6/1 1176/6/1 1175/3/1
f 1124/8/4 1125/3/4 1175/3/4 1177/8/4
f 1128/12/2 1124/8/2 1177/8/2 1178/12/2
f 1127/6/3 1128/12/3 1178/12/3 1176/6/3
f 1175/3/9 1176/6/9 1131/289/9 1132/288/9
f 1177/8/50 1175/3/49 1132/288/48 1179/299/47
f 1178/12/52 1177/8/50 1179/299/47 1180/298/51
f 1176/6/54 1178/12/52 1180/298/51 1131/289/53
f 1179/299/57 1132/288/55 1129/288/56 1174/299/55
f 1180/298/58 1179/299/58 1174/299/58 1173/298/58
f 1131/289/61 1180/298/59 1173/298/60 1130/289/59
f 1146/12/62 1147/259/62 1145/18/62 10/8/62
f 1182/8/62 1181/12/62 1146/12/62 10/8/62
f 1147/259/62 1146/12/62 1181/12/62 1183/259/62
f 10/8/62 1145/18/62 1184/18/62 1182/8/62
f 7/3/63 1145/18/63 1147/259/63 1148/6/63
f 1186/6/63 1185/3/63 7/3/63 1148/6/63
f 1145/18/63 7/3/63 1185/3/63 1184/18/63
f 1148/6/63 1147/259/63 1183/259/63 1186/6/63
f 1139/18/2 1137/8/2 1182/8/2 1184/18/2
f 1144/3/2 1139/18/2 1184/18/2 1185/3/2
f 1181/12/64 1182/8/64 1137/8/64 1138/12/64
f 1183/259/1 1181/12/1 1138/12/1 1140/259/1
f 1186/6/1 1183/259/1 1140/259/1 1143/6/1
f 1185/3/65 1186/6/65 1143/6/65 1144/3/65
f 1155/18/3 1156/8/3 1188/8/3 1187/18/3
f 1160/3/3 1155/18/3 1187/18/3 1189/3/3
f 1190/12/66 1188/8/66 1156/8/66 1157/12/66
f 1191/259/4 1190/12/4 1157/12/4 1158/259/4
f 1192/6/4 1191/259/4 1158/259/4 1159/6/4
f 1189/3/67 1192/6/67 1159/6/67 1160/3/67
f 26/8/71 1193/18/70 1187/18/69 1188/8/68
f 20/12/73 26/8/71 1188/8/68 1190/12/72
f 1194/259/75 20/12/73 1190/12/72 1191/259/74
f 22/6/79 1194/259/78 1191/259/77 1192/6/76
f 24/3/81 22/6/79 1192/6/76 1189/3/80
f 1193/18/83 24/3/81 1189/3/80 1187/18/82
f 22/8/79 24/3/81 1193/6/83 1194/12/78
f 26/8/71 20/3/73 1194/6/75 1193/12/70

g Door_2
v -8.224425 0.7376939 2.775754
v -8.972614 4.090428 2.775754
v -8.224425 4.090428 2.775754
v -8.972613 0.7376938 2.775754
v -9.268143 0.7376938 2.775754
v -9.268143 4.090428 2.775754
v -8.972614 6.530268 2.775754
v -8.224426 6.530268 2.775754
v -8.224425 4.090428 -3.462399
v -8.972612 0.7376938 -3.462399
v -8.224424 0.7376939 -3.462399
v -8.972613 4.090428 -3.462399
v -8.224425 6.530268 -3.462399
v -9.268142 4.090428 -3.462399
v -9.268142 0.7376938 -3.462399
v -9.268143 6.530268 -3.462399
v -8.972613 6.530268 -3.462399
v -8.224425 9.126055 -3.462399
v -9.268143 9.126055 -3.462399
v -8.972613 9.126055 -3.462399
v -8.224426 12.37528 -3.462399
v -9.268143 12.37528 -3.462399
v -8.972614 12.37528 -3.462399
v -9.268144 12.37528 -0.3322405
v -8.972614 12.37528 -0.3322404
v -9.268144 12.37528 2.206861
v -8.224426 12.37528 -0.3322403
v -8.224426 12.37528 2.206861
v -8.972614 12.37528 2.206861
v -8.972615 12.37528 2.775754
v -9.268144 12.37528 2.775754
v -8.224426 12.37528 2.775754
v -9.268143 11.78422 -2.871341
v -8.972614 11.78422 -0.3322404
v -8.972614 11.78422 -2.871341
v -9.268144 11.78422 -0.3322405
v -8.972614 11.78422 2.206861
v -9.268144 11.78422 2.206861
v -9.268142 0.7376938 -2.871341
v -8.972612 0.7376938 -2.871341
v -8.224424 0.7376939 -2.871341
v -8.972613 4.090428 -2.871341
v -9.268143 4.090428 -2.871341
v -8.972613 6.530268 -2.871341
v -9.268143 6.530268 -2.871341
v -8.972613 9.126055 -2.871341
v -9.268143 9.126055 -2.871341
v -9.268144 11.78422 2.775754
v -8.224426 9.126055 2.775754
v -8.972614 9.126055 2.775754
v -8.972614 11.78422 2.775754
v -8.224426 11.78422 2.775754
v -9.268143 6.530268 2.775754
v -9.268144 9.126055 2.775754
v -9.268143 0.7376938 2.206861
v -9.268143 4.090428 2.206861
v -9.268143 6.530268 2.206861
v -9.268144 9.126055 2.206861
v -8.972613 0.7376938 2.206861
v -8.972613 4.090428 2.206861
v -8.972614 6.530268 2.206861
v -8.972614 9.126055 2.206861
v -8.677085 4.459839 -0.4800048
v -8.677085 6.382504 -0.4800048
v -8.972613 6.382504 -0.4800049
v -8.972613 4.459839 -0.4800049
v -8.677084 4.459839 -2.50193
v -8.972613 4.459839 -2.50193
v -8.677085 6.382504 -2.50193
v -8.972613 6.382504 -2.50193
v -8.677085 4.459839 1.837449
v -8.677085 6.382504 1.837449
v -8.972614 6.382504 1.837449
v -8.972613 4.459839 1.837449
v -8.807117 3.116373 -0.3322404
v -8.807117 1.60321 -2.132519
v -8.807117 3.116373 -2.132519
v -8.807117 1.60321 -0.3322404
v -8.807117 3.116373 1.468038
v -8.807117 1.60321 1.468038
v -8.677085 8.978291 -0.4800048
v -8.677085 8.978291 -2.50193
v -8.972614 8.978291 -2.50193
v -8.972614 8.978291 -0.4800049
v -8.677085 6.678033 -2.50193
v -8.972613 6.678033 -2.50193
v -8.677085 4.459839 -0.1844759
v -8.972613 4.459839 -0.184476
v -8.677085 6.382504 -0.1844759
v -8.972613 6.382504 -0.184476
v -8.677085 6.678033 -0.4800048
v -8.972613 6.678033 -0.4800049
v -8.677085 8.978291 1.837449
v -8.677085 8.978291 -0.1844759
v -8.972614 8.978291 -0.184476
v -8.972614 8.978291 1.837449
v -8.677085 6.678033 -0.1844759
v -8.972614 6.678033 -0.184476
v -8.677085 6.678033 1.837449
v -8.972614 6.678033 1.837449
v -8.972614 11.41481 -2.50193
v -8.972614 9.273819 -2.50193
v -8.972613 3.116373 -2.132519
v -8.972613 1.60321 -2.132519
v -8.972614 11.41481 -0.4800049
v -8.972614 9.273819 -0.4800049
v -8.972614 9.126055 -0.3322404
v -8.972614 11.41481 -0.184476
v -8.972614 9.273819 -0.184476
v -8.972613 6.530268 -0.3322404
v -8.972613 4.090428 -0.3322404
v -8.972613 0.7376938 -0.3322404
v -8.972613 1.60321 -0.3322404
v -8.972613 1.60321 1.468038
v -8.972613 3.116373 -0.3322404
v -8.972613 3.116373 1.468038
v -8.972614 11.41481 1.837449
v -8.972614 9.273819 1.837449
v -8.224426 11.78422 -2.871341
v -8.224426 11.78422 -0.3322403
v -8.224426 11.78422 2.206861
v -8.224425 4.090428 -2.871341
v -8.224425 0.7376939 -0.3322403
v -8.224425 6.530268 -2.871341
v -8.224425 4.090428 -0.3322403
v -8.224425 0.7376939 2.206861
v -8.224425 4.090428 2.206861
v -8.224426 6.530268 2.206861
v -8.224425 6.530268 -0.3322403
v -8.224426 9.126055 2.206861
v -8.224426 9.126055 -0.3322403
v -8.224425 9.126055 -2.871341
v -8.677085 11.41481 -2.50193
v -8.677085 9.273819 -2.50193
v -8.677085 11.41481 -0.4800048
v -8.677085 9.273819 -0.4800048
v -8.677086 11.41481 -0.1844759
v -8.677085 9.273819 -0.1844759
v -8.677086 9.273819 1.837449
v -8.677086 11.41481 1.837449

vt 0 0
vt 1 1
vt 1 0
vt 0 1
vt -1.462044E-36 -0.8727882
vt 0.5 1
vt 0.5 0
vt 7.263345 -109.0231
vt 1.236656 -19.28699
vt 15.76334 -235.5865
vt 8.5 -127.4367
vt 2.473312 -37.70055
vt 14.52669 -217.1729
vt 9.736656 -145.8503
vt 17 -254
vt 50000 -0.8725297
vt 100000 -0.8722713

vn -1.192093E-06 0 10
vn 1.192093E-06 0 -10
vn -1.192093E-06 10 -1.421085E-13
vn 1.192093E-06 -10 1.421085E-13
vn -10 -1.192093E-06 -1.192093E-06
vn 10 1.192093E-06 1.192093E-06

usemtl white
f 1198/303/84 1195/300/84 1197/302/84 1196/301/84
f 1200/301/84 1199/303/84 1198/303/84 1196/301/84
f 1202/302/84 1201/301/84 1196/303/84 1197/300/84
f 1206/304/85 1203/304/85 1205/304/85 1204/304/85
f 1211/304/85 1207/304/85 1203/304/85 1206/304/85
f 1209/304/85 1208/304/85 1206/304/85 1204/304/85
f 1211/304/85 1206/304/85 1208/304/85 1210/304/85
f 1214/304/85 1212/304/85 1207/304/85 1211/304/85
f 1214/304/85 1211/304/85 1210/304/85 1213/304/85
f 1217/304/85 1215/304/85 1212/304/85 1214/304/85
f 1217/304/85 1214/304/85 1213/304/85 1216/304/85
f 1219/305/86 1217/301/86 1216/301/86 1218/305/86
f 1223/303/86 1219/305/86 1218/305/86 1220/303/86
f 1215/302/86 1217/301/86 1219/305/86 1221/306/86
f 1223/303/86 1222/300/86 1221/306/86 1219/305/86
f 1223/301/86 1220/303/86 1225/303/86 1224/301/86
f 1222/301/86 1223/303/86 1224/303/86 1226/301/86
f 1230/305/87 1227/301/87 1229/301/87 1228/305/87
f 1232/303/87 1230/305/87 1228/305/87 1231/303/87
f 1204/304/87 1234/304/87 1233/304/87 1209/304/87
f 1235/304/87 1234/304/87 1204/304/87 1205/304/87
f 1237/304/84 1233/304/84 1234/304/84 1236/304/84
f 1239/304/84 1237/304/84 1236/304/84 1238/304/84
f 1241/304/84 1239/304/84 1238/304/84 1240/304/84
f 1227/304/84 1241/304/84 1240/304/84 1229/304/84
f 1218/305/88 1216/301/88 1227/301/88 1230/305/88
f 1220/303/88 1218/305/88 1230/305/88 1232/303/88
f 1242/300/88 1225/303/88 1220/303/88 1232/300/88
f 1208/304/88 1209/304/88 1233/304/88 1237/304/88
f 1210/304/88 1208/304/88 1237/304/88 1239/304/88
f 1213/304/88 1210/304/88 1239/304/88 1241/304/88
f 1216/304/88 1213/304/88 1241/304/88 1227/304/88
f 1246/302/84 1245/301/84 1244/303/84 1243/300/84
f 1201/303/84 1202/300/84 1243/302/84 1244/301/84
f 1248/301/84 1247/303/84 1201/303/84 1244/301/84
f 1246/302/84 1226/301/84 1224/303/84 1245/300/84
f 1245/302/84 1224/301/84 1225/303/84 1242/300/84
f 1250/301/88 1249/303/88 1199/303/88 1200/301/88
f 1251/301/88 1250/303/88 1200/303/88 1247/301/88
f 1232/301/88 1252/303/88 1248/303/88 1242/301/88
f 1252/301/88 1251/303/88 1247/303/88 1248/301/88
f 1254/301/85 1253/303/85 1249/303/85 1250/301/85
f 1255/301/85 1254/303/85 1250/303/85 1251/301/85
f 1196/303/84 1201/301/84 1247/301/84 1200/303/84
f 1231/301/85 1256/303/85 1252/303/85 1232/301/85
f 1244/303/84 1245/301/84 1242/301/84 1248/303/84
f 1256/301/85 1255/303/85 1251/303/85 1252/301/85

usemtl Brown
f 1228/310/88 1299/307/88 1300/307/88
f 1301/310/88 1303/313/88 1302/313/88
f 1301/310/88 1278/307/88 1286/307/88
f 1304/310/88 1292/313/88 1289/313/88
f 1304/310/88 1259/307/88 1260/307/88
f 1305/310/88 1282/313/88 1284/313/88
f 1301/310/88 1300/307/88 1296/308/88
f 1301/310/88 1289/313/88 1290/309/88
f 1305/310/88 1309/310/88 1310/312/88
f 1256/314/88 1312/309/88 1303/313/88
f 1240/304/88 1277/308/88 1278/307/88
f 1255/314/88 1294/309/88 1292/313/88
f 1238/304/88 1264/308/88 1259/307/88
f 1304/310/88 1286/307/88 1280/308/88
f 1304/310/88 1284/313/88 1267/309/88
f 1254/314/88 1268/309/88 1282/313/88
f 1305/310/88 1260/307/88 1262/308/88
f 1236/304/88 1305/310/88 1262/308/88
f 1231/302/88 1245/302/88 1242/300/88
f 1232/300/87 1231/302/87 1242/300/87
f 1231/301/86 1232/301/86 1242/301/86
f 1245/301/88 1231/301/88 1242/301/88
f 1259/307/85 1258/307/85 1257/307/85
f 1257/307/85 1260/307/85 1259/307/85
f 1260/307/86 1257/307/86 1261/308/86
f 1261/308/86 1262/308/86 1260/307/86
f 1262/308/84 1261/308/84 1263/308/84
f 1263/308/84 1264/308/84 1262/308/84
f 1267/309/85 1266/309/85 1265/309/85
f 1265/309/85 1268/309/85 1267/309/85
f 1264/308/87 1263/308/87 1258/307/87
f 1258/307/87 1259/307/87 1264/308/87
f 1269/310/88 1271/311/88 1270/311/88
f 1270/311/88 1272/310/88 1269/310/88
f 1273/312/88 1269/310/88 1272/310/88
f 1272/310/88 1274/312/88 1273/312/88
f 1277/308/87 1276/308/87 1275/307/87
f 1275/307/87 1278/307/87 1277/308/87
f 1280/308/84 1279/308/84 1276/308/84
f 1276/308/84 1277/308/84 1280/308/84
f 1268/309/86 1265/309/86 1281/313/86
f 1281/313/86 1282/313/86 1268/309/86
f 1282/313/84 1281/313/84 1283/313/84
f 1283/313/84 1284/313/84 1282/313/84
f 1286/307/86 1285/307/86 1279/308/86
f 1279/308/86 1280/308/86 1286/307/86
f 1278/307/85 1275/307/85 1285/307/85
f 1285/307/85 1286/307/85 1278/307/85
f 1289/313/87 1288/313/87 1287/309/87
f 1287/309/87 1290/309/87 1289/313/87
f 1292/313/84 1291/313/84 1288/313/84
f 1288/313/84 1289/313/84 1292/313/84
f 1284/313/87 1283/313/87 1266/309/87
f 1266/309/87 1267/309/87 1284/313/87
f 1294/309/86 1293/309/86 1291/313/86
f 1291/313/86 1292/313/86 1294/309/86
f 1240/304/88 1296/308/88 1295/308/88
f 1295/308/88 1229/304/88 1240/304/88
f 1277/308/88 1240/304/88 1238/304/88
f 1238/304/88 1280/308/88 1277/308/88
f 1264/308/88 1238/304/88 1236/304/88
f 1236/304/88 1262/308/88 1264/308/88
f 1297/311/88 1236/304/88 1234/304/88
f 1234/304/88 1298/311/88 1297/311/88
f 1229/304/88 1295/308/88 1299/307/88
f 1299/307/88 1228/310/88 1229/304/88
f 1302/313/88 1228/310/88 1300/307/88
f 1300/307/88 1301/310/88 1302/313/88
f 1289/313/88 1301/310/88 1286/307/88
f 1286/307/88 1304/310/88 1289/313/88
f 1284/313/88 1304/310/88 1260/307/88
f 1260/307/88 1305/310/88 1284/313/88
f 1278/307/88 1301/310/88 1296/308/88
f 1296/308/88 1240/304/88 1278/307/88
f 1303/313/88 1301/310/88 1290/309/88
f 1290/309/88 1256/314/88 1303/313/88
f 1290/309/85 1287/309/85 1293/309/85
f 1293/309/85 1294/309/85 1290/309/85
f 1298/311/88 1234/304/88 1306/310/88
f 1306/310/88 1307/310/88 1298/311/88
f 1253/314/88 1308/312/88 1307/310/88
f 1307/310/88 1306/310/88 1253/314/88
f 1236/304/88 1297/311/88 1309/310/88
f 1309/310/88 1305/310/88 1236/304/88
f 1282/313/88 1305/310/88 1310/312/88
f 1310/312/88 1254/314/88 1282/313/88
f 1228/310/88 1302/313/88 1311/309/88
f 1311/309/88 1231/314/88 1228/310/88
f 1231/314/88 1311/309/88 1312/309/88
f 1312/309/88 1256/314/88 1231/314/88
f 1256/314/88 1290/309/88 1294/309/88
f 1294/309/88 1255/314/88 1256/314/88
f 1255/314/88 1267/309/88 1268/309/88
f 1268/309/88 1254/314/88 1255/314/88
f 1254/314/88 1310/312/88 1308/312/88
f 1308/312/88 1253/314/88 1254/314/88
f 1313/302/89 1215/302/89 1221/306/89
f 1221/306/89 1314/306/89 1313/302/89
f 1314/306/89 1221/306/89 1222/300/89
f 1222/300/89 1315/300/89 1314/306/89
f 1267/309/88 1255/314/88 1292/313/88
f 1292/313/88 1304/310/88 1267/309/88
f 1280/308/88 1238/304/88 1259/307/88
f 1259/307/88 1304/310/88 1280/308/88
f 1270/311/86 1298/311/86 1307/310/86
f 1307/310/86 1272/310/86 1270/311/86
f 1272/310/86 1307/310/86 1308/312/86
f 1308/312/86 1274/312/86 1272/310/86
f 1298/311/84 1270/311/84 1271/311/84
f 1271/311/84 1297/311/84 1298/311/84
f 1235/304/89 1205/304/89 1203/304/89
f 1203/304/89 1316/304/89 1235/304/89
f 1316/304/89 1203/304/89 1207/304/89
f 1207/304/89 1318/304/89 1316/304/89
f 1317/315/89 1235/304/89 1316/304/89
f 1316/304/89 1319/315/89 1317/315/89
f 1318/304/89 1207/304/89 1212/304/89
f 1212/304/89 1326/304/89 1318/304/89
f 1320/316/89 1317/315/89 1319/315/89
f 1319/315/89 1321/316/89 1320/316/89
f 1322/316/89 1321/316/89 1319/315/89
f 1319/315/89 1323/315/89 1322/316/89
f 1323/315/89 1319/315/89 1316/304/89
f 1316/304/89 1318/304/89 1323/315/89
f 1324/316/89 1322/316/89 1323/315/89
f 1323/315/89 1325/315/89 1324/316/89
f 1325/315/89 1323/315/89 1318/304/89
f 1318/304/89 1326/304/89 1325/315/89
f 1315/316/89 1324/316/89 1325/315/89
f 1325/315/89 1314/315/89 1315/316/89
f 1313/304/89 1314/315/89 1325/315/89
f 1325/315/89 1326/304/89 1313/304/89
f 1326/304/89 1212/304/89 1215/304/89
f 1215/304/89 1313/304/89 1326/304/89
f 1296/308/84 1328/308/84 1327/308/84
f 1327/308/84 1295/308/84 1296/308/84
f 1295/308/87 1327/308/87 1329/307/87
f 1329/307/87 1299/307/87 1295/308/87
f 1299/307/85 1329/307/85 1330/307/85
f 1330/307/85 1300/307/85 1299/307/85
f 1300/307/86 1330/307/86 1328/308/86
f 1328/308/86 1296/308/86 1300/307/86
f 1303/313/84 1332/313/84 1331/313/84
f 1331/313/84 1302/313/84 1303/313/84
f 1312/309/86 1333/309/86 1332/313/86
f 1332/313/86 1303/313/86 1312/309/86
f 1310/312/85 1273/312/85 1274/312/85
f 1274/312/85 1308/312/85 1310/312/85
f 1273/312/87 1310/312/87 1309/310/87
f 1309/310/87 1269/310/87 1273/312/87
f 1269/310/87 1309/310/87 1297/311/87
f 1297/311/87 1271/311/87 1269/310/87
f 1302/313/87 1331/313/87 1334/309/87
f 1334/309/87 1311/309/87 1302/313/87
f 1311/309/85 1334/309/85 1333/309/85
f 1333/309/85 1312/309/85 1311/309/85
f 1253/301/87 1306/303/87 1317/300/87
f 1317/300/87 1320/302/87 1253/301/87
f 1306/301/87 1234/303/87 1235/300/87
f 1235/300/87 1317/302/87 1306/301/87
f 1321/302/89 1197/302/89 1195/300/89
f 1195/300/89 1320/300/89 1321/302/89
f 1320/300/87 1195/300/87 1198/303/87
f 1198/303/87 1253/303/87 1320/300/87
f 1249/303/87 1253/303/87 1198/303/87
f 1198/303/87 1199/303/87 1249/303/87
f 1322/302/89 1202/302/89 1197/300/89
f 1197/300/89 1321/300/89 1322/302/89
f 1243/300/89 1324/300/89 1315/302/89
f 1315/302/89 1246/302/89 1243/300/89
f 1246/302/89 1315/302/89 1222/301/89
f 1222/301/89 1226/301/89 1246/302/89
f 1324/302/89 1243/302/89 1202/300/89
f 1202/300/89 1322/300/89 1324/302/89

usemtl Glass.1
f 1329/307/88 1327/308/88 1328/308/88 1330/307/88
f 1333/309/88 1334/309/88 1331/313/88 1332/313/88
f 1291/313/88 1293/309/88 1287/309/88 1288/313/88
f 1279/308/88 1285/307/88 1275/307/88 1276/308/88
f 1281/313/88 1265/309/88 1266/309/88 1283/313/88
f 1261/308/88 1257/307/88 1258/307/88 1263/308/88

g Windows_2_2
v 2.752724 8.016174 23.3392
v 2.752724 6.011203 23.3392
v 1.120937 6.011203 23.3392
v 1.120937 8.016174 23.3392
v -2.955227 8.014185 23.3452
v -2.955227 6.007201 23.3452
v -4.58183 6.007201 23.3452
v -4.58183 8.014185 23.3452
v -1.063576 8.015181 23.22922
v -2.712664 8.015181 23.22922
v -2.712664 6.004527 23.22922
v -1.063576 6.004527 23.22922
v -2.949816 8.015181 23.22922
v -4.595101 8.015181 23.22922
v -4.595101 6.004527 23.22922
v -2.949816 6.004527 23.22922
v 1.120937 8.200233 23.22922
v 2.769997 8.200233 23.22922
v 2.769997 10.26694 23.22922
v 1.120937 10.26694 23.22922
v -4.595101 8.200233 23.22922
v -2.949816 8.200233 23.22922
v -2.949816 10.26694 23.22922
v -4.595101 10.26694 23.22922
v -2.955227 8.199197 23.3452
v -4.58183 8.199197 23.3452
v -4.58183 10.26793 23.3452
v -2.955227 10.26793 23.3452
v -1.063576 8.201187 23.3392
v -2.718075 8.201187 23.3392
v -2.718075 10.26594 23.3392
v -1.063576 10.26594 23.3392
v 1.120937 10.45192 23.22922
v 2.769997 10.45192 23.22922
v 2.769997 12.4626 23.22922
v 1.120937 12.4626 23.22922
v -4.595101 10.45192 23.22922
v -2.949816 10.45192 23.22922
v -2.949816 12.4626 23.22922
v -4.595101 12.4626 23.22922
v -2.955227 10.45295 23.3452
v -4.58183 10.45295 23.3452
v -4.58183 12.45993 23.3452
v -2.955227 12.45993 23.3452
v -1.063576 10.45096 23.3392
v -2.718075 10.45096 23.3392
v -2.718075 12.45593 23.3392
v -1.063576 12.45593 23.3392
v -1.063576 8.016174 23.3392
v -1.063576 6.011203 23.3392
v -2.718075 6.011203 23.3392
v -2.718075 8.016174 23.3392
v -0.7578559 6.004527 23.22922
v -0.7578559 8.015181 23.22922
v -1.063576 8.200233 23.22922
v -1.063576 10.26694 23.22922
v -2.712664 10.26694 23.22922
v -2.712664 8.200233 23.22922
v -1.063576 10.45192 23.22922
v -1.063576 12.4626 23.22922
v -2.712664 12.4626 23.22922
v -2.712664 10.45192 23.22922
v -0.7578559 8.200233 23.22922
v -0.7578559 10.26694 23.22922
v -0.7578559 10.45192 23.22922
v -0.7578559 12.4626 23.22922
v 0.8783736 6.004527 23.22922
v 0.8783736 8.015181 23.22922
v 1.120937 6.004527 23.22922
v 1.120937 8.015181 23.22922
v -0.7578559 8.201187 23.3392
v -0.7578559 10.26594 23.3392
v 0.8783736 10.26594 23.3392
v 0.8783736 8.201187 23.3392
v -0.7578559 10.45096 23.3392
v -0.7578559 12.45593 23.3392
v 0.8783736 12.45593 23.3392
v 0.8783736 10.45096 23.3392
v 0.8783736 8.016174 23.3392
v 0.8783736 6.011203 23.3392
v -0.7578559 6.011203 23.3392
v -0.7578559 8.016174 23.3392
v 0.8783736 8.200233 23.22922
v 0.8783736 10.26694 23.22922
v 0.8783736 10.45192 23.22922
v 0.8783736 12.4626 23.22922
v 1.120937 10.45096 23.3392
v 1.120937 12.45593 23.3392
v 2.752724 12.45593 23.3392
v 2.752724 10.45096 23.3392
v 2.769997 6.004527 23.22922
v 2.769997 8.015181 23.22922
v 1.120937 8.201187 23.3392
v 1.120937 10.26594 23.3392
v 2.752724 10.26594 23.3392
v 2.752724 8.201187 23.3392
v 16.97702 8.016174 23.3392
v 16.97702 6.011203 23.3392
v 15.34523 6.011203 23.3392
v 15.34523 8.016174 23.3392
v 11.26906 8.014185 23.34521
v 11.26906 6.007201 23.34521
v 9.642462 6.007201 23.3452
v 9.642462 8.014185 23.3452
v 13.16072 8.015181 23.22923
v 11.51163 8.015181 23.22923
v 11.51163 6.004527 23.22923
v 13.16072 6.004527 23.22923
v 11.27448 8.015181 23.22923
v 9.62919 8.015181 23.22922
v 9.62919 6.004527 23.22922
v 11.27448 6.004527 23.22923
v 15.34523 8.200233 23.22923
v 16.99429 8.200233 23.22923
v 16.99429 10.26694 23.22923
v 15.34523 10.26694 23.22923
v 15.10267 10.26694 23.22923
v 15.10267 8.200233 23.22923
v 13.46644 10.26694 23.22923
v 13.46644 8.200233 23.22923
v 9.62919 8.200233 23.22922
v 11.27448 8.200233 23.22923
v 11.27448 10.26694 23.22923
v 9.62919 10.26694 23.22922
v 11.26906 8.199197 23.34521
v 9.642462 8.199197 23.3452
v 9.642462 10.26793 23.3452
v 11.26906 10.26793 23.34521
v 13.16072 8.201187 23.3392
v 11.50622 8.201187 23.3392
v 11.50622 10.26594 23.3392
v 13.16072 10.26594 23.3392
v 15.34523 10.45192 23.22923
v 16.99429 10.45192 23.22923
v 16.99429 12.4626 23.22923
v 15.34523 12.4626 23.22923
v 9.62919 10.45192 23.22922
v 11.27448 10.45192 23.22923
v 11.27448 12.4626 23.22923
v 9.62919 12.4626 23.22922
v 11.26906 10.45295 23.34521
v 9.642462 10.45295 23.3452
v 9.642462 12.45993 23.3452
v 11.26906 12.45993 23.34521
v 13.16072 10.45096 23.3392
v 11.50622 10.45096 23.3392
v 11.50622 12.45593 23.3392
v 13.16072 12.45593 23.3392
v 13.16072 8.016174 23.3392
v 13.16072 6.011203 23.3392
v 11.50622 6.011203 23.3392
v 11.50622 8.016174 23.3392
v 13.46644 6.004527 23.22923
v 13.46644 8.015181 23.22923
v 13.16072 8.200233 23.22923
v 13.16072 10.26694 23.22923
v 11.51163 10.26694 23.22923
v 11.51163 8.200233 23.22923
v 13.16072 10.45192 23.22923
v 13.16072 12.4626 23.22923
v 11.51163 12.4626 23.22923
v 11.51163 10.45192 23.22923
v 13.46644 10.45192 23.22923
v 13.46644 12.4626 23.22923
v 15.10267 6.004527 23.22923
v 15.10267 8.015181 23.22923
v 13.46644 8.201187 23.3392
v 13.46644 10.26594 23.3392
v 15.10267 10.26594 23.3392
v 15.10267 8.201187 23.3392
v 13.46644 10.45096 23.3392
v 13.46644 12.45593 23.3392
v 15.10267 12.45593 23.3392
v 15.10267 10.45096 23.3392
v 15.10267 8.016174 23.3392
v 15.10267 6.011203 23.3392
v 13.46644 6.011203 23.3392
v 13.46644 8.016174 23.3392
v 15.10267 10.45192 23.22923
v 15.10267 12.4626 23.22923
v 15.34523 6.004527 23.22923
v 15.34523 8.015181 23.22923
v 15.34523 10.45096 23.3392
v 15.34523 12.45593 23.3392
v 16.97702 12.45593 23.3392
v 16.97702 10.45096 23.3392
v 16.99429 6.004527 23.22923
v 16.99429 8.015181 23.22923
v 15.34523 8.201187 23.3392
v 15.34523 10.26594 23.3392
v 16.97702 10.26594 23.3392
v 16.97702 8.201187 23.3392
v 2.752724 19.52759 23.3392
v 2.752724 17.52262 23.3392
v 1.120937 17.52262 23.3392
v 1.120937 19.52759 23.3392
v -2.955227 19.5256 23.3452
v -2.955227 17.51862 23.3452
v -4.58183 17.51862 23.3452
v -4.58183 19.5256 23.3452
v -1.063576 19.5266 23.22922
v -2.712664 19.5266 23.22922
v -2.712664 17.51595 23.22922
v -1.063576 17.51595 23.22922
v -2.949816 19.5266 23.22922
v -4.595101 19.5266 23.22922
v -4.595101 17.51595 23.22922
v -2.949816 17.51595 23.22922
v 1.120937 19.71165 23.22922
v 2.769997 19.71165 23.22922
v 2.769997 21.77836 23.22922
v 1.120937 21.77836 23.22922
v 0.8783736 21.77836 23.22922
v 0.8783736 19.71165 23.22922
v -4.595101 19.71165 23.22922
v -2.949816 19.71165 23.22922
v -2.949816 21.77836 23.22922
v -4.595101 21.77836 23.22922
v -2.955227 19.71061 23.3452
v -4.58183 19.71061 23.3452
v -4.58183 21.77935 23.3452
v -2.955227 21.77935 23.3452
v -1.063576 19.7126 23.3392
v -2.718075 19.7126 23.3392
v -2.718075 21.77736 23.3392
v -1.063576 21.77736 23.3392
v 1.120937 21.96334 23.22922
v 2.769997 21.96334 23.22922
v 2.769997 23.97402 23.22922
v 1.120937 23.97402 23.22922
v -4.595101 21.96334 23.22922
v -2.949816 21.96334 23.22922
v -2.949816 23.97402 23.22922
v -4.595101 23.97402 23.22922
v -2.955227 21.96436 23.3452
v -4.58183 21.96436 23.3452
v -4.58183 23.97135 23.3452
v -2.955227 23.97135 23.3452
v -1.063576 21.96237 23.3392
v -2.718075 21.96237 23.3392
v -2.718075 23.96735 23.3392
v -1.063576 23.96735 23.3392
v -1.063576 19.52759 23.3392
v -1.063576 17.52262 23.3392
v -2.718075 17.52262 23.3392
v -2.718075 19.52759 23.3392
v -0.7578559 17.51595 23.22922
v -0.7578559 19.5266 23.22922
v -1.063576 19.71165 23.22922
v -1.063576 21.77836 23.22922
v -2.712664 21.77836 23.22922
v -2.712664 19.71165 23.22922
v -1.063576 21.96334 23.22922
v -2.712664 23.97402 23.22922
v -2.712664 21.96334 23.22922
v -1.063576 23.97402 23.22922
v -0.7578559 21.96334 23.22922
v -0.7578559 23.97402 23.22922
v -0.7578559 19.71165 23.22922
v -0.7578559 21.77836 23.22922
v 0.8783736 17.51595 23.22922
v 0.8783736 19.5266 23.22922
v -0.7578559 19.7126 23.3392
v -0.7578559 21.77736 23.3392
v 0.8783736 21.77736 23.3392
v 0.8783736 19.7126 23.3392
v -0.7578559 21.96237 23.3392
v -0.7578559 23.96735 23.3392
v 0.8783736 23.96735 23.3392
v 0.8783736 21.96237 23.3392
v 0.8783736 19.52759 23.3392
v 0.8783736 17.52262 23.3392
v -0.7578559 17.52262 23.3392
v -0.7578559 19.52759 23.3392
v 0.8783736 21.96334 23.22922
v 0.8783736 23.97402 23.22922
v 1.120937 17.51595 23.22922
v 1.120937 19.5266 23.22922
v 1.120937 21.96237 23.3392
v 1.120937 23.96735 23.3392
v 2.752724 23.96735 23.3392
v 2.752724 21.96237 23.3392
v 2.769997 17.51595 23.22922
v 2.769997 19.5266 23.22922
v 1.120937 19.7126 23.3392
v 1.120937 21.77736 23.3392
v 2.752724 21.77736 23.3392
v 2.752724 19.7126 23.3392
v -8.614867 8.016174 -10.18963
v -8.614867 6.011203 -10.18963
v -8.614867 6.011203 -11.82142
v -8.614867 8.016174 -11.82142
v -8.620869 8.014185 -15.89758
v -8.620869 6.007201 -15.89758
v -8.620869 6.007201 -17.52419
v -8.620869 8.014185 -17.52419
v -8.504889 8.015181 -14.00593
v -8.504889 8.015181 -15.65502
v -8.504889 6.004527 -15.65502
v -8.504889 6.004527 -14.00593
v -8.504889 8.015181 -15.89217
v -8.504889 8.015181 -17.53746
v -8.504889 6.004527 -17.53746
v -8.504889 6.004527 -15.89217
v -8.504889 8.200233 -11.82142
v -8.504889 8.200233 -10.17236
v -8.504889 10.26694 -10.17236
v -8.504889 10.26694 -11.82142
v -8.504889 8.200233 -17.53746
v -8.504889 8.200233 -15.89217
v -8.504889 10.26694 -15.89217
v -8.504889 10.26694 -17.53746
v -8.620869 8.199197 -15.89758
v -8.620869 8.199197 -17.52419
v -8.620869 10.26793 -17.52419
v -8.620869 10.26793 -15.89758
v -8.614866 8.201187 -14.00593
v -8.614866 8.201187 -15.66043
v -8.614866 10.26594 -15.66043
v -8.614866 10.26594 -14.00593
v -8.504889 10.45192 -11.82142
v -8.504889 10.45192 -10.17236
v -8.504889 12.4626 -10.17236
v -8.504889 12.4626 -11.82142
v -8.504889 10.45192 -17.53746
v -8.504889 10.45192 -15.89217
v -8.504889 12.4626 -15.89217
v -8.504889 12.4626 -17.53746
v -8.620869 10.45295 -15.89758
v -8.620869 10.45295 -17.52419
v -8.620869 12.45993 -17.52419
v -8.620869 12.45993 -15.89758
v -8.614866 10.45096 -14.00593
v -8.614866 10.45096 -15.66043
v -8.614866 12.45593 -15.66043
v -8.614866 12.45593 -14.00593
v -8.614866 8.016174 -14.00593
v -8.614866 6.011203 -14.00593
v -8.614866 6.011203 -15.66043
v -8.614866 8.016174 -15.66043
v -8.504889 6.004527 -13.70021
v -8.504889 8.015181 -13.70021
v -8.504889 8.200233 -14.00593
v -8.504889 10.26694 -15.65502
v -8.504889 8.200233 -15.65502
v -8.504889 10.26694 -14.00593
v -8.504889 8.200233 -13.70021
v -8.504889 10.26694 -13.70021
v -8.504889 10.45192 -14.00593
v -8.504889 12.4626 -14.00593
v -8.504889 12.4626 -15.65502
v -8.504889 10.45192 -15.65502
v -8.504889 10.45192 -13.70021
v -8.504889 12.4626 -13.70021
v -8.504889 6.004527 -12.06398
v -8.504889 8.015181 -12.06398
v -8.614866 8.201187 -13.70021
v -8.614866 10.26594 -13.70021
v -8.614867 10.26594 -12.06398
v -8.614867 8.201187 -12.06398
v -8.614866 10.45096 -13.70021
v -8.614866 12.45593 -13.70021
v -8.614867 12.45593 -12.06398
v -8.614867 10.45096 -12.06398
v -8.614867 8.016174 -12.06398
v -8.614867 6.011203 -12.06398
v -8.614866 6.011203 -13.70021
v -8.614866 8.016174 -13.70021
v -8.504889 8.200233 -12.06398
v -8.504889 10.26694 -12.06398
v -8.504889 10.45192 -12.06398
v -8.504889 12.4626 -12.06398
v -8.504889 6.004527 -11.82142
v -8.504889 8.015181 -11.82142
v -8.504889 6.004527 -10.17236
v -8.504889 8.015181 -10.17236
v -8.614867 10.45096 -11.82142
v -8.614867 12.45593 -11.82142
v -8.614867 12.45593 -10.18963
v -8.614867 10.45096 -10.18963
v -8.614867 8.201187 -11.82142
v -8.614867 10.26594 -11.82142
v -8.614867 10.26594 -10.18963
v -8.614867 8.201187 -10.18963
v 16.97702 19.52759 23.3392
v 16.97702 17.52262 23.3392
v 15.34523 17.52262 23.3392
v 15.34523 19.52759 23.3392
v 11.26906 19.5256 23.34521
v 11.26906 17.51862 23.34521
v 9.642462 17.51862 23.3452
v 9.642462 19.5256 23.3452
v 13.16072 19.5266 23.22923
v 11.51163 19.5266 23.22923
v 11.51163 17.51595 23.22923
v 13.16072 17.51595 23.22923
v 11.27448 19.5266 23.22923
v 9.62919 19.5266 23.22922
v 9.62919 17.51595 23.22922
v 11.27448 17.51595 23.22923
v 15.34523 19.71165 23.22923
v 16.99429 19.71165 23.22923
v 16.99429 21.77836 23.22923
v 15.34523 21.77836 23.22923
v 15.10267 21.77836 23.22923
v 15.10267 19.71165 23.22923
v 9.62919 19.71165 23.22922
v 11.27448 19.71165 23.22923
v 11.27448 21.77836 23.22923
v 9.62919 21.77836 23.22922
v 11.26906 19.71061 23.34521
v 9.642462 19.71061 23.3452
v 9.642462 21.77935 23.3452
v 11.26906 21.77935 23.34521
v 13.16072 19.7126 23.3392
v 11.50622 19.7126 23.3392
v 11.50622 21.77736 23.3392
v 13.16072 21.77736 23.3392
v 15.34523 21.96334 23.22923
v 16.99429 21.96334 23.22923
v 16.99429 23.97402 23.22923
v 15.34523 23.97402 23.22923
v 9.62919 21.96334 23.22922
v 11.27448 21.96334 23.22923
v 11.27448 23.97402 23.22923
v 9.62919 23.97402 23.22922
v 11.26906 21.96436 23.34521
v 9.642462 21.96436 23.3452
v 9.642462 23.97135 23.3452
v 11.26906 23.97135 23.34521
v 13.16072 21.96237 23.3392
v 11.50622 21.96237 23.3392
v 11.50622 23.96735 23.3392
v 13.16072 23.96735 23.3392
v 13.16072 19.52759 23.3392
v 13.16072 17.52262 23.3392
v 11.50622 17.52262 23.3392
v 11.50622 19.52759 23.3392
v 13.46644 17.51595 23.22923
v 13.46644 19.5266 23.22923
v 13.16072 19.71165 23.22923
v 11.51163 21.77836 23.22923
v 11.51163 19.71165 23.22923
v 13.16072 21.77836 23.22923
v 13.46644 19.71165 23.22923
v 13.46644 21.77836 23.22923
v 13.16072 21.96334 23.22923
v 13.16072 23.97402 23.22923
v 11.51163 23.97402 23.22923
v 11.51163 21.96334 23.22923
v 13.46644 21.96334 23.22923
v 13.46644 23.97402 23.22923
v 15.10267 17.51595 23.22923
v 15.10267 19.5266 23.22923
v 13.46644 19.7126 23.3392
v 13.46644 21.77736 23.3392
v 15.10267 21.77736 23.3392
v 15.10267 19.7126 23.3392
v 13.46644 21.96237 23.3392
v 13.46644 23.96735 23.3392
v 15.10267 23.96735 23.3392
v 15.10267 21.96237 23.3392
v 15.10267 19.52759 23.3392
v 15.10267 17.52262 23.3392
v 13.46644 17.52262 23.3392
v 13.46644 19.52759 23.3392
v 15.10267 21.96334 23.22923
v 15.10267 23.97402 23.22923
v 15.34523 17.51595 23.22923
v 15.34523 19.5266 23.22923
v 16.99429 17.51595 23.22923
v 16.99429 19.5266 23.22923
v 15.34523 21.96237 23.3392
v 15.34523 23.96735 23.3392
v 16.97702 23.96735 23.3392
v 16.97702 21.96237 23.3392
v 15.34523 19.7126 23.3392
v 15.34523 21.77736 23.3392
v 16.97702 21.77736 23.3392
v 16.97702 19.7126 23.3392
v -8.61487 8.016174 17.04774
v -8.61487 6.011203 17.04774
v -8.61487 6.011203 15.41596
v -8.61487 8.016174 15.41596
v -8.620872 8.014185 11.3398
v -8.620872 6.007201 11.3398
v -8.620872 6.007201 9.713194
v -8.620872 8.014185 9.713194
v -8.504892 8.015181 13.23145
v -8.504891 8.015181 11.58236
v -8.504891 6.004527 11.58236
v -8.504892 6.004527 13.23145
v -8.504891 8.015181 11.34521
v -8.504891 8.015181 9.699923
v -8.504891 6.004527 9.699923
v -8.504891 6.004527 11.34521
v -8.504892 8.200233 15.41596
v -8.504892 8.200233 17.06502
v -8.504892 10.26694 17.06502
v -8.504892 10.26694 15.41596
v -8.504891 8.200233 9.699923
v -8.504891 8.200233 11.34521
v -8.504891 10.26694 11.34521
v -8.504891 10.26694 9.699923
v -8.620872 8.199197 11.3398
v -8.620872 8.199197 9.713194
v -8.620872 10.26793 9.713194
v -8.620872 10.26793 11.3398
v -8.61487 8.201187 13.23145
v -8.614869 8.201187 11.57695
v -8.614869 10.26594 11.57695
v -8.61487 10.26594 13.23145
v -8.504892 10.45192 15.41596
v -8.504892 10.45192 17.06502
v -8.504892 12.4626 17.06502
v -8.504892 12.4626 15.41596
v -8.504891 10.45192 9.699923
v -8.504891 10.45192 11.34521
v -8.504891 12.4626 11.34521
v -8.504891 12.4626 9.699923
v -8.620872 10.45295 11.3398
v -8.620872 10.45295 9.713194
v -8.620872 12.45993 9.713194
v -8.620872 12.45993 11.3398
v -8.61487 10.45096 13.23145
v -8.614869 10.45096 11.57695
v -8.614869 12.45593 11.57695
v -8.61487 12.45593 13.23145
v -8.61487 8.016174 13.23145
v -8.61487 6.011203 13.23145
v -8.614869 6.011203 11.57695
v -8.614869 8.016174 11.57695
v -8.504892 6.004527 13.53717
v -8.504892 8.015181 13.53717
v -8.504892 6.004527 15.1734
v -8.504892 8.015181 15.1734
v -8.504892 8.200233 13.23145
v -8.504892 10.26694 13.23145
v -8.504891 10.26694 11.58236
v -8.504891 8.200233 11.58236
v -8.504892 10.45192 13.23145
v -8.504892 12.4626 13.23145
v -8.504891 12.4626 11.58236
v -8.504891 10.45192 11.58236
v -8.504892 8.200233 13.53717
v -8.504892 10.26694 13.53717
v -8.504892 10.45192 13.53717
v -8.504892 12.4626 13.53717
v -8.61487 8.201187 13.53717
v -8.61487 10.26594 13.53717
v -8.61487 10.26594 15.1734
v -8.61487 8.201187 15.1734
v -8.61487 10.45096 13.53717
v -8.61487 12.45593 13.53717
v -8.61487 12.45593 15.1734
v -8.61487 10.45096 15.1734
v -8.61487 8.016174 15.1734
v -8.61487 6.011203 15.1734
v -8.61487 6.011203 13.53717
v -8.61487 8.016174 13.53717
v -8.504892 8.200233 15.1734
v -8.504892 10.26694 15.1734
v -8.504892 10.45192 15.1734
v -8.504892 12.4626 15.1734
v -8.504892 6.004527 15.41596
v -8.504892 8.015181 15.41596
v -8.61487 10.45096 15.41596
v -8.61487 12.45593 15.41596
v -8.61487 12.45593 17.04774
v -8.61487 10.45096 17.04774
v -8.504892 6.004527 17.06502
v -8.504892 8.015181 17.06502
v -8.61487 8.201187 15.41596
v -8.61487 10.26594 15.41596
v -8.61487 10.26594 17.04774
v -8.61487 8.201187 17.04774
v -15.12921 20.77982 3.230159
v -15.12921 18.77485 3.230159
v -15.12921 18.77485 1.598372
v -15.12921 20.77982 1.598372
v -15.13522 20.77783 -2.477792
v -15.13522 18.77085 -2.477792
v -15.13522 18.77085 -4.104395
v -15.13522 20.77783 -4.104395
v -15.01924 20.77882 -0.5861409
v -15.01924 20.77882 -2.235229
v -15.01924 18.76817 -2.235229
v -15.01924 18.76817 -0.5861409
v -15.01924 20.77882 -2.472381
v -15.01924 20.77882 -4.117666
v -15.01924 18.76817 -4.117666
v -15.01924 18.76817 -2.472381
v -15.01924 20.96388 1.598372
v -15.01924 20.96388 3.247432
v -15.01924 23.03058 3.247432
v -15.01924 23.03058 1.598372
v -15.01924 20.96388 -4.117666
v -15.01924 20.96388 -2.472381
v -15.01924 23.03058 -2.472381
v -15.01924 23.03058 -4.117666
v -15.13522 20.96284 -2.477792
v -15.13522 20.96284 -4.104395
v -15.13522 23.03158 -4.104395
v -15.13522 23.03158 -2.477792
v -15.12921 20.96483 -0.5861409
v -15.12921 20.96483 -2.24064
v -15.12921 23.02959 -2.24064
v -15.12921 23.02959 -0.5861409
v -15.01924 23.21557 1.598372
v -15.01924 23.21557 3.247432
v -15.01924 25.22625 3.247432
v -15.01924 25.22625 1.598372
v -15.01924 23.21557 -4.117666
v -15.01924 23.21557 -2.472381
v -15.01924 25.22625 -2.472381
v -15.01924 25.22625 -4.117666
v -15.13522 23.21659 -2.477792
v -15.13522 23.21659 -4.104395
v -15.13522 25.22358 -4.104395
v -15.13522 25.22358 -2.477792
v -15.12921 23.2146 -0.5861409
v -15.12921 23.2146 -2.24064
v -15.12921 25.21957 -2.24064
v -15.12921 25.21957 -0.5861409
v -15.12921 20.77982 -0.5861409
v -15.12921 18.77485 -0.5861409
v -15.12921 18.77485 -2.24064
v -15.12921 20.77982 -2.24064
v -15.01924 18.76817 -0.280421
v -15.01924 20.77882 -0.280421
v -15.01924 20.96388 -0.5861409
v -15.01924 23.03058 -0.5861409
v -15.01924 23.03058 -2.235229
v -15.01924 20.96388 -2.235229
v -15.01924 23.21557 -0.5861409
v -15.01924 25.22625 -0.5861409
v -15.01924 25.22625 -2.235229
v -15.01924 23.21557 -2.235229
v -15.01924 20.96388 -0.280421
v -15.01924 23.03058 -0.280421
v -15.01924 23.21557 -0.280421
v -15.01924 25.22625 -0.280421
v -15.01924 23.21557 1.355809
v -15.01924 25.22625 1.355809
v -15.01924 18.76817 1.355809
v -15.01924 20.77882 1.355809
v -15.12921 20.96483 -0.280421
v -15.12921 23.02959 -0.280421
v -15.12921 23.02959 1.355809
v -15.12921 20.96483 1.355809
v -15.12921 23.2146 -0.280421
v -15.12921 25.21957 -0.280421
v -15.12921 25.21957 1.355809
v -15.12921 23.2146 1.355809
v -15.12921 20.77982 1.355809
v -15.12921 18.77485 1.355809
v -15.12921 18.77485 -0.280421
v -15.12921 20.77982 -0.280421
v -15.01924 20.96388 1.355809
v -15.01924 23.03058 1.355809
v -15.01924 18.76817 1.598372
v -15.01924 20.77882 1.598372
v -15.12921 23.2146 1.598372
v -15.12921 25.21957 1.598372
v -15.12921 25.21957 3.230159
v -15.12921 23.2146 3.230159
v -15.01924 18.76817 3.247432
v -15.01924 20.77882 3.247432
v -15.12921 20.96483 1.598372
v -15.12921 23.02959 1.598372
v -15.12921 23.02959 3.230159
v -15.12921 20.96483 3.230159
v -8.570919 20.71739 16.13844
v -8.570919 19.22144 16.13844
v -8.570919 19.22144 14.92093
v -8.570919 20.71739 14.92093
v -8.576921 20.7159 11.87962
v -8.576921 19.21845 11.87962
v -8.576921 19.21845 10.66598
v -8.576921 20.7159 10.66598
v -8.460941 20.71664 13.29102
v -8.460941 20.71664 12.0606
v -8.460941 19.21646 12.0606
v -8.460941 19.21646 13.29102
v -8.460941 20.71664 11.88366
v -8.46094 20.71664 10.65607
v -8.46094 19.21646 10.65607
v -8.460941 19.21646 11.88366
v -8.460941 20.85472 14.92093
v -8.460941 20.85472 16.15133
v -8.460941 22.39673 16.15133
v -8.460941 22.39673 14.92093
v -8.46094 20.85472 10.65607
v -8.460941 20.85472 11.88366
v -8.460941 22.39673 11.88366
v -8.46094 22.39673 10.65607
v -8.576921 20.85394 11.87962
v -8.576921 20.85394 10.66598
v -8.576921 22.39747 10.66598
v -8.576921 22.39747 11.87962
v -8.570919 20.85543 13.29102
v -8.570919 20.85543 12.05656
v -8.570919 22.39599 12.05656
v -8.570919 22.39599 13.29102
v -8.460941 22.53475 14.92093
v -8.460941 22.53475 16.15133
v -8.460941 24.03496 16.15133
v -8.460941 24.03496 14.92093
v -8.46094 22.53475 10.65607
v -8.460941 22.53475 11.88366
v -8.460941 24.03496 11.88366
v -8.46094 24.03496 10.65607
v -8.576921 22.53551 11.87962
v -8.576921 22.53551 10.66598
v -8.576921 24.03296 10.66598
v -8.576921 24.03296 11.87962
v -8.570919 22.53403 13.29102
v -8.570919 22.53403 12.05656
v -8.570919 24.02998 12.05656
v -8.570919 24.02998 13.29102
v -8.570919 20.71739 13.29102
v -8.570919 19.22144 13.29102
v -8.570919 19.22144 12.05656
v -8.570919 20.71739 12.05656
v -8.460941 19.21646 13.51912
v -8.460941 20.71664 13.51912
v -8.460941 19.21646 14.73995
v -8.460941 20.71664 14.73995
v -8.460941 20.85472 13.29102
v -8.460941 22.39673 12.0606
v -8.460941 20.85472 12.0606
v -8.460941 22.39673 13.29102
v -8.460941 20.85472 13.51912
v -8.460941 22.39673 13.51912
v -8.460941 20.85472 14.73995
v -8.460941 22.39673 14.73995
v -8.460941 22.53475 13.29102
v -8.460941 24.03496 12.0606
v -8.460941 22.53475 12.0606
v -8.460941 24.03496 13.29102
v -8.460941 22.53475 13.51912
v -8.460941 24.03496 13.51912
v -8.570919 20.85543 13.51912
v -8.570919 22.39599 13.51912
v -8.570919 22.39599 14.73995
v -8.570919 20.85543 14.73995
v -8.570919 22.53403 13.51912
v -8.570919 24.02998 13.51912
v -8.570919 24.02998 14.73995
v -8.570919 22.53403 14.73995
v -8.570919 20.71739 14.73995
v -8.570919 19.22144 14.73995
v -8.570919 19.22144 13.51912
v -8.570919 20.71739 13.51912
v -8.460941 22.53475 14.73995
v -8.460941 24.03496 14.73995
v -8.460941 19.21646 14.92093
v -8.460941 20.71664 14.92093
v -8.460941 19.21646 16.15133
v -8.460941 20.71664 16.15133
v -8.570919 22.53403 14.92093
v -8.570919 24.02998 14.92093
v -8.570919 24.02998 16.13844
v -8.570919 22.53403 16.13844
v -8.570919 20.85543 14.92093
v -8.570919 22.39599 14.92093
v -8.570919 22.39599 16.13844
v -8.570919 20.85543 16.13844
v -8.570916 20.71739 -11.07389
v -8.570916 19.22144 -11.07389
v -8.570916 19.22144 -12.2914
v -8.570916 20.71739 -12.2914
v -8.576918 20.7159 -15.33271
v -8.576918 19.21845 -15.33271
v -8.576918 19.21845 -16.54636
v -8.576918 20.7159 -16.54636
v -8.460938 20.71664 -13.92131
v -8.460938 20.71664 -15.15173
v -8.460938 19.21646 -15.15173
v -8.460938 19.21646 -13.92131
v -8.460938 20.71664 -15.32868
v -8.460938 20.71664 -16.55626
v -8.460938 19.21646 -16.55626
v -8.460938 19.21646 -15.32868
v -8.460938 20.85472 -12.2914
v -8.460938 20.85472 -11.061
v -8.460938 22.39673 -11.061
v -8.460938 22.39673 -12.2914
v -8.460938 20.85472 -16.55626
v -8.460938 20.85472 -15.32868
v -8.460938 22.39673 -15.32868
v -8.460938 22.39673 -16.55626
v -8.576918 20.85394 -15.33271
v -8.576918 20.85394 -16.54636
v -8.576918 22.39747 -16.54636
v -8.576918 22.39747 -15.33271
v -8.570915 20.85543 -13.92131
v -8.570915 20.85543 -15.15577
v -8.570915 22.39599 -15.15577
v -8.570915 22.39599 -13.92131
v -8.460938 22.53475 -12.2914
v -8.460938 22.53475 -11.061
v -8.460938 24.03496 -11.061
v -8.460938 24.03496 -12.2914
v -8.460938 24.03496 -12.47238
v -8.460938 22.53475 -12.47238
v -8.460938 24.03496 -13.69321
v -8.460938 22.53475 -13.69321
v -8.460938 24.03496 -13.92131
v -8.460938 22.53475 -13.92131
v -8.460938 22.53475 -16.55626
v -8.460938 22.53475 -15.32868
v -8.460938 24.03496 -15.32868
v -8.460938 24.03496 -16.55626
v -8.576918 22.53551 -15.33271
v -8.576918 22.53551 -16.54636
v -8.576918 24.03296 -16.54636
v -8.576918 24.03296 -15.33271
v -8.570915 22.53403 -13.92131
v -8.570915 22.53403 -15.15577
v -8.570915 24.02998 -15.15577
v -8.570915 24.02998 -13.92131
v -8.570915 20.71739 -13.92131
v -8.570915 19.22144 -13.92131
v -8.570915 19.22144 -15.15577
v -8.570915 20.71739 -15.15577
v -8.460938 19.21646 -13.69321
v -8.460938 20.71664 -13.69321
v -8.460938 20.85472 -13.92131
v -8.460938 22.39673 -13.92131
v -8.460938 22.39673 -15.15173
v -8.460938 20.85472 -15.15173
v -8.460938 24.03496 -15.15173
v -8.460938 22.53475 -15.15173
v -8.460938 20.85472 -13.69321
v -8.460938 22.39673 -13.69321
v -8.460938 20.85472 -12.47238
v -8.460938 22.39673 -12.47238
v -8.460938 19.21646 -12.47238
v -8.460938 20.71664 -12.47238
v -8.570915 20.85543 -13.69321
v -8.570915 22.39599 -13.69321
v -8.570915 22.39599 -12.47238
v -8.570915 20.85543 -12.47238
v -8.570915 22.53403 -13.69321
v -8.570915 24.02998 -13.69321
v -8.570915 24.02998 -12.47238
v -8.570915 22.53403 -12.47238
v -8.570915 20.71739 -12.47238
v -8.570915 19.22144 -12.47238
v -8.570915 19.22144 -13.69321
v -8.570915 20.71739 -13.69321
v -8.460938 19.21646 -12.2914
v -8.460938 20.71664 -12.2914
v -8.460938 19.21646 -11.061
v -8.460938 20.71664 -11.061
v -8.570916 22.53403 -12.2914
v -8.570916 24.02998 -12.2914
v -8.570916 24.02998 -11.07389
v -8.570916 22.53403 -11.07389
v -8.570916 20.85543 -12.2914
v -8.570916 22.39599 -12.2914
v -8.570916 22.39599 -11.07389
v -8.570916 20.85543 -11.07389
v 20.89291 8.016174 -17.52018
v 20.89291 6.011203 -17.52018
v 20.89291 6.011203 -15.88839
v 20.89291 8.016174 -15.88839
v 20.89891 8.014185 -11.81223
v 20.89891 6.007201 -11.81223
v 20.89891 6.007201 -10.18563
v 20.89891 8.014185 -10.18563
v 20.78293 8.015181 -13.70388
v 20.78293 8.015181 -12.0548
v 20.78293 6.004527 -12.0548
v 20.78293 6.004527 -13.70388
v 20.78293 8.015181 -11.81764
v 20.78293 8.015181 -10.17236
v 20.78293 6.004527 -10.17236
v 20.78293 6.004527 -11.81764
v 20.78293 8.200233 -15.88839
v 20.78293 8.200233 -17.53745
v 20.78293 10.26694 -17.53745
v 20.78293 10.26694 -15.88839
v 20.78293 8.200233 -10.17236
v 20.78293 8.200233 -11.81764
v 20.78293 10.26694 -11.81764
v 20.78293 10.26694 -10.17236
v 20.89891 8.199197 -11.81223
v 20.89891 8.199197 -10.18563
v 20.89891 10.26793 -10.18563
v 20.89891 10.26793 -11.81223
v 20.89291 8.201187 -13.70388
v 20.89291 8.201187 -12.04938
v 20.89291 10.26594 -12.04938
v 20.89291 10.26594 -13.70388
v 20.78293 10.45192 -15.88839
v 20.78293 10.45192 -17.53745
v 20.78293 12.4626 -17.53745
v 20.78293 12.4626 -15.88839
v 20.78293 10.45192 -10.17236
v 20.78293 10.45192 -11.81764
v 20.78293 12.4626 -11.81764
v 20.78293 12.4626 -10.17236
v 20.89891 10.45295 -11.81223
v 20.89891 10.45295 -10.18563
v 20.89891 12.45993 -10.18563
v 20.89891 12.45993 -11.81223
v 20.89291 10.45096 -13.70388
v 20.89291 10.45096 -12.04938
v 20.89291 12.45593 -12.04938
v 20.89291 12.45593 -13.70388
v 20.89291 8.016174 -13.70388
v 20.89291 6.011203 -13.70388
v 20.89291 6.011203 -12.04938
v 20.89291 8.016174 -12.04938
v 20.78293 6.004527 -14.0096
v 20.78293 8.015181 -14.0096
v 20.78293 8.200233 -13.70388
v 20.78293 10.26694 -13.70388
v 20.78293 10.26694 -12.0548
v 20.78293 8.200233 -12.0548
v 20.78293 10.45192 -13.70388
v 20.78293 12.4626 -13.70388
v 20.78293 12.4626 -12.0548
v 20.78293 10.45192 -12.0548
v 20.78293 8.200233 -14.0096
v 20.78293 10.26694 -14.0096
v 20.78293 10.45192 -14.0096
v 20.78293 12.4626 -14.0096
v 20.78293 6.004527 -15.64583
v 20.78293 8.015181 -15.64583
v 20.89291 8.201187 -14.0096
v 20.89291 10.26594 -14.0096
v 20.89291 10.26594 -15.64583
v 20.89291 8.201187 -15.64583
v 20.89291 10.45096 -14.0096
v 20.89291 12.45593 -14.0096
v 20.89291 12.45593 -15.64583
v 20.89291 10.45096 -15.64583
v 20.89291 8.016174 -15.64583
v 20.89291 6.011203 -15.64583
v 20.89291 6.011203 -14.0096
v 20.89291 8.016174 -14.0096
v 20.78293 8.200233 -15.64583
v 20.78293 10.26694 -15.64583
v 20.78293 10.45192 -15.64583
v 20.78293 12.4626 -15.64583
v 20.78293 6.004527 -15.88839
v 20.78293 8.015181 -15.88839
v 20.78293 6.004527 -17.53745
v 20.78293 8.015181 -17.53745
v 20.89291 10.45096 -15.88839
v 20.89291 12.45593 -15.88839
v 20.89291 12.45593 -17.52018
v 20.89291 10.45096 -17.52018
v 20.89291 8.201187 -15.88839
v 20.89291 10.26594 -15.88839
v 20.89291 10.26594 -17.52018
v 20.89291 8.201187 -17.52018
v 20.8929 8.016174 9.717197
v 20.8929 6.011203 9.717197
v 20.8929 6.011203 11.34899
v 20.8929 8.016174 11.34899
v 20.89891 8.014185 15.42515
v 20.89891 6.007201 15.42515
v 20.89891 6.007201 17.05175
v 20.89891 8.014185 17.05175
v 20.78292 8.015181 13.5335
v 20.78292 8.015181 15.18258
v 20.78292 6.004527 15.18258
v 20.78292 6.004527 13.5335
v 20.78292 8.015181 15.41974
v 20.78292 8.015181 17.06502
v 20.78292 6.004527 17.06502
v 20.78292 6.004527 15.41974
v 20.78292 8.200233 11.34899
v 20.78292 8.200233 9.699925
v 20.78292 10.26694 9.699925
v 20.78292 10.26694 11.34899
v 20.78292 8.200233 17.06502
v 20.78292 8.200233 15.41974
v 20.78292 10.26694 15.41974
v 20.78292 10.26694 17.06502
v 20.89891 8.199197 15.42515
v 20.89891 8.199197 17.05175
v 20.89891 10.26793 17.05175
v 20.89891 10.26793 15.42515
v 20.8929 8.201187 13.5335
v 20.8929 8.201187 15.188
v 20.8929 10.26594 15.188
v 20.8929 10.26594 13.5335
v 20.78292 10.45192 11.34899
v 20.78292 10.45192 9.699925
v 20.78292 12.4626 9.699925
v 20.78292 12.4626 11.34899
v 20.78292 10.45192 17.06502
v 20.78292 10.45192 15.41974
v 20.78292 12.4626 15.41974
v 20.78292 12.4626 17.06502
v 20.89891 10.45295 15.42515
v 20.89891 10.45295 17.05175
v 20.89891 12.45993 17.05175
v 20.89891 12.45993 15.42515
v 20.8929 10.45096 13.5335
v 20.8929 10.45096 15.188
v 20.8929 12.45593 15.188
v 20.8929 12.45593 13.5335
v 20.8929 8.016174 13.5335
v 20.8929 6.011203 13.5335
v 20.8929 6.011203 15.188
v 20.8929 8.016174 15.188
v 20.78292 6.004527 13.22778
v 20.78292 8.015181 13.22778
v 20.78292 6.004527 11.59155
v 20.78292 8.015181 11.59155
v 20.78292 8.200233 13.5335
v 20.78292 10.26694 13.5335
v 20.78292 10.26694 15.18258
v 20.78292 8.200233 15.18258
v 20.78292 10.45192 13.5335
v 20.78292 12.4626 15.18258
v 20.78292 10.45192 15.18258
v 20.78292 12.4626 13.5335
v 20.78292 10.45192 13.22778
v 20.78292 12.4626 13.22778
v 20.78292 8.200233 13.22778
v 20.78292 10.26694 13.22778
v 20.8929 8.201187 13.22778
v 20.8929 10.26594 13.22778
v 20.8929 10.26594 11.59155
v 20.8929 8.201187 11.59155
v 20.8929 10.45096 13.22778
v 20.8929 12.45593 13.22778
v 20.8929 12.45593 11.59155
v 20.8929 10.45096 11.59155
v 20.8929 8.016174 11.59155
v 20.8929 6.011203 11.59155
v 20.8929 6.011203 13.22778
v 20.8929 8.016174 13.22778
v 20.78292 8.200233 11.59155
v 20.78292 10.26694 11.59155
v 20.78292 10.45192 11.59155
v 20.78292 12.4626 11.59155
v 20.78292 6.004527 11.34899
v 20.78292 8.015181 11.34899
v 20.8929 10.45096 11.34899
v 20.8929 12.45593 11.34899
v 20.8929 12.45593 9.717197
v 20.8929 10.45096 9.717197
v 20.78292 6.004527 9.699925
v 20.78292 8.015181 9.699925
v 20.8929 8.201187 11.34899
v 20.8929 10.26594 11.34899
v 20.8929 10.26594 9.717197
v 20.8929 8.201187 9.717197
v 20.93686 20.71739 10.66896
v 20.93686 19.22144 10.66896
v 20.93686 19.22144 11.88647
v 20.93686 20.71739 11.88647
v 20.94286 20.7159 14.92778
v 20.94286 19.21845 14.92778
v 20.94286 19.21845 16.14143
v 20.94286 20.7159 16.14143
v 20.82688 20.71664 13.51638
v 20.82688 20.71664 14.7468
v 20.82688 19.21646 14.7468
v 20.82688 19.21646 13.51638
v 20.82688 20.71664 14.92375
v 20.82688 20.71664 16.15133
v 20.82688 19.21646 16.15133
v 20.82688 19.21646 14.92375
v 20.82688 20.85472 11.88647
v 20.82688 20.85472 10.65608
v 20.82688 22.39673 10.65608
v 20.82688 22.39673 11.88647
v 20.82688 22.39673 12.06746
v 20.82688 20.85472 12.06746
v 20.82688 20.85472 16.15133
v 20.82688 20.85472 14.92375
v 20.82688 22.39673 14.92375
v 20.82688 22.39673 16.15133
v 20.94286 20.85394 14.92778
v 20.94286 20.85394 16.14143
v 20.94286 22.39747 16.14143
v 20.94286 22.39747 14.92778
v 20.93686 20.85543 13.51638
v 20.93686 20.85543 14.75084
v 20.93686 22.39599 14.75084
v 20.93686 22.39599 13.51638
v 20.82688 22.53475 11.88647
v 20.82688 22.53475 10.65608
v 20.82688 24.03496 10.65608
v 20.82688 24.03496 11.88647
v 20.82688 22.53475 16.15133
v 20.82688 22.53475 14.92375
v 20.82688 24.03496 14.92375
v 20.82688 24.03496 16.15133
v 20.94286 22.53551 14.92778
v 20.94286 22.53551 16.14143
v 20.94286 24.03296 16.14143
v 20.94286 24.03296 14.92778
v 20.93686 22.53403 13.51638
v 20.93686 22.53403 14.75084
v 20.93686 24.02998 14.75084
v 20.93686 24.02998 13.51638
v 20.93686 20.71739 13.51638
v 20.93686 19.22144 13.51638
v 20.93686 19.22144 14.75084
v 20.93686 20.71739 14.75084
v 20.82688 19.21646 13.28828
v 20.82688 20.71664 13.28828
v 20.82688 20.85472 13.51638
v 20.82688 22.39673 14.7468
v 20.82688 20.85472 14.7468
v 20.82688 22.39673 13.51638
v 20.82688 20.85472 13.28828
v 20.82688 22.39673 13.28828
v 20.82688 22.53475 13.51638
v 20.82688 24.03496 13.51638
v 20.82688 24.03496 14.7468
v 20.82688 22.53475 14.7468
v 20.82688 22.53475 13.28828
v 20.82688 24.03496 13.28828
v 20.82688 19.21646 12.06746
v 20.82688 20.71664 12.06746
v 20.93686 20.85543 13.28828
v 20.93686 22.39599 13.28828
v 20.93686 22.39599 12.06746
v 20.93686 20.85543 12.06746
v 20.93686 22.53403 13.28828
v 20.93686 24.02998 13.28828
v 20.93686 24.02998 12.06746
v 20.93686 22.53403 12.06746
v 20.93686 20.71739 12.06746
v 20.93686 19.22144 12.06746
v 20.93686 19.22144 13.28828
v 20.93686 20.71739 13.28828
v 20.82688 22.53475 12.06746
v 20.82688 24.03496 12.06746
v 20.82688 19.21646 11.88647
v 20.82688 20.71664 11.88647
v 20.82688 19.21646 10.65608
v 20.82688 20.71664 10.65608
v 20.93686 22.53403 11.88647
v 20.93686 24.02998 11.88647
v 20.93686 24.02998 10.66896
v 20.93686 22.53403 10.66896
v 20.93686 20.85543 11.88647
v 20.93686 22.39599 11.88647
v 20.93686 22.39599 10.66896
v 20.93686 20.85543 10.66896
v 20.93686 20.71739 -16.54337
v 20.93686 19.22144 -16.54337
v 20.93686 19.22144 -15.32586
v 20.93686 20.71739 -15.32586
v 20.94286 20.7159 -12.28455
v 20.94286 19.21845 -12.28455
v 20.94286 19.21845 -11.0709
v 20.94286 20.7159 -11.0709
v 20.82688 20.71664 -13.69595
v 20.82688 20.71664 -12.46553
v 20.82688 19.21646 -12.46553
v 20.82688 19.21646 -13.69595
v 20.82688 20.71664 -12.28858
v 20.82688 20.71664 -11.061
v 20.82688 19.21646 -11.061
v 20.82688 19.21646 -12.28858
v 20.82688 20.85472 -15.32586
v 20.82688 20.85472 -16.55626
v 20.82688 22.39673 -16.55626
v 20.82688 22.39673 -15.32586
v 20.82688 20.85472 -11.061
v 20.82688 20.85472 -12.28858
v 20.82688 22.39673 -12.28858
v 20.82688 22.39673 -11.061
v 20.94286 20.85394 -12.28455
v 20.94286 20.85394 -11.0709
v 20.94286 22.39747 -11.0709
v 20.94286 22.39747 -12.28455
v 20.93686 20.85543 -13.69595
v 20.93686 20.85543 -12.46149
v 20.93686 22.39599 -12.46149
v 20.93686 22.39599 -13.69595
v 20.82688 22.53475 -15.32586
v 20.82688 22.53475 -16.55626
v 20.82688 24.03496 -16.55626
v 20.82688 24.03496 -15.32586
v 20.82688 24.03496 -15.14488
v 20.82688 22.53475 -15.14488
v 20.82688 22.53475 -11.061
v 20.82688 22.53475 -12.28858
v 20.82688 24.03496 -12.28858
v 20.82688 24.03496 -11.061
v 20.94286 22.53551 -12.28455
v 20.94286 22.53551 -11.0709
v 20.94286 24.03296 -11.0709
v 20.94286 24.03296 -12.28455
v 20.93686 22.53403 -13.69595
v 20.93686 22.53403 -12.46149
v 20.93686 24.02998 -12.46149
v 20.93686 24.02998 -13.69595
v 20.93686 20.71739 -13.69595
v 20.93686 19.22144 -13.69595
v 20.93686 19.22144 -12.46149
v 20.93686 20.71739 -12.46149
v 20.82688 19.21646 -13.92405
v 20.82688 20.71664 -13.92405
v 20.82688 20.85472 -13.69595
v 20.82688 22.39673 -13.69595
v 20.82688 22.39673 -12.46553
v 20.82688 20.85472 -12.46553
v 20.82688 22.53475 -13.69595
v 20.82688 24.03496 -13.69595
v 20.82688 24.03496 -12.46553
v 20.82688 22.53475 -12.46553
v 20.82688 20.85472 -13.92405
v 20.82688 22.39673 -13.92405
v 20.82688 22.53475 -13.92405
v 20.82688 24.03496 -13.92405
v 20.82688 19.21646 -15.14488
v 20.82688 20.71664 -15.14488
v 20.93686 20.85543 -13.92405
v 20.93686 22.39599 -13.92405
v 20.93686 22.39599 -15.14488
v 20.93686 20.85543 -15.14488
v 20.93686 22.53403 -13.92405
v 20.93686 24.02998 -13.92405
v 20.93686 24.02998 -15.14488
v 20.93686 22.53403 -15.14488
v 20.93686 20.71739 -15.14488
v 20.93686 19.22144 -15.14488
v 20.93686 19.22144 -13.92405
v 20.93686 20.71739 -13.92405
v 20.82688 20.85472 -15.14488
v 20.82688 22.39673 -15.14488
v 20.82688 19.21646 -15.32586
v 20.82688 20.71664 -15.32586
v 20.93686 22.53403 -15.32586
v 20.93686 24.02998 -15.32586
v 20.93686 24.02998 -16.54337
v 20.93686 22.53403 -16.54337
v 20.82688 19.21646 -16.55626
v 20.82688 20.71664 -16.55626
v 20.93686 20.85543 -15.32586
v 20.93686 22.39599 -15.32586
v 20.93686 22.39599 -16.54337
v 20.93686 20.85543 -16.54337
v -4.577823 8.016174 -24.03369
v -4.577823 6.011203 -24.03369
v -2.946035 6.011203 -24.03369
v -2.946035 8.016174 -24.03369
v 1.130128 8.014185 -24.03969
v 1.130128 6.007201 -24.03969
v 2.756732 6.007201 -24.03969
v 2.756732 8.014185 -24.03969
v -0.7615228 8.015181 -23.92371
v 0.8875654 8.015181 -23.92371
v 0.8875654 6.004527 -23.92371
v -0.7615228 6.004527 -23.92371
v 1.124717 8.015181 -23.92371
v 2.770003 8.015181 -23.92371
v 2.770003 6.004527 -23.92371
v 1.124717 6.004527 -23.92371
v -2.946035 8.200233 -23.92371
v -4.595096 8.200233 -23.92371
v -4.595096 10.26694 -23.92371
v -2.946035 10.26694 -23.92371
v 2.770003 8.200233 -23.92371
v 1.124717 8.200233 -23.92371
v 1.124717 10.26694 -23.92371
v 2.770003 10.26694 -23.92371
v 1.130128 8.199197 -24.03969
v 2.756732 8.199197 -24.03969
v 2.756732 10.26793 -24.03969
v 1.130128 10.26793 -24.03969
v -0.7615228 8.201187 -24.03369
v 0.8929768 8.201187 -24.03369
v 0.8929768 10.26594 -24.03369
v -0.7615228 10.26594 -24.03369
v -2.946035 10.45192 -23.92371
v -4.595096 10.45192 -23.92371
v -4.595096 12.4626 -23.92371
v -2.946035 12.4626 -23.92371
v 2.770003 10.45192 -23.92371
v 1.124717 10.45192 -23.92371
v 1.124717 12.4626 -23.92371
v 2.770003 12.4626 -23.92371
v 1.130128 10.45295 -24.03969
v 2.756732 10.45295 -24.03969
v 2.756732 12.45993 -24.03969
v 1.130128 12.45993 -24.03969
v -0.7615228 10.45096 -24.03369
v 0.8929768 10.45096 -24.03369
v 0.8929768 12.45593 -24.03369
v -0.7615228 12.45593 -24.03369
v -0.7615228 8.016174 -24.03369
v -0.7615228 6.011203 -24.03369
v 0.8929768 6.011203 -24.03369
v 0.8929768 8.016174 -24.03369
v -1.067243 6.004527 -23.92371
v -1.067243 8.015181 -23.92371
v -0.7615228 8.200233 -23.92371
v 0.8875654 10.26694 -23.92371
v 0.8875654 8.200233 -23.92371
v -0.7615228 10.26694 -23.92371
v -1.067243 8.200233 -23.92371
v -1.067243 10.26694 -23.92371
v -0.7615228 10.45192 -23.92371
v 0.8875654 12.4626 -23.92371
v 0.8875654 10.45192 -23.92371
v -0.7615228 12.4626 -23.92371
v -1.067243 10.45192 -23.92371
v -1.067243 12.4626 -23.92371
v -2.703472 6.004527 -23.92371
v -2.703472 8.015181 -23.92371
v -1.067243 8.201187 -24.03369
v -1.067243 10.26594 -24.03369
v -2.703472 10.26594 -24.03369
v -2.703472 8.201187 -24.03369
v -1.067243 10.45096 -24.03369
v -1.067243 12.45593 -24.03369
v -2.703472 12.45593 -24.03369
v -2.703472 10.45096 -24.03369
v -2.703472 8.016174 -24.03369
v -2.703472 6.011203 -24.03369
v -1.067243 6.011203 -24.03369
v -1.067243 8.016174 -24.03369
v -2.703472 8.200233 -23.92371
v -2.703472 10.26694 -23.92371
v -2.703472 10.45192 -23.92371
v -2.703472 12.4626 -23.92371
v -2.946035 6.004527 -23.92371
v -2.946035 8.015181 -23.92371
v -2.946035 10.45096 -24.03369
v -2.946035 12.45593 -24.03369
v -4.577823 12.45593 -24.03369
v -4.577823 10.45096 -24.03369
v -4.595096 6.004527 -23.92371
v -4.595096 8.015181 -23.92371
v -2.946035 8.201187 -24.03369
v -2.946035 10.26594 -24.03369
v -4.577823 10.26594 -24.03369
v -4.577823 8.201187 -24.03369
v 9.646469 8.016174 -24.03369
v 9.646469 6.011203 -24.03369
v 11.27826 6.011203 -24.03369
v 11.27826 8.016174 -24.03369
v 15.35442 8.014185 -24.03969
v 15.35442 6.007201 -24.03969
v 16.98102 6.007201 -24.03969
v 16.98102 8.014185 -24.03969
v 13.46277 8.015181 -23.92371
v 15.11186 8.015181 -23.92371
v 15.11186 6.004527 -23.92371
v 13.46277 6.004527 -23.92371
v 13.15705 6.004527 -23.92371
v 13.15705 8.015181 -23.92371
v 15.34901 8.015181 -23.92371
v 16.99429 8.015181 -23.92371
v 16.99429 6.004527 -23.92371
v 15.34901 6.004527 -23.92371
v 11.27826 8.200233 -23.92371
v 9.629196 8.200233 -23.92371
v 9.629196 10.26694 -23.92371
v 11.27826 10.26694 -23.92371
v 16.99429 8.200233 -23.92371
v 15.34901 8.200233 -23.92371
v 15.34901 10.26694 -23.92371
v 16.99429 10.26694 -23.92371
v 15.35442 8.199197 -24.03969
v 16.98102 8.199197 -24.03969
v 16.98102 10.26793 -24.03969
v 15.35442 10.26793 -24.03969
v 13.46277 8.201187 -24.03369
v 15.11727 8.201187 -24.03369
v 15.11727 10.26594 -24.03369
v 13.46277 10.26594 -24.03369
v 11.27826 10.45192 -23.92371
v 9.629196 10.45192 -23.92371
v 9.629196 12.4626 -23.92371
v 11.27826 12.4626 -23.92371
v 11.52082 12.4626 -23.92371
v 11.52082 10.45192 -23.92371
v 16.99429 10.45192 -23.92371
v 15.34901 10.45192 -23.92371
v 15.34901 12.4626 -23.92371
v 16.99429 12.4626 -23.92371
v 15.35442 10.45295 -24.03969
v 16.98102 10.45295 -24.03969
v 16.98102 12.45993 -24.03969
v 15.35442 12.45993 -24.03969
v 13.46277 10.45096 -24.03369
v 15.11727 10.45096 -24.03369
v 15.11727 12.45593 -24.03369
v 13.46277 12.45593 -24.03369
v 13.46277 8.016174 -24.03369
v 13.46277 6.011203 -24.03369
v 15.11727 6.011203 -24.03369
v 15.11727 8.016174 -24.03369
v 13.46277 8.200233 -23.92371
v 13.46277 10.26694 -23.92371
v 15.11186 10.26694 -23.92371
v 15.11186 8.200233 -23.92371
v 13.46277 10.45192 -23.92371
v 15.11186 12.4626 -23.92371
v 15.11186 10.45192 -23.92371
v 13.46277 12.4626 -23.92371
v 13.15705 10.45192 -23.92371
v 13.15705 12.4626 -23.92371
v 13.15705 8.200233 -23.92371
v 13.15705 10.26694 -23.92371
v 11.52082 6.004527 -23.92371
v 11.52082 8.015181 -23.92371
v 11.27826 6.004527 -23.92371
v 11.27826 8.015181 -23.92371
v 13.15705 8.201187 -24.03369
v 13.15705 10.26594 -24.03369
v 11.52082 10.26594 -24.03369
v 11.52082 8.201187 -24.03369
v 13.15705 10.45096 -24.03369
v 13.15705 12.45593 -24.03369
v 11.52082 12.45593 -24.03369
v 11.52082 10.45096 -24.03369
v 11.52082 8.016174 -24.03369
v 11.52082 6.011203 -24.03369
v 13.15705 6.011203 -24.03369
v 13.15705 8.016174 -24.03369
v 11.52082 8.200233 -23.92371
v 11.52082 10.26694 -23.92371
v 11.27826 10.45096 -24.03369
v 11.27826 12.45593 -24.03369
v 9.646469 12.45593 -24.03369
v 9.646469 10.45096 -24.03369
v 9.629196 6.004527 -23.92371
v 9.629196 8.015181 -23.92371
v 11.27826 8.201187 -24.03369
v 11.27826 10.26594 -24.03369
v 9.646469 10.26594 -24.03369
v 9.646469 8.201187 -24.03369
v -4.577823 19.52759 -24.03369
v -4.577823 17.52262 -24.03369
v -2.946035 17.52262 -24.03369
v -2.946035 19.52759 -24.03369
v 1.130128 19.5256 -24.03969
v 1.130128 17.51862 -24.03969
v 2.756732 17.51862 -24.03969
v 2.756732 19.5256 -24.03969
v -0.7615228 19.5266 -23.92371
v 0.8875654 19.5266 -23.92371
v 0.8875654 17.51595 -23.92371
v -0.7615228 17.51595 -23.92371
v 1.124717 19.5266 -23.92371
v 2.770003 19.5266 -23.92371
v 2.770003 17.51595 -23.92371
v 1.124717 17.51595 -23.92371
v -2.946035 19.71165 -23.92371
v -4.595096 19.71165 -23.92371
v -4.595096 21.77836 -23.92371
v -2.946035 21.77836 -23.92371
v 2.770003 19.71165 -23.92371
v 1.124717 19.71165 -23.92371
v 1.124717 21.77836 -23.92371
v 2.770003 21.77836 -23.92371
v 1.130128 19.71061 -24.03969
v 2.756732 19.71061 -24.03969
v 2.756732 21.77935 -24.03969
v 1.130128 21.77935 -24.03969
v -0.7615228 19.7126 -24.03369
v 0.8929768 19.7126 -24.03369
v 0.8929768 21.77736 -24.03369
v -0.7615228 21.77736 -24.03369
v -2.946035 21.96334 -23.92371
v -4.595096 21.96334 -23.92371
v -4.595096 23.97402 -23.92371
v -2.946035 23.97402 -23.92371
v -2.703472 23.97402 -23.92371
v -2.703472 21.96334 -23.92371
v 2.770003 21.96334 -23.92371
v 1.124717 21.96334 -23.92371
v 1.124717 23.97402 -23.92371
v 2.770003 23.97402 -23.92371
v 1.130128 21.96436 -24.03969
v 2.756732 21.96436 -24.03969
v 2.756732 23.97135 -24.03969
v 1.130128 23.97135 -24.03969
v -0.7615228 21.96237 -24.03369
v 0.8929768 21.96237 -24.03369
v 0.8929768 23.96735 -24.03369
v -0.7615228 23.96735 -24.03369
v -0.7615228 19.52759 -24.03369
v -0.7615228 17.52262 -24.03369
v 0.8929768 17.52262 -24.03369
v 0.8929768 19.52759 -24.03369
v -1.067243 17.51595 -23.92371
v -1.067243 19.5266 -23.92371
v -2.703472 17.51595 -23.92371
v -2.703472 19.5266 -23.92371
v -0.7615228 19.71165 -23.92371
v -0.7615228 21.77836 -23.92371
v 0.8875654 21.77836 -23.92371
v 0.8875654 19.71165 -23.92371
v -0.7615228 21.96334 -23.92371
v -0.7615228 23.97402 -23.92371
v 0.8875654 23.97402 -23.92371
v 0.8875654 21.96334 -23.92371
v -1.067243 19.71165 -23.92371
v -1.067243 21.77836 -23.92371
v -1.067243 21.96334 -23.92371
v -1.067243 23.97402 -23.92371
v -1.067243 19.7126 -24.03369
v -1.067243 21.77736 -24.03369
v -2.703472 21.77736 -24.03369
v -2.703472 19.7126 -24.03369
v -1.067243 21.96237 -24.03369
v -1.067243 23.96735 -24.03369
v -2.703472 23.96735 -24.03369
v -2.703472 21.96237 -24.03369
v -2.703472 19.52759 -24.03369
v -2.703472 17.52262 -24.03369
v -1.067243 17.52262 -24.03369
v -1.067243 19.52759 -24.03369
v -2.703472 19.71165 -23.92371
v -2.703472 21.77836 -23.92371
v -2.946035 17.51595 -23.92371
v -2.946035 19.5266 -23.92371
v -4.595096 17.51595 -23.92371
v -4.595096 19.5266 -23.92371
v -2.946035 21.96237 -24.03369
v -2.946035 23.96735 -24.03369
v -4.577823 23.96735 -24.03369
v -4.577823 21.96237 -24.03369
v -2.946035 19.7126 -24.03369
v -2.946035 21.77736 -24.03369
v -4.577823 21.77736 -24.03369
v -4.577823 19.7126 -24.03369
v 9.646469 19.52759 -24.03369
v 9.646469 17.52262 -24.03369
v 11.27826 17.52262 -24.03369
v 11.27826 19.52759 -24.03369
v 15.35442 19.5256 -24.03969
v 15.35442 17.51862 -24.03969
v 16.98102 17.51862 -24.03969
v 16.98102 19.5256 -24.03969
v 13.46277 19.5266 -23.92371
v 15.11186 19.5266 -23.92371
v 15.11186 17.51595 -23.92371
v 13.46277 17.51595 -23.92371
v 15.34901 19.5266 -23.92371
v 16.99429 19.5266 -23.92371
v 16.99429 17.51595 -23.92371
v 15.34901 17.51595 -23.92371
v 11.27826 19.71165 -23.92371
v 9.629196 19.71165 -23.92371
v 9.629196 21.77836 -23.92371
v 11.27826 21.77836 -23.92371
v 16.99429 19.71165 -23.92371
v 15.34901 19.71165 -23.92371
v 15.34901 21.77836 -23.92371
v 16.99429 21.77836 -23.92371
v 15.35442 19.71061 -24.03969
v 16.98102 19.71061 -24.03969
v 16.98102 21.77935 -24.03969
v 15.35442 21.77935 -24.03969
v 13.46277 19.7126 -24.03369
v 15.11727 19.7126 -24.03369
v 15.11727 21.77736 -24.03369
v 13.46277 21.77736 -24.03369
v 11.27826 21.96334 -23.92371
v 9.629196 21.96334 -23.92371
v 9.629196 23.97402 -23.92371
v 11.27826 23.97402 -23.92371
v 16.99429 21.96334 -23.92371
v 15.34901 21.96334 -23.92371
v 15.34901 23.97402 -23.92371
v 16.99429 23.97402 -23.92371
v 15.35442 21.96436 -24.03969
v 16.98102 21.96436 -24.03969
v 16.98102 23.97135 -24.03969
v 15.35442 23.97135 -24.03969
v 13.46277 21.96237 -24.03369
v 15.11727 21.96237 -24.03369
v 15.11727 23.96735 -24.03369
v 13.46277 23.96735 -24.03369
v 13.46277 19.52759 -24.03369
v 13.46277 17.52262 -24.03369
v 15.11727 17.52262 -24.03369
v 15.11727 19.52759 -24.03369
v 13.15705 17.51595 -23.92371
v 13.15705 19.5266 -23.92371
v 13.46277 19.71165 -23.92371
v 13.46277 21.77836 -23.92371
v 15.11186 21.77836 -23.92371
v 15.11186 19.71165 -23.92371
v 13.46277 21.96334 -23.92371
v 13.46277 23.97402 -23.92371
v 15.11186 23.97402 -23.92371
v 15.11186 21.96334 -23.92371
v 13.15705 19.71165 -23.92371
v 13.15705 21.77836 -23.92371
v 13.15705 21.96334 -23.92371
v 13.15705 23.97402 -23.92371
v 11.52082 17.51595 -23.92371
v 11.52082 19.5266 -23.92371
v 13.15705 19.7126 -24.03369
v 13.15705 21.77736 -24.03369
v 11.52082 21.77736 -24.03369
v 11.52082 19.7126 -24.03369
v 13.15705 21.96237 -24.03369
v 13.15705 23.96735 -24.03369
v 11.52082 23.96735 -24.03369
v 11.52082 21.96237 -24.03369
v 11.52082 19.52759 -24.03369
v 11.52082 17.52262 -24.03369
v 13.15705 17.52262 -24.03369
v 13.15705 19.52759 -24.03369
v 11.52082 19.71165 -23.92371
v 11.52082 21.77836 -23.92371
v 11.52082 21.96334 -23.92371
v 11.52082 23.97402 -23.92371
v 11.27826 17.51595 -23.92371
v 11.27826 19.5266 -23.92371
v 11.27826 21.96237 -24.03369
v 11.27826 23.96735 -24.03369
v 9.646469 23.96735 -24.03369
v 9.646469 21.96237 -24.03369
v 9.629196 17.51595 -23.92371
v 9.629196 19.5266 -23.92371
v 11.27826 19.7126 -24.03369
v 11.27826 21.77736 -24.03369
v 9.646469 21.77736 -24.03369
v 9.646469 19.7126 -24.03369
v 3.073874 5.70065 23.49436
v 3.073874 5.70065 23.22922
v 1.120937 5.70065 23.22922
v 1.120937 5.70065 23.49436
v -4.898978 8.015181 23.49436
v -4.898978 5.70065 23.49436
v -4.898978 5.70065 23.22922
v -4.898978 8.015181 23.22922
v -4.898978 12.76648 23.49436
v -2.838253 12.76648 23.49436
v -2.955227 12.45993 23.49436
v -4.58183 12.45993 23.49436
v -4.58183 10.45295 23.49436
v -4.58183 8.014185 23.49436
v -4.58183 6.007201 23.49436
v -2.838253 5.70065 23.49436
v -2.955227 6.007201 23.49436
v -2.838253 8.015173 23.49436
v -2.955227 8.014185 23.49436
v 3.073874 8.015181 23.49436
v 2.752724 6.011203 23.49436
v 2.752724 8.016174 23.49436
v 1.120937 6.011203 23.49436
v -1.063576 5.70065 23.49436
v -2.718075 6.011203 23.49436
v -1.063576 6.011203 23.49436
v -0.7578559 6.011203 23.49436
v -0.7578559 5.70065 23.49436
v -2.718075 8.016174 23.49436
v 1.120937 12.76648 23.49436
v 3.073874 12.76648 23.49436
v 2.752724 12.45593 23.49436
v 1.120937 12.45593 23.49436
v -2.838253 5.70065 23.22922
v -4.58183 8.199197 23.49307
v -4.58183 8.014185 23.49307
v -2.955227 8.014185 23.49307
v -2.955227 8.199197 23.49307
v 2.752724 8.201187 23.49436
v -2.718075 8.201187 23.49436
v 3.073874 12.76648 23.22922
v 1.120937 12.76648 23.22922
v -2.838253 12.76648 23.22922
v -4.898978 12.76648 23.22922
v 3.073874 8.015181 23.22922
v -4.898978 8.200191 23.49436
v -4.898978 10.26694 23.22922
v -4.898978 10.26694 23.49436
v -4.898978 8.200191 23.22922
v -4.58183 8.199197 23.49436
v -4.58183 10.26793 23.49436
v -4.898978 10.45195 23.49436
v -4.898978 10.45195 23.22922
v -2.955227 8.199197 23.49436
v -2.955227 10.26793 23.49436
v -2.955227 10.45295 23.49436
v -2.838253 10.26693 23.49436
v -2.838253 10.45196 23.49436
v -4.58183 10.26793 23.50164
v -2.955227 10.26793 23.50164
v -2.838253 8.200198 23.49436
v -2.718075 10.26594 23.49436
v -2.718075 10.45096 23.49436
v -2.718075 12.45593 23.49436
v -2.718075 10.26594 23.48708
v -1.063576 10.26594 23.48708
v 3.073874 8.200191 23.22922
v 3.073874 8.200191 23.49436
v 3.073874 10.26694 23.49436
v 3.073874 10.26694 23.22922
v -2.955227 10.45295 23.50164
v -4.58183 10.45295 23.50164
v 2.752724 10.45096 23.49436
v 3.073874 10.45195 23.49436
v 3.073874 10.45195 23.22922
v -1.063576 8.016174 23.4927
v -2.718075 8.016174 23.4927
v -2.718075 8.201187 23.4927
v -1.063576 8.201187 23.4927
v 2.752724 10.26594 23.49436
v 2.752724 8.016174 23.4927
v 2.752724 8.201187 23.4927
v 1.120937 8.016174 23.4927
v 1.120937 6.011203 23.48708
v 1.120937 8.016174 23.48708
v 2.752724 10.26594 23.48708
v 1.120937 10.26594 23.48708
v 0.8783736 10.26594 23.48708
v 1.120937 8.201187 23.48708
v -2.838253 8.015181 23.22922
v -2.838253 8.200191 23.22922
v -2.838253 10.45195 23.22922
v -2.838253 10.26694 23.22922
v 1.120937 10.45096 23.48708
v 2.752724 10.45096 23.48708
v 1.120937 8.201187 23.4927
v -2.718075 10.45096 23.48708
v -1.063576 5.70065 23.22922
v -1.063576 12.76648 23.49436
v -1.063576 12.45593 23.49436
v -1.063576 12.76648 23.22922
v -0.7578559 12.76648 23.22922
v -0.7578559 12.76648 23.49436
v -1.063576 10.45096 23.48708
v -0.7578559 10.26594 23.48708
v -1.063576 8.201187 23.48708
v -0.7578559 8.201187 23.48708
v -1.063576 12.45593 23.48708
v -0.7578559 12.45593 23.48708
v -0.7578559 10.45096 23.48708
v -0.7578559 8.201187 23.4927
v -0.7578559 8.016174 23.4927
v -1.063576 8.016174 23.48708
v -1.063576 6.011203 23.48708
v -0.7578559 8.016174 23.48708
v -0.7578559 6.011203 23.48708
v -0.7578559 5.70065 23.22922
v 0.8783736 6.011203 23.49436
v 0.8783736 5.70065 23.49436
v -0.7578559 12.45593 23.49436
v 0.8783736 8.016174 23.48708
v 0.8783736 6.011203 23.48708
v 0.8783736 8.201187 23.48708
v 0.8783736 8.201187 23.4927
v 0.8783736 8.016174 23.4927
v 0.8783736 5.70065 23.22922
v 0.8783736 12.76648 23.49436
v 0.8783736 12.45593 23.49436
v 0.8783736 12.76648 23.22922
v 0.8783736 10.45096 23.48708
v 0.8783736 12.45593 23.48708
v 1.120937 12.45593 23.48708
v 17.29817 5.70065 23.49437
v 17.29817 5.70065 23.22923
v 15.34523 5.70065 23.22923
v 15.34523 5.70065 23.49437
v 15.10267 5.70065 23.22923
v 15.10267 5.70065 23.49437
v 9.325313 8.015181 23.49436
v 9.325313 5.70065 23.22922
v 9.325313 8.015181 23.22922
v 9.325313 5.70065 23.49436
v 9.642462 6.007201 23.49436
v 9.642462 8.014185 23.49436
v 9.642462 8.199197 23.49436
v 9.642462 8.199197 23.49307
v 9.642462 8.014185 23.49307
v 9.325313 12.76648 23.49436
v 11.38604 12.76648 23.49437
v 11.26906 12.45993 23.49437
v 9.642462 12.45993 23.49436
v 11.38604 5.70065 23.49437
v 11.26906 6.007201 23.49437
v 11.26906 8.014185 23.49437
v 17.29817 8.015181 23.49437
v 16.97702 6.011203 23.49437
v 16.97702 8.016174 23.49437
v 13.16072 5.70065 23.49437
v 11.50622 6.011203 23.49437
v 13.16072 6.011203 23.49437
v 11.38604 8.015173 23.49437
v 11.50622 8.016174 23.49437
v 15.34523 12.76648 23.49437
v 17.29817 12.76648 23.49437
v 16.97702 12.45593 23.49437
v 15.34523 12.45593 23.49437
v 11.38604 5.70065 23.22923
v 16.97702 8.016174 23.4927
v 16.97702 8.201187 23.4927
v 16.97702 8.201187 23.49437
v 16.97702 10.26594 23.49437
v 17.29817 12.76648 23.22923
v 15.34523 12.76648 23.22923
v 11.38604 12.76648 23.22923
v 9.325313 12.76648 23.22922
v 17.29817 8.015181 23.22923
v 9.325313 8.200191 23.49436
v 9.325313 8.200191 23.22922
v 9.325313 10.26694 23.22922
v 9.325313 10.26694 23.49436
v 9.325313 10.45195 23.22922
v 9.325313 10.45195 23.49436
v 9.642462 10.26793 23.49436
v 11.26906 8.199197 23.49437
v 11.26906 10.26793 23.49437
v 11.38604 8.200198 23.49437
v 11.38604 10.26693 23.49437
v 11.50622 8.201187 23.49437
v 11.50622 10.26594 23.49437
v 17.29817 8.200191 23.49437
v 17.29817 10.26694 23.49437
v 16.97702 10.45096 23.49437
v 17.29817 10.45195 23.49437
v 17.29817 8.200191 23.22923
v 17.29817 10.26694 23.22923
v 17.29817 10.45195 23.22923
v 9.642462 10.45295 23.49436
v 9.642462 10.45295 23.50164
v 9.642462 10.26793 23.50164
v 11.26906 10.45295 23.50164
v 11.26906 10.45295 23.49437
v 11.38604 10.45196 23.49437
v 11.26906 10.26793 23.50164
v 11.50622 10.45096 23.49437
v 11.50622 12.45593 23.49437
v 11.50622 10.45096 23.48709
v 11.50622 10.26594 23.48709
v 13.16072 10.45096 23.48709
v 13.16072 10.26594 23.48709
v 13.16072 8.201187 23.48709
v 13.46644 10.26594 23.48709
v 13.46644 8.201187 23.48709
v 16.97702 10.26594 23.48709
v 16.97702 10.45096 23.48709
v 13.16072 8.016174 23.4927
v 11.50622 8.016174 23.4927
v 11.50622 8.201187 23.4927
v 13.16072 8.201187 23.4927
v 11.26906 8.014185 23.49307
v 11.26906 8.199197 23.49307
v 11.38604 8.015181 23.22923
v 11.38604 8.200191 23.22923
v 11.38604 10.45195 23.22923
v 11.38604 10.26694 23.22923
v 15.34523 10.45096 23.48709
v 15.34523 10.26594 23.48709
v 15.34523 8.201187 23.4927
v 13.16072 5.70065 23.22923
v 13.46644 6.011203 23.49437
v 13.46644 5.70065 23.49437
v 13.16072 12.76648 23.49437
v 13.16072 12.45593 23.49437
v 13.46644 12.45593 23.49437
v 13.16072 12.76648 23.22923
v 13.16072 12.45593 23.48709
v 13.46644 12.45593 23.48709
v 13.46644 10.45096 23.48709
v 13.46644 8.201187 23.4927
v 13.46644 8.016174 23.4927
v 13.46644 5.70065 23.22923
v 13.46644 8.016174 23.48709
v 13.46644 6.011203 23.48709
v 13.16072 6.011203 23.48709
v 13.16072 8.016174 23.48709
v 15.10267 6.011203 23.49437
v 13.46644 12.76648 23.49437
v 13.46644 12.76648 23.22923
v 15.10267 12.76648 23.22923
v 15.10267 10.26594 23.48709
v 15.10267 8.201187 23.4927
v 15.10267 8.016174 23.4927
v 15.10267 12.76648 23.49437
v 15.10267 12.45593 23.49437
v 15.34523 6.011203 23.49437
v 15.10267 10.45096 23.48709
v 15.34523 8.201187 23.48709
v 15.34523 8.016174 23.4927
v 15.34523 8.016174 23.48709
v 15.34523 6.011203 23.48709
v 15.10267 6.011203 23.48709
v 15.10267 8.016174 23.48709
v 15.10267 8.201187 23.48709
v 15.34523 12.45593 23.48709
v 15.10267 12.45593 23.48709
v 3.073874 17.21207 23.49436
v 3.073874 17.21207 23.22922
v 1.120937 17.21207 23.22922
v 1.120937 17.21207 23.49436
v -4.898978 19.5266 23.49436
v -4.898978 17.21207 23.22922
v -4.898978 19.5266 23.22922
v -4.898978 17.21207 23.49436
v -2.838253 17.21207 23.49436
v -2.838253 17.21207 23.22922
v -4.898978 24.2779 23.49436
v -2.838253 24.2779 23.49436
v -2.955227 23.97135 23.49436
v -4.58183 23.97135 23.49436
v -4.58183 19.5256 23.49436
v -4.58183 17.51862 23.49436
v -2.955227 17.51862 23.49436
v -2.838253 19.52659 23.49436
v -2.955227 19.5256 23.49436
v 3.073874 19.5266 23.49436
v 2.752724 17.52262 23.49436
v 2.752724 19.52759 23.49436
v -1.063576 17.21207 23.49436
v -2.718075 17.52262 23.49436
v -1.063576 17.52262 23.49436
v -0.7578559 17.52262 23.49436
v -0.7578559 17.21207 23.49436
v 0.8783736 17.52262 23.49436
v 0.8783736 17.21207 23.49436
v -2.718075 19.52759 23.49436
v -2.838253 19.71161 23.49436
v -2.718075 19.7126 23.49436
v 1.120937 24.2779 23.49436
v 3.073874 24.2779 23.49436
v 2.752724 23.96735 23.49436
v 1.120937 23.96735 23.49436
v 0.8783736 23.96735 23.49436
v 0.8783736 24.2779 23.49436
v 2.752724 19.7126 23.49436
v 1.120937 21.96237 23.48708
v 1.120937 23.96735 23.48708
v 3.073874 24.2779 23.22922
v 1.120937 24.2779 23.22922
v -2.838253 24.2779 23.22922
v -4.898978 24.2779 23.22922
v 3.073874 19.5266 23.22922
v -4.898978 19.71161 23.49436
v -4.898978 19.71161 23.22922
v -4.898978 21.77836 23.22922
v -4.898978 21.77836 23.49436
v -4.58183 19.71061 23.49436
v -4.58183 21.77935 23.49436
v -2.955227 19.71061 23.49436
v -2.955227 21.77935 23.49436
v -2.838253 21.77835 23.49436
v -2.718075 21.77736 23.49436
v 2.752724 21.77736 23.49436
v 3.073874 19.71161 23.49436
v 3.073874 21.77836 23.49436
v 3.073874 19.71161 23.22922
v 3.073874 21.77836 23.22922
v -4.898978 21.96337 23.49436
v -4.898978 21.96337 23.22922
v -4.58183 21.96436 23.49436
v -2.955227 21.96436 23.49436
v -2.838253 21.96338 23.49436
v 2.752724 21.96237 23.49436
v 2.752724 21.96237 23.48708
v 3.073874 21.96337 23.49436
v 3.073874 21.96337 23.22922
v -1.063576 19.52759 23.4927
v -2.718075 19.52759 23.4927
v -2.718075 19.7126 23.4927
v -1.063576 19.7126 23.4927
v -2.955227 19.5256 23.49307
v -4.58183 19.5256 23.49307
v -4.58183 19.71061 23.49307
v -2.955227 19.71061 23.49307
v -2.838253 19.5266 23.22922
v -2.838253 19.71161 23.22922
v -2.838253 21.77836 23.22922
v -2.838253 21.96337 23.22922
v -4.58183 21.77935 23.50164
v -2.955227 21.77935 23.50164
v -2.955227 21.96436 23.50164
v -4.58183 21.96436 23.50164
v -2.718075 21.96237 23.49436
v -2.718075 23.96735 23.49436
v -1.063576 23.96735 23.49436
v -2.718075 21.96237 23.48708
v -2.718075 21.77736 23.48708
v -1.063576 21.77736 23.48708
v -0.7578559 21.77736 23.48708
v 2.752724 21.77736 23.48708
v 1.120937 21.77736 23.48708
v 2.752724 19.52759 23.4927
v 2.752724 19.7126 23.4927
v 1.120937 19.7126 23.4927
v 0.8783736 19.7126 23.48708
v 1.120937 19.7126 23.48708
v 0.8783736 21.77736 23.48708
v -1.063576 17.21207 23.22922
v -1.063576 24.2779 23.49436
v -0.7578559 24.2779 23.49436
v -0.7578559 23.96735 23.49436
v -1.063576 24.2779 23.22922
v -0.7578559 24.2779 23.22922
v -1.063576 21.96237 23.48708
v -0.7578559 21.96237 23.48708
v -0.7578559 23.96735 23.48708
v -1.063576 23.96735 23.48708
v 0.8783736 21.96237 23.48708
v -0.7578559 19.7126 23.4927
v -0.7578559 19.52759 23.4927
v -1.063576 19.7126 23.48708
v -0.7578559 19.7126 23.48708
v -0.7578559 17.21207 23.22922
v 0.8783736 17.21207 23.22922
v -0.7578559 19.52759 23.48708
v -0.7578559 17.52262 23.48708
v -1.063576 17.52262 23.48708
v -1.063576 19.52759 23.48708
v 0.8783736 19.7126 23.4927
v 0.8783736 19.52759 23.4927
v 1.120937 19.52759 23.4927
v 1.120937 19.52759 23.48708
v 0.8783736 19.52759 23.48708
v 1.120937 17.52262 23.48708
v 1.120937 17.52262 23.49436
v 0.8783736 24.2779 23.22922
v 0.8783736 23.96735 23.48708
v 0.8783736 17.52262 23.48708
v -8.77003 5.70065 -9.868484
v -8.504889 5.70065 -9.868484
v -8.504889 5.70065 -11.82142
v -8.77003 5.70065 -11.82142
v -8.770029 8.015181 -17.84134
v -8.770029 5.70065 -17.84134
v -8.504889 5.70065 -17.84134
v -8.504889 8.015181 -17.84134
v -8.770029 12.76648 -17.84134
v -8.770029 12.76648 -15.78061
v -8.770029 12.45993 -15.89758
v -8.770029 12.45993 -17.52419
v -8.770029 8.014185 -17.52419
v -8.770029 6.007201 -17.52419
v -8.770029 6.007201 -15.89758
v -8.770029 8.014185 -15.89758
v -8.770029 5.70065 -15.78061
v -8.770029 10.45295 -17.52419
v -8.770029 10.45195 -17.84134
v -8.770029 10.45196 -15.78061
v -8.770029 10.45295 -15.89758
v -8.77003 8.015181 -9.868484
v -8.77003 6.011203 -10.18963
v -8.77003 8.016174 -10.18963
v -8.768369 8.016174 -10.18963
v -8.768369 8.201187 -10.18963
v -8.770029 5.70065 -14.00593
v -8.770029 6.011203 -15.66043
v -8.770029 6.011203 -14.00593
v -8.770029 8.015173 -15.78061
v -8.770029 8.016174 -15.66043
v -8.77003 12.76648 -11.82142
v -8.77003 12.76648 -9.868484
v -8.77003 12.45593 -10.18963
v -8.77003 12.45593 -11.82142
v -8.504889 5.70065 -15.78061
v -8.504889 12.76648 -9.868484
v -8.504889 12.76648 -11.82142
v -8.504889 12.76648 -15.78061
v -8.504889 12.76648 -17.84134
v -8.504889 8.015181 -9.868484
v -8.770029 8.200191 -17.84134
v -8.504889 8.200191 -17.84134
v -8.504889 10.26694 -17.84134
v -8.770029 10.26694 -17.84134
v -8.770029 8.199197 -17.52419
v -8.770029 10.26793 -17.52419
v -8.770029 8.199197 -15.89758
v -8.770029 10.26793 -15.89758
v -8.770029 8.200198 -15.78061
v -8.770029 10.26693 -15.78061
v -8.770029 8.201187 -15.66043
v -8.770029 10.26594 -15.66043
v -8.77003 8.201187 -10.18963
v -8.77003 10.26594 -10.18963
v -8.77003 8.200191 -9.868484
v -8.77003 10.26694 -9.868484
v -8.504889 8.200191 -9.868484
v -8.504889 10.26694 -9.868484
v -8.504889 10.45195 -17.84134
v -8.770029 10.45096 -15.66043
v -8.770029 12.45593 -15.66043
v -8.77003 10.45096 -10.18963
v -8.77003 10.45195 -9.868484
v -8.504889 10.45195 -9.868484
v -8.768368 8.016174 -14.00593
v -8.768368 8.016174 -15.66043
v -8.768368 8.201187 -15.66043
v -8.768368 8.201187 -14.00593
v -8.768733 8.014185 -15.89758
v -8.768733 8.014185 -17.52419
v -8.768733 8.199197 -17.52419
v -8.768733 8.199197 -15.89758
v -8.504889 8.015181 -15.78061
v -8.504889 8.200191 -15.78061
v -8.504889 10.26694 -15.78061
v -8.504889 10.45195 -15.78061
v -8.777306 10.45295 -17.52419
v -8.777306 10.26793 -17.52419
v -8.762752 10.45096 -15.66043
v -8.762752 10.26594 -15.66043
v -8.762753 10.45096 -11.82142
v -8.762753 10.45096 -10.18963
v -8.762753 10.26594 -10.18963
v -8.762753 10.26594 -11.82142
v -8.768369 8.201187 -11.82142
v -8.768369 8.016174 -11.82142
v -8.777306 10.26793 -15.89758
v -8.777306 10.45295 -15.89758
v -8.762753 12.45593 -11.82142
v -8.762752 10.26594 -14.00593
v -8.762752 10.26594 -13.70021
v -8.504889 5.70065 -14.00593
v -8.770029 6.011203 -13.70021
v -8.770029 5.70065 -13.70021
v -8.770029 12.76648 -14.00593
v -8.770029 12.45593 -14.00593
v -8.770029 12.76648 -13.70021
v -8.770029 12.45593 -13.70021
v -8.762752 6.011203 -13.70021
v -8.762752 8.016174 -13.70021
v -8.504889 12.76648 -14.00593
v -8.762752 10.45096 -14.00593
v -8.762752 10.45096 -13.70021
v -8.762752 8.201187 -14.00593
v -8.762752 8.201187 -13.70021
v -8.762752 12.45593 -14.00593
v -8.762752 12.45593 -13.70021
v -8.768368 8.201187 -13.70021
v -8.768368 8.016174 -13.70021
v -8.504889 5.70065 -13.70021
v -8.504889 5.70065 -12.06398
v -8.762752 6.011203 -14.00593
v -8.762752 8.016174 -14.00593
v -8.77003 6.011203 -12.06398
v -8.77003 5.70065 -12.06398
v -8.504889 12.76648 -13.70021
v -8.504889 12.76648 -12.06398
v -8.77003 12.76648 -12.06398
v -8.768369 8.201187 -12.06398
v -8.762753 10.26594 -12.06398
v -8.768369 8.016174 -12.06398
v -8.77003 12.45593 -12.06398
v -8.762753 12.45593 -12.06398
v -8.77003 6.011203 -11.82142
v -8.762753 10.45096 -12.06398
v -8.762753 8.201187 -12.06398
v -8.762753 8.201187 -11.82142
v -8.762753 8.016174 -11.82142
v -8.762753 6.011203 -12.06398
v -8.762753 8.016174 -12.06398
v -8.762753 6.011203 -11.82142
v 17.29817 17.21207 23.49437
v 17.29817 17.21207 23.22923
v 15.34523 17.21207 23.22923
v 15.34523 17.21207 23.49437
v 9.325313 19.5266 23.49436
v 9.325313 17.21207 23.22922
v 9.325313 19.5266 23.22922
v 9.325313 17.21207 23.49436
v 9.642462 17.51862 23.49436
v 9.642462 19.5256 23.49436
v 11.38604 17.21207 23.49437
v 11.26906 17.51862 23.49437
v 11.26906 19.5256 23.49437
v 11.38604 19.52659 23.49437
v 11.26906 19.71061 23.49437
v 11.38604 19.71161 23.49437
v 17.29817 19.5266 23.49437
v 16.97702 17.52262 23.49437
v 16.97702 19.52759 23.49437
v 13.16072 17.21207 23.49437
v 11.50622 17.52262 23.49437
v 13.16072 17.52262 23.49437
v 11.50622 19.52759 23.49437
v 13.46644 17.52262 23.49437
v 15.34523 24.2779 23.49437
v 17.29817 24.2779 23.49437
v 16.97702 23.96735 23.49437
v 15.34523 23.96735 23.49437
v 11.38604 17.21207 23.22923
v 11.38604 19.5266 23.22923
v 9.642462 19.71061 23.49436
v 9.325313 19.71161 23.49436
v 9.642462 21.77935 23.49436
v 15.34523 21.96237 23.48709
v 15.34523 23.96735 23.48709
v 15.10267 21.96237 23.48709
v 15.10267 23.96735 23.48709
v 17.29817 24.2779 23.22923
v 15.34523 24.2779 23.22923
v 11.38604 24.2779 23.22923
v 11.38604 24.2779 23.49437
v 9.325313 24.2779 23.49436
v 9.325313 24.2779 23.22922
v 17.29817 19.5266 23.22923
v 9.325313 21.77836 23.22922
v 9.325313 21.77836 23.49436
v 9.325313 19.71161 23.22922
v 9.325313 21.96337 23.49436
v 9.642462 21.96436 23.49436
v 9.642462 21.96436 23.50164
v 9.642462 21.77935 23.50164
v 11.26906 21.77935 23.50164
v 11.26906 21.96436 23.50164
v 11.26906 21.77935 23.49437
v 11.26906 21.96436 23.49437
v 11.38604 21.96338 23.49437
v 11.38604 21.77835 23.49437
v 11.50622 19.7126 23.49437
v 11.50622 21.77736 23.49437
v 16.97702 19.7126 23.49437
v 16.97702 21.77736 23.49437
v 17.29817 19.71161 23.49437
v 17.29817 21.77836 23.49437
v 17.29817 19.71161 23.22923
v 17.29817 21.77836 23.22923
v 9.325313 21.96337 23.22922
v 9.642462 23.97135 23.49436
v 11.26906 23.97135 23.49437
v 11.50622 21.96237 23.49437
v 11.50622 23.96735 23.49437
v 16.97702 21.96237 23.49437
v 16.97702 21.77736 23.48709
v 16.97702 21.96237 23.48709
v 17.29817 21.96337 23.49437
v 17.29817 21.96337 23.22923
v 13.16072 19.52759 23.4927
v 11.50622 19.52759 23.4927
v 11.50622 19.7126 23.4927
v 13.16072 19.7126 23.4927
v 11.26906 19.5256 23.49307
v 9.642462 19.5256 23.49307
v 9.642462 19.71061 23.49307
v 11.26906 19.71061 23.49307
v 11.38604 19.71161 23.22923
v 11.38604 21.96337 23.22923
v 11.38604 21.77836 23.22923
v 11.50622 21.96237 23.48709
v 11.50622 21.77736 23.48709
v 13.16072 21.96237 23.48709
v 13.46644 21.96237 23.48709
v 13.16072 21.77736 23.48709
v 13.46644 21.77736 23.48709
v 15.10267 21.77736 23.48709
v 15.34523 21.77736 23.48709
v 13.16072 19.52759 23.48709
v 13.16072 17.52262 23.48709
v 13.46644 17.52262 23.48709
v 16.97702 19.52759 23.4927
v 16.97702 19.7126 23.4927
v 15.34523 19.7126 23.4927
v 13.16072 17.21207 23.22923
v 13.46644 17.21207 23.49437
v 13.16072 24.2779 23.49437
v 13.16072 23.96735 23.49437
v 13.46644 23.96735 23.49437
v 13.16072 24.2779 23.22923
v 13.16072 19.7126 23.48709
v 13.46644 19.7126 23.48709
v 13.16072 23.96735 23.48709
v 13.46644 23.96735 23.48709
v 13.46644 19.52759 23.4927
v 13.46644 17.21207 23.22923
v 15.10267 17.21207 23.22923
v 13.46644 19.52759 23.48709
v 15.10267 17.21207 23.49437
v 15.10267 17.52262 23.49437
v 15.34523 17.52262 23.49437
v 13.46644 24.2779 23.49437
v 13.46644 24.2779 23.22923
v 15.10267 24.2779 23.22923
v 15.10267 24.2779 23.49437
v 13.46644 19.7126 23.4927
v 15.10267 19.7126 23.4927
v 15.10267 19.52759 23.4927
v 15.10267 19.7126 23.48709
v 15.34523 19.52759 23.4927
v 15.10267 19.52759 23.48709
v 15.10267 17.52262 23.48709
v 15.10267 23.96735 23.49437
v 15.34523 19.7126 23.48709
v 15.34523 19.52759 23.48709
v 15.34523 17.52262 23.48709
v -8.770033 5.70065 17.3689
v -8.504892 5.70065 17.3689
v -8.504892 5.70065 15.41596
v -8.770033 5.70065 15.41596
v -8.770032 8.015181 9.396045
v -8.770032 5.70065 9.396045
v -8.504891 5.70065 9.396045
v -8.504891 8.015181 9.396045
v -8.770032 12.76648 9.396045
v -8.770032 12.76648 11.45677
v -8.770032 12.45993 11.3398
v -8.770032 12.45993 9.713194
v -8.770032 10.45295 9.713194
v -8.777308 10.45295 11.3398
v -8.777308 10.45295 9.713194
v -8.777308 10.26793 11.3398
v -8.777308 10.26793 9.713194
v -8.770032 6.007201 9.713194
v -8.770032 8.014185 9.713194
v -8.770032 8.200191 9.396045
v -8.770032 8.199197 9.713194
v -8.770032 6.007201 11.3398
v -8.770032 10.26793 9.713194
v -8.770032 5.70065 11.45677
v -8.770032 8.014185 11.3398
v -8.770033 8.015181 17.3689
v -8.770033 6.011203 17.04774
v -8.770033 8.016174 17.04774
v -8.770032 8.015173 11.45677
v -8.770032 8.016174 11.57695
v -8.770032 6.011203 11.57695
v -8.770033 5.70065 13.23145
v -8.770033 6.011203 13.23145
v -8.770033 6.011203 13.53717
v -8.770033 12.76648 15.41596
v -8.770033 12.76648 17.3689
v -8.770033 12.45593 17.04774
v -8.770033 12.45593 15.41596
v -8.504891 5.70065 11.45677
v -8.504891 8.015181 11.45677
v -8.768736 8.014185 9.713194
v -8.768736 8.014185 11.3398
v -8.768736 8.199197 9.713194
v -8.768736 8.199197 11.3398
v -8.768372 8.016174 17.04774
v -8.768372 8.016174 15.41596
v -8.770033 12.45593 15.1734
v -8.770032 8.199197 11.3398
v -8.770032 8.200198 11.45677
v -8.770032 10.26793 11.3398
v -8.770032 10.26693 11.45677
v -8.504892 12.76648 17.3689
v -8.504892 12.76648 15.41596
v -8.504891 12.76648 11.45677
v -8.504891 12.76648 9.396045
v -8.504892 8.015181 17.3689
v -8.770033 8.200191 17.3689
v -8.504892 8.200191 17.3689
v -8.770033 10.26694 17.3689
v -8.504892 10.26694 17.3689
v -8.770032 10.26694 9.396045
v -8.504891 10.26694 9.396045
v -8.504891 8.200191 9.396045
v -8.770032 10.45295 11.3398
v -8.770032 10.45196 11.45677
v -8.770032 8.201187 11.57695
v -8.770032 10.26594 11.57695
v -8.770033 8.201187 17.04774
v -8.770033 10.26594 17.04774
v -8.770032 10.45195 9.396045
v -8.504891 10.45195 9.396045
v -8.770032 10.45096 11.57695
v -8.770032 12.45593 11.57695
v -8.770033 12.76648 13.23145
v -8.770033 12.45593 13.23145
v -8.770033 10.45096 17.04774
v -8.762755 10.45096 17.04774
v -8.762755 10.45096 15.41596
v -8.762755 10.45096 15.1734
v -8.762755 12.45593 15.41596
v -8.762755 12.45593 15.1734
v -8.770033 12.45593 13.53717
v -8.770033 10.45195 17.3689
v -8.504892 10.45195 17.3689
v -8.768372 8.016174 13.23145
v -8.768371 8.016174 11.57695
v -8.768371 8.201187 11.57695
v -8.768372 8.201187 13.23145
v -8.768372 8.201187 13.53717
v -8.768372 8.016174 13.53717
v -8.504891 8.200191 11.45677
v -8.504891 10.45195 11.45677
v -8.504891 10.26694 11.45677
v -8.762755 8.016174 13.53717
v -8.762755 8.016174 13.23145
v -8.768372 8.201187 17.04774
v -8.768372 8.201187 15.41596
v -8.762754 10.26594 11.57695
v -8.762755 10.26594 13.23145
v -8.762754 10.45096 11.57695
v -8.762755 10.45096 13.23145
v -8.762755 10.26594 17.04774
v -8.762755 10.26594 15.41596
v -8.762755 10.26594 15.1734
v -8.762755 8.201187 15.1734
v -8.762755 8.201187 15.41596
v -8.504892 5.70065 13.23145
v -8.770033 5.70065 13.53717
v -8.770033 6.011203 15.1734
v -8.770033 5.70065 15.1734
v -8.770033 6.011203 15.41596
v -8.504892 12.76648 13.23145
v -8.762755 10.26594 13.53717
v -8.762755 8.201187 13.23145
v -8.762755 8.201187 13.53717
v -8.762755 12.45593 13.23145
v -8.762755 12.45593 13.53717
v -8.762755 10.45096 13.53717
v -8.504892 5.70065 13.53717
v -8.762755 6.011203 13.53717
v -8.762755 6.011203 13.23145
v -8.504892 5.70065 15.1734
v -8.770033 12.76648 13.53717
v -8.504892 12.76648 13.53717
v -8.768372 8.201187 15.1734
v -8.768372 8.016174 15.1734
v -8.762755 8.016174 15.1734
v -8.762755 6.011203 15.1734
v -8.770033 12.76648 15.1734
v -8.504892 12.76648 15.1734
v -8.762755 6.011203 15.41596
v -8.762755 8.016174 15.41596
v -15.28438 18.46429 3.55131
v -15.01924 18.46429 3.55131
v -15.01924 18.46429 1.598372
v -15.28438 18.46429 1.598372
v -15.01924 18.46429 1.355809
v -15.28438 18.46429 1.355809
v -15.28438 20.77882 -4.421544
v -15.28438 18.46429 -4.421544
v -15.01924 18.46429 -4.421544
v -15.01924 20.77882 -4.421544
v -15.01924 20.96384 -4.421544
v -15.28438 20.96384 -4.421544
v -15.28438 20.77783 -4.104395
v -15.28438 20.96284 -4.104395
v -15.28438 18.77085 -4.104395
v -15.28438 18.77085 -2.477792
v -15.28438 20.77783 -2.477792
v -15.28438 25.53012 -4.421544
v -15.28438 25.53012 -2.360818
v -15.28438 25.22358 -2.477792
v -15.28438 25.22358 -4.104395
v -15.28438 23.21659 -4.104395
v -15.28438 23.2156 -4.421544
v -15.28438 23.03158 -4.104395
v -15.28438 23.03058 -4.421544
v -15.28438 18.46429 -2.360818
v -15.28438 23.21659 -2.477792
v -15.28438 23.03158 -2.477792
v -15.28438 20.77882 3.55131
v -15.28438 18.77485 3.230159
v -15.28438 20.77982 3.230159
v -15.28438 18.77485 1.598372
v -15.28438 18.46429 -0.586141
v -15.28438 18.77485 -2.24064
v -15.28438 18.77485 -0.586141
v -15.28438 20.77882 -2.360818
v -15.28438 20.77982 -2.24064
v -15.28438 25.53012 1.598372
v -15.28438 25.53012 3.55131
v -15.28438 25.21957 3.230159
v -15.28438 25.21957 1.598372
v -15.28438 25.21957 1.355809
v -15.28438 25.53012 1.355809
v -15.28438 25.21957 -0.280421
v -15.28438 25.53012 -0.280421
v -15.28438 25.21957 -0.586141
v -15.28438 25.53012 -0.586141
v -15.01924 18.46429 -2.360818
v -15.01924 25.53012 3.55131
v -15.01924 25.53012 1.598372
v -15.01924 25.53012 -2.360818
v -15.01924 25.53012 -4.421544
v -15.01924 20.77882 3.55131
v -15.01924 23.03058 -4.421544
v -15.01924 23.2156 -4.421544
v -15.28438 20.96284 -2.477792
v -15.28438 20.96384 -2.360818
v -15.28438 23.03058 -2.360818
v -15.28438 23.2156 -2.360818
v -15.28438 20.96483 -2.24064
v -15.28438 23.02959 -2.24064
v -15.28438 20.96483 3.230159
v -15.28438 23.02959 3.230159
v -15.28272 20.77982 3.230159
v -15.28272 20.96483 3.230159
v -15.28438 20.96384 3.55131
v -15.28438 23.03058 3.55131
v -15.28438 23.2146 3.230159
v -15.28438 23.2156 3.55131
v -15.01924 20.96384 3.55131
v -15.01924 23.03058 3.55131
v -15.01924 23.2156 3.55131
v -15.28438 23.2146 -2.24064
v -15.28438 25.21957 -2.24064
v -15.28272 20.77982 -0.5861409
v -15.28272 20.96483 -2.24064
v -15.28272 20.96483 -0.5861409
v -15.28272 20.77982 -2.24064
v -15.2771 20.77982 -0.280421
v -15.2771 20.77982 -0.5861409
v -15.28308 20.77783 -2.477792
v -15.28308 20.77783 -4.104395
v -15.28308 20.96284 -4.104395
v -15.28308 20.96284 -2.477792
v -15.01924 20.77882 -2.360818
v -15.01924 20.96384 -2.360818
v -15.01924 23.2156 -2.360818
v -15.01924 23.03058 -2.360818
v -15.29165 23.21659 -4.104395
v -15.29165 23.21659 -2.477792
v -15.29165 23.03158 -2.477792
v -15.29165 23.03158 -4.104395
v -15.2771 23.2146 1.598372
v -15.2771 23.2146 3.230159
v -15.2771 23.02959 3.230159
v -15.2771 23.02959 1.598372
v -15.28272 20.96483 1.598372
v -15.2771 20.96483 1.355809
v -15.2771 20.96483 1.598372
v -15.2771 23.2146 1.355809
v -15.2771 23.2146 -2.24064
v -15.2771 23.02959 -2.24064
v -15.2771 23.2146 -0.5861409
v -15.2771 23.02959 -0.5861409
v -15.01924 18.46429 -0.5861409
v -15.28438 18.46429 -0.280421
v -15.01924 18.46429 -0.280421
v -15.28438 18.77485 -0.280421
v -15.28438 18.77485 1.355809
v -15.2771 23.2146 -0.280421
v -15.2771 25.21957 -0.280421
v -15.01924 25.53012 -0.5861409
v -15.01924 25.53012 -0.280421
v -15.01924 25.53012 1.355809
v -15.2771 23.02959 -0.280421
v -15.2771 20.96483 -0.5861409
v -15.2771 20.96483 -0.280421
v -15.2771 25.21957 -0.5861409
v -15.28272 20.96483 -0.280421
v -15.28272 20.77982 -0.280421
v -15.28272 20.77982 1.355809
v -15.28272 20.77982 1.598372
v -15.28272 20.96483 1.355809
v -15.2771 18.77485 -0.280421
v -15.2771 18.77485 -0.5861409
v -15.2771 23.02959 1.355809
v -15.2771 25.21957 1.598372
v -15.2771 25.21957 1.355809
v -15.2771 20.77982 1.598372
v -15.2771 18.77485 1.598372
v -15.2771 18.77485 1.355809
v -15.2771 20.77982 1.355809
v -8.726082 18.98973 16.37806
v -8.460941 18.98973 16.37806
v -8.460941 18.98973 14.92093
v -8.726082 18.98973 14.92093
v -8.460941 18.98973 14.73995
v -8.726082 18.98973 14.73995
v -8.460941 18.98973 13.51912
v -8.726082 18.98973 13.51912
v -8.726081 20.71664 10.42934
v -8.46094 18.98973 10.42934
v -8.46094 20.71664 10.42934
v -8.726081 18.98973 10.42934
v -8.726082 18.98973 11.96689
v -8.460941 18.98973 11.96689
v -8.726081 19.21845 10.66598
v -8.726082 19.21845 11.87962
v -8.726082 20.7159 11.87962
v -8.724786 20.7159 10.66598
v -8.724787 20.7159 11.87962
v -8.724787 20.85394 11.87962
v -8.726082 20.85394 11.87962
v -8.726081 24.26169 10.42934
v -8.726082 24.26169 11.96689
v -8.726082 24.03296 11.87962
v -8.726081 24.03296 10.66598
v -8.726081 20.7159 10.66598
v -8.726081 20.85469 10.42934
v -8.726081 20.85394 10.66598
v -8.726081 22.53551 10.66598
v -8.726082 20.71664 16.37806
v -8.726082 19.22144 16.13844
v -8.726082 20.71739 16.13844
v -8.726082 18.98973 13.29102
v -8.726082 19.22144 12.05656
v -8.726082 19.22144 13.29102
v -8.726082 20.71664 11.96689
v -8.726082 20.71739 12.05656
v -8.726082 24.26169 14.92093
v -8.726082 24.26169 16.37806
v -8.726082 24.02998 16.13844
v -8.726082 24.02998 14.92093
v -8.726082 19.22144 14.92093
v -8.726082 19.22144 14.73995
v -8.726082 24.02998 14.73995
v -8.718804 24.02998 14.92093
v -8.718804 24.02998 14.73995
v -8.726082 22.53403 16.13844
v -8.726082 22.53477 16.37806
v -8.726082 22.39599 16.13844
v -8.718804 22.53403 16.13844
v -8.718804 22.53403 14.92093
v -8.718804 22.39599 16.13844
v -8.718804 22.39599 14.92093
v -8.718804 20.85543 14.73995
v -8.718804 20.85543 14.92093
v -8.718804 22.39599 14.73995
v -8.718804 22.53403 14.73995
v -8.718804 22.39599 13.51912
v -8.718804 22.53403 13.51912
v -8.460941 24.26169 16.37806
v -8.460941 24.26169 14.92093
v -8.460941 24.26169 11.96689
v -8.46094 24.26169 10.42934
v -8.460941 20.71664 16.37806
v -8.46094 20.85469 10.42934
v -8.46094 22.39673 10.42934
v -8.726081 22.39673 10.42934
v -8.46094 22.53477 10.42934
v -8.726081 22.53477 10.42934
v -8.726081 22.39747 10.66598
v -8.726082 22.39747 11.87962
v -8.726082 20.85469 11.96689
v -8.726082 22.39672 11.96689
v -8.726082 20.85543 12.05656
v -8.726082 22.39599 12.05656
v -8.726082 20.85543 16.13844
v -8.72442 20.85543 14.73995
v -8.72442 20.85543 14.92093
v -8.726082 20.85469 16.37806
v -8.726082 22.39673 16.37806
v -8.460941 20.85469 16.37806
v -8.460941 22.39673 16.37806
v -8.726082 22.53551 11.87962
v -8.726082 22.53477 11.96689
v -8.726082 22.53403 12.05656
v -8.726082 24.02998 12.05656
v -8.460941 22.53477 16.37806
v -8.72442 20.71739 13.29102
v -8.72442 20.71739 12.05656
v -8.72442 20.85543 12.05656
v -8.72442 20.85543 13.29102
v -8.724786 20.85394 10.66598
v -8.460941 20.71664 11.96689
v -8.460941 20.85469 11.96689
v -8.460941 22.53477 11.96689
v -8.460941 22.39673 11.96689
v -8.733357 22.53551 10.66598
v -8.733357 22.39747 10.66598
v -8.733358 22.39747 11.87962
v -8.733358 22.53551 11.87962
v -8.72442 20.71739 16.13844
v -8.72442 20.85543 16.13844
v -8.718804 22.53403 12.05656
v -8.718804 22.39599 12.05656
v -8.718804 22.39599 13.29102
v -8.718804 22.53403 13.29102
v -8.460941 18.98973 13.29102
v -8.726082 19.22144 13.51912
v -8.718804 19.22144 13.29102
v -8.718804 19.22144 13.51912
v -8.726082 24.26169 13.29102
v -8.726082 24.02998 13.29102
v -8.726082 24.02998 13.51912
v -8.718804 24.02998 13.51912
v -8.718804 24.02998 13.29102
v -8.718804 20.85543 13.29102
v -8.718804 20.85543 13.51912
v -8.460941 24.26169 13.29102
v -8.72442 20.85543 13.51912
v -8.72442 20.71739 13.51912
v -8.718804 20.71739 13.51912
v -8.718804 20.71739 13.29102
v -8.726082 24.26169 13.51912
v -8.460941 24.26169 13.51912
v -8.72442 20.71739 14.73995
v -8.726082 24.26169 14.73995
v -8.460941 24.26169 14.73995
v -8.72442 20.71739 14.92093
v -8.718804 20.71739 14.92093
v -8.718804 20.71739 14.73995
v -8.718804 19.22144 14.92093
v -8.718804 19.22144 14.73995
v -8.726079 18.98973 -10.83427
v -8.460938 18.98973 -10.83427
v -8.460938 18.98973 -12.2914
v -8.726079 18.98973 -12.2914
v -8.726078 20.71664 -16.78299
v -8.726078 18.98973 -16.78299
v -8.460938 18.98973 -16.78299
v -8.460938 20.71664 -16.78299
v -8.726078 24.26169 -16.78299
v -8.726078 24.26169 -15.24544
v -8.726078 24.03296 -15.33271
v -8.726078 24.03296 -16.54636
v -8.726078 20.7159 -16.54636
v -8.726078 19.21845 -16.54636
v -8.726078 19.21845 -15.33271
v -8.726078 18.98973 -15.24544
v -8.726078 20.7159 -15.33271
v -8.726079 20.71664 -10.83427
v -8.726079 19.22144 -11.07389
v -8.726079 20.71739 -11.07389
v -8.726078 18.98973 -13.92131
v -8.726078 19.22144 -15.15577
v -8.726078 19.22144 -13.92131
v -8.726078 20.71664 -15.24544
v -8.726078 20.71739 -15.15577
v -8.726079 24.26169 -12.2914
v -8.726079 24.26169 -10.83427
v -8.726079 24.02998 -11.07389
v -8.726079 24.02998 -12.2914
v -8.460938 18.98973 -15.24544
v -8.726079 19.22144 -12.2914
v -8.726078 18.98973 -12.47238
v -8.726078 19.22144 -12.47238
v -8.718801 24.02998 -12.2914
v -8.718801 24.02998 -12.47238
v -8.726078 20.85394 -15.33271
v -8.460938 24.26169 -10.83427
v -8.460938 24.26169 -12.2914
v -8.726078 24.26169 -12.47238
v -8.460938 24.26169 -12.47238
v -8.726078 24.26169 -13.69321
v -8.460938 24.26169 -13.69321
v -8.726078 24.26169 -13.92131
v -8.460938 24.26169 -13.92131
v -8.460938 24.26169 -15.24544
v -8.460938 24.26169 -16.78299
v -8.460938 20.71664 -10.83427
v -8.726078 20.85469 -16.78299
v -8.460938 20.85469 -16.78299
v -8.460938 22.39673 -16.78299
v -8.726078 22.39673 -16.78299
v -8.726078 20.85394 -16.54636
v -8.726078 22.39747 -16.54636
v -8.726078 22.39747 -15.33271
v -8.726078 20.85469 -15.24544
v -8.726078 22.39672 -15.24544
v -8.726078 20.85543 -15.15577
v -8.726078 22.39599 -15.15577
v -8.726078 22.53477 -15.24544
v -8.726078 22.53403 -15.15577
v -8.724416 20.85543 -15.15577
v -8.724416 20.85543 -13.92131
v -8.724416 20.85543 -13.69321
v -8.718801 20.85543 -13.92131
v -8.718801 20.85543 -13.69321
v -8.718801 22.39599 -13.69321
v -8.718801 22.39599 -13.92131
v -8.718801 22.39599 -15.15577
v -8.718801 22.53403 -13.92131
v -8.718801 22.53403 -15.15577
v -8.718801 24.02998 -13.92131
v -8.718801 24.02998 -13.69321
v -8.718801 22.53403 -13.69321
v -8.726079 20.85543 -11.07389
v -8.726079 22.39599 -11.07389
v -8.724417 20.85543 -11.07389
v -8.724417 20.85543 -12.2914
v -8.718801 22.39599 -11.07389
v -8.718801 22.53403 -11.07389
v -8.726079 22.53403 -11.07389
v -8.726079 20.85469 -10.83427
v -8.726079 22.39673 -10.83427
v -8.726079 22.53477 -10.83427
v -8.726078 22.53477 -16.78299
v -8.460938 22.53477 -16.78299
v -8.726078 22.53551 -16.54636
v -8.733355 22.53551 -16.54636
v -8.733355 22.39747 -16.54636
v -8.726078 22.53551 -15.33271
v -8.733355 22.39747 -15.33271
v -8.733355 22.53551 -15.33271
v -8.726078 24.02998 -15.15577
v -8.460938 22.53477 -10.83427
v -8.724416 20.71739 -13.92131
v -8.724416 20.71739 -15.15577
v -8.724783 20.7159 -15.33271
v -8.724783 20.7159 -16.54636
v -8.724783 20.85394 -16.54636
v -8.724783 20.85394 -15.33271
v -8.460938 20.85469 -10.83427
v -8.460938 20.71664 -15.24544
v -8.460938 20.85469 -15.24544
v -8.724417 20.71739 -11.07389
v -8.724417 20.71739 -12.2914
v -8.460938 22.39673 -10.83427
v -8.460938 22.53477 -15.24544
v -8.460938 22.39673 -15.24544
v -8.718801 22.53403 -12.2914
v -8.718801 22.39599 -12.2914
v -8.460938 18.98973 -13.92131
v -8.726078 19.22144 -13.69321
v -8.726078 18.98973 -13.69321
v -8.726078 24.02998 -13.92131
v -8.724416 20.71739 -13.69321
v -8.724416 20.85543 -12.47238
v -8.724416 20.71739 -12.47238
v -8.718801 19.22144 -12.2914
v -8.718801 20.71739 -12.2914
v -8.718801 19.22144 -12.47238
v -8.460938 18.98973 -13.69321
v -8.718801 20.71739 -13.69321
v -8.718801 19.22144 -13.69321
v -8.718801 19.22144 -13.92131
v -8.718801 20.71739 -13.92131
v -8.460938 18.98973 -12.47238
v -8.726078 24.02998 -13.69321
v -8.718801 22.53403 -12.47238
v -8.718801 22.39599 -12.47238
v -8.718801 20.85543 -12.47238
v -8.726078 24.02998 -12.47238
v -8.718801 20.85543 -12.2914
v -8.718801 20.71739 -12.47238
v 21.04807 5.70065 -17.84133
v 20.78293 5.70065 -17.84133
v 20.78293 5.70065 -15.88839
v 21.04807 5.70065 -15.88839
v 21.04807 8.015181 -9.868481
v 21.04807 5.70065 -9.868481
v 20.78293 5.70065 -9.868481
v 20.78293 8.015181 -9.868481
v 21.04807 12.76648 -9.868481
v 21.04807 12.76648 -11.92921
v 21.04807 12.45993 -11.81223
v 21.04807 12.45993 -10.18563
v 21.04807 10.45295 -10.18563
v 21.04807 10.26793 -10.18563
v 21.04807 10.45195 -9.868481
v 21.04807 10.26694 -9.868481
v 21.04807 6.007201 -10.18563
v 21.04807 8.014185 -10.18563
v 21.04807 8.199197 -10.18563
v 21.04807 5.70065 -11.92921
v 21.04807 6.007201 -11.81223
v 21.04807 8.014185 -11.81223
v 21.04807 8.015181 -17.84133
v 21.04807 6.011203 -17.52018
v 21.04807 8.016174 -17.52018
v 21.04807 5.70065 -13.70388
v 21.04807 6.011203 -12.04938
v 21.04807 6.011203 -13.70388
v 21.04807 8.015173 -11.92921
v 21.04807 8.016174 -12.04938
v 21.04807 12.76648 -15.88839
v 21.04807 12.76648 -17.84133
v 21.04807 12.45593 -17.52018
v 21.04807 12.45593 -15.88839
v 21.04807 12.45593 -15.64583
v 20.78293 5.70065 -11.92921
v 21.04807 8.199197 -11.81223
v 21.04807 8.200198 -11.92921
v 21.04807 10.26793 -11.81223
v 21.04641 8.016174 -17.52018
v 21.04641 8.201187 -17.52018
v 21.04641 8.201187 -12.04938
v 21.04641 8.016174 -12.04938
v 21.04641 8.201187 -13.70388
v 20.78293 12.76648 -17.84133
v 20.78293 12.76648 -15.88839
v 20.78293 12.76648 -11.92921
v 20.78293 12.76648 -9.868481
v 20.78293 8.015181 -17.84133
v 21.04807 8.200191 -9.868481
v 20.78293 10.26694 -9.868481
v 20.78293 8.200191 -9.868481
v 21.04807 10.26693 -11.92921
v 21.04807 10.45295 -11.81223
v 21.04807 10.45196 -11.92921
v 21.04807 8.201187 -12.04938
v 21.04807 10.26594 -12.04938
v 21.04807 8.201187 -17.52018
v 21.04807 10.26594 -17.52018
v 21.04807 8.200191 -17.84133
v 21.04807 10.26694 -17.84133
v 20.78293 8.200191 -17.84133
v 20.78293 10.26694 -17.84133
v 20.78293 10.45195 -9.868481
v 21.04807 10.45096 -12.04938
v 21.04807 12.45593 -12.04938
v 21.04807 10.45096 -17.52018
v 21.04807 10.45195 -17.84133
v 20.78293 10.45195 -17.84133
v 21.04641 8.016174 -13.70388
v 21.04678 8.014185 -11.81223
v 21.04678 8.199197 -10.18563
v 21.04678 8.199197 -11.81223
v 21.04678 8.014185 -10.18563
v 20.78293 8.015181 -11.92921
v 20.78293 8.200191 -11.92921
v 20.78293 10.45195 -11.92921
v 20.78293 10.26694 -11.92921
v 21.05534 10.45295 -10.18563
v 21.05534 10.45295 -11.81223
v 21.05534 10.26793 -11.81223
v 21.05534 10.26793 -10.18563
v 21.04807 12.45593 -13.70388
v 21.04079 12.45593 -14.0096
v 21.04079 12.45593 -13.70388
v 21.04079 10.45096 -12.04938
v 21.04079 10.26594 -12.04938
v 21.04079 10.26594 -13.70388
v 21.04079 10.26594 -14.0096
v 21.04079 10.45096 -15.88839
v 21.04079 10.26594 -17.52018
v 21.04079 10.26594 -15.88839
v 21.04079 10.45096 -17.52018
v 21.04641 8.201187 -15.88839
v 21.04079 8.201187 -15.64583
v 21.04079 8.201187 -15.88839
v 21.04641 8.201187 -15.64583
v 21.04641 8.201187 -14.0096
v 21.04641 8.016174 -14.0096
v 21.04641 8.016174 -15.64583
v 21.04079 8.201187 -13.70388
v 21.04079 8.201187 -14.0096
v 20.78293 5.70065 -13.70388
v 21.04807 6.011203 -14.0096
v 21.04807 5.70065 -14.0096
v 21.04807 12.76648 -13.70388
v 20.78293 12.76648 -13.70388
v 21.04079 10.45096 -13.70388
v 21.04079 10.45096 -14.0096
v 21.04079 10.45096 -15.64583
v 21.04079 10.26594 -15.64583
v 20.78293 5.70065 -14.0096
v 21.04079 8.016174 -14.0096
v 21.04079 6.011203 -14.0096
v 21.04079 6.011203 -13.70388
v 21.04079 8.016174 -13.70388
v 21.04807 6.011203 -15.64583
v 21.04807 5.70065 -15.64583
v 21.04807 12.76648 -14.0096
v 21.04807 12.45593 -14.0096
v 21.04807 12.76648 -15.64583
v 20.78293 12.76648 -14.0096
v 20.78293 12.76648 -15.64583
v 20.78293 5.70065 -15.64583
v 21.04079 12.45593 -15.64583
v 21.04807 6.011203 -15.88839
v 21.04079 6.011203 -15.88839
v 21.04079 8.016174 -15.88839
v 21.04079 12.45593 -15.88839
v 21.04641 8.016174 -15.88839
v 21.04079 8.016174 -15.64583
v 21.04079 6.011203 -15.64583
v 21.04807 5.70065 9.396048
v 20.78292 5.70065 9.396048
v 20.78292 5.70065 11.34899
v 21.04807 5.70065 11.34899
v 21.04807 8.015181 17.3689
v 21.04807 5.70065 17.3689
v 20.78292 5.70065 17.3689
v 20.78292 8.015181 17.3689
v 21.04807 12.76648 17.3689
v 21.04807 12.76648 15.30818
v 21.04807 12.45993 15.42515
v 21.04807 12.45993 17.05175
v 21.04807 10.45295 17.05175
v 21.04807 10.26793 17.05175
v 21.04807 8.014185 17.05175
v 21.04807 6.007201 17.05175
v 21.04807 5.70065 15.30818
v 21.04807 6.007201 15.42515
v 21.04807 8.200191 17.3689
v 21.04807 8.199197 17.05175
v 21.04807 8.014185 15.42515
v 21.04807 8.015181 9.396048
v 21.04807 6.011203 9.717197
v 21.04807 8.016174 9.717197
v 21.04641 8.016174 9.717197
v 21.04641 8.016174 11.34899
v 21.04079 6.011203 11.34899
v 21.04079 8.016174 11.34899
v 21.04079 6.011203 11.59155
v 21.04079 8.016174 11.59155
v 21.04807 5.70065 13.5335
v 21.04807 6.011203 15.188
v 21.04807 6.011203 13.5335
v 21.04807 8.015173 15.30818
v 21.04807 8.016174 15.188
v 21.04807 12.76648 11.34899
v 21.04807 12.76648 9.396048
v 21.04807 12.45593 9.717197
v 21.04807 12.45593 11.34899
v 20.78292 5.70065 15.30818
v 20.78292 8.015181 15.30818
v 20.78292 12.76648 9.396048
v 20.78292 12.76648 11.34899
v 20.78292 12.76648 15.30818
v 20.78292 12.76648 17.3689
v 20.78292 8.015181 9.396048
v 20.78292 8.200191 17.3689
v 20.78292 10.26694 17.3689
v 21.04807 10.26694 17.3689
v 21.04807 8.199197 15.42515
v 21.04807 10.26793 15.42515
v 21.04807 8.200198 15.30818
v 21.04807 10.26693 15.30818
v 21.04807 8.201187 15.188
v 21.04807 10.26594 15.188
v 21.04807 8.201187 9.717197
v 21.04807 10.26594 9.717197
v 21.04641 8.201187 9.717197
v 21.04807 8.200191 9.396048
v 21.04807 10.26694 9.396048
v 21.04807 10.45195 17.3689
v 20.78292 10.45195 17.3689
v 21.04807 10.45295 15.42515
v 21.04807 10.45196 15.30818
v 21.04807 10.45096 15.188
v 21.04807 12.45593 15.188
v 21.04807 10.45096 9.717197
v 21.04807 10.45195 9.396048
v 20.78292 10.45195 9.396048
v 21.04641 8.016174 13.5335
v 21.04641 8.016174 15.188
v 21.04641 8.201187 15.188
v 21.04641 8.201187 13.5335
v 21.04677 8.014185 15.42515
v 21.04677 8.199197 17.05175
v 21.04677 8.199197 15.42515
v 21.04677 8.014185 17.05175
v 20.78292 8.200191 9.396048
v 20.78292 8.200191 15.30818
v 20.78292 10.26694 9.396048
v 20.78292 10.26694 15.30818
v 20.78292 10.45195 15.30818
v 21.05534 10.45295 17.05175
v 21.05534 10.45295 15.42515
v 21.05534 10.26793 15.42515
v 21.05534 10.26793 17.05175
v 21.04079 10.45096 11.34899
v 21.04079 10.45096 9.717197
v 21.04079 10.26594 9.717197
v 21.04079 10.26594 11.34899
v 21.04641 8.201187 11.34899
v 21.04079 10.45096 15.188
v 21.04079 10.26594 15.188
v 21.04079 10.45096 13.5335
v 21.04079 10.26594 13.5335
v 21.04079 10.45096 13.22778
v 21.04079 10.26594 13.22778
v 21.04079 12.45593 11.34899
v 21.04807 12.45593 11.59155
v 21.04079 12.45593 11.59155
v 21.04079 10.45096 11.59155
v 20.78292 5.70065 13.5335
v 20.78292 12.76648 13.5335
v 21.04807 6.011203 13.22778
v 21.04807 5.70065 13.22778
v 21.04807 12.76648 13.5335
v 21.04807 12.45593 13.5335
v 21.04079 12.45593 13.22778
v 21.04079 12.45593 13.5335
v 21.04079 10.26594 11.59155
v 21.04079 8.201187 13.5335
v 21.04079 8.201187 13.22778
v 21.04807 12.45593 13.22778
v 21.04807 12.76648 11.59155
v 21.04807 12.76648 13.22778
v 21.04641 8.201187 13.22778
v 21.04641 8.016174 13.22778
v 21.04079 8.016174 13.22778
v 21.04079 8.016174 13.5335
v 21.04079 6.011203 13.5335
v 21.04079 6.011203 13.22778
v 20.78292 5.70065 13.22778
v 21.04807 6.011203 11.59155
v 21.04807 5.70065 11.59155
v 20.78292 12.76648 13.22778
v 21.04641 8.016174 11.59155
v 21.04641 8.201187 11.59155
v 21.04079 8.201187 11.34899
v 20.78292 5.70065 11.59155
v 21.04807 6.011203 11.34899
v 20.78292 12.76648 11.59155
v 21.04079 8.201187 11.59155
v 21.09201 18.98973 10.42935
v 20.82688 18.98973 10.42935
v 20.82688 18.98973 11.88647
v 21.09201 18.98973 11.88647
v 21.09201 20.71664 16.37806
v 20.82688 18.98973 16.37806
v 20.82688 20.71664 16.37806
v 21.09201 18.98973 16.37806
v 21.09201 19.21845 16.14143
v 21.09201 20.7159 16.14143
v 21.09201 18.98973 14.84051
v 21.09201 19.21845 14.92778
v 21.09201 20.7159 14.92778
v 21.09201 20.71664 14.84051
v 21.09201 20.85394 14.92778
v 21.09201 20.85469 14.84051
v 21.09201 24.26169 16.37806
v 21.09201 24.26169 14.84051
v 21.09201 24.03296 14.92778
v 21.09201 24.03296 16.14143
v 21.09201 22.53551 16.14143
v 21.09201 22.53477 16.37806
v 21.09201 22.39747 16.14143
v 21.09201 22.39673 16.37806
v 20.82688 22.53477 16.37806
v 20.82688 22.39673 16.37806
v 21.09201 20.71664 10.42935
v 21.09201 19.22144 10.66896
v 21.09201 20.71739 10.66896
v 21.09201 18.98973 13.51638
v 21.09201 19.22144 14.75084
v 21.09201 19.22144 13.51638
v 21.09201 20.71739 14.75084
v 21.09201 24.26169 11.88647
v 21.09201 24.26169 10.42935
v 21.09201 24.02998 10.66896
v 21.09201 24.02998 11.88647
v 21.09201 24.02998 12.06746
v 21.08474 24.02998 11.88647
v 21.08474 24.02998 12.06746
v 20.82688 18.98973 14.84051
v 21.09072 20.85394 16.14143
v 21.09072 20.7159 16.14143
v 21.09072 20.85394 14.92778
v 20.82688 24.26169 10.42935
v 20.82688 24.26169 11.88647
v 21.09201 24.26169 12.06746
v 20.82688 24.26169 12.06746
v 20.82688 24.26169 14.84051
v 20.82688 24.26169 16.37806
v 20.82688 20.71664 10.42935
v 21.09201 20.85469 10.42935
v 20.82688 20.85469 10.42935
v 21.09201 20.85469 16.37806
v 20.82688 20.85469 16.37806
v 21.09201 20.85394 16.14143
v 21.09201 22.39747 14.92778
v 21.09201 22.39672 14.84051
v 21.09201 20.85543 14.75084
v 21.09201 22.39599 14.75084
v 21.09201 20.85543 10.66896
v 21.09201 22.39599 10.66896
v 21.08474 22.39599 10.66896
v 21.08474 22.39599 11.88647
v 21.09035 20.85543 10.66896
v 21.09035 20.85543 11.88647
v 21.09035 20.71739 10.66896
v 21.09035 20.71739 11.88647
v 21.08474 19.22144 11.88647
v 21.08474 20.71739 11.88647
v 21.09201 19.22144 11.88647
v 21.09201 22.39673 10.42935
v 20.82688 22.39673 10.42935
v 21.09201 22.53551 14.92778
v 21.09201 22.53477 14.84051
v 21.09201 22.53403 14.75084
v 21.09201 24.02998 14.75084
v 21.09201 22.53403 10.66896
v 21.08474 22.53403 10.66896
v 21.08474 22.53403 11.88647
v 21.09201 22.53477 10.42935
v 20.82688 22.53477 10.42935
v 21.09072 20.7159 14.92778
v 20.82688 20.71664 14.84051
v 20.82688 20.85469 14.84051
v 20.82688 22.53477 14.84051
v 20.82688 22.39673 14.84051
v 21.09929 22.53551 16.14143
v 21.09929 22.53551 14.92778
v 21.09929 22.39747 14.92778
v 21.09929 22.39747 16.14143
v 21.09035 20.71739 14.75084
v 21.09035 20.71739 13.51638
v 21.09035 20.85543 14.75084
v 21.09035 20.85543 13.51638
v 21.09035 20.85543 13.28828
v 21.09035 20.71739 13.28828
v 21.09035 20.85543 12.06746
v 21.09035 20.71739 12.06746
v 21.08474 22.53403 14.75084
v 21.08474 22.39599 14.75084
v 21.08474 22.39599 13.51638
v 21.08474 22.53403 13.51638
v 20.82688 18.98973 13.51638
v 21.09201 19.22144 13.28828
v 21.09201 18.98973 13.28828
v 21.09201 24.26169 13.51638
v 21.09201 24.02998 13.51638
v 21.09201 19.22144 12.06746
v 20.82688 24.26169 13.51638
v 20.82688 24.26169 13.28828
v 21.09201 24.26169 13.28828
v 21.08474 22.39599 13.28828
v 21.08474 20.85543 13.51638
v 21.08474 20.85543 13.28828
v 21.08474 22.53403 13.28828
v 21.08474 20.71739 13.51638
v 21.08474 19.22144 13.51638
v 21.08474 19.22144 13.28828
v 21.08474 20.71739 13.28828
v 20.82688 18.98973 13.28828
v 20.82688 18.98973 12.06746
v 21.09201 18.98973 12.06746
v 21.09201 24.02998 13.28828
v 21.08474 22.39599 12.06746
v 21.08474 20.71739 12.06746
v 21.08474 22.53403 12.06746
v 21.08474 20.85543 12.06746
v 21.08474 20.85543 11.88647
v 21.08474 19.22144 12.06746
v 21.08474 24.02998 13.28828
v 21.08474 24.02998 13.51638
v 21.09202 18.98973 -16.78298
v 20.82688 18.98973 -16.78298
v 20.82688 18.98973 -15.32586
v 21.09202 18.98973 -15.32586
v 20.82688 18.98973 -15.14488
v 21.09202 18.98973 -15.14488
v 21.09202 20.71664 -10.83427
v 20.82688 18.98973 -10.83427
v 20.82688 20.71664 -10.83427
v 21.09202 18.98973 -10.83427
v 21.09202 18.98973 -12.37182
v 20.82688 18.98973 -12.37182
v 21.09202 20.71664 -12.37182
v 21.09202 19.21845 -12.28455
v 21.09202 20.7159 -12.28455
v 21.09202 19.21845 -11.0709
v 21.09202 20.7159 -11.0709
v 21.09072 20.85394 -11.0709
v 21.09072 20.7159 -11.0709
v 21.09072 20.7159 -12.28455
v 21.09072 20.85394 -12.28455
v 21.09202 24.26169 -10.83427
v 21.09202 24.03296 -12.28455
v 21.09202 24.03296 -11.0709
v 21.09202 24.26169 -12.37182
v 21.09202 22.53477 -12.37182
v 21.09202 22.53551 -12.28455
v 21.09202 20.71664 -16.78298
v 21.09202 19.22144 -16.54337
v 21.09202 20.71739 -16.54337
v 21.09202 18.98973 -13.69595
v 21.09202 19.22144 -12.46149
v 21.09202 19.22144 -13.69595
v 21.09202 20.71739 -12.46149
v 21.09202 24.26169 -15.32586
v 21.09202 24.26169 -16.78298
v 21.09202 24.02998 -16.54337
v 21.09202 24.02998 -15.32586
v 21.09202 24.02998 -15.14488
v 21.09202 24.26169 -15.14488
v 21.09202 20.85543 -16.54337
v 20.82688 24.26169 -16.78298
v 20.82688 24.26169 -15.32586
v 20.82688 24.26169 -15.14488
v 20.82688 24.26169 -12.37182
v 20.82688 24.26169 -10.83427
v 20.82688 20.71664 -16.78298
v 21.09202 20.85469 -10.83427
v 20.82688 20.85469 -10.83427
v 20.82688 22.39673 -10.83427
v 21.09202 22.39673 -10.83427
v 21.09202 20.85394 -11.0709
v 21.09202 22.39747 -11.0709
v 21.09202 20.85394 -12.28455
v 21.09202 22.39747 -12.28455
v 21.09202 20.85469 -12.37182
v 21.09202 22.39672 -12.37182
v 21.09202 20.85543 -12.46149
v 21.09202 22.39599 -12.46149
v 21.08474 22.39599 -12.46149
v 21.08474 22.39599 -13.69595
v 21.08474 22.39599 -13.92405
v 21.08474 20.85543 -13.69595
v 21.09202 22.39599 -16.54337
v 21.09202 20.85469 -16.78298
v 21.09202 22.39673 -16.78298
v 20.82688 20.85469 -16.78298
v 20.82688 22.39673 -16.78298
v 21.09202 22.53477 -10.83427
v 20.82688 22.53477 -10.83427
v 21.09202 22.53551 -11.0709
v 21.09202 22.53403 -12.46149
v 21.09202 24.02998 -12.46149
v 21.08474 22.53403 -12.46149
v 21.09202 22.53403 -16.54337
v 21.09202 22.53477 -16.78298
v 20.82688 22.53477 -16.78298
v 21.09036 20.71739 -13.69595
v 21.09036 20.71739 -12.46149
v 21.09036 20.85543 -12.46149
v 21.09036 20.85543 -13.69595
v 20.82688 20.71664 -12.37182
v 20.82688 20.85469 -12.37182
v 20.82688 22.53477 -12.37182
v 20.82688 22.39673 -12.37182
v 21.0993 22.39747 -11.0709
v 21.0993 22.39747 -12.28455
v 21.0993 22.53551 -11.0709
v 21.0993 22.53551 -12.28455
v 21.08474 22.53403 -15.32586
v 21.08474 22.53403 -16.54337
v 21.08474 22.39599 -16.54337
v 21.08474 22.39599 -15.32586
v 21.08474 22.39599 -15.14488
v 21.08474 22.53403 -15.14488
v 21.08474 24.02998 -15.32586
v 21.08474 24.02998 -15.14488
v 21.08474 20.71739 -13.92405
v 21.08474 20.71739 -13.69595
v 21.09036 20.85543 -16.54337
v 21.09036 20.85543 -15.32586
v 21.09036 20.85543 -15.14488
v 21.09036 20.71739 -15.32586
v 21.09036 20.71739 -16.54337
v 21.09036 20.71739 -15.14488
v 21.08474 20.85543 -15.32586
v 20.82688 18.98973 -13.69595
v 20.82688 18.98973 -13.92405
v 21.09202 19.22144 -13.92405
v 21.09202 18.98973 -13.92405
v 21.09202 24.26169 -13.69595
v 21.09202 24.02998 -13.69595
v 21.09202 24.02998 -13.92405
v 20.82688 24.26169 -13.69595
v 21.08474 22.53403 -13.69595
v 21.08474 20.85543 -13.92405
v 21.08474 24.02998 -13.92405
v 21.08474 22.53403 -13.92405
v 21.08474 24.02998 -13.69595
v 21.09036 20.85543 -13.92405
v 21.09036 20.71739 -13.92405
v 21.08474 19.22144 -13.92405
v 21.08474 19.22144 -13.69595
v 21.09202 19.22144 -15.14488
v 21.09202 24.26169 -13.92405
v 20.82688 24.26169 -13.92405
v 21.09202 19.22144 -15.32586
v 21.08474 20.85543 -15.14488
v 21.08474 20.71739 -15.32586
v 21.08474 19.22144 -15.32586
v 21.08474 19.22144 -15.14488
v 21.08474 20.71739 -15.14488
v -4.898973 5.70065 -24.18885
v -4.898973 5.70065 -23.92371
v -2.946035 5.70065 -23.92371
v -2.946035 5.70065 -24.18885
v 3.07388 8.015181 -24.18885
v 3.07388 5.70065 -23.92371
v 3.07388 8.015181 -23.92371
v 3.07388 5.70065 -24.18885
v 2.756732 6.007201 -24.18885
v 2.756732 8.014185 -24.18885
v 3.07388 12.76648 -24.18885
v 1.013155 12.76648 -24.18885
v 1.130128 12.45993 -24.18885
v 2.756732 12.45993 -24.18885
v 1.130128 8.014185 -24.18885
v 1.130128 6.007201 -24.18885
v -4.898973 8.015181 -24.18885
v -4.577823 6.011203 -24.18885
v -4.577823 8.016174 -24.18885
v -4.577823 8.201187 -24.18885
v -0.7615228 5.70065 -24.18885
v 1.013155 5.70065 -24.18885
v 0.8929768 6.011203 -24.18885
v -0.7615228 6.011203 -24.18885
v 1.013155 8.015173 -24.18885
v 0.8929768 8.016174 -24.18885
v 0.8929768 8.201187 -24.18885
v 0.8929768 8.201187 -24.18719
v 0.8929768 8.016174 -24.18719
v -2.946035 12.76648 -24.18885
v -4.898973 12.76648 -24.18885
v -4.577823 12.45593 -24.18885
v -2.946035 12.45593 -24.18885
v 1.013155 5.70065 -23.92371
v 2.756732 8.199197 -24.18885
v 1.130128 8.199197 -24.18885
v 1.013155 8.200198 -24.18885
v -4.898973 12.76648 -23.92371
v -2.946035 12.76648 -23.92371
v 1.013155 12.76648 -23.92371
v 3.07388 12.76648 -23.92371
v -4.898973 8.015181 -23.92371
v -4.898973 8.200191 -24.18885
v -4.898973 8.200191 -23.92371
v 3.07388 8.200191 -24.18885
v 3.07388 8.200191 -23.92371
v 3.07388 10.26694 -23.92371
v 3.07388 10.26694 -24.18885
v 2.756732 10.26793 -24.18885
v 1.130128 10.26793 -24.18885
v 1.013155 10.26693 -24.18885
v 0.8929768 10.26594 -24.18885
v -4.577823 10.26594 -24.18885
v -4.898973 10.26694 -24.18885
v -4.898973 10.26694 -23.92371
v 3.07388 10.45195 -24.18885
v 3.07388 10.45195 -23.92371
v 2.756732 10.45295 -24.18885
v 1.130128 10.45295 -24.18885
v 1.013155 10.45196 -24.18885
v 0.8929768 10.45096 -24.18885
v 0.8929768 12.45593 -24.18885
v -0.7615228 12.45593 -24.18885
v -4.577823 10.45096 -24.18885
v -4.898973 10.45195 -24.18885
v -4.898973 10.45195 -23.92371
v -0.7615228 8.016174 -24.18719
v -0.7615228 8.201187 -24.18719
v 1.130128 8.014185 -24.18756
v 2.756732 8.014185 -24.18756
v 2.756732 8.199197 -24.18756
v 1.130128 8.199197 -24.18756
v 1.013155 8.015181 -23.92371
v 1.013155 8.200191 -23.92371
v 1.013155 10.45195 -23.92371
v 1.013155 10.26694 -23.92371
v 1.130128 10.45295 -24.19613
v 2.756732 10.45295 -24.19613
v 1.130128 10.26793 -24.19613
v 2.756732 10.26793 -24.19613
v -4.577823 8.016174 -24.18719
v -4.577823 8.201187 -24.18719
v -2.946035 8.201187 -24.18719
v 0.8929768 10.45096 -24.18157
v 0.8929768 10.26594 -24.18157
v -0.7615228 10.45096 -24.18157
v -0.7615228 10.26594 -24.18157
v -1.067243 10.26594 -24.18157
v -1.067243 8.201187 -24.18157
v -0.7615228 8.201187 -24.18157
v -0.7615228 5.70065 -23.92371
v -0.7615228 12.76648 -23.92371
v -1.067243 12.76648 -23.92371
v -2.703472 12.76648 -23.92371
v -1.067243 6.011203 -24.18885
v -1.067243 5.70065 -24.18885
v -0.7615228 12.76648 -24.18885
v -1.067243 8.201187 -24.18719
v -1.067243 8.016174 -24.18719
v -1.067243 5.70065 -23.92371
v -2.703472 5.70065 -23.92371
v -1.067243 8.016174 -24.18157
v -0.7615228 6.011203 -24.18157
v -0.7615228 8.016174 -24.18157
v -1.067243 6.011203 -24.18157
v -2.703472 6.011203 -24.18885
v -2.703472 5.70065 -24.18885
v -1.067243 12.76648 -24.18885
v -1.067243 12.45593 -24.18885
v -2.703472 12.76648 -24.18885
v -2.703472 12.45593 -24.18885
v -1.067243 12.45593 -24.18157
v -0.7615228 12.45593 -24.18157
v -1.067243 10.45096 -24.18157
v -2.703472 10.26594 -24.18157
v -2.703472 10.45096 -24.18157
v -2.703472 8.201187 -24.18157
v -2.946035 10.26594 -24.18157
v -2.946035 8.201187 -24.18157
v -2.703472 8.201187 -24.18719
v -2.703472 8.016174 -24.18719
v -2.946035 8.016174 -24.18157
v -2.703472 8.016174 -24.18157
v -2.946035 8.016174 -24.18719
v -2.946035 6.011203 -24.18885
v -2.703472 12.45593 -24.18157
v -2.946035 12.45593 -24.18157
v -2.946035 10.45096 -24.18157
v -2.946035 6.011203 -24.18157
v -2.703472 6.011203 -24.18157
v 9.325318 5.70065 -24.18885
v 9.325318 5.70065 -23.92371
v 11.27826 5.70065 -23.92371
v 11.27826 5.70065 -24.18885
v 17.29817 8.015181 -24.18885
v 17.29817 5.70065 -24.18885
v 17.29817 5.70065 -23.92371
v 17.29817 8.015181 -23.92371
v 17.29817 12.76648 -24.18885
v 15.35442 12.45993 -24.18885
v 16.98102 12.45993 -24.18885
v 15.23745 12.76648 -24.18885
v 15.23745 10.45196 -24.18885
v 15.35442 10.45295 -24.18885
v 15.23745 10.26693 -24.18885
v 15.35442 10.26793 -24.18885
v 16.98102 8.014185 -24.18885
v 16.98102 6.007201 -24.18885
v 15.35442 6.007201 -24.18885
v 15.23745 5.70065 -24.18885
v 15.35442 8.014185 -24.18885
v 9.325318 8.015181 -24.18885
v 9.646469 6.011203 -24.18885
v 9.646469 8.016174 -24.18885
v 11.27826 12.76648 -24.18885
v 9.325318 12.76648 -24.18885
v 9.646469 12.45593 -24.18885
v 11.27826 12.45593 -24.18885
v 15.23745 5.70065 -23.92371
v 15.23745 8.015173 -24.18885
v 16.98102 8.199197 -24.18885
v 17.29817 8.200191 -24.18885
v 17.29817 8.200191 -23.92371
v 17.29817 10.26694 -24.18885
v 16.98102 10.26793 -24.18885
v 15.11727 8.016174 -24.18885
v 15.11727 6.011203 -24.18885
v 13.46277 6.011203 -24.18885
v 9.325318 12.76648 -23.92371
v 11.27826 12.76648 -23.92371
v 15.23745 12.76648 -23.92371
v 17.29817 12.76648 -23.92371
v 9.325318 8.015181 -23.92371
v 17.29817 10.26694 -23.92371
v 15.35442 8.199197 -24.18885
v 15.23745 8.200198 -24.18885
v 15.11727 8.201187 -24.18885
v 15.11727 10.26594 -24.18885
v 15.11727 10.45096 -24.18885
v 9.646469 8.201187 -24.18885
v 9.646469 10.26594 -24.18885
v 9.646469 8.016174 -24.18719
v 9.646469 8.201187 -24.18719
v 11.27826 8.016174 -24.18719
v 9.325318 8.200191 -24.18885
v 9.325318 10.26694 -24.18885
v 9.325318 8.200191 -23.92371
v 9.325318 10.26694 -23.92371
v 17.29817 10.45195 -24.18885
v 17.29817 10.45195 -23.92371
v 15.11727 12.45593 -24.18885
v 9.325318 10.45195 -24.18885
v 9.646469 10.45096 -24.18885
v 11.27826 10.45096 -24.18157
v 11.27826 12.45593 -24.18157
v 11.52082 10.45096 -24.18157
v 11.52082 12.45593 -24.18157
v 9.325318 10.45195 -23.92371
v 13.46277 8.016174 -24.18719
v 15.11727 8.016174 -24.18719
v 15.11727 8.201187 -24.18719
v 13.46277 8.201187 -24.18719
v 15.35442 8.014185 -24.18756
v 16.98102 8.199197 -24.18756
v 15.35442 8.199197 -24.18756
v 16.98102 8.014185 -24.18756
v 13.46277 5.70065 -24.18885
v 13.15705 6.011203 -24.18885
v 13.15705 5.70065 -24.18885
v 15.23745 8.200191 -23.92371
v 15.23745 8.015181 -23.92371
v 15.23745 10.26694 -23.92371
v 15.23745 10.45195 -23.92371
v 16.98102 10.45295 -24.18885
v 16.98102 10.45295 -24.19613
v 15.35442 10.45295 -24.19613
v 15.35442 10.26793 -24.19613
v 16.98102 10.26793 -24.19613
v 9.646469 10.45096 -24.18157
v 9.646469 10.26594 -24.18157
v 11.27826 10.26594 -24.18157
v 11.27826 8.201187 -24.18719
v 15.11727 10.45096 -24.18157
v 15.11727 10.26594 -24.18157
v 13.46277 10.26594 -24.18157
v 13.46277 5.70065 -23.92371
v 13.15705 5.70065 -23.92371
v 13.46277 12.76648 -24.18885
v 13.46277 12.45593 -24.18885
v 13.46277 12.76648 -23.92371
v 13.46277 10.45096 -24.18157
v 13.15705 10.26594 -24.18157
v 11.52082 10.26594 -24.18157
v 13.46277 8.201187 -24.18157
v 13.15705 8.201187 -24.18157
v 13.46277 12.45593 -24.18157
v 13.15705 12.45593 -24.18157
v 13.15705 10.45096 -24.18157
v 13.15705 8.201187 -24.18719
v 13.15705 8.016174 -24.18719
v 13.15705 8.016174 -24.18157
v 13.15705 6.011203 -24.18157
v 13.46277 6.011203 -24.18157
v 13.46277 8.016174 -24.18157
v 11.52082 6.011203 -24.18885
v 11.52082 5.70065 -24.18885
v 13.15705 12.76648 -24.18885
v 13.15705 12.45593 -24.18885
v 13.15705 12.76648 -23.92371
v 11.52082 12.76648 -23.92371
v 11.52082 8.201187 -24.18719
v 11.52082 8.016174 -24.18719
v 11.27826 6.011203 -24.18157
v 11.27826 8.016174 -24.18157
v 11.52082 6.011203 -24.18157
v 11.52082 8.016174 -24.18157
v 11.27826 6.011203 -24.18885
v 11.52082 5.70065 -23.92371
v 11.52082 12.76648 -24.18885
v 11.52082 12.45593 -24.18885
v 11.52082 8.201187 -24.18157
v 11.27826 8.201187 -24.18157
v -4.898973 17.21207 -24.18885
v -4.898973 17.21207 -23.92371
v -2.946035 17.21207 -23.92371
v -2.946035 17.21207 -24.18885
v 3.07388 19.5266 -24.18885
v 3.07388 17.21207 -24.18885
v 3.07388 17.21207 -23.92371
v 3.07388 19.5266 -23.92371
v 3.07388 24.2779 -24.18885
v 1.013155 24.2779 -24.18885
v 1.130128 23.97135 -24.18885
v 2.756732 23.97135 -24.18885
v 2.756732 19.5256 -24.18885
v 2.756732 17.51862 -24.18885
v 1.013155 17.21207 -24.18885
v 1.013155 17.21207 -23.92371
v 1.130128 17.51862 -24.18885
v 1.130128 19.5256 -24.18885
v 2.756732 19.71061 -24.18885
v 1.130128 19.5256 -24.18756
v 1.130128 19.71061 -24.18756
v 2.756732 19.71061 -24.18756
v 2.756732 19.5256 -24.18756
v 2.756732 21.96436 -24.18885
v 3.07388 21.96337 -24.18885
v 1.013155 21.96338 -24.18885
v 1.130128 21.96436 -24.18885
v 1.130128 21.77935 -24.18885
v -4.898973 19.5266 -24.18885
v -4.577823 17.52262 -24.18885
v -4.577823 19.52759 -24.18885
v -0.7615228 17.21207 -24.18885
v 0.8929768 17.52262 -24.18885
v -0.7615228 17.52262 -24.18885
v 1.013155 19.52659 -24.18885
v 0.8929768 19.52759 -24.18885
v -2.946035 24.2779 -24.18885
v -4.898973 24.2779 -24.18885
v -4.577823 23.96735 -24.18885
v -2.946035 23.96735 -24.18885
v 0.8929768 19.7126 -24.18885
v -0.7615228 17.52262 -24.18157
v -1.067243 17.52262 -24.18157
v -4.898973 24.2779 -23.92371
v -2.946035 24.2779 -23.92371
v 1.013155 24.2779 -23.92371
v 3.07388 24.2779 -23.92371
v -4.898973 19.5266 -23.92371
v -4.898973 19.71161 -24.18885
v -4.898973 19.71161 -23.92371
v -4.898973 21.77836 -24.18885
v -4.898973 21.77836 -23.92371
v 3.07388 19.71161 -24.18885
v 3.07388 19.71161 -23.92371
v 3.07388 21.77836 -23.92371
v 3.07388 21.77836 -24.18885
v 2.756732 21.77935 -24.18885
v 2.756732 21.77935 -24.19613
v 1.130128 21.77935 -24.19613
v 2.756732 21.96436 -24.19613
v 1.130128 21.96436 -24.19613
v 1.013155 21.77835 -24.18885
v 1.130128 19.71061 -24.18885
v 1.013155 19.71161 -24.18885
v 0.8929768 21.77736 -24.18885
v -4.577823 19.7126 -24.18885
v -4.577823 21.77736 -24.18885
v -4.577823 21.77736 -24.18157
v -4.577823 21.96237 -24.18157
v -2.946035 21.77736 -24.18157
v 3.07388 21.96337 -23.92371
v 0.8929768 21.96237 -24.18885
v 0.8929768 23.96735 -24.18885
v -0.7615228 23.96735 -24.18885
v 0.8929768 21.96237 -24.18157
v -0.7615228 21.96237 -24.18157
v 0.8929768 21.77736 -24.18157
v -0.7615228 21.77736 -24.18157
v -0.7615228 19.7126 -24.18157
v -1.067243 21.77736 -24.18157
v -1.067243 19.7126 -24.18157
v -2.703472 21.96237 -24.18157
v -2.703472 21.77736 -24.18157
v -1.067243 21.96237 -24.18157
v -4.577823 21.96237 -24.18885
v -4.898973 21.96337 -24.18885
v -4.898973 21.96337 -23.92371
v -0.7615228 19.52759 -24.18719
v 0.8929768 19.52759 -24.18719
v 0.8929768 19.7126 -24.18719
v -0.7615228 19.7126 -24.18719
v 1.013155 19.71161 -23.92371
v 1.013155 19.5266 -23.92371
v -4.577823 19.52759 -24.18719
v -4.577823 19.7126 -24.18719
v -2.946035 19.52759 -24.18719
v -2.946035 19.7126 -24.18719
v 1.013155 21.96337 -23.92371
v 1.013155 21.77836 -23.92371
v -2.946035 21.96237 -24.18157
v -1.067243 19.52759 -24.18157
v -0.7615228 19.52759 -24.18157
v -0.7615228 17.21207 -23.92371
v -0.7615228 24.2779 -23.92371
v -1.067243 24.2779 -23.92371
v -1.067243 17.52262 -24.18885
v -1.067243 17.21207 -24.18885
v -0.7615228 24.2779 -24.18885
v -0.7615228 23.96735 -24.18157
v -1.067243 23.96735 -24.18157
v -1.067243 19.7126 -24.18719
v -1.067243 19.52759 -24.18719
v -1.067243 17.21207 -23.92371
v -2.703472 17.21207 -23.92371
v -2.703472 17.21207 -24.18885
v -2.703472 17.52262 -24.18885
v -1.067243 24.2779 -24.18885
v -1.067243 23.96735 -24.18885
v -2.703472 23.96735 -24.18885
v -2.703472 19.7126 -24.18157
v -2.946035 19.7126 -24.18157
v -2.703472 19.7126 -24.18719
v -2.703472 19.52759 -24.18719
v -2.703472 19.52759 -24.18157
v -2.703472 17.52262 -24.18157
v -2.946035 19.52759 -24.18157
v -2.946035 17.52262 -24.18157
v -2.703472 24.2779 -24.18885
v -2.946035 17.52262 -24.18885
v -2.703472 24.2779 -23.92371
v -2.703472 23.96735 -24.18157
v -2.946035 23.96735 -24.18157
v 9.325318 17.21207 -24.18885
v 9.325318 17.21207 -23.92371
v 11.27826 17.21207 -23.92371
v 11.27826 17.21207 -24.18885
v 17.29817 24.2779 -24.18885
v 15.23745 24.2779 -24.18885
v 15.35442 23.97135 -24.18885
v 16.98102 23.97135 -24.18885
v 15.23745 17.21207 -24.18885
v 17.29817 17.21207 -24.18885
v 16.98102 17.51862 -24.18885
v 15.35442 17.51862 -24.18885
v 15.35442 19.5256 -24.18885
v 16.98102 19.5256 -24.18885
v 17.29817 19.5266 -24.18885
v 17.29817 17.21207 -23.92371
v 15.23745 17.21207 -23.92371
v 17.29817 19.5266 -23.92371
v 15.23745 19.5266 -23.92371
v 15.23745 19.71161 -23.92371
v 17.29817 19.71161 -23.92371
v 9.325318 19.5266 -24.18885
v 9.646469 17.52262 -24.18885
v 9.646469 19.52759 -24.18885
v 9.646469 19.7126 -24.18885
v 13.46277 17.21207 -24.18885
v 15.11727 17.52262 -24.18885
v 13.46277 17.52262 -24.18885
v 15.23745 19.52659 -24.18885
v 15.11727 19.52759 -24.18885
v 15.11727 19.52759 -24.18719
v 13.46277 19.52759 -24.18719
v 15.11727 19.7126 -24.18719
v 13.46277 19.7126 -24.18719
v 13.15705 19.52759 -24.18719
v 15.35442 19.71061 -24.18885
v 15.23745 19.71161 -24.18885
v 15.35442 21.77935 -24.18885
v 15.23745 21.77835 -24.18885
v 15.35442 19.5256 -24.18756
v 16.98102 19.5256 -24.18756
v 15.35442 19.71061 -24.18756
v 16.98102 19.71061 -24.18756
v 9.325318 24.2779 -23.92371
v 9.325318 24.2779 -24.18885
v 11.27826 24.2779 -24.18885
v 11.27826 24.2779 -23.92371
v 11.52082 24.2779 -24.18885
v 11.52082 24.2779 -23.92371
v 15.23745 24.2779 -23.92371
v 17.29817 24.2779 -23.92371
v 9.325318 19.5266 -23.92371
v 17.29817 19.71161 -24.18885
v 17.29817 21.77836 -23.92371
v 17.29817 21.77836 -24.18885
v 16.98102 19.71061 -24.18885
v 16.98102 21.77935 -24.18885
v 15.11727 19.7126 -24.18885
v 15.11727 21.77736 -24.18885
v 15.23745 21.96338 -24.18885
v 15.11727 21.96237 -24.18885
v 9.646469 21.77736 -24.18885
v 9.646469 19.7126 -24.18719
v 11.27826 19.7126 -24.18719
v 9.646469 21.77736 -24.18157
v 9.646469 21.96237 -24.18157
v 9.325318 19.71161 -24.18885
v 9.325318 21.77836 -24.18885
v 9.325318 19.71161 -23.92371
v 9.325318 21.77836 -23.92371
v 9.325318 21.96337 -24.18885
v 9.325318 21.96337 -23.92371
v 17.29817 21.96337 -24.18885
v 17.29817 21.96337 -23.92371
v 16.98102 21.96436 -24.18885
v 15.35442 21.96436 -24.19613
v 16.98102 21.96436 -24.19613
v 16.98102 21.77935 -24.19613
v 15.35442 21.77935 -24.19613
v 15.35442 21.96436 -24.18885
v 15.11727 23.96735 -24.18885
v 9.646469 21.96237 -24.18885
v 9.646469 23.96735 -24.18885
v 15.23745 21.96337 -23.92371
v 15.23745 21.77836 -23.92371
v 11.27826 21.96237 -24.18157
v 11.27826 21.77736 -24.18157
v 11.27826 23.96735 -24.18885
v 11.52082 23.96735 -24.18885
v 11.27826 23.96735 -24.18157
v 11.52082 21.96237 -24.18157
v 11.52082 23.96735 -24.18157
v 9.646469 19.52759 -24.18719
v 11.27826 19.52759 -24.18719
v 15.11727 21.96237 -24.18157
v 15.11727 21.77736 -24.18157
v 13.46277 21.77736 -24.18157
v 13.46277 17.21207 -23.92371
v 13.15705 17.52262 -24.18885
v 13.15705 17.21207 -24.18885
v 13.46277 24.2779 -24.18885
v 13.46277 23.96735 -24.18885
v 13.15705 23.96735 -24.18885
v 13.46277 19.52759 -24.18157
v 13.46277 17.52262 -24.18157
v 13.46277 24.2779 -23.92371
v 13.46277 21.96237 -24.18157
v 13.46277 23.96735 -24.18157
v 13.15705 21.77736 -24.18157
v 13.46277 19.7126 -24.18157
v 13.15705 19.7126 -24.18157
v 13.15705 23.96735 -24.18157
v 13.15705 21.96237 -24.18157
v 13.15705 19.7126 -24.18719
v 13.15705 17.21207 -23.92371
v 13.15705 19.52759 -24.18157
v 13.15705 17.52262 -24.18157
v 11.52082 17.52262 -24.18885
v 11.52082 17.21207 -24.18885
v 13.15705 24.2779 -24.18885
v 13.15705 24.2779 -23.92371
v 11.52082 19.7126 -24.18719
v 11.52082 21.77736 -24.18157
v 11.52082 19.7126 -24.18157
v 11.27826 19.7126 -24.18157
v 11.52082 19.52759 -24.18719
v 11.52082 17.21207 -23.92371
v 11.27826 17.52262 -24.18885
v 11.27826 19.52759 -24.18157
v 11.27826 17.52262 -24.18157
v 11.52082 17.52262 -24.18157
v 11.52082 19.52759 -24.18157
v -4.577823 10.26594 -24.18157
v -4.577823 10.45096 -24.18157

vt 0.3344201 0.5185274
vt 0.03705478 0.5185274
vt 0.03705478 0.6495737
vt 0.3344201 0.6495737
vt 0.3321317 0
vt 0.03060679 0
vt 0.7273681 0.8216161
vt 0.7273681 0.9297433
vt 0.9495887 0.9297433
vt 0.9495887 0.8216161
vt 0.2726319 1
vt 0.05041134 1
vt 0.6059651 0.6729293
vt 0.6059651 0.5702567
vt 0.3940348 0.5702567
vt 0.3940348 0.6729293
vt 0.3940348 1
vt 0.6059651 1
vt 0.3531894 0
vt 0.6468106 0
vt 0.3552188 0.841467
vt 0.3552188 0.9814726
vt 0.6447812 0.9814726
vt 0.6447812 0.841467
vt 0.2726319 0.6729293
vt 0.2726319 0.5702567
vt 0.05041134 0.5702567
vt 0.05041134 0.6729293
vt 0.7273681 1
vt 0.9495885 1
vt 0.6678681 0
vt 0.9693931 0
vt 0.6655799 0.841467
vt 0.6655799 0.9814726
vt 0.9629452 0.9814726
vt 0.9629452 0.841467
vt 0.3344201 0.841467
vt 0.03705478 0.841467
vt 0.03705478 0.9814726
vt 0.3344201 0.9814726
vt 0.9495887 0.7995884
vt 0.7273681 0.7995884
vt 0.6059651 0.8216161
vt 0.3940348 0.8216161
vt 0.3940348 0.9297433
vt 0.6059651 0.9297433
vt 0.2726319 0.8216161
vt 0.05041134 0.8216161
vt 0.05041134 0.9297433
vt 0.2726319 0.9297433
vt 0.6059651 0.7995884
vt 0.3940348 0.7995884
vt 0.2726319 0.7995884
vt 0.05041134 0.7995884
vt 0.9495887 0.6983988
vt 0.7273681 0.6983988
vt 0.9495887 0.6729293
vt 0.7273681 0.6729293
vt 0.3552188 0.8130383
vt 0.6447812 0.8130383
vt 0.6447812 0.6824443
vt 0.3552188 0.6824443
vt 0.6655799 0.8130383
vt 0.9629452 0.8130383
vt 0.9629452 0.6824443
vt 0.6655799 0.6824443
vt 0.3344201 0.6824443
vt 0.03705478 0.6824443
vt 0.03705478 0.8130383
vt 0.3344201 0.8130383
vt 0.6059651 0.6983988
vt 0.3940348 0.6983988
vt 0.2726319 0.6983988
vt 0.05041134 0.6983988
vt 0.6655799 0.6495737
vt 0.9629452 0.6495737
vt 0.9629452 0.5185274
vt 0.6655799 0.5185274
vt 0.9495887 0.5702567
vt 0.7273681 0.5702567
vt 0.3552188 0.6495737
vt 0.6447812 0.6495737
vt 0.6447812 0.5185274
vt 0.3552188 0.5185274
vt 1 0.5
vt 0 0.5
vt 0 0.6581304
vt 1 0.6581304
vt 0.3230432 0
vt 0 0
vt 0 1
vt 0.3230432 1
vt 1 0
vt 0.3230432 0.5
vt 0 0.8499122
vt 0 0.8215001
vt 0.3435356 0
vt 0.3456849 0.5185274
vt 0.3456849 0.9814726
vt 0.3162607 1
vt 0.3162607 0
vt 1 1
vt 0.6769568 0
vt 0.6769568 1
vt 0.6563765 1
vt 0.6563765 0
vt 0.3436235 1
vt 0.6769568 0.5
vt 0.6769568 0.6581304
vt 0.6563765 0.5
vt 0.6563765 0.6581304
vt 0.6563765 0.6909819
vt 0.6769568 0.6909819
vt 0.6563765 0.8215001
vt 0.6769568 0.8215001
vt 0.3436235 0.5
vt 0.3333333 1
vt 0.3230432 0.8499122
vt 0.3436235 0.8499122
vt 0.6666667 1
vt 0.6543151 0.9814726
vt 0.6543151 0.5185274
vt 1 0.8499122
vt 0.3436235 0.8215001
vt 0.3230432 0.8215001
vt 0.6998242 0
vt 0.6998242 1
vt 0.643 0
vt 0.643 1
vt 0.6769568 0.8499122
vt 0.6563765 0.8499122
vt 1 0.8215001
vt 0.3230432 0.6909819
vt 0.3230432 0.6581304
vt 0 0.6909819
vt 0.3436235 0.6909819
vt 1 0.6909819
vt 0.3819637 0
vt 0.3819637 1
vt 0.3436235 0.6581304

vn -1.192093E-06 0 10
vn -8.42937E-07 7.071068 7.071068
vn -5.331202E-07 8.944272 4.472136
vn -8.42937E-07 -7.071068 7.071068
vn 1.192093E-06 0 -10
vn -9.045341 3.015113 3.015113
vn -8.164968 -4.082483 4.082482
vn -8.164968 4.082483 4.082482
vn -5.773504 5.773502 5.773503
vn -7.071069 0 7.071067
vn 7.071067 0 7.071069
vn 5.773503 5.773502 5.773504
vn -5.331202E-07 -8.944272 4.472136
vn -5.773504 -5.773502 5.773503
vn 5.773503 -5.773502 5.773504
vn -7.071068 -7.071068 -8.42937E-07
vn -10 0 -1.192093E-06
vn -4.082484 -8.164966 4.082483
vn -7.071067 0 -7.071069
vn -5.773503 5.773502 -5.773504
vn -7.071068 7.071068 -8.42937E-07
vn 10 0 1.192093E-06
vn -4.082482 4.082483 -8.164968
vn -5.773503 -5.773502 -5.773504
vn -4.082484 8.164966 4.082483
vn -4.472136 8.944272 -5.331202E-07
vn -4.472136 -8.944272 -5.331202E-07
vn -3.162278 -9.486833 -3.769729E-07
vn -4.472136 0 -8.944274
vn -4.082482 -4.082483 -8.164968
vn -4.472137 0 8.944272
vn 7.071068 -7.071068 8.42937E-07
vn 7.071069 0 -7.071067
vn 5.773504 -5.773502 -5.773503
vn 5.773504 5.773502 -5.773503
vn 7.071068 7.071068 8.42937E-07
vn 3.015113 -9.045341 3.015114
vn 4.082483 8.164966 4.082484
vn 4.082484 -8.164966 -4.082483
vn 4.472137 0 -8.944272
vn 4.082482 -4.082483 8.164968
vn 4.472136 -8.944272 5.331202E-07
vn 4.082483 -8.164966 4.082484
vn 4.082484 8.164966 -4.082483
vn 8.944274 0 -4.472136
vn 8.42937E-07 -7.071068 -7.071068
vn 8.42937E-07 7.071068 -7.071068
vn 5.331202E-07 8.944272 -4.472136
vn -8.944272 0 -4.472137
vn -8.164966 4.082483 -4.082484
vn -8.164966 -4.082483 -4.082484
vn 5.331202E-07 -8.944272 -4.472136
vn 8.164968 -4.082483 -4.082482
vn 0 -10 0
vn -1.06624E-06 4.472136 8.944273
vn -1.06624E-06 -4.472136 8.944273
vn 4.082482 4.082483 8.164968
vn 1.06624E-06 -4.472136 -8.944273
vn 0 10 0
vn -5.345227 2.672613 8.017838
vn 1.06624E-06 4.472136 -8.944273
vn 1.130919E-06 3.162278 -9.486834
vn 8.944272 0 4.472137
vn -8.944274 0 4.472136
vn 4.472136 0 8.944274
vn 0 0 0
vn 6.666666 3.333333 6.666668
vn -4.082484 4.082483 8.164966
vn -1.130919E-06 -3.162278 9.486835
vn -1.130919E-06 3.162278 9.486834
vn 8.320503 -5.547002 9.918812E-07
vn 8.944273 -4.472136 1.06624E-06
vn 8.320503 5.547002 9.918812E-07
vn -6.666668 3.333333 6.666666
vn -8.944273 4.472136 -1.06624E-06
vn -8.944273 -4.472136 -1.06624E-06
vn 4.472136 8.944272 5.331202E-07
vn -4.082484 -4.082483 8.164966
vn -8.320503 5.547002 -9.918812E-07
vn -3.162278 9.486833 -3.769729E-07
vn 8.944273 4.472136 1.06624E-06
vn -8.320503 -5.547002 -9.918812E-07
vn 3.769729E-07 -9.486833 -3.162278
vn -8.017838 -5.345225 -2.672614
vn -9.486834 3.162278 -1.130919E-06
vn 9.486835 0 -3.162277
vn 9.486834 0 3.162279
vn 8.164966 -4.082483 4.082484
vn 8.164968 4.082483 -4.082482
vn 8.164966 4.082483 4.082484
vn 6.666667 -6.666666 3.333334
vn 5.345225 8.017838 2.672614
vn 5.345226 -8.017838 -2.672612
vn 4.082484 -4.082483 -8.164966
vn 9.918812E-07 5.547002 -8.320503
vn 9.918812E-07 -5.547002 -8.320503
vn -9.918812E-07 5.547002 8.320503
vn 6.666668 -3.333333 -6.666666
vn 4.082484 4.082483 -8.164966
vn 3.333334 6.666666 -6.666667
vn -3.015113 3.015113 -9.045341
vn -6.666666 -3.333333 -6.666668
vn -5.547002 0 -8.320505
vn 3.015115 -3.015113 -9.045341
vn 1.130919E-06 -3.162278 -9.486834
vn 3.015115 3.015113 -9.045341

usemtl Glass.1
f 1338/320/90 1337/319/92 1336/318/91 1335/317/90
f 1342/321/93 1341/322/90 1340/322/90 1339/321/93
f 1346/326/94 1345/325/94 1344/324/94 1343/323/94
f 1350/328/94 1349/328/94 1348/327/94 1347/327/94
f 1354/332/94 1353/331/94 1352/330/94 1351/329/94
f 1358/334/94 1357/334/94 1356/333/94 1355/333/94
f 1362/336/96 1361/336/93 1360/335/91 1359/335/95
f 1366/340/90 1365/339/90 1364/338/91 1363/337/92
f 1370/344/94 1369/343/94 1368/342/94 1367/341/94
f 1374/346/94 1373/346/94 1372/345/94 1371/345/94
f 1378/348/99 1377/348/90 1376/347/98 1375/347/97
f 1382/352/98 1381/351/100 1380/350/100 1379/349/99
f 1386/356/100 1385/355/101 1384/354/91 1383/353/90
f 1388/358/94 1387/357/94 1346/326/94 1343/323/94
f 1392/362/94 1391/361/94 1390/360/94 1389/359/94
f 1396/366/94 1395/365/94 1394/364/94 1393/363/94
f 1389/359/94 1390/360/94 1398/368/94 1397/367/94
f 1393/363/94 1394/364/94 1400/370/94 1399/369/94
f 1402/372/94 1401/371/94 1387/357/94 1388/358/94
f 1404/374/94 1403/373/94 1401/371/94 1402/372/94
f 1408/378/99 1407/377/99 1406/376/93 1405/375/90
f 1412/382/90 1411/381/93 1410/380/93 1409/379/90
f 1416/386/90 1415/385/91 1414/384/99 1413/383/99
f 1397/367/94 1398/368/94 1418/388/94 1417/387/94
f 1399/369/94 1400/370/94 1420/390/94 1419/389/94
f 1424/394/99 1423/393/99 1422/392/90 1421/391/90
f 1417/387/94 1418/388/94 1354/332/94 1351/329/94
f 1419/389/94 1420/390/94 1370/344/94 1367/341/94
f 1426/396/94 1425/395/94 1403/373/94 1404/374/94
f 1430/400/90 1429/399/90 1428/398/90 1427/397/90
f 1434/320/102 1433/319/90 1432/318/90 1431/317/93
f 1438/321/93 1437/322/90 1436/322/99 1435/321/103
f 1442/326/94 1441/325/94 1440/324/94 1439/323/94
f 1446/328/94 1445/328/94 1444/327/94 1443/327/94
f 1450/332/94 1449/331/94 1448/330/94 1447/329/94
f 1452/387/94 1451/388/94 1450/332/94 1447/329/94
f 1454/367/94 1453/368/94 1451/388/94 1452/387/94
f 1458/334/94 1457/334/94 1456/333/94 1455/333/94
f 1462/336/99 1461/336/100 1460/335/100 1459/335/99
f 1466/340/99 1465/339/93 1464/338/101 1463/337/98
f 1470/344/94 1469/343/94 1468/342/94 1467/341/94
f 1474/346/94 1473/346/94 1472/345/94 1471/345/94
f 1478/348/99 1477/348/100 1476/347/101 1475/347/98
f 1482/352/99 1481/351/100 1480/350/91 1479/349/98
f 1486/356/104 1485/355/90 1484/354/90 1483/353/93
f 1488/358/94 1487/357/94 1442/326/94 1439/323/94
f 1492/362/94 1491/361/94 1490/360/94 1489/359/94
f 1496/366/94 1495/365/94 1494/364/94 1493/363/94
f 1489/359/94 1490/360/94 1453/368/94 1454/367/94
f 1493/363/94 1494/364/94 1498/370/94 1497/369/94
f 1500/372/94 1499/371/94 1487/357/94 1488/358/94
f 1504/378/90 1503/377/90 1502/376/90 1501/375/90
f 1508/382/90 1507/381/90 1506/380/90 1505/379/90
f 1512/386/90 1511/385/90 1510/384/90 1509/383/90
f 1497/369/94 1498/370/94 1514/390/94 1513/389/94
f 1516/374/94 1515/373/94 1499/371/94 1500/372/94
f 1520/394/99 1519/393/99 1518/392/90 1517/391/90
f 1513/389/94 1514/390/94 1470/344/94 1467/341/94
f 1522/396/94 1521/395/94 1515/373/94 1516/374/94
f 1526/400/91 1525/399/90 1524/398/90 1523/397/91
f 1530/320/100 1529/319/104 1528/318/90 1527/317/93
f 1534/321/93 1533/322/91 1532/322/91 1531/321/93
f 1538/326/94 1537/325/94 1536/324/94 1535/323/94
f 1542/328/94 1541/328/94 1540/327/94 1539/327/94
f 1546/332/94 1545/331/94 1544/330/94 1543/329/94
f 1548/387/94 1547/388/94 1546/332/94 1543/329/94
f 1552/334/94 1551/334/94 1550/333/94 1549/333/94
f 1556/336/93 1555/336/93 1554/335/91 1553/335/91
f 1560/340/90 1559/339/90 1558/338/90 1557/337/90
f 1564/344/94 1563/343/94 1562/342/94 1561/341/94
f 1568/346/94 1567/346/94 1566/345/94 1565/345/94
f 1572/348/103 1571/348/104 1570/347/101 1569/347/98
f 1576/352/103 1575/351/104 1574/350/100 1573/349/99
f 1580/356/90 1579/355/91 1578/354/92 1577/353/90
f 1582/358/94 1581/357/94 1538/326/94 1535/323/94
f 1586/362/94 1585/361/94 1584/360/94 1583/359/94
f 1590/364/94 1587/363/94 1589/366/94 1588/365/94
f 1592/370/94 1591/369/94 1587/363/94 1590/364/94
f 1583/359/94 1584/360/94 1594/368/94 1593/367/94
f 1596/372/94 1595/371/94 1581/357/94 1582/358/94
f 1600/378/90 1599/377/90 1598/376/100 1597/375/100
f 1604/382/91 1603/381/90 1602/380/90 1601/379/91
f 1608/386/104 1607/385/104 1606/384/90 1605/383/93
f 1593/367/94 1594/368/94 1547/388/94 1548/387/94
f 1591/369/94 1592/370/94 1610/390/94 1609/389/94
f 1612/374/94 1611/373/94 1595/371/94 1596/372/94
f 1616/394/90 1615/393/90 1614/392/90 1613/391/90
f 1609/389/94 1610/390/94 1564/344/94 1561/341/94
f 1618/396/94 1617/395/94 1611/373/94 1612/374/94
f 1622/400/99 1621/399/99 1620/398/90 1619/397/90
f 1626/320/107 1625/319/99 1624/318/106 1623/317/105
f 1630/321/106 1629/322/110 1628/322/109 1627/321/108
f 1634/326/111 1633/325/111 1632/324/111 1631/323/111
f 1638/328/111 1637/328/111 1636/327/111 1635/327/111
f 1642/332/111 1641/331/111 1640/330/111 1639/329/111
f 1646/334/111 1645/334/111 1644/333/111 1643/333/111
f 1650/336/105 1649/336/105 1648/335/98 1647/335/112
f 1654/340/106 1653/339/106 1652/338/98 1651/337/110
f 1658/344/111 1657/343/111 1656/342/111 1655/341/111
f 1662/346/111 1661/346/111 1660/345/111 1659/345/111
f 1666/348/105 1665/348/105 1664/347/106 1663/347/106
f 1670/352/106 1669/351/106 1668/350/110 1667/349/110
f 1674/356/103 1673/355/110 1672/354/110 1671/353/105
f 1676/358/111 1675/357/111 1634/326/111 1631/323/111
f 1680/360/111 1677/359/111 1679/362/111 1678/361/111
f 1682/368/111 1681/367/111 1677/359/111 1680/360/111
f 1686/366/111 1685/365/111 1684/364/111 1683/363/111
f 1683/363/111 1684/364/111 1688/370/111 1687/369/111
f 1690/372/111 1689/371/111 1675/357/111 1676/358/111
f 1694/378/108 1693/377/108 1692/376/103 1691/375/99
f 1698/382/106 1697/381/106 1696/380/99 1695/379/99
f 1702/386/105 1701/385/110 1700/384/110 1699/383/105
f 1681/367/111 1682/368/111 1704/388/111 1703/387/111
f 1687/369/111 1688/370/111 1706/390/111 1705/389/111
f 1708/374/111 1707/373/111 1689/371/111 1690/372/111
f 1710/396/111 1709/395/111 1707/373/111 1708/374/111
f 1714/394/106 1713/393/106 1712/392/106 1711/391/106
f 1703/387/111 1704/388/111 1642/332/111 1639/329/111
f 1705/389/111 1706/390/111 1658/344/111 1655/341/111
f 1718/400/108 1717/399/113 1716/398/105 1715/397/106
f 1722/320/90 1721/319/90 1720/318/99 1719/317/99
f 1726/321/100 1725/322/100 1724/322/99 1723/321/99
f 1730/326/94 1729/325/94 1728/324/94 1727/323/94
f 1734/328/94 1733/328/94 1732/327/94 1731/327/94
f 1738/332/94 1737/331/94 1736/330/94 1735/329/94
f 1740/387/94 1739/388/94 1738/332/94 1735/329/94
f 1744/334/94 1743/334/94 1742/333/94 1741/333/94
f 1748/336/93 1747/336/93 1746/335/91 1745/335/91
f 1752/340/90 1751/339/90 1750/338/91 1749/337/92
f 1756/344/94 1755/343/94 1754/342/94 1753/341/94
f 1760/346/94 1759/346/94 1758/345/94 1757/345/94
f 1764/348/90 1763/348/90 1762/347/90 1761/347/90
f 1768/352/90 1767/351/90 1766/350/90 1765/349/90
f 1772/356/104 1771/355/90 1770/354/99 1769/353/103
f 1774/358/94 1773/357/94 1730/326/94 1727/323/94
f 1778/360/94 1775/359/94 1777/362/94 1776/361/94
f 1780/368/94 1779/367/94 1775/359/94 1778/360/94
f 1739/388/94 1740/387/94 1779/367/94 1780/368/94
f 1784/366/94 1783/365/94 1782/364/94 1781/363/94
f 1781/363/94 1782/364/94 1786/370/94 1785/369/94
f 1788/372/94 1787/371/94 1773/357/94 1774/358/94
f 1792/378/91 1791/377/90 1790/376/90 1789/375/92
f 1796/382/91 1795/381/90 1794/380/90 1793/379/91
f 1800/386/93 1799/385/91 1798/384/114 1797/383/107
f 1785/369/94 1786/370/94 1802/390/94 1801/389/94
f 1804/374/94 1803/373/94 1787/371/94 1788/372/94
f 1806/396/94 1805/395/94 1803/373/94 1804/374/94
f 1810/394/90 1809/393/93 1808/392/104 1807/391/100
f 1801/389/94 1802/390/94 1756/344/94 1753/341/94
f 1814/400/90 1813/399/90 1812/398/90 1811/397/90
f 1818/320/106 1817/319/106 1816/318/106 1815/317/106
f 1822/321/103 1821/322/99 1820/322/106 1819/321/105
f 1826/326/111 1825/325/111 1824/324/111 1823/323/111
f 1830/328/111 1829/328/111 1828/327/111 1827/327/111
f 1834/332/111 1833/331/111 1832/330/111 1831/329/111
f 1838/334/111 1837/334/111 1836/333/111 1835/333/111
f 1842/336/103 1841/336/113 1840/335/110 1839/335/110
f 1846/340/116 1845/339/105 1844/338/98 1843/337/115
f 1850/344/111 1849/343/111 1848/342/111 1847/341/111
f 1854/346/111 1853/346/111 1852/345/111 1851/345/111
f 1858/348/106 1857/348/106 1856/347/106 1855/347/106
f 1862/352/108 1861/351/106 1860/350/106 1859/349/108
f 1866/356/106 1865/355/110 1864/354/110 1863/353/106
f 1868/358/111 1867/357/111 1826/326/111 1823/323/111
f 1870/372/111 1869/371/111 1867/357/111 1868/358/111
f 1874/362/111 1873/361/111 1872/360/111 1871/359/111
f 1878/366/111 1877/365/111 1876/364/111 1875/363/111
f 1871/359/111 1872/360/111 1880/368/111 1879/367/111
f 1875/363/111 1876/364/111 1882/370/111 1881/369/111
f 1886/378/106 1885/377/106 1884/376/106 1883/375/106
f 1890/382/110 1889/381/106 1888/380/106 1887/379/110
f 1894/386/106 1893/385/110 1892/384/110 1891/383/106
f 1879/367/111 1880/368/111 1896/388/111 1895/387/111
f 1881/369/111 1882/370/111 1898/390/111 1897/389/111
f 1900/374/111 1899/373/111 1869/371/111 1870/372/111
f 1904/394/109 1903/393/113 1902/392/103 1901/391/98
f 1895/387/111 1896/388/111 1834/332/111 1831/329/111
f 1897/389/111 1898/390/111 1850/344/111 1847/341/111
f 1906/396/111 1905/395/111 1899/373/111 1900/374/111
f 1910/400/110 1909/399/106 1908/398/103 1907/397/99
f 1914/320/103 1913/319/99 1912/318/106 1911/317/105
f 1918/321/99 1917/322/98 1916/322/109 1915/321/108
f 1922/326/111 1921/325/111 1920/324/111 1919/323/111
f 1926/328/111 1925/328/111 1924/327/111 1923/327/111
f 1930/332/111 1929/331/111 1928/330/111 1927/329/111
f 1934/334/111 1933/334/111 1932/333/111 1931/333/111
f 1938/336/105 1937/336/105 1936/335/98 1935/335/110
f 1942/340/106 1941/339/106 1940/338/110 1939/337/115
f 1946/344/111 1945/343/111 1944/342/111 1943/341/111
f 1950/346/111 1949/346/111 1948/345/111 1947/345/111
f 1954/348/106 1953/348/106 1952/347/110 1951/347/110
f 1958/352/106 1957/351/106 1956/350/106 1955/349/106
f 1962/356/99 1961/355/99 1960/354/106 1959/353/106
f 1964/358/111 1963/357/111 1922/326/111 1919/323/111
f 1968/362/111 1967/361/111 1966/360/111 1965/359/111
f 1972/366/111 1971/365/111 1970/364/111 1969/363/111
f 1965/359/111 1966/360/111 1974/368/111 1973/367/111
f 1976/370/111 1975/369/111 1969/363/111 1970/364/111
f 1978/390/111 1977/389/111 1975/369/111 1976/370/111
f 1946/344/111 1943/341/111 1977/389/111 1978/390/111
f 1980/372/111 1979/371/111 1963/357/111 1964/358/111
f 1984/378/115 1983/377/117 1982/376/103 1981/375/114
f 1988/382/109 1987/381/108 1986/380/99 1985/379/98
f 1992/386/116 1991/385/115 1990/384/115 1989/383/116
f 1973/367/111 1974/368/111 1994/388/111 1993/387/111
f 1996/374/111 1995/373/111 1979/371/111 1980/372/111
f 2000/394/118 1999/393/108 1998/392/106 1997/391/106
f 1993/387/111 1994/388/111 1930/332/111 1927/329/111
f 2002/396/111 2001/395/111 1995/373/111 1996/374/111
f 2006/400/108 2005/399/119 2004/398/116 2003/397/110
f 2010/320/99 2009/319/99 2008/318/106 2007/317/106
f 2014/321/99 2013/322/98 2012/322/110 2011/321/106
f 2018/326/111 2017/325/111 2016/324/111 2015/323/111
f 2022/328/111 2021/328/111 2020/327/111 2019/327/111
f 2026/332/111 2025/331/111 2024/330/111 2023/329/111
f 2030/334/111 2029/334/111 2028/333/111 2027/333/111
f 2034/336/106 2033/336/99 2032/335/99 2031/335/106
f 2038/340/106 2037/339/106 2036/338/106 2035/337/106
f 2042/344/111 2041/343/111 2040/342/111 2039/341/111
f 2046/346/111 2045/346/111 2044/345/111 2043/345/111
f 2050/348/105 2049/348/103 2048/347/99 2047/347/106
f 2054/352/106 2053/351/106 2052/350/106 2051/349/106
f 2058/356/120 2057/355/99 2056/354/108 2055/353/108
f 2060/358/111 2059/357/111 2018/326/111 2015/323/111
f 2062/372/111 2061/371/111 2059/357/111 2060/358/111
f 2066/360/111 2063/359/111 2065/362/111 2064/361/111
f 2068/368/111 2067/367/111 2063/359/111 2066/360/111
f 2070/388/111 2069/387/111 2067/367/111 2068/368/111
f 2074/364/111 2071/363/111 2073/366/111 2072/365/111
f 2076/370/111 2075/369/111 2071/363/111 2074/364/111
f 2080/378/110 2079/377/105 2078/376/116 2077/375/110
f 2084/382/115 2083/381/105 2082/380/103 2081/379/98
f 2088/386/106 2087/385/106 2086/384/106 2085/383/106
f 2090/390/111 2089/389/111 2075/369/111 2076/370/111
f 2042/344/111 2039/341/111 2089/389/111 2090/390/111
f 2092/374/111 2091/373/111 2061/371/111 2062/372/111
f 2094/396/111 2093/395/111 2091/373/111 2092/374/111
f 2098/394/106 2097/393/106 2096/392/99 2095/391/99
f 2069/387/111 2070/388/111 2026/332/111 2023/329/111
f 2102/400/110 2101/399/106 2100/398/99 2099/397/98
f 2106/320/106 2105/319/106 2104/318/106 2103/317/106
f 2110/321/103 2109/322/99 2108/322/106 2107/321/105
f 2114/326/111 2113/325/111 2112/324/111 2111/323/111
f 2118/328/111 2117/328/111 2116/327/111 2115/327/111
f 2122/332/111 2121/331/111 2120/330/111 2119/329/111
f 2126/334/111 2125/334/111 2124/333/111 2123/333/111
f 2130/336/108 2129/336/99 2128/335/99 2127/335/108
f 2134/340/108 2133/339/106 2132/338/106 2131/337/108
f 2138/344/111 2137/343/111 2136/342/111 2135/341/111
f 2140/389/111 2139/390/111 2138/344/111 2135/341/111
f 2142/369/111 2141/370/111 2139/390/111 2140/389/111
f 2144/363/111 2143/364/111 2141/370/111 2142/369/111
f 2148/346/111 2147/346/111 2146/345/111 2145/345/111
f 2152/348/108 2151/348/99 2150/347/106 2149/347/108
f 2156/352/108 2155/351/106 2154/350/106 2153/349/108
f 2160/356/99 2159/355/99 2158/354/106 2157/353/106
f 2162/358/111 2161/357/111 2114/326/111 2111/323/111
f 2166/362/111 2165/361/111 2164/360/111 2163/359/111
f 2168/366/111 2167/365/111 2143/364/111 2144/363/111
f 2170/368/111 2169/367/111 2163/359/111 2164/360/111
f 2172/388/111 2171/387/111 2169/367/111 2170/368/111
f 2174/372/111 2173/371/111 2161/357/111 2162/358/111
f 2178/378/113 2177/377/113 2176/376/105 2175/375/106
f 2182/382/106 2181/381/105 2180/380/105 2179/379/106
f 2186/386/99 2185/385/99 2184/384/108 2183/383/113
f 2188/374/111 2187/373/111 2173/371/111 2174/372/111
f 2190/396/111 2189/395/111 2187/373/111 2188/374/111
f 2194/394/106 2193/393/105 2192/392/105 2191/391/106
f 2171/387/111 2172/388/111 2122/332/111 2119/329/111
f 2198/400/106 2197/399/106 2196/398/99 2195/397/99
f 2202/320/121 2201/319/111 2200/318/111 2199/317/121
f 2206/321/121 2205/322/111 2204/322/111 2203/321/104
f 2210/326/106 2209/325/106 2208/324/106 2207/323/106
f 2214/328/106 2213/328/106 2212/327/106 2211/327/106
f 2218/332/106 2217/331/106 2216/330/106 2215/329/106
f 2222/334/106 2221/334/106 2220/333/106 2219/333/106
f 2226/336/111 2225/336/111 2224/335/111 2223/335/111
f 2230/340/111 2229/339/111 2228/338/111 2227/337/111
f 2234/344/106 2233/343/106 2232/342/106 2231/341/106
f 2238/346/106 2237/346/106 2236/345/106 2235/345/106
f 2242/348/111 2241/348/111 2240/347/111 2239/347/111
f 2246/352/100 2245/351/123 2244/350/122 2243/349/101
f 2250/356/121 2249/355/111 2248/354/100 2247/353/104
f 2252/358/106 2251/357/106 2210/326/106 2207/323/106
f 2256/362/106 2255/361/106 2254/360/106 2253/359/106
f 2260/366/106 2259/365/106 2258/364/106 2257/363/106
f 2253/359/106 2254/360/106 2262/368/106 2261/367/106
f 2257/363/106 2258/364/106 2264/370/106 2263/369/106
f 2266/372/106 2265/371/106 2251/357/106 2252/358/106
f 2270/378/101 2269/377/104 2268/376/111 2267/375/111
f 2274/382/111 2273/381/111 2272/380/111 2271/379/111
f 2278/386/123 2277/385/124 2276/384/101 2275/383/104
f 2261/367/106 2262/368/106 2280/388/106 2279/387/106
f 2263/369/106 2264/370/106 2282/390/106 2281/389/106
f 2284/374/106 2283/373/106 2265/371/106 2266/372/106
f 2286/396/106 2285/395/106 2283/373/106 2284/374/106
f 2290/394/111 2289/393/111 2288/392/122 2287/391/124
f 2279/387/106 2280/388/106 2218/332/106 2215/329/106
f 2281/389/106 2282/390/106 2234/344/106 2231/341/106
f 2294/400/125 2293/399/121 2292/398/123 2291/397/122
f 2298/320/122 2297/319/122 2296/318/100 2295/317/104
f 2302/321/122 2301/322/124 2300/322/101 2299/321/100
f 2306/326/106 2305/325/106 2304/324/106 2303/323/106
f 2310/328/106 2309/328/106 2308/327/106 2307/327/106
f 2314/332/106 2313/331/106 2312/330/106 2311/329/106
f 2318/334/106 2317/334/106 2316/333/106 2315/333/106
f 2322/336/111 2321/336/111 2320/335/125 2319/335/125
f 2326/340/111 2325/339/111 2324/338/111 2323/337/111
f 2330/344/106 2329/343/106 2328/342/106 2327/341/106
f 2334/346/106 2333/346/106 2332/345/106 2331/345/106
f 2338/348/111 2337/348/111 2336/347/111 2335/347/111
f 2342/352/100 2341/351/122 2340/350/122 2339/349/100
f 2346/356/111 2345/355/111 2344/354/100 2343/353/100
f 2348/358/106 2347/357/106 2306/326/106 2303/323/106
f 2350/372/106 2349/371/106 2347/357/106 2348/358/106
f 2354/362/106 2353/361/106 2352/360/106 2351/359/106
f 2358/364/106 2355/363/106 2357/366/106 2356/365/106
f 2360/370/106 2359/369/106 2355/363/106 2358/364/106
f 2351/359/106 2352/360/106 2362/368/106 2361/367/106
f 2366/378/101 2365/377/100 2364/376/122 2363/375/124
f 2370/382/127 2369/381/126 2368/380/122 2367/379/124
f 2374/386/121 2373/385/111 2372/384/111 2371/383/121
f 2361/367/106 2362/368/106 2376/388/106 2375/387/106
f 2359/369/106 2360/370/106 2378/390/106 2377/389/106
f 2380/374/106 2379/373/106 2349/371/106 2350/372/106
f 2384/394/111 2383/393/111 2382/392/111 2381/391/111
f 2375/387/106 2376/388/106 2314/332/106 2311/329/106
f 2377/389/106 2378/390/106 2330/344/106 2327/341/106
f 2386/396/106 2385/395/106 2379/373/106 2380/374/106
f 2390/400/111 2389/399/111 2388/398/122 2387/397/122
f 2394/320/128 2393/319/124 2392/318/125 2391/317/123
f 2398/321/122 2397/322/124 2396/322/101 2395/321/100
f 2402/326/106 2401/325/106 2400/324/106 2399/323/106
f 2406/328/106 2405/328/106 2404/327/106 2403/327/106
f 2410/332/106 2409/331/106 2408/330/106 2407/329/106
f 2412/387/106 2411/388/106 2410/332/106 2407/329/106
f 2416/334/106 2415/334/106 2414/333/106 2413/333/106
f 2420/336/100 2419/336/122 2418/335/125 2417/335/101
f 2424/340/111 2423/339/129 2422/338/122 2421/337/111
f 2428/344/106 2427/343/106 2426/342/106 2425/341/106
f 2432/346/106 2431/346/106 2430/345/106 2429/345/106
f 2436/348/121 2435/348/121 2434/347/111 2433/347/111
f 2440/352/111 2439/351/111 2438/350/125 2437/349/125
f 2444/356/111 2443/355/111 2442/354/104 2441/353/100
f 2446/358/106 2445/357/106 2402/326/106 2399/323/106
f 2450/360/106 2447/359/106 2449/362/106 2448/361/106
f 2452/368/106 2451/367/106 2447/359/106 2450/360/106
f 2456/366/106 2455/365/106 2454/364/106 2453/363/106
f 2453/363/106 2454/364/106 2458/370/106 2457/369/106
f 2460/372/106 2459/371/106 2445/357/106 2446/358/106
f 2464/378/111 2463/377/111 2462/376/111 2461/375/111
f 2468/382/125 2467/381/111 2466/380/111 2465/379/125
f 2472/386/122 2471/385/122 2470/384/100 2469/383/100
f 2451/367/106 2452/368/106 2411/388/106 2412/387/106
f 2457/369/106 2458/370/106 2474/390/106 2473/389/106
f 2476/374/106 2475/373/106 2459/371/106 2460/372/106
f 2478/396/106 2477/395/106 2475/373/106 2476/374/106
f 2482/394/111 2481/393/121 2480/392/121 2479/391/121
f 2473/389/106 2474/390/106 2428/344/106 2425/341/106
f 2486/400/124 2485/399/130 2484/398/128 2483/397/122
f 2490/320/128 2489/319/122 2488/318/125 2487/317/121
f 2494/321/122 2493/322/124 2492/322/101 2491/321/100
f 2498/326/106 2497/325/106 2496/324/106 2495/323/106
f 2502/328/106 2501/328/106 2500/327/106 2499/327/106
f 2506/332/106 2505/331/106 2504/330/106 2503/329/106
f 2510/334/106 2509/334/106 2508/333/106 2507/333/106
f 2514/336/100 2513/336/122 2512/335/122 2511/335/100
f 2518/340/100 2517/339/123 2516/338/122 2515/337/100
f 2522/344/106 2521/343/106 2520/342/106 2519/341/106
f 2524/389/106 2523/390/106 2522/344/106 2519/341/106
f 2528/346/106 2527/346/106 2526/345/106 2525/345/106
f 2532/348/100 2531/348/122 2530/347/122 2529/347/100
f 2536/352/111 2535/351/111 2534/350/111 2533/349/111
f 2540/356/111 2539/355/111 2538/354/111 2537/353/111
f 2542/358/106 2541/357/106 2498/326/106 2495/323/106
f 2546/362/106 2545/361/106 2544/360/106 2543/359/106
f 2550/366/106 2549/365/106 2548/364/106 2547/363/106
f 2543/359/106 2544/360/106 2552/368/106 2551/367/106
f 2547/363/106 2548/364/106 2554/370/106 2553/369/106
f 2556/372/106 2555/371/106 2541/357/106 2542/358/106
f 2560/378/111 2559/377/111 2558/376/122 2557/375/123
f 2564/382/100 2563/381/132 2562/380/131 2561/379/111
f 2568/386/123 2567/385/133 2566/384/100 2565/383/132
f 2551/367/106 2552/368/106 2570/388/106 2569/387/106
f 2553/369/106 2554/370/106 2523/390/106 2524/389/106
f 2572/374/106 2571/373/106 2555/371/106 2556/372/106
f 2576/394/125 2575/393/121 2574/392/128 2573/391/124
f 2569/387/106 2570/388/106 2506/332/106 2503/329/106
f 2578/396/106 2577/395/106 2571/373/106 2572/374/106
f 2582/400/125 2581/399/121 2580/398/123 2579/397/124
f 2586/320/94 2585/319/94 2584/318/122 2583/317/134
f 2590/321/94 2589/322/94 2588/322/122 2587/321/122
f 2594/326/90 2593/325/90 2592/324/90 2591/323/90
f 2598/328/90 2597/328/90 2596/327/90 2595/327/90
f 2602/332/90 2601/331/90 2600/330/90 2599/329/90
f 2606/334/90 2605/334/90 2604/333/90 2603/333/90
f 2610/336/122 2609/336/108 2608/335/108 2607/335/122
f 2614/340/94 2613/339/108 2612/338/108 2611/337/94
f 2618/344/90 2617/343/90 2616/342/90 2615/341/90
f 2622/346/90 2621/346/90 2620/345/90 2619/345/90
f 2626/348/123 2625/348/135 2624/347/94 2623/347/122
f 2630/352/94 2629/351/94 2628/350/136 2627/349/136
f 2634/356/135 2633/355/94 2632/354/123 2631/353/122
f 2636/358/90 2635/357/90 2594/326/90 2591/323/90
f 2640/360/90 2637/359/90 2639/362/90 2638/361/90
f 2642/368/90 2641/367/90 2637/359/90 2640/360/90
f 2646/364/90 2643/363/90 2645/366/90 2644/365/90
f 2648/370/90 2647/369/90 2643/363/90 2646/364/90
f 2650/372/90 2649/371/90 2635/357/90 2636/358/90
f 2654/378/137 2653/377/94 2652/376/94 2651/375/136
f 2658/382/136 2657/381/135 2656/380/113 2655/379/113
f 2662/386/108 2661/385/113 2660/384/94 2659/383/135
f 2641/367/90 2642/368/90 2664/388/90 2663/387/90
f 2647/369/90 2648/370/90 2666/390/90 2665/389/90
f 2668/374/90 2667/373/90 2649/371/90 2650/372/90
f 2672/394/134 2671/393/122 2670/392/94 2669/391/94
f 2663/387/90 2664/388/90 2602/332/90 2599/329/90
f 2665/389/90 2666/390/90 2618/344/90 2615/341/90
f 2674/396/90 2673/395/90 2667/373/90 2668/374/90
f 2678/400/136 2677/399/113 2676/398/113 2675/397/108
f 2682/320/108 2681/319/108 2680/318/94 2679/317/94
f 2686/321/108 2685/322/108 2684/322/122 2683/321/122
f 2690/326/90 2689/325/90 2688/324/90 2687/323/90
f 2692/358/90 2691/357/90 2690/326/90 2687/323/90
f 2696/328/90 2695/328/90 2694/327/90 2693/327/90
f 2700/332/90 2699/331/90 2698/330/90 2697/329/90
f 2704/334/90 2703/334/90 2702/333/90 2701/333/90
f 2708/336/122 2707/336/138 2706/335/108 2705/335/94
f 2712/340/94 2711/339/138 2710/338/108 2709/337/94
f 2716/344/90 2715/343/90 2714/342/90 2713/341/90
f 2718/389/90 2717/390/90 2716/344/90 2713/341/90
f 2722/346/90 2721/346/90 2720/345/90 2719/345/90
f 2726/348/123 2725/348/113 2724/347/138 2723/347/134
f 2730/352/122 2729/351/108 2728/350/139 2727/349/124
f 2734/356/108 2733/355/109 2732/354/136 2731/353/94
f 2738/362/90 2737/361/90 2736/360/90 2735/359/90
f 2742/364/90 2739/363/90 2741/366/90 2740/365/90
f 2744/370/90 2743/369/90 2739/363/90 2742/364/90
f 2735/359/90 2736/360/90 2746/368/90 2745/367/90
f 2748/372/90 2747/371/90 2691/357/90 2692/358/90
f 2750/374/90 2749/373/90 2747/371/90 2748/372/90
f 2754/378/123 2753/377/122 2752/376/94 2751/375/94
f 2758/382/136 2757/381/94 2756/380/94 2755/379/136
f 2762/386/108 2761/385/108 2760/384/124 2759/383/123
f 2745/367/90 2746/368/90 2764/388/90 2763/387/90
f 2743/369/90 2744/370/90 2717/390/90 2718/389/90
f 2768/394/134 2767/393/123 2766/392/113 2765/391/113
f 2763/387/90 2764/388/90 2700/332/90 2697/329/90
f 2770/396/90 2769/395/90 2749/373/90 2750/374/90
f 2774/400/94 2773/399/94 2772/398/94 2771/397/94
f 2778/320/109 2777/319/108 2776/318/122 2775/317/122
f 2782/321/140 2781/322/109 2780/322/124 2779/321/123
f 2786/326/90 2785/325/90 2784/324/90 2783/323/90
f 2790/328/90 2789/328/90 2788/327/90 2787/327/90
f 2794/332/90 2793/331/90 2792/330/90 2791/329/90
f 2798/334/90 2797/334/90 2796/333/90 2795/333/90
f 2802/336/134 2801/336/94 2800/335/136 2799/335/124
f 2806/340/94 2805/339/138 2804/338/109 2803/337/136
f 2810/344/90 2809/343/90 2808/342/90 2807/341/90
f 2812/389/90 2811/390/90 2810/344/90 2807/341/90
f 2816/346/90 2815/346/90 2814/345/90 2813/345/90
f 2820/348/122 2819/348/108 2818/347/109 2817/347/136
f 2824/352/141 2823/351/113 2822/350/139 2821/349/137
f 2828/356/135 2827/355/136 2826/354/136 2825/353/135
f 2830/358/90 2829/357/90 2786/326/90 2783/323/90
f 2832/372/90 2831/371/90 2829/357/90 2830/358/90
f 2836/362/90 2835/361/90 2834/360/90 2833/359/90
f 2840/366/90 2839/365/90 2838/364/90 2837/363/90
f 2833/359/90 2834/360/90 2842/368/90 2841/367/90
f 2837/363/90 2838/364/90 2844/370/90 2843/369/90
f 2848/378/94 2847/377/94 2846/376/94 2845/375/94
f 2852/382/94 2851/381/94 2850/380/94 2849/379/94
f 2856/386/108 2855/385/108 2854/384/94 2853/383/94
f 2841/367/90 2842/368/90 2858/388/90 2857/387/90
f 2843/369/90 2844/370/90 2811/390/90 2812/389/90
f 2860/374/90 2859/373/90 2831/371/90 2832/372/90
f 2862/396/90 2861/395/90 2859/373/90 2860/374/90
f 2866/394/124 2865/393/123 2864/392/135 2863/391/136
f 2857/387/90 2858/388/90 2794/332/90 2791/329/90
f 2870/400/124 2869/399/123 2868/398/135 2867/397/136
f 2874/320/94 2873/319/94 2872/318/122 2871/317/122
f 2878/321/113 2877/322/109 2876/322/124 2875/321/123
f 2882/326/90 2881/325/90 2880/324/90 2879/323/90
f 2886/328/90 2885/328/90 2884/327/90 2883/327/90
f 2890/332/90 2889/331/90 2888/330/90 2887/329/90
f 2894/334/90 2893/334/90 2892/333/90 2891/333/90
f 2898/336/142 2897/336/135 2896/335/109 2895/335/124
f 2902/340/135 2901/339/123 2900/338/124 2899/337/136
f 2906/344/90 2905/343/90 2904/342/90 2903/341/90
f 2910/346/90 2909/346/90 2908/345/90 2907/345/90
f 2914/348/135 2913/348/113 2912/347/136 2911/347/124
f 2918/352/94 2917/351/108 2916/350/138 2915/349/94
f 2922/356/94 2921/355/94 2920/354/122 2919/353/122
f 2924/358/90 2923/357/90 2882/326/90 2879/323/90
f 2928/362/90 2927/361/90 2926/360/90 2925/359/90
f 2932/366/90 2931/365/90 2930/364/90 2929/363/90
f 2925/359/90 2926/360/90 2934/368/90 2933/367/90
f 2929/363/90 2930/364/90 2936/370/90 2935/369/90
f 2938/372/90 2937/371/90 2923/357/90 2924/358/90
f 2942/378/94 2941/377/94 2940/376/113 2939/375/113
f 2946/382/124 2945/381/122 2944/380/94 2943/379/136
f 2950/386/108 2949/385/108 2948/384/94 2947/383/94
f 2952/388/90 2951/387/90 2933/367/90 2934/368/90
f 2890/332/90 2887/329/90 2951/387/90 2952/388/90
f 2935/369/90 2936/370/90 2954/390/90 2953/389/90
f 2956/374/90 2955/373/90 2937/371/90 2938/372/90
f 2960/394/94 2959/393/94 2958/392/94 2957/391/94
f 2953/389/90 2954/390/90 2906/344/90 2903/341/90
f 2962/396/90 2961/395/90 2955/373/90 2956/374/90
f 2966/400/94 2965/399/135 2964/398/113 2963/397/108

usemtl white
f 3002/321/106 3001/413/106 1342/321/106
f 3001/413/144 1360/413/91 1342/321/106
f 1430/414/106 1335/317/143 2988/317/103
f 3005/414/99 1430/414/106 2988/317/103
f 3006/415/100 2995/356/148 1386/356/148
f 1364/415/111 3006/415/100 1386/356/148
f 1359/413/95 1339/321/106 2985/321/99
f 3020/413/149 1359/413/95 2985/321/99
f 3048/400/111 3047/317/111 1430/400/111
f 3047/317/103 1335/317/143 1430/400/106
f 1428/398/125 1407/377/148 3053/398/125
f 1407/377/99 3054/377/120 3053/398/90
f 3016/413/111 2980/321/111 1342/321/111
f 1360/413/111 3016/413/111 1342/321/111
f 3003/321/111 1339/321/111 1359/413/111
f 3004/413/111 3003/321/111 1359/413/111
f 3058/420/94 3019/420/108 1372/345/94
f 3019/420/108 1371/345/148 1372/345/94
f 3044/338/100 1364/338/111 1386/356/148
f 3043/356/148 3044/338/100 1386/356/148
f 3000/407/147 1350/328/94 1347/327/94
f 3056/408/94 3000/407/147 1347/327/94
f 3056/408/94 1347/327/148 1348/327/148
f 2974/408/94 3056/408/94 1348/327/148
f 3057/421/94 1392/362/94 1389/359/148
f 1389/359/155 3057/421/155 1389/359/155
f 3059/421/94 1357/334/94 1358/334/94
f 3013/421/138 3059/421/94 1358/334/94
f 3015/423/94 1355/333/94 1356/333/94
f 3057/423/94 3015/423/94 1356/333/94
f 3058/408/94 1396/366/94 1393/363/148
f 1393/363/155 3058/408/155 1393/363/155
f 3071/376/93 3032/340/145 1366/340/143
f 1406/376/143 3071/376/143 1366/340/143
f 1397/430/155 1389/359/155 1389/359/155
f 1397/430/148 1397/430/148 1389/359/148
f 1417/428/148 1397/367/148 1397/367/148
f 1417/428/155 1417/428/155 1397/367/155
f 1399/441/155 1393/363/155 1393/363/155
f 1399/441/155 1399/441/155 1393/363/155
f 1419/449/155 1399/369/155 1399/369/155
f 1419/449/94 1419/449/94 1399/369/148
f 1367/450/94 1419/389/94 1419/389/94
f 1367/450/155 1367/450/155 1419/389/155
f 3070/349/148 3076/379/148 1409/379/148
f 1379/349/148 3070/349/148 1409/379/148
f 1351/427/155 1417/387/155 1417/387/155
f 1351/427/148 1351/427/148 1417/387/148
f 3033/426/148 1351/329/148 1351/329/148
f 1352/330/155 3033/426/155 1351/329/155
f 3053/398/143 3054/377/143 1407/377/143
f 1428/398/143 3053/398/143 1407/377/143
f 1421/391/148 3060/391/144 3096/382/90
f 1412/382/148 1421/391/148 3096/382/90
f 1409/379/143 3076/379/143 3070/349/143
f 1379/349/143 1409/379/143 3070/349/143
f 3041/410/155 1367/341/155 1367/341/155
f 1368/342/155 3041/410/155 1367/341/155
f 1366/340/148 3032/340/148 3071/376/148
f 1406/376/148 1366/340/148 3071/376/148
f 3111/413/148 3110/321/143 1438/321/93
f 1460/413/148 3111/413/148 1438/321/148
f 3112/413/148 1460/413/148 1438/321/148
f 3113/321/143 3112/413/148 1438/321/93
f 3134/317/111 1431/317/111 1526/400/111
f 3135/400/111 3134/317/111 1526/400/111
f 1466/340/99 3175/340/120 3177/376/101
f 1502/376/111 1466/340/99 3177/376/101
f 3186/413/144 3185/321/90 1459/413/148
f 3185/321/148 1435/321/148 1459/413/148
f 1459/413/148 1435/321/148 3120/321/148
f 3150/413/144 1459/413/148 3120/321/90
f 1526/414/106 1431/317/106 3123/317/106
f 3136/414/106 1526/414/106 3123/317/106
f 3154/415/156 3128/356/104 1486/356/104
f 1464/415/101 3154/415/156 1486/356/104
f 3182/356/106 3183/338/106 1486/356/106
f 3183/338/156 1464/338/101 1486/356/104
f 3133/407/94 1446/328/94 1443/327/94
f 3187/408/94 3133/407/94 1443/327/94
f 3187/408/94 1443/327/94 1444/327/148
f 3107/408/108 3187/408/94 1444/327/148
f 3162/410/122 1467/341/94 1467/341/94
f 1468/342/94 3162/410/122 1467/341/94
f 3188/421/94 1492/362/94 1489/359/94
f 1489/359/155 3188/421/155 1489/359/155
f 3190/421/94 1457/334/94 1458/334/94
f 3145/421/108 3190/421/94 1458/334/94
f 3144/423/118 1455/333/94 1456/333/94
f 3188/423/94 3144/423/118 1456/333/94
f 3189/408/94 1496/366/94 1493/363/94
f 1493/363/94 3189/408/94 1493/363/94
f 1497/441/94 1493/363/94 1493/363/94
f 1497/441/155 1497/441/155 1493/363/155
f 3147/420/148 1471/345/148 1472/345/148
f 3189/420/148 3147/420/148 1472/345/148
f 3177/376/143 3175/340/143 1466/340/143
f 1502/376/111 3177/376/101 1466/340/99
f 1454/430/155 1489/359/155 1489/359/155
f 1454/430/94 1454/430/94 1489/359/148
f 3174/349/91 3203/379/144 1505/379/148
f 1479/349/148 3174/349/148 1505/379/148
f 1452/428/94 1454/367/94 1454/367/94
f 1452/428/155 1452/428/155 1454/367/155
f 1513/449/94 1497/369/94 1497/369/94
f 1513/449/155 1513/449/155 1497/369/155
f 3221/382/144 3191/391/144 1517/391/148
f 1508/382/148 3221/382/148 1517/391/148
f 1467/450/155 1513/389/155 1513/389/155
f 1467/450/155 1467/450/155 1513/389/155
f 1447/427/94 1452/387/94 1452/387/94
f 1447/427/155 1447/427/155 1452/387/155
f 3192/398/143 3215/377/143 1503/377/143
f 1524/398/143 3192/398/143 1503/377/143
f 1503/377/148 3215/377/148 3192/398/148
f 1524/398/148 1503/377/148 3192/398/148
f 3160/426/155 1447/329/155 1447/329/155
f 1448/330/155 3160/426/155 1447/329/155
f 1505/379/143 3203/379/143 3174/349/143
f 1479/349/143 1505/379/143 3174/349/143
f 1517/391/143 3191/391/143 3221/382/143
f 1508/382/143 1517/391/143 3221/382/143
f 1622/414/148 1527/317/148 3252/317/148
f 3269/414/148 1622/414/148 3252/317/148
f 3281/413/90 3245/321/158 1534/321/93
f 1554/413/148 3281/413/148 1534/321/148
f 3307/413/148 1554/413/148 1534/321/148
f 3306/321/158 3307/413/90 1534/321/93
f 3305/321/93 1531/321/93 1553/413/148
f 3308/413/90 3305/321/93 1553/413/148
f 1553/413/148 1531/321/93 3249/321/93
f 3283/413/90 1553/413/148 3249/321/93
f 3262/415/91 3260/356/90 1580/356/148
f 1558/415/148 3262/415/91 1580/356/148
f 3303/338/91 1558/338/148 1580/356/148
f 3302/356/90 3303/338/91 1580/356/148
f 1587/363/94 3312/408/94 1587/363/94
f 3312/408/148 1589/366/94 1587/363/94
f 1560/340/148 3322/340/90 3323/376/91
f 1598/376/148 1560/340/148 3323/376/91
f 3326/317/148 1527/317/148 1622/400/148
f 3327/400/148 3326/317/148 1622/400/148
f 1620/398/148 1599/377/148 3325/398/148
f 1599/377/148 3331/377/148 3325/398/148
f 3240/407/94 1542/328/94 1539/327/94
f 3309/408/94 3240/407/94 1539/327/94
f 3309/408/94 1539/327/148 1540/327/94
f 3237/408/108 3309/408/94 1540/327/94
f 3310/421/148 1586/362/94 1583/359/94
f 1583/359/148 3310/421/148 1583/359/148
f 3311/421/94 1551/334/94 1552/334/94
f 3279/421/94 3311/421/94 1552/334/94
f 3278/423/118 1549/333/94 1550/333/94
f 3310/423/94 3278/423/118 1550/333/94
f 3293/420/108 1565/345/94 1566/345/94
f 3312/420/148 3293/420/108 1566/345/94
f 1591/441/94 1587/363/94 1587/363/94
f 1591/441/155 1591/441/155 1587/363/155
f 1573/349/143 1601/379/143 3338/349/143
f 1601/379/143 3339/379/143 3338/349/143
f 3323/376/143 3322/340/143 1560/340/143
f 1598/376/148 3323/376/91 1560/340/148
f 1593/430/148 1583/359/148 1583/359/148
f 1593/430/155 1593/430/155 1583/359/155
f 3338/349/148 3339/379/148 1601/379/148
f 1573/349/148 3338/349/148 1601/379/148
f 3325/398/143 3331/377/143 1599/377/143
f 1620/398/143 3325/398/143 1599/377/143
f 1548/428/94 1548/428/94 1593/367/94
f 1548/428/155 1593/367/155 1593/367/155
f 1609/449/155 1591/369/155 1591/369/155
f 1609/449/155 1609/449/155 1591/369/155
f 3342/382/91 3270/391/91 1613/391/148
f 1613/391/143 3270/391/143 3342/382/143
f 1604/382/148 3342/382/91 1613/391/148
f 1604/382/148 1613/391/148 3342/382/91
f 1561/450/155 1609/389/155 1609/389/155
f 1561/450/94 1561/450/94 1609/389/148
f 1543/427/155 1548/387/155 1548/387/155
f 1543/427/148 1543/427/148 1548/387/148
f 3290/426/148 1543/329/148 1543/329/148
f 1544/330/94 3290/426/148 1543/329/94
f 3300/410/94 1561/341/94 1561/341/94
f 1562/342/94 3300/410/148 1561/341/94
f 3387/317/148 1623/317/148 1718/400/148
f 3388/400/148 3387/317/148 1718/400/148
f 3408/413/163 3375/321/153 1630/321/90
f 1648/413/98 3408/413/163 1630/321/90
f 1647/413/112 1627/321/94 3378/321/118
f 3410/413/139 1647/413/112 3378/321/118
f 1718/414/148 1623/317/148 3386/317/148
f 3416/414/148 1718/414/148 3386/317/148
f 3414/415/153 3393/356/96 1674/356/103
f 1652/415/98 3414/415/91 1674/356/90
f 1683/363/111 3439/408/111 1683/363/111
f 3439/408/111 1686/366/111 1683/363/111
f 1687/441/111 1683/363/111 1683/363/111
f 1687/441/148 1687/441/148 1683/363/148
f 3430/338/94 1652/338/94 1674/356/94
f 3429/356/94 3430/338/94 1674/356/94
f 3432/321/90 1627/321/90 1647/413/90
f 3435/413/90 3432/321/90 1647/413/90
f 3434/413/94 1648/413/94 1630/321/94
f 3433/321/94 3434/413/94 1630/321/94
f 1654/340/148 3453/340/148 3454/376/148
f 1692/376/148 1654/340/148 3454/376/148
f 3370/408/134 3436/408/111 1636/327/111
f 3436/408/111 1635/327/148 1636/327/111
f 3398/407/111 1638/328/111 1635/327/111
f 3436/408/111 3398/407/111 1635/327/111
f 3437/421/111 1679/362/111 1677/359/148
f 1677/359/155 3437/421/155 1677/359/155
f 3438/421/111 1645/334/111 1646/334/111
f 3406/421/134 3438/421/111 1646/334/111
f 3405/423/134 1643/333/111 1644/333/111
f 3437/423/111 3405/423/134 1644/333/111
f 3422/420/122 1659/345/148 1660/345/111
f 3439/420/111 3422/420/122 1660/345/111
f 1667/349/143 1695/379/143 3465/349/143
f 1695/379/143 3466/379/143 3465/349/143
f 3454/376/143 3453/340/143 1654/340/143
f 1692/376/148 3454/376/148 1654/340/148
f 3465/349/148 3466/379/148 1695/379/148
f 1667/349/148 3465/349/148 1695/379/148
f 1681/430/111 1677/359/111 1677/359/111
f 1681/430/148 1681/430/148 1677/359/148
f 1703/428/148 1681/367/148 1681/367/148
f 1703/428/155 1703/428/155 1681/367/155
f 1693/377/108 3483/377/94 3447/398/148
f 1716/398/148 1693/377/148 3447/398/148
f 1705/449/148 1687/369/148 1687/369/148
f 1705/449/155 1705/449/155 1687/369/155
f 1698/382/148 3488/382/148 1711/391/148
f 1698/382/148 1711/391/148 3488/382/148
f 3488/382/148 3444/391/148 1711/391/148
f 1711/391/148 3444/391/148 3488/382/148
f 1655/450/111 1705/389/111 1705/389/111
f 1655/450/148 1655/450/148 1705/389/148
f 1639/427/155 1703/387/155 1703/387/155
f 1639/427/155 1639/427/155 1703/387/155
f 3420/426/155 1639/329/155 1639/329/155
f 1640/330/155 3420/426/155 1639/329/155
f 3447/398/143 3483/377/143 1693/377/143
f 1716/398/143 3447/398/143 1693/377/143
f 3427/410/148 1655/341/148 1655/341/148
f 1656/342/111 3427/410/148 1655/341/111
f 3523/407/94 1734/328/94 1731/327/94
f 3524/408/94 3523/407/94 1731/327/94
f 3525/413/111 3504/321/111 1726/321/111
f 1746/413/111 3525/413/111 1726/321/111
f 1807/391/143 3528/391/93 3530/382/93
f 1796/382/143 1807/391/143 3530/382/143
f 1745/413/106 1723/321/106 3507/321/106
f 3509/413/99 1745/413/106 3507/321/99
f 1814/414/106 1719/317/106 3513/317/106
f 3554/414/99 1814/414/106 3513/317/99
f 3552/415/100 3517/356/104 1772/356/104
f 1750/415/111 3552/415/111 1772/356/111
f 1765/349/148 3583/349/148 1793/379/148
f 3583/349/91 3584/379/91 1793/379/148
f 3586/376/143 3585/340/143 1752/340/143
f 1790/376/143 3586/376/143 1752/340/143
f 3592/317/111 1719/317/111 1814/400/111
f 3593/400/111 3592/317/111 1814/400/111
f 3571/356/106 3572/338/106 1772/356/106
f 3572/338/106 1750/338/106 1772/356/106
f 3577/413/111 3574/321/111 1745/413/111
f 3574/321/111 1723/321/111 1745/413/111
f 3575/321/106 3576/413/106 1726/321/106
f 3576/413/106 1746/413/106 1726/321/106
f 1775/359/94 3578/421/94 1775/359/94
f 3578/421/94 1777/362/94 1775/359/94
f 1779/430/148 1775/359/94 1775/359/94
f 1779/430/94 1779/430/94 1775/359/94
f 1740/428/94 1779/367/94 1779/367/94
f 1740/428/148 1740/428/148 1779/367/148
f 3524/408/94 1731/327/148 1732/327/94
f 3501/408/118 3524/408/94 1732/327/94
f 3580/421/94 1743/334/94 1744/334/94
f 3539/421/108 3580/421/94 1744/334/94
f 3541/423/108 1741/333/148 1742/333/148
f 3578/423/94 3541/423/108 1742/333/148
f 3579/408/94 1784/366/94 1781/363/94
f 1781/363/94 3579/408/94 1781/363/94
f 3537/418/94 3534/418/94 1760/346/94
f 3534/418/94 1759/346/94 1760/346/94
f 3579/420/94 3560/420/148 1758/345/94
f 3560/420/148 1757/345/94 1758/345/94
f 1785/441/94 1781/363/94 1781/363/94
f 1785/441/94 1785/441/94 1781/363/94
f 1801/449/94 1785/369/94 1785/369/94
f 1801/449/94 1801/449/94 1785/369/94
f 1753/450/94 1801/389/94 1801/389/94
f 1753/450/155 1753/450/155 1801/389/155
f 1735/427/148 1740/387/148 1740/387/148
f 1735/427/155 1735/427/155 1740/387/155
f 3588/398/143 3587/377/143 1791/377/143
f 1812/398/143 3588/398/143 1791/377/143
f 3530/382/148 3528/391/148 1807/391/148
f 1796/382/148 3530/382/148 1807/391/148
f 3558/426/155 1735/329/155 1735/329/155
f 1736/330/155 3558/426/155 1735/329/155
f 3569/410/155 1753/341/155 1753/341/155
f 1754/342/94 3569/410/94 1753/341/148
f 1790/376/148 1752/340/148 3586/376/148
f 1752/340/148 3585/340/148 3586/376/148
f 1793/379/143 3584/379/143 3583/349/143
f 1765/349/143 1793/379/143 3583/349/143
f 1791/377/148 3587/377/148 3588/398/148
f 1812/398/148 1791/377/148 3588/398/148
f 3647/413/99 3645/321/99 1822/321/90
f 1840/413/90 3647/413/90 1822/321/90
f 3634/408/134 3666/408/111 1828/327/111
f 3666/408/111 1827/327/111 1828/327/111
f 3667/321/94 3669/413/94 1822/321/94
f 3668/321/143 1819/321/105 1839/413/148
f 3669/413/94 1840/413/94 1822/321/94
f 3670/413/148 3668/321/143 1839/413/148
f 1839/413/148 1819/321/105 3651/321/143
f 3674/413/148 1839/413/148 3651/321/143
f 3705/382/108 3704/391/98 1901/391/98
f 1890/382/94 3705/382/108 1901/391/98
f 1890/382/94 1901/391/98 3705/382/108
f 1901/391/98 3704/391/98 3705/382/108
f 1910/414/94 1815/317/94 3654/317/94
f 3694/414/108 1910/414/94 3654/317/108
f 3692/415/148 3656/356/148 1866/356/148
f 1844/415/148 3692/415/148 1866/356/148
f 3713/338/148 1844/338/148 1866/356/148
f 3712/356/148 3713/338/148 1866/356/148
f 3671/317/90 1815/317/90 1910/400/90
f 3722/400/90 3671/317/90 1910/400/90
f 1908/398/103 3729/398/93 1885/377/143
f 3729/398/165 3730/377/165 1885/377/143
f 1885/377/148 3730/377/148 3729/398/148
f 1908/398/148 1885/377/148 3729/398/148
f 3717/421/111 1874/362/111 1871/359/111
f 1871/359/111 3717/421/111 1871/359/111
f 3719/421/111 1837/334/111 1838/334/111
f 3688/421/122 3719/421/111 1838/334/111
f 3689/423/148 1835/333/148 1836/333/148
f 3717/423/148 3689/423/148 1836/333/148
f 3718/408/111 1878/366/111 1875/363/111
f 1875/363/111 3718/408/111 1875/363/111
f 1881/441/111 1875/363/111 1875/363/111
f 1881/441/155 1881/441/155 1875/363/155
f 3697/420/148 1851/345/148 1852/345/111
f 3718/420/111 3697/420/148 1852/345/111
f 3739/376/105 3725/340/116 1846/340/116
f 1884/376/143 3739/376/143 1846/340/143
f 1879/430/111 1871/359/111 1871/359/111
f 1879/430/111 1879/430/111 1871/359/111
f 1895/428/111 1879/367/111 1879/367/111
f 1895/428/155 1895/428/155 1879/367/155
f 3727/349/169 3744/379/110 1887/379/148
f 1859/349/148 3727/349/169 1887/379/148
f 1897/449/111 1881/369/111 1881/369/111
f 1897/449/111 1897/449/111 1881/369/148
f 1847/450/111 1847/450/111 1897/389/111
f 1847/450/111 1897/389/111 1897/389/111
f 1831/427/155 1895/387/155 1895/387/155
f 1831/427/148 1831/427/148 1895/387/148
f 3684/426/148 1831/329/148 1831/329/148
f 1832/330/155 3684/426/155 1831/329/155
f 3710/410/155 1847/341/155 1847/341/155
f 1848/342/155 3710/410/155 1847/341/155
f 1846/340/148 3725/340/148 3739/376/148
f 1884/376/148 1846/340/148 3739/376/148
f 1887/379/143 3744/379/143 3727/349/143
f 1859/349/143 1887/379/143 3727/349/143
f 3823/400/148 3822/317/148 2006/400/148
f 3822/317/148 1911/317/148 2006/400/148
f 2006/414/148 1911/317/148 3789/317/148
f 3820/414/148 2006/414/148 3789/317/148
f 1935/413/94 1915/321/94 3775/321/94
f 3814/413/108 1935/413/94 3775/321/108
f 3772/413/90 3771/321/93 1918/321/93
f 1936/413/98 3772/413/91 1918/321/90
f 3818/415/99 3795/356/103 1962/356/93
f 1940/415/90 3818/415/90 1962/356/90
f 3834/338/94 1940/338/94 1962/356/94
f 3836/356/94 3834/338/94 1962/356/94
f 3839/321/90 1915/321/90 1935/413/90
f 3842/413/90 3839/321/90 1935/413/90
f 3841/413/94 1936/413/94 1918/321/94
f 3840/321/94 3841/413/94 1918/321/94
f 1997/391/143 3851/391/143 3858/382/143
f 1988/382/143 1997/391/143 3858/382/143
f 1928/330/111 3828/426/100 1927/329/148
f 3828/426/155 1927/329/155 1927/329/155
f 3844/421/111 1968/362/111 1965/359/111
f 1965/359/155 3844/421/155 1965/359/155
f 3845/408/111 1972/366/111 1969/363/111
f 1969/363/111 3845/408/111 1969/363/111
f 1975/441/111 1969/363/111 1969/363/111
f 1975/441/155 1975/441/155 1969/363/155
f 3810/418/111 3809/418/111 1950/346/111
f 3809/418/111 1949/346/111 1950/346/111
f 3845/420/111 3813/420/111 1948/345/111
f 3813/420/111 1947/345/111 1948/345/111
f 3873/376/105 3862/340/113 1942/340/135
f 1982/376/148 3873/376/105 1942/340/135
f 1973/430/111 1965/359/111 1965/359/111
f 1973/430/155 1973/430/155 1965/359/155
f 3861/349/164 3868/379/164 1985/379/148
f 1955/349/148 3861/349/148 1985/379/148
f 1993/428/111 1973/367/111 1973/367/111
f 1993/428/155 1993/428/155 1973/367/155
f 1977/449/155 1975/369/155 1975/369/155
f 1977/449/155 1977/449/155 1975/369/155
f 1943/450/111 1977/389/111 1977/389/111
f 1943/450/111 1943/450/111 1977/389/111
f 1927/427/111 1993/387/111 1993/387/111
f 1927/427/155 1927/427/155 1993/387/155
f 3854/398/105 3884/377/171 1983/377/117
f 2004/398/116 3854/398/105 1983/377/117
f 3858/382/148 3851/391/148 1997/391/148
f 1988/382/148 3858/382/148 1997/391/148
f 3830/410/154 1943/341/111 1943/341/111
f 1944/342/155 3830/410/155 1943/341/155
f 1942/340/148 3862/340/148 3873/376/148
f 1982/376/148 1942/340/135 3873/376/105
f 1985/379/143 3868/379/143 3861/349/143
f 1955/349/143 1985/379/143 3861/349/143
f 1983/377/148 3884/377/148 3854/398/148
f 2004/398/148 1983/377/148 3854/398/148
f 3909/321/105 2011/321/143 2031/413/148
f 3910/413/106 3909/321/105 2031/413/148
f 2031/413/148 2011/321/143 3907/321/105
f 3911/413/106 2031/413/148 3907/321/105
f 2100/398/143 3943/398/143 2079/377/143
f 3943/398/105 3946/377/105 2079/377/143
f 3918/413/157 3916/321/99 2014/321/90
f 2032/413/91 3918/413/157 2014/321/90
f 2102/414/148 2007/317/148 3922/317/148
f 3966/414/148 2102/414/148 3922/317/148
f 3964/415/99 3927/356/99 2058/356/90
f 2036/415/91 3964/415/98 2058/356/120
f 3991/317/148 2007/317/148 2102/400/148
f 3992/400/148 3991/317/148 2102/400/148
f 3980/338/94 2036/338/94 2058/356/94
f 3979/356/94 3980/338/94 2058/356/94
f 3982/413/94 2032/413/94 2014/321/94
f 3908/321/94 3982/413/94 2014/321/94
f 3904/407/111 2022/328/111 2019/327/111
f 3983/408/111 3904/407/111 2019/327/111
f 3983/408/148 2019/327/111 2020/327/111
f 3901/408/94 3983/408/148 2020/327/111
f 3984/421/155 2065/362/155 2063/359/155
f 2063/359/155 3984/421/155 2063/359/155
f 3986/421/111 2029/334/148 2030/334/148
f 3956/421/111 3986/421/111 2030/334/148
f 3955/423/148 2027/333/148 2028/333/148
f 3984/423/148 3955/423/148 2028/333/148
f 3985/408/155 2073/366/155 2071/363/155
f 2071/363/155 3985/408/155 2071/363/155
f 3948/376/105 3995/340/173 2038/340/172
f 2078/376/116 3948/376/105 2038/340/172
f 2079/377/148 3946/377/148 3943/398/148
f 2100/398/148 2079/377/148 3943/398/148
f 2084/382/115 3947/382/115 2095/391/148
f 3947/382/148 3941/391/148 2095/391/148
f 2067/430/155 2063/359/155 2063/359/155
f 2067/430/111 2067/430/111 2063/359/148
f 2069/428/111 2067/367/111 2067/367/111
f 2069/428/155 2069/428/155 2067/367/155
f 2075/441/111 2071/363/111 2071/363/111
f 2075/441/155 2075/441/155 2071/363/155
f 2089/449/111 2075/369/111 2075/369/111
f 2089/449/148 2089/449/148 2075/369/148
f 2039/450/148 2089/389/148 2089/389/148
f 2039/450/148 2039/450/148 2089/389/148
f 3977/410/148 2039/341/148 2039/341/148
f 2040/342/111 3977/410/111 2039/341/148
f 2023/427/111 2069/387/111 2069/387/111
f 2023/427/111 2023/427/111 2069/387/111
f 3971/426/111 2023/329/111 2023/329/111
f 2024/330/155 3971/426/155 2023/329/155
f 2038/340/148 3995/340/148 3948/376/148
f 2078/376/148 2038/340/148 3948/376/148
f 2095/391/143 3941/391/143 3947/382/143
f 2084/382/143 2095/391/143 3947/382/143
f 2127/413/148 2107/321/148 4039/321/148
f 4058/413/109 2127/413/136 4039/321/108
f 2176/376/148 4088/376/106 2134/340/143
f 2176/376/148 2134/340/143 4088/376/106
f 4088/376/106 4089/340/165 2134/340/143
f 2134/340/143 4089/340/165 4088/376/106
f 4121/413/90 4118/321/90 2127/413/90
f 4118/321/148 2107/321/148 2127/413/148
f 2128/413/148 4074/413/110 2110/321/148
f 4074/413/110 4035/321/106 2110/321/148
f 4096/414/106 2198/414/148 4042/317/105
f 2198/414/148 2103/317/143 4042/317/105
f 4125/317/105 2103/317/143 2198/400/148
f 4098/400/106 4125/317/105 2198/400/148
f 4079/415/99 4047/356/103 2160/356/93
f 2132/415/90 4079/415/90 2160/356/90
f 4083/338/94 2132/338/94 2160/356/94
f 4117/356/94 4083/338/94 2160/356/94
f 4120/413/110 2128/413/148 2110/321/148
f 4119/321/106 4120/413/110 2110/321/148
f 4052/407/111 2118/328/111 2115/327/111
f 4123/408/111 4052/407/111 2115/327/111
f 4123/408/148 2115/327/148 2116/327/111
f 4030/408/111 4123/408/148 2116/327/111
f 4124/421/148 2166/362/111 2163/359/111
f 2163/359/155 4124/421/155 2163/359/155
f 4072/421/111 4129/421/111 2126/334/148
f 4129/421/111 2125/334/111 2126/334/148
f 4124/423/111 4071/423/148 2124/333/111
f 4071/423/148 2123/333/148 2124/333/111
f 4128/408/155 2168/366/155 2144/363/155
f 2144/363/155 4128/408/155 2144/363/155
f 4107/420/148 2145/345/148 2146/345/148
f 4128/420/148 4107/420/148 2146/345/148
f 2169/430/111 2163/359/111 2163/359/111
f 2169/430/148 2169/430/148 2163/359/148
f 2171/428/148 2169/367/148 2169/367/148
f 2171/428/155 2171/428/155 2169/367/155
f 2142/441/155 2144/363/155 2144/363/155
f 2142/441/111 2142/441/111 2144/363/148
f 2179/379/148 4095/379/164 4091/349/106
f 2153/349/108 2179/379/90 4091/349/108
f 2153/349/108 4091/349/108 2179/379/90
f 4091/349/106 4095/379/164 2179/379/148
f 2182/382/136 4149/382/139 2191/391/90
f 2182/382/136 2191/391/90 4149/382/139
f 4149/382/139 4130/391/99 2191/391/90
f 2191/391/90 4130/391/99 4149/382/139
f 2140/449/111 2142/369/111 2142/369/111
f 2140/449/155 2140/449/155 2142/369/155
f 2196/398/143 4131/398/143 2177/377/143
f 4131/398/143 4150/377/143 2177/377/143
f 2135/450/155 2140/389/155 2140/389/155
f 2135/450/155 2135/450/155 2140/389/155
f 2119/427/111 2171/387/111 2171/387/111
f 2119/427/155 2119/427/155 2171/387/155
f 4115/410/100 2135/341/111 2135/341/111
f 2136/342/111 4115/410/148 2135/341/111
f 4122/426/155 2119/329/155 2119/329/155
f 2120/330/155 4122/426/155 2119/329/155
f 2177/377/148 4150/377/148 4131/398/148
f 2196/398/148 2177/377/148 4131/398/148
f 4173/413/94 4172/321/94 2206/321/94
f 2224/413/94 4173/413/94 2206/321/94
f 2273/381/143 2288/392/143 4188/392/143
f 4189/381/104 2273/381/93 4188/392/121
f 4194/317/94 2199/317/94 2294/400/94
f 4195/400/94 4194/317/94 2294/400/94
f 4197/356/90 4196/338/90 2250/356/90
f 4196/338/90 2228/338/90 2250/356/90
f 2223/413/144 2203/321/104 4176/321/130
f 4191/413/101 2223/413/144 4176/321/130
f 2294/414/90 2199/317/90 4179/317/90
f 4212/414/90 2294/414/90 4179/317/90
f 4210/415/94 4184/356/94 2250/356/94
f 2228/415/94 4210/415/94 2250/356/94
f 4211/437/143 2229/437/143 4219/350/122
f 2229/437/143 2244/350/122 4219/350/122
f 2246/352/100 4239/352/100 4238/380/170
f 2272/380/148 2246/352/100 4238/380/170
f 4240/350/122 2244/350/122 2229/339/143
f 4241/339/143 4240/350/122 2229/339/143
f 2230/340/148 4242/340/111 4243/376/125
f 2268/376/111 2230/340/148 4243/376/125
f 4247/394/124 4245/399/122 2290/394/136
f 4245/399/94 2293/399/94 2290/394/94
f 4213/438/90 4221/394/90 2290/394/90
f 2293/438/90 4213/438/90 2290/394/90
f 2291/397/122 4250/397/175 4249/378/176
f 2270/378/101 2291/397/122 4249/378/176
f 2267/375/111 4256/375/111 4255/337/143
f 2227/337/148 2267/375/111 4255/337/143
f 4225/321/94 2203/321/94 2223/413/94
f 4227/413/94 4225/321/94 2223/413/94
f 4226/413/90 2224/413/90 2206/321/90
f 4228/321/90 4226/413/90 2206/321/90
f 4190/407/106 2214/328/106 2211/327/106
f 4229/408/106 4190/407/106 2211/327/106
f 4229/408/106 2211/327/106 2212/327/148
f 4162/408/148 4229/408/106 2212/327/148
f 4230/421/155 2256/362/155 2253/359/155
f 2253/359/148 4230/421/148 2253/359/148
f 4232/421/106 2221/334/106 2222/334/148
f 4205/421/148 4232/421/106 2222/334/148
f 4206/423/148 2219/333/148 2220/333/106
f 4230/423/106 4206/423/148 2220/333/106
f 4231/408/106 2260/366/106 2257/363/106
f 2257/363/106 4231/408/106 2257/363/106
f 4218/420/148 2235/345/148 2236/345/106
f 4231/420/106 4218/420/148 2236/345/106
f 2277/385/148 2248/354/148 4182/354/148
f 4258/385/148 2277/385/148 4182/354/148
f 4243/376/143 4242/340/143 2230/340/143
f 2268/376/143 4243/376/143 2230/340/143
f 4253/386/121 4224/353/121 2247/353/143
f 2278/386/143 4253/386/143 2247/353/143
f 2261/430/148 2253/359/148 2253/359/148
f 2261/430/155 2261/430/155 2253/359/155
f 2263/441/106 2257/363/106 2257/363/106
f 2263/441/155 2263/441/155 2257/363/155
f 2277/385/143 4268/385/143 4269/354/143
f 2248/354/143 2277/385/143 4269/354/143
f 2247/353/148 4270/353/148 4267/386/148
f 2278/386/148 2247/353/148 4267/386/148
f 4237/352/143 2246/352/143 4274/380/143
f 2246/352/100 2272/380/148 4274/380/170
f 2243/349/101 4262/349/127 2271/379/148
f 4262/349/127 4263/379/125 2271/379/148
f 2279/428/106 2261/367/106 2261/367/106
f 2279/428/148 2279/428/148 2261/367/148
f 4198/337/148 4252/375/148 2267/375/148
f 2227/337/148 4198/337/143 2267/375/111
f 2281/449/106 2263/369/106 2263/369/106
f 2281/449/106 2281/449/106 2263/369/106
f 2231/450/106 2281/389/106 2281/389/106
f 2231/450/106 2231/450/106 2281/389/106
f 4223/410/118 2231/341/106 2231/341/106
f 2232/342/155 4223/410/155 2231/341/155
f 2215/427/106 2215/427/106 2279/387/106
f 2215/427/148 2279/387/148 2279/387/148
f 2201/319/148 2276/384/148 4271/384/148
f 4280/319/124 2201/319/136 4271/384/125
f 4251/378/148 4248/397/148 2291/397/148
f 2270/378/101 4251/378/176 2291/397/122
f 4284/320/161 4254/383/177 2275/383/104
f 2202/320/121 4284/320/161 2275/383/104
f 2202/320/121 2275/383/104 4282/320/161
f 2275/383/104 4285/383/177 4282/320/161
f 2276/384/143 2201/319/143 4286/384/143
f 2201/319/143 4281/319/143 4286/384/143
f 2274/382/148 4264/382/148 2287/391/148
f 4264/382/125 4244/391/124 2287/391/124
f 2288/392/148 2273/381/148 4283/392/148
f 2273/381/148 4279/381/148 4283/392/148
f 4216/426/155 2215/329/155 2215/329/155
f 2216/330/155 4216/426/155 2215/329/155
f 2271/379/143 4263/379/143 4262/349/143
f 2243/349/143 2271/379/143 4262/349/143
f 2287/391/143 4244/391/143 4264/382/143
f 2274/382/143 2287/391/143 4264/382/143
f 2298/320/122 2371/383/148 4314/320/124
f 2371/383/148 4316/383/125 4314/320/124
f 4326/407/171 2310/328/106 2307/327/106
f 4327/408/106 4326/407/171 2307/327/106
f 4327/408/106 2307/327/106 2308/327/106
f 4294/408/153 4327/408/106 2308/327/106
f 4311/317/94 2295/317/94 2390/400/94
f 4344/400/94 4311/317/94 2390/400/94
f 4360/321/135 2299/321/135 2319/413/94
f 4362/413/94 4360/321/94 2319/413/94
f 2319/413/90 2299/321/90 4307/321/90
f 4336/413/90 2319/413/90 4307/321/90
f 4306/413/94 4301/321/94 2302/321/94
f 2320/413/94 4306/413/94 2302/321/94
f 2390/414/90 2295/317/90 4310/317/90
f 4342/414/90 2390/414/90 4310/317/90
f 4340/415/124 4321/356/122 2346/356/94
f 2324/415/148 4340/415/124 2346/356/94
f 2355/363/106 4368/408/106 2355/363/106
f 4368/408/155 2357/366/155 2355/363/155
f 2359/441/148 2355/363/106 2355/363/106
f 2359/441/148 2359/441/148 2355/363/148
f 4331/418/106 4330/418/106 2334/346/106
f 4330/418/106 2333/346/106 2334/346/106
f 2325/437/94 2340/350/94 4351/350/94
f 4341/437/94 2325/437/94 4351/350/94
f 4343/438/90 4353/394/90 2384/394/90
f 2389/438/93 4343/438/93 2384/394/90
f 4357/356/90 4358/338/90 2346/356/90
f 4358/338/124 2324/338/148 2346/356/94
f 4361/413/90 2320/413/90 2302/321/90
f 4363/321/90 4361/413/90 2302/321/90
f 4378/350/90 2340/350/90 2325/339/90
f 4379/339/90 4378/350/90 2325/339/90
f 4375/399/94 2389/399/94 2384/394/94
f 4374/394/94 4375/399/94 2384/394/94
f 2369/381/126 2382/392/135 4325/392/128
f 4385/381/180 2369/381/126 4325/392/128
f 4365/421/148 2354/362/106 2351/359/106
f 2351/359/155 4365/421/155 2351/359/155
f 4365/423/106 4333/423/106 2316/333/106
f 4333/423/106 2315/333/106 2316/333/106
f 4367/421/148 2317/334/106 2318/334/106
f 4334/421/148 4367/421/148 2318/334/106
f 4348/420/153 2331/345/106 2332/345/148
f 4368/420/106 4348/420/153 2332/345/148
f 2342/352/148 4395/352/125 4394/380/178
f 2368/380/122 2342/352/148 4394/380/178
f 2370/382/127 4387/382/181 2381/391/137
f 4387/382/181 4373/391/124 2381/391/137
f 2373/385/148 2344/354/148 4319/354/148
f 4390/385/125 2373/385/148 4319/354/125
f 4403/386/121 4356/353/90 2343/353/100
f 2374/386/121 4403/386/121 2343/353/100
f 2374/386/121 2343/353/100 4404/386/121
f 2343/353/100 4405/353/90 4404/386/121
f 2373/385/143 4407/385/143 4406/354/143
f 2344/354/143 2373/385/143 4406/354/143
f 2361/430/155 2351/359/155 2351/359/155
f 2361/430/106 2361/430/106 2351/359/148
f 2342/352/143 2368/380/143 4399/380/143
f 4393/352/143 2342/352/143 4399/380/143
f 4380/349/148 4382/379/148 2367/379/148
f 2339/349/148 4380/349/148 2367/379/148
f 4359/337/148 4402/375/148 2363/375/148
f 2323/337/148 4359/337/148 2363/375/148
f 2366/378/101 4413/378/179 2387/397/122
f 4413/378/179 4377/397/122 2387/397/122
f 2388/398/122 2365/377/100 4376/398/134
f 2365/377/100 4396/377/176 4376/398/134
f 2375/428/106 2361/367/106 2361/367/106
f 2375/428/148 2375/428/148 2361/367/148
f 2311/427/148 2375/387/148 2375/387/148
f 2311/427/106 2311/427/106 2375/387/148
f 4364/426/106 2311/329/106 2311/329/106
f 2312/330/155 4364/426/155 2311/329/155
f 2377/449/148 2359/369/148 2359/369/148
f 2377/449/106 2377/449/106 2359/369/148
f 2327/450/106 2377/389/106 2377/389/106
f 2327/450/106 2327/450/106 2377/389/106
f 4355/410/106 2327/341/106 2327/341/106
f 2328/342/155 4355/410/155 2327/341/155
f 4416/319/125 2297/319/148 4409/384/111
f 2297/319/148 2372/384/90 4409/384/90
f 2388/398/122 4376/398/134 2365/377/100
f 4376/398/134 4396/377/176 2365/377/100
f 2366/378/101 2387/397/122 4418/378/179
f 2387/397/122 4414/397/122 4418/378/179
f 2381/391/143 4373/391/143 4387/382/143
f 2370/382/143 2381/391/143 4387/382/143
f 4312/320/143 4412/383/143 2371/383/143
f 2298/320/143 4312/320/143 2371/383/143
f 2372/384/90 2297/319/148 4315/384/90
f 2297/319/148 4313/319/125 4315/384/111
f 2363/375/143 4398/375/143 4397/337/143
f 2323/337/148 2363/375/148 4397/337/148
f 4383/376/142 4381/340/104 2326/340/93
f 2326/340/148 4381/340/148 4383/376/148
f 2364/376/122 4383/376/142 2326/340/93
f 2364/376/122 2326/340/93 4383/376/142
f 2367/379/143 4382/379/143 4380/349/143
f 2339/349/143 2367/379/143 4380/349/143
f 2369/381/148 4386/381/148 4384/392/148
f 2382/392/148 2369/381/148 4384/392/148
f 4461/321/90 4460/413/90 2398/321/90
f 4460/413/125 2418/413/125 2398/321/90
f 4483/400/125 4485/317/183 2486/400/124
f 4485/317/183 2391/317/123 2486/400/124
f 4433/413/111 2417/413/148 4431/321/111
f 2417/413/148 2395/321/148 4431/321/148
f 4501/321/148 2395/321/148 2417/413/148
f 4462/413/111 4501/321/111 2417/413/148
f 4474/413/94 4428/321/94 2398/321/94
f 2418/413/94 4474/413/94 2398/321/94
f 4425/408/148 4502/408/148 2404/327/106
f 4502/408/148 2403/327/106 2404/327/106
f 2486/414/90 2391/317/90 4447/317/90
f 4479/414/90 2486/414/90 4447/317/90
f 4477/415/94 4451/356/94 2444/356/94
f 2422/415/94 4477/415/94 2444/356/94
f 4504/420/106 4443/420/106 2430/345/106
f 4443/420/106 2429/345/106 2430/345/106
f 4510/356/90 4512/338/90 2444/356/90
f 4512/338/90 2422/338/90 2444/356/90
f 4459/407/106 2406/328/106 2403/327/106
f 4502/408/106 4459/407/106 2403/327/106
f 4503/421/106 2449/362/106 2447/359/106
f 2447/359/106 4503/421/106 2447/359/106
f 4505/421/106 2415/334/106 2416/334/106
f 4444/421/106 4505/421/106 2416/334/106
f 4473/423/106 2413/333/106 2414/333/106
f 4503/423/106 4473/423/106 2414/333/106
f 4504/408/155 2456/366/155 2453/363/155
f 2453/363/106 4504/408/148 2453/363/106
f 2473/449/106 2457/369/106 2457/369/106
f 2473/449/155 2473/449/155 2457/369/155
f 4531/376/143 4520/340/143 2424/340/143
f 2462/376/143 4531/376/143 2424/340/143
f 2451/430/106 2447/359/106 2447/359/106
f 2451/430/155 2451/430/155 2447/359/155
f 2457/441/106 2453/363/106 2453/363/106
f 2457/441/106 2457/441/106 2453/363/106
f 4521/349/148 4534/379/148 2465/379/148
f 2437/349/148 4521/349/148 2465/379/148
f 2462/376/148 2424/340/148 4531/376/148
f 2424/340/148 4520/340/148 4531/376/148
f 2412/428/155 2451/367/155 2451/367/155
f 2412/428/155 2412/428/155 2451/367/155
f 4482/398/182 4543/377/104 2463/377/102
f 2484/398/128 4482/398/182 2463/377/102
f 2425/450/106 2425/450/106 2473/389/106
f 2425/450/155 2473/389/155 2473/389/155
f 2407/427/106 2412/387/106 2412/387/106
f 2407/427/106 2407/427/106 2412/387/106
f 2468/382/90 2479/391/121 4545/382/104
f 2479/391/121 4498/391/121 4545/382/104
f 4545/382/148 4498/391/148 2479/391/148
f 2468/382/90 4545/382/104 2479/391/121
f 4471/426/106 2407/329/106 2407/329/106
f 2408/330/106 4471/426/106 2407/329/106
f 4500/410/155 2425/341/155 2425/341/155
f 2426/342/155 4500/410/155 2425/341/155
f 2465/379/143 4534/379/143 4521/349/143
f 2437/349/143 2465/379/143 4521/349/143
f 2463/377/148 4543/377/148 4482/398/148
f 2484/398/148 2463/377/148 4482/398/148
f 4568/413/91 2512/413/91 2494/321/90
f 4569/321/100 4568/413/152 2494/321/90
f 4570/321/94 2491/321/94 2511/413/94
f 4571/413/134 4570/321/122 2511/413/94
f 2582/414/90 2487/317/90 4580/317/90
f 4591/414/90 2582/414/90 4580/317/90
f 2518/340/100 4611/340/90 4612/376/148
f 2558/376/148 2518/340/148 4612/376/148
f 2511/413/90 2491/321/90 4565/321/90
f 4604/413/90 2511/413/90 4565/321/90
f 4602/413/94 4567/321/94 2494/321/94
f 2512/413/94 4602/413/94 2494/321/94
f 4608/415/122 4584/356/122 2540/356/94
f 2516/415/136 4608/415/136 2540/356/94
f 4645/382/90 4640/391/136 2573/391/124
f 2564/382/100 4645/382/90 2573/391/124
f 2564/382/100 2573/391/124 4645/382/90
f 2573/391/124 4640/391/136 4645/382/90
f 4650/400/94 4654/317/94 2582/400/94
f 4654/317/94 2487/317/94 2582/400/94
f 4630/338/90 2516/338/90 2540/356/90
f 4629/356/90 4630/338/90 2540/356/90
f 2551/430/106 2543/359/106 2543/359/106
f 2551/430/148 2551/430/148 2543/359/148
f 2569/428/148 2551/367/148 2551/367/148
f 2569/428/155 2569/428/155 2551/367/155
f 4562/407/106 2502/328/106 2499/327/106
f 4632/408/106 4562/407/106 2499/327/106
f 4632/408/106 2499/327/106 2500/327/106
f 4559/408/148 4632/408/106 2500/327/106
f 4633/421/155 2546/362/155 2543/359/155
f 2543/359/155 4633/421/155 2543/359/155
f 4635/421/148 2509/334/148 2510/334/148
f 4600/421/148 4635/421/148 2510/334/148
f 4599/423/99 2507/333/148 2508/333/106
f 4633/423/106 4599/423/99 2508/333/106
f 4634/408/148 2550/366/106 2547/363/106
f 2547/363/106 4634/408/148 2547/363/106
f 2553/441/106 2547/363/106 2547/363/106
f 2553/441/155 2553/441/155 2547/363/155
f 4620/420/148 2525/345/106 2526/345/106
f 4634/420/148 4620/420/148 2526/345/106
f 4665/349/148 4668/379/148 2561/379/148
f 2533/349/148 4665/349/148 2561/379/148
f 4612/376/143 4611/340/143 2518/340/143
f 2558/376/143 4612/376/143 2518/340/143
f 2524/449/106 2553/369/106 2553/369/106
f 2524/449/106 2524/449/106 2553/369/106
f 2519/450/106 2524/389/106 2524/389/106
f 2519/450/155 2519/450/155 2524/389/155
f 2503/427/155 2569/387/155 2569/387/155
f 2503/427/155 2503/427/155 2569/387/155
f 4643/398/143 4644/377/93 2559/377/93
f 2580/398/143 4643/398/143 2559/377/143
f 4617/426/155 2503/329/155 2503/329/155
f 2504/330/106 4617/426/108 2503/329/106
f 2520/342/106 4627/410/106 2519/341/106
f 4627/410/155 2519/341/155 2519/341/155
f 2561/379/143 4668/379/143 4665/349/143
f 2533/349/143 2561/379/143 4665/349/143
f 2559/377/148 4644/377/148 4643/398/148
f 2580/398/148 2559/377/148 4643/398/148
f 4717/413/106 4692/321/106 2590/321/106
f 2608/413/106 4717/413/106 2590/321/106
f 2607/413/111 2587/321/111 4697/321/111
f 4718/413/122 2607/413/111 4697/321/122
f 4751/321/106 2587/321/106 2607/413/106
f 4754/413/106 4751/321/106 2607/413/106
f 4753/413/111 2608/413/111 2590/321/111
f 4752/321/111 4753/413/111 2590/321/111
f 2614/340/166 4769/340/125 4770/376/109
f 2652/376/106 2614/340/166 4770/376/109
f 4689/408/90 4755/408/90 2596/327/90
f 4755/408/90 2595/327/90 2596/327/90
f 4716/407/90 2598/328/90 2595/327/90
f 4755/408/90 4716/407/90 2595/327/90
f 4756/421/90 2639/362/90 2637/359/148
f 2637/359/155 4756/421/155 2637/359/155
f 4758/421/90 2605/334/90 2606/334/90
f 4729/421/90 4758/421/90 2606/334/90
f 4728/423/148 2603/333/90 2604/333/90
f 4756/423/148 4728/423/148 2604/333/90
f 2643/363/155 4757/408/155 2643/363/155
f 4757/408/90 2645/366/90 2643/363/148
f 4739/420/90 2619/345/90 2620/345/148
f 4757/420/148 4739/420/90 2620/345/148
f 2652/376/143 4770/376/143 2614/340/143
f 4770/376/143 4769/340/143 2614/340/143
f 2647/441/155 2643/363/155 2643/363/155
f 2647/441/90 2647/441/90 2643/363/148
f 2655/379/113 4796/379/118 4768/349/128
f 2627/349/121 2655/379/113 4768/349/128
f 2627/349/148 4768/349/148 2655/379/148
f 4768/349/148 4796/379/148 2655/379/148
f 2641/430/90 2637/359/90 2637/359/90
f 2641/430/148 2641/430/148 2637/359/148
f 2663/428/148 2641/367/148 2641/367/148
f 2663/428/148 2663/428/148 2641/367/148
f 2599/427/148 2663/387/148 2663/387/148
f 2599/427/155 2599/427/155 2663/387/155
f 2665/449/90 2647/369/90 2647/369/90
f 2665/449/148 2665/449/148 2647/369/148
f 2615/450/148 2665/389/148 2665/389/148
f 2615/450/155 2615/450/155 2665/389/155
f 4800/398/143 4797/377/143 2653/377/143
f 2676/398/143 4800/398/143 2653/377/143
f 4798/382/148 4810/391/148 2669/391/148
f 2658/382/148 4798/382/148 2669/391/148
f 4726/426/99 2599/329/90 2599/329/90
f 2600/330/155 4726/426/155 2599/329/155
f 2616/342/148 4748/410/90 2615/341/90
f 4748/410/155 2615/341/155 2615/341/155
f 2653/377/148 4797/377/148 4800/398/148
f 2676/398/148 2653/377/148 4800/398/148
f 2669/391/143 4810/391/143 4798/382/143
f 2658/382/143 2669/391/143 4798/382/143
f 4843/413/106 4829/321/106 2686/321/106
f 2706/413/106 4843/413/106 2686/321/106
f 2765/391/113 4876/391/113 4878/382/123
f 2758/382/111 2765/391/113 4878/382/123
f 2705/413/170 2683/321/121 4833/321/187
f 4857/413/188 2705/413/170 4833/321/187
f 4869/426/90 2697/329/90 2697/329/90
f 2698/330/90 4869/426/148 2697/329/90
f 2697/427/90 2697/427/90 2763/387/148
f 2697/427/148 2763/387/90 2763/387/90
f 2763/428/90 2763/428/90 2745/367/90
f 2763/428/155 2745/367/155 2745/367/155
f 4820/408/90 4893/408/90 2694/327/90
f 4893/408/90 2693/327/90 2694/327/90
f 4895/420/90 4872/420/154 2720/345/90
f 4872/420/154 2719/345/90 2720/345/90
f 4885/321/106 2683/321/106 2705/413/106
f 4887/413/106 4885/321/106 2705/413/106
f 4886/413/111 2706/413/111 2686/321/111
f 4888/321/111 4886/413/111 2686/321/111
f 4841/407/90 2696/328/90 2693/327/90
f 4893/408/90 4841/407/90 2693/327/90
f 4892/421/155 2738/362/155 2735/359/155
f 2735/359/90 4892/421/148 2735/359/90
f 4892/423/148 4845/423/148 2702/333/148
f 4845/423/148 2701/333/148 2702/333/148
f 4894/421/148 2703/334/90 2704/334/90
f 4856/421/100 4894/421/148 2704/334/90
f 4895/408/155 2741/366/155 2739/363/155
f 2739/363/155 4895/408/155 2739/363/155
f 4914/376/143 4907/340/143 2712/340/143
f 2752/376/148 4914/376/143 2712/340/143
f 4903/398/135 4915/377/135 2753/377/143
f 2772/398/143 4903/398/143 2753/377/143
f 2745/430/90 2735/359/90 2735/359/90
f 2745/430/155 2745/430/155 2735/359/155
f 2743/441/155 2739/363/155 2739/363/155
f 2743/441/148 2743/441/148 2739/363/148
f 2718/449/148 2743/369/148 2743/369/148
f 2718/449/148 2718/449/148 2743/369/148
f 2713/450/148 2718/389/148 2718/389/148
f 2713/450/155 2713/450/155 2718/389/155
f 4878/382/148 4876/391/148 2765/391/148
f 2758/382/111 4878/382/123 2765/391/113
f 4880/410/155 2713/341/155 2713/341/155
f 2714/342/155 4880/410/155 2713/341/155
f 2712/340/148 4907/340/148 4914/376/148
f 2752/376/148 2712/340/143 4914/376/143
f 4913/349/189 4920/379/190 2755/379/110
f 2755/379/143 4920/379/143 4913/349/143
f 2727/349/124 4913/349/189 2755/379/110
f 2727/349/124 2755/379/110 4913/349/189
f 4963/413/192 4957/321/191 2782/321/140
f 2800/413/106 4963/413/192 2782/321/140
f 4964/321/147 2779/321/123 2799/413/106
f 4965/413/118 4964/321/147 2799/413/106
f 5007/413/111 2799/413/111 4962/321/111
f 2799/413/106 2779/321/123 4962/321/147
f 4967/321/111 4966/413/111 2782/321/111
f 4966/413/192 2800/413/106 2782/321/140
f 2863/391/143 5044/391/143 5026/382/143
f 2852/382/143 2863/391/143 5026/382/143
f 5037/408/148 2787/327/148 2788/327/148
f 4952/408/148 5037/408/148 2788/327/148
f 5036/421/155 2836/362/155 2833/359/155
f 2833/359/148 5036/421/148 2833/359/148
f 2841/430/148 2833/359/148 2833/359/148
f 2841/430/155 2841/430/155 2833/359/155
f 5043/421/90 2797/334/148 2798/334/148
f 4999/421/152 5043/421/90 2798/334/148
f 4998/423/152 2795/333/148 2796/333/148
f 5036/423/90 4998/423/152 2796/333/148
f 5042/408/155 2840/366/155 2837/363/155
f 2837/363/155 5042/408/155 2837/363/155
f 5015/420/152 2813/345/148 2814/345/148
f 5042/420/90 5015/420/152 2814/345/148
f 5024/376/135 5022/340/135 2806/340/143
f 2846/376/143 5024/376/143 2806/340/143
f 2843/441/155 2837/363/155 2837/363/155
f 2843/441/148 2843/441/148 2837/363/148
f 2812/449/148 2843/369/148 2843/369/148
f 2812/449/155 2812/449/155 2843/369/155
f 2821/349/137 5020/349/137 2849/379/148
f 5020/349/148 5028/379/148 2849/379/148
f 2852/382/148 5026/382/148 2863/391/148
f 5026/382/148 5044/391/148 2863/391/148
f 2846/376/148 2806/340/148 5024/376/148
f 2806/340/148 5022/340/148 5024/376/148
f 2857/428/155 2841/367/155 2841/367/155
f 2857/428/155 2857/428/155 2841/367/155
f 2807/450/90 2812/389/90 2812/389/90
f 2807/450/155 2807/450/155 2812/389/155
f 2791/427/155 2857/387/155 2857/387/155
f 2791/427/155 2791/427/155 2857/387/155
f 2868/398/105 5014/398/105 2847/377/143
f 5014/398/143 5027/377/121 2847/377/121
f 4994/426/155 2791/329/155 2791/329/155
f 2792/330/155 4994/426/155 2791/329/155
f 5031/410/155 2807/341/155 2807/341/155
f 2808/342/90 5031/410/106 2807/341/90
f 2849/379/143 5028/379/143 5020/349/143
f 2821/349/143 2849/379/143 5020/349/143
f 2847/377/148 5027/377/148 5014/398/148
f 2868/398/148 2847/377/148 5014/398/148
f 5094/408/154 5095/408/90 2884/327/90
f 5095/408/90 2883/327/90 2884/327/90
f 5112/413/195 2895/413/124 5089/321/193
f 2895/413/124 2875/321/123 5089/321/193
f 5116/321/193 2875/321/123 2895/413/124
f 5118/413/195 5116/321/193 2895/413/124
f 5132/413/148 5090/321/148 2878/321/148
f 2896/413/148 5132/413/148 2878/321/148
f 5119/413/148 2896/413/148 2878/321/148
f 5117/321/148 5119/413/148 2878/321/148
f 5093/407/90 2886/328/90 2883/327/90
f 5095/408/90 5093/407/90 2883/327/90
f 2888/330/90 5145/426/120 2887/329/90
f 5145/426/155 2887/329/155 2887/329/155
f 5096/421/90 2928/362/90 2925/359/148
f 2925/359/90 5096/421/148 2925/359/90
f 5161/421/90 2893/334/90 2894/334/148
f 5130/421/148 5161/421/90 2894/334/148
f 5097/423/90 2891/333/90 2892/333/90
f 5096/423/148 5097/423/90 2892/333/90
f 5160/408/148 2932/366/90 2929/363/90
f 2929/363/155 5160/408/155 2929/363/155
f 5150/420/148 2907/345/148 2908/345/148
f 5160/420/148 5150/420/148 2908/345/148
f 5185/376/143 5173/340/143 2902/340/143
f 2940/376/113 5185/376/105 2902/340/143
f 2933/430/90 2925/359/90 2925/359/90
f 2933/430/148 2933/430/148 2925/359/148
f 2935/441/155 2929/363/155 2929/363/155
f 2935/441/155 2935/441/155 2929/363/155
f 5183/349/94 5189/379/94 2943/379/148
f 2915/349/148 5183/349/148 2943/379/148
f 2915/349/148 2943/379/148 5183/349/148
f 2943/379/148 5189/379/94 5183/349/94
f 5163/398/116 5199/377/128 2941/377/131
f 2941/377/148 5199/377/148 5163/398/148
f 2964/398/113 5163/398/116 2941/377/131
f 2964/398/113 2941/377/131 5163/398/116
f 2951/428/148 2933/367/148 2933/367/148
f 2951/428/155 2951/428/155 2933/367/155
f 2953/449/155 2935/369/155 2935/369/155
f 2953/449/155 2953/449/155 2935/369/155
f 2887/427/90 2951/387/90 2951/387/90
f 2887/427/155 2887/427/155 2951/387/155
f 2903/450/90 2903/450/90 2953/389/90
f 2903/450/155 2953/389/155 2953/389/155
f 2946/382/148 5167/382/148 2957/391/148
f 5167/382/136 5162/391/136 2957/391/148
f 5148/410/148 2903/341/90 2903/341/90
f 2904/342/90 5148/410/90 2903/341/90
f 2902/340/148 5173/340/148 5185/376/148
f 2940/376/148 2902/340/148 5185/376/148
f 2957/391/143 5162/391/143 5167/382/143
f 2946/382/148 2957/391/148 5167/382/148
f 4246/398/143 4265/377/143 2269/377/143
f 2269/377/148 4265/377/148 4246/398/148
f 2292/398/148 4246/398/143 2269/377/143
f 2292/398/148 2269/377/143 4246/398/143
f 2051/349/148 3996/349/174 2081/379/98
f 2051/349/148 2081/379/98 3996/349/174
f 3996/349/174 3949/379/95 2081/379/98
f 2081/379/98 3949/379/95 3996/349/174
f 2753/377/148 4915/377/148 4903/398/148
f 2772/398/148 2753/377/148 4903/398/148
f 3958/420/111 2043/345/111 2044/345/111
f 3953/418/170 3952/418/170 2046/346/111
f 3985/420/111 3958/420/111 2044/345/111
f 3952/418/170 2045/346/111 2046/346/111
f 3769/423/134 1931/333/111 1932/333/111
f 3812/421/111 3846/421/111 1934/334/111
f 3844/423/111 3769/423/134 1932/333/111
f 3846/421/111 1933/334/111 1934/334/111
f 3843/408/111 1923/327/111 1924/327/111
f 3768/408/122 3843/408/111 1924/327/111
f 2969/403/143 2968/402/143 2967/401/143
f 2967/401/143 2970/404/143 2969/403/143
f 2973/407/106 2972/406/99 2971/405/99
f 2971/405/99 2974/408/106 2973/407/106
f 2977/348/93 2976/409/90 2975/409/90
f 2975/409/90 2978/348/104 2977/348/93
f 1378/348/143 2977/348/93 2978/348/104
f 2978/348/104 1377/348/121 1378/348/143
f 1376/347/111 1377/348/121 2978/348/104
f 2978/348/104 2979/347/111 1376/347/111
f 2981/322/90 2980/321/90 2971/405/99
f 2971/405/99 2972/406/99 2981/322/90
f 2981/322/90 2972/406/90 2982/406/90
f 2982/406/90 2983/322/90 2981/322/90
f 2983/322/90 2982/406/90 2984/405/90
f 2984/405/90 2985/321/90 2983/322/90
f 1340/322/106 2983/322/106 2985/321/106
f 2985/321/106 1339/321/106 1340/322/106
f 2986/410/90 2988/317/90 2987/318/144
f 2987/318/144 2967/402/90 2986/410/90
f 2970/403/90 2967/402/90 2987/318/144
f 2987/318/144 2989/319/91 2970/403/90
f 2989/319/91 2987/318/144 1336/318/91
f 1336/318/91 1337/319/92 2989/319/91
f 2991/355/146 2982/407/93 2990/411/145
f 2990/411/145 2992/354/91 2991/355/146
f 1385/355/101 2991/355/146 2992/354/91
f 2992/354/91 1384/354/91 1385/355/101
f 2993/385/92 2992/354/91 2990/411/145
f 2990/411/145 2994/412/90 2993/385/92
f 2991/355/146 2995/356/100 2984/408/90
f 2984/408/90 2982/407/93 2991/355/146
f 2998/393/93 2997/401/101 2996/404/91
f 2996/404/91 2999/392/102 2998/393/93
f 1423/393/143 2998/393/93 2999/392/102
f 2999/392/102 1422/392/143 1423/393/143
f 2973/407/147 3000/407/147 2982/406/93
f 2982/406/93 2972/406/143 2973/407/147
f 2983/322/148 1340/322/148 1341/322/125
f 1341/322/125 2981/322/125 2983/322/148
f 2980/321/111 2981/322/125 1341/322/125
f 1341/322/125 1342/321/111 2980/321/111
f 3001/413/144 3002/321/90 3003/321/99
f 3003/321/99 3004/413/149 3001/413/144
f 1360/413/91 3001/413/144 3004/413/149
f 3004/413/149 1359/413/95 1360/413/91
f 1336/318/106 2987/318/106 2988/317/106
f 2988/317/106 1335/317/106 1336/318/106
f 2995/356/100 2991/355/146 1385/355/101
f 1385/355/101 1386/356/100 2995/356/100
f 2996/416/91 2997/407/101 3007/406/124
f 3007/406/124 3008/417/150 2996/416/91
f 2975/418/91 2976/407/144 3009/406/151
f 3009/406/151 3010/409/136 2975/418/91
f 2968/418/122 3011/420/134 2986/419/152
f 2986/419/152 2967/409/111 2968/418/122
f 3012/413/153 3014/422/99 3013/421/138
f 3013/421/138 3015/423/106 3012/413/153
f 2971/405/106 3012/413/153 3015/423/106
f 3015/423/106 2974/408/106 2971/405/106
f 3014/422/99 3012/413/153 3016/335/144
f 3016/335/144 3017/336/154 3014/422/99
f 3017/336/154 3016/335/144 1360/335/91
f 1360/335/91 1361/336/93 3017/336/154
f 3018/419/120 3014/422/99 3017/336/154
f 3017/336/154 2979/347/90 3018/419/120
f 3014/422/99 3018/419/120 3019/420/108
f 3019/420/108 3013/421/138 3014/422/99
f 2975/409/91 3018/419/120 2979/347/90
f 2979/347/90 2978/348/90 2975/409/91
f 1362/336/96 1359/335/95 3020/335/149
f 3020/335/149 3021/336/99 1362/336/96
f 3022/347/99 3021/336/99 3023/422/90
f 3023/422/90 3024/419/90 3022/347/99
f 2977/348/99 3022/347/99 3024/419/90
f 3024/419/90 2976/409/144 2977/348/99
f 3021/422/99 3022/347/99 1375/347/97
f 1375/347/97 1362/422/96 3021/422/99
f 3025/422/105 1361/422/93 1362/422/96
f 1362/422/96 3026/422/143 3025/422/105
f 3027/413/90 3023/422/90 3021/336/99
f 3021/336/99 3020/335/149 3027/413/90
f 2984/405/90 3027/413/90 3020/335/149
f 3020/335/149 2985/321/99 2984/405/90
f 3023/421/90 3027/423/90 3006/338/100
f 3006/338/100 3028/339/154 3023/421/90
f 3024/420/90 3023/421/90 3028/339/154
f 3028/339/154 3029/350/154 3024/420/90
f 2976/418/144 3024/420/90 3029/350/154
f 3029/350/154 3030/351/100 2976/418/144
f 3028/339/154 3006/338/100 1364/338/111
f 1364/338/111 1365/339/111 3028/339/154
f 3031/339/105 1365/339/105 1366/340/143
f 1366/340/143 3032/340/143 3031/339/105
f 3035/413/111 3034/422/111 3033/421/111
f 3033/421/111 3036/423/111 3035/413/111
f 3018/419/106 2975/409/106 3010/418/108
f 3010/418/108 3019/420/108 3018/419/106
f 1371/345/94 3019/420/108 3010/418/108
f 3010/418/108 1374/346/94 1371/345/94
f 3022/347/99 2977/348/99 1378/348/99
f 1378/348/99 1375/347/97 3022/347/99
f 3037/347/148 1375/347/97 1376/347/98
f 1376/347/98 3038/347/110 3037/347/148
f 3038/347/110 1376/347/98 1361/422/93
f 1361/422/93 3025/422/105 3038/347/110
f 3030/351/100 3029/350/154 1380/350/100
f 1380/350/100 1381/351/100 3030/351/100
f 1423/393/99 1424/394/99 3039/394/99
f 3039/394/99 2998/393/99 1423/393/99
f 2998/393/99 3039/394/99 3040/424/90
f 3040/424/90 2997/401/90 2998/393/99
f 2997/406/101 3040/405/152 3041/408/111
f 3041/408/111 3007/407/124 2997/406/101
f 3044/338/90 3043/356/90 3042/353/90
f 3042/353/90 3045/337/90 3044/338/90
f 3033/426/122 3011/424/134 1404/425/94
f 1404/425/94 1351/427/94 3033/426/122
f 1417/428/94 1351/427/94 1404/425/94
f 1404/425/94 1402/429/94 1417/428/94
f 1397/430/94 1417/428/94 1402/429/94
f 1402/429/94 1388/431/94 1397/430/94
f 3033/426/94 1352/330/94 1353/331/94
f 1353/331/94 3036/432/94 3033/426/94
f 3012/413/90 2971/405/90 2980/321/90
f 2980/321/90 3016/335/90 3012/413/90
f 3005/400/120 2988/317/90 2986/410/152
f 2986/410/152 3034/432/154 3005/400/120
f 3046/399/99 3005/400/120 3034/432/154
f 3034/432/154 3035/426/154 3046/399/99
f 3039/394/99 3046/399/99 3035/426/154
f 3035/426/154 3040/424/152 3039/394/99
f 3005/400/120 3046/399/99 1429/399/105
f 1429/399/105 1430/400/106 3005/400/120
f 1338/320/143 1335/317/143 3047/317/103
f 3047/317/103 3049/320/145 1338/320/143
f 1338/320/111 3051/320/111 3050/319/121
f 3050/319/121 1337/319/121 1338/320/111
f 1428/398/143 1429/399/105 3052/399/104
f 3052/399/104 3053/398/90 1428/398/143
f 1428/398/125 3053/398/125 3055/397/111
f 3055/397/111 1427/397/111 1428/398/125
f 3027/423/90 2984/408/90 2995/356/90
f 2995/356/90 3006/338/90 3027/423/90
f 3002/321/143 1342/321/93 1339/321/93
f 1339/321/93 3003/321/143 3002/321/143
f 3057/433/94 3056/408/94 2974/408/94
f 2974/408/94 3015/433/94 3057/433/94
f 3034/422/154 2986/419/152 3011/420/134
f 3011/420/134 3033/421/122 3034/422/154
f 3059/423/94 3058/408/94 1393/434/94
f 1393/434/94 1390/435/94 3059/423/94
f 3058/420/94 3059/436/94 3013/436/138
f 3013/436/138 3019/420/108 3058/420/94
f 3058/420/94 1372/345/94 1373/346/94
f 1373/346/94 3009/418/151 3058/420/94
f 1361/422/111 1376/347/111 2979/347/111
f 2979/347/111 3017/422/111 1361/422/111
f 3026/422/100 3037/347/100 3038/347/90
f 3038/347/90 3025/422/90 3026/422/100
f 1365/437/111 1380/350/111 3029/350/111
f 3029/350/111 3028/437/111 1365/437/111
f 3060/391/144 3053/398/90 3052/399/104
f 3052/399/104 3061/394/101 3060/391/144
f 1421/391/148 3060/391/144 3061/394/101
f 3061/394/101 1424/394/148 1421/391/148
f 1424/394/148 3061/394/101 3052/399/104
f 3052/399/104 1429/399/105 1424/394/148
f 3046/438/99 3039/394/99 1424/394/148
f 1424/394/148 1429/438/105 3046/438/99
f 3036/423/111 3041/408/111 3040/405/152
f 3040/405/152 3035/413/154 3036/423/111
f 3043/356/143 1386/356/143 1383/353/143
f 1383/353/143 3042/353/143 3043/356/143
f 3048/400/148 1430/400/148 1427/397/148
f 1427/397/148 3062/397/148 3048/400/148
f 3026/422/100 1362/422/111 1375/347/111
f 1375/347/111 3037/347/100 3026/422/100
f 3063/350/106 1380/350/106 1365/339/105
f 1365/339/105 3031/339/105 3063/350/106
f 3056/420/94 1344/324/94 1345/325/94
f 1345/325/94 3000/418/147 3056/420/94
f 3000/418/94 1345/325/94 1346/326/94
f 1346/326/94 3064/439/94 3000/418/94
f 2968/401/94 1425/395/94 1426/396/94
f 1426/396/94 3011/424/94 2968/401/94
f 2974/408/94 1348/327/94 1349/328/94
f 1349/328/94 2973/407/147 2974/408/94
f 2973/407/147 1349/328/94 1350/328/94
f 1350/328/94 3000/407/147 2973/407/147
f 3059/423/94 1391/361/94 1392/362/94
f 1392/362/94 3057/421/94 3059/423/94
f 3057/423/94 1356/333/94 1357/334/94
f 1357/334/94 3059/421/94 3057/423/94
f 3013/421/94 1358/334/94 1355/333/94
f 1355/333/94 3015/423/94 3013/421/94
f 3041/410/94 1368/342/94 1369/343/94
f 1369/343/94 3007/402/94 3041/410/94
f 3007/402/124 1369/343/94 1370/344/94
f 1370/344/94 3008/403/150 3007/402/124
f 3009/407/151 1395/365/94 1396/366/94
f 1396/366/94 3058/408/94 3009/407/151
f 3009/418/151 1373/346/94 1374/346/94
f 1374/346/94 3010/418/136 3009/418/151
f 1398/440/94 1390/435/94 1393/434/94
f 1393/434/94 1399/441/94 1398/440/94
f 3000/407/147 3064/411/143 2990/439/145
f 2990/439/145 2982/418/93 3000/407/147
f 3030/351/93 3066/352/145 3065/439/91
f 3065/439/91 2976/418/91 3030/351/93
f 1381/351/143 1382/352/143 3066/352/145
f 3066/352/145 3030/351/93 1381/351/143
f 1415/385/91 1384/354/91 2992/354/91
f 2992/354/91 2993/385/92 1415/385/91
f 3067/442/148 3009/409/148 2976/418/91
f 2976/418/91 3065/443/91 3067/442/148
f 3068/444/148 3067/442/148 3065/443/91
f 3065/443/91 3069/445/91 3068/444/148
f 3063/350/91 3070/349/144 1379/349/148
f 1379/349/148 1380/350/148 3063/350/91
f 3072/337/99 3073/375/100 3071/376/100
f 3071/376/100 3032/340/99 3072/337/99
f 1363/337/106 3072/337/99 3032/340/99
f 3032/340/99 1366/340/106 1363/337/106
f 3075/380/100 3074/352/90 3070/349/90
f 3070/349/90 3076/379/100 3075/380/100
f 1410/380/111 3075/380/100 3076/379/100
f 3076/379/100 1409/379/111 1410/380/111
f 3077/375/144 3045/337/92 3042/353/90
f 3042/353/90 3078/386/145 3077/375/144
f 3057/421/94 1389/447/94 1343/446/94
f 1343/446/94 3056/420/94 3057/421/94
f 3031/339/90 3032/340/145 3070/349/144
f 3070/349/144 3063/350/91 3031/339/90
f 3078/386/143 3042/353/143 1383/353/143
f 1383/353/143 1416/386/143 3078/386/143
f 3079/353/99 1383/353/106 1384/354/106
f 1384/354/106 3080/354/99 3079/353/99
f 3081/386/100 3079/353/99 3080/354/99
f 3080/354/99 3082/385/100 3081/386/100
f 1416/386/111 3081/386/100 3082/385/100
f 3082/385/100 1415/385/111 1416/386/111
f 1363/337/92 1364/338/91 3044/338/148
f 3044/338/148 3045/337/92 1363/337/92
f 1405/375/148 1363/337/92 3045/337/92
f 3045/337/92 3077/375/144 1405/375/148
f 3083/448/94 3064/439/94 1346/326/94
f 1346/326/94 1387/357/94 3083/448/94
f 3009/407/94 3067/411/94 1394/364/94
f 1394/364/94 1395/365/94 3009/407/94
f 3064/411/143 3083/412/143 2994/448/143
f 2994/448/143 2990/439/143 3064/411/143
f 3084/384/144 2993/385/90 2994/412/90
f 2994/412/90 3085/451/90 3084/384/144
f 3066/352/145 3086/380/90 3069/448/91
f 3069/448/91 3065/439/91 3066/352/145
f 1382/352/143 1410/380/143 3086/380/143
f 3086/380/143 3066/352/143 1382/352/143
f 1389/447/94 1397/430/94 1388/431/94
f 1388/431/94 1343/446/94 1389/447/94
f 3032/340/145 3071/376/93 3076/379/90
f 3076/379/90 3070/349/144 3032/340/145
f 3067/411/94 3068/412/94 1400/370/94
f 1400/370/94 1394/364/94 3067/411/94
f 1418/452/94 1398/440/94 1399/441/94
f 1399/441/94 1419/449/94 1418/452/94
f 2993/385/92 3084/384/148 1414/384/99
f 1414/384/99 1415/385/91 2993/385/92
f 1415/385/91 3082/385/143 3080/354/143
f 3080/354/143 1384/354/91 1415/385/91
f 3087/383/106 1413/383/99 1414/384/99
f 1414/384/99 3088/384/105 3087/383/106
f 3088/384/105 1414/384/99 1337/319/121
f 1337/319/121 3050/319/121 3088/384/105
f 3054/377/120 3071/376/93 1406/376/93
f 1406/376/93 1407/377/99 3054/377/120
f 3054/377/120 1407/377/99 1408/378/99
f 1408/378/99 3089/378/106 3054/377/120
f 3090/378/90 3077/375/144 3078/386/145
f 3078/386/145 3091/383/102 3090/378/90
f 3091/383/102 3078/386/145 1416/386/143
f 1416/386/143 1413/383/143 3091/383/102
f 3049/320/143 3091/383/102 1413/383/143
f 1413/383/143 1338/320/143 3049/320/143
f 3092/453/94 3083/448/94 1387/357/94
f 1387/357/94 1401/371/94 3092/453/94
f 3083/412/143 3092/451/143 3085/453/143
f 3085/453/143 2994/448/143 3083/412/143
f 3086/380/90 3094/381/93 3093/453/91
f 3093/453/91 3069/448/91 3086/380/90
f 1410/380/93 1411/381/93 3094/381/143
f 3094/381/143 3086/380/143 1410/380/93
f 3085/451/90 2970/403/90 2989/319/91
f 2989/319/91 3084/384/144 3085/451/90
f 3084/384/144 2989/319/91 1337/319/92
f 1337/319/92 1414/384/148 3084/384/144
f 3069/445/91 3093/455/91 3095/454/150
f 3095/454/150 3068/444/136 3069/445/91
f 2969/404/94 3092/453/94 1401/371/94
f 1401/371/94 1403/373/94 2969/404/94
f 3077/375/148 3090/378/148 1408/378/148
f 1408/378/148 1405/375/148 3077/375/148
f 1405/375/143 3073/375/143 3072/337/143
f 3072/337/143 1363/337/143 1405/375/143
f 1420/390/94 1400/370/94 3068/412/136
f 3068/412/136 3095/451/150 1420/390/94
f 1370/344/94 1420/390/94 3095/451/150
f 3095/451/150 3008/403/150 1370/344/94
f 1354/456/94 1418/452/94 1419/449/94
f 1419/449/94 1367/450/94 1354/456/94
f 3053/398/90 3054/377/90 3089/378/93
f 3089/378/93 3055/397/93 3053/398/90
f 1427/397/148 3055/397/93 3089/378/93
f 3089/378/93 1408/378/148 1427/397/148
f 3098/392/90 3097/381/90 3096/382/90
f 3096/382/90 3060/391/90 3098/392/90
f 3062/397/90 3090/378/90 3091/383/90
f 3091/383/90 3049/320/145 3062/397/90
f 3088/384/90 3050/319/90 3051/320/91
f 3051/320/91 3087/383/91 3088/384/90
f 3048/400/99 3062/397/90 3049/320/145
f 3049/320/145 3047/317/103 3048/400/99
f 3092/451/143 2969/403/143 2970/404/143
f 2970/404/143 3085/453/143 3092/451/143
f 3094/381/90 2999/392/90 2996/404/91
f 2996/404/91 3093/453/91 3094/381/90
f 1411/381/143 1422/392/143 2999/392/102
f 2999/392/102 3094/381/93 1411/381/143
f 3093/455/91 2996/416/91 3008/417/148
f 3008/417/148 3095/454/148 3093/455/91
f 3054/377/120 3053/398/90 3060/391/144
f 3060/391/144 3096/382/90 3054/377/120
f 3071/376/93 3054/377/120 3096/382/90
f 3096/382/90 3076/379/91 3071/376/93
f 3096/382/90 3060/391/144 1421/391/148
f 1421/391/148 1412/382/148 3096/382/90
f 3076/379/91 3096/382/90 1412/382/148
f 1412/382/148 1409/379/148 3076/379/91
f 1379/349/99 3070/349/106 3074/352/110
f 3074/352/110 1382/352/98 1379/349/99
f 1382/352/98 3074/352/110 3075/380/148
f 3075/380/148 1410/380/148 1382/352/98
f 3090/378/148 3062/397/148 1427/397/148
f 1427/397/148 1408/378/148 3090/378/148
f 2968/401/122 2969/404/94 1403/373/94
f 1403/373/94 1425/395/94 2968/401/122
f 3036/432/94 1354/456/94 1367/450/94
f 1367/450/94 3041/410/94 3036/432/94
f 1406/376/111 3071/376/100 3073/375/100
f 3073/375/100 1405/375/111 1406/376/111
f 1383/353/148 3079/353/148 3081/386/148
f 3081/386/148 1416/386/148 1383/353/148
f 1411/381/110 3097/381/110 3098/392/125
f 3098/392/125 1422/392/125 1411/381/110
f 1422/392/125 3098/392/125 3060/391/111
f 3060/391/111 1421/391/111 1422/392/125
f 1412/382/106 3096/382/106 3097/381/110
f 3097/381/110 1411/381/110 1412/382/106
f 1413/383/148 3087/383/91 3051/320/91
f 3051/320/91 1338/320/148 1413/383/148
f 3101/403/143 3100/402/143 3099/401/143
f 3099/401/143 3102/404/102 3101/403/143
f 3103/451/143 3101/403/143 3102/404/102
f 3102/404/102 3104/453/93 3103/451/143
f 3105/405/120 3107/408/108 3106/407/106
f 3106/407/106 3108/406/99 3105/405/120
f 3105/405/120 3108/406/99 3109/322/90
f 3109/322/90 3110/321/90 3105/405/120
f 3116/348/93 3115/409/90 3114/409/90
f 3114/409/90 3117/348/93 3116/348/93
f 1478/348/143 3116/348/93 3117/348/93
f 3117/348/93 1477/348/143 1478/348/143
f 3109/322/90 3108/406/90 3118/406/90
f 3118/406/90 3119/322/90 3109/322/90
f 1436/322/99 3119/322/106 3120/321/105
f 3120/321/105 1435/321/103 1436/322/99
f 3122/318/120 3099/402/90 3121/410/90
f 3121/410/90 3123/317/99 3122/318/120
f 3125/355/91 3118/407/90 3124/411/90
f 3124/411/90 3126/354/91 3125/355/91
f 1485/355/148 3125/355/91 3126/354/91
f 3126/354/91 1484/354/148 1485/355/148
f 3125/355/100 3128/356/100 3127/408/90
f 3127/408/90 3118/407/90 3125/355/100
f 3131/393/93 3130/401/91 3129/404/92
f 3129/404/92 3132/392/93 3131/393/93
f 1519/393/143 3131/393/93 3132/392/93
f 3132/392/93 1518/392/143 1519/393/143
f 3106/407/147 3133/407/135 3118/406/143
f 3118/406/143 3108/406/143 3106/407/147
f 1437/322/111 1438/321/111 3110/321/111
f 3110/321/111 3109/322/111 1437/322/111
f 1437/322/148 3109/322/148 3119/322/148
f 3119/322/148 1436/322/148 1437/322/148
f 3119/322/90 3118/406/90 3127/405/90
f 3127/405/90 3120/321/90 3119/322/90
f 1432/318/106 3122/318/120 3123/317/99
f 3123/317/99 1431/317/106 1432/318/106
f 1525/399/106 1526/400/106 3136/400/106
f 3136/400/106 3137/399/106 1525/399/106
f 1485/355/111 1486/356/111 3128/356/100
f 3128/356/100 3125/355/100 1485/355/111
f 3129/416/92 3130/407/91 3138/406/148
f 3138/406/148 3139/417/148 3129/416/92
f 3114/418/148 3115/407/148 3140/406/148
f 3140/406/148 3141/409/148 3114/418/148
f 3100/418/111 3142/420/111 3121/419/111
f 3121/419/111 3099/409/111 3100/418/111
f 3145/421/108 3144/423/118 3143/413/120
f 3143/413/120 3146/422/99 3145/421/108
f 3147/420/108 3145/421/108 3146/422/99
f 3146/422/99 3148/419/99 3147/420/108
f 3141/418/118 3147/420/108 3148/419/99
f 3148/419/99 3114/409/99 3141/418/118
f 3146/422/99 3143/413/120 3111/335/154
f 3111/335/154 3149/336/100 3146/422/99
f 3110/321/90 3111/335/154 3143/413/120
f 3143/413/120 3105/405/120 3110/321/90
f 3149/336/100 3111/335/154 1460/335/100
f 1460/335/100 1461/336/100 3149/336/100
f 1462/336/99 1459/335/99 3150/335/99
f 3150/335/99 3151/336/99 1462/336/99
f 3151/336/99 3150/335/99 3152/413/90
f 3152/413/90 3153/422/90 3151/336/99
f 3154/338/156 3155/339/100 3153/421/90
f 3153/421/90 3152/423/90 3154/338/156
f 3128/356/104 3154/338/156 3152/423/90
f 3152/423/90 3127/408/90 3128/356/104
f 3155/339/100 3154/338/156 1464/338/101
f 1464/338/101 1465/339/93 3155/339/100
f 3137/399/120 3136/400/90 3156/432/154
f 3156/432/154 3157/426/100 3137/399/120
f 3158/394/120 3137/399/120 3157/426/100
f 3157/426/100 3159/424/100 3158/394/120
f 3157/413/100 3156/422/154 3160/421/122
f 3160/421/122 3161/423/122 3157/413/100
f 3159/405/100 3157/413/100 3161/423/122
f 3161/423/122 3162/408/122 3159/405/100
f 3163/347/100 3117/348/100 3114/409/99
f 3114/409/99 3148/419/99 3163/347/100
f 3149/336/100 3163/347/100 3148/419/99
f 3148/419/99 3146/422/99 3149/336/100
f 3163/347/100 3149/422/100 1461/422/100
f 1461/422/100 1476/347/101 3163/347/100
f 3164/347/110 1476/347/101 1461/422/100
f 1461/422/100 3165/422/106 3164/347/110
f 1476/347/101 3164/347/110 3166/347/125
f 3166/347/125 1475/347/98 1476/347/101
f 1475/347/98 1462/422/99 3151/422/99
f 3151/422/99 3167/347/99 1475/347/98
f 3167/347/99 3151/336/99 3153/422/90
f 3153/422/90 3168/419/90 3167/347/99
f 3116/348/99 3167/347/99 3168/419/90
f 3168/419/90 3115/409/90 3116/348/99
f 3117/348/100 3163/347/100 1476/347/101
f 1476/347/101 1477/348/100 3117/348/100
f 3167/347/99 3116/348/99 1478/348/99
f 1478/348/99 1475/347/98 3167/347/99
f 3169/422/111 1462/422/99 1475/347/98
f 1475/347/98 3166/347/125 3169/422/111
f 3115/418/90 3168/420/90 3170/350/100
f 3170/350/100 3171/351/100 3115/418/90
f 3171/351/100 3170/350/100 1480/350/91
f 1480/350/91 1481/351/100 3171/351/100
f 3172/350/98 1480/350/91 1465/339/93
f 1465/339/93 3173/339/103 3172/350/98
f 3174/349/157 3172/350/98 3173/339/103
f 3173/339/103 3175/340/120 3174/349/157
f 3173/339/103 1465/339/93 1466/340/99
f 1466/340/99 3175/340/120 3173/339/103
f 3175/340/120 1466/340/99 1463/337/98
f 1463/337/98 3176/337/99 3175/340/120
f 3177/376/101 3175/340/120 3176/337/99
f 3176/337/99 3178/375/100 3177/376/101
f 1502/376/111 3177/376/101 3178/375/100
f 3178/375/100 1501/375/111 1502/376/111
f 3158/394/106 3131/393/106 1519/393/99
f 1519/393/99 1520/394/99 3158/394/106
f 3179/399/100 1525/399/111 1520/394/111
f 1520/394/111 3180/394/100 3179/399/100
f 3131/393/90 3158/394/120 3159/424/100
f 3159/424/100 3130/401/100 3131/393/90
f 3130/406/100 3159/405/100 3162/408/122
f 3162/408/122 3138/407/129 3130/406/100
f 3183/338/90 3182/356/90 3181/353/90
f 3181/353/90 3184/337/90 3183/338/90
f 3112/413/91 3113/321/90 3185/321/90
f 3185/321/90 3186/413/144 3112/413/91
f 3160/426/122 3142/424/122 1516/425/94
f 1516/425/94 1447/427/94 3160/426/122
f 3144/423/106 3107/408/106 3105/405/106
f 3105/405/106 3143/413/106 3144/423/106
f 3150/335/144 3120/321/90 3127/405/90
f 3127/405/90 3152/413/90 3150/335/144
f 3186/413/144 1459/413/148 1460/413/148
f 1460/413/148 3112/413/91 3186/413/144
f 3136/400/90 3123/317/90 3121/410/90
f 3121/410/90 3156/432/154 3136/400/90
f 3188/433/94 3187/408/94 3107/408/108
f 3107/408/108 3144/433/118 3188/433/94
f 3156/422/111 3121/419/111 3142/420/122
f 3142/420/122 3160/421/122 3156/422/111
f 3190/423/94 3189/408/94 1493/434/94
f 1493/434/94 1490/435/94 3190/423/94
f 3190/423/94 1491/361/94 1492/362/94
f 1492/362/94 3188/421/94 3190/423/94
f 3188/421/94 1489/447/94 1439/446/94
f 1439/446/94 3187/420/94 3188/421/94
f 3145/436/108 3147/420/108 3189/420/94
f 3189/420/94 3190/436/94 3145/436/108
f 3169/422/93 3166/347/90 3164/347/90
f 3164/347/90 3165/422/93 3169/422/93
f 1462/422/143 3169/422/93 3165/422/93
f 3165/422/93 1461/422/143 1462/422/143
f 3155/339/100 3170/350/100 3168/420/90
f 3168/420/90 3153/421/90 3155/339/100
f 1465/437/111 1480/350/111 3170/350/100
f 3170/350/100 3155/437/100 1465/437/111
f 3179/399/100 3180/394/100 3191/391/144
f 3191/391/144 3192/398/90 3179/399/100
f 3137/438/120 3158/394/120 1520/394/106
f 1520/394/106 1525/438/106 3137/438/120
f 3180/394/148 1520/394/148 1517/391/148
f 1517/391/148 3191/391/148 3180/394/148
f 3182/356/104 1486/356/104 1483/353/93
f 1483/353/93 3181/353/102 3182/356/104
f 3135/400/91 1526/400/91 1523/397/91
f 1523/397/91 3193/397/91 3135/400/91
f 1463/337/98 1464/338/101 3183/338/156
f 3183/338/156 3184/337/91 1463/337/98
f 3113/321/143 1438/321/93 1435/321/103
f 1435/321/103 3185/321/105 3113/321/143
f 3187/420/94 1440/324/94 1441/325/94
f 1441/325/94 3133/418/94 3187/420/94
f 3133/418/135 1441/325/94 1442/326/94
f 1442/326/94 3194/439/147 3133/418/135
f 3100/401/94 1521/395/94 1522/396/94
f 1522/396/94 3142/424/94 3100/401/94
f 3107/408/94 1444/327/94 1445/328/94
f 1445/328/94 3106/407/147 3107/408/94
f 3106/407/147 1445/328/94 1446/328/94
f 1446/328/94 3133/407/135 3106/407/147
f 3160/426/122 1448/330/94 1449/331/94
f 1449/331/94 3161/432/122 3160/426/122
f 3161/432/122 1450/456/94 1467/450/94
f 1467/450/94 3162/410/122 3161/432/122
f 3162/410/122 1468/342/94 1469/343/94
f 1469/343/94 3138/402/129 3162/410/122
f 3138/402/129 1469/343/94 1470/344/94
f 1470/344/94 3139/403/94 3138/402/129
f 3188/423/94 1456/333/94 1457/334/94
f 1457/334/94 3190/421/94 3188/423/94
f 3145/421/108 1458/334/94 1455/333/94
f 1455/333/94 3144/423/118 3145/421/108
f 3140/407/94 1495/365/94 1496/366/94
f 1496/366/94 3189/408/94 3140/407/94
f 3189/420/94 1472/345/94 1473/346/94
f 1473/346/94 3140/418/94 3189/420/94
f 3140/418/94 1473/346/94 1474/346/94
f 1474/346/94 3141/418/118 3140/418/94
f 3141/418/118 1474/346/94 1471/345/94
f 1471/345/94 3147/420/108 3141/418/118
f 1453/440/94 1490/435/94 1493/434/94
f 1493/434/94 1497/441/94 1453/440/94
f 3133/407/135 3194/411/147 3124/439/143
f 3124/439/143 3118/418/143 3133/407/135
f 3195/385/90 3126/354/90 3124/411/90
f 3124/411/90 3196/412/90 3195/385/90
f 3171/351/93 3198/352/102 3197/439/90
f 3197/439/90 3115/418/90 3171/351/93
f 3198/352/102 3171/351/93 1481/351/143
f 1481/351/143 1482/352/143 3198/352/102
f 3199/380/143 3198/352/102 1482/352/143
f 1482/352/143 1506/380/143 3199/380/143
f 1511/385/148 1484/354/148 3126/354/148
f 3126/354/148 3195/385/148 1511/385/148
f 3115/418/148 3197/443/148 3200/442/136
f 3200/442/136 3140/409/136 3115/418/148
f 1479/349/98 1480/350/91 3172/350/98
f 3172/350/98 3174/349/157 1479/349/98
f 1479/349/98 3174/349/157 3201/352/99
f 3201/352/99 1482/352/99 1479/349/98
f 3202/380/100 3201/352/99 3174/349/157
f 3174/349/157 3203/379/100 3202/380/100
f 3204/375/90 3184/337/91 3181/353/102
f 3181/353/102 3205/386/93 3204/375/90
f 3205/386/93 3181/353/102 1483/353/93
f 1483/353/93 1512/386/148 3205/386/93
f 3206/448/94 3194/439/147 1442/326/94
f 1442/326/94 1487/357/94 3206/448/94
f 3140/407/136 3200/411/136 1494/364/94
f 1494/364/94 1495/365/94 3140/407/136
f 3209/354/90 3208/385/90 3207/386/90
f 3207/386/90 3210/353/90 3209/354/90
f 3194/411/143 3206/412/143 3196/448/143
f 3196/448/143 3124/439/143 3194/411/143
f 3211/384/90 3195/385/90 3196/412/93
f 3196/412/93 3104/451/93 3211/384/90
f 3198/352/90 3199/380/90 3212/448/91
f 3212/448/91 3197/439/91 3198/352/90
f 3197/443/91 3212/445/91 3213/444/148
f 3213/444/148 3200/442/148 3197/443/91
f 1489/447/94 1454/430/94 1488/431/94
f 1488/431/94 1439/446/94 1489/447/94
f 3175/340/90 3177/376/145 3203/379/144
f 3203/379/144 3174/349/91 3175/340/90
f 3184/337/148 3204/375/148 1501/375/148
f 1501/375/148 1463/337/148 3184/337/148
f 3176/337/143 1463/337/148 1501/375/148
f 1501/375/148 3178/375/143 3176/337/143
f 1498/370/94 1494/364/94 3200/411/94
f 3200/411/94 3213/412/94 1498/370/94
f 1514/390/94 1498/370/94 3213/412/94
f 3213/412/94 3214/451/94 1514/390/94
f 3214/451/94 3139/403/94 1470/344/94
f 1470/344/94 1514/390/94 3214/451/94
f 1451/452/94 1453/440/94 1497/441/94
f 1497/441/94 1513/449/94 1451/452/94
f 1510/384/148 1511/385/148 3195/385/148
f 3195/385/148 3211/384/148 1510/384/148
f 3215/377/145 3177/376/145 1502/376/143
f 1502/376/143 1503/377/143 3215/377/145
f 3216/378/90 3204/375/90 3205/386/90
f 3205/386/90 3217/383/90 3216/378/90
f 3217/383/143 3205/386/143 1512/386/143
f 1512/386/143 1509/383/143 3217/383/143
f 3103/453/94 3206/448/94 1487/357/94
f 1487/357/94 1499/371/94 3103/453/94
f 3206/412/143 3103/451/143 3104/453/93
f 3104/453/93 3196/448/93 3206/412/143
f 3199/380/90 3219/381/90 3218/453/90
f 3218/453/90 3212/448/90 3199/380/90
f 1506/380/143 1507/381/143 3219/381/143
f 3219/381/143 3199/380/143 1506/380/143
f 3220/319/91 3211/384/91 3104/451/93
f 3104/451/93 3102/403/102 3220/319/91
f 3212/445/148 3218/455/148 3214/454/148
f 3214/454/148 3213/444/148 3212/445/148
f 3203/379/148 3221/382/148 1508/382/148
f 1508/382/148 1505/379/148 3203/379/148
f 3101/404/94 3103/453/94 1499/371/94
f 1499/371/94 1515/373/94 3101/404/94
f 1454/430/94 1452/428/94 1500/429/94
f 1500/429/94 1488/431/94 1454/430/94
f 3221/382/144 3203/379/144 3177/376/145
f 3177/376/145 3215/377/145 3221/382/144
f 3191/391/144 3221/382/144 3215/377/145
f 3215/377/145 3192/398/90 3191/391/144
f 3204/375/148 3216/378/148 1504/378/148
f 1504/378/148 1501/375/148 3204/375/148
f 1450/456/94 1451/452/94 1513/449/94
f 1513/449/94 1467/450/94 1450/456/94
f 1433/319/148 1510/384/148 3211/384/91
f 3211/384/91 3220/319/91 1433/319/148
f 1524/398/111 3192/398/111 3222/397/111
f 3222/397/111 1523/397/111 1524/398/111
f 3223/320/143 3217/383/143 1509/383/143
f 1509/383/143 1434/320/102 3223/320/143
f 3134/317/143 3223/320/143 1434/320/102
f 1434/320/102 1431/317/93 3134/317/143
f 3226/384/99 3225/319/100 3224/320/101
f 3224/320/101 3227/383/98 3226/384/99
f 1510/384/106 3226/384/99 3227/383/98
f 3227/383/98 1509/383/110 1510/384/106
f 1509/383/110 3227/383/98 3224/320/101
f 3224/320/101 1434/320/125 1509/383/110
f 3223/320/90 3134/317/90 3135/400/91
f 3135/400/91 3193/397/91 3223/320/90
f 3217/383/90 3223/320/90 3193/397/91
f 3193/397/91 3216/378/91 3217/383/90
f 3216/378/91 3193/397/91 1523/397/91
f 1523/397/91 1504/378/106 3216/378/91
f 3228/378/103 1504/378/106 1523/397/91
f 1523/397/91 3222/397/93 3228/378/103
f 3228/378/103 3222/397/93 3192/398/90
f 3192/398/90 3215/377/99 3228/378/103
f 1504/378/106 3228/378/103 3215/377/99
f 3215/377/99 1503/377/106 1504/378/106
f 3219/381/90 3132/392/90 3129/404/90
f 3129/404/90 3218/453/90 3219/381/90
f 1507/381/143 1518/392/143 3132/392/143
f 3132/392/143 3219/381/143 1507/381/143
f 3218/455/148 3129/416/92 3139/417/148
f 3139/417/148 3214/454/148 3218/455/148
f 1452/428/94 1447/427/94 1516/425/94
f 1516/425/94 1500/429/94 1452/428/94
f 3122/318/120 3220/319/90 3102/403/90
f 3102/403/90 3099/402/90 3122/318/120
f 3100/401/94 3101/404/94 1515/373/94
f 1515/373/94 1521/395/94 3100/401/94
f 1432/318/148 1433/319/148 3220/319/148
f 3220/319/148 3122/318/148 1432/318/148
f 3179/399/143 3192/398/143 1524/398/143
f 1524/398/143 1525/399/143 3179/399/143
f 1482/352/148 3201/352/148 3202/380/148
f 3202/380/148 1506/380/148 1482/352/148
f 1506/380/111 3202/380/100 3203/379/100
f 3203/379/100 1505/379/111 1506/380/111
f 1511/385/143 3208/385/143 3209/354/143
f 3209/354/143 1484/354/143 1511/385/143
f 1484/354/106 3209/354/106 3210/353/106
f 3210/353/106 1483/353/106 1484/354/106
f 1483/353/93 3210/353/148 3207/386/148
f 3207/386/148 1512/386/148 1483/353/93
f 1512/386/111 3207/386/111 3208/385/111
f 3208/385/111 1511/385/111 1512/386/111
f 1507/381/148 3230/381/148 3229/392/148
f 3229/392/148 1518/392/148 1507/381/148
f 3191/391/100 1517/391/111 1518/392/111
f 1518/392/111 3229/392/100 3191/391/100
f 3221/382/99 3191/391/100 3229/392/100
f 3229/392/100 3230/381/99 3221/382/99
f 1508/382/106 3221/382/99 3230/381/99
f 3230/381/99 1507/381/106 1508/382/106
f 1433/319/143 3225/319/143 3226/384/143
f 3226/384/143 1510/384/143 1433/319/143
f 1434/320/125 3224/320/101 3225/319/100
f 3225/319/100 1433/319/111 1434/320/125
f 3233/403/143 3232/402/143 3231/401/143
f 3231/401/143 3234/404/143 3233/403/143
f 3235/405/99 3237/408/108 3236/407/113
f 3236/407/113 3238/406/103 3235/405/99
f 3239/406/143 3238/406/103 3236/407/113
f 3236/407/113 3240/407/143 3239/406/143
f 3243/348/90 3242/409/91 3241/409/91
f 3241/409/91 3244/348/90 3243/348/90
f 3246/322/91 3245/321/158 3235/405/99
f 3235/405/99 3238/406/103 3246/322/91
f 3246/322/90 3238/406/90 3239/406/90
f 3239/406/90 3247/322/120 3246/322/90
f 3247/322/120 3239/406/90 3248/405/90
f 3248/405/90 3249/321/99 3247/322/120
f 1532/322/106 3247/322/120 3249/321/99
f 3249/321/99 1531/321/106 1532/322/106
f 1572/348/103 3243/348/103 3244/348/104
f 3244/348/104 1571/348/104 1572/348/103
f 3251/318/90 3231/402/90 3250/410/90
f 3250/410/90 3252/317/90 3251/318/90
f 3254/355/144 3239/407/90 3253/411/145
f 3253/411/145 3255/354/91 3254/355/144
f 3256/385/144 3255/354/91 3253/411/145
f 3253/411/145 3257/412/145 3256/385/144
f 3255/354/91 3256/385/144 1607/385/148
f 1607/385/148 1578/354/92 3255/354/91
f 3258/384/90 3256/385/144 3257/412/145
f 3257/412/145 3259/451/90 3258/384/90
f 3248/408/90 3239/407/90 3254/355/144
f 3254/355/144 3260/356/90 3248/408/90
f 3261/423/90 3248/408/90 3260/356/90
f 3260/356/90 3262/338/90 3261/423/90
f 3265/393/90 3264/401/90 3263/404/90
f 3263/404/90 3266/392/90 3265/393/90
f 3267/381/90 3266/392/90 3263/404/91
f 3263/404/91 3268/453/91 3267/381/90
f 1533/322/111 1534/321/111 3245/321/111
f 3245/321/111 3246/322/111 1533/322/111
f 1533/322/91 3246/322/91 3247/322/148
f 3247/322/148 1532/322/91 1533/322/91
f 1528/318/106 3251/318/106 3252/317/106
f 3252/317/106 1527/317/106 1528/318/106
f 1615/393/105 3265/393/105 3266/392/143
f 3266/392/143 1614/392/143 1615/393/105
f 1614/392/111 3271/392/111 3270/391/111
f 3270/391/111 1613/391/111 1614/392/111
f 1579/355/111 1580/356/111 3260/356/111
f 3260/356/111 3254/355/111 1579/355/111
f 1579/355/91 3254/355/144 3255/354/91
f 3255/354/91 1578/354/92 1579/355/91
f 3263/416/148 3264/407/125 3272/406/124
f 3272/406/124 3273/417/150 3263/416/148
f 3241/418/91 3242/407/91 3274/406/148
f 3274/406/148 3275/409/148 3241/418/91
f 3232/418/111 3276/420/111 3250/419/111
f 3250/419/111 3231/409/111 3232/418/111
f 3279/421/106 3278/423/106 3277/413/106
f 3277/413/106 3280/422/106 3279/421/106
f 3280/422/120 3277/413/90 3281/335/91
f 3281/335/91 3282/336/154 3280/422/120
f 3282/336/111 3281/335/111 1554/335/111
f 1554/335/111 1555/336/111 3282/336/111
f 1556/336/106 1553/335/106 3283/335/106
f 3283/335/106 3284/336/106 1556/336/106
f 3284/336/90 3283/335/90 3261/413/90
f 3261/413/90 3285/422/90 3284/336/90
f 3285/421/90 3261/423/90 3262/338/90
f 3262/338/90 3286/339/90 3285/421/90
f 3286/339/111 3262/338/111 1558/338/111
f 1558/338/111 1559/339/111 3286/339/111
f 1621/399/99 1622/400/99 3269/400/106
f 3269/400/106 3287/399/106 1621/399/99
f 3287/399/90 3269/400/90 3288/432/90
f 3288/432/90 3289/426/90 3287/399/90
f 3289/413/111 3288/422/111 3290/421/111
f 3290/421/111 3291/423/111 3289/413/111
f 3275/418/108 3293/420/108 3292/419/99
f 3292/419/99 3241/409/99 3275/418/108
f 3241/409/99 3292/419/99 3294/347/100
f 3294/347/100 3244/348/104 3241/409/99
f 3244/348/104 3294/347/100 1570/347/101
f 1570/347/101 1571/348/104 3244/348/104
f 1572/348/103 1569/347/98 3295/347/120
f 3295/347/120 3243/348/103 1572/348/103
f 3243/348/103 3295/347/120 3296/419/90
f 3296/419/90 3242/409/159 3243/348/103
f 3297/394/153 3265/393/105 1615/393/105
f 1615/393/105 1616/394/110 3297/394/153
f 3287/438/99 3297/394/153 1616/394/110
f 1616/394/110 1621/438/143 3287/438/99
f 3298/394/101 1616/394/110 1613/391/148
f 1613/391/148 3270/391/91 3298/394/101
f 3265/393/90 3297/394/90 3299/424/90
f 3299/424/90 3264/401/90 3265/393/90
f 3264/406/125 3299/405/111 3300/408/111
f 3300/408/111 3272/407/124 3264/406/125
f 3303/338/91 3302/356/90 3301/353/90
f 3301/353/90 3304/337/144 3303/338/91
f 3307/413/90 3306/321/158 3305/321/93
f 3305/321/93 3308/413/90 3307/413/90
f 3278/423/118 3237/408/108 3235/405/99
f 3235/405/99 3277/413/99 3278/423/118
f 3277/413/99 3235/405/99 3245/321/158
f 3245/321/158 3281/335/90 3277/413/99
f 3306/321/158 1534/321/93 1531/321/93
f 1531/321/93 3305/321/93 3306/321/158
f 3269/400/90 3252/317/90 3250/410/100
f 3250/410/100 3288/432/100 3269/400/90
f 3310/433/94 3309/408/94 3237/408/108
f 3237/408/108 3278/433/118 3310/433/94
f 3237/408/108 1540/327/94 1541/328/94
f 1541/328/94 3236/407/113 3237/408/108
f 3283/335/90 3249/321/90 3248/405/90
f 3248/405/90 3261/413/90 3283/335/90
f 3288/422/100 3250/419/100 3276/420/122
f 3276/420/122 3290/421/122 3288/422/100
f 1587/434/94 1584/435/94 3311/423/94
f 3311/423/94 3312/408/94 1587/434/94
f 3311/423/94 1585/361/94 1586/362/94
f 1586/362/94 3310/421/94 3311/423/94
f 3310/421/94 1583/447/94 1535/446/94
f 1535/446/94 3309/420/94 3310/421/94
f 3279/436/108 3293/420/108 3312/420/94
f 3312/420/94 3311/436/94 3279/436/108
f 3280/422/120 3292/419/99 3293/420/108
f 3293/420/108 3279/421/108 3280/422/120
f 3292/419/99 3280/422/120 3282/336/154
f 3282/336/154 3294/347/100 3292/419/99
f 1555/422/93 1570/347/148 3294/347/100
f 3294/347/100 3282/422/154 1555/422/93
f 3313/422/105 1555/422/93 1556/422/93
f 1556/422/93 3314/422/121 3313/422/105
f 3314/422/121 1556/422/93 1569/347/148
f 1569/347/148 3315/347/111 3314/422/121
f 3314/422/90 3315/347/91 3316/347/91
f 3316/347/91 3313/422/90 3314/422/90
f 3284/422/106 3295/347/106 1569/347/148
f 1569/347/148 1556/422/93 3284/422/106
f 3285/422/90 3296/419/90 3295/347/120
f 3295/347/120 3284/336/90 3285/422/90
f 3296/420/90 3285/421/90 3286/339/100
f 3286/339/100 3317/350/100 3296/420/90
f 3242/418/159 3296/420/90 3317/350/100
f 3317/350/100 3318/351/130 3242/418/159
f 3318/351/130 3317/350/100 1574/350/100
f 1574/350/100 1575/351/104 3318/351/130
f 3319/352/145 3318/351/130 1575/351/104
f 1575/351/104 1576/352/103 3319/352/145
f 3320/350/99 1574/350/100 1559/339/143
f 1559/339/143 3321/339/103 3320/350/99
f 3321/339/103 1559/339/143 1560/340/148
f 1560/340/148 3322/340/90 3321/339/103
f 1559/437/143 1574/350/100 3317/350/100
f 3317/350/100 3286/437/100 1559/437/143
f 3324/399/104 3298/394/101 3270/391/91
f 3270/391/91 3325/398/93 3324/399/104
f 3289/426/90 3299/424/90 3297/394/153
f 3297/394/153 3287/399/99 3289/426/90
f 3291/423/111 3300/408/111 3299/405/111
f 3299/405/111 3289/413/111 3291/423/111
f 3302/356/143 1580/356/143 1577/353/143
f 1577/353/143 3301/353/143 3302/356/143
f 3327/400/148 1622/400/148 1619/397/148
f 1619/397/148 3328/397/148 3327/400/148
f 1619/397/143 3330/397/143 3329/378/143
f 3329/378/143 1600/378/143 1619/397/143
f 3308/413/148 1553/413/91 1554/413/91
f 1554/413/91 3307/413/91 3308/413/148
f 3315/347/91 1569/347/98 1570/347/101
f 1570/347/101 3316/347/91 3315/347/91
f 3316/347/106 1570/347/148 1555/422/93
f 1555/422/93 3313/422/105 3316/347/106
f 1616/394/110 3298/394/101 3324/399/104
f 3324/399/104 1621/399/143 1616/394/110
f 1620/398/143 1621/399/143 3324/399/104
f 3324/399/104 3325/398/93 1620/398/143
f 3309/420/94 1536/324/94 1537/325/94
f 1537/325/94 3240/418/94 3309/420/94
f 3240/418/94 1537/325/94 1538/326/94
f 1538/326/94 3332/439/94 3240/418/94
f 3232/401/94 1617/395/94 1618/396/94
f 1618/396/94 3276/424/94 3232/401/94
f 3290/426/122 3276/424/122 1612/425/94
f 1612/425/94 1543/427/94 3290/426/122
f 1548/428/94 1543/427/94 1612/425/94
f 1612/425/94 1596/429/94 1548/428/94
f 3236/407/94 1541/328/94 1542/328/94
f 1542/328/94 3240/407/94 3236/407/94
f 3290/426/94 1544/330/94 1545/331/94
f 1545/331/94 3291/432/94 3290/426/94
f 3310/423/94 1550/333/94 1551/334/94
f 1551/334/94 3311/421/94 3310/423/94
f 3279/421/94 1552/334/94 1549/333/94
f 1549/333/94 3278/423/118 3279/421/94
f 3300/410/94 1562/342/94 1563/343/94
f 1563/343/94 3272/402/94 3300/410/94
f 3272/402/124 1563/343/94 1564/344/94
f 1564/344/94 3273/403/150 3272/402/124
f 3274/407/94 1588/365/94 1589/366/94
f 1589/366/94 3312/408/94 3274/407/94
f 3312/420/94 1566/345/94 1567/346/94
f 1567/346/94 3274/418/94 3312/420/94
f 3274/418/94 1567/346/94 1568/346/94
f 1568/346/94 3275/418/94 3274/418/94
f 3275/418/108 1568/346/94 1565/345/94
f 1565/345/94 3293/420/108 3275/418/108
f 1594/440/94 1584/435/94 1587/434/94
f 1587/434/94 1591/441/94 1594/440/94
f 3240/407/143 3332/411/143 3253/439/143
f 3253/439/143 3239/418/143 3240/407/143
f 3333/439/91 3242/418/159 3318/351/130
f 3318/351/130 3319/352/145 3333/439/91
f 3334/448/91 3333/439/91 3319/352/145
f 3319/352/145 3335/380/90 3334/448/91
f 3336/442/148 3274/409/148 3242/418/159
f 3242/418/159 3333/443/91 3336/442/148
f 3337/444/148 3336/442/148 3333/443/91
f 3333/443/91 3334/445/91 3337/444/148
f 1573/349/148 1574/350/148 3320/350/148
f 3320/350/148 3338/349/148 1573/349/148
f 3339/379/100 1601/379/111 1602/380/111
f 1602/380/111 3340/380/100 3339/379/100
f 1602/380/143 1603/381/143 3267/381/143
f 3267/381/143 3335/380/143 1602/380/143
f 1576/352/143 1602/380/143 3335/380/143
f 3335/380/143 3319/352/143 1576/352/143
f 3340/380/100 3341/352/90 3338/349/90
f 3338/349/90 3339/379/100 3340/380/100
f 3342/382/90 3339/379/90 3323/376/90
f 3323/376/90 3331/377/90 3342/382/90
f 3343/375/90 3304/337/144 3301/353/90
f 3301/353/90 3344/386/90 3343/375/90
f 3338/349/120 3320/350/99 3321/339/103
f 3321/339/103 3322/340/90 3338/349/120
f 3323/376/90 3322/340/90 3345/337/93
f 3345/337/93 3346/375/93 3323/376/90
f 1597/375/143 3346/375/93 3345/337/93
f 3345/337/93 1557/337/143 1597/375/143
f 3303/338/91 3304/337/144 1557/337/148
f 1557/337/148 1558/338/148 3303/338/91
f 3344/386/143 3301/353/143 1577/353/143
f 1577/353/143 1608/386/143 3344/386/143
f 3347/448/147 3332/439/94 1538/326/94
f 1538/326/94 1581/357/94 3347/448/147
f 3348/453/147 3347/448/147 1581/357/94
f 1581/357/94 1595/371/94 3348/453/147
f 3233/404/94 3348/453/147 1595/371/94
f 1595/371/94 1611/373/94 3233/404/94
f 3274/407/94 3336/411/94 1590/364/94
f 1590/364/94 1588/365/94 3274/407/94
f 3351/354/90 3350/385/90 3349/386/91
f 3349/386/91 3352/353/91 3351/354/90
f 1577/353/148 3352/353/91 3349/386/91
f 3349/386/91 1608/386/148 1577/353/148
f 3332/411/143 3347/412/143 3257/448/145
f 3257/448/145 3253/439/145 3332/411/143
f 1573/349/99 3338/349/120 3341/352/106
f 3341/352/106 1576/352/103 1573/349/99
f 1583/447/94 1593/430/94 1582/431/94
f 1582/431/94 1535/446/94 1583/447/94
f 3322/340/90 3323/376/91 3339/379/90
f 3339/379/90 3338/349/120 3322/340/90
f 3304/337/148 3343/375/148 1597/375/148
f 1597/375/148 1557/337/148 3304/337/148
f 1557/337/106 3345/337/106 3322/340/106
f 3322/340/106 1560/340/106 1557/337/106
f 3336/411/94 3337/412/150 1592/370/94
f 1592/370/94 1590/364/94 3336/411/94
f 1547/452/94 1594/440/94 1591/441/94
f 1591/441/94 1609/449/94 1547/452/94
f 1606/384/148 1607/385/148 3256/385/148
f 3256/385/148 3258/384/148 1606/384/148
f 3331/377/143 3323/376/143 1598/376/143
f 1598/376/143 1599/377/143 3331/377/143
f 3353/378/90 3343/375/90 3344/386/90
f 3344/386/90 3354/383/90 3353/378/90
f 3354/383/143 3344/386/143 1608/386/104
f 1608/386/104 1605/383/93 3354/383/143
f 3355/320/143 3354/383/143 1605/383/143
f 1605/383/143 1530/320/143 3355/320/143
f 1605/383/148 3357/383/148 3356/320/125
f 3356/320/125 1530/320/100 1605/383/148
f 1530/320/100 3356/320/125 3358/319/121
f 3358/319/121 1529/319/104 1530/320/100
f 3326/317/143 3355/320/143 1530/320/100
f 1530/320/100 1527/317/93 3326/317/143
f 1593/430/94 1548/428/94 1596/429/94
f 1596/429/94 1582/431/94 1593/430/94
f 3347/412/147 3348/451/147 3259/453/143
f 3259/453/143 3257/448/143 3347/412/147
f 3335/380/90 3267/381/90 3268/453/90
f 3268/453/90 3334/448/90 3335/380/90
f 3359/319/90 3258/384/90 3259/451/93
f 3259/451/93 3234/403/93 3359/319/90
f 3334/445/148 3268/455/148 3360/454/136
f 3360/454/136 3337/444/150 3334/445/148
f 1604/382/91 1601/379/91 3339/379/148
f 3339/379/148 3342/382/148 1604/382/91
f 1600/378/148 1597/375/148 3343/375/148
f 3343/375/148 3353/378/92 1600/378/148
f 1619/397/148 1600/378/148 3353/378/92
f 3353/378/92 3328/397/91 1619/397/148
f 1600/378/106 3329/378/106 3331/377/106
f 3331/377/106 1599/377/106 1600/378/106
f 3330/397/100 1619/397/111 1620/398/111
f 1620/398/111 3325/398/100 3330/397/100
f 3337/412/150 3360/451/136 1610/390/94
f 1610/390/94 1592/370/94 3337/412/150
f 1546/456/94 1547/452/94 1609/449/94
f 1609/449/94 1561/450/94 1546/456/94
f 1529/319/148 1606/384/148 3258/384/148
f 3258/384/148 3359/319/148 1529/319/148
f 3325/398/100 3331/377/90 3329/378/90
f 3329/378/90 3330/397/100 3325/398/100
f 3271/392/90 3361/381/90 3342/382/90
f 3342/382/90 3270/391/90 3271/392/90
f 3328/397/91 3353/378/92 3354/383/90
f 3354/383/90 3355/320/90 3328/397/91
f 3362/384/90 3358/319/90 3356/320/90
f 3356/320/90 3357/383/90 3362/384/90
f 3327/400/90 3328/397/90 3355/320/90
f 3355/320/90 3326/317/90 3327/400/90
f 3348/451/143 3233/403/143 3234/404/93
f 3234/404/93 3259/453/93 3348/451/143
f 1603/381/143 1614/392/143 3266/392/143
f 3266/392/143 3267/381/143 1603/381/143
f 3268/455/91 3263/416/91 3273/417/148
f 3273/417/148 3360/454/148 3268/455/91
f 3331/377/90 3325/398/90 3270/391/91
f 3270/391/91 3342/382/91 3331/377/90
f 3360/451/94 3273/403/150 1564/344/94
f 1564/344/94 1610/390/94 3360/451/94
f 3251/318/91 3359/319/91 3234/403/90
f 3234/403/90 3231/402/90 3251/318/91
f 3232/401/94 3233/404/94 1611/373/94
f 1611/373/94 1617/395/94 3232/401/94
f 3291/432/94 1546/456/94 1561/450/94
f 1561/450/94 3300/410/94 3291/432/94
f 1528/318/148 1529/319/148 3359/319/91
f 3359/319/91 3251/318/91 1528/318/148
f 1598/376/100 3323/376/111 3346/375/111
f 3346/375/111 1597/375/100 1598/376/100
f 1576/352/148 3341/352/148 3340/380/148
f 3340/380/148 1602/380/148 1576/352/148
f 1607/385/104 3350/385/121 3351/354/105
f 3351/354/105 1578/354/105 1607/385/104
f 1578/354/105 3351/354/105 3352/353/106
f 3352/353/106 1577/353/106 1578/354/105
f 1608/386/104 3349/386/111 3350/385/121
f 3350/385/121 1607/385/104 1608/386/104
f 1603/381/148 3361/381/148 3271/392/148
f 3271/392/148 1614/392/148 1603/381/148
f 1604/382/106 3342/382/106 3361/381/106
f 3361/381/106 1603/381/106 1604/382/106
f 1529/319/104 3358/319/121 3362/384/143
f 3362/384/143 1606/384/143 1529/319/104
f 1606/384/106 3362/384/106 3357/383/106
f 3357/383/106 1605/383/106 1606/384/106
f 3365/403/143 3364/402/143 3363/401/143
f 3363/401/143 3366/404/143 3365/403/143
f 3369/407/94 3368/406/94 3367/405/94
f 3367/405/94 3370/408/94 3369/407/94
f 3373/348/106 3372/409/110 3371/409/110
f 3371/409/110 3374/348/106 3373/348/106
f 3376/322/106 3375/321/153 3367/405/138
f 3367/405/138 3368/406/105 3376/322/106
f 1629/322/110 3376/322/148 3377/322/136
f 3377/322/136 1628/322/109 1629/322/110
f 1628/322/109 3377/322/136 3378/321/94
f 3378/321/94 1627/321/108 1628/322/109
f 3376/322/106 3368/406/106 3379/406/106
f 3379/406/106 3377/322/106 3376/322/106
f 3374/348/143 1665/348/105 1666/348/105
f 1666/348/105 3373/348/143 3374/348/143
f 3380/347/106 3374/348/106 3371/409/106
f 3371/409/106 3381/419/106 3380/347/106
f 3373/348/106 3383/347/106 3382/419/106
f 3382/419/106 3372/409/106 3373/348/106
f 3385/318/108 3363/402/106 3384/410/106
f 3384/410/106 3386/317/138 3385/318/108
f 1624/318/94 3385/318/108 3386/317/138
f 3386/317/138 1623/317/94 1624/318/94
f 3390/355/106 3379/407/106 3389/411/106
f 3389/411/106 3391/354/106 3390/355/106
f 3390/355/110 3393/356/96 3392/408/106
f 3392/408/106 3379/407/116 3390/355/110
f 3396/393/105 3395/401/106 3394/404/106
f 3394/404/106 3397/392/105 3396/393/105
f 1713/393/143 3396/393/105 3397/392/105
f 3397/392/105 1712/392/143 1713/393/143
f 3369/407/161 3398/407/160 3379/406/116
f 3379/406/116 3368/406/105 3369/407/161
f 1629/322/90 1630/321/90 3375/321/90
f 3375/321/90 3376/322/90 1629/322/90
f 1673/355/90 1674/356/90 3393/356/90
f 3393/356/90 3390/355/90 1673/355/90
f 1673/355/110 3390/355/110 3391/354/110
f 3391/354/110 1672/354/110 1673/355/110
f 3377/322/106 3379/406/106 3392/405/106
f 3392/405/106 3378/321/106 3377/322/106
f 3394/416/148 3395/407/91 3399/406/91
f 3399/406/91 3400/417/148 3394/416/148
f 3371/418/110 3372/407/110 3401/406/162
f 3401/406/162 3402/409/148 3371/418/110
f 3364/418/90 3403/420/90 3384/419/90
f 3384/419/90 3363/409/90 3364/418/90
f 3406/421/94 3405/423/94 3404/413/94
f 3404/413/94 3407/422/94 3406/421/94
f 3407/422/138 3404/413/138 3408/335/163
f 3408/335/163 3409/336/153 3407/422/138
f 3409/336/90 3408/335/90 1648/335/90
f 1648/335/90 1649/336/90 3409/336/90
f 1650/336/94 1647/335/94 3410/335/94
f 3410/335/94 3411/336/94 1650/336/94
f 3411/336/138 3410/335/139 3412/413/106
f 3412/413/106 3413/422/106 3411/336/138
f 3413/421/106 3412/423/106 3414/338/153
f 3414/338/153 3415/339/153 3413/421/106
f 3415/339/90 3414/338/90 1652/338/90
f 1652/338/90 1653/339/90 3415/339/90
f 1717/399/113 1718/400/108 3416/400/94
f 3416/400/94 3417/399/94 1717/399/113
f 3417/399/138 3416/400/106 3418/432/106
f 3418/432/106 3419/426/106 3417/399/138
f 3419/413/90 3418/422/90 3420/421/90
f 3420/421/90 3421/423/90 3419/413/90
f 3402/418/134 3422/420/122 3381/419/94
f 3381/419/94 3371/409/94 3402/418/134
f 3374/348/90 3380/347/90 1664/347/90
f 1664/347/90 1665/348/90 3374/348/90
f 1666/348/94 1663/347/94 3383/347/94
f 3383/347/94 3373/348/94 1666/348/94
f 3372/418/106 3382/420/106 3423/350/106
f 3423/350/106 3424/351/106 3372/418/106
f 3424/351/90 3423/350/90 1668/350/90
f 1668/350/90 1669/351/90 3424/351/90
f 1713/393/94 1714/394/94 3425/394/94
f 3425/394/94 3396/393/94 1713/393/94
f 3396/393/106 3425/394/106 3426/424/106
f 3426/424/106 3395/401/106 3396/393/106
f 3395/406/91 3426/405/90 3427/408/90
f 3427/408/90 3399/407/91 3395/406/91
f 3430/338/106 3429/356/106 3428/353/106
f 3428/353/106 3431/337/106 3430/338/106
f 3434/413/106 3433/321/106 3432/321/106
f 3432/321/106 3435/413/106 3434/413/106
f 1708/425/111 1639/427/111 3420/426/111
f 3420/426/111 3403/424/111 1708/425/111
f 1710/396/111 3403/424/111 3364/401/111
f 3364/401/111 1709/395/111 1710/396/111
f 3405/423/134 3370/408/134 3367/405/138
f 3367/405/138 3404/413/138 3405/423/134
f 3404/413/138 3367/405/138 3375/321/153
f 3375/321/153 3408/335/163 3404/413/138
f 1648/413/98 3434/413/163 3435/413/139
f 3435/413/139 1647/413/112 1648/413/98
f 3410/335/139 3378/321/118 3392/405/106
f 3392/405/106 3412/413/106 3410/335/139
f 3416/400/106 3386/317/138 3384/410/106
f 3384/410/106 3418/432/106 3416/400/106
f 3412/423/106 3392/408/106 3393/356/96
f 3393/356/96 3414/338/153 3412/423/106
f 3437/433/111 3436/408/111 3370/408/134
f 3370/408/134 3405/433/134 3437/433/111
f 3418/422/90 3384/419/90 3403/420/90
f 3403/420/90 3420/421/90 3418/422/90
f 1683/434/111 1680/435/111 3438/423/111
f 3438/423/111 3439/408/111 1683/434/111
f 1686/366/111 3439/408/111 3401/407/162
f 3401/407/162 1685/365/111 1686/366/111
f 3406/436/134 3422/420/122 3439/420/111
f 3439/420/111 3438/436/111 3406/436/134
f 3439/420/111 1660/345/111 1661/346/111
f 1661/346/111 3401/418/162 3439/420/111
f 3422/420/122 3406/421/134 3407/422/138
f 3407/422/138 3381/419/108 3422/420/122
f 3381/419/108 3407/422/138 3409/336/153
f 3409/336/153 3380/347/99 3381/419/108
f 3380/347/99 3409/422/153 1649/422/105
f 1649/422/105 1664/347/148 3380/347/99
f 3440/347/109 1664/347/148 1649/422/105
f 1649/422/105 3441/422/113 3440/347/109
f 1663/347/148 1650/422/105 3411/422/138
f 3411/422/138 3383/347/108 1663/347/148
f 3413/422/106 3382/419/106 3383/347/108
f 3383/347/108 3411/336/138 3413/422/106
f 3415/339/153 3423/350/99 3382/420/106
f 3382/420/106 3413/421/106 3415/339/153
f 3423/350/99 3415/437/153 1653/437/148
f 1653/437/148 1668/350/148 3423/350/99
f 3442/350/108 1668/350/148 1653/339/148
f 1653/339/148 3443/339/108 3442/350/108
f 3446/399/106 3445/394/110 3444/391/110
f 3444/391/110 3447/398/106 3446/399/106
f 3417/438/138 3425/394/108 1714/394/94
f 1714/394/94 1717/438/94 3417/438/138
f 3419/426/106 3426/424/106 3425/394/108
f 3425/394/108 3417/399/138 3419/426/106
f 3421/423/90 3427/408/90 3426/405/90
f 3426/405/90 3419/413/90 3421/423/90
f 3429/356/96 1674/356/103 1671/353/105
f 1671/353/105 3428/353/143 3429/356/96
f 3388/400/110 1718/400/148 1715/397/148
f 1715/397/148 3448/397/164 3388/400/110
f 3388/400/110 3448/397/164 3449/320/106
f 3449/320/106 3387/317/106 3388/400/110
f 3433/321/143 1630/321/143 1627/321/143
f 1627/321/143 3432/321/143 3433/321/143
f 3441/422/113 1649/422/105 1650/422/105
f 1650/422/105 3450/422/103 3441/422/113
f 3450/422/103 1650/422/105 1663/347/148
f 1663/347/148 3451/347/98 3450/422/103
f 3440/347/109 3441/422/113 3450/422/103
f 3450/422/103 3451/347/98 3440/347/109
f 3451/347/98 1663/347/148 1664/347/148
f 1664/347/148 3440/347/109 3451/347/98
f 3445/394/110 1714/394/148 1711/391/148
f 1711/391/148 3444/391/110 3445/394/110
f 3444/391/90 1711/391/90 1712/392/90
f 1712/392/90 3452/392/90 3444/391/90
f 3443/339/143 1653/339/143 1654/340/143
f 1654/340/143 3453/340/143 3443/339/143
f 3446/399/90 1717/399/90 1714/394/90
f 1714/394/90 3445/394/90 3446/399/90
f 3436/420/111 1632/324/111 1633/325/111
f 1633/325/111 3398/418/160 3436/420/111
f 3398/418/160 1633/325/111 1634/326/111
f 1634/326/111 3455/439/161 3398/418/160
f 1631/446/111 3436/420/111 3437/421/111
f 3437/421/111 1677/447/111 1631/446/111
f 1638/328/111 3398/407/160 3369/407/161
f 3369/407/161 1637/328/111 1638/328/111
f 1637/328/111 3369/407/161 3370/408/134
f 3370/408/134 1636/327/111 1637/328/111
f 3420/426/111 1640/330/111 1641/331/111
f 1641/331/111 3421/432/111 3420/426/111
f 3438/423/111 1678/361/111 1679/362/111
f 1679/362/111 3437/421/111 3438/423/111
f 3437/423/111 1644/333/111 1645/334/111
f 1645/334/111 3438/421/111 3437/423/111
f 3406/421/134 1646/334/111 1643/333/111
f 1643/333/111 3405/423/134 3406/421/134
f 3427/410/111 1656/342/111 1657/343/111
f 1657/343/111 3399/402/111 3427/410/111
f 3399/402/111 1657/343/111 1658/344/111
f 1658/344/111 3400/403/111 3399/402/111
f 3401/418/111 1661/346/111 1662/346/111
f 1662/346/111 3402/418/134 3401/418/111
f 3402/418/134 1662/346/111 1659/345/111
f 1659/345/111 3422/420/122 3402/418/134
f 1682/440/111 1680/435/111 1683/434/111
f 1683/434/111 1687/441/111 1682/440/111
f 3398/407/160 3455/411/161 3389/439/105
f 3389/439/105 3379/418/116 3398/407/160
f 3456/385/164 3391/354/110 3389/411/105
f 3389/411/105 3457/412/165 3456/385/164
f 3458/439/164 3372/418/110 3424/351/105
f 3424/351/105 3459/352/105 3458/439/164
f 3460/448/106 3458/439/164 3459/352/105
f 3459/352/105 3461/380/105 3460/448/106
f 3461/380/105 3459/352/105 1670/352/143
f 1670/352/143 1696/380/143 3461/380/105
f 1669/351/143 1670/352/143 3459/352/105
f 3459/352/105 3424/351/105 1669/351/143
f 1701/385/148 1672/354/148 3391/354/148
f 3391/354/148 3456/385/148 1701/385/148
f 3462/385/99 1701/385/90 1702/386/90
f 1702/386/90 3463/386/99 3462/385/99
f 3372/418/110 3458/443/164 3464/442/125
f 3464/442/125 3401/409/162 3372/418/110
f 1667/349/110 1668/350/110 3442/350/148
f 3442/350/148 3465/349/148 1667/349/110
f 3454/376/106 3453/340/106 3467/337/106
f 3467/337/106 3468/375/106 3454/376/106
f 3470/380/99 3469/352/106 3465/349/106
f 3465/349/106 3466/379/99 3470/380/99
f 3471/375/106 3431/337/106 3428/353/106
f 3428/353/106 3472/386/106 3471/375/106
f 3465/349/106 3442/350/108 3443/339/108
f 3443/339/108 3453/340/106 3465/349/106
f 3466/379/106 3465/349/106 3453/340/106
f 3453/340/106 3454/376/106 3466/379/106
f 3472/386/143 3428/353/143 1671/353/143
f 1671/353/143 1702/386/143 3472/386/143
f 3430/338/91 3431/337/148 1651/337/110
f 1651/337/110 1652/338/98 3430/338/91
f 3473/448/161 3455/439/161 1634/326/111
f 1634/326/111 1675/357/111 3473/448/161
f 3474/453/121 3473/448/161 1675/357/111
f 1675/357/111 1689/371/111 3474/453/121
f 3401/407/162 3464/411/125 1684/364/111
f 1684/364/111 1685/365/111 3401/407/162
f 3475/354/106 3462/385/99 3463/386/99
f 3463/386/99 3476/353/106 3475/354/106
f 3455/411/143 3473/412/143 3457/448/143
f 3457/448/143 3389/439/143 3455/411/143
f 3477/384/164 3456/385/164 3457/412/165
f 3457/412/165 3478/451/165 3477/384/164
f 3479/444/166 3464/442/125 3458/443/148
f 3458/443/148 3460/445/115 3479/444/166
f 3480/454/148 3479/444/166 3460/445/115
f 3460/445/115 3481/455/164 3480/454/148
f 1677/447/111 1681/430/111 1676/431/111
f 1676/431/111 1631/446/111 1677/447/111
f 1691/375/148 1651/337/148 3431/337/148
f 3431/337/148 3471/375/115 1691/375/148
f 1694/378/148 1691/375/148 3471/375/115
f 3471/375/115 3482/378/164 1694/378/148
f 3464/411/125 3479/412/166 1688/370/111
f 1688/370/111 1684/364/111 3464/411/125
f 1704/452/111 1682/440/111 1687/441/111
f 1687/441/111 1705/449/111 1704/452/111
f 1700/384/110 1701/385/110 3456/385/164
f 3456/385/164 3477/384/164 1700/384/110
f 3483/377/94 3454/376/93 1692/376/103
f 1692/376/103 1693/377/108 3483/377/94
f 3482/378/164 3471/375/115 3472/386/106
f 3472/386/106 3484/383/106 3482/378/164
f 3484/383/143 3472/386/143 1702/386/105
f 1702/386/105 1699/383/105 3484/383/143
f 3473/412/161 3474/451/121 3478/453/165
f 3478/453/165 3457/448/165 3473/412/161
f 3481/453/164 3460/448/115 3461/380/105
f 3461/380/105 3485/381/165 3481/453/164
f 3394/404/106 3481/453/164 3485/381/165
f 3485/381/165 3397/392/106 3394/404/106
f 3485/381/165 3461/380/105 1696/380/143
f 1696/380/143 1697/381/143 3485/381/165
f 1697/381/148 3486/381/148 3452/392/148
f 3452/392/148 1712/392/148 1697/381/148
f 3487/319/106 3477/384/164 3478/451/165
f 3478/451/165 3366/403/106 3487/319/106
f 1698/382/148 1695/379/148 3466/379/148
f 3466/379/148 3488/382/148 1698/382/148
f 3365/404/121 3474/453/121 1689/371/111
f 1689/371/111 1707/373/111 3365/404/121
f 1681/430/111 1703/428/111 1690/429/111
f 1690/429/111 1676/431/111 1681/430/111
f 3454/376/106 3483/377/106 3488/382/106
f 3488/382/106 3466/379/106 3454/376/106
f 3479/412/111 3480/451/111 1706/390/111
f 1706/390/111 1688/370/111 3479/412/111
f 1642/456/111 1704/452/111 1705/449/111
f 1705/449/111 1655/450/111 1642/456/111
f 3446/399/143 3447/398/143 1716/398/105
f 1716/398/105 1717/399/113 3446/399/143
f 3447/398/99 3483/377/106 3489/378/106
f 3489/378/106 3490/397/99 3447/398/99
f 3452/392/106 3486/381/108 3488/382/108
f 3488/382/108 3444/391/106 3452/392/106
f 3444/391/106 3488/382/106 3483/377/106
f 3483/377/106 3447/398/106 3444/391/106
f 3448/397/164 3482/378/164 3484/383/106
f 3484/383/106 3449/320/106 3448/397/164
f 3449/320/143 3484/383/143 1699/383/143
f 1699/383/143 1626/320/107 3449/320/143
f 3491/320/99 3493/383/106 3492/384/106
f 3492/384/106 3494/319/99 3491/320/99
f 1626/320/107 3491/320/99 3494/319/99
f 3494/319/99 1625/319/99 1626/320/107
f 3474/451/121 3365/403/121 3366/404/143
f 3366/404/143 3478/453/143 3474/451/121
f 1697/381/143 1712/392/143 3397/392/143
f 3397/392/143 3485/381/143 1697/381/143
f 3486/381/108 1697/381/94 1698/382/94
f 1698/382/94 3488/382/108 3486/381/108
f 3481/455/148 3394/416/148 3400/417/148
f 3400/417/148 3480/454/148 3481/455/148
f 1703/428/111 1639/427/111 1708/425/111
f 1708/425/111 1690/429/111 1703/428/111
f 3482/378/148 3448/397/148 1715/397/148
f 1715/397/148 1694/378/148 3482/378/148
f 3489/378/143 1694/378/148 1715/397/148
f 1715/397/148 3490/397/143 3489/378/143
f 3480/451/111 3400/403/111 1658/344/111
f 1658/344/111 1706/390/111 3480/451/111
f 3385/318/106 3487/319/106 3366/403/106
f 3366/403/106 3363/402/106 3385/318/106
f 3364/401/111 3365/404/111 1707/373/111
f 1707/373/111 1709/395/111 3364/401/111
f 3421/432/111 1642/456/111 1655/450/111
f 1655/450/111 3427/410/111 3421/432/111
f 1624/318/148 1625/319/148 3487/319/148
f 3487/319/148 3385/318/148 1624/318/148
f 3477/384/148 3487/319/148 1625/319/148
f 1625/319/148 1700/384/94 3477/384/148
f 3492/384/135 1700/384/94 1625/319/148
f 1625/319/148 3494/319/143 3492/384/135
f 1700/384/94 3492/384/135 3493/383/94
f 3493/383/94 1699/383/94 1700/384/94
f 3387/317/143 3449/320/143 1626/320/107
f 1626/320/107 1623/317/105 3387/317/143
f 1692/376/103 3454/376/93 3468/375/90
f 3468/375/90 1691/375/99 1692/376/103
f 1691/375/143 3468/375/143 3467/337/135
f 3467/337/135 1651/337/135 1691/375/143
f 1651/337/135 3467/337/135 3453/340/94
f 3453/340/94 1654/340/94 1651/337/135
f 3470/380/148 1696/380/148 1670/352/136
f 1670/352/136 3469/352/136 3470/380/148
f 3469/352/136 1670/352/136 1667/349/94
f 1667/349/94 3465/349/94 3469/352/136
f 1696/380/99 3470/380/99 3466/379/99
f 3466/379/99 1695/379/99 1696/380/99
f 1701/385/143 3462/385/143 3475/354/135
f 3475/354/135 1672/354/135 1701/385/143
f 1672/354/135 3475/354/135 3476/353/136
f 3476/353/136 1671/353/136 1672/354/135
f 1671/353/136 3476/353/136 3463/386/148
f 3463/386/148 1702/386/148 1671/353/136
f 1716/398/90 3447/398/99 3490/397/99
f 3490/397/99 1715/397/90 1716/398/90
f 1694/378/108 3489/378/94 3483/377/94
f 3483/377/94 1693/377/108 1694/378/108
f 1699/383/148 3493/383/148 3491/320/148
f 3491/320/148 1626/320/148 1699/383/148
f 3497/403/135 3496/402/135 3495/401/143
f 3495/401/143 3498/404/143 3497/403/135
f 3499/405/99 3501/408/106 3500/407/105
f 3500/407/105 3502/406/167 3499/405/99
f 3499/405/99 3502/406/167 3503/322/144
f 3503/322/144 3504/321/90 3499/405/99
f 3503/322/144 3502/406/167 3505/406/93
f 3505/406/93 3506/322/91 3503/322/144
f 1725/322/148 3503/322/144 3506/322/91
f 3506/322/91 1724/322/148 1725/322/148
f 3507/321/120 1723/321/99 1724/322/99
f 1724/322/99 3506/322/99 3507/321/120
f 3508/405/90 3507/321/120 3506/322/99
f 3506/322/99 3505/406/90 3508/405/90
f 3509/335/90 3507/321/120 3508/405/90
f 3508/405/90 3510/413/90 3509/335/90
f 3512/318/90 3495/402/90 3511/410/90
f 3511/410/90 3513/317/90 3512/318/90
f 3515/355/101 3505/407/90 3514/411/145
f 3514/411/145 3516/354/91 3515/355/101
f 1771/355/125 3515/355/101 3516/354/91
f 3516/354/91 1770/354/148 1771/355/125
f 3517/356/111 3515/355/101 1771/355/125
f 1771/355/125 1772/356/111 3517/356/111
f 1799/385/148 1770/354/148 3516/354/91
f 3516/354/91 3518/385/91 1799/385/148
f 3515/355/90 3517/356/90 3508/408/90
f 3508/408/90 3505/407/90 3515/355/90
f 3521/393/99 3520/401/101 3519/404/91
f 3519/404/91 3522/392/90 3521/393/99
f 3505/406/93 3502/406/167 3500/407/105
f 3500/407/105 3523/407/143 3505/406/93
f 3504/321/111 3503/322/111 1725/322/100
f 1725/322/100 1726/321/100 3504/321/111
f 3526/413/90 3499/405/90 3504/321/90
f 3504/321/90 3525/335/90 3526/413/90
f 3527/336/111 3525/335/111 1746/335/111
f 1746/335/111 1747/336/111 3527/336/111
f 1720/318/99 3512/318/106 3513/317/106
f 3513/317/106 1719/317/99 1720/318/99
f 1809/393/93 3521/393/143 3522/392/143
f 3522/392/143 1808/392/104 1809/393/93
f 1808/392/104 3529/392/111 3528/391/111
f 3528/391/111 1807/391/100 1808/392/104
f 1796/382/106 3530/382/106 3531/381/106
f 3531/381/106 1795/381/106 1796/382/106
f 3519/416/91 3520/407/101 3532/406/124
f 3532/406/124 3533/417/136 3519/416/91
f 3536/418/144 3535/407/144 3534/406/148
f 3534/406/148 3537/409/148 3536/418/144
f 3496/418/111 3538/420/111 3511/419/111
f 3511/419/111 3495/409/111 3496/418/111
f 3526/413/99 3540/422/120 3539/421/108
f 3539/421/108 3541/423/108 3526/413/99
f 1741/333/94 3541/423/108 3539/421/108
f 3539/421/108 1744/334/94 1741/333/94
f 3540/422/120 3526/413/99 3525/335/91
f 3525/335/91 3527/336/154 3540/422/120
f 3542/419/90 3540/422/120 3527/336/154
f 3527/336/154 3543/347/152 3542/419/90
f 3543/347/152 3527/422/154 1747/422/93
f 1747/422/93 1762/347/125 3543/347/152
f 3544/347/98 1762/347/125 1747/422/93
f 1747/422/93 3545/422/103 3544/347/98
f 3544/347/98 3545/422/103 3546/422/104
f 3546/422/104 3547/347/101 3544/347/98
f 1762/347/125 3544/347/98 3547/347/101
f 3547/347/101 1761/347/110 1762/347/125
f 1761/347/110 3547/347/101 3546/422/104
f 3546/422/104 1748/422/93 1761/347/110
f 1761/347/110 1748/422/93 3548/422/120
f 3548/422/120 3549/347/153 1761/347/110
f 3551/422/90 3550/419/90 3549/347/153
f 3549/347/153 3548/336/120 3551/422/90
f 1748/336/106 1745/335/106 3509/335/106
f 3509/335/106 3548/336/106 1748/336/106
f 3548/336/120 3509/335/91 3510/413/90
f 3510/413/90 3551/422/90 3548/336/120
f 3551/421/90 3510/423/90 3552/338/90
f 3552/338/90 3553/339/154 3551/421/90
f 3553/339/111 3552/338/111 1750/338/111
f 1750/338/111 1751/339/111 3553/339/111
f 1813/399/106 1814/400/106 3554/400/120
f 3554/400/120 3555/399/99 1813/399/106
f 3556/432/90 3557/426/90 3555/399/99
f 3555/399/99 3554/400/120 3556/432/90
f 3511/410/90 3556/432/90 3554/400/120
f 3554/400/120 3513/317/90 3511/410/90
f 3557/413/152 3556/422/111 3558/421/122
f 3558/421/122 3559/423/134 3557/413/152
f 3537/418/106 3560/420/106 3542/419/106
f 3542/419/106 3536/409/106 3537/418/106
f 3536/409/144 3542/419/90 3543/347/90
f 3543/347/90 3561/348/90 3536/409/144
f 3536/409/144 3561/348/90 3562/348/90
f 3562/348/90 3535/409/144 3536/409/144
f 3550/419/90 3535/409/144 3562/348/90
f 3562/348/90 3549/347/90 3550/419/90
f 3561/348/121 3543/347/152 1762/347/125
f 1762/347/125 1763/348/121 3561/348/121
f 3561/348/121 1763/348/121 1764/348/105
f 1764/348/105 3562/348/105 3561/348/121
f 3549/347/153 3562/348/105 1764/348/105
f 1764/348/105 1761/347/110 3549/347/153
f 3535/418/90 3550/420/90 3563/350/100
f 3563/350/100 3564/351/130 3535/418/90
f 3564/351/130 3563/350/100 1766/350/125
f 1766/350/125 1767/351/121 3564/351/130
f 3565/394/153 3521/393/99 1809/393/106
f 1809/393/106 1810/394/110 3565/394/153
f 3566/399/100 1813/399/148 1810/394/110
f 1810/394/110 3567/394/101 3566/399/100
f 3567/394/101 1810/394/110 1807/391/148
f 1807/391/148 3528/391/91 3567/394/101
f 3521/393/90 3565/394/90 3568/424/90
f 3568/424/90 3520/401/90 3521/393/90
f 3520/406/101 3568/405/152 3569/408/111
f 3569/408/111 3532/407/124 3520/406/101
f 3572/338/90 3571/356/90 3570/353/90
f 3570/353/90 3573/337/90 3572/338/90
f 3576/413/90 3575/321/90 3574/321/99
f 3574/321/99 3577/413/99 3576/413/90
f 3558/426/94 3538/424/94 1804/425/94
f 1804/425/94 1735/427/94 3558/426/94
f 1740/428/94 1735/427/94 1804/425/94
f 1804/425/94 1788/429/94 1740/428/94
f 3499/405/106 3526/413/106 3541/423/108
f 3541/423/108 3501/408/118 3499/405/106
f 3578/433/94 3524/408/94 3501/408/118
f 3501/408/118 3541/433/108 3578/433/94
f 3501/408/118 1732/327/94 1733/328/94
f 1733/328/94 3500/407/94 3501/408/118
f 3500/407/94 1733/328/94 1734/328/94
f 1734/328/94 3523/407/94 3500/407/94
f 3510/423/90 3508/408/90 3517/356/104
f 3517/356/104 3552/338/100 3510/423/90
f 3556/422/111 3511/419/111 3538/420/111
f 3538/420/111 3558/421/111 3556/422/111
f 3580/423/94 3579/408/94 1781/434/94
f 1781/434/94 1778/435/94 3580/423/94
f 3579/420/94 3580/436/94 3539/436/94
f 3539/436/94 3560/420/94 3579/420/94
f 1757/345/94 3560/420/94 3537/418/94
f 3537/418/94 1760/346/94 1757/345/94
f 3540/422/106 3542/419/106 3560/420/106
f 3560/420/106 3539/421/106 3540/422/106
f 3553/339/154 3563/350/100 3550/420/90
f 3550/420/90 3551/421/90 3553/339/154
f 3563/350/100 3553/437/154 1751/437/148
f 1751/437/148 1766/350/125 3563/350/100
f 3581/350/110 1766/350/125 1751/339/148
f 1751/339/148 3582/339/106 3581/350/110
f 1765/349/148 1766/350/125 3581/350/110
f 3581/350/110 3583/349/148 1765/349/148
f 1796/382/91 1793/379/91 3584/379/144
f 3584/379/144 3530/382/91 1796/382/91
f 3584/379/144 3583/349/90 3585/340/90
f 3585/340/90 3586/376/90 3584/379/144
f 3530/382/91 3584/379/144 3586/376/90
f 3586/376/90 3587/377/90 3530/382/91
f 3566/399/100 3567/394/101 3528/391/91
f 3528/391/91 3588/398/90 3566/399/100
f 3555/438/99 3565/394/153 1810/394/110
f 1810/394/110 1813/438/148 3555/438/99
f 3557/426/152 3568/424/152 3565/394/153
f 3565/394/153 3555/399/99 3557/426/152
f 3559/423/134 3569/408/111 3568/405/152
f 3568/405/152 3557/413/152 3559/423/134
f 3571/356/104 1772/356/104 1769/353/103
f 1769/353/103 3570/353/143 3571/356/104
f 3589/353/99 1769/353/103 1770/354/99
f 1770/354/99 3590/354/99 3589/353/99
f 1799/385/143 3591/385/143 3590/354/143
f 3590/354/143 1770/354/143 1799/385/143
f 3593/400/148 1814/400/148 1811/397/148
f 1811/397/148 3594/397/148 3593/400/148
f 1749/337/92 1750/338/91 3572/338/148
f 3572/338/148 3573/337/92 1749/337/92
f 1723/321/143 3574/321/143 3575/321/143
f 3575/321/143 1726/321/143 1723/321/143
f 3577/413/91 1745/413/91 1746/413/91
f 1746/413/91 3576/413/91 3577/413/91
f 3545/422/103 1747/422/93 1748/422/93
f 1748/422/93 3546/422/104 3545/422/103
f 3582/339/93 1751/339/143 1752/340/143
f 1752/340/143 3585/340/93 3582/339/93
f 3524/420/94 1728/324/94 1729/325/94
f 1729/325/94 3523/418/94 3524/420/94
f 1727/446/94 3524/420/94 3578/421/94
f 3578/421/94 1775/447/94 1727/446/94
f 3523/418/135 1729/325/94 1730/326/94
f 1730/326/94 3595/439/135 3523/418/135
f 3496/401/94 1805/395/94 1806/396/94
f 1806/396/94 3538/424/94 3496/401/94
f 3558/426/122 1736/330/94 1737/331/94
f 1737/331/94 3559/432/134 3558/426/122
f 3580/423/94 1776/361/94 1777/362/94
f 1777/362/94 3578/421/94 3580/423/94
f 3578/423/94 1742/333/94 1743/334/94
f 1743/334/94 3580/421/94 3578/423/94
f 3569/410/94 1754/342/94 1755/343/94
f 1755/343/94 3532/402/94 3569/410/94
f 3532/402/124 1755/343/94 1756/344/94
f 1756/344/94 3533/403/136 3532/402/124
f 3534/407/94 1783/365/94 1784/366/94
f 1784/366/94 3579/408/94 3534/407/94
f 1759/346/94 3534/418/94 3579/420/94
f 3579/420/94 1758/345/94 1759/346/94
f 1780/440/94 1778/435/94 1781/434/94
f 1781/434/94 1785/441/94 1780/440/94
f 3523/407/135 3595/411/135 3514/439/143
f 3514/439/143 3505/418/143 3523/407/135
f 3518/385/91 3516/354/91 3514/411/145
f 3514/411/145 3596/412/102 3518/385/91
f 3564/351/130 3598/352/102 3597/439/90
f 3597/439/90 3535/418/90 3564/351/130
f 3598/352/102 3564/351/130 1767/351/121
f 1767/351/121 1768/352/143 3598/352/102
f 3599/380/143 3598/352/102 1768/352/143
f 1768/352/143 1794/380/143 3599/380/143
f 3535/418/148 3597/443/148 3600/442/136
f 3600/442/136 3534/409/136 3535/418/148
f 3586/376/90 3585/340/90 3601/337/90
f 3601/337/90 3602/375/90 3586/376/90
f 3604/380/90 3603/352/90 3583/349/91
f 3583/349/91 3584/379/91 3604/380/90
f 3582/339/93 3585/340/93 3583/349/90
f 3583/349/90 3581/350/90 3582/339/93
f 3605/386/145 3570/353/93 1769/353/143
f 1769/353/143 1800/386/143 3605/386/145
f 3606/448/135 3595/439/135 1730/326/94
f 1730/326/94 1773/357/94 3606/448/135
f 3607/453/147 3606/448/135 1773/357/94
f 1773/357/94 1787/371/94 3607/453/147
f 3497/404/94 3607/453/147 1787/371/94
f 1787/371/94 1803/373/94 3497/404/94
f 3534/407/136 3600/411/136 1782/364/94
f 1782/364/94 1783/365/94 3534/407/136
f 3590/354/99 3591/385/90 3608/386/90
f 3608/386/90 3589/353/99 3590/354/99
f 3596/448/102 3514/439/145 3595/411/135
f 3595/411/135 3606/412/135 3596/448/102
f 3609/453/143 3596/448/102 3606/412/135
f 3606/412/135 3607/451/147 3609/453/143
f 3610/384/91 3518/385/91 3596/412/90
f 3596/412/90 3609/451/145 3610/384/91
f 3611/319/144 3610/384/91 3609/451/145
f 3609/451/145 3498/403/145 3611/319/144
f 3598/352/90 3599/380/145 3612/448/90
f 3612/448/90 3597/439/90 3598/352/90
f 3613/444/136 3600/442/136 3597/443/148
f 3597/443/148 3612/445/148 3613/444/136
f 3614/454/136 3613/444/136 3612/445/148
f 3612/445/148 3615/455/148 3614/454/136
f 1774/431/94 1727/446/94 1775/447/94
f 1775/447/94 1779/430/94 1774/431/94
f 1788/429/94 1774/431/94 1779/430/94
f 1779/430/94 1740/428/94 1788/429/94
f 1789/375/92 1749/337/92 3573/337/92
f 3573/337/92 3616/375/91 1789/375/92
f 1792/378/91 1789/375/92 3616/375/91
f 3616/375/91 3617/378/91 1792/378/91
f 3616/375/91 3573/337/92 3570/353/93
f 3570/353/93 3605/386/145 3616/375/91
f 3617/378/91 3616/375/91 3605/386/145
f 3605/386/145 3618/383/90 3617/378/91
f 1786/370/94 1782/364/94 3600/411/136
f 3600/411/136 3613/412/136 1786/370/94
f 1802/390/94 1786/370/94 3613/412/136
f 3613/412/136 3614/451/136 1802/390/94
f 1739/452/94 1780/440/94 1785/441/94
f 1785/441/94 1801/449/94 1739/452/94
f 1738/456/94 1739/452/94 1801/449/94
f 1801/449/94 1753/450/94 1738/456/94
f 1798/384/114 1799/385/91 3518/385/91
f 3518/385/91 3610/384/91 1798/384/114
f 3587/377/143 3586/376/143 1790/376/143
f 1790/376/143 1791/377/143 3587/377/143
f 3587/377/99 1791/377/106 1792/378/106
f 1792/378/106 3619/378/99 3587/377/99
f 3618/383/143 3605/386/143 1800/386/93
f 1800/386/93 1797/383/107 3618/383/143
f 3620/320/143 3618/383/143 1797/383/107
f 1797/383/107 1722/320/143 3620/320/143
f 3621/383/99 1797/383/107 1798/384/114
f 1798/384/114 3622/384/99 3621/383/99
f 3599/380/145 3623/381/102 3615/453/90
f 3615/453/90 3612/448/90 3599/380/145
f 1794/380/143 1795/381/143 3623/381/102
f 3623/381/102 3599/380/145 1794/380/143
f 1721/319/148 1798/384/114 3610/384/91
f 3610/384/91 3611/319/144 1721/319/148
f 3588/398/90 3587/377/99 3619/378/99
f 3619/378/99 3624/397/90 3588/398/90
f 3529/392/90 3531/381/90 3530/382/90
f 3530/382/90 3528/391/90 3529/392/90
f 3594/397/90 3617/378/90 3618/383/90
f 3618/383/90 3620/320/90 3594/397/90
f 3593/400/99 3594/397/90 3620/320/90
f 3620/320/90 3592/317/99 3593/400/99
f 3622/384/99 3626/319/90 3625/320/90
f 3625/320/90 3621/383/99 3622/384/99
f 3607/451/143 3497/403/143 3498/404/145
f 3498/404/145 3609/453/145 3607/451/143
f 3623/381/90 3522/392/90 3519/404/91
f 3519/404/91 3615/453/91 3623/381/90
f 1795/381/143 1808/392/143 3522/392/143
f 3522/392/143 3623/381/102 1795/381/143
f 3615/455/91 3519/416/91 3533/417/136
f 3533/417/136 3614/454/136 3615/455/91
f 3587/377/90 3588/398/90 3528/391/93
f 3528/391/93 3530/382/93 3587/377/90
f 3617/378/148 3594/397/148 1811/397/148
f 1811/397/148 1792/378/148 3617/378/148
f 3614/451/136 3533/403/136 1756/344/94
f 1756/344/94 1802/390/94 3614/451/136
f 3512/318/90 3611/319/144 3498/403/145
f 3498/403/145 3495/402/90 3512/318/90
f 3496/401/135 3497/404/135 1803/373/94
f 1803/373/94 1805/395/94 3496/401/135
f 3559/432/94 1738/456/94 1753/450/94
f 1753/450/94 3569/410/94 3559/432/94
f 1720/318/148 1721/319/148 3611/319/148
f 3611/319/148 3512/318/148 1720/318/148
f 3566/399/143 3588/398/143 1812/398/143
f 1812/398/143 1813/399/143 3566/399/143
f 3592/317/143 3620/320/143 1722/320/143
f 1722/320/143 1719/317/143 3592/317/143
f 1749/337/106 3601/337/106 3585/340/106
f 3585/340/106 1752/340/106 1749/337/106
f 3601/337/143 1749/337/143 1789/375/121
f 1789/375/121 3602/375/121 3601/337/143
f 3602/375/121 1789/375/121 1790/376/111
f 1790/376/111 3586/376/111 3602/375/121
f 1768/352/110 3603/352/110 3604/380/148
f 3604/380/148 1794/380/148 1768/352/110
f 1794/380/111 3604/380/111 3584/379/111
f 3584/379/111 1793/379/111 1794/380/111
f 1765/349/106 3583/349/106 3603/352/110
f 3603/352/110 1768/352/110 1765/349/106
f 1769/353/148 3589/353/148 3608/386/148
f 3608/386/148 1800/386/148 1769/353/148
f 1800/386/111 3608/386/111 3591/385/111
f 3591/385/111 1799/385/111 1800/386/111
f 1812/398/111 3588/398/111 3624/397/121
f 3624/397/121 1811/397/121 1812/398/111
f 1811/397/121 3624/397/121 3619/378/143
f 3619/378/143 1792/378/143 1811/397/121
f 1795/381/148 3531/381/148 3529/392/148
f 3529/392/148 1808/392/148 1795/381/148
f 1721/319/143 3626/319/143 3622/384/143
f 3622/384/143 1798/384/143 1721/319/143
f 1797/383/148 3621/383/148 3625/320/125
f 3625/320/125 1722/320/125 1797/383/148
f 1722/320/125 3625/320/125 3626/319/111
f 3626/319/111 1721/319/111 1722/320/125
f 3629/403/143 3628/402/93 3627/401/103
f 3627/401/103 3630/404/105 3629/403/143
f 3633/407/94 3632/406/94 3631/405/94
f 3631/405/94 3634/408/94 3633/407/94
f 3637/348/106 3636/409/168 3635/409/139
f 3635/409/139 3638/348/153 3637/348/106
f 3638/348/153 3639/347/99 1856/347/90
f 1856/347/90 1857/348/90 3638/348/153
f 3640/347/91 1855/347/91 1856/347/136
f 1856/347/136 3641/347/136 3640/347/91
f 1855/347/91 3640/347/91 3642/422/93
f 3642/422/93 1842/422/103 1855/347/91
f 3641/347/136 1856/347/136 1841/422/113
f 1841/422/113 3643/422/135 3641/347/136
f 3643/422/135 1841/422/113 1842/422/103
f 1842/422/103 3642/422/93 3643/422/135
f 3631/405/106 3632/406/106 3644/322/106
f 3644/322/106 3645/321/106 3631/405/106
f 3646/413/106 3631/405/106 3645/321/106
f 3645/321/106 3647/335/106 3646/413/106
f 1821/322/148 3644/322/148 3648/322/136
f 3648/322/136 1820/322/136 1821/322/148
f 3649/336/90 3647/335/90 1840/335/90
f 1840/335/90 1841/336/90 3649/336/90
f 3644/322/106 3632/406/106 3650/406/106
f 3650/406/106 3648/322/106 3644/322/106
f 1820/322/136 3648/322/136 3651/321/94
f 3651/321/94 1819/321/94 1820/322/136
f 1858/348/143 3637/348/143 3638/348/143
f 3638/348/143 1857/348/143 1858/348/143
f 3653/318/106 3627/402/106 3652/410/106
f 3652/410/106 3654/317/106 3653/318/106
f 3657/355/106 3656/356/106 3655/408/106
f 3655/408/106 3650/407/106 3657/355/106
f 3657/355/106 3650/407/106 3658/411/106
f 3658/411/106 3659/354/106 3657/355/106
f 1893/385/110 1864/354/148 3659/354/148
f 3659/354/148 3660/385/148 1893/385/110
f 3663/393/106 3662/401/97 3661/404/110
f 3661/404/110 3664/392/106 3663/393/106
f 3650/406/143 3632/406/143 3633/407/161
f 3633/407/161 3665/407/161 3650/406/143
f 1830/328/111 3665/407/161 3633/407/161
f 3633/407/161 1829/328/111 1830/328/111
f 1829/328/111 3633/407/161 3634/408/134
f 3634/408/134 1828/327/111 1829/328/111
f 3645/321/93 3644/322/90 1821/322/99
f 1821/322/99 1822/321/103 3645/321/93
f 3667/321/93 1822/321/103 1819/321/105
f 1819/321/105 3668/321/143 3667/321/93
f 3670/413/148 1839/413/110 1840/413/110
f 1840/413/110 3669/413/148 3670/413/148
f 1816/318/94 3653/318/94 3654/317/94
f 3654/317/94 1815/317/94 1816/318/94
f 1818/320/143 1815/317/143 3671/317/143
f 3671/317/143 3672/320/143 1818/320/143
f 1903/393/113 3663/393/135 3664/392/116
f 3664/392/116 1902/392/103 1903/393/113
f 1889/381/135 1902/392/103 3664/392/116
f 3664/392/116 3673/381/105 1889/381/135
f 1865/355/90 1866/356/90 3656/356/90
f 3656/356/90 3657/355/90 1865/355/90
f 1865/355/110 3657/355/148 3659/354/148
f 3659/354/148 1864/354/110 1865/355/110
f 3648/322/106 3650/406/106 3655/405/106
f 3655/405/106 3651/321/106 3648/322/106
f 3674/335/106 3651/321/106 3655/405/106
f 3655/405/106 3675/413/106 3674/335/106
f 3676/336/106 3674/335/106 3675/413/106
f 3675/413/106 3677/422/106 3676/336/106
f 3661/416/110 3662/407/97 3678/406/91
f 3678/406/91 3679/417/148 3661/416/110
f 3635/418/139 3636/407/168 3680/406/166
f 3680/406/166 3681/409/124 3635/418/139
f 3652/419/120 3627/409/103 3628/418/93
f 3628/418/93 3682/420/90 3652/419/120
f 3683/422/120 3652/419/120 3682/420/90
f 3682/420/90 3684/421/90 3683/422/120
f 3685/413/90 3683/422/120 3684/421/90
f 3684/421/90 3686/423/90 3685/413/90
f 3647/335/106 3649/336/106 3687/422/108
f 3687/422/108 3646/413/118 3647/335/106
f 3646/413/118 3687/422/108 3688/421/122
f 3688/421/122 3689/423/122 3646/413/118
f 3631/405/94 3646/413/118 3689/423/122
f 3689/423/122 3634/408/134 3631/405/94
f 1842/336/94 1839/335/94 3674/335/94
f 3674/335/94 3676/336/94 1842/336/94
f 3690/347/106 3676/336/106 3677/422/106
f 3677/422/106 3691/419/106 3690/347/106
f 3677/421/106 3675/423/106 3692/338/106
f 3692/338/106 3693/339/106 3677/421/106
f 3693/339/90 3692/338/98 1844/338/98
f 1844/338/98 1845/339/105 3693/339/90
f 1909/399/94 1910/400/94 3694/400/94
f 3694/400/94 3695/399/94 1909/399/94
f 3695/399/106 3694/400/106 3683/432/106
f 3683/432/106 3685/426/106 3695/399/106
f 3681/418/124 3697/420/122 3696/419/108
f 3696/419/108 3635/409/139 3681/418/124
f 3635/409/139 3696/419/108 3639/347/99
f 3639/347/99 3638/348/153 3635/409/139
f 1858/348/94 1855/347/94 3690/347/94
f 3690/347/94 3637/348/94 1858/348/94
f 3637/348/106 3690/347/106 3691/419/106
f 3691/419/106 3636/409/106 3637/348/106
f 3636/418/168 3691/420/106 3698/350/99
f 3698/350/99 3699/351/153 3636/418/168
f 3699/351/153 3698/350/99 1860/350/90
f 1860/350/90 1861/351/90 3699/351/153
f 3700/439/115 3636/418/168 3699/351/153
f 3699/351/153 3701/352/106 3700/439/115
f 3702/394/94 3663/393/135 1903/393/113
f 1903/393/113 1904/394/109 3702/394/94
f 3703/394/148 1904/394/109 1901/391/98
f 1901/391/98 3704/391/98 3703/394/148
f 3704/391/98 1901/391/98 1902/392/103
f 1902/392/103 3706/392/98 3704/391/98
f 3705/382/108 3704/391/98 3706/392/98
f 3706/392/98 3707/381/109 3705/382/108
f 3706/392/98 1902/392/103 1889/381/135
f 1889/381/135 3707/381/109 3706/392/98
f 1890/382/94 3705/382/108 3707/381/109
f 3707/381/109 1889/381/135 1890/382/94
f 1888/380/143 1889/381/135 3673/381/105
f 3673/381/105 3708/380/105 1888/380/143
f 3663/393/106 3702/394/106 3709/424/120
f 3709/424/120 3662/401/97 3663/393/106
f 3710/408/90 3678/407/91 3662/406/97
f 3662/406/97 3709/405/120 3710/408/90
f 3686/423/90 3710/408/90 3709/405/120
f 3709/405/120 3685/413/90 3686/423/90
f 3713/338/98 3712/356/106 3711/353/106
f 3711/353/106 3714/337/110 3713/338/98
f 3715/375/110 3714/337/110 3711/353/106
f 3711/353/106 3716/386/165 3715/375/110
f 3669/413/99 3667/321/99 3668/321/106
f 3668/321/106 3670/413/106 3669/413/99
f 1900/425/111 1831/427/111 3684/426/111
f 3684/426/111 3682/424/111 1900/425/111
f 1906/396/111 3682/424/111 3628/401/111
f 3628/401/111 1905/395/111 1906/396/111
f 3684/426/111 1832/330/111 1833/331/111
f 1833/331/111 3686/432/111 3684/426/111
f 3694/400/106 3654/317/106 3652/410/120
f 3652/410/120 3683/432/120 3694/400/106
f 3675/423/106 3655/408/106 3656/356/106
f 3656/356/106 3692/338/106 3675/423/106
f 3634/408/134 3689/433/122 3717/433/111
f 3717/433/111 3666/408/111 3634/408/134
f 1827/327/111 3666/408/111 3665/407/161
f 3665/407/161 1830/328/111 1827/327/111
f 3719/423/111 3718/408/111 1875/434/111
f 1875/434/111 1872/435/111 3719/423/111
f 1880/440/111 1872/435/111 1875/434/111
f 1875/434/111 1881/441/111 1880/440/111
f 3688/436/111 3697/420/111 3718/420/111
f 3718/420/111 3719/436/111 3688/436/111
f 3687/422/94 3696/419/94 3697/420/94
f 3697/420/94 3688/421/94 3687/422/94
f 3649/336/106 3639/347/106 3696/419/106
f 3696/419/106 3687/422/106 3649/336/106
f 1841/422/90 1856/347/90 3639/347/90
f 3639/347/90 3649/422/90 1841/422/90
f 3642/422/106 3640/347/106 3641/347/106
f 3641/347/106 3643/422/106 3642/422/106
f 3676/422/94 3690/347/94 1855/347/94
f 1855/347/94 1842/422/94 3676/422/94
f 3693/339/106 3698/350/106 3691/420/106
f 3691/420/106 3677/421/106 3693/339/106
f 1845/437/90 1860/350/90 3698/350/90
f 3698/350/90 3693/437/90 1845/437/90
f 3695/438/94 3702/394/94 1904/394/94
f 1904/394/94 1909/438/94 3695/438/94
f 3685/426/106 3709/424/106 3702/394/106
f 3702/394/106 3695/399/106 3685/426/106
f 3712/356/143 1866/356/143 1863/353/143
f 1863/353/143 3711/353/143 3712/356/143
f 3716/386/143 3711/353/143 1863/353/143
f 1863/353/143 1894/386/148 3716/386/143
f 3720/386/148 1894/386/148 1863/353/143
f 1863/353/143 3721/353/148 3720/386/148
f 3722/400/148 1910/400/110 1907/397/99
f 1907/397/99 3723/397/148 3722/400/148
f 1846/340/116 3725/340/116 3724/339/135
f 3724/339/135 1845/339/105 1846/340/116
f 1845/339/105 3724/339/135 3726/350/136
f 3726/350/136 1860/350/136 1845/339/105
f 1859/349/148 1860/350/136 3726/350/136
f 3726/350/136 3727/349/169 1859/349/148
f 3728/399/99 1909/399/90 1904/394/90
f 1904/394/90 3703/394/99 3728/399/99
f 3728/399/99 3703/394/99 3704/391/106
f 3704/391/106 3729/398/165 3728/399/99
f 3730/377/108 1885/377/94 1886/378/94
f 1886/378/94 3731/378/108 3730/377/108
f 3729/398/106 3730/377/108 3731/378/108
f 3731/378/108 3732/397/106 3729/398/106
f 3666/420/111 1824/324/111 1825/325/111
f 1825/325/111 3665/418/161 3666/420/111
f 3665/418/161 1825/325/111 1826/326/111
f 1826/326/111 3733/439/121 3665/418/161
f 3719/423/111 1873/361/111 1874/362/111
f 1874/362/111 3717/421/111 3719/423/111
f 3717/423/111 1836/333/111 1837/334/111
f 1837/334/111 3719/421/111 3717/423/111
f 3688/421/122 1838/334/111 1835/333/111
f 1835/333/111 3689/423/122 3688/421/122
f 3710/410/111 1848/342/111 1849/343/111
f 1849/343/111 3678/402/111 3710/410/111
f 3678/402/111 1849/343/111 1850/344/111
f 1850/344/111 3679/403/111 3678/402/111
f 3680/407/111 1877/365/111 1878/366/111
f 1878/366/111 3718/408/111 3680/407/111
f 3718/420/111 1852/345/111 1853/346/111
f 1853/346/111 3680/418/111 3718/420/111
f 3680/418/111 1853/346/111 1854/346/111
f 1854/346/111 3681/418/111 3680/418/111
f 3681/418/124 1854/346/111 1851/345/111
f 1851/345/111 3697/420/122 3681/418/124
f 3665/407/161 3733/411/121 3658/439/116
f 3658/439/116 3650/418/143 3665/407/161
f 3660/385/106 3659/354/106 3658/411/116
f 3658/411/116 3734/412/105 3660/385/106
f 3735/384/106 3660/385/106 3734/412/105
f 3734/412/105 3736/451/105 3735/384/106
f 3737/319/106 3735/384/106 3736/451/105
f 3736/451/105 3630/403/105 3737/319/106
f 3701/352/116 3699/351/143 1861/351/143
f 1861/351/143 1862/352/143 3701/352/116
f 3708/380/105 3701/352/116 1862/352/143
f 1862/352/143 1888/380/148 3708/380/105
f 3636/418/168 3700/443/115 3738/442/125
f 3738/442/125 3680/409/166 3636/418/168
f 3730/377/143 3739/376/143 1884/376/143
f 1884/376/143 1885/377/143 3730/377/143
f 3739/376/106 3725/340/106 3740/337/106
f 3740/337/106 3741/375/106 3739/376/106
f 3743/380/106 3742/352/106 3727/349/106
f 3727/349/106 3744/379/106 3743/380/106
f 3717/421/111 1871/447/111 1823/446/111
f 1823/446/111 3666/420/111 3717/421/111
f 3724/339/106 3725/340/106 3727/349/106
f 3727/349/106 3726/350/106 3724/339/106
f 3713/338/98 3714/337/110 1843/337/115
f 1843/337/115 1844/338/98 3713/338/98
f 3745/448/121 3733/439/121 1826/326/111
f 1826/326/111 1867/357/111 3745/448/121
f 3680/407/166 3738/411/125 1876/364/111
f 1876/364/111 1877/365/111 3680/407/166
f 3747/354/106 3746/385/106 3720/386/106
f 3720/386/106 3721/353/106 3747/354/106
f 3734/448/105 3658/439/116 3733/411/121
f 3733/411/121 3745/412/121 3734/448/105
f 3736/453/105 3734/448/105 3745/412/121
f 3745/412/121 3748/451/121 3736/453/105
f 3701/352/116 3708/380/105 3749/448/106
f 3749/448/106 3700/439/106 3701/352/116
f 3700/443/115 3749/445/115 3750/444/125
f 3750/444/125 3738/442/125 3700/443/115
f 1871/447/111 1879/430/111 1868/431/111
f 1868/431/111 1823/446/111 1871/447/111
f 3725/340/116 3739/376/105 3744/379/110
f 3744/379/110 3727/349/169 3725/340/116
f 1883/375/148 1843/337/115 3714/337/110
f 3714/337/110 3715/375/110 1883/375/148
f 1886/378/148 1883/375/148 3715/375/110
f 3715/375/110 3751/378/164 1886/378/148
f 3738/411/125 3750/412/125 1882/370/111
f 1882/370/111 1876/364/111 3738/411/125
f 1896/452/111 1880/440/111 1881/441/111
f 1881/441/111 1897/449/111 1896/452/111
f 3660/385/148 3735/384/148 1892/384/110
f 1892/384/110 1893/385/110 3660/385/148
f 1893/385/110 3746/385/143 3747/354/143
f 3747/354/143 1864/354/148 1893/385/110
f 3751/378/164 3715/375/110 3716/386/165
f 3716/386/165 3752/383/105 3751/378/164
f 3752/383/105 3716/386/165 1894/386/143
f 1894/386/143 1891/383/143 3752/383/105
f 3723/397/106 3751/378/164 3752/383/105
f 3752/383/105 3672/320/165 3723/397/106
f 3672/320/165 3752/383/105 1891/383/143
f 1891/383/143 1818/320/143 3672/320/165
f 3722/400/108 3723/397/106 3672/320/165
f 3672/320/165 3671/317/108 3722/400/108
f 3753/383/94 1891/383/94 1892/384/94
f 1892/384/94 3754/384/94 3753/383/94
f 3748/453/121 3745/448/121 1867/357/111
f 1867/357/111 1869/371/111 3748/453/121
f 1897/449/111 1847/450/111 1834/456/111
f 1834/456/111 1896/452/111 1897/449/111
f 3708/380/105 3673/381/105 3755/453/110
f 3755/453/110 3749/448/115 3708/380/105
f 3756/454/166 3750/444/125 3749/445/115
f 3749/445/115 3755/455/110 3756/454/166
f 3679/417/148 3756/454/166 3755/455/110
f 3755/455/110 3661/416/110 3679/417/148
f 3744/379/110 3705/382/164 1890/382/110
f 1890/382/110 1887/379/110 3744/379/110
f 3629/404/121 3748/453/121 1869/371/111
f 1869/371/111 1899/373/111 3629/404/121
f 1870/429/111 1868/431/111 1879/430/111
f 1879/430/111 1895/428/111 1870/429/111
f 1900/425/111 1870/429/111 1895/428/111
f 1895/428/111 1831/427/111 1900/425/111
f 3739/376/106 3730/377/165 3705/382/164
f 3705/382/164 3744/379/110 3739/376/106
f 3750/412/125 3756/451/166 1898/390/111
f 1898/390/111 1882/370/111 3750/412/125
f 3735/384/148 3737/319/148 1817/319/91
f 1817/319/91 1892/384/110 3735/384/148
f 3754/384/105 1892/384/110 1817/319/91
f 1817/319/91 3757/319/103 3754/384/105
f 3757/319/103 1817/319/91 1818/320/90
f 1818/320/90 3758/320/99 3757/319/103
f 3754/384/105 3757/319/103 3758/320/99
f 3758/320/99 3753/383/106 3754/384/105
f 3748/451/121 3629/403/121 3630/404/105
f 3630/404/105 3736/453/105 3748/451/121
f 3673/381/105 3664/392/116 3661/404/110
f 3661/404/110 3755/453/110 3673/381/105
f 3730/377/165 3729/398/165 3704/391/106
f 3704/391/106 3705/382/164 3730/377/165
f 3751/378/148 3723/397/148 1907/397/148
f 1907/397/148 1886/378/148 3751/378/148
f 3756/451/111 3679/403/111 1850/344/111
f 1850/344/111 1898/390/111 3756/451/111
f 3653/318/106 3737/319/106 3630/403/105
f 3630/403/105 3627/402/103 3653/318/106
f 3628/401/111 3629/404/111 1899/373/111
f 1899/373/111 1905/395/111 3628/401/111
f 3686/432/111 1834/456/111 1847/450/111
f 1847/450/111 3710/410/111 3686/432/111
f 1816/318/148 1817/319/91 3737/319/148
f 3737/319/148 3653/318/148 1816/318/148
f 3728/399/143 3729/398/143 1908/398/143
f 1908/398/143 1909/399/143 3728/399/143
f 1884/376/90 3739/376/90 3741/375/90
f 3741/375/90 1883/375/90 1884/376/90
f 1883/375/143 3741/375/143 3740/337/143
f 3740/337/143 1843/337/143 1883/375/143
f 1843/337/94 3740/337/94 3725/340/94
f 3725/340/94 1846/340/94 1843/337/94
f 1862/352/143 3742/352/148 3743/380/148
f 3743/380/148 1888/380/148 1862/352/143
f 1888/380/90 3743/380/90 3744/379/90
f 3744/379/90 1887/379/90 1888/380/90
f 1859/349/108 3727/349/94 3742/352/94
f 3742/352/94 1862/352/108 1859/349/108
f 1864/354/94 3747/354/94 3721/353/94
f 3721/353/94 1863/353/94 1864/354/94
f 1894/386/90 3720/386/90 3746/385/90
f 3746/385/90 1893/385/90 1894/386/90
f 1908/398/103 3729/398/93 3732/397/93
f 3732/397/93 1907/397/99 1908/398/103
f 1907/397/99 3732/397/93 3731/378/143
f 3731/378/143 1886/378/143 1907/397/99
f 1891/383/148 3753/383/148 3758/320/148
f 3758/320/148 1818/320/148 1891/383/148
f 3761/403/143 3760/402/93 3759/401/96
f 3759/401/96 3762/404/116 3761/403/143
f 3763/451/131 3761/403/143 3762/404/116
f 3762/404/116 3764/453/116 3763/451/131
f 3767/407/142 3766/406/135 3765/405/118
f 3765/405/118 3768/408/122 3767/407/142
f 3769/423/134 3768/408/122 3765/405/118
f 3765/405/118 3770/413/138 3769/423/134
f 3770/413/138 3765/405/118 3771/321/106
f 3771/321/106 3772/335/153 3770/413/138
f 1917/322/98 1918/321/99 3771/321/90
f 3771/321/90 3773/322/91 1917/322/98
f 1917/322/98 3773/322/91 3774/322/136
f 3774/322/136 1916/322/109 1917/322/98
f 1916/322/109 3774/322/136 3775/321/94
f 3775/321/94 1915/321/108 1916/322/109
f 3778/348/113 3777/409/106 3776/409/106
f 3776/409/106 3779/348/96 3778/348/113
f 3780/347/99 3779/348/96 3776/409/106
f 3776/409/106 3781/419/106 3780/347/99
f 3779/348/96 3780/347/99 1952/347/90
f 1952/347/90 1953/348/93 3779/348/96
f 1937/422/90 1952/347/90 3780/347/99
f 3780/347/99 3782/422/99 1937/422/90
f 3782/336/99 3780/347/99 3781/419/106
f 3781/419/106 3783/422/106 3782/336/99
f 3772/335/153 3782/336/99 3783/422/106
f 3783/422/106 3770/413/138 3772/335/153
f 3782/336/99 3772/335/153 1936/335/90
f 1936/335/90 1937/336/90 3782/336/99
f 3773/322/106 3771/321/106 3765/405/106
f 3765/405/106 3766/406/106 3773/322/106
f 3773/322/106 3766/406/106 3784/406/106
f 3784/406/106 3774/322/106 3773/322/106
f 3779/348/96 1953/348/93 1954/348/135
f 1954/348/135 3778/348/113 3779/348/96
f 3785/347/94 3778/348/113 1954/348/135
f 1954/348/135 1951/347/94 3785/347/94
f 3786/422/94 3785/347/94 1951/347/94
f 1951/347/94 1938/422/94 3786/422/94
f 3787/410/99 3789/317/106 3788/318/164
f 3788/318/164 3759/402/96 3787/410/99
f 3762/403/116 3759/402/96 3788/318/164
f 3788/318/164 3790/319/115 3762/403/116
f 3792/355/110 3784/407/106 3791/411/106
f 3791/411/106 3793/354/110 3792/355/110
f 1961/355/148 3792/355/110 3793/354/110
f 3793/354/110 1960/354/148 1961/355/148
f 3792/355/106 3795/356/106 3794/408/106
f 3794/408/106 3784/407/106 3792/355/106
f 3798/393/106 3797/401/106 3796/404/106
f 3796/404/106 3799/392/165 3798/393/106
f 3800/381/105 3799/392/165 3796/404/106
f 3796/404/106 3801/453/164 3800/381/105
f 3799/392/165 3800/381/105 1987/381/143
f 1987/381/143 1998/392/143 3799/392/165
f 1986/380/143 1987/381/143 3800/381/105
f 3800/381/105 3802/380/165 1986/380/143
f 3802/380/165 3800/381/105 3801/453/164
f 3801/453/164 3803/448/110 3802/380/165
f 3804/352/106 3802/380/165 3803/448/110
f 3803/448/110 3805/439/110 3804/352/106
f 3767/407/142 3806/407/121 3784/406/143
f 3784/406/143 3766/406/135 3767/407/142
f 1912/318/94 3788/318/94 3789/317/94
f 3789/317/94 1911/317/94 1912/318/94
f 1999/393/143 3798/393/143 3799/392/143
f 3799/392/143 1998/392/143 1999/393/143
f 1961/355/99 1962/356/99 3795/356/90
f 3795/356/90 3792/355/90 1961/355/99
f 3774/322/106 3784/406/106 3794/405/106
f 3794/405/106 3775/321/106 3774/322/106
f 3796/416/148 3797/407/148 3807/406/148
f 3807/406/148 3808/417/148 3796/416/148
f 3776/418/148 3777/407/148 3809/406/148
f 3809/406/148 3810/409/148 3776/418/148
f 3760/418/93 3811/420/90 3787/419/99
f 3787/419/99 3759/409/96 3760/418/93
f 3812/421/94 3769/423/94 3770/413/94
f 3770/413/94 3783/422/94 3812/421/94
f 3813/420/94 3812/421/94 3783/422/94
f 3783/422/94 3781/419/94 3813/420/94
f 3810/418/94 3813/420/94 3781/419/94
f 3781/419/94 3776/409/94 3810/418/94
f 1938/336/94 1935/335/94 3814/335/94
f 3814/335/94 3786/336/94 1938/336/94
f 3786/336/106 3814/335/106 3815/413/106
f 3815/413/106 3816/422/106 3786/336/106
f 3785/347/106 3786/336/106 3816/422/106
f 3816/422/106 3817/419/106 3785/347/106
f 3778/348/106 3785/347/106 3817/419/106
f 3817/419/106 3777/409/106 3778/348/106
f 3819/339/90 3818/338/90 1940/338/90
f 1940/338/90 1941/339/90 3819/339/90
f 3820/400/94 3821/399/94 2005/399/119
f 2005/399/119 2006/400/108 3820/400/94
f 3821/399/106 3820/400/106 3824/432/153
f 3824/432/153 3825/426/106 3821/399/106
f 3826/394/106 3821/399/106 3825/426/106
f 3825/426/106 3827/424/106 3826/394/106
f 3798/393/106 3826/394/106 3827/424/106
f 3827/424/106 3797/401/106 3798/393/106
f 3825/413/90 3824/422/90 3828/421/100
f 3828/421/100 3829/423/100 3825/413/90
f 3827/405/90 3825/413/90 3829/423/100
f 3829/423/100 3830/408/154 3827/405/90
f 3797/406/90 3827/405/90 3830/408/154
f 3830/408/154 3807/407/90 3797/406/90
f 3831/350/106 3832/351/106 3777/418/164
f 3777/418/164 3817/420/106 3831/350/106
f 3819/339/106 3831/350/106 3817/420/106
f 3817/420/106 3816/421/106 3819/339/106
f 3818/338/106 3819/339/106 3816/421/106
f 3816/421/106 3815/423/106 3818/338/106
f 3795/356/106 3818/338/106 3815/423/106
f 3815/423/106 3794/408/106 3795/356/106
f 1956/350/90 1957/351/90 3832/351/90
f 3832/351/90 3831/350/90 1956/350/90
f 1941/437/90 1956/350/90 3831/350/90
f 3831/350/90 3819/437/90 1941/437/90
f 3826/394/94 3798/393/94 1999/393/108
f 1999/393/108 2000/394/118 3826/394/94
f 3821/438/94 3826/394/94 2000/394/118
f 2000/394/118 2005/438/119 3821/438/94
f 3833/353/105 3835/337/106 3834/338/99
f 3834/338/99 3836/356/103 3833/353/105
f 1959/353/143 3833/353/105 3836/356/103
f 3836/356/103 1962/356/93 1959/353/143
f 1959/353/148 3838/353/148 3837/386/148
f 3837/386/148 1992/386/148 1959/353/148
f 3841/413/106 3840/321/106 3839/321/106
f 3839/321/106 3842/413/106 3841/413/106
f 1996/425/111 1927/427/111 3828/426/100
f 3828/426/100 3811/424/100 1996/425/111
f 2002/396/111 3811/424/111 3760/401/111
f 3760/401/111 2001/395/111 2002/396/111
f 3814/335/108 3775/321/108 3794/405/106
f 3794/405/106 3815/413/106 3814/335/108
f 3820/400/106 3789/317/106 3787/410/99
f 3787/410/99 3824/432/153 3820/400/106
f 3842/413/148 1935/413/110 1936/413/98
f 1936/413/98 3841/413/91 3842/413/148
f 3844/433/111 3843/408/111 3768/408/122
f 3768/408/122 3769/433/134 3844/433/111
f 3824/422/153 3787/419/99 3811/420/100
f 3811/420/100 3828/421/100 3824/422/153
f 3846/423/111 3845/408/111 1969/434/111
f 1969/434/111 1966/435/111 3846/423/111
f 3845/420/111 3846/436/111 3812/436/111
f 3812/436/111 3813/420/111 3845/420/111
f 1947/345/111 3813/420/111 3810/418/111
f 3810/418/111 1950/346/111 1947/345/111
f 3849/422/105 3848/347/110 3847/347/110
f 3847/347/110 3850/422/105 3849/422/105
f 1938/422/105 3849/422/105 3850/422/105
f 3850/422/105 1937/422/105 1938/422/105
f 3853/399/105 3852/394/106 3851/391/106
f 3851/391/106 3854/398/105 3853/399/105
f 3823/400/148 2006/400/148 2003/397/148
f 2003/397/148 3855/397/148 3823/400/148
f 2003/397/143 3857/397/143 3856/378/143
f 3856/378/143 1984/378/143 2003/397/143
f 3840/321/93 1918/321/93 1915/321/143
f 1915/321/143 3839/321/143 3840/321/93
f 3848/347/110 1951/347/110 1952/347/110
f 1952/347/110 3847/347/110 3848/347/110
f 3847/347/94 1952/347/94 1937/422/94
f 1937/422/94 3850/422/94 3847/347/94
f 3849/422/90 1938/422/90 1951/347/90
f 1951/347/90 3848/347/90 3849/422/90
f 3852/394/148 2000/394/148 1997/391/148
f 1997/391/148 3851/391/148 3852/394/148
f 1941/339/94 3860/339/94 3859/350/136
f 3859/350/136 1956/350/136 1941/339/94
f 1955/349/148 1956/350/136 3859/350/136
f 3859/350/136 3861/349/148 1955/349/148
f 3860/339/143 1941/339/143 1942/340/143
f 1942/340/143 3862/340/143 3860/339/143
f 3853/399/90 2005/399/90 2000/394/90
f 2000/394/90 3852/394/90 3853/399/90
f 3843/420/111 1920/324/111 1921/325/111
f 1921/325/111 3806/418/111 3843/420/111
f 3806/418/111 1921/325/111 1922/326/111
f 1922/326/111 3863/439/111 3806/418/111
f 1929/331/111 3829/432/100 3828/426/100
f 3828/426/100 1928/330/111 1929/331/111
f 3846/423/111 1967/361/111 1968/362/111
f 1968/362/111 3844/421/111 3846/423/111
f 3844/421/111 1965/447/111 1919/446/111
f 1919/446/111 3843/420/111 3844/421/111
f 3830/410/111 1944/342/111 1945/343/111
f 1945/343/111 3807/402/111 3830/410/111
f 3807/402/111 1945/343/111 1946/344/111
f 1946/344/111 3808/403/111 3807/402/111
f 3809/407/111 1971/365/111 1972/366/111
f 1972/366/111 3845/408/111 3809/407/111
f 1969/434/111 1975/441/111 1974/440/111
f 1974/440/111 1966/435/111 1969/434/111
f 1949/346/111 3809/418/111 3845/420/111
f 3845/420/111 1948/345/111 1949/346/111
f 3791/439/116 3784/418/143 3806/407/121
f 3806/407/121 3863/411/131 3791/439/116
f 3864/448/105 3791/439/116 3863/411/131
f 3863/411/131 3865/412/121 3864/448/105
f 3764/453/116 3864/448/105 3865/412/121
f 3865/412/121 3763/451/131 3764/453/116
f 3866/385/110 3793/354/110 3791/411/116
f 3791/411/116 3864/412/105 3866/385/110
f 3867/384/115 3866/385/110 3864/412/105
f 3864/412/105 3764/451/116 3867/384/115
f 3832/351/106 3804/352/106 3805/439/110
f 3805/439/110 3777/418/164 3832/351/106
f 3804/352/143 3832/351/143 1957/351/143
f 1957/351/143 1958/352/143 3804/352/143
f 3802/380/143 3804/352/143 1958/352/143
f 1958/352/143 1986/380/143 3802/380/143
f 1986/380/99 3869/380/99 3868/379/98
f 3868/379/98 1985/379/98 1986/380/99
f 1988/382/109 1985/379/98 3868/379/98
f 3868/379/98 3858/382/109 1988/382/109
f 1991/385/115 1960/354/148 3793/354/110
f 3793/354/110 3866/385/110 1991/385/115
f 3870/442/166 3809/409/148 3777/418/164
f 3777/418/164 3805/443/110 3870/442/166
f 3871/444/125 3870/442/166 3805/443/110
f 3805/443/110 3803/445/110 3871/444/125
f 3872/454/170 3871/444/125 3803/445/110
f 3803/445/110 3801/455/164 3872/454/170
f 3862/340/113 1942/340/135 1939/337/135
f 1939/337/135 3874/337/113 3862/340/113
f 3873/376/105 3862/340/113 3874/337/113
f 3874/337/113 3875/375/105 3873/376/105
f 3869/380/99 3876/352/108 3861/349/108
f 3861/349/108 3868/379/98 3869/380/99
f 3877/375/115 3835/337/115 3833/353/105
f 3833/353/105 3878/386/116 3877/375/115
f 3860/339/106 3862/340/106 3861/349/164
f 3861/349/164 3859/350/106 3860/339/106
f 3878/386/116 3833/353/105 1959/353/143
f 1959/353/143 1992/386/116 3878/386/116
f 3879/383/143 3878/386/116 1992/386/116
f 1992/386/116 1989/383/116 3879/383/143
f 3880/320/143 3879/383/143 1989/383/116
f 1989/383/116 1914/320/143 3880/320/143
f 1939/337/115 1940/338/110 3834/338/148
f 3834/338/148 3835/337/115 1939/337/115
f 1981/375/114 1939/337/115 3835/337/115
f 3835/337/115 3877/375/115 1981/375/114
f 1984/378/115 1981/375/114 3877/375/115
f 3877/375/115 3881/378/148 1984/378/115
f 2003/397/110 1984/378/115 3881/378/148
f 3881/378/148 3855/397/148 2003/397/110
f 3865/448/121 3863/439/131 1922/326/111
f 1922/326/111 1963/357/111 3865/448/121
f 3763/453/131 3865/448/121 1963/357/111
f 1963/357/111 1979/371/111 3763/453/131
f 3809/407/111 3870/411/111 1970/364/111
f 1970/364/111 1971/365/111 3809/407/111
f 3883/354/106 3882/385/106 3837/386/106
f 3837/386/106 3838/353/106 3883/354/106
f 1965/447/111 1973/430/111 1964/431/111
f 1964/431/111 1919/446/111 1965/447/111
f 3868/379/164 3861/349/164 3862/340/106
f 3862/340/106 3873/376/96 3868/379/164
f 3858/382/106 3868/379/164 3873/376/96
f 3873/376/96 3884/377/171 3858/382/106
f 3851/391/106 3858/382/106 3884/377/171
f 3884/377/171 3854/398/105 3851/391/106
f 3884/377/171 3873/376/96 1982/376/103
f 1982/376/103 1983/377/117 3884/377/171
f 3854/398/105 3884/377/171 3856/378/106
f 3856/378/106 3857/397/106 3854/398/105
f 1976/370/111 1970/364/111 3870/411/166
f 3870/411/166 3871/412/125 1976/370/111
f 1978/390/111 1976/370/111 3871/412/125
f 3871/412/125 3872/451/170 1978/390/111
f 3872/451/170 3808/403/111 1946/344/111
f 1946/344/111 1978/390/111 3872/451/170
f 1994/452/111 1974/440/111 1975/441/111
f 1975/441/111 1977/449/111 1994/452/111
f 1990/384/115 1991/385/115 3866/385/110
f 3866/385/110 3867/384/115 1990/384/115
f 1913/319/148 1990/384/115 3867/384/115
f 3867/384/115 3790/319/115 1913/319/148
f 3881/378/106 3877/375/106 3878/386/106
f 3878/386/106 3879/383/106 3881/378/106
f 3855/397/106 3881/378/106 3879/383/106
f 3879/383/106 3880/320/165 3855/397/106
f 3823/400/106 3855/397/106 3880/320/165
f 3880/320/165 3822/317/105 3823/400/106
f 3790/319/106 3867/384/106 3764/451/106
f 3764/451/106 3762/403/106 3790/319/106
f 3761/404/111 3763/453/111 1979/371/111
f 1979/371/111 1995/373/111 3761/404/111
f 3760/401/111 3761/404/111 1995/373/111
f 1995/373/111 2001/395/111 3760/401/111
f 1973/430/111 1993/428/111 1980/429/111
f 1980/429/111 1964/431/111 1973/430/111
f 1930/456/111 1994/452/111 1977/449/111
f 1977/449/111 1943/450/111 1930/456/111
f 3853/399/105 3854/398/105 2004/398/116
f 2004/398/116 2005/399/119 3853/399/105
f 3858/382/109 3851/391/99 3885/392/99
f 3885/392/99 3886/381/108 3858/382/109
f 1988/382/109 3858/382/109 3886/381/108
f 3886/381/108 1987/381/108 1988/382/109
f 3889/384/106 3888/319/106 3887/320/106
f 3887/320/106 3890/383/106 3889/384/106
f 3801/455/148 3796/416/148 3808/417/148
f 3808/417/148 3872/454/148 3801/455/148
f 1993/428/111 1927/427/111 1996/425/111
f 1996/425/111 1980/429/111 1993/428/111
f 3829/432/100 1930/456/111 1943/450/111
f 1943/450/111 3830/410/154 3829/432/100
f 1912/318/148 1913/319/148 3790/319/115
f 3790/319/115 3788/318/164 1912/318/148
f 3822/317/105 3880/320/165 1914/320/103
f 1914/320/103 1911/317/105 3822/317/105
f 1982/376/103 3873/376/96 3875/375/90
f 3875/375/90 1981/375/114 1982/376/103
f 1981/375/143 3875/375/105 3874/337/113
f 3874/337/113 1939/337/135 1981/375/143
f 1958/352/148 3876/352/148 3869/380/148
f 3869/380/148 1986/380/148 1958/352/148
f 1955/349/94 3861/349/108 3876/352/108
f 3876/352/108 1958/352/94 1955/349/94
f 1991/385/143 3882/385/143 3883/354/143
f 3883/354/143 1960/354/143 1991/385/143
f 1960/354/94 3883/354/94 3838/353/94
f 3838/353/94 1959/353/94 1960/354/94
f 1992/386/90 3837/386/90 3882/385/90
f 3882/385/90 1991/385/90 1992/386/90
f 2004/398/90 3854/398/90 3857/397/90
f 3857/397/90 2003/397/90 2004/398/90
f 1984/378/94 3856/378/94 3884/377/94
f 3884/377/94 1983/377/94 1984/378/94
f 1987/381/148 3886/381/148 3885/392/148
f 3885/392/148 1998/392/148 1987/381/148
f 1998/392/90 3885/392/99 3851/391/99
f 3851/391/99 1997/391/90 1998/392/90
f 1913/319/143 3888/319/143 3889/384/143
f 3889/384/143 1990/384/143 1913/319/143
f 1990/384/94 3889/384/94 3890/383/94
f 3890/383/94 1989/383/94 1990/384/94
f 1989/383/148 3890/383/148 3887/320/148
f 3887/320/148 1914/320/148 1989/383/148
f 1914/320/103 3887/320/90 3888/319/90
f 3888/319/90 1913/319/99 1914/320/103
f 3893/403/131 3892/402/121 3891/401/105
f 3891/401/105 3894/404/105 3893/403/131
f 3895/451/131 3893/403/131 3894/404/105
f 3894/404/105 3896/453/116 3895/451/131
f 3897/412/161 3895/451/131 3896/453/116
f 3896/453/116 3898/448/105 3897/412/161
f 3899/405/94 3901/408/94 3900/407/123
f 3900/407/123 3902/406/135 3899/405/94
f 3903/406/143 3902/406/135 3900/407/123
f 3900/407/123 3904/407/121 3903/406/143
f 2022/328/111 3904/407/121 3900/407/123
f 3900/407/123 2021/328/111 2022/328/111
f 3905/322/106 3902/406/106 3903/406/106
f 3903/406/106 3906/322/106 3905/322/106
f 2012/322/94 3906/322/94 3907/321/94
f 3907/321/94 2011/321/94 2012/322/94
f 3908/321/143 2014/321/143 2011/321/143
f 2011/321/143 3909/321/105 3908/321/143
f 3914/348/106 3913/409/106 3912/409/106
f 3912/409/106 3915/348/106 3914/348/106
f 3899/405/106 3902/406/106 3905/322/106
f 3905/322/106 3916/321/106 3899/405/106
f 3917/413/138 3899/405/106 3916/321/106
f 3916/321/106 3918/335/153 3917/413/138
f 2050/348/105 3914/348/143 3915/348/93
f 3915/348/93 2049/348/103 2050/348/105
f 2048/347/99 2049/348/103 3915/348/93
f 3915/348/93 3919/347/90 2048/347/99
f 3921/318/106 3891/402/106 3920/410/106
f 3920/410/106 3922/317/106 3921/318/106
f 3924/355/164 3903/407/106 3923/411/106
f 3923/411/106 3925/354/110 3924/355/164
f 3924/355/164 3927/356/106 3926/408/106
f 3926/408/106 3903/407/106 3924/355/164
f 3930/393/140 3929/401/106 3928/404/106
f 3928/404/106 3931/392/105 3930/393/140
f 2013/322/98 2014/321/99 3916/321/90
f 3916/321/90 3905/322/91 2013/322/98
f 2013/322/98 3905/322/91 3906/322/148
f 3906/322/148 2012/322/110 2013/322/98
f 2008/318/136 3921/318/109 3922/317/94
f 3922/317/94 2007/317/94 2008/318/136
f 2008/318/136 2009/319/148 3932/319/110
f 3932/319/110 3921/318/109 2008/318/136
f 3921/318/109 3932/319/110 3894/403/105
f 3894/403/105 3891/402/105 3921/318/109
f 3896/451/116 3894/403/105 3932/319/110
f 3932/319/110 3933/384/115 3896/451/116
f 2009/319/148 2086/384/148 3933/384/115
f 3933/384/115 3932/319/110 2009/319/148
f 2097/393/135 3930/393/140 3931/392/105
f 3931/392/105 2096/392/143 2097/393/135
f 2083/381/105 2096/392/143 3931/392/105
f 3931/392/105 3934/381/105 2083/381/105
f 3935/392/148 2096/392/143 2083/381/105
f 2083/381/105 3936/381/148 3935/392/148
f 3937/394/118 3930/393/140 2097/393/135
f 2097/393/135 2098/394/94 3937/394/118
f 3930/393/140 3937/394/118 3938/424/99
f 3938/424/99 3929/401/106 3930/393/140
f 3939/438/94 3937/394/118 2098/394/94
f 2098/394/94 2101/438/94 3939/438/94
f 3940/394/110 2098/394/148 2095/391/148
f 2095/391/148 3941/391/110 3940/394/110
f 3942/399/106 3940/394/110 3941/391/110
f 3941/391/110 3943/398/106 3942/399/106
f 3944/378/106 3945/397/99 3943/398/99
f 3943/398/99 3946/377/106 3944/378/106
f 3948/376/105 3946/377/105 3947/382/115
f 3947/382/115 3949/379/95 3948/376/105
f 2057/355/99 2058/356/120 3927/356/99
f 3927/356/99 3924/355/90 2057/355/99
f 2057/355/148 3924/355/164 3925/354/110
f 3925/354/110 2056/354/148 2057/355/148
f 3906/322/106 3903/406/106 3926/405/106
f 3926/405/106 3907/321/106 3906/322/106
f 3928/416/148 3929/407/148 3950/406/148
f 3950/406/148 3951/417/148 3928/416/148
f 3912/418/148 3913/407/115 3952/406/170
f 3952/406/170 3953/409/170 3912/418/148
f 3892/418/90 3954/420/90 3920/419/90
f 3920/419/90 3891/409/90 3892/418/90
f 3956/421/94 3955/423/94 3917/413/138
f 3917/413/138 3957/422/118 3956/421/94
f 3958/420/94 3956/421/94 3957/422/118
f 3957/422/118 3959/419/94 3958/420/94
f 3957/422/118 3917/413/138 3918/335/153
f 3918/335/153 3960/336/120 3957/422/118
f 3960/336/120 3918/335/153 2032/335/99
f 2032/335/99 2033/336/99 3960/336/120
f 2034/336/94 2031/335/94 3911/335/94
f 3911/335/94 3961/336/94 2034/336/94
f 3961/336/106 3911/335/106 3962/413/106
f 3962/413/106 3963/422/106 3961/336/106
f 3963/421/106 3962/423/106 3964/338/106
f 3964/338/106 3965/339/106 3963/421/106
f 3965/339/90 3964/338/90 2036/338/90
f 2036/338/90 2037/339/90 3965/339/90
f 2101/399/94 2102/400/94 3966/400/94
f 3966/400/94 3939/399/94 2101/399/94
f 2100/398/143 2101/399/143 3942/399/143
f 3942/399/143 3943/398/143 2100/398/143
f 3946/377/94 2079/377/94 2080/378/94
f 2080/378/94 3944/378/135 3946/377/94
f 2099/397/148 2080/378/94 3967/378/148
f 3967/378/148 3968/397/148 2099/397/148
f 3939/399/106 3966/400/106 3969/432/153
f 3969/432/153 3970/426/106 3939/399/106
f 3937/394/106 3939/399/106 3970/426/106
f 3970/426/106 3938/424/106 3937/394/106
f 3970/413/90 3969/422/90 3971/421/90
f 3971/421/90 3972/423/90 3970/413/90
f 3953/418/94 3958/420/94 3959/419/94
f 3959/419/94 3912/409/94 3953/418/94
f 3919/347/106 3915/348/106 3912/409/106
f 3912/409/106 3959/419/106 3919/347/106
f 3960/336/106 3919/347/106 3959/419/106
f 3959/419/106 3957/422/106 3960/336/106
f 2050/348/94 2047/347/94 3973/347/94
f 3973/347/94 3914/348/94 2050/348/94
f 3963/422/106 3974/419/106 3973/347/106
f 3973/347/106 3961/336/106 3963/422/106
f 3914/348/106 3973/347/106 3974/419/106
f 3974/419/106 3913/409/106 3914/348/106
f 3913/418/106 3974/420/106 3975/350/106
f 3975/350/106 3976/351/106 3913/418/106
f 3976/351/103 3975/350/90 2052/350/91
f 2052/350/91 2053/351/93 3976/351/103
f 3929/406/90 3938/405/90 3977/408/90
f 3977/408/90 3950/407/90 3929/406/90
f 3980/338/98 3979/356/99 3978/353/165
f 3978/353/165 3981/337/110 3980/338/98
f 3982/413/157 3908/321/99 3909/321/106
f 3909/321/106 3910/413/110 3982/413/157
f 2032/413/91 3982/413/157 3910/413/110
f 3910/413/110 2031/413/148 2032/413/91
f 3971/426/111 3954/424/111 2092/425/111
f 2092/425/111 2023/427/111 3971/426/111
f 3955/423/94 3901/408/94 3899/405/94
f 3899/405/94 3917/413/94 3955/423/94
f 3966/400/106 3922/317/106 3920/410/99
f 3920/410/99 3969/432/153 3966/400/106
f 3962/423/106 3926/408/106 3927/356/99
f 3927/356/99 3964/338/99 3962/423/106
f 3984/433/111 3983/408/111 3901/408/111
f 3901/408/111 3955/433/111 3984/433/111
f 3911/335/106 3907/321/105 3926/405/106
f 3926/405/106 3962/413/106 3911/335/106
f 3969/422/153 3920/419/99 3954/420/90
f 3954/420/90 3971/421/90 3969/422/153
f 3986/423/111 3985/408/111 2071/434/111
f 2071/434/111 2066/435/111 3986/423/111
f 3956/436/111 3958/420/111 3985/420/111
f 3985/420/111 3986/436/111 3956/436/111
f 3919/347/90 3960/422/120 2033/422/99
f 2033/422/99 2048/347/99 3919/347/90
f 3987/347/108 2048/347/99 2033/422/99
f 2033/422/99 3988/422/108 3987/347/108
f 3987/347/108 3988/422/108 3989/422/99
f 3989/422/99 3990/347/99 3987/347/108
f 2047/347/106 3990/347/99 3989/422/99
f 3989/422/99 2034/422/106 2047/347/106
f 3961/422/94 3973/347/94 2047/347/106
f 2047/347/106 2034/422/106 3961/422/94
f 3965/339/106 3975/350/106 3974/420/106
f 3974/420/106 3963/421/106 3965/339/106
f 2037/437/148 2052/350/148 3975/350/90
f 3975/350/90 3965/437/90 2037/437/148
f 3972/423/100 3977/408/100 3938/405/99
f 3938/405/99 3970/413/90 3972/423/100
f 3979/356/143 2058/356/143 2055/353/143
f 2055/353/143 3978/353/143 3979/356/143
f 3992/400/110 2102/400/110 2099/397/98
f 2099/397/98 3968/397/164 3992/400/110
f 3990/347/148 2047/347/148 2048/347/148
f 2048/347/148 3987/347/148 3990/347/148
f 3988/422/143 2033/422/143 2034/422/143
f 2034/422/143 3989/422/143 3988/422/143
f 3993/350/94 2052/350/148 2037/339/148
f 2037/339/148 3994/339/94 3993/350/94
f 3994/339/105 2037/339/143 2038/340/172
f 2038/340/172 3995/340/173 3994/339/105
f 3994/339/105 3995/340/173 3996/349/174
f 3996/349/174 3993/350/110 3994/339/105
f 3942/399/90 2101/399/90 2098/394/90
f 2098/394/90 3940/394/90 3942/399/90
f 3983/420/111 2016/324/111 2017/325/111
f 2017/325/111 3904/418/111 3983/420/111
f 3904/418/111 2017/325/111 2018/326/111
f 2018/326/111 3997/439/111 3904/418/111
f 3892/401/111 2093/395/111 2094/396/111
f 2094/396/111 3954/424/111 3892/401/111
f 3901/408/111 2020/327/111 2021/328/111
f 2021/328/111 3900/407/111 3901/408/111
f 3971/426/111 2024/330/111 2025/331/111
f 2025/331/111 3972/432/111 3971/426/111
f 3986/423/111 2064/361/111 2065/362/111
f 2065/362/111 3984/421/111 3986/423/111
f 3984/423/111 2028/333/111 2029/334/111
f 2029/334/111 3986/421/111 3984/423/111
f 3956/421/111 2030/334/111 2027/333/111
f 2027/333/111 3955/423/111 3956/421/111
f 3977/410/111 2040/342/111 2041/343/111
f 2041/343/111 3950/402/111 3977/410/111
f 3950/402/111 2041/343/111 2042/344/111
f 2042/344/111 3951/403/111 3950/402/111
f 3952/407/111 2072/365/111 2073/366/111
f 2073/366/111 3985/408/111 3952/407/111
f 2068/440/111 2066/435/111 2071/434/111
f 2071/434/111 2075/441/111 2068/440/111
f 3904/407/143 3997/411/143 3923/439/143
f 3923/439/143 3903/418/143 3904/407/143
f 3923/411/106 3898/412/105 3998/385/115
f 3998/385/115 3925/354/110 3923/411/106
f 3925/354/110 3998/385/115 2087/385/91
f 2087/385/91 2056/354/108 3925/354/110
f 3999/354/135 2056/354/108 2087/385/91
f 2087/385/91 4000/385/93 3999/354/135
f 2086/384/148 2087/385/91 3998/385/115
f 3998/385/115 3933/384/115 2086/384/148
f 4001/439/110 3913/418/115 3976/351/103
f 3976/351/103 4002/352/116 4001/439/110
f 4002/352/116 3976/351/103 2053/351/93
f 2053/351/93 2054/352/143 4002/352/116
f 4003/380/116 4002/352/116 2054/352/143
f 2054/352/143 2082/380/103 4003/380/116
f 4004/380/98 2082/380/103 2054/352/143
f 2054/352/143 4005/352/110 4004/380/98
f 4004/380/98 4005/352/110 3996/349/174
f 3996/349/174 3949/379/95 4004/380/98
f 2082/380/103 4004/380/98 3949/379/95
f 3949/379/95 2081/379/98 2082/380/103
f 3949/379/95 3996/349/174 3995/340/173
f 3995/340/173 3948/376/105 3949/379/95
f 3995/340/173 2038/340/172 2035/337/136
f 2035/337/136 4006/337/113 3995/340/173
f 3948/376/105 3995/340/173 4006/337/113
f 4006/337/113 4007/375/105 3948/376/105
f 4006/337/113 2035/337/136 2077/375/110
f 2077/375/110 4007/375/105 4006/337/113
f 3946/377/105 3948/376/105 2078/376/116
f 2078/376/116 2079/377/105 3946/377/105
f 2100/398/99 3943/398/99 3945/397/99
f 3945/397/99 2099/397/98 2100/398/99
f 2084/382/115 2081/379/98 3949/379/95
f 3949/379/95 3947/382/115 2084/382/115
f 3913/418/115 4001/443/110 4008/442/125
f 4008/442/125 3952/409/170 3913/418/115
f 3993/350/110 3996/349/174 2051/349/148
f 2051/349/148 2052/350/91 3993/350/110
f 4009/375/115 3981/337/110 3978/353/165
f 3978/353/165 4010/386/116 4009/375/115
f 3984/421/111 2063/447/111 2015/446/111
f 2015/446/111 3983/420/111 3984/421/111
f 4010/386/116 3978/353/165 2055/353/108
f 2055/353/108 2088/386/93 4010/386/116
f 4011/386/91 2088/386/93 2055/353/108
f 2055/353/108 4012/353/136 4011/386/91
f 2035/337/136 2036/338/91 3980/338/98
f 3980/338/98 3981/337/110 2035/337/136
f 2077/375/110 2035/337/136 3981/337/110
f 3981/337/110 4009/375/115 2077/375/110
f 2080/378/110 2077/375/110 4009/375/115
f 4009/375/115 3967/378/148 2080/378/110
f 3897/448/161 3997/439/111 2018/326/111
f 2018/326/111 2059/357/111 3897/448/161
f 2067/430/111 2069/428/111 2062/429/111
f 2062/429/111 2060/431/111 2067/430/111
f 3952/407/170 4008/411/125 2074/364/111
f 2074/364/111 2072/365/111 3952/407/170
f 3999/354/106 4000/385/106 4011/386/106
f 4011/386/106 4012/353/106 3999/354/106
f 3997/411/143 3897/412/143 3898/448/143
f 3898/448/143 3923/439/143 3997/411/143
f 3933/384/106 3998/385/106 3898/412/106
f 3898/412/106 3896/451/106 3933/384/106
f 4002/352/106 4003/380/106 4013/448/115
f 4013/448/115 4001/439/110 4002/352/106
f 4001/443/110 4013/445/115 4014/444/166
f 4014/444/166 4008/442/125 4001/443/110
f 2063/447/111 2067/430/111 2060/431/111
f 2060/431/111 2015/446/111 2063/447/111
f 4008/411/125 4014/412/166 2076/370/111
f 2076/370/111 2074/364/111 4008/411/125
f 2070/452/111 2068/440/111 2075/441/111
f 2075/441/111 2089/449/111 2070/452/111
f 3967/378/106 4009/375/106 4010/386/106
f 4010/386/106 4015/383/106 3967/378/106
f 4015/383/143 4010/386/116 2088/386/93
f 2088/386/93 2085/383/143 4015/383/143
f 2088/386/93 4011/386/91 4000/385/93
f 4000/385/93 2087/385/91 2088/386/93
f 3895/453/131 3897/448/161 2059/357/111
f 2059/357/111 2061/371/111 3895/453/131
f 4016/453/106 4013/448/106 4003/380/116
f 4003/380/116 3934/381/105 4016/453/106
f 3934/381/105 4003/380/116 2082/380/103
f 2082/380/103 2083/381/105 3934/381/105
f 4017/454/148 4014/444/166 4013/445/115
f 4013/445/115 4016/455/148 4017/454/148
f 3951/417/148 4017/454/148 4016/455/148
f 4016/455/148 3928/416/148 3951/417/148
f 3893/404/111 3895/453/111 2061/371/111
f 2061/371/111 2091/373/111 3893/404/111
f 2090/390/111 2076/370/111 4014/412/111
f 4014/412/111 4017/451/111 2090/390/111
f 4017/451/111 3951/403/111 2042/344/111
f 2042/344/111 2090/390/111 4017/451/111
f 2026/456/111 2070/452/111 2089/449/111
f 2089/449/111 2039/450/111 2026/456/111
f 3935/392/99 3936/381/106 3947/382/106
f 3947/382/106 3941/391/99 3935/392/99
f 3968/397/164 3967/378/106 4015/383/106
f 4015/383/106 4018/320/106 3968/397/164
f 4018/320/143 4015/383/143 2085/383/148
f 2085/383/148 2010/320/143 4018/320/143
f 4019/320/148 2010/320/143 2085/383/148
f 2085/383/148 4020/383/148 4019/320/148
f 4022/384/106 4021/319/106 4019/320/106
f 4019/320/106 4020/383/106 4022/384/106
f 3992/400/110 3968/397/164 4018/320/106
f 4018/320/106 3991/317/106 3992/400/110
f 3934/381/105 3931/392/105 3928/404/106
f 3928/404/106 4016/453/106 3934/381/105
f 2092/425/111 2062/429/111 2069/428/111
f 2069/428/111 2023/427/111 2092/425/111
f 3946/377/105 3943/398/105 3941/391/106
f 3941/391/106 3947/382/106 3946/377/105
f 3892/401/121 3893/404/131 2091/373/111
f 2091/373/111 2093/395/111 3892/401/121
f 3972/432/100 2026/456/111 2039/450/111
f 2039/450/111 3977/410/100 3972/432/100
f 3991/317/143 4018/320/143 2010/320/143
f 2010/320/143 2007/317/143 3991/317/143
f 2078/376/90 3948/376/90 4007/375/90
f 4007/375/90 2077/375/90 2078/376/90
f 2051/349/94 3996/349/94 4005/352/94
f 4005/352/94 2054/352/94 2051/349/94
f 2056/354/108 3999/354/135 4012/353/136
f 4012/353/136 2055/353/108 2056/354/108
f 2099/397/148 3945/397/143 3944/378/135
f 3944/378/135 2080/378/94 2099/397/148
f 2096/392/99 3935/392/99 3941/391/99
f 3941/391/99 2095/391/99 2096/392/99
f 2084/382/94 3947/382/94 3936/381/94
f 3936/381/94 2083/381/94 2084/382/94
f 2009/319/143 4021/319/143 4022/384/143
f 4022/384/143 2086/384/143 2009/319/143
f 2086/384/94 4022/384/94 4020/383/94
f 4020/383/94 2085/383/94 2086/384/94
f 2010/320/99 4019/320/90 4021/319/90
f 4021/319/90 2009/319/99 2010/320/99
f 4025/403/143 4024/402/143 4023/401/143
f 4023/401/143 4026/404/143 4025/403/143
f 4029/407/135 4028/406/113 4027/405/118
f 4027/405/118 4030/408/94 4029/407/135
f 4033/348/105 4032/409/106 4031/409/106
f 4031/409/106 4034/348/105 4033/348/105
f 4036/322/106 4035/321/106 4027/405/118
f 4027/405/118 4028/406/113 4036/322/106
f 2109/322/148 4036/322/148 4037/322/136
f 4037/322/136 2108/322/136 2109/322/148
f 4036/322/106 4028/406/106 4038/406/106
f 4038/406/106 4037/322/106 4036/322/106
f 2108/322/136 4037/322/136 4039/321/94
f 4039/321/94 2107/321/94 2108/322/136
f 2152/348/143 4033/348/105 4034/348/105
f 4034/348/105 2151/348/143 2152/348/143
f 4041/318/106 4023/402/106 4040/410/106
f 4040/410/106 4042/317/106 4041/318/106
f 4044/355/106 4038/407/106 4043/411/106
f 4043/411/106 4045/354/106 4044/355/106
f 4044/355/99 4047/356/99 4046/408/106
f 4046/408/106 4038/407/106 4044/355/99
f 4050/393/106 4049/401/106 4048/404/106
f 4048/404/106 4051/392/106 4050/393/106
f 4029/407/135 4052/407/143 4038/406/143
f 4038/406/143 4028/406/113 4029/407/135
f 2109/322/99 2110/321/103 4035/321/93
f 4035/321/93 4036/322/90 2109/322/99
f 4042/317/94 2103/317/94 2104/318/94
f 2104/318/94 4041/318/94 4042/317/94
f 4026/403/106 4023/402/106 4041/318/106
f 4041/318/106 4053/319/106 4026/403/106
f 4054/451/106 4026/403/106 4053/319/106
f 4053/319/106 4055/384/106 4054/451/106
f 2193/393/105 4050/393/143 4051/392/143
f 4051/392/143 2192/392/105 2193/393/105
f 4056/392/148 2192/392/105 2181/381/105
f 2181/381/105 4057/381/148 4056/392/148
f 2159/355/99 2160/356/99 4047/356/99
f 4047/356/99 4044/355/99 2159/355/99
f 2159/355/148 4044/355/148 4045/354/148
f 4045/354/148 2158/354/148 2159/355/148
f 4037/322/106 4038/406/106 4046/405/106
f 4046/405/106 4039/321/106 4037/322/106
f 4048/416/115 4049/407/148 4059/406/148
f 4059/406/148 4060/417/148 4048/416/115
f 4061/455/110 4048/416/115 4060/417/148
f 4060/417/148 4062/454/148 4061/455/110
f 4063/445/110 4061/455/110 4062/454/148
f 4062/454/148 4064/444/148 4063/445/110
f 4065/443/110 4063/445/110 4064/444/148
f 4064/444/148 4066/442/148 4065/443/110
f 4031/418/148 4032/407/148 4067/406/148
f 4067/406/148 4068/409/148 4031/418/148
f 4024/418/90 4069/420/90 4040/419/90
f 4040/419/90 4023/409/90 4024/418/90
f 4072/421/94 4071/423/94 4070/413/108
f 4070/413/108 4073/422/108 4072/421/94
f 4073/422/108 4070/413/108 4074/335/106
f 4074/335/106 4075/336/106 4073/422/108
f 4075/336/90 4074/335/90 2128/335/99
f 2128/335/99 2129/336/99 4075/336/90
f 2130/336/108 2127/335/108 4058/335/94
f 4058/335/94 4076/336/94 2130/336/108
f 4077/413/106 4078/422/106 4076/336/106
f 4076/336/106 4058/335/106 4077/413/106
f 4046/405/106 4077/413/106 4058/335/106
f 4058/335/106 4039/321/106 4046/405/106
f 4078/421/106 4077/423/106 4079/338/99
f 4079/338/99 4080/339/153 4078/421/106
f 4081/420/106 4078/421/106 4080/339/153
f 4080/339/153 4082/350/106 4081/420/106
f 4080/339/153 4079/338/99 2132/338/90
f 2132/338/90 2133/339/90 4080/339/153
f 2131/337/148 2132/338/148 4083/338/148
f 4083/338/148 4084/337/115 2131/337/148
f 2175/375/91 2131/337/148 4084/337/115
f 4084/337/115 4085/375/110 2175/375/91
f 4086/337/105 2131/337/148 2175/375/91
f 2175/375/91 4087/375/103 4086/337/105
f 4087/375/103 2175/375/91 2176/376/90
f 2176/376/90 4088/376/99 4087/375/103
f 4086/337/105 4087/375/103 4088/376/99
f 4088/376/99 4089/340/106 4086/337/105
f 4090/339/105 2133/339/143 2134/340/143
f 2134/340/143 4089/340/165 4090/339/105
f 4090/339/105 4089/340/165 4091/349/106
f 4091/349/106 4092/350/106 4090/339/105
f 4094/380/99 4093/352/108 4091/349/108
f 4091/349/108 4095/379/99 4094/380/99
f 4096/400/94 4097/399/94 2197/399/94
f 2197/399/94 2198/400/94 4096/400/94
f 4098/400/148 2198/400/148 2195/397/148
f 2195/397/148 4099/397/148 4098/400/148
f 4100/399/90 2197/399/94 2194/394/94
f 2194/394/94 4101/394/90 4100/399/90
f 2194/394/94 2197/438/94 4097/438/94
f 4097/438/94 4102/394/94 2194/394/94
f 2193/393/94 2194/394/94 4102/394/94
f 4102/394/94 4050/393/94 2193/393/94
f 4097/399/106 4096/400/106 4103/432/99
f 4103/432/99 4104/426/99 4097/399/106
f 4102/394/106 4097/399/106 4104/426/99
f 4104/426/99 4105/424/99 4102/394/106
f 4068/418/94 4107/420/94 4106/419/94
f 4106/419/94 4031/409/94 4068/418/94
f 2150/347/106 2151/348/99 4034/348/99
f 4034/348/99 4108/347/153 2150/347/106
f 4108/347/153 4034/348/99 4031/409/106
f 4031/409/106 4106/419/106 4108/347/153
f 4075/336/106 4108/347/153 4106/419/106
f 4106/419/106 4073/422/106 4075/336/106
f 4109/347/108 2150/347/106 2129/422/94
f 2129/422/94 4110/422/108 4109/347/108
f 4111/347/94 4033/348/94 2152/348/108
f 2152/348/108 2149/347/108 4111/347/94
f 4112/422/99 2130/422/148 2149/347/108
f 2149/347/108 4113/347/99 4112/422/99
f 4033/348/106 4111/347/106 4081/419/106
f 4081/419/106 4032/409/106 4033/348/106
f 4032/418/106 4081/420/106 4082/350/106
f 4082/350/106 4114/351/106 4032/418/106
f 4114/351/90 4082/350/90 2154/350/90
f 2154/350/90 2155/351/90 4114/351/90
f 4050/393/106 4102/394/106 4105/424/106
f 4105/424/106 4049/401/106 4050/393/106
f 4049/406/90 4105/405/90 4115/408/100
f 4115/408/100 4059/407/100 4049/406/90
f 4083/338/106 4117/356/106 4116/353/106
f 4116/353/106 4084/337/106 4083/338/106
f 4120/413/110 4119/321/106 4118/321/108
f 4118/321/108 4121/413/109 4120/413/110
f 2128/413/148 4120/413/110 4121/413/109
f 4121/413/109 2127/413/136 2128/413/148
f 4122/426/111 4069/424/111 2188/425/111
f 2188/425/111 2119/427/111 4122/426/111
f 4071/423/94 4030/408/94 4027/405/118
f 4027/405/118 4070/413/94 4071/423/94
f 4070/413/106 4027/405/106 4035/321/106
f 4035/321/106 4074/335/106 4070/413/106
f 4096/400/106 4042/317/106 4040/410/99
f 4040/410/99 4103/432/99 4096/400/106
f 4077/423/106 4046/408/106 4047/356/103
f 4047/356/103 4079/338/99 4077/423/106
f 4124/433/111 4123/408/111 4030/408/111
f 4030/408/111 4071/433/111 4124/433/111
f 2106/320/102 2103/317/143 4125/317/105
f 4125/317/105 4126/320/105 2106/320/102
f 4103/422/99 4040/419/99 4069/420/90
f 4069/420/90 4122/421/90 4103/422/99
f 4104/413/99 4103/422/99 4122/421/90
f 4122/421/90 4127/423/154 4104/413/99
f 4105/405/99 4104/413/99 4127/423/154
f 4127/423/154 4115/408/100 4105/405/99
f 4072/436/111 4107/420/111 4128/420/111
f 4128/420/111 4129/436/111 4072/436/111
f 4073/422/94 4106/419/94 4107/420/94
f 4107/420/94 4072/421/94 4073/422/94
f 2129/422/90 2150/347/90 4108/347/90
f 4108/347/90 4075/422/90 2129/422/90
f 4112/422/99 4113/347/99 4109/347/108
f 4109/347/108 4110/422/108 4112/422/99
f 4076/422/94 4111/347/94 2149/347/108
f 2149/347/108 2130/422/148 4076/422/94
f 4078/422/106 4081/419/106 4111/347/106
f 4111/347/106 4076/336/106 4078/422/106
f 4082/350/90 4080/437/90 2133/437/148
f 2133/437/148 2154/350/148 4082/350/90
f 4092/350/94 2154/350/148 2133/339/148
f 2133/339/148 4090/339/94 4092/350/94
f 4100/399/106 4101/394/110 4130/391/110
f 4130/391/110 4131/398/106 4100/399/106
f 4117/356/103 2160/356/93 2157/353/143
f 2157/353/143 4116/353/143 4117/356/103
f 4119/321/93 2110/321/103 2107/321/105
f 2107/321/105 4118/321/143 4119/321/93
f 4113/347/148 2149/347/148 2150/347/148
f 2150/347/148 4109/347/148 4113/347/148
f 4110/422/143 2129/422/143 2130/422/143
f 2130/422/143 4112/422/143 4110/422/143
f 4101/394/110 2194/394/148 2191/391/148
f 2191/391/148 4130/391/110 4101/394/110
f 4123/420/111 2112/324/111 2113/325/111
f 2113/325/111 4052/418/111 4123/420/111
f 4052/418/111 2113/325/111 2114/326/111
f 2114/326/111 4132/439/161 4052/418/111
f 4024/401/111 2189/395/111 2190/396/111
f 2190/396/111 4069/424/111 4024/401/111
f 4030/408/111 2116/327/111 2117/328/111
f 2117/328/111 4029/407/111 4030/408/111
f 4029/407/111 2117/328/111 2118/328/111
f 2118/328/111 4052/407/111 4029/407/111
f 4122/426/111 2120/330/111 2121/331/111
f 2121/331/111 4127/432/111 4122/426/111
f 4129/423/111 2165/361/111 2166/362/111
f 2166/362/111 4124/421/111 4129/423/111
f 2125/334/111 4129/421/111 4124/423/111
f 4124/423/111 2124/333/111 2125/334/111
f 4072/421/111 2126/334/111 2123/333/111
f 2123/333/111 4071/423/111 4072/421/111
f 4115/410/100 2136/342/111 2137/343/111
f 2137/343/111 4059/402/100 4115/410/100
f 4059/402/111 2137/343/111 2138/344/111
f 2138/344/111 4060/403/111 4059/402/111
f 4067/407/111 2167/365/111 2168/366/111
f 2168/366/111 4128/408/111 4067/407/111
f 4129/423/111 4128/408/111 2144/434/111
f 2144/434/111 2164/435/111 4129/423/111
f 2170/440/111 2164/435/111 2144/434/111
f 2144/434/111 2142/441/111 2170/440/111
f 4128/420/111 2146/345/111 2147/346/111
f 2147/346/111 4067/418/111 4128/420/111
f 4067/418/111 2147/346/111 2148/346/111
f 2148/346/111 4068/418/111 4067/418/111
f 4068/418/111 2148/346/111 2145/345/111
f 2145/345/111 4107/420/111 4068/418/111
f 4052/407/143 4132/411/143 4043/439/143
f 4043/439/143 4038/418/143 4052/407/143
f 4133/385/106 4045/354/106 4043/411/106
f 4043/411/106 4134/412/106 4133/385/106
f 4114/351/106 4135/352/106 4065/439/106
f 4065/439/106 4032/418/106 4114/351/106
f 2155/351/143 2156/352/143 4135/352/143
f 4135/352/143 4114/351/143 2155/351/143
f 2185/385/148 2158/354/148 4045/354/148
f 4045/354/148 4133/385/148 2185/385/148
f 4032/418/148 4065/443/148 4066/442/148
f 4066/442/148 4067/409/148 4032/418/148
f 4092/350/148 4091/349/148 2153/349/148
f 2153/349/148 2154/350/148 4092/350/148
f 4085/375/110 4084/337/115 4116/353/105
f 4116/353/105 4136/386/165 4085/375/110
f 4136/386/165 4116/353/105 2157/353/94
f 2157/353/94 2186/386/99 4136/386/165
f 4137/378/110 4085/375/110 4136/386/165
f 4136/386/165 4138/383/165 4137/378/110
f 4099/397/164 4137/378/110 4138/383/165
f 4138/383/165 4126/320/105 4099/397/164
f 4126/320/105 4138/383/165 2183/383/113
f 2183/383/113 2106/320/102 4126/320/105
f 2106/320/102 4140/320/90 4139/319/93
f 4139/319/93 2105/319/91 2106/320/102
f 2105/319/91 4139/319/93 4141/384/135
f 4141/384/135 2184/384/108 2105/319/91
f 2105/319/91 2184/384/108 4055/384/148
f 4055/384/148 4053/319/148 2105/319/91
f 2111/446/111 4123/420/111 4124/421/111
f 4124/421/111 2163/447/111 2111/446/111
f 2162/431/111 2111/446/111 2163/447/111
f 2163/447/111 2169/430/111 2162/431/111
f 4142/448/121 4132/439/161 2114/326/111
f 2114/326/111 2161/357/111 4142/448/121
f 4067/407/111 4066/411/111 2143/364/111
f 2143/364/111 2167/365/111 4067/407/111
f 4145/354/108 4144/385/99 4143/386/98
f 4143/386/98 4146/353/109 4145/354/108
f 4134/448/116 4043/439/143 4132/411/161
f 4132/411/161 4142/412/121 4134/448/116
f 4054/453/116 4134/448/116 4142/412/121
f 4142/412/121 4147/451/121 4054/453/116
f 4055/384/106 4133/385/106 4134/412/116
f 4134/412/116 4054/451/116 4055/384/106
f 4135/352/105 4148/380/165 4063/448/110
f 4063/448/110 4065/439/110 4135/352/105
f 4148/380/165 4135/352/105 2156/352/143
f 2156/352/143 2180/380/143 4148/380/165
f 2180/380/90 4094/380/99 4095/379/99
f 4095/379/99 2179/379/90 2180/380/90
f 4093/352/108 2156/352/108 2153/349/108
f 2153/349/108 4091/349/108 4093/352/108
f 2182/382/136 2179/379/148 4095/379/164
f 4095/379/164 4149/382/139 2182/382/136
f 2182/382/136 4149/382/139 4057/381/108
f 4057/381/108 2181/381/94 2182/382/136
f 4130/391/99 2191/391/90 2192/392/90
f 2192/392/90 4056/392/99 4130/391/99
f 4095/379/164 4091/349/106 4089/340/165
f 4089/340/165 4088/376/106 4095/379/164
f 4149/382/139 4095/379/164 4088/376/106
f 4088/376/106 4150/377/106 4149/382/139
f 2141/370/111 2143/364/111 4066/411/111
f 4066/411/111 4064/412/111 2141/370/111
f 2139/390/111 2141/370/111 4064/412/111
f 4064/412/111 4062/451/111 2139/390/111
f 2172/452/111 2170/440/111 2142/441/111
f 2142/441/111 2140/449/111 2172/452/111
f 4133/385/148 4055/384/148 2184/384/148
f 2184/384/148 2185/385/148 4133/385/148
f 2185/385/148 4144/385/143 4145/354/143
f 4145/354/143 2158/354/148 2185/385/148
f 4150/377/113 4088/376/143 2176/376/105
f 2176/376/105 2177/377/113 4150/377/113
f 4150/377/113 2177/377/113 2178/378/113
f 2178/378/113 4151/378/113 4150/377/113
f 4138/383/143 4136/386/143 2186/386/143
f 2186/386/143 2183/383/143 4138/383/143
f 4147/453/121 4142/448/121 2161/357/111
f 2161/357/111 2173/371/111 4147/453/121
f 4025/404/161 4147/453/121 2173/371/111
f 2173/371/111 2187/373/111 4025/404/161
f 4061/453/110 4063/448/110 4148/380/165
f 4148/380/165 4152/381/106 4061/453/110
f 4048/404/115 4061/453/110 4152/381/106
f 4152/381/106 4051/392/106 4048/404/115
f 4152/381/143 4148/380/143 2180/380/105
f 2180/380/105 2181/381/105 4152/381/143
f 4051/392/143 4152/381/143 2181/381/105
f 2181/381/105 2192/392/105 4051/392/143
f 4094/380/148 2180/380/148 2156/352/148
f 2156/352/148 4093/352/148 4094/380/148
f 2169/430/111 2171/428/111 2174/429/111
f 2174/429/111 2162/431/111 2169/430/111
f 2178/378/148 2175/375/91 4085/375/110
f 4085/375/110 4137/378/110 2178/378/148
f 2195/397/148 2178/378/148 4137/378/110
f 4137/378/110 4099/397/164 2195/397/148
f 4153/397/90 2195/397/99 2196/398/99
f 2196/398/99 4131/398/90 4153/397/90
f 2122/456/111 2172/452/111 2140/449/111
f 2140/449/111 2135/450/111 2122/456/111
f 4127/432/154 2122/456/111 2135/450/111
f 2135/450/111 4115/410/100 4127/432/154
f 4131/398/106 4150/377/113 4151/378/113
f 4151/378/113 4153/397/105 4131/398/106
f 4056/392/99 4057/381/108 4149/382/139
f 4149/382/139 4130/391/99 4056/392/99
f 4141/384/106 4139/319/106 4140/320/110
f 4140/320/110 4154/383/110 4141/384/106
f 4098/400/106 4099/397/164 4126/320/105
f 4126/320/105 4125/317/105 4098/400/106
f 4147/451/121 4025/403/161 4026/404/143
f 4026/404/143 4054/453/116 4147/451/121
f 2171/428/111 2119/427/111 2188/425/111
f 2188/425/111 2174/429/111 2171/428/111
f 4150/377/106 4131/398/106 4130/391/106
f 4130/391/106 4149/382/106 4150/377/106
f 4062/451/111 4060/403/111 2138/344/111
f 2138/344/111 2139/390/111 4062/451/111
f 4024/401/111 4025/404/161 2187/373/111
f 2187/373/111 2189/395/111 4024/401/111
f 2104/318/148 2105/319/91 4053/319/148
f 4053/319/148 4041/318/148 2104/318/148
f 4100/399/143 4131/398/143 2196/398/143
f 2196/398/143 2197/399/143 4100/399/143
f 2131/337/108 4086/337/94 4089/340/94
f 4089/340/94 2134/340/108 2131/337/108
f 2158/354/94 4145/354/108 4146/353/109
f 4146/353/109 2157/353/94 2158/354/94
f 2157/353/94 4146/353/109 4143/386/98
f 4143/386/98 2186/386/99 2157/353/94
f 2186/386/99 4143/386/98 4144/385/99
f 4144/385/99 2185/385/99 2186/386/99
f 2195/397/143 4153/397/105 4151/378/113
f 4151/378/113 2178/378/113 2195/397/143
f 2184/384/108 4141/384/135 4154/383/94
f 4154/383/94 2183/383/113 2184/384/108
f 2183/383/148 4154/383/110 4140/320/110
f 4140/320/110 2106/320/148 2183/383/148
f 4157/403/143 4156/402/105 4155/401/143
f 4155/401/143 4158/404/131 4157/403/143
f 4161/407/90 4160/406/90 4159/405/90
f 4159/405/90 4162/408/90 4161/407/90
f 4165/348/121 4164/409/111 4163/409/111
f 4163/409/111 4166/348/123 4165/348/121
f 2242/348/143 4165/348/121 4166/348/123
f 4166/348/123 2241/348/135 2242/348/143
f 2240/347/94 2241/348/135 4166/348/123
f 4166/348/123 4167/347/129 2240/347/94
f 2225/422/94 2240/347/94 4167/347/129
f 4167/347/129 4168/422/134 2225/422/94
f 4167/347/111 4166/348/111 4163/409/111
f 4163/409/111 4169/419/111 4167/347/111
f 4168/336/134 4167/347/129 4169/419/111
f 4169/419/111 4170/422/111 4168/336/134
f 4159/405/111 4160/406/111 4171/322/122
f 4171/322/122 4172/321/122 4159/405/111
f 4172/321/122 4171/322/122 2205/322/94
f 2205/322/94 2206/321/94 4172/321/122
f 4171/322/111 4160/406/111 4174/406/111
f 4174/406/111 4175/322/111 4171/322/111
f 2204/322/90 4175/322/90 4176/321/90
f 4176/321/90 2203/321/90 2204/322/90
f 4178/318/100 4155/402/111 4177/410/111
f 4177/410/111 4179/317/100 4178/318/100
f 4181/355/125 4174/407/111 4180/411/111
f 4180/411/111 4182/354/125 4181/355/125
f 4181/355/122 4184/356/122 4183/408/111
f 4183/408/111 4174/407/111 4181/355/122
f 4187/393/104 4186/401/125 4185/404/125
f 4185/404/125 4188/392/121 4187/393/104
f 2289/393/93 4187/393/104 4188/392/121
f 4188/392/121 2288/392/143 2289/393/93
f 4161/407/143 4190/407/143 4174/406/143
f 4174/406/143 4160/406/143 4161/407/143
f 4175/322/111 4174/406/111 4183/405/111
f 4183/405/111 4176/321/111 4175/322/111
f 4191/335/111 4176/321/111 4183/405/111
f 4183/405/111 4192/413/111 4191/335/111
f 2226/336/90 2223/335/90 4191/335/90
f 4191/335/90 4193/336/90 2226/336/90
f 2205/322/148 4171/322/148 4175/322/148
f 4175/322/148 2204/322/148 2205/322/148
f 2200/318/90 4178/318/100 4179/317/100
f 4179/317/100 2199/317/90 2200/318/90
f 4184/356/122 4181/355/122 2249/355/94
f 2249/355/94 2250/356/94 4184/356/122
f 2227/337/148 2228/338/148 4196/338/148
f 4196/338/148 4198/337/148 2227/337/148
f 2249/355/148 4181/355/125 4182/354/125
f 4182/354/125 2248/354/148 2249/355/148
f 4185/416/125 4186/407/125 4199/406/148
f 4199/406/148 4200/417/148 4185/416/125
f 4163/418/148 4164/407/148 4201/406/148
f 4201/406/148 4202/409/148 4163/418/148
f 4156/418/94 4203/420/94 4177/419/94
f 4177/419/94 4155/409/94 4156/418/94
f 4204/413/90 4170/422/90 4205/421/99
f 4205/421/99 4206/423/99 4204/413/90
f 2219/333/106 4206/423/99 4205/421/99
f 4205/421/99 2222/334/106 2219/333/106
f 4170/422/111 4204/413/111 4173/335/111
f 4173/335/111 4168/336/134 4170/422/111
f 4168/336/94 4173/335/94 2224/335/94
f 2224/335/94 2225/336/94 4168/336/94
f 4193/336/152 4191/335/111 4192/413/111
f 4192/413/111 4207/422/111 4193/336/152
f 4208/347/100 4193/336/152 4207/422/111
f 4207/422/111 4209/419/111 4208/347/100
f 4193/422/152 4208/347/100 2239/347/148
f 2239/347/148 2226/422/148 4193/422/152
f 4207/421/111 4192/423/111 4210/338/122
f 4210/338/122 4211/339/122 4207/421/111
f 4211/339/122 4210/338/122 2228/338/94
f 2228/338/94 2229/339/94 4211/339/122
f 2293/399/90 2294/400/90 4212/400/100
f 4212/400/100 4213/399/100 2293/399/90
f 4213/399/100 4212/400/100 4214/432/111
f 4214/432/111 4215/426/111 4213/399/100
f 4215/413/94 4214/422/94 4216/421/94
f 4216/421/94 4217/423/118 4215/413/94
f 4202/418/90 4218/420/90 4169/419/90
f 4169/419/90 4163/409/90 4202/418/90
f 2242/348/90 2239/347/90 4208/347/90
f 4208/347/90 4165/348/90 2242/348/90
f 4165/348/111 4208/347/111 4209/419/111
f 4209/419/111 4164/409/111 4165/348/111
f 4164/418/125 4209/420/111 4219/350/122
f 4219/350/122 4220/351/123 4164/418/125
f 2289/393/93 2290/394/90 4221/394/90
f 4221/394/90 4187/393/104 2289/393/93
f 4222/424/111 4186/401/111 4187/393/111
f 4187/393/111 4221/394/111 4222/424/111
f 4215/426/111 4222/424/111 4221/394/111
f 4221/394/111 4213/399/111 4215/426/111
f 4223/408/118 4199/407/94 4186/406/94
f 4186/406/94 4222/405/94 4223/408/118
f 4217/423/118 4223/408/118 4222/405/94
f 4222/405/94 4215/413/94 4217/423/118
f 4224/353/104 4198/337/111 4196/338/111
f 4196/338/111 4197/356/121 4224/353/104
f 2247/353/104 4224/353/104 4197/356/121
f 4197/356/121 2250/356/121 2247/353/104
f 4225/321/130 4227/413/101 4226/413/125
f 4226/413/125 4228/321/121 4225/321/130
f 2203/321/104 4225/321/130 4228/321/121
f 4228/321/121 2206/321/121 2203/321/104
f 4216/426/106 4203/424/106 2284/425/106
f 2284/425/106 2215/427/106 4216/426/106
f 4206/423/90 4162/408/90 4159/405/90
f 4159/405/90 4204/413/90 4206/423/90
f 4204/413/111 4159/405/111 4172/321/111
f 4172/321/111 4173/335/111 4204/413/111
f 4212/400/111 4179/317/111 4177/410/111
f 4177/410/111 4214/432/111 4212/400/111
f 4192/423/111 4183/408/111 4184/356/111
f 4184/356/111 4210/338/111 4192/423/111
f 4230/433/106 4229/408/106 4162/408/106
f 4162/408/106 4206/433/106 4230/433/106
f 4162/408/106 2212/327/106 2213/328/106
f 2213/328/106 4161/407/106 4162/408/106
f 4214/422/94 4177/419/94 4203/420/94
f 4203/420/94 4216/421/94 4214/422/94
f 4232/423/106 4231/408/106 2257/434/106
f 2257/434/106 2254/435/106 4232/423/106
f 2262/440/106 2254/435/106 2257/434/106
f 2257/434/106 2263/441/106 2262/440/106
f 4205/436/106 4218/420/106 4231/420/106
f 4231/420/106 4232/436/106 4205/436/106
f 4170/422/90 4169/419/90 4218/420/90
f 4218/420/90 4205/421/90 4170/422/90
f 4235/422/121 4234/347/125 4233/347/125
f 4233/347/125 4236/422/121 4235/422/121
f 2226/422/143 4235/422/121 4236/422/121
f 4236/422/121 2225/422/143 2226/422/143
f 4211/339/111 4219/350/111 4209/420/111
f 4209/420/111 4207/421/111 4211/339/111
f 4220/351/123 4219/350/122 2244/350/122
f 2244/350/122 2245/351/123 4220/351/123
f 4237/352/100 4220/351/123 2245/351/123
f 2245/351/123 2246/352/100 4237/352/100
f 4241/339/143 2229/339/143 2230/340/148
f 2230/340/148 4242/340/111 4241/339/143
f 4244/391/125 4246/398/111 4245/399/122
f 4245/399/122 4247/394/124 4244/391/125
f 4195/400/125 2294/400/125 2291/397/122
f 2291/397/122 4248/397/175 4195/400/125
f 4252/375/111 4251/378/176 2270/378/101
f 2270/378/101 2267/375/111 4252/375/111
f 4251/378/176 4252/375/111 4253/386/123
f 4253/386/123 4254/383/177 4251/378/176
f 4227/413/101 2223/413/144 2224/413/148
f 2224/413/148 4226/413/125 4227/413/101
f 4234/347/125 2239/347/148 2240/347/148
f 2240/347/148 4233/347/125 4234/347/125
f 4233/347/90 2240/347/90 2225/422/90
f 2225/422/90 4236/422/90 4233/347/90
f 4235/422/94 2226/422/148 2239/347/148
f 2239/347/148 4234/347/94 4235/422/94
f 4247/394/124 2290/394/136 2287/391/148
f 2287/391/148 4244/391/125 4247/394/124
f 4229/420/106 2208/324/106 2209/325/106
f 2209/325/106 4190/418/106 4229/420/106
f 4190/418/106 2209/325/106 2210/326/106
f 2210/326/106 4257/439/106 4190/418/106
f 4156/401/105 2285/395/106 2286/396/106
f 2286/396/106 4203/424/106 4156/401/105
f 4161/407/106 2213/328/106 2214/328/106
f 2214/328/106 4190/407/106 4161/407/106
f 4216/426/106 2216/330/106 2217/331/106
f 2217/331/106 4217/432/106 4216/426/106
f 4232/423/106 2255/361/106 2256/362/106
f 2256/362/106 4230/421/106 4232/423/106
f 4230/423/106 2220/333/106 2221/334/106
f 2221/334/106 4232/421/106 4230/423/106
f 4223/410/106 2232/342/106 2233/343/106
f 2233/343/106 4199/402/106 4223/410/106
f 4199/402/106 2233/343/106 2234/344/106
f 2234/344/106 4200/403/106 4199/402/106
f 4201/407/106 2259/365/106 2260/366/106
f 2260/366/106 4231/408/106 4201/407/106
f 4231/420/106 2236/345/106 2237/346/106
f 2237/346/106 4201/418/106 4231/420/106
f 4201/418/106 2237/346/106 2238/346/106
f 2238/346/106 4202/418/106 4201/418/106
f 4202/418/106 2238/346/106 2235/345/106
f 2235/345/106 4218/420/106 4202/418/106
f 4190/407/143 4257/411/143 4180/439/143
f 4180/439/143 4174/418/143 4190/407/143
f 4258/385/178 4182/354/111 4180/411/111
f 4180/411/111 4259/412/161 4258/385/178
f 4220/351/111 4237/352/111 4260/439/111
f 4260/439/111 4164/418/111 4220/351/111
f 4164/418/125 4260/443/166 4261/442/115
f 4261/442/115 4201/409/148 4164/418/125
f 4240/350/125 4262/349/125 2243/349/148
f 2243/349/148 2244/350/148 4240/350/125
f 4243/376/122 4242/340/100 4255/337/100
f 4255/337/100 4256/375/122 4243/376/122
f 4238/380/122 4239/352/111 4262/349/111
f 4262/349/111 4263/379/122 4238/380/122
f 4264/382/125 4263/379/125 4243/376/111
f 4243/376/111 4265/377/111 4264/382/125
f 4252/375/111 4198/337/111 4224/353/111
f 4224/353/111 4253/386/111 4252/375/111
f 4230/421/106 2253/447/106 2207/446/106
f 2207/446/106 4229/420/106 4230/421/106
f 4241/339/111 4242/340/111 4262/349/125
f 4262/349/125 4240/350/125 4241/339/111
f 4266/448/106 4257/439/106 2210/326/106
f 2210/326/106 2251/357/106 4266/448/106
f 4201/407/106 4261/411/106 2258/364/106
f 2258/364/106 2259/365/106 4201/407/106
f 4269/354/111 4268/385/111 4267/386/121
f 4267/386/121 4270/353/121 4269/354/111
f 4257/411/143 4266/412/143 4259/448/143
f 4259/448/143 4180/439/143 4257/411/143
f 4259/412/161 4272/451/121 4271/384/179
f 4271/384/179 4258/385/178 4259/412/161
f 4258/385/178 4271/384/179 2276/384/101
f 2276/384/101 2277/385/124 4258/385/178
f 2248/354/100 4269/354/90 4270/353/104
f 4270/353/104 2247/353/104 2248/354/100
f 4254/383/177 4253/386/123 2278/386/123
f 2278/386/123 2275/383/104 4254/383/177
f 4273/448/125 4260/439/166 4237/352/100
f 4237/352/100 4274/380/170 4273/448/125
f 4275/453/125 4273/448/125 4274/380/170
f 4274/380/170 4189/381/111 4275/453/125
f 4260/443/166 4273/445/125 4276/444/110
f 4276/444/110 4261/442/115 4260/443/166
f 4263/379/125 4262/349/127 4242/340/111
f 4242/340/111 4243/376/125 4263/379/125
f 2252/431/106 2207/446/106 2253/447/106
f 2253/447/106 2261/430/106 2252/431/106
f 2266/429/106 2252/431/106 2261/430/106
f 2261/430/106 2279/428/106 2266/429/106
f 2264/370/106 2258/364/106 4261/411/115
f 4261/411/115 4276/412/110 2264/370/106
f 2282/390/106 2264/370/106 4276/412/110
f 4276/412/110 4277/451/164 2282/390/106
f 2234/344/106 2282/390/106 4277/451/164
f 4277/451/164 4200/403/106 2234/344/106
f 2280/452/106 2262/440/106 2263/441/106
f 2263/441/106 2281/449/106 2280/452/106
f 4265/377/104 4243/376/125 2268/376/111
f 2268/376/111 2269/377/104 4265/377/104
f 4265/377/104 2269/377/104 2270/378/101
f 2270/378/101 4249/378/176 4265/377/104
f 4278/453/116 4266/448/105 2251/357/106
f 2251/357/106 2265/371/106 4278/453/116
f 4266/412/105 4278/451/116 4272/453/121
f 4272/453/121 4259/448/161 4266/412/105
f 4189/381/143 4274/380/143 2272/380/143
f 2272/380/143 2273/381/143 4189/381/143
f 4279/381/104 2273/381/93 2274/382/90
f 2274/382/90 4264/382/90 4279/381/104
f 4263/379/125 4264/382/125 2274/382/148
f 2274/382/148 2271/379/148 4263/379/125
f 4280/319/111 4271/384/179 4272/451/121
f 4272/451/121 4158/403/131 4280/319/111
f 4273/445/125 4275/455/125 4277/454/164
f 4277/454/164 4276/444/110 4273/445/125
f 4157/404/106 4278/453/106 2265/371/106
f 2265/371/106 2283/373/106 4157/404/106
f 2279/428/106 2215/427/106 2284/425/106
f 2284/425/106 2266/429/106 2279/428/106
f 2218/456/106 2280/452/106 2281/449/106
f 2281/449/106 2231/450/106 2218/456/106
f 2200/318/148 2201/319/148 4280/319/125
f 4280/319/125 4178/318/125 2200/318/148
f 4281/319/124 2201/319/136 2202/320/94
f 2202/320/94 4282/320/122 4281/319/124
f 4249/378/176 4250/397/175 4246/398/123
f 4246/398/123 4265/377/104 4249/378/176
f 4265/377/111 4246/398/111 4244/391/111
f 4244/391/111 4264/382/111 4265/377/111
f 4264/382/125 4244/391/124 4283/392/122
f 4283/392/122 4279/381/111 4264/382/125
f 4254/383/177 4284/320/161 4248/397/175
f 4248/397/175 4251/378/176 4254/383/177
f 4285/383/177 2275/383/104 2276/384/101
f 2276/384/101 4286/384/179 4285/383/177
f 2202/320/121 2199/317/121 4194/317/121
f 4194/317/121 4284/320/161 2202/320/121
f 4284/320/161 4194/317/121 4195/400/125
f 4195/400/125 4248/397/175 4284/320/161
f 4286/384/125 4281/319/124 4282/320/122
f 4282/320/122 4285/383/111 4286/384/125
f 4278/451/116 4157/403/143 4158/404/131
f 4158/404/131 4272/453/121 4278/451/116
f 4189/381/104 4188/392/121 4185/404/125
f 4185/404/125 4275/453/125 4189/381/104
f 4275/455/125 4185/416/125 4200/417/148
f 4200/417/148 4277/454/148 4275/455/125
f 4244/391/124 2287/391/124 2288/392/122
f 2288/392/122 4283/392/122 4244/391/124
f 4178/318/125 4280/319/125 4158/403/111
f 4158/403/111 4155/402/111 4178/318/125
f 4156/401/106 4157/404/106 2283/373/106
f 2283/373/106 2285/395/106 4156/401/106
f 4217/432/118 2218/456/106 2231/450/106
f 2231/450/106 4223/410/118 4217/432/118
f 2292/398/123 2293/399/121 4245/399/143
f 4245/399/143 4246/398/123 2292/398/123
f 2292/398/123 4246/398/123 4250/397/175
f 4250/397/175 2291/397/122 2292/398/123
f 2268/376/94 4243/376/122 4256/375/122
f 4256/375/122 2267/375/94 2268/376/94
f 2227/337/90 4255/337/100 4242/340/100
f 4242/340/100 2230/340/90 2227/337/90
f 2272/380/94 4238/380/122 4263/379/122
f 4263/379/122 2271/379/94 2272/380/94
f 2243/349/101 4262/349/127 4239/352/100
f 4239/352/100 2246/352/100 2243/349/101
f 2278/386/123 4267/386/123 4268/385/178
f 4268/385/178 2277/385/124 2278/386/123
f 4289/403/105 4288/402/105 4287/401/143
f 4287/401/143 4290/404/143 4289/403/105
f 4293/407/103 4292/406/93 4291/405/90
f 4291/405/90 4294/408/153 4293/407/103
f 2309/328/106 4293/407/103 4294/408/153
f 4294/408/153 2308/327/106 2309/328/106
f 4297/348/111 4296/409/125 4295/409/101
f 4295/409/101 4298/348/111 4297/348/111
f 2336/347/94 2337/348/94 4298/348/94
f 4298/348/94 4299/347/94 2336/347/94
f 2321/422/94 2336/347/94 4299/347/94
f 4299/347/94 4300/422/94 2321/422/94
f 4302/322/111 4301/321/111 4291/405/111
f 4291/405/111 4292/406/111 4302/322/111
f 4302/322/111 4292/406/111 4303/406/111
f 4303/406/111 4304/322/111 4302/322/111
f 4305/413/111 4291/405/111 4301/321/111
f 4301/321/111 4306/335/111 4305/413/111
f 4300/336/94 4306/335/94 2320/335/94
f 2320/335/94 2321/336/94 4300/336/94
f 4307/321/100 2299/321/100 2300/322/101
f 2300/322/101 4304/322/101 4307/321/100
f 4304/322/101 2300/322/101 2301/322/124
f 2301/322/124 4302/322/136 4304/322/101
f 2338/348/143 4297/348/143 4298/348/143
f 4298/348/143 2337/348/143 2338/348/143
f 4309/318/152 4287/402/111 4308/410/111
f 4308/410/111 4310/317/104 4309/318/152
f 2296/318/100 4309/318/152 4310/317/104
f 4310/317/104 2295/317/104 2296/318/100
f 2298/320/122 2295/317/104 4311/317/104
f 4311/317/104 4312/320/124 2298/320/122
f 4313/319/134 2297/319/122 2298/320/122
f 2298/320/122 4314/320/124 4313/319/134
f 4315/384/111 4313/319/134 4314/320/124
f 4314/320/124 4316/383/125 4315/384/111
f 4318/355/111 4303/407/160 4317/411/161
f 4317/411/161 4319/354/111 4318/355/111
f 4318/355/111 4321/356/111 4320/408/111
f 4320/408/111 4303/407/160 4318/355/111
f 4324/393/111 4323/401/125 4322/404/125
f 4322/404/125 4325/392/111 4324/393/111
f 4303/406/160 4292/406/93 4293/407/103
f 4293/407/103 4326/407/171 4303/406/160
f 2301/322/124 2302/321/122 4301/321/94
f 4301/321/94 4302/322/136 2301/322/124
f 2383/393/143 4324/393/143 4325/392/143
f 4325/392/143 2382/392/143 2383/393/143
f 2345/355/136 2346/356/94 4321/356/94
f 4321/356/94 4318/355/136 2345/355/136
f 2345/355/136 4318/355/136 4319/354/148
f 4319/354/148 2344/354/148 2345/355/136
f 4304/322/101 4303/406/160 4320/405/111
f 4320/405/111 4307/321/100 4304/322/101
f 4322/416/125 4323/407/125 4328/406/148
f 4328/406/148 4329/417/148 4322/416/125
f 4295/418/101 4296/407/125 4330/406/148
f 4330/406/148 4331/409/91 4295/418/101
f 4288/418/108 4332/420/118 4308/419/94
f 4308/419/94 4287/409/94 4288/418/108
f 4334/421/90 4333/423/90 4305/413/90
f 4305/413/90 4335/422/90 4334/421/90
f 4335/422/111 4305/413/111 4306/335/111
f 4306/335/111 4300/336/111 4335/422/111
f 2322/336/90 2319/335/90 4336/335/90
f 4336/335/90 4337/336/90 2322/336/90
f 4336/335/111 4307/321/111 4320/405/111
f 4320/405/111 4338/413/111 4336/335/111
f 4337/336/111 4336/335/111 4338/413/111
f 4338/413/111 4339/422/111 4337/336/111
f 4339/421/111 4338/423/111 4340/338/111
f 4340/338/111 4341/339/111 4339/421/111
f 4341/339/94 4340/338/94 2324/338/94
f 2324/338/94 2325/339/94 4341/339/94
f 4342/400/90 4343/399/90 2389/399/90
f 2389/399/90 2390/400/90 4342/400/90
f 4343/399/111 4342/400/111 4345/432/111
f 4345/432/111 4346/426/111 4343/399/111
f 4331/418/91 4348/420/90 4347/419/90
f 4347/419/90 4295/409/101 4331/418/91
f 4299/347/111 4298/348/111 4295/409/111
f 4295/409/111 4347/419/111 4299/347/111
f 4300/336/111 4299/347/111 4347/419/111
f 4347/419/111 4335/422/111 4300/336/111
f 2338/348/90 2335/347/90 4349/347/90
f 4349/347/90 4297/348/90 2338/348/90
f 4297/348/111 4349/347/111 4350/419/111
f 4350/419/111 4296/409/111 4297/348/111
f 4296/418/111 4350/420/111 4351/350/111
f 4351/350/111 4352/351/111 4296/418/111
f 4352/351/94 4351/350/94 2340/350/122
f 2340/350/122 2341/351/122 4352/351/94
f 2383/393/90 2384/394/90 4353/394/90
f 4353/394/90 4324/393/90 2383/393/90
f 4324/393/111 4353/394/111 4354/424/122
f 4354/424/122 4323/401/122 4324/393/111
f 4346/426/111 4354/424/111 4353/394/111
f 4353/394/111 4343/399/111 4346/426/111
f 4323/406/122 4354/405/122 4355/408/94
f 4355/408/94 4328/407/94 4323/406/122
f 4358/338/124 4357/356/122 4356/353/111
f 4356/353/111 4359/337/125 4358/338/124
f 4360/321/111 4362/413/111 4361/413/111
f 4361/413/111 4363/321/111 4360/321/111
f 4363/321/143 2302/321/143 2299/321/135
f 2299/321/135 4360/321/135 4363/321/143
f 4364/426/106 4332/424/106 2380/425/106
f 2380/425/106 2311/427/106 4364/426/106
f 4333/423/90 4294/408/90 4291/405/90
f 4291/405/90 4305/413/90 4333/423/90
f 4342/400/111 4310/317/111 4308/410/111
f 4308/410/111 4345/432/111 4342/400/111
f 4338/423/111 4320/408/111 4321/356/111
f 4321/356/111 4340/338/111 4338/423/111
f 4365/433/106 4327/408/106 4294/408/153
f 4294/408/153 4333/433/106 4365/433/106
f 4345/422/94 4308/419/94 4332/420/118
f 4332/420/118 4364/421/118 4345/422/94
f 4346/413/94 4345/422/94 4364/421/118
f 4364/421/118 4366/423/118 4346/413/94
f 4354/405/94 4346/413/94 4366/423/118
f 4366/423/118 4355/408/94 4354/405/94
f 2355/434/106 2352/435/106 4367/423/106
f 4367/423/106 4368/408/106 2355/434/106
f 4367/423/106 2353/361/106 2354/362/106
f 2354/362/106 4365/421/106 4367/423/106
f 4365/421/106 2351/447/106 2303/446/106
f 2303/446/106 4327/420/106 4365/421/106
f 4368/420/106 4367/436/106 4334/436/99
f 4334/436/99 4348/420/153 4368/420/106
f 2331/345/106 4348/420/153 4331/418/106
f 4331/418/106 2334/346/106 2331/345/106
f 4335/422/90 4347/419/90 4348/420/153
f 4348/420/153 4334/421/99 4335/422/90
f 4371/422/121 4370/347/125 4369/347/125
f 4369/347/125 4372/422/121 4371/422/121
f 2322/422/143 4371/422/121 4372/422/121
f 4372/422/121 2321/422/143 2322/422/143
f 2335/347/90 2322/422/90 4337/422/100
f 4337/422/100 4349/347/100 2335/347/90
f 4339/422/111 4350/419/111 4349/347/100
f 4349/347/100 4337/336/100 4339/422/111
f 4341/339/111 4351/350/111 4350/420/111
f 4350/420/111 4339/421/111 4341/339/111
f 4375/399/111 4374/394/111 4373/391/111
f 4373/391/111 4376/398/111 4375/399/111
f 4357/356/143 2346/356/143 2343/353/143
f 2343/353/143 4356/353/143 4357/356/143
f 4344/400/125 2390/400/148 2387/397/148
f 2387/397/148 4377/397/170 4344/400/125
f 2323/337/148 2324/338/148 4358/338/124
f 4358/338/124 4359/337/125 2323/337/148
f 4362/413/148 2319/413/125 2320/413/125
f 2320/413/125 4361/413/148 4362/413/148
f 4370/347/125 2335/347/148 2336/347/148
f 2336/347/148 4369/347/125 4370/347/125
f 4369/347/90 2336/347/90 2321/422/90
f 2321/422/90 4372/422/90 4369/347/90
f 4371/422/94 2322/422/94 2335/347/94
f 2335/347/94 4370/347/94 4371/422/94
f 4380/349/111 4378/350/111 4379/339/111
f 4379/339/111 4381/340/111 4380/349/111
f 4382/379/111 4380/349/111 4381/340/111
f 4381/340/111 4383/376/111 4382/379/111
f 4379/339/143 2325/339/143 2326/340/143
f 2326/340/143 4381/340/143 4379/339/143
f 4374/394/148 2384/394/148 2381/391/148
f 2381/391/148 4373/391/148 4374/394/148
f 4373/391/124 2381/391/137 2382/392/135
f 2382/392/135 4384/392/128 4373/391/124
f 4386/381/180 2369/381/126 2370/382/127
f 2370/382/127 4387/382/181 4386/381/180
f 4327/420/106 2304/324/106 2305/325/106
f 2305/325/106 4326/418/106 4327/420/106
f 4326/418/171 2305/325/106 2306/326/106
f 2306/326/106 4388/439/105 4326/418/171
f 4288/401/108 2385/395/106 2386/396/106
f 2386/396/106 4332/424/118 4288/401/108
f 4293/407/106 2309/328/106 2310/328/106
f 2310/328/106 4326/407/106 4293/407/106
f 4364/426/118 2312/330/106 2313/331/106
f 2313/331/106 4366/432/118 4364/426/118
f 2317/334/106 4367/421/106 4365/423/106
f 4365/423/106 2316/333/106 2317/334/106
f 2315/333/106 4333/423/106 4334/421/106
f 4334/421/106 2318/334/106 2315/333/106
f 4355/410/106 2328/342/106 2329/343/106
f 2329/343/106 4328/402/106 4355/410/106
f 4328/402/106 2329/343/106 2330/344/106
f 2330/344/106 4329/403/164 4328/402/106
f 2357/366/106 4368/408/106 4330/407/174
f 4330/407/174 2356/365/106 2357/366/106
f 2358/364/106 2356/365/106 4330/407/174
f 4330/407/174 4389/411/164 2358/364/106
f 4368/420/106 2332/345/106 2333/346/106
f 2333/346/106 4330/418/174 4368/420/106
f 2362/440/106 2352/435/106 2355/434/106
f 2355/434/106 2359/441/106 2362/440/106
f 4326/407/171 4388/411/105 4317/439/161
f 4317/439/161 4303/418/160 4326/407/171
f 4390/385/111 4319/354/111 4317/411/161
f 4317/411/161 4391/412/111 4390/385/111
f 4352/351/111 4393/352/111 4392/439/125
f 4392/439/125 4296/418/125 4352/351/111
f 4296/418/125 4392/443/125 4389/442/164
f 4389/442/164 4330/409/174 4296/418/125
f 4393/352/143 4352/351/143 2341/351/143
f 2341/351/143 2342/352/143 4393/352/143
f 2368/380/122 4394/380/178 4382/379/178
f 4382/379/178 2367/379/124 2368/380/122
f 2370/382/127 2367/379/124 4382/379/178
f 4382/379/178 4387/382/181 2370/382/127
f 4387/382/181 4382/379/178 4383/376/142
f 4383/376/142 4396/377/176 4387/382/181
f 4373/391/124 4387/382/181 4396/377/176
f 4396/377/176 4376/398/134 4373/391/124
f 4383/376/142 4381/340/104 4397/337/100
f 4397/337/100 4398/375/178 4383/376/142
f 2368/380/122 2369/381/126 4385/381/180
f 4385/381/180 4399/380/178 2368/380/122
f 4399/380/178 4385/381/180 4400/453/125
f 4400/453/125 4401/448/125 4399/380/178
f 4322/404/125 4400/453/125 4385/381/180
f 4385/381/180 4325/392/128 4322/404/125
f 4378/350/148 4380/349/148 2339/349/148
f 2339/349/148 2340/350/148 4378/350/148
f 4394/380/178 4395/352/125 4380/349/111
f 4380/349/111 4382/379/178 4394/380/178
f 4402/375/111 4359/337/111 4356/353/111
f 4356/353/111 4403/386/111 4402/375/111
f 4405/353/90 2343/353/100 2344/354/100
f 2344/354/100 4406/354/90 4405/353/90
f 4408/448/106 4388/439/106 2306/326/106
f 2306/326/106 2347/357/106 4408/448/106
f 4406/354/125 4407/385/125 4404/386/111
f 4404/386/111 4405/353/111 4406/354/125
f 4388/411/143 4408/412/143 4391/448/143
f 4391/448/143 4317/439/143 4388/411/143
f 4409/384/111 4390/385/111 4391/412/111
f 4391/412/111 4410/451/111 4409/384/111
f 4393/352/111 4399/380/111 4401/448/125
f 4401/448/125 4392/439/125 4393/352/111
f 4392/443/125 4401/445/125 4411/444/148
f 4411/444/148 4389/442/148 4392/443/125
f 2351/447/106 2361/430/106 2348/431/106
f 2348/431/106 2303/446/106 2351/447/106
f 4389/411/164 4411/412/106 2360/370/106
f 2360/370/106 2358/364/106 4389/411/164
f 2376/452/106 2362/440/106 2359/441/106
f 2359/441/106 2377/449/106 2376/452/106
f 4396/377/143 4383/376/143 2364/376/143
f 2364/376/143 2365/377/143 4396/377/143
f 2374/386/121 2371/383/121 4412/383/121
f 4412/383/121 4403/386/121 2374/386/121
f 4403/386/121 4412/383/121 4413/378/179
f 4413/378/179 4402/375/178 4403/386/121
f 4402/375/178 4413/378/179 2366/378/101
f 2366/378/101 2363/375/124 4402/375/178
f 4414/397/122 2387/397/122 2388/398/122
f 2388/398/122 4376/398/134 4414/397/122
f 4415/453/105 4408/448/105 2347/357/106
f 2347/357/106 2349/371/106 4415/453/105
f 4289/404/105 4415/453/105 2349/371/106
f 2349/371/106 2379/373/106 4289/404/105
f 4408/412/105 4415/451/105 4410/453/143
f 4410/453/143 4391/448/143 4408/412/105
f 4416/319/125 4409/384/111 4410/451/111
f 4410/451/111 4290/403/111 4416/319/125
f 4401/445/125 4400/455/125 4417/454/110
f 4417/454/110 4411/444/110 4401/445/125
f 2361/430/106 2375/428/106 2350/429/106
f 2350/429/106 2348/431/106 2361/430/106
f 4411/412/110 4417/451/110 2378/390/106
f 2378/390/106 2360/370/106 4411/412/110
f 2314/456/106 2376/452/106 2377/449/106
f 2377/449/106 2327/450/106 2314/456/106
f 4366/432/106 2314/456/106 2327/450/106
f 2327/450/106 4355/410/106 4366/432/106
f 4390/385/148 4409/384/148 2372/384/148
f 2372/384/148 2373/385/148 4390/385/148
f 4407/385/94 2373/385/94 2374/386/94
f 2374/386/94 4404/386/94 4407/385/94
f 4396/377/176 2365/377/100 2366/378/101
f 2366/378/101 4418/378/179 4396/377/176
f 4418/378/179 4414/397/122 4376/398/134
f 4376/398/134 4396/377/176 4418/378/179
f 4384/392/111 4386/381/111 4387/382/111
f 4387/382/111 4373/391/111 4384/392/111
f 4377/397/170 4413/378/111 4412/383/111
f 4412/383/111 4312/320/111 4377/397/170
f 4316/383/90 2371/383/90 2372/384/90
f 2372/384/90 4315/384/90 4316/383/90
f 2296/318/148 2297/319/148 4416/319/125
f 4416/319/125 4309/318/148 2296/318/148
f 4344/400/125 4377/397/170 4312/320/111
f 4312/320/111 4311/317/111 4344/400/125
f 4415/451/105 4289/403/105 4290/404/143
f 4290/404/143 4410/453/143 4415/451/105
f 4400/455/125 4322/416/125 4329/417/164
f 4329/417/164 4417/454/110 4400/455/125
f 2375/428/106 2311/427/106 2380/425/106
f 2380/425/106 2350/429/106 2375/428/106
f 4417/451/110 4329/403/164 2330/344/106
f 2330/344/106 2378/390/106 4417/451/110
f 4309/318/152 4416/319/134 4290/403/111
f 4290/403/111 4287/402/111 4309/318/152
f 4288/401/105 4289/404/105 2379/373/106
f 2379/373/106 2385/395/106 4288/401/105
f 4375/399/93 4376/398/143 2388/398/143
f 2388/398/143 2389/399/93 4375/399/93
f 2364/376/122 4383/376/142 4398/375/178
f 4398/375/178 2363/375/124 2364/376/122
f 2323/337/90 4397/337/100 4381/340/104
f 4381/340/104 2326/340/93 2323/337/90
f 2339/349/100 4380/349/90 4395/352/90
f 4395/352/90 2342/352/100 2339/349/100
f 4421/403/143 4420/402/143 4419/401/161
f 4419/401/161 4422/404/161 4421/403/143
f 4423/405/100 4425/408/90 4424/407/90
f 4424/407/90 4426/406/152 4423/405/100
f 4423/405/100 4426/406/152 4427/322/178
f 4427/322/178 4428/321/122 4423/405/100
f 4427/322/178 4426/406/152 4429/406/111
f 4429/406/111 4430/322/101 4427/322/178
f 2396/322/101 4430/322/101 4431/321/90
f 4431/321/90 2395/321/100 2396/322/101
f 4433/335/111 4431/321/111 4432/405/111
f 4432/405/111 4434/413/111 4433/335/111
f 4437/348/111 4436/409/125 4435/409/125
f 4435/409/125 4438/348/111 4437/348/111
f 2436/348/121 4437/348/143 4438/348/143
f 4438/348/143 2435/348/121 2436/348/121
f 4439/347/134 4438/348/111 4435/409/111
f 4435/409/111 4440/419/152 4439/347/134
f 2419/422/94 2434/347/94 4439/347/134
f 4439/347/134 4441/422/122 2419/422/94
f 4441/336/122 4439/347/134 4440/419/152
f 4440/419/152 4442/422/100 4441/336/122
f 4442/422/100 4440/419/152 4443/420/90
f 4443/420/90 4444/421/90 4442/422/100
f 4446/318/152 4419/402/161 4445/410/111
f 4445/410/111 4447/317/100 4446/318/152
f 4449/355/111 4429/407/161 4448/411/121
f 4448/411/121 4450/354/111 4449/355/111
f 4449/355/111 4451/356/111 4432/408/111
f 4432/408/111 4429/407/161 4449/355/111
f 4454/393/121 4453/401/125 4452/404/125
f 4452/404/125 4455/392/121 4454/393/121
f 2481/393/121 4454/393/121 4455/392/121
f 4455/392/121 2480/392/121 2481/393/121
f 2467/381/90 2480/392/121 4455/392/121
f 4455/392/121 4456/381/121 2467/381/90
f 4457/392/125 2480/392/121 2467/381/90
f 2467/381/90 4458/381/101 4457/392/125
f 4424/407/165 4459/407/105 4429/406/143
f 4429/406/143 4426/406/143 4424/407/165
f 4430/322/101 2396/322/101 2397/322/124
f 2397/322/124 4427/322/178 4430/322/101
f 4428/321/122 4427/322/178 2397/322/124
f 2397/322/124 2398/321/122 4428/321/122
f 2418/413/125 4460/413/125 4462/413/101
f 4462/413/101 2417/413/101 2418/413/125
f 2392/318/90 4446/318/152 4447/317/100
f 4447/317/100 2391/317/90 2392/318/90
f 2443/355/136 2444/356/94 4451/356/94
f 4451/356/94 4449/355/136 2443/355/136
f 2443/355/136 4449/355/136 4450/354/148
f 4450/354/148 2442/354/148 2443/355/136
f 4430/322/111 4429/406/111 4432/405/111
f 4432/405/111 4431/321/111 4430/322/111
f 4452/416/125 4453/407/125 4463/406/148
f 4463/406/148 4464/417/148 4452/416/125
f 4465/455/125 4452/416/125 4464/417/148
f 4464/417/148 4466/454/148 4465/455/125
f 4435/418/125 4436/407/125 4467/406/148
f 4467/406/148 4468/409/148 4435/418/125
f 4445/419/94 4419/409/94 4420/418/138
f 4420/418/138 4469/420/108 4445/419/94
f 4470/422/94 4445/419/94 4469/420/94
f 4469/420/94 4471/421/94 4470/422/94
f 4444/421/90 4473/423/90 4472/413/90
f 4472/413/90 4442/422/90 4444/421/90
f 4442/422/111 4472/413/111 4474/335/125
f 4474/335/125 4441/336/122 4442/422/111
f 4441/336/122 4474/335/125 2418/335/125
f 2418/335/125 2419/336/122 4441/336/122
f 2420/336/100 2417/335/101 4433/335/101
f 4433/335/101 4475/336/100 2420/336/100
f 4475/336/100 4433/335/101 4434/413/111
f 4434/413/111 4476/422/111 4475/336/100
f 4476/421/111 4434/423/111 4477/338/111
f 4477/338/111 4478/339/111 4476/421/111
f 4478/339/129 4477/338/94 2422/338/122
f 2422/338/122 2423/339/129 4478/339/129
f 4479/400/125 4480/399/154 2485/399/130
f 2485/399/130 2486/400/124 4479/400/125
f 2484/398/128 2485/399/130 4481/399/121
f 4481/399/121 4482/398/182 2484/398/128
f 4483/400/125 2486/400/124 2483/397/122
f 2483/397/122 4484/397/170 4483/400/125
f 2394/320/128 2391/317/123 4485/317/183
f 4485/317/183 4486/320/121 2394/320/128
f 2394/320/128 4488/320/122 4487/319/123
f 4487/319/123 2393/319/124 2394/320/128
f 2392/318/125 2393/319/124 4489/319/148
f 4489/319/148 4446/318/148 2392/318/125
f 4480/399/111 4479/400/111 4470/432/122
f 4470/432/122 4490/426/129 4480/399/111
f 4490/413/129 4470/422/122 4471/421/94
f 4471/421/94 4491/423/94 4490/413/129
f 4468/418/90 4443/420/90 4440/419/90
f 4440/419/90 4435/409/90 4468/418/90
f 4438/348/94 4439/347/94 2434/347/94
f 2434/347/94 2435/348/94 4438/348/94
f 2436/348/90 2433/347/90 4492/347/90
f 4492/347/90 4437/348/90 2436/348/90
f 4437/348/111 4492/347/152 4493/419/111
f 4493/419/111 4436/409/111 4437/348/111
f 4436/418/111 4493/420/111 4494/350/111
f 4494/350/111 4495/351/111 4436/418/111
f 2438/350/94 2439/351/94 4495/351/94
f 4495/351/94 4494/350/129 2438/350/94
f 2423/437/129 2438/350/94 4494/350/129
f 4494/350/129 4478/437/129 2423/437/129
f 4496/394/90 4454/393/90 2481/393/90
f 2481/393/90 2482/394/90 4496/394/90
f 4497/394/136 2482/394/136 2479/391/148
f 2479/391/148 4498/391/148 4497/394/136
f 4498/391/94 2479/391/94 2480/392/94
f 2480/392/94 4457/392/94 4498/391/94
f 4454/393/111 4496/394/111 4499/424/111
f 4499/424/111 4453/401/111 4454/393/111
f 4500/408/94 4463/407/94 4453/406/94
f 4453/406/94 4499/405/94 4500/408/94
f 4491/423/94 4500/408/94 4499/405/94
f 4499/405/94 4490/413/129 4491/423/94
f 4460/413/111 4461/321/111 4501/321/111
f 4501/321/111 4462/413/111 4460/413/111
f 4471/426/106 4469/424/106 2476/425/106
f 2476/425/106 2407/427/106 4471/426/106
f 4473/423/90 4425/408/90 4423/405/90
f 4423/405/90 4472/413/90 4473/423/90
f 4472/413/111 4423/405/111 4428/321/111
f 4428/321/111 4474/335/111 4472/413/111
f 4479/400/111 4447/317/111 4445/410/111
f 4445/410/111 4470/432/111 4479/400/111
f 4434/423/111 4432/408/111 4451/356/111
f 4451/356/111 4477/338/111 4434/423/111
f 4503/433/106 4502/408/106 4425/408/106
f 4425/408/106 4473/433/106 4503/433/106
f 4505/423/106 4504/408/106 2453/434/106
f 2453/434/106 2450/435/106 4505/423/106
f 4444/436/106 4443/420/106 4504/420/106
f 4504/420/106 4505/436/106 4444/436/106
f 2429/345/106 4443/420/106 4468/418/106
f 4468/418/106 2432/346/106 2429/345/106
f 4508/422/111 4507/347/111 4506/347/111
f 4506/347/111 4509/422/111 4508/422/111
f 4509/422/143 2419/422/143 2420/422/143
f 2420/422/143 4508/422/143 4509/422/143
f 2433/347/90 2420/422/90 4475/422/100
f 4475/422/100 4492/347/152 2433/347/90
f 4476/422/111 4493/419/111 4492/347/152
f 4492/347/152 4475/336/100 4476/422/111
f 4478/339/129 4494/350/129 4493/420/111
f 4493/420/111 4476/421/111 4478/339/129
f 4481/399/121 4497/394/111 4498/391/111
f 4498/391/111 4482/398/182 4481/399/121
f 4480/438/154 4496/394/100 2482/394/90
f 2482/394/90 2485/438/130 4480/438/154
f 4490/426/111 4499/424/111 4496/394/100
f 4496/394/100 4480/399/154 4490/426/111
f 4510/356/121 2444/356/143 2441/353/143
f 2441/353/143 4511/353/161 4510/356/121
f 4512/338/111 4510/356/121 4511/353/161
f 4511/353/161 4513/337/170 4512/338/111
f 4514/375/170 4513/337/170 4511/353/161
f 4511/353/161 4515/386/111 4514/375/170
f 4516/378/111 4514/375/170 4515/386/111
f 4515/386/111 4517/383/111 4516/378/111
f 2421/337/148 2422/338/148 4512/338/148
f 4512/338/148 4513/337/148 2421/337/148
f 4461/321/143 2398/321/143 2395/321/143
f 2395/321/143 4501/321/143 4461/321/143
f 4507/347/148 2433/347/148 2434/347/91
f 2434/347/91 4506/347/91 4507/347/148
f 4506/347/91 2434/347/91 2419/422/90
f 2419/422/90 4509/422/90 4506/347/91
f 4508/422/94 2420/422/94 2433/347/94
f 2433/347/94 4507/347/94 4508/422/94
f 4518/350/90 2438/350/90 2423/339/90
f 2423/339/90 4519/339/90 4518/350/90
f 4519/339/121 2423/339/143 2424/340/143
f 2424/340/143 4520/340/121 4519/339/121
f 4519/339/121 4520/340/121 4521/349/125
f 4521/349/125 4518/350/125 4519/339/121
f 4518/350/125 4521/349/125 2437/349/125
f 2437/349/125 2438/350/125 4518/350/125
f 4481/399/94 2485/399/94 2482/394/136
f 2482/394/136 4497/394/136 4481/399/94
f 4502/420/106 2400/324/106 2401/325/106
f 2401/325/106 4459/418/106 4502/420/106
f 4459/418/106 2401/325/106 2402/326/106
f 2402/326/106 4522/439/106 4459/418/106
f 4420/401/138 2477/395/106 2478/396/106
f 2478/396/106 4469/424/108 4420/401/138
f 4425/408/106 2404/327/106 2405/328/106
f 2405/328/106 4424/407/165 4425/408/106
f 4424/407/165 2405/328/106 2406/328/106
f 2406/328/106 4459/407/105 4424/407/165
f 4471/426/106 2408/330/106 2409/331/106
f 2409/331/106 4491/432/106 4471/426/106
f 4505/423/106 2448/361/106 2449/362/106
f 2449/362/106 4503/421/106 4505/423/106
f 4503/421/106 2447/447/106 2399/446/106
f 2399/446/106 4502/420/106 4503/421/106
f 2446/431/106 2399/446/106 2447/447/106
f 2447/447/106 2451/430/106 2446/431/106
f 4503/423/106 2414/333/106 2415/334/106
f 2415/334/106 4505/421/106 4503/423/106
f 4444/421/106 2416/334/106 2413/333/106
f 2413/333/106 4473/423/106 4444/421/106
f 4500/410/106 2426/342/106 2427/343/106
f 2427/343/106 4463/402/106 4500/410/106
f 2425/450/106 4500/410/106 4491/432/106
f 4491/432/106 2410/456/106 2425/450/106
f 4463/402/106 2427/343/106 2428/344/106
f 2428/344/106 4464/403/106 4463/402/106
f 4467/407/106 2455/365/106 2456/366/106
f 2456/366/106 4504/408/106 4467/407/106
f 4504/420/106 2430/345/106 2431/346/106
f 2431/346/106 4467/418/106 4504/420/106
f 4467/418/106 2431/346/106 2432/346/106
f 2432/346/106 4468/418/106 4467/418/106
f 2452/440/106 2450/435/106 2453/434/106
f 2453/434/106 2457/441/106 2452/440/106
f 2411/452/106 2452/440/106 2457/441/106
f 2457/441/106 2473/449/106 2411/452/106
f 4459/407/143 4522/411/143 4448/439/121
f 4448/439/121 4429/418/161 4459/407/143
f 4523/385/166 4450/354/125 4448/411/121
f 4448/411/121 4524/412/131 4523/385/166
f 4525/439/125 4436/418/125 4495/351/121
f 4495/351/121 4526/352/161 4525/439/125
f 4526/352/161 4495/351/121 2439/351/143
f 2439/351/143 2440/352/143 4526/352/161
f 2471/385/148 2442/354/148 4450/354/125
f 4450/354/125 4523/385/166 2471/385/148
f 2470/384/148 2471/385/148 4523/385/166
f 4523/385/166 4527/384/148 2470/384/148
f 4528/442/115 4467/409/148 4436/418/125
f 4436/418/125 4525/443/125 4528/442/115
f 4529/444/164 4528/442/115 4525/443/125
f 4525/443/125 4530/445/125 4529/444/164
f 4532/337/104 4533/375/121 4531/376/111
f 4531/376/111 4520/340/100 4532/337/104
f 4520/340/111 4531/376/111 4534/379/111
f 4534/379/111 4521/349/111 4520/340/111
f 4515/386/143 4511/353/143 2441/353/143
f 2441/353/143 2472/386/143 4515/386/143
f 4535/353/100 2441/353/100 2442/354/104
f 2442/354/104 4536/354/104 4535/353/100
f 4536/354/104 2442/354/104 2471/385/143
f 2471/385/143 4537/385/121 4536/354/104
f 4536/354/104 4537/385/121 4538/386/111
f 4538/386/111 4535/353/100 4536/354/104
f 4539/448/105 4522/439/105 2402/326/106
f 2402/326/106 2445/357/106 4539/448/105
f 4540/453/105 4539/448/105 2445/357/106
f 2445/357/106 2459/371/106 4540/453/105
f 4467/407/106 4528/411/106 2454/364/106
f 2454/364/106 2455/365/106 4467/407/106
f 4522/411/105 4539/412/105 4524/448/131
f 4524/448/131 4448/439/121 4522/411/105
f 4527/384/111 4523/385/111 4524/412/111
f 4524/412/111 4541/451/111 4527/384/111
f 4526/352/161 4542/380/111 4530/448/125
f 4530/448/125 4525/439/125 4526/352/161
f 2440/352/143 2466/380/143 4542/380/143
f 4542/380/143 4526/352/143 2440/352/143
f 4513/337/170 4514/375/170 2461/375/148
f 2461/375/148 2421/337/148 4513/337/170
f 4528/411/115 4529/412/164 2458/370/106
f 2458/370/106 2454/364/106 4528/411/115
f 2462/376/143 2463/377/143 4543/377/143
f 4543/377/143 4531/376/143 2462/376/143
f 4517/383/143 4515/386/143 2472/386/122
f 2472/386/122 2469/383/100 4517/383/143
f 4538/386/136 2472/386/122 2441/353/148
f 2441/353/148 4535/353/148 4538/386/136
f 2469/383/100 4544/383/91 4488/320/148
f 4488/320/148 2394/320/148 2469/383/100
f 4539/412/105 4540/451/105 4541/453/143
f 4541/453/143 4524/448/131 4539/412/105
f 4542/380/111 4456/381/111 4465/453/111
f 4465/453/111 4530/448/111 4542/380/111
f 2466/380/143 2467/381/143 4456/381/143
f 4456/381/143 4542/380/143 2466/380/143
f 4489/319/111 4527/384/111 4541/451/111
f 4541/451/111 4422/403/161 4489/319/111
f 4446/318/152 4489/319/111 4422/403/161
f 4422/403/161 4419/402/161 4446/318/152
f 4530/445/148 4465/455/148 4466/454/148
f 4466/454/148 4529/444/148 4530/445/148
f 4534/379/148 4545/382/148 2468/382/125
f 2468/382/125 2465/379/125 4534/379/148
f 4421/404/165 4540/453/105 2459/371/106
f 2459/371/106 2475/373/106 4421/404/165
f 4420/401/138 4421/404/165 2475/373/106
f 2475/373/106 2477/395/106 4420/401/138
f 2451/430/106 2412/428/106 2460/429/106
f 2460/429/106 2446/431/106 2451/430/106
f 4514/375/148 4516/378/148 2464/378/148
f 2464/378/148 2461/375/148 4514/375/148
f 2461/375/143 4533/375/121 4532/337/104
f 4532/337/104 2421/337/93 2461/375/143
f 2421/337/93 4532/337/104 4520/340/100
f 4520/340/100 2424/340/90 2421/337/93
f 4546/378/104 2464/378/93 2483/397/122
f 2483/397/122 4547/397/123 4546/378/104
f 2464/378/93 4546/378/104 4543/377/104
f 4543/377/104 2463/377/102 2464/378/93
f 4547/397/123 2483/397/122 2484/398/128
f 2484/398/128 4482/398/182 4547/397/123
f 4529/412/164 4466/451/106 2474/390/106
f 2474/390/106 2458/370/106 4529/412/164
f 2473/449/106 2425/450/106 2410/456/106
f 2410/456/106 2411/452/106 2473/449/106
f 4527/384/148 4489/319/148 2393/319/124
f 2393/319/124 2470/384/148 4527/384/148
f 4548/384/121 2470/384/148 2393/319/124
f 2393/319/124 4487/319/123 4548/384/121
f 4546/378/104 4547/397/123 4482/398/182
f 4482/398/182 4543/377/104 4546/378/104
f 4531/376/111 4543/377/111 4545/382/111
f 4545/382/111 4534/379/111 4531/376/111
f 4545/382/104 4498/391/121 4457/392/125
f 4457/392/125 4458/381/101 4545/382/104
f 2468/382/90 4545/382/104 4458/381/101
f 4458/381/101 2467/381/90 2468/382/90
f 4521/349/111 4534/379/122 4549/380/124
f 4549/380/124 4550/352/125 4521/349/111
f 2440/352/148 4550/352/125 4549/380/124
f 4549/380/124 2466/380/136 2440/352/148
f 4484/397/170 4516/378/111 4517/383/121
f 4517/383/121 4486/320/121 4484/397/170
f 4486/320/121 4517/383/121 2469/383/143
f 2469/383/143 2394/320/128 4486/320/121
f 4483/400/125 4484/397/170 4486/320/121
f 4486/320/121 4485/317/183 4483/400/125
f 4548/384/121 4487/319/123 4488/320/122
f 4488/320/122 4544/383/111 4548/384/121
f 4540/451/105 4421/403/165 4422/404/143
f 4422/404/143 4541/453/143 4540/451/105
f 4456/381/121 4455/392/121 4452/404/125
f 4452/404/125 4465/453/125 4456/381/121
f 2412/428/106 2407/427/106 2476/425/106
f 2476/425/106 2460/429/106 2412/428/106
f 4543/377/111 4482/398/111 4498/391/111
f 4498/391/111 4545/382/111 4543/377/111
f 4516/378/148 4484/397/148 2483/397/148
f 2483/397/148 2464/378/148 4516/378/148
f 4466/451/106 4464/403/106 2428/344/106
f 2428/344/106 2474/390/106 4466/451/106
f 2462/376/94 4531/376/94 4533/375/94
f 4533/375/94 2461/375/94 2462/376/94
f 2466/380/136 4549/380/124 4534/379/122
f 4534/379/122 2465/379/94 2466/380/136
f 2437/349/90 4521/349/90 4550/352/90
f 4550/352/90 2440/352/90 2437/349/90
f 2472/386/122 4538/386/136 4537/385/94
f 4537/385/94 2471/385/122 2472/386/122
f 2470/384/100 4548/384/90 4544/383/91
f 4544/383/91 2469/383/100 2470/384/100
f 4553/403/116 4552/402/165 4551/401/161
f 4551/401/161 4554/404/131 4553/403/116
f 4555/451/143 4553/403/116 4554/404/131
f 4554/404/131 4556/453/143 4555/451/143
f 4557/405/100 4559/408/90 4558/407/93
f 4558/407/93 4560/406/104 4557/405/100
f 4561/406/121 4560/406/104 4558/407/93
f 4558/407/93 4562/407/143 4561/406/121
f 4564/322/101 4561/406/121 4563/405/111
f 4563/405/111 4565/321/100 4564/322/101
f 4564/322/101 2492/322/101 2493/322/124
f 2493/322/124 4566/322/124 4564/322/101
f 4567/321/122 4566/322/124 2493/322/124
f 2493/322/124 2494/321/122 4567/321/122
f 4569/321/143 2494/321/143 2491/321/143
f 2491/321/143 4570/321/143 4569/321/143
f 4572/409/111 4574/348/122 4573/348/152
f 4573/348/152 4575/409/111 4572/409/111
f 4576/419/111 4575/409/111 4573/348/152
f 4573/348/152 4577/347/100 4576/419/111
f 4566/322/124 4567/321/122 4557/405/100
f 4557/405/100 4560/406/104 4566/322/124
f 4566/322/111 4560/406/111 4561/406/111
f 4561/406/111 4564/322/111 4566/322/111
f 2492/322/101 4564/322/101 4565/321/100
f 4565/321/100 2491/321/100 2492/322/101
f 2532/348/143 4573/348/143 4574/348/143
f 4574/348/143 2531/348/143 2532/348/143
f 4579/318/170 4551/402/161 4578/410/111
f 4578/410/111 4580/317/161 4579/318/170
f 4582/355/111 4561/407/111 4581/411/111
f 4581/411/111 4583/354/111 4582/355/111
f 4582/355/111 4584/356/111 4563/408/111
f 4563/408/111 4561/407/111 4582/355/111
f 4587/393/161 4586/401/170 4585/404/125
f 4585/404/125 4588/392/121 4587/393/161
f 2575/393/121 4587/393/161 4588/392/121
f 4588/392/121 2574/392/128 2575/393/121
f 2563/381/132 2574/392/128 4588/392/121
f 4588/392/121 4589/381/131 2563/381/132
f 4589/381/131 4588/392/121 4585/404/125
f 4585/404/125 4590/453/166 4589/381/131
f 2488/318/90 4579/318/90 4580/317/90
f 4580/317/90 2487/317/90 2488/318/90
f 2539/355/136 2540/356/135 4584/356/135
f 4584/356/135 4582/355/136 2539/355/136
f 2539/355/136 4582/355/136 4583/354/166
f 4583/354/166 2538/354/92 2539/355/136
f 4585/416/125 4586/407/170 4592/406/148
f 4592/406/148 4593/417/115 4585/416/125
f 4590/455/166 4585/416/125 4593/417/115
f 4593/417/115 4594/454/115 4590/455/166
f 4572/418/148 4575/407/148 4595/406/174
f 4595/406/174 4596/409/110 4572/418/148
f 4552/418/94 4597/420/94 4578/419/94
f 4578/419/94 4551/409/94 4552/418/94
f 4600/421/99 4599/423/99 4598/413/90
f 4598/413/90 4601/422/90 4600/421/99
f 4601/422/111 4598/413/111 4602/335/152
f 4602/335/152 4603/336/111 4601/422/111
f 4603/336/94 4602/335/94 2512/335/122
f 2512/335/122 2513/336/122 4603/336/94
f 2514/336/100 2511/335/100 4604/335/90
f 4604/335/90 4605/336/90 2514/336/100
f 4605/336/111 4604/335/134 4606/413/111
f 4606/413/111 4607/422/111 4605/336/111
f 4607/421/111 4606/423/111 4608/338/111
f 4608/338/111 4609/339/111 4607/421/111
f 4609/339/94 4608/338/94 2516/338/122
f 2516/338/122 2517/339/123 4609/339/94
f 4610/339/143 2517/339/123 2518/340/100
f 2518/340/100 4611/340/90 4610/339/143
f 4611/340/90 2518/340/100 2515/337/100
f 2515/337/100 4613/337/90 4611/340/90
f 2581/399/90 2582/400/90 4591/400/90
f 4591/400/90 4614/399/154 2581/399/90
f 4614/399/111 4591/400/111 4615/432/122
f 4615/432/122 4616/426/122 4614/399/111
f 4616/413/122 4615/422/122 4617/421/108
f 4617/421/108 4618/423/108 4616/413/122
f 4596/418/90 4620/420/90 4619/419/90
f 4619/419/90 4572/409/90 4596/418/90
f 4572/409/111 4619/419/111 4621/347/111
f 4621/347/111 4574/348/111 4572/409/111
f 4574/348/122 4621/347/94 2530/347/122
f 2530/347/122 2531/348/122 4574/348/122
f 2532/348/100 2529/347/100 4577/347/100
f 4577/347/100 4573/348/152 2532/348/100
f 4575/418/111 4576/420/111 4622/350/122
f 4622/350/122 4623/351/123 4575/418/111
f 4623/351/123 4622/350/122 2534/350/94
f 2534/350/94 2535/351/135 4623/351/123
f 4624/350/91 2534/350/91 2517/339/90
f 2517/339/90 4610/339/90 4624/350/91
f 2575/393/90 2576/394/90 4625/394/154
f 4625/394/154 4587/393/90 2575/393/90
f 4587/393/161 4625/394/111 4626/424/111
f 4626/424/111 4586/401/170 4587/393/161
f 4586/406/94 4626/405/94 4627/408/108
f 4627/408/108 4592/407/108 4586/406/94
f 4630/338/111 4629/356/111 4628/353/111
f 4628/353/111 4631/337/111 4630/338/111
f 4568/413/111 4569/321/111 4570/321/111
f 4570/321/111 4571/413/111 4568/413/111
f 4617/426/106 4597/424/106 2572/425/106
f 2572/425/106 2503/427/106 4617/426/106
f 4599/423/99 4559/408/99 4557/405/90
f 4557/405/90 4598/413/90 4599/423/99
f 4598/413/111 4557/405/111 4567/321/100
f 4567/321/100 4602/335/152 4598/413/111
f 4591/400/111 4580/317/111 4578/410/111
f 4578/410/111 4615/432/111 4591/400/111
f 4606/423/111 4563/408/111 4584/356/122
f 4584/356/122 4608/338/122 4606/423/111
f 4571/413/148 2511/413/148 2512/413/91
f 2512/413/91 4568/413/91 4571/413/148
f 4633/433/106 4632/408/106 4559/408/99
f 4559/408/99 4599/433/99 4633/433/106
f 4559/408/106 2500/327/106 2501/328/106
f 2501/328/106 4558/407/106 4559/408/106
f 4604/335/134 4565/321/122 4563/405/111
f 4563/405/111 4606/413/111 4604/335/134
f 4615/422/94 4578/419/94 4597/420/94
f 4597/420/94 4617/421/94 4615/422/94
f 4635/423/106 4634/408/106 2547/434/106
f 2547/434/106 2544/435/106 4635/423/106
f 4600/436/106 4620/420/106 4634/420/106
f 4634/420/106 4635/436/106 4600/436/106
f 4601/422/90 4619/419/90 4620/420/90
f 4620/420/90 4600/421/90 4601/422/90
f 4603/336/111 4621/347/111 4619/419/111
f 4619/419/111 4601/422/111 4603/336/111
f 2513/422/143 2530/347/148 4621/347/94
f 4621/347/94 4603/422/94 2513/422/143
f 4636/422/93 2513/422/143 2514/422/143
f 2514/422/143 4637/422/143 4636/422/93
f 4637/422/111 4639/347/111 4638/347/111
f 4638/347/111 4636/422/111 4637/422/111
f 4605/422/90 4577/347/90 2529/347/90
f 2529/347/90 2514/422/90 4605/422/90
f 4607/422/111 4576/419/111 4577/347/111
f 4577/347/111 4605/336/111 4607/422/111
f 4609/339/111 4622/350/111 4576/420/111
f 4576/420/111 4607/421/111 4609/339/111
f 2517/437/94 2534/350/94 4622/350/94
f 4622/350/94 4609/437/94 2517/437/94
f 4642/399/121 4641/394/111 4640/391/111
f 4640/391/111 4643/398/142 4642/399/121
f 4644/377/111 4643/398/142 4640/391/111
f 4640/391/111 4645/382/111 4644/377/111
f 4640/391/136 2573/391/124 2574/392/128
f 2574/392/128 4646/392/94 4640/391/136
f 2564/382/100 4645/382/90 4647/381/90
f 4647/381/90 2563/381/132 2564/382/100
f 4614/438/154 4625/394/154 2576/394/90
f 2576/394/90 2581/438/90 4614/438/154
f 4616/426/111 4626/424/111 4625/394/154
f 4625/394/154 4614/399/154 4616/426/111
f 4618/423/94 4627/408/94 4626/405/94
f 4626/405/94 4616/413/94 4618/423/94
f 4629/356/135 2540/356/135 2537/353/93
f 2537/353/93 4628/353/143 4629/356/135
f 2537/353/93 4649/353/91 4648/386/136
f 4648/386/136 2568/386/123 2537/353/93
f 4650/400/125 2582/400/125 2579/397/124
f 2579/397/124 4651/397/166 4650/400/125
f 4652/378/148 4651/397/166 2579/397/124
f 2579/397/124 2560/378/148 4652/378/148
f 4650/400/125 4651/397/166 4653/320/131
f 4653/320/131 4654/317/161 4650/400/125
f 2490/320/128 2487/317/121 4654/317/161
f 4654/317/161 4653/320/131 2490/320/128
f 2565/383/132 2490/320/128 4653/320/131
f 4653/320/131 4655/383/143 2565/383/132
f 4656/397/135 2579/397/124 2580/398/123
f 2580/398/123 4643/398/142 4656/397/135
f 4642/399/121 4643/398/142 2580/398/123
f 2580/398/123 2581/399/121 4642/399/121
f 4639/347/148 2529/347/148 2530/347/148
f 2530/347/148 4638/347/91 4639/347/148
f 4638/347/91 2530/347/148 2513/422/143
f 2513/422/143 4636/422/93 4638/347/91
f 4637/422/94 2514/422/94 2529/347/94
f 2529/347/94 4639/347/94 4637/422/94
f 4641/394/148 2576/394/125 2573/391/124
f 2573/391/124 4640/391/136 4641/394/148
f 4642/399/94 2581/399/94 2576/394/94
f 2576/394/94 4641/394/94 4642/399/94
f 4632/420/106 2496/324/106 2497/325/106
f 2497/325/106 4562/418/106 4632/420/106
f 4562/418/106 2497/325/106 2498/326/106
f 2498/326/106 4657/439/165 4562/418/106
f 4658/448/116 4657/439/165 2498/326/106
f 2498/326/106 2541/357/106 4658/448/116
f 2495/446/106 4632/420/106 4633/421/106
f 4633/421/106 2543/447/106 2495/446/106
f 2542/431/106 2495/446/106 2543/447/106
f 2543/447/106 2551/430/106 2542/431/106
f 2546/362/106 4633/421/106 4635/423/106
f 4635/423/106 2545/361/106 2546/362/106
f 2578/396/106 4597/424/106 4552/401/165
f 4552/401/165 2577/395/106 2578/396/106
f 2571/373/106 2577/395/106 4552/401/165
f 4552/401/165 4553/404/116 2571/373/106
f 4558/407/106 2501/328/106 2502/328/106
f 2502/328/106 4562/407/106 4558/407/106
f 4617/426/108 2504/330/106 2505/331/106
f 2505/331/106 4618/432/108 4617/426/108
f 4633/423/106 2508/333/106 2509/334/106
f 2509/334/106 4635/421/106 4633/423/106
f 4600/421/99 2510/334/106 2507/333/106
f 2507/333/106 4599/423/99 4600/421/99
f 4627/410/108 2520/342/106 2521/343/106
f 2521/343/106 4592/402/108 4627/410/108
f 4592/402/106 2521/343/106 2522/344/106
f 2522/344/106 4593/403/106 4592/402/106
f 4595/407/174 2549/365/106 2550/366/106
f 2550/366/106 4634/408/106 4595/407/174
f 4634/420/106 2526/345/106 2527/346/106
f 2527/346/106 4595/418/174 4634/420/106
f 4595/418/174 2527/346/106 2528/346/106
f 2528/346/106 4596/418/110 4595/418/174
f 4596/418/106 2528/346/106 2525/345/106
f 2525/345/106 4620/420/106 4596/418/106
f 2552/440/106 2544/435/106 2547/434/106
f 2547/434/106 2553/441/106 2552/440/106
f 4562/407/143 4657/411/143 4581/439/143
f 4581/439/143 4561/418/143 4562/407/143
f 4659/385/166 4583/354/166 4581/411/121
f 4581/411/121 4660/412/131 4659/385/166
f 4623/351/111 4662/352/111 4661/439/125
f 4661/439/125 4575/418/125 4623/351/111
f 4662/352/131 4623/351/123 2535/351/135
f 2535/351/135 2536/352/143 4662/352/131
f 4663/380/131 4662/352/131 2536/352/143
f 2536/352/143 2562/380/131 4663/380/131
f 4589/381/131 4663/380/131 2562/380/131
f 2562/380/131 2563/381/132 4589/381/131
f 4575/418/125 4661/443/125 4664/442/110
f 4664/442/110 4595/409/110 4575/418/125
f 4624/350/91 4665/349/148 2533/349/148
f 2533/349/148 2534/350/91 4624/350/91
f 4613/337/111 4666/375/111 4612/376/111
f 4612/376/111 4611/340/111 4613/337/111
f 4610/339/111 4611/340/111 4665/349/111
f 4665/349/111 4624/350/111 4610/339/111
f 4665/349/100 4668/379/111 4667/380/111
f 4667/380/111 4669/352/100 4665/349/100
f 2533/349/90 4665/349/100 4669/352/100
f 4669/352/100 2536/352/90 2533/349/90
f 4670/375/125 4631/337/166 4628/353/111
f 4628/353/111 4671/386/111 4670/375/125
f 4652/378/170 4670/375/125 4671/386/111
f 4671/386/111 4655/383/111 4652/378/170
f 4671/386/143 4628/353/143 2537/353/93
f 2537/353/93 2568/386/123 4671/386/143
f 4655/383/143 4671/386/143 2568/386/123
f 2568/386/123 2565/383/132 4655/383/143
f 2568/386/123 4648/386/136 4672/385/94
f 4672/385/94 2567/385/133 2568/386/123
f 4649/353/91 2537/353/93 2538/354/92
f 2538/354/92 4673/354/90 4649/353/91
f 2567/385/133 2538/354/92 4583/354/166
f 4583/354/166 4659/385/166 2567/385/133
f 2566/384/100 2567/385/133 4659/385/166
f 4659/385/166 4674/384/148 2566/384/100
f 4630/338/136 4631/337/166 2515/337/148
f 2515/337/148 2516/338/136 4630/338/136
f 4595/407/110 4664/411/110 2548/364/106
f 2548/364/106 2549/365/106 4595/407/110
f 4673/354/111 4672/385/111 4648/386/111
f 4648/386/111 4649/353/111 4673/354/111
f 4660/448/131 4581/439/121 4657/411/165
f 4657/411/165 4658/412/116 4660/448/131
f 4556/453/143 4660/448/131 4658/412/116
f 4658/412/116 4555/451/143 4556/453/143
f 4674/384/170 4659/385/111 4660/412/111
f 4660/412/111 4556/451/111 4674/384/170
f 4662/352/131 4663/380/131 4675/448/166
f 4675/448/166 4661/439/125 4662/352/131
f 4661/443/125 4675/445/166 4676/444/115
f 4676/444/115 4664/442/110 4661/443/125
f 4668/379/111 4665/349/111 4611/340/111
f 4611/340/111 4612/376/111 4668/379/111
f 2558/376/122 4612/376/94 4666/375/135
f 4666/375/135 2557/375/123 2558/376/122
f 2557/375/123 4666/375/135 4613/337/143
f 4613/337/143 2515/337/143 2557/375/123
f 2557/375/148 2515/337/148 4631/337/166
f 4631/337/166 4670/375/125 2557/375/148
f 2560/378/148 2557/375/148 4670/375/125
f 4670/375/125 4652/378/170 2560/378/148
f 4664/411/110 4676/412/115 2554/370/106
f 2554/370/106 2548/364/106 4664/411/110
f 2570/452/106 2552/440/106 2553/441/106
f 2553/441/106 2524/449/106 2570/452/106
f 2506/456/106 2570/452/106 2524/449/106
f 2524/449/106 2519/450/106 2506/456/106
f 4644/377/143 4612/376/143 2558/376/143
f 2558/376/143 2559/377/143 4644/377/143
f 4555/453/106 4658/448/106 2541/357/106
f 2541/357/106 2555/371/106 4555/453/106
f 4663/380/111 4589/381/111 4590/453/111
f 4590/453/111 4675/448/111 4663/380/111
f 4677/319/125 4674/384/170 4556/451/111
f 4556/451/111 4554/403/111 4677/319/125
f 4675/445/166 4590/455/166 4594/454/115
f 4594/454/115 4676/444/115 4675/445/166
f 4668/379/148 4645/382/148 2564/382/148
f 2564/382/148 2561/379/148 4668/379/148
f 4553/404/106 4555/453/106 2555/371/106
f 2555/371/106 2571/373/106 4553/404/106
f 2551/430/106 2569/428/106 2556/429/106
f 2556/429/106 2542/431/106 2551/430/106
f 4612/376/111 4644/377/111 4645/382/111
f 4645/382/111 4668/379/111 4612/376/111
f 4676/412/106 4594/451/106 2523/390/106
f 2523/390/106 2554/370/106 4676/412/106
f 2489/319/148 2566/384/148 4674/384/170
f 4674/384/170 4677/319/125 2489/319/148
f 4643/398/111 4644/377/111 4678/378/111
f 4678/378/111 4656/397/111 4643/398/111
f 4646/392/125 4647/381/125 4645/382/111
f 4645/382/111 4640/391/111 4646/392/125
f 4651/397/111 4652/378/170 4655/383/111
f 4655/383/111 4653/320/111 4651/397/111
f 4681/384/104 4680/319/123 4679/320/122
f 4679/320/122 4682/383/100 4681/384/104
f 2569/428/106 2503/427/106 2572/425/106
f 2572/425/106 2556/429/106 2569/428/106
f 4594/451/115 4593/403/115 2522/344/106
f 2522/344/106 2523/390/106 4594/451/115
f 4579/318/170 4677/319/125 4554/403/131
f 4554/403/131 4551/402/161 4579/318/170
f 2519/450/106 4627/410/106 4618/432/106
f 4618/432/106 2506/456/106 2519/450/106
f 4677/319/125 4579/318/170 2488/318/125
f 2488/318/125 2489/319/122 4677/319/125
f 4680/319/123 2489/319/122 2490/320/128
f 2490/320/128 4679/320/122 4680/319/123
f 2489/319/122 4680/319/123 4681/384/104
f 4681/384/104 2566/384/100 2489/319/122
f 2566/384/100 4681/384/104 4682/383/100
f 4682/383/100 2565/383/132 2566/384/100
f 2536/352/148 4669/352/148 4667/380/136
f 4667/380/136 2562/380/136 2536/352/148
f 2562/380/136 4667/380/136 4668/379/94
f 4668/379/94 2561/379/94 2562/380/136
f 2567/385/143 4672/385/143 4673/354/143
f 4673/354/143 2538/354/143 2567/385/143
f 2579/397/124 4656/397/135 4678/378/143
f 4678/378/143 2560/378/148 2579/397/124
f 2560/378/90 4678/378/90 4644/377/93
f 4644/377/93 2559/377/93 2560/378/90
f 2563/381/148 4647/381/125 4646/392/125
f 4646/392/125 2574/392/148 2563/381/148
f 2565/383/148 4682/383/148 4679/320/148
f 4679/320/148 2490/320/148 2565/383/148
f 4685/403/143 4684/402/143 4683/401/143
f 4683/401/143 4686/404/143 4685/403/143
f 4687/405/134 4689/408/152 4688/407/121
f 4688/407/121 4690/406/183 4687/405/134
f 4687/405/134 4690/406/183 4691/322/112
f 4691/322/112 4692/321/108 4687/405/134
f 4695/348/183 4694/409/94 4693/409/129
f 4693/409/129 4696/348/147 4695/348/183
f 2626/348/123 4695/348/183 4696/348/147
f 4696/348/147 2625/348/135 2626/348/123
f 2588/322/122 4698/322/122 4697/321/129
f 4697/321/129 2587/321/122 2588/322/122
f 4700/318/122 4683/402/108 4699/410/108
f 4699/410/108 4701/317/122 4700/318/122
f 2584/318/122 4700/318/122 4701/317/122
f 4701/317/122 2583/317/134 2584/318/122
f 2678/414/111 2583/317/134 4701/317/122
f 4701/317/122 4702/414/122 2678/414/111
f 4705/355/109 4704/407/135 4703/411/141
f 4703/411/141 4706/354/136 4705/355/109
f 4707/408/94 4704/407/94 4705/355/94
f 4705/355/94 4708/356/94 4707/408/94
f 4709/415/106 4708/356/106 2634/356/148
f 2634/356/148 2612/415/148 4709/415/106
f 4710/338/111 2612/338/148 2634/356/148
f 2634/356/148 4711/356/111 4710/338/111
f 4714/393/129 4713/401/94 4712/404/150
f 4712/404/150 4715/392/94 4714/393/129
f 4688/407/121 4716/407/143 4704/406/135
f 4704/406/135 4690/406/183 4688/407/121
f 4691/322/112 4690/406/183 4704/406/135
f 4704/406/135 4698/322/136 4691/322/112
f 2589/322/110 4691/322/112 4698/322/136
f 4698/322/136 2588/322/148 2589/322/110
f 4692/321/108 4691/322/112 2589/322/110
f 2589/322/110 2590/321/106 4692/321/108
f 2671/393/143 4714/393/143 4715/392/143
f 4715/392/143 2670/392/143 2671/393/143
f 2633/355/110 2634/356/106 4708/356/106
f 4708/356/106 4705/355/109 2633/355/110
f 2633/355/110 4705/355/109 4706/354/136
f 4706/354/136 2632/354/148 2633/355/110
f 4698/322/122 4704/406/94 4707/405/94
f 4707/405/94 4697/321/129 4698/322/122
f 4718/335/94 4697/321/129 4707/405/94
f 4707/405/94 4719/413/94 4718/335/94
f 4712/416/148 4713/407/110 4720/406/98
f 4720/406/98 4721/417/148 4712/416/148
f 4693/418/148 4694/407/148 4722/406/91
f 4722/406/91 4723/409/91 4693/418/148
f 4699/419/108 4683/409/108 4684/418/106
f 4684/418/106 4724/420/153 4699/419/108
f 4725/422/118 4699/419/108 4724/420/153
f 4724/420/153 4726/421/99 4725/422/118
f 4729/421/111 4728/423/152 4727/413/134
f 4727/413/134 4730/422/122 4729/421/111
f 4730/422/122 4727/413/134 4717/335/108
f 4717/335/108 4731/336/108 4730/422/122
f 4731/336/108 4717/335/108 2608/335/108
f 2608/335/108 2609/336/108 4731/336/108
f 2610/336/122 2607/335/122 4718/335/111
f 4718/335/111 4732/336/111 2610/336/122
f 4732/336/94 4718/335/94 4719/413/94
f 4719/413/94 4733/422/94 4732/336/94
f 4709/338/118 4734/339/108 4733/421/94
f 4733/421/94 4719/423/94 4709/338/118
f 4708/356/94 4709/338/118 4719/423/94
f 4719/423/94 4707/408/94 4708/356/94
f 4734/339/108 4709/338/118 2612/338/108
f 2612/338/108 2613/339/108 4734/339/108
f 2677/399/111 2678/400/111 4702/400/122
f 4702/400/122 4735/399/122 2677/399/111
f 4735/399/122 4702/400/122 4725/432/118
f 4725/432/118 4736/426/94 4735/399/122
f 4736/413/106 4725/422/106 4726/421/99
f 4726/421/99 4737/423/153 4736/413/106
f 4723/418/111 4739/420/111 4738/419/122
f 4738/419/122 4693/409/129 4723/418/111
f 4693/409/129 4738/419/122 4740/347/94
f 4740/347/94 4696/348/147 4693/409/129
f 2624/347/106 2625/348/106 4696/348/106
f 4696/348/106 4740/347/106 2624/347/106
f 4731/336/94 4740/347/94 4738/419/94
f 4738/419/94 4730/422/94 4731/336/94
f 2626/348/123 2623/347/122 4741/347/122
f 4741/347/122 4695/348/183 2626/348/123
f 4695/348/183 4741/347/122 4742/419/94
f 4742/419/94 4694/409/94 4695/348/183
f 4694/418/94 4742/420/94 4743/350/94
f 4743/350/94 4744/351/94 4694/418/94
f 4744/351/105 4743/350/106 2628/350/106
f 2628/350/106 2629/351/105 4744/351/105
f 4745/352/143 4744/351/105 2629/351/105
f 2629/351/105 2630/352/143 4745/352/143
f 4746/394/134 4714/393/129 2671/393/122
f 2671/393/122 2672/394/134 4746/394/134
f 4735/438/111 4746/394/134 2672/394/134
f 2672/394/134 2677/438/111 4735/438/111
f 4714/393/129 4746/394/134 4747/424/94
f 4747/424/94 4713/401/94 4714/393/129
f 4713/406/110 4747/405/106 4748/408/99
f 4748/408/99 4720/407/98 4713/406/110
f 4710/338/94 4711/356/94 4749/353/94
f 4749/353/94 4750/337/94 4710/338/94
f 4753/413/94 4752/321/94 4751/321/122
f 4751/321/122 4754/413/122 4753/413/94
f 4726/426/99 4724/424/153 2668/425/90
f 2668/425/90 2599/427/90 4726/426/99
f 4728/423/152 4689/408/152 4687/405/134
f 4687/405/134 4727/413/134 4728/423/152
f 4727/413/94 4687/405/94 4692/321/94
f 4692/321/94 4717/335/94 4727/413/94
f 4702/400/122 4701/317/122 4699/410/108
f 4699/410/108 4725/432/118 4702/400/122
f 4756/433/90 4755/408/90 4689/408/152
f 4689/408/152 4728/433/152 4756/433/90
f 4758/423/90 4757/408/90 2643/434/90
f 2643/434/90 2640/435/90 4758/423/90
f 4729/436/90 4739/420/90 4757/420/90
f 4757/420/90 4758/436/90 4729/436/90
f 4730/422/111 4738/419/111 4739/420/111
f 4739/420/111 4729/421/111 4730/422/111
f 4740/347/106 4731/422/106 2609/422/106
f 2609/422/106 2624/347/106 4740/347/106
f 2624/347/148 4760/347/148 4759/347/110
f 4759/347/110 2623/347/148 2624/347/148
f 2623/347/148 4759/347/110 4761/422/105
f 4761/422/105 2610/422/143 2623/347/148
f 4761/422/94 4759/347/94 4760/347/122
f 4760/347/122 4762/422/122 4761/422/94
f 2609/422/111 4762/422/122 4760/347/122
f 4760/347/122 2624/347/111 2609/422/111
f 4732/422/111 4741/347/111 2623/347/148
f 2623/347/148 2610/422/143 4732/422/111
f 4762/422/143 2609/422/143 2610/422/143
f 2610/422/143 4761/422/105 4762/422/143
f 4733/422/94 4742/419/94 4741/347/94
f 4741/347/94 4732/336/94 4733/422/94
f 4734/339/94 4743/350/94 4742/420/94
f 4742/420/94 4733/421/94 4734/339/94
f 2613/437/106 2628/350/106 4743/350/106
f 4743/350/106 4734/437/106 2613/437/106
f 4736/426/94 4747/424/94 4746/394/94
f 4746/394/94 4735/399/94 4736/426/94
f 4737/423/153 4748/408/106 4747/405/106
f 4747/405/106 4736/413/106 4737/423/153
f 4711/356/143 2634/356/135 2631/353/122
f 2631/353/122 4749/353/135 4711/356/143
f 4763/317/108 2583/317/106 2678/400/106
f 2678/400/106 4764/400/108 4763/317/108
f 4764/400/148 2678/400/136 2675/397/108
f 2675/397/108 4765/397/148 4764/400/148
f 4752/321/143 2590/321/143 2587/321/143
f 2587/321/143 4751/321/143 4752/321/143
f 4754/413/148 2607/413/148 2608/413/148
f 2608/413/148 4753/413/148 4754/413/148
f 4766/350/122 2628/350/111 2613/339/121
f 2613/339/121 4767/339/123 4766/350/122
f 4768/349/94 4766/350/122 4767/339/123
f 4767/339/123 4769/340/135 4768/349/94
f 4767/339/123 2613/339/121 2614/340/143
f 2614/340/143 4769/340/135 4767/339/123
f 4769/340/125 2614/340/166 2611/337/125
f 2611/337/125 4772/337/121 4769/340/125
f 2652/376/106 4770/376/109 4771/375/105
f 4771/375/105 2651/375/106 2652/376/106
f 2651/375/106 4771/375/105 4772/337/121
f 4772/337/121 2611/337/125 2651/375/106
f 4755/420/90 2592/324/90 2593/325/90
f 2593/325/90 4716/418/90 4755/420/90
f 4716/418/90 2593/325/90 2594/326/90
f 2594/326/90 4773/439/90 4716/418/90
f 4684/401/90 2673/395/90 2674/396/90
f 2674/396/90 4724/424/90 4684/401/90
f 2597/328/90 4688/407/90 4689/408/90
f 4689/408/90 2596/327/90 2597/328/90
f 4688/407/90 2597/328/90 2598/328/90
f 2598/328/90 4716/407/90 4688/407/90
f 4726/426/99 2600/330/90 2601/331/90
f 2601/331/90 4737/432/153 4726/426/99
f 4758/423/90 2638/361/90 2639/362/90
f 2639/362/90 4756/421/90 4758/423/90
f 4756/423/90 2604/333/90 2605/334/90
f 2605/334/90 4758/421/90 4756/423/90
f 4729/421/90 2606/334/90 2603/333/90
f 2603/333/90 4728/423/90 4729/421/90
f 4748/410/99 2616/342/90 2617/343/90
f 2617/343/90 4720/402/98 4748/410/99
f 4720/402/90 2617/343/90 2618/344/90
f 2618/344/90 4721/403/90 4720/402/90
f 2645/366/90 4757/408/90 4722/407/90
f 4722/407/90 2644/365/90 2645/366/90
f 2646/364/90 2644/365/90 4722/407/90
f 4722/407/90 4774/411/144 2646/364/90
f 2648/370/90 2646/364/90 4774/411/144
f 4774/411/144 4775/412/144 2648/370/90
f 2666/390/90 2648/370/90 4775/412/144
f 4775/412/144 4776/451/90 2666/390/90
f 4757/420/90 2620/345/90 2621/346/90
f 2621/346/90 4722/418/90 4757/420/90
f 4722/418/91 2621/346/90 2622/346/90
f 2622/346/90 4723/418/91 4722/418/91
f 4723/418/90 2622/346/90 2619/345/90
f 2619/345/90 4739/420/90 4723/418/90
f 2642/440/90 2640/435/90 2643/434/90
f 2643/434/90 2647/441/90 2642/440/90
f 4716/407/143 4773/411/102 4703/439/141
f 4703/439/141 4704/418/135 4716/407/143
f 4777/385/136 4706/354/136 4703/411/94
f 4703/411/94 4778/412/94 4777/385/136
f 4744/351/94 4745/352/94 4779/439/94
f 4779/439/94 4694/418/94 4744/351/94
f 2661/385/148 2632/354/148 4706/354/136
f 4706/354/136 4777/385/136 2661/385/148
f 4694/418/148 4779/443/148 4774/442/148
f 4774/442/148 4722/409/148 4694/418/148
f 4766/350/148 4768/349/148 2627/349/136
f 2627/349/136 2628/350/136 4766/350/148
f 4770/376/94 4769/340/94 4772/337/94
f 4772/337/94 4771/375/94 4770/376/94
f 4780/375/150 4750/337/137 4749/353/135
f 4749/353/135 4781/386/147 4780/375/150
f 4756/421/90 2637/447/90 2591/446/90
f 2591/446/90 4755/420/90 4756/421/90
f 4781/386/143 4749/353/143 2631/353/143
f 2631/353/143 2662/386/143 4781/386/143
f 2611/337/125 2612/338/148 4710/338/148
f 4710/338/148 4750/337/137 2611/337/125
f 2651/375/106 2611/337/125 4750/337/137
f 4750/337/137 4780/375/150 2651/375/106
f 4782/448/145 4773/439/102 2594/326/90
f 2594/326/90 2635/357/90 4782/448/145
f 4783/453/90 4782/448/145 2635/357/90
f 2635/357/90 2649/371/90 4783/453/90
f 4784/386/109 4786/353/124 4785/354/123
f 4785/354/123 4787/385/113 4784/386/109
f 2662/386/108 4784/386/109 4787/385/113
f 4787/385/113 2661/385/113 2662/386/108
f 4773/411/102 4782/412/145 4778/448/143
f 4778/448/143 4703/439/141 4773/411/102
f 4788/384/94 4777/385/94 4778/412/135
f 4778/412/135 4789/451/135 4788/384/94
f 4790/448/150 4779/439/94 4745/352/94
f 4745/352/94 4791/380/94 4790/448/150
f 4792/453/136 4790/448/150 4791/380/94
f 4791/380/94 4793/381/94 4792/453/136
f 4791/380/143 4745/352/143 2630/352/111
f 2630/352/111 2656/380/113 4791/380/143
f 4793/381/143 4791/380/143 2656/380/113
f 2656/380/113 2657/381/135 4793/381/143
f 4794/380/109 2656/380/113 2630/352/111
f 2630/352/111 4795/352/124 4794/380/109
f 4794/380/109 4795/352/124 4768/349/128
f 4768/349/128 4796/379/118 4794/380/109
f 2656/380/113 4794/380/109 4796/379/118
f 4796/379/118 2655/379/113 2656/380/113
f 4779/443/148 4790/445/148 4775/444/144
f 4775/444/144 4774/442/144 4779/443/148
f 4796/379/94 4768/349/94 4769/340/94
f 4769/340/94 4770/376/94 4796/379/94
f 2636/431/90 2591/446/90 2637/447/90
f 2637/447/90 2641/430/90 2636/431/90
f 2664/452/90 2642/440/90 2647/441/90
f 2647/441/90 2665/449/90 2664/452/90
f 2660/384/148 2661/385/148 4777/385/148
f 4777/385/148 4788/384/148 2660/384/148
f 2652/376/106 2653/377/143 4797/377/135
f 4797/377/135 4770/376/109 2652/376/106
f 4770/376/109 4797/377/135 4798/382/136
f 4798/382/136 4796/379/118 4770/376/109
f 4796/379/118 4798/382/136 2658/382/136
f 2658/382/136 2655/379/113 4796/379/118
f 4800/398/119 4797/377/94 4799/378/135
f 4799/378/135 4801/397/113 4800/398/119
f 2676/398/113 4800/398/119 4801/397/113
f 4801/397/113 2675/397/108 2676/398/113
f 4802/378/94 4780/375/150 4781/386/147
f 4781/386/147 4803/383/135 4802/378/94
f 4803/383/135 4781/386/147 2662/386/108
f 2662/386/108 2659/383/135 4803/383/135
f 2659/383/148 4805/383/148 4804/320/148
f 4804/320/148 2586/320/148 2659/383/148
f 4763/317/143 4806/320/143 2586/320/143
f 2586/320/143 2583/317/143 4763/317/143
f 4784/386/109 2662/386/108 2631/353/122
f 2631/353/122 4786/353/124 4784/386/109
f 4786/353/124 2631/353/122 2632/354/123
f 2632/354/123 4785/354/123 4786/353/124
f 4785/354/123 2632/354/123 2661/385/113
f 2661/385/113 4787/385/113 4785/354/123
f 4782/412/143 4783/451/143 4789/453/135
f 4789/453/135 4778/448/135 4782/412/143
f 4807/319/94 4788/384/94 4789/451/135
f 4789/451/135 4686/403/135 4807/319/94
f 4790/445/150 4792/455/136 4776/454/148
f 4776/454/148 4775/444/148 4790/445/150
f 4685/404/90 4783/453/90 2649/371/90
f 2649/371/90 2667/373/90 4685/404/90
f 4684/401/90 4685/404/90 2667/373/90
f 2667/373/90 2673/395/90 4684/401/90
f 2641/430/90 2663/428/90 2650/429/90
f 2650/429/90 2636/431/90 2641/430/90
f 2654/378/137 2651/375/136 4780/375/148
f 4780/375/148 4802/378/148 2654/378/137
f 2675/397/148 2654/378/137 4802/378/148
f 4802/378/148 4765/397/148 2675/397/148
f 2602/456/90 2664/452/90 2665/449/90
f 2665/449/90 2615/450/90 2602/456/90
f 2585/319/148 2660/384/148 4788/384/148
f 4788/384/148 4807/319/137 2585/319/148
f 4809/392/94 4808/381/94 4798/382/94
f 4798/382/94 4810/391/94 4809/392/94
f 4765/397/94 4802/378/94 4803/383/94
f 4803/383/94 4806/320/94 4765/397/94
f 4764/400/108 4765/397/94 4806/320/94
f 4806/320/94 4763/317/108 4764/400/108
f 4806/320/143 4803/383/143 2659/383/143
f 2659/383/143 2586/320/143 4806/320/143
f 4812/384/94 4811/319/94 4804/320/94
f 4804/320/94 4805/383/94 4812/384/94
f 4783/451/143 4685/403/143 4686/404/135
f 4686/404/135 4789/453/135 4783/451/143
f 4793/381/94 4715/392/94 4712/404/150
f 4712/404/150 4792/453/136 4793/381/94
f 2657/381/143 2670/392/143 4715/392/143
f 4715/392/143 4793/381/143 2657/381/143
f 4792/455/136 4712/416/150 4721/417/148
f 4721/417/148 4776/454/148 4792/455/136
f 2663/428/90 2599/427/90 2668/425/90
f 2668/425/90 2650/429/90 2663/428/90
f 4797/377/94 4800/398/94 4810/391/94
f 4810/391/94 4798/382/94 4797/377/94
f 4776/451/90 4721/403/90 2618/344/90
f 2618/344/90 2666/390/90 4776/451/90
f 4686/403/94 4683/402/94 4700/318/136
f 4700/318/136 4807/319/137 4686/403/94
f 4807/319/137 4700/318/136 2584/318/148
f 2584/318/148 2585/319/148 4807/319/137
f 2615/450/90 4748/410/90 4737/432/90
f 4737/432/90 2602/456/90 2615/450/90
f 2627/349/121 4768/349/128 4795/352/124
f 4795/352/124 2630/352/111 2627/349/121
f 2675/397/108 4801/397/113 4799/378/135
f 4799/378/135 2654/378/143 2675/397/108
f 2654/378/111 4799/378/111 4797/377/111
f 4797/377/111 2653/377/111 2654/378/111
f 2657/381/148 4808/381/148 4809/392/110
f 4809/392/110 2670/392/110 2657/381/148
f 2670/392/110 4809/392/110 4810/391/106
f 4810/391/106 2669/391/106 2670/392/110
f 2658/382/111 4798/382/111 4808/381/111
f 4808/381/111 2657/381/111 2658/382/111
f 2585/319/105 4811/319/105 4812/384/121
f 4812/384/121 2660/384/121 2585/319/105
f 2660/384/121 4812/384/121 4805/383/111
f 4805/383/111 2659/383/111 2660/384/121
f 2586/320/106 4804/320/106 4811/319/105
f 4811/319/105 2585/319/105 2586/320/106
f 4815/403/143 4814/402/105 4813/401/113
f 4813/401/113 4816/404/143 4815/403/143
f 4819/407/121 4818/406/121 4817/405/134
f 4817/405/134 4820/408/111 4819/407/121
f 4821/409/150 4823/348/119 4822/348/183
f 4822/348/183 4824/409/184 4821/409/150
f 4825/419/94 4824/409/184 4822/348/183
f 4822/348/183 4826/347/122 4825/419/94
f 4827/422/94 4825/419/94 4826/347/122
f 4826/347/122 4828/336/129 4827/422/94
f 4830/322/150 4829/321/94 4817/405/94
f 4817/405/94 4818/406/94 4830/322/150
f 2685/322/148 4830/322/150 4831/322/136
f 4831/322/136 2684/322/148 2685/322/148
f 4830/322/150 4818/406/94 4832/406/94
f 4832/406/94 4831/322/136 4830/322/150
f 2684/322/122 4831/322/122 4833/321/122
f 4833/321/122 2683/321/122 2684/322/122
f 4835/318/94 4813/402/113 4834/410/118
f 4834/410/118 4836/317/129 4835/318/94
f 4839/393/94 4838/401/136 4837/404/136
f 4837/404/136 4840/392/94 4839/393/94
f 4819/407/121 4841/407/143 4832/406/185
f 4832/406/185 4818/406/121 4819/407/121
f 4831/322/122 4832/406/185 4842/405/94
f 4842/405/94 4833/321/122 4831/322/122
f 4829/321/108 4830/322/106 2685/322/108
f 2685/322/108 2686/321/108 4829/321/108
f 4844/413/129 4817/405/134 4829/321/108
f 4829/321/108 4843/335/118 4844/413/129
f 4817/405/134 4844/413/129 4845/423/111
f 4845/423/111 4820/408/111 4817/405/134
f 4846/422/129 4844/413/129 4843/335/118
f 4843/335/118 4847/336/108 4846/422/129
f 4847/336/108 4843/335/118 2706/335/108
f 2706/335/108 2707/336/138 4847/336/108
f 2680/318/111 4835/318/111 4836/317/111
f 4836/317/111 2679/317/111 2680/318/111
f 2733/355/109 2734/356/108 4848/356/118
f 4848/356/118 4849/355/112 2733/355/109
f 2733/355/109 4849/355/112 4850/354/150
f 4850/354/150 2732/354/136 2733/355/109
f 4837/416/136 4838/407/136 4851/406/148
f 4851/406/148 4852/417/148 4837/416/136
f 4821/418/150 4824/407/184 4853/406/186
f 4853/406/186 4854/409/144 4821/418/150
f 4814/418/105 4855/420/106 4834/419/118
f 4834/419/118 4813/409/113 4814/418/105
f 4856/421/100 4845/423/100 4844/413/111
f 4844/413/111 4846/422/111 4856/421/100
f 2708/336/111 2705/335/111 4857/335/111
f 4857/335/111 4828/336/111 2708/336/111
f 4828/336/129 4857/335/94 4858/413/94
f 4858/413/94 4827/422/94 4828/336/129
f 4827/421/94 4858/423/94 4859/338/118
f 4859/338/118 4860/339/108 4827/421/94
f 4825/420/94 4827/421/94 4860/339/108
f 4860/339/108 4861/350/138 4825/420/94
f 4860/339/108 4859/338/118 2710/338/108
f 2710/338/108 2711/339/138 4860/339/108
f 4862/400/111 4863/399/111 2773/399/111
f 2773/399/111 2774/400/111 4862/400/111
f 2774/400/110 4865/400/110 4864/317/105
f 4864/317/105 2679/317/105 2774/400/110
f 2682/320/143 2679/317/105 4864/317/105
f 4864/317/105 4866/320/143 2682/320/143
f 4867/432/94 4868/426/94 4863/399/94
f 4863/399/94 4862/400/129 4867/432/94
f 4834/410/118 4867/432/94 4862/400/129
f 4862/400/129 4836/317/129 4834/410/118
f 4868/413/138 4867/422/106 4869/421/106
f 4869/421/106 4870/423/106 4868/413/138
f 4854/418/111 4872/420/111 4871/419/111
f 4871/419/111 4821/409/111 4854/418/111
f 4824/418/94 4825/420/94 4861/350/94
f 4861/350/94 4873/351/94 4824/418/94
f 4873/351/108 4861/350/138 2728/350/139
f 2728/350/139 2729/351/108 4873/351/108
f 4874/424/108 4838/401/108 4839/393/123
f 4839/393/123 4875/394/134 4874/424/108
f 4875/394/134 4839/393/123 2767/393/123
f 2767/393/123 2768/394/134 4875/394/134
f 2767/393/123 4839/393/123 4840/392/143
f 4840/392/143 2766/392/113 2767/393/123
f 4863/438/111 4875/394/134 2768/394/134
f 2768/394/134 2773/438/111 4863/438/111
f 2766/392/113 4877/392/108 4876/391/113
f 4876/391/113 2765/391/113 2766/392/113
f 2758/382/111 4878/382/123 4879/381/122
f 4879/381/122 2757/381/111 2758/382/111
f 4838/406/108 4874/405/108 4880/408/99
f 4880/408/99 4851/407/120 4838/406/108
f 4883/338/136 4882/356/94 4881/353/94
f 4881/353/94 4884/337/136 4883/338/136
f 4885/321/187 4887/413/188 4886/413/136
f 4886/413/136 4888/321/135 4885/321/187
f 2683/321/121 4885/321/187 4888/321/135
f 4888/321/135 2686/321/143 2683/321/121
f 4869/426/90 4855/424/90 2750/425/90
f 2750/425/90 2697/427/90 4869/426/90
f 2745/430/90 2763/428/90 2748/429/90
f 2748/429/90 2692/431/90 2745/430/90
f 4848/356/118 4859/338/118 4858/423/94
f 4858/423/94 4842/408/94 4848/356/118
f 4849/355/112 4848/356/118 4842/408/94
f 4842/408/94 4832/407/185 4849/355/112
f 4849/355/112 4832/407/185 4889/411/135
f 4889/411/135 4850/354/150 4849/355/112
f 4890/385/94 4850/354/150 4889/411/135
f 4889/411/135 4891/412/135 4890/385/94
f 4820/408/90 4845/433/90 4892/433/90
f 4892/433/90 4893/408/90 4820/408/90
f 2774/414/111 2679/317/111 4836/317/129
f 4836/317/129 4862/414/129 2774/414/111
f 4859/415/106 4848/356/106 2734/356/106
f 2734/356/106 2710/415/106 4859/415/106
f 4857/335/188 4833/321/187 4842/405/94
f 4842/405/94 4858/413/94 4857/335/188
f 4867/422/106 4834/419/106 4855/420/106
f 4855/420/106 4869/421/106 4867/422/106
f 2739/434/90 2736/435/90 4894/423/90
f 4894/423/90 4895/408/90 2739/434/90
f 2741/366/90 4895/408/90 4853/407/186
f 4853/407/186 2740/365/90 2741/366/90
f 4895/420/90 4894/436/90 4856/436/100
f 4856/436/100 4872/420/154 4895/420/90
f 2719/345/90 4872/420/154 4854/418/144
f 4854/418/144 2722/346/90 2719/345/90
f 4895/420/90 2720/345/90 2721/346/90
f 2721/346/90 4853/418/186 4895/420/90
f 4872/420/154 4856/421/100 4846/422/129
f 4846/422/129 4871/419/129 4872/420/154
f 4871/419/129 4846/422/129 4847/336/108
f 4847/336/108 4896/347/108 4871/419/129
f 4821/409/150 4871/419/129 4896/347/108
f 4896/347/108 4823/348/119 4821/409/150
f 4823/348/119 4896/347/108 2724/347/138
f 2724/347/138 2725/348/113 4823/348/119
f 4823/348/119 2725/348/113 2726/348/123
f 2726/348/123 4822/348/183 4823/348/119
f 4826/347/122 4822/348/183 2726/348/123
f 2726/348/123 2723/347/134 4826/347/122
f 4828/422/129 4826/347/122 2723/347/134
f 2723/347/134 2708/422/122 4828/422/129
f 2707/422/138 2724/347/138 4896/347/108
f 4896/347/108 4847/422/108 2707/422/138
f 4899/422/135 4898/347/136 4897/347/136
f 4897/347/136 4900/422/135 4899/422/135
f 2711/437/138 2728/350/139 4861/350/138
f 4861/350/138 4860/437/108 2711/437/138
f 4902/399/94 4901/394/94 4876/391/94
f 4876/391/94 4903/398/94 4902/399/94
f 4868/426/138 4874/424/108 4875/394/94
f 4875/394/94 4863/399/94 4868/426/138
f 4870/423/106 4880/408/106 4874/405/108
f 4874/405/108 4868/413/138 4870/423/106
f 4882/356/143 2734/356/143 2731/353/143
f 2731/353/143 4881/353/143 4882/356/143
f 4865/400/110 2774/400/110 2771/397/148
f 2771/397/148 4904/397/148 4865/400/110
f 4883/338/111 2710/338/111 2734/356/111
f 2734/356/111 4882/356/111 4883/338/111
f 4887/413/188 2705/413/170 2706/413/148
f 2706/413/148 4886/413/136 4887/413/188
f 4898/347/136 2723/347/148 2724/347/148
f 2724/347/148 4897/347/136 4898/347/136
f 4897/347/111 2724/347/111 2707/422/111
f 2707/422/111 4900/422/111 4897/347/111
f 4900/422/135 2707/422/143 2708/422/143
f 2708/422/143 4899/422/135 4900/422/135
f 4899/422/106 2708/422/106 2723/347/106
f 2723/347/106 4898/347/106 4899/422/106
f 4901/394/148 2768/394/148 2765/391/148
f 2765/391/148 4876/391/148 4901/394/148
f 4905/350/111 2728/350/111 2711/339/111
f 2711/339/111 4906/339/111 4905/350/111
f 4906/339/135 2711/339/143 2712/340/143
f 2712/340/143 4907/340/135 4906/339/135
f 4902/399/106 2773/399/106 2768/394/106
f 2768/394/106 4901/394/106 4902/399/106
f 4893/420/90 2688/324/90 2689/325/90
f 2689/325/90 4841/418/90 4893/420/90
f 4841/418/90 2689/325/90 2690/326/90
f 2690/326/90 4908/439/90 4841/418/90
f 4814/401/90 2769/395/90 2770/396/90
f 2770/396/90 4855/424/90 4814/401/90
f 4820/408/90 2694/327/90 2695/328/90
f 2695/328/90 4819/407/90 4820/408/90
f 4819/407/90 2695/328/90 2696/328/90
f 2696/328/90 4841/407/90 4819/407/90
f 4869/426/90 2698/330/90 2699/331/90
f 2699/331/90 4870/432/90 4869/426/90
f 4894/423/90 2737/361/90 2738/362/90
f 2738/362/90 4892/421/90 4894/423/90
f 2735/447/90 2745/430/90 2692/431/90
f 2692/431/90 2687/446/90 2735/447/90
f 4892/423/90 2702/333/90 2703/334/90
f 2703/334/90 4894/421/90 4892/423/90
f 4856/421/100 2704/334/90 2701/333/90
f 2701/333/90 4845/423/100 4856/421/100
f 4880/410/99 2714/342/90 2715/343/90
f 2715/343/90 4851/402/120 4880/410/99
f 4851/402/120 2715/343/90 2716/344/90
f 2716/344/90 4852/403/90 4851/402/120
f 4853/418/186 2721/346/90 2722/346/90
f 2722/346/90 4854/418/144 4853/418/186
f 2746/440/90 2736/435/90 2739/434/90
f 2739/434/90 2743/441/90 2746/440/90
f 4889/439/135 4832/418/185 4841/407/143
f 4841/407/143 4908/411/102 4889/439/135
f 4891/448/135 4889/439/135 4908/411/102
f 4908/411/102 4909/412/93 4891/448/135
f 4873/351/108 4911/352/94 4910/439/137
f 4910/439/137 4824/418/184 4873/351/108
f 2729/351/143 2730/352/143 4911/352/143
f 4911/352/143 4873/351/143 2729/351/143
f 2761/385/148 2732/354/148 4850/354/148
f 4850/354/148 4890/385/148 2761/385/148
f 4824/418/184 4910/443/137 4912/442/92
f 4912/442/92 4853/409/186 4824/418/184
f 4905/350/148 4913/349/189 2727/349/124
f 2727/349/124 2728/350/139 4905/350/148
f 4915/377/143 4914/376/143 2752/376/143
f 2752/376/143 2753/377/143 4915/377/143
f 4914/376/108 4907/340/122 4916/337/122
f 4916/337/122 4917/375/108 4914/376/108
f 4919/380/108 4918/352/122 4913/349/189
f 4913/349/189 4920/379/190 4919/380/108
f 4920/379/190 4913/349/189 4907/340/94
f 4907/340/94 4914/376/94 4920/379/190
f 4921/375/94 4884/337/94 4881/353/94
f 4881/353/94 4922/386/147 4921/375/94
f 4892/421/90 2735/447/90 2687/446/90
f 2687/446/90 4893/420/90 4892/421/90
f 4913/349/94 4905/350/94 4906/339/135
f 4906/339/135 4907/340/135 4913/349/94
f 2709/337/111 4916/337/122 4907/340/122
f 4907/340/122 2712/340/111 2709/337/111
f 4922/386/143 4881/353/143 2731/353/143
f 2731/353/143 2762/386/143 4922/386/143
f 4883/338/136 4884/337/136 2709/337/148
f 2709/337/148 2710/338/148 4883/338/136
f 4909/448/93 4908/439/102 2690/326/90
f 2690/326/90 2691/357/90 4909/448/93
f 4853/407/90 4912/411/90 2742/364/90
f 2742/364/90 2740/365/90 4853/407/90
f 4925/354/94 4924/385/94 4923/386/94
f 4923/386/94 4926/353/94 4925/354/94
f 4927/384/94 4890/385/94 4891/412/94
f 4891/412/94 4928/451/94 4927/384/94
f 4911/352/94 4930/380/94 4929/448/94
f 4929/448/94 4910/439/94 4911/352/94
f 4930/380/143 4911/352/143 2730/352/148
f 2730/352/148 2756/380/148 4930/380/143
f 4919/380/148 2756/380/148 2730/352/148
f 2730/352/148 4918/352/148 4919/380/148
f 4910/443/137 4929/445/137 4931/444/91
f 4931/444/91 4912/442/92 4910/443/137
f 2744/370/90 2742/364/90 4912/411/92
f 4912/411/92 4931/412/91 2744/370/90
f 2717/390/90 2744/370/90 4931/412/91
f 4931/412/91 4932/451/92 2717/390/90
f 2764/452/90 2746/440/90 2743/441/90
f 2743/441/90 2718/449/90 2764/452/90
f 2700/456/90 2764/452/90 2718/449/90
f 2718/449/90 2713/450/90 2700/456/90
f 2760/384/124 2761/385/108 4890/385/148
f 4890/385/148 4927/384/148 2760/384/124
f 4933/378/94 4921/375/94 4922/386/147
f 4922/386/147 4934/383/141 4933/378/94
f 4934/383/141 4922/386/147 2762/386/108
f 2762/386/108 2759/383/123 4934/383/141
f 4866/320/143 4934/383/141 2759/383/123
f 2759/383/123 2682/320/108 4866/320/143
f 2682/320/108 4936/320/110 4935/319/105
f 4935/319/105 2681/319/108 2682/320/108
f 2681/319/108 4935/319/105 4937/384/121
f 4937/384/121 2760/384/124 2681/319/108
f 4938/383/125 2759/383/123 2760/384/124
f 2760/384/124 4937/384/121 4938/383/125
f 2681/319/108 2760/384/124 4927/384/148
f 4927/384/148 4939/319/148 2681/319/108
f 4923/386/110 2762/386/108 2731/353/125
f 2731/353/125 4926/353/125 4923/386/110
f 2762/386/108 4923/386/110 4924/385/105
f 4924/385/105 2761/385/108 2762/386/108
f 4926/353/125 2731/353/125 2732/354/121
f 2732/354/121 4925/354/121 4926/353/125
f 2761/385/108 4924/385/105 4925/354/121
f 4925/354/121 2732/354/121 2761/385/108
f 4940/453/102 4909/448/93 2691/357/90
f 2691/357/90 2747/371/90 4940/453/102
f 4909/412/93 4940/451/102 4928/453/141
f 4928/453/141 4891/448/143 4909/412/93
f 4941/453/136 4929/448/137 4930/380/135
f 4930/380/135 4942/381/147 4941/453/136
f 4837/404/136 4941/453/136 4942/381/147
f 4942/381/147 4840/392/94 4837/404/136
f 4942/381/147 4930/380/135 2756/380/105
f 2756/380/105 2757/381/143 4942/381/147
f 4939/319/94 4927/384/94 4928/451/141
f 4928/451/141 4816/403/135 4939/319/94
f 4932/454/92 4931/444/91 4929/445/137
f 4929/445/137 4941/455/136 4932/454/92
f 4852/417/148 4932/454/92 4941/455/136
f 4941/455/136 4837/416/136 4852/417/148
f 4920/379/148 4878/382/148 2758/382/136
f 2758/382/136 2755/379/136 4920/379/148
f 4815/404/90 4940/453/90 2747/371/90
f 2747/371/90 2749/373/90 4815/404/90
f 4914/376/94 4915/377/94 4878/382/94
f 4878/382/94 4920/379/190 4914/376/94
f 4921/375/148 4933/378/148 2754/378/148
f 2754/378/148 2751/375/148 4921/375/148
f 4884/337/148 4921/375/148 2751/375/148
f 2751/375/148 2709/337/148 4884/337/148
f 4916/337/143 2709/337/148 2751/375/148
f 2751/375/148 4917/375/143 4916/337/143
f 4943/378/94 4944/397/94 4903/398/94
f 4903/398/94 4915/377/94 4943/378/94
f 4915/377/135 4903/398/135 4876/391/94
f 4876/391/94 4878/382/94 4915/377/135
f 4877/392/108 4879/381/122 4878/382/123
f 4878/382/123 4876/391/113 4877/392/108
f 4904/397/94 4933/378/94 4934/383/94
f 4934/383/94 4866/320/94 4904/397/94
f 4937/384/94 4935/319/94 4936/320/94
f 4936/320/94 4938/383/94 4937/384/94
f 4865/400/94 4904/397/94 4866/320/94
f 4866/320/94 4864/317/94 4865/400/94
f 4940/451/102 4815/403/143 4816/404/135
f 4816/404/135 4928/453/141 4940/451/102
f 2757/381/143 2766/392/143 4840/392/143
f 4840/392/143 4942/381/143 2757/381/143
f 2763/428/90 2697/427/90 2750/425/90
f 2750/425/90 2748/429/90 2763/428/90
f 4933/378/148 4904/397/148 2771/397/148
f 2771/397/148 2754/378/148 4933/378/148
f 4932/451/90 4852/403/90 2716/344/90
f 2716/344/90 2717/390/90 4932/451/90
f 4835/318/94 4939/319/94 4816/403/94
f 4816/403/94 4813/402/94 4835/318/94
f 4814/401/90 4815/404/90 2749/373/90
f 2749/373/90 2769/395/90 4814/401/90
f 4870/432/90 2700/456/90 2713/450/90
f 2713/450/90 4880/410/90 4870/432/90
f 2680/318/148 2681/319/148 4939/319/148
f 4939/319/148 4835/318/148 2680/318/148
f 4902/399/143 4903/398/143 2772/398/143
f 2772/398/143 2773/399/143 4902/399/143
f 2752/376/106 4914/376/108 4917/375/108
f 4917/375/108 2751/375/106 2752/376/106
f 2756/380/105 4919/380/108 4920/379/190
f 4920/379/190 2755/379/110 2756/380/105
f 2727/349/124 4913/349/189 4918/352/122
f 4918/352/122 2730/352/122 2727/349/124
f 2757/381/148 4879/381/148 4877/392/148
f 4877/392/148 2766/392/148 2757/381/148
f 2759/383/123 4938/383/125 4936/320/110
f 4936/320/110 2682/320/108 2759/383/123
f 4947/403/143 4946/402/105 4945/401/113
f 4945/401/113 4948/404/147 4947/403/143
f 4951/407/111 4950/406/111 4949/405/111
f 4949/405/111 4952/408/111 4951/407/111
f 4955/348/94 4954/409/137 4953/409/136
f 4953/409/136 4956/348/94 4955/348/94
f 4958/322/94 4957/321/94 4949/405/94
f 4949/405/94 4950/406/94 4958/322/94
f 4959/406/143 4950/406/143 4951/407/143
f 4951/407/143 4960/407/143 4959/406/143
f 2789/328/90 4951/407/90 4952/408/90
f 4952/408/90 2788/327/90 2789/328/90
f 4958/322/109 4950/406/94 4959/406/94
f 4959/406/94 4961/322/124 4958/322/109
f 2780/322/124 4961/322/124 4962/321/147
f 4962/321/147 2779/321/123 2780/322/124
f 4957/321/191 4958/322/109 2781/322/109
f 2781/322/109 2782/321/140 4957/321/191
f 4964/321/147 4965/413/118 4966/413/192
f 4966/413/192 4967/321/191 4964/321/147
f 4956/348/143 2819/348/143 2820/348/143
f 2820/348/143 4955/348/143 4956/348/143
f 4968/347/94 4956/348/94 4953/409/122
f 4953/409/122 4969/419/134 4968/347/94
f 4970/419/94 4954/409/94 4955/348/94
f 4955/348/94 4971/347/94 4970/419/94
f 4972/422/134 4971/347/111 2817/347/111
f 2817/347/111 2802/422/134 4972/422/134
f 4974/318/94 4945/402/94 4973/410/94
f 4973/410/94 4975/317/94 4974/318/94
f 4977/355/150 4959/407/94 4976/411/94
f 4976/411/94 4978/354/150 4977/355/150
f 4977/355/150 4980/356/94 4979/408/94
f 4979/408/94 4959/407/94 4977/355/150
f 4983/393/123 4982/401/109 4981/404/136
f 4981/404/136 4984/392/147 4983/393/123
f 2865/393/123 4983/393/123 4984/392/147
f 4984/392/147 2864/392/135 2865/393/123
f 2781/322/109 4958/322/109 4961/322/124
f 4961/322/124 2780/322/124 2781/322/109
f 2776/318/122 4974/318/122 4975/317/134
f 4975/317/134 2775/317/122 2776/318/122
f 4980/356/138 4977/355/106 2827/355/106
f 2827/355/106 2828/356/106 4980/356/138
f 4985/415/108 4980/356/138 2828/356/106
f 2828/356/106 2804/415/109 4985/415/108
f 2827/355/136 4977/355/150 4978/354/150
f 4978/354/150 2826/354/136 2827/355/136
f 4986/354/143 2826/354/143 2855/385/143
f 2855/385/143 4987/385/143 4986/354/143
f 4961/322/94 4959/406/94 4979/405/94
f 4979/405/94 4962/321/94 4961/322/94
f 4981/416/136 4982/407/109 4988/406/110
f 4988/406/110 4989/417/92 4981/416/136
f 4953/418/136 4954/407/137 4990/406/148
f 4990/406/148 4991/409/148 4953/418/136
f 4973/419/138 4945/409/113 4946/418/105
f 4946/418/105 4992/420/106 4973/419/138
f 4993/422/138 4973/419/138 4992/420/106
f 4992/420/106 4994/421/106 4993/422/138
f 4995/413/106 4993/422/138 4994/421/106
f 4994/421/106 4996/423/106 4995/413/106
f 4999/421/152 4998/423/152 4997/413/111
f 4997/413/111 5000/422/111 4999/421/152
f 5000/422/94 4997/413/94 4963/335/192
f 4963/335/192 5001/336/108 5000/422/94
f 5001/336/108 4963/335/192 2800/335/106
f 2800/335/106 2801/336/105 5001/336/108
f 4969/419/94 5000/422/94 5001/336/108
f 5001/336/108 4968/347/138 4969/419/94
f 4968/347/138 5001/422/108 2801/422/105
f 2801/422/105 2818/347/109 4968/347/138
f 4956/348/106 4968/347/138 2818/347/109
f 2818/347/109 2819/348/108 4956/348/106
f 5002/422/123 2801/422/105 2802/422/105
f 2802/422/105 5003/422/113 5002/422/123
f 5004/347/124 5002/422/123 5003/422/113
f 5003/422/113 5005/347/109 5004/347/124
f 2818/347/109 5004/347/124 5005/347/109
f 5005/347/109 2817/347/136 2818/347/109
f 2820/348/122 2817/347/136 4971/347/122
f 4971/347/122 4955/348/111 2820/348/122
f 5006/422/94 4970/419/94 4971/347/122
f 4971/347/122 4972/336/94 5006/422/94
f 2802/336/134 2799/335/124 5007/335/124
f 5007/335/124 4972/336/134 2802/336/134
f 4972/336/134 5007/335/124 5008/413/94
f 5008/413/94 5006/422/94 4972/336/134
f 2804/338/109 2805/339/138 5009/339/108
f 5009/339/108 4985/338/108 2804/338/109
f 4985/338/108 5009/339/108 5006/421/94
f 5006/421/94 5008/423/94 4985/338/108
f 4980/356/138 4985/338/108 5008/423/94
f 5008/423/94 4979/408/94 4980/356/138
f 2869/399/123 2870/400/124 5010/400/134
f 5010/400/134 5011/399/111 2869/399/123
f 5012/399/105 2869/399/123 2866/394/124
f 2866/394/124 5013/394/110 5012/399/105
f 2868/398/135 2869/399/123 5012/399/105
f 5012/399/105 5014/398/143 2868/398/135
f 5011/399/94 5010/400/94 4993/432/94
f 4993/432/94 4995/426/118 5011/399/94
f 4991/418/111 5015/420/152 4969/419/134
f 4969/419/134 4953/409/122 4991/418/111
f 4954/418/94 4970/420/94 5016/350/108
f 5016/350/108 5017/351/113 4954/418/94
f 5017/351/113 5016/350/108 2822/350/139
f 2822/350/139 2823/351/113 5017/351/113
f 5018/352/143 5017/351/113 2823/351/113
f 2823/351/113 2824/352/141 5018/352/143
f 2821/349/137 2822/350/139 5019/350/136
f 5019/350/136 5020/349/137 2821/349/137
f 5020/349/137 5019/350/136 5021/339/94
f 5021/339/94 5022/340/94 5020/349/137
f 5024/376/94 5022/340/94 5023/337/135
f 5023/337/135 5025/375/135 5024/376/94
f 5024/376/135 5027/377/147 5026/382/150
f 5026/382/150 5028/379/136 5024/376/135
f 5029/394/111 4983/393/123 2865/393/123
f 2865/393/123 2866/394/124 5029/394/111
f 5011/438/111 5029/394/111 2866/394/124
f 2866/394/124 2869/438/123 5011/438/111
f 4983/393/94 5029/394/94 5030/424/118
f 5030/424/118 4982/401/94 4983/393/94
f 4982/406/109 5030/405/106 5031/408/106
f 5031/408/106 4988/407/110 4982/406/109
f 5034/338/94 5033/356/135 5032/353/135
f 5032/353/135 5035/337/94 5034/338/94
f 4994/426/90 4992/424/90 2860/425/90
f 2860/425/90 2791/427/90 4994/426/90
f 4998/423/152 4952/408/100 4949/405/111
f 4949/405/111 4997/413/111 4998/423/152
f 4997/413/94 4949/405/94 4957/321/191
f 4957/321/191 4963/335/192 4997/413/94
f 5007/335/118 4962/321/147 4979/405/94
f 4979/405/94 5008/413/94 5007/335/118
f 2779/321/123 4964/321/147 4967/321/191
f 4967/321/191 2782/321/140 2779/321/123
f 5010/400/134 4975/317/134 4973/410/138
f 4973/410/138 4993/432/138 5010/400/134
f 4952/408/100 4998/433/152 5036/433/90
f 5036/433/90 5037/408/90 4952/408/100
f 2787/327/90 5037/408/90 4960/407/90
f 4960/407/90 2790/328/90 2787/327/90
f 4975/317/134 5010/414/134 2870/414/124
f 2870/414/124 2775/317/122 4975/317/134
f 5038/317/108 2775/317/122 2870/400/124
f 2870/400/124 5039/400/109 5038/317/108
f 5039/400/109 2870/400/124 2867/397/136
f 2867/397/136 5041/397/150 5039/400/109
f 5040/320/94 5038/317/108 5039/400/109
f 5039/400/109 5041/397/150 5040/320/94
f 5043/423/90 5042/408/90 2837/434/90
f 2837/434/90 2834/435/90 5043/423/90
f 4999/436/152 5015/420/152 5042/420/90
f 5042/420/90 5043/436/90 4999/436/152
f 5000/422/111 4969/419/134 5015/420/152
f 5015/420/152 4999/421/152 5000/422/111
f 5009/339/108 5016/350/108 4970/420/94
f 4970/420/94 5006/421/94 5009/339/108
f 2805/437/138 2822/350/139 5016/350/108
f 5016/350/108 5009/437/108 2805/437/138
f 5012/399/94 5013/394/94 5044/391/94
f 5044/391/94 5014/398/94 5012/399/94
f 4995/426/118 5030/424/118 5029/394/94
f 5029/394/94 5011/399/94 4995/426/118
f 4996/423/106 5031/408/106 5030/405/118
f 5030/405/118 4995/413/118 4996/423/106
f 5033/356/135 2828/356/135 2825/353/135
f 2825/353/135 5032/353/135 5033/356/135
f 2825/353/148 5046/353/148 5045/386/148
f 5045/386/148 2856/386/148 2825/353/148
f 5034/338/125 2804/338/109 2828/356/106
f 2828/356/106 5033/356/111 5034/338/125
f 4965/413/124 2799/413/124 2800/413/136
f 2800/413/136 4966/413/148 4965/413/124
f 5004/347/124 2818/347/109 2801/422/105
f 2801/422/105 5002/422/123 5004/347/124
f 5003/422/113 2802/422/105 2817/347/136
f 2817/347/136 5005/347/109 5003/422/113
f 5013/394/110 2866/394/124 2863/391/136
f 2863/391/136 5044/391/148 5013/394/110
f 5019/350/111 2822/350/111 2805/339/121
f 2805/339/121 5021/339/121 5019/350/111
f 5021/339/121 2805/339/121 2806/340/143
f 2806/340/143 5022/340/143 5021/339/121
f 5037/420/90 2784/324/90 2785/325/90
f 2785/325/90 4960/418/90 5037/420/90
f 4960/418/90 2785/325/90 2786/326/90
f 2786/326/90 5047/439/90 4960/418/90
f 4946/401/90 2861/395/90 2862/396/90
f 2862/396/90 4992/424/90 4946/401/90
f 4951/407/90 2789/328/90 2790/328/90
f 2790/328/90 4960/407/90 4951/407/90
f 4994/426/90 2792/330/90 2793/331/90
f 2793/331/90 4996/432/90 4994/426/90
f 5043/423/90 2835/361/90 2836/362/90
f 2836/362/90 5036/421/90 5043/423/90
f 5036/423/90 2796/333/90 2797/334/90
f 2797/334/90 5043/421/90 5036/423/90
f 4999/421/90 2798/334/90 2795/333/90
f 2795/333/90 4998/423/90 4999/421/90
f 5031/410/90 2808/342/90 2809/343/90
f 2809/343/90 4988/402/90 5031/410/90
f 2807/450/90 5031/410/90 4996/432/90
f 4996/432/90 2794/456/90 2807/450/90
f 4988/402/90 2809/343/90 2810/344/90
f 2810/344/90 4989/403/90 4988/402/90
f 2840/366/90 5042/408/90 4990/407/90
f 4990/407/90 2839/365/90 2840/366/90
f 2838/364/90 2839/365/90 4990/407/90
f 4990/407/90 5048/411/90 2838/364/90
f 2844/370/90 2838/364/90 5048/411/90
f 5048/411/90 5049/412/90 2844/370/90
f 5042/420/90 2814/345/90 2815/346/90
f 2815/346/90 4990/418/90 5042/420/90
f 4990/418/90 2815/346/90 2816/346/90
f 2816/346/90 4991/418/90 4990/418/90
f 4991/418/90 2816/346/90 2813/345/90
f 2813/345/90 5015/420/90 4991/418/90
f 2842/440/90 2834/435/90 2837/434/90
f 2837/434/90 2843/441/90 2842/440/90
f 4960/407/143 5047/411/143 4976/439/143
f 4976/439/143 4959/418/143 4960/407/143
f 5050/385/94 4978/354/150 4976/411/94
f 4976/411/94 5051/412/94 5050/385/94
f 5017/351/94 5018/352/94 5052/439/94
f 5052/439/94 4954/418/94 5017/351/94
f 2855/385/148 2826/354/148 4978/354/148
f 4978/354/148 5050/385/148 2855/385/148
f 4954/418/137 5052/443/148 5048/442/148
f 5048/442/148 4990/409/148 4954/418/137
f 5054/380/136 5053/352/136 5020/349/94
f 5020/349/94 5028/379/94 5054/380/136
f 5028/379/94 5020/349/94 5022/340/135
f 5022/340/135 5024/376/135 5028/379/94
f 5055/375/136 5035/337/137 5032/353/135
f 5032/353/135 5056/386/141 5055/375/136
f 5056/386/141 5032/353/135 2825/353/143
f 2825/353/143 2856/386/143 5056/386/141
f 5036/421/90 2833/447/90 2783/446/90
f 2783/446/90 5037/420/90 5036/421/90
f 5034/338/125 5035/337/137 2803/337/136
f 2803/337/136 2804/338/109 5034/338/125
f 5023/337/135 2803/337/136 2845/375/148
f 2845/375/148 5025/375/135 5023/337/135
f 5057/448/93 5047/439/93 2786/326/90
f 2786/326/90 2829/357/90 5057/448/93
f 5058/453/93 5057/448/93 2829/357/90
f 2829/357/90 2831/371/90 5058/453/93
f 4986/354/94 4987/385/94 5045/386/94
f 5045/386/94 5046/353/94 4986/354/94
f 5051/448/143 4976/439/143 5047/411/93
f 5047/411/93 5057/412/93 5051/448/143
f 5059/453/143 5051/448/143 5057/412/93
f 5057/412/93 5058/451/93 5059/453/143
f 5060/384/94 5050/385/94 5051/412/94
f 5051/412/94 5059/451/94 5060/384/94
f 5018/352/94 5062/380/94 5061/448/94
f 5061/448/94 5052/439/94 5018/352/94
f 5062/380/143 5018/352/143 2824/352/141
f 2824/352/141 2850/380/143 5062/380/143
f 5063/381/143 5062/380/143 2850/380/143
f 2850/380/143 2851/381/143 5063/381/143
f 5052/443/148 5061/445/148 5049/444/148
f 5049/444/148 5048/442/148 5052/443/148
f 2852/382/148 2849/379/148 5028/379/136
f 5028/379/136 5026/382/150 2852/382/148
f 5044/391/94 5026/382/150 5027/377/147
f 5027/377/147 5014/398/94 5044/391/94
f 5014/398/94 5027/377/94 5064/378/94
f 5064/378/94 5065/397/94 5014/398/94
f 2833/447/90 2841/430/90 2830/431/90
f 2830/431/90 2783/446/90 2833/447/90
f 5035/337/137 5055/375/136 2845/375/148
f 2845/375/148 2803/337/136 5035/337/137
f 2858/452/90 2842/440/90 2843/441/90
f 2843/441/90 2812/449/90 2858/452/90
f 2854/384/148 2855/385/148 5050/385/148
f 5050/385/148 5060/384/148 2854/384/148
f 2846/376/143 2847/377/143 5027/377/147
f 5027/377/147 5024/376/135 2846/376/143
f 5066/378/137 5055/375/136 5056/386/94
f 5056/386/94 5067/383/94 5066/378/137
f 5067/383/143 5056/386/141 2856/386/143
f 2856/386/143 2853/383/143 5067/383/143
f 5068/383/124 2853/383/125 2854/384/111
f 2854/384/111 5069/384/123 5068/383/124
f 2853/383/125 5068/383/124 5070/320/109
f 5070/320/109 2778/320/109 2853/383/125
f 5069/384/123 2854/384/111 2777/319/108
f 2777/319/108 5071/319/113 5069/384/123
f 2778/320/109 5070/320/109 5071/319/113
f 5071/319/113 2777/319/108 2778/320/109
f 2857/428/90 2791/427/90 2860/425/90
f 2860/425/90 2832/429/90 2857/428/90
f 5062/380/94 5063/381/94 5072/453/136
f 5072/453/136 5061/448/136 5062/380/94
f 5059/451/94 4948/403/147 5073/319/150
f 5073/319/150 5060/384/136 5059/451/94
f 5060/384/136 5073/319/150 2777/319/108
f 2777/319/108 2854/384/111 5060/384/136
f 5061/445/136 5072/455/136 5074/454/148
f 5074/454/148 5049/444/148 5061/445/136
f 4947/404/145 5058/453/93 2831/371/90
f 2831/371/90 2859/373/90 4947/404/145
f 2841/430/90 2857/428/90 2832/429/90
f 2832/429/90 2830/431/90 2841/430/90
f 5055/375/136 5066/378/137 2848/378/148
f 2848/378/148 2845/375/148 5055/375/136
f 5025/375/106 2845/375/106 2846/376/106
f 2846/376/106 5024/376/106 5025/375/106
f 5049/412/90 5074/451/144 2811/390/90
f 2811/390/90 2844/370/90 5049/412/90
f 2794/456/90 2858/452/90 2812/449/90
f 2812/449/90 2807/450/90 2794/456/90
f 5027/377/121 2847/377/121 2848/378/111
f 2848/378/111 5064/378/111 5027/377/121
f 2867/397/148 2848/378/148 5066/378/137
f 5066/378/137 5041/397/148 2867/397/148
f 5076/392/108 5075/381/122 5026/382/122
f 5026/382/122 5044/391/108 5076/392/108
f 2864/392/106 5076/392/108 5044/391/108
f 5044/391/108 2863/391/106 2864/392/106
f 2851/381/143 2864/392/143 4984/392/143
f 4984/392/143 5063/381/143 2851/381/143
f 5041/397/150 5066/378/94 5067/383/94
f 5067/383/94 5040/320/94 5041/397/150
f 5040/320/143 5067/383/143 2853/383/143
f 2853/383/143 2778/320/143 5040/320/143
f 5038/317/143 5040/320/143 2778/320/143
f 2778/320/143 2775/317/143 5038/317/143
f 5069/384/123 5071/319/113 5070/320/109
f 5070/320/109 5068/383/124 5069/384/123
f 5058/451/93 4947/403/145 4948/404/143
f 4948/404/143 5059/453/143 5058/451/93
f 5063/381/94 4984/392/147 4981/404/136
f 4981/404/136 5072/453/136 5063/381/94
f 5072/455/136 4981/416/136 4989/417/92
f 4989/417/92 5074/454/144 5072/455/136
f 5074/451/144 4989/403/92 2810/344/90
f 2810/344/90 2811/390/90 5074/451/144
f 4974/318/122 5073/319/150 4948/403/147
f 4948/403/147 4945/402/113 4974/318/122
f 4946/401/90 4947/404/145 2859/373/90
f 2859/373/90 2861/395/90 4946/401/90
f 2776/318/148 2777/319/148 5073/319/148
f 5073/319/148 4974/318/148 2776/318/148
f 2803/337/111 5023/337/111 5022/340/111
f 5022/340/111 2806/340/111 2803/337/111
f 2824/352/148 5053/352/136 5054/380/136
f 5054/380/136 2850/380/148 2824/352/148
f 2850/380/106 5054/380/106 5028/379/106
f 5028/379/106 2849/379/106 2850/380/106
f 2821/349/111 5020/349/111 5053/352/111
f 5053/352/111 2824/352/111 2821/349/111
f 2826/354/111 4986/354/111 5046/353/111
f 5046/353/111 2825/353/111 2826/354/111
f 2856/386/108 5045/386/106 4987/385/106
f 4987/385/106 2855/385/108 2856/386/108
f 2868/398/105 5014/398/105 5065/397/106
f 5065/397/106 2867/397/106 2868/398/105
f 2867/397/143 5065/397/143 5064/378/143
f 5064/378/143 2848/378/143 2867/397/143
f 2851/381/148 5075/381/148 5076/392/148
f 5076/392/148 2864/392/148 2851/381/148
f 2852/382/111 5026/382/122 5075/381/122
f 5075/381/122 2851/381/111 2852/382/111
f 5079/403/93 5078/402/145 5077/401/147
f 5077/401/147 5080/404/135 5079/403/93
f 5083/348/135 5082/409/94 5081/409/94
f 5081/409/94 5084/348/113 5083/348/135
f 2914/348/135 5083/348/135 5084/348/113
f 5084/348/113 2913/348/113 2914/348/135
f 5087/322/94 5086/406/94 5085/406/94
f 5085/406/94 5088/322/94 5087/322/94
f 5089/321/193 2875/321/123 2876/322/124
f 2876/322/124 5088/322/124 5089/321/193
f 5088/322/124 2876/322/124 2877/322/109
f 2877/322/109 5087/322/109 5088/322/124
f 5090/321/119 5087/322/109 2877/322/109
f 2877/322/109 2878/321/113 5090/321/119
f 5087/322/109 5090/321/119 5091/405/122
f 5091/405/122 5086/406/123 5087/322/109
f 5092/407/130 5086/406/123 5091/405/122
f 5091/405/122 5094/408/154 5092/407/130
f 5085/406/194 5086/406/123 5092/407/130
f 5092/407/130 5093/407/93 5085/406/194
f 2885/328/90 5092/407/130 5094/408/154
f 5094/408/154 2884/327/90 2885/328/90
f 5096/433/90 5095/408/90 5094/408/154
f 5094/408/154 5097/433/90 5096/433/90
f 5099/318/129 5077/402/147 5098/410/94
f 5098/410/94 5100/317/122 5099/318/129
f 2872/318/122 5099/318/129 5100/317/122
f 5100/317/122 2871/317/122 2872/318/122
f 2966/414/148 2871/317/122 5100/317/122
f 5100/317/122 5101/414/129 2966/414/148
f 5102/411/94 5104/354/94 5103/355/118
f 5103/355/118 5085/407/194 5102/411/94
f 5105/408/94 5085/407/194 5103/355/118
f 5103/355/118 5106/356/108 5105/408/94
f 5106/356/108 5103/355/118 2921/355/106
f 2921/355/106 2922/356/106 5106/356/108
f 5107/356/135 2922/356/143 2919/353/143
f 2919/353/143 5108/353/135 5107/356/135
f 5109/338/94 5107/356/135 5108/353/135
f 5108/353/135 5110/337/94 5109/338/94
f 5111/386/141 5108/353/143 2919/353/148
f 2919/353/148 2950/386/143 5111/386/141
f 2921/355/148 5103/355/148 5104/354/148
f 5104/354/148 2920/354/148 2921/355/148
f 5088/322/124 5085/406/194 5105/405/94
f 5105/405/94 5089/321/193 5088/322/124
f 5112/335/195 5089/321/193 5105/405/94
f 5105/405/94 5113/413/94 5112/335/195
f 5114/336/122 5112/335/195 5113/413/94
f 5113/413/94 5115/422/94 5114/336/122
f 5112/335/195 5114/336/122 2898/336/142
f 2898/336/142 2895/335/124 5112/335/195
f 2875/321/123 5116/321/193 5117/321/119
f 5117/321/119 2878/321/113 2875/321/123
f 5118/413/195 2895/413/124 2896/413/109
f 2896/413/109 5119/413/109 5118/413/195
f 5122/416/136 5121/407/150 5120/406/148
f 5120/406/148 5123/417/148 5122/416/136
f 5124/455/150 5122/416/136 5123/417/148
f 5123/417/148 5125/454/148 5124/455/150
f 5081/418/148 5082/407/148 5126/406/148
f 5126/406/148 5127/409/148 5081/418/148
f 5078/418/106 5128/420/106 5098/419/106
f 5098/419/106 5077/409/106 5078/418/106
f 5130/421/111 5097/423/111 5129/413/111
f 5129/413/111 5131/422/111 5130/421/111
f 5132/335/94 5133/336/118 5131/422/94
f 5131/422/94 5129/413/129 5132/335/94
f 5090/321/94 5132/335/94 5129/413/129
f 5129/413/129 5091/405/122 5090/321/94
f 5133/336/106 5132/335/109 2896/335/109
f 2896/335/109 2897/336/135 5133/336/106
f 5115/421/94 5113/423/94 5134/338/108
f 5134/338/108 5135/339/108 5115/421/94
f 5136/420/94 5115/421/94 5135/339/108
f 5135/339/108 5137/350/138 5136/420/94
f 5135/339/108 5134/338/108 2900/338/106
f 2900/338/106 2901/339/106 5135/339/108
f 5101/400/111 5138/399/111 2965/399/111
f 2965/399/111 2966/400/111 5101/400/111
f 5139/400/148 2966/400/148 2963/397/148
f 2963/397/148 5140/397/148 5139/400/148
f 5141/399/108 2965/399/106 2960/394/106
f 2960/394/106 5142/394/108 5141/399/108
f 5138/399/129 5101/400/129 5143/432/118
f 5143/432/118 5144/426/108 5138/399/129
f 5144/413/108 5143/422/118 5145/421/120
f 5145/421/120 5146/423/153 5144/413/108
f 5147/405/118 5144/413/108 5146/423/153
f 5146/423/153 5148/408/106 5147/405/118
f 5149/419/111 5081/409/111 5127/418/111
f 5127/418/111 5150/420/111 5149/419/111
f 5131/422/111 5149/419/111 5150/420/111
f 5150/420/111 5130/421/111 5131/422/111
f 5081/409/94 5149/419/94 5151/347/118
f 5151/347/118 5084/348/94 5081/409/94
f 5084/348/113 5151/347/106 2912/347/136
f 2912/347/136 2913/348/113 5084/348/113
f 5152/347/136 2911/347/124 2912/347/136
f 2912/347/136 5153/347/124 5152/347/136
f 5153/347/124 2912/347/136 2897/422/135
f 2897/422/135 5154/422/123 5153/347/124
f 5154/422/123 2897/422/135 2898/422/142
f 2898/422/142 5155/422/135 5154/422/123
f 5156/347/122 5083/348/122 2914/348/111
f 2914/348/111 2911/347/111 5156/347/122
f 5155/422/106 2898/422/106 2911/347/106
f 2911/347/106 5152/347/106 5155/422/106
f 5083/348/122 5156/347/122 5136/419/94
f 5136/419/94 5082/409/94 5083/348/122
f 5082/418/94 5136/420/94 5137/350/94
f 5137/350/94 5157/351/94 5082/418/94
f 5157/351/106 5137/350/138 2916/350/138
f 2916/350/138 2917/351/108 5157/351/106
f 5158/394/122 5159/393/183 2959/393/121
f 2959/393/121 2960/394/111 5158/394/122
f 5138/438/129 5158/394/122 2960/394/111
f 2960/394/111 2965/438/111 5138/438/129
f 5121/406/106 5147/405/106 5148/408/106
f 5148/408/106 5120/407/106 5121/406/106
f 5119/413/109 5117/321/119 5116/321/193
f 5116/321/193 5118/413/195 5119/413/109
f 2956/425/90 2887/427/90 5145/426/120
f 5145/426/120 5128/424/90 2956/425/90
f 2962/396/90 5128/424/90 5078/401/145
f 5078/401/145 2961/395/90 2962/396/90
f 5097/423/111 5094/408/111 5091/405/122
f 5091/405/122 5129/413/129 5097/423/111
f 5101/400/129 5100/317/122 5098/410/94
f 5098/410/94 5143/432/118 5101/400/129
f 5113/423/94 5105/408/94 5106/356/108
f 5106/356/108 5134/338/108 5113/423/94
f 5134/415/108 5106/356/108 2922/356/106
f 2922/356/106 2900/415/106 5134/415/108
f 5143/422/106 5098/419/106 5128/420/106
f 5128/420/106 5145/421/106 5143/422/106
f 5161/423/90 5160/408/90 2929/434/90
f 2929/434/90 2926/435/90 5161/423/90
f 5130/436/90 5150/420/90 5160/420/90
f 5160/420/90 5161/436/90 5130/436/90
f 5160/420/90 2908/345/90 2909/346/90
f 2909/346/90 5126/418/90 5160/420/90
f 5149/419/94 5131/422/94 5133/336/118
f 5133/336/118 5151/347/118 5149/419/94
f 2897/422/106 2912/347/106 5151/347/118
f 5151/347/118 5133/422/118 2897/422/106
f 5155/422/135 5152/347/136 5153/347/124
f 5153/347/124 5154/422/123 5155/422/135
f 2911/347/124 2898/422/142 5114/422/122
f 5114/422/122 5156/347/122 2911/347/124
f 5115/422/94 5136/419/94 5156/347/122
f 5156/347/122 5114/336/122 5115/422/94
f 2901/437/106 2916/350/138 5137/350/138
f 5137/350/138 5135/437/108 2901/437/106
f 5141/399/108 5142/394/108 5162/391/94
f 5162/391/94 5163/398/94 5141/399/108
f 5158/394/122 5138/399/129 5144/426/108
f 5144/426/108 5147/424/118 5158/394/122
f 5159/393/183 5158/394/122 5147/424/118
f 5147/424/118 5121/401/150 5159/393/183
f 5159/393/183 5121/401/150 5122/404/136
f 5122/404/136 5164/392/147 5159/393/183
f 2959/393/121 5159/393/183 5164/392/147
f 5164/392/147 2958/392/143 2959/393/121
f 5165/381/94 5164/392/147 5122/404/136
f 5122/404/136 5124/453/150 5165/381/94
f 2958/392/106 5166/392/108 5162/391/108
f 5162/391/108 2957/391/106 2958/392/106
f 5167/382/94 5162/391/108 5166/392/108
f 5166/392/108 5168/381/94 5167/382/94
f 2957/391/148 5162/391/148 5142/394/148
f 5142/394/148 2960/394/148 2957/391/148
f 5169/317/108 2871/317/122 2966/400/148
f 2966/400/148 5139/400/108 5169/317/108
f 5170/320/94 5169/317/108 5139/400/108
f 5139/400/108 5140/397/94 5170/320/94
f 5109/338/125 2900/338/124 2922/356/111
f 2922/356/111 5107/356/111 5109/338/125
f 5171/350/111 2916/350/111 2901/339/123
f 2901/339/123 5172/339/121 5171/350/111
f 5172/339/121 2901/339/123 2902/340/135
f 2902/340/135 5173/340/143 5172/339/121
f 5095/420/90 2880/324/90 2881/325/90
f 2881/325/90 5093/418/90 5095/420/90
f 5093/418/90 2881/325/90 2882/326/90
f 2882/326/90 5174/439/90 5093/418/90
f 5092/407/130 2885/328/90 2886/328/90
f 2886/328/90 5093/407/93 5092/407/130
f 2889/331/90 5146/432/153 5145/426/120
f 5145/426/120 2888/330/90 2889/331/90
f 5161/423/90 2927/361/90 2928/362/90
f 2928/362/90 5096/421/90 5161/423/90
f 5096/423/90 2892/333/90 2893/334/90
f 2893/334/90 5161/421/90 5096/423/90
f 5130/421/90 2894/334/90 2891/333/90
f 2891/333/90 5097/423/90 5130/421/90
f 5148/410/90 2904/342/90 2905/343/90
f 2905/343/90 5120/402/90 5148/410/90
f 5120/402/90 2905/343/90 2906/344/90
f 2906/344/90 5123/403/90 5120/402/90
f 5126/407/90 2931/365/90 2932/366/90
f 2932/366/90 5160/408/90 5126/407/90
f 5126/418/90 2909/346/90 2910/346/90
f 2910/346/90 5127/418/90 5126/418/90
f 5127/418/90 2910/346/90 2907/345/90
f 2907/345/90 5150/420/90 5127/418/90
f 2934/440/90 2926/435/90 2929/434/90
f 2929/434/90 2935/441/90 2934/440/90
f 5093/407/143 5174/411/143 5102/439/143
f 5102/439/143 5085/418/143 5093/407/143
f 5175/385/94 5104/354/94 5102/411/94
f 5102/411/94 5176/412/94 5175/385/94
f 5157/351/94 5178/352/94 5177/439/94
f 5177/439/94 5082/418/94 5157/351/94
f 5178/352/143 5157/351/143 2917/351/143
f 2917/351/143 2918/352/143 5178/352/143
f 2918/352/143 2944/380/143 5179/380/147
f 5179/380/147 5178/352/135 2918/352/143
f 5104/354/148 5175/385/148 2949/385/148
f 2949/385/148 2920/354/148 5104/354/148
f 2920/354/122 5181/354/111 5180/353/111
f 5180/353/111 2919/353/122 2920/354/122
f 5082/418/148 5177/443/148 5182/442/92
f 5182/442/92 5126/409/148 5082/418/148
f 2915/349/148 2916/350/148 5171/350/136
f 5171/350/136 5183/349/136 2915/349/148
f 2915/349/111 5183/349/111 5184/352/125
f 5184/352/125 2918/352/125 2915/349/111
f 5185/376/94 5173/340/94 5186/337/94
f 5186/337/94 5187/375/94 5185/376/94
f 5188/380/94 5184/352/94 5183/349/94
f 5183/349/94 5189/379/94 5188/380/94
f 5190/375/94 5110/337/94 5108/353/94
f 5108/353/94 5111/386/94 5190/375/94
f 5096/421/90 2925/447/90 2879/446/90
f 2879/446/90 5095/420/90 5096/421/90
f 5172/339/94 5173/340/94 5183/349/136
f 5183/349/136 5171/350/136 5172/339/94
f 5109/338/125 5110/337/148 2899/337/136
f 2899/337/136 2900/338/124 5109/338/125
f 5191/448/90 5174/439/90 2882/326/90
f 2882/326/90 2923/357/90 5191/448/90
f 5126/407/90 5182/411/90 2930/364/90
f 2930/364/90 2931/365/90 5126/407/90
f 5181/354/135 5193/385/135 5192/386/136
f 5192/386/136 5180/353/136 5181/354/135
f 5174/411/143 5191/412/143 5176/448/143
f 5176/448/143 5102/439/143 5174/411/143
f 5194/384/94 5175/385/94 5176/412/94
f 5176/412/94 5195/451/94 5194/384/94
f 5178/352/135 5179/380/147 5196/448/94
f 5196/448/94 5177/439/94 5178/352/135
f 5124/453/150 5196/448/94 5179/380/147
f 5179/380/147 5165/381/94 5124/453/150
f 5177/443/148 5196/445/148 5197/444/91
f 5197/444/91 5182/442/92 5177/443/148
f 5189/379/106 2943/379/106 2944/380/106
f 2944/380/106 5188/380/106 5189/379/106
f 2925/447/90 2933/430/90 2924/431/90
f 2924/431/90 2879/446/90 2925/447/90
f 5173/340/94 5185/376/147 5189/379/94
f 5189/379/94 5183/349/94 5173/340/94
f 2939/375/148 2899/337/148 5110/337/148
f 5110/337/148 5190/375/137 2939/375/148
f 2942/378/148 2939/375/148 5190/375/137
f 5190/375/137 5198/378/137 2942/378/148
f 5182/411/92 5197/412/91 2936/370/90
f 2936/370/90 2930/364/90 5182/411/92
f 2952/452/90 2934/440/90 2935/441/90
f 2935/441/90 2953/449/90 2952/452/90
f 5199/377/128 5185/376/147 2940/376/143
f 2940/376/143 2941/377/131 5199/377/128
f 5199/377/128 2941/377/131 2942/378/111
f 2942/378/111 5200/378/111 5199/377/128
f 5141/399/143 5163/398/116 2964/398/113
f 2964/398/113 2965/399/135 5141/399/143
f 2964/398/113 5163/398/116 5201/397/106
f 5201/397/106 2963/397/108 2964/398/113
f 2963/397/148 2942/378/148 5198/378/137
f 5198/378/137 5140/397/148 2963/397/148
f 5198/378/137 5190/375/137 5111/386/141
f 5111/386/141 5202/383/141 5198/378/137
f 5202/383/141 5111/386/141 2950/386/143
f 2950/386/143 2947/383/143 5202/383/141
f 5170/320/143 5202/383/141 2947/383/143
f 2947/383/143 2874/320/143 5170/320/143
f 5192/386/136 2950/386/143 2919/353/148
f 2919/353/148 5180/353/136 5192/386/136
f 5203/453/90 5191/448/90 2923/357/90
f 2923/357/90 2937/371/90 5203/453/90
f 5191/412/143 5203/451/143 5195/453/143
f 5195/453/143 5176/448/143 5191/412/143
f 5165/381/143 5179/380/143 2944/380/143
f 2944/380/143 2945/381/143 5165/381/143
f 2945/381/143 5168/381/148 5166/392/148
f 5166/392/148 2958/392/148 2945/381/143
f 5204/319/94 5194/384/94 5195/451/94
f 5195/451/94 5080/403/94 5204/319/94
f 5196/445/148 5124/455/148 5125/454/144
f 5125/454/144 5197/444/91 5196/445/148
f 5189/379/148 5167/382/125 2946/382/124
f 2946/382/124 2943/379/136 5189/379/148
f 5079/404/90 5203/453/90 2937/371/90
f 2937/371/90 2955/373/90 5079/404/90
f 2938/429/90 2924/431/90 2933/430/90
f 2933/430/90 2951/428/90 2938/429/90
f 2956/425/90 2938/429/90 2951/428/90
f 2951/428/90 2887/427/90 2956/425/90
f 5185/376/147 5199/377/128 5167/382/94
f 5167/382/94 5189/379/94 5185/376/147
f 5197/412/91 5125/451/144 2954/390/90
f 2954/390/90 2936/370/90 5197/412/91
f 2953/449/90 2903/450/90 2890/456/90
f 2890/456/90 2952/452/90 2953/449/90
f 5194/384/148 5204/319/148 2873/319/148
f 2873/319/148 2948/384/148 5194/384/148
f 5175/385/148 5194/384/148 2948/384/148
f 2948/384/148 2949/385/148 5175/385/148
f 2949/385/143 5193/385/135 5181/354/135
f 5181/354/135 2920/354/143 2949/385/143
f 5163/398/94 5199/377/94 5200/378/135
f 5200/378/135 5201/397/135 5163/398/94
f 2963/397/143 5201/397/135 5200/378/135
f 5200/378/135 2942/378/143 2963/397/143
f 5140/397/94 5198/378/94 5202/383/94
f 5202/383/94 5170/320/94 5140/397/94
f 5207/384/94 5206/319/94 5205/320/94
f 5205/320/94 5208/383/94 5207/384/94
f 5203/451/143 5079/403/143 5080/404/143
f 5080/404/143 5195/453/143 5203/451/143
f 2945/381/143 2958/392/148 5164/392/143
f 5164/392/143 5165/381/143 2945/381/143
f 5162/391/136 5167/382/136 5199/377/94
f 5199/377/94 5163/398/94 5162/391/136
f 5125/451/144 5123/403/90 2906/344/90
f 2906/344/90 2954/390/90 5125/451/144
f 5099/318/129 5204/319/94 5080/403/135
f 5080/403/135 5077/402/147 5099/318/129
f 5078/401/145 5079/404/93 2955/373/90
f 2955/373/90 2961/395/90 5078/401/145
f 5146/432/90 2890/456/90 2903/450/90
f 2903/450/90 5148/410/90 5146/432/90
f 2872/318/148 2873/319/148 5204/319/148
f 5204/319/148 5099/318/148 2872/318/148
f 5169/317/143 5170/320/143 2874/320/143
f 2874/320/143 2871/317/143 5169/317/143
f 2940/376/113 5185/376/105 5187/375/105
f 5187/375/105 2939/375/113 2940/376/113
f 2939/375/113 5187/375/105 5186/337/143
f 5186/337/143 2899/337/143 2939/375/113
f 2899/337/111 5186/337/111 5173/340/111
f 5173/340/111 2902/340/111 2899/337/111
f 2918/352/125 5184/352/125 5188/380/148
f 5188/380/148 2944/380/148 2918/352/125
f 2950/386/108 5192/386/106 5193/385/106
f 5193/385/106 2949/385/108 2950/386/108
f 2946/382/124 5167/382/125 5168/381/111
f 5168/381/111 2945/381/122 2946/382/124
f 2873/319/143 5206/319/143 5207/384/143
f 5207/384/143 2948/384/143 2873/319/143
f 2948/384/111 5207/384/111 5208/383/111
f 5208/383/111 2947/383/111 2948/384/111
f 2947/383/148 5208/383/148 5205/320/148
f 5205/320/148 2874/320/148 2947/383/148
f 2874/320/106 5205/320/106 5206/319/106
f 5206/319/106 2873/319/106 2874/320/106
f 5209/399/113 4800/398/119 2676/398/113
f 2676/398/113 2677/399/113 5209/399/113
f 4810/391/136 4800/398/119 5209/399/113
f 5209/399/113 5210/394/109 4810/391/136
f 5209/399/113 2677/399/113 2672/394/110
f 2672/394/110 5210/394/109 5209/399/113
f 2669/391/148 4810/391/136 5210/394/109
f 5210/394/109 2672/394/110 2669/391/148
f 4943/378/121 2754/378/123 2771/397/105
f 2771/397/105 4944/397/105 4943/378/121
f 2754/378/123 4943/378/121 4915/377/111
f 4915/377/111 2753/377/122 2754/378/123
f 4944/397/105 2771/397/105 2772/398/106
f 2772/398/106 4903/398/106 4944/397/105
f 2043/345/111 3958/420/111 3953/418/170
f 3953/418/170 2046/346/111 2043/345/111
f 3985/420/111 2044/345/111 2045/346/111
f 2045/346/111 3952/418/170 3985/420/111
f 1931/333/111 3769/423/134 3812/421/111
f 3812/421/111 1934/334/111 1931/333/111
f 3844/423/111 1932/333/111 1933/334/111
f 1933/334/111 3846/421/111 3844/423/111
f 1923/327/111 3843/408/111 3806/407/121
f 3806/407/121 1926/328/111 1923/327/111
f 1926/328/111 3806/407/121 3767/407/142
f 3767/407/142 1925/328/111 1926/328/111
f 3768/408/122 1924/327/111 1925/328/111
f 1925/328/111 3767/407/142 3768/408/122

