# 3ds Max Wavefront OBJ Exporter v0.97b - (c)2007 guruware
# File Created: 15.03.2017 11:59:02

mtllib SPW_Vehicle_Water_Cargo Ship_02.mtl

#
# object SPW_Vehicle_Water_Cargo_Ship_02
#

v  -100.7389 642.0700 -589.6187
v  -124.1827 642.0699 -589.6187
v  -124.1827 629.0384 -589.6187
v  -100.7389 629.0383 -589.6187
v  -124.1827 642.0566 -617.3541
v  -124.1827 629.0384 -617.3541
v  -100.7389 642.0566 -617.3541
v  -100.7389 629.0383 -617.3541
v  124.1762 642.0700 -589.6187
v  100.7324 642.0700 -589.6187
v  100.7324 629.0383 -589.6187
v  124.1762 629.0384 -589.6187
v  100.7324 642.0566 -617.3541
v  100.7324 629.0383 -617.3541
v  124.1762 642.0566 -617.3541
v  124.1762 629.0384 -617.3541
v  209.5244 293.6311 802.6829
v  169.8965 293.6311 802.6829
v  169.8964 271.6033 802.6829
v  209.5244 271.6033 802.6829
v  169.8965 293.6085 755.8008
v  169.8964 271.6033 755.8008
v  209.5244 293.6085 755.8008
v  209.5244 271.6033 755.8008
v  -169.9028 293.6311 802.6829
v  -209.5308 293.6311 802.6829
v  -209.5308 271.6033 802.6829
v  -169.9029 271.6033 802.6829
v  -209.5308 293.6085 755.8008
v  -209.5308 271.6033 755.8008
v  -169.9028 293.6085 755.8008
v  -169.9029 271.6033 755.8008
v  115.4502 301.3221 909.4761
v  75.8222 301.3221 909.4761
v  75.8222 268.8188 909.4761
v  115.4502 268.8188 909.4761
v  75.8222 329.0860 814.2119
v  75.8222 268.8188 814.2119
v  115.4502 329.0860 814.2119
v  115.4502 268.8188 814.2119
v  -75.8282 301.3221 909.4761
v  -115.4562 301.3221 909.4761
v  -115.4562 268.8188 909.4761
v  -75.8282 268.8188 909.4761
v  -115.4562 329.0860 814.2119
v  -115.4562 268.8188 814.2119
v  -75.8282 329.0860 814.2119
v  -75.8282 268.8188 814.2119
v  -39.0864 510.8004 927.0155
v  -39.0864 514.7405 927.0155
v  -35.2159 514.7405 910.0578
v  -35.2159 510.8004 910.0578
v  -24.3711 514.7405 896.4589
v  -24.3711 510.8004 896.4589
v  -8.6999 514.7405 888.9120
v  -8.6999 510.8004 888.9120
v  8.6938 514.7405 888.9120
v  8.6938 510.8004 888.9120
v  24.3650 514.7405 896.4589
v  24.3650 510.8004 896.4589
v  35.2098 514.7405 910.0578
v  35.2098 510.8004 910.0578
v  39.0802 514.7405 927.0155
v  39.0802 510.8004 927.0155
v  35.2098 514.7404 943.9731
v  35.2098 510.8004 943.9731
v  24.3650 514.7404 957.5720
v  24.3650 510.8004 957.5720
v  8.6938 514.7404 965.1190
v  8.6938 510.8004 965.1190
v  -8.6999 514.7404 965.1190
v  -8.6999 510.8004 965.1190
v  -24.3711 514.7404 957.5720
v  -24.3711 510.8004 957.5720
v  -35.2159 514.7404 943.9731
v  -35.2159 510.8004 943.9731
v  -39.0864 538.1846 927.0155
v  -39.0864 542.1246 927.0155
v  -35.2159 542.1246 910.0578
v  -35.2159 538.1846 910.0578
v  -24.3711 538.1846 896.4589
v  -31.6213 538.1846 911.7889
v  -8.6999 538.1846 888.9120
v  8.6938 538.1846 888.9120
v  -7.8121 538.1846 892.8018
v  24.3650 538.1846 896.4589
v  35.2098 538.1846 910.0578
v  21.8774 538.1846 899.5782
v  39.0802 538.1846 927.0155
v  35.0905 538.1846 927.0155
v  31.6152 538.1846 911.7889
v  7.8060 538.1846 892.8018
v  -21.8836 538.1846 899.5782
v  -35.0967 538.1846 927.0155
v  -35.2159 538.1845 943.9731
v  35.2098 538.1845 943.9731
v  24.3650 538.1845 957.5721
v  31.6152 538.1845 942.2419
v  8.6938 538.1845 965.1190
v  -8.6999 538.1845 965.1190
v  7.8060 538.1845 961.2291
v  -24.3711 538.1845 957.5721
v  -21.8836 538.1845 954.4527
v  -31.6213 538.1845 942.2419
v  -7.8121 538.1845 961.2291
v  21.8775 538.1845 954.4527
v  -35.2159 542.1245 943.9731
v  -24.3711 542.1245 957.5721
v  -31.6213 542.1245 942.2419
v  -8.6999 542.1245 965.1190
v  8.6938 542.1245 965.1190
v  -7.8121 542.1245 961.2291
v  24.3650 542.1245 957.5721
v  35.2098 542.1245 943.9731
v  21.8775 542.1245 954.4527
v  39.0802 542.1246 927.0155
v  35.0905 542.1246 927.0155
v  31.6152 542.1245 942.2419
v  7.8060 542.1245 961.2291
v  -21.8836 542.1245 954.4527
v  -35.0967 542.1246 927.0155
v  -31.6213 542.1246 911.7889
v  -21.8836 542.1246 899.5782
v  31.6152 542.1246 911.7889
v  24.3650 542.1246 896.4589
v  35.2098 542.1246 910.0578
v  21.8774 542.1246 899.5782
v  7.8060 542.1246 892.8018
v  8.6938 542.1246 888.9120
v  -8.6999 542.1246 888.9120
v  -7.8121 542.1246 892.8018
v  -24.3711 542.1246 896.4589
v  1.9392 538.9304 892.7977
v  -1.9453 538.9304 892.7977
v  -1.9453 514.4509 892.7977
v  1.9392 514.4509 892.7977
v  -1.9453 538.9304 888.9131
v  -1.9453 514.4509 888.9131
v  1.9392 538.9304 888.9131
v  1.9392 514.4509 888.9131
v  1.9392 538.9304 965.1364
v  -1.9453 538.9304 965.1364
v  -1.9453 514.4508 965.1364
v  1.9392 514.4508 965.1364
v  -1.9453 538.9304 961.2518
v  -1.9453 514.4508 961.2518
v  1.9392 538.9304 961.2518
v  1.9392 514.4508 961.2518
v  38.5706 538.9304 928.9310
v  34.6861 538.9304 928.9310
v  34.6861 514.4509 928.9310
v  38.5706 514.4509 928.9310
v  34.6861 538.9304 925.0464
v  34.6861 514.4509 925.0464
v  38.5706 538.9304 925.0464
v  38.5706 514.4509 925.0464
v  -34.6924 538.9304 928.9310
v  -38.5769 538.9304 928.9310
v  -38.5769 514.4509 928.9310
v  -34.6923 514.4509 928.9310
v  -38.5769 538.9304 925.0464
v  -38.5769 514.4509 925.0464
v  -34.6924 538.9304 925.0464
v  -34.6923 514.4509 925.0464
v  -34.6923 402.0866 928.9310
v  -38.5769 402.0866 928.9310
v  -38.5769 377.6071 928.9310
v  -34.6924 377.6071 928.9310
v  -38.5769 402.0866 925.0464
v  -38.5769 377.6071 925.0464
v  -34.6923 402.0866 925.0464
v  -34.6924 377.6071 925.0464
v  38.5706 402.0866 928.9310
v  34.6861 402.0866 928.9310
v  34.6861 377.6071 928.9310
v  38.5706 377.6071 928.9310
v  34.6861 402.0866 925.0464
v  34.6861 377.6071 925.0464
v  38.5706 402.0866 925.0464
v  38.5706 377.6071 925.0464
v  1.9392 402.0866 965.1364
v  -1.9453 402.0866 965.1364
v  -1.9453 377.6071 965.1364
v  1.9392 377.6071 965.1364
v  -1.9453 402.0866 961.2518
v  -1.9453 377.6071 961.2518
v  1.9392 402.0866 961.2518
v  1.9392 377.6071 961.2518
v  1.9392 402.0866 892.7977
v  -1.9453 402.0866 892.7977
v  -1.9453 377.6071 892.7977
v  1.9392 377.6071 892.7977
v  -1.9453 402.0866 888.9131
v  -1.9453 377.6071 888.9131
v  1.9392 402.0866 888.9131
v  1.9392 377.6071 888.9131
v  -39.0864 401.3407 927.0155
v  -39.0864 405.2808 927.0155
v  -35.2159 405.2808 910.0578
v  -35.2159 401.3407 910.0578
v  -24.3711 401.3407 896.4589
v  -31.6213 401.3407 911.7889
v  -8.6999 401.3407 888.9120
v  8.6938 401.3407 888.9120
v  -7.8121 401.3407 892.8018
v  24.3650 401.3407 896.4589
v  35.2098 401.3407 910.0578
v  21.8774 401.3407 899.5782
v  39.0802 401.3407 927.0155
v  35.0905 401.3407 927.0155
v  31.6152 401.3407 911.7889
v  7.8060 401.3407 892.8018
v  -21.8836 401.3407 899.5782
v  -35.0967 401.3407 927.0155
v  -35.2159 401.3407 943.9731
v  35.2098 401.3407 943.9731
v  24.3650 401.3407 957.5721
v  31.6152 401.3407 942.2419
v  8.6938 401.3407 965.1190
v  -8.6999 401.3407 965.1190
v  7.8060 401.3407 961.2291
v  -24.3711 401.3407 957.5721
v  -21.8836 401.3407 954.4527
v  -31.6213 401.3407 942.2419
v  -7.8121 401.3407 961.2291
v  21.8775 401.3407 954.4527
v  -35.2159 405.2808 943.9731
v  -24.3711 405.2808 957.5721
v  -31.6213 405.2808 942.2419
v  -8.6999 405.2808 965.1190
v  8.6938 405.2808 965.1190
v  -7.8121 405.2808 961.2291
v  24.3650 405.2808 957.5721
v  35.2098 405.2808 943.9731
v  21.8775 405.2808 954.4527
v  39.0802 405.2808 927.0155
v  35.0905 405.2808 927.0155
v  31.6152 405.2808 942.2419
v  7.8060 405.2808 961.2291
v  -21.8836 405.2808 954.4527
v  -35.0967 405.2808 927.0155
v  -31.6213 405.2808 911.7889
v  -21.8836 405.2808 899.5782
v  31.6152 405.2808 911.7889
v  24.3650 405.2808 896.4589
v  35.2098 405.2808 910.0578
v  21.8774 405.2808 899.5782
v  7.8060 405.2808 892.8018
v  8.6938 405.2808 888.9120
v  -8.6999 405.2808 888.9120
v  -7.8121 405.2808 892.8018
v  -24.3711 405.2808 896.4589
v  -39.0864 373.9566 927.0155
v  -39.0864 377.8967 927.0155
v  -35.2159 377.8967 910.0578
v  -35.2159 373.9566 910.0578
v  -24.3711 377.8967 896.4589
v  -24.3711 373.9566 896.4589
v  -8.6999 377.8967 888.9120
v  -8.6999 373.9566 888.9120
v  8.6938 377.8967 888.9120
v  8.6938 373.9566 888.9120
v  24.3650 377.8967 896.4589
v  24.3650 373.9566 896.4589
v  35.2098 377.8967 910.0578
v  35.2098 373.9566 910.0578
v  39.0802 377.8967 927.0155
v  39.0802 373.9566 927.0155
v  35.2098 377.8967 943.9731
v  35.2098 373.9566 943.9731
v  24.3650 377.8967 957.5720
v  24.3650 373.9566 957.5720
v  8.6938 377.8967 965.1190
v  8.6938 373.9566 965.1190
v  -8.6999 377.8967 965.1190
v  -8.6999 373.9566 965.1190
v  -24.3711 377.8967 957.5720
v  -24.3711 373.9566 957.5720
v  -35.2159 377.8967 943.9731
v  -35.2159 373.9566 943.9731
v  -16.6233 269.9051 927.0173
v  -6.0331 513.0312 927.0173
v  -5.4360 513.0312 924.4010
v  -14.9774 269.9051 919.8062
v  -3.7627 513.0312 922.3028
v  -10.3656 269.9051 914.0230
v  -1.3449 513.0312 921.1385
v  -3.7014 269.9051 910.8138
v  1.3388 513.0312 921.1385
v  3.6953 269.9051 910.8138
v  3.7566 513.0312 922.3028
v  10.3595 269.9051 914.0230
v  5.4298 513.0312 924.4010
v  14.9713 269.9051 919.8062
v  6.0270 513.0312 927.0173
v  16.6172 269.9051 927.0173
v  5.4298 513.0312 929.6336
v  14.9713 269.9051 934.2285
v  3.7566 513.0312 931.7318
v  10.3595 269.9051 940.0115
v  1.3388 513.0312 932.8962
v  3.6953 269.9051 943.2208
v  -1.3449 513.0312 932.8962
v  -3.7014 269.9051 943.2208
v  -3.7627 513.0312 931.7318
v  -10.3656 269.9051 940.0115
v  -5.4360 513.0312 929.6336
v  -14.9774 269.9051 934.2285
v  -4.5091 668.7892 -860.5466
v  -4.5091 726.5473 -860.5466
v  -4.0628 726.5473 -862.5017
v  -4.0628 668.7892 -862.5017
v  -2.8125 726.5473 -864.0695
v  -2.8125 668.7892 -864.0695
v  -1.0058 726.5473 -864.9395
v  -1.0058 668.7892 -864.9395
v  0.9995 726.5473 -864.9395
v  0.9995 668.7892 -864.9395
v  2.8063 726.5473 -864.0695
v  2.8063 668.7892 -864.0695
v  4.0566 726.5473 -862.5017
v  4.0566 668.7892 -862.5017
v  4.5028 726.5473 -860.5466
v  4.5028 668.7892 -860.5466
v  4.0566 726.5474 -858.5915
v  4.0566 668.7892 -858.5915
v  2.8063 726.5474 -857.0239
v  2.8063 668.7892 -857.0239
v  0.9995 726.5474 -856.1537
v  0.9995 668.7892 -856.1537
v  -1.0058 726.5474 -856.1537
v  -1.0058 668.7892 -856.1537
v  -2.8125 726.5474 -857.0239
v  -2.8125 668.7892 -857.0239
v  -4.0628 726.5474 -858.5915
v  -4.0628 668.7892 -858.5915
v  -16.4817 741.7643 -808.8528
v  -16.4817 753.0164 -808.8528
v  -14.8499 753.0164 -816.0027
v  -14.8499 741.7643 -816.0027
v  -10.2774 753.0164 -821.7363
v  -10.2774 741.7643 -821.7363
v  -3.6700 753.0164 -824.9183
v  -3.6700 741.7643 -824.9183
v  3.6637 753.0164 -824.9183
v  3.6637 741.7643 -824.9183
v  10.2711 753.0164 -821.7363
v  10.2711 741.7643 -821.7363
v  14.8436 753.0164 -816.0027
v  14.8436 741.7643 -816.0027
v  16.4755 753.0164 -808.8528
v  16.4755 741.7643 -808.8528
v  14.8436 753.0164 -801.7029
v  14.8436 741.7643 -801.7029
v  10.2711 753.0164 -795.9694
v  10.2711 741.7643 -795.9694
v  3.6637 753.0164 -792.7874
v  3.6637 741.7643 -792.7874
v  -3.6700 753.0164 -792.7874
v  -3.6700 741.7643 -792.7874
v  -10.2774 753.0164 -795.9694
v  -10.2774 741.7643 -795.9694
v  -11.9159 753.0164 -814.5897
v  -8.2470 753.0164 -819.1904
v  -14.8499 753.0164 -801.7029
v  -14.8499 741.7643 -801.7029
v  -16.4818 673.6036 -808.8528
v  -14.8498 673.6036 -816.0027
v  -10.2774 673.6036 -821.7363
v  -3.6700 673.6036 -824.9183
v  3.6637 673.6036 -824.9183
v  10.2711 673.6036 -821.7363
v  14.8436 673.6036 -816.0027
v  16.4755 673.6036 -808.8528
v  14.8436 673.6036 -801.7029
v  10.2711 673.6036 -795.9694
v  3.6637 673.6036 -792.7874
v  -3.6700 673.6036 -792.7874
v  -10.2774 673.6036 -795.9694
v  -14.8499 673.6036 -801.7029
v  -13.2253 753.0164 -808.8528
v  -13.2253 695.7327 -808.8528
v  -11.9159 695.7327 -814.5897
v  11.9096 753.0164 -814.5897
v  13.2190 753.0164 -808.8528
v  -2.9453 753.0164 -795.9622
v  -8.2470 753.0164 -798.5153
v  2.9391 753.0164 -821.7433
v  8.2407 753.0164 -819.1904
v  8.2407 753.0164 -798.5153
v  2.9391 753.0164 -795.9622
v  -2.9453 753.0164 -821.7433
v  11.9096 753.0164 -803.1159
v  -11.9159 753.0164 -803.1159
v  -11.9159 695.7327 -803.1159
v  -8.2470 695.7327 -798.5153
v  -2.9453 695.7327 -795.9622
v  2.9391 695.7327 -795.9622
v  8.2407 695.7327 -798.5153
v  11.9096 695.7327 -803.1159
v  13.2190 695.7327 -808.8528
v  11.9096 695.7327 -814.5897
v  8.2407 695.7327 -819.1904
v  2.9391 695.7327 -821.7433
v  -2.9453 695.7327 -821.7433
v  -8.2470 695.7327 -819.1904
v  -51.8857 682.9872 -896.9944
v  51.8794 682.9872 -896.9944
v  51.8794 397.7076 -952.5629
v  -51.8857 397.7076 -952.5629
v  51.8794 682.9873 -754.8152
v  51.8794 397.7076 -754.8153
v  -51.8857 682.9873 -754.8152
v  -51.8857 397.7076 -754.8153
v  44.6140 682.9872 -889.6044
v  44.6140 682.9873 -762.2055
v  -44.6203 682.9872 -889.6044
v  -44.6203 682.9873 -762.2055
v  -44.6203 677.9576 -762.2055
v  -44.6203 677.9576 -889.6044
v  44.6140 677.9578 -762.2055
v  44.6140 677.9576 -889.6044
v  -71.6805 643.0909 -539.8570
v  -76.4248 643.0909 -539.8570
v  -76.4248 636.2654 -539.8570
v  -71.6805 636.2654 -539.8570
v  -76.4248 643.0909 -544.6013
v  -76.4248 636.2654 -544.6013
v  -71.6805 643.0909 -544.6013
v  -71.6805 636.2654 -544.6013
v  -82.2685 642.9041 -542.2534
v  -82.2685 652.6602 -542.2534
v  -81.4549 652.6602 -545.8181
v  -81.4549 642.9041 -545.8181
v  -79.1752 652.6602 -548.6768
v  -79.1752 642.9041 -548.6768
v  -75.8809 652.6602 -550.2632
v  -75.8809 642.9041 -550.2632
v  -72.2245 652.6602 -550.2632
v  -72.2245 642.9041 -550.2632
v  -68.9302 652.6602 -548.6768
v  -68.9302 642.9041 -548.6768
v  -66.6505 652.6602 -545.8181
v  -66.6505 642.9041 -545.8181
v  -65.8369 652.6602 -542.2534
v  -65.8369 642.9041 -542.2534
v  -66.6505 652.6602 -538.6887
v  -66.6505 642.9041 -538.6887
v  -68.9302 652.6602 -535.8301
v  -68.9302 642.9041 -535.8301
v  -72.2245 652.6602 -534.2436
v  -72.2245 642.9041 -534.2436
v  -75.8809 652.6602 -534.2436
v  -75.8809 642.9041 -534.2436
v  -79.1751 652.6602 -535.8301
v  -79.1751 642.9041 -535.8301
v  -75.4575 657.7468 -536.0986
v  -77.9888 657.7468 -537.3176
v  -81.4549 652.6602 -538.6887
v  -81.4549 642.9041 -538.6887
v  -70.1165 657.7468 -537.3176
v  -68.3648 657.7468 -539.5142
v  -71.5192 661.9318 -541.0333
v  -72.2994 661.9318 -540.0548
v  -72.6479 657.7468 -548.4081
v  -70.1165 657.7468 -547.1891
v  -72.6479 657.7468 -536.0986
v  -77.9888 657.7468 -547.1891
v  -75.4575 657.7468 -548.4081
v  -67.7396 657.7468 -542.2534
v  -80.3658 657.7468 -542.2534
v  -79.7406 657.7468 -544.9926
v  -79.7406 657.7468 -539.5142
v  -68.3648 657.7468 -544.9926
v  -74.6784 661.9318 -544.9949
v  -75.8059 661.9318 -544.4518
v  -74.4593 662.7689 -542.7632
v  -74.1978 662.7689 -542.8891
v  -76.5862 661.9318 -543.4735
v  -73.4270 661.9318 -539.5119
v  -74.6784 661.9318 -539.5119
v  -73.4270 661.9318 -544.9949
v  -75.8059 661.9318 -540.0548
v  -72.2994 661.9318 -544.4518
v  -76.5862 661.9318 -541.0333
v  -71.5192 661.9318 -543.4735
v  -76.8646 661.9318 -542.2534
v  -71.2407 661.9318 -542.2534
v  -74.6402 662.7689 -542.5363
v  -74.7048 662.7689 -542.2534
v  -74.6402 662.7689 -541.9705
v  -74.4593 662.7689 -541.7435
v  -74.1978 662.7689 -541.6176
v  -73.9076 662.7689 -541.6176
v  -73.6461 662.7689 -541.7435
v  -73.4652 662.7689 -541.9705
v  -73.4006 662.7689 -542.2534
v  -73.4652 662.7689 -542.5363
v  -73.6461 662.7689 -542.7632
v  -73.9076 662.7689 -542.8891
v  60.6159 642.9041 -542.2534
v  60.6159 652.6602 -542.2534
v  61.4295 652.6602 -545.8181
v  61.4295 642.9041 -545.8181
v  63.7092 652.6602 -548.6768
v  63.7092 642.9041 -548.6768
v  67.0035 652.6602 -550.2632
v  67.0035 642.9041 -550.2632
v  70.6599 652.6602 -550.2632
v  70.6599 642.9041 -550.2632
v  73.9541 652.6602 -548.6768
v  73.9541 642.9041 -548.6768
v  76.2339 652.6602 -545.8181
v  76.2338 642.9041 -545.8181
v  77.0475 652.6602 -542.2534
v  77.0475 642.9041 -542.2534
v  76.2339 652.6602 -538.6887
v  76.2338 642.9041 -538.6887
v  73.9541 652.6602 -535.8301
v  73.9541 642.9041 -535.8301
v  70.6599 652.6602 -534.2436
v  70.6599 642.9041 -534.2436
v  67.0035 652.6602 -534.2436
v  67.0035 642.9041 -534.2436
v  63.7092 652.6602 -535.8301
v  63.7092 642.9041 -535.8301
v  67.4269 657.7468 -536.0986
v  64.8955 657.7468 -537.3176
v  61.4295 652.6602 -538.6887
v  61.4295 642.9041 -538.6887
v  72.7678 657.7468 -537.3176
v  74.5196 657.7468 -539.5142
v  71.3652 661.9318 -541.0333
v  70.5849 661.9318 -540.0548
v  70.2365 657.7468 -548.4081
v  72.7678 657.7468 -547.1891
v  70.2365 657.7468 -536.0986
v  64.8955 657.7468 -547.1891
v  67.4269 657.7468 -548.4081
v  75.1448 657.7468 -542.2534
v  62.5186 657.7468 -542.2534
v  63.1438 657.7468 -544.9926
v  63.1438 657.7468 -539.5142
v  74.5196 657.7468 -544.9926
v  68.2060 661.9318 -544.9949
v  67.0784 661.9318 -544.4518
v  68.4251 662.7689 -542.7632
v  68.6866 662.7689 -542.8891
v  66.2982 661.9318 -543.4735
v  69.4574 661.9318 -539.5119
v  68.2060 661.9318 -539.5119
v  69.4574 661.9318 -544.9949
v  67.0784 661.9318 -540.0548
v  70.5849 661.9318 -544.4518
v  66.2982 661.9318 -541.0333
v  71.3652 661.9318 -543.4735
v  66.0197 661.9318 -542.2534
v  71.6436 661.9318 -542.2534
v  68.2441 662.7689 -542.5363
v  68.1796 662.7689 -542.2534
v  68.2441 662.7689 -541.9705
v  68.4251 662.7689 -541.7435
v  68.6866 662.7689 -541.6176
v  68.9768 662.7689 -541.6176
v  69.2383 662.7689 -541.7435
v  69.4192 662.7689 -541.9705
v  69.4838 662.7689 -542.2534
v  69.4192 662.7689 -542.5363
v  69.2383 662.7689 -542.7632
v  68.9768 662.7689 -542.8891
v  71.2038 643.0909 -539.8570
v  66.4595 643.0909 -539.8570
v  66.4595 636.2654 -539.8570
v  71.2038 636.2654 -539.8570
v  66.4595 643.0909 -544.6013
v  66.4595 636.2654 -544.6013
v  71.2038 643.0909 -544.6013
v  71.2038 636.2654 -544.6013
v  5.9998 810.8085 -562.8924
v  3.9134 810.8085 -562.8924
v  137.7063 627.9423 -485.0345
v  139.7927 627.9423 -485.0345
v  3.9134 810.8085 -564.9788
v  137.7063 627.9423 -487.1209
v  5.9998 810.8085 -564.9788
v  139.7927 627.9423 -487.1209
v  -4.2551 810.8085 -562.8924
v  -6.3414 810.8085 -562.8924
v  -139.5793 627.9423 -485.0345
v  -137.4929 627.9423 -485.0345
v  -6.3414 810.8085 -564.9788
v  -139.5793 627.9423 -487.1209
v  -4.2551 810.8085 -564.9788
v  -137.4929 627.9423 -487.1209
v  -4.2551 810.8085 -580.8752
v  -6.3414 810.8085 -580.8752
v  -139.5793 627.9423 -639.9736
v  -137.4929 627.9423 -639.9736
v  -6.3414 810.8085 -582.9615
v  -139.5793 627.9423 -642.0599
v  -4.2551 810.8085 -582.9615
v  -137.4929 627.9423 -642.0599
v  6.5727 810.8085 -580.8752
v  4.4863 810.8085 -580.8752
v  139.5348 627.9423 -639.9736
v  141.6212 627.9423 -639.9736
v  4.4863 810.8085 -582.9615
v  139.5348 627.9423 -642.0599
v  6.5727 810.8085 -582.9615
v  141.6212 627.9423 -642.0599
v  3.5883 888.3436 -590.3981
v  -3.5945 888.3436 -590.3981
v  -3.5945 878.0100 -590.3981
v  3.5883 878.0100 -590.3981
v  -3.5945 888.3436 -597.5809
v  -3.5945 878.0100 -597.5809
v  3.5883 888.3436 -597.5809
v  3.5883 878.0100 -597.5809
v  -12.4416 888.0607 -594.0264
v  -12.4416 902.8311 -594.0264
v  -11.2098 902.8311 -599.4232
v  -11.2098 888.0607 -599.4232
v  -7.7584 902.8311 -603.7511
v  -7.7584 888.0607 -603.7511
v  -2.7709 902.8311 -606.1529
v  -2.7709 888.0607 -606.1529
v  2.7647 902.8311 -606.1529
v  2.7647 888.0607 -606.1529
v  7.7521 902.8311 -603.7511
v  7.7521 888.0607 -603.7511
v  11.2035 902.8311 -599.4232
v  11.2035 888.0607 -599.4232
v  12.4353 902.8311 -594.0264
v  12.4353 888.0607 -594.0264
v  11.2035 902.8311 -588.6295
v  11.2035 888.0607 -588.6295
v  7.7521 902.8311 -584.3016
v  7.7521 888.0607 -584.3016
v  2.7647 902.8311 -581.8997
v  2.7647 888.0607 -581.8997
v  -2.7709 902.8311 -581.8997
v  -2.7709 888.0607 -581.8997
v  -7.7584 902.8311 -584.3016
v  -7.7584 888.0607 -584.3016
v  -2.1299 910.5319 -584.7082
v  -5.9623 910.5319 -586.5537
v  -11.2098 902.8311 -588.6295
v  -11.2098 888.0607 -588.6295
v  5.9561 910.5319 -586.5537
v  8.6082 910.5319 -589.8793
v  3.8325 916.8680 -592.1792
v  2.6512 916.8680 -590.6979
v  2.1237 910.5319 -603.3445
v  5.9561 910.5319 -601.4988
v  2.1237 910.5319 -584.7082
v  -5.9623 910.5319 -601.4988
v  -2.1299 910.5319 -603.3445
v  9.5547 910.5319 -594.0264
v  -9.5609 910.5319 -594.0264
v  -8.6144 910.5319 -598.1733
v  -8.6144 910.5319 -589.8793
v  8.6082 910.5319 -598.1733
v  -0.9504 916.8680 -598.1768
v  -2.6575 916.8680 -597.3547
v  -0.6187 918.1352 -594.7982
v  -0.2228 918.1352 -594.9889
v  -3.8388 916.8680 -595.8735
v  0.9442 916.8680 -589.8759
v  -0.9504 916.8680 -589.8759
v  0.9442 916.8680 -598.1768
v  -2.6575 916.8680 -590.6979
v  2.6512 916.8680 -597.3547
v  -3.8388 916.8680 -592.1792
v  3.8325 916.8680 -595.8735
v  -4.2604 916.8680 -594.0264
v  4.2541 916.8680 -594.0264
v  -0.8926 918.1352 -594.4547
v  -0.9904 918.1352 -594.0264
v  -0.8926 918.1352 -593.5980
v  -0.6187 918.1352 -593.2544
v  -0.2228 918.1352 -593.0638
v  0.2166 918.1352 -593.0638
v  0.6124 918.1352 -593.2544
v  0.8864 918.1352 -593.5980
v  0.9842 918.1352 -594.0264
v  0.8864 918.1352 -594.4547
v  0.6124 918.1352 -594.7982
v  0.2166 918.1352 -594.9889
v  2.1681 848.7008 -536.0434
v  -2.1743 848.7008 -536.0434
v  -2.1743 813.0909 -536.0434
v  2.1681 813.0909 -536.0434
v  -2.1743 848.7008 -540.3857
v  -2.1743 813.0909 -540.3857
v  2.1681 848.7008 -540.3857
v  2.1681 813.0909 -540.3857
v  17.8018 844.5636 -536.0434
v  17.8018 848.9060 -536.0434
v  -17.8080 848.9060 -536.0434
v  -17.8080 844.5636 -536.0434
v  17.8018 848.9060 -540.3857
v  -17.8080 848.9060 -540.3857
v  17.8018 844.5636 -540.3857
v  -17.8080 844.5636 -540.3857
v  11.6292 834.0211 -527.0241
v  11.6292 837.3972 -527.0241
v  -11.6354 837.3972 -527.0241
v  -11.6354 834.0211 -527.0241
v  11.6292 837.3972 -549.4050
v  -11.6354 837.3972 -549.4050
v  11.6292 834.0211 -549.4050
v  -11.6354 834.0211 -549.4050
v  11.6292 748.3821 -527.0241
v  11.6292 751.7581 -527.0241
v  -11.6354 751.7581 -527.0241
v  -11.6354 748.3821 -527.0241
v  11.6292 751.7581 -549.4050
v  -11.6354 751.7581 -549.4050
v  11.6292 748.3821 -549.4050
v  -11.6354 748.3821 -549.4050
v  17.8018 758.9246 -536.0434
v  17.8018 763.2669 -536.0434
v  -17.8080 763.2669 -536.0434
v  -17.8080 758.9246 -536.0434
v  17.8018 763.2669 -540.3857
v  -17.8080 763.2669 -540.3857
v  17.8018 758.9246 -540.3857
v  -17.8080 758.9246 -540.3857
v  2.1681 763.0617 -536.0434
v  -2.1743 763.0617 -536.0434
v  -2.1743 727.4518 -536.0434
v  2.1681 727.4518 -536.0434
v  -2.1743 763.0617 -540.3857
v  -2.1743 727.4518 -540.3857
v  2.1681 763.0617 -540.3857
v  2.1681 727.4518 -540.3857
v  10.5781 728.5891 -530.8288
v  -10.5843 728.5891 -530.8288
v  -10.5843 725.3312 -530.8288
v  10.5781 725.3312 -530.8288
v  -20.7749 728.5891 -592.5723
v  -20.7749 725.3313 -592.5927
v  20.7687 728.5891 -592.5723
v  20.7687 725.3313 -592.5927
v  10.5781 813.2424 -530.8287
v  -10.5843 813.2424 -530.8287
v  -10.5843 809.9846 -530.8287
v  10.5781 809.9846 -530.8287
v  -20.7749 813.2425 -592.5723
v  -20.7749 809.9846 -592.5927
v  20.7687 813.2425 -592.5723
v  20.7687 809.9846 -592.5927
v  6.7671 858.5323 -562.3075
v  -6.7734 858.5323 -562.3075
v  -6.7734 629.5313 -562.3075
v  6.7671 629.5313 -562.3075
v  -6.7734 858.5323 -580.9110
v  -6.7734 629.5313 -594.7016
v  6.7671 858.5323 -580.9110
v  6.7671 629.5313 -594.7016
v  -6.7734 873.8259 -562.3075
v  -6.7734 873.8259 -610.0835
v  6.7671 873.8259 -562.3075
v  6.7671 873.8259 -610.0835
v  14.1783 873.8259 -619.9106
v  14.1783 873.8258 -558.8538
v  -14.1846 873.8259 -619.9106
v  -14.1846 873.8258 -558.8538
v  -14.1846 878.8629 -558.8538
v  -14.1846 878.8629 -619.9106
v  14.1783 878.8629 -619.9106
v  14.1783 878.8629 -558.8538
v  -0.0031 583.9667 -494.9679
v  -301.1438 583.9666 -494.9679
v  -301.1439 509.0521 -494.9679
v  -0.0031 435.0029 -494.9680
v  -301.1438 583.9667 -571.7383
v  -301.1439 509.0521 -571.7383
v  -0.0031 583.9667 -571.7383
v  301.1376 583.9667 -571.7383
v  301.1376 509.0521 -571.7383
v  -0.0031 435.0029 -571.7383
v  301.1376 583.9666 -494.9679
v  301.1376 509.0521 -494.9679
v  148.2782 633.5507 -475.2211
v  -148.2845 633.5507 -475.2211
v  -148.2845 583.8824 -494.3241
v  148.2782 583.8824 -494.3241
v  -148.2845 633.5508 -648.4296
v  -148.2845 583.8824 -648.4296
v  148.2782 633.5508 -648.4296
v  148.2782 583.8824 -648.4296
v  -154.6697 633.5507 -468.7377
v  -154.6697 633.5508 -654.9129
v  154.6635 633.5507 -468.7377
v  154.6635 633.5508 -654.9129
v  154.6635 642.6042 -654.9129
v  154.6635 642.6041 -468.7377
v  -154.6697 642.6041 -654.9129
v  -144.2321 642.6041 -644.5132
v  144.2258 642.6042 -644.5132
v  -154.6697 642.6040 -468.7377
v  144.2258 642.6041 -479.1376
v  144.2258 638.0775 -644.5132
v  144.2258 638.0774 -479.1376
v  -144.2320 642.6040 -479.1376
v  -144.2321 638.0775 -644.5132
v  -144.2320 638.0774 -479.1376
v  210.8618 583.8607 -494.3241
v  -210.8680 583.8607 -494.3241
v  -210.8680 276.9317 -494.3241
v  210.8617 276.9317 -494.3241
v  -210.8680 583.8608 -674.7116
v  -210.8680 276.9318 -674.7117
v  210.8617 583.8608 -674.7116
v  210.8617 276.9318 -674.7117
v  -197.3596 583.8607 -508.3766
v  -197.3596 583.8608 -660.6590
v  197.3533 583.8608 -660.6590
v  197.3534 583.8607 -508.3766
v  147.7480 463.4559 -662.4691
v  -147.7542 463.4559 -662.4691
v  -147.7542 268.1890 -662.4691
v  147.7480 268.1890 -662.4691
v  -147.7542 463.4559 -957.9714
v  -147.7542 268.1890 -957.9714
v  147.7480 463.4559 -957.9714
v  147.7480 268.1891 -957.9714
v  -155.3179 463.4559 -965.5350
v  155.3116 463.4559 -965.5350
v  -155.3179 480.8529 -965.5350
v  155.3116 480.8528 -965.5350
v  155.3116 463.4558 -654.9055
v  -155.3179 463.4558 -654.9055
v  -155.3179 480.8528 -654.9055
v  -143.8571 480.8528 -666.3660
v  -143.8571 480.8529 -954.0742
v  155.3116 480.8528 -654.9055
v  143.8509 480.8528 -954.0742
v  -143.8571 472.8055 -954.0742
v  143.8509 472.8054 -954.0742
v  143.8509 480.8528 -666.3660
v  -143.8571 472.8054 -666.3660
v  143.8509 472.8054 -666.3660
v  24.4354 538.9304 957.7453
v  20.5508 538.9304 957.7453
v  20.5508 514.4508 957.7453
v  24.4354 514.4508 957.7453
v  20.5508 538.9304 953.8608
v  20.5508 514.4508 953.8608
v  24.4354 538.9304 953.8608
v  24.4354 514.4508 953.8608
v  24.4354 538.9304 900.8417
v  20.5508 538.9304 900.8417
v  20.5508 514.4509 900.8417
v  24.4353 514.4509 900.8417
v  20.5508 538.9304 896.9571
v  20.5508 514.4509 896.9571
v  24.4354 538.9304 896.9571
v  24.4353 514.4509 896.9571
v  -20.3264 538.9304 900.8417
v  -24.2109 538.9304 900.8417
v  -24.2109 514.4509 900.8417
v  -20.3264 514.4509 900.8417
v  -24.2109 538.9304 896.9571
v  -24.2109 514.4509 896.9571
v  -20.3264 538.9304 896.9571
v  -20.3264 514.4509 896.9571
v  -20.3264 538.9304 957.3829
v  -24.2109 538.9304 957.3829
v  -24.2109 514.4508 957.3829
v  -20.3264 514.4508 957.3829
v  -24.2109 538.9304 953.4983
v  -24.2109 514.4508 953.4983
v  -20.3264 538.9304 953.4983
v  -20.3264 514.4508 953.4983
v  -14.8499 731.9955 -801.7029
v  -16.4818 731.9955 -808.8528
v  -10.2774 731.9955 -795.9694
v  -3.6700 731.9955 -792.7874
v  3.6637 731.9955 -792.7874
v  10.2711 731.9955 -795.9694
v  14.8436 731.9955 -801.7029
v  16.4755 731.9955 -808.8528
v  14.8436 731.9955 -816.0027
v  10.2711 731.9955 -821.7363
v  3.6637 731.9955 -824.9183
v  -3.6700 731.9955 -824.9183
v  -10.2774 731.9955 -821.7363
v  -14.8498 731.9955 -816.0027
v  -246.9535 154.3586 876.6295
v  -301.2599 154.3586 759.0377
v  -257.8190 0.0123 682.8611
v  -211.3435 0.0123 800.4529
v  -301.2600 154.3588 -1107.4833
v  -257.8191 0.0125 -1014.5872
v  225.9395 154.3588 -1107.4833
v  301.2537 154.3588 -1107.4833
v  257.8128 0.0125 -1014.5872
v  193.3589 0.0125 -1014.5872
v  301.2538 154.3586 759.0377
v  257.8129 0.0123 682.8611
v  -193.3651 0.0125 -1014.5872
v  -84.1951 301.2691 1083.5189
v  -0.0031 301.2691 1103.7150
v  -0.0031 301.2691 1045.8862
v  -73.5753 301.2691 1035.1471
v  246.9474 301.2691 951.0813
v  301.2538 301.2691 833.4896
v  263.2541 301.2691 813.4880
v  215.7977 301.2691 921.6230
v  72.0486 0.0122 932.8906
v  -0.0031 0.0122 953.0865
v  -0.0031 0.0124 -1014.5872
v  64.4508 0.0125 -1014.5872
v  -75.3174 154.3588 -1107.4833
v  -0.0031 154.3588 -1107.4833
v  -64.4571 0.0124 -1014.5872
v  84.1889 154.3585 1009.0673
v  -0.0031 154.3586 1029.2632
v  84.1889 301.2691 1083.5189
v  -75.3174 301.2693 -1089.9014
v  -0.0031 301.2693 -1089.9014
v  301.2537 301.2693 -1089.9014
v  225.9395 301.2693 -1089.9014
v  -301.2599 301.2691 833.4896
v  -301.2600 301.2693 -1089.9014
v  -246.9535 301.2691 951.0813
v  263.2540 301.2693 -1051.8383
v  263.2540 283.9681 -1051.8383
v  263.2541 283.9679 813.4880
v  -197.4460 301.2693 -1051.8383
v  -263.2603 301.2693 -1051.8383
v  -263.2603 283.9681 -1051.8383
v  -197.4460 283.9681 -1051.8383
v  -263.2602 301.2691 813.4880
v  75.3111 301.2693 -1089.9014
v  -0.0031 301.2693 -1051.8383
v  65.8111 301.2693 -1051.8383
v  -225.9458 301.2693 -1089.9014
v  -263.2602 283.9679 813.4880
v  -215.8039 283.9679 921.6230
v  65.8111 283.9681 -1051.8383
v  -0.0031 283.9681 -1051.8383
v  -0.0031 283.9679 1045.8862
v  73.5692 283.9679 1035.1471
v  215.7977 283.9679 921.6230
v  -73.5753 283.9679 1035.1471
v  197.4397 301.2693 -1051.8383
v  131.6254 301.2693 -1051.8383
v  131.6254 283.9681 -1051.8383
v  197.4397 283.9681 -1051.8383
v  73.5692 301.2690 1035.1471
v  147.1415 301.2691 993.3765
v  147.1415 283.9679 993.3765
v  150.6253 301.2693 -1089.9014
v  150.6253 154.3588 -1107.4833
v  75.3111 154.3588 -1107.4833
v  168.3810 301.2691 1032.2915
v  168.3810 154.3586 957.8398
v  246.9474 154.3586 876.6295
v  144.1002 0.0122 881.6632
v  211.3374 0.0123 800.4529
v  128.9048 0.0125 -1014.5872
v  -215.8039 301.2691 921.6230
v  -147.1476 301.2691 993.3765
v  -147.1476 283.9679 993.3765
v  -65.8174 283.9681 -1051.8383
v  -131.6317 283.9681 -1051.8383
v  -150.6316 301.2693 -1089.9014
v  -131.6317 301.2693 -1051.8383
v  -65.8174 301.2694 -1051.8383
v  -168.3871 301.2690 1032.2915
v  -168.3871 154.3585 957.8398
v  -84.1951 154.3586 1009.0673
v  -150.6316 154.3588 -1107.4833
v  -225.9458 154.3588 -1107.4833
v  -128.9111 0.0125 -1014.5872
v  -72.0547 0.0122 932.8906
v  -144.1063 0.0122 881.6632
v  -166.3386 349.0679 -78.2309
v  -166.3386 349.0680 -253.8214
v  -166.3386 284.1073 -253.8215
v  -166.3386 284.1073 -78.2309
v  -89.5669 349.0680 -253.8214
v  -89.5669 284.1073 -253.8215
v  -89.5669 349.0679 -78.2309
v  -89.5669 284.1073 -78.2309
v  -245.0787 349.0679 -78.2309
v  -245.0788 349.0680 -253.8214
v  -245.0788 284.1073 -253.8214
v  -245.0787 284.1073 -78.2309
v  -168.3071 349.0680 -253.8214
v  -168.3071 284.1073 -253.8215
v  -168.3071 349.0679 -78.2309
v  -168.3071 284.1073 -78.2309
v  10.8268 349.0679 -78.2309
v  10.8268 349.0680 -253.8214
v  10.8268 284.1073 -253.8215
v  10.8268 284.1073 -78.2309
v  87.5984 349.0680 -253.8214
v  87.5984 284.1073 -253.8215
v  87.5984 349.0679 -78.2309
v  87.5984 284.1073 -78.2310
v  -87.5984 349.0679 -78.2309
v  -87.5984 349.0680 -253.8214
v  -87.5984 284.1073 -253.8215
v  -87.5984 284.1073 -78.2309
v  -10.8268 349.0680 -253.8214
v  -10.8268 284.1073 -253.8215
v  -10.8267 349.0679 -78.2309
v  -10.8268 284.1073 -78.2309
v  -87.5984 349.0680 -257.3648
v  -87.5984 349.0680 -432.9553
v  -87.5984 284.1073 -432.9553
v  -87.5984 284.1073 -257.3648
v  -10.8268 349.0680 -432.9553
v  -10.8268 284.1073 -432.9553
v  -10.8268 349.0680 -257.3648
v  -10.8268 284.1073 -257.3648
v  10.8268 349.0680 -257.3648
v  10.8268 349.0680 -432.9553
v  10.8268 284.1074 -432.9553
v  10.8268 284.1073 -257.3648
v  87.5984 349.0680 -432.9553
v  87.5984 284.1073 -432.9553
v  87.5984 349.0680 -257.3648
v  87.5984 284.1073 -257.3648
v  -245.0788 349.0680 -257.3647
v  -245.0788 349.0680 -432.9553
v  -245.0788 284.1074 -432.9553
v  -245.0787 284.1073 -257.3647
v  -168.3071 349.0680 -432.9553
v  -168.3071 284.1073 -432.9553
v  -168.3071 349.0680 -257.3648
v  -168.3071 284.1073 -257.3648
v  -166.3386 349.0680 -257.3648
v  -166.3386 349.0680 -432.9553
v  -166.3386 284.1073 -432.9553
v  -166.3386 284.1073 -257.3648
v  -89.5669 349.0680 -432.9553
v  -89.5669 284.1073 -432.9553
v  -89.5669 349.0680 -257.3648
v  -89.5669 284.1073 -257.3648
v  -166.3386 349.0679 138.3045
v  -166.3386 349.0679 -37.2860
v  -166.3386 284.1073 -37.2860
v  -166.3386 284.1073 138.3045
v  -89.5669 349.0679 -37.2860
v  -89.5669 284.1073 -37.2860
v  -89.5669 349.0679 138.3045
v  -89.5669 284.1073 138.3045
v  -245.0787 349.0679 138.3045
v  -245.0787 349.0679 -37.2860
v  -245.0788 284.1073 -37.2860
v  -245.0787 284.1073 138.3045
v  -168.3071 349.0679 -37.2860
v  -168.3071 284.1073 -37.2860
v  -168.3071 349.0679 138.3045
v  -168.3071 284.1073 138.3045
v  10.8268 349.0679 138.3045
v  10.8268 349.0679 -37.2860
v  10.8268 284.1073 -37.2860
v  10.8268 284.1073 138.3045
v  87.5984 349.0679 -37.2860
v  87.5984 284.1073 -37.2860
v  87.5985 349.0679 138.3045
v  87.5984 284.1073 138.3045
v  -87.5984 349.0679 138.3045
v  -87.5984 349.0679 -37.2860
v  -87.5984 284.1073 -37.2860
v  -87.5984 284.1073 138.3045
v  -10.8268 349.0679 -37.2860
v  -10.8268 284.1073 -37.2860
v  -10.8267 349.0679 138.3045
v  -10.8267 284.1072 138.3045
v  -87.5984 349.0679 317.4384
v  -87.5984 349.0679 141.8478
v  -87.5984 284.1073 141.8478
v  -87.5984 284.1073 317.4384
v  -10.8268 349.0679 141.8478
v  -10.8268 284.1072 141.8478
v  -10.8267 349.0679 317.4384
v  -10.8267 284.1072 317.4384
v  10.8268 349.0679 317.4384
v  10.8268 349.0679 141.8478
v  10.8268 284.1073 141.8478
v  10.8268 284.1073 317.4384
v  87.5984 349.0679 141.8478
v  87.5984 284.1073 141.8478
v  87.5985 349.0679 317.4384
v  87.5984 284.1073 317.4384
v  -245.0787 349.0679 317.4384
v  -245.0787 349.0679 141.8478
v  -245.0788 284.1073 141.8478
v  -245.0787 284.1073 317.4384
v  -168.3071 349.0679 141.8478
v  -168.3071 284.1073 141.8478
v  -168.3071 349.0679 317.4384
v  -168.3071 284.1073 317.4384
v  -166.3386 349.0679 317.4384
v  -166.3386 349.0679 141.8478
v  -166.3386 284.1073 141.8478
v  -166.3386 284.1073 317.4384
v  -89.5669 349.0679 141.8478
v  -89.5669 284.1073 141.8478
v  -89.5669 349.0679 317.4384
v  -89.5669 284.1073 317.4384
v  -166.3385 415.9970 317.4384
v  -166.3386 415.9970 141.8478
v  -166.3386 351.0364 141.8478
v  -166.3386 351.0364 317.4384
v  -89.5669 415.9970 141.8478
v  -89.5669 351.0364 141.8478
v  -89.5669 415.9969 317.4384
v  -89.5669 351.0363 317.4384
v  -245.0787 415.9970 317.4384
v  -245.0788 415.9970 141.8478
v  -245.0788 351.0364 141.8478
v  -245.0787 351.0364 317.4384
v  -168.3071 415.9970 141.8478
v  -168.3071 351.0364 141.8478
v  -168.3071 415.9970 317.4384
v  -168.3071 351.0364 317.4384
v  10.8268 415.9970 317.4384
v  10.8268 415.9970 141.8478
v  10.8268 351.0364 141.8478
v  10.8268 351.0364 317.4384
v  87.5984 415.9971 141.8478
v  87.5984 351.0364 141.8478
v  87.5984 415.9970 317.4384
v  87.5984 351.0364 317.4384
v  -87.5984 415.9970 317.4384
v  -87.5984 415.9970 141.8478
v  -87.5984 351.0364 141.8478
v  -87.5984 351.0363 317.4384
v  -10.8268 415.9970 141.8478
v  -10.8268 351.0364 141.8478
v  -10.8267 415.9970 317.4384
v  -10.8267 351.0363 317.4384
v  -87.5984 415.9970 138.3045
v  -87.5984 415.9971 -37.2860
v  -87.5984 351.0364 -37.2860
v  -87.5984 351.0364 138.3045
v  -10.8268 415.9971 -37.2860
v  -10.8268 351.0364 -37.2860
v  -10.8267 415.9970 138.3045
v  -10.8268 351.0364 138.3045
v  10.8268 415.9970 138.3045
v  10.8268 415.9971 -37.2860
v  10.8268 351.0364 -37.2860
v  10.8268 351.0364 138.3045
v  87.5984 415.9971 -37.2860
v  87.5984 351.0364 -37.2860
v  87.5984 415.9971 138.3045
v  87.5984 351.0364 138.3045
v  -245.0788 415.9970 138.3045
v  -245.0788 415.9971 -37.2860
v  -245.0788 351.0364 -37.2860
v  -245.0787 351.0364 138.3045
v  -168.3071 415.9971 -37.2860
v  -168.3071 351.0364 -37.2860
v  -168.3071 415.9970 138.3045
v  -168.3071 351.0364 138.3045
v  -166.3386 415.9970 138.3045
v  -166.3386 415.9971 -37.2860
v  -166.3386 351.0364 -37.2860
v  -166.3386 351.0364 138.3045
v  -89.5669 415.9970 -37.2860
v  -89.5669 351.0364 -37.2860
v  -89.5669 415.9970 138.3045
v  -89.5669 351.0364 138.3045
v  -166.3386 415.9971 -257.3648
v  -166.3386 415.9971 -432.9553
v  -166.3386 351.0365 -432.9553
v  -166.3386 351.0365 -257.3648
v  -89.5669 415.9970 -432.9553
v  -89.5670 351.0364 -432.9553
v  -89.5669 415.9970 -257.3648
v  -89.5669 351.0364 -257.3648
v  -245.0788 415.9971 -257.3647
v  -245.0788 415.9971 -432.9553
v  -245.0788 351.0365 -432.9553
v  -245.0788 351.0365 -257.3647
v  -168.3071 415.9971 -432.9553
v  -168.3071 351.0365 -432.9553
v  -168.3071 415.9971 -257.3648
v  -168.3071 351.0365 -257.3648
v  10.8268 415.9971 -257.3648
v  10.8268 415.9971 -432.9553
v  10.8268 351.0365 -432.9553
v  10.8268 351.0365 -257.3648
v  87.5984 415.9971 -432.9553
v  87.5984 351.0365 -432.9553
v  87.5984 415.9971 -257.3648
v  87.5984 351.0365 -257.3648
v  -87.5984 415.9971 -257.3648
v  -87.5984 415.9971 -432.9553
v  -87.5985 351.0364 -432.9553
v  -87.5984 351.0364 -257.3648
v  -10.8268 415.9971 -432.9553
v  -10.8268 351.0364 -432.9553
v  -10.8268 415.9971 -257.3648
v  -10.8268 351.0364 -257.3648
v  -87.5984 415.9971 -78.2309
v  -87.5984 415.9971 -253.8214
v  -87.5984 351.0364 -253.8214
v  -87.5984 351.0364 -78.2309
v  -10.8268 415.9971 -253.8214
v  -10.8268 351.0364 -253.8214
v  -10.8268 415.9971 -78.2309
v  -10.8268 351.0364 -78.2309
v  10.8268 415.9971 -78.2309
v  10.8268 415.9971 -253.8214
v  10.8268 351.0365 -253.8214
v  10.8268 351.0364 -78.2309
v  87.5984 415.9971 -253.8214
v  87.5984 351.0365 -253.8214
v  87.5984 415.9971 -78.2309
v  87.5984 351.0364 -78.2309
v  -245.0788 415.9971 -78.2309
v  -245.0788 415.9971 -253.8214
v  -245.0788 351.0365 -253.8214
v  -245.0787 351.0364 -78.2309
v  -168.3071 415.9971 -253.8214
v  -168.3071 351.0365 -253.8214
v  -168.3071 415.9971 -78.2309
v  -168.3071 351.0364 -78.2309
v  -166.3386 415.9971 -78.2309
v  -166.3386 415.9971 -253.8214
v  -166.3386 351.0365 -253.8214
v  -166.3386 351.0364 -78.2309
v  -89.5669 415.9970 -253.8214
v  -89.5669 351.0364 -253.8214
v  -89.5669 415.9970 -78.2309
v  -89.5669 351.0364 -78.2309
v  -166.3386 482.9262 -78.2309
v  -166.3386 482.9262 -253.8214
v  -166.3386 417.9656 -253.8214
v  -166.3386 417.9656 -78.2309
v  -89.5669 482.9262 -253.8214
v  -89.5669 417.9656 -253.8214
v  -89.5669 482.9262 -78.2309
v  -89.5669 417.9655 -78.2309
v  -245.0788 482.9261 -78.2309
v  -245.0788 482.9262 -253.8214
v  -245.0788 417.9656 -253.8214
v  -245.0787 417.9655 -78.2309
v  -168.3071 482.9262 -253.8214
v  -168.3071 417.9656 -253.8214
v  -168.3071 482.9261 -78.2309
v  -168.3071 417.9655 -78.2309
v  -87.5984 482.9262 -257.3647
v  -87.5984 482.9262 -432.9553
v  -87.5984 417.9656 -432.9553
v  -87.5984 417.9656 -257.3648
v  -10.8268 482.9262 -432.9553
v  -10.8268 417.9656 -432.9553
v  -10.8268 482.9262 -257.3647
v  -10.8268 417.9656 -257.3648
v  10.8268 482.9262 -257.3647
v  10.8268 482.9262 -432.9553
v  10.8268 417.9656 -432.9553
v  10.8268 417.9656 -257.3648
v  87.5984 482.9262 -432.9553
v  87.5984 417.9656 -432.9553
v  87.5984 482.9262 -257.3647
v  87.5984 417.9656 -257.3648
v  -245.0788 482.9262 -257.3647
v  -245.0788 482.9262 -432.9553
v  -245.0788 417.9655 -432.9553
v  -245.0787 417.9656 -257.3647
v  -168.3071 482.9262 -432.9553
v  -168.3071 417.9655 -432.9553
v  -168.3071 482.9262 -257.3647
v  -168.3071 417.9656 -257.3648
v  -166.3386 482.9262 -257.3647
v  -166.3386 482.9262 -432.9553
v  -166.3386 417.9656 -432.9553
v  -166.3386 417.9656 -257.3648
v  -89.5669 482.9262 -432.9553
v  -89.5669 417.9655 -432.9553
v  -89.5669 482.9262 -257.3647
v  -89.5669 417.9656 -257.3648
v  -166.3386 482.9261 138.3045
v  -166.3386 482.9262 -37.2860
v  -166.3386 417.9656 -37.2860
v  -166.3386 417.9655 138.3045
v  -89.5669 482.9262 -37.2860
v  -89.5669 417.9655 -37.2860
v  -89.5669 482.9261 138.3045
v  -89.5669 417.9655 138.3045
v  -245.0788 482.9261 138.3045
v  -245.0788 482.9261 -37.2860
v  -245.0788 417.9655 -37.2860
v  -245.0787 417.9655 138.3045
v  -168.3071 482.9261 -37.2860
v  -168.3071 417.9655 -37.2860
v  -168.3071 482.9261 138.3045
v  -168.3071 417.9655 138.3045
v  -87.5984 482.9261 138.3045
v  -87.5984 482.9262 -37.2860
v  -87.5984 417.9656 -37.2860
v  -87.5984 417.9655 138.3045
v  -10.8268 482.9262 -37.2860
v  -10.8268 417.9656 -37.2860
v  -10.8267 482.9261 138.3045
v  -10.8267 417.9655 138.3045
v  -87.5984 482.9261 317.4384
v  -87.5984 482.9261 141.8478
v  -87.5984 417.9655 141.8478
v  -87.5984 417.9655 317.4384
v  -10.8268 482.9261 141.8478
v  -10.8268 417.9655 141.8478
v  -10.8267 482.9261 317.4384
v  -10.8267 417.9655 317.4384
v  89.5669 482.9262 -257.3647
v  89.5669 482.9262 -432.9553
v  89.5669 417.9656 -432.9553
v  89.5669 417.9656 -257.3648
v  166.3386 482.9262 -432.9553
v  166.3386 417.9655 -432.9553
v  166.3386 482.9262 -257.3647
v  166.3386 417.9656 -257.3648
v  89.5669 415.9971 -78.2309
v  89.5669 415.9971 -253.8214
v  89.5669 351.0365 -253.8214
v  89.5669 351.0364 -78.2309
v  166.3386 415.9971 -253.8214
v  166.3385 351.0364 -253.8214
v  166.3386 415.9971 -78.2309
v  166.3386 351.0364 -78.2310
v  89.5669 415.9971 -257.3648
v  89.5669 415.9971 -432.9553
v  89.5669 351.0365 -432.9553
v  89.5669 351.0365 -257.3648
v  166.3386 415.9971 -432.9553
v  166.3385 351.0364 -432.9553
v  166.3386 415.9971 -257.3648
v  166.3386 351.0364 -257.3648
v  89.5670 415.9970 138.3045
v  89.5669 415.9971 -37.2860
v  89.5669 351.0364 -37.2860
v  89.5669 351.0364 138.3045
v  166.3386 415.9971 -37.2860
v  166.3386 351.0364 -37.2860
v  166.3386 415.9970 138.3045
v  166.3386 351.0364 138.3045
v  89.5670 415.9970 317.4384
v  89.5669 415.9970 141.8478
v  89.5669 351.0364 141.8478
v  89.5669 351.0364 317.4384
v  166.3386 415.9970 141.8478
v  166.3386 351.0364 141.8478
v  166.3386 415.9970 317.4384
v  166.3386 351.0363 317.4384
v  89.5670 349.0679 317.4384
v  89.5669 349.0679 141.8478
v  89.5669 284.1073 141.8478
v  89.5670 284.1073 317.4384
v  166.3386 349.0679 141.8478
v  166.3386 284.1073 141.8478
v  166.3386 349.0678 317.4384
v  166.3386 284.1073 317.4384
v  89.5670 349.0679 138.3045
v  89.5669 349.0679 -37.2860
v  89.5669 284.1073 -37.2860
v  89.5670 284.1073 138.3045
v  166.3386 349.0679 -37.2860
v  166.3386 284.1073 -37.2860
v  166.3386 349.0679 138.3045
v  166.3386 284.1073 138.3045
v  89.5669 349.0680 -257.3648
v  89.5669 349.0680 -432.9553
v  89.5669 284.1073 -432.9553
v  89.5669 284.1073 -257.3648
v  166.3386 349.0679 -432.9553
v  166.3385 284.1073 -432.9553
v  166.3386 349.0679 -257.3648
v  166.3386 284.1073 -257.3648
v  89.5670 349.0679 -78.2309
v  89.5669 349.0680 -253.8214
v  89.5669 284.1073 -253.8215
v  89.5669 284.1073 -78.2310
v  166.3386 349.0679 -253.8214
v  166.3385 284.1073 -253.8215
v  166.3386 349.0679 -78.2310
v  166.3386 284.1073 -78.2310
v  168.3071 349.0679 -78.2310
v  168.3070 349.0680 -253.8214
v  168.3070 284.1073 -253.8215
v  168.3071 284.1073 -78.2310
v  245.0787 349.0680 -253.8215
v  245.0787 284.1073 -253.8215
v  245.0787 349.0679 -78.2310
v  245.0787 284.1073 -78.2310
v  168.3071 349.0680 -257.3648
v  168.3070 349.0680 -432.9553
v  168.3070 284.1074 -432.9553
v  168.3071 284.1073 -257.3648
v  245.0787 349.0680 -432.9553
v  245.0787 284.1073 -432.9553
v  245.0787 349.0680 -257.3648
v  245.0787 284.1073 -257.3648
v  168.3071 349.0679 138.3045
v  168.3071 349.0679 -37.2860
v  168.3071 284.1073 -37.2860
v  168.3071 284.1073 138.3045
v  245.0787 349.0679 -37.2860
v  245.0787 284.1073 -37.2860
v  245.0787 349.0679 138.3045
v  245.0787 284.1073 138.3045
v  168.3071 349.0679 317.4384
v  168.3071 349.0679 141.8478
v  168.3071 284.1073 141.8478
v  168.3071 284.1073 317.4384
v  245.0787 349.0679 141.8478
v  245.0787 284.1073 141.8478
v  245.0788 349.0679 317.4384
v  245.0787 284.1073 317.4384
v  168.3071 415.9970 317.4384
v  168.3071 415.9970 141.8478
v  168.3071 351.0364 141.8478
v  168.3071 351.0364 317.4384
v  245.0787 415.9970 141.8478
v  245.0787 351.0364 141.8478
v  245.0788 415.9970 317.4384
v  245.0788 351.0364 317.4384
v  168.3071 415.9970 138.3045
v  168.3071 415.9971 -37.2860
v  168.3071 351.0364 -37.2860
v  168.3071 351.0364 138.3045
v  245.0787 415.9971 -37.2860
v  245.0787 351.0364 -37.2860
v  245.0788 415.9970 138.3045
v  245.0787 351.0364 138.3045
v  168.3071 415.9971 -257.3648
v  168.3071 415.9971 -432.9553
v  168.3071 351.0365 -432.9553
v  168.3071 351.0365 -257.3648
v  245.0787 415.9971 -432.9553
v  245.0787 351.0365 -432.9553
v  245.0787 415.9971 -257.3648
v  245.0787 351.0365 -257.3648
v  168.3071 415.9971 -78.2309
v  168.3071 415.9971 -253.8214
v  168.3071 351.0365 -253.8214
v  168.3071 351.0364 -78.2310
v  245.0787 415.9971 -253.8215
v  245.0787 351.0365 -253.8215
v  245.0788 415.9971 -78.2309
v  245.0787 351.0364 -78.2310
v  168.3071 482.9262 -257.3647
v  168.3071 482.9262 -432.9553
v  168.3071 417.9655 -432.9553
v  168.3071 417.9656 -257.3648
v  245.0787 482.9262 -432.9553
v  245.0787 417.9655 -432.9553
v  245.0787 482.9262 -257.3647
v  245.0787 417.9656 -257.3648
v  89.5670 482.9261 317.4384
v  89.5669 482.9261 141.8478
v  89.5669 417.9655 141.8478
v  89.5670 417.9655 317.4384
v  166.3386 482.9261 141.8478
v  166.3386 417.9655 141.8478
v  166.3386 482.9261 317.4384
v  166.3386 417.9655 317.4384
v  89.5670 482.9261 138.3045
v  89.5669 482.9262 -37.2860
v  89.5669 417.9656 -37.2860
v  89.5670 417.9655 138.3045
v  166.3386 482.9261 -37.2860
v  166.3386 417.9655 -37.2860
v  166.3386 482.9261 138.3045
v  166.3386 417.9655 138.3045
v  10.8268 482.9262 -78.2309
v  10.8268 482.9262 -253.8214
v  10.8268 417.9656 -253.8214
v  10.8268 417.9656 -78.2309
v  87.5984 482.9262 -253.8214
v  87.5984 417.9656 -253.8214
v  87.5984 482.9262 -78.2309
v  87.5984 417.9656 -78.2309
v  -87.5984 482.9262 -78.2309
v  -87.5984 482.9262 -253.8214
v  -87.5984 417.9656 -253.8214
v  -87.5984 417.9656 -78.2309
v  -10.8268 482.9262 -253.8214
v  -10.8268 417.9656 -253.8214
v  -10.8267 482.9262 -78.2309
v  -10.8268 417.9656 -78.2309
v  10.8268 482.9261 138.3045
v  10.8268 482.9262 -37.2860
v  10.8268 417.9656 -37.2860
v  10.8268 417.9655 138.3045
v  87.5984 482.9262 -37.2860
v  87.5984 417.9656 -37.2860
v  87.5985 482.9261 138.3045
v  87.5984 417.9655 138.3045
v  10.8268 482.9261 317.4384
v  10.8268 482.9261 141.8478
v  10.8268 417.9655 141.8478
v  10.8268 417.9655 317.4384
v  87.5984 482.9261 141.8478
v  87.5984 417.9655 141.8478
v  87.5985 482.9261 317.4384
v  87.5984 417.9655 317.4384
v  10.8268 482.9261 711.1391
v  10.8268 482.9261 535.5486
v  10.8268 417.9655 535.5486
v  10.8268 417.9655 711.1391
v  87.5984 482.9261 535.5486
v  87.5984 417.9655 535.5486
v  87.5985 482.9261 711.1391
v  87.5985 417.9655 711.1391
v  10.8268 482.9261 532.0052
v  10.8268 482.9261 356.4148
v  10.8268 417.9655 356.4148
v  10.8268 417.9655 532.0053
v  87.5984 482.9261 356.4148
v  87.5984 417.9655 356.4148
v  87.5985 482.9261 532.0052
v  87.5985 417.9655 532.0053
v  89.5670 482.9261 532.0052
v  89.5670 482.9261 356.4148
v  89.5670 417.9655 356.4148
v  89.5670 417.9655 532.0053
v  166.3386 482.9261 356.4148
v  166.3386 417.9655 356.4148
v  166.3386 482.9261 532.0052
v  166.3386 417.9655 532.0053
v  89.5670 482.9261 711.1391
v  89.5669 482.9261 535.5486
v  89.5669 417.9655 535.5486
v  89.5670 417.9655 711.1391
v  166.3386 482.9261 535.5486
v  166.3386 417.9655 535.5486
v  166.3386 482.9261 711.1391
v  166.3386 417.9655 711.1391
v  168.3071 415.9970 532.0053
v  168.3071 415.9970 356.4148
v  168.3071 351.0364 356.4148
v  168.3071 351.0364 532.0053
v  245.0788 415.9970 356.4148
v  245.0788 351.0364 356.4148
v  245.0788 415.9970 532.0053
v  245.0788 351.0364 532.0053
v  168.3071 415.9970 711.1391
v  168.3071 415.9970 535.5486
v  168.3071 351.0364 535.5486
v  168.3071 351.0363 711.1391
v  245.0788 415.9970 535.5486
v  245.0788 351.0364 535.5486
v  245.0788 415.9970 711.1391
v  245.0788 351.0363 711.1391
v  168.3071 349.0678 711.1391
v  168.3071 349.0679 535.5486
v  168.3071 284.1072 535.5486
v  168.3071 284.1072 711.1391
v  245.0787 349.0679 535.5486
v  245.0787 284.1072 535.5486
v  245.0788 349.0678 711.1391
v  245.0788 284.1072 711.1391
v  168.3071 349.0679 532.0053
v  168.3071 349.0679 356.4148
v  168.3071 284.1073 356.4148
v  168.3071 284.1072 532.0053
v  245.0787 349.0679 356.4148
v  245.0787 284.1073 356.4148
v  245.0788 349.0679 532.0053
v  245.0787 284.1072 532.0053
v  89.5670 349.0679 532.0053
v  89.5670 349.0679 356.4148
v  89.5670 284.1073 356.4148
v  89.5670 284.1072 532.0053
v  166.3386 349.0678 356.4148
v  166.3386 284.1073 356.4148
v  166.3386 349.0678 532.0053
v  166.3386 284.1072 532.0053
v  89.5670 349.0678 711.1391
v  89.5670 349.0679 535.5486
v  89.5670 284.1072 535.5486
v  89.5670 284.1072 711.1391
v  166.3386 349.0678 535.5486
v  166.3386 284.1072 535.5486
v  166.3386 349.0678 711.1391
v  166.3386 284.1072 711.1391
v  89.5670 415.9970 711.1391
v  89.5669 415.9970 535.5486
v  89.5669 351.0364 535.5486
v  89.5670 351.0363 711.1391
v  166.3386 415.9970 535.5486
v  166.3386 351.0363 535.5486
v  166.3386 415.9970 711.1391
v  166.3386 351.0363 711.1391
v  89.5670 415.9970 532.0053
v  89.5669 415.9970 356.4148
v  89.5669 351.0364 356.4148
v  89.5670 351.0364 532.0053
v  166.3386 415.9970 356.4148
v  166.3386 351.0363 356.4148
v  166.3386 415.9970 532.0053
v  166.3386 351.0363 532.0053
v  -87.5984 482.9261 711.1391
v  -87.5984 482.9261 535.5486
v  -87.5984 417.9655 535.5486
v  -87.5984 417.9655 711.1391
v  -10.8267 482.9261 535.5486
v  -10.8267 417.9655 535.5486
v  -10.8267 482.9261 711.1391
v  -10.8267 417.9655 711.1391
v  -87.5984 482.9261 532.0052
v  -87.5984 482.9261 356.4148
v  -87.5984 417.9655 356.4148
v  -87.5984 417.9655 532.0053
v  -10.8267 482.9261 356.4148
v  -10.8267 417.9655 356.4148
v  -10.8267 482.9261 532.0052
v  -10.8267 417.9655 532.0053
v  -245.0787 482.9261 532.0052
v  -245.0787 482.9261 356.4148
v  -245.0787 417.9655 356.4148
v  -245.0787 417.9655 532.0053
v  -168.3071 482.9261 356.4148
v  -168.3071 417.9655 356.4148
v  -168.3071 482.9261 532.0052
v  -168.3071 417.9655 532.0053
v  -166.3385 482.9261 532.0052
v  -166.3386 482.9261 356.4148
v  -166.3386 417.9655 356.4148
v  -166.3385 417.9655 532.0053
v  -89.5669 482.9261 356.4148
v  -89.5669 417.9655 356.4148
v  -89.5669 482.9261 532.0052
v  -89.5669 417.9655 532.0053
v  -166.3385 415.9970 532.0053
v  -166.3386 415.9970 356.4148
v  -166.3386 351.0364 356.4148
v  -166.3386 351.0364 532.0053
v  -89.5669 415.9969 356.4148
v  -89.5669 351.0363 356.4148
v  -89.5669 415.9970 532.0053
v  -89.5669 351.0363 532.0053
v  -245.0787 415.9970 532.0053
v  -245.0787 415.9970 356.4148
v  -245.0788 351.0364 356.4148
v  -245.0787 351.0364 532.0053
v  -168.3071 415.9970 356.4148
v  -168.3071 351.0364 356.4148
v  -168.3071 415.9970 532.0053
v  -168.3071 351.0364 532.0053
v  10.8268 415.9970 532.0053
v  10.8268 415.9970 356.4148
v  10.8268 351.0364 356.4148
v  10.8268 351.0364 532.0053
v  87.5984 415.9970 356.4148
v  87.5984 351.0364 356.4148
v  87.5985 415.9970 532.0053
v  87.5984 351.0364 532.0053
v  -87.5984 415.9970 532.0053
v  -87.5984 415.9970 356.4148
v  -87.5984 351.0363 356.4148
v  -87.5984 351.0363 532.0053
v  -10.8268 415.9970 356.4148
v  -10.8268 351.0363 356.4148
v  -10.8267 415.9970 532.0053
v  -10.8267 351.0363 532.0053
v  -87.5984 415.9970 711.1391
v  -87.5984 415.9970 535.5486
v  -87.5984 351.0363 535.5486
v  -87.5984 351.0363 711.1391
v  -10.8267 415.9970 535.5486
v  -10.8267 351.0363 535.5486
v  -10.8267 415.9970 711.1391
v  -10.8267 351.0363 711.1391
v  10.8268 415.9970 711.1391
v  10.8268 415.9970 535.5486
v  10.8268 351.0364 535.5486
v  10.8268 351.0363 711.1391
v  87.5984 415.9970 535.5486
v  87.5984 351.0364 535.5486
v  87.5985 415.9970 711.1391
v  87.5985 351.0363 711.1391
v  -245.0787 415.9970 711.1391
v  -245.0787 415.9970 535.5486
v  -245.0788 351.0364 535.5486
v  -245.0787 351.0363 711.1391
v  -168.3071 415.9970 535.5486
v  -168.3071 351.0364 535.5486
v  -168.3071 415.9970 711.1391
v  -168.3071 351.0363 711.1391
v  -166.3385 415.9970 711.1391
v  -166.3386 415.9970 535.5486
v  -166.3386 351.0364 535.5486
v  -166.3385 351.0363 711.1391
v  -89.5669 415.9970 535.5486
v  -89.5669 351.0363 535.5486
v  -89.5669 415.9969 711.1391
v  -89.5669 351.0363 711.1391
v  -166.3385 349.0678 711.1391
v  -166.3386 349.0679 535.5486
v  -166.3386 284.1072 535.5486
v  -166.3386 284.1072 711.1391
v  -89.5669 349.0679 535.5486
v  -89.5669 284.1072 535.5486
v  -89.5669 349.0678 711.1391
v  -89.5669 284.1072 711.1391
v  -245.0787 349.0678 711.1391
v  -245.0787 349.0679 535.5486
v  -245.0787 284.1072 535.5486
v  -245.0787 284.1072 711.1391
v  -168.3071 349.0679 535.5486
v  -168.3071 284.1072 535.5486
v  -168.3071 349.0678 711.1391
v  -168.3070 284.1072 711.1391
v  10.8268 349.0678 711.1391
v  10.8268 349.0679 535.5486
v  10.8268 284.1072 535.5486
v  10.8268 284.1072 711.1391
v  87.5984 349.0679 535.5486
v  87.5984 284.1072 535.5486
v  87.5985 349.0678 711.1391
v  87.5985 284.1072 711.1391
v  -87.5984 349.0678 711.1391
v  -87.5984 349.0679 535.5486
v  -87.5984 284.1072 535.5486
v  -87.5984 284.1072 711.1391
v  -10.8267 349.0679 535.5486
v  -10.8267 284.1072 535.5486
v  -10.8267 349.0678 711.1391
v  -10.8267 284.1072 711.1391
v  -87.5984 349.0679 532.0053
v  -87.5984 349.0679 356.4148
v  -87.5984 284.1073 356.4148
v  -87.5984 284.1072 532.0053
v  -10.8267 349.0679 356.4148
v  -10.8267 284.1072 356.4148
v  -10.8267 349.0679 532.0053
v  -10.8267 284.1072 532.0053
v  10.8268 349.0679 532.0053
v  10.8268 349.0679 356.4148
v  10.8268 284.1073 356.4148
v  10.8268 284.1072 532.0053
v  87.5984 349.0679 356.4148
v  87.5984 284.1073 356.4148
v  87.5985 349.0679 532.0053
v  87.5985 284.1072 532.0053
v  -245.0787 349.0679 532.0053
v  -245.0787 349.0679 356.4148
v  -245.0787 284.1073 356.4148
v  -245.0787 284.1072 532.0053
v  -168.3071 349.0679 356.4148
v  -168.3071 284.1073 356.4148
v  -168.3071 349.0679 532.0053
v  -168.3071 284.1072 532.0053
v  -166.3386 349.0679 532.0053
v  -166.3386 349.0679 356.4148
v  -166.3386 284.1073 356.4148
v  -166.3386 284.1072 532.0053
v  -89.5669 349.0679 356.4148
v  -89.5669 284.1073 356.4148
v  -89.5669 349.0679 532.0053
v  -89.5669 284.1072 532.0053
# 1764 vertices

vn 0.0000 -0.0000 1.0000
vn -1.0000 0.0000 -0.0000
vn 0.0000 0.0000 -1.0000
vn 1.0000 0.0000 -0.0000
vn -0.0000 -1.0000 -0.0000
vn -0.0000 1.0000 -0.0005
vn 0.0000 -1.0000 -0.0000
vn 0.0000 1.0000 -0.0005
vn 1.0000 -0.0000 0.0000
vn 1.0000 0.0000 0.0000
vn 0.0000 0.9601 0.2798
vn -0.9749 0.0000 -0.2225
vn -0.7818 0.0000 -0.6235
vn -0.4339 0.0000 -0.9010
vn 0.4339 -0.0000 -0.9010
vn 0.7818 -0.0000 -0.6235
vn 0.9749 -0.0000 -0.2225
vn 0.9749 -0.0000 0.2225
vn 0.7818 -0.0000 0.6235
vn 0.4339 -0.0000 0.9010
vn -0.4339 -0.0000 0.9010
vn 0.0000 1.0000 0.0000
vn -0.7818 0.0000 0.6235
vn -0.9749 0.0000 0.2225
vn -0.4339 0.0000 0.9010
vn -0.4339 -0.0000 -0.9010
vn -1.0000 -0.0000 0.0000
vn -1.0000 0.0000 0.0000
vn 1.0000 -0.0000 -0.0000
vn -1.0000 -0.0000 -0.0000
vn 0.0000 -1.0000 0.0000
vn -0.9749 -0.0000 0.2225
vn 0.4339 0.0000 -0.9010
vn 0.7818 0.0000 -0.6235
vn 0.9749 0.0000 -0.2225
vn -0.7818 -0.0000 0.6235
vn 0.7818 0.0000 0.6235
vn 0.4339 0.0000 0.9010
vn -0.9740 0.0424 -0.2223
vn -0.7811 0.0424 -0.6229
vn -0.4335 0.0424 -0.9002
vn 0.0000 0.0424 -0.9991
vn 0.4335 0.0424 -0.9002
vn 0.7811 0.0424 -0.6229
vn 0.9740 0.0424 -0.2223
vn 0.9740 0.0424 0.2223
vn 0.7811 0.0424 0.6229
vn 0.4335 0.0424 0.9002
vn 0.0000 0.0424 0.9991
vn -0.4335 0.0424 0.9002
vn -0.7811 0.0424 0.6229
vn -0.9740 0.0424 0.2223
vn -0.0000 1.0000 -0.0000
vn 0.0000 1.0000 -0.0000
vn -0.0000 -1.0000 0.0000
vn -0.0000 0.1912 -0.9816
vn -0.4076 0.3426 0.8464
vn 0.6059 0.6320 0.4832
vn 0.4076 0.3426 -0.8464
vn 0.4076 0.3426 0.8464
vn -0.4076 0.3426 -0.8464
vn 0.9159 0.3426 0.2091
vn -0.9159 0.3426 -0.2091
vn -0.7345 0.3426 0.5858
vn 0.7345 0.3426 -0.5858
vn 0.0000 0.3426 0.9395
vn 0.0000 0.3426 -0.9395
vn 0.7345 0.3426 0.5858
vn -0.9159 0.3426 0.2091
vn -0.7345 0.3426 -0.5858
vn 0.9159 0.3426 -0.2091
vn -0.1603 0.9293 -0.3328
vn -0.6059 0.6320 -0.4832
vn 0.3362 0.6320 0.6982
vn -0.3362 0.6320 -0.6982
vn 0.0000 0.6320 0.7749
vn 0.0000 0.6320 -0.7749
vn -0.3362 0.6320 0.6982
vn 0.3362 0.6320 -0.6982
vn -0.6059 0.6320 0.4832
vn 0.6059 0.6320 -0.4832
vn -0.7555 0.6320 0.1724
vn 0.7555 0.6320 -0.1724
vn 0.7555 0.6320 0.1724
vn -0.7555 0.6320 -0.1724
vn 0.0000 0.9293 0.3694
vn 0.0000 0.9293 -0.3694
vn -0.1603 0.9293 0.3328
vn 0.1603 0.9293 -0.3328
vn -0.2888 0.9293 0.2303
vn 0.2888 0.9293 -0.2303
vn -0.3601 0.9293 0.0822
vn 0.3601 0.9293 -0.0822
vn 0.3601 0.9293 0.0822
vn -0.3601 0.9293 -0.0822
vn 0.2888 0.9293 0.2303
vn -0.2888 0.9293 -0.2303
vn 0.1603 0.9293 0.3328
vn 0.0000 0.3917 0.9201
vn -0.8071 -0.5905 -0.0000
vn 0.0000 -0.3917 -0.9201
vn 0.8071 0.5905 0.0000
vn -0.8082 0.5889 0.0000
vn 0.8082 -0.5889 -0.0000
vn 0.0000 -0.3075 0.9515
vn 0.0000 0.3075 -0.9515
vn -0.8044 -0.5941 -0.0000
vn 0.8044 0.5941 0.0000
vn -0.9867 -0.0005 0.1628
vn 0.0000 0.0062 -1.0000
vn 0.9867 -0.0005 0.1628
vn 0.0000 0.0601 -0.9982
vn 0.0000 -0.8857 -0.4643
vn -0.2388 -0.9711 -0.0000
vn -0.0000 1.0000 0.0000
vn 0.2388 -0.9711 -0.0000
vn 0.0000 -0.3590 0.9333
vn 0.9749 0.0000 0.2225
vn -0.7818 -0.0000 -0.6235
vn -0.9749 -0.0000 -0.2225
vn -0.8445 -0.3949 0.3619
vn -0.9626 -0.2709 0.0000
vn -0.0000 -0.5157 -0.8568
vn 0.0000 -0.5157 -0.8568
vn 0.9626 -0.2709 -0.0000
vn 0.2250 -0.4383 0.8702
vn 0.2092 -0.4420 0.8723
vn 0.0000 0.1188 -0.9929
vn -0.0000 0.1188 -0.9929
vn -0.8880 -0.2078 0.4101
vn -0.9157 0.0000 -0.4019
vn 0.1444 0.0000 -0.9895
vn -0.4937 0.0000 -0.8696
vn 0.6779 -0.3323 0.6558
vn 0.6724 -0.4284 0.6036
vn 0.7225 -0.0000 -0.6913
vn -0.4770 -0.3973 0.7840
vn -0.4949 -0.4308 0.7547
vn 0.8445 -0.3949 0.3619
vn 0.8880 -0.2078 0.4101
vn -0.7225 0.0000 -0.6913
vn -0.1444 0.0000 -0.9895
vn 0.4770 -0.3973 0.7840
vn 0.4949 -0.4308 0.7547
vn -0.2250 -0.4383 0.8702
vn -0.2092 -0.4420 0.8723
vn 0.4937 0.0000 -0.8696
vn 0.9157 -0.0000 -0.4019
vn -0.6779 -0.3323 0.6558
vn -0.6724 -0.4284 0.6036
vn -0.0000 0.0000 -1.0000
vn 0.0000 -0.0000 -1.0000
vn -0.0000 -0.0000 -1.0000
vn 0.0000 0.0000 1.0000
# 154 vertex normals

vt 0.4844 0.0342 0.0000
vt 0.5062 0.0342 0.0000
vt 0.5062 0.0560 0.0000
vt 0.4844 0.0560 0.0000
vt 0.3830 0.0329 0.0000
vt 0.4120 0.0329 0.0000
vt 0.4120 0.0619 0.0000
vt 0.3830 0.0619 0.0000
vt 0.4884 0.0198 0.0000
vt 0.5120 0.0198 0.0000
vt 0.5120 0.0434 0.0000
vt 0.4884 0.0434 0.0000
vt 0.5002 0.0434 0.0000
vt 0.5053 0.0423 0.0000
vt 0.5094 0.0390 0.0000
vt 0.5117 0.0343 0.0000
vt 0.5117 0.0290 0.0000
vt 0.5094 0.0243 0.0000
vt 0.5053 0.0210 0.0000
vt 0.5002 0.0198 0.0000
vt 0.4951 0.0210 0.0000
vt 0.4910 0.0243 0.0000
vt 0.4887 0.0290 0.0000
vt 0.4887 0.0343 0.0000
vt 0.4910 0.0390 0.0000
vt 0.4951 0.0423 0.0000
vt 0.5045 0.0426 0.0000
vt 0.5082 0.0404 0.0000
vt 0.4896 0.0369 0.0000
vt 0.5108 0.0369 0.0000
vt 0.5120 0.0327 0.0000
vt 0.4888 0.0284 0.0000
vt 0.5116 0.0284 0.0000
vt 0.5096 0.0245 0.0000
vt 0.4940 0.0216 0.0000
vt 0.5064 0.0216 0.0000
vt 0.5024 0.0200 0.0000
vt 0.4980 0.0200 0.0000
vt 0.4908 0.0245 0.0000
vt 0.4884 0.0327 0.0000
vt 0.4922 0.0404 0.0000
vt 0.4959 0.0426 0.0000
vt 0.5050 0.0424 0.0000
vt 0.5090 0.0395 0.0000
vt 0.4914 0.0395 0.0000
vt 0.5114 0.0353 0.0000
vt 0.5119 0.0304 0.0000
vt 0.4884 0.0304 0.0000
vt 0.5104 0.0257 0.0000
vt 0.5071 0.0221 0.0000
vt 0.4932 0.0221 0.0000
vt 0.5027 0.0201 0.0000
vt 0.4977 0.0201 0.0000
vt 0.4900 0.0257 0.0000
vt 0.4890 0.0353 0.0000
vt 0.4954 0.0424 0.0000
vt 0.6717 0.3111 0.0000
vt 0.7237 0.3111 0.0000
vt 0.7237 0.3631 0.0000
vt 0.6717 0.3631 0.0000
vt 0.6977 0.3631 0.0000
vt 0.7090 0.3605 0.0000
vt 0.7180 0.3533 0.0000
vt 0.7231 0.3429 0.0000
vt 0.7231 0.3313 0.0000
vt 0.7180 0.3209 0.0000
vt 0.7090 0.3137 0.0000
vt 0.6977 0.3111 0.0000
vt 0.6864 0.3137 0.0000
vt 0.6774 0.3209 0.0000
vt 0.6724 0.3313 0.0000
vt 0.6724 0.3429 0.0000
vt 0.6774 0.3533 0.0000
vt 0.6864 0.3605 0.0000
vt 0.7064 0.3111 0.0000
vt 0.7064 0.3631 0.0000
vt 0.1450 0.0372 0.0000
vt 0.1970 0.0372 0.0000
vt 0.1970 0.0892 0.0000
vt 0.1450 0.0892 0.0000
vt 0.6273 0.5219 0.0000
vt 0.5222 0.5219 0.0000
vt 0.5222 0.2331 0.0000
vt 0.6273 0.2331 0.0000
vt 0.6911 0.2299 0.0000
vt 0.7431 0.2299 0.0000
vt 0.7431 0.2819 0.0000
vt 0.6911 0.2819 0.0000
vt 0.2583 0.1136 0.0000
vt 0.3103 0.1136 0.0000
vt 0.3103 0.1656 0.0000
vt 0.2583 0.1656 0.0000
vt 0.6878 0.3272 0.0000
vt 0.7076 0.3272 0.0000
vt 0.7076 0.3470 0.0000
vt 0.6878 0.3470 0.0000
vt 0.5014 0.3568 0.0000
vt 0.5014 0.5222 0.0000
vt 0.4592 0.5222 0.0000
vt 0.4592 0.3568 0.0000
vt 0.5014 0.1914 0.0000
vt 0.4592 0.1914 0.0000
vt 0.9497 0.4262 0.0000
vt 0.6494 0.4262 0.0000
vt 0.6494 0.3759 0.0000
vt 0.9497 0.3759 0.0000
vt 0.7700 0.3631 0.0000
vt 0.9510 0.3631 0.0000
vt 0.9510 0.3112 0.0000
vt 0.7900 0.3112 0.0000
vt 0.4364 0.8432 0.0000
vt 0.0094 0.8432 0.0000
vt 0.0094 0.5324 0.0000
vt 0.4364 0.5324 0.0000
vt 0.4476 0.8430 0.0000
vt 0.6303 0.8430 0.0000
vt 0.6303 0.5323 0.0000
vt 0.4476 0.5323 0.0000
vt 0.4363 0.5261 0.0000
vt 0.0093 0.5261 0.0000
vt 0.0093 0.2153 0.0000
vt 0.4363 0.2153 0.0000
vt 0.9493 0.6333 0.0000
vt 0.6502 0.6333 0.0000
vt 0.6502 0.4356 0.0000
vt 0.9493 0.4356 0.0000
vt 0.9495 0.8431 0.0000
vt 0.6503 0.8431 0.0000
vt 0.6503 0.6454 0.0000
vt 0.9495 0.6454 0.0000
vt 0.6502 0.6343 0.0000
vt 0.9493 0.6343 0.0000
vt 0.9493 0.4366 0.0000
vt 0.6502 0.4366 0.0000
vt 0.6890 0.3111 0.0000
vt 0.6890 0.3631 0.0000
vt 0.0715 0.9410 0.0000
vt 0.0796 0.9410 0.0000
vt 0.0796 0.9653 0.0000
vt 0.0715 0.9653 0.0000
vt 0.2944 0.8798 0.0000
vt 0.3194 0.8798 0.0000
vt 0.3194 0.9298 0.0000
vt 0.2944 0.9298 0.0000
vt 0.2694 0.8798 0.0000
vt 0.2694 0.9298 0.0000
vt 0.9358 0.9238 0.0000
vt 0.9608 0.9238 0.0000
vt 0.9608 0.9738 0.0000
vt 0.9358 0.9738 0.0000
vt 0.0265 0.9723 0.0000
vt 0.0178 0.9723 0.0000
vt 0.0424 0.9231 0.0000
vt 0.0512 0.9231 0.0000
vt 0.9671 0.9723 0.0000
vt 0.9671 0.9231 0.0000
vt 0.9826 0.9907 0.0000
vt 0.0085 0.9907 0.0000
vt 0.0462 0.9163 0.0000
vt 0.9915 0.9163 0.0000
vt 0.9915 0.9907 0.0000
vt 0.0172 0.9907 0.0000
vt 0.0083 0.9163 0.0000
vt 0.9538 0.9163 0.0000
vt 0.0839 0.9723 0.0000
vt 0.1347 0.9723 0.0000
vt 0.1593 0.9231 0.0000
vt 0.1085 0.9231 0.0000
vt 0.9108 0.9238 0.0000
vt 0.9108 0.9738 0.0000
vt 0.1550 0.0616 0.0000
vt 0.1800 0.0616 0.0000
vt 0.1800 0.1116 0.0000
vt 0.1550 0.1116 0.0000
vt 0.0487 0.9723 0.0000
vt 0.0733 0.9231 0.0000
vt 0.1300 0.0616 0.0000
vt 0.1300 0.1116 0.0000
vt 0.1584 0.9717 0.0000
vt 0.8396 0.9717 0.0000
vt 0.8396 0.7122 0.0000
vt 0.1584 0.7122 0.0000
vt 0.6622 0.2890 0.0000
vt 0.3378 0.2890 0.0000
vt 0.3378 0.0295 0.0000
vt 0.6622 0.0295 0.0000
vt 0.1594 0.6654 0.0000
vt 0.8406 0.6654 0.0000
vt 0.8406 0.3410 0.0000
vt 0.1594 0.3410 0.0000
# 190 texture coords

g SPW_Vehicle_Water_Cargo_Ship_02
usemtl SPW_Vehicle_Water_Cargo_Ship
s off
f 1/1/1 2/2/1 3/3/1 4/4/1 
f 2/1/2 5/2/2 6/3/2 3/4/2 
f 5/1/3 7/2/3 8/3/3 6/4/3 
f 7/1/4 1/2/4 4/3/4 8/4/4 
f 4/1/5 3/2/5 6/3/5 8/4/5 
f 7/1/6 5/2/6 2/3/6 1/4/6 
f 9/1/1 10/2/1 11/3/1 12/4/1 
f 10/1/2 13/2/2 14/3/2 11/4/2 
f 13/1/3 15/2/3 16/3/3 14/4/3 
f 15/1/4 9/2/4 12/3/4 16/4/4 
f 12/1/7 11/2/7 14/3/7 16/4/7 
f 15/1/8 13/2/8 10/3/8 9/4/8 
f 17/5/1 18/6/1 19/7/1 20/8/1 
f 18/5/2 21/6/2 22/7/2 19/8/2 
f 21/5/3 23/6/3 24/7/3 22/8/3 
f 23/5/9 17/6/9 20/7/9 24/8/9 
f 20/5/5 19/6/5 22/7/5 24/8/5 
f 23/5/8 21/6/8 18/7/8 17/8/8 
f 25/5/1 26/6/1 27/7/1 28/8/1 
f 26/5/2 29/6/2 30/7/2 27/8/2 
f 29/5/3 31/6/3 32/7/3 30/8/3 
f 31/5/9 25/6/9 28/7/9 32/8/9 
f 28/5/5 27/6/5 30/7/5 32/8/5 
f 31/5/8 29/6/8 26/7/8 25/8/8 
f 33/5/1 34/6/1 35/7/1 36/8/1 
f 34/5/2 37/6/2 38/7/2 35/8/2 
f 37/5/3 39/6/3 40/7/3 38/8/3 
f 39/5/10 33/6/10 36/7/10 40/8/10 
f 36/5/7 35/6/7 38/7/7 40/8/7 
f 39/5/11 37/6/11 34/7/11 33/8/11 
f 41/5/1 42/6/1 43/7/1 44/8/1 
f 42/5/2 45/6/2 46/7/2 43/8/2 
f 45/5/3 47/6/3 48/7/3 46/8/3 
f 47/5/9 41/6/9 44/7/9 48/8/9 
f 44/5/7 43/6/7 46/7/7 48/8/7 
f 47/5/11 45/6/11 42/7/11 41/8/11 
f 49/9/12 50/10/12 51/11/12 52/12/12 
f 52/9/13 51/10/13 53/11/13 54/12/13 
f 54/9/14 53/10/14 55/11/14 56/12/14 
f 56/9/3 55/10/3 57/11/3 58/12/3 
f 58/9/15 57/10/15 59/11/15 60/12/15 
f 60/9/16 59/10/16 61/11/16 62/12/16 
f 62/9/17 61/10/17 63/11/17 64/12/17 
f 64/9/18 63/10/18 65/11/18 66/12/18 
f 66/9/19 65/10/19 67/11/19 68/12/19 
f 68/9/20 67/10/20 69/11/20 70/12/20 
f 70/9/1 69/10/1 71/11/1 72/12/1 
f 72/9/21 71/10/21 73/11/21 74/12/21 
f 51/13/22 50/14/22 75/15/22 73/16/22 
f 51/13/22 73/16/22 71/17/22 69/18/22 
f 51/13/22 69/18/22 67/19/22 65/20/22 
f 51/13/22 65/20/22 63/21/22 61/22/22 
f 51/13/22 61/22/22 59/23/22 57/24/22 
f 51/13/22 57/24/22 55/25/22 53/26/22 
f 74/9/23 73/10/23 75/11/23 76/12/23 
f 76/9/24 75/10/24 50/11/24 49/12/24 
f 49/13/7 52/14/7 54/15/7 56/16/7 
f 49/13/7 56/16/7 58/17/7 60/18/7 
f 49/13/7 60/18/7 62/19/7 64/20/7 
f 49/13/7 64/20/7 66/21/7 68/22/7 
f 49/13/7 68/22/7 70/23/7 72/24/7 
f 49/13/7 72/24/7 74/25/7 76/26/7 
f 77/9/12 78/10/12 79/11/12 80/12/12 
f 77/13/7 80/27/7 81/28/7 82/29/7 
f 81/28/7 83/30/7 84/31/7 85/32/7 
f 84/31/7 86/33/7 87/34/7 88/35/7 
f 87/34/7 89/36/7 90/37/7 91/38/7 
f 87/34/7 91/38/7 88/35/7 
f 84/31/7 88/35/7 92/39/7 85/32/7 
f 81/28/7 85/32/7 93/40/7 82/29/7 
f 77/13/7 82/29/7 94/41/7 95/42/7 
f 89/13/7 96/43/7 97/44/7 98/45/7 
f 97/44/7 99/46/7 100/47/7 101/48/7 
f 100/47/7 102/49/7 95/50/7 103/51/7 
f 95/50/7 94/52/7 104/53/7 103/51/7 
f 100/47/7 103/51/7 105/54/7 101/48/7 
f 97/44/7 101/48/7 106/55/7 98/45/7 
f 89/13/7 98/45/7 90/56/7 
f 95/9/24 107/10/24 78/11/24 77/12/24 
f 78/13/22 107/27/22 108/28/22 109/29/22 
f 108/28/22 110/30/22 111/31/22 112/32/22 
f 111/31/22 113/33/22 114/34/22 115/35/22 
f 114/34/22 116/36/22 117/37/22 118/38/22 
f 114/34/22 118/38/22 115/35/22 
f 111/31/22 115/35/22 119/39/22 112/32/22 
f 108/28/22 112/32/22 120/40/22 109/29/22 
f 78/13/22 109/29/22 121/41/22 79/42/22 
f 79/13/22 121/43/22 122/44/22 123/46/22 
f 124/52/22 117/53/22 116/51/22 125/48/22 
f 116/51/22 126/54/22 125/48/22 
f 127/50/22 124/52/22 125/48/22 128/49/22 
f 125/48/22 129/55/22 130/45/22 128/49/22 
f 131/47/22 128/49/22 130/45/22 123/46/22 
f 79/13/22 123/46/22 130/45/22 132/56/22 
f 80/9/13 79/10/13 132/11/13 81/12/13 
f 81/9/14 132/10/14 130/11/14 83/12/14 
f 83/9/3 130/10/3 129/11/3 84/12/3 
f 84/9/15 129/10/15 125/11/15 86/12/15 
f 86/9/16 125/10/16 126/11/16 87/12/16 
f 87/9/17 126/10/17 116/11/17 89/12/17 
f 89/9/18 116/10/18 114/11/18 96/12/18 
f 96/9/19 114/10/19 113/11/19 97/12/19 
f 97/9/20 113/10/20 111/11/20 99/12/20 
f 99/9/1 111/10/1 110/11/1 100/12/1 
f 100/9/25 110/10/25 108/11/25 102/12/25 
f 102/9/23 108/10/23 107/11/23 95/12/23 
f 94/9/18 82/10/18 122/11/18 121/12/18 
f 104/9/17 94/10/17 121/11/17 109/12/17 
f 82/9/19 93/10/19 123/11/19 122/12/19 
f 103/9/16 104/10/16 109/11/16 120/12/16 
f 93/9/20 85/10/20 131/11/20 123/12/20 
f 105/9/15 103/10/15 120/11/15 112/12/15 
f 85/9/1 92/10/1 128/11/1 131/12/1 
f 101/9/3 105/10/3 112/11/3 119/12/3 
f 92/9/25 88/10/25 127/11/25 128/12/25 
f 106/9/26 101/10/26 119/11/26 115/12/26 
f 88/9/23 91/10/23 124/11/23 127/12/23 
f 98/9/13 106/10/13 115/11/13 118/12/13 
f 91/9/24 90/10/24 117/11/24 124/12/24 
f 90/9/12 98/10/12 118/11/12 117/12/12 
f 133/9/1 134/10/1 135/11/1 136/12/1 
f 134/9/27 137/10/27 138/11/27 135/12/27 
f 137/9/3 139/10/3 140/11/3 138/12/3 
f 139/9/4 133/10/4 136/11/4 140/12/4 
f 136/9/7 135/10/7 138/11/7 140/12/7 
f 139/9/22 137/10/22 134/11/22 133/12/22 
f 141/9/1 142/10/1 143/11/1 144/12/1 
f 142/9/27 145/10/27 146/11/27 143/12/27 
f 145/9/3 147/10/3 148/11/3 146/12/3 
f 147/9/4 141/10/4 144/11/4 148/12/4 
f 144/9/7 143/10/7 146/11/7 148/12/7 
f 147/9/22 145/10/22 142/11/22 141/12/22 
f 149/9/1 150/10/1 151/11/1 152/12/1 
f 150/9/28 153/10/28 154/11/28 151/12/28 
f 153/9/3 155/10/3 156/11/3 154/12/3 
f 155/9/29 149/10/29 152/11/29 156/12/29 
f 152/9/7 151/10/7 154/11/7 156/12/7 
f 155/9/22 153/10/22 150/11/22 149/12/22 
f 157/9/1 158/10/1 159/11/1 160/12/1 
f 158/9/30 161/10/30 162/11/30 159/12/30 
f 161/9/3 163/10/3 164/11/3 162/12/3 
f 163/9/10 157/10/10 160/11/10 164/12/10 
f 160/9/7 159/10/7 162/11/7 164/12/7 
f 163/9/22 161/10/22 158/11/22 157/12/22 
f 165/9/1 166/10/1 167/11/1 168/12/1 
f 166/9/30 169/10/30 170/11/30 167/12/30 
f 169/9/3 171/10/3 172/11/3 170/12/3 
f 171/9/29 165/10/29 168/11/29 172/12/29 
f 168/9/7 167/10/7 170/11/7 172/12/7 
f 171/9/22 169/10/22 166/11/22 165/12/22 
f 173/9/1 174/10/1 175/11/1 176/12/1 
f 174/9/28 177/10/28 178/11/28 175/12/28 
f 177/9/3 179/10/3 180/11/3 178/12/3 
f 179/9/29 173/10/29 176/11/29 180/12/29 
f 176/9/7 175/10/7 178/11/7 180/12/7 
f 179/9/22 177/10/22 174/11/22 173/12/22 
f 181/9/1 182/10/1 183/11/1 184/12/1 
f 182/9/28 185/10/28 186/11/28 183/12/28 
f 185/9/3 187/10/3 188/11/3 186/12/3 
f 187/9/29 181/10/29 184/11/29 188/12/29 
f 184/9/7 183/10/7 186/11/7 188/12/7 
f 187/9/22 185/10/22 182/11/22 181/12/22 
f 189/9/1 190/10/1 191/11/1 192/12/1 
f 190/9/28 193/10/28 194/11/28 191/12/28 
f 193/9/3 195/10/3 196/11/3 194/12/3 
f 195/9/29 189/10/29 192/11/29 196/12/29 
f 192/9/7 191/10/7 194/11/7 196/12/7 
f 195/9/22 193/10/22 190/11/22 189/12/22 
f 197/9/12 198/10/12 199/11/12 200/12/12 
f 197/13/7 200/27/7 201/28/7 202/29/7 
f 201/28/7 203/30/7 204/31/7 205/32/7 
f 204/31/31 206/33/31 207/34/31 208/35/31 
f 207/34/7 209/36/7 210/37/7 211/38/7 
f 207/34/31 211/38/31 208/35/31 
f 204/31/7 208/35/7 212/39/7 205/32/7 
f 201/28/7 205/32/7 213/40/7 202/29/7 
f 197/13/7 202/29/7 214/41/7 215/42/7 
f 209/13/7 216/43/7 217/44/7 218/45/7 
f 217/44/7 219/46/7 220/47/7 221/48/7 
f 220/47/7 222/49/7 215/50/7 223/51/7 
f 215/50/7 214/52/7 224/53/7 223/51/7 
f 220/47/7 223/51/7 225/54/7 221/48/7 
f 217/44/7 221/48/7 226/55/7 218/45/7 
f 209/13/7 218/45/7 210/56/7 
f 215/9/32 227/10/32 198/11/32 197/12/32 
f 198/13/22 227/27/22 228/28/22 229/29/22 
f 228/28/22 230/30/22 231/31/22 232/32/22 
f 231/31/22 233/33/22 234/34/22 235/35/22 
f 234/34/22 236/36/22 237/37/22 238/38/22 
f 234/34/22 238/38/22 235/35/22 
f 231/31/22 235/35/22 239/39/22 232/32/22 
f 228/28/22 232/32/22 240/40/22 229/29/22 
f 198/13/22 229/29/22 241/41/22 199/42/22 
f 199/13/22 241/43/22 242/44/22 243/46/22 
f 244/52/22 237/53/22 236/51/22 245/48/22 
f 236/51/22 246/54/22 245/48/22 
f 247/50/22 244/52/22 245/48/22 248/49/22 
f 245/48/22 249/55/22 250/45/22 248/49/22 
f 251/47/22 248/49/22 250/45/22 243/46/22 
f 199/13/22 243/46/22 250/45/22 252/56/22 
f 200/9/13 199/10/13 252/11/13 201/12/13 
f 201/9/14 252/10/14 250/11/14 203/12/14 
f 203/9/3 250/10/3 249/11/3 204/12/3 
f 204/9/33 249/10/33 245/11/33 206/12/33 
f 206/9/34 245/10/34 246/11/34 207/12/34 
f 207/9/35 246/10/35 236/11/35 209/12/35 
f 209/9/18 236/10/18 234/11/18 216/12/18 
f 216/9/19 234/10/19 233/11/19 217/12/19 
f 217/9/20 233/10/20 231/11/20 219/12/20 
f 219/9/1 231/10/1 230/11/1 220/12/1 
f 220/9/21 230/10/21 228/11/21 222/12/21 
f 222/9/36 228/10/36 227/11/36 215/12/36 
f 214/9/18 202/10/18 242/11/18 241/12/18 
f 224/9/35 214/10/35 241/11/35 229/12/35 
f 202/9/19 213/10/19 243/11/19 242/12/19 
f 223/9/34 224/10/34 229/11/34 240/12/34 
f 213/9/20 205/10/20 251/11/20 243/12/20 
f 225/9/33 223/10/33 240/11/33 232/12/33 
f 205/9/1 212/10/1 248/11/1 251/12/1 
f 221/9/3 225/10/3 232/11/3 239/12/3 
f 212/9/21 208/10/21 247/11/21 248/12/21 
f 226/9/14 221/10/14 239/11/14 235/12/14 
f 208/9/36 211/10/36 244/11/36 247/12/36 
f 218/9/13 226/10/13 235/11/13 238/12/13 
f 211/9/32 210/10/32 237/11/32 244/12/32 
f 210/9/12 218/10/12 238/11/12 237/12/12 
f 253/9/12 254/10/12 255/11/12 256/12/12 
f 256/9/13 255/10/13 257/11/13 258/12/13 
f 258/9/14 257/10/14 259/11/14 260/12/14 
f 260/9/3 259/10/3 261/11/3 262/12/3 
f 262/9/33 261/10/33 263/11/33 264/12/33 
f 264/9/34 263/10/34 265/11/34 266/12/34 
f 266/9/35 265/10/35 267/11/35 268/12/35 
f 268/9/18 267/10/18 269/11/18 270/12/18 
f 270/9/37 269/10/37 271/11/37 272/12/37 
f 272/9/38 271/10/38 273/11/38 274/12/38 
f 274/9/1 273/10/1 275/11/1 276/12/1 
f 276/9/21 275/10/21 277/11/21 278/12/21 
f 255/13/22 254/14/22 279/15/22 277/16/22 
f 255/13/22 277/16/22 275/17/22 273/18/22 
f 255/13/22 273/18/22 271/19/22 269/20/22 
f 255/13/22 269/20/22 267/21/22 265/22/22 
f 255/13/22 265/22/22 263/23/22 261/24/22 
f 255/13/22 261/24/22 259/25/22 257/26/22 
f 278/9/36 277/10/36 279/11/36 280/12/36 
f 280/9/32 279/10/32 254/11/32 253/12/32 
f 253/13/7 256/14/7 258/15/7 260/16/7 
f 253/13/31 260/16/31 262/17/31 264/18/31 
f 253/13/7 264/18/7 266/19/7 268/20/7 
f 253/13/31 268/20/31 270/21/31 272/22/31 
f 253/13/7 272/22/7 274/23/7 276/24/7 
f 253/13/7 276/24/7 278/25/7 280/26/7 
f 281/9/39 282/10/39 283/11/39 284/12/39 
f 284/9/40 283/10/40 285/11/40 286/12/40 
f 286/9/41 285/10/41 287/11/41 288/12/41 
f 288/9/42 287/10/42 289/11/42 290/12/42 
f 290/9/43 289/10/43 291/11/43 292/12/43 
f 292/9/44 291/10/44 293/11/44 294/12/44 
f 294/9/45 293/10/45 295/11/45 296/12/45 
f 296/9/46 295/10/46 297/11/46 298/12/46 
f 298/9/47 297/10/47 299/11/47 300/12/47 
f 300/9/48 299/10/48 301/11/48 302/12/48 
f 302/9/49 301/10/49 303/11/49 304/12/49 
f 304/9/50 303/10/50 305/11/50 306/12/50 
f 283/13/22 282/14/22 307/15/22 305/16/22 
f 283/13/22 305/16/22 303/17/22 301/18/22 
f 283/13/22 301/18/22 299/19/22 297/20/22 
f 283/13/22 297/20/22 295/21/22 293/22/22 
f 283/13/22 293/22/22 291/23/22 289/24/22 
f 283/13/22 289/24/22 287/25/22 285/26/22 
f 306/9/51 305/10/51 307/11/51 308/12/51 
f 308/9/52 307/10/52 282/11/52 281/12/52 
f 281/13/7 284/14/7 286/15/7 288/16/7 
f 281/13/7 288/16/7 290/17/7 292/18/7 
f 281/13/7 292/18/7 294/19/7 296/20/7 
f 281/13/7 296/20/7 298/21/7 300/22/7 
f 281/13/7 300/22/7 302/23/7 304/24/7 
f 281/13/7 304/24/7 306/25/7 308/26/7 
f 309/57/12 310/58/12 311/59/12 312/60/12 
f 312/57/13 311/58/13 313/59/13 314/60/13 
f 314/57/14 313/58/14 315/59/14 316/60/14 
f 316/57/3 315/58/3 317/59/3 318/60/3 
f 318/57/33 317/58/33 319/59/33 320/60/33 
f 320/57/34 319/58/34 321/59/34 322/60/34 
f 322/57/35 321/58/35 323/59/35 324/60/35 
f 324/57/18 323/58/18 325/59/18 326/60/18 
f 326/57/19 325/58/19 327/59/19 328/60/19 
f 328/57/20 327/58/20 329/59/20 330/60/20 
f 330/57/1 329/58/1 331/59/1 332/60/1 
f 332/57/21 331/58/21 333/59/21 334/60/21 
f 311/61/53 310/62/53 335/63/53 333/64/53 
f 311/61/54 333/64/54 331/65/54 329/66/54 
f 311/61/53 329/66/53 327/67/53 325/68/53 
f 311/61/54 325/68/54 323/69/54 321/70/54 
f 311/61/22 321/70/22 319/71/22 317/72/22 
f 311/61/22 317/72/22 315/73/22 313/74/22 
f 334/57/36 333/58/36 335/59/36 336/60/36 
f 336/57/32 335/58/32 310/59/32 309/60/32 
f 309/61/7 312/62/7 314/63/7 316/64/7 
f 309/61/7 316/64/7 318/65/7 320/66/7 
f 309/61/7 320/66/7 322/67/7 324/68/7 
f 309/61/31 324/68/31 326/69/31 328/70/31 
f 309/61/31 328/70/31 330/71/31 332/72/31 
f 309/61/55 332/72/55 334/73/55 336/74/55 
f 337/75/12 338/58/12 339/59/12 340/76/12 
f 340/75/13 339/58/13 341/59/13 342/76/13 
f 342/75/14 341/58/14 343/59/14 344/76/14 
s 1
f 344/75/3 343/58/3 345/59/3 346/76/3 
s off
f 346/75/33 345/58/33 347/59/33 348/76/33 
f 348/75/34 347/58/34 349/59/34 350/76/34 
f 350/75/17 349/58/17 351/59/17 352/76/17 
s 1
f 352/75/18 351/58/18 353/59/18 354/76/18 
s off
f 354/75/19 353/58/19 355/59/19 356/76/19 
f 356/75/20 355/58/20 357/59/20 358/76/20 
s 1
f 358/75/1 357/58/1 359/59/1 360/76/1 
s 2
f 360/75/21 359/58/21 361/59/21 362/76/21 
s off
f 341/57/22 339/58/22 363/59/22 364/60/22 
s 1
f 362/75/23 361/58/23 365/59/23 366/76/23 
s 2
f 366/75/24 365/58/24 338/59/24 337/76/24 
s off
f 367/61/7 368/62/7 369/63/7 370/64/7 
f 367/61/7 370/64/7 371/65/7 372/66/7 
f 367/61/7 372/66/7 373/67/7 374/68/7 
f 367/61/7 374/68/7 375/69/7 376/70/7 
f 367/61/7 376/70/7 377/71/7 378/72/7 
f 367/61/7 378/72/7 379/73/7 380/74/7 
f 363/77/18 381/78/18 382/79/18 383/80/18 
f 351/57/22 349/58/22 384/59/22 385/60/22 
f 361/57/22 359/58/22 386/59/22 387/60/22 
f 347/57/22 345/58/22 388/59/22 389/60/22 
f 357/57/22 355/58/22 390/59/22 391/60/22 
f 343/57/22 341/58/22 364/59/22 392/60/22 
s 2
f 353/57/22 351/58/22 385/59/22 393/60/22 
s off
f 339/57/22 338/58/22 381/59/22 363/60/22 
f 365/57/22 361/58/22 387/59/22 394/60/22 
f 349/57/22 347/58/22 389/59/22 384/60/22 
f 359/57/22 357/58/22 391/59/22 386/60/22 
f 345/57/22 343/58/22 392/59/22 388/60/22 
s 2
f 355/57/22 353/58/22 393/59/22 390/60/22 
s off
f 338/57/22 365/58/22 394/59/22 381/60/22 
f 383/61/22 382/62/22 395/63/22 396/64/22 
f 383/61/22 396/64/22 397/65/22 398/66/22 
f 383/61/22 398/66/22 399/67/22 400/68/22 
f 383/61/22 400/68/22 401/69/22 402/70/22 
f 383/61/22 402/70/22 403/71/22 404/72/22 
f 383/61/22 404/72/22 405/73/22 406/74/22 
f 390/77/13 393/78/13 400/79/13 399/80/13 
f 364/77/19 363/78/19 383/79/19 406/80/19 
f 391/77/14 390/78/14 399/79/14 398/80/14 
f 392/77/20 364/78/20 406/79/20 405/80/20 
f 386/77/3 391/78/3 398/79/3 397/80/3 
f 388/77/1 392/78/1 405/79/1 404/80/1 
f 387/77/33 386/78/33 397/79/33 396/80/33 
f 389/77/21 388/78/21 404/79/21 403/80/21 
f 394/77/34 387/78/34 396/79/34 395/80/34 
f 384/77/36 389/78/36 403/79/36 402/80/36 
f 381/77/35 394/78/35 395/79/35 382/80/35 
f 385/77/24 384/78/24 402/79/24 401/80/24 
f 393/77/12 385/78/12 401/79/12 400/80/12 
f 407/81/56 408/82/56 409/83/56 410/84/56 
f 408/82/10 411/82/10 412/83/10 409/83/10 
f 411/82/1 413/81/1 414/84/1 412/83/1 
f 413/81/30 407/81/30 410/84/30 414/84/30 
f 410/57/7 409/58/7 412/59/7 414/60/7 
s 1
f 411/85/54 408/86/53 415/87/53 416/88/54 
s off
f 417/85/9 418/86/9 419/87/9 420/88/9 
s 1
f 413/85/53 411/86/54 416/87/54 418/88/53 
s off
f 408/85/22 407/86/22 417/87/22 415/88/22 
s 1
f 407/85/54 413/86/53 418/87/53 417/88/54 
s off
f 419/89/53 421/90/53 422/91/53 420/92/53 
f 416/85/2 415/86/2 422/87/2 421/88/2 
f 418/85/3 416/86/3 421/87/3 419/88/3 
f 415/85/1 417/86/1 420/87/1 422/88/1 
f 423/57/1 424/58/1 425/59/1 426/60/1 
f 424/57/2 427/58/2 428/59/2 425/60/2 
f 427/57/3 429/58/3 430/59/3 428/60/3 
f 429/57/4 423/58/4 426/59/4 430/60/4 
f 426/57/7 425/58/7 428/59/7 430/60/7 
f 429/57/22 427/58/22 424/59/22 423/60/22 
f 431/57/12 432/58/12 433/59/12 434/60/12 
f 434/57/13 433/58/13 435/59/13 436/60/13 
f 436/57/14 435/58/14 437/59/14 438/60/14 
f 438/57/3 437/58/3 439/59/3 440/60/3 
f 440/57/15 439/58/15 441/59/15 442/60/15 
f 442/57/16 441/58/16 443/59/16 444/60/16 
f 444/57/17 443/58/17 445/59/17 446/60/17 
f 446/57/18 445/58/18 447/59/18 448/60/18 
f 448/57/19 447/58/19 449/59/19 450/60/19 
f 450/57/20 449/58/20 451/59/20 452/60/20 
f 452/57/1 451/58/1 453/59/1 454/60/1 
f 454/57/21 453/58/21 455/59/21 456/60/21 
f 455/57/57 453/58/57 457/59/57 458/60/57 
f 456/57/36 455/58/36 459/59/36 460/60/36 
f 460/57/32 459/58/32 432/59/32 431/60/32 
f 431/61/7 434/62/7 436/63/7 438/64/7 
f 431/61/7 438/64/7 440/65/7 442/66/7 
f 431/61/7 442/66/7 444/67/7 446/68/7 
f 431/61/7 446/68/7 448/69/7 450/70/7 
f 431/61/7 450/70/7 452/71/7 454/72/7 
f 431/61/7 454/72/7 456/73/7 460/74/7 
f 461/57/58 462/58/58 463/59/58 464/60/58 
f 441/57/59 439/58/59 465/59/59 466/60/59 
f 451/57/60 449/58/60 461/59/60 467/60/60 
f 437/57/61 435/58/61 468/59/61 469/60/61 
f 447/57/62 445/58/62 470/59/62 462/60/62 
f 433/57/63 432/58/63 471/59/63 472/60/63 
f 459/57/64 455/58/64 458/59/64 473/60/64 
f 443/57/65 441/58/65 466/59/65 474/60/65 
f 453/57/66 451/58/66 467/59/66 457/60/66 
f 439/57/67 437/58/67 469/59/67 465/60/67 
f 449/57/68 447/58/68 462/59/68 461/60/68 
f 432/57/69 459/58/69 473/59/69 471/60/69 
f 435/57/70 433/58/70 472/59/70 468/60/70 
f 445/57/71 443/58/71 474/59/71 470/60/71 
f 475/57/72 476/58/72 477/59/72 478/60/72 
f 468/57/73 472/58/73 479/59/73 476/60/73 
f 467/57/74 461/58/74 464/59/74 480/60/74 
f 469/57/75 468/58/75 476/59/75 475/60/75 
f 457/57/76 467/58/76 480/59/76 481/60/76 
f 465/57/77 469/58/77 475/59/77 482/60/77 
f 458/57/78 457/58/78 481/59/78 483/60/78 
f 466/57/79 465/58/79 482/59/79 484/60/79 
f 473/57/80 458/58/80 483/59/80 485/60/80 
f 474/57/81 466/58/81 484/59/81 486/60/81 
f 471/57/82 473/58/82 485/59/82 487/60/82 
f 470/57/83 474/58/83 486/59/83 488/60/83 
f 462/57/84 470/58/84 488/59/84 463/60/84 
f 472/57/85 471/58/85 487/59/85 479/60/85 
f 489/61/22 490/62/22 491/63/22 492/64/22 
f 489/61/22 492/64/22 493/65/22 494/66/22 
f 489/61/22 494/66/22 495/67/22 496/68/22 
f 489/61/22 496/68/22 497/69/22 498/70/22 
f 489/61/22 498/70/22 499/71/22 500/72/22 
f 489/61/22 500/72/22 478/73/22 477/74/22 
f 481/57/86 480/58/86 494/59/86 493/60/86 
f 482/57/87 475/58/87 478/59/87 500/60/87 
f 483/57/88 481/58/88 493/59/88 492/60/88 
f 484/57/89 482/58/89 500/59/89 499/60/89 
f 485/57/90 483/58/90 492/59/90 491/60/90 
f 486/57/91 484/58/91 499/59/91 498/60/91 
f 487/57/92 485/58/92 491/59/92 490/60/92 
f 488/57/93 486/58/93 498/59/93 497/60/93 
f 463/57/94 488/58/94 497/59/94 496/60/94 
f 479/57/95 487/58/95 490/59/95 489/60/95 
f 464/57/96 463/58/96 496/59/96 495/60/96 
f 476/57/97 479/58/97 489/59/97 477/60/97 
f 480/57/98 464/58/98 495/59/98 494/60/98 
f 501/57/12 502/58/12 503/59/12 504/60/12 
f 504/57/13 503/58/13 505/59/13 506/60/13 
f 506/57/14 505/58/14 507/59/14 508/60/14 
f 508/57/3 507/58/3 509/59/3 510/60/3 
f 510/57/15 509/58/15 511/59/15 512/60/15 
f 512/57/16 511/58/16 513/59/16 514/60/16 
f 514/57/17 513/58/17 515/59/17 516/60/17 
f 516/57/18 515/58/18 517/59/18 518/60/18 
f 518/57/19 517/58/19 519/59/19 520/60/19 
f 520/57/20 519/58/20 521/59/20 522/60/20 
f 522/57/1 521/58/1 523/59/1 524/60/1 
f 524/57/25 523/58/25 525/59/25 526/60/25 
f 525/57/57 523/58/57 527/59/57 528/60/57 
f 526/57/23 525/58/23 529/59/23 530/60/23 
f 530/57/24 529/58/24 502/59/24 501/60/24 
f 501/61/7 504/62/7 506/63/7 508/64/7 
f 501/61/7 508/64/7 510/65/7 512/66/7 
f 501/61/7 512/66/7 514/67/7 516/68/7 
f 501/61/7 516/68/7 518/69/7 520/70/7 
f 501/61/7 520/70/7 522/71/7 524/72/7 
f 501/61/7 524/72/7 526/73/7 530/74/7 
f 531/57/58 532/58/58 533/59/58 534/60/58 
f 511/57/59 509/58/59 535/59/59 536/60/59 
f 521/57/60 519/58/60 531/59/60 537/60/60 
f 507/57/61 505/58/61 538/59/61 539/60/61 
f 517/57/62 515/58/62 540/59/62 532/60/62 
f 503/57/63 502/58/63 541/59/63 542/60/63 
f 529/57/64 525/58/64 528/59/64 543/60/64 
f 513/57/65 511/58/65 536/59/65 544/60/65 
f 523/57/66 521/58/66 537/59/66 527/60/66 
f 509/57/67 507/58/67 539/59/67 535/60/67 
f 519/57/68 517/58/68 532/59/68 531/60/68 
f 502/57/69 529/58/69 543/59/69 541/60/69 
f 505/57/70 503/58/70 542/59/70 538/60/70 
f 515/57/71 513/58/71 544/59/71 540/60/71 
f 545/57/72 546/58/72 547/59/72 548/60/72 
f 538/57/73 542/58/73 549/59/73 546/60/73 
f 537/57/74 531/58/74 534/59/74 550/60/74 
f 539/57/75 538/58/75 546/59/75 545/60/75 
f 527/57/76 537/58/76 550/59/76 551/60/76 
f 535/57/77 539/58/77 545/59/77 552/60/77 
f 528/57/78 527/58/78 551/59/78 553/60/78 
f 536/57/79 535/58/79 552/59/79 554/60/79 
f 543/57/80 528/58/80 553/59/80 555/60/80 
f 544/57/81 536/58/81 554/59/81 556/60/81 
f 541/57/82 543/58/82 555/59/82 557/60/82 
f 540/57/83 544/58/83 556/59/83 558/60/83 
f 532/57/84 540/58/84 558/59/84 533/60/84 
f 542/57/85 541/58/85 557/59/85 549/60/85 
f 559/61/22 560/62/22 561/63/22 562/64/22 
f 559/61/22 562/64/22 563/65/22 564/66/22 
f 559/61/22 564/66/22 565/67/22 566/68/22 
f 559/61/22 566/68/22 567/69/22 568/70/22 
f 559/61/22 568/70/22 569/71/22 570/72/22 
f 559/61/22 570/72/22 548/73/22 547/74/22 
f 551/57/86 550/58/86 564/59/86 563/60/86 
f 552/57/87 545/58/87 548/59/87 570/60/87 
f 553/57/88 551/58/88 563/59/88 562/60/88 
f 554/57/89 552/58/89 570/59/89 569/60/89 
f 555/57/90 553/58/90 562/59/90 561/60/90 
f 556/57/91 554/58/91 569/59/91 568/60/91 
f 557/57/92 555/58/92 561/59/92 560/60/92 
f 558/57/93 556/58/93 568/59/93 567/60/93 
f 533/57/94 558/58/94 567/59/94 566/60/94 
f 549/57/95 557/58/95 560/59/95 559/60/95 
f 534/57/96 533/58/96 566/59/96 565/60/96 
f 546/57/97 549/58/97 559/59/97 547/60/97 
f 550/57/98 534/58/98 565/59/98 564/60/98 
f 571/57/1 572/58/1 573/59/1 574/60/1 
f 572/57/2 575/58/2 576/59/2 573/60/2 
f 575/57/3 577/58/3 578/59/3 576/60/3 
f 577/57/4 571/58/4 574/59/4 578/60/4 
f 574/57/7 573/58/7 576/59/7 578/60/7 
f 577/57/22 575/58/22 572/59/22 571/60/22 
f 579/93/99 580/94/99 581/95/99 582/96/99 
f 580/93/100 583/94/100 584/95/100 581/96/100 
f 583/93/101 585/94/101 586/95/101 584/96/101 
f 585/93/102 579/94/102 582/95/102 586/96/102 
f 582/93/7 581/94/7 584/95/7 586/96/7 
f 585/93/22 583/94/22 580/95/22 579/96/22 
f 587/93/99 588/94/99 589/95/99 590/96/99 
f 588/93/103 591/94/103 592/95/103 589/96/103 
f 591/93/101 593/94/101 594/95/101 592/96/101 
f 593/93/104 587/94/104 590/95/104 594/96/104 
f 590/93/7 589/94/7 592/95/7 594/96/7 
f 593/93/22 591/94/22 588/95/22 587/96/22 
f 595/93/105 596/94/105 597/95/105 598/96/105 
f 596/93/103 599/94/103 600/95/103 597/96/103 
f 599/93/106 601/94/106 602/95/106 600/96/106 
f 601/93/104 595/94/104 598/95/104 602/96/104 
f 598/93/7 597/94/7 600/95/7 602/96/7 
f 601/93/22 599/94/22 596/95/22 595/96/22 
f 603/93/105 604/94/105 605/95/105 606/96/105 
f 604/93/107 607/94/107 608/95/107 605/96/107 
f 607/93/106 609/94/106 610/95/106 608/96/106 
f 609/93/108 603/94/108 606/95/108 610/96/108 
f 606/93/7 605/94/7 608/95/7 610/96/7 
f 609/93/22 607/94/22 604/95/22 603/96/22 
f 611/57/1 612/58/1 613/59/1 614/60/1 
f 612/57/28 615/58/28 616/59/28 613/60/28 
f 615/57/3 617/58/3 618/59/3 616/60/3 
f 617/57/29 611/58/29 614/59/29 618/60/29 
f 614/57/7 613/58/7 616/59/7 618/60/7 
f 617/57/22 615/58/22 612/59/22 611/60/22 
f 619/57/12 620/58/12 621/59/12 622/60/12 
f 622/57/13 621/58/13 623/59/13 624/60/13 
f 624/57/14 623/58/14 625/59/14 626/60/14 
f 626/57/3 625/58/3 627/59/3 628/60/3 
f 628/57/33 627/58/33 629/59/33 630/60/33 
f 630/57/34 629/58/34 631/59/34 632/60/34 
f 632/57/35 631/58/35 633/59/35 634/60/35 
f 634/57/18 633/58/18 635/59/18 636/60/18 
f 636/57/37 635/58/37 637/59/37 638/60/37 
f 638/57/20 637/58/20 639/59/20 640/60/20 
f 640/57/1 639/58/1 641/59/1 642/60/1 
f 642/57/21 641/58/21 643/59/21 644/60/21 
f 643/57/57 641/58/57 645/59/57 646/60/57 
f 644/57/23 643/58/23 647/59/23 648/60/23 
f 648/57/24 647/58/24 620/59/24 619/60/24 
f 619/61/7 622/62/7 624/63/7 626/64/7 
f 619/61/7 626/64/7 628/65/7 630/66/7 
f 619/61/7 630/66/7 632/67/7 634/68/7 
f 619/61/7 634/68/7 636/69/7 638/70/7 
f 619/61/7 638/70/7 640/71/7 642/72/7 
f 619/61/7 642/72/7 644/73/7 648/74/7 
f 649/57/58 650/58/58 651/59/58 652/60/58 
f 629/57/59 627/58/59 653/59/59 654/60/59 
f 639/57/60 637/58/60 649/59/60 655/60/60 
f 625/57/61 623/58/61 656/59/61 657/60/61 
f 635/57/62 633/58/62 658/59/62 650/60/62 
f 621/57/63 620/58/63 659/59/63 660/60/63 
f 647/57/64 643/58/64 646/59/64 661/60/64 
f 631/57/65 629/58/65 654/59/65 662/60/65 
f 641/57/66 639/58/66 655/59/66 645/60/66 
f 627/57/67 625/58/67 657/59/67 653/60/67 
f 637/57/68 635/58/68 650/59/68 649/60/68 
f 620/57/69 647/58/69 661/59/69 659/60/69 
f 623/57/70 621/58/70 660/59/70 656/60/70 
f 633/57/71 631/58/71 662/59/71 658/60/71 
f 663/57/72 664/58/72 665/59/72 666/60/72 
f 656/57/73 660/58/73 667/59/73 664/60/73 
f 655/57/74 649/58/74 652/59/74 668/60/74 
f 657/57/75 656/58/75 664/59/75 663/60/75 
f 645/57/76 655/58/76 668/59/76 669/60/76 
f 653/57/77 657/58/77 663/59/77 670/60/77 
f 646/57/78 645/58/78 669/59/78 671/60/78 
f 654/57/79 653/58/79 670/59/79 672/60/79 
f 661/57/80 646/58/80 671/59/80 673/60/80 
f 662/57/81 654/58/81 672/59/81 674/60/81 
f 659/57/82 661/58/82 673/59/82 675/60/82 
f 658/57/83 662/58/83 674/59/83 676/60/83 
f 650/57/84 658/58/84 676/59/84 651/60/84 
f 660/57/85 659/58/85 675/59/85 667/60/85 
f 677/61/22 678/62/22 679/63/22 680/64/22 
f 677/61/22 680/64/22 681/65/22 682/66/22 
f 677/61/22 682/66/22 683/67/22 684/68/22 
f 677/61/22 684/68/22 685/69/22 686/70/22 
f 677/61/22 686/70/22 687/71/22 688/72/22 
f 677/61/22 688/72/22 666/73/22 665/74/22 
f 669/57/86 668/58/86 682/59/86 681/60/86 
f 670/57/87 663/58/87 666/59/87 688/60/87 
f 671/57/88 669/58/88 681/59/88 680/60/88 
f 672/57/89 670/58/89 688/59/89 687/60/89 
f 673/57/90 671/58/90 680/59/90 679/60/90 
f 674/57/91 672/58/91 687/59/91 686/60/91 
f 675/57/92 673/58/92 679/59/92 678/60/92 
f 676/57/93 674/58/93 686/59/93 685/60/93 
f 651/57/94 676/58/94 685/59/94 684/60/94 
f 667/57/95 675/58/95 678/59/95 677/60/95 
f 652/57/96 651/58/96 684/59/96 683/60/96 
f 664/57/97 667/58/97 677/59/97 665/60/97 
f 668/57/98 652/58/98 683/59/98 682/60/98 
f 689/57/1 690/58/1 691/59/1 692/60/1 
f 690/57/28 693/58/28 694/59/28 691/60/28 
f 693/57/3 695/58/3 696/59/3 694/60/3 
f 695/57/29 689/58/29 692/59/29 696/60/29 
f 692/57/7 691/58/7 694/59/7 696/60/7 
f 695/57/22 693/58/22 690/59/22 689/60/22 
f 697/57/1 698/58/1 699/59/1 700/60/1 
f 698/57/22 701/58/22 702/59/22 699/60/22 
f 701/57/3 703/58/3 704/59/3 702/60/3 
f 703/57/7 697/58/7 700/59/7 704/60/7 
f 700/57/28 699/58/28 702/59/28 704/60/28 
f 703/57/29 701/58/29 698/59/29 697/60/29 
f 705/57/1 706/58/1 707/59/1 708/60/1 
f 706/57/22 709/58/22 710/59/22 707/60/22 
f 709/57/3 711/58/3 712/59/3 710/60/3 
f 711/57/7 705/58/7 708/59/7 712/60/7 
f 708/57/2 707/58/2 710/59/2 712/60/2 
f 711/57/4 709/58/4 706/59/4 705/60/4 
f 713/57/1 714/58/1 715/59/1 716/60/1 
f 714/57/22 717/58/22 718/59/22 715/60/22 
f 717/57/3 719/58/3 720/59/3 718/60/3 
f 719/57/7 713/58/7 716/59/7 720/60/7 
f 716/57/2 715/58/2 718/59/2 720/60/2 
f 719/57/4 717/58/4 714/59/4 713/60/4 
f 721/57/1 722/58/1 723/59/1 724/60/1 
f 722/57/22 725/58/22 726/59/22 723/60/22 
f 725/57/3 727/58/3 728/59/3 726/60/3 
f 727/57/7 721/58/7 724/59/7 728/60/7 
f 724/57/28 723/58/28 726/59/28 728/60/28 
f 727/57/29 725/58/29 722/59/29 721/60/29 
f 729/57/1 730/58/1 731/59/1 732/60/1 
f 730/57/27 733/58/27 734/59/27 731/60/27 
f 733/57/3 735/58/3 736/59/3 734/60/3 
f 735/57/4 729/58/4 732/59/4 736/60/4 
f 732/57/7 731/58/7 734/59/7 736/60/7 
f 735/57/22 733/58/22 730/59/22 729/60/22 
f 737/93/1 738/94/1 739/95/1 740/96/1 
f 738/93/109 741/94/109 742/95/109 739/96/109 
f 741/93/110 743/94/110 744/95/110 742/96/110 
f 743/93/111 737/94/111 740/95/111 744/96/111 
f 740/93/7 739/94/7 742/95/7 744/96/7 
f 737/93/22 743/94/22 741/95/22 738/96/22 
f 745/93/1 746/94/1 747/95/1 748/96/1 
f 746/93/109 749/94/109 750/95/109 747/96/109 
f 749/93/110 751/94/110 752/95/110 750/96/110 
f 751/93/111 745/94/111 748/95/111 752/96/111 
f 748/93/7 747/94/7 750/95/7 752/96/7 
f 745/93/22 751/94/22 749/95/22 746/96/22 
s 1
f 753/93/1 754/94/1 755/95/1 756/96/1 
s 2
f 754/93/28 757/94/28 758/95/27 755/96/27 
s off
f 757/93/112 759/94/112 760/95/112 758/96/112 
s 2
f 759/93/29 753/94/29 756/95/4 760/96/4 
s off
f 756/93/7 755/94/7 758/95/7 760/96/7 
s 2
f 757/93/28 754/94/28 761/95/28 762/96/28 
s off
f 763/93/7 764/94/7 765/95/7 766/96/7 
f 759/93/113 757/94/113 762/95/113 764/96/113 
s 1
f 754/93/1 753/94/1 763/95/1 761/96/1 
s 2
f 753/93/29 759/94/29 764/95/29 763/96/29 
s off
f 767/93/27 768/94/27 769/95/27 770/96/27 
f 762/93/7 761/94/7 768/95/7 767/96/7 
f 764/93/7 762/94/7 767/95/7 765/96/7 
f 761/93/7 763/94/7 766/95/7 768/96/7 
f 771/93/22 770/94/22 769/95/22 772/96/22 
f 765/93/3 767/94/3 770/95/3 771/96/3 
f 768/93/1 766/94/1 772/95/1 769/96/1 
f 766/93/29 765/94/29 771/95/29 772/96/29 
s 1
f 773/57/1 774/58/1 775/59/1 776/60/1 
s off
f 774/57/28 777/58/28 778/59/28 775/60/28 
s 1
f 779/57/3 780/58/3 781/59/3 782/60/3 
s off
f 780/57/29 783/58/29 784/59/29 781/60/29 
f 776/57/114 775/58/114 778/59/114 782/60/114 
f 779/97/115 777/98/115 774/99/115 773/100/115 
f 780/101/22 779/97/22 773/100/22 783/102/22 
f 784/57/116 776/58/116 782/59/116 781/60/116 
s 1
f 777/57/3 779/58/3 782/59/3 778/60/3 
f 783/57/1 773/58/1 776/59/1 784/60/1 
s off
f 785/103/117 786/104/117 787/105/117 788/106/117 
f 786/107/28 789/108/28 790/109/28 787/110/28 
f 789/104/3 791/103/3 792/106/3 790/105/3 
f 791/108/4 785/107/4 788/110/4 792/109/4 
f 788/57/7 787/58/7 790/59/7 792/60/7 
f 789/85/7 786/86/7 793/87/7 794/88/7 
f 795/85/4 796/86/4 797/87/4 798/88/4 
f 791/85/7 789/86/7 794/87/7 796/88/7 
f 786/85/7 785/86/7 795/87/7 793/88/7 
f 785/85/7 791/86/7 796/87/7 795/88/7 
s 1
f 797/85/53 799/86/115 800/87/115 801/88/53 
s off
f 794/85/27 793/86/27 802/87/27 799/88/27 
f 796/85/3 794/86/3 799/87/3 797/88/3 
f 793/85/1 795/86/1 798/87/1 802/88/1 
f 803/85/27 801/86/27 804/87/27 805/88/27 
s 1
f 802/85/53 798/86/115 803/87/115 806/88/53 
f 798/85/115 797/86/53 801/87/53 803/88/115 
f 799/85/115 802/86/53 806/87/53 800/88/115 
s off
f 804/89/22 807/90/22 808/91/22 805/92/22 
f 800/85/4 806/86/4 808/87/4 807/88/4 
f 801/85/1 800/86/1 807/87/1 804/88/1 
f 806/85/3 803/86/3 805/87/3 808/88/3 
f 809/111/1 810/112/1 811/113/1 812/114/1 
f 810/115/27 813/116/27 814/117/27 811/118/27 
f 813/119/3 815/120/3 816/121/3 814/122/3 
f 815/116/29 809/115/29 812/118/29 816/117/29 
f 812/57/7 811/58/7 814/59/7 816/60/7 
s 1
f 813/85/22 810/86/22 817/87/22 818/88/22 
f 819/89/22 818/90/22 817/91/22 820/92/22 
f 815/85/22 813/86/22 818/87/22 819/88/22 
f 810/57/22 809/58/22 820/59/22 817/60/22 
f 809/85/22 815/86/22 819/87/22 820/88/22 
s off
f 821/57/1 822/58/1 823/59/1 824/60/1 
f 822/123/27 825/124/27 826/125/27 823/126/27 
f 825/127/3 827/128/3 828/129/3 826/130/3 
f 827/131/4 821/132/4 824/133/4 828/134/4 
f 824/57/7 823/58/7 826/59/7 828/60/7 
f 827/85/7 825/86/7 829/87/7 830/88/7 
f 830/85/3 829/86/3 831/87/3 832/88/3 
f 822/57/7 821/58/7 833/59/7 834/60/7 
f 821/85/7 827/86/7 830/87/7 833/88/7 
f 825/85/7 822/86/7 834/87/7 829/88/7 
s 1
f 831/85/22 835/86/22 836/87/22 837/88/22 
s off
f 834/57/1 833/58/1 838/59/1 835/60/1 
f 833/85/4 830/86/4 832/87/4 838/88/4 
f 829/85/27 834/86/27 835/87/27 831/88/27 
f 839/85/1 837/86/1 840/87/1 841/88/1 
s 1
f 832/85/22 831/86/22 837/87/22 839/88/22 
f 835/57/22 838/58/22 842/59/22 836/60/22 
f 838/85/22 832/86/22 839/87/22 842/88/22 
s off
f 841/89/22 840/90/22 843/91/22 844/92/22 
f 836/57/3 842/58/3 844/59/3 843/60/3 
f 842/85/27 839/86/27 841/87/27 844/88/27 
f 837/85/4 836/86/4 843/87/4 840/88/4 
f 845/9/1 846/10/1 847/11/1 848/12/1 
f 846/9/28 849/10/28 850/11/28 847/12/28 
f 849/9/3 851/10/3 852/11/3 850/12/3 
f 851/9/29 845/10/29 848/11/29 852/12/29 
f 848/9/7 847/10/7 850/11/7 852/12/7 
f 851/9/22 849/10/22 846/11/22 845/12/22 
f 853/9/1 854/10/1 855/11/1 856/12/1 
f 854/9/28 857/10/28 858/11/28 855/12/28 
f 857/9/3 859/10/3 860/11/3 858/12/3 
f 859/9/29 853/10/29 856/11/29 860/12/29 
f 856/9/7 855/10/7 858/11/7 860/12/7 
f 859/9/22 857/10/22 854/11/22 853/12/22 
f 861/9/1 862/10/1 863/11/1 864/12/1 
f 862/9/30 865/10/30 866/11/30 863/12/30 
f 865/9/3 867/10/3 868/11/3 866/12/3 
f 867/9/29 861/10/29 864/11/29 868/12/29 
f 864/9/7 863/10/7 866/11/7 868/12/7 
f 867/9/22 865/10/22 862/11/22 861/12/22 
f 869/9/1 870/10/1 871/11/1 872/12/1 
f 870/9/30 873/10/30 874/11/30 871/12/30 
f 873/9/3 875/10/3 876/11/3 874/12/3 
f 875/9/29 869/10/29 872/11/29 876/12/29 
f 872/9/7 871/10/7 874/11/7 876/12/7 
f 875/9/22 873/10/22 870/11/22 869/12/22 
s 2
f 380/57/32 877/135/24 878/136/24 367/60/32 
f 877/137/24 366/138/24 337/139/24 878/140/24 
s off
f 379/57/36 879/135/36 877/136/36 380/60/36 
s 1
f 879/137/36 362/138/23 366/139/23 877/140/36 
s off
f 378/57/21 880/135/21 879/136/21 379/60/21 
s 2
f 880/137/21 360/138/21 362/139/21 879/140/21 
s 1
f 377/57/1 881/135/1 880/136/1 378/60/1 
f 881/137/1 358/138/1 360/139/1 880/140/1 
s off
f 376/57/20 882/135/20 881/136/20 377/60/20 
f 882/137/20 356/138/20 358/139/20 881/140/20 
f 375/57/19 883/135/19 882/136/19 376/60/19 
f 883/137/37 354/138/37 356/139/37 882/140/37 
s 1
f 374/57/18 884/135/118 883/136/118 375/60/18 
f 884/137/118 352/138/18 354/139/18 883/140/118 
s 2
f 373/57/35 885/135/35 884/136/35 374/60/35 
f 885/137/35 350/138/17 352/139/17 884/140/35 
s off
f 372/57/34 886/135/34 885/136/34 373/60/34 
f 886/137/34 348/138/34 350/139/34 885/140/34 
f 371/57/33 887/135/33 886/136/33 372/60/33 
f 887/137/33 346/138/33 348/139/33 886/140/33 
s 1
f 370/57/3 888/135/3 887/136/3 371/60/3 
f 888/137/3 344/138/3 346/139/3 887/140/3 
s off
f 369/57/14 889/135/14 888/136/14 370/60/14 
f 889/137/14 342/138/14 344/139/14 888/140/14 
f 368/57/13 890/135/13 889/136/13 369/60/13 
f 890/137/119 340/138/119 342/139/119 889/140/119 
s 1
f 367/57/12 878/135/120 890/136/120 368/60/12 
f 878/137/120 337/138/12 340/139/120 890/140/120 
s off
f 891/141/121 892/142/121 893/143/121 894/144/121 
f 892/145/122 895/142/122 896/143/122 893/146/122 
s 1
f 897/141/123 898/142/123 899/143/123 900/144/124 
s off
f 898/145/125 901/142/125 902/143/125 899/146/125 
s 2
f 894/141/5 893/142/5 896/143/5 903/144/5 
s 1
f 904/147/53 905/148/54 906/149/54 907/150/53 
f 908/147/22 909/148/22 910/149/22 911/150/22 
s 2
f 912/141/7 913/142/7 914/143/7 915/144/7 
s 1
f 916/141/124 917/142/123 914/143/124 918/144/123 
s off
f 919/141/126 920/142/126 913/143/126 912/144/126 
f 921/151/127 905/152/127 920/153/127 919/154/127 
s 2
f 922/155/128 923/155/128 917/156/128 916/156/129 
s off
f 924/157/4 909/158/4 901/159/4 898/160/4 
s 2
f 925/155/128 924/155/128 898/156/128 897/156/128 
s off
f 926/161/27 927/162/27 895/163/27 892/164/27 
f 928/165/130 926/166/130 892/167/130 891/168/130 
f 910/169/28 929/148/28 930/149/28 931/170/28 
s 2
f 932/147/1 933/148/1 934/149/1 935/150/1 
s 1
f 909/169/22 924/148/54 929/149/54 910/170/22 
s 4
f 927/169/22 926/148/22 936/149/22 933/170/54 
s 1
f 937/147/54 923/148/54 938/149/54 939/150/54 
s 4
f 940/147/54 927/148/22 933/149/54 932/150/54 
s 1
f 935/171/115 934/172/115 941/173/115 942/174/115 
f 943/171/115 944/172/22 945/173/22 946/174/115 
s off
f 933/169/29 936/148/29 941/149/29 934/170/29 
f 911/147/131 910/148/131 931/149/131 947/150/131 
s 2
f 939/147/1 938/148/1 944/149/1 943/150/1 
s off
f 907/147/132 906/148/132 945/149/132 948/150/132 
s 2
f 949/147/1 950/148/1 951/149/1 952/150/1 
s off
f 953/147/133 954/148/133 955/149/133 946/150/133 
s 1
f 952/171/115 951/172/22 955/173/115 947/174/115 
f 925/147/54 956/148/54 950/149/54 949/150/54 
s 2
f 937/155/129 956/155/128 957/156/129 958/156/129 
s off
f 908/165/134 959/175/134 960/176/134 961/168/134 
f 961/141/135 960/142/135 962/143/135 963/144/135 
s 2
f 963/141/7 962/142/5 964/143/7 900/144/7 
s 1
f 921/147/53 959/148/22 954/149/115 953/150/53 
s off
f 958/141/124 957/142/124 964/143/124 915/144/124 
f 965/147/136 966/148/136 967/149/136 942/150/136 
s 1
f 968/171/22 969/172/22 967/173/22 948/174/22 
s 4
f 922/147/53 970/148/54 971/149/53 972/150/53 
s 2
f 972/147/1 971/148/1 969/149/1 968/150/1 
s off
f 904/151/137 973/175/137 974/176/137 975/154/137 
s 2
f 940/155/128 970/155/129 976/156/129 977/156/128 
s 1
f 977/141/123 976/142/124 978/143/123 903/144/123 
s 4
f 928/147/22 973/148/22 966/149/22 965/150/22 
s 2
f 979/141/5 980/142/5 978/143/5 918/144/5 
s off
f 975/141/138 974/142/138 980/143/138 979/144/138 
s 2
f 902/145/5 963/141/7 900/144/7 899/146/5 
s off
f 901/145/139 961/141/139 963/144/139 902/146/139 
f 909/166/140 908/165/140 961/168/140 901/167/140 
s 1
f 924/169/54 925/147/54 949/150/54 929/170/54 
f 930/177/115 952/171/115 947/174/115 931/178/115 
s 2
f 929/169/1 949/147/1 952/150/1 930/170/1 
s off
f 954/169/141 911/147/141 947/150/141 955/170/141 
s 2
f 956/155/128 925/155/128 897/156/128 957/156/129 
s 1
f 959/169/22 908/147/22 911/150/22 954/170/115 
f 957/145/123 897/141/123 900/144/124 964/146/124 
f 917/145/123 958/141/123 915/144/124 914/146/124 
f 905/169/54 921/147/53 953/150/53 906/170/54 
s 2
f 923/155/128 937/155/129 958/156/129 917/156/128 
s off
f 906/169/142 953/147/142 946/150/142 945/170/142 
s 2
f 950/169/1 939/147/1 943/150/1 951/170/1 
s 1
f 951/177/22 943/171/115 946/174/115 955/178/115 
f 956/169/54 937/147/54 939/150/54 950/170/54 
s off
f 959/175/143 921/151/143 919/154/143 960/176/143 
f 960/145/144 919/141/144 912/144/144 962/146/144 
s 2
f 962/145/5 912/141/7 915/144/7 964/146/7 
s off
f 920/145/145 975/141/145 979/144/145 913/146/145 
s 2
f 913/145/7 979/141/5 918/144/5 914/146/7 
s off
f 905/152/146 904/151/146 975/154/146 920/153/146 
s 2
f 938/169/1 972/147/1 968/150/1 944/170/1 
s 4
f 923/169/54 922/147/53 972/150/53 938/170/54 
s 1
f 944/177/22 968/171/22 948/174/22 945/178/22 
s off
f 966/169/147 907/147/147 948/150/147 967/170/147 
s 2
f 970/155/129 922/155/128 916/156/129 976/156/129 
s 1
f 976/145/124 916/141/124 918/144/123 978/146/123 
f 973/169/53 904/147/53 907/150/53 966/170/115 
s 4
f 926/169/22 928/147/22 965/150/22 936/170/22 
s 1
f 895/145/123 977/141/123 903/144/123 896/146/123 
s 2
f 927/155/128 940/155/128 977/156/128 895/156/128 
s off
f 936/169/148 965/147/148 942/150/148 941/170/148 
s 1
f 969/177/22 935/171/115 942/174/115 967/178/22 
s 4
f 970/169/54 940/147/54 932/150/54 971/170/53 
s 2
f 971/169/1 932/147/1 935/150/1 969/170/1 
s off
f 973/175/149 928/165/149 891/168/149 974/176/149 
s 2
f 980/145/5 894/141/5 903/144/5 978/146/5 
s off
f 974/145/150 891/141/150 894/144/150 980/146/150 
usemtl SPW_Urban_Props_Container_Color02
f 981/179/28 982/180/28 983/181/28 984/182/28 
f 982/183/3 985/184/3 986/185/3 983/186/3 
f 985/180/4 987/179/4 988/182/4 986/181/4 
f 987/184/1 981/183/1 984/186/1 988/185/1 
f 984/187/7 983/188/7 986/189/7 988/190/7 
f 987/190/22 985/189/22 982/188/22 981/187/22 
f 989/179/27 990/180/27 991/181/27 992/182/27 
f 990/183/151 993/184/151 994/185/151 991/186/151 
f 993/180/4 995/179/4 996/182/4 994/181/4 
f 995/184/1 989/183/1 992/186/1 996/185/1 
f 992/187/5 991/188/5 994/189/5 996/190/5 
f 995/190/22 993/189/22 990/188/22 989/187/22 
f 997/179/28 998/180/28 999/181/28 1000/182/28 
f 998/183/3 1001/184/3 1002/185/3 999/186/3 
f 1001/180/29 1003/179/29 1004/182/29 1002/181/29 
f 1003/184/1 997/183/1 1000/186/1 1004/185/1 
f 1000/187/5 999/188/5 1002/189/5 1004/190/5 
f 1003/190/22 1001/189/22 998/188/22 997/187/22 
f 1005/179/28 1006/180/28 1007/181/28 1008/182/28 
f 1006/183/3 1009/184/3 1010/185/3 1007/186/3 
f 1009/180/29 1011/179/29 1012/182/29 1010/181/29 
f 1011/184/1 1005/183/1 1008/186/1 1012/185/1 
f 1008/187/5 1007/188/5 1010/189/5 1012/190/5 
f 1011/190/22 1009/189/22 1006/188/22 1005/187/22 
f 1013/179/28 1014/180/28 1015/181/28 1016/182/28 
f 1014/183/3 1017/184/3 1018/185/3 1015/186/3 
f 1017/180/29 1019/179/29 1020/182/29 1018/181/29 
f 1019/184/1 1013/183/1 1016/186/1 1020/185/1 
f 1016/187/5 1015/188/5 1018/189/5 1020/190/5 
f 1019/190/54 1017/189/54 1014/188/54 1013/187/54 
usemtl SPW_Urban_Props_Container_Color03
f 1021/179/28 1022/180/28 1023/181/28 1024/182/28 
f 1022/183/3 1025/184/3 1026/185/3 1023/186/3 
f 1025/180/29 1027/179/29 1028/182/29 1026/181/29 
f 1027/184/1 1021/183/1 1024/186/1 1028/185/1 
f 1024/187/5 1023/188/5 1026/189/5 1028/190/5 
f 1027/190/54 1025/189/54 1022/188/54 1021/187/54 
f 1029/179/27 1030/180/27 1031/181/27 1032/182/27 
f 1030/183/3 1033/184/3 1034/185/3 1031/186/3 
f 1033/180/4 1035/179/4 1036/182/4 1034/181/4 
f 1035/184/1 1029/183/1 1032/186/1 1036/185/1 
f 1032/187/5 1031/188/5 1034/189/5 1036/190/5 
f 1035/190/53 1033/189/53 1030/188/53 1029/187/53 
usemtl SPW_Urban_Props_Container_Color02
f 1037/179/28 1038/180/28 1039/181/28 1040/182/28 
f 1038/183/3 1041/184/3 1042/185/3 1039/186/3 
f 1041/180/4 1043/179/4 1044/182/4 1042/181/4 
f 1043/184/1 1037/183/1 1040/186/1 1044/185/1 
f 1040/187/7 1039/188/7 1042/189/7 1044/190/7 
f 1043/190/54 1041/189/54 1038/188/54 1037/187/54 
f 1045/179/28 1046/180/28 1047/181/28 1048/182/28 
f 1046/183/151 1049/184/151 1050/185/151 1047/186/151 
f 1049/180/4 1051/179/4 1052/182/4 1050/181/4 
f 1051/184/1 1045/183/1 1048/186/1 1052/185/1 
f 1048/187/7 1047/188/7 1050/189/7 1052/190/7 
f 1051/190/22 1049/189/22 1046/188/22 1045/187/22 
usemtl SPW_Urban_Props_Container_Color03
f 1053/179/28 1054/180/28 1055/181/28 1056/182/28 
f 1054/183/151 1057/184/151 1058/185/151 1055/186/151 
f 1057/180/29 1059/179/29 1060/182/29 1058/181/29 
f 1059/184/1 1053/183/1 1056/186/1 1060/185/1 
f 1056/187/5 1055/188/5 1058/189/5 1060/190/5 
f 1059/190/22 1057/189/22 1054/188/22 1053/187/22 
usemtl SPW_Urban_Props_Container_Color02
f 1061/179/28 1062/180/28 1063/181/28 1064/182/28 
f 1062/183/151 1065/184/151 1066/185/151 1063/186/151 
f 1065/180/29 1067/179/29 1068/182/29 1066/181/29 
f 1067/184/1 1061/183/1 1064/186/1 1068/185/1 
f 1064/187/5 1063/188/5 1066/189/5 1068/190/5 
f 1067/190/22 1065/189/22 1062/188/22 1061/187/22 
f 1069/179/28 1070/180/28 1071/181/28 1072/182/28 
f 1070/183/151 1073/184/151 1074/185/151 1071/186/151 
f 1073/180/29 1075/179/29 1076/182/29 1074/181/29 
f 1075/184/1 1069/183/1 1072/186/1 1076/185/1 
f 1072/187/5 1071/188/5 1074/189/5 1076/190/5 
f 1075/190/22 1073/189/22 1070/188/22 1069/187/22 
f 1077/179/28 1078/180/28 1079/181/28 1080/182/28 
f 1078/183/151 1081/184/151 1082/185/151 1079/186/151 
f 1081/180/29 1083/179/29 1084/182/29 1082/181/29 
f 1083/184/1 1077/183/1 1080/186/1 1084/185/1 
f 1080/187/5 1079/188/5 1082/189/5 1084/190/5 
f 1083/190/22 1081/189/22 1078/188/22 1077/187/22 
usemtl SPW_Urban_Props_Container_Color01
f 1085/179/28 1086/180/28 1087/181/28 1088/182/28 
f 1086/183/151 1089/184/151 1090/185/151 1087/186/151 
f 1089/180/29 1091/179/29 1092/182/29 1090/181/29 
f 1091/184/1 1085/183/1 1088/186/1 1092/185/1 
f 1088/187/5 1087/188/5 1090/189/5 1092/190/5 
f 1091/190/22 1089/189/22 1086/188/22 1085/187/22 
f 1093/179/27 1094/180/27 1095/181/27 1096/182/27 
f 1094/183/151 1097/184/151 1098/185/151 1095/186/151 
f 1097/180/4 1099/179/4 1100/182/4 1098/181/4 
f 1099/184/1 1093/183/1 1096/186/1 1100/185/1 
f 1096/187/5 1095/188/5 1098/189/5 1100/190/5 
f 1099/190/22 1097/189/22 1094/188/22 1093/187/22 
usemtl SPW_Urban_Props_Container_Color02
f 1101/179/28 1102/180/28 1103/181/28 1104/182/28 
f 1102/183/151 1105/184/151 1106/185/151 1103/186/151 
f 1105/180/4 1107/179/4 1108/182/4 1106/181/4 
f 1107/184/1 1101/183/1 1104/186/1 1108/185/1 
f 1104/187/7 1103/188/7 1106/189/7 1108/190/7 
f 1107/190/22 1105/189/22 1102/188/22 1101/187/22 
usemtl SPW_Urban_Props_Container_Color01
f 1109/179/28 1110/180/28 1111/181/28 1112/182/28 
f 1110/183/151 1113/184/151 1114/185/151 1111/186/151 
f 1113/180/4 1115/179/4 1116/182/4 1114/181/4 
f 1115/184/1 1109/183/1 1112/186/1 1116/185/1 
f 1112/187/5 1111/188/5 1114/189/5 1116/190/5 
f 1115/190/22 1113/189/22 1110/188/22 1109/187/22 
usemtl SPW_Urban_Props_Container_Color02
f 1117/179/27 1118/180/27 1119/181/27 1120/182/27 
f 1118/183/3 1121/184/3 1122/185/3 1119/186/3 
f 1121/180/4 1123/179/4 1124/182/4 1122/181/4 
f 1123/184/1 1117/183/1 1120/186/1 1124/185/1 
f 1120/187/7 1119/188/7 1122/189/7 1124/190/7 
f 1123/190/22 1121/189/22 1118/188/22 1117/187/22 
usemtl SPW_Urban_Props_Container_Color03
f 1125/179/28 1126/180/28 1127/181/28 1128/182/28 
f 1126/183/3 1129/184/3 1130/185/3 1127/186/3 
f 1129/180/29 1131/179/29 1132/182/29 1130/181/29 
f 1131/184/1 1125/183/1 1128/186/1 1132/185/1 
f 1128/187/7 1127/188/7 1130/189/7 1132/190/7 
f 1131/190/115 1129/189/115 1126/188/115 1125/187/115 
usemtl SPW_Urban_Props_Container_Color02
f 1133/179/28 1134/180/28 1135/181/28 1136/182/28 
f 1134/183/3 1137/184/3 1138/185/3 1135/186/3 
f 1137/180/29 1139/179/29 1140/182/29 1138/181/29 
f 1139/184/1 1133/183/1 1136/186/1 1140/185/1 
f 1136/187/7 1135/188/7 1138/189/7 1140/190/7 
f 1139/190/22 1137/189/22 1134/188/22 1133/187/22 
f 1141/179/28 1142/180/28 1143/181/28 1144/182/28 
f 1142/183/151 1145/184/151 1146/185/151 1143/186/151 
f 1145/180/29 1147/179/29 1148/182/29 1146/181/29 
f 1147/184/1 1141/183/1 1144/186/1 1148/185/1 
f 1144/187/7 1143/188/7 1146/189/7 1148/190/7 
f 1147/190/22 1145/189/22 1142/188/22 1141/187/22 
usemtl SPW_Urban_Props_Container_Color03
f 1149/179/28 1150/180/28 1151/181/28 1152/182/28 
f 1150/183/151 1153/184/151 1154/185/151 1151/186/151 
f 1153/180/29 1155/179/29 1156/182/29 1154/181/29 
f 1155/184/1 1149/183/1 1152/186/1 1156/185/1 
f 1152/187/7 1151/188/7 1154/189/7 1156/190/7 
f 1155/190/115 1153/189/115 1150/188/115 1149/187/115 
f 1157/179/27 1158/180/27 1159/181/27 1160/182/27 
f 1158/183/151 1161/184/151 1162/185/151 1159/186/151 
f 1161/180/4 1163/179/4 1164/182/4 1162/181/4 
f 1163/184/1 1157/183/1 1160/186/1 1164/185/1 
f 1160/187/7 1159/188/7 1162/189/7 1164/190/7 
f 1163/190/22 1161/189/22 1158/188/22 1157/187/22 
usemtl SPW_Urban_Props_Container_Color02
f 1165/179/28 1166/180/28 1167/181/28 1168/182/28 
f 1166/183/151 1169/184/151 1170/185/151 1167/186/151 
f 1169/180/4 1171/179/4 1172/182/4 1170/181/4 
f 1171/184/1 1165/183/1 1168/186/1 1172/185/1 
f 1168/187/5 1167/188/5 1170/189/5 1172/190/5 
f 1171/190/22 1169/189/22 1166/188/22 1165/187/22 
f 1173/179/28 1174/180/28 1175/181/28 1176/182/28 
f 1174/183/3 1177/184/3 1178/185/3 1175/186/3 
f 1177/180/4 1179/179/4 1180/182/4 1178/181/4 
f 1179/184/1 1173/183/1 1176/186/1 1180/185/1 
f 1176/187/55 1175/188/55 1178/189/55 1180/190/55 
f 1179/190/54 1177/189/54 1174/188/54 1173/187/54 
f 1181/179/27 1182/180/27 1183/181/27 1184/182/27 
f 1182/183/3 1185/184/3 1186/185/3 1183/186/3 
f 1185/180/4 1187/179/4 1188/182/4 1186/181/4 
f 1187/184/1 1181/183/1 1184/186/1 1188/185/1 
f 1184/187/31 1183/188/31 1186/189/31 1188/190/31 
f 1187/190/53 1185/189/53 1182/188/53 1181/187/53 
f 1189/179/28 1190/180/28 1191/181/28 1192/182/28 
f 1190/183/3 1193/184/3 1194/185/3 1191/186/3 
f 1193/180/29 1195/179/29 1196/182/29 1194/181/29 
f 1195/184/1 1189/183/1 1192/186/1 1196/185/1 
f 1192/187/31 1191/188/31 1194/189/31 1196/190/31 
f 1195/190/53 1193/189/53 1190/188/53 1189/187/53 
f 1197/179/28 1198/180/28 1199/181/28 1200/182/28 
f 1198/183/3 1201/184/3 1202/185/3 1199/186/3 
f 1201/180/29 1203/179/29 1204/182/29 1202/181/29 
f 1203/184/1 1197/183/1 1200/186/1 1204/185/1 
f 1200/187/31 1199/188/31 1202/189/31 1204/190/31 
f 1203/190/54 1201/189/54 1198/188/54 1197/187/54 
f 1205/179/28 1206/180/28 1207/181/28 1208/182/28 
f 1206/183/3 1209/184/3 1210/185/3 1207/186/3 
f 1209/180/29 1211/179/29 1212/182/29 1210/181/29 
f 1211/184/1 1205/183/1 1208/186/1 1212/185/1 
f 1208/187/7 1207/188/7 1210/189/7 1212/190/7 
f 1211/190/22 1209/189/22 1206/188/22 1205/187/22 
usemtl SPW_Urban_Props_Container_Color03
f 1213/179/28 1214/180/28 1215/181/28 1216/182/28 
f 1214/183/3 1217/184/3 1218/185/3 1215/186/3 
f 1217/180/29 1219/179/29 1220/182/29 1218/181/29 
f 1219/184/1 1213/183/1 1216/186/1 1220/185/1 
f 1216/187/7 1215/188/7 1218/189/7 1220/190/7 
f 1219/190/115 1217/189/115 1214/188/115 1213/187/115 
usemtl SPW_Urban_Props_Container_Color01
f 1221/179/27 1222/180/27 1223/181/27 1224/182/27 
f 1222/183/151 1225/184/151 1226/185/151 1223/186/151 
f 1225/180/4 1227/179/4 1228/182/4 1226/181/4 
f 1227/184/1 1221/183/1 1224/186/1 1228/185/1 
f 1224/187/7 1223/188/7 1226/189/7 1228/190/7 
f 1227/190/22 1225/189/22 1222/188/22 1221/187/22 
usemtl SPW_Urban_Props_Container_Color02
f 1229/179/28 1230/180/28 1231/181/28 1232/182/28 
f 1230/183/3 1233/184/3 1234/185/3 1231/186/3 
f 1233/180/4 1235/179/4 1236/182/4 1234/181/4 
f 1235/184/1 1229/183/1 1232/186/1 1236/185/1 
f 1232/187/5 1231/188/5 1234/189/5 1236/190/5 
f 1235/190/22 1233/189/22 1230/188/22 1229/187/22 
usemtl SPW_Urban_Props_Container_Color03
f 1237/179/27 1238/180/27 1239/181/27 1240/182/27 
f 1238/183/3 1241/184/3 1242/185/3 1239/186/3 
f 1241/180/4 1243/179/4 1244/182/4 1242/181/4 
f 1243/184/1 1237/183/1 1240/186/1 1244/185/1 
f 1240/187/5 1239/188/5 1242/189/5 1244/190/5 
f 1243/190/22 1241/189/22 1238/188/22 1237/187/22 
f 1245/179/27 1246/180/27 1247/181/27 1248/182/27 
f 1246/183/151 1249/184/151 1250/185/151 1247/186/151 
f 1249/180/4 1251/179/4 1252/182/4 1250/181/4 
f 1251/184/1 1245/183/1 1248/186/1 1252/185/1 
f 1248/187/7 1247/188/7 1250/189/7 1252/190/7 
f 1251/190/22 1249/189/22 1246/188/22 1245/187/22 
f 1253/179/28 1254/180/28 1255/181/28 1256/182/28 
f 1254/183/152 1257/184/152 1258/185/152 1255/186/152 
f 1257/180/29 1259/179/29 1260/182/29 1258/181/29 
f 1259/184/1 1253/183/1 1256/186/1 1260/185/1 
f 1256/187/31 1255/188/31 1258/189/31 1260/190/31 
f 1259/190/54 1257/189/54 1254/188/54 1253/187/54 
usemtl SPW_Urban_Props_Container_Color02
f 1261/179/28 1262/180/28 1263/181/28 1264/182/28 
f 1262/183/152 1265/184/152 1266/185/152 1263/186/152 
f 1265/180/29 1267/179/29 1268/182/29 1266/181/29 
f 1267/184/1 1261/183/1 1264/186/1 1268/185/1 
f 1264/187/31 1263/188/31 1266/189/31 1268/190/31 
f 1267/190/54 1265/189/54 1262/188/54 1261/187/54 
f 1269/179/27 1270/180/27 1271/181/27 1272/182/27 
f 1270/183/152 1273/184/152 1274/185/152 1271/186/152 
f 1273/180/4 1275/179/4 1276/182/4 1274/181/4 
f 1275/184/1 1269/183/1 1272/186/1 1276/185/1 
f 1272/187/31 1271/188/31 1274/189/31 1276/190/31 
f 1275/190/53 1273/189/53 1270/188/53 1269/187/53 
usemtl SPW_Urban_Props_Container_Color01
f 1277/179/28 1278/180/28 1279/181/28 1280/182/28 
f 1278/183/153 1281/184/153 1282/185/153 1279/186/153 
f 1281/180/29 1283/179/29 1284/182/29 1282/181/29 
f 1283/184/1 1277/183/1 1280/186/1 1284/185/1 
f 1280/187/55 1279/188/55 1282/189/55 1284/190/55 
f 1283/190/54 1281/189/54 1278/188/54 1277/187/54 
usemtl SPW_Urban_Props_Container_Color03
f 1285/179/27 1286/180/27 1287/181/27 1288/182/27 
f 1286/183/151 1289/184/151 1290/185/151 1287/186/151 
f 1289/180/4 1291/179/4 1292/182/4 1290/181/4 
f 1291/184/1 1285/183/1 1288/186/1 1292/185/1 
f 1288/187/5 1287/188/5 1290/189/5 1292/190/5 
f 1291/190/22 1289/189/22 1286/188/22 1285/187/22 
usemtl SPW_Urban_Props_Container_Color02
f 1293/179/27 1294/180/27 1295/181/27 1296/182/27 
f 1294/183/151 1297/184/151 1298/185/151 1295/186/151 
f 1297/180/4 1299/179/4 1300/182/4 1298/181/4 
f 1299/184/1 1293/183/1 1296/186/1 1300/185/1 
f 1296/187/7 1295/188/7 1298/189/7 1300/190/7 
f 1299/190/22 1297/189/22 1294/188/22 1293/187/22 
f 1301/179/28 1302/180/28 1303/181/28 1304/182/28 
f 1302/183/151 1305/184/151 1306/185/151 1303/186/151 
f 1305/180/29 1307/179/29 1308/182/29 1306/181/29 
f 1307/184/1 1301/183/1 1304/186/1 1308/185/1 
f 1304/187/7 1303/188/7 1306/189/7 1308/190/7 
f 1307/190/22 1305/189/22 1302/188/22 1301/187/22 
usemtl SPW_Urban_Props_Container_Color01
f 1309/179/28 1310/180/28 1311/181/28 1312/182/28 
f 1310/183/3 1313/184/3 1314/185/3 1311/186/3 
f 1313/180/29 1315/179/29 1316/182/29 1314/181/29 
f 1315/184/154 1309/183/154 1312/186/154 1316/185/154 
f 1312/187/7 1311/188/7 1314/189/7 1316/190/7 
f 1315/190/22 1313/189/22 1310/188/22 1309/187/22 
usemtl SPW_Urban_Props_Container_Color02
f 1317/179/28 1318/180/28 1319/181/28 1320/182/28 
f 1318/183/153 1321/184/153 1322/185/153 1319/186/153 
f 1321/180/29 1323/179/29 1324/182/29 1322/181/29 
f 1323/184/1 1317/183/1 1320/186/1 1324/185/1 
f 1320/187/55 1319/188/55 1322/189/55 1324/190/55 
f 1323/190/54 1321/189/54 1318/188/54 1317/187/54 
usemtl SPW_Urban_Props_Container_Color01
f 1325/179/28 1326/180/28 1327/181/28 1328/182/28 
f 1326/183/3 1329/184/3 1330/185/3 1327/186/3 
f 1329/180/29 1331/179/29 1332/182/29 1330/181/29 
f 1331/184/1 1325/183/1 1328/186/1 1332/185/1 
f 1328/187/5 1327/188/5 1330/189/5 1332/190/5 
f 1331/190/22 1329/189/22 1326/188/22 1325/187/22 
usemtl SPW_Urban_Props_Container_Color02
f 1333/179/28 1334/180/28 1335/181/28 1336/182/28 
f 1334/183/3 1337/184/3 1338/185/3 1335/186/3 
f 1337/180/29 1339/179/29 1340/182/29 1338/181/29 
f 1339/184/1 1333/183/1 1336/186/1 1340/185/1 
f 1336/187/55 1335/188/55 1338/189/55 1340/190/55 
f 1339/190/54 1337/189/54 1334/188/54 1333/187/54 
f 1341/179/28 1342/180/28 1343/181/28 1344/182/28 
f 1342/183/151 1345/184/151 1346/185/151 1343/186/151 
f 1345/180/29 1347/179/29 1348/182/29 1346/181/29 
f 1347/184/1 1341/183/1 1344/186/1 1348/185/1 
f 1344/187/5 1343/188/5 1346/189/5 1348/190/5 
f 1347/190/22 1345/189/22 1342/188/22 1341/187/22 
usemtl SPW_Urban_Props_Container_Color03
f 1349/179/28 1350/180/28 1351/181/28 1352/182/28 
f 1350/183/151 1353/184/151 1354/185/151 1351/186/151 
f 1353/180/29 1355/179/29 1356/182/29 1354/181/29 
f 1355/184/1 1349/183/1 1352/186/1 1356/185/1 
f 1352/187/5 1351/188/5 1354/189/5 1356/190/5 
f 1355/190/22 1353/189/22 1350/188/22 1349/187/22 
usemtl SPW_Urban_Props_Container_Color01
f 1357/179/28 1358/180/28 1359/181/28 1360/182/28 
f 1358/183/151 1361/184/151 1362/185/151 1359/186/151 
f 1361/180/29 1363/179/29 1364/182/29 1362/181/29 
f 1363/184/1 1357/183/1 1360/186/1 1364/185/1 
f 1360/187/7 1359/188/7 1362/189/7 1364/190/7 
f 1363/190/22 1361/189/22 1358/188/22 1357/187/22 
usemtl SPW_Urban_Props_Container_Color02
f 1365/179/28 1366/180/28 1367/181/28 1368/182/28 
f 1366/183/151 1369/184/151 1370/185/151 1367/186/151 
f 1369/180/29 1371/179/29 1372/182/29 1370/181/29 
f 1371/184/1 1365/183/1 1368/186/1 1372/185/1 
f 1368/187/7 1367/188/7 1370/189/7 1372/190/7 
f 1371/190/22 1369/189/22 1366/188/22 1365/187/22 
usemtl SPW_Urban_Props_Container_Color03
f 1373/179/28 1374/180/28 1375/181/28 1376/182/28 
f 1374/183/3 1377/184/3 1378/185/3 1375/186/3 
f 1377/180/29 1379/179/29 1380/182/29 1378/181/29 
f 1379/184/1 1373/183/1 1376/186/1 1380/185/1 
f 1376/187/7 1375/188/7 1378/189/7 1380/190/7 
f 1379/190/54 1377/189/54 1374/188/54 1373/187/54 
usemtl SPW_Urban_Props_Container_Color02
f 1381/179/28 1382/180/28 1383/181/28 1384/182/28 
f 1382/183/3 1385/184/3 1386/185/3 1383/186/3 
f 1385/180/29 1387/179/29 1388/182/29 1386/181/29 
f 1387/184/1 1381/183/1 1384/186/1 1388/185/1 
f 1384/187/7 1383/188/7 1386/189/7 1388/190/7 
f 1387/190/22 1385/189/22 1382/188/22 1381/187/22 
f 1389/179/28 1390/180/28 1391/181/28 1392/182/28 
f 1390/183/151 1393/184/151 1394/185/151 1391/186/151 
f 1393/180/29 1395/179/29 1396/182/29 1394/181/29 
f 1395/184/1 1389/183/1 1392/186/1 1396/185/1 
f 1392/187/5 1391/188/5 1394/189/5 1396/190/5 
f 1395/190/22 1393/189/22 1390/188/22 1389/187/22 
usemtl SPW_Urban_Props_Container_Color03
f 1397/179/28 1398/180/28 1399/181/28 1400/182/28 
f 1398/183/3 1401/184/3 1402/185/3 1399/186/3 
f 1401/180/29 1403/179/29 1404/182/29 1402/181/29 
f 1403/184/1 1397/183/1 1400/186/1 1404/185/1 
f 1400/187/5 1399/188/5 1402/189/5 1404/190/5 
f 1403/190/53 1401/189/53 1398/188/53 1397/187/53 
usemtl SPW_Urban_Props_Container_Color02
f 1405/179/28 1406/180/28 1407/181/28 1408/182/28 
f 1406/183/151 1409/184/151 1410/185/151 1407/186/151 
f 1409/180/29 1411/179/29 1412/182/29 1410/181/29 
f 1411/184/1 1405/183/1 1408/186/1 1412/185/1 
f 1408/187/5 1407/188/5 1410/189/5 1412/190/5 
f 1411/190/22 1409/189/22 1406/188/22 1405/187/22 
f 1413/179/28 1414/180/28 1415/181/28 1416/182/28 
f 1414/183/151 1417/184/151 1418/185/151 1415/186/151 
f 1417/180/29 1419/179/29 1420/182/29 1418/181/29 
f 1419/184/1 1413/183/1 1416/186/1 1420/185/1 
f 1416/187/5 1415/188/5 1418/189/5 1420/190/5 
f 1419/190/22 1417/189/22 1414/188/22 1413/187/22 
usemtl SPW_Urban_Props_Container_Color03
f 1421/179/28 1422/180/28 1423/181/28 1424/182/28 
f 1422/183/3 1425/184/3 1426/185/3 1423/186/3 
f 1425/180/29 1427/179/29 1428/182/29 1426/181/29 
f 1427/184/1 1421/183/1 1424/186/1 1428/185/1 
f 1424/187/7 1423/188/7 1426/189/7 1428/190/7 
f 1427/190/22 1425/189/22 1422/188/22 1421/187/22 
usemtl SPW_Urban_Props_Container_Color02
f 1429/179/28 1430/180/28 1431/181/28 1432/182/28 
f 1430/183/151 1433/184/151 1434/185/151 1431/186/151 
f 1433/180/29 1435/179/29 1436/182/29 1434/181/29 
f 1435/184/1 1429/183/1 1432/186/1 1436/185/1 
f 1432/187/7 1431/188/7 1434/189/7 1436/190/7 
f 1435/190/22 1433/189/22 1430/188/22 1429/187/22 
f 1437/179/28 1438/180/28 1439/181/28 1440/182/28 
f 1438/183/3 1441/184/3 1442/185/3 1439/186/3 
f 1441/180/29 1443/179/29 1444/182/29 1442/181/29 
f 1443/184/1 1437/183/1 1440/186/1 1444/185/1 
f 1440/187/31 1439/188/31 1442/189/31 1444/190/31 
f 1443/190/53 1441/189/53 1438/188/53 1437/187/53 
usemtl SPW_Urban_Props_Container_Color03
f 1445/179/28 1446/180/28 1447/181/28 1448/182/28 
f 1446/183/151 1449/184/151 1450/185/151 1447/186/151 
f 1449/180/29 1451/179/29 1452/182/29 1450/181/29 
f 1451/184/1 1445/183/1 1448/186/1 1452/185/1 
f 1448/187/7 1447/188/7 1450/189/7 1452/190/7 
f 1451/190/22 1449/189/22 1446/188/22 1445/187/22 
usemtl SPW_Urban_Props_Container_Color02
f 1453/179/27 1454/180/27 1455/181/27 1456/182/27 
f 1454/183/152 1457/184/152 1458/185/152 1455/186/152 
f 1457/180/4 1459/179/4 1460/182/4 1458/181/4 
f 1459/184/1 1453/183/1 1456/186/1 1460/185/1 
f 1456/187/31 1455/188/31 1458/189/31 1460/190/31 
f 1459/190/53 1457/189/53 1454/188/53 1453/187/53 
usemtl SPW_Urban_Props_Container_Color03
f 1461/179/28 1462/180/28 1463/181/28 1464/182/28 
f 1462/183/151 1465/184/151 1466/185/151 1463/186/151 
f 1465/180/29 1467/179/29 1468/182/29 1466/181/29 
f 1467/184/154 1461/183/154 1464/186/154 1468/185/154 
f 1464/187/5 1463/188/5 1466/189/5 1468/190/5 
f 1467/190/22 1465/189/22 1462/188/22 1461/187/22 
usemtl SPW_Urban_Props_Container_Color02
f 1469/179/28 1470/180/28 1471/181/28 1472/182/28 
f 1470/183/151 1473/184/151 1474/185/151 1471/186/151 
f 1473/180/4 1475/179/4 1476/182/4 1474/181/4 
f 1475/184/1 1469/183/1 1472/186/1 1476/185/1 
f 1472/187/5 1471/188/5 1474/189/5 1476/190/5 
f 1475/190/22 1473/189/22 1470/188/22 1469/187/22 
usemtl SPW_Urban_Props_Container_Color03
f 1477/179/28 1478/180/28 1479/181/28 1480/182/28 
f 1478/183/3 1481/184/3 1482/185/3 1479/186/3 
f 1481/180/29 1483/179/29 1484/182/29 1482/181/29 
f 1483/184/1 1477/183/1 1480/186/1 1484/185/1 
f 1480/187/7 1479/188/7 1482/189/7 1484/190/7 
f 1483/190/22 1481/189/22 1478/188/22 1477/187/22 
usemtl SPW_Urban_Props_Container_Color02
f 1485/179/28 1486/180/28 1487/181/28 1488/182/28 
f 1486/183/3 1489/184/3 1490/185/3 1487/186/3 
f 1489/180/29 1491/179/29 1492/182/29 1490/181/29 
f 1491/184/1 1485/183/1 1488/186/1 1492/185/1 
f 1488/187/7 1487/188/7 1490/189/7 1492/190/7 
f 1491/190/22 1489/189/22 1486/188/22 1485/187/22 
f 1493/179/28 1494/180/28 1495/181/28 1496/182/28 
f 1494/183/151 1497/184/151 1498/185/151 1495/186/151 
f 1497/180/29 1499/179/29 1500/182/29 1498/181/29 
f 1499/184/1 1493/183/1 1496/186/1 1500/185/1 
f 1496/187/7 1495/188/7 1498/189/7 1500/190/7 
f 1499/190/22 1497/189/22 1494/188/22 1493/187/22 
f 1501/179/28 1502/180/28 1503/181/28 1504/182/28 
f 1502/183/3 1505/184/3 1506/185/3 1503/186/3 
f 1505/180/29 1507/179/29 1508/182/29 1506/181/29 
f 1507/184/154 1501/183/154 1504/186/154 1508/185/154 
f 1504/187/7 1503/188/7 1506/189/7 1508/190/7 
f 1507/190/22 1505/189/22 1502/188/22 1501/187/22 
f 1509/179/28 1510/180/28 1511/181/28 1512/182/28 
f 1510/183/152 1513/184/152 1514/185/152 1511/186/152 
f 1513/180/29 1515/179/29 1516/182/29 1514/181/29 
f 1515/184/1 1509/183/1 1512/186/1 1516/185/1 
f 1512/187/7 1511/188/7 1514/189/7 1516/190/7 
f 1515/190/22 1513/189/22 1510/188/22 1509/187/22 
f 1517/179/28 1518/180/28 1519/181/28 1520/182/28 
f 1518/183/152 1521/184/152 1522/185/152 1519/186/152 
f 1521/180/29 1523/179/29 1524/182/29 1522/181/29 
f 1523/184/154 1517/183/154 1520/186/154 1524/185/154 
f 1520/187/31 1519/188/31 1522/189/31 1524/190/31 
f 1523/190/54 1521/189/54 1518/188/54 1517/187/54 
usemtl SPW_Urban_Props_Container_Color01
f 1525/179/28 1526/180/28 1527/181/28 1528/182/28 
f 1526/183/153 1529/184/153 1530/185/153 1527/186/153 
f 1529/180/29 1531/179/29 1532/182/29 1530/181/29 
f 1531/184/154 1525/183/154 1528/186/154 1532/185/154 
f 1528/187/55 1527/188/55 1530/189/55 1532/190/55 
f 1531/190/54 1529/189/54 1526/188/54 1525/187/54 
usemtl SPW_Urban_Props_Container_Color03
f 1533/179/28 1534/180/28 1535/181/28 1536/182/28 
f 1534/183/153 1537/184/153 1538/185/153 1535/186/153 
f 1537/180/29 1539/179/29 1540/182/29 1538/181/29 
f 1539/184/1 1533/183/1 1536/186/1 1540/185/1 
f 1536/187/5 1535/188/5 1538/189/5 1540/190/5 
f 1539/190/22 1537/189/22 1534/188/22 1533/187/22 
usemtl SPW_Urban_Props_Container_Color02
f 1541/179/28 1542/180/28 1543/181/28 1544/182/28 
f 1542/183/3 1545/184/3 1546/185/3 1543/186/3 
f 1545/180/29 1547/179/29 1548/182/29 1546/181/29 
f 1547/184/1 1541/183/1 1544/186/1 1548/185/1 
f 1544/187/31 1543/188/31 1546/189/31 1548/190/31 
f 1547/190/54 1545/189/54 1542/188/54 1541/187/54 
usemtl SPW_Urban_Props_Container_Color03
f 1549/179/28 1550/180/28 1551/181/28 1552/182/28 
f 1550/183/3 1553/184/3 1554/185/3 1551/186/3 
f 1553/180/29 1555/179/29 1556/182/29 1554/181/29 
f 1555/184/1 1549/183/1 1552/186/1 1556/185/1 
f 1552/187/7 1551/188/7 1554/189/7 1556/190/7 
f 1555/190/22 1553/189/22 1550/188/22 1549/187/22 
usemtl SPW_Urban_Props_Container_Color02
f 1557/179/28 1558/180/28 1559/181/28 1560/182/28 
f 1558/183/3 1561/184/3 1562/185/3 1559/186/3 
f 1561/180/29 1563/179/29 1564/182/29 1562/181/29 
f 1563/184/1 1557/183/1 1560/186/1 1564/185/1 
f 1560/187/5 1559/188/5 1562/189/5 1564/190/5 
f 1563/190/22 1561/189/22 1558/188/22 1557/187/22 
f 1565/179/28 1566/180/28 1567/181/28 1568/182/28 
f 1566/183/3 1569/184/3 1570/185/3 1567/186/3 
f 1569/180/29 1571/179/29 1572/182/29 1570/181/29 
f 1571/184/1 1565/183/1 1568/186/1 1572/185/1 
f 1568/187/5 1567/188/5 1570/189/5 1572/190/5 
f 1571/190/54 1569/189/54 1566/188/54 1565/187/54 
f 1573/179/28 1574/180/28 1575/181/28 1576/182/28 
f 1574/183/3 1577/184/3 1578/185/3 1575/186/3 
f 1577/180/29 1579/179/29 1580/182/29 1578/181/29 
f 1579/184/1 1573/183/1 1576/186/1 1580/185/1 
f 1576/187/7 1575/188/7 1578/189/7 1580/190/7 
f 1579/190/54 1577/189/54 1574/188/54 1573/187/54 
usemtl SPW_Urban_Props_Container_Color01
f 1581/179/28 1582/180/28 1583/181/28 1584/182/28 
f 1582/183/3 1585/184/3 1586/185/3 1583/186/3 
f 1585/180/29 1587/179/29 1588/182/29 1586/181/29 
f 1587/184/1 1581/183/1 1584/186/1 1588/185/1 
f 1584/187/7 1583/188/7 1586/189/7 1588/190/7 
f 1587/190/22 1585/189/22 1582/188/22 1581/187/22 
usemtl SPW_Urban_Props_Container_Color03
f 1589/179/28 1590/180/28 1591/181/28 1592/182/28 
f 1590/183/3 1593/184/3 1594/185/3 1591/186/3 
f 1593/180/29 1595/179/29 1596/182/29 1594/181/29 
f 1595/184/1 1589/183/1 1592/186/1 1596/185/1 
f 1592/187/5 1591/188/5 1594/189/5 1596/190/5 
f 1595/190/22 1593/189/22 1590/188/22 1589/187/22 
usemtl SPW_Urban_Props_Container_Color01
f 1597/179/28 1598/180/28 1599/181/28 1600/182/28 
f 1598/183/3 1601/184/3 1602/185/3 1599/186/3 
f 1601/180/29 1603/179/29 1604/182/29 1602/181/29 
f 1603/184/1 1597/183/1 1600/186/1 1604/185/1 
f 1600/187/55 1599/188/55 1602/189/55 1604/190/55 
f 1603/190/54 1601/189/54 1598/188/54 1597/187/54 
f 1605/179/28 1606/180/28 1607/181/28 1608/182/28 
f 1606/183/152 1609/184/152 1610/185/152 1607/186/152 
f 1609/180/29 1611/179/29 1612/182/29 1610/181/29 
f 1611/184/1 1605/183/1 1608/186/1 1612/185/1 
f 1608/187/7 1607/188/7 1610/189/7 1612/190/7 
f 1611/190/22 1609/189/22 1606/188/22 1605/187/22 
usemtl SPW_Urban_Props_Container_Color02
f 1613/179/28 1614/180/28 1615/181/28 1616/182/28 
f 1614/183/152 1617/184/152 1618/185/152 1615/186/152 
f 1617/180/29 1619/179/29 1620/182/29 1618/181/29 
f 1619/184/154 1613/183/154 1616/186/154 1620/185/154 
f 1616/187/31 1615/188/31 1618/189/31 1620/190/31 
f 1619/190/54 1617/189/54 1614/188/54 1613/187/54 
f 1621/179/27 1622/180/27 1623/181/27 1624/182/27 
f 1622/183/152 1625/184/152 1626/185/152 1623/186/152 
f 1625/180/4 1627/179/4 1628/182/4 1626/181/4 
f 1627/184/154 1621/183/154 1624/186/154 1628/185/154 
f 1624/187/31 1623/188/31 1626/189/31 1628/190/31 
f 1627/190/54 1625/189/54 1622/188/54 1621/187/54 
usemtl SPW_Urban_Props_Container_Color03
f 1629/179/28 1630/180/28 1631/181/28 1632/182/28 
f 1630/183/153 1633/184/153 1634/185/153 1631/186/153 
f 1633/180/29 1635/179/29 1636/182/29 1634/181/29 
f 1635/184/154 1629/183/154 1632/186/154 1636/185/154 
f 1632/187/55 1631/188/55 1634/189/55 1636/190/55 
f 1635/190/54 1633/189/54 1630/188/54 1629/187/54 
usemtl SPW_Urban_Props_Container_Color02
f 1637/179/28 1638/180/28 1639/181/28 1640/182/28 
f 1638/183/3 1641/184/3 1642/185/3 1639/186/3 
f 1641/180/4 1643/179/4 1644/182/4 1642/181/4 
f 1643/184/1 1637/183/1 1640/186/1 1644/185/1 
f 1640/187/55 1639/188/55 1642/189/55 1644/190/55 
f 1643/190/54 1641/189/54 1638/188/54 1637/187/54 
usemtl SPW_Urban_Props_Container_Color03
f 1645/179/27 1646/180/27 1647/181/27 1648/182/27 
f 1646/183/3 1649/184/3 1650/185/3 1647/186/3 
f 1649/180/4 1651/179/4 1652/182/4 1650/181/4 
f 1651/184/1 1645/183/1 1648/186/1 1652/185/1 
f 1648/187/31 1647/188/31 1650/189/31 1652/190/31 
f 1651/190/54 1649/189/54 1646/188/54 1645/187/54 
usemtl SPW_Urban_Props_Container_Color02
f 1653/179/28 1654/180/28 1655/181/28 1656/182/28 
f 1654/183/3 1657/184/3 1658/185/3 1655/186/3 
f 1657/180/29 1659/179/29 1660/182/29 1658/181/29 
f 1659/184/1 1653/183/1 1656/186/1 1660/185/1 
f 1656/187/31 1655/188/31 1658/189/31 1660/190/31 
f 1659/190/53 1657/189/53 1654/188/53 1653/187/53 
f 1661/179/28 1662/180/28 1663/181/28 1664/182/28 
f 1662/183/3 1665/184/3 1666/185/3 1663/186/3 
f 1665/180/29 1667/179/29 1668/182/29 1666/181/29 
f 1667/184/1 1661/183/1 1664/186/1 1668/185/1 
f 1664/187/31 1663/188/31 1666/189/31 1668/190/31 
f 1667/190/54 1665/189/54 1662/188/54 1661/187/54 
f 1669/179/28 1670/180/28 1671/181/28 1672/182/28 
f 1670/183/3 1673/184/3 1674/185/3 1671/186/3 
f 1673/180/29 1675/179/29 1676/182/29 1674/181/29 
f 1675/184/1 1669/183/1 1672/186/1 1676/185/1 
f 1672/187/7 1671/188/7 1674/189/7 1676/190/7 
f 1675/190/22 1673/189/22 1670/188/22 1669/187/22 
usemtl SPW_Urban_Props_Container_Color03
f 1677/179/28 1678/180/28 1679/181/28 1680/182/28 
f 1678/183/3 1681/184/3 1682/185/3 1679/186/3 
f 1681/180/29 1683/179/29 1684/182/29 1682/181/29 
f 1683/184/1 1677/183/1 1680/186/1 1684/185/1 
f 1680/187/7 1679/188/7 1682/189/7 1684/190/7 
f 1683/190/115 1681/189/115 1678/188/115 1677/187/115 
usemtl SPW_Urban_Props_Container_Color02
f 1685/179/27 1686/180/27 1687/181/27 1688/182/27 
f 1686/183/3 1689/184/3 1690/185/3 1687/186/3 
f 1689/180/4 1691/179/4 1692/182/4 1690/181/4 
f 1691/184/1 1685/183/1 1688/186/1 1692/185/1 
f 1688/187/7 1687/188/7 1690/189/7 1692/190/7 
f 1691/190/22 1689/189/22 1686/188/22 1685/187/22 
usemtl SPW_Urban_Props_Container_Color01
f 1693/179/28 1694/180/28 1695/181/28 1696/182/28 
f 1694/183/3 1697/184/3 1698/185/3 1695/186/3 
f 1697/180/4 1699/179/4 1700/182/4 1698/181/4 
f 1699/184/1 1693/183/1 1696/186/1 1700/185/1 
f 1696/187/5 1695/188/5 1698/189/5 1700/190/5 
f 1699/190/22 1697/189/22 1694/188/22 1693/187/22 
usemtl SPW_Urban_Props_Container_Color02
f 1701/179/28 1702/180/28 1703/181/28 1704/182/28 
f 1702/183/3 1705/184/3 1706/185/3 1703/186/3 
f 1705/180/4 1707/179/4 1708/182/4 1706/181/4 
f 1707/184/1 1701/183/1 1704/186/1 1708/185/1 
f 1704/187/7 1703/188/7 1706/189/7 1708/190/7 
f 1707/190/22 1705/189/22 1702/188/22 1701/187/22 
usemtl SPW_Urban_Props_Container_Color01
f 1709/179/27 1710/180/27 1711/181/27 1712/182/27 
f 1710/183/3 1713/184/3 1714/185/3 1711/186/3 
f 1713/180/4 1715/179/4 1716/182/4 1714/181/4 
f 1715/184/1 1709/183/1 1712/186/1 1716/185/1 
f 1712/187/5 1711/188/5 1714/189/5 1716/190/5 
f 1715/190/22 1713/189/22 1710/188/22 1709/187/22 
f 1717/179/28 1718/180/28 1719/181/28 1720/182/28 
f 1718/183/3 1721/184/3 1722/185/3 1719/186/3 
f 1721/180/29 1723/179/29 1724/182/29 1722/181/29 
f 1723/184/1 1717/183/1 1720/186/1 1724/185/1 
f 1720/187/5 1719/188/5 1722/189/5 1724/190/5 
f 1723/190/22 1721/189/22 1718/188/22 1717/187/22 
usemtl SPW_Urban_Props_Container_Color02
f 1725/179/28 1726/180/28 1727/181/28 1728/182/28 
f 1726/183/3 1729/184/3 1730/185/3 1727/186/3 
f 1729/180/29 1731/179/29 1732/182/29 1730/181/29 
f 1731/184/1 1725/183/1 1728/186/1 1732/185/1 
f 1728/187/5 1727/188/5 1730/189/5 1732/190/5 
f 1731/190/22 1729/189/22 1726/188/22 1725/187/22 
f 1733/179/28 1734/180/28 1735/181/28 1736/182/28 
f 1734/183/3 1737/184/3 1738/185/3 1735/186/3 
f 1737/180/29 1739/179/29 1740/182/29 1738/181/29 
f 1739/184/1 1733/183/1 1736/186/1 1740/185/1 
f 1736/187/5 1735/188/5 1738/189/5 1740/190/5 
f 1739/190/54 1737/189/54 1734/188/54 1733/187/54 
f 1741/179/28 1742/180/28 1743/181/28 1744/182/28 
f 1742/183/3 1745/184/3 1746/185/3 1743/186/3 
f 1745/180/29 1747/179/29 1748/182/29 1746/181/29 
f 1747/184/1 1741/183/1 1744/186/1 1748/185/1 
f 1744/187/5 1743/188/5 1746/189/5 1748/190/5 
f 1747/190/54 1745/189/54 1742/188/54 1741/187/54 
usemtl SPW_Urban_Props_Container_Color03
f 1749/179/27 1750/180/27 1751/181/27 1752/182/27 
f 1750/183/3 1753/184/3 1754/185/3 1751/186/3 
f 1753/180/4 1755/179/4 1756/182/4 1754/181/4 
f 1755/184/1 1749/183/1 1752/186/1 1756/185/1 
f 1752/187/5 1751/188/5 1754/189/5 1756/190/5 
f 1755/190/54 1753/189/54 1750/188/54 1749/187/54 
usemtl SPW_Urban_Props_Container_Color02
f 1757/179/28 1758/180/28 1759/181/28 1760/182/28 
f 1758/183/3 1761/184/3 1762/185/3 1759/186/3 
f 1761/180/4 1763/179/4 1764/182/4 1762/181/4 
f 1763/184/1 1757/183/1 1760/186/1 1764/185/1 
f 1760/187/7 1759/188/7 1762/189/7 1764/190/7 
f 1763/190/54 1761/189/54 1758/188/54 1757/187/54 
# 1468 polygons - 8 triangles

