# ProBuilder 5.0.6
# https://unity3d.com/unity/features/worldbuilding/probuilder
# 12/19/2022 9:09:22 AM

mtllib ./Com.mtl
o Com

g Com
v -25.21271 76.12157 -31.50684
v -13.66364 76.12157 -41.9165
v 29.15129 76.12157 -41.9165
v 29.15129 76.12157 -31.50684
v -25.21271 76.12156 -18.34863
v 29.15129 76.12156 -18.34863
v -12.47265 2.22481 -41.9165
v 27.95913 2.22481 -41.9165
v 27.95913 16.93592 -41.9165
v -12.47265 16.93592 -41.9165
v -25.21272 2.22481 -31.50687
v -14.54832 2.22481 -41.11908
v -14.54832 16.93592 -41.11908
v -25.21272 16.93592 -31.50687
v 29.15129 1.0338 -18.34866
v -25.21272 1.03381 -18.34866
v -25.21272 18.12692 -18.34866
v 29.15129 18.12691 -18.34866
v -25.21271 28.83561 -18.34866
v 29.15129 28.8356 -18.34866
v -25.21271 38.2928 -18.34866
v 29.15129 38.29279 -18.34866
v -25.21271 47.74999 -18.34866
v 29.15129 47.74998 -18.34866
v -25.21271 57.20718 -18.34866
v 29.15129 57.20718 -18.34866
v -25.21271 66.66437 -18.34866
v 29.15129 66.66437 -18.34866
v 29.15129 1.0338 -31.50687
v 29.15129 18.12692 -41.9165
v 29.15129 1.03381 -41.9165
v 29.15129 18.12691 -31.50687
v 29.15129 28.83561 -31.50687
v 29.15129 28.83561 -41.9165
v 29.15129 38.2928 -41.9165
v 29.15129 38.2928 -31.50687
v 29.15129 47.74999 -41.9165
v 29.15129 47.74999 -31.50687
v 29.15129 57.20718 -41.9165
v 29.15129 57.20718 -31.50684
v 29.15129 66.66438 -31.50684
v 29.15129 66.66438 -41.9165
v -24.61721 17.23641 -31.24194
v 28.55579 17.23641 -41.32098
v -13.43488 17.23641 -41.32098
v 28.55579 17.2364 -31.50687
v -24.61721 17.23641 -18.94418
v 28.55579 17.2364 -18.94418
v -25.21271 66.66438 -31.50684
v -13.66364 66.66438 -41.9165
v -13.66365 57.20718 -41.9165
v -25.21271 57.20718 -31.50684
v -25.21271 47.74999 -31.50687
v -13.66365 47.74999 -41.9165
v -25.21271 38.2928 -31.50687
v -13.66365 38.2928 -41.9165
v -25.21271 28.83561 -31.50687
v -13.66365 28.83561 -41.9165
v -13.66365 18.12692 -41.9165
v -25.21272 18.12692 -31.50687
v -25.21272 16.93592 -19.53964
v -25.21272 2.22481 -19.5397
v 28.55579 1.0338 -31.50687
v 28.55579 1.03381 -41.32098
v 28.55579 1.0338 -18.94418
v -13.43488 1.03381 -41.32098
v -24.61722 1.03381 -31.24194
v -24.61722 1.03381 -18.94418
v -29.18649 30.12442 12.36761
v -30.51122 37.19961 12.30975
v -29.18649 37.19961 12.36761
v -30.51122 30.12442 12.30975
v -31.81297 37.19961 12.13837
v -31.81297 30.12442 12.13837
v -33.09483 37.19961 11.85419
v -33.09483 30.12442 11.85419
v -34.34705 37.19961 11.45941
v -34.34705 30.12442 11.45941
v -35.56009 37.19961 10.95691
v -35.56009 30.12442 10.95691
v -36.72472 37.19961 10.35065
v -36.72472 30.12442 10.35065
v -37.83208 37.19961 9.645203
v -37.83208 30.12442 9.645203
v -38.87374 37.19961 8.845886
v -38.87374 30.12442 8.845886
v -39.84177 37.19961 7.958862
v -39.84177 30.12442 7.958862
v -40.72881 37.19961 6.990845
v -40.72881 30.12442 6.990845
v -41.52811 37.19961 5.949158
v -41.52811 30.12442 5.949158
v -42.23357 37.19961 4.841797
v -42.23357 30.12442 4.841797
v -42.83984 37.19962 3.677185
v -42.83984 30.12443 3.677185
v -43.3423 37.19962 2.464111
v -43.3423 30.12443 2.464111
v -43.73712 37.19962 1.211914
v -43.73712 30.12443 1.211914
v -44.0213 37.19962 -0.06994629
v -44.0213 30.12443 -0.06994629
v -44.19268 37.19962 -1.371704
v -44.19268 30.12443 -1.371704
v -44.24995 37.19962 -2.683411
v -44.24995 30.12443 -2.683411
v -44.19268 37.19962 -3.995178
v -44.19268 30.12443 -3.995178
v -44.0213 37.19962 -5.296936
v -44.0213 30.12443 -5.296936
v -43.73712 37.19962 -6.578796
v -43.73712 30.12443 -6.578796
v -43.3423 37.19962 -7.830994
v -43.3423 30.12443 -7.830994
v -42.83984 37.19962 -9.044006
v -42.83984 30.12443 -9.044006
v -42.23357 37.19962 -10.20868
v -42.23357 30.12443 -10.20868
v -41.52811 37.19962 -11.31604
v -41.52811 30.12443 -11.31604
v -40.72881 37.19962 -12.35773
v -40.72881 30.12443 -12.35773
v -39.84177 37.19962 -13.32571
v -39.84177 30.12443 -13.32571
v -38.87374 37.19962 -14.2128
v -38.87374 30.12443 -14.2128
v -37.83208 37.19962 -15.01205
v -37.83208 30.12443 -15.01205
v -36.72472 37.19962 -15.71753
v -36.72472 30.12443 -15.71753
v -35.56009 37.19962 -16.32376
v -35.56009 30.12443 -16.32382
v -34.34705 37.19962 -16.82626
v -34.34705 30.12443 -16.82626
v -33.09483 37.19962 -17.2211
v -33.09483 30.12443 -17.2211
v -31.81297 37.19962 -17.50528
v -31.81297 30.12443 -17.50528
v -30.51122 37.19962 -17.67667
v -30.51122 30.12443 -17.67667
v 30.38843 30.12442 12.36761
v 30.38843 37.19961 12.36761
v 31.71316 30.12442 12.30975
v 31.71316 37.19961 12.30975
v 33.0149 30.12442 12.13837
v 33.0149 37.19961 12.13837
v 34.29678 30.12442 11.85419
v 34.29678 37.19961 11.85419
v 35.549 30.12442 11.45941
v 35.549 37.19961 11.45941
v 36.76202 30.12442 10.95691
v 36.76202 37.19961 10.95691
v 37.92666 30.12442 10.35065
v 37.92666 37.19961 10.35065
v 39.03401 30.12442 9.645203
v 39.03401 37.19961 9.645203
v 40.07568 30.12442 8.845886
v 40.07568 37.19961 8.845886
v 41.0437 30.12442 7.958862
v 41.0437 37.19961 7.958862
v 41.93075 30.12442 6.990845
v 41.93075 37.19961 6.990845
v 42.73004 30.12442 5.949158
v 42.73004 37.19961 5.949158
v 43.43551 30.12442 4.841797
v 43.43551 37.19961 4.841797
v 44.04177 30.12442 3.677185
v 44.04177 37.19961 3.677185
v 44.54424 30.12442 2.464111
v 44.54424 37.19961 2.464111
v 44.93905 30.12442 1.211914
v 44.93905 37.19961 1.211914
v 45.22324 30.12442 -0.06994629
v 45.22324 37.19961 -0.06994629
v 45.39462 30.12442 -1.371704
v 45.39462 37.19961 -1.371704
v 45.45188 30.12442 -2.683411
v 45.45188 37.19961 -2.683411
v 45.39462 30.12442 -3.995178
v 45.39462 37.19961 -3.995178
v 45.22324 30.12442 -5.296936
v 45.22324 37.19961 -5.296936
v 44.93905 30.12442 -6.578796
v 44.93905 37.19961 -6.578796
v 44.54424 30.12442 -7.830994
v 44.54424 37.19961 -7.830994
v 44.04177 30.12442 -9.044006
v 44.04177 37.19961 -9.044006
v 43.43551 30.12442 -10.20868
v 43.43551 37.19961 -10.20868
v 42.73004 30.12442 -11.31604
v 42.73004 37.19961 -11.31604
v 41.93075 30.12442 -12.35773
v 41.93075 37.19961 -12.35773
v 41.0437 30.12442 -13.32571
v 41.0437 37.19961 -13.32571
v 40.07568 30.12442 -14.2128
v 40.07568 37.19961 -14.2128
v 39.03401 30.12442 -15.01205
v 39.03401 37.19961 -15.01205
v 37.92666 30.12442 -15.71753
v 37.92666 37.19961 -15.71753
v 36.76202 30.12442 -16.32382
v 36.76202 37.19961 -16.32376
v 35.549 30.12442 -16.82626
v 35.549 37.19961 -16.82626
v 34.29678 30.12442 -17.2211
v 34.29678 37.19961 -17.2211
v 33.0149 30.12442 -17.50528
v 33.0149 37.19961 -17.50528
v 31.71316 30.12442 -17.67667
v 31.71316 37.19961 -17.67667
v -29.18649 39.58161 12.36761
v -30.51122 46.65681 12.30975
v -29.18649 46.65681 12.36761
v -30.51122 39.58161 12.30975
v -31.81297 46.65681 12.13837
v -31.81297 39.58161 12.13837
v -33.09483 46.65681 11.85419
v -33.09483 39.58161 11.85419
v -34.34705 46.65681 11.45941
v -34.34705 39.58161 11.45941
v -35.56009 46.65681 10.95697
v -35.56009 39.58161 10.95691
v -36.72472 46.65681 10.35065
v -36.72472 39.58161 10.35065
v -37.83208 46.65681 9.645203
v -37.83208 39.58161 9.645203
v -38.87374 46.65681 8.845886
v -38.87374 39.58161 8.845886
v -39.84177 46.65681 7.958862
v -39.84177 39.58161 7.958862
v -40.72881 46.65681 6.990845
v -40.72881 39.58161 6.990845
v -41.52811 46.65681 5.949158
v -41.52811 39.58161 5.949158
v -42.23357 46.65681 4.841797
v -42.23357 39.58161 4.841797
v -42.83984 46.65681 3.677185
v -42.83984 39.58162 3.677185
v -43.3423 46.65681 2.464111
v -43.3423 39.58162 2.464111
v -43.73712 46.65681 1.211914
v -43.73712 39.58162 1.211914
v -44.0213 46.65681 -0.06994629
v -44.0213 39.58162 -0.06994629
v -44.19268 46.65681 -1.371704
v -44.19268 39.58162 -1.371704
v -44.24995 46.65681 -2.683411
v -44.24995 39.58162 -2.683411
v -44.19268 46.65681 -3.995178
v -44.19268 39.58162 -3.995178
v -44.0213 46.65681 -5.296936
v -44.0213 39.58162 -5.296936
v -43.73712 46.65681 -6.578796
v -43.73712 39.58162 -6.578796
v -43.3423 46.65681 -7.830994
v -43.3423 39.58162 -7.830994
v -42.83984 46.65681 -9.044006
v -42.83984 39.58162 -9.044006
v -42.23357 46.65681 -10.20868
v -42.23357 39.58162 -10.20868
v -41.52811 46.65681 -11.31598
v -41.52811 39.58162 -11.31604
v -40.72881 46.65681 -12.35773
v -40.72881 39.58162 -12.35773
v -39.84177 46.65681 -13.32571
v -39.84177 39.58162 -13.32571
v -38.87374 46.65681 -14.2128
v -38.87374 39.58162 -14.2128
v -37.83208 46.65681 -15.01205
v -37.83208 39.58162 -15.01205
v -36.72472 46.65681 -15.71753
v -36.72472 39.58162 -15.71753
v -35.56009 46.65681 -16.32376
v -35.56009 39.58162 -16.32376
v -34.34705 46.65681 -16.82626
v -34.34705 39.58162 -16.82626
v -33.09483 46.65681 -17.2211
v -33.09483 39.58162 -17.2211
v -31.81297 46.65681 -17.50528
v -31.81297 39.58162 -17.50528
v -30.51122 46.65681 -17.67667
v -30.51122 39.58162 -17.67667
v 30.38843 39.58161 12.36761
v 30.38843 46.6568 12.36761
v 31.71316 39.58161 12.30975
v 31.71316 46.6568 12.30975
v 33.0149 39.58161 12.13837
v 33.0149 46.6568 12.13837
v 34.29678 39.58161 11.85419
v 34.29678 46.6568 11.85419
v 35.549 39.58161 11.45941
v 35.549 46.6568 11.45941
v 36.76202 39.58161 10.95691
v 36.76202 46.6568 10.95697
v 37.92666 39.58161 10.35065
v 37.92666 46.6568 10.35065
v 39.03401 39.58161 9.645203
v 39.03401 46.6568 9.645203
v 40.07568 39.58161 8.845886
v 40.07568 46.6568 8.845886
v 41.0437 39.58161 7.958862
v 41.0437 46.6568 7.958862
v 41.93075 39.58161 6.990845
v 41.93075 46.6568 6.990845
v 42.73004 39.58161 5.949158
v 42.73004 46.6568 5.949158
v 43.43551 39.58161 4.841797
v 43.43551 46.6568 4.841797
v 44.04177 39.58161 3.677185
v 44.04177 46.6568 3.677185
v 44.54424 39.58161 2.464111
v 44.54424 46.6568 2.464111
v 44.93905 39.58161 1.211914
v 44.93905 46.6568 1.211914
v 45.22324 39.58161 -0.06994629
v 45.22324 46.6568 -0.06994629
v 45.39462 39.58161 -1.371704
v 45.39462 46.6568 -1.371704
v 45.45188 39.58161 -2.683411
v 45.45188 46.6568 -2.683411
v 45.39462 39.58161 -3.995178
v 45.39462 46.6568 -3.995178
v 45.22324 39.58161 -5.296936
v 45.22324 46.6568 -5.296936
v 44.93905 39.58161 -6.578796
v 44.93905 46.6568 -6.578796
v 44.54424 39.58161 -7.830994
v 44.54424 46.65681 -7.830994
v 44.04177 39.58161 -9.044006
v 44.04177 46.65681 -9.044006
v 43.43551 39.58161 -10.20868
v 43.43551 46.65681 -10.20868
v 42.73004 39.58161 -11.31604
v 42.73004 46.65681 -11.31598
v 41.93075 39.58161 -12.35773
v 41.93075 46.65681 -12.35773
v 41.0437 39.58161 -13.32571
v 41.0437 46.65681 -13.32571
v 40.07568 39.58161 -14.2128
v 40.07568 46.65681 -14.2128
v 39.03401 39.58161 -15.01205
v 39.03401 46.65681 -15.01205
v 37.92666 39.58161 -15.71753
v 37.92666 46.65681 -15.71753
v 36.76202 39.58161 -16.32376
v 36.76202 46.65681 -16.32376
v 35.549 39.58161 -16.82626
v 35.549 46.65681 -16.82626
v 34.29678 39.58161 -17.2211
v 34.29678 46.65681 -17.2211
v 33.0149 39.58161 -17.50528
v 33.0149 46.65681 -17.50528
v 31.71316 39.58161 -17.67667
v 31.71316 46.65681 -17.67667
v -29.18649 49.0388 12.36761
v -30.51122 56.114 12.30975
v -29.18649 56.114 12.36761
v -30.51122 49.0388 12.30975
v -31.81297 56.114 12.13837
v -31.81297 49.0388 12.13837
v -33.09483 56.114 11.85419
v -33.09483 49.0388 11.85419
v -34.34705 56.114 11.45941
v -34.34705 49.0388 11.45941
v -35.56009 56.114 10.95697
v -35.56009 49.0388 10.95697
v -36.72472 56.114 10.35065
v -36.72472 49.0388 10.35065
v -37.83207 56.114 9.645203
v -37.83208 49.0388 9.645203
v -38.87374 56.114 8.845886
v -38.87374 49.0388 8.845886
v -39.84177 56.114 7.958862
v -39.84177 49.0388 7.958862
v -40.72881 56.114 6.990845
v -40.72881 49.0388 6.990845
v -41.5281 56.114 5.949158
v -41.52811 49.0388 5.949158
v -42.23357 56.114 4.841797
v -42.23357 49.0388 4.841797
v -42.83984 56.114 3.677185
v -42.83984 49.03881 3.677185
v -43.34229 56.114 2.464111
v -43.3423 49.03881 2.464111
v -43.73712 56.114 1.211914
v -43.73712 49.03881 1.211914
v -44.0213 56.114 -0.06994629
v -44.0213 49.03881 -0.06994629
v -44.19268 56.114 -1.371704
v -44.19268 49.03881 -1.371704
v -44.24995 56.11401 -2.683411
v -44.24995 49.03881 -2.683411
v -44.19268 56.11401 -3.995178
v -44.19268 49.03881 -3.995178
v -44.0213 56.11401 -5.296936
v -44.0213 49.03881 -5.296936
v -43.73712 56.11401 -6.578796
v -43.73712 49.03881 -6.578796
v -43.34229 56.11401 -7.830994
v -43.3423 49.03881 -7.830994
v -42.83984 56.11401 -9.044006
v -42.83984 49.03881 -9.044006
v -42.23357 56.11401 -10.20868
v -42.23357 49.03881 -10.20868
v -41.5281 56.11401 -11.31598
v -41.52811 49.03881 -11.31598
v -40.72881 56.11401 -12.35773
v -40.72881 49.03881 -12.35773
v -39.84177 56.11401 -13.32571
v -39.84177 49.03881 -13.32571
v -38.87374 56.11401 -14.2128
v -38.87374 49.03881 -14.2128
v -37.83207 56.11401 -15.01205
v -37.83208 49.03881 -15.01205
v -36.72472 56.11401 -15.71753
v -36.72472 49.03881 -15.71753
v -35.56009 56.11401 -16.32376
v -35.56009 49.03881 -16.32376
v -34.34705 56.11401 -16.82626
v -34.34705 49.03881 -16.82626
v -33.09483 56.114 -17.2211
v -33.09483 49.03881 -17.2211
v -31.81297 56.114 -17.50528
v -31.81297 49.03881 -17.50528
v -30.51122 56.114 -17.67667
v -30.51122 49.03881 -17.67667
v 30.38843 49.0388 12.36761
v 30.38843 56.114 12.36761
v 31.71316 49.0388 12.30975
v 31.71316 56.114 12.30975
v 33.0149 49.0388 12.13837
v 33.01492 56.114 12.13837
v 34.29678 49.0388 11.85419
v 34.29678 56.114 11.85419
v 35.549 49.0388 11.45941
v 35.549 56.11399 11.45941
v 36.76202 49.0388 10.95697
v 36.76202 56.11399 10.95697
v 37.92666 49.0388 10.35065
v 37.92666 56.11399 10.35065
v 39.03401 49.0388 9.645203
v 39.03401 56.11399 9.645203
v 40.07568 49.0388 8.845886
v 40.07568 56.11399 8.845886
v 41.0437 49.0388 7.958862
v 41.04372 56.11399 7.958862
v 41.93075 49.0388 6.990845
v 41.93075 56.11399 6.990845
v 42.73004 49.0388 5.949158
v 42.73004 56.11399 5.949158
v 43.43551 49.0388 4.841797
v 43.43551 56.11399 4.841797
v 44.04177 49.0388 3.677185
v 44.04177 56.11399 3.677185
v 44.54424 49.0388 2.464111
v 44.54424 56.11399 2.464111
v 44.93905 49.0388 1.211914
v 44.93906 56.11399 1.211914
v 45.22324 49.0388 -0.06994629
v 45.22324 56.11399 -0.06994629
v 45.39462 49.0388 -1.371704
v 45.39462 56.11399 -1.371704
v 45.45188 49.0388 -2.683411
v 45.4519 56.114 -2.683411
v 45.39462 49.0388 -3.995178
v 45.39462 56.114 -3.995178
v 45.22324 49.0388 -5.296936
v 45.22324 56.114 -5.296936
v 44.93905 49.0388 -6.578796
v 44.93906 56.114 -6.578796
v 44.54424 49.0388 -7.830994
v 44.54424 56.114 -7.830994
v 44.04177 49.0388 -9.044006
v 44.04177 56.114 -9.044006
v 43.43551 49.0388 -10.20868
v 43.43551 56.114 -10.20868
v 42.73004 49.0388 -11.31598
v 42.73004 56.114 -11.31598
v 41.93075 49.0388 -12.35773
v 41.93075 56.114 -12.35773
v 41.0437 49.0388 -13.32571
v 41.04372 56.114 -13.32571
v 40.07568 49.0388 -14.2128
v 40.07568 56.114 -14.2128
v 39.03401 49.0388 -15.01205
v 39.03401 56.114 -15.01205
v 37.92666 49.0388 -15.71753
v 37.92666 56.114 -15.71753
v 36.76202 49.0388 -16.32376
v 36.76202 56.114 -16.32376
v 35.549 49.0388 -16.82626
v 35.549 56.114 -16.82626
v 34.29678 49.0388 -17.2211
v 34.29678 56.114 -17.2211
v 33.0149 49.0388 -17.50528
v 33.01492 56.114 -17.50528
v 31.71316 49.0388 -17.67667
v 31.71316 56.114 -17.67667
v -29.18649 58.49599 12.36761
v -30.51122 65.57119 12.30975
v -29.18649 65.57119 12.36761
v -30.51122 58.49599 12.30975
v -31.81297 65.57119 12.13837
v -31.81297 58.49599 12.13837
v -33.09483 65.57119 11.85419
v -33.09483 58.49599 11.85419
v -34.34705 65.57119 11.45941
v -34.34705 58.496 11.45941
v -35.56009 65.57119 10.95697
v -35.56009 58.496 10.95697
v -36.72472 65.57119 10.35065
v -36.72472 58.496 10.35065
v -37.83207 65.57119 9.645203
v -37.83207 58.496 9.645203
v -38.87374 65.57119 8.845886
v -38.87374 58.496 8.845886
v -39.84177 65.57119 7.958862
v -39.84177 58.496 7.958862
v -40.72881 65.57119 6.990845
v -40.72881 58.496 6.990845
v -41.5281 65.57119 5.949158
v -41.5281 58.496 5.949158
v -42.23357 65.57119 4.841797
v -42.23357 58.496 4.841797
v -42.83984 65.57119 3.677185
v -42.83984 58.496 3.677185
v -43.34229 65.57119 2.464111
v -43.34229 58.496 2.464111
v -43.73712 65.57119 1.211914
v -43.73712 58.496 1.211914
v -44.0213 65.57119 -0.06994629
v -44.0213 58.496 -0.06994629
v -44.19268 65.57119 -1.371704
v -44.19268 58.496 -1.371704
v -44.24995 65.5712 -2.683411
v -44.24995 58.496 -2.683411
v -44.19268 65.5712 -3.995178
v -44.19268 58.496 -3.995178
v -44.0213 65.5712 -5.296936
v -44.0213 58.496 -5.296936
v -43.73712 65.5712 -6.578796
v -43.73712 58.496 -6.578796
v -43.34229 65.5712 -7.830994
v -43.34229 58.496 -7.830994
v -42.83984 65.5712 -9.044006
v -42.83984 58.496 -9.044006
v -42.23357 65.5712 -10.20868
v -42.23357 58.496 -10.20868
v -41.5281 65.5712 -11.31598
v -41.5281 58.496 -11.31598
v -40.72881 65.5712 -12.35773
v -40.72881 58.496 -12.35773
v -39.84177 65.5712 -13.32571
v -39.84177 58.496 -13.32571
v -38.87374 65.5712 -14.21274
v -38.87374 58.496 -14.2128
v -37.83207 65.5712 -15.01205
v -37.83207 58.496 -15.01205
v -36.72472 65.5712 -15.71753
v -36.72472 58.496 -15.71753
v -35.56009 65.5712 -16.32376
v -35.56009 58.496 -16.32376
v -34.34705 65.5712 -16.82626
v -34.34705 58.496 -16.82626
v -33.09483 65.57119 -17.2211
v -33.09483 58.496 -17.2211
v -31.81297 65.57119 -17.50528
v -31.81297 58.496 -17.50528
v -30.51122 65.57119 -17.67667
v -30.51122 58.496 -17.67667
v 30.38843 58.49599 12.36761
v 30.38843 65.57119 12.36761
v 31.71316 58.49599 12.30975
v 31.71316 65.57119 12.30975
v 33.01492 58.49599 12.13837
v 33.01492 65.57119 12.13837
v 34.29678 58.49599 11.85419
v 34.29678 65.57119 11.85419
v 35.549 58.49598 11.45941
v 35.549 65.57118 11.45941
v 36.76202 58.49598 10.95697
v 36.76202 65.57118 10.95697
v 37.92666 58.49598 10.35065
v 37.92666 65.57118 10.35065
v 39.03401 58.49598 9.645203
v 39.03401 65.57118 9.645203
v 40.07568 58.49598 8.845886
v 40.07568 65.57118 8.845886
v 41.04372 58.49598 7.958862
v 41.04372 65.57118 7.958862
v 41.93075 58.49598 6.990845
v 41.93075 65.57118 6.990845
v 42.73004 58.49598 5.949158
v 42.73004 65.57118 5.949158
v 43.43551 58.49598 4.841797
v 43.43551 65.57118 4.841797
v 44.04177 58.49598 3.677185
v 44.04177 65.57118 3.677185
v 44.54424 58.49598 2.464111
v 44.54424 65.57118 2.464111
v 44.93906 58.49598 1.211914
v 44.93906 65.57118 1.211914
v 45.22324 58.49598 -0.06994629
v 45.22324 65.57118 -0.06994629
v 45.39462 58.49598 -1.371704
v 45.39462 65.57118 -1.371704
v 45.4519 58.49599 -2.683411
v 45.4519 65.57119 -2.683411
v 45.39462 58.49599 -3.995178
v 45.39462 65.57119 -3.995178
v 45.22324 58.49599 -5.296936
v 45.22324 65.57119 -5.296936
v 44.93906 58.49599 -6.578796
v 44.93906 65.57119 -6.578796
v 44.54424 58.49599 -7.830994
v 44.54424 65.57119 -7.830994
v 44.04177 58.49599 -9.044006
v 44.04177 65.57119 -9.044006
v 43.43551 58.49599 -10.20868
v 43.43551 65.57119 -10.20868
v 42.73004 58.49599 -11.31598
v 42.73004 65.57119 -11.31598
v 41.93075 58.49599 -12.35773
v 41.93075 65.57119 -12.35773
v 41.04372 58.49599 -13.32571
v 41.04372 65.57119 -13.32571
v 40.07568 58.49599 -14.2128
v 40.07568 65.57119 -14.21274
v 39.03401 58.49599 -15.01205
v 39.03401 65.57119 -15.01205
v 37.92666 58.49599 -15.71753
v 37.92666 65.57119 -15.71753
v 36.76202 58.49599 -16.32376
v 36.76202 65.57119 -16.32376
v 35.549 58.49599 -16.82626
v 35.549 65.57119 -16.82626
v 34.29678 58.496 -17.2211
v 34.29678 65.57119 -17.2211
v 33.01492 58.496 -17.50528
v 33.01492 65.57119 -17.50528
v 31.71316 58.496 -17.67667
v 31.71316 65.57119 -17.67667
v -29.18649 67.95319 12.36761
v -30.51122 75.02838 12.30975
v -29.18649 75.02838 12.36761
v -30.51122 67.95319 12.30975
v -31.81297 75.02838 12.13837
v -31.81297 67.95319 12.13837
v -33.09483 75.02838 11.85419
v -33.09483 67.95319 11.85419
v -34.34705 75.02838 11.45941
v -34.34705 67.95319 11.45941
v -35.56009 75.02838 10.95697
v -35.56009 67.95319 10.95697
v -36.72472 75.02838 10.35065
v -36.72472 67.95319 10.35065
v -37.83207 75.02838 9.645203
v -37.83207 67.95319 9.645203
v -38.87374 75.02838 8.845886
v -38.87374 67.95319 8.845886
v -39.84177 75.02838 7.958862
v -39.84177 67.95319 7.958862
v -40.72881 75.02838 6.990845
v -40.72881 67.95319 6.990845
v -41.5281 75.02838 5.949158
v -41.5281 67.95319 5.949158
v -42.23357 75.02838 4.841797
v -42.23357 67.95319 4.841797
v -42.83984 75.02838 3.677185
v -42.83984 67.95319 3.677185
v -43.34229 75.02838 2.464111
v -43.34229 67.95319 2.464111
v -43.73712 75.02838 1.211914
v -43.73712 67.95319 1.211914
v -44.0213 75.02838 -0.06994629
v -44.0213 67.95319 -0.06994629
v -44.19268 75.02838 -1.371704
v -44.19268 67.95319 -1.371704
v -44.24995 75.02839 -2.683411
v -44.24995 67.9532 -2.683411
v -44.19268 75.02839 -3.995178
v -44.19268 67.9532 -3.995178
v -44.0213 75.02839 -5.296936
v -44.0213 67.9532 -5.296936
v -43.73712 75.02839 -6.578796
v -43.73712 67.9532 -6.578796
v -43.34229 75.02839 -7.830994
v -43.34229 67.9532 -7.830994
v -42.83984 75.02839 -9.044006
v -42.83984 67.9532 -9.044006
v -42.23357 75.02839 -10.20868
v -42.23357 67.9532 -10.20868
v -41.5281 75.02839 -11.31598
v -41.5281 67.9532 -11.31598
v -40.72881 75.02839 -12.35773
v -40.72881 67.9532 -12.35773
v -39.84177 75.02839 -13.32571
v -39.84177 67.9532 -13.32571
v -38.87374 75.02839 -14.21274
v -38.87374 67.9532 -14.21274
v -37.83207 75.02839 -15.01205
v -37.83207 67.9532 -15.01205
v -36.72472 75.02839 -15.71753
v -36.72472 67.9532 -15.71753
v -35.56009 75.02839 -16.32376
v -35.56009 67.9532 -16.32376
v -34.34705 75.02839 -16.82626
v -34.34705 67.9532 -16.82626
v -33.09483 75.02838 -17.2211
v -33.09483 67.95319 -17.2211
v -31.81297 75.02838 -17.50528
v -31.81297 67.95319 -17.50528
v -30.51122 75.02838 -17.67661
v -30.51122 67.95319 -17.67667
v 30.38843 67.95319 12.36761
v 30.38843 75.02838 12.36761
v 31.71316 67.95319 12.30975
v 31.71316 75.02838 12.30975
v 33.01492 67.95319 12.13837
v 33.01492 75.02838 12.13837
v 34.29678 67.95319 11.85419
v 34.29678 75.02838 11.85419
v 35.549 67.95318 11.45941
v 35.549 75.02837 11.45941
v 36.76202 67.95318 10.95697
v 36.76202 75.02837 10.95697
v 37.92666 67.95318 10.35065
v 37.92666 75.02837 10.35065
v 39.03401 67.95318 9.645203
v 39.03401 75.02837 9.645203
v 40.07568 67.95318 8.845886
v 40.07568 75.02837 8.845886
v 41.04372 67.95318 7.958862
v 41.04372 75.02837 7.958862
v 41.93075 67.95318 6.990845
v 41.93075 75.02837 6.990845
v 42.73004 67.95318 5.949158
v 42.73004 75.02837 5.949158
v 43.43551 67.95318 4.841797
v 43.43551 75.02837 4.841797
v 44.04177 67.95318 3.677185
v 44.04177 75.02837 3.677185
v 44.54424 67.95318 2.464111
v 44.54424 75.02837 2.464111
v 44.93906 67.95318 1.211914
v 44.93906 75.02837 1.211914
v 45.22324 67.95318 -0.06994629
v 45.22324 75.02837 -0.06994629
v 45.39462 67.95318 -1.371704
v 45.39462 75.02837 -1.371704
v 45.4519 67.95319 -2.683411
v 45.4519 75.02838 -2.683411
v 45.39462 67.95319 -3.995178
v 45.39462 75.02838 -3.995178
v 45.22324 67.95319 -5.296936
v 45.22324 75.02838 -5.296936
v 44.93906 67.95319 -6.578796
v 44.93906 75.02838 -6.578796
v 44.54424 67.95319 -7.830994
v 44.54424 75.02838 -7.830994
v 44.04177 67.95319 -9.044006
v 44.04177 75.02838 -9.044006
v 43.43551 67.95319 -10.20868
v 43.43551 75.02838 -10.20868
v 42.73004 67.95319 -11.31598
v 42.73004 75.02838 -11.31598
v 41.93075 67.95319 -12.35773
v 41.93075 75.02838 -12.35773
v 41.04372 67.95319 -13.32571
v 41.04372 75.02838 -13.32571
v 40.07568 67.95319 -14.21274
v 40.07568 75.02838 -14.21274
v 39.03401 67.95319 -15.01205
v 39.03401 75.02838 -15.01205
v 37.92666 67.95319 -15.71753
v 37.92666 75.02838 -15.71753
v 36.76202 67.95319 -16.32376
v 36.76202 75.02838 -16.32376
v 35.549 67.95319 -16.82626
v 35.549 75.02838 -16.82626
v 34.29678 67.95319 -17.2211
v 34.29678 75.02838 -17.2211
v 33.01492 67.95319 -17.50528
v 33.01492 75.02838 -17.50528
v 31.71316 67.95319 -17.67667
v 31.71316 75.02838 -17.67661
v -29.18649 20.66723 12.36761
v -30.51122 27.74242 12.30975
v -29.18649 27.74242 12.36761
v -30.51122 20.66723 12.30975
v -31.81297 27.74242 12.13837
v -31.81297 20.66723 12.13837
v -33.09483 27.74242 11.85419
v -33.09483 20.66723 11.85419
v -34.34705 27.74242 11.45941
v -34.34705 20.66723 11.45941
v -35.56009 27.74242 10.95691
v -35.56009 20.66723 10.95691
v -36.72472 27.74242 10.35065
v -36.72472 20.66723 10.35065
v -37.83208 27.74242 9.645203
v -37.83208 20.66723 9.645203
v -38.87374 27.74242 8.845886
v -38.87374 20.66723 8.845886
v -39.84177 27.74242 7.958862
v -39.84177 20.66723 7.958862
v -40.72881 27.74242 6.990845
v -40.72881 20.66723 6.990845
v -41.52811 27.74242 5.949158
v -41.52811 20.66723 5.949158
v -42.23357 27.74242 4.841797
v -42.23357 20.66723 4.841797
v -42.83984 27.74243 3.677185
v -42.83984 20.66723 3.677185
v -43.3423 27.74243 2.464111
v -43.3423 20.66723 2.464111
v -43.73712 27.74243 1.211914
v -43.73712 20.66724 1.211914
v -44.0213 27.74243 -0.06994629
v -44.0213 20.66724 -0.06994629
v -44.19268 27.74243 -1.371704
v -44.19268 20.66724 -1.371704
v -44.24995 27.74243 -2.683411
v -44.24995 20.66724 -2.683411
v -44.19268 27.74243 -3.995178
v -44.19268 20.66724 -3.995178
v -44.0213 27.74243 -5.296936
v -44.0213 20.66724 -5.296936
v -43.73712 27.74243 -6.578796
v -43.73712 20.66724 -6.578796
v -43.3423 27.74243 -7.830994
v -43.3423 20.66724 -7.830994
v -42.83984 27.74243 -9.044006
v -42.83984 20.66724 -9.044006
v -42.23357 27.74243 -10.20868
v -42.23357 20.66724 -10.20868
v -41.52811 27.74243 -11.31604
v -41.52811 20.66724 -11.31604
v -40.72881 27.74243 -12.35773
v -40.72881 20.66724 -12.35773
v -39.84177 27.74243 -13.32571
v -39.84177 20.66724 -13.32571
v -38.87374 27.74243 -14.2128
v -38.87374 20.66724 -14.2128
v -37.83208 27.74243 -15.01205
v -37.83208 20.66724 -15.01205
v -36.72472 27.74243 -15.71753
v -36.72472 20.66724 -15.71753
v -35.56009 27.74243 -16.32382
v -35.56009 20.66724 -16.32382
v -34.34705 27.74243 -16.82626
v -34.34705 20.66724 -16.82626
v -33.09483 27.74243 -17.2211
v -33.09483 20.66724 -17.2211
v -31.81297 27.74243 -17.50528
v -31.81297 20.66724 -17.50528
v -30.51122 27.74243 -17.67667
v -30.51122 20.66724 -17.67667
v -30.36338 27.74243 -17.68311
v -30.36338 20.66724 -17.68311
v 30.38843 20.66723 12.36761
v 30.38843 27.74242 12.36761
v 31.71316 20.66723 12.30975
v 31.71316 27.74242 12.30975
v 33.0149 20.66723 12.13837
v 33.0149 27.74242 12.13837
v 34.29678 20.66723 11.85419
v 34.29678 27.74242 11.85419
v 35.549 20.66723 11.45941
v 35.549 27.74242 11.45941
v 36.76202 20.66723 10.95691
v 36.76202 27.74242 10.95691
v 37.92666 20.66723 10.35065
v 37.92666 27.74242 10.35065
v 39.03401 20.66723 9.645203
v 39.03401 27.74242 9.645203
v 40.07568 20.66723 8.845886
v 40.07568 27.74242 8.845886
v 41.0437 20.66723 7.958862
v 41.0437 27.74242 7.958862
v 41.93075 20.66723 6.990845
v 41.93075 27.74242 6.990845
v 42.73004 20.66723 5.949158
v 42.73004 27.74242 5.949158
v 43.43551 20.66723 4.841797
v 43.43551 27.74242 4.841797
v 44.04177 20.66723 3.677185
v 44.04177 27.74242 3.677185
v 44.54424 20.66723 2.464111
v 44.54424 27.74242 2.464111
v 44.93905 20.66723 1.211914
v 44.93905 27.74242 1.211914
v 45.22324 20.66723 -0.06994629
v 45.22324 27.74242 -0.06994629
v 45.39462 20.66723 -1.371704
v 45.39462 27.74242 -1.371704
v 45.45188 20.66723 -2.683411
v 45.45188 27.74242 -2.683411
v 45.39462 20.66723 -3.995178
v 45.39462 27.74242 -3.995178
v 45.22324 20.66723 -5.296936
v 45.22324 27.74242 -5.296936
v 44.93905 20.66723 -6.578796
v 44.93905 27.74242 -6.578796
v 44.54424 20.66723 -7.830994
v 44.54424 27.74242 -7.830994
v 44.04177 20.66723 -9.044006
v 44.04177 27.74242 -9.044006
v 43.43551 20.66723 -10.20868
v 43.43551 27.74242 -10.20868
v 42.73004 20.66723 -11.31604
v 42.73004 27.74242 -11.31604
v 41.93075 20.66723 -12.35773
v 41.93075 27.74242 -12.35773
v 41.0437 20.66723 -13.32571
v 41.0437 27.74242 -13.32571
v 40.07568 20.66723 -14.2128
v 40.07568 27.74242 -14.2128
v 39.03401 20.66723 -15.01205
v 39.03401 27.74242 -15.01205
v 37.92666 20.66723 -15.71753
v 37.92666 27.74242 -15.71753
v 36.76202 20.66723 -16.32382
v 36.76202 27.74242 -16.32382
v 35.549 20.66723 -16.82626
v 35.549 27.74242 -16.82626
v 34.29678 20.66723 -17.2211
v 34.29678 27.74242 -17.2211
v 33.0149 20.66723 -17.50528
v 33.0149 27.74242 -17.50528
v 31.71316 20.66723 -17.67667
v 31.71316 27.74242 -17.67667
v 31.56531 20.66723 -17.68311
v 31.56531 27.74242 -17.68311
v -43.51413 1.0278 -7.90625
v -43.15683 1.0278 -7.90625
v -43.15683 15.91624 -7.90625
v -43.51413 15.91624 -7.90625
v -43.15683 1.0278 2.54425
v -43.51413 1.0278 2.54425
v -43.51413 15.91623 2.54425
v -43.15683 15.91623 2.54425
v -43.15683 1.0278 -2.637085
v -43.15683 15.91623 -2.637085
v -43.51413 15.91623 -2.637085
v -43.51413 1.0278 -2.637085
v -43.39503 15.44527 -7.419067
v -43.39503 1.5602 -7.419067
v -43.51413 1.5602 -7.419067
v -43.51413 15.44527 -7.419067
v -43.39503 15.44527 -2.932922
v -43.51413 15.44527 -2.932922
v -43.39503 1.5602 -2.932922
v -43.51413 1.5602 -2.932922
v -43.39503 15.44527 2.102356
v -43.39503 15.44527 -2.341248
v -43.51413 15.44527 -2.341248
v -43.51413 15.44527 2.102356
v -43.39503 1.5602 2.102356
v -43.51413 1.5602 2.102356
v -43.39503 1.5602 -2.341248
v -43.51413 1.5602 -2.341248
v -37.49019 85.12188 -14.52377
v -29.19948 85.12188 -2.683411
v -36.42668 85.12188 -15.20132
v -40.2722 85.12188 6.607666
v -41.03983 85.12188 5.6073
v -30.45927 85.12188 -17.08279
v -29.1735 85.12188 -17.13895
v -31.70946 85.12188 -16.91824
v -32.94056 85.12188 -16.64529
v -34.14318 85.12188 -16.26611
v -35.30818 85.12188 -15.7836
v -42.29962 85.12188 -8.792114
v -41.71736 85.12188 -9.910645
v -41.03983 85.12188 -10.97412
v -42.78217 85.12188 -7.627136
v -39.42029 85.12188 -12.90424
v -38.49059 85.12188 -13.75613
v -40.2722 85.12188 -11.97455
v -43.16136 85.12188 -6.4245
v -43.43429 85.12188 -5.19342
v -43.59888 85.12188 -3.943176
v -43.65388 85.12188 -2.683411
v -43.59888 85.12188 -1.423645
v -42.78217 85.12188 2.260254
v -43.16136 85.12188 1.057617
v -37.49019 85.12188 9.156921
v -38.49059 85.12188 8.389282
v -35.30818 85.12188 10.41669
v -36.42668 85.12188 9.834412
v -43.43429 85.12188 -0.1734009
v -34.14318 85.12187 10.89929
v -32.94056 85.12187 11.27844
v -31.70946 85.12187 11.55139
v -30.45927 85.12187 11.716
v -29.1735 85.12187 11.77216
v -41.71736 85.12188 4.543762
v -42.29962 85.12188 3.425232
v -39.42029 85.12188 7.537354
v 14.53677 2.22481 -41.94241
v 14.53677 16.93592 -41.94241
v 13.34577 16.93592 -41.94241
v 13.34576 2.22481 -41.94241
v 4.373138 2.22481 -41.94241
v 4.373154 16.93592 -41.94241
v 3.927231 16.93592 -41.94241
v 3.927231 2.22481 -41.94241
v 12.24178 2.22481 -41.94241
v 12.24178 16.93592 -41.94241
v 11.79586 16.93592 -41.94241
v 11.79586 2.22481 -41.94241
v 2.689117 2.22481 -41.94241
v 2.689117 16.93592 -41.94241
v 1.498108 16.93592 -41.94241
v 1.498108 2.22481 -41.94241
v -15.59154 74.83276 -44.67059
v 30.3423 74.83276 -44.67059
v 30.3423 77.41039 -44.67059
v -15.59154 77.41039 -44.67059
v -29.13735 74.83276 -31.50684
v -29.13735 77.41039 -31.50684
v 30.3423 74.83276 -18.34311
v -29.13735 74.83276 -18.34311
v -29.13735 77.41039 -18.34311
v 30.3423 77.41039 -18.34311
v 30.3423 74.83276 -31.50684
v 30.3423 77.41039 -31.50684
v 29.15129 76.21938 -31.50684
v 29.15129 76.21938 -43.47964
v 29.15129 77.41039 -43.47964
v 29.15129 77.41039 -31.50684
v 29.15129 76.21938 -19.53409
v 29.15129 77.41039 -19.53409
v -15.10816 76.21938 -43.47964
v -15.10816 77.41039 -43.47964
v -27.94635 76.21938 -31.00351
v -27.94635 77.41039 -31.00351
v -27.94635 76.21938 -19.53409
v -27.94635 77.41039 -19.53409
v -15.59154 65.37556 -44.67059
v 30.3423 65.37556 -44.67059
v 30.3423 67.9532 -44.67059
v -15.59154 67.9532 -44.67059
v -29.13735 65.37556 -31.50684
v -29.13735 67.9532 -31.50684
v 30.3423 65.37555 -18.34311
v -29.13735 65.37555 -18.34311
v -29.13735 67.95319 -18.34311
v 30.3423 67.95319 -18.34311
v 30.3423 65.37556 -31.50684
v 30.3423 67.9532 -31.50684
v -15.10816 66.76219 -43.47964
v 29.15129 66.76219 -43.47964
v 29.15129 66.76219 -31.50684
v -27.94635 66.76219 -31.00351
v 29.15129 66.76219 -19.53409
v -27.94635 66.76219 -19.53409
v 29.15129 67.9532 -43.47964
v 29.15129 67.9532 -31.50684
v 29.15129 67.95319 -19.53409
v -15.10816 67.9532 -43.47964
v -27.94635 67.9532 -31.00351
v -27.94635 67.95319 -19.53409
v -15.59154 55.91837 -44.67059
v 30.3423 55.91837 -44.67059
v 30.3423 58.496 -44.67059
v -15.59154 58.496 -44.67059
v -29.13735 55.91837 -31.50684
v -29.13735 58.496 -31.50684
v 30.3423 55.91836 -18.34311
v -29.13735 55.91836 -18.34311
v -29.13735 58.496 -18.34311
v 30.3423 58.496 -18.34311
v 30.3423 55.91837 -31.50684
v 30.3423 58.496 -31.50684
v -15.10816 57.305 -43.47964
v 29.15129 57.305 -43.47964
v 29.15129 57.305 -31.50684
v -27.94635 57.305 -31.00351
v 29.15129 57.305 -19.53409
v -27.94635 57.305 -19.53409
v 29.15129 58.496 -43.47964
v 29.15129 58.496 -31.50684
v 29.15129 58.496 -19.53409
v -15.10816 58.496 -43.47964
v -27.94635 58.496 -31.00351
v -27.94635 58.496 -19.53409
v -15.59154 46.46118 -44.67059
v 30.3423 46.46118 -44.67059
v 30.3423 49.03881 -44.67059
v -15.59154 49.03882 -44.67059
v -29.13735 46.46118 -31.50687
v -29.13735 49.03881 -31.50687
v 30.3423 46.46117 -18.34311
v -29.13735 46.46117 -18.34311
v -29.13735 49.03881 -18.34311
v 30.3423 49.0388 -18.34311
v 30.3423 46.46117 -31.50687
v 30.3423 49.03881 -31.50687
v -15.10816 47.84781 -43.47964
v 29.15129 47.84781 -43.47964
v 29.15129 47.84781 -31.50687
v -27.94635 47.84781 -31.00351
v 29.15129 47.84781 -19.53409
v -27.94635 47.84781 -19.53409
v 29.15129 49.03881 -43.47964
v 29.15129 49.03881 -31.50687
v 29.15129 49.0388 -19.53409
v -15.10816 49.03881 -43.47964
v -27.94635 49.03881 -31.00351
v -27.94635 49.03881 -19.53409
v -15.59154 37.00399 -44.67059
v 30.3423 37.00399 -44.67059
v 30.3423 39.58162 -44.67059
v -15.59154 39.58163 -44.67059
v -29.13735 37.00399 -31.50687
v -29.13735 39.58162 -31.50687
v 30.3423 37.00398 -18.34311
v -29.13735 37.00398 -18.34311
v -29.13735 39.58162 -18.34311
v 30.3423 39.58161 -18.34311
v 30.3423 37.00398 -31.50687
v 30.3423 39.58162 -31.50687
v -15.10816 38.39062 -43.47964
v 29.15129 38.39062 -43.47964
v 29.15129 38.39062 -31.50687
v -27.94635 38.39062 -31.00351
v 29.15129 38.39061 -19.53409
v -27.94635 38.39062 -19.53409
v 29.15129 39.58162 -43.47964
v 29.15129 39.58162 -31.50687
v 29.15129 39.58161 -19.53409
v -15.10816 39.58162 -43.47964
v -27.94635 39.58162 -31.00351
v -27.94635 39.58162 -19.53409
v -15.59154 27.5468 -44.67065
v 30.3423 27.5468 -44.67065
v 30.3423 30.12443 -44.67065
v -15.59154 30.12444 -44.67065
v -29.13735 27.5468 -31.50687
v -29.13735 30.12443 -31.50687
v 30.3423 27.54679 -18.34311
v -29.13735 27.54679 -18.34311
v -29.13735 30.12443 -18.34311
v 30.3423 30.12442 -18.34311
v 30.3423 27.54679 -31.50687
v 30.3423 30.12443 -31.50687
v -15.10816 28.93343 -43.47964
v 29.15129 28.93343 -43.47964
v 29.15129 28.93343 -31.50687
v -27.94635 28.93343 -31.00351
v 29.15129 28.93342 -19.53409
v -27.94635 28.93343 -19.53409
v 29.15129 30.12443 -43.47964
v 29.15129 30.12443 -31.50687
v 29.15129 30.12442 -19.53409
v -15.10816 30.12443 -43.47964
v -27.94635 30.12443 -31.00351
v -27.94635 30.12443 -19.53409
v -15.59154 18.08961 -44.67065
v 30.34229 18.0896 -44.67065
v 30.3423 20.66724 -44.67065
v -15.59154 20.66724 -44.67065
v -29.13736 18.0896 -31.50687
v -29.13735 20.66724 -31.50687
v 30.34229 18.0896 -18.34311
v -29.13736 18.0896 -18.34311
v -29.13735 20.66724 -18.34311
v 30.3423 20.66723 -18.34311
v 30.34229 18.0896 -31.50687
v 30.3423 20.66724 -31.50687
v -15.10816 19.47624 -43.47964
v 29.15129 19.47624 -43.47964
v 29.15129 19.47624 -31.50687
v -27.94635 19.47624 -31.00351
v 29.15129 19.47623 -19.53409
v -27.94635 19.47624 -19.53409
v -27.94635 75.10784 -19.53409
v -29.13735 75.10784 -18.34311
v -27.94635 20.66724 -19.53409
v 29.15129 20.66724 -43.47964
v -15.10816 20.66724 -43.47964
v -27.94635 20.66724 -31.00351
v 29.15129 20.66724 -31.50687
v 29.15129 20.66723 -19.53409
v -13.66365 1.03381 -41.9165
v -25.21272 1.03381 -31.50687
v -30.56317 1.03267 -18.27045
v -29.19949 1.03267 -18.32999
v -29.19949 15.88279 -18.32999
v -30.56317 15.88279 -18.27045
v -29.19949 18.06115 -18.32999
v -31.91648 1.03267 -18.09229
v -30.56317 18.06115 -18.27045
v -31.91648 15.88279 -18.09229
v -33.24911 1.03267 -17.79681
v -31.91648 18.06115 -18.09229
v -33.24911 15.88279 -17.79681
v -34.55092 1.03267 -17.38638
v -33.24911 18.06115 -17.79681
v -34.55092 15.88279 -17.38638
v -35.812 1.03267 -16.86401
v -34.55092 18.06115 -17.38638
v -35.812 15.88279 -16.86401
v -37.02276 1.03267 -16.23373
v -35.812 18.06115 -16.86401
v -37.02276 15.88279 -16.23373
v -38.17397 1.03267 -15.50034
v -37.02276 18.06115 -16.23373
v -38.17397 15.88279 -15.50034
v -39.25689 1.03267 -14.66937
v -38.17397 18.06115 -15.50034
v -39.25689 15.88279 -14.66937
v -40.26326 1.03267 -13.74722
v -39.25689 18.06115 -14.66937
v -40.26326 15.88279 -13.74722
v -41.18543 1.03267 -12.74084
v -40.26326 18.06115 -13.74722
v -41.18543 15.88279 -12.74084
v -42.01638 1.03267 -11.65796
v -41.18543 18.06115 -12.74084
v -42.01638 15.88279 -11.65796
v -42.74978 1.03267 -10.50671
v -42.01638 18.06115 -11.65796
v -42.74978 15.88279 -10.50671
v -43.38006 1.03267 -9.295959
v -42.74978 18.06115 -10.50671
v -43.38006 15.88279 -9.295959
v -43.90242 1.03267 -8.034851
v -43.38006 18.06115 -9.295959
v -43.90242 15.88279 -8.034851
v -43.90242 18.06115 -8.034851
v -44.31288 15.88279 -6.733032
v -44.31288 18.06115 -6.733032
v -44.60832 15.88279 -5.400452
v -44.60832 18.06115 -5.400452
v -44.78648 15.88279 -4.047119
v -44.78648 18.06115 -4.047119
v -44.84602 15.88279 -2.683411
v -44.84602 18.06115 -2.683411
v -44.78648 15.88279 -1.319763
v -44.78648 18.06115 -1.319763
v -44.60832 15.88279 0.03356934
v -44.60832 18.06115 0.03356934
v -44.31288 15.88279 1.36615
v -44.31288 18.06115 1.36615
v -43.90242 15.88278 2.667969
v -43.90242 18.06115 2.667969
v -43.38006 15.88278 3.929077
v -43.38006 18.06115 3.929077
v -43.38006 1.03266 3.929077
v -43.90242 1.03266 2.667969
v -42.74978 1.03266 5.139832
v -42.74978 15.88278 5.139832
v -42.74978 18.06115 5.139832
v -42.01638 1.03266 6.291016
v -42.01638 15.88278 6.291016
v -42.01638 18.06115 6.291016
v -41.18543 1.03266 7.373962
v -41.18543 15.88278 7.373962
v -41.18543 18.06115 7.373962
v -40.26326 1.03266 8.38031
v -40.26326 15.88278 8.38031
v -40.26326 18.06115 8.38031
v -39.25689 1.03266 9.30249
v -39.25689 15.88278 9.30249
v -39.25689 18.06115 9.30249
v -38.17397 1.03266 10.13348
v -38.17397 15.88278 10.13348
v -38.17397 18.06115 10.13348
v -37.02276 1.03266 10.86688
v -37.02276 15.88278 10.86688
v -37.02276 18.06115 10.86688
v -35.812 1.03266 11.49713
v -35.812 15.88278 11.49713
v -35.812 18.06115 11.49713
v -34.55092 1.03266 12.01947
v -34.55092 15.88278 12.01947
v -34.55092 18.06115 12.01947
v -33.24911 1.03266 12.42993
v -33.24911 15.88278 12.42993
v -33.24911 18.06115 12.42993
v -31.91648 1.03266 12.7254
v -31.91648 15.88278 12.7254
v -31.91648 18.06115 12.7254
v -30.56317 1.03266 12.9035
v -30.56317 15.88278 12.9035
v -29.19949 1.03266 12.96307
v -30.56317 18.06115 12.9035
v -29.19949 15.88278 12.96307
v -29.19949 18.06115 12.96307
v 30.37544 85.12188 -17.13895
v 30.40142 85.12188 -2.683411
v 31.66122 85.12188 -17.08279
v 32.9114 85.12188 -16.91824
v 34.1425 85.12188 -16.64529
v 31.66122 85.12187 11.716
v 30.37544 85.12187 11.77216
v 32.9114 85.12187 11.55139
v 34.1425 85.12187 11.27844
v 35.34512 85.12187 10.89929
v 36.51012 85.12186 10.41669
v 37.62862 85.12186 9.834412
v 38.69213 85.12186 9.156921
v 39.69253 85.12186 8.389282
v 40.62223 85.12186 7.537354
v 41.47414 85.12186 6.607666
v 42.24178 85.12186 5.6073
v 42.9193 85.12186 4.543762
v 43.50156 85.12186 3.425232
v 43.98412 85.12186 2.260254
v 44.3633 85.12186 1.057617
v 44.63623 85.12186 -0.1734009
v 44.80082 85.12186 -1.423645
v 44.85583 85.12187 -2.683411
v 44.80082 85.12187 -3.943176
v 44.63623 85.12187 -5.19342
v 44.3633 85.12187 -6.4245
v 43.98412 85.12187 -7.627136
v 43.50156 85.12187 -8.792114
v 42.9193 85.12187 -9.910645
v 42.24178 85.12187 -10.97412
v 41.47414 85.12187 -11.97455
v 40.62223 85.12187 -12.90424
v 39.69253 85.12187 -13.75613
v 38.69213 85.12187 -14.52377
v 37.62862 85.12187 -15.20132
v 36.51012 85.12187 -15.7836
v 35.34512 85.12188 -16.26611
v 31.7651 1.03265 12.9035
v 30.40142 1.03265 12.96307
v 30.40142 15.88277 12.96307
v 31.7651 15.88277 12.9035
v 30.40142 18.06114 12.96307
v 33.11841 1.03265 12.7254
v 31.7651 18.06114 12.9035
v 33.11841 15.88277 12.7254
v 34.45104 1.03265 12.42993
v 33.11841 18.06114 12.7254
v 34.45104 15.88277 12.42993
v 35.75284 1.03265 12.01947
v 34.45104 18.06114 12.42993
v 35.75284 15.88277 12.01947
v 37.01393 1.03265 11.49713
v 35.75284 18.06114 12.01947
v 37.01393 15.88277 11.49713
v 38.22469 1.03265 10.86688
v 37.01393 18.06114 11.49713
v 38.22469 15.88277 10.86688
v 39.37591 1.03265 10.13348
v 38.22469 18.06114 10.86688
v 39.37591 15.88277 10.13348
v 40.45882 1.03265 9.30249
v 39.37591 18.06114 10.13348
v 40.45882 15.88277 9.30249
v 41.46519 1.03265 8.38031
v 40.45882 18.06114 9.30249
v 41.46519 15.88277 8.38031
v 42.38735 1.03265 7.373962
v 41.46519 18.06114 8.38031
v 42.38735 15.88278 7.373962
v 43.21832 1.03265 6.291016
v 42.38735 18.06114 7.373962
v 43.21832 15.88278 6.291016
v 43.95171 1.03266 5.139832
v 43.21832 18.06114 6.291016
v 43.95171 15.88278 5.139832
v 44.58199 1.03266 3.929077
v 43.95171 18.06114 5.139832
v 44.58199 15.88277 3.929077
v 45.10435 1.03266 2.667969
v 44.58199 18.06114 3.929077
v 45.10435 15.88277 2.667969
v 45.51481 1.03266 1.36615
v 45.10435 18.06114 2.667969
v 45.51481 15.88278 1.36615
v 45.81024 1.03266 0.03356934
v 45.51481 18.06114 1.36615
v 45.81024 15.88278 0.03356934
v 45.98842 1.03266 -1.319763
v 45.81024 18.06114 0.03356934
v 45.98842 15.88278 -1.319763
v 46.04795 1.03266 -2.683411
v 45.98842 18.06114 -1.319763
v 46.04795 15.88278 -2.683411
v 45.98842 1.03266 -4.04718
v 46.04795 18.06114 -2.683411
v 45.98842 15.88278 -4.047119
v 45.81024 1.03266 -5.400452
v 45.98842 18.06114 -4.047119
v 45.81024 15.88278 -5.400452
v 45.51481 1.03266 -6.733032
v 45.81024 18.06114 -5.400452
v 45.51481 15.88278 -6.733032
v 45.10435 1.03266 -8.034851
v 45.51481 18.06114 -6.733032
v 45.10435 15.88278 -8.034851
v 44.58199 1.03266 -9.295959
v 45.10435 18.06114 -8.034851
v 44.58199 15.88278 -9.295959
v 43.95171 1.03266 -10.50671
v 44.58199 18.06114 -9.295959
v 43.95171 15.88278 -10.50671
v 43.21832 1.03266 -11.65796
v 43.95171 18.06114 -10.50671
v 43.21832 15.88278 -11.65796
v 42.38735 1.03266 -12.74084
v 43.21832 18.06115 -11.65796
v 42.38735 15.88278 -12.74084
v 41.46519 1.03266 -13.74722
v 42.38735 18.06115 -12.74084
v 41.46519 15.88278 -13.74722
v 40.45882 1.03266 -14.66937
v 41.46519 18.06115 -13.74722
v 40.45882 15.88278 -14.66937
v 39.37591 1.03266 -15.50034
v 40.45882 18.06115 -14.66937
v 39.37591 15.88278 -15.50034
v 38.22469 1.03266 -16.23373
v 39.37591 18.06115 -15.50034
v 38.22469 15.88278 -16.23373
v 37.01393 1.03266 -16.86401
v 38.22469 18.06115 -16.23373
v 37.01393 15.88278 -16.86401
v 35.75284 1.03266 -17.38638
v 37.01393 18.06115 -16.86401
v 35.75284 15.88278 -17.38638
v 34.45104 1.03266 -17.79681
v 35.75284 18.06115 -17.38638
v 34.45104 15.88278 -17.79681
v 33.11841 1.03266 -18.09229
v 34.45104 18.06115 -17.79681
v 33.11841 15.88278 -18.09229
v 31.7651 1.03266 -18.27045
v 33.11841 18.06115 -18.09229
v 31.7651 15.88278 -18.27045
v 30.40142 1.03266 -18.32999
v 31.7651 18.06115 -18.27045
v 30.40142 15.88278 -18.32999
v 30.40142 18.06115 -18.32999
v -29.1735 88.06512 -17.13895
v -30.56317 88.06512 -18.27042
v -29.19948 88.06512 -18.32999
v -30.45927 88.06512 -17.08279
v -31.91647 88.06512 -18.09229
v -31.70946 88.06512 -16.91824
v -33.2491 88.06512 -17.79681
v -32.94056 88.06512 -16.64529
v -34.55091 88.06512 -17.38638
v -34.14318 88.06512 -16.26611
v -35.81199 88.06512 -16.86401
v -35.30818 88.06512 -15.7836
v -37.02275 88.06512 -16.23373
v -36.42668 88.06512 -15.20132
v -38.17397 88.06512 -15.50034
v -37.49019 88.06512 -14.52377
v -39.25688 88.06512 -14.66937
v -38.49059 88.06512 -13.75613
v -40.26325 88.06512 -13.74722
v -39.42029 88.06512 -12.90424
v -41.18542 88.06512 -12.74078
v -40.2722 88.06512 -11.97455
v -42.01637 88.06512 -11.6579
v -41.03983 88.06512 -10.97412
v -42.74978 88.06512 -10.50665
v -41.71736 88.06512 -9.910645
v -43.38006 88.06512 -9.295959
v -42.29962 88.06512 -8.792114
v -43.90241 88.06512 -8.034851
v -42.78217 88.06512 -7.627136
v -44.31287 88.06512 -6.733032
v -43.16136 88.06512 -6.4245
v -44.60831 88.06512 -5.400452
v -43.43429 88.06512 -5.19342
v -44.78648 88.06512 -4.047119
v -43.59888 88.06512 -3.943176
v -44.84602 88.06512 -2.683411
v -43.65388 88.06512 -2.683411
v -44.78648 88.06512 -1.319702
v -43.59888 88.06512 -1.423645
v -44.60831 88.06512 0.03356934
v -43.43429 88.06512 -0.1734009
v -44.31287 88.06512 1.36615
v -43.16136 88.06512 1.057617
v -43.90241 88.06512 2.667969
v -42.78217 88.06512 2.260254
v -43.38006 88.06512 3.929077
v -42.29962 88.06512 3.425232
v -42.74978 88.06512 5.139832
v -41.71736 88.06512 4.543762
v -41.03983 88.06512 5.6073
v -42.01637 88.06512 6.291077
v -41.18542 88.06512 7.373962
v -40.2722 88.06512 6.607666
v -40.26325 88.06512 8.38031
v -39.42029 88.06512 7.537354
v -39.25688 88.06512 9.30249
v -38.49059 88.06512 8.389282
v -38.17397 88.06512 10.13348
v -37.49019 88.06512 9.156921
v -37.02275 88.06512 10.86688
v -36.42668 88.06512 9.834412
v -35.81199 88.06512 11.49713
v -35.30818 88.06512 10.41669
v -34.55091 88.06512 12.01947
v -34.14318 88.06512 10.89929
v -33.2491 88.06512 12.42993
v -32.94056 88.06512 11.27844
v -31.91647 88.06512 12.7254
v -31.70946 88.06512 11.55139
v -30.56317 88.06512 12.90356
v -30.45927 88.06512 11.716
v -29.19948 88.06512 12.96307
v -29.1735 88.06512 11.77216
v 31.66122 88.06512 -17.08279
v 30.37544 88.06512 -17.13895
v 30.40142 88.06512 -18.32999
v 31.76511 88.06512 -18.27042
v 32.9114 88.06512 -16.91824
v 33.11841 88.06512 -18.09229
v 34.1425 88.06512 -16.64529
v 34.45104 88.06512 -17.79681
v 35.34512 88.06512 -16.26611
v 35.75286 88.06512 -17.38638
v 36.51012 88.06512 -15.7836
v 37.01393 88.06512 -16.86401
v 37.62862 88.06512 -15.20132
v 38.22469 88.06512 -16.23373
v 38.69213 88.06512 -14.52377
v 39.37591 88.06512 -15.50034
v 39.69253 88.06512 -13.75613
v 40.45882 88.06512 -14.66937
v 40.62223 88.06512 -12.90424
v 41.4652 88.06512 -13.74722
v 41.47414 88.06512 -11.97455
v 42.38737 88.06512 -12.74078
v 42.24178 88.06512 -10.97412
v 43.21832 88.06512 -11.6579
v 30.37544 88.06512 11.77216
v 31.76511 88.06512 12.90356
v 30.40142 88.06512 12.96307
v 31.66122 88.06512 11.716
v 33.11841 88.06512 12.7254
v 32.9114 88.06512 11.55139
v 34.45104 88.06512 12.42993
v 34.1425 88.06512 11.27844
v 35.75286 88.06512 12.01947
v 35.34512 88.06512 10.89929
v 37.01393 88.06512 11.49713
v 36.51012 88.06512 10.41669
v 38.22469 88.06512 10.86688
v 37.62862 88.06512 9.834412
v 39.37591 88.06512 10.13348
v 38.69213 88.06512 9.156921
v 40.45882 88.06512 9.30249
v 39.69253 88.06512 8.389282
v 41.4652 88.06512 8.38031
v 40.62223 88.06512 7.537354
v 42.38737 88.06512 7.373962
v 41.47414 88.06512 6.607666
v 42.24178 88.06512 5.6073
v 43.21832 88.06512 6.291077
v 43.95172 88.06512 5.139832
v 42.9193 88.06512 4.543762
v 44.58199 88.06512 3.929077
v 43.50156 88.06512 3.425232
v 45.10436 88.06512 2.667969
v 43.98412 88.06512 2.260254
v 45.51482 88.06512 1.36615
v 44.3633 88.06512 1.057617
v 45.81026 88.06512 0.03356934
v 44.63623 88.06512 -0.1734009
v 45.98842 88.06512 -1.319702
v 44.80082 88.06512 -1.423645
v 46.04797 88.06512 -2.683411
v 44.85583 88.06512 -2.683411
v 45.98842 88.06512 -4.047119
v 44.80082 88.06512 -3.943176
v 45.81026 88.06512 -5.400452
v 44.63623 88.06512 -5.19342
v 45.51482 88.06512 -6.733032
v 44.3633 88.06512 -6.4245
v 45.10436 88.06512 -8.034851
v 43.98412 88.06512 -7.627136
v 44.58199 88.06512 -9.295959
v 43.50156 88.06512 -8.792114
v 43.95172 88.06512 -10.50665
v 42.9193 88.06512 -9.910645
v -29.1735 86.87411 -17.13895
v -30.45927 86.87411 -17.08279
v -31.70946 86.87411 -16.91824
v -32.94056 86.87411 -16.64529
v -34.14318 86.87411 -16.26611
v -35.30818 86.87412 -15.7836
v -36.42668 86.87412 -15.20132
v -37.49019 86.87412 -14.52377
v -38.49059 86.87412 -13.75613
v -39.42029 86.87412 -12.90424
v -40.2722 86.87412 -11.97455
v -41.03983 86.87412 -10.97412
v -41.71736 86.87412 -9.910645
v -42.29962 86.87412 -8.792114
v -42.78217 86.87412 -7.627136
v -43.16136 86.87412 -6.4245
v -43.43429 86.87412 -5.19342
v -43.59888 86.87412 -3.943176
v -43.65388 86.87412 -2.683411
v -43.59888 86.87411 -1.423645
v -43.43429 86.87411 -0.1734009
v -43.16136 86.87411 1.057617
v -42.78217 86.87411 2.260254
v -42.29962 86.87411 3.425232
v -41.71736 86.87411 4.543762
v -41.03983 86.87411 5.6073
v -40.2722 86.87411 6.607666
v -39.42029 86.87411 7.537354
v -38.49059 86.87411 8.389282
v -37.49019 86.87411 9.156921
v -36.42668 86.87411 9.834412
v -35.30818 86.87411 10.41669
v -34.14318 86.87411 10.89929
v -32.94056 86.87411 11.27844
v -31.70946 86.87411 11.55139
v -30.45927 86.87411 11.716
v -29.1735 86.87411 11.77216
v 31.66122 86.87411 -17.08279
v 30.37544 86.87411 -17.13895
v 32.9114 86.87411 -16.91824
v 34.1425 86.87411 -16.64529
v 35.34512 86.87411 -16.26611
v 36.51012 86.87411 -15.7836
v 37.62862 86.87411 -15.20132
v 38.69213 86.87411 -14.52377
v 39.69253 86.87411 -13.75613
v 40.62223 86.87411 -12.90424
v 41.47414 86.87411 -11.97455
v 42.24178 86.87411 -10.97412
v 42.9193 86.87411 -9.910645
v 43.50156 86.87411 -8.792114
v 43.98412 86.87411 -7.627136
v 44.3633 86.87411 -6.4245
v 44.63623 86.87411 -5.19342
v 44.80082 86.87411 -3.943176
v 44.85583 86.87411 -2.683411
v 44.80082 86.87411 -1.423645
v 44.63623 86.87411 -0.1734009
v 44.3633 86.87411 1.057617
v 43.98412 86.87411 2.260254
v 43.50156 86.87411 3.425232
v 42.9193 86.87411 4.543762
v 42.24178 86.87411 5.6073
v 41.47414 86.87411 6.607666
v 40.62223 86.87411 7.537354
v 39.69253 86.87411 8.389282
v 38.69213 86.87411 9.156921
v 37.62862 86.87411 9.834412
v 36.51012 86.87411 10.41669
v 35.34512 86.87411 10.89929
v 34.1425 86.87411 11.27844
v 32.9114 86.87411 11.55139
v 31.66122 86.87411 11.716
v 30.37544 86.87411 11.77216
v 31.56531 30.12442 -17.68311
v 31.56531 37.19961 -17.68311
v -30.36338 30.12443 -17.68311
v -30.36338 37.19962 -17.68311
v 31.56531 39.58161 -17.68311
v 31.56531 46.65681 -17.68311
v -30.36338 39.58162 -17.68311
v -30.36338 46.65681 -17.68311
v 31.56531 49.0388 -17.68311
v 31.56531 56.114 -17.68311
v -30.36338 49.03881 -17.68311
v -30.36337 56.114 -17.68311
v 31.56531 58.496 -17.68311
v 31.56531 65.57119 -17.68311
v -30.36337 58.496 -17.68311
v -30.36337 65.57119 -17.68311
v 31.56531 67.95319 -17.68311
v 31.56531 75.02838 -17.68311
v -30.36337 67.95319 -17.68311
v -30.36337 75.02838 -17.68311
v 30.40142 76.21938 12.96307
v -29.19948 76.21938 12.96307
v 30.40142 75.02838 12.96307
v -29.19948 75.02838 12.96307
v -30.56317 76.21938 12.90356
v -30.56317 75.02838 12.90356
v -31.91647 76.21938 12.7254
v -31.91647 75.02838 12.7254
v -33.2491 76.21938 12.42993
v -33.2491 75.02838 12.42993
v -34.55091 76.21938 12.01947
v -34.55091 75.02838 12.01947
v -35.81199 76.21938 11.49713
v -35.81199 75.02838 11.49713
v -37.02275 76.21938 10.86688
v -37.02275 75.02838 10.86688
v -38.17397 76.21938 10.13348
v -38.17397 75.02838 10.13348
v -39.25688 76.21938 9.30249
v -39.25688 75.02838 9.30249
v -40.26325 76.21938 8.38031
v -40.26325 75.02838 8.38031
v -41.18542 76.21938 7.373962
v -41.18542 75.02838 7.373962
v -42.01637 76.21938 6.291077
v -42.01637 75.02838 6.291077
v -42.74978 76.21938 5.139832
v -42.74978 75.02838 5.139832
v -43.38006 76.21938 3.929077
v -43.38006 75.02838 3.929077
v -43.90241 76.21938 2.667969
v -43.90241 75.02838 2.667969
v -44.31287 76.21938 1.36615
v -44.31287 75.02838 1.36615
v -44.60831 76.21938 0.03356934
v -44.60831 75.02838 0.03356934
v -44.78648 76.21938 -1.319763
v -44.78648 75.02838 -1.319763
v -44.84602 76.21938 -2.683411
v -44.84602 75.02839 -2.683411
v -44.78648 76.21938 -4.047119
v -44.78648 75.02839 -4.047119
v -44.60831 76.21938 -5.400452
v -44.60831 75.02839 -5.400452
v -44.31287 76.21938 -6.733032
v -44.31287 75.02839 -6.733032
v -43.90241 76.21938 -8.034851
v -43.90241 75.02839 -8.034851
v -43.38006 76.21938 -9.295959
v -43.38006 75.02839 -9.295959
v -42.74978 76.21938 -10.50665
v -42.74978 75.02839 -10.50665
v -42.01637 76.21938 -11.6579
v -42.01637 75.02839 -11.6579
v -41.18542 76.21938 -12.74078
v -41.18542 75.02839 -12.74078
v -40.26325 76.21938 -13.74722
v -40.26325 75.02839 -13.74722
v -39.25688 76.21938 -14.66937
v -39.25688 75.02839 -14.66937
v -38.17397 76.21938 -15.50034
v -38.17397 75.02839 -15.50034
v -37.02275 76.21938 -16.23373
v -37.02275 75.02839 -16.23373
v -35.81199 76.21938 -16.86401
v -35.81199 75.02839 -16.86401
v -34.55091 76.21938 -17.38638
v -34.55091 75.02839 -17.38638
v -33.2491 76.21938 -17.79681
v -33.2491 75.02838 -17.79681
v -31.91647 76.21938 -18.09229
v -31.91647 75.02838 -18.09229
v -30.56317 76.21938 -18.27042
v -30.56317 75.02838 -18.27042
v -29.19948 76.21938 -18.32999
v -30.38935 75.02838 -18.27802
v -29.19948 66.76219 -18.32999
v -30.38935 67.95319 -18.27802
v -30.56317 66.76219 -18.27045
v -30.56317 67.95319 -18.27045
v -31.91647 66.76219 -18.09229
v -31.91647 67.95319 -18.09229
v -33.2491 66.76219 -17.79681
v -33.2491 67.95319 -17.79681
v -34.55091 66.76219 -17.38638
v -34.55091 67.9532 -17.38638
v -35.81199 66.76219 -16.86401
v -35.81199 67.9532 -16.86401
v -37.02275 66.76219 -16.23373
v -37.02275 67.9532 -16.23373
v -38.17397 66.76219 -15.50034
v -38.17397 67.9532 -15.50034
v -39.25688 66.76219 -14.66937
v -39.25688 67.9532 -14.66937
v -40.26325 66.76219 -13.74722
v -40.26325 67.9532 -13.74722
v -41.18542 66.76219 -12.74078
v -41.18542 67.9532 -12.74078
v -42.01637 66.76219 -11.6579
v -42.01637 67.9532 -11.6579
v -42.74978 66.76219 -10.50665
v -42.74978 67.9532 -10.50665
v -43.38006 66.76219 -9.295959
v -43.38006 67.9532 -9.295959
v -43.90241 66.76219 -8.034851
v -43.90241 67.9532 -8.034851
v -44.31287 66.76219 -6.733032
v -44.31287 67.9532 -6.733032
v -44.60831 66.76219 -5.400452
v -44.60831 67.9532 -5.400452
v -44.78648 66.76219 -4.047119
v -44.78648 67.9532 -4.047119
v -44.84602 66.76219 -2.683411
v -44.84602 67.9532 -2.683411
v -44.78648 66.76219 -1.319763
v -44.78648 67.95319 -1.319763
v -44.60831 66.76219 0.03356934
v -44.60831 67.95319 0.03356934
v -44.31287 66.76219 1.36615
v -44.31287 67.95319 1.36615
v -43.90241 66.76219 2.667969
v -43.90241 67.95319 2.667969
v -43.38006 66.76219 3.929077
v -43.38006 67.95319 3.929077
v -42.74978 66.76219 5.139832
v -42.74978 67.95319 5.139832
v -42.01637 66.76219 6.291077
v -42.01637 67.95319 6.291077
v -41.18542 66.76219 7.373962
v -41.18542 67.95319 7.373962
v -40.26325 66.76219 8.38031
v -40.26325 67.95319 8.38031
v -39.25688 66.76219 9.30249
v -39.25688 67.95319 9.30249
v -38.17397 66.76219 10.13348
v -38.17397 67.95319 10.13348
v -37.02275 66.76219 10.86688
v -37.02275 67.95319 10.86688
v -35.81199 66.76219 11.49713
v -35.81199 67.95319 11.49713
v -34.55091 66.76219 12.01947
v -34.55091 67.95319 12.01947
v -33.2491 66.76218 12.42993
v -33.2491 67.95319 12.42993
v -31.91647 66.76218 12.7254
v -31.91647 67.95319 12.7254
v -30.56317 66.76218 12.90356
v -30.56317 67.95319 12.90356
v -29.19948 66.76218 12.96307
v -29.19948 67.95319 12.96307
v -29.19948 65.57119 12.96307
v -30.56317 65.57119 12.90356
v -31.91647 65.57119 12.7254
v -33.2491 65.57119 12.42993
v -34.55091 65.57119 12.01947
v -35.81199 65.57119 11.49713
v -37.02275 65.57119 10.86688
v -38.17397 65.57119 10.13348
v -39.25688 65.57119 9.30249
v -40.26325 65.57119 8.38031
v -41.18542 65.57119 7.373962
v -42.01637 65.57119 6.291077
v -42.74978 65.57119 5.139832
v -43.38006 65.57119 3.929077
v -43.90241 65.57119 2.667969
v -44.31287 65.57119 1.36615
v -44.60831 65.57119 0.03356934
v -44.78648 65.57119 -1.319763
v -44.84602 65.5712 -2.683411
v -44.78648 65.5712 -4.047119
v -44.60831 65.5712 -5.400452
v -44.31287 65.5712 -6.733032
v -43.90241 65.5712 -8.034851
v -43.38006 65.5712 -9.295959
v -42.74978 65.5712 -10.50665
v -42.01637 65.5712 -11.6579
v -41.18542 65.5712 -12.74078
v -40.26325 65.5712 -13.74722
v -39.25688 65.5712 -14.66937
v -38.17397 65.5712 -15.50034
v -37.02275 65.5712 -16.23373
v -35.81199 65.5712 -16.86401
v -34.55091 65.5712 -17.38638
v -33.2491 65.57119 -17.79681
v -31.91647 65.57119 -18.09229
v -30.56317 65.57119 -18.27045
v -30.38935 65.57119 -18.27802
v -29.19948 57.305 -18.32999
v -30.38935 58.496 -18.27802
v -30.56317 57.305 -18.27045
v -30.56317 58.496 -18.27045
v -31.91647 57.305 -18.09229
v -31.91647 58.496 -18.09229
v -33.2491 57.305 -17.79681
v -33.2491 58.496 -17.79681
v -34.55091 57.305 -17.38638
v -34.55091 58.496 -17.38638
v -35.81199 57.305 -16.86401
v -35.81199 58.496 -16.86401
v -37.02275 57.305 -16.23373
v -37.02275 58.496 -16.23373
v -38.17397 57.305 -15.50034
v -38.17397 58.496 -15.50034
v -39.25688 57.305 -14.66937
v -39.25688 58.496 -14.66937
v -40.26325 57.305 -13.74722
v -40.26325 58.496 -13.74722
v -41.18542 57.305 -12.74078
v -41.18542 58.496 -12.74078
v -42.01637 57.305 -11.6579
v -42.01637 58.496 -11.6579
v -42.74978 57.305 -10.50665
v -42.74978 58.496 -10.50665
v -43.38006 57.305 -9.295959
v -43.38006 58.496 -9.295959
v -43.90241 57.305 -8.034851
v -43.90241 58.496 -8.034851
v -44.31287 57.305 -6.733032
v -44.31287 58.496 -6.733032
v -44.60831 57.305 -5.400452
v -44.60831 58.496 -5.400452
v -44.78648 57.305 -4.047119
v -44.78648 58.496 -4.047119
v -44.84602 57.305 -2.683411
v -44.84602 58.496 -2.683411
v -44.78648 57.305 -1.319763
v -44.78648 58.496 -1.319763
v -44.60831 57.305 0.03356934
v -44.60831 58.496 0.03356934
v -44.31287 57.305 1.36615
v -44.31287 58.496 1.36615
v -43.90241 57.305 2.667969
v -43.90241 58.496 2.667969
v -43.38006 57.305 3.929077
v -43.38006 58.496 3.929077
v -42.74978 57.305 5.139832
v -42.74978 58.496 5.139832
v -42.01637 57.305 6.291016
v -42.01637 58.496 6.291016
v -41.18542 57.305 7.373962
v -41.18542 58.496 7.373962
v -40.26325 57.305 8.38031
v -40.26325 58.496 8.38031
v -39.25688 57.305 9.30249
v -39.25688 58.496 9.30249
v -38.17397 57.305 10.13348
v -38.17397 58.496 10.13348
v -37.02275 57.305 10.86688
v -37.02275 58.496 10.86688
v -35.81199 57.305 11.49713
v -35.81199 58.496 11.49713
v -34.55091 57.305 12.01947
v -34.55091 58.496 12.01947
v -33.2491 57.30499 12.42993
v -33.2491 58.49599 12.42993
v -31.91647 57.30499 12.7254
v -31.91647 58.49599 12.7254
v -30.56317 57.30499 12.90356
v -30.56317 58.49599 12.90356
v -29.19948 57.30499 12.96307
v -29.19948 58.49599 12.96307
v -29.19948 56.114 12.96307
v -30.56317 56.114 12.90356
v -31.91647 56.114 12.7254
v -33.2491 56.114 12.42993
v -34.55091 56.114 12.01947
v -35.81199 56.114 11.49713
v -37.02275 56.114 10.86688
v -38.17397 56.114 10.13348
v -39.25688 56.114 9.30249
v -40.26325 56.114 8.38031
v -41.18542 56.114 7.373962
v -42.01637 56.114 6.291016
v -42.74978 56.114 5.139832
v -43.38006 56.114 3.929077
v -43.90241 56.114 2.667969
v -44.31287 56.114 1.36615
v -44.60831 56.114 0.03356934
v -44.78648 56.114 -1.319763
v -44.84602 56.11401 -2.683411
v -44.78648 56.11401 -4.047119
v -44.60831 56.11401 -5.400452
v -44.31287 56.11401 -6.733032
v -43.90241 56.11401 -8.034851
v -43.38006 56.11401 -9.295959
v -42.74978 56.11401 -10.50665
v -42.01637 56.11401 -11.6579
v -41.18542 56.11401 -12.74078
v -40.26325 56.11401 -13.74722
v -39.25688 56.11401 -14.66937
v -38.17397 56.11401 -15.50034
v -37.02275 56.11401 -16.23373
v -35.81199 56.11401 -16.86401
v -34.55091 56.11401 -17.38638
v -33.2491 56.114 -17.79681
v -31.91647 56.114 -18.09229
v -30.56317 56.114 -18.27045
v -30.38935 56.114 -18.27802
v -29.19948 47.84781 -18.32999
v -30.38935 49.03881 -18.27802
v -30.56317 47.84781 -18.27045
v -30.56317 49.03881 -18.27045
v -31.91648 47.84781 -18.09229
v -31.91648 49.03881 -18.09229
v -33.24911 47.84781 -17.79681
v -33.24911 49.03881 -17.79681
v -34.55092 47.84781 -17.38638
v -34.55092 49.03881 -17.38638
v -35.812 47.84781 -16.86401
v -35.812 49.03881 -16.86401
v -37.02275 47.84781 -16.23373
v -37.02275 49.03881 -16.23373
v -38.17397 47.84781 -15.50034
v -38.17397 49.03881 -15.50034
v -39.25688 47.84781 -14.66937
v -39.25688 49.03881 -14.66937
v -40.26326 47.84781 -13.74722
v -40.26326 49.03881 -13.74722
v -41.18542 47.84781 -12.74078
v -41.18542 49.03881 -12.74078
v -42.01638 47.84781 -11.6579
v -42.01638 49.03881 -11.6579
v -42.74978 47.84781 -10.50665
v -42.74978 49.03881 -10.50665
v -43.38006 47.84781 -9.295959
v -43.38006 49.03881 -9.295959
v -43.90242 47.84781 -8.034851
v -43.90242 49.03881 -8.034851
v -44.31288 47.84781 -6.733032
v -44.31288 49.03881 -6.733032
v -44.60831 47.84781 -5.400452
v -44.60831 49.03881 -5.400452
v -44.78648 47.84781 -4.047119
v -44.78648 49.03881 -4.047119
v -44.84602 47.84781 -2.683411
v -44.84602 49.03881 -2.683411
v -44.78648 47.84781 -1.319763
v -44.78648 49.03881 -1.319763
v -44.60831 47.84781 0.03356934
v -44.60831 49.03881 0.03356934
v -44.31288 47.84781 1.36615
v -44.31288 49.03881 1.36615
v -43.90242 47.84781 2.667969
v -43.90242 49.03881 2.667969
v -43.38006 47.84781 3.929077
v -43.38006 49.03881 3.929077
v -42.74978 47.84781 5.139832
v -42.74978 49.0388 5.139832
v -42.01638 47.84781 6.291016
v -42.01638 49.0388 6.291016
v -41.18542 47.84781 7.373962
v -41.18542 49.0388 7.373962
v -40.26326 47.84781 8.38031
v -40.26326 49.0388 8.38031
v -39.25688 47.84781 9.30249
v -39.25688 49.0388 9.30249
v -38.17397 47.84781 10.13348
v -38.17397 49.0388 10.13348
v -37.02275 47.84781 10.86688
v -37.02275 49.0388 10.86688
v -35.812 47.84781 11.49713
v -35.812 49.0388 11.49713
v -34.55092 47.84781 12.01947
v -34.55092 49.0388 12.01947
v -33.24911 47.84781 12.42993
v -33.24911 49.0388 12.42993
v -31.91648 47.84781 12.7254
v -31.91648 49.0388 12.7254
v -30.56317 47.84781 12.90356
v -30.56317 49.0388 12.90356
v -29.19948 47.84781 12.96307
v -29.19948 49.0388 12.96307
v -29.19948 46.65681 12.96307
v -30.56317 46.65681 12.90356
v -31.91648 46.65681 12.7254
v -33.24911 46.65681 12.42993
v -34.55092 46.65681 12.01947
v -35.812 46.65681 11.49713
v -37.02275 46.65681 10.86688
v -38.17397 46.65681 10.13348
v -39.25688 46.65681 9.30249
v -40.26326 46.65681 8.38031
v -41.18542 46.65681 7.373962
v -42.01638 46.65681 6.291016
v -42.74978 46.65681 5.139832
v -43.38006 46.65681 3.929077
v -43.90242 46.65681 2.667969
v -44.31288 46.65681 1.36615
v -44.60831 46.65681 0.03356934
v -44.78648 46.65681 -1.319763
v -44.84602 46.65681 -2.683411
v -44.78648 46.65681 -4.047119
v -44.60831 46.65681 -5.400452
v -44.31288 46.65681 -6.733032
v -43.90242 46.65681 -8.034851
v -43.38006 46.65681 -9.295959
v -42.74978 46.65681 -10.50665
v -42.01638 46.65681 -11.6579
v -41.18542 46.65681 -12.74078
v -40.26326 46.65681 -13.74722
v -39.25688 46.65681 -14.66937
v -38.17397 46.65681 -15.50034
v -37.02275 46.65681 -16.23373
v -35.812 46.65681 -16.86401
v -34.55092 46.65681 -17.38638
v -33.24911 46.65681 -17.79681
v -31.91648 46.65681 -18.09229
v -30.56317 46.65681 -18.27045
v -30.38935 46.65681 -18.27802
v -29.19948 38.39062 -18.32999
v -30.38935 39.58162 -18.27802
v -30.56317 38.39062 -18.27045
v -30.56317 39.58162 -18.27045
v -31.91648 38.39062 -18.09229
v -31.91648 39.58162 -18.09229
v -33.24911 38.39062 -17.79681
v -33.24911 39.58162 -17.79681
v -34.55092 38.39062 -17.38638
v -34.55092 39.58162 -17.38638
v -35.812 38.39062 -16.86401
v -35.812 39.58162 -16.86401
v -37.02275 38.39062 -16.23373
v -37.02275 39.58162 -16.23373
v -38.17397 38.39062 -15.50034
v -38.17397 39.58162 -15.50034
v -39.25688 38.39062 -14.66937
v -39.25688 39.58162 -14.66937
v -40.26326 38.39062 -13.74722
v -40.26326 39.58162 -13.74722
v -41.18542 38.39062 -12.74084
v -41.18542 39.58162 -12.74084
v -42.01638 38.39062 -11.6579
v -42.01638 39.58162 -11.6579
v -42.74978 38.39062 -10.50671
v -42.74978 39.58162 -10.50671
v -43.38006 38.39062 -9.295959
v -43.38006 39.58162 -9.295959
v -43.90242 38.39062 -8.034851
v -43.90242 39.58162 -8.034851
v -44.31288 38.39062 -6.733032
v -44.31288 39.58162 -6.733032
v -44.60831 38.39062 -5.400452
v -44.60831 39.58162 -5.400452
v -44.78648 38.39062 -4.047119
v -44.78648 39.58162 -4.047119
v -44.84602 38.39062 -2.683411
v -44.84602 39.58162 -2.683411
v -44.78648 38.39062 -1.319763
v -44.78648 39.58162 -1.319763
v -44.60831 38.39062 0.03356934
v -44.60831 39.58162 0.03356934
v -44.31288 38.39062 1.36615
v -44.31288 39.58162 1.36615
v -43.90242 38.39062 2.667969
v -43.90242 39.58162 2.667969
v -43.38006 38.39062 3.929077
v -43.38006 39.58162 3.929077
v -42.74978 38.39061 5.139832
v -42.74978 39.58161 5.139832
v -42.01638 38.39061 6.291016
v -42.01638 39.58161 6.291016
v -41.18542 38.39061 7.373962
v -41.18542 39.58161 7.373962
v -40.26326 38.39061 8.38031
v -40.26326 39.58161 8.38031
v -39.25688 38.39061 9.30249
v -39.25688 39.58161 9.30249
v -38.17397 38.39061 10.13348
v -38.17397 39.58161 10.13348
v -37.02275 38.39061 10.86688
v -37.02275 39.58161 10.86688
v -35.812 38.39061 11.49713
v -35.812 39.58161 11.49713
v -34.55092 38.39061 12.01947
v -34.55092 39.58161 12.01947
v -33.24911 38.39061 12.42993
v -33.24911 39.58161 12.42993
v -31.91648 38.39061 12.7254
v -31.91648 39.58161 12.7254
v -30.56317 38.39061 12.90356
v -30.56317 39.58161 12.90356
v -29.19948 38.39061 12.96307
v -29.19948 39.58161 12.96307
v -29.19948 37.19961 12.96307
v -30.56317 37.19961 12.90356
v -31.91648 37.19961 12.7254
v -33.24911 37.19961 12.42993
v -34.55092 37.19961 12.01947
v -35.812 37.19961 11.49713
v -37.02275 37.19961 10.86688
v -38.17397 37.19961 10.13348
v -39.25688 37.19961 9.30249
v -40.26326 37.19961 8.38031
v -41.18542 37.19961 7.373962
v -42.01638 37.19961 6.291016
v -42.74978 37.19961 5.139832
v -43.38006 37.19962 3.929077
v -43.90242 37.19962 2.667969
v -44.31288 37.19962 1.36615
v -44.60831 37.19962 0.03356934
v -44.78648 37.19962 -1.319763
v -44.84602 37.19962 -2.683411
v -44.78648 37.19962 -4.047119
v -44.60831 37.19962 -5.400452
v -44.31288 37.19962 -6.733032
v -43.90242 37.19962 -8.034851
v -43.38006 37.19962 -9.295959
v -42.74978 37.19962 -10.50671
v -42.01638 37.19962 -11.6579
v -41.18542 37.19962 -12.74084
v -40.26326 37.19962 -13.74722
v -39.25688 37.19962 -14.66937
v -38.17397 37.19962 -15.50034
v -37.02275 37.19962 -16.23373
v -35.812 37.19962 -16.86401
v -34.55092 37.19962 -17.38638
v -33.24911 37.19962 -17.79681
v -31.91648 37.19962 -18.09229
v -30.56317 37.19962 -18.27045
v -30.38935 37.19962 -18.27802
v -29.19948 28.93343 -18.32999
v -30.38935 30.12443 -18.27802
v -30.56317 28.93343 -18.27045
v -30.56317 30.12443 -18.27045
v -31.91648 28.93343 -18.09229
v -31.91648 30.12443 -18.09229
v -33.24911 28.93343 -17.79681
v -33.24911 30.12443 -17.79681
v -34.55092 28.93343 -17.38638
v -34.55092 30.12443 -17.38638
v -35.812 28.93343 -16.86401
v -35.812 30.12443 -16.86401
v -37.02275 28.93343 -16.23373
v -37.02275 30.12443 -16.23373
v -38.17397 28.93343 -15.50034
v -38.17397 30.12443 -15.50034
v -39.25688 28.93343 -14.66937
v -39.25688 30.12443 -14.66937
v -40.26326 28.93343 -13.74722
v -40.26326 30.12443 -13.74722
v -41.18542 28.93343 -12.74084
v -41.18542 30.12443 -12.74084
v -42.01638 28.93343 -11.6579
v -42.01638 30.12443 -11.6579
v -42.74978 28.93343 -10.50671
v -42.74978 30.12443 -10.50671
v -43.38006 28.93343 -9.295959
v -43.38006 30.12443 -9.295959
v -43.90242 28.93343 -8.034851
v -43.90242 30.12443 -8.034851
v -44.31288 28.93343 -6.733032
v -44.31288 30.12443 -6.733032
v -44.60831 28.93343 -5.400452
v -44.60831 30.12443 -5.400452
v -44.78648 28.93343 -4.047119
v -44.78648 30.12443 -4.047119
v -44.84602 28.93343 -2.683411
v -44.84602 30.12443 -2.683411
v -44.78648 28.93343 -1.319763
v -44.78648 30.12443 -1.319763
v -44.60831 28.93343 0.03356934
v -44.60831 30.12443 0.03356934
v -44.31288 28.93343 1.36615
v -44.31288 30.12443 1.36615
v -43.90242 28.93343 2.667969
v -43.90242 30.12443 2.667969
v -43.38006 28.93343 3.929077
v -43.38006 30.12443 3.929077
v -42.74978 28.93342 5.139832
v -42.74978 30.12442 5.139832
v -42.01638 28.93342 6.291016
v -42.01638 30.12442 6.291016
v -41.18542 28.93342 7.373962
v -41.18542 30.12442 7.373962
v -40.26326 28.93342 8.38031
v -40.26326 30.12442 8.38031
v -39.25688 28.93342 9.30249
v -39.25688 30.12442 9.30249
v -38.17397 28.93342 10.13348
v -38.17397 30.12442 10.13348
v -37.02275 28.93342 10.86688
v -37.02275 30.12442 10.86688
v -35.812 28.93342 11.49713
v -35.812 30.12442 11.49713
v -34.55092 28.93342 12.01947
v -34.55092 30.12442 12.01947
v -33.24911 28.93342 12.42993
v -33.24911 30.12442 12.42993
v -31.91648 28.93342 12.7254
v -31.91648 30.12442 12.7254
v -30.56317 28.93342 12.90356
v -30.56317 30.12442 12.90356
v -29.19948 28.93342 12.96307
v -29.19948 30.12442 12.96307
v -29.19948 27.74242 12.96307
v -30.56317 27.74242 12.90356
v -31.91648 27.74242 12.7254
v -33.24911 27.74242 12.42993
v -34.55092 27.74242 12.01947
v -35.812 27.74242 11.49713
v -37.02275 27.74242 10.86688
v -38.17397 27.74242 10.13348
v -39.25688 27.74242 9.30249
v -40.26326 27.74242 8.38031
v -41.18542 27.74242 7.373962
v -42.01638 27.74242 6.291016
v -42.74978 27.74242 5.139832
v -43.38006 27.74243 3.929077
v -43.90242 27.74243 2.667969
v -44.31288 27.74243 1.36615
v -44.60831 27.74243 0.03356934
v -44.78648 27.74243 -1.319763
v -44.84602 27.74243 -2.683411
v -44.78648 27.74243 -4.047119
v -44.60831 27.74243 -5.400452
v -44.31288 27.74243 -6.733032
v -43.90242 27.74243 -8.034851
v -43.38006 27.74243 -9.295959
v -42.74978 27.74243 -10.50671
v -42.01638 27.74243 -11.6579
v -41.18542 27.74243 -12.74084
v -40.26326 27.74243 -13.74722
v -39.25688 27.74243 -14.66937
v -38.17397 27.74243 -15.50034
v -37.02275 27.74243 -16.23373
v -35.812 27.74243 -16.86401
v -34.55092 27.74243 -17.38638
v -33.24911 27.74243 -17.79681
v -31.91648 27.74243 -18.09229
v -30.56317 27.74243 -18.27045
v -30.38935 27.74243 -18.27802
v -29.19948 19.47624 -18.32999
v -30.38935 20.66724 -18.27802
v -30.56317 19.47624 -18.27045
v -30.56317 20.66724 -18.27045
v -31.91648 19.47624 -18.09229
v -31.91648 20.66724 -18.09229
v -33.24911 19.47624 -17.79681
v -33.24911 20.66724 -17.79681
v -34.55092 19.47624 -17.38638
v -34.55092 20.66724 -17.38638
v -35.812 19.47624 -16.86401
v -35.812 20.66724 -16.86401
v -37.02275 19.47624 -16.23373
v -37.02275 20.66724 -16.23373
v -38.17397 19.47624 -15.50034
v -38.17397 20.66724 -15.50034
v -39.25688 19.47624 -14.66937
v -39.25688 20.66724 -14.66937
v -40.26326 19.47624 -13.74722
v -40.26326 20.66724 -13.74722
v -41.18542 19.47624 -12.74084
v -41.18542 20.66724 -12.74084
v -42.01638 19.47624 -11.65796
v -42.01638 20.66724 -11.65796
v -42.74978 19.47624 -10.50671
v -42.74978 20.66724 -10.50671
v -43.38006 19.47624 -9.295959
v -43.38006 20.66724 -9.295959
v -43.90242 19.47624 -8.034851
v -43.90242 20.66724 -8.034851
v -44.31288 19.47624 -6.733032
v -44.31288 20.66724 -6.733032
v -44.60831 19.47624 -5.400452
v -44.60831 20.66724 -5.400452
v -44.78648 19.47624 -4.047119
v -44.78648 20.66724 -4.047119
v -44.84602 19.47624 -2.683411
v -44.84602 20.66724 -2.683411
v -44.78648 19.47624 -1.319763
v -44.78648 20.66724 -1.319763
v -44.60831 19.47624 0.03356934
v -44.60831 20.66724 0.03356934
v -44.31288 19.47624 1.36615
v -44.31288 20.66724 1.36615
v -43.90242 19.47623 2.667969
v -43.90242 20.66723 2.667969
v -43.38006 19.47623 3.929077
v -43.38006 20.66723 3.929077
v -42.74978 19.47623 5.139832
v -42.74978 20.66723 5.139832
v -42.01638 19.47623 6.291016
v -42.01638 20.66723 6.291016
v -41.18542 19.47623 7.373962
v -41.18542 20.66723 7.373962
v -40.26326 19.47623 8.38031
v -40.26326 20.66723 8.38031
v -39.25688 19.47623 9.30249
v -39.25688 20.66723 9.30249
v -38.17397 19.47623 10.13348
v -38.17397 20.66723 10.13348
v -37.02275 19.47623 10.86688
v -37.02275 20.66723 10.86688
v -35.812 19.47623 11.49713
v -35.812 20.66723 11.49713
v -34.55092 19.47623 12.01947
v -34.55092 20.66723 12.01947
v -33.24911 19.47623 12.42993
v -33.24911 20.66723 12.42993
v -31.91648 19.47623 12.7254
v -31.91648 20.66723 12.7254
v -30.56317 19.47623 12.90356
v -30.56317 20.66723 12.90356
v -29.19948 19.47623 12.96307
v -29.19948 20.66723 12.96307
v 30.40142 76.21938 -18.32999
v 31.76511 76.21938 -18.27042
v 33.11841 76.21938 -18.09229
v 34.45104 76.21938 -17.79681
v 35.75286 76.21938 -17.38638
v 37.01393 76.21938 -16.86401
v 38.22469 76.21938 -16.23373
v 39.37591 76.21938 -15.50034
v 40.45882 76.21938 -14.66937
v 41.4652 76.21938 -13.74722
v 42.38737 76.21938 -12.74078
v 43.21832 76.21938 -11.6579
v 43.95172 76.21938 -10.50665
v 44.58199 76.21938 -9.295959
v 45.10436 76.21938 -8.034851
v 45.51482 76.21938 -6.733032
v 45.81026 76.21938 -5.400452
v 45.98842 76.21938 -4.047119
v 46.04797 76.21938 -2.683411
v 45.98842 76.21938 -1.319763
v 45.81026 76.21938 0.03356934
v 45.51482 76.21938 1.36615
v 45.10436 76.21938 2.667969
v 44.58199 76.21938 3.929077
v 43.95172 76.21938 5.139832
v 43.21832 76.21938 6.291077
v 42.38737 76.21938 7.373962
v 41.4652 76.21938 8.38031
v 40.45882 76.21938 9.30249
v 39.37591 76.21938 10.13348
v 38.22469 76.21938 10.86688
v 37.01393 76.21938 11.49713
v 35.75286 76.21938 12.01947
v 34.45104 76.21938 12.42993
v 33.11841 76.21938 12.7254
v 31.76511 76.21938 12.90356
v 31.76511 75.02838 12.90356
v 33.11841 75.02838 12.7254
v 34.45104 75.02838 12.42993
v 35.75286 75.02837 12.01947
v 37.01393 75.02837 11.49713
v 38.22469 75.02837 10.86688
v 39.37591 75.02837 10.13348
v 40.45882 75.02837 9.30249
v 41.4652 75.02837 8.38031
v 42.38737 75.02837 7.373962
v 43.21832 75.02837 6.291077
v 43.95172 75.02837 5.139832
v 44.58199 75.02837 3.929077
v 45.10436 75.02837 2.667969
v 45.51482 75.02837 1.36615
v 45.81026 75.02837 0.03356934
v 45.98842 75.02837 -1.319763
v 46.04797 75.02838 -2.683411
v 45.98842 75.02838 -4.047119
v 45.81026 75.02838 -5.400452
v 45.51482 75.02838 -6.733032
v 45.10436 75.02838 -8.034851
v 44.58199 75.02838 -9.295959
v 43.95172 75.02838 -10.50665
v 43.21832 75.02838 -11.6579
v 42.38737 75.02838 -12.74078
v 41.4652 75.02838 -13.74722
v 40.45882 75.02838 -14.66937
v 39.37591 75.02838 -15.50034
v 38.22469 75.02838 -16.23373
v 37.01393 75.02838 -16.86401
v 35.75286 75.02838 -17.38638
v 34.45104 75.02838 -17.79681
v 33.11841 75.02838 -18.09229
v 31.76511 75.02838 -18.27042
v 31.59129 75.02838 -18.27802
v 31.59129 67.95319 -18.27802
v 30.40142 66.76219 -18.32999
v 31.76511 67.95319 -18.27045
v 31.76511 66.76219 -18.27045
v 33.11841 67.95319 -18.09229
v 33.11841 66.76219 -18.09229
v 34.45104 67.95319 -17.79681
v 34.45104 66.76219 -17.79681
v 35.75286 67.95319 -17.38638
v 35.75286 66.76218 -17.38638
v 37.01393 67.95319 -16.86401
v 37.01393 66.76218 -16.86401
v 38.22469 67.95319 -16.23373
v 38.22469 66.76218 -16.23373
v 39.37591 67.95319 -15.50034
v 39.37591 66.76218 -15.50034
v 40.45882 67.95319 -14.66937
v 40.45882 66.76218 -14.66937
v 41.4652 67.95319 -13.74722
v 41.4652 66.76218 -13.74722
v 42.38737 67.95319 -12.74078
v 42.38737 66.76218 -12.74078
v 43.21832 67.95319 -11.6579
v 43.21832 66.76218 -11.6579
v 43.95172 67.95319 -10.50665
v 43.95172 66.76218 -10.50665
v 44.58199 67.95319 -9.295959
v 44.58199 66.76218 -9.295959
v 45.10436 67.95319 -8.034851
v 45.10436 66.76218 -8.034851
v 45.51482 67.95319 -6.733032
v 45.51482 66.76218 -6.733032
v 45.81026 67.95319 -5.400452
v 45.81026 66.76218 -5.400452
v 45.98842 67.95319 -4.047119
v 45.98842 66.76218 -4.047119
v 46.04797 67.95319 -2.683411
v 46.04797 66.76218 -2.683411
v 45.98842 67.95318 -1.319763
v 45.98842 66.76218 -1.319763
v 45.81026 67.95318 0.03356934
v 45.81026 66.76218 0.03356934
v 45.51482 67.95318 1.36615
v 45.51482 66.76218 1.36615
v 45.10436 67.95318 2.667969
v 45.10436 66.76218 2.667969
v 44.58199 67.95318 3.929077
v 44.58199 66.76218 3.929077
v 43.95172 67.95318 5.139832
v 43.95172 66.76218 5.139832
v 43.21832 67.95318 6.291077
v 43.21832 66.76218 6.291077
v 42.38737 67.95318 7.373962
v 42.38737 66.76218 7.373962
v 41.4652 67.95318 8.38031
v 41.4652 66.76218 8.38031
v 40.45882 67.95318 9.30249
v 40.45882 66.76218 9.30249
v 39.37591 67.95318 10.13348
v 39.37591 66.76218 10.13348
v 38.22469 67.95318 10.86688
v 38.22469 66.76218 10.86688
v 37.01393 67.95318 11.49713
v 37.01393 66.76218 11.49713
v 35.75286 67.95318 12.01947
v 35.75286 66.76218 12.01947
v 34.45104 67.95319 12.42993
v 34.45104 66.76218 12.42993
v 33.11841 67.95319 12.7254
v 33.11841 66.76218 12.7254
v 31.76511 67.95319 12.90356
v 31.76511 66.76218 12.90356
v 30.40142 67.95319 12.96307
v 30.40142 66.76218 12.96307
v 31.76511 65.57119 12.90356
v 30.40142 65.57119 12.96307
v 33.11841 65.57119 12.7254
v 34.45104 65.57119 12.42993
v 35.75286 65.57118 12.01947
v 37.01393 65.57118 11.49713
v 38.22469 65.57118 10.86688
v 39.37591 65.57118 10.13348
v 40.45882 65.57118 9.30249
v 41.4652 65.57118 8.38031
v 42.38737 65.57118 7.373962
v 43.21832 65.57118 6.291077
v 43.95172 65.57118 5.139832
v 44.58199 65.57118 3.929077
v 45.10436 65.57118 2.667969
v 45.51482 65.57118 1.36615
v 45.81026 65.57118 0.03356934
v 45.98842 65.57118 -1.319763
v 46.04797 65.57119 -2.683411
v 45.98842 65.57119 -4.047119
v 45.81026 65.57119 -5.400452
v 45.51482 65.57119 -6.733032
v 45.10436 65.57119 -8.034851
v 44.58199 65.57119 -9.295959
v 43.95172 65.57119 -10.50665
v 43.21832 65.57119 -11.6579
v 42.38737 65.57119 -12.74078
v 41.4652 65.57119 -13.74722
v 40.45882 65.57119 -14.66937
v 39.37591 65.57119 -15.50034
v 38.22469 65.57119 -16.23373
v 37.01393 65.57119 -16.86401
v 35.75286 65.57119 -17.38638
v 34.45104 65.57119 -17.79681
v 33.11841 65.57119 -18.09229
v 31.76511 65.57119 -18.27045
v 31.59129 65.57119 -18.27802
v 31.59129 58.496 -18.27802
v 30.40142 57.305 -18.32999
v 31.76511 58.496 -18.27045
v 31.76511 57.305 -18.27045
v 33.11841 58.496 -18.09229
v 33.11841 57.305 -18.09229
v 34.45104 58.496 -17.79681
v 34.45104 57.305 -17.79681
v 35.75286 58.49599 -17.38638
v 35.75286 57.30499 -17.38638
v 37.01393 58.49599 -16.86401
v 37.01393 57.30499 -16.86401
v 38.22469 58.49599 -16.23373
v 38.22469 57.30499 -16.23373
v 39.37591 58.49599 -15.50034
v 39.37591 57.30499 -15.50034
v 40.45882 58.49599 -14.66937
v 40.45882 57.30499 -14.66937
v 41.4652 58.49599 -13.74722
v 41.4652 57.30499 -13.74722
v 42.38737 58.49599 -12.74078
v 42.38737 57.30499 -12.74078
v 43.21832 58.49599 -11.6579
v 43.21832 57.30499 -11.6579
v 43.95172 58.49599 -10.50665
v 43.95172 57.30499 -10.50665
v 44.58199 58.49599 -9.295959
v 44.58199 57.30499 -9.295959
v 45.10436 58.49599 -8.034851
v 45.10436 57.30499 -8.034851
v 45.51482 58.49599 -6.733032
v 45.51482 57.30499 -6.733032
v 45.81026 58.49599 -5.400452
v 45.81026 57.30499 -5.400452
v 45.98842 58.49599 -4.047119
v 45.98842 57.30499 -4.047119
v 46.04797 58.49599 -2.683411
v 46.04797 57.30499 -2.683411
v 45.98842 58.49598 -1.319763
v 45.98842 57.30499 -1.319763
v 45.81026 58.49598 0.03356934
v 45.81026 57.30499 0.03356934
v 45.51482 58.49598 1.36615
v 45.51482 57.30499 1.36615
v 45.10436 58.49598 2.667969
v 45.10436 57.30499 2.667969
v 44.58199 58.49598 3.929077
v 44.58199 57.30499 3.929077
v 43.95172 58.49598 5.139832
v 43.95172 57.30499 5.139832
v 43.21832 58.49598 6.291016
v 43.21832 57.30499 6.291016
v 42.38737 58.49598 7.373962
v 42.38737 57.30499 7.373962
v 41.4652 58.49598 8.38031
v 41.4652 57.30499 8.38031
v 40.45882 58.49598 9.30249
v 40.45882 57.30499 9.30249
v 39.37591 58.49598 10.13348
v 39.37591 57.30499 10.13348
v 38.22469 58.49598 10.86688
v 38.22469 57.30499 10.86688
v 37.01393 58.49598 11.49713
v 37.01393 57.30499 11.49713
v 35.75286 58.49598 12.01947
v 35.75286 57.30499 12.01947
v 34.45104 58.49599 12.42993
v 34.45104 57.30499 12.42993
v 33.11841 58.49599 12.7254
v 33.11841 57.30499 12.7254
v 31.76511 58.49599 12.90356
v 31.76511 57.30499 12.90356
v 30.40142 58.49599 12.96307
v 30.40142 57.30499 12.96307
v 31.76511 56.114 12.90356
v 30.40142 56.114 12.96307
v 33.11841 56.114 12.7254
v 34.45104 56.114 12.42993
v 35.75286 56.11399 12.01947
v 37.01393 56.11399 11.49713
v 38.22469 56.11399 10.86688
v 39.37591 56.11399 10.13348
v 40.45882 56.11399 9.30249
v 41.4652 56.11399 8.38031
v 42.38737 56.11399 7.373962
v 43.21832 56.11399 6.291016
v 43.95172 56.11399 5.139832
v 44.58199 56.11399 3.929077
v 45.10436 56.11399 2.667969
v 45.51482 56.11399 1.36615
v 45.81026 56.11399 0.03356934
v 45.98842 56.11399 -1.319763
v 46.04797 56.114 -2.683411
v 45.98842 56.114 -4.047119
v 45.81026 56.114 -5.400452
v 45.51482 56.114 -6.733032
v 45.10436 56.114 -8.034851
v 44.58199 56.114 -9.295959
v 43.95172 56.114 -10.50665
v 43.21832 56.114 -11.6579
v 42.38737 56.114 -12.74078
v 41.4652 56.114 -13.74722
v 40.45882 56.114 -14.66937
v 39.37591 56.114 -15.50034
v 38.22469 56.114 -16.23373
v 37.01393 56.114 -16.86401
v 35.75286 56.114 -17.38638
v 34.45104 56.114 -17.79681
v 33.11841 56.114 -18.09229
v 31.76511 56.114 -18.27045
v 31.59129 56.114 -18.27802
v 31.59128 49.0388 -18.27802
v 30.40142 47.84781 -18.32999
v 31.76511 49.0388 -18.27045
v 31.76511 47.84781 -18.27045
v 33.11841 49.0388 -18.09229
v 33.11841 47.84781 -18.09229
v 34.45104 49.0388 -17.79681
v 34.45104 47.84781 -17.79681
v 35.75285 49.0388 -17.38638
v 35.75285 47.84781 -17.38638
v 37.01393 49.0388 -16.86401
v 37.01393 47.84781 -16.86401
v 38.22469 49.0388 -16.23373
v 38.22469 47.84781 -16.23373
v 39.37591 49.0388 -15.50034
v 39.37591 47.84781 -15.50034
v 40.45882 49.0388 -14.66937
v 40.45882 47.84781 -14.66937
v 41.46519 49.0388 -13.74722
v 41.46519 47.84781 -13.74722
v 42.38735 49.0388 -12.74078
v 42.38735 47.84781 -12.74078
v 43.21832 49.0388 -11.6579
v 43.21832 47.84781 -11.6579
v 43.95171 49.0388 -10.50665
v 43.95171 47.84781 -10.50665
v 44.58199 49.0388 -9.295959
v 44.58199 47.84781 -9.295959
v 45.10435 49.0388 -8.034851
v 45.10435 47.84781 -8.034851
v 45.51481 49.0388 -6.733032
v 45.51481 47.8478 -6.733032
v 45.81026 49.0388 -5.400452
v 45.81026 47.8478 -5.400452
v 45.98842 49.0388 -4.047119
v 45.98842 47.8478 -4.047119
v 46.04795 49.0388 -2.683411
v 46.04795 47.8478 -2.683411
v 45.98842 49.0388 -1.319763
v 45.98842 47.8478 -1.319763
v 45.81026 49.0388 0.03356934
v 45.81026 47.8478 0.03356934
v 45.51481 49.0388 1.36615
v 45.51481 47.8478 1.36615
v 45.10435 49.0388 2.667969
v 45.10435 47.8478 2.667969
v 44.58199 49.0388 3.929077
v 44.58199 47.8478 3.929077
v 43.95171 49.0388 5.139832
v 43.95171 47.8478 5.139832
v 43.21832 49.0388 6.291016
v 43.21832 47.8478 6.291016
v 42.38735 49.0388 7.373962
v 42.38735 47.8478 7.373962
v 41.46519 49.0388 8.38031
v 41.46519 47.8478 8.38031
v 40.45882 49.0388 9.30249
v 40.45882 47.8478 9.30249
v 39.37591 49.0388 10.13348
v 39.37591 47.8478 10.13348
v 38.22469 49.0388 10.86688
v 38.22469 47.8478 10.86688
v 37.01393 49.0388 11.49713
v 37.01393 47.8478 11.49713
v 35.75285 49.0388 12.01947
v 35.75285 47.8478 12.01947
v 34.45104 49.0388 12.42993
v 34.45104 47.8478 12.42993
v 33.11841 49.0388 12.7254
v 33.11841 47.8478 12.7254
v 31.76511 49.0388 12.90356
v 31.76511 47.8478 12.90356
v 30.40142 49.0388 12.96307
v 30.40142 47.8478 12.96307
v 31.76511 46.6568 12.90356
v 30.40142 46.6568 12.96307
v 33.11841 46.6568 12.7254
v 34.45104 46.6568 12.42993
v 35.75285 46.6568 12.01947
v 37.01393 46.6568 11.49713
v 38.22469 46.6568 10.86688
v 39.37591 46.6568 10.13348
v 40.45882 46.6568 9.30249
v 41.46519 46.6568 8.38031
v 42.38735 46.6568 7.373962
v 43.21832 46.6568 6.291016
v 43.95171 46.6568 5.139832
v 44.58199 46.6568 3.929077
v 45.10435 46.6568 2.667969
v 45.51481 46.6568 1.36615
v 45.81026 46.6568 0.03356934
v 45.98842 46.6568 -1.319763
v 46.04795 46.6568 -2.683411
v 45.98842 46.6568 -4.047119
v 45.81026 46.6568 -5.400452
v 45.51481 46.6568 -6.733032
v 45.10435 46.65681 -8.034851
v 44.58199 46.65681 -9.295959
v 43.95171 46.65681 -10.50665
v 43.21832 46.65681 -11.6579
v 42.38735 46.65681 -12.74078
v 41.46519 46.65681 -13.74722
v 40.45882 46.65681 -14.66937
v 39.37591 46.65681 -15.50034
v 38.22469 46.65681 -16.23373
v 37.01393 46.65681 -16.86401
v 35.75285 46.65681 -17.38638
v 34.45104 46.65681 -17.79681
v 33.11841 46.65681 -18.09229
v 31.76511 46.65681 -18.27045
v 31.59128 46.65681 -18.27802
v 31.59128 39.58161 -18.27802
v 30.40142 38.39061 -18.32999
v 31.76511 39.58161 -18.27045
v 31.76511 38.39061 -18.27045
v 33.11841 39.58161 -18.09229
v 33.11841 38.39061 -18.09229
v 34.45104 39.58161 -17.79681
v 34.45104 38.39061 -17.79681
v 35.75285 39.58161 -17.38638
v 35.75285 38.39061 -17.38638
v 37.01393 39.58161 -16.86401
v 37.01393 38.39061 -16.86401
v 38.22469 39.58161 -16.23373
v 38.22469 38.39061 -16.23373
v 39.37591 39.58161 -15.50034
v 39.37591 38.39061 -15.50034
v 40.45882 39.58161 -14.66937
v 40.45882 38.39061 -14.66937
v 41.46519 39.58161 -13.74722
v 41.46519 38.39061 -13.74722
v 42.38735 39.58161 -12.74084
v 42.38735 38.39061 -12.74084
v 43.21832 39.58161 -11.6579
v 43.21832 38.39061 -11.6579
v 43.95171 39.58161 -10.50671
v 43.95171 38.39061 -10.50671
v 44.58199 39.58161 -9.295959
v 44.58199 38.39061 -9.295959
v 45.10435 39.58161 -8.034851
v 45.10435 38.39061 -8.034851
v 45.51481 39.58161 -6.733032
v 45.51481 38.39061 -6.733032
v 45.81026 39.58161 -5.400452
v 45.81026 38.39061 -5.400452
v 45.98842 39.58161 -4.047119
v 45.98842 38.39061 -4.047119
v 46.04795 39.58161 -2.683411
v 46.04795 38.39061 -2.683411
v 45.98842 39.58161 -1.319763
v 45.98842 38.39061 -1.319763
v 45.81026 39.58161 0.03356934
v 45.81026 38.39061 0.03356934
v 45.51481 39.58161 1.36615
v 45.51481 38.39061 1.36615
v 45.10435 39.58161 2.667969
v 45.10435 38.39061 2.667969
v 44.58199 39.58161 3.929077
v 44.58199 38.39061 3.929077
v 43.95171 39.58161 5.139832
v 43.95171 38.39061 5.139832
v 43.21832 39.58161 6.291016
v 43.21832 38.39061 6.291016
v 42.38735 39.58161 7.373962
v 42.38735 38.39061 7.373962
v 41.46519 39.58161 8.38031
v 41.46519 38.39061 8.38031
v 40.45882 39.58161 9.30249
v 40.45882 38.39061 9.30249
v 39.37591 39.58161 10.13348
v 39.37591 38.39061 10.13348
v 38.22469 39.58161 10.86688
v 38.22469 38.39061 10.86688
v 37.01393 39.58161 11.49713
v 37.01393 38.39061 11.49713
v 35.75285 39.58161 12.01947
v 35.75285 38.39061 12.01947
v 34.45104 39.58161 12.42993
v 34.45104 38.39061 12.42993
v 33.11841 39.58161 12.7254
v 33.11841 38.39061 12.7254
v 31.76511 39.58161 12.90356
v 31.76511 38.39061 12.90356
v 30.40142 39.58161 12.96307
v 30.40142 38.39061 12.96307
v 31.76511 37.19961 12.90356
v 30.40142 37.19961 12.96307
v 33.11841 37.19961 12.7254
v 34.45104 37.19961 12.42993
v 35.75285 37.19961 12.01947
v 37.01393 37.19961 11.49713
v 38.22469 37.19961 10.86688
v 39.37591 37.19961 10.13348
v 40.45882 37.19961 9.30249
v 41.46519 37.19961 8.38031
v 42.38735 37.19961 7.373962
v 43.21832 37.19961 6.291016
v 43.95171 37.19961 5.139832
v 44.58199 37.19961 3.929077
v 45.10435 37.19961 2.667969
v 45.51481 37.19961 1.36615
v 45.81026 37.19961 0.03356934
v 45.98842 37.19961 -1.319763
v 46.04795 37.19961 -2.683411
v 45.98842 37.19961 -4.047119
v 45.81026 37.19961 -5.400452
v 45.51481 37.19961 -6.733032
v 45.10435 37.19961 -8.034851
v 44.58199 37.19961 -9.295959
v 43.95171 37.19961 -10.50671
v 43.21832 37.19961 -11.6579
v 42.38735 37.19961 -12.74084
v 41.46519 37.19961 -13.74722
v 40.45882 37.19961 -14.66937
v 39.37591 37.19961 -15.50034
v 38.22469 37.19961 -16.23373
v 37.01393 37.19961 -16.86401
v 35.75285 37.19961 -17.38638
v 34.45104 37.19961 -17.79681
v 33.11841 37.19961 -18.09229
v 31.76511 37.19961 -18.27045
v 31.59128 37.19961 -18.27802
v 31.59128 30.12442 -18.27802
v 30.40142 28.93342 -18.32999
v 31.76511 30.12442 -18.27045
v 31.76511 28.93342 -18.27045
v 33.11841 30.12442 -18.09229
v 33.11841 28.93342 -18.09229
v 34.45104 30.12442 -17.79681
v 34.45104 28.93342 -17.79681
v 35.75285 30.12442 -17.38638
v 35.75285 28.93342 -17.38638
v 37.01393 30.12442 -16.86401
v 37.01393 28.93342 -16.86401
v 38.22469 30.12442 -16.23373
v 38.22469 28.93342 -16.23373
v 39.37591 30.12442 -15.50034
v 39.37591 28.93342 -15.50034
v 40.45882 30.12442 -14.66937
v 40.45882 28.93342 -14.66937
v 41.46519 30.12442 -13.74722
v 41.46519 28.93342 -13.74722
v 42.38735 30.12442 -12.74084
v 42.38735 28.93342 -12.74084
v 43.21832 30.12442 -11.6579
v 43.21832 28.93342 -11.6579
v 43.95171 30.12442 -10.50671
v 43.95171 28.93342 -10.50671
v 44.58199 30.12442 -9.295959
v 44.58199 28.93342 -9.295959
v 45.10435 30.12442 -8.034851
v 45.10435 28.93342 -8.034851
v 45.51481 30.12442 -6.733032
v 45.51481 28.93342 -6.733032
v 45.81026 30.12442 -5.400452
v 45.81026 28.93342 -5.400452
v 45.98842 30.12442 -4.047119
v 45.98842 28.93342 -4.047119
v 46.04795 30.12442 -2.683411
v 46.04795 28.93342 -2.683411
v 45.98842 30.12442 -1.319763
v 45.98842 28.93342 -1.319763
v 45.81026 30.12442 0.03356934
v 45.81026 28.93342 0.03356934
v 45.51481 30.12442 1.36615
v 45.51481 28.93342 1.36615
v 45.10435 30.12442 2.667969
v 45.10435 28.93342 2.667969
v 44.58199 30.12442 3.929077
v 44.58199 28.93342 3.929077
v 43.95171 30.12442 5.139832
v 43.95171 28.93342 5.139832
v 43.21832 30.12442 6.291016
v 43.21832 28.93342 6.291016
v 42.38735 30.12442 7.373962
v 42.38735 28.93342 7.373962
v 41.46519 30.12442 8.38031
v 41.46519 28.93342 8.38031
v 40.45882 30.12442 9.30249
v 40.45882 28.93342 9.30249
v 39.37591 30.12442 10.13348
v 39.37591 28.93342 10.13348
v 38.22469 30.12442 10.86688
v 38.22469 28.93342 10.86688
v 37.01393 30.12442 11.49713
v 37.01393 28.93342 11.49713
v 35.75285 30.12442 12.01947
v 35.75285 28.93342 12.01947
v 34.45104 30.12442 12.42993
v 34.45104 28.93342 12.42993
v 33.11841 30.12442 12.7254
v 33.11841 28.93342 12.7254
v 31.76511 30.12442 12.90356
v 31.76511 28.93342 12.90356
v 30.40142 30.12442 12.96307
v 30.40142 28.93342 12.96307
v 31.76511 27.74242 12.90356
v 30.40142 27.74242 12.96307
v 33.11841 27.74242 12.7254
v 34.45104 27.74242 12.42993
v 35.75285 27.74242 12.01947
v 37.01393 27.74242 11.49713
v 38.22469 27.74242 10.86688
v 39.37591 27.74242 10.13348
v 40.45882 27.74242 9.30249
v 41.46519 27.74242 8.38031
v 42.38735 27.74242 7.373962
v 43.21832 27.74242 6.291016
v 43.95171 27.74242 5.139832
v 44.58199 27.74242 3.929077
v 45.10435 27.74242 2.667969
v 45.51481 27.74242 1.36615
v 45.81026 27.74242 0.03356934
v 45.98842 27.74242 -1.319763
v 46.04795 27.74242 -2.683411
v 45.98842 27.74242 -4.047119
v 45.81026 27.74242 -5.400452
v 45.51481 27.74242 -6.733032
v 45.10435 27.74242 -8.034851
v 44.58199 27.74242 -9.295959
v 43.95171 27.74242 -10.50671
v 43.21832 27.74242 -11.6579
v 42.38735 27.74242 -12.74084
v 41.46519 27.74242 -13.74722
v 40.45882 27.74242 -14.66937
v 39.37591 27.74242 -15.50034
v 38.22469 27.74242 -16.23373
v 37.01393 27.74242 -16.86401
v 35.75285 27.74242 -17.38638
v 34.45104 27.74242 -17.79681
v 33.11841 27.74242 -18.09229
v 31.76511 27.74242 -18.27045
v 31.59128 27.74242 -18.27802
v 31.59128 20.66723 -18.27802
v 30.40142 19.47623 -18.32999
v 31.76511 20.66723 -18.27045
v 31.76511 19.47623 -18.27045
v 33.11841 20.66723 -18.09229
v 33.11841 19.47623 -18.09229
v 34.45104 20.66723 -17.79681
v 34.45104 19.47623 -17.79681
v 35.75285 20.66723 -17.38638
v 35.75285 19.47623 -17.38638
v 37.01393 20.66723 -16.86401
v 37.01393 19.47623 -16.86401
v 38.22469 20.66723 -16.23373
v 38.22469 19.47623 -16.23373
v 39.37591 20.66723 -15.50034
v 39.37591 19.47623 -15.50034
v 40.45882 20.66723 -14.66937
v 40.45882 19.47623 -14.66937
v 41.46519 20.66723 -13.74722
v 41.46519 19.47623 -13.74722
v 42.38735 20.66723 -12.74084
v 42.38735 19.47623 -12.74084
v 43.21832 20.66723 -11.65796
v 43.21832 19.47623 -11.65796
v 43.95171 20.66723 -10.50671
v 43.95171 19.47623 -10.50671
v 44.58199 20.66723 -9.295959
v 44.58199 19.47623 -9.295959
v 45.10435 20.66723 -8.034851
v 45.10435 19.47623 -8.034851
v 45.51481 20.66723 -6.733032
v 45.51481 19.47623 -6.733032
v 45.81026 20.66723 -5.400452
v 45.81026 19.47623 -5.400452
v 45.98842 20.66723 -4.047119
v 45.98842 19.47623 -4.047119
v 46.04795 20.66723 -2.683411
v 46.04795 19.47623 -2.683411
v 45.98842 20.66723 -1.319763
v 45.98842 19.47623 -1.319763
v 45.81026 20.66723 0.03356934
v 45.81026 19.47623 0.03356934
v 45.51481 20.66723 1.36615
v 45.51481 19.47623 1.36615
v 45.10435 20.66723 2.667969
v 45.10435 19.47623 2.667969
v 44.58199 20.66723 3.929077
v 44.58199 19.47623 3.929077
v 43.95171 20.66723 5.139832
v 43.95171 19.47623 5.139832
v 43.21832 20.66723 6.291016
v 43.21832 19.47623 6.291016
v 42.38735 20.66723 7.373962
v 42.38735 19.47623 7.373962
v 41.46519 20.66723 8.38031
v 41.46519 19.47623 8.38031
v 40.45882 20.66723 9.30249
v 40.45882 19.47623 9.30249
v 39.37591 20.66723 10.13348
v 39.37591 19.47623 10.13348
v 38.22469 20.66723 10.86688
v 38.22469 19.47623 10.86688
v 37.01393 20.66723 11.49713
v 37.01393 19.47623 11.49713
v 35.75285 20.66723 12.01947
v 35.75285 19.47623 12.01947
v 34.45104 20.66723 12.42993
v 34.45104 19.47623 12.42993
v 33.11841 20.66723 12.7254
v 33.11841 19.47623 12.7254
v 31.76511 20.66723 12.90356
v 31.76511 19.47623 12.90356
v 30.40142 20.66723 12.96307
v 30.40142 19.47623 12.96307
v -30.45927 1.03267 -17.08286
v -29.1735 1.03267 -17.13901
v -31.70947 1.03267 -16.91824
v -32.94056 1.03267 -16.64529
v -34.14319 1.03267 -16.26614
v -35.30818 1.03267 -15.7836
v -36.42669 1.03267 -15.20132
v -37.49019 1.03267 -14.52383
v -38.4906 1.03267 -13.75613
v -39.42029 1.03267 -12.90424
v -40.2722 1.03267 -11.97455
v -41.03984 1.03267 -10.97418
v -41.71736 1.03267 -9.910645
v -42.29962 1.03267 -8.792114
v -42.78218 1.03267 -7.627136
v -42.29962 1.03266 3.425232
v -42.78218 1.03266 2.260254
v -41.71736 1.03266 4.543762
v -41.03984 1.03266 5.607239
v -40.2722 1.03266 6.607666
v -39.42029 1.03266 7.537354
v -38.4906 1.03266 8.389282
v -37.49019 1.03266 9.156921
v -36.42669 1.03266 9.834412
v -35.30818 1.03266 10.41669
v -34.14319 1.03266 10.89923
v -32.94056 1.03266 11.27844
v -31.70947 1.03266 11.55139
v -30.45927 1.03266 11.71594
v -29.1735 1.03266 11.77209
v 30.37543 1.03266 -17.13901
v 31.6612 1.03266 -17.08286
v 32.9114 1.03266 -16.91824
v 34.14249 1.03266 -16.64529
v 35.34512 1.03266 -16.26614
v 36.51011 1.03266 -15.7836
v 37.62862 1.03266 -15.20132
v 38.69212 1.03266 -14.52383
v 39.69253 1.03266 -13.75613
v 31.6612 1.03265 11.71594
v 30.37543 1.03265 11.77209
v 32.9114 1.03265 11.55139
v 34.14249 1.03265 11.27844
v 35.34512 1.03265 10.89923
v 36.51011 1.03265 10.41669
v 37.62862 1.03265 9.834412
v 38.69212 1.03265 9.156921
v 39.69253 1.03265 8.389282
v 40.62222 1.03265 7.537354
v 41.47414 1.03265 6.607666
v 42.24178 1.03266 5.607239
v 42.91929 1.03266 4.543762
v 43.50155 1.03266 3.425232
v 43.98411 1.03266 2.260254
v 44.3633 1.03266 1.057617
v 44.63622 1.03266 -0.1734619
v 44.8008 1.03266 -1.423645
v 44.85581 1.03266 -2.683411
v 44.8008 1.03266 -3.943237
v 44.63622 1.03266 -5.19342
v 44.3633 1.03266 -6.4245
v 43.98411 1.03266 -7.627136
v 43.50155 1.03266 -8.792114
v 42.91929 1.03266 -9.910645
v 42.24178 1.03266 -10.97418
v 41.47414 1.03266 -11.97455
v 40.62222 1.03266 -12.90424
v -29.1735 15.91624 -17.13895
v -30.45927 15.91624 -17.08286
v -31.70947 15.91624 -16.91824
v -32.94056 15.91624 -16.64529
v -34.14319 15.91624 -16.26614
v -35.30818 15.91624 -15.7836
v -36.42669 15.91624 -15.20132
v -37.49019 15.91624 -14.52383
v -38.4906 15.91624 -13.75613
v -39.42029 15.91624 -12.90424
v -40.2722 15.91624 -11.97455
v -41.03984 15.91624 -10.97418
v -41.71736 15.91623 -9.910645
v -42.29962 15.91623 -8.792114
v -42.78218 15.91623 -7.627136
v -43.16136 15.91624 -6.4245
v -43.43429 15.91624 -5.19342
v -43.59888 15.91623 -3.943237
v -43.65389 15.91623 -2.683411
v -43.59888 15.91623 -1.423645
v -43.43429 15.91623 -0.1734619
v -43.16136 15.91623 1.057617
v -42.78218 15.91623 2.260254
v -42.29962 15.91623 3.425232
v -41.71736 15.91623 4.543762
v -41.03984 15.91623 5.607239
v -40.2722 15.91623 6.607666
v -39.42029 15.91623 7.537354
v -38.4906 15.91623 8.389282
v -37.49019 15.91623 9.156921
v -36.42669 15.91623 9.834412
v -35.30818 15.91623 10.41669
v -34.14319 15.91623 10.89923
v -32.94056 15.91623 11.27844
v -31.70947 15.91623 11.55139
v -30.45927 15.91623 11.71594
v -29.1735 15.91623 11.77209
v 30.37543 15.91622 11.77209
v 31.6612 15.91622 11.71594
v 32.9114 15.91622 11.55139
v 34.14249 15.91622 11.27844
v 35.34512 15.91622 10.89923
v 36.51011 15.91622 10.41669
v 37.62862 15.91622 9.834412
v 38.69212 15.91622 9.156921
v 39.69253 15.91622 8.389282
v 40.62222 15.91622 7.537354
v 41.47414 15.91622 6.607666
v 42.24178 15.91622 5.607239
v 42.91929 15.91622 4.543762
v 43.50155 15.91622 3.425232
v 43.98411 15.91622 2.260254
v 44.3633 15.91622 1.057617
v 44.63622 15.91622 -0.1734619
v 44.8008 15.91622 -1.423645
v 44.85581 15.91622 -2.683411
v 44.8008 15.91622 -3.943237
v 44.63622 15.91623 -5.19342
v 44.3633 15.91623 -6.4245
v 43.98411 15.91623 -7.627136
v 43.50155 15.91623 -8.792114
v 42.91929 15.91623 -9.910645
v 42.24178 15.91623 -10.97418
v 41.47414 15.91623 -11.97455
v 40.62222 15.91623 -12.90424
v 39.69253 15.91623 -13.75613
v 38.69212 15.91623 -14.52383
v 37.62862 15.91623 -15.20132
v 36.51011 15.91623 -15.7836
v 35.34512 15.91623 -16.26614
v 34.14249 15.91623 -16.64529
v 32.9114 15.91623 -16.91824
v 31.6612 15.91623 -17.08286
v 30.37543 15.91623 -17.13895
v -30.92683 18.06115 -22.42703
v -29.29044 18.06115 -22.49847
v -29.29044 19.47624 -22.49847
v -30.92682 19.47624 -22.42703
v -32.64102 18.06115 -22.20135
v -32.64102 19.47624 -22.20135
v -34.32903 18.06115 -21.82715
v -34.32902 19.47624 -21.82715
v -35.97799 18.06115 -21.30722
v -35.97798 19.47624 -21.30722
v -37.57536 18.06115 -20.64554
v -37.57536 19.47624 -20.64554
v -39.10899 18.06115 -19.8472
v -39.10899 19.47624 -19.8472
v -40.5672 18.06115 -18.91821
v -40.5672 19.47624 -18.91821
v -41.9389 18.06115 -17.86566
v -41.9389 19.47624 -17.86566
v -43.21364 18.06115 -16.6976
v -43.21364 19.47624 -16.6976
v -44.38173 18.06115 -15.42285
v -44.38172 19.47624 -15.42285
v -45.43427 18.06115 -14.05118
v -45.43427 19.47624 -14.05118
v -46.36325 18.06115 -12.59296
v -46.36325 19.47624 -12.59296
v -47.16161 18.06115 -11.05933
v -47.1616 19.47624 -11.05933
v -47.82326 18.06115 -9.461975
v -47.82326 19.47624 -9.461975
v -48.34318 18.06115 -7.812988
v -48.34317 19.47624 -7.812988
v -48.7174 18.06115 -6.125
v -48.7174 19.47624 -6.125
v -48.94308 18.06115 -4.410767
v -48.94307 19.47624 -4.410767
v -49.01849 18.06115 -2.683411
v -49.01849 19.47624 -2.683411
v -48.94308 18.06115 -0.9561157
v -48.94307 19.47624 -0.9561157
v -48.7174 18.06115 0.7581177
v -48.7174 19.47624 0.7581177
v -48.34318 18.06115 2.446106
v -48.34317 19.47623 2.446106
v -47.82326 18.06115 4.095093
v -47.82326 19.47623 4.095093
v -47.16161 18.06115 5.692444
v -47.1616 19.47623 5.692444
v -46.36325 18.06115 7.226013
v -46.36325 19.47623 7.226013
v -45.43427 18.06115 8.684265
v -45.43427 19.47623 8.684265
v -44.38173 18.06115 10.05597
v -44.38172 19.47623 10.05597
v -43.21364 18.06115 11.33075
v -43.21364 19.47623 11.33075
v -41.9389 18.06115 12.49878
v -41.9389 19.47623 12.49878
v -40.5672 18.06115 13.55133
v -40.5672 19.47623 13.55133
v -39.10899 18.06114 14.48035
v -39.10899 19.47623 14.48035
v -37.57536 18.06114 15.27869
v -37.57536 19.47623 15.27869
v -35.97799 18.06114 15.94037
v -35.97798 19.47623 15.94037
v -34.32903 18.06114 16.46027
v -34.32902 19.47623 16.46027
v -32.64102 18.06114 16.83447
v -32.64102 19.47623 16.83447
v -30.92683 18.06114 17.06018
v -30.92682 19.47623 17.06018
v -29.29044 18.06114 17.13159
v -29.29044 19.47623 17.13159
v 30.49237 18.06114 17.13159
v 30.49239 19.47622 17.13159
v 32.12876 18.06114 17.06018
v 32.12876 19.47622 17.06018
v 33.84295 18.06114 16.83447
v 33.84296 19.47622 16.83447
v 35.53096 18.06114 16.46027
v 35.53096 19.47622 16.46027
v 37.17992 18.06114 15.94037
v 37.17992 19.47622 15.94037
v 38.7773 18.06114 15.27869
v 38.7773 19.47622 15.27869
v 40.31091 18.06114 14.48035
v 40.31093 19.47622 14.48035
v 41.76913 18.06114 13.55133
v 41.76914 19.47623 13.55133
v 43.14083 18.06114 12.49878
v 43.14083 19.47623 12.49878
v 44.41558 18.06114 11.33075
v 44.41558 19.47622 11.33075
v 45.58366 18.06114 10.05597
v 45.58366 19.47622 10.05597
v 46.63619 18.06114 8.684265
v 46.63621 19.47622 8.684265
v 47.56519 18.06114 7.226013
v 47.56519 19.47623 7.226013
v 48.36354 18.06114 5.692444
v 48.36354 19.47623 5.692444
v 49.0252 18.06114 4.095093
v 49.0252 19.47623 4.095093
v 49.5451 18.06114 2.446106
v 49.5451 19.47623 2.446106
v 49.91933 18.06114 0.7581177
v 49.91933 19.47623 0.7581177
v 50.14501 18.06114 -0.9561157
v 50.14501 19.47623 -0.9561157
v 50.22042 18.06114 -2.683411
v 50.22042 19.47623 -2.683411
v 50.14501 18.06114 -4.410767
v 50.14501 19.47623 -4.410767
v 49.91933 18.06114 -6.125
v 49.91933 19.47623 -6.125
v 49.5451 18.06114 -7.812988
v 49.5451 19.47623 -7.812988
v 49.0252 18.06114 -9.461975
v 49.0252 19.47623 -9.461975
v 48.36354 18.06114 -11.05933
v 48.36354 19.47623 -11.05933
v 47.56519 18.06114 -12.59296
v 47.56519 19.47623 -12.59296
v 46.63619 18.06114 -14.05118
v 46.63621 19.47623 -14.05118
v 45.58366 18.06114 -15.42285
v 45.58366 19.47623 -15.42285
v 44.41558 18.06114 -16.6976
v 44.41558 19.47623 -16.6976
v 43.14083 18.06115 -17.86566
v 43.14083 19.47623 -17.86566
v 41.76913 18.06115 -18.91821
v 41.76914 19.47623 -18.91821
v 40.31091 18.06115 -19.8472
v 40.31093 19.47623 -19.8472
v 38.7773 18.06115 -20.64554
v 38.7773 19.47623 -20.64554
v 37.17992 18.06115 -21.30722
v 37.17992 19.47623 -21.30722
v 35.53096 18.06115 -21.82715
v 35.53096 19.47623 -21.82715
v 33.84295 18.06115 -22.20135
v 33.84296 19.47623 -22.20135
v 32.12876 18.06115 -22.42703
v 32.12876 19.47623 -22.42703
v 30.49237 18.06115 -22.49847
v 30.49239 19.47623 -22.49847
v -29.19948 86.87411 -2.683411
v 30.40142 86.87411 -2.683411

vt 1 0.4985
vt 0.7772 1
vt 0 1
vt 0 0.4985
vt 1 0
vt 0 0
vt 0.971 0.0162
vt 0.029 0.0162
vt 0.029 0.2338
vt 0.971 0.2338
vt 0.5 0.0162
vt 0.0383 0.0162
vt 0.0383 0.2338
vt 0.5 0.2338
vt 0 0.25
vt 1 0.25
vt 0 0.375
vt 1 0.375
vt 0 0.5
vt 1 0.5
vt 0 0.625
vt 1 0.625
vt 0 0.75
vt 1 0.75
vt 0 0.875
vt 1 0.875
vt 1 1
vt 0.5 0
vt 0.5 0.25
vt 0.5 0.375
vt 0.5 0.5
vt 0.5 0.625
vt 0.5 0.75
vt 0.5 0.875
vt 0.5 1
vt 0.9901 0.5064
vt 0.0131 0.9714
vt 0.982 0.9714
vt 0.011 0.5
vt 0.989 0.0226
vt 0.011 0.0226
vt 0.9547 0.2338
vt 0.9547 0.0162
vt 1 0.1608
vt 0.9722 0.2677
vt 1 0.2677
vt 0.9722 0.1608
vt 0.9444 0.2677
vt 0.9444 0.1608
vt 0.9167 0.2677
vt 0.9167 0.1608
vt 0.8889 0.2677
vt 0.8889 0.1608
vt 0.8611 0.2677
vt 0.8611 0.1608
vt 0.8333 0.2677
vt 0.8333 0.1608
vt 0.8056 0.2677
vt 0.8056 0.1608
vt 0.7778 0.2677
vt 0.7778 0.1608
vt 0.75 0.2677
vt 0.75 0.1608
vt 0.7222 0.2677
vt 0.7222 0.1608
vt 0.6944 0.2677
vt 0.6944 0.1608
vt 0.6667 0.2677
vt 0.6667 0.1608
vt 0.6389 0.2677
vt 0.6389 0.1608
vt 0.6111 0.2677
vt 0.6111 0.1608
vt 0.5833 0.2677
vt 0.5833 0.1608
vt 0.5556 0.2677
vt 0.5556 0.1608
vt 0.5278 0.2677
vt 0.5278 0.1608
vt 0.5 0.2677
vt 0.5 0.1608
vt 0.4722 0.2677
vt 0.4722 0.1608
vt 0.4444 0.2677
vt 0.4444 0.1608
vt 0.4167 0.2677
vt 0.4167 0.1608
vt 0.3889 0.2677
vt 0.3889 0.1608
vt 0.3611 0.2677
vt 0.3611 0.1608
vt 0.3333 0.2677
vt 0.3333 0.1608
vt 0.3056 0.2677
vt 0.3056 0.1608
vt 0.2778 0.2677
vt 0.2778 0.1608
vt 0.25 0.2677
vt 0.25 0.1608
vt 0.2222 0.2677
vt 0.2222 0.1608
vt 0.1944 0.2677
vt 0.1944 0.1608
vt 0.1667 0.2677
vt 0.1667 0.1608
vt 0.1389 0.2677
vt 0.1389 0.1608
vt 0.1111 0.2677
vt 0.1111 0.1608
vt 0.0833 0.2677
vt 0.0833 0.1608
vt 0.0556 0.2677
vt 0.0556 0.1608
vt 0.0278 0.2677
vt 0.0278 0.1608
vt 0.1608 0
vt 0.1608 1
vt 0.2677 1
vt 0.2677 0
vt 0 0.1608
vt 0 0.2677
vt 1 0.3037
vt 0.9722 0.4106
vt 1 0.4106
vt 0.9722 0.3037
vt 0.9444 0.4106
vt 0.9444 0.3037
vt 0.9167 0.4106
vt 0.9167 0.3037
vt 0.8889 0.4106
vt 0.8889 0.3037
vt 0.8611 0.4106
vt 0.8611 0.3037
vt 0.8333 0.4106
vt 0.8333 0.3037
vt 0.8056 0.4106
vt 0.8056 0.3037
vt 0.7778 0.4106
vt 0.7778 0.3037
vt 0.75 0.4106
vt 0.75 0.3037
vt 0.7222 0.4106
vt 0.7222 0.3037
vt 0.6944 0.4106
vt 0.6944 0.3037
vt 0.6667 0.4106
vt 0.6667 0.3037
vt 0.6389 0.4106
vt 0.6389 0.3037
vt 0.6111 0.4106
vt 0.6111 0.3037
vt 0.5833 0.4106
vt 0.5833 0.3037
vt 0.5556 0.4106
vt 0.5556 0.3037
vt 0.5278 0.4106
vt 0.5278 0.3037
vt 0.5 0.4106
vt 0.5 0.3037
vt 0.4722 0.4106
vt 0.4722 0.3037
vt 0.4444 0.4106
vt 0.4444 0.3037
vt 0.4167 0.4106
vt 0.4167 0.3037
vt 0.3889 0.4106
vt 0.3889 0.3037
vt 0.3611 0.4106
vt 0.3611 0.3037
vt 0.3333 0.4106
vt 0.3333 0.3037
vt 0.3056 0.4106
vt 0.3056 0.3037
vt 0.2778 0.4106
vt 0.2778 0.3037
vt 0.25 0.4106
vt 0.25 0.3037
vt 0.2222 0.4106
vt 0.2222 0.3037
vt 0.1944 0.4106
vt 0.1944 0.3037
vt 0.1667 0.4106
vt 0.1667 0.3037
vt 0.1389 0.4106
vt 0.1389 0.3037
vt 0.1111 0.4106
vt 0.1111 0.3037
vt 0.0833 0.4106
vt 0.0833 0.3037
vt 0.0556 0.4106
vt 0.0556 0.3037
vt 0.0278 0.4106
vt 0.0278 0.3037
vt 0.3037 0
vt 0.3037 1
vt 0.4106 1
vt 0.4106 0
vt 0 0.3037
vt 0 0.4106
vt 1 0.4466
vt 0.9722 0.5534
vt 1 0.5534
vt 0.9722 0.4466
vt 0.9444 0.5534
vt 0.9444 0.4466
vt 0.9167 0.5534
vt 0.9167 0.4466
vt 0.8889 0.5534
vt 0.8889 0.4466
vt 0.8611 0.5534
vt 0.8611 0.4466
vt 0.8333 0.5534
vt 0.8333 0.4466
vt 0.8056 0.5534
vt 0.8056 0.4466
vt 0.7778 0.5534
vt 0.7778 0.4466
vt 0.75 0.5534
vt 0.75 0.4466
vt 0.7222 0.5534
vt 0.7222 0.4466
vt 0.6944 0.5534
vt 0.6944 0.4466
vt 0.6667 0.5534
vt 0.6667 0.4466
vt 0.6389 0.5534
vt 0.6389 0.4466
vt 0.6111 0.5534
vt 0.6111 0.4466
vt 0.5833 0.5534
vt 0.5833 0.4466
vt 0.5556 0.5534
vt 0.5556 0.4466
vt 0.5278 0.5534
vt 0.5278 0.4466
vt 0.5 0.5534
vt 0.5 0.4466
vt 0.4722 0.5534
vt 0.4722 0.4466
vt 0.4444 0.5534
vt 0.4444 0.4466
vt 0.4167 0.5534
vt 0.4167 0.4466
vt 0.3889 0.5534
vt 0.3889 0.4466
vt 0.3611 0.5534
vt 0.3611 0.4466
vt 0.3333 0.5534
vt 0.3333 0.4466
vt 0.3056 0.5534
vt 0.3056 0.4466
vt 0.2778 0.5534
vt 0.2778 0.4466
vt 0.25 0.5534
vt 0.25 0.4466
vt 0.2222 0.5534
vt 0.2222 0.4466
vt 0.1944 0.5534
vt 0.1944 0.4466
vt 0.1667 0.5534
vt 0.1667 0.4466
vt 0.1389 0.5534
vt 0.1389 0.4466
vt 0.1111 0.5534
vt 0.1111 0.4466
vt 0.0833 0.5534
vt 0.0833 0.4466
vt 0.0556 0.5534
vt 0.0556 0.4466
vt 0.0278 0.5534
vt 0.0278 0.4466
vt 0.4466 0
vt 0.4466 1
vt 0.5534 1
vt 0.5534 0
vt 0 0.4466
vt 0 0.5534
vt 1 0.5894
vt 0.9722 0.6963
vt 1 0.6963
vt 0.9722 0.5894
vt 0.9444 0.6963
vt 0.9444 0.5894
vt 0.9167 0.6963
vt 0.9167 0.5894
vt 0.8889 0.6963
vt 0.8889 0.5894
vt 0.8611 0.6963
vt 0.8611 0.5894
vt 0.8333 0.6963
vt 0.8333 0.5894
vt 0.8056 0.6963
vt 0.8056 0.5894
vt 0.7778 0.6963
vt 0.7778 0.5894
vt 0.75 0.6963
vt 0.75 0.5894
vt 0.7222 0.6963
vt 0.7222 0.5894
vt 0.6944 0.6963
vt 0.6944 0.5894
vt 0.6667 0.6963
vt 0.6667 0.5894
vt 0.6389 0.6963
vt 0.6389 0.5894
vt 0.6111 0.6963
vt 0.6111 0.5894
vt 0.5833 0.6963
vt 0.5833 0.5894
vt 0.5556 0.6963
vt 0.5556 0.5894
vt 0.5278 0.6963
vt 0.5278 0.5894
vt 0.5 0.6963
vt 0.5 0.5894
vt 0.4722 0.6963
vt 0.4722 0.5894
vt 0.4444 0.6963
vt 0.4444 0.5894
vt 0.4167 0.6963
vt 0.4167 0.5894
vt 0.3889 0.6963
vt 0.3889 0.5894
vt 0.3611 0.6963
vt 0.3611 0.5894
vt 0.3333 0.6963
vt 0.3333 0.5894
vt 0.3056 0.6963
vt 0.3056 0.5894
vt 0.2778 0.6963
vt 0.2778 0.5894
vt 0.25 0.6963
vt 0.25 0.5894
vt 0.2222 0.6963
vt 0.2222 0.5894
vt 0.1944 0.6963
vt 0.1944 0.5894
vt 0.1667 0.6963
vt 0.1667 0.5894
vt 0.1389 0.6963
vt 0.1389 0.5894
vt 0.1111 0.6963
vt 0.1111 0.5894
vt 0.0833 0.6963
vt 0.0833 0.5894
vt 0.0556 0.6963
vt 0.0556 0.5894
vt 0.0278 0.6963
vt 0.0278 0.5894
vt 0.5894 0
vt 0.5894 1
vt 0.6963 1
vt 0.6963 0
vt 0 0.5894
vt 0 0.6963
vt 1 0.7323
vt 0.9722 0.8392
vt 1 0.8392
vt 0.9722 0.7323
vt 0.9444 0.8392
vt 0.9444 0.7323
vt 0.9167 0.8392
vt 0.9167 0.7323
vt 0.8889 0.8392
vt 0.8889 0.7323
vt 0.8611 0.8392
vt 0.8611 0.7323
vt 0.8333 0.8392
vt 0.8333 0.7323
vt 0.8056 0.8392
vt 0.8056 0.7323
vt 0.7778 0.8392
vt 0.7778 0.7323
vt 0.75 0.8392
vt 0.75 0.7323
vt 0.7222 0.8392
vt 0.7222 0.7323
vt 0.6944 0.8392
vt 0.6944 0.7323
vt 0.6667 0.8392
vt 0.6667 0.7323
vt 0.6389 0.8392
vt 0.6389 0.7323
vt 0.6111 0.8392
vt 0.6111 0.7323
vt 0.5833 0.8392
vt 0.5833 0.7323
vt 0.5556 0.8392
vt 0.5556 0.7323
vt 0.5278 0.8392
vt 0.5278 0.7323
vt 0.5 0.8392
vt 0.5 0.7323
vt 0.4722 0.8392
vt 0.4722 0.7323
vt 0.4444 0.8392
vt 0.4444 0.7323
vt 0.4167 0.8392
vt 0.4167 0.7323
vt 0.3889 0.8392
vt 0.3889 0.7323
vt 0.3611 0.8392
vt 0.3611 0.7323
vt 0.3333 0.8392
vt 0.3333 0.7323
vt 0.3056 0.8392
vt 0.3056 0.7323
vt 0.2778 0.8392
vt 0.2778 0.7323
vt 0.25 0.8392
vt 0.25 0.7323
vt 0.2222 0.8392
vt 0.2222 0.7323
vt 0.1944 0.8392
vt 0.1944 0.7323
vt 0.1667 0.8392
vt 0.1667 0.7323
vt 0.1389 0.8392
vt 0.1389 0.7323
vt 0.1111 0.8392
vt 0.1111 0.7323
vt 0.0833 0.8392
vt 0.0833 0.7323
vt 0.0556 0.8392
vt 0.0556 0.7323
vt 0.0278 0.8392
vt 0.0278 0.7323
vt 0.7323 0
vt 0.7323 1
vt 0.8392 1
vt 0.8392 0
vt 0 0.7323
vt 0 0.8392
vt 1 0.0913
vt 0.9722 0.1354
vt 1 0.1354
vt 0.9722 0.0913
vt 0.9444 0.1354
vt 0.9444 0.0913
vt 0.9167 0.1354
vt 0.9167 0.0913
vt 0.8889 0.1354
vt 0.8889 0.0913
vt 0.8611 0.1354
vt 0.8611 0.0913
vt 0.8333 0.1354
vt 0.8333 0.0913
vt 0.8056 0.1354
vt 0.8056 0.0913
vt 0.7778 0.1354
vt 0.7778 0.0913
vt 0.75 0.1354
vt 0.75 0.0913
vt 0.7222 0.1354
vt 0.7222 0.0913
vt 0.6944 0.1354
vt 0.6944 0.0913
vt 0.6667 0.1354
vt 0.6667 0.0913
vt 0.6389 0.1354
vt 0.6389 0.0913
vt 0.6111 0.1354
vt 0.6111 0.0913
vt 0.5833 0.1354
vt 0.5833 0.0913
vt 0.5556 0.1354
vt 0.5556 0.0913
vt 0.5278 0.1354
vt 0.5278 0.0913
vt 0.5 0.1354
vt 0.5 0.0913
vt 0.4722 0.1354
vt 0.4722 0.0913
vt 0.4444 0.1354
vt 0.4444 0.0913
vt 0.4167 0.1354
vt 0.4167 0.0913
vt 0.3889 0.1354
vt 0.3889 0.0913
vt 0.3611 0.1354
vt 0.3611 0.0913
vt 0.3333 0.1354
vt 0.3333 0.0913
vt 0.3056 0.1354
vt 0.3056 0.0913
vt 0.2778 0.1354
vt 0.2778 0.0913
vt 0.25 0.1354
vt 0.25 0.0913
vt 0.2222 0.1354
vt 0.2222 0.0913
vt 0.1944 0.1354
vt 0.1944 0.0913
vt 0.1667 0.1354
vt 0.1667 0.0913
vt 0.1389 0.1354
vt 0.1389 0.0913
vt 0.1111 0.1354
vt 0.1111 0.0913
vt 0.0833 0.1354
vt 0.0833 0.0913
vt 0.0556 0.1354
vt 0.0556 0.0913
vt 0.0278 0.1354
vt 0.0278 0.0913
vt 0.0242 0.1354
vt 0.0242 0.0913
vt 0.0913 0
vt 0.0913 1
vt 0.1354 1
vt 0.1354 0
vt 0 0.0913
vt 0 0.1354
vt 0.9758 0.0913
vt 0.9758 0.1354
vt 0.025 0.96
vt 0.025 0.04
vt 0.475 0.96
vt 0.475 0.04
vt 0.975 0.96
vt 0.525 0.96
vt 0.975 0.04
vt 0.525 0.04
vt 0.1216 0.7649
vt 0.1 0.731
vt 0.7969 0.8538
vt 0.7649 0.8784
vt 0.0399 0.5403
vt 0.0381 0.5008
vt 0.0451 0.5802
vt 0.0538 0.6195
vt 0.066 0.658
vt 0.0814 0.6952
vt 0.3048 0.9186
vt 0.269 0.9
vt 0.2351 0.8784
vt 0.342 0.934
vt 0.1734 0.8266
vt 0.1462 0.7969
vt 0.2031 0.8538
vt 0.3805 0.9462
vt 0.4198 0.9549
vt 0.4597 0.9601
vt 0.5 0.9619
vt 0.5403 0.9601
vt 0.658 0.934
vt 0.6195 0.9462
vt 0.8784 0.7649
vt 0.8538 0.7969
vt 0.9186 0.6952
vt 0.9 0.731
vt 0.5802 0.9549
vt 0.934 0.658
vt 0.9462 0.6195
vt 0.9549 0.5802
vt 0.9601 0.5403
vt 0.9619 0.5008
vt 0.731 0.9
vt 0.6952 0.9186
vt 0.8266 0.8266
vt 0.02 0.5
vt 0.0242 0.0452
vt 0.02 0.9548
vt 0.968 0.0452
vt 0.9817 0.49
vt 0.98 0.9548
vt 0.0278 0
vt 0 0.0676
vt 0.0278 0.0676
vt 0 0.0775
vt 0.0556 0
vt 0.0278 0.0775
vt 0.0556 0.0676
vt 0.0833 0
vt 0.0556 0.0775
vt 0.0833 0.0676
vt 0.1111 0
vt 0.0833 0.0775
vt 0.1111 0.0676
vt 0.1389 0
vt 0.1111 0.0775
vt 0.1389 0.0676
vt 0.1667 0
vt 0.1389 0.0775
vt 0.1667 0.0676
vt 0.1944 0
vt 0.1667 0.0775
vt 0.1944 0.0676
vt 0.2222 0
vt 0.1944 0.0775
vt 0.2222 0.0676
vt 0.25 0
vt 0.2222 0.0775
vt 0.25 0.0676
vt 0.2778 0
vt 0.25 0.0775
vt 0.2778 0.0676
vt 0.3056 0
vt 0.2778 0.0775
vt 0.3056 0.0676
vt 0.3333 0
vt 0.3056 0.0775
vt 0.3333 0.0676
vt 0.3611 0
vt 0.3333 0.0775
vt 0.3611 0.0676
vt 0.3889 0
vt 0.3611 0.0775
vt 0.3889 0.0676
vt 0.3889 0.0775
vt 0.4167 0.0676
vt 0.4167 0.0775
vt 0.4444 0.0676
vt 0.4444 0.0775
vt 0.4722 0.0676
vt 0.4722 0.0775
vt 0.5 0.0676
vt 0.5 0.0775
vt 0.5278 0.0676
vt 0.5278 0.0775
vt 0.5556 0.0676
vt 0.5556 0.0775
vt 0.5833 0.0676
vt 0.5833 0.0775
vt 0.6111 0.0676
vt 0.6111 0.0775
vt 0.6389 0.0676
vt 0.6389 0.0775
vt 0.6389 0
vt 0.6111 0
vt 0.6667 0
vt 0.6667 0.0676
vt 0.6667 0.0775
vt 0.6944 0
vt 0.6944 0.0676
vt 0.6944 0.0775
vt 0.7222 0
vt 0.7222 0.0676
vt 0.7222 0.0775
vt 0.75 0
vt 0.75 0.0676
vt 0.75 0.0775
vt 0.7778 0
vt 0.7778 0.0676
vt 0.7778 0.0775
vt 0.8056 0
vt 0.8056 0.0676
vt 0.8056 0.0775
vt 0.8333 0
vt 0.8333 0.0676
vt 0.8333 0.0775
vt 0.8611 0
vt 0.8611 0.0676
vt 0.8611 0.0775
vt 0.8889 0
vt 0.8889 0.0676
vt 0.8889 0.0775
vt 0.9167 0
vt 0.9167 0.0676
vt 0.9167 0.0775
vt 0.9444 0
vt 0.9444 0.0676
vt 0.9444 0.0775
vt 0.9722 0
vt 0.9722 0.0676
vt 0.9722 0.0775
vt 1 0.0676
vt 1 0.0775
vt 0.4167 0
vt 0.4444 0
vt 0.4722 0
vt 0.5278 0
vt 0.5556 0
vt 0.5833 0
vt 0.9324 0
vt 0.9324 1
vt 0.9225 0
vt 0.9225 1
vt 0.0676 1
vt 0.0676 0
vt 0.0775 1
vt 0.0775 0
vt 0.9239 0.9996
vt 0.9239 0.0004
vt 0.0761 0.0004
vt 0.0761 0.9996
vt 0.9981 0.5436
vt 0.9924 0.5868
vt 0.983 0.6294
vt 0.9698 0.671
vt 0.9532 0.7113
vt 0.933 0.75
vt 0.9096 0.7868
vt 0.883 0.8214
vt 0.8536 0.8536
vt 0.8214 0.883
vt 0.7868 0.9096
vt 0.75 0.933
vt 0.7113 0.9532
vt 0.671 0.9698
vt 0.6294 0.983
vt 0.5868 0.9924
vt 0.5436 0.9981
vt 0.4564 0.9981
vt 0.4132 0.9924
vt 0.3706 0.983
vt 0.329 0.9698
vt 0.2887 0.9532
vt 0.25 0.933
vt 0.2132 0.9096
vt 0.1786 0.883
vt 0.1464 0.8536
vt 0.117 0.8214
vt 0.0904 0.7868
vt 0.067 0.75
vt 0.0468 0.7113
vt 0.0302 0.671
vt 0.017 0.6294
vt 0.0076 0.5868
vt 0.0019 0.5436
vt 0.9758 0.1608
vt 0.9758 0.2677
vt 0.0242 0.1608
vt 0.0242 0.2677
vt 0.9758 0.3037
vt 0.9758 0.4106
vt 0.0242 0.3037
vt 0.0242 0.4106
vt 0.9758 0.4466
vt 0.9758 0.5534
vt 0.0242 0.4466
vt 0.0242 0.5534
vt 0.9758 0.5894
vt 0.9758 0.6963
vt 0.0242 0.5894
vt 0.0242 0.6963
vt 0.9758 0.7323
vt 0.9758 0.8392
vt 0.0242 0.7323
vt 0.0242 0.8392
vt 0.8571 0
vt 0.8571 1
vt 1 0.8571
vt 0.9722 1
vt 0.9722 0.8571
vt 0.9444 1
vt 0.9444 0.8571
vt 0.9167 1
vt 0.9167 0.8571
vt 0.8889 1
vt 0.8889 0.8571
vt 0.8611 1
vt 0.8611 0.8571
vt 0.8333 1
vt 0.8333 0.8571
vt 0.8056 1
vt 0.8056 0.8571
vt 0.7778 1
vt 0.7778 0.8571
vt 0.75 1
vt 0.75 0.8571
vt 0.7222 1
vt 0.7222 0.8571
vt 0.6944 1
vt 0.6944 0.8571
vt 0.6667 1
vt 0.6667 0.8571
vt 0.6389 1
vt 0.6389 0.8571
vt 0.6111 1
vt 0.6111 0.8571
vt 0.5833 1
vt 0.5833 0.8571
vt 0.5556 1
vt 0.5556 0.8571
vt 0.5278 1
vt 0.5278 0.8571
vt 0.5 0.8571
vt 0.4722 1
vt 0.4722 0.8571
vt 0.4444 1
vt 0.4444 0.8571
vt 0.4167 1
vt 0.4167 0.8571
vt 0.3889 1
vt 0.3889 0.8571
vt 0.3611 1
vt 0.3611 0.8571
vt 0.3333 1
vt 0.3333 0.8571
vt 0.3056 1
vt 0.3056 0.8571
vt 0.2778 1
vt 0.2778 0.8571
vt 0.25 1
vt 0.25 0.8571
vt 0.2222 1
vt 0.2222 0.8571
vt 0.1944 1
vt 0.1944 0.8571
vt 0.1667 1
vt 0.1667 0.8571
vt 0.1389 1
vt 0.1389 0.8571
vt 0.1111 1
vt 0.1111 0.8571
vt 0.0833 1
vt 0.0833 0.8571
vt 0.0556 1
vt 0.0556 0.8571
vt 0.0278 1
vt 0.0278 0.8571
vt 0 0.8571
vt 0 0.7143
vt 0.0278 0.7143
vt 0.0556 0.7143
vt 0.0833 0.7143
vt 0.1111 0.7143
vt 0.1389 0.7143
vt 0.1667 0.7143
vt 0.1944 0.7143
vt 0.2222 0.7143
vt 0.25 0.7143
vt 0.2778 0.7143
vt 0.3056 0.7143
vt 0.3333 0.7143
vt 0.3611 0.7143
vt 0.3889 0.7143
vt 0.4167 0.7143
vt 0.4444 0.7143
vt 0.4722 0.7143
vt 0.5 0.7143
vt 0.5278 0.7143
vt 0.5556 0.7143
vt 0.5833 0.7143
vt 0.6111 0.7143
vt 0.6389 0.7143
vt 0.6667 0.7143
vt 0.6944 0.7143
vt 0.7222 0.7143
vt 0.75 0.7143
vt 0.7778 0.7143
vt 0.8056 0.7143
vt 0.8333 0.7143
vt 0.8611 0.7143
vt 0.8889 0.7143
vt 0.9167 0.7143
vt 0.9444 0.7143
vt 0.9722 0.7143
vt 1 0.7143
vt 0 0.5714
vt 0.0278 0.5714
vt 0.0556 0.5714
vt 0.0833 0.5714
vt 0.1111 0.5714
vt 0.1389 0.5714
vt 0.1667 0.5714
vt 0.1944 0.5714
vt 0.2222 0.5714
vt 0.25 0.5714
vt 0.2778 0.5714
vt 0.3056 0.5714
vt 0.3333 0.5714
vt 0.3611 0.5714
vt 0.3889 0.5714
vt 0.4167 0.5714
vt 0.4444 0.5714
vt 0.4722 0.5714
vt 0.5 0.5714
vt 0.5278 0.5714
vt 0.5556 0.5714
vt 0.5833 0.5714
vt 0.6111 0.5714
vt 0.6389 0.5714
vt 0.6667 0.5714
vt 0.6944 0.5714
vt 0.7222 0.5714
vt 0.75 0.5714
vt 0.7778 0.5714
vt 0.8056 0.5714
vt 0.8333 0.5714
vt 0.8611 0.5714
vt 0.8889 0.5714
vt 0.9167 0.5714
vt 0.9444 0.5714
vt 0.9722 0.5714
vt 1 0.5714
vt 0 0.4286
vt 0.0278 0.4286
vt 0.0556 0.4286
vt 0.0833 0.4286
vt 0.1111 0.4286
vt 0.1389 0.4286
vt 0.1667 0.4286
vt 0.1944 0.4286
vt 0.2222 0.4286
vt 0.25 0.4286
vt 0.2778 0.4286
vt 0.3056 0.4286
vt 0.3333 0.4286
vt 0.3611 0.4286
vt 0.3889 0.4286
vt 0.4167 0.4286
vt 0.4444 0.4286
vt 0.4722 0.4286
vt 0.5 0.4286
vt 0.5278 0.4286
vt 0.5556 0.4286
vt 0.5833 0.4286
vt 0.6111 0.4286
vt 0.6389 0.4286
vt 0.6667 0.4286
vt 0.6944 0.4286
vt 0.7222 0.4286
vt 0.75 0.4286
vt 0.7778 0.4286
vt 0.8056 0.4286
vt 0.8333 0.4286
vt 0.8611 0.4286
vt 0.8889 0.4286
vt 0.9167 0.4286
vt 0.9444 0.4286
vt 0.9722 0.4286
vt 1 0.4286
vt 0 0.2857
vt 0.0278 0.2857
vt 0.0556 0.2857
vt 0.0833 0.2857
vt 0.1111 0.2857
vt 0.1389 0.2857
vt 0.1667 0.2857
vt 0.1944 0.2857
vt 0.2222 0.2857
vt 0.25 0.2857
vt 0.2778 0.2857
vt 0.3056 0.2857
vt 0.3333 0.2857
vt 0.3611 0.2857
vt 0.3889 0.2857
vt 0.4167 0.2857
vt 0.4444 0.2857
vt 0.4722 0.2857
vt 0.5 0.2857
vt 0.5278 0.2857
vt 0.5556 0.2857
vt 0.5833 0.2857
vt 0.6111 0.2857
vt 0.6389 0.2857
vt 0.6667 0.2857
vt 0.6944 0.2857
vt 0.7222 0.2857
vt 0.75 0.2857
vt 0.7778 0.2857
vt 0.8056 0.2857
vt 0.8333 0.2857
vt 0.8611 0.2857
vt 0.8889 0.2857
vt 0.9167 0.2857
vt 0.9444 0.2857
vt 0.9722 0.2857
vt 1 0.2857
vt 0 0.1429
vt 0.0278 0.1429
vt 0.0556 0.1429
vt 0.0833 0.1429
vt 0.1111 0.1429
vt 0.1389 0.1429
vt 0.1667 0.1429
vt 0.1944 0.1429
vt 0.2222 0.1429
vt 0.25 0.1429
vt 0.2778 0.1429
vt 0.3056 0.1429
vt 0.3333 0.1429
vt 0.3611 0.1429
vt 0.3889 0.1429
vt 0.4167 0.1429
vt 0.4444 0.1429
vt 0.4722 0.1429
vt 0.5 0.1429
vt 0.5278 0.1429
vt 0.5556 0.1429
vt 0.5833 0.1429
vt 0.6111 0.1429
vt 0.6389 0.1429
vt 0.6667 0.1429
vt 0.6944 0.1429
vt 0.7222 0.1429
vt 0.75 0.1429
vt 0.7778 0.1429
vt 0.8056 0.1429
vt 0.8333 0.1429
vt 0.8611 0.1429
vt 0.8889 0.1429
vt 0.9167 0.1429
vt 0.9444 0.1429
vt 0.9722 0.1429
vt 1 0.1429
vt 0 0.0839
vt 0.0278 0.0839
vt 0.0556 0.0839
vt 0.0833 0.0839
vt 0.1111 0.0839
vt 0.1389 0.0839
vt 0.1667 0.0839
vt 0.1944 0.0839
vt 0.2222 0.0839
vt 0.25 0.0839
vt 0.2778 0.0839
vt 0.3056 0.0839
vt 0.3333 0.0839
vt 0.3611 0.0839
vt 0.3889 0.0839
vt 0.4167 0.0839
vt 0.4444 0.0839
vt 0.4722 0.0839
vt 0.5 0.0839
vt 0.5278 0.0839
vt 0.5556 0.0839
vt 0.5833 0.0839
vt 0.6111 0.0839
vt 0.6389 0.0839
vt 0.6667 0.0839
vt 0.6944 0.0839
vt 0.7222 0.0839
vt 0.75 0.0839
vt 0.7778 0.0839
vt 0.8056 0.0839
vt 0.8333 0.0839
vt 0.8611 0.0839
vt 0.8889 0.0839
vt 0.9167 0.0839
vt 0.9444 0.0839
vt 0.9722 0.0839
vt 1 0.0839
vt 0.1429 1
vt 0.1429 0
vt 0.2857 1
vt 0.2857 0
vt 0.4286 1
vt 0.4286 0
vt 0.5714 1
vt 0.5714 0
vt 0.7143 1
vt 0.7143 0
vt 0.9161 1
vt 0.9161 0
vt 0.0839 0
vt 0.0839 1

vn 0 0.1 3.092375E-08
vn 0 0 -0.1
vn -0.06695127 0 -0.07428006
vn 0 0 0.1
vn 0.1 0 0
vn -1.357246E-08 -0.1 -3.627821E-08
vn -0.1 0 0
vn 0.06695133 -2.522054E-08 0.07428001
vn -0.002180489 0 0.09997623
vn -0.008714891 0 0.09961953
vn -0.01736506 0 0.09848073
vn -0.02588188 0 0.0965926
vn -0.03420313 0 0.09396886
vn -0.04226231 0 0.09063055
vn -0.04999953 0 0.08660281
vn -0.05735706 0 0.08191562
vn -0.06427869 0 0.07660451
vn -0.07071085 0 0.07071051
vn -0.07660463 0 0.06427854
vn -0.08191533 0 0.05735747
vn -0.08660238 0 0.05000027
vn -0.09063082 0 0.04226174
vn -0.09396919 0 0.03420224
vn -0.09659263 0 0.02588176
vn -0.09848081 0 0.01736459
vn -0.09961947 0 0.008715549
vn -0.09961947 0 -0.008715549
vn -0.09848081 0 -0.01736459
vn -0.09659263 0 -0.02588176
vn -0.09396919 0 -0.03420224
vn -0.09063082 0 -0.04226174
vn -0.08660289 0 -0.0499994
vn -0.08191525 0 -0.05735758
vn -0.0766039 0 -0.06427941
vn -0.07071085 0 -0.07071051
vn -0.06427869 0 -0.07660451
vn -0.05735706 0 -0.08191562
vn -0.04999953 0 -0.08660281
vn -0.04226306 4.724134E-07 -0.0906302
vn -0.03420233 1.5955E-07 -0.09396915
vn -0.02588188 0 -0.0965926
vn -0.01736506 0 -0.09848073
vn -0.008712647 0 -0.09961972
vn 0.002180489 0 0.09997623
vn 0.008714936 0 0.09961953
vn 0.017365 0 0.09848075
vn 0.02588175 0 0.09659263
vn 0.03420331 0 0.09396879
vn 0.04226232 0 0.09063055
vn 0.04999956 0 0.0866028
vn 0.0573572 0 0.08191552
vn 0.06427863 0 0.07660455
vn 0.0707107 0 0.07071067
vn 0.07660463 0 0.06427854
vn 0.08191529 0 0.05735753
vn 0.08660239 0 0.05000026
vn 0.09063086 0 0.04226166
vn 0.0939692 0 0.03420218
vn 0.09659258 0 0.02588193
vn 0.09848078 0 0.01736481
vn 0.09961952 0 0.008715088
vn 0.09961952 0 -0.008715088
vn 0.09848078 0 -0.01736481
vn 0.09659258 0 -0.02588193
vn 0.0939692 0 -0.03420218
vn 0.09063086 0 -0.04226166
vn 0.08660289 0 -0.04999939
vn 0.08191521 0 -0.05735764
vn 0.07660391 0 -0.0642794
vn 0.0707107 0 -0.07071067
vn 0.06427863 0 -0.07660455
vn 0.0573572 0 -0.08191552
vn 0.05000099 0 -0.08660197
vn 0.04226151 4.721516E-07 -0.09063093
vn 0.0342025 1.59483E-07 -0.09396909
vn 0.02588175 0 -0.09659263
vn 0.017365 0 -0.09848075
vn 0.008712559 0 -0.09961974
vn -0.08660263 -9.278866E-08 0.04999984
vn 0.05000028 -1.531095E-07 0.08660238
vn 0.08660264 -9.268985E-08 0.04999983
vn 0.04999956 0 -0.0866028
vn -0.004355446 0 -0.09990511
vn 0.004355177 0 -0.09990513
vn -0.06969214 0 -0.07171475
vn 0.06969219 0 0.07171471
vn -0.002180826 0 -0.09997622
vn -0.0923879 0 -0.03826848
vn -0.09346156 0 -0.03556597
vn -0.09346156 0 0.03556597
vn -0.0923879 0 0.03826848
vn 0.002180831 0 -0.09997622
vn -0.002620071 1.585714E-06 -0.09996568
vn 0.00290938 3.368667E-07 -0.09995767
vn 0.003115215 6.485454E-07 -0.09995147
vn 0.09990477 0 0.00436325
vn -0.09990479 0 0.004362737
vn 0.09346157 -6.18473E-09 0.03556595
vn 0.09238783 0 0.03826865
vn 0.09346165 -6.243555E-09 -0.03556573
vn 0.09238783 0 -0.03826865
vn 0.00267701 -0.0999606 0.0008444937
vn 0.002762194 -0.09996065 0.0004870505
vn 0.002708274 -0.09996068 -0.000726033

usemtl Glass_Green
f 3/3/1 2/2/1 1/1/1
f 1/1/1 4/4/1 3/3/1
f 45/38/6 44/37/6 43/36/6
f 44/37/6 46/39/6 43/36/6
f 4/4/1 1/1/1 5/5/1
f 5/5/1 6/6/1 4/4/1
f 9/9/2 8/8/2 7/7/2
f 7/7/2 10/10/2 9/9/2
f 13/13/3 12/12/3 11/11/3
f 11/11/3 14/14/3 13/13/3
f 17/15/4 16/6/4 15/5/4
f 15/5/4 18/16/4 17/15/4
f 19/17/4 17/15/4 18/16/4
f 18/16/4 20/18/4 19/17/4
f 21/19/4 19/17/4 20/18/4
f 20/18/4 22/20/4 21/19/4
f 23/21/4 21/19/4 22/20/4
f 22/20/4 24/22/4 23/21/4
f 25/23/4 23/21/4 24/22/4
f 24/22/4 26/24/4 25/23/4
f 27/25/4 25/23/4 26/24/4
f 26/24/4 28/26/4 27/25/4
f 5/3/4 27/25/4 28/26/4
f 28/26/4 6/27/4 5/3/4
f 29/28/5 31/5/5 30/16/5
f 30/16/5 32/29/5 29/28/5
f 15/6/5 29/28/5 32/29/5
f 32/29/5 18/15/5 15/6/5
f 33/30/5 32/29/5 30/16/5
f 30/16/5 34/18/5 33/30/5
f 18/15/5 32/29/5 33/30/5
f 33/30/5 20/17/5 18/15/5
f 33/30/5 34/18/5 35/20/5
f 35/20/5 36/31/5 33/30/5
f 20/17/5 33/30/5 36/31/5
f 36/31/5 22/19/5 20/17/5
f 36/31/5 35/20/5 37/22/5
f 37/22/5 38/32/5 36/31/5
f 22/19/5 36/31/5 38/32/5
f 38/32/5 24/21/5 22/19/5
f 38/32/5 37/22/5 39/24/5
f 39/24/5 40/33/5 38/32/5
f 24/21/5 38/32/5 40/33/5
f 40/33/5 26/23/5 24/21/5
f 41/34/5 40/33/5 39/24/5
f 39/24/5 42/26/5 41/34/5
f 26/23/5 40/33/5 41/34/5
f 41/34/5 28/25/5 26/23/5
f 41/34/5 42/26/5 3/27/5
f 3/27/5 4/35/5 41/34/5
f 28/25/5 41/34/5 4/35/5
f 4/35/5 6/3/5 28/25/5
f 47/40/6 43/36/6 46/39/6
f 46/39/6 48/41/6 47/40/6
f 49/34/3 1/35/3 2/3/3
f 2/3/3 50/25/3 49/34/3
f 49/34/3 50/25/3 51/23/3
f 51/23/3 52/33/3 49/34/3
f 53/32/3 52/33/3 51/23/3
f 51/23/3 54/21/3 53/32/3
f 55/31/3 53/32/3 54/21/3
f 54/21/3 56/19/3 55/31/3
f 57/30/3 55/31/3 56/19/3
f 56/19/3 58/17/3 57/30/3
f 57/30/3 58/17/3 59/15/3
f 59/15/3 60/29/3 57/30/3
f 50/26/2 2/27/2 3/3/2
f 3/3/2 42/25/2 50/26/2
f 51/24/2 50/26/2 42/25/2
f 42/25/2 39/23/2 51/24/2
f 54/22/2 51/24/2 39/23/2
f 39/23/2 37/21/2 54/22/2
f 56/20/2 54/22/2 37/21/2
f 37/21/2 35/19/2 56/20/2
f 58/18/2 56/20/2 35/19/2
f 35/19/2 34/17/2 58/18/2
f 59/16/2 58/18/2 34/17/2
f 34/17/2 30/15/2 59/16/2
f 5/27/7 1/35/7 49/34/7
f 49/34/7 27/26/7 5/27/7
f 27/26/7 49/34/7 52/33/7
f 52/33/7 25/24/7 27/26/7
f 25/24/7 52/33/7 53/32/7
f 53/32/7 23/22/7 25/24/7
f 23/22/7 53/32/7 55/31/7
f 55/31/7 21/20/7 23/22/7
f 21/20/7 55/31/7 57/30/7
f 57/30/7 19/18/7 21/20/7
f 19/18/7 57/30/7 60/29/7
f 60/29/7 17/16/7 19/18/7
f 61/42/7 14/14/7 11/11/7
f 11/11/7 62/43/7 61/42/7
f 44/37/7 64/37/7 63/39/7
f 63/39/7 46/39/7 44/37/7
f 46/39/7 63/39/7 65/41/7
f 65/41/7 48/41/7 46/39/7
f 64/37/4 44/37/4 45/38/4
f 45/38/4 66/38/4 64/37/4
f 66/38/8 45/38/8 43/36/8
f 43/36/8 67/36/8 66/38/8
f 67/36/5 43/36/5 47/40/5
f 47/40/5 68/40/5 67/36/5
f 68/40/2 47/40/2 48/41/2
f 48/41/2 65/41/2 68/40/2
f 69/44/9 71/46/9 70/45/10
f 70/45/10 72/47/10 69/44/9
f 72/47/10 70/45/10 73/48/11
f 73/48/11 74/49/11 72/47/10
f 74/49/11 73/48/11 75/50/12
f 75/50/12 76/51/12 74/49/11
f 76/51/12 75/50/12 77/52/13
f 77/52/13 78/53/13 76/51/12
f 78/53/13 77/52/13 79/54/14
f 79/54/14 80/55/14 78/53/13
f 80/55/14 79/54/14 81/56/15
f 81/56/15 82/57/15 80/55/14
f 82/57/15 81/56/15 83/58/16
f 83/58/16 84/59/16 82/57/15
f 84/59/16 83/58/16 85/60/17
f 85/60/17 86/61/17 84/59/16
f 86/61/17 85/60/17 87/62/18
f 87/62/18 88/63/18 86/61/17
f 88/63/18 87/62/18 89/64/19
f 89/64/19 90/65/19 88/63/18
f 90/65/19 89/64/19 91/66/20
f 91/66/20 92/67/20 90/65/19
f 92/67/20 91/66/20 93/68/21
f 93/68/21 94/69/21 92/67/20
f 94/69/21 93/68/21 95/70/22
f 95/70/22 96/71/22 94/69/21
f 96/71/22 95/70/22 97/72/23
f 97/72/23 98/73/23 96/71/22
f 98/73/23 97/72/23 99/74/24
f 99/74/24 100/75/24 98/73/23
f 100/75/24 99/74/24 101/76/25
f 101/76/25 102/77/25 100/75/24
f 102/77/25 101/76/25 103/78/26
f 103/78/26 104/79/26 102/77/25
f 104/79/26 103/78/26 105/80/7
f 105/80/7 106/81/7 104/79/26
f 106/81/7 105/80/7 107/82/27
f 107/82/27 108/83/27 106/81/7
f 108/83/27 107/82/27 109/84/28
f 109/84/28 110/85/28 108/83/27
f 110/85/28 109/84/28 111/86/29
f 111/86/29 112/87/29 110/85/28
f 112/87/29 111/86/29 113/88/30
f 113/88/30 114/89/30 112/87/29
f 114/89/30 113/88/30 115/90/31
f 115/90/31 116/91/31 114/89/30
f 116/91/31 115/90/31 117/92/32
f 117/92/32 118/93/32 116/91/31
f 118/93/32 117/92/32 119/94/33
f 119/94/33 120/95/33 118/93/32
f 120/95/33 119/94/33 121/96/34
f 121/96/34 122/97/34 120/95/33
f 122/97/34 121/96/34 123/98/35
f 123/98/35 124/99/35 122/97/34
f 124/99/35 123/98/35 125/100/36
f 125/100/36 126/101/36 124/99/35
f 126/101/36 125/100/36 127/102/37
f 127/102/37 128/103/37 126/101/36
f 128/103/37 127/102/37 129/104/38
f 129/104/38 130/105/38 128/103/37
f 130/105/38 129/104/38 131/106/39
f 131/106/39 132/107/39 130/105/38
f 132/107/39 131/106/39 133/108/40
f 133/108/40 134/109/40 132/107/39
f 134/109/40 133/108/40 135/110/41
f 135/110/41 136/111/41 134/109/40
f 136/111/41 135/110/41 137/112/42
f 137/112/42 138/113/42 136/111/41
f 138/113/42 137/112/42 139/114/43
f 139/114/43 140/115/43 138/113/42
f 71/118/9 69/117/9 141/116/44
f 141/116/44 142/119/44 71/118/9
f 142/121/44 141/120/44 143/115/45
f 143/115/45 144/114/45 142/121/44
f 144/114/45 143/115/45 145/113/46
f 145/113/46 146/112/46 144/114/45
f 146/112/46 145/113/46 147/111/47
f 147/111/47 148/110/47 146/112/46
f 148/110/47 147/111/47 149/109/48
f 149/109/48 150/108/48 148/110/47
f 150/108/48 149/109/48 151/107/49
f 151/107/49 152/106/49 150/108/48
f 152/106/49 151/107/49 153/105/50
f 153/105/50 154/104/50 152/106/49
f 154/104/50 153/105/50 155/103/51
f 155/103/51 156/102/51 154/104/50
f 156/102/51 155/103/51 157/101/52
f 157/101/52 158/100/52 156/102/51
f 158/100/52 157/101/52 159/99/53
f 159/99/53 160/98/53 158/100/52
f 160/98/53 159/99/53 161/97/54
f 161/97/54 162/96/54 160/98/53
f 162/96/54 161/97/54 163/95/55
f 163/95/55 164/94/55 162/96/54
f 164/94/55 163/95/55 165/93/56
f 165/93/56 166/92/56 164/94/55
f 166/92/56 165/93/56 167/91/57
f 167/91/57 168/90/57 166/92/56
f 168/90/57 167/91/57 169/89/58
f 169/89/58 170/88/58 168/90/57
f 170/88/58 169/89/58 171/87/59
f 171/87/59 172/86/59 170/88/58
f 172/86/59 171/87/59 173/85/60
f 173/85/60 174/84/60 172/86/59
f 174/84/60 173/85/60 175/83/61
f 175/83/61 176/82/61 174/84/60
f 176/82/61 175/83/61 177/81/5
f 177/81/5 178/80/5 176/82/61
f 178/80/5 177/81/5 179/79/62
f 179/79/62 180/78/62 178/80/5
f 180/78/62 179/79/62 181/77/63
f 181/77/63 182/76/63 180/78/62
f 182/76/63 181/77/63 183/75/64
f 183/75/64 184/74/64 182/76/63
f 184/74/64 183/75/64 185/73/65
f 185/73/65 186/72/65 184/74/64
f 186/72/65 185/73/65 187/71/66
f 187/71/66 188/70/66 186/72/65
f 188/70/66 187/71/66 189/69/67
f 189/69/67 190/68/67 188/70/66
f 190/68/67 189/69/67 191/67/68
f 191/67/68 192/66/68 190/68/67
f 192/66/68 191/67/68 193/65/69
f 193/65/69 194/64/69 192/66/68
f 194/64/69 193/65/69 195/63/70
f 195/63/70 196/62/70 194/64/69
f 196/62/70 195/63/70 197/61/71
f 197/61/71 198/60/71 196/62/70
f 198/60/71 197/61/71 199/59/72
f 199/59/72 200/58/72 198/60/71
f 200/58/72 199/59/72 201/57/73
f 201/57/73 202/56/73 200/58/72
f 202/56/73 201/57/73 203/55/74
f 203/55/74 204/54/74 202/56/73
f 204/54/74 203/55/74 205/53/75
f 205/53/75 206/52/75 204/54/74
f 206/52/75 205/53/75 207/51/76
f 207/51/76 208/50/76 206/52/75
f 208/50/76 207/51/76 209/49/77
f 209/49/77 210/48/77 208/50/76
f 210/48/77 209/49/77 211/47/78
f 211/47/78 212/45/78 210/48/77
f 213/122/9 215/124/9 214/123/10
f 214/123/10 216/125/10 213/122/9
f 216/125/10 214/123/10 217/126/11
f 217/126/11 218/127/11 216/125/10
f 218/127/11 217/126/11 219/128/12
f 219/128/12 220/129/12 218/127/11
f 220/129/12 219/128/12 221/130/13
f 221/130/13 222/131/13 220/129/12
f 222/131/13 221/130/13 223/132/14
f 223/132/14 224/133/14 222/131/13
f 224/133/14 223/132/14 225/134/15
f 225/134/15 226/135/15 224/133/14
f 226/135/15 225/134/15 227/136/16
f 227/136/16 228/137/16 226/135/15
f 228/137/16 227/136/16 229/138/17
f 229/138/17 230/139/17 228/137/16
f 230/139/17 229/138/17 231/140/18
f 231/140/18 232/141/18 230/139/17
f 232/141/18 231/140/18 233/142/19
f 233/142/19 234/143/19 232/141/18
f 234/143/19 233/142/19 235/144/20
f 235/144/20 236/145/20 234/143/19
f 236/145/20 235/144/20 237/146/79
f 237/146/79 238/147/21 236/145/20
f 238/147/21 237/146/79 239/148/22
f 239/148/22 240/149/22 238/147/21
f 240/149/22 239/148/22 241/150/23
f 241/150/23 242/151/23 240/149/22
f 242/151/23 241/150/23 243/152/24
f 243/152/24 244/153/24 242/151/23
f 244/153/24 243/152/24 245/154/25
f 245/154/25 246/155/25 244/153/24
f 246/155/25 245/154/25 247/156/26
f 247/156/26 248/157/26 246/155/25
f 248/157/26 247/156/26 249/158/7
f 249/158/7 250/159/7 248/157/26
f 250/159/7 249/158/7 251/160/27
f 251/160/27 252/161/27 250/159/7
f 252/161/27 251/160/27 253/162/28
f 253/162/28 254/163/28 252/161/27
f 254/163/28 253/162/28 255/164/29
f 255/164/29 256/165/29 254/163/28
f 256/165/29 255/164/29 257/166/30
f 257/166/30 258/167/30 256/165/29
f 258/167/30 257/166/30 259/168/31
f 259/168/31 260/169/31 258/167/30
f 260/169/31 259/168/31 261/170/32
f 261/170/32 262/171/32 260/169/31
f 262/171/32 261/170/32 263/172/33
f 263/172/33 264/173/33 262/171/32
f 264/173/33 263/172/33 265/174/34
f 265/174/34 266/175/34 264/173/33
f 266/175/34 265/174/34 267/176/35
f 267/176/35 268/177/35 266/175/34
f 268/177/35 267/176/35 269/178/36
f 269/178/36 270/179/36 268/177/35
f 270/179/36 269/178/36 271/180/37
f 271/180/37 272/181/37 270/179/36
f 272/181/37 271/180/37 273/182/38
f 273/182/38 274/183/38 272/181/37
f 274/183/38 273/182/38 275/184/39
f 275/184/39 276/185/39 274/183/38
f 276/185/39 275/184/39 277/186/40
f 277/186/40 278/187/40 276/185/39
f 278/187/40 277/186/40 279/188/41
f 279/188/41 280/189/41 278/187/40
f 280/189/41 279/188/41 281/190/42
f 281/190/42 282/191/42 280/189/41
f 282/191/42 281/190/42 283/192/43
f 283/192/43 284/193/43 282/191/42
f 215/196/9 213/195/9 285/194/44
f 285/194/44 286/197/44 215/196/9
f 286/199/44 285/198/44 287/193/45
f 287/193/45 288/192/45 286/199/44
f 288/192/45 287/193/45 289/191/46
f 289/191/46 290/190/46 288/192/45
f 290/190/46 289/191/46 291/189/47
f 291/189/47 292/188/47 290/190/46
f 292/188/47 291/189/47 293/187/48
f 293/187/48 294/186/48 292/188/47
f 294/186/48 293/187/48 295/185/49
f 295/185/49 296/184/49 294/186/48
f 296/184/49 295/185/49 297/183/80
f 297/183/80 298/182/80 296/184/49
f 298/182/80 297/183/80 299/181/51
f 299/181/51 300/180/51 298/182/80
f 300/180/51 299/181/51 301/179/52
f 301/179/52 302/178/52 300/180/51
f 302/178/52 301/179/52 303/177/53
f 303/177/53 304/176/53 302/178/52
f 304/176/53 303/177/53 305/175/54
f 305/175/54 306/174/54 304/176/53
f 306/174/54 305/175/54 307/173/55
f 307/173/55 308/172/55 306/174/54
f 308/172/55 307/173/55 309/171/81
f 309/171/81 310/170/81 308/172/55
f 310/170/81 309/171/81 311/169/57
f 311/169/57 312/168/57 310/170/81
f 312/168/57 311/169/57 313/167/58
f 313/167/58 314/166/58 312/168/57
f 314/166/58 313/167/58 315/165/59
f 315/165/59 316/164/59 314/166/58
f 316/164/59 315/165/59 317/163/60
f 317/163/60 318/162/60 316/164/59
f 318/162/60 317/163/60 319/161/61
f 319/161/61 320/160/61 318/162/60
f 320/160/61 319/161/61 321/159/5
f 321/159/5 322/158/5 320/160/61
f 322/158/5 321/159/5 323/157/62
f 323/157/62 324/156/62 322/158/5
f 324/156/62 323/157/62 325/155/63
f 325/155/63 326/154/63 324/156/62
f 326/154/63 325/155/63 327/153/64
f 327/153/64 328/152/64 326/154/63
f 328/152/64 327/153/64 329/151/65
f 329/151/65 330/150/65 328/152/64
f 330/150/65 329/151/65 331/149/66
f 331/149/66 332/148/66 330/150/65
f 332/148/66 331/149/66 333/147/67
f 333/147/67 334/146/67 332/148/66
f 334/146/67 333/147/67 335/145/68
f 335/145/68 336/144/68 334/146/67
f 336/144/68 335/145/68 337/143/69
f 337/143/69 338/142/69 336/144/68
f 338/142/69 337/143/69 339/141/70
f 339/141/70 340/140/70 338/142/69
f 340/140/70 339/141/70 341/139/71
f 341/139/71 342/138/71 340/140/70
f 342/138/71 341/139/71 343/137/72
f 343/137/72 344/136/72 342/138/71
f 344/136/72 343/137/72 345/135/82
f 345/135/82 346/134/82 344/136/72
f 346/134/82 345/135/82 347/133/74
f 347/133/74 348/132/74 346/134/82
f 348/132/74 347/133/74 349/131/75
f 349/131/75 350/130/75 348/132/74
f 350/130/75 349/131/75 351/129/76
f 351/129/76 352/128/76 350/130/75
f 352/128/76 351/129/76 353/127/77
f 353/127/77 354/126/77 352/128/76
f 354/126/77 353/127/77 355/125/78
f 355/125/78 356/123/78 354/126/77
f 357/200/9 359/202/9 358/201/10
f 358/201/10 360/203/10 357/200/9
f 360/203/10 358/201/10 361/204/11
f 361/204/11 362/205/11 360/203/10
f 362/205/11 361/204/11 363/206/12
f 363/206/12 364/207/12 362/205/11
f 364/207/12 363/206/12 365/208/13
f 365/208/13 366/209/13 364/207/12
f 366/209/13 365/208/13 367/210/14
f 367/210/14 368/211/14 366/209/13
f 368/211/14 367/210/14 369/212/15
f 369/212/15 370/213/15 368/211/14
f 370/213/15 369/212/15 371/214/16
f 371/214/16 372/215/16 370/213/15
f 372/215/16 371/214/16 373/216/17
f 373/216/17 374/217/17 372/215/16
f 374/217/17 373/216/17 375/218/18
f 375/218/18 376/219/18 374/217/17
f 376/219/18 375/218/18 377/220/19
f 377/220/19 378/221/19 376/219/18
f 378/221/19 377/220/19 379/222/20
f 379/222/20 380/223/20 378/221/19
f 380/223/20 379/222/20 381/224/79
f 381/224/79 382/225/79 380/223/20
f 382/225/79 381/224/79 383/226/22
f 383/226/22 384/227/22 382/225/79
f 384/227/22 383/226/22 385/228/23
f 385/228/23 386/229/23 384/227/22
f 386/229/23 385/228/23 387/230/24
f 387/230/24 388/231/24 386/229/23
f 388/231/24 387/230/24 389/232/25
f 389/232/25 390/233/25 388/231/24
f 390/233/25 389/232/25 391/234/26
f 391/234/26 392/235/26 390/233/25
f 392/235/26 391/234/26 393/236/7
f 393/236/7 394/237/7 392/235/26
f 394/237/7 393/236/7 395/238/27
f 395/238/27 396/239/27 394/237/7
f 396/239/27 395/238/27 397/240/28
f 397/240/28 398/241/28 396/239/27
f 398/241/28 397/240/28 399/242/29
f 399/242/29 400/243/29 398/241/28
f 400/243/29 399/242/29 401/244/30
f 401/244/30 402/245/30 400/243/29
f 402/245/30 401/244/30 403/246/31
f 403/246/31 404/247/31 402/245/30
f 404/247/31 403/246/31 405/248/32
f 405/248/32 406/249/32 404/247/31
f 406/249/32 405/248/32 407/250/33
f 407/250/33 408/251/33 406/249/32
f 408/251/33 407/250/33 409/252/34
f 409/252/34 410/253/34 408/251/33
f 410/253/34 409/252/34 411/254/35
f 411/254/35 412/255/35 410/253/34
f 412/255/35 411/254/35 413/256/36
f 413/256/36 414/257/36 412/255/35
f 414/257/36 413/256/36 415/258/37
f 415/258/37 416/259/37 414/257/36
f 416/259/37 415/258/37 417/260/38
f 417/260/38 418/261/38 416/259/37
f 418/261/38 417/260/38 419/262/39
f 419/262/39 420/263/39 418/261/38
f 420/263/39 419/262/39 421/264/40
f 421/264/40 422/265/40 420/263/39
f 422/265/40 421/264/40 423/266/41
f 423/266/41 424/267/41 422/265/40
f 424/267/41 423/266/41 425/268/42
f 425/268/42 426/269/42 424/267/41
f 426/269/42 425/268/42 427/270/43
f 427/270/43 428/271/43 426/269/42
f 359/274/9 357/273/9 429/272/44
f 429/272/44 430/275/44 359/274/9
f 430/277/44 429/276/44 431/271/45
f 431/271/45 432/270/45 430/277/44
f 432/270/45 431/271/45 433/269/46
f 433/269/46 434/268/46 432/270/45
f 434/268/46 433/269/46 435/267/47
f 435/267/47 436/266/47 434/268/46
f 436/266/47 435/267/47 437/265/48
f 437/265/48 438/264/48 436/266/47
f 438/264/48 437/265/48 439/263/49
f 439/263/49 440/262/49 438/264/48
f 440/262/49 439/263/49 441/261/80
f 441/261/80 442/260/80 440/262/49
f 442/260/80 441/261/80 443/259/51
f 443/259/51 444/258/51 442/260/80
f 444/258/51 443/259/51 445/257/52
f 445/257/52 446/256/52 444/258/51
f 446/256/52 445/257/52 447/255/53
f 447/255/53 448/254/53 446/256/52
f 448/254/53 447/255/53 449/253/54
f 449/253/54 450/252/54 448/254/53
f 450/252/54 449/253/54 451/251/55
f 451/251/55 452/250/55 450/252/54
f 452/250/55 451/251/55 453/249/81
f 453/249/81 454/248/81 452/250/55
f 454/248/81 453/249/81 455/247/57
f 455/247/57 456/246/57 454/248/81
f 456/246/57 455/247/57 457/245/58
f 457/245/58 458/244/58 456/246/57
f 458/244/58 457/245/58 459/243/59
f 459/243/59 460/242/59 458/244/58
f 460/242/59 459/243/59 461/241/60
f 461/241/60 462/240/60 460/242/59
f 462/240/60 461/241/60 463/239/61
f 463/239/61 464/238/61 462/240/60
f 464/238/61 463/239/61 465/237/5
f 465/237/5 466/236/5 464/238/61
f 466/236/5 465/237/5 467/235/62
f 467/235/62 468/234/62 466/236/5
f 468/234/62 467/235/62 469/233/63
f 469/233/63 470/232/63 468/234/62
f 470/232/63 469/233/63 471/231/64
f 471/231/64 472/230/64 470/232/63
f 472/230/64 471/231/64 473/229/65
f 473/229/65 474/228/65 472/230/64
f 474/228/65 473/229/65 475/227/66
f 475/227/66 476/226/66 474/228/65
f 476/226/66 475/227/66 477/225/67
f 477/225/67 478/224/67 476/226/66
f 478/224/67 477/225/67 479/223/68
f 479/223/68 480/222/68 478/224/67
f 480/222/68 479/223/68 481/221/69
f 481/221/69 482/220/69 480/222/68
f 482/220/69 481/221/69 483/219/70
f 483/219/70 484/218/70 482/220/69
f 484/218/70 483/219/70 485/217/71
f 485/217/71 486/216/71 484/218/70
f 486/216/71 485/217/71 487/215/72
f 487/215/72 488/214/72 486/216/71
f 488/214/72 487/215/72 489/213/82
f 489/213/82 490/212/82 488/214/72
f 490/212/82 489/213/82 491/211/74
f 491/211/74 492/210/74 490/212/82
f 492/210/74 491/211/74 493/209/75
f 493/209/75 494/208/75 492/210/74
f 494/208/75 493/209/75 495/207/76
f 495/207/76 496/206/76 494/208/75
f 496/206/76 495/207/76 497/205/77
f 497/205/77 498/204/77 496/206/76
f 498/204/77 497/205/77 499/203/78
f 499/203/78 500/201/78 498/204/77
f 501/278/9 503/280/9 502/279/10
f 502/279/10 504/281/10 501/278/9
f 504/281/10 502/279/10 505/282/11
f 505/282/11 506/283/11 504/281/10
f 506/283/11 505/282/11 507/284/12
f 507/284/12 508/285/12 506/283/11
f 508/285/12 507/284/12 509/286/13
f 509/286/13 510/287/13 508/285/12
f 510/287/13 509/286/13 511/288/14
f 511/288/14 512/289/14 510/287/13
f 512/289/14 511/288/14 513/290/15
f 513/290/15 514/291/15 512/289/14
f 514/291/15 513/290/15 515/292/16
f 515/292/16 516/293/16 514/291/15
f 516/293/16 515/292/16 517/294/17
f 517/294/17 518/295/17 516/293/16
f 518/295/17 517/294/17 519/296/18
f 519/296/18 520/297/18 518/295/17
f 520/297/18 519/296/18 521/298/19
f 521/298/19 522/299/19 520/297/18
f 522/299/19 521/298/19 523/300/20
f 523/300/20 524/301/20 522/299/19
f 524/301/20 523/300/20 525/302/79
f 525/302/79 526/303/79 524/301/20
f 526/303/79 525/302/79 527/304/22
f 527/304/22 528/305/22 526/303/79
f 528/305/22 527/304/22 529/306/23
f 529/306/23 530/307/23 528/305/22
f 530/307/23 529/306/23 531/308/24
f 531/308/24 532/309/24 530/307/23
f 532/309/24 531/308/24 533/310/25
f 533/310/25 534/311/25 532/309/24
f 534/311/25 533/310/25 535/312/26
f 535/312/26 536/313/26 534/311/25
f 536/313/26 535/312/26 537/314/7
f 537/314/7 538/315/7 536/313/26
f 538/315/7 537/314/7 539/316/27
f 539/316/27 540/317/27 538/315/7
f 540/317/27 539/316/27 541/318/28
f 541/318/28 542/319/28 540/317/27
f 542/319/28 541/318/28 543/320/29
f 543/320/29 544/321/29 542/319/28
f 544/321/29 543/320/29 545/322/30
f 545/322/30 546/323/30 544/321/29
f 546/323/30 545/322/30 547/324/31
f 547/324/31 548/325/31 546/323/30
f 548/325/31 547/324/31 549/326/32
f 549/326/32 550/327/32 548/325/31
f 550/327/32 549/326/32 551/328/33
f 551/328/33 552/329/33 550/327/32
f 552/329/33 551/328/33 553/330/34
f 553/330/34 554/331/34 552/329/33
f 554/331/34 553/330/34 555/332/35
f 555/332/35 556/333/35 554/331/34
f 556/333/35 555/332/35 557/334/36
f 557/334/36 558/335/36 556/333/35
f 558/335/36 557/334/36 559/336/37
f 559/336/37 560/337/37 558/335/36
f 560/337/37 559/336/37 561/338/38
f 561/338/38 562/339/38 560/337/37
f 562/339/38 561/338/38 563/340/39
f 563/340/39 564/341/39 562/339/38
f 564/341/39 563/340/39 565/342/40
f 565/342/40 566/343/40 564/341/39
f 566/343/40 565/342/40 567/344/41
f 567/344/41 568/345/41 566/343/40
f 568/345/41 567/344/41 569/346/42
f 569/346/42 570/347/42 568/345/41
f 570/347/42 569/346/42 571/348/43
f 571/348/43 572/349/43 570/347/42
f 503/352/9 501/351/9 573/350/44
f 573/350/44 574/353/44 503/352/9
f 574/355/44 573/354/44 575/349/45
f 575/349/45 576/348/45 574/355/44
f 576/348/45 575/349/45 577/347/46
f 577/347/46 578/346/46 576/348/45
f 578/346/46 577/347/46 579/345/47
f 579/345/47 580/344/47 578/346/46
f 580/344/47 579/345/47 581/343/48
f 581/343/48 582/342/48 580/344/47
f 582/342/48 581/343/48 583/341/49
f 583/341/49 584/340/49 582/342/48
f 584/340/49 583/341/49 585/339/80
f 585/339/80 586/338/80 584/340/49
f 586/338/80 585/339/80 587/337/51
f 587/337/51 588/336/51 586/338/80
f 588/336/51 587/337/51 589/335/52
f 589/335/52 590/334/52 588/336/51
f 590/334/52 589/335/52 591/333/53
f 591/333/53 592/332/53 590/334/52
f 592/332/53 591/333/53 593/331/54
f 593/331/54 594/330/54 592/332/53
f 594/330/54 593/331/54 595/329/55
f 595/329/55 596/328/55 594/330/54
f 596/328/55 595/329/55 597/327/81
f 597/327/81 598/326/81 596/328/55
f 598/326/81 597/327/81 599/325/57
f 599/325/57 600/324/57 598/326/81
f 600/324/57 599/325/57 601/323/58
f 601/323/58 602/322/58 600/324/57
f 602/322/58 601/323/58 603/321/59
f 603/321/59 604/320/59 602/322/58
f 604/320/59 603/321/59 605/319/60
f 605/319/60 606/318/60 604/320/59
f 606/318/60 605/319/60 607/317/61
f 607/317/61 608/316/61 606/318/60
f 608/316/61 607/317/61 609/315/5
f 609/315/5 610/314/5 608/316/61
f 610/314/5 609/315/5 611/313/62
f 611/313/62 612/312/62 610/314/5
f 612/312/62 611/313/62 613/311/63
f 613/311/63 614/310/63 612/312/62
f 614/310/63 613/311/63 615/309/64
f 615/309/64 616/308/64 614/310/63
f 616/308/64 615/309/64 617/307/65
f 617/307/65 618/306/65 616/308/64
f 618/306/65 617/307/65 619/305/66
f 619/305/66 620/304/66 618/306/65
f 620/304/66 619/305/66 621/303/67
f 621/303/67 622/302/67 620/304/66
f 622/302/67 621/303/67 623/301/68
f 623/301/68 624/300/68 622/302/67
f 624/300/68 623/301/68 625/299/69
f 625/299/69 626/298/69 624/300/68
f 626/298/69 625/299/69 627/297/70
f 627/297/70 628/296/70 626/298/69
f 628/296/70 627/297/70 629/295/71
f 629/295/71 630/294/71 628/296/70
f 630/294/71 629/295/71 631/293/72
f 631/293/72 632/292/72 630/294/71
f 632/292/72 631/293/72 633/291/82
f 633/291/82 634/290/82 632/292/72
f 634/290/82 633/291/82 635/289/74
f 635/289/74 636/288/74 634/290/82
f 636/288/74 635/289/74 637/287/75
f 637/287/75 638/286/75 636/288/74
f 638/286/75 637/287/75 639/285/76
f 639/285/76 640/284/76 638/286/75
f 640/284/76 639/285/76 641/283/77
f 641/283/77 642/282/77 640/284/76
f 642/282/77 641/283/77 643/281/78
f 643/281/78 644/279/78 642/282/77
f 645/356/9 647/358/9 646/357/10
f 646/357/10 648/359/10 645/356/9
f 648/359/10 646/357/10 649/360/11
f 649/360/11 650/361/11 648/359/10
f 650/361/11 649/360/11 651/362/12
f 651/362/12 652/363/12 650/361/11
f 652/363/12 651/362/12 653/364/13
f 653/364/13 654/365/13 652/363/12
f 654/365/13 653/364/13 655/366/14
f 655/366/14 656/367/14 654/365/13
f 656/367/14 655/366/14 657/368/15
f 657/368/15 658/369/15 656/367/14
f 658/369/15 657/368/15 659/370/16
f 659/370/16 660/371/16 658/369/15
f 660/371/16 659/370/16 661/372/17
f 661/372/17 662/373/17 660/371/16
f 662/373/17 661/372/17 663/374/18
f 663/374/18 664/375/18 662/373/17
f 664/375/18 663/374/18 665/376/19
f 665/376/19 666/377/19 664/375/18
f 666/377/19 665/376/19 667/378/20
f 667/378/20 668/379/20 666/377/19
f 668/379/20 667/378/20 669/380/79
f 669/380/79 670/381/79 668/379/20
f 670/381/79 669/380/79 671/382/22
f 671/382/22 672/383/22 670/381/79
f 672/383/22 671/382/22 673/384/23
f 673/384/23 674/385/23 672/383/22
f 674/385/23 673/384/23 675/386/24
f 675/386/24 676/387/24 674/385/23
f 676/387/24 675/386/24 677/388/25
f 677/388/25 678/389/25 676/387/24
f 678/389/25 677/388/25 679/390/26
f 679/390/26 680/391/26 678/389/25
f 680/391/26 679/390/26 681/392/7
f 681/392/7 682/393/7 680/391/26
f 682/393/7 681/392/7 683/394/27
f 683/394/27 684/395/27 682/393/7
f 684/395/27 683/394/27 685/396/28
f 685/396/28 686/397/28 684/395/27
f 686/397/28 685/396/28 687/398/29
f 687/398/29 688/399/29 686/397/28
f 688/399/29 687/398/29 689/400/30
f 689/400/30 690/401/30 688/399/29
f 690/401/30 689/400/30 691/402/31
f 691/402/31 692/403/31 690/401/30
f 692/403/31 691/402/31 693/404/32
f 693/404/32 694/405/32 692/403/31
f 694/405/32 693/404/32 695/406/33
f 695/406/33 696/407/33 694/405/32
f 696/407/33 695/406/33 697/408/34
f 697/408/34 698/409/34 696/407/33
f 698/409/34 697/408/34 699/410/35
f 699/410/35 700/411/35 698/409/34
f 700/411/35 699/410/35 701/412/36
f 701/412/36 702/413/36 700/411/35
f 702/413/36 701/412/36 703/414/37
f 703/414/37 704/415/37 702/413/36
f 704/415/37 703/414/37 705/416/38
f 705/416/38 706/417/38 704/415/37
f 706/417/38 705/416/38 707/418/39
f 707/418/39 708/419/39 706/417/38
f 708/419/39 707/418/39 709/420/40
f 709/420/40 710/421/40 708/419/39
f 710/421/40 709/420/40 711/422/41
f 711/422/41 712/423/41 710/421/40
f 712/423/41 711/422/41 713/424/42
f 713/424/42 714/425/42 712/423/41
f 714/425/42 713/424/42 715/426/43
f 715/426/43 716/427/43 714/425/42
f 647/430/9 645/429/9 717/428/44
f 717/428/44 718/431/44 647/430/9
f 718/433/44 717/432/44 719/427/45
f 719/427/45 720/426/45 718/433/44
f 720/426/45 719/427/45 721/425/46
f 721/425/46 722/424/46 720/426/45
f 722/424/46 721/425/46 723/423/47
f 723/423/47 724/422/47 722/424/46
f 724/422/47 723/423/47 725/421/48
f 725/421/48 726/420/48 724/422/47
f 726/420/48 725/421/48 727/419/49
f 727/419/49 728/418/49 726/420/48
f 728/418/49 727/419/49 729/417/80
f 729/417/80 730/416/80 728/418/49
f 730/416/80 729/417/80 731/415/51
f 731/415/51 732/414/51 730/416/80
f 732/414/51 731/415/51 733/413/52
f 733/413/52 734/412/52 732/414/51
f 734/412/52 733/413/52 735/411/53
f 735/411/53 736/410/53 734/412/52
f 736/410/53 735/411/53 737/409/54
f 737/409/54 738/408/54 736/410/53
f 738/408/54 737/409/54 739/407/55
f 739/407/55 740/406/55 738/408/54
f 740/406/55 739/407/55 741/405/81
f 741/405/81 742/404/81 740/406/55
f 742/404/81 741/405/81 743/403/57
f 743/403/57 744/402/57 742/404/81
f 744/402/57 743/403/57 745/401/58
f 745/401/58 746/400/58 744/402/57
f 746/400/58 745/401/58 747/399/59
f 747/399/59 748/398/59 746/400/58
f 748/398/59 747/399/59 749/397/60
f 749/397/60 750/396/60 748/398/59
f 750/396/60 749/397/60 751/395/61
f 751/395/61 752/394/61 750/396/60
f 752/394/61 751/395/61 753/393/5
f 753/393/5 754/392/5 752/394/61
f 754/392/5 753/393/5 755/391/62
f 755/391/62 756/390/62 754/392/5
f 756/390/62 755/391/62 757/389/63
f 757/389/63 758/388/63 756/390/62
f 758/388/63 757/389/63 759/387/64
f 759/387/64 760/386/64 758/388/63
f 760/386/64 759/387/64 761/385/65
f 761/385/65 762/384/65 760/386/64
f 762/384/65 761/385/65 763/383/66
f 763/383/66 764/382/66 762/384/65
f 764/382/66 763/383/66 765/381/67
f 765/381/67 766/380/67 764/382/66
f 766/380/67 765/381/67 767/379/68
f 767/379/68 768/378/68 766/380/67
f 768/378/68 767/379/68 769/377/69
f 769/377/69 770/376/69 768/378/68
f 770/376/69 769/377/69 771/375/70
f 771/375/70 772/374/70 770/376/69
f 772/374/70 771/375/70 773/373/71
f 773/373/71 774/372/71 772/374/70
f 774/372/71 773/373/71 775/371/72
f 775/371/72 776/370/72 774/372/71
f 776/370/72 775/371/72 777/369/82
f 777/369/82 778/368/82 776/370/72
f 778/368/82 777/369/82 779/367/74
f 779/367/74 780/366/74 778/368/82
f 780/366/74 779/367/74 781/365/75
f 781/365/75 782/364/75 780/366/74
f 782/364/75 781/365/75 783/363/76
f 783/363/76 784/362/76 782/364/75
f 784/362/76 783/363/76 785/361/77
f 785/361/77 786/360/77 784/362/76
f 786/360/77 785/361/77 787/359/78
f 787/359/78 788/357/78 786/360/77
f 789/434/9 791/436/9 790/435/10
f 790/435/10 792/437/10 789/434/9
f 792/437/10 790/435/10 793/438/11
f 793/438/11 794/439/11 792/437/10
f 794/439/11 793/438/11 795/440/12
f 795/440/12 796/441/12 794/439/11
f 796/441/12 795/440/12 797/442/13
f 797/442/13 798/443/13 796/441/12
f 798/443/13 797/442/13 799/444/14
f 799/444/14 800/445/14 798/443/13
f 800/445/14 799/444/14 801/446/15
f 801/446/15 802/447/15 800/445/14
f 802/447/15 801/446/15 803/448/16
f 803/448/16 804/449/16 802/447/15
f 804/449/16 803/448/16 805/450/17
f 805/450/17 806/451/17 804/449/16
f 806/451/17 805/450/17 807/452/18
f 807/452/18 808/453/18 806/451/17
f 808/453/18 807/452/18 809/454/19
f 809/454/19 810/455/19 808/453/18
f 810/455/19 809/454/19 811/456/20
f 811/456/20 812/457/20 810/455/19
f 812/457/20 811/456/20 813/458/21
f 813/458/21 814/459/21 812/457/20
f 814/459/21 813/458/21 815/460/22
f 815/460/22 816/461/22 814/459/21
f 816/461/22 815/460/22 817/462/23
f 817/462/23 818/463/23 816/461/22
f 818/463/23 817/462/23 819/464/24
f 819/464/24 820/465/24 818/463/23
f 820/465/24 819/464/24 821/466/25
f 821/466/25 822/467/25 820/465/24
f 822/467/25 821/466/25 823/468/26
f 823/468/26 824/469/26 822/467/25
f 824/469/26 823/468/26 825/470/7
f 825/470/7 826/471/7 824/469/26
f 826/471/7 825/470/7 827/472/27
f 827/472/27 828/473/27 826/471/7
f 828/473/27 827/472/27 829/474/28
f 829/474/28 830/475/28 828/473/27
f 830/475/28 829/474/28 831/476/29
f 831/476/29 832/477/29 830/475/28
f 832/477/29 831/476/29 833/478/30
f 833/478/30 834/479/30 832/477/29
f 834/479/30 833/478/30 835/480/31
f 835/480/31 836/481/31 834/479/30
f 836/481/31 835/480/31 837/482/32
f 837/482/32 838/483/32 836/481/31
f 838/483/32 837/482/32 839/484/33
f 839/484/33 840/485/33 838/483/32
f 840/485/33 839/484/33 841/486/34
f 841/486/34 842/487/34 840/485/33
f 842/487/34 841/486/34 843/488/35
f 843/488/35 844/489/35 842/487/34
f 844/489/35 843/488/35 845/490/36
f 845/490/36 846/491/36 844/489/35
f 846/491/36 845/490/36 847/492/37
f 847/492/37 848/493/37 846/491/36
f 848/493/37 847/492/37 849/494/38
f 849/494/38 850/495/38 848/493/37
f 850/495/38 849/494/38 851/496/39
f 851/496/39 852/497/39 850/495/38
f 852/497/39 851/496/39 853/498/40
f 853/498/40 854/499/40 852/497/39
f 854/499/40 853/498/40 855/500/41
f 855/500/41 856/501/41 854/499/40
f 856/501/41 855/500/41 857/502/42
f 857/502/42 858/503/42 856/501/41
f 858/503/42 857/502/42 859/504/43
f 859/504/43 860/505/43 858/503/42
f 860/505/43 859/504/43 861/506/83
f 861/506/83 862/507/83 860/505/43
f 791/510/9 789/509/9 863/508/44
f 863/508/44 864/511/44 791/510/9
f 864/513/44 863/512/44 865/505/45
f 865/505/45 866/504/45 864/513/44
f 866/504/45 865/505/45 867/503/46
f 867/503/46 868/502/46 866/504/45
f 868/502/46 867/503/46 869/501/47
f 869/501/47 870/500/47 868/502/46
f 870/500/47 869/501/47 871/499/48
f 871/499/48 872/498/48 870/500/47
f 872/498/48 871/499/48 873/497/49
f 873/497/49 874/496/49 872/498/48
f 874/496/49 873/497/49 875/495/50
f 875/495/50 876/494/50 874/496/49
f 876/494/50 875/495/50 877/493/51
f 877/493/51 878/492/51 876/494/50
f 878/492/51 877/493/51 879/491/52
f 879/491/52 880/490/52 878/492/51
f 880/490/52 879/491/52 881/489/53
f 881/489/53 882/488/53 880/490/52
f 882/488/53 881/489/53 883/487/54
f 883/487/54 884/486/54 882/488/53
f 884/486/54 883/487/54 885/485/55
f 885/485/55 886/484/55 884/486/54
f 886/484/55 885/485/55 887/483/56
f 887/483/56 888/482/56 886/484/55
f 888/482/56 887/483/56 889/481/57
f 889/481/57 890/480/57 888/482/56
f 890/480/57 889/481/57 891/479/58
f 891/479/58 892/478/58 890/480/57
f 892/478/58 891/479/58 893/477/59
f 893/477/59 894/476/59 892/478/58
f 894/476/59 893/477/59 895/475/60
f 895/475/60 896/474/60 894/476/59
f 896/474/60 895/475/60 897/473/61
f 897/473/61 898/472/61 896/474/60
f 898/472/61 897/473/61 899/471/5
f 899/471/5 900/470/5 898/472/61
f 900/470/5 899/471/5 901/469/62
f 901/469/62 902/468/62 900/470/5
f 902/468/62 901/469/62 903/467/63
f 903/467/63 904/466/63 902/468/62
f 904/466/63 903/467/63 905/465/64
f 905/465/64 906/464/64 904/466/63
f 906/464/64 905/465/64 907/463/65
f 907/463/65 908/462/65 906/464/64
f 908/462/65 907/463/65 909/461/66
f 909/461/66 910/460/66 908/462/65
f 910/460/66 909/461/66 911/459/67
f 911/459/67 912/458/67 910/460/66
f 912/458/67 911/459/67 913/457/68
f 913/457/68 914/456/68 912/458/67
f 914/456/68 913/457/68 915/455/69
f 915/455/69 916/454/69 914/456/68
f 916/454/69 915/455/69 917/453/70
f 917/453/70 918/452/70 916/454/69
f 918/452/70 917/453/70 919/451/71
f 919/451/71 920/450/71 918/452/70
f 920/450/71 919/451/71 921/449/72
f 921/449/72 922/448/72 920/450/71
f 922/448/72 921/449/72 923/447/73
f 923/447/73 924/446/73 922/448/72
f 924/446/73 923/447/73 925/445/74
f 925/445/74 926/444/74 924/446/73
f 926/444/74 925/445/74 927/443/75
f 927/443/75 928/442/75 926/444/74
f 928/442/75 927/443/75 929/441/76
f 929/441/76 930/440/76 928/442/75
f 930/440/76 929/441/76 931/439/77
f 931/439/77 932/438/77 930/440/76
f 932/438/77 931/439/77 933/437/78
f 933/437/78 934/435/78 932/438/77
f 934/435/78 933/437/78 935/514/84
f 935/514/84 936/515/84 934/435/78

usemtl Brown
f 948/28/7 964/523/7 959/521/7
f 947/35/7 954/518/7 956/519/7
f 939/3/2 938/6/2 937/5/2
f 937/5/2 940/27/2 939/3/2
f 943/3/4 942/6/4 941/5/4
f 941/5/4 944/27/4 943/3/4
f 945/28/5 938/5/5 939/27/5
f 939/27/5 946/35/5 945/28/5
f 941/6/5 945/28/5 946/35/5
f 946/35/5 944/3/5 941/6/5
f 946/19/1 939/6/1 940/5/1
f 940/5/1 947/20/1 946/19/1
f 944/3/1 946/19/1 947/20/1
f 947/20/1 943/27/1 944/3/1
f 948/20/6 937/27/6 938/3/6
f 938/3/6 945/19/6 948/20/6
f 942/5/6 948/20/6 945/19/6
f 945/19/6 941/6/6 942/5/6
f 951/517/4 950/517/4 949/516/4
f 949/516/4 952/516/4 951/517/4
f 952/516/6 949/516/6 953/518/6
f 953/518/6 954/518/6 952/516/6
f 954/518/2 953/518/2 955/519/2
f 955/519/2 956/519/2 954/518/2
f 956/519/1 955/519/1 950/517/1
f 950/517/1 951/517/1 956/519/1
f 959/521/6 958/521/6 957/520/6
f 957/520/6 960/520/6 959/521/6
f 960/520/2 957/520/2 961/522/2
f 961/522/2 962/522/2 960/520/2
f 962/522/1 961/522/1 963/523/1
f 963/523/1 964/523/1 962/522/1
f 964/523/4 963/523/4 958/521/4
f 958/521/4 959/521/4 964/523/4
f 962/522/7 942/5/7 943/27/7
f 943/27/7 960/520/7 962/522/7
f 942/5/7 962/522/7 964/523/7
f 964/523/7 948/28/7 942/5/7
f 960/520/7 943/27/7 947/35/7
f 947/35/7 959/521/7 960/520/7
f 956/519/7 948/28/7 959/521/7
f 959/521/7 947/35/7 956/519/7
f 948/28/7 956/519/7 951/517/7
f 951/517/7 937/6/7 948/28/7
f 954/518/7 947/35/7 940/3/7
f 940/3/7 952/516/7 954/518/7
f 937/6/7 951/517/7 952/516/7
f 952/516/7 940/3/7 937/6/7

usemtl Glass_1
f 953/518/7 949/516/7 950/517/7 955/519/7
f 961/522/7 957/520/7 958/521/7 963/523/7

usemtl white
f 967/525/6 966/31/6 965/524/6
f 976/534/6 966/31/6 979/537/6
f 979/537/6 966/31/6 983/541/6
f 985/543/6 966/31/6 986/544/6
f 986/544/6 966/31/6 987/545/6
f 989/547/6 966/31/6 988/546/6
f 993/551/6 966/31/6 992/550/6
f 996/554/6 966/31/6 997/555/6
f 997/555/6 966/31/6 998/556/6
f 998/556/6 966/31/6 999/557/6
f 1019/27/6 1020/3/6 1023/20/6
f 1020/3/6 1029/19/6 1023/20/6
f 1043/27/6 1044/3/6 1047/20/6
f 1044/3/6 1053/19/6 1047/20/6
f 1067/27/6 1068/3/6 1071/20/6
f 1068/3/6 1077/19/6 1071/20/6
f 1091/27/6 1092/3/6 1095/20/6
f 1092/3/6 1101/19/6 1095/20/6
f 1115/27/6 1116/3/6 1119/20/6
f 1116/3/6 1125/19/6 1119/20/6
f 1139/27/6 1140/3/6 1143/20/6
f 1140/3/6 1149/19/6 1143/20/6
f 1163/27/6 1164/3/6 1167/20/6
f 1164/3/6 1173/19/6 1167/20/6
f 1302/530/6 1296/31/6 1303/531/6
f 1305/533/6 1296/31/6 1306/525/6
f 1312/535/6 1296/31/6 1313/534/6
f 1319/545/6 1296/31/6 1320/552/6
f 1320/552/6 1296/31/6 1321/547/6
f 1329/548/6 1296/31/6 1330/551/6
f 1760/813/93 1762/814/93 1761/740/83
f 1762/814/93 1763/739/83 1761/740/83
f 1762/814/93 1873/851/93 1872/736/83
f 1873/851/93 1874/735/83 1872/736/83
f 1873/851/93 1984/888/93 1983/732/83
f 1984/888/93 1985/731/83 1983/732/83
f 1984/888/93 2095/925/93 2094/728/83
f 2095/925/93 2096/727/83 2094/728/83
f 2095/925/93 2206/962/93 2205/724/83
f 2206/962/93 2207/723/83 2205/724/83
f 2206/962/93 2317/999/93 2316/506/83
f 2317/999/93 2318/507/83 2316/506/83
f 2391/743/94 2462/738/84 2463/737/84
f 2464/850/95 2391/743/94 2463/737/84
f 2464/850/95 2573/734/84 2574/733/84
f 2575/887/95 2464/850/95 2574/733/84
f 2575/887/95 2684/730/84 2685/729/84
f 2686/924/95 2575/887/95 2685/729/84
f 2686/924/95 2795/726/84 2796/725/84
f 2797/961/95 2686/924/95 2796/725/84
f 2797/961/95 2906/722/84 2907/721/84
f 2908/998/95 2797/961/95 2907/721/84
f 2908/998/95 3017/515/84 3018/514/84
f 3019/1035/94 2908/998/95 3018/514/84
f 59/16/2 30/15/2 10/10/2
f 30/15/2 9/9/2 10/10/2
f 1000/558/6 966/31/6 968/526/6
f 968/526/6 969/527/6 1000/558/6
f 970/528/6 971/529/6 966/31/6
f 966/31/6 972/530/6 970/528/6
f 973/531/6 972/530/6 966/31/6
f 966/31/6 974/532/6 973/531/6
f 975/533/6 974/532/6 966/31/6
f 966/31/6 967/525/6 975/533/6
f 978/536/6 966/31/6 976/534/6
f 976/534/6 977/535/6 978/536/6
f 965/524/6 966/31/6 980/538/6
f 980/538/6 981/539/6 965/524/6
f 982/540/6 980/538/6 966/31/6
f 966/31/6 978/536/6 982/540/6
f 984/542/6 983/541/6 966/31/6
f 966/31/6 985/543/6 984/542/6
f 990/548/6 991/549/6 966/31/6
f 966/31/6 993/551/6 990/548/6
f 987/545/6 966/31/6 989/547/6
f 989/547/6 994/552/6 987/545/6
f 995/553/6 992/550/6 966/31/6
f 966/31/6 996/554/6 995/553/6
f 988/546/6 966/31/6 1000/558/6
f 1000/558/6 1001/559/6 988/546/6
f 1002/560/6 968/526/6 966/31/6
f 966/31/6 991/549/6 1002/560/6
f 1005/3/2 1004/6/2 1003/5/2
f 1003/5/2 1006/27/2 1005/3/2
f 1009/3/2 1008/6/2 1007/5/2
f 1007/5/2 1010/27/2 1009/3/2
f 1013/3/2 1012/6/2 1011/5/2
f 1011/5/2 1014/27/2 1013/3/2
f 1017/3/2 1016/6/2 1015/5/2
f 1015/5/2 1018/27/2 1017/3/2
f 1021/3/2 1020/6/2 1019/5/2
f 1019/5/2 1022/27/2 1021/3/2
f 1022/3/85 1019/6/85 1023/28/85
f 1023/28/85 1024/35/85 1022/3/85
f 1027/3/4 1026/6/4 1025/5/4
f 1025/5/4 1028/27/4 1027/3/4
f 1021/27/5 1030/29/5 1029/28/5
f 1029/28/5 1020/5/5 1021/27/5
f 1025/6/5 1029/28/5 1030/21/5
f 1030/21/5 1028/3/5 1025/6/5
f 1026/5/6 1023/20/6 1029/19/6
f 1029/19/6 1025/6/6 1026/5/6
f 1027/27/7 1024/30/7 1023/28/7
f 1023/28/7 1026/5/7 1027/27/7
f 1033/562/7 1032/562/7 1031/561/7
f 1031/561/7 1034/561/7 1033/562/7
f 1034/561/7 1031/561/7 1035/563/7
f 1035/563/7 1036/563/7 1034/561/7
f 1038/564/4 1037/564/4 1032/562/4
f 1032/562/4 1033/562/4 1038/564/4
f 1040/565/86 1039/565/86 1037/564/86
f 1037/564/86 1038/564/86 1040/565/86
f 1042/566/5 1041/566/5 1039/565/5
f 1039/565/5 1040/565/5 1042/566/5
f 1036/563/2 1035/563/2 1041/566/2
f 1041/566/2 1042/566/2 1036/563/2
f 1045/3/2 1044/6/2 1043/5/2
f 1043/5/2 1046/27/2 1045/3/2
f 1046/3/85 1043/6/85 1047/28/85
f 1047/28/85 1048/35/85 1046/3/85
f 1051/3/4 1050/6/4 1049/5/4
f 1049/5/4 1052/27/4 1051/3/4
f 1045/27/5 1054/29/5 1053/28/5
f 1053/28/5 1044/5/5 1045/27/5
f 1049/6/5 1053/28/5 1054/21/5
f 1054/21/5 1052/3/5 1049/6/5
f 1057/561/1 1056/562/1 1055/564/1
f 1055/564/1 1058/565/1 1057/561/1
f 1059/563/1 1057/561/1 1058/565/1
f 1058/565/1 1060/566/1 1059/563/1
f 1050/5/6 1047/20/6 1053/19/6
f 1053/19/6 1049/6/6 1050/5/6
f 1051/27/7 1048/30/7 1047/28/7
f 1047/28/7 1050/5/7 1051/27/7
f 1061/562/7 1056/562/7 1057/561/7
f 1057/561/7 1062/561/7 1061/562/7
f 1062/561/7 1057/561/7 1059/563/7
f 1059/563/7 1063/563/7 1062/561/7
f 1064/564/4 1055/564/4 1056/562/4
f 1056/562/4 1061/562/4 1064/564/4
f 1065/565/86 1058/565/86 1055/564/86
f 1055/564/86 1064/564/86 1065/565/86
f 1066/566/5 1060/566/5 1058/565/5
f 1058/565/5 1065/565/5 1066/566/5
f 1063/563/2 1059/563/2 1060/566/2
f 1060/566/2 1066/566/2 1063/563/2
f 1069/3/2 1068/6/2 1067/5/2
f 1067/5/2 1070/27/2 1069/3/2
f 1070/3/85 1067/6/85 1071/28/85
f 1071/28/85 1072/35/85 1070/3/85
f 1075/3/4 1074/6/4 1073/5/4
f 1073/5/4 1076/27/4 1075/3/4
f 1069/27/5 1078/29/5 1077/28/5
f 1077/28/5 1068/5/5 1069/27/5
f 1073/6/5 1077/28/5 1078/21/5
f 1078/21/5 1076/3/5 1073/6/5
f 1081/561/1 1080/562/1 1079/564/1
f 1079/564/1 1082/565/1 1081/561/1
f 1083/563/1 1081/561/1 1082/565/1
f 1082/565/1 1084/566/1 1083/563/1
f 1074/5/6 1071/20/6 1077/19/6
f 1077/19/6 1073/6/6 1074/5/6
f 1075/27/7 1072/30/7 1071/28/7
f 1071/28/7 1074/5/7 1075/27/7
f 1085/562/7 1080/562/7 1081/561/7
f 1081/561/7 1086/561/7 1085/562/7
f 1086/561/7 1081/561/7 1083/563/7
f 1083/563/7 1087/563/7 1086/561/7
f 1088/564/4 1079/564/4 1080/562/4
f 1080/562/4 1085/562/4 1088/564/4
f 1089/565/86 1082/565/86 1079/564/86
f 1079/564/86 1088/564/86 1089/565/86
f 1090/566/5 1084/566/5 1082/565/5
f 1082/565/5 1089/565/5 1090/566/5
f 1087/563/2 1083/563/2 1084/566/2
f 1084/566/2 1090/566/2 1087/563/2
f 1093/3/2 1092/6/2 1091/5/2
f 1091/5/2 1094/27/2 1093/3/2
f 1094/3/85 1091/6/85 1095/28/85
f 1095/28/85 1096/35/85 1094/3/85
f 1099/3/4 1098/6/4 1097/5/4
f 1097/5/4 1100/27/4 1099/3/4
f 1093/27/5 1102/29/5 1101/28/5
f 1101/28/5 1092/5/5 1093/27/5
f 1097/6/5 1101/28/5 1102/21/5
f 1102/21/5 1100/3/5 1097/6/5
f 1105/561/1 1104/562/1 1103/564/1
f 1103/564/1 1106/565/1 1105/561/1
f 1107/563/1 1105/561/1 1106/565/1
f 1106/565/1 1108/566/1 1107/563/1
f 1098/5/6 1095/20/6 1101/19/6
f 1101/19/6 1097/6/6 1098/5/6
f 1099/27/7 1096/30/7 1095/28/7
f 1095/28/7 1098/5/7 1099/27/7
f 1109/562/7 1104/562/7 1105/561/7
f 1105/561/7 1110/561/7 1109/562/7
f 1110/561/7 1105/561/7 1107/563/7
f 1107/563/7 1111/563/7 1110/561/7
f 1112/564/4 1103/564/4 1104/562/4
f 1104/562/4 1109/562/4 1112/564/4
f 1113/565/86 1106/565/86 1103/564/86
f 1103/564/86 1112/564/86 1113/565/86
f 1114/566/5 1108/566/5 1106/565/5
f 1106/565/5 1113/565/5 1114/566/5
f 1111/563/2 1107/563/2 1108/566/2
f 1108/566/2 1114/566/2 1111/563/2
f 1117/3/2 1116/6/2 1115/5/2
f 1115/5/2 1118/27/2 1117/3/2
f 1118/3/85 1115/6/85 1119/28/85
f 1119/28/85 1120/35/85 1118/3/85
f 1123/3/4 1122/6/4 1121/5/4
f 1121/5/4 1124/27/4 1123/3/4
f 1117/27/5 1126/29/5 1125/28/5
f 1125/28/5 1116/5/5 1117/27/5
f 1121/6/5 1125/28/5 1126/21/5
f 1126/21/5 1124/3/5 1121/6/5
f 1129/561/1 1128/562/1 1127/564/1
f 1127/564/1 1130/565/1 1129/561/1
f 1131/563/1 1129/561/1 1130/565/1
f 1130/565/1 1132/566/1 1131/563/1
f 1122/5/6 1119/20/6 1125/19/6
f 1125/19/6 1121/6/6 1122/5/6
f 1123/27/7 1120/30/7 1119/28/7
f 1119/28/7 1122/5/7 1123/27/7
f 1133/562/7 1128/562/7 1129/561/7
f 1129/561/7 1134/561/7 1133/562/7
f 1134/561/7 1129/561/7 1131/563/7
f 1131/563/7 1135/563/7 1134/561/7
f 1136/564/4 1127/564/4 1128/562/4
f 1128/562/4 1133/562/4 1136/564/4
f 1137/565/86 1130/565/86 1127/564/86
f 1127/564/86 1136/564/86 1137/565/86
f 1138/566/5 1132/566/5 1130/565/5
f 1130/565/5 1137/565/5 1138/566/5
f 1135/563/2 1131/563/2 1132/566/2
f 1132/566/2 1138/566/2 1135/563/2
f 1141/3/2 1140/6/2 1139/5/2
f 1139/5/2 1142/27/2 1141/3/2
f 1142/3/85 1139/6/85 1143/28/85
f 1143/28/85 1144/35/85 1142/3/85
f 1147/3/4 1146/6/4 1145/5/4
f 1145/5/4 1148/27/4 1147/3/4
f 1141/27/5 1150/29/5 1149/28/5
f 1149/28/5 1140/5/5 1141/27/5
f 1145/6/5 1149/28/5 1150/21/5
f 1150/21/5 1148/3/5 1145/6/5
f 1153/561/1 1152/562/1 1151/564/1
f 1151/564/1 1154/565/1 1153/561/1
f 1155/563/1 1153/561/1 1154/565/1
f 1154/565/1 1156/566/1 1155/563/1
f 1146/5/6 1143/20/6 1149/19/6
f 1149/19/6 1145/6/6 1146/5/6
f 1147/27/7 1144/30/7 1143/28/7
f 1143/28/7 1146/5/7 1147/27/7
f 1157/562/7 1152/562/7 1153/561/7
f 1153/561/7 1158/561/7 1157/562/7
f 1158/561/7 1153/561/7 1155/563/7
f 1155/563/7 1159/563/7 1158/561/7
f 1160/564/4 1151/564/4 1152/562/4
f 1152/562/4 1157/562/4 1160/564/4
f 1161/565/86 1154/565/86 1151/564/86
f 1151/564/86 1160/564/86 1161/565/86
f 1162/566/5 1156/566/5 1154/565/5
f 1154/565/5 1161/565/5 1162/566/5
f 1159/563/2 1155/563/2 1156/566/2
f 1156/566/2 1162/566/2 1159/563/2
f 1165/3/2 1164/6/2 1163/5/2
f 1163/5/2 1166/27/2 1165/3/2
f 1166/3/85 1163/6/85 1167/28/85
f 1167/28/85 1168/35/85 1166/3/85
f 1171/3/4 1170/6/4 1169/5/4
f 1169/5/4 1172/27/4 1171/3/4
f 1165/27/5 1174/29/5 1173/28/5
f 1173/28/5 1164/5/5 1165/27/5
f 1169/6/5 1173/28/5 1174/21/5
f 1174/21/5 1172/3/5 1169/6/5
f 1177/561/1 1176/562/1 1175/564/1
f 1175/564/1 1178/565/1 1177/561/1
f 1179/563/1 1177/561/1 1178/565/1
f 1178/565/1 1180/566/1 1179/563/1
f 1170/5/6 1167/20/6 1173/19/6
f 1173/19/6 1169/6/6 1170/5/6
f 1171/27/35 1182/27/35 1181/566/35
f 1181/566/35 1183/566/35 1171/27/35
f 1184/562/1 1165/6/1 1166/5/1
f 1166/5/1 1185/564/1 1184/562/1
f 1185/564/1 1166/5/1 1168/20/1
f 1168/20/1 1186/565/1 1185/564/1
f 1186/565/1 1168/20/1 1171/27/1
f 1171/27/1 1183/566/1 1186/565/1
f 1171/27/7 1168/30/7 1167/28/7
f 1167/28/7 1170/5/7 1171/27/7
f 1184/562/7 1176/562/7 1177/561/7
f 1177/561/7 1187/561/7 1184/562/7
f 1187/561/7 1177/561/7 1179/563/7
f 1179/563/7 1188/563/7 1187/561/7
f 1185/564/4 1175/564/4 1176/562/4
f 1176/562/4 1184/562/4 1185/564/4
f 1186/565/86 1178/565/86 1175/564/86
f 1175/564/86 1185/564/86 1186/565/86
f 1183/566/5 1180/566/5 1178/565/5
f 1178/565/5 1186/565/5 1183/566/5
f 1188/563/2 1179/563/2 1180/566/2
f 1180/566/2 1183/566/2 1188/563/2
f 14/14/3 60/29/3 59/15/3
f 59/15/3 13/13/3 14/14/3
f 13/13/3 59/15/3 1189/6/3
f 1189/6/3 12/12/3 13/13/3
f 12/12/3 1189/6/3 1190/28/3
f 1190/28/3 11/11/3 12/12/3
f 60/29/7 14/14/7 61/42/7
f 61/42/7 17/16/7 60/29/7
f 17/16/7 61/42/7 62/43/7
f 62/43/7 16/5/7 17/16/7
f 16/5/7 62/43/7 11/11/7
f 11/11/7 1190/28/7 16/5/7
f 1193/568/87 1192/6/87 1191/567/43
f 1191/567/43 1194/569/43 1193/568/87
f 1195/570/87 1193/568/87 1194/569/43
f 1194/569/43 1197/572/43 1195/570/87
f 1194/569/43 1191/567/43 1196/571/42
f 1196/571/42 1198/573/42 1194/569/43
f 1197/572/43 1194/569/43 1198/573/42
f 1198/573/42 1200/575/42 1197/572/43
f 1198/573/42 1196/571/42 1199/574/41
f 1199/574/41 1201/576/41 1198/573/42
f 1200/575/42 1198/573/42 1201/576/41
f 1201/576/41 1203/578/41 1200/575/42
f 1201/576/41 1199/574/41 1202/577/40
f 1202/577/40 1204/579/40 1201/576/41
f 1203/578/41 1201/576/41 1204/579/40
f 1204/579/40 1206/581/40 1203/578/41
f 1204/579/40 1202/577/40 1205/580/39
f 1205/580/39 1207/582/39 1204/579/40
f 1206/581/40 1204/579/40 1207/582/39
f 1207/582/39 1209/584/39 1206/581/40
f 1207/582/39 1205/580/39 1208/583/38
f 1208/583/38 1210/585/38 1207/582/39
f 1209/584/39 1207/582/39 1210/585/38
f 1210/585/38 1212/587/38 1209/584/39
f 1210/585/38 1208/583/38 1211/586/37
f 1211/586/37 1213/588/37 1210/585/38
f 1212/587/38 1210/585/38 1213/588/37
f 1213/588/37 1215/590/37 1212/587/38
f 1213/588/37 1211/586/37 1214/589/36
f 1214/589/36 1216/591/36 1213/588/37
f 1215/590/37 1213/588/37 1216/591/36
f 1216/591/36 1218/593/36 1215/590/37
f 1216/591/36 1214/589/36 1217/592/35
f 1217/592/35 1219/594/35 1216/591/36
f 1218/593/36 1216/591/36 1219/594/35
f 1219/594/35 1221/596/35 1218/593/36
f 1219/594/35 1217/592/35 1220/595/34
f 1220/595/34 1222/597/34 1219/594/35
f 1221/596/35 1219/594/35 1222/597/34
f 1222/597/34 1224/599/34 1221/596/35
f 1222/597/34 1220/595/34 1223/598/33
f 1223/598/33 1225/600/33 1222/597/34
f 1224/599/34 1222/597/34 1225/600/33
f 1225/600/33 1227/602/33 1224/599/34
f 1225/600/33 1223/598/33 1226/601/32
f 1226/601/32 1228/603/32 1225/600/33
f 1227/602/33 1225/600/33 1228/603/32
f 1228/603/32 1230/605/32 1227/602/33
f 1228/603/32 1226/601/32 1229/604/31
f 1229/604/31 1231/606/31 1228/603/32
f 1230/605/32 1228/603/32 1231/606/31
f 1231/606/31 1233/608/31 1230/605/32
f 1231/606/31 1229/604/31 1232/607/88
f 1232/607/88 1234/609/89 1231/606/31
f 1233/608/31 1231/606/31 1234/609/89
f 1234/609/89 1235/610/30 1233/608/31
f 1235/610/30 1234/609/89 1236/611/29
f 1236/611/29 1237/612/29 1235/610/30
f 1237/612/29 1236/611/29 1238/613/28
f 1238/613/28 1239/614/28 1237/612/29
f 1239/614/28 1238/613/28 1240/615/27
f 1240/615/27 1241/616/27 1239/614/28
f 1241/616/27 1240/615/27 1242/617/7
f 1242/617/7 1243/618/7 1241/616/27
f 1243/618/7 1242/617/7 1244/619/26
f 1244/619/26 1245/620/26 1243/618/7
f 1245/620/26 1244/619/26 1246/621/25
f 1246/621/25 1247/622/25 1245/620/26
f 1247/622/25 1246/621/25 1248/623/24
f 1248/623/24 1249/624/24 1247/622/25
f 1249/624/24 1248/623/24 1250/625/90
f 1250/625/90 1251/626/23 1249/624/24
f 1251/626/23 1250/625/90 1252/627/22
f 1252/627/22 1253/628/22 1251/626/23
f 1254/629/22 1252/627/22 1250/625/90
f 1250/625/90 1255/630/91 1254/629/22
f 1252/627/22 1254/629/22 1256/631/79
f 1256/631/79 1257/632/79 1252/627/22
f 1253/628/22 1252/627/22 1257/632/79
f 1257/632/79 1258/633/79 1253/628/22
f 1257/632/79 1256/631/79 1259/634/20
f 1259/634/20 1260/635/20 1257/632/79
f 1258/633/79 1257/632/79 1260/635/20
f 1260/635/20 1261/636/20 1258/633/79
f 1260/635/20 1259/634/20 1262/637/19
f 1262/637/19 1263/638/19 1260/635/20
f 1261/636/20 1260/635/20 1263/638/19
f 1263/638/19 1264/639/19 1261/636/20
f 1263/638/19 1262/637/19 1265/640/18
f 1265/640/18 1266/641/18 1263/638/19
f 1264/639/19 1263/638/19 1266/641/18
f 1266/641/18 1267/642/18 1264/639/19
f 1266/641/18 1265/640/18 1268/643/17
f 1268/643/17 1269/644/17 1266/641/18
f 1267/642/18 1266/641/18 1269/644/17
f 1269/644/17 1270/645/17 1267/642/18
f 1269/644/17 1268/643/17 1271/646/16
f 1271/646/16 1272/647/16 1269/644/17
f 1270/645/17 1269/644/17 1272/647/16
f 1272/647/16 1273/648/16 1270/645/17
f 1272/647/16 1271/646/16 1274/649/15
f 1274/649/15 1275/650/15 1272/647/16
f 1273/648/16 1272/647/16 1275/650/15
f 1275/650/15 1276/651/15 1273/648/16
f 1275/650/15 1274/649/15 1277/652/14
f 1277/652/14 1278/653/14 1275/650/15
f 1276/651/15 1275/650/15 1278/653/14
f 1278/653/14 1279/654/14 1276/651/15
f 1278/653/14 1277/652/14 1280/655/13
f 1280/655/13 1281/656/13 1278/653/14
f 1279/654/14 1278/653/14 1281/656/13
f 1281/656/13 1282/657/13 1279/654/14
f 1281/656/13 1280/655/13 1283/658/12
f 1283/658/12 1284/659/12 1281/656/13
f 1282/657/13 1281/656/13 1284/659/12
f 1284/659/12 1285/660/12 1282/657/13
f 1284/659/12 1283/658/12 1286/661/11
f 1286/661/11 1287/662/11 1284/659/12
f 1285/660/12 1284/659/12 1287/662/11
f 1287/662/11 1288/663/11 1285/660/12
f 1287/662/11 1286/661/11 1289/664/10
f 1289/664/10 1290/665/10 1287/662/11
f 1288/663/11 1287/662/11 1290/665/10
f 1290/665/10 1292/666/10 1288/663/11
f 1290/665/10 1289/664/10 1291/5/9
f 1291/5/9 1293/667/9 1290/665/10
f 1292/666/10 1290/665/10 1293/667/9
f 1293/667/9 1294/668/9 1292/666/10
f 1298/555/6 1296/31/6 1295/557/6
f 1295/557/6 1297/556/6 1298/555/6
f 1332/553/6 1296/31/6 1298/555/6
f 1298/555/6 1299/554/6 1332/553/6
f 1300/528/6 1301/529/6 1296/31/6
f 1296/31/6 1302/530/6 1300/528/6
f 1304/532/6 1303/531/6 1296/31/6
f 1296/31/6 1305/533/6 1304/532/6
f 1307/524/6 1306/525/6 1296/31/6
f 1296/31/6 1308/539/6 1307/524/6
f 1309/538/6 1308/539/6 1296/31/6
f 1296/31/6 1310/540/6 1309/538/6
f 1311/536/6 1310/540/6 1296/31/6
f 1296/31/6 1312/535/6 1311/536/6
f 1314/537/6 1313/534/6 1296/31/6
f 1296/31/6 1315/541/6 1314/537/6
f 1316/542/6 1315/541/6 1296/31/6
f 1296/31/6 1317/543/6 1316/542/6
f 1318/544/6 1317/543/6 1296/31/6
f 1296/31/6 1319/545/6 1318/544/6
f 1322/546/6 1321/547/6 1296/31/6
f 1296/31/6 1323/559/6 1322/546/6
f 1324/558/6 1323/559/6 1296/31/6
f 1296/31/6 1325/527/6 1324/558/6
f 1326/526/6 1325/527/6 1296/31/6
f 1296/31/6 1327/560/6 1326/526/6
f 1328/549/6 1327/560/6 1296/31/6
f 1296/31/6 1329/548/6 1328/549/6
f 1331/550/6 1330/551/6 1296/31/6
f 1296/31/6 1332/553/6 1331/550/6
f 1335/568/44 1334/6/44 1333/567/45
f 1333/567/45 1336/569/45 1335/568/44
f 1337/570/44 1335/568/44 1336/569/45
f 1336/569/45 1339/572/45 1337/570/44
f 1336/569/45 1333/567/45 1338/571/46
f 1338/571/46 1340/573/46 1336/569/45
f 1339/572/45 1336/569/45 1340/573/46
f 1340/573/46 1342/575/46 1339/572/45
f 1340/573/46 1338/571/46 1341/574/47
f 1341/574/47 1343/576/47 1340/573/46
f 1342/575/46 1340/573/46 1343/576/47
f 1343/576/47 1345/578/47 1342/575/46
f 1343/576/47 1341/574/47 1344/577/48
f 1344/577/48 1346/579/48 1343/576/47
f 1345/578/47 1343/576/47 1346/579/48
f 1346/579/48 1348/581/48 1345/578/47
f 1346/579/48 1344/577/48 1347/580/49
f 1347/580/49 1349/582/49 1346/579/48
f 1348/581/48 1346/579/48 1349/582/49
f 1349/582/49 1351/584/49 1348/581/48
f 1349/582/49 1347/580/49 1350/583/50
f 1350/583/50 1352/585/50 1349/582/49
f 1351/584/49 1349/582/49 1352/585/50
f 1352/585/50 1354/587/50 1351/584/49
f 1352/585/50 1350/583/50 1353/586/51
f 1353/586/51 1355/588/51 1352/585/50
f 1354/587/50 1352/585/50 1355/588/51
f 1355/588/51 1357/590/51 1354/587/50
f 1355/588/51 1353/586/51 1356/589/52
f 1356/589/52 1358/591/52 1355/588/51
f 1357/590/51 1355/588/51 1358/591/52
f 1358/591/52 1360/593/52 1357/590/51
f 1358/591/52 1356/589/52 1359/592/53
f 1359/592/53 1361/594/53 1358/591/52
f 1360/593/52 1358/591/52 1361/594/53
f 1361/594/53 1363/596/53 1360/593/52
f 1361/594/53 1359/592/53 1362/595/54
f 1362/595/54 1364/597/54 1361/594/53
f 1363/596/53 1361/594/53 1364/597/54
f 1364/597/54 1366/599/54 1363/596/53
f 1364/597/54 1362/595/54 1365/598/55
f 1365/598/55 1367/600/55 1364/597/54
f 1366/599/54 1364/597/54 1367/600/55
f 1367/600/55 1369/602/55 1366/599/54
f 1367/600/55 1365/598/55 1368/601/56
f 1368/601/56 1370/603/56 1367/600/55
f 1369/602/55 1367/600/55 1370/603/56
f 1370/603/56 1372/605/56 1369/602/55
f 1370/603/56 1368/601/56 1371/604/57
f 1371/604/57 1373/606/57 1370/603/56
f 1372/605/56 1370/603/56 1373/606/57
f 1373/606/57 1375/608/57 1372/605/56
f 1373/606/57 1371/604/57 1374/607/58
f 1374/607/58 1376/609/58 1373/606/57
f 1375/608/57 1373/606/57 1376/609/58
f 1376/609/58 1378/610/58 1375/608/57
f 1376/609/58 1374/607/58 1377/669/59
f 1377/669/59 1379/611/59 1376/609/58
f 1378/610/58 1376/609/58 1379/611/59
f 1379/611/59 1381/612/59 1378/610/58
f 1379/611/59 1377/669/59 1380/670/60
f 1380/670/60 1382/613/60 1379/611/59
f 1381/612/59 1379/611/59 1382/613/60
f 1382/613/60 1384/614/60 1381/612/59
f 1382/613/60 1380/670/60 1383/671/61
f 1383/671/61 1385/615/61 1382/613/60
f 1384/614/60 1382/613/60 1385/615/61
f 1385/615/61 1387/616/61 1384/614/60
f 1385/615/61 1383/671/61 1386/28/5
f 1386/28/5 1388/617/5 1385/615/61
f 1387/616/61 1385/615/61 1388/617/5
f 1388/617/5 1390/618/5 1387/616/61
f 1388/617/5 1386/28/5 1389/672/62
f 1389/672/62 1391/619/62 1388/617/5
f 1390/618/5 1388/617/5 1391/619/62
f 1391/619/62 1393/620/62 1390/618/5
f 1391/619/62 1389/672/62 1392/673/63
f 1392/673/63 1394/621/63 1391/619/62
f 1393/620/62 1391/619/62 1394/621/63
f 1394/621/63 1396/622/63 1393/620/62
f 1394/621/63 1392/673/63 1395/674/64
f 1395/674/64 1397/623/64 1394/621/63
f 1396/622/63 1394/621/63 1397/623/64
f 1397/623/64 1399/624/64 1396/622/63
f 1397/623/64 1395/674/64 1398/630/65
f 1398/630/65 1400/625/65 1397/623/64
f 1399/624/64 1397/623/64 1400/625/65
f 1400/625/65 1402/626/65 1399/624/64
f 1400/625/65 1398/630/65 1401/629/66
f 1401/629/66 1403/627/66 1400/625/65
f 1402/626/65 1400/625/65 1403/627/66
f 1403/627/66 1405/628/66 1402/626/65
f 1403/627/66 1401/629/66 1404/631/67
f 1404/631/67 1406/632/67 1403/627/66
f 1405/628/66 1403/627/66 1406/632/67
f 1406/632/67 1408/633/67 1405/628/66
f 1406/632/67 1404/631/67 1407/634/68
f 1407/634/68 1409/635/68 1406/632/67
f 1408/633/67 1406/632/67 1409/635/68
f 1409/635/68 1411/636/68 1408/633/67
f 1409/635/68 1407/634/68 1410/637/69
f 1410/637/69 1412/638/69 1409/635/68
f 1411/636/68 1409/635/68 1412/638/69
f 1412/638/69 1414/639/69 1411/636/68
f 1412/638/69 1410/637/69 1413/640/70
f 1413/640/70 1415/641/70 1412/638/69
f 1414/639/69 1412/638/69 1415/641/70
f 1415/641/70 1417/642/70 1414/639/69
f 1415/641/70 1413/640/70 1416/643/71
f 1416/643/71 1418/644/71 1415/641/70
f 1417/642/70 1415/641/70 1418/644/71
f 1418/644/71 1420/645/71 1417/642/70
f 1418/644/71 1416/643/71 1419/646/72
f 1419/646/72 1421/647/72 1418/644/71
f 1420/645/71 1418/644/71 1421/647/72
f 1421/647/72 1423/648/72 1420/645/71
f 1421/647/72 1419/646/72 1422/649/82
f 1422/649/82 1424/650/82 1421/647/72
f 1423/648/72 1421/647/72 1424/650/82
f 1424/650/82 1426/651/82 1423/648/72
f 1424/650/82 1422/649/82 1425/652/74
f 1425/652/74 1427/653/74 1424/650/82
f 1426/651/82 1424/650/82 1427/653/74
f 1427/653/74 1429/654/74 1426/651/82
f 1427/653/74 1425/652/74 1428/655/75
f 1428/655/75 1430/656/75 1427/653/74
f 1429/654/74 1427/653/74 1430/656/75
f 1430/656/75 1432/657/75 1429/654/74
f 1430/656/75 1428/655/75 1431/658/76
f 1431/658/76 1433/659/76 1430/656/75
f 1432/657/75 1430/656/75 1433/659/76
f 1433/659/76 1435/660/76 1432/657/75
f 1433/659/76 1431/658/76 1434/661/77
f 1434/661/77 1436/662/77 1433/659/76
f 1435/660/76 1433/659/76 1436/662/77
f 1436/662/77 1438/663/77 1435/660/76
f 1436/662/77 1434/661/77 1437/664/78
f 1437/664/78 1439/665/78 1436/662/77
f 1438/663/77 1436/662/77 1439/665/78
f 1439/665/78 1441/666/78 1438/663/77
f 1439/665/78 1437/664/78 1440/5/92
f 1440/5/92 1442/667/92 1439/665/78
f 1441/666/78 1439/665/78 1442/667/92
f 1442/667/92 1443/668/92 1441/666/78
f 1442/675/92 1440/5/92 1192/27/87
f 1192/27/87 1193/676/87 1442/675/92
f 1443/677/92 1442/675/92 1193/676/87
f 1193/676/87 1195/678/87 1443/677/92
f 1293/679/9 1291/3/9 1334/6/44
f 1334/6/44 1335/680/44 1293/679/9
f 1294/681/9 1293/679/9 1335/680/44
f 1335/680/44 1337/682/44 1294/681/9
f 999/683/6 966/3/6 1296/6/6
f 1296/6/6 1301/684/6 999/683/6
f 966/27/6 971/686/6 1295/685/6
f 1295/685/6 1296/5/6 966/27/6
f 1444/557/1 1446/20/1 1445/687/1
f 1445/687/1 1447/556/1 1444/557/1
f 1447/556/1 1445/687/1 1448/688/1
f 1448/688/1 1449/555/1 1447/556/1
f 1449/555/1 1448/688/1 1450/689/1
f 1450/689/1 1451/554/1 1449/555/1
f 1451/554/1 1450/689/1 1452/690/1
f 1452/690/1 1453/553/1 1451/554/1
f 1453/553/1 1452/690/1 1454/691/1
f 1454/691/1 1455/550/1 1453/553/1
f 1455/550/1 1454/691/1 1456/692/1
f 1456/692/1 1457/551/1 1455/550/1
f 1457/551/1 1456/692/1 1458/693/1
f 1458/693/1 1459/548/1 1457/551/1
f 1459/548/1 1458/693/1 1460/694/1
f 1460/694/1 1461/549/1 1459/548/1
f 1461/549/1 1460/694/1 1462/695/1
f 1462/695/1 1463/560/1 1461/549/1
f 1463/560/1 1462/695/1 1464/696/1
f 1464/696/1 1465/526/1 1463/560/1
f 1465/526/1 1464/696/1 1466/697/1
f 1466/697/1 1467/527/1 1465/526/1
f 1467/527/1 1466/697/1 1468/698/1
f 1468/698/1 1469/558/1 1467/527/1
f 1469/558/1 1468/698/1 1470/699/1
f 1470/699/1 1471/559/1 1469/558/1
f 1471/559/1 1470/699/1 1472/700/1
f 1472/700/1 1473/546/1 1471/559/1
f 1473/546/1 1472/700/1 1474/701/1
f 1474/701/1 1475/547/1 1473/546/1
f 1475/547/1 1474/701/1 1476/702/1
f 1476/702/1 1477/552/1 1475/547/1
f 1477/552/1 1476/702/1 1478/703/1
f 1478/703/1 1479/545/1 1477/552/1
f 1479/545/1 1478/703/1 1480/35/1
f 1480/35/1 1481/544/1 1479/545/1
f 1481/544/1 1480/35/1 1482/704/1
f 1482/704/1 1483/543/1 1481/544/1
f 1483/543/1 1482/704/1 1484/705/1
f 1484/705/1 1485/542/1 1483/543/1
f 1485/542/1 1484/705/1 1486/706/1
f 1486/706/1 1487/541/1 1485/542/1
f 1487/541/1 1486/706/1 1488/707/1
f 1488/707/1 1489/537/1 1487/541/1
f 1489/537/1 1488/707/1 1490/708/1
f 1490/708/1 1491/534/1 1489/537/1
f 1491/534/1 1490/708/1 1492/709/1
f 1492/709/1 1493/535/1 1491/534/1
f 1495/710/1 1494/536/1 1493/535/1
f 1493/535/1 1492/709/1 1495/710/1
f 1494/536/1 1495/710/1 1496/711/1
f 1496/711/1 1497/540/1 1494/536/1
f 1497/540/1 1496/711/1 1498/712/1
f 1498/712/1 1499/538/1 1497/540/1
f 1499/538/1 1498/712/1 1500/713/1
f 1500/713/1 1501/539/1 1499/538/1
f 1501/539/1 1500/713/1 1502/714/1
f 1502/714/1 1503/524/1 1501/539/1
f 1503/524/1 1502/714/1 1504/715/1
f 1504/715/1 1505/525/1 1503/524/1
f 1505/525/1 1504/715/1 1506/716/1
f 1506/716/1 1507/533/1 1505/525/1
f 1507/533/1 1506/716/1 1508/717/1
f 1508/717/1 1509/532/1 1507/533/1
f 1509/532/1 1508/717/1 1510/718/1
f 1510/718/1 1511/531/1 1509/532/1
f 1511/531/1 1510/718/1 1512/719/1
f 1512/719/1 1513/530/1 1511/531/1
f 1513/530/1 1512/719/1 1514/720/1
f 1514/720/1 1515/528/1 1513/530/1
f 1515/528/1 1514/720/1 1516/19/1
f 1516/19/1 1517/529/1 1515/528/1
f 1520/19/1 1519/529/1 1518/528/1
f 1518/528/1 1521/720/1 1520/19/1
f 1521/720/1 1518/528/1 1522/530/1
f 1522/530/1 1523/719/1 1521/720/1
f 1523/719/1 1522/530/1 1524/531/1
f 1524/531/1 1525/718/1 1523/719/1
f 1525/718/1 1524/531/1 1526/532/1
f 1526/532/1 1527/717/1 1525/718/1
f 1527/717/1 1526/532/1 1528/533/1
f 1528/533/1 1529/716/1 1527/717/1
f 1529/716/1 1528/533/1 1530/525/1
f 1530/525/1 1531/715/1 1529/716/1
f 1531/715/1 1530/525/1 1532/524/1
f 1532/524/1 1533/714/1 1531/715/1
f 1533/714/1 1532/524/1 1534/539/1
f 1534/539/1 1535/713/1 1533/714/1
f 1535/713/1 1534/539/1 1536/538/1
f 1536/538/1 1537/712/1 1535/713/1
f 1537/712/1 1536/538/1 1538/540/1
f 1538/540/1 1539/711/1 1537/712/1
f 1539/711/1 1538/540/1 1540/536/1
f 1540/536/1 1541/710/1 1539/711/1
f 1542/557/1 1544/20/1 1543/687/1
f 1543/687/1 1545/556/1 1542/557/1
f 1545/556/1 1543/687/1 1546/688/1
f 1546/688/1 1547/555/1 1545/556/1
f 1547/555/1 1546/688/1 1548/689/1
f 1548/689/1 1549/554/1 1547/555/1
f 1549/554/1 1548/689/1 1550/690/1
f 1550/690/1 1551/553/1 1549/554/1
f 1551/553/1 1550/690/1 1552/691/1
f 1552/691/1 1553/550/1 1551/553/1
f 1553/550/1 1552/691/1 1554/692/1
f 1554/692/1 1555/551/1 1553/550/1
f 1555/551/1 1554/692/1 1556/693/1
f 1556/693/1 1557/548/1 1555/551/1
f 1557/548/1 1556/693/1 1558/694/1
f 1558/694/1 1559/549/1 1557/548/1
f 1559/549/1 1558/694/1 1560/695/1
f 1560/695/1 1561/560/1 1559/549/1
f 1561/560/1 1560/695/1 1562/696/1
f 1562/696/1 1563/526/1 1561/560/1
f 1565/697/1 1564/527/1 1563/526/1
f 1563/526/1 1562/696/1 1565/697/1
f 1564/527/1 1565/697/1 1566/698/1
f 1566/698/1 1567/558/1 1564/527/1
f 1567/558/1 1566/698/1 1568/699/1
f 1568/699/1 1569/559/1 1567/558/1
f 1569/559/1 1568/699/1 1570/700/1
f 1570/700/1 1571/546/1 1569/559/1
f 1571/546/1 1570/700/1 1572/701/1
f 1572/701/1 1573/547/1 1571/546/1
f 1573/547/1 1572/701/1 1574/702/1
f 1574/702/1 1575/552/1 1573/547/1
f 1575/552/1 1574/702/1 1576/703/1
f 1576/703/1 1577/545/1 1575/552/1
f 1577/545/1 1576/703/1 1578/35/1
f 1578/35/1 1579/544/1 1577/545/1
f 1579/544/1 1578/35/1 1580/704/1
f 1580/704/1 1581/543/1 1579/544/1
f 1581/543/1 1580/704/1 1582/705/1
f 1582/705/1 1583/542/1 1581/543/1
f 1583/542/1 1582/705/1 1584/706/1
f 1584/706/1 1585/541/1 1583/542/1
f 1585/541/1 1584/706/1 1586/707/1
f 1586/707/1 1587/537/1 1585/541/1
f 1587/537/1 1586/707/1 1588/708/1
f 1588/708/1 1589/534/1 1587/537/1
f 1589/534/1 1588/708/1 1590/709/1
f 1590/709/1 1591/535/1 1589/534/1
f 1541/710/1 1540/536/1 1591/535/1
f 1591/535/1 1590/709/1 1541/710/1
f 1446/27/1 1444/683/1 1519/684/1
f 1519/684/1 1520/5/1 1446/27/1
f 1544/6/1 1542/685/1 1517/686/1
f 1517/686/1 1516/3/1 1544/6/1
f 1592/557/44 1444/557/44 1447/556/45
f 1447/556/45 1593/556/45 1592/557/44
f 1593/556/45 1447/556/45 1449/555/46
f 1449/555/46 1594/555/46 1593/556/45
f 1594/555/46 1449/555/46 1451/554/47
f 1451/554/47 1595/554/47 1594/555/46
f 1595/554/47 1451/554/47 1453/553/48
f 1453/553/48 1596/553/48 1595/554/47
f 1596/553/48 1453/553/48 1455/550/49
f 1455/550/49 1597/550/49 1596/553/48
f 1597/550/49 1455/550/49 1457/551/80
f 1457/551/80 1598/551/80 1597/550/49
f 1598/551/80 1457/551/80 1459/548/51
f 1459/548/51 1599/548/51 1598/551/80
f 1599/548/51 1459/548/51 1461/549/52
f 1461/549/52 1600/549/52 1599/548/51
f 1600/549/52 1461/549/52 1463/560/53
f 1463/560/53 1601/560/53 1600/549/52
f 1601/560/53 1463/560/53 1465/526/54
f 1465/526/54 1602/526/54 1601/560/53
f 1602/526/54 1465/526/54 1467/527/55
f 1467/527/55 1603/527/55 1602/526/54
f 1603/527/55 1467/527/55 1469/558/56
f 1469/558/56 1604/558/56 1603/527/55
f 1604/558/56 1469/558/56 1471/559/57
f 1471/559/57 1605/559/57 1604/558/56
f 1605/559/57 1471/559/57 1473/546/58
f 1473/546/58 1606/546/58 1605/559/57
f 1606/546/58 1473/546/58 1475/547/59
f 1475/547/59 1607/547/59 1606/546/58
f 1607/547/59 1475/547/59 1477/552/60
f 1477/552/60 1608/552/60 1607/547/59
f 1608/552/60 1477/552/60 1479/545/61
f 1479/545/61 1609/545/61 1608/552/60
f 1609/545/61 1479/545/61 1481/544/5
f 1481/544/5 1610/544/5 1609/545/61
f 1610/544/5 1481/544/5 1483/543/62
f 1483/543/62 1611/543/62 1610/544/5
f 1611/543/62 1483/543/62 1485/542/63
f 1485/542/63 1612/542/63 1611/543/62
f 1612/542/63 1485/542/63 1487/541/64
f 1487/541/64 1613/541/64 1612/542/63
f 1613/541/64 1487/541/64 1489/537/65
f 1489/537/65 1614/537/65 1613/541/64
f 1614/537/65 1489/537/65 1491/534/66
f 1491/534/66 1615/534/66 1614/537/65
f 1615/534/66 1491/534/66 1493/535/67
f 1493/535/67 1616/535/67 1615/534/66
f 1616/535/67 1493/535/67 1494/536/68
f 1494/536/68 1617/536/68 1616/535/67
f 1617/536/68 1494/536/68 1497/540/69
f 1497/540/69 1618/540/69 1617/536/68
f 1618/540/69 1497/540/69 1499/538/70
f 1499/538/70 1619/538/70 1618/540/69
f 1619/538/70 1499/538/70 1501/539/71
f 1501/539/71 1620/539/71 1619/538/70
f 1620/539/71 1501/539/71 1503/524/72
f 1503/524/72 1621/524/72 1620/539/71
f 1621/524/72 1503/524/72 1505/525/82
f 1505/525/82 1622/525/82 1621/524/72
f 1622/525/82 1505/525/82 1507/533/74
f 1507/533/74 1623/533/74 1622/525/82
f 1623/533/74 1507/533/74 1509/532/75
f 1509/532/75 1624/532/75 1623/533/74
f 1624/532/75 1509/532/75 1511/531/76
f 1511/531/76 1625/531/76 1624/532/75
f 1625/531/76 1511/531/76 1513/530/77
f 1513/530/77 1626/530/77 1625/531/76
f 1626/530/77 1513/530/77 1515/528/78
f 1515/528/78 1627/528/78 1626/530/77
f 1627/528/78 1515/528/78 1517/529/92
f 1517/529/92 1628/529/92 1627/528/78
f 1519/529/9 1630/529/9 1629/528/10
f 1629/528/10 1518/528/10 1519/529/9
f 1518/528/10 1629/528/10 1631/530/11
f 1631/530/11 1522/530/11 1518/528/10
f 1522/530/11 1631/530/11 1632/531/12
f 1632/531/12 1524/531/12 1522/530/11
f 1524/531/12 1632/531/12 1633/532/13
f 1633/532/13 1526/532/13 1524/531/12
f 1526/532/13 1633/532/13 1634/533/14
f 1634/533/14 1528/533/14 1526/532/13
f 1528/533/14 1634/533/14 1635/525/15
f 1635/525/15 1530/525/15 1528/533/14
f 1530/525/15 1635/525/15 1636/524/16
f 1636/524/16 1532/524/16 1530/525/15
f 1532/524/16 1636/524/16 1637/539/17
f 1637/539/17 1534/539/17 1532/524/16
f 1534/539/17 1637/539/17 1638/538/18
f 1638/538/18 1536/538/18 1534/539/17
f 1536/538/18 1638/538/18 1639/540/19
f 1639/540/19 1538/540/19 1536/538/18
f 1538/540/19 1639/540/19 1640/536/20
f 1640/536/20 1540/536/20 1538/540/19
f 1540/536/20 1640/536/20 1641/535/21
f 1641/535/21 1591/535/21 1540/536/20
f 1591/535/21 1641/535/21 1642/534/22
f 1642/534/22 1589/534/22 1591/535/21
f 1589/534/22 1642/534/22 1643/537/23
f 1643/537/23 1587/537/23 1589/534/22
f 1587/537/23 1643/537/23 1644/541/24
f 1644/541/24 1585/541/24 1587/537/23
f 1585/541/24 1644/541/24 1645/542/25
f 1645/542/25 1583/542/25 1585/541/24
f 1583/542/25 1645/542/25 1646/543/26
f 1646/543/26 1581/543/26 1583/542/25
f 1581/543/26 1646/543/26 1647/544/7
f 1647/544/7 1579/544/7 1581/543/26
f 1579/544/7 1647/544/7 1648/545/27
f 1648/545/27 1577/545/27 1579/544/7
f 1577/545/27 1648/545/27 1649/552/28
f 1649/552/28 1575/552/28 1577/545/27
f 1575/552/28 1649/552/28 1650/547/29
f 1650/547/29 1573/547/29 1575/552/28
f 1573/547/29 1650/547/29 1651/546/30
f 1651/546/30 1571/546/30 1573/547/29
f 1571/546/30 1651/546/30 1652/559/31
f 1652/559/31 1569/559/31 1571/546/30
f 1569/559/31 1652/559/31 1653/558/32
f 1653/558/32 1567/558/32 1569/559/31
f 1567/558/32 1653/558/32 1654/527/33
f 1654/527/33 1564/527/33 1567/558/32
f 1564/527/33 1654/527/33 1655/526/34
f 1655/526/34 1563/526/34 1564/527/33
f 1563/526/34 1655/526/34 1656/560/35
f 1656/560/35 1561/560/35 1563/526/34
f 1561/560/35 1656/560/35 1657/549/36
f 1657/549/36 1559/549/36 1561/560/35
f 1559/549/36 1657/549/36 1658/548/37
f 1658/548/37 1557/548/37 1559/549/36
f 1557/548/37 1658/548/37 1659/551/38
f 1659/551/38 1555/551/38 1557/548/37
f 1555/551/38 1659/551/38 1660/550/39
f 1660/550/39 1553/550/39 1555/551/38
f 1553/550/39 1660/550/39 1661/553/40
f 1661/553/40 1551/553/40 1553/550/39
f 1551/553/40 1661/553/40 1662/554/41
f 1662/554/41 1549/554/41 1551/553/40
f 1549/554/41 1662/554/41 1663/555/42
f 1663/555/42 1547/555/42 1549/554/41
f 1547/555/42 1663/555/42 1664/556/43
f 1664/556/43 1545/556/43 1547/555/42
f 1545/556/43 1664/556/43 1665/557/87
f 1665/557/87 1542/557/87 1545/556/43
f 1444/683/44 1592/683/44 1630/684/9
f 1630/684/9 1519/684/9 1444/683/44
f 1542/685/87 1665/685/87 1628/686/92
f 1628/686/92 1517/686/92 1542/685/87
f 212/45/78 211/47/78 1666/721/84
f 1666/721/84 1667/722/84 212/45/78
f 1669/724/83 1668/723/83 140/115/43
f 140/115/43 139/114/43 1669/724/83
f 356/123/78 355/125/78 1670/725/84
f 1670/725/84 1671/726/84 356/123/78
f 1673/728/83 1672/727/83 284/193/43
f 284/193/43 283/192/43 1673/728/83
f 500/201/78 499/203/78 1674/729/84
f 1674/729/84 1675/730/84 500/201/78
f 1677/732/83 1676/731/83 428/271/43
f 428/271/43 427/270/43 1677/732/83
f 644/279/78 643/281/78 1678/733/84
f 1678/733/84 1679/734/84 644/279/78
f 1681/736/83 1680/735/83 572/349/43
f 572/349/43 571/348/43 1681/736/83
f 788/357/78 787/359/78 1682/737/84
f 1682/737/84 1683/738/84 788/357/78
f 1685/740/83 1684/739/83 716/427/43
f 716/427/43 715/426/43 1685/740/83
f 1686/741/44 1544/5/44 1516/27/9
f 1516/27/9 1687/742/9 1686/741/44
f 1688/431/44 1686/741/44 1687/742/9
f 1687/742/9 1689/430/9 1688/431/44
f 1687/743/9 1516/27/9 1514/744/10
f 1514/744/10 1690/745/10 1687/743/9
f 1689/358/9 1687/743/9 1690/745/10
f 1690/745/10 1691/357/10 1689/358/9
f 1690/745/10 1514/744/10 1512/746/11
f 1512/746/11 1692/747/11 1690/745/10
f 1691/357/10 1690/745/10 1692/747/11
f 1692/747/11 1693/360/11 1691/357/10
f 1692/747/11 1512/746/11 1510/748/12
f 1510/748/12 1694/749/12 1692/747/11
f 1693/360/11 1692/747/11 1694/749/12
f 1694/749/12 1695/362/12 1693/360/11
f 1694/749/12 1510/748/12 1508/750/13
f 1508/750/13 1696/751/13 1694/749/12
f 1695/362/12 1694/749/12 1696/751/13
f 1696/751/13 1697/364/13 1695/362/12
f 1696/751/13 1508/750/13 1506/752/14
f 1506/752/14 1698/753/14 1696/751/13
f 1697/364/13 1696/751/13 1698/753/14
f 1698/753/14 1699/366/14 1697/364/13
f 1698/753/14 1506/752/14 1504/754/15
f 1504/754/15 1700/755/15 1698/753/14
f 1699/366/14 1698/753/14 1700/755/15
f 1700/755/15 1701/368/15 1699/366/14
f 1700/755/15 1504/754/15 1502/756/16
f 1502/756/16 1702/757/16 1700/755/15
f 1701/368/15 1700/755/15 1702/757/16
f 1702/757/16 1703/370/16 1701/368/15
f 1702/757/16 1502/756/16 1500/758/17
f 1500/758/17 1704/759/17 1702/757/16
f 1703/370/16 1702/757/16 1704/759/17
f 1704/759/17 1705/372/17 1703/370/16
f 1704/759/17 1500/758/17 1498/760/18
f 1498/760/18 1706/761/18 1704/759/17
f 1705/372/17 1704/759/17 1706/761/18
f 1706/761/18 1707/374/18 1705/372/17
f 1706/761/18 1498/760/18 1496/762/19
f 1496/762/19 1708/763/19 1706/761/18
f 1707/374/18 1706/761/18 1708/763/19
f 1708/763/19 1709/376/19 1707/374/18
f 1708/763/19 1496/762/19 1495/764/20
f 1495/764/20 1710/765/20 1708/763/19
f 1709/376/19 1708/763/19 1710/765/20
f 1710/765/20 1711/378/20 1709/376/19
f 1710/765/20 1495/764/20 1492/766/79
f 1492/766/79 1712/767/79 1710/765/20
f 1711/378/20 1710/765/20 1712/767/79
f 1712/767/79 1713/380/79 1711/378/20
f 1712/767/79 1492/766/79 1490/768/22
f 1490/768/22 1714/769/22 1712/767/79
f 1713/380/79 1712/767/79 1714/769/22
f 1714/769/22 1715/382/22 1713/380/79
f 1714/769/22 1490/768/22 1488/770/23
f 1488/770/23 1716/771/23 1714/769/22
f 1715/382/22 1714/769/22 1716/771/23
f 1716/771/23 1717/384/23 1715/382/22
f 1716/771/23 1488/770/23 1486/772/24
f 1486/772/24 1718/773/24 1716/771/23
f 1717/384/23 1716/771/23 1718/773/24
f 1718/773/24 1719/386/24 1717/384/23
f 1718/773/24 1486/772/24 1484/774/25
f 1484/774/25 1720/775/25 1718/773/24
f 1719/386/24 1718/773/24 1720/775/25
f 1720/775/25 1721/388/25 1719/386/24
f 1720/775/25 1484/774/25 1482/776/26
f 1482/776/26 1722/777/26 1720/775/25
f 1721/388/25 1720/775/25 1722/777/26
f 1722/777/26 1723/390/26 1721/388/25
f 1722/777/26 1482/776/26 1480/35/7
f 1480/35/7 1724/778/7 1722/777/26
f 1723/390/26 1722/777/26 1724/778/7
f 1724/778/7 1725/392/7 1723/390/26
f 1724/778/7 1480/35/7 1478/779/27
f 1478/779/27 1726/780/27 1724/778/7
f 1725/392/7 1724/778/7 1726/780/27
f 1726/780/27 1727/394/27 1725/392/7
f 1726/780/27 1478/779/27 1476/781/28
f 1476/781/28 1728/782/28 1726/780/27
f 1727/394/27 1726/780/27 1728/782/28
f 1728/782/28 1729/396/28 1727/394/27
f 1728/782/28 1476/781/28 1474/783/29
f 1474/783/29 1730/784/29 1728/782/28
f 1729/396/28 1728/782/28 1730/784/29
f 1730/784/29 1731/398/29 1729/396/28
f 1730/784/29 1474/783/29 1472/785/30
f 1472/785/30 1732/786/30 1730/784/29
f 1731/398/29 1730/784/29 1732/786/30
f 1732/786/30 1733/400/30 1731/398/29
f 1732/786/30 1472/785/30 1470/787/31
f 1470/787/31 1734/788/31 1732/786/30
f 1733/400/30 1732/786/30 1734/788/31
f 1734/788/31 1735/402/31 1733/400/30
f 1734/788/31 1470/787/31 1468/789/32
f 1468/789/32 1736/790/32 1734/788/31
f 1735/402/31 1734/788/31 1736/790/32
f 1736/790/32 1737/404/32 1735/402/31
f 1736/790/32 1468/789/32 1466/791/33
f 1466/791/33 1738/792/33 1736/790/32
f 1737/404/32 1736/790/32 1738/792/33
f 1738/792/33 1739/406/33 1737/404/32
f 1738/792/33 1466/791/33 1464/793/34
f 1464/793/34 1740/794/34 1738/792/33
f 1739/406/33 1738/792/33 1740/794/34
f 1740/794/34 1741/408/34 1739/406/33
f 1740/794/34 1464/793/34 1462/795/35
f 1462/795/35 1742/796/35 1740/794/34
f 1741/408/34 1740/794/34 1742/796/35
f 1742/796/35 1743/410/35 1741/408/34
f 1742/796/35 1462/795/35 1460/797/36
f 1460/797/36 1744/798/36 1742/796/35
f 1743/410/35 1742/796/35 1744/798/36
f 1744/798/36 1745/412/36 1743/410/35
f 1744/798/36 1460/797/36 1458/799/37
f 1458/799/37 1746/800/37 1744/798/36
f 1745/412/36 1744/798/36 1746/800/37
f 1746/800/37 1747/414/37 1745/412/36
f 1746/800/37 1458/799/37 1456/801/38
f 1456/801/38 1748/802/38 1746/800/37
f 1747/414/37 1746/800/37 1748/802/38
f 1748/802/38 1749/416/38 1747/414/37
f 1748/802/38 1456/801/38 1454/803/39
f 1454/803/39 1750/804/39 1748/802/38
f 1749/416/38 1748/802/38 1750/804/39
f 1750/804/39 1751/418/39 1749/416/38
f 1750/804/39 1454/803/39 1452/805/40
f 1452/805/40 1752/806/40 1750/804/39
f 1751/418/39 1750/804/39 1752/806/40
f 1752/806/40 1753/420/40 1751/418/39
f 1752/806/40 1452/805/40 1450/807/41
f 1450/807/41 1754/808/41 1752/806/40
f 1753/420/40 1752/806/40 1754/808/41
f 1754/808/41 1755/422/41 1753/420/40
f 1754/808/41 1450/807/41 1448/809/42
f 1448/809/42 1756/810/42 1754/808/41
f 1755/422/41 1754/808/41 1756/810/42
f 1756/810/42 1757/424/42 1755/422/41
f 1756/810/42 1448/809/42 1445/811/43
f 1445/811/43 1758/812/43 1756/810/42
f 1757/424/42 1756/810/42 1758/812/43
f 1758/812/43 1759/426/43 1757/424/42
f 1758/812/43 1445/811/43 1446/3/87
f 1446/3/87 1760/813/93 1758/812/43
f 1759/426/43 1758/812/43 1760/813/93
f 1760/813/93 1761/740/83 1759/426/43
f 1763/739/83 1762/814/93 1764/815/43
f 1764/815/43 1765/427/43 1763/739/83
f 1765/427/43 1764/815/43 1766/816/42
f 1766/816/42 1767/425/42 1765/427/43
f 1767/425/42 1766/816/42 1768/817/41
f 1768/817/41 1769/423/41 1767/425/42
f 1769/423/41 1768/817/41 1770/818/40
f 1770/818/40 1771/421/40 1769/423/41
f 1771/421/40 1770/818/40 1772/819/39
f 1772/819/39 1773/419/39 1771/421/40
f 1773/419/39 1772/819/39 1774/820/38
f 1774/820/38 1775/417/38 1773/419/39
f 1775/417/38 1774/820/38 1776/821/37
f 1776/821/37 1777/415/37 1775/417/38
f 1777/415/37 1776/821/37 1778/822/36
f 1778/822/36 1779/413/36 1777/415/37
f 1779/413/36 1778/822/36 1780/823/35
f 1780/823/35 1781/411/35 1779/413/36
f 1781/411/35 1780/823/35 1782/824/34
f 1782/824/34 1783/409/34 1781/411/35
f 1783/409/34 1782/824/34 1784/825/33
f 1784/825/33 1785/407/33 1783/409/34
f 1785/407/33 1784/825/33 1786/826/32
f 1786/826/32 1787/405/32 1785/407/33
f 1787/405/32 1786/826/32 1788/827/31
f 1788/827/31 1789/403/31 1787/405/32
f 1789/403/31 1788/827/31 1790/828/30
f 1790/828/30 1791/401/30 1789/403/31
f 1791/401/30 1790/828/30 1792/829/29
f 1792/829/29 1793/399/29 1791/401/30
f 1793/399/29 1792/829/29 1794/830/28
f 1794/830/28 1795/397/28 1793/399/29
f 1795/397/28 1794/830/28 1796/831/27
f 1796/831/27 1797/395/27 1795/397/28
f 1797/395/27 1796/831/27 1798/832/7
f 1798/832/7 1799/393/7 1797/395/27
f 1799/393/7 1798/832/7 1800/833/26
f 1800/833/26 1801/391/26 1799/393/7
f 1801/391/26 1800/833/26 1802/834/25
f 1802/834/25 1803/389/25 1801/391/26
f 1803/389/25 1802/834/25 1804/835/24
f 1804/835/24 1805/387/24 1803/389/25
f 1805/387/24 1804/835/24 1806/836/23
f 1806/836/23 1807/385/23 1805/387/24
f 1807/385/23 1806/836/23 1808/837/22
f 1808/837/22 1809/383/22 1807/385/23
f 1809/383/22 1808/837/22 1810/838/79
f 1810/838/79 1811/381/79 1809/383/22
f 1811/381/79 1810/838/79 1812/839/20
f 1812/839/20 1813/379/20 1811/381/79
f 1813/379/20 1812/839/20 1814/840/19
f 1814/840/19 1815/377/19 1813/379/20
f 1815/377/19 1814/840/19 1816/841/18
f 1816/841/18 1817/375/18 1815/377/19
f 1817/375/18 1816/841/18 1818/842/17
f 1818/842/17 1819/373/17 1817/375/18
f 1819/373/17 1818/842/17 1820/843/16
f 1820/843/16 1821/371/16 1819/373/17
f 1821/371/16 1820/843/16 1822/844/15
f 1822/844/15 1823/369/15 1821/371/16
f 1823/369/15 1822/844/15 1824/845/14
f 1824/845/14 1825/367/14 1823/369/15
f 1825/367/14 1824/845/14 1826/846/13
f 1826/846/13 1827/365/13 1825/367/14
f 1827/365/13 1826/846/13 1828/847/12
f 1828/847/12 1829/363/12 1827/365/13
f 1829/363/12 1828/847/12 1830/848/11
f 1830/848/11 1831/361/11 1829/363/12
f 1831/361/11 1830/848/11 1832/849/10
f 1832/849/10 1833/359/10 1831/361/11
f 1833/359/10 1832/849/10 1834/850/9
f 1834/850/9 1835/356/9 1833/359/10
f 1836/280/9 1834/850/9 1832/849/10
f 1832/849/10 1837/279/10 1836/280/9
f 1837/279/10 1832/849/10 1830/848/11
f 1830/848/11 1838/282/11 1837/279/10
f 1838/282/11 1830/848/11 1828/847/12
f 1828/847/12 1839/284/12 1838/282/11
f 1839/284/12 1828/847/12 1826/846/13
f 1826/846/13 1840/286/13 1839/284/12
f 1840/286/13 1826/846/13 1824/845/14
f 1824/845/14 1841/288/14 1840/286/13
f 1841/288/14 1824/845/14 1822/844/15
f 1822/844/15 1842/290/15 1841/288/14
f 1842/290/15 1822/844/15 1820/843/16
f 1820/843/16 1843/292/16 1842/290/15
f 1843/292/16 1820/843/16 1818/842/17
f 1818/842/17 1844/294/17 1843/292/16
f 1844/294/17 1818/842/17 1816/841/18
f 1816/841/18 1845/296/18 1844/294/17
f 1845/296/18 1816/841/18 1814/840/19
f 1814/840/19 1846/298/19 1845/296/18
f 1846/298/19 1814/840/19 1812/839/20
f 1812/839/20 1847/300/20 1846/298/19
f 1847/300/20 1812/839/20 1810/838/79
f 1810/838/79 1848/302/79 1847/300/20
f 1848/302/79 1810/838/79 1808/837/22
f 1808/837/22 1849/304/22 1848/302/79
f 1849/304/22 1808/837/22 1806/836/23
f 1806/836/23 1850/306/23 1849/304/22
f 1850/306/23 1806/836/23 1804/835/24
f 1804/835/24 1851/308/24 1850/306/23
f 1851/308/24 1804/835/24 1802/834/25
f 1802/834/25 1852/310/25 1851/308/24
f 1852/310/25 1802/834/25 1800/833/26
f 1800/833/26 1853/312/26 1852/310/25
f 1853/312/26 1800/833/26 1798/832/7
f 1798/832/7 1854/314/7 1853/312/26
f 1854/314/7 1798/832/7 1796/831/27
f 1796/831/27 1855/316/27 1854/314/7
f 1855/316/27 1796/831/27 1794/830/28
f 1794/830/28 1856/318/28 1855/316/27
f 1856/318/28 1794/830/28 1792/829/29
f 1792/829/29 1857/320/29 1856/318/28
f 1857/320/29 1792/829/29 1790/828/30
f 1790/828/30 1858/322/30 1857/320/29
f 1858/322/30 1790/828/30 1788/827/31
f 1788/827/31 1859/324/31 1858/322/30
f 1859/324/31 1788/827/31 1786/826/32
f 1786/826/32 1860/326/32 1859/324/31
f 1860/326/32 1786/826/32 1784/825/33
f 1784/825/33 1861/328/33 1860/326/32
f 1861/328/33 1784/825/33 1782/824/34
f 1782/824/34 1862/330/34 1861/328/33
f 1862/330/34 1782/824/34 1780/823/35
f 1780/823/35 1863/332/35 1862/330/34
f 1863/332/35 1780/823/35 1778/822/36
f 1778/822/36 1864/334/36 1863/332/35
f 1864/334/36 1778/822/36 1776/821/37
f 1776/821/37 1865/336/37 1864/334/36
f 1865/336/37 1776/821/37 1774/820/38
f 1774/820/38 1866/338/38 1865/336/37
f 1866/338/38 1774/820/38 1772/819/39
f 1772/819/39 1867/340/39 1866/338/38
f 1867/340/39 1772/819/39 1770/818/40
f 1770/818/40 1868/342/40 1867/340/39
f 1868/342/40 1770/818/40 1768/817/41
f 1768/817/41 1869/344/41 1868/342/40
f 1869/344/41 1768/817/41 1766/816/42
f 1766/816/42 1870/346/42 1869/344/41
f 1870/346/42 1766/816/42 1764/815/43
f 1764/815/43 1871/348/43 1870/346/42
f 1871/348/43 1764/815/43 1762/814/93
f 1762/814/93 1872/736/83 1871/348/43
f 1874/735/83 1873/851/93 1875/852/43
f 1875/852/43 1876/349/43 1874/735/83
f 1876/349/43 1875/852/43 1877/853/42
f 1877/853/42 1878/347/42 1876/349/43
f 1878/347/42 1877/853/42 1879/854/41
f 1879/854/41 1880/345/41 1878/347/42
f 1880/345/41 1879/854/41 1881/855/40
f 1881/855/40 1882/343/40 1880/345/41
f 1882/343/40 1881/855/40 1883/856/39
f 1883/856/39 1884/341/39 1882/343/40
f 1884/341/39 1883/856/39 1885/857/38
f 1885/857/38 1886/339/38 1884/341/39
f 1886/339/38 1885/857/38 1887/858/37
f 1887/858/37 1888/337/37 1886/339/38
f 1888/337/37 1887/858/37 1889/859/36
f 1889/859/36 1890/335/36 1888/337/37
f 1890/335/36 1889/859/36 1891/860/35
f 1891/860/35 1892/333/35 1890/335/36
f 1892/333/35 1891/860/35 1893/861/34
f 1893/861/34 1894/331/34 1892/333/35
f 1894/331/34 1893/861/34 1895/862/33
f 1895/862/33 1896/329/33 1894/331/34
f 1896/329/33 1895/862/33 1897/863/32
f 1897/863/32 1898/327/32 1896/329/33
f 1898/327/32 1897/863/32 1899/864/31
f 1899/864/31 1900/325/31 1898/327/32
f 1900/325/31 1899/864/31 1901/865/30
f 1901/865/30 1902/323/30 1900/325/31
f 1902/323/30 1901/865/30 1903/866/29
f 1903/866/29 1904/321/29 1902/323/30
f 1904/321/29 1903/866/29 1905/867/28
f 1905/867/28 1906/319/28 1904/321/29
f 1906/319/28 1905/867/28 1907/868/27
f 1907/868/27 1908/317/27 1906/319/28
f 1908/317/27 1907/868/27 1909/869/7
f 1909/869/7 1910/315/7 1908/317/27
f 1910/315/7 1909/869/7 1911/870/26
f 1911/870/26 1912/313/26 1910/315/7
f 1912/313/26 1911/870/26 1913/871/25
f 1913/871/25 1914/311/25 1912/313/26
f 1914/311/25 1913/871/25 1915/872/24
f 1915/872/24 1916/309/24 1914/311/25
f 1916/309/24 1915/872/24 1917/873/23
f 1917/873/23 1918/307/23 1916/309/24
f 1918/307/23 1917/873/23 1919/874/22
f 1919/874/22 1920/305/22 1918/307/23
f 1920/305/22 1919/874/22 1921/875/21
f 1921/875/21 1922/303/21 1920/305/22
f 1922/303/21 1921/875/21 1923/876/20
f 1923/876/20 1924/301/20 1922/303/21
f 1924/301/20 1923/876/20 1925/877/19
f 1925/877/19 1926/299/19 1924/301/20
f 1926/299/19 1925/877/19 1927/878/18
f 1927/878/18 1928/297/18 1926/299/19
f 1928/297/18 1927/878/18 1929/879/17
f 1929/879/17 1930/295/17 1928/297/18
f 1930/295/17 1929/879/17 1931/880/16
f 1931/880/16 1932/293/16 1930/295/17
f 1932/293/16 1931/880/16 1933/881/15
f 1933/881/15 1934/291/15 1932/293/16
f 1934/291/15 1933/881/15 1935/882/14
f 1935/882/14 1936/289/14 1934/291/15
f 1936/289/14 1935/882/14 1937/883/13
f 1937/883/13 1938/287/13 1936/289/14
f 1938/287/13 1937/883/13 1939/884/12
f 1939/884/12 1940/285/12 1938/287/13
f 1940/285/12 1939/884/12 1941/885/11
f 1941/885/11 1942/283/11 1940/285/12
f 1942/283/11 1941/885/11 1943/886/10
f 1943/886/10 1944/281/10 1942/283/11
f 1944/281/10 1943/886/10 1945/887/9
f 1945/887/9 1946/278/9 1944/281/10
f 1947/202/9 1945/887/9 1943/886/10
f 1943/886/10 1948/201/10 1947/202/9
f 1948/201/10 1943/886/10 1941/885/11
f 1941/885/11 1949/204/11 1948/201/10
f 1949/204/11 1941/885/11 1939/884/12
f 1939/884/12 1950/206/12 1949/204/11
f 1950/206/12 1939/884/12 1937/883/13
f 1937/883/13 1951/208/13 1950/206/12
f 1951/208/13 1937/883/13 1935/882/14
f 1935/882/14 1952/210/14 1951/208/13
f 1952/210/14 1935/882/14 1933/881/15
f 1933/881/15 1953/212/15 1952/210/14
f 1953/212/15 1933/881/15 1931/880/16
f 1931/880/16 1954/214/16 1953/212/15
f 1954/214/16 1931/880/16 1929/879/17
f 1929/879/17 1955/216/17 1954/214/16
f 1955/216/17 1929/879/17 1927/878/18
f 1927/878/18 1956/218/18 1955/216/17
f 1956/218/18 1927/878/18 1925/877/19
f 1925/877/19 1957/220/19 1956/218/18
f 1957/220/19 1925/877/19 1923/876/20
f 1923/876/20 1958/222/20 1957/220/19
f 1958/222/20 1923/876/20 1921/875/21
f 1921/875/21 1959/224/21 1958/222/20
f 1959/224/21 1921/875/21 1919/874/22
f 1919/874/22 1960/226/22 1959/224/21
f 1960/226/22 1919/874/22 1917/873/23
f 1917/873/23 1961/228/23 1960/226/22
f 1961/228/23 1917/873/23 1915/872/24
f 1915/872/24 1962/230/24 1961/228/23
f 1962/230/24 1915/872/24 1913/871/25
f 1913/871/25 1963/232/25 1962/230/24
f 1963/232/25 1913/871/25 1911/870/26
f 1911/870/26 1964/234/26 1963/232/25
f 1964/234/26 1911/870/26 1909/869/7
f 1909/869/7 1965/236/7 1964/234/26
f 1965/236/7 1909/869/7 1907/868/27
f 1907/868/27 1966/238/27 1965/236/7
f 1966/238/27 1907/868/27 1905/867/28
f 1905/867/28 1967/240/28 1966/238/27
f 1967/240/28 1905/867/28 1903/866/29
f 1903/866/29 1968/242/29 1967/240/28
f 1968/242/29 1903/866/29 1901/865/30
f 1901/865/30 1969/244/30 1968/242/29
f 1969/244/30 1901/865/30 1899/864/31
f 1899/864/31 1970/246/31 1969/244/30
f 1970/246/31 1899/864/31 1897/863/32
f 1897/863/32 1971/248/32 1970/246/31
f 1971/248/32 1897/863/32 1895/862/33
f 1895/862/33 1972/250/33 1971/248/32
f 1972/250/33 1895/862/33 1893/861/34
f 1893/861/34 1973/252/34 1972/250/33
f 1973/252/34 1893/861/34 1891/860/35
f 1891/860/35 1974/254/35 1973/252/34
f 1974/254/35 1891/860/35 1889/859/36
f 1889/859/36 1975/256/36 1974/254/35
f 1975/256/36 1889/859/36 1887/858/37
f 1887/858/37 1976/258/37 1975/256/36
f 1976/258/37 1887/858/37 1885/857/38
f 1885/857/38 1977/260/38 1976/258/37
f 1977/260/38 1885/857/38 1883/856/39
f 1883/856/39 1978/262/39 1977/260/38
f 1978/262/39 1883/856/39 1881/855/40
f 1881/855/40 1979/264/40 1978/262/39
f 1979/264/40 1881/855/40 1879/854/41
f 1879/854/41 1980/266/41 1979/264/40
f 1980/266/41 1879/854/41 1877/853/42
f 1877/853/42 1981/268/42 1980/266/41
f 1981/268/42 1877/853/42 1875/852/43
f 1875/852/43 1982/270/43 1981/268/42
f 1982/270/43 1875/852/43 1873/851/93
f 1873/851/93 1983/732/83 1982/270/43
f 1985/731/83 1984/888/93 1986/889/43
f 1986/889/43 1987/271/43 1985/731/83
f 1987/271/43 1986/889/43 1988/890/42
f 1988/890/42 1989/269/42 1987/271/43
f 1989/269/42 1988/890/42 1990/891/41
f 1990/891/41 1991/267/41 1989/269/42
f 1991/267/41 1990/891/41 1992/892/40
f 1992/892/40 1993/265/40 1991/267/41
f 1993/265/40 1992/892/40 1994/893/39
f 1994/893/39 1995/263/39 1993/265/40
f 1995/263/39 1994/893/39 1996/894/38
f 1996/894/38 1997/261/38 1995/263/39
f 1997/261/38 1996/894/38 1998/895/37
f 1998/895/37 1999/259/37 1997/261/38
f 1999/259/37 1998/895/37 2000/896/36
f 2000/896/36 2001/257/36 1999/259/37
f 2001/257/36 2000/896/36 2002/897/35
f 2002/897/35 2003/255/35 2001/257/36
f 2003/255/35 2002/897/35 2004/898/34
f 2004/898/34 2005/253/34 2003/255/35
f 2005/253/34 2004/898/34 2006/899/33
f 2006/899/33 2007/251/33 2005/253/34
f 2007/251/33 2006/899/33 2008/900/32
f 2008/900/32 2009/249/32 2007/251/33
f 2009/249/32 2008/900/32 2010/901/31
f 2010/901/31 2011/247/31 2009/249/32
f 2011/247/31 2010/901/31 2012/902/30
f 2012/902/30 2013/245/30 2011/247/31
f 2013/245/30 2012/902/30 2014/903/29
f 2014/903/29 2015/243/29 2013/245/30
f 2015/243/29 2014/903/29 2016/904/28
f 2016/904/28 2017/241/28 2015/243/29
f 2017/241/28 2016/904/28 2018/905/27
f 2018/905/27 2019/239/27 2017/241/28
f 2019/239/27 2018/905/27 2020/906/7
f 2020/906/7 2021/237/7 2019/239/27
f 2021/237/7 2020/906/7 2022/907/26
f 2022/907/26 2023/235/26 2021/237/7
f 2023/235/26 2022/907/26 2024/908/25
f 2024/908/25 2025/233/25 2023/235/26
f 2025/233/25 2024/908/25 2026/909/24
f 2026/909/24 2027/231/24 2025/233/25
f 2027/231/24 2026/909/24 2028/910/23
f 2028/910/23 2029/229/23 2027/231/24
f 2029/229/23 2028/910/23 2030/911/22
f 2030/911/22 2031/227/22 2029/229/23
f 2031/227/22 2030/911/22 2032/912/21
f 2032/912/21 2033/225/21 2031/227/22
f 2033/225/21 2032/912/21 2034/913/20
f 2034/913/20 2035/223/20 2033/225/21
f 2035/223/20 2034/913/20 2036/914/19
f 2036/914/19 2037/221/19 2035/223/20
f 2037/221/19 2036/914/19 2038/915/18
f 2038/915/18 2039/219/18 2037/221/19
f 2039/219/18 2038/915/18 2040/916/17
f 2040/916/17 2041/217/17 2039/219/18
f 2041/217/17 2040/916/17 2042/917/16
f 2042/917/16 2043/215/16 2041/217/17
f 2043/215/16 2042/917/16 2044/918/15
f 2044/918/15 2045/213/15 2043/215/16
f 2045/213/15 2044/918/15 2046/919/14
f 2046/919/14 2047/211/14 2045/213/15
f 2047/211/14 2046/919/14 2048/920/13
f 2048/920/13 2049/209/13 2047/211/14
f 2049/209/13 2048/920/13 2050/921/12
f 2050/921/12 2051/207/12 2049/209/13
f 2051/207/12 2050/921/12 2052/922/11
f 2052/922/11 2053/205/11 2051/207/12
f 2053/205/11 2052/922/11 2054/923/10
f 2054/923/10 2055/203/10 2053/205/11
f 2055/203/10 2054/923/10 2056/924/9
f 2056/924/9 2057/200/9 2055/203/10
f 2058/124/9 2056/924/9 2054/923/10
f 2054/923/10 2059/123/10 2058/124/9
f 2059/123/10 2054/923/10 2052/922/11
f 2052/922/11 2060/126/11 2059/123/10
f 2060/126/11 2052/922/11 2050/921/12
f 2050/921/12 2061/128/12 2060/126/11
f 2061/128/12 2050/921/12 2048/920/13
f 2048/920/13 2062/130/13 2061/128/12
f 2062/130/13 2048/920/13 2046/919/14
f 2046/919/14 2063/132/14 2062/130/13
f 2063/132/14 2046/919/14 2044/918/15
f 2044/918/15 2064/134/15 2063/132/14
f 2064/134/15 2044/918/15 2042/917/16
f 2042/917/16 2065/136/16 2064/134/15
f 2065/136/16 2042/917/16 2040/916/17
f 2040/916/17 2066/138/17 2065/136/16
f 2066/138/17 2040/916/17 2038/915/18
f 2038/915/18 2067/140/18 2066/138/17
f 2067/140/18 2038/915/18 2036/914/19
f 2036/914/19 2068/142/19 2067/140/18
f 2068/142/19 2036/914/19 2034/913/20
f 2034/913/20 2069/144/20 2068/142/19
f 2069/144/20 2034/913/20 2032/912/21
f 2032/912/21 2070/146/21 2069/144/20
f 2070/146/21 2032/912/21 2030/911/22
f 2030/911/22 2071/148/22 2070/146/21
f 2071/148/22 2030/911/22 2028/910/23
f 2028/910/23 2072/150/23 2071/148/22
f 2072/150/23 2028/910/23 2026/909/24
f 2026/909/24 2073/152/24 2072/150/23
f 2073/152/24 2026/909/24 2024/908/25
f 2024/908/25 2074/154/25 2073/152/24
f 2074/154/25 2024/908/25 2022/907/26
f 2022/907/26 2075/156/26 2074/154/25
f 2075/156/26 2022/907/26 2020/906/7
f 2020/906/7 2076/158/7 2075/156/26
f 2076/158/7 2020/906/7 2018/905/27
f 2018/905/27 2077/160/27 2076/158/7
f 2077/160/27 2018/905/27 2016/904/28
f 2016/904/28 2078/162/28 2077/160/27
f 2078/162/28 2016/904/28 2014/903/29
f 2014/903/29 2079/164/29 2078/162/28
f 2079/164/29 2014/903/29 2012/902/30
f 2012/902/30 2080/166/30 2079/164/29
f 2080/166/30 2012/902/30 2010/901/31
f 2010/901/31 2081/168/31 2080/166/30
f 2081/168/31 2010/901/31 2008/900/32
f 2008/900/32 2082/170/32 2081/168/31
f 2082/170/32 2008/900/32 2006/899/33
f 2006/899/33 2083/172/33 2082/170/32
f 2083/172/33 2006/899/33 2004/898/34
f 2004/898/34 2084/174/34 2083/172/33
f 2084/174/34 2004/898/34 2002/897/35
f 2002/897/35 2085/176/35 2084/174/34
f 2085/176/35 2002/897/35 2000/896/36
f 2000/896/36 2086/178/36 2085/176/35
f 2086/178/36 2000/896/36 1998/895/37
f 1998/895/37 2087/180/37 2086/178/36
f 2087/180/37 1998/895/37 1996/894/38
f 1996/894/38 2088/182/38 2087/180/37
f 2088/182/38 1996/894/38 1994/893/39
f 1994/893/39 2089/184/39 2088/182/38
f 2089/184/39 1994/893/39 1992/892/40
f 1992/892/40 2090/186/40 2089/184/39
f 2090/186/40 1992/892/40 1990/891/41
f 1990/891/41 2091/188/41 2090/186/40
f 2091/188/41 1990/891/41 1988/890/42
f 1988/890/42 2092/190/42 2091/188/41
f 2092/190/42 1988/890/42 1986/889/43
f 1986/889/43 2093/192/43 2092/190/42
f 2093/192/43 1986/889/43 1984/888/93
f 1984/888/93 2094/728/83 2093/192/43
f 2096/727/83 2095/925/93 2097/926/43
f 2097/926/43 2098/193/43 2096/727/83
f 2098/193/43 2097/926/43 2099/927/42
f 2099/927/42 2100/191/42 2098/193/43
f 2100/191/42 2099/927/42 2101/928/41
f 2101/928/41 2102/189/41 2100/191/42
f 2102/189/41 2101/928/41 2103/929/40
f 2103/929/40 2104/187/40 2102/189/41
f 2104/187/40 2103/929/40 2105/930/39
f 2105/930/39 2106/185/39 2104/187/40
f 2106/185/39 2105/930/39 2107/931/38
f 2107/931/38 2108/183/38 2106/185/39
f 2108/183/38 2107/931/38 2109/932/37
f 2109/932/37 2110/181/37 2108/183/38
f 2110/181/37 2109/932/37 2111/933/36
f 2111/933/36 2112/179/36 2110/181/37
f 2112/179/36 2111/933/36 2113/934/35
f 2113/934/35 2114/177/35 2112/179/36
f 2114/177/35 2113/934/35 2115/935/34
f 2115/935/34 2116/175/34 2114/177/35
f 2116/175/34 2115/935/34 2117/936/33
f 2117/936/33 2118/173/33 2116/175/34
f 2118/173/33 2117/936/33 2119/937/32
f 2119/937/32 2120/171/32 2118/173/33
f 2120/171/32 2119/937/32 2121/938/31
f 2121/938/31 2122/169/31 2120/171/32
f 2122/169/31 2121/938/31 2123/939/30
f 2123/939/30 2124/167/30 2122/169/31
f 2124/167/30 2123/939/30 2125/940/29
f 2125/940/29 2126/165/29 2124/167/30
f 2126/165/29 2125/940/29 2127/941/28
f 2127/941/28 2128/163/28 2126/165/29
f 2128/163/28 2127/941/28 2129/942/27
f 2129/942/27 2130/161/27 2128/163/28
f 2130/161/27 2129/942/27 2131/943/7
f 2131/943/7 2132/159/7 2130/161/27
f 2132/159/7 2131/943/7 2133/944/26
f 2133/944/26 2134/157/26 2132/159/7
f 2134/157/26 2133/944/26 2135/945/25
f 2135/945/25 2136/155/25 2134/157/26
f 2136/155/25 2135/945/25 2137/946/24
f 2137/946/24 2138/153/24 2136/155/25
f 2138/153/24 2137/946/24 2139/947/23
f 2139/947/23 2140/151/23 2138/153/24
f 2140/151/23 2139/947/23 2141/948/22
f 2141/948/22 2142/149/22 2140/151/23
f 2142/149/22 2141/948/22 2143/949/79
f 2143/949/79 2144/147/79 2142/149/22
f 2144/147/79 2143/949/79 2145/950/20
f 2145/950/20 2146/145/20 2144/147/79
f 2146/145/20 2145/950/20 2147/951/19
f 2147/951/19 2148/143/19 2146/145/20
f 2148/143/19 2147/951/19 2149/952/18
f 2149/952/18 2150/141/18 2148/143/19
f 2150/141/18 2149/952/18 2151/953/17
f 2151/953/17 2152/139/17 2150/141/18
f 2152/139/17 2151/953/17 2153/954/16
f 2153/954/16 2154/137/16 2152/139/17
f 2154/137/16 2153/954/16 2155/955/15
f 2155/955/15 2156/135/15 2154/137/16
f 2156/135/15 2155/955/15 2157/956/14
f 2157/956/14 2158/133/14 2156/135/15
f 2158/133/14 2157/956/14 2159/957/13
f 2159/957/13 2160/131/13 2158/133/14
f 2160/131/13 2159/957/13 2161/958/12
f 2161/958/12 2162/129/12 2160/131/13
f 2162/129/12 2161/958/12 2163/959/11
f 2163/959/11 2164/127/11 2162/129/12
f 2164/127/11 2163/959/11 2165/960/10
f 2165/960/10 2166/125/10 2164/127/11
f 2166/125/10 2165/960/10 2167/961/9
f 2167/961/9 2168/122/9 2166/125/10
f 2169/46/9 2167/961/9 2165/960/10
f 2165/960/10 2170/45/10 2169/46/9
f 2170/45/10 2165/960/10 2163/959/11
f 2163/959/11 2171/48/11 2170/45/10
f 2171/48/11 2163/959/11 2161/958/12
f 2161/958/12 2172/50/12 2171/48/11
f 2172/50/12 2161/958/12 2159/957/13
f 2159/957/13 2173/52/13 2172/50/12
f 2173/52/13 2159/957/13 2157/956/14
f 2157/956/14 2174/54/14 2173/52/13
f 2174/54/14 2157/956/14 2155/955/15
f 2155/955/15 2175/56/15 2174/54/14
f 2175/56/15 2155/955/15 2153/954/16
f 2153/954/16 2176/58/16 2175/56/15
f 2176/58/16 2153/954/16 2151/953/17
f 2151/953/17 2177/60/17 2176/58/16
f 2177/60/17 2151/953/17 2149/952/18
f 2149/952/18 2178/62/18 2177/60/17
f 2178/62/18 2149/952/18 2147/951/19
f 2147/951/19 2179/64/19 2178/62/18
f 2179/64/19 2147/951/19 2145/950/20
f 2145/950/20 2180/66/20 2179/64/19
f 2180/66/20 2145/950/20 2143/949/79
f 2143/949/79 2181/68/79 2180/66/20
f 2181/68/79 2143/949/79 2141/948/22
f 2141/948/22 2182/70/22 2181/68/79
f 2182/70/22 2141/948/22 2139/947/23
f 2139/947/23 2183/72/23 2182/70/22
f 2183/72/23 2139/947/23 2137/946/24
f 2137/946/24 2184/74/24 2183/72/23
f 2184/74/24 2137/946/24 2135/945/25
f 2135/945/25 2185/76/25 2184/74/24
f 2185/76/25 2135/945/25 2133/944/26
f 2133/944/26 2186/78/26 2185/76/25
f 2186/78/26 2133/944/26 2131/943/7
f 2131/943/7 2187/80/7 2186/78/26
f 2187/80/7 2131/943/7 2129/942/27
f 2129/942/27 2188/82/27 2187/80/7
f 2188/82/27 2129/942/27 2127/941/28
f 2127/941/28 2189/84/28 2188/82/27
f 2189/84/28 2127/941/28 2125/940/29
f 2125/940/29 2190/86/29 2189/84/28
f 2190/86/29 2125/940/29 2123/939/30
f 2123/939/30 2191/88/30 2190/86/29
f 2191/88/30 2123/939/30 2121/938/31
f 2121/938/31 2192/90/31 2191/88/30
f 2192/90/31 2121/938/31 2119/937/32
f 2119/937/32 2193/92/32 2192/90/31
f 2193/92/32 2119/937/32 2117/936/33
f 2117/936/33 2194/94/33 2193/92/32
f 2194/94/33 2117/936/33 2115/935/34
f 2115/935/34 2195/96/34 2194/94/33
f 2195/96/34 2115/935/34 2113/934/35
f 2113/934/35 2196/98/35 2195/96/34
f 2196/98/35 2113/934/35 2111/933/36
f 2111/933/36 2197/100/36 2196/98/35
f 2197/100/36 2111/933/36 2109/932/37
f 2109/932/37 2198/102/37 2197/100/36
f 2198/102/37 2109/932/37 2107/931/38
f 2107/931/38 2199/104/38 2198/102/37
f 2199/104/38 2107/931/38 2105/930/39
f 2105/930/39 2200/106/39 2199/104/38
f 2200/106/39 2105/930/39 2103/929/40
f 2103/929/40 2201/108/40 2200/106/39
f 2201/108/40 2103/929/40 2101/928/41
f 2101/928/41 2202/110/41 2201/108/40
f 2202/110/41 2101/928/41 2099/927/42
f 2099/927/42 2203/112/42 2202/110/41
f 2203/112/42 2099/927/42 2097/926/43
f 2097/926/43 2204/114/43 2203/112/42
f 2204/114/43 2097/926/43 2095/925/93
f 2095/925/93 2205/724/83 2204/114/43
f 2207/723/83 2206/962/93 2208/963/43
f 2208/963/43 2209/115/43 2207/723/83
f 2209/115/43 2208/963/43 2210/964/42
f 2210/964/42 2211/113/42 2209/115/43
f 2211/113/42 2210/964/42 2212/965/41
f 2212/965/41 2213/111/41 2211/113/42
f 2213/111/41 2212/965/41 2214/966/40
f 2214/966/40 2215/109/40 2213/111/41
f 2215/109/40 2214/966/40 2216/967/39
f 2216/967/39 2217/107/39 2215/109/40
f 2217/107/39 2216/967/39 2218/968/38
f 2218/968/38 2219/105/38 2217/107/39
f 2219/105/38 2218/968/38 2220/969/37
f 2220/969/37 2221/103/37 2219/105/38
f 2221/103/37 2220/969/37 2222/970/36
f 2222/970/36 2223/101/36 2221/103/37
f 2223/101/36 2222/970/36 2224/971/35
f 2224/971/35 2225/99/35 2223/101/36
f 2225/99/35 2224/971/35 2226/972/34
f 2226/972/34 2227/97/34 2225/99/35
f 2227/97/34 2226/972/34 2228/973/33
f 2228/973/33 2229/95/33 2227/97/34
f 2229/95/33 2228/973/33 2230/974/32
f 2230/974/32 2231/93/32 2229/95/33
f 2231/93/32 2230/974/32 2232/975/31
f 2232/975/31 2233/91/31 2231/93/32
f 2233/91/31 2232/975/31 2234/976/30
f 2234/976/30 2235/89/30 2233/91/31
f 2235/89/30 2234/976/30 2236/977/29
f 2236/977/29 2237/87/29 2235/89/30
f 2237/87/29 2236/977/29 2238/978/28
f 2238/978/28 2239/85/28 2237/87/29
f 2239/85/28 2238/978/28 2240/979/27
f 2240/979/27 2241/83/27 2239/85/28
f 2241/83/27 2240/979/27 2242/980/7
f 2242/980/7 2243/81/7 2241/83/27
f 2243/81/7 2242/980/7 2244/981/26
f 2244/981/26 2245/79/26 2243/81/7
f 2245/79/26 2244/981/26 2246/982/25
f 2246/982/25 2247/77/25 2245/79/26
f 2247/77/25 2246/982/25 2248/983/24
f 2248/983/24 2249/75/24 2247/77/25
f 2249/75/24 2248/983/24 2250/984/23
f 2250/984/23 2251/73/23 2249/75/24
f 2251/73/23 2250/984/23 2252/985/22
f 2252/985/22 2253/71/22 2251/73/23
f 2253/71/22 2252/985/22 2254/986/79
f 2254/986/79 2255/69/79 2253/71/22
f 2255/69/79 2254/986/79 2256/987/20
f 2256/987/20 2257/67/20 2255/69/79
f 2257/67/20 2256/987/20 2258/988/19
f 2258/988/19 2259/65/19 2257/67/20
f 2259/65/19 2258/988/19 2260/989/18
f 2260/989/18 2261/63/18 2259/65/19
f 2261/63/18 2260/989/18 2262/990/17
f 2262/990/17 2263/61/17 2261/63/18
f 2263/61/17 2262/990/17 2264/991/16
f 2264/991/16 2265/59/16 2263/61/17
f 2265/59/16 2264/991/16 2266/992/15
f 2266/992/15 2267/57/15 2265/59/16
f 2267/57/15 2266/992/15 2268/993/14
f 2268/993/14 2269/55/14 2267/57/15
f 2269/55/14 2268/993/14 2270/994/13
f 2270/994/13 2271/53/13 2269/55/14
f 2271/53/13 2270/994/13 2272/995/12
f 2272/995/12 2273/51/12 2271/53/13
f 2273/51/12 2272/995/12 2274/996/11
f 2274/996/11 2275/49/11 2273/51/12
f 2275/49/11 2274/996/11 2276/997/10
f 2276/997/10 2277/47/10 2275/49/11
f 2277/47/10 2276/997/10 2278/998/9
f 2278/998/9 2279/44/9 2277/47/10
f 2280/436/9 2278/998/9 2276/997/10
f 2276/997/10 2281/435/10 2280/436/9
f 2281/435/10 2276/997/10 2274/996/11
f 2274/996/11 2282/438/11 2281/435/10
f 2282/438/11 2274/996/11 2272/995/12
f 2272/995/12 2283/440/12 2282/438/11
f 2283/440/12 2272/995/12 2270/994/13
f 2270/994/13 2284/442/13 2283/440/12
f 2284/442/13 2270/994/13 2268/993/14
f 2268/993/14 2285/444/14 2284/442/13
f 2285/444/14 2268/993/14 2266/992/15
f 2266/992/15 2286/446/15 2285/444/14
f 2286/446/15 2266/992/15 2264/991/16
f 2264/991/16 2287/448/16 2286/446/15
f 2287/448/16 2264/991/16 2262/990/17
f 2262/990/17 2288/450/17 2287/448/16
f 2288/450/17 2262/990/17 2260/989/18
f 2260/989/18 2289/452/18 2288/450/17
f 2289/452/18 2260/989/18 2258/988/19
f 2258/988/19 2290/454/19 2289/452/18
f 2290/454/19 2258/988/19 2256/987/20
f 2256/987/20 2291/456/20 2290/454/19
f 2291/456/20 2256/987/20 2254/986/79
f 2254/986/79 2292/458/79 2291/456/20
f 2292/458/79 2254/986/79 2252/985/22
f 2252/985/22 2293/460/22 2292/458/79
f 2293/460/22 2252/985/22 2250/984/23
f 2250/984/23 2294/462/23 2293/460/22
f 2294/462/23 2250/984/23 2248/983/24
f 2248/983/24 2295/464/24 2294/462/23
f 2295/464/24 2248/983/24 2246/982/25
f 2246/982/25 2296/466/25 2295/464/24
f 2296/466/25 2246/982/25 2244/981/26
f 2244/981/26 2297/468/26 2296/466/25
f 2297/468/26 2244/981/26 2242/980/7
f 2242/980/7 2298/470/7 2297/468/26
f 2298/470/7 2242/980/7 2240/979/27
f 2240/979/27 2299/472/27 2298/470/7
f 2299/472/27 2240/979/27 2238/978/28
f 2238/978/28 2300/474/28 2299/472/27
f 2300/474/28 2238/978/28 2236/977/29
f 2236/977/29 2301/476/29 2300/474/28
f 2301/476/29 2236/977/29 2234/976/30
f 2234/976/30 2302/478/30 2301/476/29
f 2302/478/30 2234/976/30 2232/975/31
f 2232/975/31 2303/480/31 2302/478/30
f 2303/480/31 2232/975/31 2230/974/32
f 2230/974/32 2304/482/32 2303/480/31
f 2304/482/32 2230/974/32 2228/973/33
f 2228/973/33 2305/484/33 2304/482/32
f 2305/484/33 2228/973/33 2226/972/34
f 2226/972/34 2306/486/34 2305/484/33
f 2306/486/34 2226/972/34 2224/971/35
f 2224/971/35 2307/488/35 2306/486/34
f 2307/488/35 2224/971/35 2222/970/36
f 2222/970/36 2308/490/36 2307/488/35
f 2308/490/36 2222/970/36 2220/969/37
f 2220/969/37 2309/492/37 2308/490/36
f 2309/492/37 2220/969/37 2218/968/38
f 2218/968/38 2310/494/38 2309/492/37
f 2310/494/38 2218/968/38 2216/967/39
f 2216/967/39 2311/496/39 2310/494/38
f 2311/496/39 2216/967/39 2214/966/40
f 2214/966/40 2312/498/40 2311/496/39
f 2312/498/40 2214/966/40 2212/965/41
f 2212/965/41 2313/500/41 2312/498/40
f 2313/500/41 2212/965/41 2210/964/42
f 2210/964/42 2314/502/42 2313/500/41
f 2314/502/42 2210/964/42 2208/963/43
f 2208/963/43 2315/504/43 2314/502/42
f 2315/504/43 2208/963/43 2206/962/93
f 2206/962/93 2316/506/83 2315/504/43
f 2318/507/83 2317/999/93 2319/1000/43
f 2319/1000/43 2320/505/43 2318/507/83
f 2320/505/43 2319/1000/43 2321/1001/42
f 2321/1001/42 2322/503/42 2320/505/43
f 2322/503/42 2321/1001/42 2323/1002/41
f 2323/1002/41 2324/501/41 2322/503/42
f 2324/501/41 2323/1002/41 2325/1003/40
f 2325/1003/40 2326/499/40 2324/501/41
f 2326/499/40 2325/1003/40 2327/1004/39
f 2327/1004/39 2328/497/39 2326/499/40
f 2328/497/39 2327/1004/39 2329/1005/38
f 2329/1005/38 2330/495/38 2328/497/39
f 2330/495/38 2329/1005/38 2331/1006/37
f 2331/1006/37 2332/493/37 2330/495/38
f 2332/493/37 2331/1006/37 2333/1007/36
f 2333/1007/36 2334/491/36 2332/493/37
f 2334/491/36 2333/1007/36 2335/1008/35
f 2335/1008/35 2336/489/35 2334/491/36
f 2336/489/35 2335/1008/35 2337/1009/34
f 2337/1009/34 2338/487/34 2336/489/35
f 2338/487/34 2337/1009/34 2339/1010/33
f 2339/1010/33 2340/485/33 2338/487/34
f 2340/485/33 2339/1010/33 2341/1011/32
f 2341/1011/32 2342/483/32 2340/485/33
f 2342/483/32 2341/1011/32 2343/1012/31
f 2343/1012/31 2344/481/31 2342/483/32
f 2344/481/31 2343/1012/31 2345/1013/30
f 2345/1013/30 2346/479/30 2344/481/31
f 2346/479/30 2345/1013/30 2347/1014/29
f 2347/1014/29 2348/477/29 2346/479/30
f 2348/477/29 2347/1014/29 2349/1015/28
f 2349/1015/28 2350/475/28 2348/477/29
f 2350/475/28 2349/1015/28 2351/1016/27
f 2351/1016/27 2352/473/27 2350/475/28
f 2352/473/27 2351/1016/27 2353/1017/7
f 2353/1017/7 2354/471/7 2352/473/27
f 2354/471/7 2353/1017/7 2355/1018/26
f 2355/1018/26 2356/469/26 2354/471/7
f 2356/469/26 2355/1018/26 2357/1019/25
f 2357/1019/25 2358/467/25 2356/469/26
f 2358/467/25 2357/1019/25 2359/1020/24
f 2359/1020/24 2360/465/24 2358/467/25
f 2360/465/24 2359/1020/24 2361/1021/23
f 2361/1021/23 2362/463/23 2360/465/24
f 2362/463/23 2361/1021/23 2363/1022/22
f 2363/1022/22 2364/461/22 2362/463/23
f 2364/461/22 2363/1022/22 2365/1023/79
f 2365/1023/79 2366/459/79 2364/461/22
f 2366/459/79 2365/1023/79 2367/1024/20
f 2367/1024/20 2368/457/20 2366/459/79
f 2368/457/20 2367/1024/20 2369/1025/19
f 2369/1025/19 2370/455/19 2368/457/20
f 2370/455/19 2369/1025/19 2371/1026/18
f 2371/1026/18 2372/453/18 2370/455/19
f 2372/453/18 2371/1026/18 2373/1027/17
f 2373/1027/17 2374/451/17 2372/453/18
f 2374/451/17 2373/1027/17 2375/1028/16
f 2375/1028/16 2376/449/16 2374/451/17
f 2376/449/16 2375/1028/16 2377/1029/15
f 2377/1029/15 2378/447/15 2376/449/16
f 2378/447/15 2377/1029/15 2379/1030/14
f 2379/1030/14 2380/445/14 2378/447/15
f 2380/445/14 2379/1030/14 2381/1031/13
f 2381/1031/13 2382/443/13 2380/445/14
f 2382/443/13 2381/1031/13 2383/1032/12
f 2383/1032/12 2384/441/12 2382/443/13
f 2384/441/12 2383/1032/12 2385/1033/11
f 2385/1033/11 2386/439/11 2384/441/12
f 2386/439/11 2385/1033/11 2387/1034/10
f 2387/1034/10 2388/437/10 2386/439/11
f 2388/437/10 2387/1034/10 2389/1035/9
f 2389/1035/9 2390/434/9 2388/437/10
f 2391/743/94 1520/27/92 1521/744/78
f 1521/744/78 2392/745/78 2391/743/94
f 2392/745/78 1521/744/78 1523/746/77
f 1523/746/77 2393/747/77 2392/745/78
f 2393/747/77 1523/746/77 1525/748/76
f 1525/748/76 2394/749/76 2393/747/77
f 2394/749/76 1525/748/76 1527/750/75
f 1527/750/75 2395/751/75 2394/749/76
f 2395/751/75 1527/750/75 1529/752/74
f 1529/752/74 2396/753/74 2395/751/75
f 2396/753/74 1529/752/74 1531/754/82
f 1531/754/82 2397/755/82 2396/753/74
f 2397/755/82 1531/754/82 1533/756/72
f 1533/756/72 2398/757/72 2397/755/82
f 2398/757/72 1533/756/72 1535/758/71
f 1535/758/71 2399/759/71 2398/757/72
f 2399/759/71 1535/758/71 1537/760/70
f 1537/760/70 2400/761/70 2399/759/71
f 2400/761/70 1537/760/70 1539/762/69
f 1539/762/69 2401/763/69 2400/761/70
f 2401/763/69 1539/762/69 1541/764/68
f 1541/764/68 2402/765/68 2401/763/69
f 2402/765/68 1541/764/68 1590/766/67
f 1590/766/67 2403/767/67 2402/765/68
f 2403/767/67 1590/766/67 1588/768/66
f 1588/768/66 2404/769/66 2403/767/67
f 2404/769/66 1588/768/66 1586/770/65
f 1586/770/65 2405/771/65 2404/769/66
f 2405/771/65 1586/770/65 1584/772/64
f 1584/772/64 2406/773/64 2405/771/65
f 2406/773/64 1584/772/64 1582/774/63
f 1582/774/63 2407/775/63 2406/773/64
f 2407/775/63 1582/774/63 1580/776/62
f 1580/776/62 2408/777/62 2407/775/63
f 2408/777/62 1580/776/62 1578/35/5
f 1578/35/5 2409/778/5 2408/777/62
f 2409/778/5 1578/35/5 1576/779/61
f 1576/779/61 2410/780/61 2409/778/5
f 2410/780/61 1576/779/61 1574/781/60
f 1574/781/60 2411/782/60 2410/780/61
f 2411/782/60 1574/781/60 1572/783/59
f 1572/783/59 2412/784/59 2411/782/60
f 2412/784/59 1572/783/59 1570/785/58
f 1570/785/58 2413/786/58 2412/784/59
f 2413/786/58 1570/785/58 1568/787/57
f 1568/787/57 2414/788/57 2413/786/58
f 2414/788/57 1568/787/57 1566/789/81
f 1566/789/81 2415/790/81 2414/788/57
f 2415/790/81 1566/789/81 1565/791/55
f 1565/791/55 2416/792/55 2415/790/81
f 2416/792/55 1565/791/55 1562/793/54
f 1562/793/54 2417/794/54 2416/792/55
f 2417/794/54 1562/793/54 1560/795/53
f 1560/795/53 2418/796/53 2417/794/54
f 2418/796/53 1560/795/53 1558/797/52
f 1558/797/52 2419/798/52 2418/796/53
f 2419/798/52 1558/797/52 1556/799/51
f 1556/799/51 2420/800/51 2419/798/52
f 2420/800/51 1556/799/51 1554/801/50
f 1554/801/50 2421/802/50 2420/800/51
f 2421/802/50 1554/801/50 1552/803/49
f 1552/803/49 2422/804/49 2421/802/50
f 2422/804/49 1552/803/49 1550/805/48
f 1550/805/48 2423/806/48 2422/804/49
f 2423/806/48 1550/805/48 1548/807/47
f 1548/807/47 2424/808/47 2423/806/48
f 2424/808/47 1548/807/47 1546/809/46
f 1546/809/46 2425/810/46 2424/808/47
f 2425/810/46 1546/809/46 1543/811/45
f 1543/811/45 2426/812/45 2425/810/46
f 2426/812/45 1543/811/45 1544/3/44
f 1544/3/44 1686/813/44 2426/812/45
f 2427/426/45 2426/812/45 1686/813/44
f 1686/813/44 1688/433/44 2427/426/45
f 2426/812/45 2427/426/45 2428/424/46
f 2428/424/46 2425/810/46 2426/812/45
f 2425/810/46 2428/424/46 2429/422/47
f 2429/422/47 2424/808/47 2425/810/46
f 2424/808/47 2429/422/47 2430/420/48
f 2430/420/48 2423/806/48 2424/808/47
f 2423/806/48 2430/420/48 2431/418/49
f 2431/418/49 2422/804/49 2423/806/48
f 2422/804/49 2431/418/49 2432/416/50
f 2432/416/50 2421/802/50 2422/804/49
f 2421/802/50 2432/416/50 2433/414/51
f 2433/414/51 2420/800/51 2421/802/50
f 2420/800/51 2433/414/51 2434/412/52
f 2434/412/52 2419/798/52 2420/800/51
f 2419/798/52 2434/412/52 2435/410/53
f 2435/410/53 2418/796/53 2419/798/52
f 2418/796/53 2435/410/53 2436/408/54
f 2436/408/54 2417/794/54 2418/796/53
f 2417/794/54 2436/408/54 2437/406/55
f 2437/406/55 2416/792/55 2417/794/54
f 2416/792/55 2437/406/55 2438/404/81
f 2438/404/81 2415/790/81 2416/792/55
f 2415/790/81 2438/404/81 2439/402/57
f 2439/402/57 2414/788/57 2415/790/81
f 2414/788/57 2439/402/57 2440/400/58
f 2440/400/58 2413/786/58 2414/788/57
f 2413/786/58 2440/400/58 2441/398/59
f 2441/398/59 2412/784/59 2413/786/58
f 2412/784/59 2441/398/59 2442/396/60
f 2442/396/60 2411/782/60 2412/784/59
f 2411/782/60 2442/396/60 2443/394/61
f 2443/394/61 2410/780/61 2411/782/60
f 2410/780/61 2443/394/61 2444/392/5
f 2444/392/5 2409/778/5 2410/780/61
f 2409/778/5 2444/392/5 2445/390/62
f 2445/390/62 2408/777/62 2409/778/5
f 2408/777/62 2445/390/62 2446/388/63
f 2446/388/63 2407/775/63 2408/777/62
f 2407/775/63 2446/388/63 2447/386/64
f 2447/386/64 2406/773/64 2407/775/63
f 2406/773/64 2447/386/64 2448/384/65
f 2448/384/65 2405/771/65 2406/773/64
f 2405/771/65 2448/384/65 2449/382/66
f 2449/382/66 2404/769/66 2405/771/65
f 2404/769/66 2449/382/66 2450/380/67
f 2450/380/67 2403/767/67 2404/769/66
f 2403/767/67 2450/380/67 2451/378/68
f 2451/378/68 2402/765/68 2403/767/67
f 2402/765/68 2451/378/68 2452/376/69
f 2452/376/69 2401/763/69 2402/765/68
f 2401/763/69 2452/376/69 2453/374/70
f 2453/374/70 2400/761/70 2401/763/69
f 2400/761/70 2453/374/70 2454/372/71
f 2454/372/71 2399/759/71 2400/761/70
f 2399/759/71 2454/372/71 2455/370/72
f 2455/370/72 2398/757/72 2399/759/71
f 2398/757/72 2455/370/72 2456/368/82
f 2456/368/82 2397/755/82 2398/757/72
f 2397/755/82 2456/368/82 2457/366/74
f 2457/366/74 2396/753/74 2397/755/82
f 2396/753/74 2457/366/74 2458/364/75
f 2458/364/75 2395/751/75 2396/753/74
f 2395/751/75 2458/364/75 2459/362/76
f 2459/362/76 2394/749/76 2395/751/75
f 2394/749/76 2459/362/76 2460/360/77
f 2460/360/77 2393/747/77 2394/749/76
f 2393/747/77 2460/360/77 2461/357/78
f 2461/357/78 2392/745/78 2393/747/77
f 2392/745/78 2461/357/78 2462/738/84
f 2462/738/84 2391/743/94 2392/745/78
f 2464/850/95 2463/737/84 2465/359/78
f 2465/359/78 2466/849/78 2464/850/95
f 2466/849/78 2465/359/78 2467/361/77
f 2467/361/77 2468/848/77 2466/849/78
f 2468/848/77 2467/361/77 2469/363/76
f 2469/363/76 2470/847/76 2468/848/77
f 2470/847/76 2469/363/76 2471/365/75
f 2471/365/75 2472/846/75 2470/847/76
f 2472/846/75 2471/365/75 2473/367/74
f 2473/367/74 2474/845/74 2472/846/75
f 2474/845/74 2473/367/74 2475/369/82
f 2475/369/82 2476/844/82 2474/845/74
f 2476/844/82 2475/369/82 2477/371/72
f 2477/371/72 2478/843/72 2476/844/82
f 2478/843/72 2477/371/72 2479/373/71
f 2479/373/71 2480/842/71 2478/843/72
f 2480/842/71 2479/373/71 2481/375/70
f 2481/375/70 2482/841/70 2480/842/71
f 2482/841/70 2481/375/70 2483/377/69
f 2483/377/69 2484/840/69 2482/841/70
f 2484/840/69 2483/377/69 2485/379/68
f 2485/379/68 2486/839/68 2484/840/69
f 2486/839/68 2485/379/68 2487/381/67
f 2487/381/67 2488/838/67 2486/839/68
f 2488/838/67 2487/381/67 2489/383/66
f 2489/383/66 2490/837/66 2488/838/67
f 2490/837/66 2489/383/66 2491/385/65
f 2491/385/65 2492/836/65 2490/837/66
f 2492/836/65 2491/385/65 2493/387/64
f 2493/387/64 2494/835/64 2492/836/65
f 2494/835/64 2493/387/64 2495/389/63
f 2495/389/63 2496/834/63 2494/835/64
f 2496/834/63 2495/389/63 2497/391/62
f 2497/391/62 2498/833/62 2496/834/63
f 2498/833/62 2497/391/62 2499/393/5
f 2499/393/5 2500/832/5 2498/833/62
f 2500/832/5 2499/393/5 2501/395/61
f 2501/395/61 2502/831/61 2500/832/5
f 2502/831/61 2501/395/61 2503/397/60
f 2503/397/60 2504/830/60 2502/831/61
f 2504/830/60 2503/397/60 2505/399/59
f 2505/399/59 2506/829/59 2504/830/60
f 2506/829/59 2505/399/59 2507/401/58
f 2507/401/58 2508/828/58 2506/829/59
f 2508/828/58 2507/401/58 2509/403/57
f 2509/403/57 2510/827/57 2508/828/58
f 2510/827/57 2509/403/57 2511/405/81
f 2511/405/81 2512/826/81 2510/827/57
f 2512/826/81 2511/405/81 2513/407/55
f 2513/407/55 2514/825/55 2512/826/81
f 2514/825/55 2513/407/55 2515/409/54
f 2515/409/54 2516/824/54 2514/825/55
f 2516/824/54 2515/409/54 2517/411/53
f 2517/411/53 2518/823/53 2516/824/54
f 2518/823/53 2517/411/53 2519/413/52
f 2519/413/52 2520/822/52 2518/823/53
f 2520/822/52 2519/413/52 2521/415/51
f 2521/415/51 2522/821/51 2520/822/52
f 2522/821/51 2521/415/51 2523/417/50
f 2523/417/50 2524/820/50 2522/821/51
f 2524/820/50 2523/417/50 2525/419/49
f 2525/419/49 2526/819/49 2524/820/50
f 2526/819/49 2525/419/49 2527/421/48
f 2527/421/48 2528/818/48 2526/819/49
f 2528/818/48 2527/421/48 2529/423/47
f 2529/423/47 2530/817/47 2528/818/48
f 2530/817/47 2529/423/47 2531/425/46
f 2531/425/46 2532/816/46 2530/817/47
f 2532/816/46 2531/425/46 2533/427/45
f 2533/427/45 2534/815/45 2532/816/46
f 2534/815/45 2533/427/45 2535/432/44
f 2535/432/44 2536/814/44 2534/815/45
f 2537/348/45 2534/815/45 2536/814/44
f 2536/814/44 2538/355/44 2537/348/45
f 2534/815/45 2537/348/45 2539/346/46
f 2539/346/46 2532/816/46 2534/815/45
f 2532/816/46 2539/346/46 2540/344/47
f 2540/344/47 2530/817/47 2532/816/46
f 2530/817/47 2540/344/47 2541/342/48
f 2541/342/48 2528/818/48 2530/817/47
f 2528/818/48 2541/342/48 2542/340/49
f 2542/340/49 2526/819/49 2528/818/48
f 2526/819/49 2542/340/49 2543/338/50
f 2543/338/50 2524/820/50 2526/819/49
f 2524/820/50 2543/338/50 2544/336/51
f 2544/336/51 2522/821/51 2524/820/50
f 2522/821/51 2544/336/51 2545/334/52
f 2545/334/52 2520/822/52 2522/821/51
f 2520/822/52 2545/334/52 2546/332/53
f 2546/332/53 2518/823/53 2520/822/52
f 2518/823/53 2546/332/53 2547/330/54
f 2547/330/54 2516/824/54 2518/823/53
f 2516/824/54 2547/330/54 2548/328/55
f 2548/328/55 2514/825/55 2516/824/54
f 2514/825/55 2548/328/55 2549/326/81
f 2549/326/81 2512/826/81 2514/825/55
f 2512/826/81 2549/326/81 2550/324/57
f 2550/324/57 2510/827/57 2512/826/81
f 2510/827/57 2550/324/57 2551/322/58
f 2551/322/58 2508/828/58 2510/827/57
f 2508/828/58 2551/322/58 2552/320/59
f 2552/320/59 2506/829/59 2508/828/58
f 2506/829/59 2552/320/59 2553/318/60
f 2553/318/60 2504/830/60 2506/829/59
f 2504/830/60 2553/318/60 2554/316/61
f 2554/316/61 2502/831/61 2504/830/60
f 2502/831/61 2554/316/61 2555/314/5
f 2555/314/5 2500/832/5 2502/831/61
f 2500/832/5 2555/314/5 2556/312/62
f 2556/312/62 2498/833/62 2500/832/5
f 2498/833/62 2556/312/62 2557/310/63
f 2557/310/63 2496/834/63 2498/833/62
f 2496/834/63 2557/310/63 2558/308/64
f 2558/308/64 2494/835/64 2496/834/63
f 2494/835/64 2558/308/64 2559/306/65
f 2559/306/65 2492/836/65 2494/835/64
f 2492/836/65 2559/306/65 2560/304/66
f 2560/304/66 2490/837/66 2492/836/65
f 2490/837/66 2560/304/66 2561/302/67
f 2561/302/67 2488/838/67 2490/837/66
f 2488/838/67 2561/302/67 2562/300/68
f 2562/300/68 2486/839/68 2488/838/67
f 2486/839/68 2562/300/68 2563/298/69
f 2563/298/69 2484/840/69 2486/839/68
f 2484/840/69 2563/298/69 2564/296/70
f 2564/296/70 2482/841/70 2484/840/69
f 2482/841/70 2564/296/70 2565/294/71
f 2565/294/71 2480/842/71 2482/841/70
f 2480/842/71 2565/294/71 2566/292/72
f 2566/292/72 2478/843/72 2480/842/71
f 2478/843/72 2566/292/72 2567/290/82
f 2567/290/82 2476/844/82 2478/843/72
f 2476/844/82 2567/290/82 2568/288/74
f 2568/288/74 2474/845/74 2476/844/82
f 2474/845/74 2568/288/74 2569/286/75
f 2569/286/75 2472/846/75 2474/845/74
f 2472/846/75 2569/286/75 2570/284/76
f 2570/284/76 2470/847/76 2472/846/75
f 2470/847/76 2570/284/76 2571/282/77
f 2571/282/77 2468/848/77 2470/847/76
f 2468/848/77 2571/282/77 2572/279/78
f 2572/279/78 2466/849/78 2468/848/77
f 2466/849/78 2572/279/78 2573/734/84
f 2573/734/84 2464/850/95 2466/849/78
f 2575/887/95 2574/733/84 2576/281/78
f 2576/281/78 2577/886/78 2575/887/95
f 2577/886/78 2576/281/78 2578/283/77
f 2578/283/77 2579/885/77 2577/886/78
f 2579/885/77 2578/283/77 2580/285/76
f 2580/285/76 2581/884/76 2579/885/77
f 2581/884/76 2580/285/76 2582/287/75
f 2582/287/75 2583/883/75 2581/884/76
f 2583/883/75 2582/287/75 2584/289/74
f 2584/289/74 2585/882/74 2583/883/75
f 2585/882/74 2584/289/74 2586/291/82
f 2586/291/82 2587/881/82 2585/882/74
f 2587/881/82 2586/291/82 2588/293/72
f 2588/293/72 2589/880/72 2587/881/82
f 2589/880/72 2588/293/72 2590/295/71
f 2590/295/71 2591/879/71 2589/880/72
f 2591/879/71 2590/295/71 2592/297/70
f 2592/297/70 2593/878/70 2591/879/71
f 2593/878/70 2592/297/70 2594/299/69
f 2594/299/69 2595/877/69 2593/878/70
f 2595/877/69 2594/299/69 2596/301/68
f 2596/301/68 2597/876/68 2595/877/69
f 2597/876/68 2596/301/68 2598/303/67
f 2598/303/67 2599/875/67 2597/876/68
f 2599/875/67 2598/303/67 2600/305/66
f 2600/305/66 2601/874/66 2599/875/67
f 2601/874/66 2600/305/66 2602/307/65
f 2602/307/65 2603/873/65 2601/874/66
f 2603/873/65 2602/307/65 2604/309/64
f 2604/309/64 2605/872/64 2603/873/65
f 2605/872/64 2604/309/64 2606/311/63
f 2606/311/63 2607/871/63 2605/872/64
f 2607/871/63 2606/311/63 2608/313/62
f 2608/313/62 2609/870/62 2607/871/63
f 2609/870/62 2608/313/62 2610/315/5
f 2610/315/5 2611/869/5 2609/870/62
f 2611/869/5 2610/315/5 2612/317/61
f 2612/317/61 2613/868/61 2611/869/5
f 2613/868/61 2612/317/61 2614/319/60
f 2614/319/60 2615/867/60 2613/868/61
f 2615/867/60 2614/319/60 2616/321/59
f 2616/321/59 2617/866/59 2615/867/60
f 2617/866/59 2616/321/59 2618/323/58
f 2618/323/58 2619/865/58 2617/866/59
f 2619/865/58 2618/323/58 2620/325/57
f 2620/325/57 2621/864/57 2619/865/58
f 2621/864/57 2620/325/57 2622/327/56
f 2622/327/56 2623/863/56 2621/864/57
f 2623/863/56 2622/327/56 2624/329/55
f 2624/329/55 2625/862/55 2623/863/56
f 2625/862/55 2624/329/55 2626/331/54
f 2626/331/54 2627/861/54 2625/862/55
f 2627/861/54 2626/331/54 2628/333/53
f 2628/333/53 2629/860/53 2627/861/54
f 2629/860/53 2628/333/53 2630/335/52
f 2630/335/52 2631/859/52 2629/860/53
f 2631/859/52 2630/335/52 2632/337/51
f 2632/337/51 2633/858/51 2631/859/52
f 2633/858/51 2632/337/51 2634/339/50
f 2634/339/50 2635/857/50 2633/858/51
f 2635/857/50 2634/339/50 2636/341/49
f 2636/341/49 2637/856/49 2635/857/50
f 2637/856/49 2636/341/49 2638/343/48
f 2638/343/48 2639/855/48 2637/856/49
f 2639/855/48 2638/343/48 2640/345/47
f 2640/345/47 2641/854/47 2639/855/48
f 2641/854/47 2640/345/47 2642/347/46
f 2642/347/46 2643/853/46 2641/854/47
f 2643/853/46 2642/347/46 2644/349/45
f 2644/349/45 2645/852/45 2643/853/46
f 2645/852/45 2644/349/45 2646/354/44
f 2646/354/44 2647/851/44 2645/852/45
f 2648/270/45 2645/852/45 2647/851/44
f 2647/851/44 2649/277/44 2648/270/45
f 2645/852/45 2648/270/45 2650/268/46
f 2650/268/46 2643/853/46 2645/852/45
f 2643/853/46 2650/268/46 2651/266/47
f 2651/266/47 2641/854/47 2643/853/46
f 2641/854/47 2651/266/47 2652/264/48
f 2652/264/48 2639/855/48 2641/854/47
f 2639/855/48 2652/264/48 2653/262/49
f 2653/262/49 2637/856/49 2639/855/48
f 2637/856/49 2653/262/49 2654/260/50
f 2654/260/50 2635/857/50 2637/856/49
f 2635/857/50 2654/260/50 2655/258/51
f 2655/258/51 2633/858/51 2635/857/50
f 2633/858/51 2655/258/51 2656/256/52
f 2656/256/52 2631/859/52 2633/858/51
f 2631/859/52 2656/256/52 2657/254/53
f 2657/254/53 2629/860/53 2631/859/52
f 2629/860/53 2657/254/53 2658/252/54
f 2658/252/54 2627/861/54 2629/860/53
f 2627/861/54 2658/252/54 2659/250/55
f 2659/250/55 2625/862/55 2627/861/54
f 2625/862/55 2659/250/55 2660/248/56
f 2660/248/56 2623/863/56 2625/862/55
f 2623/863/56 2660/248/56 2661/246/57
f 2661/246/57 2621/864/57 2623/863/56
f 2621/864/57 2661/246/57 2662/244/58
f 2662/244/58 2619/865/58 2621/864/57
f 2619/865/58 2662/244/58 2663/242/59
f 2663/242/59 2617/866/59 2619/865/58
f 2617/866/59 2663/242/59 2664/240/60
f 2664/240/60 2615/867/60 2617/866/59
f 2615/867/60 2664/240/60 2665/238/61
f 2665/238/61 2613/868/61 2615/867/60
f 2613/868/61 2665/238/61 2666/236/5
f 2666/236/5 2611/869/5 2613/868/61
f 2611/869/5 2666/236/5 2667/234/62
f 2667/234/62 2609/870/62 2611/869/5
f 2609/870/62 2667/234/62 2668/232/63
f 2668/232/63 2607/871/63 2609/870/62
f 2607/871/63 2668/232/63 2669/230/64
f 2669/230/64 2605/872/64 2607/871/63
f 2605/872/64 2669/230/64 2670/228/65
f 2670/228/65 2603/873/65 2605/872/64
f 2603/873/65 2670/228/65 2671/226/66
f 2671/226/66 2601/874/66 2603/873/65
f 2601/874/66 2671/226/66 2672/224/67
f 2672/224/67 2599/875/67 2601/874/66
f 2599/875/67 2672/224/67 2673/222/68
f 2673/222/68 2597/876/68 2599/875/67
f 2597/876/68 2673/222/68 2674/220/69
f 2674/220/69 2595/877/69 2597/876/68
f 2595/877/69 2674/220/69 2675/218/70
f 2675/218/70 2593/878/70 2595/877/69
f 2593/878/70 2675/218/70 2676/216/71
f 2676/216/71 2591/879/71 2593/878/70
f 2591/879/71 2676/216/71 2677/214/72
f 2677/214/72 2589/880/72 2591/879/71
f 2589/880/72 2677/214/72 2678/212/82
f 2678/212/82 2587/881/82 2589/880/72
f 2587/881/82 2678/212/82 2679/210/74
f 2679/210/74 2585/882/74 2587/881/82
f 2585/882/74 2679/210/74 2680/208/75
f 2680/208/75 2583/883/75 2585/882/74
f 2583/883/75 2680/208/75 2681/206/76
f 2681/206/76 2581/884/76 2583/883/75
f 2581/884/76 2681/206/76 2682/204/77
f 2682/204/77 2579/885/77 2581/884/76
f 2579/885/77 2682/204/77 2683/201/78
f 2683/201/78 2577/886/78 2579/885/77
f 2577/886/78 2683/201/78 2684/730/84
f 2684/730/84 2575/887/95 2577/886/78
f 2686/924/95 2685/729/84 2687/203/78
f 2687/203/78 2688/923/78 2686/924/95
f 2688/923/78 2687/203/78 2689/205/77
f 2689/205/77 2690/922/77 2688/923/78
f 2690/922/77 2689/205/77 2691/207/76
f 2691/207/76 2692/921/76 2690/922/77
f 2692/921/76 2691/207/76 2693/209/75
f 2693/209/75 2694/920/75 2692/921/76
f 2694/920/75 2693/209/75 2695/211/74
f 2695/211/74 2696/919/74 2694/920/75
f 2696/919/74 2695/211/74 2697/213/82
f 2697/213/82 2698/918/82 2696/919/74
f 2698/918/82 2697/213/82 2699/215/72
f 2699/215/72 2700/917/72 2698/918/82
f 2700/917/72 2699/215/72 2701/217/71
f 2701/217/71 2702/916/71 2700/917/72
f 2702/916/71 2701/217/71 2703/219/70
f 2703/219/70 2704/915/70 2702/916/71
f 2704/915/70 2703/219/70 2705/221/69
f 2705/221/69 2706/914/69 2704/915/70
f 2706/914/69 2705/221/69 2707/223/68
f 2707/223/68 2708/913/68 2706/914/69
f 2708/913/68 2707/223/68 2709/225/67
f 2709/225/67 2710/912/67 2708/913/68
f 2710/912/67 2709/225/67 2711/227/66
f 2711/227/66 2712/911/66 2710/912/67
f 2712/911/66 2711/227/66 2713/229/65
f 2713/229/65 2714/910/65 2712/911/66
f 2714/910/65 2713/229/65 2715/231/64
f 2715/231/64 2716/909/64 2714/910/65
f 2716/909/64 2715/231/64 2717/233/63
f 2717/233/63 2718/908/63 2716/909/64
f 2718/908/63 2717/233/63 2719/235/62
f 2719/235/62 2720/907/62 2718/908/63
f 2720/907/62 2719/235/62 2721/237/5
f 2721/237/5 2722/906/5 2720/907/62
f 2722/906/5 2721/237/5 2723/239/61
f 2723/239/61 2724/905/61 2722/906/5
f 2724/905/61 2723/239/61 2725/241/60
f 2725/241/60 2726/904/60 2724/905/61
f 2726/904/60 2725/241/60 2727/243/59
f 2727/243/59 2728/903/59 2726/904/60
f 2728/903/59 2727/243/59 2729/245/58
f 2729/245/58 2730/902/58 2728/903/59
f 2730/902/58 2729/245/58 2731/247/57
f 2731/247/57 2732/901/57 2730/902/58
f 2732/901/57 2731/247/57 2733/249/56
f 2733/249/56 2734/900/56 2732/901/57
f 2734/900/56 2733/249/56 2735/251/55
f 2735/251/55 2736/899/55 2734/900/56
f 2736/899/55 2735/251/55 2737/253/54
f 2737/253/54 2738/898/54 2736/899/55
f 2738/898/54 2737/253/54 2739/255/53
f 2739/255/53 2740/897/53 2738/898/54
f 2740/897/53 2739/255/53 2741/257/52
f 2741/257/52 2742/896/52 2740/897/53
f 2742/896/52 2741/257/52 2743/259/51
f 2743/259/51 2744/895/51 2742/896/52
f 2744/895/51 2743/259/51 2745/261/50
f 2745/261/50 2746/894/50 2744/895/51
f 2746/894/50 2745/261/50 2747/263/49
f 2747/263/49 2748/893/49 2746/894/50
f 2748/893/49 2747/263/49 2749/265/48
f 2749/265/48 2750/892/48 2748/893/49
f 2750/892/48 2749/265/48 2751/267/47
f 2751/267/47 2752/891/47 2750/892/48
f 2752/891/47 2751/267/47 2753/269/46
f 2753/269/46 2754/890/46 2752/891/47
f 2754/890/46 2753/269/46 2755/271/45
f 2755/271/45 2756/889/45 2754/890/46
f 2756/889/45 2755/271/45 2757/276/44
f 2757/276/44 2758/888/44 2756/889/45
f 2759/192/45 2756/889/45 2758/888/44
f 2758/888/44 2760/199/44 2759/192/45
f 2756/889/45 2759/192/45 2761/190/46
f 2761/190/46 2754/890/46 2756/889/45
f 2754/890/46 2761/190/46 2762/188/47
f 2762/188/47 2752/891/47 2754/890/46
f 2752/891/47 2762/188/47 2763/186/48
f 2763/186/48 2750/892/48 2752/891/47
f 2750/892/48 2763/186/48 2764/184/49
f 2764/184/49 2748/893/49 2750/892/48
f 2748/893/49 2764/184/49 2765/182/50
f 2765/182/50 2746/894/50 2748/893/49
f 2746/894/50 2765/182/50 2766/180/51
f 2766/180/51 2744/895/51 2746/894/50
f 2744/895/51 2766/180/51 2767/178/52
f 2767/178/52 2742/896/52 2744/895/51
f 2742/896/52 2767/178/52 2768/176/53
f 2768/176/53 2740/897/53 2742/896/52
f 2740/897/53 2768/176/53 2769/174/54
f 2769/174/54 2738/898/54 2740/897/53
f 2738/898/54 2769/174/54 2770/172/55
f 2770/172/55 2736/899/55 2738/898/54
f 2736/899/55 2770/172/55 2771/170/56
f 2771/170/56 2734/900/56 2736/899/55
f 2734/900/56 2771/170/56 2772/168/57
f 2772/168/57 2732/901/57 2734/900/56
f 2732/901/57 2772/168/57 2773/166/58
f 2773/166/58 2730/902/58 2732/901/57
f 2730/902/58 2773/166/58 2774/164/59
f 2774/164/59 2728/903/59 2730/902/58
f 2728/903/59 2774/164/59 2775/162/60
f 2775/162/60 2726/904/60 2728/903/59
f 2726/904/60 2775/162/60 2776/160/61
f 2776/160/61 2724/905/61 2726/904/60
f 2724/905/61 2776/160/61 2777/158/5
f 2777/158/5 2722/906/5 2724/905/61
f 2722/906/5 2777/158/5 2778/156/62
f 2778/156/62 2720/907/62 2722/906/5
f 2720/907/62 2778/156/62 2779/154/63
f 2779/154/63 2718/908/63 2720/907/62
f 2718/908/63 2779/154/63 2780/152/64
f 2780/152/64 2716/909/64 2718/908/63
f 2716/909/64 2780/152/64 2781/150/65
f 2781/150/65 2714/910/65 2716/909/64
f 2714/910/65 2781/150/65 2782/148/66
f 2782/148/66 2712/911/66 2714/910/65
f 2712/911/66 2782/148/66 2783/146/67
f 2783/146/67 2710/912/67 2712/911/66
f 2710/912/67 2783/146/67 2784/144/68
f 2784/144/68 2708/913/68 2710/912/67
f 2708/913/68 2784/144/68 2785/142/69
f 2785/142/69 2706/914/69 2708/913/68
f 2706/914/69 2785/142/69 2786/140/70
f 2786/140/70 2704/915/70 2706/914/69
f 2704/915/70 2786/140/70 2787/138/71
f 2787/138/71 2702/916/71 2704/915/70
f 2702/916/71 2787/138/71 2788/136/72
f 2788/136/72 2700/917/72 2702/916/71
f 2700/917/72 2788/136/72 2789/134/82
f 2789/134/82 2698/918/82 2700/917/72
f 2698/918/82 2789/134/82 2790/132/74
f 2790/132/74 2696/919/74 2698/918/82
f 2696/919/74 2790/132/74 2791/130/75
f 2791/130/75 2694/920/75 2696/919/74
f 2694/920/75 2791/130/75 2792/128/76
f 2792/128/76 2692/921/76 2694/920/75
f 2692/921/76 2792/128/76 2793/126/77
f 2793/126/77 2690/922/77 2692/921/76
f 2690/922/77 2793/126/77 2794/123/78
f 2794/123/78 2688/923/78 2690/922/77
f 2688/923/78 2794/123/78 2795/726/84
f 2795/726/84 2686/924/95 2688/923/78
f 2797/961/95 2796/725/84 2798/125/78
f 2798/125/78 2799/960/78 2797/961/95
f 2799/960/78 2798/125/78 2800/127/77
f 2800/127/77 2801/959/77 2799/960/78
f 2801/959/77 2800/127/77 2802/129/76
f 2802/129/76 2803/958/76 2801/959/77
f 2803/958/76 2802/129/76 2804/131/75
f 2804/131/75 2805/957/75 2803/958/76
f 2805/957/75 2804/131/75 2806/133/74
f 2806/133/74 2807/956/74 2805/957/75
f 2807/956/74 2806/133/74 2808/135/82
f 2808/135/82 2809/955/82 2807/956/74
f 2809/955/82 2808/135/82 2810/137/72
f 2810/137/72 2811/954/72 2809/955/82
f 2811/954/72 2810/137/72 2812/139/71
f 2812/139/71 2813/953/71 2811/954/72
f 2813/953/71 2812/139/71 2814/141/70
f 2814/141/70 2815/952/70 2813/953/71
f 2815/952/70 2814/141/70 2816/143/69
f 2816/143/69 2817/951/69 2815/952/70
f 2817/951/69 2816/143/69 2818/145/68
f 2818/145/68 2819/950/68 2817/951/69
f 2819/950/68 2818/145/68 2820/147/67
f 2820/147/67 2821/949/67 2819/950/68
f 2821/949/67 2820/147/67 2822/149/66
f 2822/149/66 2823/948/66 2821/949/67
f 2823/948/66 2822/149/66 2824/151/65
f 2824/151/65 2825/947/65 2823/948/66
f 2825/947/65 2824/151/65 2826/153/64
f 2826/153/64 2827/946/64 2825/947/65
f 2827/946/64 2826/153/64 2828/155/63
f 2828/155/63 2829/945/63 2827/946/64
f 2829/945/63 2828/155/63 2830/157/62
f 2830/157/62 2831/944/62 2829/945/63
f 2831/944/62 2830/157/62 2832/159/5
f 2832/159/5 2833/943/5 2831/944/62
f 2833/943/5 2832/159/5 2834/161/61
f 2834/161/61 2835/942/61 2833/943/5
f 2835/942/61 2834/161/61 2836/163/60
f 2836/163/60 2837/941/60 2835/942/61
f 2837/941/60 2836/163/60 2838/165/59
f 2838/165/59 2839/940/59 2837/941/60
f 2839/940/59 2838/165/59 2840/167/58
f 2840/167/58 2841/939/58 2839/940/59
f 2841/939/58 2840/167/58 2842/169/57
f 2842/169/57 2843/938/57 2841/939/58
f 2843/938/57 2842/169/57 2844/171/56
f 2844/171/56 2845/937/56 2843/938/57
f 2845/937/56 2844/171/56 2846/173/55
f 2846/173/55 2847/936/55 2845/937/56
f 2847/936/55 2846/173/55 2848/175/54
f 2848/175/54 2849/935/54 2847/936/55
f 2849/935/54 2848/175/54 2850/177/53
f 2850/177/53 2851/934/53 2849/935/54
f 2851/934/53 2850/177/53 2852/179/52
f 2852/179/52 2853/933/52 2851/934/53
f 2853/933/52 2852/179/52 2854/181/51
f 2854/181/51 2855/932/51 2853/933/52
f 2855/932/51 2854/181/51 2856/183/50
f 2856/183/50 2857/931/50 2855/932/51
f 2857/931/50 2856/183/50 2858/185/49
f 2858/185/49 2859/930/49 2857/931/50
f 2859/930/49 2858/185/49 2860/187/48
f 2860/187/48 2861/929/48 2859/930/49
f 2861/929/48 2860/187/48 2862/189/47
f 2862/189/47 2863/928/47 2861/929/48
f 2863/928/47 2862/189/47 2864/191/46
f 2864/191/46 2865/927/46 2863/928/47
f 2865/927/46 2864/191/46 2866/193/45
f 2866/193/45 2867/926/45 2865/927/46
f 2867/926/45 2866/193/45 2868/198/44
f 2868/198/44 2869/925/44 2867/926/45
f 2870/114/45 2867/926/45 2869/925/44
f 2869/925/44 2871/121/44 2870/114/45
f 2867/926/45 2870/114/45 2872/112/46
f 2872/112/46 2865/927/46 2867/926/45
f 2865/927/46 2872/112/46 2873/110/47
f 2873/110/47 2863/928/47 2865/927/46
f 2863/928/47 2873/110/47 2874/108/48
f 2874/108/48 2861/929/48 2863/928/47
f 2861/929/48 2874/108/48 2875/106/49
f 2875/106/49 2859/930/49 2861/929/48
f 2859/930/49 2875/106/49 2876/104/50
f 2876/104/50 2857/931/50 2859/930/49
f 2857/931/50 2876/104/50 2877/102/51
f 2877/102/51 2855/932/51 2857/931/50
f 2855/932/51 2877/102/51 2878/100/52
f 2878/100/52 2853/933/52 2855/932/51
f 2853/933/52 2878/100/52 2879/98/53
f 2879/98/53 2851/934/53 2853/933/52
f 2851/934/53 2879/98/53 2880/96/54
f 2880/96/54 2849/935/54 2851/934/53
f 2849/935/54 2880/96/54 2881/94/55
f 2881/94/55 2847/936/55 2849/935/54
f 2847/936/55 2881/94/55 2882/92/56
f 2882/92/56 2845/937/56 2847/936/55
f 2845/937/56 2882/92/56 2883/90/57
f 2883/90/57 2843/938/57 2845/937/56
f 2843/938/57 2883/90/57 2884/88/58
f 2884/88/58 2841/939/58 2843/938/57
f 2841/939/58 2884/88/58 2885/86/59
f 2885/86/59 2839/940/59 2841/939/58
f 2839/940/59 2885/86/59 2886/84/60
f 2886/84/60 2837/941/60 2839/940/59
f 2837/941/60 2886/84/60 2887/82/61
f 2887/82/61 2835/942/61 2837/941/60
f 2835/942/61 2887/82/61 2888/80/5
f 2888/80/5 2833/943/5 2835/942/61
f 2833/943/5 2888/80/5 2889/78/62
f 2889/78/62 2831/944/62 2833/943/5
f 2831/944/62 2889/78/62 2890/76/63
f 2890/76/63 2829/945/63 2831/944/62
f 2829/945/63 2890/76/63 2891/74/64
f 2891/74/64 2827/946/64 2829/945/63
f 2827/946/64 2891/74/64 2892/72/65
f 2892/72/65 2825/947/65 2827/946/64
f 2825/947/65 2892/72/65 2893/70/66
f 2893/70/66 2823/948/66 2825/947/65
f 2823/948/66 2893/70/66 2894/68/67
f 2894/68/67 2821/949/67 2823/948/66
f 2821/949/67 2894/68/67 2895/66/68
f 2895/66/68 2819/950/68 2821/949/67
f 2819/950/68 2895/66/68 2896/64/69
f 2896/64/69 2817/951/69 2819/950/68
f 2817/951/69 2896/64/69 2897/62/70
f 2897/62/70 2815/952/70 2817/951/69
f 2815/952/70 2897/62/70 2898/60/71
f 2898/60/71 2813/953/71 2815/952/70
f 2813/953/71 2898/60/71 2899/58/72
f 2899/58/72 2811/954/72 2813/953/71
f 2811/954/72 2899/58/72 2900/56/82
f 2900/56/82 2809/955/82 2811/954/72
f 2809/955/82 2900/56/82 2901/54/74
f 2901/54/74 2807/956/74 2809/955/82
f 2807/956/74 2901/54/74 2902/52/75
f 2902/52/75 2805/957/75 2807/956/74
f 2805/957/75 2902/52/75 2903/50/76
f 2903/50/76 2803/958/76 2805/957/75
f 2803/958/76 2903/50/76 2904/48/77
f 2904/48/77 2801/959/77 2803/958/76
f 2801/959/77 2904/48/77 2905/45/78
f 2905/45/78 2799/960/78 2801/959/77
f 2799/960/78 2905/45/78 2906/722/84
f 2906/722/84 2797/961/95 2799/960/78
f 2908/998/95 2907/721/84 2909/47/78
f 2909/47/78 2910/997/78 2908/998/95
f 2910/997/78 2909/47/78 2911/49/77
f 2911/49/77 2912/996/77 2910/997/78
f 2912/996/77 2911/49/77 2913/51/76
f 2913/51/76 2914/995/76 2912/996/77
f 2914/995/76 2913/51/76 2915/53/75
f 2915/53/75 2916/994/75 2914/995/76
f 2916/994/75 2915/53/75 2917/55/74
f 2917/55/74 2918/993/74 2916/994/75
f 2918/993/74 2917/55/74 2919/57/82
f 2919/57/82 2920/992/82 2918/993/74
f 2920/992/82 2919/57/82 2921/59/72
f 2921/59/72 2922/991/72 2920/992/82
f 2922/991/72 2921/59/72 2923/61/71
f 2923/61/71 2924/990/71 2922/991/72
f 2924/990/71 2923/61/71 2925/63/70
f 2925/63/70 2926/989/70 2924/990/71
f 2926/989/70 2925/63/70 2927/65/69
f 2927/65/69 2928/988/69 2926/989/70
f 2928/988/69 2927/65/69 2929/67/68
f 2929/67/68 2930/987/68 2928/988/69
f 2930/987/68 2929/67/68 2931/69/67
f 2931/69/67 2932/986/67 2930/987/68
f 2932/986/67 2931/69/67 2933/71/66
f 2933/71/66 2934/985/66 2932/986/67
f 2934/985/66 2933/71/66 2935/73/65
f 2935/73/65 2936/984/65 2934/985/66
f 2936/984/65 2935/73/65 2937/75/64
f 2937/75/64 2938/983/64 2936/984/65
f 2938/983/64 2937/75/64 2939/77/63
f 2939/77/63 2940/982/63 2938/983/64
f 2940/982/63 2939/77/63 2941/79/62
f 2941/79/62 2942/981/62 2940/982/63
f 2942/981/62 2941/79/62 2943/81/5
f 2943/81/5 2944/980/5 2942/981/62
f 2944/980/5 2943/81/5 2945/83/61
f 2945/83/61 2946/979/61 2944/980/5
f 2946/979/61 2945/83/61 2947/85/60
f 2947/85/60 2948/978/60 2946/979/61
f 2948/978/60 2947/85/60 2949/87/59
f 2949/87/59 2950/977/59 2948/978/60
f 2950/977/59 2949/87/59 2951/89/58
f 2951/89/58 2952/976/58 2950/977/59
f 2952/976/58 2951/89/58 2953/91/57
f 2953/91/57 2954/975/57 2952/976/58
f 2954/975/57 2953/91/57 2955/93/56
f 2955/93/56 2956/974/56 2954/975/57
f 2956/974/56 2955/93/56 2957/95/55
f 2957/95/55 2958/973/55 2956/974/56
f 2958/973/55 2957/95/55 2959/97/54
f 2959/97/54 2960/972/54 2958/973/55
f 2960/972/54 2959/97/54 2961/99/53
f 2961/99/53 2962/971/53 2960/972/54
f 2962/971/53 2961/99/53 2963/101/52
f 2963/101/52 2964/970/52 2962/971/53
f 2964/970/52 2963/101/52 2965/103/51
f 2965/103/51 2966/969/51 2964/970/52
f 2966/969/51 2965/103/51 2967/105/50
f 2967/105/50 2968/968/50 2966/969/51
f 2968/968/50 2967/105/50 2969/107/49
f 2969/107/49 2970/967/49 2968/968/50
f 2970/967/49 2969/107/49 2971/109/48
f 2971/109/48 2972/966/48 2970/967/49
f 2972/966/48 2971/109/48 2973/111/47
f 2973/111/47 2974/965/47 2972/966/48
f 2974/965/47 2973/111/47 2975/113/46
f 2975/113/46 2976/964/46 2974/965/47
f 2976/964/46 2975/113/46 2977/115/45
f 2977/115/45 2978/963/45 2976/964/46
f 2978/963/45 2977/115/45 2979/120/44
f 2979/120/44 2980/962/44 2978/963/45
f 2981/504/45 2978/963/45 2980/962/44
f 2980/962/44 2982/513/44 2981/504/45
f 2978/963/45 2981/504/45 2983/502/46
f 2983/502/46 2976/964/46 2978/963/45
f 2976/964/46 2983/502/46 2984/500/47
f 2984/500/47 2974/965/47 2976/964/46
f 2974/965/47 2984/500/47 2985/498/48
f 2985/498/48 2972/966/48 2974/965/47
f 2972/966/48 2985/498/48 2986/496/49
f 2986/496/49 2970/967/49 2972/966/48
f 2970/967/49 2986/496/49 2987/494/50
f 2987/494/50 2968/968/50 2970/967/49
f 2968/968/50 2987/494/50 2988/492/51
f 2988/492/51 2966/969/51 2968/968/50
f 2966/969/51 2988/492/51 2989/490/52
f 2989/490/52 2964/970/52 2966/969/51
f 2964/970/52 2989/490/52 2990/488/53
f 2990/488/53 2962/971/53 2964/970/52
f 2962/971/53 2990/488/53 2991/486/54
f 2991/486/54 2960/972/54 2962/971/53
f 2960/972/54 2991/486/54 2992/484/55
f 2992/484/55 2958/973/55 2960/972/54
f 2958/973/55 2992/484/55 2993/482/56
f 2993/482/56 2956/974/56 2958/973/55
f 2956/974/56 2993/482/56 2994/480/57
f 2994/480/57 2954/975/57 2956/974/56
f 2954/975/57 2994/480/57 2995/478/58
f 2995/478/58 2952/976/58 2954/975/57
f 2952/976/58 2995/478/58 2996/476/59
f 2996/476/59 2950/977/59 2952/976/58
f 2950/977/59 2996/476/59 2997/474/60
f 2997/474/60 2948/978/60 2950/977/59
f 2948/978/60 2997/474/60 2998/472/61
f 2998/472/61 2946/979/61 2948/978/60
f 2946/979/61 2998/472/61 2999/470/5
f 2999/470/5 2944/980/5 2946/979/61
f 2944/980/5 2999/470/5 3000/468/62
f 3000/468/62 2942/981/62 2944/980/5
f 2942/981/62 3000/468/62 3001/466/63
f 3001/466/63 2940/982/63 2942/981/62
f 2940/982/63 3001/466/63 3002/464/64
f 3002/464/64 2938/983/64 2940/982/63
f 2938/983/64 3002/464/64 3003/462/65
f 3003/462/65 2936/984/65 2938/983/64
f 2936/984/65 3003/462/65 3004/460/66
f 3004/460/66 2934/985/66 2936/984/65
f 2934/985/66 3004/460/66 3005/458/67
f 3005/458/67 2932/986/67 2934/985/66
f 2932/986/67 3005/458/67 3006/456/68
f 3006/456/68 2930/987/68 2932/986/67
f 2930/987/68 3006/456/68 3007/454/69
f 3007/454/69 2928/988/69 2930/987/68
f 2928/988/69 3007/454/69 3008/452/70
f 3008/452/70 2926/989/70 2928/988/69
f 2926/989/70 3008/452/70 3009/450/71
f 3009/450/71 2924/990/71 2926/989/70
f 2924/990/71 3009/450/71 3010/448/72
f 3010/448/72 2922/991/72 2924/990/71
f 2922/991/72 3010/448/72 3011/446/82
f 3011/446/82 2920/992/82 2922/991/72
f 2920/992/82 3011/446/82 3012/444/74
f 3012/444/74 2918/993/74 2920/992/82
f 2918/993/74 3012/444/74 3013/442/75
f 3013/442/75 2916/994/75 2918/993/74
f 2916/994/75 3013/442/75 3014/440/76
f 3014/440/76 2914/995/76 2916/994/75
f 2914/995/76 3014/440/76 3015/438/77
f 3015/438/77 2912/996/77 2914/995/76
f 2912/996/77 3015/438/77 3016/435/78
f 3016/435/78 2910/997/78 2912/996/77
f 2910/997/78 3016/435/78 3017/515/84
f 3017/515/84 2908/998/95 2910/997/78
f 3019/1035/94 3018/514/84 3020/437/78
f 3020/437/78 3021/1034/78 3019/1035/94
f 3021/1034/78 3020/437/78 3022/439/77
f 3022/439/77 3023/1033/77 3021/1034/78
f 3023/1033/77 3022/439/77 3024/441/76
f 3024/441/76 3025/1032/76 3023/1033/77
f 3025/1032/76 3024/441/76 3026/443/75
f 3026/443/75 3027/1031/75 3025/1032/76
f 3027/1031/75 3026/443/75 3028/445/74
f 3028/445/74 3029/1030/74 3027/1031/75
f 3029/1030/74 3028/445/74 3030/447/82
f 3030/447/82 3031/1029/82 3029/1030/74
f 3031/1029/82 3030/447/82 3032/449/72
f 3032/449/72 3033/1028/72 3031/1029/82
f 3033/1028/72 3032/449/72 3034/451/71
f 3034/451/71 3035/1027/71 3033/1028/72
f 3035/1027/71 3034/451/71 3036/453/70
f 3036/453/70 3037/1026/70 3035/1027/71
f 3037/1026/70 3036/453/70 3038/455/69
f 3038/455/69 3039/1025/69 3037/1026/70
f 3039/1025/69 3038/455/69 3040/457/68
f 3040/457/68 3041/1024/68 3039/1025/69
f 3041/1024/68 3040/457/68 3042/459/67
f 3042/459/67 3043/1023/67 3041/1024/68
f 3043/1023/67 3042/459/67 3044/461/66
f 3044/461/66 3045/1022/66 3043/1023/67
f 3045/1022/66 3044/461/66 3046/463/65
f 3046/463/65 3047/1021/65 3045/1022/66
f 3047/1021/65 3046/463/65 3048/465/64
f 3048/465/64 3049/1020/64 3047/1021/65
f 3049/1020/64 3048/465/64 3050/467/63
f 3050/467/63 3051/1019/63 3049/1020/64
f 3051/1019/63 3050/467/63 3052/469/62
f 3052/469/62 3053/1018/62 3051/1019/63
f 3053/1018/62 3052/469/62 3054/471/5
f 3054/471/5 3055/1017/5 3053/1018/62
f 3055/1017/5 3054/471/5 3056/473/61
f 3056/473/61 3057/1016/61 3055/1017/5
f 3057/1016/61 3056/473/61 3058/475/60
f 3058/475/60 3059/1015/60 3057/1016/61
f 3059/1015/60 3058/475/60 3060/477/59
f 3060/477/59 3061/1014/59 3059/1015/60
f 3061/1014/59 3060/477/59 3062/479/58
f 3062/479/58 3063/1013/58 3061/1014/59
f 3063/1013/58 3062/479/58 3064/481/57
f 3064/481/57 3065/1012/57 3063/1013/58
f 3065/1012/57 3064/481/57 3066/483/56
f 3066/483/56 3067/1011/56 3065/1012/57
f 3067/1011/56 3066/483/56 3068/485/55
f 3068/485/55 3069/1010/55 3067/1011/56
f 3069/1010/55 3068/485/55 3070/487/54
f 3070/487/54 3071/1009/54 3069/1010/55
f 3071/1009/54 3070/487/54 3072/489/53
f 3072/489/53 3073/1008/53 3071/1009/54
f 3073/1008/53 3072/489/53 3074/491/52
f 3074/491/52 3075/1007/52 3073/1008/53
f 3075/1007/52 3074/491/52 3076/493/51
f 3076/493/51 3077/1006/51 3075/1007/52
f 3077/1006/51 3076/493/51 3078/495/50
f 3078/495/50 3079/1005/50 3077/1006/51
f 3079/1005/50 3078/495/50 3080/497/49
f 3080/497/49 3081/1004/49 3079/1005/50
f 3081/1004/49 3080/497/49 3082/499/48
f 3082/499/48 3083/1003/48 3081/1004/49
f 3083/1003/48 3082/499/48 3084/501/47
f 3084/501/47 3085/1002/47 3083/1003/48
f 3085/1002/47 3084/501/47 3086/503/46
f 3086/503/46 3087/1001/46 3085/1002/47
f 3087/1001/46 3086/503/46 3088/505/45
f 3088/505/45 3089/1000/45 3087/1001/46
f 3089/1000/45 3088/505/45 3090/512/44
f 3090/512/44 3091/999/44 3089/1000/45
f 1760/1036/93 1446/3/87 1520/6/92
f 1520/6/92 2391/1037/94 1760/1036/93
f 1762/1038/93 1760/1036/93 2391/1037/94
f 2391/1037/94 2464/1039/95 1762/1038/93
f 1873/1040/93 1762/1038/93 2464/1039/95
f 2464/1039/95 2575/1041/95 1873/1040/93
f 1984/1042/93 1873/1040/93 2575/1041/95
f 2575/1041/95 2686/1043/95 1984/1042/93
f 2095/1044/93 1984/1042/93 2686/1043/95
f 2686/1043/95 2797/1045/95 2095/1044/93
f 2206/742/93 2095/1044/93 2797/1045/95
f 2797/1045/95 2908/741/95 2206/742/93
f 2317/1046/93 2206/742/93 2908/741/95
f 2908/741/95 3019/1047/94 2317/1046/93
f 2536/1045/44 2535/428/44 1835/429/9
f 1835/429/9 1834/1044/9 2536/1045/44
f 2538/353/44 2536/1045/44 1834/1044/9
f 1834/1044/9 1836/352/9 2538/353/44
f 647/358/6 1689/358/6 1691/357/6
f 1691/357/6 646/357/6 647/358/6
f 646/357/6 1691/357/6 1693/360/6
f 1693/360/6 649/360/6 646/357/6
f 649/360/6 1693/360/6 1695/362/6
f 1695/362/6 651/362/6 649/360/6
f 651/362/6 1695/362/6 1697/364/6
f 1697/364/6 653/364/6 651/362/6
f 653/364/6 1697/364/6 1699/366/6
f 1699/366/6 655/366/6 653/364/6
f 655/366/6 1699/366/6 1701/368/6
f 1701/368/6 657/368/6 655/366/6
f 657/368/6 1701/368/6 1703/370/6
f 1703/370/6 659/370/6 657/368/6
f 659/370/6 1703/370/6 1705/372/6
f 1705/372/6 661/372/6 659/370/6
f 661/372/6 1705/372/6 1707/374/6
f 1707/374/6 663/374/6 661/372/6
f 663/374/6 1707/374/6 1709/376/6
f 1709/376/6 665/376/6 663/374/6
f 665/376/6 1709/376/6 1711/378/6
f 1711/378/6 667/378/6 665/376/6
f 667/378/6 1711/378/6 1713/380/6
f 1713/380/6 669/380/6 667/378/6
f 669/380/6 1713/380/6 1715/382/6
f 1715/382/6 671/382/6 669/380/6
f 671/382/6 1715/382/6 1717/384/6
f 1717/384/6 673/384/6 671/382/6
f 673/384/6 1717/384/6 1719/386/6
f 1719/386/6 675/386/6 673/384/6
f 675/386/6 1719/386/6 1721/388/6
f 1721/388/6 677/388/6 675/386/6
f 677/388/6 1721/388/6 1723/390/6
f 1723/390/6 679/390/6 677/388/6
f 679/390/6 1723/390/6 1725/392/6
f 1725/392/6 681/392/6 679/390/6
f 681/392/6 1725/392/6 1727/394/6
f 1727/394/6 683/394/6 681/392/6
f 683/394/6 1727/394/6 1729/396/6
f 1729/396/6 685/396/6 683/394/6
f 685/396/6 1729/396/6 1731/398/6
f 1731/398/6 687/398/6 685/396/6
f 687/398/6 1731/398/6 1733/400/6
f 1733/400/6 689/400/6 687/398/6
f 689/400/6 1733/400/6 1735/402/6
f 1735/402/6 691/402/6 689/400/6
f 691/402/6 1735/402/6 1737/404/6
f 1737/404/6 693/404/6 691/402/6
f 693/404/6 1737/404/6 1739/406/6
f 1739/406/6 695/406/6 693/404/6
f 695/406/6 1739/406/6 1741/408/6
f 1741/408/6 697/408/6 695/406/6
f 697/408/6 1741/408/6 1743/410/6
f 1743/410/6 699/410/6 697/408/6
f 699/410/6 1743/410/6 1745/412/6
f 1745/412/6 701/412/6 699/410/6
f 701/412/6 1745/412/6 1747/414/6
f 1747/414/6 703/414/6 701/412/6
f 703/414/6 1747/414/6 1749/416/6
f 1749/416/6 705/416/6 703/414/6
f 705/416/6 1749/416/6 1751/418/6
f 1751/418/6 707/418/6 705/416/6
f 707/418/6 1751/418/6 1753/420/6
f 1753/420/6 709/420/6 707/418/6
f 709/420/6 1753/420/6 1755/422/6
f 1755/422/6 711/422/6 709/420/6
f 711/422/6 1755/422/6 1757/424/6
f 1757/424/6 713/424/6 711/422/6
f 713/424/6 1757/424/6 1759/426/6
f 1759/426/6 715/426/6 713/424/6
f 715/426/6 1759/426/6 1761/740/6
f 1761/740/6 1685/740/6 715/426/6
f 1835/356/1 645/356/1 648/359/1
f 648/359/1 1833/359/1 1835/356/1
f 1833/359/1 648/359/1 650/361/1
f 650/361/1 1831/361/1 1833/359/1
f 1831/361/1 650/361/1 652/363/1
f 652/363/1 1829/363/1 1831/361/1
f 1829/363/1 652/363/1 654/365/1
f 654/365/1 1827/365/1 1829/363/1
f 1827/365/1 654/365/1 656/367/1
f 656/367/1 1825/367/1 1827/365/1
f 1825/367/1 656/367/1 658/369/1
f 658/369/1 1823/369/1 1825/367/1
f 1823/369/1 658/369/1 660/371/1
f 660/371/1 1821/371/1 1823/369/1
f 1821/371/1 660/371/1 662/373/1
f 662/373/1 1819/373/1 1821/371/1
f 1819/373/1 662/373/1 664/375/1
f 664/375/1 1817/375/1 1819/373/1
f 1817/375/1 664/375/1 666/377/1
f 666/377/1 1815/377/1 1817/375/1
f 1815/377/1 666/377/1 668/379/1
f 668/379/1 1813/379/1 1815/377/1
f 1813/379/1 668/379/1 670/381/1
f 670/381/1 1811/381/1 1813/379/1
f 1811/381/1 670/381/1 672/383/1
f 672/383/1 1809/383/1 1811/381/1
f 1809/383/1 672/383/1 674/385/1
f 674/385/1 1807/385/1 1809/383/1
f 1807/385/1 674/385/1 676/387/1
f 676/387/1 1805/387/1 1807/385/1
f 1805/387/1 676/387/1 678/389/1
f 678/389/1 1803/389/1 1805/387/1
f 1803/389/1 678/389/1 680/391/1
f 680/391/1 1801/391/1 1803/389/1
f 1801/391/1 680/391/1 682/393/1
f 682/393/1 1799/393/1 1801/391/1
f 1799/393/1 682/393/1 684/395/1
f 684/395/1 1797/395/1 1799/393/1
f 1797/395/1 684/395/1 686/397/1
f 686/397/1 1795/397/1 1797/395/1
f 1795/397/1 686/397/1 688/399/1
f 688/399/1 1793/399/1 1795/397/1
f 1793/399/1 688/399/1 690/401/1
f 690/401/1 1791/401/1 1793/399/1
f 1791/401/1 690/401/1 692/403/1
f 692/403/1 1789/403/1 1791/401/1
f 1789/403/1 692/403/1 694/405/1
f 694/405/1 1787/405/1 1789/403/1
f 1787/405/1 694/405/1 696/407/1
f 696/407/1 1785/407/1 1787/405/1
f 1785/407/1 696/407/1 698/409/1
f 698/409/1 1783/409/1 1785/407/1
f 1783/409/1 698/409/1 700/411/1
f 700/411/1 1781/411/1 1783/409/1
f 1781/411/1 700/411/1 702/413/1
f 702/413/1 1779/413/1 1781/411/1
f 1779/413/1 702/413/1 704/415/1
f 704/415/1 1777/415/1 1779/413/1
f 1777/415/1 704/415/1 706/417/1
f 706/417/1 1775/417/1 1777/415/1
f 1775/417/1 706/417/1 708/419/1
f 708/419/1 1773/419/1 1775/417/1
f 1773/419/1 708/419/1 710/421/1
f 710/421/1 1771/421/1 1773/419/1
f 1771/421/1 710/421/1 712/423/1
f 712/423/1 1769/423/1 1771/421/1
f 1769/423/1 712/423/1 714/425/1
f 714/425/1 1767/425/1 1769/423/1
f 1767/425/1 714/425/1 716/427/1
f 716/427/1 1765/427/1 1767/425/1
f 1765/427/1 716/427/1 1684/739/1
f 1684/739/1 1763/739/1 1765/427/1
f 1689/430/6 647/430/6 718/431/6
f 718/431/6 1688/431/6 1689/430/6
f 2535/428/1 717/428/1 645/429/1
f 645/429/1 1835/429/1 2535/428/1
f 1688/433/6 718/433/6 720/426/6
f 720/426/6 2427/426/6 1688/433/6
f 2427/426/6 720/426/6 722/424/6
f 722/424/6 2428/424/6 2427/426/6
f 2428/424/6 722/424/6 724/422/6
f 724/422/6 2429/422/6 2428/424/6
f 2429/422/6 724/422/6 726/420/6
f 726/420/6 2430/420/6 2429/422/6
f 2430/420/6 726/420/6 728/418/6
f 728/418/6 2431/418/6 2430/420/6
f 2431/418/6 728/418/6 730/416/6
f 730/416/6 2432/416/6 2431/418/6
f 2432/416/6 730/416/6 732/414/6
f 732/414/6 2433/414/6 2432/416/6
f 2433/414/6 732/414/6 734/412/6
f 734/412/6 2434/412/6 2433/414/6
f 2434/412/6 734/412/6 736/410/6
f 736/410/6 2435/410/6 2434/412/6
f 2435/410/6 736/410/6 738/408/6
f 738/408/6 2436/408/6 2435/410/6
f 2436/408/6 738/408/6 740/406/6
f 740/406/6 2437/406/6 2436/408/6
f 2437/406/6 740/406/6 742/404/6
f 742/404/6 2438/404/6 2437/406/6
f 2438/404/6 742/404/6 744/402/6
f 744/402/6 2439/402/6 2438/404/6
f 2439/402/6 744/402/6 746/400/6
f 746/400/6 2440/400/6 2439/402/6
f 2440/400/6 746/400/6 748/398/6
f 748/398/6 2441/398/6 2440/400/6
f 2441/398/6 748/398/6 750/396/6
f 750/396/6 2442/396/6 2441/398/6
f 2442/396/6 750/396/6 752/394/6
f 752/394/6 2443/394/6 2442/396/6
f 2443/394/6 752/394/6 754/392/6
f 754/392/6 2444/392/6 2443/394/6
f 2444/392/6 754/392/6 756/390/6
f 756/390/6 2445/390/6 2444/392/6
f 2445/390/6 756/390/6 758/388/6
f 758/388/6 2446/388/6 2445/390/6
f 2446/388/6 758/388/6 760/386/6
f 760/386/6 2447/386/6 2446/388/6
f 2447/386/6 760/386/6 762/384/6
f 762/384/6 2448/384/6 2447/386/6
f 2448/384/6 762/384/6 764/382/6
f 764/382/6 2449/382/6 2448/384/6
f 2449/382/6 764/382/6 766/380/6
f 766/380/6 2450/380/6 2449/382/6
f 2450/380/6 766/380/6 768/378/6
f 768/378/6 2451/378/6 2450/380/6
f 2451/378/6 768/378/6 770/376/6
f 770/376/6 2452/376/6 2451/378/6
f 2452/376/6 770/376/6 772/374/6
f 772/374/6 2453/374/6 2452/376/6
f 2453/374/6 772/374/6 774/372/6
f 774/372/6 2454/372/6 2453/374/6
f 2454/372/6 774/372/6 776/370/6
f 776/370/6 2455/370/6 2454/372/6
f 2455/370/6 776/370/6 778/368/6
f 778/368/6 2456/368/6 2455/370/6
f 2456/368/6 778/368/6 780/366/6
f 780/366/6 2457/366/6 2456/368/6
f 2457/366/6 780/366/6 782/364/6
f 782/364/6 2458/364/6 2457/366/6
f 2458/364/6 782/364/6 784/362/6
f 784/362/6 2459/362/6 2458/364/6
f 2459/362/6 784/362/6 786/360/6
f 786/360/6 2460/360/6 2459/362/6
f 2460/360/6 786/360/6 788/357/6
f 788/357/6 2461/357/6 2460/360/6
f 2461/357/6 788/357/6 1683/738/6
f 1683/738/6 2462/738/6 2461/357/6
f 717/432/1 2535/432/1 2533/427/1
f 2533/427/1 719/427/1 717/432/1
f 719/427/1 2533/427/1 2531/425/1
f 2531/425/1 721/425/1 719/427/1
f 721/425/1 2531/425/1 2529/423/1
f 2529/423/1 723/423/1 721/425/1
f 723/423/1 2529/423/1 2527/421/1
f 2527/421/1 725/421/1 723/423/1
f 725/421/1 2527/421/1 2525/419/1
f 2525/419/1 727/419/1 725/421/1
f 727/419/1 2525/419/1 2523/417/1
f 2523/417/1 729/417/1 727/419/1
f 729/417/1 2523/417/1 2521/415/1
f 2521/415/1 731/415/1 729/417/1
f 731/415/1 2521/415/1 2519/413/1
f 2519/413/1 733/413/1 731/415/1
f 733/413/1 2519/413/1 2517/411/1
f 2517/411/1 735/411/1 733/413/1
f 735/411/1 2517/411/1 2515/409/1
f 2515/409/1 737/409/1 735/411/1
f 737/409/1 2515/409/1 2513/407/1
f 2513/407/1 739/407/1 737/409/1
f 739/407/1 2513/407/1 2511/405/1
f 2511/405/1 741/405/1 739/407/1
f 741/405/1 2511/405/1 2509/403/1
f 2509/403/1 743/403/1 741/405/1
f 743/403/1 2509/403/1 2507/401/1
f 2507/401/1 745/401/1 743/403/1
f 745/401/1 2507/401/1 2505/399/1
f 2505/399/1 747/399/1 745/401/1
f 747/399/1 2505/399/1 2503/397/1
f 2503/397/1 749/397/1 747/399/1
f 749/397/1 2503/397/1 2501/395/1
f 2501/395/1 751/395/1 749/397/1
f 751/395/1 2501/395/1 2499/393/1
f 2499/393/1 753/393/1 751/395/1
f 753/393/1 2499/393/1 2497/391/1
f 2497/391/1 755/391/1 753/393/1
f 755/391/1 2497/391/1 2495/389/1
f 2495/389/1 757/389/1 755/391/1
f 757/389/1 2495/389/1 2493/387/1
f 2493/387/1 759/387/1 757/389/1
f 759/387/1 2493/387/1 2491/385/1
f 2491/385/1 761/385/1 759/387/1
f 761/385/1 2491/385/1 2489/383/1
f 2489/383/1 763/383/1 761/385/1
f 763/383/1 2489/383/1 2487/381/1
f 2487/381/1 765/381/1 763/383/1
f 765/381/1 2487/381/1 2485/379/1
f 2485/379/1 767/379/1 765/381/1
f 767/379/1 2485/379/1 2483/377/1
f 2483/377/1 769/377/1 767/379/1
f 769/377/1 2483/377/1 2481/375/1
f 2481/375/1 771/375/1 769/377/1
f 771/375/1 2481/375/1 2479/373/1
f 2479/373/1 773/373/1 771/375/1
f 773/373/1 2479/373/1 2477/371/1
f 2477/371/1 775/371/1 773/373/1
f 775/371/1 2477/371/1 2475/369/1
f 2475/369/1 777/369/1 775/371/1
f 777/369/1 2475/369/1 2473/367/1
f 2473/367/1 779/367/1 777/369/1
f 779/367/1 2473/367/1 2471/365/1
f 2471/365/1 781/365/1 779/367/1
f 781/365/1 2471/365/1 2469/363/1
f 2469/363/1 783/363/1 781/365/1
f 783/363/1 2469/363/1 2467/361/1
f 2467/361/1 785/361/1 783/363/1
f 785/361/1 2467/361/1 2465/359/1
f 2465/359/1 787/359/1 785/361/1
f 787/359/1 2465/359/1 2463/737/1
f 2463/737/1 1682/737/1 787/359/1
f 2462/738/96 1683/738/96 1682/737/96
f 1682/737/96 2463/737/96 2462/738/96
f 1763/739/97 1684/739/97 1685/740/97
f 1685/740/97 1761/740/97 1763/739/97
f 2647/1043/44 2646/350/44 1946/351/9
f 1946/351/9 1945/1042/9 2647/1043/44
f 2649/275/44 2647/1043/44 1945/1042/9
f 1945/1042/9 1947/274/9 2649/275/44
f 503/280/6 1836/280/6 1837/279/6
f 1837/279/6 502/279/6 503/280/6
f 502/279/6 1837/279/6 1838/282/6
f 1838/282/6 505/282/6 502/279/6
f 505/282/6 1838/282/6 1839/284/6
f 1839/284/6 507/284/6 505/282/6
f 507/284/6 1839/284/6 1840/286/6
f 1840/286/6 509/286/6 507/284/6
f 509/286/6 1840/286/6 1841/288/6
f 1841/288/6 511/288/6 509/286/6
f 511/288/6 1841/288/6 1842/290/6
f 1842/290/6 513/290/6 511/288/6
f 513/290/6 1842/290/6 1843/292/6
f 1843/292/6 515/292/6 513/290/6
f 515/292/6 1843/292/6 1844/294/6
f 1844/294/6 517/294/6 515/292/6
f 517/294/6 1844/294/6 1845/296/6
f 1845/296/6 519/296/6 517/294/6
f 519/296/6 1845/296/6 1846/298/6
f 1846/298/6 521/298/6 519/296/6
f 521/298/6 1846/298/6 1847/300/6
f 1847/300/6 523/300/6 521/298/6
f 523/300/6 1847/300/6 1848/302/6
f 1848/302/6 525/302/6 523/300/6
f 525/302/6 1848/302/6 1849/304/6
f 1849/304/6 527/304/6 525/302/6
f 527/304/6 1849/304/6 1850/306/6
f 1850/306/6 529/306/6 527/304/6
f 529/306/6 1850/306/6 1851/308/6
f 1851/308/6 531/308/6 529/306/6
f 531/308/6 1851/308/6 1852/310/6
f 1852/310/6 533/310/6 531/308/6
f 533/310/6 1852/310/6 1853/312/6
f 1853/312/6 535/312/6 533/310/6
f 535/312/6 1853/312/6 1854/314/6
f 1854/314/6 537/314/6 535/312/6
f 537/314/6 1854/314/6 1855/316/6
f 1855/316/6 539/316/6 537/314/6
f 539/316/6 1855/316/6 1856/318/6
f 1856/318/6 541/318/6 539/316/6
f 541/318/6 1856/318/6 1857/320/6
f 1857/320/6 543/320/6 541/318/6
f 543/320/6 1857/320/6 1858/322/6
f 1858/322/6 545/322/6 543/320/6
f 545/322/6 1858/322/6 1859/324/6
f 1859/324/6 547/324/6 545/322/6
f 547/324/6 1859/324/6 1860/326/6
f 1860/326/6 549/326/6 547/324/6
f 549/326/6 1860/326/6 1861/328/6
f 1861/328/6 551/328/6 549/326/6
f 551/328/6 1861/328/6 1862/330/6
f 1862/330/6 553/330/6 551/328/6
f 553/330/6 1862/330/6 1863/332/6
f 1863/332/6 555/332/6 553/330/6
f 555/332/6 1863/332/6 1864/334/6
f 1864/334/6 557/334/6 555/332/6
f 557/334/6 1864/334/6 1865/336/6
f 1865/336/6 559/336/6 557/334/6
f 559/336/6 1865/336/6 1866/338/6
f 1866/338/6 561/338/6 559/336/6
f 561/338/6 1866/338/6 1867/340/6
f 1867/340/6 563/340/6 561/338/6
f 563/340/6 1867/340/6 1868/342/6
f 1868/342/6 565/342/6 563/340/6
f 565/342/6 1868/342/6 1869/344/6
f 1869/344/6 567/344/6 565/342/6
f 567/344/6 1869/344/6 1870/346/6
f 1870/346/6 569/346/6 567/344/6
f 569/346/6 1870/346/6 1871/348/6
f 1871/348/6 571/348/6 569/346/6
f 571/348/6 1871/348/6 1872/736/6
f 1872/736/6 1681/736/6 571/348/6
f 1946/278/1 501/278/1 504/281/1
f 504/281/1 1944/281/1 1946/278/1
f 1944/281/1 504/281/1 506/283/1
f 506/283/1 1942/283/1 1944/281/1
f 1942/283/1 506/283/1 508/285/1
f 508/285/1 1940/285/1 1942/283/1
f 1940/285/1 508/285/1 510/287/1
f 510/287/1 1938/287/1 1940/285/1
f 1938/287/1 510/287/1 512/289/1
f 512/289/1 1936/289/1 1938/287/1
f 1936/289/1 512/289/1 514/291/1
f 514/291/1 1934/291/1 1936/289/1
f 1934/291/1 514/291/1 516/293/1
f 516/293/1 1932/293/1 1934/291/1
f 1932/293/1 516/293/1 518/295/1
f 518/295/1 1930/295/1 1932/293/1
f 1930/295/1 518/295/1 520/297/1
f 520/297/1 1928/297/1 1930/295/1
f 1928/297/1 520/297/1 522/299/1
f 522/299/1 1926/299/1 1928/297/1
f 1926/299/1 522/299/1 524/301/1
f 524/301/1 1924/301/1 1926/299/1
f 1924/301/1 524/301/1 526/303/1
f 526/303/1 1922/303/1 1924/301/1
f 1922/303/1 526/303/1 528/305/1
f 528/305/1 1920/305/1 1922/303/1
f 1920/305/1 528/305/1 530/307/1
f 530/307/1 1918/307/1 1920/305/1
f 1918/307/1 530/307/1 532/309/1
f 532/309/1 1916/309/1 1918/307/1
f 1916/309/1 532/309/1 534/311/1
f 534/311/1 1914/311/1 1916/309/1
f 1914/311/1 534/311/1 536/313/1
f 536/313/1 1912/313/1 1914/311/1
f 1912/313/1 536/313/1 538/315/1
f 538/315/1 1910/315/1 1912/313/1
f 1910/315/1 538/315/1 540/317/1
f 540/317/1 1908/317/1 1910/315/1
f 1908/317/1 540/317/1 542/319/1
f 542/319/1 1906/319/1 1908/317/1
f 1906/319/1 542/319/1 544/321/1
f 544/321/1 1904/321/1 1906/319/1
f 1904/321/1 544/321/1 546/323/1
f 546/323/1 1902/323/1 1904/321/1
f 1902/323/1 546/323/1 548/325/1
f 548/325/1 1900/325/1 1902/323/1
f 1900/325/1 548/325/1 550/327/1
f 550/327/1 1898/327/1 1900/325/1
f 1898/327/1 550/327/1 552/329/1
f 552/329/1 1896/329/1 1898/327/1
f 1896/329/1 552/329/1 554/331/1
f 554/331/1 1894/331/1 1896/329/1
f 1894/331/1 554/331/1 556/333/1
f 556/333/1 1892/333/1 1894/331/1
f 1892/333/1 556/333/1 558/335/1
f 558/335/1 1890/335/1 1892/333/1
f 1890/335/1 558/335/1 560/337/1
f 560/337/1 1888/337/1 1890/335/1
f 1888/337/1 560/337/1 562/339/1
f 562/339/1 1886/339/1 1888/337/1
f 1886/339/1 562/339/1 564/341/1
f 564/341/1 1884/341/1 1886/339/1
f 1884/341/1 564/341/1 566/343/1
f 566/343/1 1882/343/1 1884/341/1
f 1882/343/1 566/343/1 568/345/1
f 568/345/1 1880/345/1 1882/343/1
f 1880/345/1 568/345/1 570/347/1
f 570/347/1 1878/347/1 1880/345/1
f 1878/347/1 570/347/1 572/349/1
f 572/349/1 1876/349/1 1878/347/1
f 1876/349/1 572/349/1 1680/735/1
f 1680/735/1 1874/735/1 1876/349/1
f 1836/352/6 503/352/6 574/353/6
f 574/353/6 2538/353/6 1836/352/6
f 2646/350/1 573/350/1 501/351/1
f 501/351/1 1946/351/1 2646/350/1
f 2538/355/6 574/355/6 576/348/6
f 576/348/6 2537/348/6 2538/355/6
f 2537/348/6 576/348/6 578/346/6
f 578/346/6 2539/346/6 2537/348/6
f 2539/346/6 578/346/6 580/344/6
f 580/344/6 2540/344/6 2539/346/6
f 2540/344/6 580/344/6 582/342/6
f 582/342/6 2541/342/6 2540/344/6
f 2541/342/6 582/342/6 584/340/6
f 584/340/6 2542/340/6 2541/342/6
f 2542/340/6 584/340/6 586/338/6
f 586/338/6 2543/338/6 2542/340/6
f 2543/338/6 586/338/6 588/336/6
f 588/336/6 2544/336/6 2543/338/6
f 2544/336/6 588/336/6 590/334/6
f 590/334/6 2545/334/6 2544/336/6
f 2545/334/6 590/334/6 592/332/6
f 592/332/6 2546/332/6 2545/334/6
f 2546/332/6 592/332/6 594/330/6
f 594/330/6 2547/330/6 2546/332/6
f 2547/330/6 594/330/6 596/328/6
f 596/328/6 2548/328/6 2547/330/6
f 2548/328/6 596/328/6 598/326/6
f 598/326/6 2549/326/6 2548/328/6
f 2549/326/6 598/326/6 600/324/6
f 600/324/6 2550/324/6 2549/326/6
f 2550/324/6 600/324/6 602/322/6
f 602/322/6 2551/322/6 2550/324/6
f 2551/322/6 602/322/6 604/320/6
f 604/320/6 2552/320/6 2551/322/6
f 2552/320/6 604/320/6 606/318/6
f 606/318/6 2553/318/6 2552/320/6
f 2553/318/6 606/318/6 608/316/6
f 608/316/6 2554/316/6 2553/318/6
f 2554/316/6 608/316/6 610/314/6
f 610/314/6 2555/314/6 2554/316/6
f 2555/314/6 610/314/6 612/312/6
f 612/312/6 2556/312/6 2555/314/6
f 2556/312/6 612/312/6 614/310/6
f 614/310/6 2557/310/6 2556/312/6
f 2557/310/6 614/310/6 616/308/6
f 616/308/6 2558/308/6 2557/310/6
f 2558/308/6 616/308/6 618/306/6
f 618/306/6 2559/306/6 2558/308/6
f 2559/306/6 618/306/6 620/304/6
f 620/304/6 2560/304/6 2559/306/6
f 2560/304/6 620/304/6 622/302/6
f 622/302/6 2561/302/6 2560/304/6
f 2561/302/6 622/302/6 624/300/6
f 624/300/6 2562/300/6 2561/302/6
f 2562/300/6 624/300/6 626/298/6
f 626/298/6 2563/298/6 2562/300/6
f 2563/298/6 626/298/6 628/296/6
f 628/296/6 2564/296/6 2563/298/6
f 2564/296/6 628/296/6 630/294/6
f 630/294/6 2565/294/6 2564/296/6
f 2565/294/6 630/294/6 632/292/6
f 632/292/6 2566/292/6 2565/294/6
f 2566/292/6 632/292/6 634/290/6
f 634/290/6 2567/290/6 2566/292/6
f 2567/290/6 634/290/6 636/288/6
f 636/288/6 2568/288/6 2567/290/6
f 2568/288/6 636/288/6 638/286/6
f 638/286/6 2569/286/6 2568/288/6
f 2569/286/6 638/286/6 640/284/6
f 640/284/6 2570/284/6 2569/286/6
f 2570/284/6 640/284/6 642/282/6
f 642/282/6 2571/282/6 2570/284/6
f 2571/282/6 642/282/6 644/279/6
f 644/279/6 2572/279/6 2571/282/6
f 2572/279/6 644/279/6 1679/734/6
f 1679/734/6 2573/734/6 2572/279/6
f 573/354/1 2646/354/1 2644/349/1
f 2644/349/1 575/349/1 573/354/1
f 575/349/1 2644/349/1 2642/347/1
f 2642/347/1 577/347/1 575/349/1
f 577/347/1 2642/347/1 2640/345/1
f 2640/345/1 579/345/1 577/347/1
f 579/345/1 2640/345/1 2638/343/1
f 2638/343/1 581/343/1 579/345/1
f 581/343/1 2638/343/1 2636/341/1
f 2636/341/1 583/341/1 581/343/1
f 583/341/1 2636/341/1 2634/339/1
f 2634/339/1 585/339/1 583/341/1
f 585/339/1 2634/339/1 2632/337/1
f 2632/337/1 587/337/1 585/339/1
f 587/337/1 2632/337/1 2630/335/1
f 2630/335/1 589/335/1 587/337/1
f 589/335/1 2630/335/1 2628/333/1
f 2628/333/1 591/333/1 589/335/1
f 591/333/1 2628/333/1 2626/331/1
f 2626/331/1 593/331/1 591/333/1
f 593/331/1 2626/331/1 2624/329/1
f 2624/329/1 595/329/1 593/331/1
f 595/329/1 2624/329/1 2622/327/1
f 2622/327/1 597/327/1 595/329/1
f 597/327/1 2622/327/1 2620/325/1
f 2620/325/1 599/325/1 597/327/1
f 599/325/1 2620/325/1 2618/323/1
f 2618/323/1 601/323/1 599/325/1
f 601/323/1 2618/323/1 2616/321/1
f 2616/321/1 603/321/1 601/323/1
f 603/321/1 2616/321/1 2614/319/1
f 2614/319/1 605/319/1 603/321/1
f 605/319/1 2614/319/1 2612/317/1
f 2612/317/1 607/317/1 605/319/1
f 607/317/1 2612/317/1 2610/315/1
f 2610/315/1 609/315/1 607/317/1
f 609/315/1 2610/315/1 2608/313/1
f 2608/313/1 611/313/1 609/315/1
f 611/313/1 2608/313/1 2606/311/1
f 2606/311/1 613/311/1 611/313/1
f 613/311/1 2606/311/1 2604/309/1
f 2604/309/1 615/309/1 613/311/1
f 615/309/1 2604/309/1 2602/307/1
f 2602/307/1 617/307/1 615/309/1
f 617/307/1 2602/307/1 2600/305/1
f 2600/305/1 619/305/1 617/307/1
f 619/305/1 2600/305/1 2598/303/1
f 2598/303/1 621/303/1 619/305/1
f 621/303/1 2598/303/1 2596/301/1
f 2596/301/1 623/301/1 621/303/1
f 623/301/1 2596/301/1 2594/299/1
f 2594/299/1 625/299/1 623/301/1
f 625/299/1 2594/299/1 2592/297/1
f 2592/297/1 627/297/1 625/299/1
f 627/297/1 2592/297/1 2590/295/1
f 2590/295/1 629/295/1 627/297/1
f 629/295/1 2590/295/1 2588/293/1
f 2588/293/1 631/293/1 629/295/1
f 631/293/1 2588/293/1 2586/291/1
f 2586/291/1 633/291/1 631/293/1
f 633/291/1 2586/291/1 2584/289/1
f 2584/289/1 635/289/1 633/291/1
f 635/289/1 2584/289/1 2582/287/1
f 2582/287/1 637/287/1 635/289/1
f 637/287/1 2582/287/1 2580/285/1
f 2580/285/1 639/285/1 637/287/1
f 639/285/1 2580/285/1 2578/283/1
f 2578/283/1 641/283/1 639/285/1
f 641/283/1 2578/283/1 2576/281/1
f 2576/281/1 643/281/1 641/283/1
f 643/281/1 2576/281/1 2574/733/1
f 2574/733/1 1678/733/1 643/281/1
f 2573/734/96 1679/734/96 1678/733/96
f 1678/733/96 2574/733/96 2573/734/96
f 1874/735/97 1680/735/97 1681/736/97
f 1681/736/97 1872/736/97 1874/735/97
f 2758/1041/44 2757/272/44 2057/273/9
f 2057/273/9 2056/1040/9 2758/1041/44
f 2760/197/44 2758/1041/44 2056/1040/9
f 2056/1040/9 2058/196/9 2760/197/44
f 359/202/6 1947/202/6 1948/201/6
f 1948/201/6 358/201/6 359/202/6
f 358/201/6 1948/201/6 1949/204/6
f 1949/204/6 361/204/6 358/201/6
f 361/204/6 1949/204/6 1950/206/6
f 1950/206/6 363/206/6 361/204/6
f 363/206/6 1950/206/6 1951/208/6
f 1951/208/6 365/208/6 363/206/6
f 365/208/6 1951/208/6 1952/210/6
f 1952/210/6 367/210/6 365/208/6
f 367/210/6 1952/210/6 1953/212/6
f 1953/212/6 369/212/6 367/210/6
f 369/212/6 1953/212/6 1954/214/6
f 1954/214/6 371/214/6 369/212/6
f 371/214/6 1954/214/6 1955/216/6
f 1955/216/6 373/216/6 371/214/6
f 373/216/6 1955/216/6 1956/218/6
f 1956/218/6 375/218/6 373/216/6
f 375/218/6 1956/218/6 1957/220/6
f 1957/220/6 377/220/6 375/218/6
f 377/220/6 1957/220/6 1958/222/6
f 1958/222/6 379/222/6 377/220/6
f 379/222/6 1958/222/6 1959/224/6
f 1959/224/6 381/224/6 379/222/6
f 381/224/6 1959/224/6 1960/226/6
f 1960/226/6 383/226/6 381/224/6
f 383/226/6 1960/226/6 1961/228/6
f 1961/228/6 385/228/6 383/226/6
f 385/228/6 1961/228/6 1962/230/6
f 1962/230/6 387/230/6 385/228/6
f 387/230/6 1962/230/6 1963/232/6
f 1963/232/6 389/232/6 387/230/6
f 389/232/6 1963/232/6 1964/234/6
f 1964/234/6 391/234/6 389/232/6
f 391/234/6 1964/234/6 1965/236/6
f 1965/236/6 393/236/6 391/234/6
f 393/236/6 1965/236/6 1966/238/6
f 1966/238/6 395/238/6 393/236/6
f 395/238/6 1966/238/6 1967/240/6
f 1967/240/6 397/240/6 395/238/6
f 397/240/6 1967/240/6 1968/242/6
f 1968/242/6 399/242/6 397/240/6
f 399/242/6 1968/242/6 1969/244/6
f 1969/244/6 401/244/6 399/242/6
f 401/244/6 1969/244/6 1970/246/6
f 1970/246/6 403/246/6 401/244/6
f 403/246/6 1970/246/6 1971/248/6
f 1971/248/6 405/248/6 403/246/6
f 405/248/6 1971/248/6 1972/250/6
f 1972/250/6 407/250/6 405/248/6
f 407/250/6 1972/250/6 1973/252/6
f 1973/252/6 409/252/6 407/250/6
f 409/252/6 1973/252/6 1974/254/6
f 1974/254/6 411/254/6 409/252/6
f 411/254/6 1974/254/6 1975/256/6
f 1975/256/6 413/256/6 411/254/6
f 413/256/6 1975/256/6 1976/258/6
f 1976/258/6 415/258/6 413/256/6
f 415/258/6 1976/258/6 1977/260/6
f 1977/260/6 417/260/6 415/258/6
f 417/260/6 1977/260/6 1978/262/6
f 1978/262/6 419/262/6 417/260/6
f 419/262/6 1978/262/6 1979/264/6
f 1979/264/6 421/264/6 419/262/6
f 421/264/6 1979/264/6 1980/266/6
f 1980/266/6 423/266/6 421/264/6
f 423/266/6 1980/266/6 1981/268/6
f 1981/268/6 425/268/6 423/266/6
f 425/268/6 1981/268/6 1982/270/6
f 1982/270/6 427/270/6 425/268/6
f 427/270/6 1982/270/6 1983/732/6
f 1983/732/6 1677/732/6 427/270/6
f 2057/200/1 357/200/1 360/203/1
f 360/203/1 2055/203/1 2057/200/1
f 2055/203/1 360/203/1 362/205/1
f 362/205/1 2053/205/1 2055/203/1
f 2053/205/1 362/205/1 364/207/1
f 364/207/1 2051/207/1 2053/205/1
f 2051/207/1 364/207/1 366/209/1
f 366/209/1 2049/209/1 2051/207/1
f 2049/209/1 366/209/1 368/211/1
f 368/211/1 2047/211/1 2049/209/1
f 2047/211/1 368/211/1 370/213/1
f 370/213/1 2045/213/1 2047/211/1
f 2045/213/1 370/213/1 372/215/1
f 372/215/1 2043/215/1 2045/213/1
f 2043/215/1 372/215/1 374/217/1
f 374/217/1 2041/217/1 2043/215/1
f 2041/217/1 374/217/1 376/219/1
f 376/219/1 2039/219/1 2041/217/1
f 2039/219/1 376/219/1 378/221/1
f 378/221/1 2037/221/1 2039/219/1
f 2037/221/1 378/221/1 380/223/1
f 380/223/1 2035/223/1 2037/221/1
f 2035/223/1 380/223/1 382/225/1
f 382/225/1 2033/225/1 2035/223/1
f 2033/225/1 382/225/1 384/227/1
f 384/227/1 2031/227/1 2033/225/1
f 2031/227/1 384/227/1 386/229/1
f 386/229/1 2029/229/1 2031/227/1
f 2029/229/1 386/229/1 388/231/1
f 388/231/1 2027/231/1 2029/229/1
f 2027/231/1 388/231/1 390/233/1
f 390/233/1 2025/233/1 2027/231/1
f 2025/233/1 390/233/1 392/235/1
f 392/235/1 2023/235/1 2025/233/1
f 2023/235/1 392/235/1 394/237/1
f 394/237/1 2021/237/1 2023/235/1
f 2021/237/1 394/237/1 396/239/1
f 396/239/1 2019/239/1 2021/237/1
f 2019/239/1 396/239/1 398/241/1
f 398/241/1 2017/241/1 2019/239/1
f 2017/241/1 398/241/1 400/243/1
f 400/243/1 2015/243/1 2017/241/1
f 2015/243/1 400/243/1 402/245/1
f 402/245/1 2013/245/1 2015/243/1
f 2013/245/1 402/245/1 404/247/1
f 404/247/1 2011/247/1 2013/245/1
f 2011/247/1 404/247/1 406/249/1
f 406/249/1 2009/249/1 2011/247/1
f 2009/249/1 406/249/1 408/251/1
f 408/251/1 2007/251/1 2009/249/1
f 2007/251/1 408/251/1 410/253/1
f 410/253/1 2005/253/1 2007/251/1
f 2005/253/1 410/253/1 412/255/1
f 412/255/1 2003/255/1 2005/253/1
f 2003/255/1 412/255/1 414/257/1
f 414/257/1 2001/257/1 2003/255/1
f 2001/257/1 414/257/1 416/259/1
f 416/259/1 1999/259/1 2001/257/1
f 1999/259/1 416/259/1 418/261/1
f 418/261/1 1997/261/1 1999/259/1
f 1997/261/1 418/261/1 420/263/1
f 420/263/1 1995/263/1 1997/261/1
f 1995/263/1 420/263/1 422/265/1
f 422/265/1 1993/265/1 1995/263/1
f 1993/265/1 422/265/1 424/267/1
f 424/267/1 1991/267/1 1993/265/1
f 1991/267/1 424/267/1 426/269/1
f 426/269/1 1989/269/1 1991/267/1
f 1989/269/1 426/269/1 428/271/1
f 428/271/1 1987/271/1 1989/269/1
f 1987/271/1 428/271/1 1676/731/1
f 1676/731/1 1985/731/1 1987/271/1
f 1947/274/6 359/274/6 430/275/6
f 430/275/6 2649/275/6 1947/274/6
f 2757/272/1 429/272/1 357/273/1
f 357/273/1 2057/273/1 2757/272/1
f 2649/277/6 430/277/6 432/270/6
f 432/270/6 2648/270/6 2649/277/6
f 2648/270/6 432/270/6 434/268/6
f 434/268/6 2650/268/6 2648/270/6
f 2650/268/6 434/268/6 436/266/6
f 436/266/6 2651/266/6 2650/268/6
f 2651/266/6 436/266/6 438/264/6
f 438/264/6 2652/264/6 2651/266/6
f 2652/264/6 438/264/6 440/262/6
f 440/262/6 2653/262/6 2652/264/6
f 2653/262/6 440/262/6 442/260/6
f 442/260/6 2654/260/6 2653/262/6
f 2654/260/6 442/260/6 444/258/6
f 444/258/6 2655/258/6 2654/260/6
f 2655/258/6 444/258/6 446/256/6
f 446/256/6 2656/256/6 2655/258/6
f 2656/256/6 446/256/6 448/254/6
f 448/254/6 2657/254/6 2656/256/6
f 2657/254/6 448/254/6 450/252/6
f 450/252/6 2658/252/6 2657/254/6
f 2658/252/6 450/252/6 452/250/6
f 452/250/6 2659/250/6 2658/252/6
f 2659/250/6 452/250/6 454/248/6
f 454/248/6 2660/248/6 2659/250/6
f 2660/248/6 454/248/6 456/246/6
f 456/246/6 2661/246/6 2660/248/6
f 2661/246/6 456/246/6 458/244/6
f 458/244/6 2662/244/6 2661/246/6
f 2662/244/6 458/244/6 460/242/6
f 460/242/6 2663/242/6 2662/244/6
f 2663/242/6 460/242/6 462/240/6
f 462/240/6 2664/240/6 2663/242/6
f 2664/240/6 462/240/6 464/238/6
f 464/238/6 2665/238/6 2664/240/6
f 2665/238/6 464/238/6 466/236/6
f 466/236/6 2666/236/6 2665/238/6
f 2666/236/6 466/236/6 468/234/6
f 468/234/6 2667/234/6 2666/236/6
f 2667/234/6 468/234/6 470/232/6
f 470/232/6 2668/232/6 2667/234/6
f 2668/232/6 470/232/6 472/230/6
f 472/230/6 2669/230/6 2668/232/6
f 2669/230/6 472/230/6 474/228/6
f 474/228/6 2670/228/6 2669/230/6
f 2670/228/6 474/228/6 476/226/6
f 476/226/6 2671/226/6 2670/228/6
f 2671/226/6 476/226/6 478/224/6
f 478/224/6 2672/224/6 2671/226/6
f 2672/224/6 478/224/6 480/222/6
f 480/222/6 2673/222/6 2672/224/6
f 2673/222/6 480/222/6 482/220/6
f 482/220/6 2674/220/6 2673/222/6
f 2674/220/6 482/220/6 484/218/6
f 484/218/6 2675/218/6 2674/220/6
f 2675/218/6 484/218/6 486/216/6
f 486/216/6 2676/216/6 2675/218/6
f 2676/216/6 486/216/6 488/214/6
f 488/214/6 2677/214/6 2676/216/6
f 2677/214/6 488/214/6 490/212/6
f 490/212/6 2678/212/6 2677/214/6
f 2678/212/6 490/212/6 492/210/6
f 492/210/6 2679/210/6 2678/212/6
f 2679/210/6 492/210/6 494/208/6
f 494/208/6 2680/208/6 2679/210/6
f 2680/208/6 494/208/6 496/206/6
f 496/206/6 2681/206/6 2680/208/6
f 2681/206/6 496/206/6 498/204/6
f 498/204/6 2682/204/6 2681/206/6
f 2682/204/6 498/204/6 500/201/6
f 500/201/6 2683/201/6 2682/204/6
f 2683/201/6 500/201/6 1675/730/6
f 1675/730/6 2684/730/6 2683/201/6
f 429/276/1 2757/276/1 2755/271/1
f 2755/271/1 431/271/1 429/276/1
f 431/271/1 2755/271/1 2753/269/1
f 2753/269/1 433/269/1 431/271/1
f 433/269/1 2753/269/1 2751/267/1
f 2751/267/1 435/267/1 433/269/1
f 435/267/1 2751/267/1 2749/265/1
f 2749/265/1 437/265/1 435/267/1
f 437/265/1 2749/265/1 2747/263/1
f 2747/263/1 439/263/1 437/265/1
f 439/263/1 2747/263/1 2745/261/1
f 2745/261/1 441/261/1 439/263/1
f 441/261/1 2745/261/1 2743/259/1
f 2743/259/1 443/259/1 441/261/1
f 443/259/1 2743/259/1 2741/257/1
f 2741/257/1 445/257/1 443/259/1
f 445/257/1 2741/257/1 2739/255/1
f 2739/255/1 447/255/1 445/257/1
f 447/255/1 2739/255/1 2737/253/1
f 2737/253/1 449/253/1 447/255/1
f 449/253/1 2737/253/1 2735/251/1
f 2735/251/1 451/251/1 449/253/1
f 451/251/1 2735/251/1 2733/249/1
f 2733/249/1 453/249/1 451/251/1
f 453/249/1 2733/249/1 2731/247/1
f 2731/247/1 455/247/1 453/249/1
f 455/247/1 2731/247/1 2729/245/1
f 2729/245/1 457/245/1 455/247/1
f 457/245/1 2729/245/1 2727/243/1
f 2727/243/1 459/243/1 457/245/1
f 459/243/1 2727/243/1 2725/241/1
f 2725/241/1 461/241/1 459/243/1
f 461/241/1 2725/241/1 2723/239/1
f 2723/239/1 463/239/1 461/241/1
f 463/239/1 2723/239/1 2721/237/1
f 2721/237/1 465/237/1 463/239/1
f 465/237/1 2721/237/1 2719/235/1
f 2719/235/1 467/235/1 465/237/1
f 467/235/1 2719/235/1 2717/233/1
f 2717/233/1 469/233/1 467/235/1
f 469/233/1 2717/233/1 2715/231/1
f 2715/231/1 471/231/1 469/233/1
f 471/231/1 2715/231/1 2713/229/1
f 2713/229/1 473/229/1 471/231/1
f 473/229/1 2713/229/1 2711/227/1
f 2711/227/1 475/227/1 473/229/1
f 475/227/1 2711/227/1 2709/225/1
f 2709/225/1 477/225/1 475/227/1
f 477/225/1 2709/225/1 2707/223/1
f 2707/223/1 479/223/1 477/225/1
f 479/223/1 2707/223/1 2705/221/1
f 2705/221/1 481/221/1 479/223/1
f 481/221/1 2705/221/1 2703/219/1
f 2703/219/1 483/219/1 481/221/1
f 483/219/1 2703/219/1 2701/217/1
f 2701/217/1 485/217/1 483/219/1
f 485/217/1 2701/217/1 2699/215/1
f 2699/215/1 487/215/1 485/217/1
f 487/215/1 2699/215/1 2697/213/1
f 2697/213/1 489/213/1 487/215/1
f 489/213/1 2697/213/1 2695/211/1
f 2695/211/1 491/211/1 489/213/1
f 491/211/1 2695/211/1 2693/209/1
f 2693/209/1 493/209/1 491/211/1
f 493/209/1 2693/209/1 2691/207/1
f 2691/207/1 495/207/1 493/209/1
f 495/207/1 2691/207/1 2689/205/1
f 2689/205/1 497/205/1 495/207/1
f 497/205/1 2689/205/1 2687/203/1
f 2687/203/1 499/203/1 497/205/1
f 499/203/1 2687/203/1 2685/729/1
f 2685/729/1 1674/729/1 499/203/1
f 2684/730/96 1675/730/96 1674/729/96
f 1674/729/96 2685/729/96 2684/730/96
f 1985/731/97 1676/731/97 1677/732/97
f 1677/732/97 1983/732/97 1985/731/97
f 2869/1039/44 2868/194/44 2168/195/9
f 2168/195/9 2167/1038/9 2869/1039/44
f 2871/119/44 2869/1039/44 2167/1038/9
f 2167/1038/9 2169/118/9 2871/119/44
f 215/124/6 2058/124/6 2059/123/6
f 2059/123/6 214/123/6 215/124/6
f 214/123/6 2059/123/6 2060/126/6
f 2060/126/6 217/126/6 214/123/6
f 217/126/6 2060/126/6 2061/128/6
f 2061/128/6 219/128/6 217/126/6
f 219/128/6 2061/128/6 2062/130/6
f 2062/130/6 221/130/6 219/128/6
f 221/130/6 2062/130/6 2063/132/6
f 2063/132/6 223/132/6 221/130/6
f 223/132/6 2063/132/6 2064/134/6
f 2064/134/6 225/134/6 223/132/6
f 225/134/6 2064/134/6 2065/136/6
f 2065/136/6 227/136/6 225/134/6
f 227/136/6 2065/136/6 2066/138/6
f 2066/138/6 229/138/6 227/136/6
f 229/138/6 2066/138/6 2067/140/6
f 2067/140/6 231/140/6 229/138/6
f 231/140/6 2067/140/6 2068/142/6
f 2068/142/6 233/142/6 231/140/6
f 233/142/6 2068/142/6 2069/144/6
f 2069/144/6 235/144/6 233/142/6
f 235/144/6 2069/144/6 2070/146/6
f 2070/146/6 237/146/6 235/144/6
f 237/146/6 2070/146/6 2071/148/6
f 2071/148/6 239/148/6 237/146/6
f 239/148/6 2071/148/6 2072/150/6
f 2072/150/6 241/150/6 239/148/6
f 241/150/6 2072/150/6 2073/152/6
f 2073/152/6 243/152/6 241/150/6
f 243/152/6 2073/152/6 2074/154/6
f 2074/154/6 245/154/6 243/152/6
f 245/154/6 2074/154/6 2075/156/6
f 2075/156/6 247/156/6 245/154/6
f 247/156/6 2075/156/6 2076/158/6
f 2076/158/6 249/158/6 247/156/6
f 249/158/6 2076/158/6 2077/160/6
f 2077/160/6 251/160/6 249/158/6
f 251/160/6 2077/160/6 2078/162/6
f 2078/162/6 253/162/6 251/160/6
f 253/162/6 2078/162/6 2079/164/6
f 2079/164/6 255/164/6 253/162/6
f 255/164/6 2079/164/6 2080/166/6
f 2080/166/6 257/166/6 255/164/6
f 257/166/6 2080/166/6 2081/168/6
f 2081/168/6 259/168/6 257/166/6
f 259/168/6 2081/168/6 2082/170/6
f 2082/170/6 261/170/6 259/168/6
f 261/170/6 2082/170/6 2083/172/6
f 2083/172/6 263/172/6 261/170/6
f 263/172/6 2083/172/6 2084/174/6
f 2084/174/6 265/174/6 263/172/6
f 265/174/6 2084/174/6 2085/176/6
f 2085/176/6 267/176/6 265/174/6
f 267/176/6 2085/176/6 2086/178/6
f 2086/178/6 269/178/6 267/176/6
f 269/178/6 2086/178/6 2087/180/6
f 2087/180/6 271/180/6 269/178/6
f 271/180/6 2087/180/6 2088/182/6
f 2088/182/6 273/182/6 271/180/6
f 273/182/6 2088/182/6 2089/184/6
f 2089/184/6 275/184/6 273/182/6
f 275/184/6 2089/184/6 2090/186/6
f 2090/186/6 277/186/6 275/184/6
f 277/186/6 2090/186/6 2091/188/6
f 2091/188/6 279/188/6 277/186/6
f 279/188/6 2091/188/6 2092/190/6
f 2092/190/6 281/190/6 279/188/6
f 281/190/6 2092/190/6 2093/192/6
f 2093/192/6 283/192/6 281/190/6
f 283/192/6 2093/192/6 2094/728/6
f 2094/728/6 1673/728/6 283/192/6
f 2168/122/1 213/122/1 216/125/1
f 216/125/1 2166/125/1 2168/122/1
f 2166/125/1 216/125/1 218/127/1
f 218/127/1 2164/127/1 2166/125/1
f 2164/127/1 218/127/1 220/129/1
f 220/129/1 2162/129/1 2164/127/1
f 2162/129/1 220/129/1 222/131/1
f 222/131/1 2160/131/1 2162/129/1
f 2160/131/1 222/131/1 224/133/1
f 224/133/1 2158/133/1 2160/131/1
f 2158/133/1 224/133/1 226/135/1
f 226/135/1 2156/135/1 2158/133/1
f 2156/135/1 226/135/1 228/137/1
f 228/137/1 2154/137/1 2156/135/1
f 2154/137/1 228/137/1 230/139/1
f 230/139/1 2152/139/1 2154/137/1
f 2152/139/1 230/139/1 232/141/1
f 232/141/1 2150/141/1 2152/139/1
f 2150/141/1 232/141/1 234/143/1
f 234/143/1 2148/143/1 2150/141/1
f 2148/143/1 234/143/1 236/145/1
f 236/145/1 2146/145/1 2148/143/1
f 2146/145/1 236/145/1 238/147/1
f 238/147/1 2144/147/1 2146/145/1
f 2144/147/1 238/147/1 240/149/1
f 240/149/1 2142/149/1 2144/147/1
f 2142/149/1 240/149/1 242/151/1
f 242/151/1 2140/151/1 2142/149/1
f 2140/151/1 242/151/1 244/153/1
f 244/153/1 2138/153/1 2140/151/1
f 2138/153/1 244/153/1 246/155/1
f 246/155/1 2136/155/1 2138/153/1
f 2136/155/1 246/155/1 248/157/1
f 248/157/1 2134/157/1 2136/155/1
f 2134/157/1 248/157/1 250/159/1
f 250/159/1 2132/159/1 2134/157/1
f 2132/159/1 250/159/1 252/161/1
f 252/161/1 2130/161/1 2132/159/1
f 2130/161/1 252/161/1 254/163/1
f 254/163/1 2128/163/1 2130/161/1
f 2128/163/1 254/163/1 256/165/1
f 256/165/1 2126/165/1 2128/163/1
f 2126/165/1 256/165/1 258/167/1
f 258/167/1 2124/167/1 2126/165/1
f 2124/167/1 258/167/1 260/169/1
f 260/169/1 2122/169/1 2124/167/1
f 2122/169/1 260/169/1 262/171/1
f 262/171/1 2120/171/1 2122/169/1
f 2120/171/1 262/171/1 264/173/1
f 264/173/1 2118/173/1 2120/171/1
f 2118/173/1 264/173/1 266/175/1
f 266/175/1 2116/175/1 2118/173/1
f 2116/175/1 266/175/1 268/177/1
f 268/177/1 2114/177/1 2116/175/1
f 2114/177/1 268/177/1 270/179/1
f 270/179/1 2112/179/1 2114/177/1
f 2112/179/1 270/179/1 272/181/1
f 272/181/1 2110/181/1 2112/179/1
f 2110/181/1 272/181/1 274/183/1
f 274/183/1 2108/183/1 2110/181/1
f 2108/183/1 274/183/1 276/185/1
f 276/185/1 2106/185/1 2108/183/1
f 2106/185/1 276/185/1 278/187/1
f 278/187/1 2104/187/1 2106/185/1
f 2104/187/1 278/187/1 280/189/1
f 280/189/1 2102/189/1 2104/187/1
f 2102/189/1 280/189/1 282/191/1
f 282/191/1 2100/191/1 2102/189/1
f 2100/191/1 282/191/1 284/193/1
f 284/193/1 2098/193/1 2100/191/1
f 2098/193/1 284/193/1 1672/727/1
f 1672/727/1 2096/727/1 2098/193/1
f 2058/196/6 215/196/6 286/197/6
f 286/197/6 2760/197/6 2058/196/6
f 2868/194/1 285/194/1 213/195/1
f 213/195/1 2168/195/1 2868/194/1
f 2760/199/6 286/199/6 288/192/6
f 288/192/6 2759/192/6 2760/199/6
f 2759/192/6 288/192/6 290/190/6
f 290/190/6 2761/190/6 2759/192/6
f 2761/190/6 290/190/6 292/188/6
f 292/188/6 2762/188/6 2761/190/6
f 2762/188/6 292/188/6 294/186/6
f 294/186/6 2763/186/6 2762/188/6
f 2763/186/6 294/186/6 296/184/6
f 296/184/6 2764/184/6 2763/186/6
f 2764/184/6 296/184/6 298/182/6
f 298/182/6 2765/182/6 2764/184/6
f 2765/182/6 298/182/6 300/180/6
f 300/180/6 2766/180/6 2765/182/6
f 2766/180/6 300/180/6 302/178/6
f 302/178/6 2767/178/6 2766/180/6
f 2767/178/6 302/178/6 304/176/6
f 304/176/6 2768/176/6 2767/178/6
f 2768/176/6 304/176/6 306/174/6
f 306/174/6 2769/174/6 2768/176/6
f 2769/174/6 306/174/6 308/172/6
f 308/172/6 2770/172/6 2769/174/6
f 2770/172/6 308/172/6 310/170/6
f 310/170/6 2771/170/6 2770/172/6
f 2771/170/6 310/170/6 312/168/6
f 312/168/6 2772/168/6 2771/170/6
f 2772/168/6 312/168/6 314/166/6
f 314/166/6 2773/166/6 2772/168/6
f 2773/166/6 314/166/6 316/164/6
f 316/164/6 2774/164/6 2773/166/6
f 2774/164/6 316/164/6 318/162/6
f 318/162/6 2775/162/6 2774/164/6
f 2775/162/6 318/162/6 320/160/6
f 320/160/6 2776/160/6 2775/162/6
f 2776/160/6 320/160/6 322/158/6
f 322/158/6 2777/158/6 2776/160/6
f 2777/158/6 322/158/6 324/156/6
f 324/156/6 2778/156/6 2777/158/6
f 2778/156/6 324/156/6 326/154/6
f 326/154/6 2779/154/6 2778/156/6
f 2779/154/6 326/154/6 328/152/6
f 328/152/6 2780/152/6 2779/154/6
f 2780/152/6 328/152/6 330/150/6
f 330/150/6 2781/150/6 2780/152/6
f 2781/150/6 330/150/6 332/148/6
f 332/148/6 2782/148/6 2781/150/6
f 2782/148/6 332/148/6 334/146/6
f 334/146/6 2783/146/6 2782/148/6
f 2783/146/6 334/146/6 336/144/6
f 336/144/6 2784/144/6 2783/146/6
f 2784/144/6 336/144/6 338/142/6
f 338/142/6 2785/142/6 2784/144/6
f 2785/142/6 338/142/6 340/140/6
f 340/140/6 2786/140/6 2785/142/6
f 2786/140/6 340/140/6 342/138/6
f 342/138/6 2787/138/6 2786/140/6
f 2787/138/6 342/138/6 344/136/6
f 344/136/6 2788/136/6 2787/138/6
f 2788/136/6 344/136/6 346/134/6
f 346/134/6 2789/134/6 2788/136/6
f 2789/134/6 346/134/6 348/132/6
f 348/132/6 2790/132/6 2789/134/6
f 2790/132/6 348/132/6 350/130/6
f 350/130/6 2791/130/6 2790/132/6
f 2791/130/6 350/130/6 352/128/6
f 352/128/6 2792/128/6 2791/130/6
f 2792/128/6 352/128/6 354/126/6
f 354/126/6 2793/126/6 2792/128/6
f 2793/126/6 354/126/6 356/123/6
f 356/123/6 2794/123/6 2793/126/6
f 2794/123/6 356/123/6 1671/726/6
f 1671/726/6 2795/726/6 2794/123/6
f 285/198/1 2868/198/1 2866/193/1
f 2866/193/1 287/193/1 285/198/1
f 287/193/1 2866/193/1 2864/191/1
f 2864/191/1 289/191/1 287/193/1
f 289/191/1 2864/191/1 2862/189/1
f 2862/189/1 291/189/1 289/191/1
f 291/189/1 2862/189/1 2860/187/1
f 2860/187/1 293/187/1 291/189/1
f 293/187/1 2860/187/1 2858/185/1
f 2858/185/1 295/185/1 293/187/1
f 295/185/1 2858/185/1 2856/183/1
f 2856/183/1 297/183/1 295/185/1
f 297/183/1 2856/183/1 2854/181/1
f 2854/181/1 299/181/1 297/183/1
f 299/181/1 2854/181/1 2852/179/1
f 2852/179/1 301/179/1 299/181/1
f 301/179/1 2852/179/1 2850/177/1
f 2850/177/1 303/177/1 301/179/1
f 303/177/1 2850/177/1 2848/175/1
f 2848/175/1 305/175/1 303/177/1
f 305/175/1 2848/175/1 2846/173/1
f 2846/173/1 307/173/1 305/175/1
f 307/173/1 2846/173/1 2844/171/1
f 2844/171/1 309/171/1 307/173/1
f 309/171/1 2844/171/1 2842/169/1
f 2842/169/1 311/169/1 309/171/1
f 311/169/1 2842/169/1 2840/167/1
f 2840/167/1 313/167/1 311/169/1
f 313/167/1 2840/167/1 2838/165/1
f 2838/165/1 315/165/1 313/167/1
f 315/165/1 2838/165/1 2836/163/1
f 2836/163/1 317/163/1 315/165/1
f 317/163/1 2836/163/1 2834/161/1
f 2834/161/1 319/161/1 317/163/1
f 319/161/1 2834/161/1 2832/159/1
f 2832/159/1 321/159/1 319/161/1
f 321/159/1 2832/159/1 2830/157/1
f 2830/157/1 323/157/1 321/159/1
f 323/157/1 2830/157/1 2828/155/1
f 2828/155/1 325/155/1 323/157/1
f 325/155/1 2828/155/1 2826/153/1
f 2826/153/1 327/153/1 325/155/1
f 327/153/1 2826/153/1 2824/151/1
f 2824/151/1 329/151/1 327/153/1
f 329/151/1 2824/151/1 2822/149/1
f 2822/149/1 331/149/1 329/151/1
f 331/149/1 2822/149/1 2820/147/1
f 2820/147/1 333/147/1 331/149/1
f 333/147/1 2820/147/1 2818/145/1
f 2818/145/1 335/145/1 333/147/1
f 335/145/1 2818/145/1 2816/143/1
f 2816/143/1 337/143/1 335/145/1
f 337/143/1 2816/143/1 2814/141/1
f 2814/141/1 339/141/1 337/143/1
f 339/141/1 2814/141/1 2812/139/1
f 2812/139/1 341/139/1 339/141/1
f 341/139/1 2812/139/1 2810/137/1
f 2810/137/1 343/137/1 341/139/1
f 343/137/1 2810/137/1 2808/135/1
f 2808/135/1 345/135/1 343/137/1
f 345/135/1 2808/135/1 2806/133/1
f 2806/133/1 347/133/1 345/135/1
f 347/133/1 2806/133/1 2804/131/1
f 2804/131/1 349/131/1 347/133/1
f 349/131/1 2804/131/1 2802/129/1
f 2802/129/1 351/129/1 349/131/1
f 351/129/1 2802/129/1 2800/127/1
f 2800/127/1 353/127/1 351/129/1
f 353/127/1 2800/127/1 2798/125/1
f 2798/125/1 355/125/1 353/127/1
f 355/125/1 2798/125/1 2796/725/1
f 2796/725/1 1670/725/1 355/125/1
f 2795/726/96 1671/726/96 1670/725/96
f 1670/725/96 2796/725/96 2795/726/96
f 2096/727/97 1672/727/97 1673/728/97
f 1673/728/97 2094/728/97 2096/727/97
f 2980/1037/44 2979/116/44 2279/117/9
f 2279/117/9 2278/1036/9 2980/1037/44
f 2982/511/44 2980/1037/44 2278/1036/9
f 2278/1036/9 2280/510/9 2982/511/44
f 71/46/6 2169/46/6 2170/45/6
f 2170/45/6 70/45/6 71/46/6
f 70/45/6 2170/45/6 2171/48/6
f 2171/48/6 73/48/6 70/45/6
f 73/48/6 2171/48/6 2172/50/6
f 2172/50/6 75/50/6 73/48/6
f 75/50/6 2172/50/6 2173/52/6
f 2173/52/6 77/52/6 75/50/6
f 77/52/6 2173/52/6 2174/54/6
f 2174/54/6 79/54/6 77/52/6
f 79/54/6 2174/54/6 2175/56/6
f 2175/56/6 81/56/6 79/54/6
f 81/56/6 2175/56/6 2176/58/6
f 2176/58/6 83/58/6 81/56/6
f 83/58/6 2176/58/6 2177/60/6
f 2177/60/6 85/60/6 83/58/6
f 85/60/6 2177/60/6 2178/62/6
f 2178/62/6 87/62/6 85/60/6
f 87/62/6 2178/62/6 2179/64/6
f 2179/64/6 89/64/6 87/62/6
f 89/64/6 2179/64/6 2180/66/6
f 2180/66/6 91/66/6 89/64/6
f 91/66/6 2180/66/6 2181/68/6
f 2181/68/6 93/68/6 91/66/6
f 93/68/6 2181/68/6 2182/70/6
f 2182/70/6 95/70/6 93/68/6
f 95/70/6 2182/70/6 2183/72/6
f 2183/72/6 97/72/6 95/70/6
f 97/72/6 2183/72/6 2184/74/6
f 2184/74/6 99/74/6 97/72/6
f 99/74/6 2184/74/6 2185/76/6
f 2185/76/6 101/76/6 99/74/6
f 101/76/6 2185/76/6 2186/78/6
f 2186/78/6 103/78/6 101/76/6
f 103/78/6 2186/78/6 2187/80/6
f 2187/80/6 105/80/6 103/78/6
f 105/80/6 2187/80/6 2188/82/6
f 2188/82/6 107/82/6 105/80/6
f 107/82/6 2188/82/6 2189/84/6
f 2189/84/6 109/84/6 107/82/6
f 109/84/6 2189/84/6 2190/86/6
f 2190/86/6 111/86/6 109/84/6
f 111/86/6 2190/86/6 2191/88/6
f 2191/88/6 113/88/6 111/86/6
f 113/88/6 2191/88/6 2192/90/6
f 2192/90/6 115/90/6 113/88/6
f 115/90/6 2192/90/6 2193/92/6
f 2193/92/6 117/92/6 115/90/6
f 117/92/6 2193/92/6 2194/94/6
f 2194/94/6 119/94/6 117/92/6
f 119/94/6 2194/94/6 2195/96/6
f 2195/96/6 121/96/6 119/94/6
f 121/96/6 2195/96/6 2196/98/6
f 2196/98/6 123/98/6 121/96/6
f 123/98/6 2196/98/6 2197/100/6
f 2197/100/6 125/100/6 123/98/6
f 125/100/6 2197/100/6 2198/102/6
f 2198/102/6 127/102/6 125/100/6
f 127/102/6 2198/102/6 2199/104/6
f 2199/104/6 129/104/6 127/102/6
f 129/104/6 2199/104/6 2200/106/6
f 2200/106/6 131/106/6 129/104/6
f 131/106/6 2200/106/6 2201/108/6
f 2201/108/6 133/108/6 131/106/6
f 133/108/6 2201/108/6 2202/110/6
f 2202/110/6 135/110/6 133/108/6
f 135/110/6 2202/110/6 2203/112/6
f 2203/112/6 137/112/6 135/110/6
f 137/112/6 2203/112/6 2204/114/6
f 2204/114/6 139/114/6 137/112/6
f 139/114/6 2204/114/6 2205/724/6
f 2205/724/6 1669/724/6 139/114/6
f 2279/44/1 69/44/1 72/47/1
f 72/47/1 2277/47/1 2279/44/1
f 2277/47/1 72/47/1 74/49/1
f 74/49/1 2275/49/1 2277/47/1
f 2275/49/1 74/49/1 76/51/1
f 76/51/1 2273/51/1 2275/49/1
f 2273/51/1 76/51/1 78/53/1
f 78/53/1 2271/53/1 2273/51/1
f 2271/53/1 78/53/1 80/55/1
f 80/55/1 2269/55/1 2271/53/1
f 2269/55/1 80/55/1 82/57/1
f 82/57/1 2267/57/1 2269/55/1
f 2267/57/1 82/57/1 84/59/1
f 84/59/1 2265/59/1 2267/57/1
f 2265/59/1 84/59/1 86/61/1
f 86/61/1 2263/61/1 2265/59/1
f 2263/61/1 86/61/1 88/63/1
f 88/63/1 2261/63/1 2263/61/1
f 2261/63/1 88/63/1 90/65/1
f 90/65/1 2259/65/1 2261/63/1
f 2259/65/1 90/65/1 92/67/1
f 92/67/1 2257/67/1 2259/65/1
f 2257/67/1 92/67/1 94/69/1
f 94/69/1 2255/69/1 2257/67/1
f 2255/69/1 94/69/1 96/71/1
f 96/71/1 2253/71/1 2255/69/1
f 2253/71/1 96/71/1 98/73/1
f 98/73/1 2251/73/1 2253/71/1
f 2251/73/1 98/73/1 100/75/1
f 100/75/1 2249/75/1 2251/73/1
f 2249/75/1 100/75/1 102/77/1
f 102/77/1 2247/77/1 2249/75/1
f 2247/77/1 102/77/1 104/79/1
f 104/79/1 2245/79/1 2247/77/1
f 2245/79/1 104/79/1 106/81/1
f 106/81/1 2243/81/1 2245/79/1
f 2243/81/1 106/81/1 108/83/1
f 108/83/1 2241/83/1 2243/81/1
f 2241/83/1 108/83/1 110/85/1
f 110/85/1 2239/85/1 2241/83/1
f 2239/85/1 110/85/1 112/87/1
f 112/87/1 2237/87/1 2239/85/1
f 2237/87/1 112/87/1 114/89/1
f 114/89/1 2235/89/1 2237/87/1
f 2235/89/1 114/89/1 116/91/1
f 116/91/1 2233/91/1 2235/89/1
f 2233/91/1 116/91/1 118/93/1
f 118/93/1 2231/93/1 2233/91/1
f 2231/93/1 118/93/1 120/95/1
f 120/95/1 2229/95/1 2231/93/1
f 2229/95/1 120/95/1 122/97/1
f 122/97/1 2227/97/1 2229/95/1
f 2227/97/1 122/97/1 124/99/1
f 124/99/1 2225/99/1 2227/97/1
f 2225/99/1 124/99/1 126/101/1
f 126/101/1 2223/101/1 2225/99/1
f 2223/101/1 126/101/1 128/103/1
f 128/103/1 2221/103/1 2223/101/1
f 2221/103/1 128/103/1 130/105/1
f 130/105/1 2219/105/1 2221/103/1
f 2219/105/1 130/105/1 132/107/1
f 132/107/1 2217/107/1 2219/105/1
f 2217/107/1 132/107/1 134/109/1
f 134/109/1 2215/109/1 2217/107/1
f 2215/109/1 134/109/1 136/111/1
f 136/111/1 2213/111/1 2215/109/1
f 2213/111/1 136/111/1 138/113/1
f 138/113/1 2211/113/1 2213/111/1
f 2211/113/1 138/113/1 140/115/1
f 140/115/1 2209/115/1 2211/113/1
f 2209/115/1 140/115/1 1668/723/1
f 1668/723/1 2207/723/1 2209/115/1
f 2169/118/6 71/118/6 142/119/6
f 142/119/6 2871/119/6 2169/118/6
f 2979/116/1 141/116/1 69/117/1
f 69/117/1 2279/117/1 2979/116/1
f 2871/121/6 142/121/6 144/114/6
f 144/114/6 2870/114/6 2871/121/6
f 2870/114/6 144/114/6 146/112/6
f 146/112/6 2872/112/6 2870/114/6
f 2872/112/6 146/112/6 148/110/6
f 148/110/6 2873/110/6 2872/112/6
f 2873/110/6 148/110/6 150/108/6
f 150/108/6 2874/108/6 2873/110/6
f 2874/108/6 150/108/6 152/106/6
f 152/106/6 2875/106/6 2874/108/6
f 2875/106/6 152/106/6 154/104/6
f 154/104/6 2876/104/6 2875/106/6
f 2876/104/6 154/104/6 156/102/6
f 156/102/6 2877/102/6 2876/104/6
f 2877/102/6 156/102/6 158/100/6
f 158/100/6 2878/100/6 2877/102/6
f 2878/100/6 158/100/6 160/98/6
f 160/98/6 2879/98/6 2878/100/6
f 2879/98/6 160/98/6 162/96/6
f 162/96/6 2880/96/6 2879/98/6
f 2880/96/6 162/96/6 164/94/6
f 164/94/6 2881/94/6 2880/96/6
f 2881/94/6 164/94/6 166/92/6
f 166/92/6 2882/92/6 2881/94/6
f 2882/92/6 166/92/6 168/90/6
f 168/90/6 2883/90/6 2882/92/6
f 2883/90/6 168/90/6 170/88/6
f 170/88/6 2884/88/6 2883/90/6
f 2884/88/6 170/88/6 172/86/6
f 172/86/6 2885/86/6 2884/88/6
f 2885/86/6 172/86/6 174/84/6
f 174/84/6 2886/84/6 2885/86/6
f 2886/84/6 174/84/6 176/82/6
f 176/82/6 2887/82/6 2886/84/6
f 2887/82/6 176/82/6 178/80/6
f 178/80/6 2888/80/6 2887/82/6
f 2888/80/6 178/80/6 180/78/6
f 180/78/6 2889/78/6 2888/80/6
f 2889/78/6 180/78/6 182/76/6
f 182/76/6 2890/76/6 2889/78/6
f 2890/76/6 182/76/6 184/74/6
f 184/74/6 2891/74/6 2890/76/6
f 2891/74/6 184/74/6 186/72/6
f 186/72/6 2892/72/6 2891/74/6
f 2892/72/6 186/72/6 188/70/6
f 188/70/6 2893/70/6 2892/72/6
f 2893/70/6 188/70/6 190/68/6
f 190/68/6 2894/68/6 2893/70/6
f 2894/68/6 190/68/6 192/66/6
f 192/66/6 2895/66/6 2894/68/6
f 2895/66/6 192/66/6 194/64/6
f 194/64/6 2896/64/6 2895/66/6
f 2896/64/6 194/64/6 196/62/6
f 196/62/6 2897/62/6 2896/64/6
f 2897/62/6 196/62/6 198/60/6
f 198/60/6 2898/60/6 2897/62/6
f 2898/60/6 198/60/6 200/58/6
f 200/58/6 2899/58/6 2898/60/6
f 2899/58/6 200/58/6 202/56/6
f 202/56/6 2900/56/6 2899/58/6
f 2900/56/6 202/56/6 204/54/6
f 204/54/6 2901/54/6 2900/56/6
f 2901/54/6 204/54/6 206/52/6
f 206/52/6 2902/52/6 2901/54/6
f 2902/52/6 206/52/6 208/50/6
f 208/50/6 2903/50/6 2902/52/6
f 2903/50/6 208/50/6 210/48/6
f 210/48/6 2904/48/6 2903/50/6
f 2904/48/6 210/48/6 212/45/6
f 212/45/6 2905/45/6 2904/48/6
f 2905/45/6 212/45/6 1667/722/6
f 1667/722/6 2906/722/6 2905/45/6
f 141/120/1 2979/120/1 2977/115/1
f 2977/115/1 143/115/1 141/120/1
f 143/115/1 2977/115/1 2975/113/1
f 2975/113/1 145/113/1 143/115/1
f 145/113/1 2975/113/1 2973/111/1
f 2973/111/1 147/111/1 145/113/1
f 147/111/1 2973/111/1 2971/109/1
f 2971/109/1 149/109/1 147/111/1
f 149/109/1 2971/109/1 2969/107/1
f 2969/107/1 151/107/1 149/109/1
f 151/107/1 2969/107/1 2967/105/1
f 2967/105/1 153/105/1 151/107/1
f 153/105/1 2967/105/1 2965/103/1
f 2965/103/1 155/103/1 153/105/1
f 155/103/1 2965/103/1 2963/101/1
f 2963/101/1 157/101/1 155/103/1
f 157/101/1 2963/101/1 2961/99/1
f 2961/99/1 159/99/1 157/101/1
f 159/99/1 2961/99/1 2959/97/1
f 2959/97/1 161/97/1 159/99/1
f 161/97/1 2959/97/1 2957/95/1
f 2957/95/1 163/95/1 161/97/1
f 163/95/1 2957/95/1 2955/93/1
f 2955/93/1 165/93/1 163/95/1
f 165/93/1 2955/93/1 2953/91/1
f 2953/91/1 167/91/1 165/93/1
f 167/91/1 2953/91/1 2951/89/1
f 2951/89/1 169/89/1 167/91/1
f 169/89/1 2951/89/1 2949/87/1
f 2949/87/1 171/87/1 169/89/1
f 171/87/1 2949/87/1 2947/85/1
f 2947/85/1 173/85/1 171/87/1
f 173/85/1 2947/85/1 2945/83/1
f 2945/83/1 175/83/1 173/85/1
f 175/83/1 2945/83/1 2943/81/1
f 2943/81/1 177/81/1 175/83/1
f 177/81/1 2943/81/1 2941/79/1
f 2941/79/1 179/79/1 177/81/1
f 179/79/1 2941/79/1 2939/77/1
f 2939/77/1 181/77/1 179/79/1
f 181/77/1 2939/77/1 2937/75/1
f 2937/75/1 183/75/1 181/77/1
f 183/75/1 2937/75/1 2935/73/1
f 2935/73/1 185/73/1 183/75/1
f 185/73/1 2935/73/1 2933/71/1
f 2933/71/1 187/71/1 185/73/1
f 187/71/1 2933/71/1 2931/69/1
f 2931/69/1 189/69/1 187/71/1
f 189/69/1 2931/69/1 2929/67/1
f 2929/67/1 191/67/1 189/69/1
f 191/67/1 2929/67/1 2927/65/1
f 2927/65/1 193/65/1 191/67/1
f 193/65/1 2927/65/1 2925/63/1
f 2925/63/1 195/63/1 193/65/1
f 195/63/1 2925/63/1 2923/61/1
f 2923/61/1 197/61/1 195/63/1
f 197/61/1 2923/61/1 2921/59/1
f 2921/59/1 199/59/1 197/61/1
f 199/59/1 2921/59/1 2919/57/1
f 2919/57/1 201/57/1 199/59/1
f 201/57/1 2919/57/1 2917/55/1
f 2917/55/1 203/55/1 201/57/1
f 203/55/1 2917/55/1 2915/53/1
f 2915/53/1 205/53/1 203/55/1
f 205/53/1 2915/53/1 2913/51/1
f 2913/51/1 207/51/1 205/53/1
f 207/51/1 2913/51/1 2911/49/1
f 2911/49/1 209/49/1 207/51/1
f 209/49/1 2911/49/1 2909/47/1
f 2909/47/1 211/47/1 209/49/1
f 211/47/1 2909/47/1 2907/721/1
f 2907/721/1 1666/721/1 211/47/1
f 2906/722/96 1667/722/96 1666/721/96
f 1666/721/96 2907/721/96 2906/722/96
f 2207/723/97 1668/723/97 1669/724/97
f 1669/724/97 2205/724/97 2207/723/97
f 3091/1048/44 3090/508/44 2390/509/9
f 2390/509/9 2389/1049/9 3091/1048/44
f 791/436/6 2280/436/6 2281/435/6
f 2281/435/6 790/435/6 791/436/6
f 790/435/6 2281/435/6 2282/438/6
f 2282/438/6 793/438/6 790/435/6
f 793/438/6 2282/438/6 2283/440/6
f 2283/440/6 795/440/6 793/438/6
f 795/440/6 2283/440/6 2284/442/6
f 2284/442/6 797/442/6 795/440/6
f 797/442/6 2284/442/6 2285/444/6
f 2285/444/6 799/444/6 797/442/6
f 799/444/6 2285/444/6 2286/446/6
f 2286/446/6 801/446/6 799/444/6
f 801/446/6 2286/446/6 2287/448/6
f 2287/448/6 803/448/6 801/446/6
f 803/448/6 2287/448/6 2288/450/6
f 2288/450/6 805/450/6 803/448/6
f 805/450/6 2288/450/6 2289/452/6
f 2289/452/6 807/452/6 805/450/6
f 807/452/6 2289/452/6 2290/454/6
f 2290/454/6 809/454/6 807/452/6
f 809/454/6 2290/454/6 2291/456/6
f 2291/456/6 811/456/6 809/454/6
f 811/456/6 2291/456/6 2292/458/6
f 2292/458/6 813/458/6 811/456/6
f 813/458/6 2292/458/6 2293/460/6
f 2293/460/6 815/460/6 813/458/6
f 815/460/6 2293/460/6 2294/462/6
f 2294/462/6 817/462/6 815/460/6
f 817/462/6 2294/462/6 2295/464/6
f 2295/464/6 819/464/6 817/462/6
f 819/464/6 2295/464/6 2296/466/6
f 2296/466/6 821/466/6 819/464/6
f 821/466/6 2296/466/6 2297/468/6
f 2297/468/6 823/468/6 821/466/6
f 823/468/6 2297/468/6 2298/470/6
f 2298/470/6 825/470/6 823/468/6
f 825/470/6 2298/470/6 2299/472/6
f 2299/472/6 827/472/6 825/470/6
f 827/472/6 2299/472/6 2300/474/6
f 2300/474/6 829/474/6 827/472/6
f 829/474/6 2300/474/6 2301/476/6
f 2301/476/6 831/476/6 829/474/6
f 831/476/6 2301/476/6 2302/478/6
f 2302/478/6 833/478/6 831/476/6
f 833/478/6 2302/478/6 2303/480/6
f 2303/480/6 835/480/6 833/478/6
f 835/480/6 2303/480/6 2304/482/6
f 2304/482/6 837/482/6 835/480/6
f 837/482/6 2304/482/6 2305/484/6
f 2305/484/6 839/484/6 837/482/6
f 839/484/6 2305/484/6 2306/486/6
f 2306/486/6 841/486/6 839/484/6
f 841/486/6 2306/486/6 2307/488/6
f 2307/488/6 843/488/6 841/486/6
f 843/488/6 2307/488/6 2308/490/6
f 2308/490/6 845/490/6 843/488/6
f 845/490/6 2308/490/6 2309/492/6
f 2309/492/6 847/492/6 845/490/6
f 847/492/6 2309/492/6 2310/494/6
f 2310/494/6 849/494/6 847/492/6
f 849/494/6 2310/494/6 2311/496/6
f 2311/496/6 851/496/6 849/494/6
f 851/496/6 2311/496/6 2312/498/6
f 2312/498/6 853/498/6 851/496/6
f 853/498/6 2312/498/6 2313/500/6
f 2313/500/6 855/500/6 853/498/6
f 855/500/6 2313/500/6 2314/502/6
f 2314/502/6 857/502/6 855/500/6
f 857/502/6 2314/502/6 2315/504/6
f 2315/504/6 859/504/6 857/502/6
f 859/504/6 2315/504/6 2316/506/6
f 2316/506/6 861/506/6 859/504/6
f 2390/434/1 789/434/1 792/437/1
f 792/437/1 2388/437/1 2390/434/1
f 2388/437/1 792/437/1 794/439/1
f 794/439/1 2386/439/1 2388/437/1
f 2386/439/1 794/439/1 796/441/1
f 796/441/1 2384/441/1 2386/439/1
f 2384/441/1 796/441/1 798/443/1
f 798/443/1 2382/443/1 2384/441/1
f 2382/443/1 798/443/1 800/445/1
f 800/445/1 2380/445/1 2382/443/1
f 2380/445/1 800/445/1 802/447/1
f 802/447/1 2378/447/1 2380/445/1
f 2378/447/1 802/447/1 804/449/1
f 804/449/1 2376/449/1 2378/447/1
f 2376/449/1 804/449/1 806/451/1
f 806/451/1 2374/451/1 2376/449/1
f 2374/451/1 806/451/1 808/453/1
f 808/453/1 2372/453/1 2374/451/1
f 2372/453/1 808/453/1 810/455/1
f 810/455/1 2370/455/1 2372/453/1
f 2370/455/1 810/455/1 812/457/1
f 812/457/1 2368/457/1 2370/455/1
f 2368/457/1 812/457/1 814/459/1
f 814/459/1 2366/459/1 2368/457/1
f 2366/459/1 814/459/1 816/461/1
f 816/461/1 2364/461/1 2366/459/1
f 2364/461/1 816/461/1 818/463/1
f 818/463/1 2362/463/1 2364/461/1
f 2362/463/1 818/463/1 820/465/1
f 820/465/1 2360/465/1 2362/463/1
f 2360/465/1 820/465/1 822/467/1
f 822/467/1 2358/467/1 2360/465/1
f 2358/467/1 822/467/1 824/469/1
f 824/469/1 2356/469/1 2358/467/1
f 2356/469/1 824/469/1 826/471/1
f 826/471/1 2354/471/1 2356/469/1
f 2354/471/1 826/471/1 828/473/1
f 828/473/1 2352/473/1 2354/471/1
f 2352/473/1 828/473/1 830/475/1
f 830/475/1 2350/475/1 2352/473/1
f 2350/475/1 830/475/1 832/477/1
f 832/477/1 2348/477/1 2350/475/1
f 2348/477/1 832/477/1 834/479/1
f 834/479/1 2346/479/1 2348/477/1
f 2346/479/1 834/479/1 836/481/1
f 836/481/1 2344/481/1 2346/479/1
f 2344/481/1 836/481/1 838/483/1
f 838/483/1 2342/483/1 2344/481/1
f 2342/483/1 838/483/1 840/485/1
f 840/485/1 2340/485/1 2342/483/1
f 2340/485/1 840/485/1 842/487/1
f 842/487/1 2338/487/1 2340/485/1
f 2338/487/1 842/487/1 844/489/1
f 844/489/1 2336/489/1 2338/487/1
f 2336/489/1 844/489/1 846/491/1
f 846/491/1 2334/491/1 2336/489/1
f 2334/491/1 846/491/1 848/493/1
f 848/493/1 2332/493/1 2334/491/1
f 2332/493/1 848/493/1 850/495/1
f 850/495/1 2330/495/1 2332/493/1
f 2330/495/1 850/495/1 852/497/1
f 852/497/1 2328/497/1 2330/495/1
f 2328/497/1 852/497/1 854/499/1
f 854/499/1 2326/499/1 2328/497/1
f 2326/499/1 854/499/1 856/501/1
f 856/501/1 2324/501/1 2326/499/1
f 2324/501/1 856/501/1 858/503/1
f 858/503/1 2322/503/1 2324/501/1
f 2322/503/1 858/503/1 860/505/1
f 860/505/1 2320/505/1 2322/503/1
f 2320/505/1 860/505/1 862/507/1
f 862/507/1 2318/507/1 2320/505/1
f 2280/510/6 791/510/6 864/511/6
f 864/511/6 2982/511/6 2280/510/6
f 3090/508/1 863/508/1 789/509/1
f 789/509/1 2390/509/1 3090/508/1
f 2982/513/6 864/513/6 866/504/6
f 866/504/6 2981/504/6 2982/513/6
f 2981/504/6 866/504/6 868/502/6
f 868/502/6 2983/502/6 2981/504/6
f 2983/502/6 868/502/6 870/500/6
f 870/500/6 2984/500/6 2983/502/6
f 2984/500/6 870/500/6 872/498/6
f 872/498/6 2985/498/6 2984/500/6
f 2985/498/6 872/498/6 874/496/6
f 874/496/6 2986/496/6 2985/498/6
f 2986/496/6 874/496/6 876/494/6
f 876/494/6 2987/494/6 2986/496/6
f 2987/494/6 876/494/6 878/492/6
f 878/492/6 2988/492/6 2987/494/6
f 2988/492/6 878/492/6 880/490/6
f 880/490/6 2989/490/6 2988/492/6
f 2989/490/6 880/490/6 882/488/6
f 882/488/6 2990/488/6 2989/490/6
f 2990/488/6 882/488/6 884/486/6
f 884/486/6 2991/486/6 2990/488/6
f 2991/486/6 884/486/6 886/484/6
f 886/484/6 2992/484/6 2991/486/6
f 2992/484/6 886/484/6 888/482/6
f 888/482/6 2993/482/6 2992/484/6
f 2993/482/6 888/482/6 890/480/6
f 890/480/6 2994/480/6 2993/482/6
f 2994/480/6 890/480/6 892/478/6
f 892/478/6 2995/478/6 2994/480/6
f 2995/478/6 892/478/6 894/476/6
f 894/476/6 2996/476/6 2995/478/6
f 2996/476/6 894/476/6 896/474/6
f 896/474/6 2997/474/6 2996/476/6
f 2997/474/6 896/474/6 898/472/6
f 898/472/6 2998/472/6 2997/474/6
f 2998/472/6 898/472/6 900/470/6
f 900/470/6 2999/470/6 2998/472/6
f 2999/470/6 900/470/6 902/468/6
f 902/468/6 3000/468/6 2999/470/6
f 3000/468/6 902/468/6 904/466/6
f 904/466/6 3001/466/6 3000/468/6
f 3001/466/6 904/466/6 906/464/6
f 906/464/6 3002/464/6 3001/466/6
f 3002/464/6 906/464/6 908/462/6
f 908/462/6 3003/462/6 3002/464/6
f 3003/462/6 908/462/6 910/460/6
f 910/460/6 3004/460/6 3003/462/6
f 3004/460/6 910/460/6 912/458/6
f 912/458/6 3005/458/6 3004/460/6
f 3005/458/6 912/458/6 914/456/6
f 914/456/6 3006/456/6 3005/458/6
f 3006/456/6 914/456/6 916/454/6
f 916/454/6 3007/454/6 3006/456/6
f 3007/454/6 916/454/6 918/452/6
f 918/452/6 3008/452/6 3007/454/6
f 3008/452/6 918/452/6 920/450/6
f 920/450/6 3009/450/6 3008/452/6
f 3009/450/6 920/450/6 922/448/6
f 922/448/6 3010/448/6 3009/450/6
f 3010/448/6 922/448/6 924/446/6
f 924/446/6 3011/446/6 3010/448/6
f 3011/446/6 924/446/6 926/444/6
f 926/444/6 3012/444/6 3011/446/6
f 3012/444/6 926/444/6 928/442/6
f 928/442/6 3013/442/6 3012/444/6
f 3013/442/6 928/442/6 930/440/6
f 930/440/6 3014/440/6 3013/442/6
f 3014/440/6 930/440/6 932/438/6
f 932/438/6 3015/438/6 3014/440/6
f 3015/438/6 932/438/6 934/435/6
f 934/435/6 3016/435/6 3015/438/6
f 3016/435/6 934/435/6 936/515/6
f 936/515/6 3017/515/6 3016/435/6
f 863/512/1 3090/512/1 3088/505/1
f 3088/505/1 865/505/1 863/512/1
f 865/505/1 3088/505/1 3086/503/1
f 3086/503/1 867/503/1 865/505/1
f 867/503/1 3086/503/1 3084/501/1
f 3084/501/1 869/501/1 867/503/1
f 869/501/1 3084/501/1 3082/499/1
f 3082/499/1 871/499/1 869/501/1
f 871/499/1 3082/499/1 3080/497/1
f 3080/497/1 873/497/1 871/499/1
f 873/497/1 3080/497/1 3078/495/1
f 3078/495/1 875/495/1 873/497/1
f 875/495/1 3078/495/1 3076/493/1
f 3076/493/1 877/493/1 875/495/1
f 877/493/1 3076/493/1 3074/491/1
f 3074/491/1 879/491/1 877/493/1
f 879/491/1 3074/491/1 3072/489/1
f 3072/489/1 881/489/1 879/491/1
f 881/489/1 3072/489/1 3070/487/1
f 3070/487/1 883/487/1 881/489/1
f 883/487/1 3070/487/1 3068/485/1
f 3068/485/1 885/485/1 883/487/1
f 885/485/1 3068/485/1 3066/483/1
f 3066/483/1 887/483/1 885/485/1
f 887/483/1 3066/483/1 3064/481/1
f 3064/481/1 889/481/1 887/483/1
f 889/481/1 3064/481/1 3062/479/1
f 3062/479/1 891/479/1 889/481/1
f 891/479/1 3062/479/1 3060/477/1
f 3060/477/1 893/477/1 891/479/1
f 893/477/1 3060/477/1 3058/475/1
f 3058/475/1 895/475/1 893/477/1
f 895/475/1 3058/475/1 3056/473/1
f 3056/473/1 897/473/1 895/475/1
f 897/473/1 3056/473/1 3054/471/1
f 3054/471/1 899/471/1 897/473/1
f 899/471/1 3054/471/1 3052/469/1
f 3052/469/1 901/469/1 899/471/1
f 901/469/1 3052/469/1 3050/467/1
f 3050/467/1 903/467/1 901/469/1
f 903/467/1 3050/467/1 3048/465/1
f 3048/465/1 905/465/1 903/467/1
f 905/465/1 3048/465/1 3046/463/1
f 3046/463/1 907/463/1 905/465/1
f 907/463/1 3046/463/1 3044/461/1
f 3044/461/1 909/461/1 907/463/1
f 909/461/1 3044/461/1 3042/459/1
f 3042/459/1 911/459/1 909/461/1
f 911/459/1 3042/459/1 3040/457/1
f 3040/457/1 913/457/1 911/459/1
f 913/457/1 3040/457/1 3038/455/1
f 3038/455/1 915/455/1 913/457/1
f 915/455/1 3038/455/1 3036/453/1
f 3036/453/1 917/453/1 915/455/1
f 917/453/1 3036/453/1 3034/451/1
f 3034/451/1 919/451/1 917/453/1
f 919/451/1 3034/451/1 3032/449/1
f 3032/449/1 921/449/1 919/451/1
f 921/449/1 3032/449/1 3030/447/1
f 3030/447/1 923/447/1 921/449/1
f 923/447/1 3030/447/1 3028/445/1
f 3028/445/1 925/445/1 923/447/1
f 925/445/1 3028/445/1 3026/443/1
f 3026/443/1 927/443/1 925/445/1
f 927/443/1 3026/443/1 3024/441/1
f 3024/441/1 929/441/1 927/443/1
f 929/441/1 3024/441/1 3022/439/1
f 3022/439/1 931/439/1 929/441/1
f 931/439/1 3022/439/1 3020/437/1
f 3020/437/1 933/437/1 931/439/1
f 933/437/1 3020/437/1 3018/514/1
f 3018/514/1 935/514/1 933/437/1
f 3017/515/96 936/515/96 935/514/96
f 935/514/96 3018/514/96 3017/515/96
f 2318/507/97 862/507/97 861/506/97
f 861/506/97 2316/506/97 2318/507/97
f 1192/19/6 3093/529/6 3092/528/6
f 3092/528/6 1191/720/6 1192/19/6
f 1191/720/6 3092/528/6 3094/530/6
f 3094/530/6 1196/719/6 1191/720/6
f 1196/719/6 3094/530/6 3095/531/6
f 3095/531/6 1199/718/6 1196/719/6
f 1199/718/6 3095/531/6 3096/532/6
f 3096/532/6 1202/717/6 1199/718/6
f 1202/717/6 3096/532/6 3097/533/6
f 3097/533/6 1205/716/6 1202/717/6
f 1205/716/6 3097/533/6 3098/525/6
f 3098/525/6 1208/715/6 1205/716/6
f 1208/715/6 3098/525/6 3099/524/6
f 3099/524/6 1211/714/6 1208/715/6
f 1211/714/6 3099/524/6 3100/539/6
f 3100/539/6 1214/713/6 1211/714/6
f 1214/713/6 3100/539/6 3101/538/6
f 3101/538/6 1217/712/6 1214/713/6
f 1217/712/6 3101/538/6 3102/540/6
f 3102/540/6 1220/711/6 1217/712/6
f 1220/711/6 3102/540/6 3103/536/6
f 3103/536/6 1223/710/6 1220/711/6
f 1223/710/6 3103/536/6 3104/535/6
f 3104/535/6 1226/709/6 1223/710/6
f 1226/709/6 3104/535/6 3105/534/6
f 3105/534/6 1229/708/6 1226/709/6
f 1229/708/6 3105/534/6 3106/537/6
f 3106/537/6 1232/707/6 1229/708/6
f 1255/700/6 3108/546/6 3107/559/6
f 3107/559/6 1254/699/6 1255/700/6
f 1254/699/6 3107/559/6 3109/558/6
f 3109/558/6 1256/698/6 1254/699/6
f 1256/698/6 3109/558/6 3110/527/6
f 3110/527/6 1259/697/6 1256/698/6
f 1259/697/6 3110/527/6 3111/526/6
f 3111/526/6 1262/696/6 1259/697/6
f 1262/696/6 3111/526/6 3112/560/6
f 3112/560/6 1265/695/6 1262/696/6
f 1265/695/6 3112/560/6 3113/549/6
f 3113/549/6 1268/694/6 1265/695/6
f 1268/694/6 3113/549/6 3114/548/6
f 3114/548/6 1271/693/6 1268/694/6
f 1271/693/6 3114/548/6 3115/551/6
f 3115/551/6 1274/692/6 1271/693/6
f 1274/692/6 3115/551/6 3116/550/6
f 3116/550/6 1277/691/6 1274/692/6
f 1277/691/6 3116/550/6 3117/553/6
f 3117/553/6 1280/690/6 1277/691/6
f 1280/690/6 3117/553/6 3118/554/6
f 3118/554/6 1283/689/6 1280/690/6
f 1283/689/6 3118/554/6 3119/555/6
f 3119/555/6 1286/688/6 1283/689/6
f 1286/688/6 3119/555/6 3120/556/6
f 3120/556/6 1289/687/6 1286/688/6
f 1289/687/6 3120/556/6 3121/557/6
f 3121/557/6 1291/20/6 1289/687/6
f 3122/557/6 1440/20/6 1437/687/6
f 1437/687/6 3123/556/6 3122/557/6
f 3123/556/6 1437/687/6 1434/688/6
f 1434/688/6 3124/555/6 3123/556/6
f 3124/555/6 1434/688/6 1431/689/6
f 1431/689/6 3125/554/6 3124/555/6
f 3125/554/6 1431/689/6 1428/690/6
f 1428/690/6 3126/553/6 3125/554/6
f 3126/553/6 1428/690/6 1425/691/6
f 1425/691/6 3127/550/6 3126/553/6
f 3127/550/6 1425/691/6 1422/692/6
f 1422/692/6 3128/551/6 3127/550/6
f 3128/551/6 1422/692/6 1419/693/6
f 1419/693/6 3129/548/6 3128/551/6
f 3129/548/6 1419/693/6 1416/694/6
f 1416/694/6 3130/549/6 3129/548/6
f 1334/19/6 3132/529/6 3131/528/6
f 3131/528/6 1333/720/6 1334/19/6
f 1333/720/6 3131/528/6 3133/530/6
f 3133/530/6 1338/719/6 1333/720/6
f 1338/719/6 3133/530/6 3134/531/6
f 3134/531/6 1341/718/6 1338/719/6
f 1341/718/6 3134/531/6 3135/532/6
f 3135/532/6 1344/717/6 1341/718/6
f 1344/717/6 3135/532/6 3136/533/6
f 3136/533/6 1347/716/6 1344/717/6
f 1347/716/6 3136/533/6 3137/525/6
f 3137/525/6 1350/715/6 1347/716/6
f 1350/715/6 3137/525/6 3138/524/6
f 3138/524/6 1353/714/6 1350/715/6
f 1353/714/6 3138/524/6 3139/539/6
f 3139/539/6 1356/713/6 1353/714/6
f 1356/713/6 3139/539/6 3140/538/6
f 3140/538/6 1359/712/6 1356/713/6
f 1359/712/6 3140/538/6 3141/540/6
f 3141/540/6 1362/711/6 1359/712/6
f 1362/711/6 3141/540/6 3142/536/6
f 3142/536/6 1365/710/6 1362/711/6
f 1365/710/6 3142/536/6 3143/535/6
f 3143/535/6 1368/709/6 1365/710/6
f 1368/709/6 3143/535/6 3144/534/6
f 3144/534/6 1371/708/6 1368/709/6
f 1371/708/6 3144/534/6 3145/537/6
f 3145/537/6 1374/707/6 1371/708/6
f 1374/707/6 3145/537/6 3146/541/6
f 3146/541/6 1377/706/6 1374/707/6
f 1377/706/6 3146/541/6 3147/542/6
f 3147/542/6 1380/705/6 1377/706/6
f 1380/705/6 3147/542/6 3148/543/6
f 3148/543/6 1383/704/6 1380/705/6
f 1383/704/6 3148/543/6 3149/544/6
f 3149/544/6 1386/35/6 1383/704/6
f 1386/35/6 3149/544/6 3150/545/6
f 3150/545/6 1389/703/6 1386/35/6
f 1389/703/6 3150/545/6 3151/552/6
f 3151/552/6 1392/702/6 1389/703/6
f 1392/702/6 3151/552/6 3152/547/6
f 3152/547/6 1395/701/6 1392/702/6
f 1395/701/6 3152/547/6 3153/546/6
f 3153/546/6 1398/700/6 1395/701/6
f 1398/700/6 3153/546/6 3154/559/6
f 3154/559/6 1401/699/6 1398/700/6
f 1401/699/6 3154/559/6 3155/558/6
f 3155/558/6 1404/698/6 1401/699/6
f 1404/698/6 3155/558/6 3156/527/6
f 3156/527/6 1407/697/6 1404/698/6
f 1407/697/6 3156/527/6 3157/526/6
f 3157/526/6 1410/696/6 1407/697/6
f 1410/696/6 3157/526/6 3158/560/6
f 3158/560/6 1413/695/6 1410/696/6
f 1413/695/6 3158/560/6 3130/549/6
f 3130/549/6 1416/694/6 1413/695/6
f 1291/27/6 3121/683/6 3132/684/6
f 3132/684/6 1334/5/6 1291/27/6
f 1440/6/6 3122/685/6 3093/686/6
f 3093/686/6 1192/3/6 1440/6/6
f 3159/529/44 971/529/44 970/528/45
f 970/528/45 3160/528/45 3159/529/44
f 3093/529/44 3159/529/44 3160/528/45
f 3160/528/45 3092/528/45 3093/529/44
f 3160/528/45 970/528/45 972/530/46
f 972/530/46 3161/530/46 3160/528/45
f 3092/528/45 3160/528/45 3161/530/46
f 3161/530/46 3094/530/46 3092/528/45
f 3161/530/46 972/530/46 973/531/47
f 973/531/47 3162/531/47 3161/530/46
f 3094/530/46 3161/530/46 3162/531/47
f 3162/531/47 3095/531/47 3094/530/46
f 3162/531/47 973/531/47 974/532/48
f 974/532/48 3163/532/48 3162/531/47
f 3095/531/47 3162/531/47 3163/532/48
f 3163/532/48 3096/532/48 3095/531/47
f 3163/532/48 974/532/48 975/533/49
f 975/533/49 3164/533/49 3163/532/48
f 3096/532/48 3163/532/48 3164/533/49
f 3164/533/49 3097/533/49 3096/532/48
f 3164/533/49 975/533/49 967/525/80
f 967/525/80 3165/525/50 3164/533/49
f 3097/533/49 3164/533/49 3165/525/50
f 3165/525/50 3098/525/50 3097/533/49
f 3165/525/50 967/525/80 965/524/51
f 965/524/51 3166/524/51 3165/525/50
f 3098/525/50 3165/525/50 3166/524/51
f 3166/524/51 3099/524/51 3098/525/50
f 3166/524/51 965/524/51 981/539/52
f 981/539/52 3167/539/52 3166/524/51
f 3099/524/51 3166/524/51 3167/539/52
f 3167/539/52 3100/539/52 3099/524/51
f 3167/539/52 981/539/52 980/538/53
f 980/538/53 3168/538/53 3167/539/52
f 3100/539/52 3167/539/52 3168/538/53
f 3168/538/53 3101/538/53 3100/539/52
f 3168/538/53 980/538/53 982/540/54
f 982/540/54 3169/540/54 3168/538/53
f 3101/538/53 3168/538/53 3169/540/54
f 3169/540/54 3102/540/54 3101/538/53
f 3169/540/54 982/540/54 978/536/55
f 978/536/55 3170/536/55 3169/540/54
f 3102/540/54 3169/540/54 3170/536/55
f 3170/536/55 3103/536/55 3102/540/54
f 3170/536/55 978/536/55 977/535/56
f 977/535/56 3171/535/81 3170/536/55
f 3103/536/55 3170/536/55 3171/535/81
f 3171/535/81 3104/535/81 3103/536/55
f 3171/535/81 977/535/56 976/534/57
f 976/534/57 3172/534/57 3171/535/81
f 3104/535/81 3171/535/81 3172/534/57
f 3172/534/57 3105/534/57 3104/535/81
f 3172/534/57 976/534/57 979/537/58
f 979/537/58 3173/537/98 3172/534/57
f 3105/534/57 3172/534/57 3173/537/98
f 3173/537/98 3106/537/99 3105/534/57
f 3173/537/98 979/537/58 983/541/59
f 983/541/59 3174/541/59 3173/537/98
f 3174/541/59 983/541/59 984/542/60
f 984/542/60 3175/542/60 3174/541/59
f 3175/542/60 984/542/60 985/543/61
f 985/543/61 3176/543/61 3175/542/60
f 3176/543/61 985/543/61 986/544/5
f 986/544/5 3177/544/5 3176/543/61
f 3177/544/5 986/544/5 987/545/62
f 987/545/62 3178/545/62 3177/544/5
f 3178/545/62 987/545/62 994/552/63
f 994/552/63 3179/552/63 3178/545/62
f 3179/552/63 994/552/63 989/547/64
f 989/547/64 3180/547/64 3179/552/63
f 3180/547/64 989/547/64 988/546/65
f 988/546/65 3181/546/100 3180/547/64
f 3181/546/100 988/546/65 1001/559/66
f 1001/559/66 3182/559/66 3181/546/100
f 3108/546/101 3181/546/100 3182/559/66
f 3182/559/66 3107/559/66 3108/546/101
f 3182/559/66 1001/559/66 1000/558/67
f 1000/558/67 3183/558/67 3182/559/66
f 3107/559/66 3182/559/66 3183/558/67
f 3183/558/67 3109/558/67 3107/559/66
f 3183/558/67 1000/558/67 969/527/68
f 969/527/68 3184/527/68 3183/558/67
f 3109/558/67 3183/558/67 3184/527/68
f 3184/527/68 3110/527/68 3109/558/67
f 3184/527/68 969/527/68 968/526/69
f 968/526/69 3185/526/69 3184/527/68
f 3110/527/68 3184/527/68 3185/526/69
f 3185/526/69 3111/526/69 3110/527/68
f 3185/526/69 968/526/69 1002/560/70
f 1002/560/70 3186/560/70 3185/526/69
f 3111/526/69 3185/526/69 3186/560/70
f 3186/560/70 3112/560/70 3111/526/69
f 3186/560/70 1002/560/70 991/549/71
f 991/549/71 3187/549/71 3186/560/70
f 3112/560/70 3186/560/70 3187/549/71
f 3187/549/71 3113/549/71 3112/560/70
f 3187/549/71 991/549/71 990/548/72
f 990/548/72 3188/548/72 3187/549/71
f 3113/549/71 3187/549/71 3188/548/72
f 3188/548/72 3114/548/72 3113/549/71
f 3188/548/72 990/548/72 993/551/73
f 993/551/73 3189/551/73 3188/548/72
f 3114/548/72 3188/548/72 3189/551/73
f 3189/551/73 3115/551/73 3114/548/72
f 3189/551/73 993/551/73 992/550/74
f 992/550/74 3190/550/74 3189/551/73
f 3115/551/73 3189/551/73 3190/550/74
f 3190/550/74 3116/550/74 3115/551/73
f 3190/550/74 992/550/74 995/553/75
f 995/553/75 3191/553/75 3190/550/74
f 3116/550/74 3190/550/74 3191/553/75
f 3191/553/75 3117/553/75 3116/550/74
f 3191/553/75 995/553/75 996/554/76
f 996/554/76 3192/554/76 3191/553/75
f 3117/553/75 3191/553/75 3192/554/76
f 3192/554/76 3118/554/76 3117/553/75
f 3192/554/76 996/554/76 997/555/77
f 997/555/77 3193/555/77 3192/554/76
f 3118/554/76 3192/554/76 3193/555/77
f 3193/555/77 3119/555/77 3118/554/76
f 3193/555/77 997/555/77 998/556/78
f 998/556/78 3194/556/78 3193/555/77
f 3119/555/77 3193/555/77 3194/556/78
f 3194/556/78 3120/556/78 3119/555/77
f 3194/556/78 998/556/78 999/557/92
f 999/557/92 3195/557/92 3194/556/78
f 3120/556/78 3194/556/78 3195/557/92
f 3195/557/92 3121/557/92 3120/556/78
f 3196/529/87 1301/529/87 1300/528/43
f 1300/528/43 3197/528/43 3196/529/87
f 3132/529/87 3196/529/87 3197/528/43
f 3197/528/43 3131/528/43 3132/529/87
f 3197/528/43 1300/528/43 1302/530/42
f 1302/530/42 3198/530/42 3197/528/43
f 3131/528/43 3197/528/43 3198/530/42
f 3198/530/42 3133/530/42 3131/528/43
f 3198/530/42 1302/530/42 1303/531/41
f 1303/531/41 3199/531/41 3198/530/42
f 3133/530/42 3198/530/42 3199/531/41
f 3199/531/41 3134/531/41 3133/530/42
f 3199/531/41 1303/531/41 1304/532/40
f 1304/532/40 3200/532/40 3199/531/41
f 3134/531/41 3199/531/41 3200/532/40
f 3200/532/40 3135/532/40 3134/531/41
f 3200/532/40 1304/532/40 1305/533/39
f 1305/533/39 3201/533/39 3200/532/40
f 3135/532/40 3200/532/40 3201/533/39
f 3201/533/39 3136/533/39 3135/532/40
f 3201/533/39 1305/533/39 1306/525/38
f 1306/525/38 3202/525/38 3201/533/39
f 3136/533/39 3201/533/39 3202/525/38
f 3202/525/38 3137/525/38 3136/533/39
f 3202/525/38 1306/525/38 1307/524/37
f 1307/524/37 3203/524/37 3202/525/38
f 3137/525/38 3202/525/38 3203/524/37
f 3203/524/37 3138/524/37 3137/525/38
f 3203/524/37 1307/524/37 1308/539/36
f 1308/539/36 3204/539/36 3203/524/37
f 3138/524/37 3203/524/37 3204/539/36
f 3204/539/36 3139/539/36 3138/524/37
f 3204/539/36 1308/539/36 1309/538/35
f 1309/538/35 3205/538/35 3204/539/36
f 3139/539/36 3204/539/36 3205/538/35
f 3205/538/35 3140/538/35 3139/539/36
f 3205/538/35 1309/538/35 1310/540/34
f 1310/540/34 3206/540/34 3205/538/35
f 3140/538/35 3205/538/35 3206/540/34
f 3206/540/34 3141/540/34 3140/538/35
f 3206/540/34 1310/540/34 1311/536/33
f 1311/536/33 3207/536/33 3206/540/34
f 3141/540/34 3206/540/34 3207/536/33
f 3207/536/33 3142/536/33 3141/540/34
f 3207/536/33 1311/536/33 1312/535/32
f 1312/535/32 3208/535/32 3207/536/33
f 3142/536/33 3207/536/33 3208/535/32
f 3208/535/32 3143/535/32 3142/536/33
f 3208/535/32 1312/535/32 1313/534/31
f 1313/534/31 3209/534/31 3208/535/32
f 3143/535/32 3208/535/32 3209/534/31
f 3209/534/31 3144/534/31 3143/535/32
f 3209/534/31 1313/534/31 1314/537/30
f 1314/537/30 3210/537/30 3209/534/31
f 3144/534/31 3209/534/31 3210/537/30
f 3210/537/30 3145/537/30 3144/534/31
f 3210/537/30 1314/537/30 1315/541/29
f 1315/541/29 3211/541/29 3210/537/30
f 3145/537/30 3210/537/30 3211/541/29
f 3211/541/29 3146/541/29 3145/537/30
f 3211/541/29 1315/541/29 1316/542/28
f 1316/542/28 3212/542/28 3211/541/29
f 3146/541/29 3211/541/29 3212/542/28
f 3212/542/28 3147/542/28 3146/541/29
f 3212/542/28 1316/542/28 1317/543/27
f 1317/543/27 3213/543/27 3212/542/28
f 3147/542/28 3212/542/28 3213/543/27
f 3213/543/27 3148/543/27 3147/542/28
f 3213/543/27 1317/543/27 1318/544/7
f 1318/544/7 3214/544/7 3213/543/27
f 3148/543/27 3213/543/27 3214/544/7
f 3214/544/7 3149/544/7 3148/543/27
f 3214/544/7 1318/544/7 1319/545/26
f 1319/545/26 3215/545/26 3214/544/7
f 3149/544/7 3214/544/7 3215/545/26
f 3215/545/26 3150/545/26 3149/544/7
f 3215/545/26 1319/545/26 1320/552/25
f 1320/552/25 3216/552/25 3215/545/26
f 3150/545/26 3215/545/26 3216/552/25
f 3216/552/25 3151/552/25 3150/545/26
f 3216/552/25 1320/552/25 1321/547/24
f 1321/547/24 3217/547/24 3216/552/25
f 3151/552/25 3216/552/25 3217/547/24
f 3217/547/24 3152/547/24 3151/552/25
f 3217/547/24 1321/547/24 1322/546/23
f 1322/546/23 3218/546/23 3217/547/24
f 3152/547/24 3217/547/24 3218/546/23
f 3218/546/23 3153/546/23 3152/547/24
f 3218/546/23 1322/546/23 1323/559/22
f 1323/559/22 3219/559/22 3218/546/23
f 3153/546/23 3218/546/23 3219/559/22
f 3219/559/22 3154/559/22 3153/546/23
f 3219/559/22 1323/559/22 1324/558/21
f 1324/558/21 3220/558/79 3219/559/22
f 3154/559/22 3219/559/22 3220/558/79
f 3220/558/79 3155/558/79 3154/559/22
f 3220/558/79 1324/558/21 1325/527/20
f 1325/527/20 3221/527/20 3220/558/79
f 3155/558/79 3220/558/79 3221/527/20
f 3221/527/20 3156/527/20 3155/558/79
f 3221/527/20 1325/527/20 1326/526/19
f 1326/526/19 3222/526/19 3221/527/20
f 3156/527/20 3221/527/20 3222/526/19
f 3222/526/19 3157/526/19 3156/527/20
f 3222/526/19 1326/526/19 1327/560/18
f 1327/560/18 3223/560/18 3222/526/19
f 3157/526/19 3222/526/19 3223/560/18
f 3223/560/18 3158/560/18 3157/526/19
f 3223/560/18 1327/560/18 1328/549/17
f 1328/549/17 3224/549/17 3223/560/18
f 3158/560/18 3223/560/18 3224/549/17
f 3224/549/17 3130/549/17 3158/560/18
f 3224/549/17 1328/549/17 1329/548/16
f 1329/548/16 3225/548/16 3224/549/17
f 3130/549/17 3224/549/17 3225/548/16
f 3225/548/16 3129/548/16 3130/549/17
f 3225/548/16 1329/548/16 1330/551/15
f 1330/551/15 3226/551/15 3225/548/16
f 3129/548/16 3225/548/16 3226/551/15
f 3226/551/15 3128/551/15 3129/548/16
f 3226/551/15 1330/551/15 1331/550/14
f 1331/550/14 3227/550/14 3226/551/15
f 3128/551/15 3226/551/15 3227/550/14
f 3227/550/14 3127/550/14 3128/551/15
f 3227/550/14 1331/550/14 1332/553/13
f 1332/553/13 3228/553/13 3227/550/14
f 3127/550/14 3227/550/14 3228/553/13
f 3228/553/13 3126/553/13 3127/550/14
f 3228/553/13 1332/553/13 1299/554/12
f 1299/554/12 3229/554/12 3228/553/13
f 3126/553/13 3228/553/13 3229/554/12
f 3229/554/12 3125/554/12 3126/553/13
f 3229/554/12 1299/554/12 1298/555/11
f 1298/555/11 3230/555/11 3229/554/12
f 3125/554/12 3229/554/12 3230/555/11
f 3230/555/11 3124/555/11 3125/554/12
f 3230/555/11 1298/555/11 1297/556/10
f 1297/556/10 3231/556/10 3230/555/11
f 3124/555/11 3230/555/11 3231/556/10
f 3231/556/10 3123/556/10 3124/555/11
f 3231/556/10 1297/556/10 1295/557/9
f 1295/557/9 3232/557/9 3231/556/10
f 3123/556/10 3231/556/10 3232/557/9
f 3232/557/9 3122/557/9 3123/556/10
f 3195/683/92 999/683/92 1301/684/87
f 1301/684/87 3196/684/87 3195/683/92
f 3121/683/92 3195/683/92 3196/684/87
f 3196/684/87 3132/684/87 3121/683/92
f 3232/685/9 1295/685/9 971/686/44
f 971/686/44 3159/686/44 3232/685/9
f 3122/685/9 3232/685/9 3159/686/44
f 3159/686/44 3093/686/44 3122/685/9
f 3235/999/87 3234/570/87 3233/572/43
f 3233/572/43 3236/1000/43 3235/999/87
f 3236/1000/43 3233/572/43 3237/575/42
f 3237/575/42 3238/1001/42 3236/1000/43
f 3238/1001/42 3237/575/42 3239/578/41
f 3239/578/41 3240/1002/41 3238/1001/42
f 3240/1002/41 3239/578/41 3241/581/40
f 3241/581/40 3242/1003/40 3240/1002/41
f 3242/1003/40 3241/581/40 3243/584/39
f 3243/584/39 3244/1004/39 3242/1003/40
f 3244/1004/39 3243/584/39 3245/587/38
f 3245/587/38 3246/1005/38 3244/1004/39
f 3246/1005/38 3245/587/38 3247/590/37
f 3247/590/37 3248/1006/37 3246/1005/38
f 3248/1006/37 3247/590/37 3249/593/36
f 3249/593/36 3250/1007/36 3248/1006/37
f 3250/1007/36 3249/593/36 3251/596/35
f 3251/596/35 3252/1008/35 3250/1007/36
f 3252/1008/35 3251/596/35 3253/599/34
f 3253/599/34 3254/1009/34 3252/1008/35
f 3254/1009/34 3253/599/34 3255/602/33
f 3255/602/33 3256/1010/33 3254/1009/34
f 3256/1010/33 3255/602/33 3257/605/32
f 3257/605/32 3258/1011/32 3256/1010/33
f 3258/1011/32 3257/605/32 3259/608/31
f 3259/608/31 3260/1012/31 3258/1011/32
f 3260/1012/31 3259/608/31 3261/610/30
f 3261/610/30 3262/1013/30 3260/1012/31
f 3262/1013/30 3261/610/30 3263/612/29
f 3263/612/29 3264/1014/29 3262/1013/30
f 3264/1014/29 3263/612/29 3265/614/28
f 3265/614/28 3266/1015/28 3264/1014/29
f 3266/1015/28 3265/614/28 3267/616/27
f 3267/616/27 3268/1016/27 3266/1015/28
f 3268/1016/27 3267/616/27 3269/618/7
f 3269/618/7 3270/1017/7 3268/1016/27
f 3270/1017/7 3269/618/7 3271/620/26
f 3271/620/26 3272/1018/26 3270/1017/7
f 3272/1018/26 3271/620/26 3273/622/25
f 3273/622/25 3274/1019/25 3272/1018/26
f 3274/1019/25 3273/622/25 3275/624/24
f 3275/624/24 3276/1020/24 3274/1019/25
f 3276/1020/24 3275/624/24 3277/626/23
f 3277/626/23 3278/1021/23 3276/1020/24
f 3278/1021/23 3277/626/23 3279/628/22
f 3279/628/22 3280/1022/22 3278/1021/23
f 3280/1022/22 3279/628/22 3281/633/79
f 3281/633/79 3282/1023/79 3280/1022/22
f 3282/1023/79 3281/633/79 3283/636/20
f 3283/636/20 3284/1024/20 3282/1023/79
f 3284/1024/20 3283/636/20 3285/639/19
f 3285/639/19 3286/1025/19 3284/1024/20
f 3286/1025/19 3285/639/19 3287/642/18
f 3287/642/18 3288/1026/18 3286/1025/19
f 3288/1026/18 3287/642/18 3289/645/17
f 3289/645/17 3290/1027/17 3288/1026/18
f 3290/1027/17 3289/645/17 3291/648/16
f 3291/648/16 3292/1028/16 3290/1027/17
f 3292/1028/16 3291/648/16 3293/651/15
f 3293/651/15 3294/1029/15 3292/1028/16
f 3294/1029/15 3293/651/15 3295/654/14
f 3295/654/14 3296/1030/14 3294/1029/15
f 3296/1030/14 3295/654/14 3297/657/13
f 3297/657/13 3298/1031/13 3296/1030/14
f 3298/1031/13 3297/657/13 3299/660/12
f 3299/660/12 3300/1032/12 3298/1031/13
f 3300/1032/12 3299/660/12 3301/663/11
f 3301/663/11 3302/1033/11 3300/1032/12
f 3302/1033/11 3301/663/11 3303/666/10
f 3303/666/10 3304/1034/10 3302/1033/11
f 3304/1034/10 3303/666/10 3305/668/9
f 3305/668/9 3306/1035/9 3304/1034/10
f 3306/1049/9 3305/681/9 3307/682/44
f 3307/682/44 3308/1048/44 3306/1049/9
f 3308/999/44 3307/570/44 3309/572/45
f 3309/572/45 3310/1000/45 3308/999/44
f 3310/1000/45 3309/572/45 3311/575/46
f 3311/575/46 3312/1001/46 3310/1000/45
f 3312/1001/46 3311/575/46 3313/578/47
f 3313/578/47 3314/1002/47 3312/1001/46
f 3314/1002/47 3313/578/47 3315/581/48
f 3315/581/48 3316/1003/48 3314/1002/47
f 3316/1003/48 3315/581/48 3317/584/49
f 3317/584/49 3318/1004/49 3316/1003/48
f 3318/1004/49 3317/584/49 3319/587/80
f 3319/587/80 3320/1005/50 3318/1004/49
f 3320/1005/50 3319/587/80 3321/590/51
f 3321/590/51 3322/1006/51 3320/1005/50
f 3322/1006/51 3321/590/51 3323/593/52
f 3323/593/52 3324/1007/52 3322/1006/51
f 3324/1007/52 3323/593/52 3325/596/53
f 3325/596/53 3326/1008/53 3324/1007/52
f 3326/1008/53 3325/596/53 3327/599/54
f 3327/599/54 3328/1009/54 3326/1008/53
f 3328/1009/54 3327/599/54 3329/602/55
f 3329/602/55 3330/1010/55 3328/1009/54
f 3330/1010/55 3329/602/55 3331/605/81
f 3331/605/81 3332/1011/81 3330/1010/55
f 3332/1011/81 3331/605/81 3333/608/57
f 3333/608/57 3334/1012/57 3332/1011/81
f 3334/1012/57 3333/608/57 3335/610/58
f 3335/610/58 3336/1013/58 3334/1012/57
f 3336/1013/58 3335/610/58 3337/612/59
f 3337/612/59 3338/1014/59 3336/1013/58
f 3338/1014/59 3337/612/59 3339/614/60
f 3339/614/60 3340/1015/60 3338/1014/59
f 3340/1015/60 3339/614/60 3341/616/61
f 3341/616/61 3342/1016/61 3340/1015/60
f 3342/1016/61 3341/616/61 3343/618/5
f 3343/618/5 3344/1017/5 3342/1016/61
f 3344/1017/5 3343/618/5 3345/620/62
f 3345/620/62 3346/1018/62 3344/1017/5
f 3346/1018/62 3345/620/62 3347/622/63
f 3347/622/63 3348/1019/63 3346/1018/62
f 3348/1019/63 3347/622/63 3349/624/64
f 3349/624/64 3350/1020/64 3348/1019/63
f 3350/1020/64 3349/624/64 3351/626/65
f 3351/626/65 3352/1021/65 3350/1020/64
f 3352/1021/65 3351/626/65 3353/628/66
f 3353/628/66 3354/1022/66 3352/1021/65
f 3354/1022/66 3353/628/66 3355/633/67
f 3355/633/67 3356/1023/67 3354/1022/66
f 3356/1023/67 3355/633/67 3357/636/68
f 3357/636/68 3358/1024/68 3356/1023/67
f 3358/1024/68 3357/636/68 3359/639/69
f 3359/639/69 3360/1025/69 3358/1024/68
f 3360/1025/69 3359/639/69 3361/642/70
f 3361/642/70 3362/1026/70 3360/1025/69
f 3362/1026/70 3361/642/70 3363/645/71
f 3363/645/71 3364/1027/71 3362/1026/70
f 3364/1027/71 3363/645/71 3365/648/72
f 3365/648/72 3366/1028/72 3364/1027/71
f 3366/1028/72 3365/648/72 3367/651/73
f 3367/651/73 3368/1029/73 3366/1028/72
f 3368/1029/73 3367/651/73 3369/654/74
f 3369/654/74 3370/1030/74 3368/1029/73
f 3370/1030/74 3369/654/74 3371/657/75
f 3371/657/75 3372/1031/75 3370/1030/74
f 3372/1031/75 3371/657/75 3373/660/76
f 3373/660/76 3374/1032/76 3372/1031/75
f 3374/1032/76 3373/660/76 3375/663/77
f 3375/663/77 3376/1033/77 3374/1032/76
f 3376/1033/77 3375/663/77 3377/666/78
f 3377/666/78 3378/1034/78 3376/1033/77
f 3378/1034/78 3377/666/78 3379/668/92
f 3379/668/92 3380/1035/92 3378/1034/78
f 3380/1047/92 3379/677/92 3234/678/87
f 3234/678/87 3235/1046/87 3380/1047/92
f 2317/999/1 3235/999/1 3236/1000/1
f 3236/1000/1 2319/1000/1 2317/999/1
f 2319/1000/1 3236/1000/1 3238/1001/1
f 3238/1001/1 2321/1001/1 2319/1000/1
f 2321/1001/1 3238/1001/1 3240/1002/1
f 3240/1002/1 2323/1002/1 2321/1001/1
f 2323/1002/1 3240/1002/1 3242/1003/1
f 3242/1003/1 2325/1003/1 2323/1002/1
f 2325/1003/1 3242/1003/1 3244/1004/1
f 3244/1004/1 2327/1004/1 2325/1003/1
f 2327/1004/1 3244/1004/1 3246/1005/1
f 3246/1005/1 2329/1005/1 2327/1004/1
f 2329/1005/1 3246/1005/1 3248/1006/1
f 3248/1006/1 2331/1006/1 2329/1005/1
f 2331/1006/1 3248/1006/1 3250/1007/1
f 3250/1007/1 2333/1007/1 2331/1006/1
f 2333/1007/1 3250/1007/1 3252/1008/1
f 3252/1008/1 2335/1008/1 2333/1007/1
f 2335/1008/1 3252/1008/1 3254/1009/1
f 3254/1009/1 2337/1009/1 2335/1008/1
f 2337/1009/1 3254/1009/1 3256/1010/1
f 3256/1010/1 2339/1010/1 2337/1009/1
f 2339/1010/1 3256/1010/1 3258/1011/1
f 3258/1011/1 2341/1011/1 2339/1010/1
f 2341/1011/1 3258/1011/1 3260/1012/1
f 3260/1012/1 2343/1012/1 2341/1011/1
f 2343/1012/1 3260/1012/1 3262/1013/1
f 3262/1013/1 2345/1013/1 2343/1012/1
f 2345/1013/1 3262/1013/1 3264/1014/1
f 3264/1014/1 2347/1014/1 2345/1013/1
f 2347/1014/1 3264/1014/1 3266/1015/1
f 3266/1015/1 2349/1015/1 2347/1014/1
f 2349/1015/1 3266/1015/1 3268/1016/1
f 3268/1016/1 2351/1016/1 2349/1015/1
f 2351/1016/1 3268/1016/1 3270/1017/1
f 3270/1017/1 2353/1017/1 2351/1016/1
f 2353/1017/1 3270/1017/1 3272/1018/1
f 3272/1018/1 2355/1018/1 2353/1017/1
f 2355/1018/1 3272/1018/1 3274/1019/1
f 3274/1019/1 2357/1019/1 2355/1018/1
f 2357/1019/1 3274/1019/1 3276/1020/1
f 3276/1020/1 2359/1020/1 2357/1019/1
f 2359/1020/1 3276/1020/1 3278/1021/1
f 3278/1021/1 2361/1021/1 2359/1020/1
f 2361/1021/1 3278/1021/1 3280/1022/1
f 3280/1022/1 2363/1022/1 2361/1021/1
f 2363/1022/1 3280/1022/1 3282/1023/1
f 3282/1023/1 2365/1023/1 2363/1022/1
f 2365/1023/1 3282/1023/1 3284/1024/1
f 3284/1024/1 2367/1024/1 2365/1023/1
f 2367/1024/1 3284/1024/1 3286/1025/1
f 3286/1025/1 2369/1025/1 2367/1024/1
f 2369/1025/1 3286/1025/1 3288/1026/1
f 3288/1026/1 2371/1026/1 2369/1025/1
f 2371/1026/1 3288/1026/1 3290/1027/1
f 3290/1027/1 2373/1027/1 2371/1026/1
f 2373/1027/1 3290/1027/1 3292/1028/1
f 3292/1028/1 2375/1028/1 2373/1027/1
f 2375/1028/1 3292/1028/1 3294/1029/1
f 3294/1029/1 2377/1029/1 2375/1028/1
f 2377/1029/1 3294/1029/1 3296/1030/1
f 3296/1030/1 2379/1030/1 2377/1029/1
f 2379/1030/1 3296/1030/1 3298/1031/1
f 3298/1031/1 2381/1031/1 2379/1030/1
f 2381/1031/1 3298/1031/1 3300/1032/1
f 3300/1032/1 2383/1032/1 2381/1031/1
f 2383/1032/1 3300/1032/1 3302/1033/1
f 3302/1033/1 2385/1033/1 2383/1032/1
f 2385/1033/1 3302/1033/1 3304/1034/1
f 3304/1034/1 2387/1034/1 2385/1033/1
f 2387/1034/1 3304/1034/1 3306/1035/1
f 3306/1035/1 2389/1035/1 2387/1034/1
f 3234/570/6 1195/570/6 1197/572/6
f 1197/572/6 3233/572/6 3234/570/6
f 3233/572/6 1197/572/6 1200/575/6
f 1200/575/6 3237/575/6 3233/572/6
f 3237/575/6 1200/575/6 1203/578/6
f 1203/578/6 3239/578/6 3237/575/6
f 3239/578/6 1203/578/6 1206/581/6
f 1206/581/6 3241/581/6 3239/578/6
f 3241/581/6 1206/581/6 1209/584/6
f 1209/584/6 3243/584/6 3241/581/6
f 3243/584/6 1209/584/6 1212/587/6
f 1212/587/6 3245/587/6 3243/584/6
f 3245/587/6 1212/587/6 1215/590/6
f 1215/590/6 3247/590/6 3245/587/6
f 3247/590/6 1215/590/6 1218/593/6
f 1218/593/6 3249/593/6 3247/590/6
f 3249/593/6 1218/593/6 1221/596/6
f 1221/596/6 3251/596/6 3249/593/6
f 3251/596/6 1221/596/6 1224/599/6
f 1224/599/6 3253/599/6 3251/596/6
f 3253/599/6 1224/599/6 1227/602/6
f 1227/602/6 3255/602/6 3253/599/6
f 3255/602/6 1227/602/6 1230/605/6
f 1230/605/6 3257/605/6 3255/602/6
f 3257/605/6 1230/605/6 1233/608/6
f 1233/608/6 3259/608/6 3257/605/6
f 3259/608/6 1233/608/6 1235/610/6
f 1235/610/6 3261/610/6 3259/608/6
f 3261/610/6 1235/610/6 1237/612/6
f 1237/612/6 3263/612/6 3261/610/6
f 3263/612/6 1237/612/6 1239/614/6
f 1239/614/6 3265/614/6 3263/612/6
f 3265/614/6 1239/614/6 1241/616/6
f 1241/616/6 3267/616/6 3265/614/6
f 3267/616/6 1241/616/6 1243/618/6
f 1243/618/6 3269/618/6 3267/616/6
f 3269/618/6 1243/618/6 1245/620/6
f 1245/620/6 3271/620/6 3269/618/6
f 3271/620/6 1245/620/6 1247/622/6
f 1247/622/6 3273/622/6 3271/620/6
f 3273/622/6 1247/622/6 1249/624/6
f 1249/624/6 3275/624/6 3273/622/6
f 3275/624/6 1249/624/6 1251/626/6
f 1251/626/6 3277/626/6 3275/624/6
f 3277/626/6 1251/626/6 1253/628/6
f 1253/628/6 3279/628/6 3277/626/6
f 3279/628/6 1253/628/6 1258/633/6
f 1258/633/6 3281/633/6 3279/628/6
f 3281/633/6 1258/633/6 1261/636/6
f 1261/636/6 3283/636/6 3281/633/6
f 3283/636/6 1261/636/6 1264/639/6
f 1264/639/6 3285/639/6 3283/636/6
f 3285/639/6 1264/639/6 1267/642/6
f 1267/642/6 3287/642/6 3285/639/6
f 3287/642/6 1267/642/6 1270/645/6
f 1270/645/6 3289/645/6 3287/642/6
f 3289/645/6 1270/645/6 1273/648/6
f 1273/648/6 3291/648/6 3289/645/6
f 3291/648/6 1273/648/6 1276/651/6
f 1276/651/6 3293/651/6 3291/648/6
f 3293/651/6 1276/651/6 1279/654/6
f 1279/654/6 3295/654/6 3293/651/6
f 3295/654/6 1279/654/6 1282/657/6
f 1282/657/6 3297/657/6 3295/654/6
f 3297/657/6 1282/657/6 1285/660/6
f 1285/660/6 3299/660/6 3297/657/6
f 3299/660/6 1285/660/6 1288/663/6
f 1288/663/6 3301/663/6 3299/660/6
f 3301/663/6 1288/663/6 1292/666/6
f 1292/666/6 3303/666/6 3301/663/6
f 3303/666/6 1292/666/6 1294/668/6
f 1294/668/6 3305/668/6 3303/666/6
f 2389/1049/1 3306/1049/1 3308/1048/1
f 3308/1048/1 3091/1048/1 2389/1049/1
f 1337/682/6 3307/682/6 3305/681/6
f 3305/681/6 1294/681/6 1337/682/6
f 3091/999/1 3308/999/1 3310/1000/1
f 3310/1000/1 3089/1000/1 3091/999/1
f 3089/1000/1 3310/1000/1 3312/1001/1
f 3312/1001/1 3087/1001/1 3089/1000/1
f 3087/1001/1 3312/1001/1 3314/1002/1
f 3314/1002/1 3085/1002/1 3087/1001/1
f 3085/1002/1 3314/1002/1 3316/1003/1
f 3316/1003/1 3083/1003/1 3085/1002/1
f 3083/1003/1 3316/1003/1 3318/1004/1
f 3318/1004/1 3081/1004/1 3083/1003/1
f 3081/1004/1 3318/1004/1 3320/1005/1
f 3320/1005/1 3079/1005/1 3081/1004/1
f 3079/1005/1 3320/1005/1 3322/1006/1
f 3322/1006/1 3077/1006/1 3079/1005/1
f 3077/1006/1 3322/1006/1 3324/1007/1
f 3324/1007/1 3075/1007/1 3077/1006/1
f 3075/1007/1 3324/1007/1 3326/1008/1
f 3326/1008/1 3073/1008/1 3075/1007/1
f 3073/1008/1 3326/1008/1 3328/1009/1
f 3328/1009/1 3071/1009/1 3073/1008/1
f 3071/1009/1 3328/1009/1 3330/1010/1
f 3330/1010/1 3069/1010/1 3071/1009/1
f 3069/1010/1 3330/1010/1 3332/1011/1
f 3332/1011/1 3067/1011/1 3069/1010/1
f 3067/1011/1 3332/1011/1 3334/1012/1
f 3334/1012/1 3065/1012/1 3067/1011/1
f 3065/1012/1 3334/1012/1 3336/1013/1
f 3336/1013/1 3063/1013/1 3065/1012/1
f 3063/1013/1 3336/1013/1 3338/1014/1
f 3338/1014/1 3061/1014/1 3063/1013/1
f 3061/1014/1 3338/1014/1 3340/1015/1
f 3340/1015/1 3059/1015/1 3061/1014/1
f 3059/1015/1 3340/1015/1 3342/1016/1
f 3342/1016/1 3057/1016/1 3059/1015/1
f 3057/1016/1 3342/1016/1 3344/1017/1
f 3344/1017/1 3055/1017/1 3057/1016/1
f 3055/1017/1 3344/1017/1 3346/1018/1
f 3346/1018/1 3053/1018/1 3055/1017/1
f 3053/1018/1 3346/1018/1 3348/1019/1
f 3348/1019/1 3051/1019/1 3053/1018/1
f 3051/1019/1 3348/1019/1 3350/1020/1
f 3350/1020/1 3049/1020/1 3051/1019/1
f 3049/1020/1 3350/1020/1 3352/1021/1
f 3352/1021/1 3047/1021/1 3049/1020/1
f 3047/1021/1 3352/1021/1 3354/1022/1
f 3354/1022/1 3045/1022/1 3047/1021/1
f 3045/1022/1 3354/1022/1 3356/1023/1
f 3356/1023/1 3043/1023/1 3045/1022/1
f 3043/1023/1 3356/1023/1 3358/1024/1
f 3358/1024/1 3041/1024/1 3043/1023/1
f 3041/1024/1 3358/1024/1 3360/1025/1
f 3360/1025/1 3039/1025/1 3041/1024/1
f 3039/1025/1 3360/1025/1 3362/1026/1
f 3362/1026/1 3037/1026/1 3039/1025/1
f 3037/1026/1 3362/1026/1 3364/1027/1
f 3364/1027/1 3035/1027/1 3037/1026/1
f 3035/1027/1 3364/1027/1 3366/1028/1
f 3366/1028/1 3033/1028/1 3035/1027/1
f 3033/1028/1 3366/1028/1 3368/1029/1
f 3368/1029/1 3031/1029/1 3033/1028/1
f 3031/1029/1 3368/1029/1 3370/1030/1
f 3370/1030/1 3029/1030/1 3031/1029/1
f 3029/1030/1 3370/1030/1 3372/1031/1
f 3372/1031/1 3027/1031/1 3029/1030/1
f 3027/1031/1 3372/1031/1 3374/1032/1
f 3374/1032/1 3025/1032/1 3027/1031/1
f 3025/1032/1 3374/1032/1 3376/1033/1
f 3376/1033/1 3023/1033/1 3025/1032/1
f 3023/1033/1 3376/1033/1 3378/1034/1
f 3378/1034/1 3021/1034/1 3023/1033/1
f 3021/1034/1 3378/1034/1 3380/1035/1
f 3380/1035/1 3019/1035/1 3021/1034/1
f 3307/570/6 1337/570/6 1339/572/6
f 1339/572/6 3309/572/6 3307/570/6
f 3309/572/6 1339/572/6 1342/575/6
f 1342/575/6 3311/575/6 3309/572/6
f 3311/575/6 1342/575/6 1345/578/6
f 1345/578/6 3313/578/6 3311/575/6
f 3313/578/6 1345/578/6 1348/581/6
f 1348/581/6 3315/581/6 3313/578/6
f 3315/581/6 1348/581/6 1351/584/6
f 1351/584/6 3317/584/6 3315/581/6
f 3317/584/6 1351/584/6 1354/587/6
f 1354/587/6 3319/587/6 3317/584/6
f 3319/587/6 1354/587/6 1357/590/6
f 1357/590/6 3321/590/6 3319/587/6
f 3321/590/6 1357/590/6 1360/593/6
f 1360/593/6 3323/593/6 3321/590/6
f 3323/593/6 1360/593/6 1363/596/6
f 1363/596/6 3325/596/6 3323/593/6
f 3325/596/6 1363/596/6 1366/599/6
f 1366/599/6 3327/599/6 3325/596/6
f 3327/599/6 1366/599/6 1369/602/6
f 1369/602/6 3329/602/6 3327/599/6
f 3329/602/6 1369/602/6 1372/605/6
f 1372/605/6 3331/605/6 3329/602/6
f 3331/605/6 1372/605/6 1375/608/6
f 1375/608/6 3333/608/6 3331/605/6
f 3333/608/6 1375/608/6 1378/610/6
f 1378/610/6 3335/610/6 3333/608/6
f 3335/610/6 1378/610/6 1381/612/6
f 1381/612/6 3337/612/6 3335/610/6
f 3337/612/6 1381/612/6 1384/614/6
f 1384/614/6 3339/614/6 3337/612/6
f 3339/614/6 1384/614/6 1387/616/6
f 1387/616/6 3341/616/6 3339/614/6
f 3341/616/6 1387/616/6 1390/618/6
f 1390/618/6 3343/618/6 3341/616/6
f 3343/618/6 1390/618/6 1393/620/6
f 1393/620/6 3345/620/6 3343/618/6
f 3345/620/6 1393/620/6 1396/622/6
f 1396/622/6 3347/622/6 3345/620/6
f 3347/622/6 1396/622/6 1399/624/6
f 1399/624/6 3349/624/6 3347/622/6
f 3349/624/6 1399/624/6 1402/626/6
f 1402/626/6 3351/626/6 3349/624/6
f 3351/626/6 1402/626/6 1405/628/6
f 1405/628/6 3353/628/6 3351/626/6
f 3353/628/6 1405/628/6 1408/633/6
f 1408/633/6 3355/633/6 3353/628/6
f 3355/633/6 1408/633/6 1411/636/6
f 1411/636/6 3357/636/6 3355/633/6
f 3357/636/6 1411/636/6 1414/639/6
f 1414/639/6 3359/639/6 3357/636/6
f 3359/639/6 1414/639/6 1417/642/6
f 1417/642/6 3361/642/6 3359/639/6
f 3361/642/6 1417/642/6 1420/645/6
f 1420/645/6 3363/645/6 3361/642/6
f 3363/645/6 1420/645/6 1423/648/6
f 1423/648/6 3365/648/6 3363/645/6
f 3365/648/6 1423/648/6 1426/651/6
f 1426/651/6 3367/651/6 3365/648/6
f 3367/651/6 1426/651/6 1429/654/6
f 1429/654/6 3369/654/6 3367/651/6
f 3369/654/6 1429/654/6 1432/657/6
f 1432/657/6 3371/657/6 3369/654/6
f 3371/657/6 1432/657/6 1435/660/6
f 1435/660/6 3373/660/6 3371/657/6
f 3373/660/6 1435/660/6 1438/663/6
f 1438/663/6 3375/663/6 3373/660/6
f 3375/663/6 1438/663/6 1441/666/6
f 1441/666/6 3377/666/6 3375/663/6
f 3377/666/6 1441/666/6 1443/668/6
f 1443/668/6 3379/668/6 3377/666/6
f 3019/1047/1 3380/1047/1 3235/1046/1
f 3235/1046/1 2317/1046/1 3019/1047/1
f 1195/678/6 3234/678/6 3379/677/6
f 3379/677/6 1443/677/6 1195/678/6
f 1234/27/13 1232/3/13 3106/6/13
f 3106/6/13 3173/5/13 1234/27/13
f 3181/27/40 3108/3/40 1255/6/40
f 1255/6/40 1250/5/40 3181/27/40
f 1236/27/102 1234/3/102 3173/6/102
f 3173/6/102 3174/5/102 1236/27/102
f 1238/27/103 1236/3/102 3174/6/102
f 3174/6/102 3175/5/103 1238/27/103
f 1240/27/103 1238/3/103 3175/6/103
f 3175/6/103 3176/5/103 1240/27/103
f 1242/27/103 1240/3/103 3176/6/103
f 3176/6/103 3177/5/103 1242/27/103
f 1244/27/103 1242/3/103 3177/6/103
f 3177/6/103 3178/5/103 1244/27/103
f 1246/27/103 1244/3/103 3178/6/103
f 3178/6/103 3179/5/103 1246/27/103
f 1248/27/104 1246/3/103 3179/6/103
f 3179/6/103 3180/5/104 1248/27/104
f 1250/27/104 1248/3/104 3180/6/104
f 3180/6/104 3181/5/104 1250/27/104
f 65/41/6 15/6/6 16/5/6
f 16/5/6 68/40/6 65/41/6
f 15/6/6 65/41/6 63/39/6
f 63/39/6 29/19/6 15/6/6
f 68/40/6 16/5/6 1190/20/6
f 1190/20/6 67/36/6 68/40/6
f 29/19/6 63/39/6 64/37/6
f 64/37/6 31/3/6 29/19/6
f 67/36/6 1190/20/6 1189/27/6
f 1189/27/6 66/38/6 67/36/6
f 31/3/6 64/37/6 66/38/6
f 66/38/6 1189/27/6 31/3/6
f 7/7/2 1189/5/2 59/16/2
f 59/16/2 10/10/2 7/7/2
f 1189/5/2 7/7/2 8/8/2
f 8/8/2 31/6/2 1189/5/2
f 31/6/2 8/8/2 9/9/2
f 9/9/2 30/15/2 31/6/2
f 1160/564/1 1142/5/1 1144/20/1
f 1144/20/1 1161/565/1 1160/564/1
f 1142/5/1 1160/564/1 1157/562/1
f 1157/562/1 1141/6/1 1142/5/1
f 1161/565/1 1144/20/1 1147/27/1
f 1147/27/1 1162/566/1 1161/565/1
f 1141/6/1 1157/562/1 1158/561/1
f 1158/561/1 1150/19/1 1141/6/1
f 1162/566/1 1147/27/1 1148/3/1
f 1148/3/1 1159/563/1 1162/566/1
f 1150/19/1 1158/561/1 1159/563/1
f 1159/563/1 1148/3/1 1150/19/1
f 1136/564/1 1118/5/1 1120/20/1
f 1120/20/1 1137/565/1 1136/564/1
f 1118/5/1 1136/564/1 1133/562/1
f 1133/562/1 1117/6/1 1118/5/1
f 1137/565/1 1120/20/1 1123/27/1
f 1123/27/1 1138/566/1 1137/565/1
f 1117/6/1 1133/562/1 1134/561/1
f 1134/561/1 1126/19/1 1117/6/1
f 1138/566/1 1123/27/1 1124/3/1
f 1124/3/1 1135/563/1 1138/566/1
f 1126/19/1 1134/561/1 1135/563/1
f 1135/563/1 1124/3/1 1126/19/1
f 1112/564/1 1094/5/1 1096/20/1
f 1096/20/1 1113/565/1 1112/564/1
f 1094/5/1 1112/564/1 1109/562/1
f 1109/562/1 1093/6/1 1094/5/1
f 1113/565/1 1096/20/1 1099/27/1
f 1099/27/1 1114/566/1 1113/565/1
f 1093/6/1 1109/562/1 1110/561/1
f 1110/561/1 1102/19/1 1093/6/1
f 1114/566/1 1099/27/1 1100/3/1
f 1100/3/1 1111/563/1 1114/566/1
f 1102/19/1 1110/561/1 1111/563/1
f 1111/563/1 1100/3/1 1102/19/1
f 1088/564/1 1070/5/1 1072/20/1
f 1072/20/1 1089/565/1 1088/564/1
f 1070/5/1 1088/564/1 1085/562/1
f 1085/562/1 1069/6/1 1070/5/1
f 1089/565/1 1072/20/1 1075/27/1
f 1075/27/1 1090/566/1 1089/565/1
f 1069/6/1 1085/562/1 1086/561/1
f 1086/561/1 1078/19/1 1069/6/1
f 1090/566/1 1075/27/1 1076/3/1
f 1076/3/1 1087/563/1 1090/566/1
f 1078/19/1 1086/561/1 1087/563/1
f 1087/563/1 1076/3/1 1078/19/1
f 1064/564/1 1046/5/1 1048/20/1
f 1048/20/1 1065/565/1 1064/564/1
f 1046/5/1 1064/564/1 1061/562/1
f 1061/562/1 1045/6/1 1046/5/1
f 1065/565/1 1048/20/1 1051/27/1
f 1051/27/1 1066/566/1 1065/565/1
f 1045/6/1 1061/562/1 1062/561/1
f 1062/561/1 1054/19/1 1045/6/1
f 1066/566/1 1051/27/1 1052/3/1
f 1052/3/1 1063/563/1 1066/566/1
f 1054/19/1 1062/561/1 1063/563/1
f 1063/563/1 1052/3/1 1054/19/1
f 1038/564/1 1022/5/1 1024/20/1
f 1024/20/1 1040/565/1 1038/564/1
f 1022/5/1 1038/564/1 1033/562/1
f 1033/562/1 1021/6/1 1022/5/1
f 1040/565/1 1024/20/1 1027/27/1
f 1027/27/1 1042/566/1 1040/565/1
f 1021/6/1 1033/562/1 1034/561/1
f 1034/561/1 1030/19/1 1021/6/1
f 1042/566/1 1027/27/1 1028/3/1
f 1028/3/1 1036/563/1 1042/566/1
f 1030/19/1 1034/561/1 1036/563/1
f 1036/563/1 1028/3/1 1030/19/1

usemtl Grey
f 3381/31/1 1598/551/1 1599/548/1
f 3381/31/1 1605/559/1 1606/546/1
f 3381/31/1 1606/546/1 1607/547/1
f 3381/31/1 1609/545/1 1610/544/1
f 3381/31/1 1610/544/1 1611/543/1
f 3381/31/1 1613/541/1 1614/537/1
f 3381/31/1 1622/525/1 1623/533/1
f 3381/31/1 1625/531/1 1626/530/1
f 3381/31/1 1626/530/1 1627/528/1
f 3381/31/1 1627/528/1 1628/529/1
f 3382/31/1 1637/539/1 1636/524/1
f 3382/31/1 1633/532/1 1632/531/1
f 3382/31/1 1663/555/1 1662/554/1
f 3382/31/1 1646/543/1 1645/542/1
f 3382/31/1 1645/542/1 1644/541/1
f 3382/31/1 1636/524/1 1635/525/1
f 3382/31/1 1638/538/1 1637/539/1
f 3382/31/1 1629/528/1 1630/529/1
f 3382/31/1 1660/550/1 1659/551/1
f 3382/31/1 1653/558/1 1652/559/1
f 1616/535/1 1617/536/1 1618/540/1
f 1618/540/1 3381/31/1 1616/535/1
f 1623/533/1 1624/532/1 1625/531/1
f 1625/531/1 3381/31/1 1623/533/1
f 3381/31/1 1592/557/1 1593/556/1
f 1593/556/1 1594/555/1 3381/31/1
f 3381/31/1 1594/555/1 1595/554/1
f 1595/554/1 1596/553/1 3381/31/1
f 3381/31/1 1596/553/1 1597/550/1
f 1597/550/1 1598/551/1 3381/31/1
f 3381/31/1 1599/548/1 1600/549/1
f 1600/549/1 1601/560/1 3381/31/1
f 3381/31/1 1601/560/1 1602/526/1
f 1602/526/1 1603/527/1 3381/31/1
f 3381/31/1 1603/527/1 1604/558/1
f 1604/558/1 1605/559/1 3381/31/1
f 3381/31/1 1607/547/1 1608/552/1
f 1608/552/1 1609/545/1 3381/31/1
f 3381/31/1 1611/543/1 1612/542/1
f 1612/542/1 1613/541/1 3381/31/1
f 3381/31/1 1620/539/1 1621/524/1
f 1621/524/1 1622/525/1 3381/31/1
f 1614/537/1 1615/534/1 1616/535/1
f 1616/535/1 3381/31/1 1614/537/1
f 3381/31/1 1618/540/1 1619/538/1
f 1619/538/1 1620/539/1 3381/31/1
f 3382/31/1 1635/525/1 1634/533/1
f 1634/533/1 1633/532/1 3382/31/1
f 3382/31/1 1665/557/1 1664/556/1
f 1664/556/1 1663/555/1 3382/31/1
f 3382/31/1 1650/547/1 1649/552/1
f 1649/552/1 1648/545/1 3382/31/1
f 3382/31/1 1648/545/1 1647/544/1
f 1647/544/1 1646/543/1 3382/31/1
f 3382/31/1 1644/541/1 1643/537/1
f 1643/537/1 1642/534/1 3382/31/1
f 3382/31/1 1642/534/1 1641/535/1
f 1641/535/1 1640/536/1 3382/31/1
f 3382/31/1 1640/536/1 1639/540/1
f 1639/540/1 1638/538/1 3382/31/1
f 1632/531/1 1631/530/1 1629/528/1
f 1629/528/1 3382/31/1 1632/531/1
f 1662/554/1 1661/553/1 1660/550/1
f 1660/550/1 3382/31/1 1662/554/1
f 3382/31/1 1659/551/1 1658/548/1
f 1658/548/1 1657/549/1 3382/31/1
f 3382/31/1 1657/549/1 1656/560/1
f 1656/560/1 1655/526/1 3382/31/1
f 3382/31/1 1655/526/1 1654/527/1
f 1654/527/1 1653/558/1 3382/31/1
f 3382/31/1 1652/559/1 1651/546/1
f 1651/546/1 1650/547/1 3382/31/1
f 1031/561/1 1032/562/1 1037/564/1
f 1037/564/1 1039/565/1 1031/561/1
f 1035/563/1 1031/561/1 1039/565/1
f 1039/565/1 1041/566/1 1035/563/1
f 1592/683/1 3381/3/1 3382/6/1
f 3382/6/1 1630/684/1 1592/683/1
f 3381/27/1 1628/686/1 1665/685/1
f 1665/685/1 3382/5/1 3381/27/1

