# ProBuilder 5.0.6
# https://unity3d.com/unity/features/worldbuilding/probuilder
# 12/19/2022 8:35:56 AM

mtllib ./Hos.mtl
o Hos

g Hos
v -9.326797 75.40934 6.341713
v -7.049072 75.40934 4.063965
v -0.3893585 75.40934 4.063965
v 1.888382 75.40934 6.341713
v -9.326797 75.40934 13.00142
v 1.888382 75.40934 13.00142
v -7.049072 75.40934 15.27916
v -0.3893585 75.40934 15.27916
v -9.386887 49.79123 31.16664
v -9.206802 51.61593 31.16664
v -9.184006 51.58413 31.16664
v -8.996399 51.43904 31.16664
v -8.892258 51.39594 31.16664
v -9.052002 51.46839 31.16664
v -9.089905 51.49323 31.16664
v -9.114685 51.51335 31.16664
v -9.136795 51.53308 31.16664
v -9.157059 51.55322 31.16664
v -9.222641 51.64312 31.16664
v -9.23558 51.67089 31.16664
v -9.245651 51.69929 31.16664
v -9.252853 51.72829 31.16664
v -9.257172 51.75791 31.16664
v -9.258621 51.78814 31.16664
v -9.502045 53.37117 31.16664
v -9.824234 49.95443 31.16664
v -9.74678 53.30346 31.16664
v -9.941208 53.22963 31.16664
v -10.12836 50.10177 31.16664
v -10.07471 53.16674 31.16664
v -10.19994 53.09845 31.16664
v -10.3315 50.22497 31.16664
v -10.35397 52.99899 31.16664
v -10.43443 50.29876 31.16664
v -10.4933 52.88993 31.16664
v -10.52783 50.37498 31.16664
v -10.61789 52.77126 31.16664
v -10.65379 50.49501 31.16664
v -10.7148 52.65957 31.16664
v -10.76366 50.62269 31.16664
v -10.80045 52.5405 31.16664
v -10.84293 50.73495 31.16664
v -10.85472 52.45229 31.16664
v -10.91104 50.85252 31.16664
v -10.90327 52.363 31.16664
v -10.9691 52.21784 31.16664
v -10.96799 50.97543 31.16664
v -11.01376 51.10365 31.16664
v -11.02029 52.06989 31.16664
v -11.04839 51.2372 31.16664
v -11.05687 51.91916 31.16664
v -11.07518 51.40446 31.16664
v -11.0788 51.76563 31.16664
v -11.08255 51.49098 31.16664
v -11.08612 51.6093 31.16664
v -8.96814 46.89341 31.16664
v -8.641891 48.15934 31.16664
v -8.520889 48.13698 31.16664
v -8.43602 48.1283 31.16664
v -8.355789 46.86828 31.16664
v -7.996902 46.87901 31.16664
v -8.059998 48.14735 31.16664
v -8.17923 48.13085 31.16664
v -8.325241 48.12441 31.16664
v -7.963806 48.17013 31.16664
v -7.887436 48.19586 31.16664
v -7.816635 48.22729 31.16664
v -8.736969 48.18653 31.16664
v -8.826828 48.22146 31.16664
v -8.911438 48.26415 31.16664
v -8.990814 48.31461 31.16664
v -9.400253 46.94967 31.16664
v -9.064972 48.37284 31.16664
v -9.133865 48.43884 31.16664
v -9.197556 48.5126 31.16664
v -9.240753 48.5733 31.16664
v -7.711075 48.29238 31.16664
v -7.673187 48.32286 31.16664
v -7.751419 48.26444 31.16664
v -7.663498 46.9112 31.16664
v -7.613571 48.37967 31.16664
v -7.569595 48.43034 31.16664
v -7.532227 48.48282 31.16664
v -7.506119 48.52796 31.16664
v -7.484604 48.57434 31.16664
v -7.467651 48.62201 31.16664
v -7.455292 48.67093 31.16664
v -7.44751 48.72111 31.16664
v -7.326187 46.97139 31.16664
v -7.445038 48.75183 31.16664
v -7.444214 48.78302 31.16664
v -7.446396 48.8322 31.16664
v -7.303253 50.98575 31.16664
v -7.04628 47.04864 31.16664
v -7.452927 48.88035 31.16664
v -7.463837 48.92747 31.16664
v -7.479095 48.97352 31.16664
v -6.907242 50.84977 31.16664
v -6.816147 47.13651 31.16664
v -6.696716 47.19267 31.16664
v -8.451736 51.27783 31.16664
v -6.595886 50.71301 31.16664
v -6.582703 47.25384 31.16664
v -6.41153 47.36216 31.16664
v -6.383896 50.59324 31.16664
v -6.254211 47.4833 31.16664
v -6.21402 50.47605 31.16664
v -6.110748 47.61728 31.16664
v -6.07962 50.36441 31.16664
v -5.98111 47.76411 31.16664
v -7.498718 49.01853 31.16664
v -5.960831 50.24573 31.16664
v -5.86972 50.13612 31.16664
v -5.865311 47.92379 31.16664
v -5.823044 50.07107 31.16664
v -5.800674 48.02855 31.16664
v -5.780258 50.00426 31.16664
v -5.742844 48.13523 31.16664
v -5.705154 49.8663 31.16664
v -5.664459 48.30992 31.16664
v -5.643097 49.72322 31.16664
v -5.603485 48.48951 31.16664
v -5.594116 49.57499 31.16664
v -5.559952 48.67403 31.16664
v -5.558182 49.42163 31.16664
v -5.533813 48.86345 31.16664
v -5.533371 49.24296 31.16664
v -5.525116 49.05779 31.16664
v -7.467651 48.62201 30.27339
v -7.484604 48.57434 30.27339
v -7.663498 46.9112 30.27339
v -7.673187 48.32286 30.27339
v -7.996902 46.87901 30.27339
v -7.613571 48.37967 30.27339
v -7.711075 48.29238 30.27339
v -7.751419 48.26444 30.27339
v -7.816635 48.22729 30.27339
v -7.887436 48.19586 30.27339
v -7.963806 48.17013 30.27339
v -7.506119 48.52796 30.27339
v -7.569595 48.43034 30.27339
v -8.059998 48.14735 30.27339
v -8.355789 46.86828 30.27339
v -8.43602 48.1283 30.27339
v -8.96814 46.89341 30.27339
v -8.17923 48.13085 30.27339
v -8.325241 48.12441 30.27339
v -8.520889 48.13698 30.27339
v -8.641891 48.15934 30.27339
v -8.736969 48.18653 30.27339
v -8.826828 48.22146 30.27339
v -8.911438 48.26415 30.27339
v -8.990814 48.31461 30.27339
v -9.400253 46.94967 30.27339
v -9.064972 48.37284 30.27339
v -9.133865 48.43884 30.27339
v -9.273941 48.6287 30.27339
v -9.321823 48.72639 30.27339
v -9.36795 48.84965 30.27339
v -9.197556 48.5126 30.27339
v -9.240753 48.5733 30.27339
v -9.409576 49.00319 30.27339
v -9.736221 47.0253 30.27339
v -9.446182 49.21045 30.27339
v -11.326 49.09267 30.27339
v -9.992874 47.10971 30.27339
v -10.18469 47.19387 30.27339
v -10.35646 47.29059 30.27339
v -10.47942 47.37701 30.27339
v -10.53609 47.42324 30.27339
v -10.61507 47.49635 30.27339
v -10.78024 47.67887 30.27339
v -10.90482 47.84594 30.27339
v -11.01367 48.0228 30.27339
v -11.10683 48.20946 30.27339
v -11.19568 48.43962 30.27339
v -11.26315 48.6831 30.27339
v -11.29826 48.86519 30.27339
v -7.303253 50.98575 30.27339
v -7.463837 48.92747 30.27339
v -7.452927 48.88035 30.27339
v -7.446396 48.8322 30.27339
v -7.326187 46.97139 30.27339
v -7.04628 47.04864 30.27339
v -6.907242 50.84977 30.27339
v -6.816147 47.13651 30.27339
v -6.696716 47.19267 30.27339
v -6.595886 50.71301 30.27339
v -6.582703 47.25384 30.27339
v -6.41153 47.36216 30.27339
v -6.383896 50.59324 30.27339
v -6.254211 47.4833 30.27339
v -6.21402 50.47605 30.27339
v -6.110748 47.61728 30.27339
v -6.07962 50.36441 30.27339
v -5.98111 47.76411 30.27339
v -5.960831 50.24573 30.27339
v -5.86972 50.13612 30.27339
v -5.865311 47.92379 30.27339
v -5.823044 50.07107 30.27339
v -5.800674 48.02855 30.27339
v -5.780258 50.00426 30.27339
v -5.742844 48.13523 30.27339
v -5.705154 49.8663 30.27339
v -5.664459 48.30992 30.27339
v -5.643097 49.72322 30.27339
v -5.603485 48.48951 30.27339
v -5.594116 49.57499 30.27339
v -5.559952 48.67403 30.27339
v -5.558182 49.42163 30.27339
v -5.533813 48.86345 30.27339
v -5.533371 49.24296 30.27339
v -5.525116 49.05779 30.27339
v -8.451736 51.27783 30.27339
v -7.860809 49.35128 30.27339
v -7.759445 49.29785 30.27339
v -8.024292 49.4187 30.27339
v -7.563629 49.12229 30.27339
v -7.52803 49.07117 30.27339
v -7.498718 49.01853 30.27339
v -7.479095 48.97352 30.27339
v -7.605484 49.17191 30.27339
v -7.662292 49.22789 30.27339
v -7.700867 49.25914 30.27339
v -8.300308 49.50642 30.27339
v -8.674164 49.59863 30.27339
v -8.697952 51.3357 30.27339
v -9.386887 49.79123 30.27339
v -8.892258 51.39594 30.27339
v -8.996399 51.43904 30.27339
v -9.052002 51.46839 30.27339
v -9.089905 51.49323 30.27339
v -9.114685 51.51335 30.27339
v -9.136795 51.53308 30.27339
v -9.157059 51.55322 30.27339
v -9.184006 51.58413 30.27339
v -9.206802 51.61593 30.27339
v -9.222641 51.64312 30.27339
v -9.23558 51.67089 30.27339
v -9.245651 51.69929 30.27339
v -9.252853 51.72829 30.27339
v -9.257172 51.75791 30.27339
v -9.258621 51.78814 30.27339
v -9.502045 53.37117 30.27339
v -9.257507 51.82122 30.27339
v -9.255203 51.8455 30.27339
v -9.248566 51.88499 30.27339
v -9.238464 51.92318 30.27339
v -9.224838 51.96012 30.27339
v -9.207748 51.99579 30.27339
v -9.187149 52.0302 30.27339
v -9.824234 49.95443 30.27339
v -9.165482 53.43188 30.27339
v -9.157852 52.06982 30.27339
v -9.123505 52.10763 30.27339
v -9.084152 52.1436 30.27339
v -9.74678 53.30346 30.27339
v -9.941208 53.22963 30.27339
v -9.055161 52.16604 30.27339
v -10.12836 50.10177 30.27339
v -10.07471 53.16674 30.27339
v -10.19994 53.09845 30.27339
v -10.3315 50.22497 30.27339
v -10.35397 52.99899 30.27339
v -10.43443 50.29876 30.27339
v -10.4933 52.88993 30.27339
v -10.52783 50.37498 30.27339
v -10.61789 52.77126 30.27339
v -10.65379 50.49501 30.27339
v -10.7148 52.65957 30.27339
v -10.76366 50.62269 30.27339
v -10.80045 52.5405 30.27339
v -10.84293 50.73495 30.27339
v -10.85472 52.45229 30.27339
v -10.91104 50.85252 30.27339
v -10.90327 52.363 30.27339
v -10.9691 52.21784 30.27339
v -10.96799 50.97543 30.27339
v -11.01376 51.10365 30.27339
v -11.02029 52.06989 30.27339
v -11.04839 51.2372 30.27339
v -11.05687 51.91916 30.27339
v -11.07518 51.40446 30.27339
v -11.0788 51.76563 30.27339
v -11.08255 51.49098 30.27339
v -11.08612 51.6093 30.27339
v -15.96892 51.85173 31.16664
v -16.34883 53.37959 31.16664
v -15.87343 51.89489 31.16664
v -14.21252 49.02119 31.16664
v -12.42294 48.38393 31.16664
v -12.55226 48.16248 31.16664
v -12.35126 48.53145 31.16664
v -14.15558 49.1712 31.16664
v -12.28711 48.68707 31.16664
v -12.2002 48.9528 31.16664
v -14.10185 49.37021 31.16664
v -14.26765 48.91066 31.16664
v -12.69879 47.95734 31.16664
v -14.31679 48.83171 31.16664
v -12.8625 47.76851 31.16664
v -14.37038 48.76121 31.16664
v -13.04341 47.59596 31.16664
v -14.4133 48.71297 31.16664
v -13.24152 47.43974 31.16664
v -14.45827 48.66773 31.16664
v -13.37407 47.35036 31.16664
v -14.53784 48.59895 31.16664
v -13.51334 47.26737 31.16664
v -14.62317 48.53844 31.16664
v -13.7505 47.14988 31.16664
v -14.71426 48.48624 31.16664
v -14.00569 47.05281 31.16664
v -15.52443 48.35514 31.16664
v -15.82793 46.89158 31.16664
v -15.66061 48.37545 31.16664
v -15.78932 48.40794 31.16664
v -15.89087 48.44433 31.16664
v -16.24316 46.94766 31.16664
v -15.98723 48.48917 31.16664
v -16.58931 47.02761 31.16664
v -15.29068 46.86828 31.16664
v -15.45354 48.34956 31.16664
v -15.35609 48.34684 31.16664
v -15.18344 48.35498 31.16664
v -15.04442 48.37487 31.16664
v -14.95912 46.87849 31.16664
v -14.91371 48.40668 31.16664
v -14.64552 46.90914 31.16664
v -14.81111 48.44232 31.16664
v -14.31422 46.96805 31.16664
v -15.66061 48.37545 30.27339
v -15.82793 46.89158 30.27339
v -15.52443 48.35514 30.27339
v -15.78932 48.40794 30.27339
v -15.29068 46.86828 30.27339
v -15.45354 48.34956 30.27339
v -15.35609 48.34684 30.27339
v -15.18344 48.35498 30.27339
v -15.04442 48.37487 30.27339
v -14.95912 46.87849 30.27339
v -14.91371 48.40668 30.27339
v -14.64552 46.90914 30.27339
v -14.81111 48.44232 30.27339
v -14.31422 46.96805 30.27339
v -14.00569 47.05281 30.27339
v -14.71426 48.48624 30.27339
v -14.21252 49.02119 30.27339
v -12.55226 48.16248 30.27339
v -12.42294 48.38393 30.27339
v -12.35126 48.53145 30.27339
v -14.15558 49.1712 30.27339
v -12.28711 48.68707 30.27339
v -12.2002 48.9528 30.27339
v -14.10185 49.37021 30.27339
v -14.26765 48.91066 30.27339
v -12.69879 47.95734 30.27339
v -14.31679 48.83171 30.27339
v -12.8625 47.76851 30.27339
v -14.37038 48.76121 30.27339
v -13.04341 47.59596 30.27339
v -14.4133 48.71297 30.27339
v -13.24152 47.43974 30.27339
v -14.45827 48.66773 30.27339
v -13.37407 47.35036 30.27339
v -14.53784 48.59895 30.27339
v -13.51334 47.26737 30.27339
v -14.62317 48.53844 30.27339
v -13.7505 47.14988 30.27339
v -4.539383 46.97732 31.16664
v -2.554886 49.35002 31.16664
v -2.554886 46.97732 31.16664
v -2.554886 50.6454 31.16664
v -4.539383 53.37138 31.16664
v -2.554886 52.07163 31.16664
v -1.668091 50.67715 31.16664
v -1.473221 49.35002 31.16664
v -1.835815 50.655 31.16664
v -1.552887 50.70327 31.16664
v -2.07074 50.6454 31.16664
v -1.482651 52.00598 31.16664
v -1.255142 53.37138 31.16664
v -1.414948 51.98045 31.16664
v -1.573196 52.0311 31.16664
v -1.691681 52.05279 31.16664
v -1.82402 52.06628 31.16664
v -1.992249 52.07163 31.16664
v -1.35434 51.95072 31.16664
v -0.886322 53.35485 31.16664
v -1.310928 51.92391 31.16664
v -1.114182 51.68995 31.16664
v 0.4536285 52.7547 31.16664
v 0.5444489 52.63968 31.16664
v 0.624588 52.51604 31.16664
v -1.087204 51.63003 31.16664
v 0.6940613 52.38375 31.16664
v -1.146927 51.74723 31.16664
v 0.3521118 52.86108 31.16664
v -1.085968 51.09062 31.16664
v 0.6625671 50.37065 31.16664
v 0.584549 50.2337 31.16664
v -1.109543 51.04002 31.16664
v 0.494873 50.10519 31.16664
v 0.4147644 50.00849 31.16664
v -1.414948 51.98045 30.27339
v -1.255142 53.37138 30.27339
v -1.482651 52.00598 30.27339
v -1.691681 52.05279 30.27339
v -1.82402 52.06628 30.27339
v -2.554886 49.35002 30.27339
v -4.539383 46.97732 30.27339
v -2.554886 46.97732 30.27339
v -1.573196 52.0311 30.27339
v -1.992249 52.07163 30.27339
v -1.35434 51.95072 30.27339
v -0.886322 53.35485 30.27339
v -1.310928 51.92391 30.27339
v -1.272049 51.89444 30.27339
v -0.5877838 53.31239 30.27339
v -4.539383 53.37138 30.27339
v -2.554886 52.07163 30.27339
v -2.554886 50.6454 30.27339
v -1.668091 50.67715 30.27339
v -1.473221 49.35002 30.27339
v -1.552887 50.70327 30.27339
v -1.835815 50.655 30.27339
v -2.07074 50.6454 30.27339
v -1.464737 50.73185 30.27339
v -1.106476 49.36397 30.27339
v -1.398758 50.76003 30.27339
v -1.339615 50.79218 30.27339
v -0.7711182 49.40585 30.27339
v -1.307373 50.81337 30.27339
v -1.268204 50.84385 30.27339
v -0.503418 49.46538 30.27339
v -0.2930756 49.53342 30.27339
v -1.216064 50.89308 30.27339
v -1.170578 50.94551 30.27339
v -0.1003876 49.61717 30.27339
v 0.04670715 49.69895 30.27339
v 0.1815491 49.79163 30.27339
v -1.137741 50.99166 30.27339
v 0.3041382 49.89521 30.27339
v -1.109543 51.04002 30.27339
v 0.4147644 50.00849 30.27339
v 0.494873 50.10519 30.27339
v 0.584549 50.2337 30.27339
v -1.085968 51.09062 30.27339
v -1.087204 51.63003 30.27339
v 0.6940613 52.38375 30.27339
v 0.624588 52.51604 30.27339
v -1.066025 51.56747 30.27339
v 0.7632904 52.21361 30.27339
v 0.8171539 52.03103 30.27339
v 0.8556366 51.83601 30.27339
v -1.050629 51.50228 30.27339
v -1.114182 51.68995 30.27339
v 0.5444489 52.63968 30.27339
v 0.4536285 52.7547 30.27339
v -1.146927 51.74723 30.27339
v 0.3521118 52.86108 30.27339
v 0.2398682 52.95804 30.27339
v -1.18544 51.80187 30.27339
v 0.1423035 53.02826 30.27339
v 0.01066589 53.10684 30.27339
v 15.49167 46.97732 31.16664
v 15.17055 48.03283 31.16664
v 17.56068 46.97732 31.16664
v 14.05617 51.71399 31.16664
v 13.00285 53.37138 31.16664
v 15.158 53.37138 31.16664
v 14.76054 49.41543 31.16664
v 10.59962 46.97732 31.16664
v 12.92863 48.03283 31.16664
v 12.61699 46.97732 31.16664
v 13.35776 49.41543 31.16664
v 17.56068 46.97732 30.27339
v 15.17055 48.03283 30.27339
v 15.49167 46.97732 30.27339
v 12.92863 48.03283 30.27339
v 14.76054 49.41543 30.27339
v 13.35776 49.41543 30.27339
v 10.59962 46.97732 30.27339
v 12.61699 46.97732 30.27339
v 14.05617 51.71399 30.27339
v 15.158 53.37138 30.27339
v 13.00285 53.37138 30.27339
v -25.8544 53.37138 31.16664
v -23.8786 53.37138 31.16664
v -23.8786 51.13389 31.16664
v -23.8786 49.56374 31.16664
v -23.8786 46.97732 31.16664
v -25.8544 46.97732 31.16664
v -21.71962 49.56374 31.16664
v -21.71962 51.13389 31.16664
v -21.71962 46.97732 31.16664
v -21.71962 53.37138 31.16664
v -19.73511 46.97732 31.16664
v -19.73511 53.37138 31.16664
v -25.8544 46.97732 30.27339
v -23.8786 46.97732 30.27339
v -23.8786 49.56374 30.27339
v -23.8786 51.13389 30.27339
v -23.8786 53.37138 30.27339
v -25.8544 53.37138 30.27339
v -21.71962 51.13389 30.27339
v -21.71962 49.56374 30.27339
v -21.71962 53.37138 30.27339
v -21.71962 46.97732 30.27339
v -19.73511 53.37138 30.27339
v -19.73511 46.97732 30.27339
v -5.778885 51.8423 31.16664
v -5.734467 51.57441 31.16664
v -7.596863 51.46538 31.16664
v -5.833206 52.05511 31.16664
v -5.902557 52.25241 31.16664
v -5.986893 52.43418 31.16664
v -6.068649 52.57383 31.16664
v -6.160843 52.70269 31.16664
v -6.263443 52.82077 31.16664
v -6.376465 52.92809 31.16664
v -6.499924 53.02464 31.16664
v -6.634415 53.11124 31.16664
v -6.750381 53.17395 31.16664
v -6.938324 53.25708 31.16664
v -7.178787 53.3375 31.16664
v -7.481552 53.4075 31.16664
v -7.857773 53.45837 31.16664
v -7.62886 51.61319 31.16664
v -7.666183 51.73176 31.16664
v -7.705719 51.82563 31.16664
v -7.74472 51.89874 31.16664
v -7.788406 51.96507 31.16664
v -7.836823 52.0246 31.16664
v -7.871719 52.06053 31.16664
v -8.368851 53.48042 31.16664
v -7.908707 52.09344 31.16664
v -7.968369 52.13772 31.16664
v -8.033249 52.17635 31.16664
v -8.103317 52.20932 31.16664
v -8.178604 52.23664 31.16664
v -8.273056 52.26136 31.16664
v -8.389664 52.28022 31.16664
v -8.78775 53.46828 31.16664
v -8.467239 52.28688 31.16664
v -8.565125 52.28972 31.16664
v -8.696152 52.28387 31.16664
v -8.791168 52.27077 31.16664
v -9.165482 53.43188 31.16664
v -8.867157 52.25319 31.16664
v -8.927002 52.23354 31.16664
v -8.981934 52.20971 31.16664
v -9.023972 52.18662 31.16664
v -9.055161 52.16604 31.16664
v -9.084152 52.1436 31.16664
v -9.123505 52.10763 31.16664
v -9.157852 52.06982 31.16664
v -9.187149 52.0302 31.16664
v -9.207748 51.99579 31.16664
v -9.224838 51.96012 31.16664
v -9.238464 51.92318 31.16664
v -9.248566 51.88499 31.16664
v -9.255203 51.8455 31.16664
v -9.257507 51.82122 31.16664
v -7.52803 49.07117 31.16664
v -7.563629 49.12229 31.16664
v -7.605484 49.17191 31.16664
v -7.662292 49.22789 31.16664
v -7.700867 49.25914 31.16664
v -7.759445 49.29785 31.16664
v -7.860809 49.35128 31.16664
v -8.024292 49.4187 31.16664
v -8.300308 49.50642 31.16664
v -8.674164 49.59863 31.16664
v -8.697952 51.3357 31.16664
v -9.273941 48.6287 31.16664
v -9.321823 48.72639 31.16664
v -9.36795 48.84965 31.16664
v -9.409576 49.00319 31.16664
v -9.736221 47.0253 31.16664
v -9.446182 49.21045 31.16664
v -11.326 49.09267 31.16664
v -9.992874 47.10971 31.16664
v -10.18469 47.19387 31.16664
v -10.35646 47.29059 31.16664
v -10.47942 47.37701 31.16664
v -10.53609 47.42324 31.16664
v -10.61507 47.49635 31.16664
v -10.78024 47.67887 31.16664
v -10.90482 47.84594 31.16664
v -11.01367 48.0228 31.16664
v -11.10683 48.20946 31.16664
v -11.19568 48.43962 31.16664
v -11.26315 48.6831 31.16664
v -11.29826 48.86519 31.16664
v -7.444214 48.78302 30.27339
v -7.445038 48.75183 30.27339
v -7.44751 48.72111 30.27339
v -7.455292 48.67093 30.27339
v -7.532227 48.48282 30.27339
v -7.596863 51.46538 30.27339
v -5.734467 51.57441 30.27339
v -5.778885 51.8423 30.27339
v -5.833206 52.05511 30.27339
v -5.902557 52.25241 30.27339
v -5.986893 52.43418 30.27339
v -6.068649 52.57383 30.27339
v -6.160843 52.70269 30.27339
v -6.263443 52.82077 30.27339
v -6.376465 52.92809 30.27339
v -6.499924 53.02464 30.27339
v -6.634415 53.11124 30.27339
v -6.750381 53.17395 30.27339
v -6.938324 53.25708 30.27339
v -7.178787 53.3375 30.27339
v -7.481552 53.4075 30.27339
v -7.857773 53.45837 30.27339
v -7.62886 51.61319 30.27339
v -7.666183 51.73176 30.27339
v -7.705719 51.82563 30.27339
v -7.74472 51.89874 30.27339
v -7.788406 51.96507 30.27339
v -7.836823 52.0246 30.27339
v -7.871719 52.06053 30.27339
v -8.368851 53.48042 30.27339
v -7.908707 52.09344 30.27339
v -7.968369 52.13772 30.27339
v -8.033249 52.17635 30.27339
v -8.103317 52.20932 30.27339
v -8.178604 52.23664 30.27339
v -8.273056 52.26136 30.27339
v -8.389664 52.28022 30.27339
v -8.78775 53.46828 30.27339
v -8.467239 52.28688 30.27339
v -8.565125 52.28972 30.27339
v -8.696152 52.28387 30.27339
v -8.791168 52.27077 30.27339
v -8.867157 52.25319 30.27339
v -8.927002 52.23354 30.27339
v -8.981934 52.20971 30.27339
v -9.023972 52.18662 30.27339
v 4.947006 53.37138 31.16664
v 10.95291 53.37138 31.16664
v 10.95291 51.7925 31.16664
v 8.937851 51.7925 31.16664
v 6.962067 51.7925 31.16664
v 4.947006 51.7925 31.16664
v 8.937851 46.97732 31.16664
v 6.962067 46.97732 31.16664
v 6.962067 46.97732 30.27339
v 8.937851 46.97732 30.27339
v 8.937851 51.7925 30.27339
v 6.962067 51.7925 30.27339
v 4.947006 53.37138 30.27339
v 4.947006 51.7925 30.27339
v 10.95291 53.37138 30.27339
v 10.95291 51.7925 30.27339
v 18.18877 53.37138 31.16664
v 20.16454 53.37138 31.16664
v 20.16454 48.55185 31.16664
v 18.18877 46.97732 31.16664
v 23.24818 46.97732 31.16664
v 23.24818 48.55185 31.16664
v 18.18877 46.97732 30.27339
v 23.24818 46.97732 30.27339
v 23.24818 48.55185 30.27339
v 20.16454 48.55185 30.27339
v 20.16454 53.37138 30.27339
v 18.18877 53.37138 30.27339
v -8.210434 75.40934 1.260178
v 0.7720032 75.40934 1.260178
v -0.07055664 75.40934 3.294296
v -7.367874 75.40934 3.294296
v -12.1306 75.40934 5.180344
v -10.09648 75.40934 6.022911
v -12.1306 75.40934 14.16279
v -10.09648 75.40934 13.32023
v -8.210434 75.40934 18.08295
v -7.367874 75.40934 16.04882
v 0.7720032 75.40934 18.08295
v -0.07055664 75.40934 16.04882
v 4.692169 75.40934 14.16279
v 2.658051 75.40934 13.32023
v 4.692169 75.40934 5.180344
v 2.658051 75.40934 6.022911
v -18.64856 50.65329 31.16664
v -18.67088 50.16999 31.16664
v -18.67088 50.16999 30.27339
v -18.64856 50.65329 30.27339
v -18.59239 51.04705 31.16664
v -18.59239 51.04705 30.27339
v -18.51701 51.36294 31.16664
v -18.51701 51.36294 30.27339
v -18.41653 51.65883 31.16664
v -18.41653 51.65883 30.27339
v -18.29091 51.93477 31.16664
v -18.29091 51.93477 30.27339
v -18.16705 52.14945 31.16664
v -18.16705 52.14945 30.27339
v -18.02573 52.35027 31.16664
v -18.02573 52.35027 30.27339
v -17.93257 52.46411 31.16664
v -17.93257 52.46411 30.27339
v -17.79857 52.60811 31.16664
v -17.79857 52.60811 30.27339
v -17.61726 52.77386 31.16664
v -17.61726 52.77386 30.27339
v -17.42227 52.92215 31.16664
v -17.42227 52.92215 30.27339
v -17.21356 53.05299 31.16664
v -17.21356 53.05299 30.27339
v -16.94504 53.18697 31.16664
v -16.94504 53.18697 30.27339
v -16.6568 53.29584 31.16664
v -16.6568 53.29584 30.27339
v -16.34883 53.37959 30.27339
v -15.96461 53.44553 31.16664
v -15.96461 53.44553 30.27339
v -15.67375 53.4717 31.16664
v -15.67375 53.4717 30.27339
v -15.36919 53.48042 31.16664
v -15.36919 53.48042 30.27339
v -14.87712 53.45848 31.16664
v -14.87712 53.45848 30.27339
v -14.47733 53.40329 31.16664
v -14.47733 53.40329 30.27339
v -14.15752 53.32925 31.16664
v -14.15752 53.32925 30.27339
v -13.8588 53.2305 31.16664
v -13.8588 53.2305 30.27339
v -13.58121 53.1071 31.16664
v -13.58121 53.1071 30.27339
v -13.36598 52.98539 31.16664
v -13.36598 52.98539 30.27339
v -13.16542 52.84655 31.16664
v -13.16542 52.84655 30.27339
v -13.05212 52.75502 31.16664
v -13.05212 52.75502 30.27339
v -12.90926 52.62338 31.16664
v -12.90926 52.62338 30.27339
v -12.74516 52.44509 31.16664
v -12.74516 52.44509 30.27339
v -12.59836 52.25307 31.16664
v -12.59836 52.25307 30.27339
v -12.46883 52.04731 31.16664
v -12.46883 52.04731 30.27339
v -12.35657 51.82782 31.16664
v -12.35657 51.82782 30.27339
v -12.24463 51.54629 31.16664
v -12.24463 51.54629 30.27339
v -12.15758 51.24498 31.16664
v -12.15758 51.24498 30.27339
v -12.08745 50.86843 31.16664
v -12.08745 50.86843 30.27339
v -12.05811 50.583 31.16664
v -12.05811 50.583 30.27339
v -12.04567 50.22232 31.16664
v -12.04567 50.22232 30.27339
v -12.0674 49.70753 31.16664
v -12.0674 49.70753 30.27339
v -12.1255 49.27644 31.16664
v -12.1255 49.27644 30.27339
v -16.24316 46.94766 30.27339
v -16.58931 47.02761 30.27339
v -16.84476 47.1114 31.16664
v -16.84476 47.1114 30.27339
v -17.0811 47.21284 31.16664
v -17.0811 47.21284 30.27339
v -17.30104 47.33337 31.16664
v -17.30104 47.33337 30.27339
v -17.50723 47.47445 31.16664
v -17.50723 47.47445 30.27339
v -17.69971 47.63607 31.16664
v -17.69971 47.63607 30.27339
v -17.87843 47.81824 31.16664
v -17.87843 47.81824 30.27339
v -18.04344 48.02096 31.16664
v -18.04344 48.02096 30.27339
v -18.13959 48.15808 31.16664
v -18.13959 48.15808 30.27339
v -18.23036 48.30324 31.16664
v -18.23036 48.30324 30.27339
v -18.34508 48.51942 31.16664
v -18.34508 48.51942 30.27339
v -18.45503 48.78448 31.16664
v -18.45503 48.78448 30.27339
v -18.54243 49.06877 31.16664
v -18.54243 49.06877 30.27339
v -18.61382 49.41153 31.16664
v -18.61382 49.41153 30.27339
v -18.65662 49.77861 31.16664
v -18.65662 49.77861 30.27339
v -16.67769 49.76162 31.16664
v -16.6951 50.16126 31.16664
v -16.6951 50.16126 30.27339
v -16.67769 49.76162 30.27339
v -16.63753 49.47389 31.16664
v -16.63753 49.47389 30.27339
v -16.59018 49.27452 31.16664
v -16.59018 49.27452 30.27339
v -16.53836 49.12064 31.16664
v -16.53836 49.12064 30.27339
v -16.47618 48.98246 31.16664
v -16.47618 48.98246 30.27339
v -16.41646 48.87931 31.16664
v -16.41646 48.87931 30.27339
v -16.37715 48.82266 31.16664
v -16.37715 48.82266 30.27339
v -16.33527 48.76992 31.16664
v -16.33527 48.76992 30.27339
v -16.24518 48.67448 31.16664
v -16.24518 48.67448 30.27339
v -16.16438 48.60424 31.16664
v -16.16438 48.60424 30.27339
v -16.0784 48.54248 31.16664
v -16.0784 48.54248 30.27339
v -15.98723 48.48917 30.27339
v -15.89087 48.44433 30.27339
v -14.05719 49.62926 31.16664
v -14.05719 49.62926 30.27339
v -14.03038 49.92201 31.16664
v -14.03038 49.92201 30.27339
v -14.02145 50.2485 31.16664
v -14.02145 50.2485 30.27339
v -14.03603 50.59019 31.16664
v -14.03603 50.59019 30.27339
v -14.06865 50.83551 31.16664
v -14.06865 50.83551 30.27339
v -14.1125 51.02976 31.16664
v -14.1125 51.02976 30.27339
v -14.16145 51.18108 31.16664
v -14.16145 51.18108 30.27339
v -14.22089 51.31841 31.16664
v -14.22089 51.31841 30.27339
v -14.27844 51.42213 31.16664
v -14.27844 51.42213 30.27339
v -14.32971 51.49812 31.16664
v -14.32971 51.49812 30.27339
v -14.38565 51.56787 31.16664
v -14.38565 51.56787 30.27339
v -14.47679 51.66185 31.16664
v -14.47679 51.66185 30.27339
v -14.55844 51.73098 31.16664
v -14.55844 51.73098 30.27339
v -14.64531 51.79181 31.16664
v -14.64531 51.79181 30.27339
v -14.73734 51.84428 31.16664
v -14.73734 51.84428 30.27339
v -14.83458 51.88844 31.16664
v -14.83458 51.88844 30.27339
v -14.937 51.92426 31.16664
v -14.937 51.92426 30.27339
v -15.06676 51.95625 31.16664
v -15.06676 51.95625 30.27339
v -15.20399 51.97623 31.16664
v -15.20399 51.97623 30.27339
v -15.37354 51.98441 31.16664
v -15.37354 51.98441 30.27339
v -15.51357 51.97832 31.16664
v -15.51357 51.97832 30.27339
v -15.64679 51.96003 31.16664
v -15.64679 51.96003 30.27339
v -15.77324 51.92957 31.16664
v -15.77324 51.92957 30.27339
v -15.87343 51.89489 30.27339
v -15.96892 51.85173 30.27339
v -16.05969 51.80012 31.16664
v -16.05969 51.80012 30.27339
v -16.14575 51.74004 31.16664
v -16.14575 51.74004 30.27339
v -16.2271 51.67151 31.16664
v -16.2271 51.67151 30.27339
v -16.27367 51.62632 31.16664
v -16.27367 51.62632 30.27339
v -16.33308 51.56133 31.16664
v -16.33308 51.56133 30.27339
v -16.38869 51.4901 31.16664
v -16.38869 51.4901 30.27339
v -16.45168 51.39108 31.16664
v -16.45168 51.39108 30.27339
v -16.50743 51.28098 31.16664
v -16.50743 51.28098 30.27339
v -16.56477 51.13425 31.16664
v -16.56477 51.13425 30.27339
v -16.61848 50.9429 31.16664
v -16.61848 50.9429 30.27339
v -16.66251 50.69761 31.16664
v -16.66251 50.69761 30.27339
v -16.68584 50.45972 31.16664
v -16.68584 50.45972 30.27339
v -0.5877838 53.31239 31.16664
v -0.3491974 53.25381 31.16664
v -0.3491974 53.25381 30.27339
v -0.1615143 53.18768 31.16664
v -0.1615143 53.18768 30.27339
v 0.01066589 53.10684 31.16664
v 0.1423035 53.02826 31.16664
v 0.2398682 52.95804 31.16664
v 0.7632904 52.21361 31.16664
v 0.8171539 52.03103 31.16664
v 0.8556366 51.83601 31.16664
v 0.8787079 51.62856 31.16664
v 0.8787079 51.62856 30.27339
v 0.8863983 51.40868 31.16664
v 0.8863983 51.40868 30.27339
v 0.8749847 51.14586 31.16664
v 0.8749847 51.14586 30.27339
v 0.840744 50.8996 31.16664
v 0.840744 50.8996 30.27339
v 0.7932281 50.70176 31.16664
v 0.7932281 50.70176 30.27339
v 0.7289581 50.51607 31.16664
v 0.7289581 50.51607 30.27339
v 0.6625671 50.37065 30.27339
v 0.3041382 49.89521 31.16664
v 0.1815491 49.79163 31.16664
v 0.04670715 49.69895 31.16664
v -0.1003876 49.61717 31.16664
v -0.2930756 49.53342 31.16664
v -0.503418 49.46538 31.16664
v -0.7711182 49.40585 31.16664
v -1.106476 49.36397 31.16664
v -1.464737 50.73185 31.16664
v -1.398758 50.76003 31.16664
v -1.339615 50.79218 31.16664
v -1.307373 50.81337 31.16664
v -1.268204 50.84385 31.16664
v -1.216064 50.89308 31.16664
v -1.170578 50.94551 31.16664
v -1.137741 50.99166 31.16664
v -1.067017 51.14343 31.16664
v -1.067017 51.14343 30.27339
v -1.052673 51.19847 31.16664
v -1.052673 51.19847 30.27339
v -1.04158 51.26745 31.16664
v -1.04158 51.26745 30.27339
v -1.038544 51.30314 31.16664
v -1.038544 51.30314 30.27339
v -1.037064 51.35198 31.16664
v -1.037064 51.35198 30.27339
v -1.041 51.43445 31.16664
v -1.041 51.43445 30.27339
v -1.050629 51.50228 31.16664
v -1.066025 51.56747 31.16664
v -1.18544 51.80187 31.16664
v -1.206863 51.8282 31.16664
v -1.206863 51.8282 30.27339
v -1.237686 51.86228 31.16664
v -1.237686 51.86228 30.27339
v -1.272049 51.89444 31.16664
v 3.978745 53.37138 31.16664
v 1.998596 53.37138 31.16664
v 1.998596 53.37138 30.27339
v 3.978745 53.37138 30.27339
v 3.978745 46.97732 31.16664
v 3.978745 46.97732 30.27339
v 1.998596 46.97732 31.16664
v 1.998596 46.97732 30.27339
v 44.22116 20.32316 -26.23162
v 44.22116 20.32314 10.72695
v 44.22116 112.6888 10.72697
v 44.22116 112.6889 -26.23161
v 44.22116 4.22742 10.72694
v 44.22116 4.22742 -26.23164
v 44.22116 1.554765 -26.23164
v 44.22116 1.554765 10.72694
v 44.22116 17.05698 10.72695
v 44.22116 17.05698 -26.23162
v 46.00766 17.05698 9.833702
v 46.00766 17.05698 13.96164
v 46.00766 20.32314 13.96164
v 46.00766 20.32314 9.833702
v 44.22116 17.05698 9.833702
v 44.22116 20.32314 9.833702
v 46.00766 17.05698 -25.33837
v 44.22116 17.05698 -25.33837
v 44.22116 20.32316 -25.33837
v 46.00766 20.32316 -25.33837
v 46.00766 17.05698 -29.46633
v 46.00766 20.32316 -29.46633
v 44.22116 17.05698 -29.46633
v 44.22116 20.32316 -29.46633
v 26.75343 17.05698 -29.46633
v 26.75343 20.32316 -29.46633
v 26.75343 17.05698 -26.23162
v 26.75343 20.32316 -26.23162
v 26.75343 17.05698 10.72695
v 26.75343 20.32314 10.72695
v 26.75343 17.05698 13.96164
v 26.75343 20.32314 13.96164
v 44.22116 17.05698 13.96164
v 44.22116 20.32314 13.96164
v 45.11443 20.32314 13.0684
v 45.11443 20.32314 10.72695
v 45.11443 17.05698 10.72695
v 45.11443 17.05698 13.0684
v 45.11443 20.32316 -26.23162
v 45.11443 17.05698 -26.23162
v 45.11443 20.32316 -28.57308
v 45.11443 17.05698 -28.57308
v 44.22116 20.32316 -28.57308
v 44.22116 17.05698 -28.57308
v 27.64667 20.32316 -28.57308
v 27.64667 17.05698 -28.57308
v 27.64667 20.32316 -26.23162
v 27.64667 17.05698 -26.23162
v 27.64667 20.32314 10.72695
v 27.64667 17.05698 10.72695
v 27.64667 20.32314 13.0684
v 27.64667 17.05698 13.0684
v 44.22116 20.32314 13.0684
v 44.22116 17.05698 13.0684
v 54.74774 74.24913 -2.843697
v 55.13551 74.24913 -3.779831
v 55.13551 65.99579 -3.779831
v 54.74774 65.99579 -2.843719
v 54.27988 74.24913 -1.944923
v 54.27988 65.99579 -1.944923
v 53.73544 74.24913 -1.090347
v 53.73544 65.99579 -1.090347
v 53.11862 74.24913 -0.2864838
v 53.11862 65.99577 -0.2864838
v 52.43407 74.24913 0.4605789
v 52.43407 65.99577 0.4605789
v 51.68701 74.24913 1.145134
v 51.68701 65.99577 1.145134
v 50.88315 74.24913 1.761963
v 50.88315 65.99577 1.761948
v 50.02856 74.24913 2.306389
v 50.02856 65.99577 2.306389
v 49.12978 74.24913 2.774254
v 49.12978 65.99577 2.774254
v 48.19365 74.24913 3.162018
v 48.19365 65.99577 3.162018
v 47.22729 74.24913 3.466713
v 47.22729 65.99577 3.466705
v 46.23805 74.24913 3.68602
v 46.23805 65.99577 3.68602
v 45.23346 74.24913 3.818268
v 45.23346 65.99577 3.818268
v 44.33806 74.24913 3.857376
v 44.33806 65.99577 3.857376
v 44.22116 74.24913 1.180176
v 44.22116 65.99577 1.180176
v 55.4402 65.99579 -4.746208
v 55.4402 74.24913 -4.746208
v 55.6595 65.99579 -5.735443
v 55.6595 74.24913 -5.735443
v 55.79176 65.99579 -6.740036
v 55.79176 74.24913 -6.740036
v 55.83597 65.99579 -7.752342
v 55.83597 74.24913 -7.752342
v 55.79176 65.99579 -8.764618
v 55.79176 74.24913 -8.764618
v 55.6595 65.99579 -9.769226
v 55.6595 74.24913 -9.769226
v 55.4402 65.99579 -10.75846
v 55.4402 74.24913 -10.75846
v 55.13551 65.99579 -11.72482
v 55.13551 74.24913 -11.72482
v 54.74774 65.99579 -12.66095
v 54.74774 74.24913 -12.66095
v 54.27988 65.99579 -13.55974
v 54.27988 74.24913 -13.55974
v 53.73544 65.99579 -14.41431
v 53.73544 74.24913 -14.41431
v 53.11862 65.99579 -15.21819
v 53.11862 74.24913 -15.21819
v 52.43407 65.99579 -15.96523
v 52.43407 74.24913 -15.96523
v 51.68701 65.99579 -16.64979
v 51.68701 74.24913 -16.64979
v 50.88315 65.99579 -17.26662
v 50.88315 74.24913 -17.26662
v 50.02856 65.99579 -17.81104
v 50.02856 74.24913 -17.81104
v 49.12978 65.99579 -18.27892
v 49.12978 74.24913 -18.27892
v 48.19365 65.99579 -18.66667
v 48.19365 74.24913 -18.66667
v 47.22729 65.99579 -18.97137
v 47.22729 74.24913 -18.97137
v 46.23805 65.99579 -19.19068
v 46.23805 74.24913 -19.19068
v 45.23346 65.99579 -19.32294
v 45.23346 74.24913 -19.32294
v 44.33806 65.99579 -19.36203
v 44.33806 74.24913 -19.36203
v 44.22116 65.99579 -16.68483
v 44.22116 74.24913 -16.68483
v -1.673492 62.40509 21.96788
v -5.24649 62.40509 21.96788
v -5.24649 65.97809 21.96788
v -1.673492 65.97809 21.96788
v -1.673492 62.40509 21.18245
v -1.673492 65.97809 21.18245
v -5.24649 62.40509 21.18245
v -5.24649 65.97809 21.18245
v -1.673492 73.12408 21.96788
v -5.24649 73.12408 21.96788
v -5.24649 73.12408 21.18245
v -1.673492 73.12408 21.18245
v -1.673492 69.55109 21.18245
v -1.673492 69.55109 21.96788
v -5.24649 69.55109 21.18245
v -5.24649 69.55109 21.96788
v 1.899521 65.97809 21.18245
v 1.899521 65.97809 21.96788
v 1.899521 69.55109 21.96788
v 1.899521 69.55109 21.18245
v -8.819504 65.97809 21.96788
v -8.819504 65.97809 21.18245
v -8.819504 69.55109 21.18245
v -8.819504 69.55109 21.96788
v 57.57947 17.05698 -23.86941
v 57.57947 17.05698 8.364723
v 57.57947 20.33621 8.364723
v 57.57947 20.33622 -23.86941
v 32.01566 17.05698 -23.86941
v 32.01566 20.33622 -23.86941
v 32.01566 17.05698 8.364723
v 32.01566 20.33621 8.364723
v 12.26732 17.05696 56.06172
v -19.9668 17.05696 56.06172
v -19.9668 20.33621 56.06172
v 12.26732 20.33621 56.06172
v 12.26732 17.05698 30.49789
v 12.26732 20.33621 30.49789
v -19.9668 20.33621 30.49789
v -19.9668 17.05698 30.49789
v -14.62483 17.05698 31.28478
v 6.778885 17.05698 31.28478
v 6.778885 17.05698 30.46716
v -14.62483 17.05698 30.46716
v -14.62483 20.32314 30.46716
v 6.778885 20.32314 30.46716
v 6.778885 20.32314 31.28478
v -14.62483 20.32314 31.28478
v -14.60121 17.05698 -28.57308
v 6.781418 17.05698 -28.57308
v 6.773712 17.05698 -29.46633
v -14.60893 17.05698 -29.46633
v -14.60893 20.32316 -29.46633
v 6.773712 20.32316 -29.46633
v 6.781418 20.32316 -28.57308
v -14.60121 20.32316 -28.57308
v 28.53992 20.32314 31.28478
v 27.64667 20.32314 30.46716
v 28.53992 17.05698 31.28478
v 27.64667 17.05698 30.46716
v 28.53992 17.05698 -29.46633
v 28.53992 20.32316 -29.46633
v -36.83563 17.05698 30.46716
v -37.72888 17.05698 31.28478
v -36.83563 20.32314 30.46716
v -37.72888 20.32314 31.28478
v -37.72888 17.05698 22.0706
v -37.72888 20.32314 22.0706
v 28.53992 17.05698 18.5323
v 27.64667 17.05698 18.5323
v 27.64667 20.32314 18.5323
v 28.53992 20.32314 18.5323
v -34.13971 17.05698 -28.57308
v -34.13971 17.05698 -29.46633
v -34.13971 20.32316 -28.57308
v -34.13971 20.32316 -29.46633
v -46.73312 17.05698 -29.46633
v -45.83984 17.05698 -28.57308
v -45.83984 20.32316 -28.57308
v -46.73312 20.32316 -29.46633
v -46.73312 17.05698 22.0706
v -45.83984 17.05698 21.17735
v -46.73312 20.32314 22.0706
v -45.83984 20.32314 21.17735
v -36.83563 17.05698 21.17735
v -36.83563 20.32314 21.17735
v 57.91547 17.38686 -16.20315
v 57.91547 17.38205 -16.05779
v 57.91547 17.39154 -15.83625
v 57.91547 17.41481 -15.66543
v 57.91547 17.42537 -16.45864
v 57.91547 17.40129 -16.33675
v 57.91547 17.44487 -15.53648
v 57.91547 17.45222 -16.54963
v 57.91547 17.47165 -15.45351
v 57.91547 17.48149 -16.62392
v 57.91547 17.50322 -15.37651
v 57.91547 17.51121 -16.68478
v 57.91547 17.54075 -15.30393
v 57.91547 17.53968 -16.73469
v 57.91547 17.58758 -16.80565
v 57.91547 17.58549 -15.23418
v 57.91547 17.63745 -15.16727
v 57.91547 17.64168 -16.87191
v 57.91547 17.70566 -15.09425
v 57.91547 17.70201 -16.93348
v 57.91547 17.77634 -16.99639
v 57.91547 17.79363 -15.01657
v 57.91547 17.84132 -17.04235
v 57.91547 19.28166 -16.38948
v 57.91547 19.31293 -16.35941
v 57.91547 19.3555 -17.14516
v 57.91547 19.24706 -16.41718
v 57.91547 19.23135 -17.1918
v 57.91547 19.22814 -16.42993
v 57.91547 19.07609 -16.49395
v 57.91547 19.15955 -16.46407
v 57.91547 19.20602 -16.4425
v 57.91547 19.34084 -16.32694
v 57.91547 19.36541 -16.29213
v 57.91547 19.46895 -17.09126
v 57.91547 19.38663 -16.25493
v 57.91547 19.40262 -16.21965
v 57.91547 19.41546 -16.18289
v 57.91547 19.42602 -16.14034
v 57.91547 19.43267 -16.09597
v 57.91547 19.43476 -16.06847
v 57.91547 19.43547 -16.04034
v 57.91547 19.50552 -14.92336
v 57.91547 19.43237 -15.97767
v 57.91547 19.57169 -17.03007
v 57.91547 19.42502 -15.92819
v 57.91547 19.58484 -14.97805
v 57.91547 19.65277 -16.97056
v 57.91547 19.42031 -14.87543
v 57.91547 19.41335 -15.88125
v 57.91547 19.39736 -15.83681
v 57.91547 19.37704 -15.79489
v 57.91547 19.35242 -15.75547
v 57.91547 19.32345 -15.71857
v 57.91547 19.3103 -14.82682
v 57.91547 19.29018 -15.68417
v 57.91547 19.26044 -15.65847
v 57.91547 19.68604 -15.06596
v 57.91547 19.72565 -16.90547
v 57.91547 19.62963 -15.01411
v 57.91547 19.7508 -15.13628
v 57.91547 19.7816 -16.84525
v 57.91547 19.80875 -15.2122
v 57.91547 19.8315 -16.78093
v 57.91547 19.85988 -15.29371
v 57.91547 19.19183 -14.78793
v 57.91547 19.21938 -15.6286
v 57.91547 19.1855 -15.60806
v 57.91547 19.13999 -15.58624
v 57.91547 19.08923 -15.56757
v 57.91547 19.06491 -14.75877
v 57.91547 19.02333 -15.54969
v 57.91547 18.92808 -15.53295
v 57.91547 18.90614 -14.73701
v 57.91547 18.83346 -15.52395
v 57.91547 18.71582 -15.52044
v 57.91547 18.71058 -14.72838
v 57.91547 18.5988 -14.73114
v 57.91547 18.51279 -15.52917
v 57.91547 18.50942 -14.73766
v 57.91547 18.39342 -15.54543
v 57.91547 18.35714 -14.75908
v 57.91547 18.31257 -15.56387
v 57.91547 18.25161 -15.5837
v 57.91547 18.23106 -14.78856
v 57.91547 18.2067 -15.60306
v 57.91547 18.16713 -15.625
v 57.91547 18.15281 -15.63451
v 57.91547 18.13292 -15.64954
v 57.91547 18.11375 -14.82786
v 57.91547 18.10296 -15.67641
v 57.91547 18.07614 -15.70538
v 57.91547 18.05249 -15.73642
v 57.91547 18.032 -15.76957
v 57.91547 18.01827 -14.87031
v 57.91547 18.01464 -15.8048
v 57.91547 18.00045 -15.84214
v 57.91547 17.98941 -15.88158
v 57.91547 17.98034 -15.93166
v 57.91547 17.9768 -15.96671
v 57.91547 17.92949 -14.92029
v 57.91547 17.97522 -16.01242
v 57.91547 18.00549 -17.13073
v 57.91547 17.97848 -16.08215
v 57.91547 17.98668 -16.13854
v 57.91547 17.99769 -16.1834
v 57.91547 18.01236 -16.22507
v 57.91547 18.11807 -17.1745
v 57.91547 18.02739 -16.25735
v 57.91547 18.04496 -16.28743
v 57.91547 18.06509 -16.31528
v 57.91547 18.08301 -16.33597
v 57.91547 18.10257 -16.35525
v 57.91547 18.14049 -16.38647
v 57.91547 18.26309 -17.21622
v 57.91547 18.18293 -16.41522
v 57.91547 18.23694 -16.44501
v 57.91547 18.30476 -16.47463
v 57.91547 18.38004 -16.50011
v 57.91547 18.47244 -16.52359
v 57.91547 17.9022 -17.07919
v 57.91547 17.85891 -14.96738
v 57.91547 20.02199 -15.87696
v 57.91547 20.02691 -16.02116
v 57.91547 20.01909 -16.20619
v 57.91547 20.0104 -15.76295
v 57.91547 19.99869 -16.35857
v 57.91547 19.98273 -15.61276
v 57.91547 19.96992 -16.4828
v 57.91547 19.94837 -15.49277
v 57.91547 19.93654 -16.58279
v 57.91547 19.90419 -15.38084
v 57.91547 19.89552 -16.67469
v 57.91547 19.86863 -16.72356
v 57.02222 18.39342 -15.54543
v 57.02222 18.51279 -15.52917
v 57.02222 18.50942 -14.73766
v 57.02222 18.71582 -15.52044
v 57.02222 18.5988 -14.73114
v 57.02222 18.71058 -14.72838
v 57.02222 18.90614 -14.73701
v 57.02222 18.83346 -15.52395
v 57.02222 18.92808 -15.53295
v 57.02222 19.06491 -14.75877
v 57.02222 19.02333 -15.54969
v 57.02222 19.08923 -15.56757
v 57.02222 19.13999 -15.58624
v 57.02222 19.19183 -14.78793
v 57.02222 19.1855 -15.60806
v 57.02222 19.21938 -15.6286
v 57.02222 19.3103 -14.82682
v 57.02222 19.26044 -15.65847
v 57.02222 19.29018 -15.68417
v 57.02222 19.32345 -15.71857
v 57.02222 19.42031 -14.87543
v 57.02222 19.35242 -15.75547
v 57.02222 19.37704 -15.79489
v 57.02222 19.39736 -15.83681
v 57.02222 19.41335 -15.88125
v 57.02222 19.42502 -15.92819
v 57.02222 19.50552 -14.92336
v 57.02222 19.43237 -15.97767
v 57.02222 19.46895 -17.09126
v 57.02222 19.57169 -17.03007
v 57.02222 19.58484 -14.97805
v 57.02222 19.65277 -16.97056
v 57.02222 19.38663 -16.25493
v 57.02222 19.36541 -16.29213
v 57.02222 19.40262 -16.21965
v 57.02222 19.41546 -16.18289
v 57.02222 19.42602 -16.14034
v 57.02222 19.62963 -15.01411
v 57.02222 19.68604 -15.06596
v 57.02222 19.72565 -16.90547
v 57.02222 19.43267 -16.09597
v 57.02222 19.43476 -16.06847
v 57.02222 19.43547 -16.04034
v 57.02222 19.3555 -17.14516
v 57.02222 19.34084 -16.32694
v 57.02222 19.31293 -16.35941
v 57.02222 19.28166 -16.38948
v 57.02222 19.24706 -16.41718
v 57.02222 19.23135 -17.1918
v 57.02222 19.22814 -16.42993
v 57.02222 19.20602 -16.4425
v 57.02222 19.15955 -16.46407
v 57.02222 19.07609 -16.49395
v 57.02222 18.35714 -14.75908
v 57.02222 18.31257 -15.56387
v 57.02222 18.25161 -15.5837
v 57.02222 18.23106 -14.78856
v 57.02222 18.2067 -15.60306
v 57.02222 18.16713 -15.625
v 57.02222 18.15281 -15.63451
v 57.02222 18.13292 -15.64954
v 57.02222 18.11375 -14.82786
v 57.02222 18.10296 -15.67641
v 57.02222 18.07614 -15.70538
v 57.02222 18.05249 -15.73642
v 57.02222 18.032 -15.76957
v 57.02222 18.01827 -14.87031
v 57.02222 18.01464 -15.8048
v 57.02222 18.00045 -15.84214
v 57.02222 17.98941 -15.88158
v 57.02222 17.98034 -15.93166
v 57.02222 17.9768 -15.96671
v 57.02222 17.92949 -14.92029
v 57.02222 17.97522 -16.01242
v 57.02222 18.00549 -17.13073
v 57.02222 17.9022 -17.07919
v 57.02222 18.11807 -17.1745
v 57.02222 18.01236 -16.22507
v 57.02222 17.99769 -16.1834
v 57.02222 18.02739 -16.25735
v 57.02222 18.04496 -16.28743
v 57.02222 18.10257 -16.35525
v 57.02222 18.08301 -16.33597
v 57.02222 17.85891 -14.96738
v 57.02222 17.84132 -17.04235
v 57.02222 17.79363 -15.01657
v 57.02222 17.97848 -16.08215
v 57.02222 17.98668 -16.13854
v 57.02222 18.06509 -16.31528
v 57.02222 18.14049 -16.38647
v 57.02222 18.26309 -17.21622
v 57.02222 18.18293 -16.41522
v 57.02222 18.23694 -16.44501
v 57.02222 18.30476 -16.47463
v 57.02222 18.38004 -16.50011
v 57.02222 18.47244 -16.52359
v 57.02222 20.01909 -16.20619
v 57.02222 20.02691 -16.02116
v 57.02222 20.02199 -15.87696
v 57.02222 20.0104 -15.76295
v 57.02222 19.99869 -16.35857
v 57.02222 19.98273 -15.61276
v 57.02222 19.96992 -16.4828
v 57.02222 19.94837 -15.49277
v 57.02222 19.93654 -16.58279
v 57.02222 19.90419 -15.38084
v 57.02222 19.89552 -16.67469
v 57.02222 19.86863 -16.72356
v 57.02222 19.85988 -15.29371
v 57.02222 19.8315 -16.78093
v 57.02222 17.39154 -15.83625
v 57.02222 17.38205 -16.05779
v 57.02222 17.38686 -16.20315
v 57.02222 17.40129 -16.33675
v 57.02222 17.42537 -16.45864
v 57.02222 17.41481 -15.66543
v 57.02222 17.45222 -16.54963
v 57.02222 17.44487 -15.53648
v 57.02222 17.47165 -15.45351
v 57.02222 17.48149 -16.62392
v 57.02222 17.50322 -15.37651
v 57.02222 17.64168 -16.87191
v 57.02222 17.70201 -16.93348
v 57.02222 17.70566 -15.09425
v 57.02222 17.63745 -15.16727
v 57.02222 17.58758 -16.80565
v 57.02222 17.58549 -15.23418
v 57.02222 17.54075 -15.30393
v 57.02222 17.53968 -16.73469
v 57.02222 17.77634 -16.99639
v 57.02222 17.51121 -16.68478
v 57.91547 19.12046 -18.73499
v 57.91547 19.98328 -19.25136
v 57.91547 19.98328 -20.12453
v 57.91547 18.49686 -18.33801
v 57.91547 18.49686 -19.13008
v 57.91547 17.42566 -18.33801
v 57.91547 17.42566 -19.13008
v 57.91547 19.98328 -17.34183
v 57.91547 19.98328 -18.2197
v 57.02222 19.98328 -20.12453
v 57.02222 19.98328 -19.25136
v 57.02222 19.12046 -18.73499
v 57.02222 18.49686 -19.13008
v 57.02222 19.98328 -17.34183
v 57.02222 19.98328 -18.2197
v 57.02222 18.49686 -18.33801
v 57.02222 17.42566 -19.13008
v 57.02222 17.42566 -18.33801
v -7.058487 19.22087 56.39771
v -6.380753 19.53569 56.39771
v -6.353027 19.45677 56.39771
v -6.447205 19.66425 56.39771
v -6.414505 19.60839 56.39771
v -6.331299 19.37165 56.39771
v -6.313538 19.26449 56.39771
v -6.484085 19.71579 56.39771
v -6.719894 19.90429 56.39771
v -6.673508 19.87922 56.39771
v -6.795059 19.93755 56.39771
v -7.071274 19.27999 56.39771
v -7.162857 20.01807 56.39771
v -7.086227 19.32743 56.39771
v -7.10202 19.36497 56.39771
v -6.525116 19.76304 56.39771
v -6.570328 19.80596 56.39771
v -6.619705 19.84458 56.39771
v -6.891251 19.96971 56.39771
v -7.01236 19.99771 56.39771
v -7.11763 19.39422 56.39771
v -7.135117 19.42074 56.39771
v -7.154465 19.44456 56.39771
v -7.168442 19.45893 56.39771
v -7.367294 20.02689 56.39771
v -7.328964 19.53927 56.39771
v -7.375595 19.5468 56.39771
v -7.534851 20.02203 56.39771
v -7.406631 19.54947 56.39771
v -7.445786 19.55061 56.39771
v -7.498215 19.54827 56.39771
v -7.536209 19.54304 56.39771
v -7.685928 20.00747 56.39771
v -7.612518 19.5186 56.39771
v -7.629333 19.50938 56.39771
v -7.6418 19.50114 56.39771
v -7.653412 19.49216 56.39771
v -7.183228 19.4721 56.39771
v -7.207092 19.48981 56.39771
v -7.233032 19.50526 56.39771
v -7.261063 19.51845 56.39771
v -7.291183 19.52937 56.39771
v -7.566605 19.536 56.39771
v -7.590546 19.52814 56.39771
v -7.669144 19.47777 56.39771
v -7.682892 19.46265 56.39771
v -7.694611 19.44681 56.39771
v -7.820541 19.9832 56.39771
v -7.70285 19.43304 56.39771
v -7.709671 19.41878 56.39771
v -7.715118 19.404 56.39771
v -7.719162 19.38872 56.39771
v -7.721817 19.37292 56.39771
v -7.722748 19.36322 56.39771
v -7.72319 19.34997 56.39771
v -7.77449 18.55122 56.39771
v -7.72261 19.33788 56.39771
v -7.949432 18.6165 56.39771
v -7.720886 19.32605 56.39771
v -7.718002 19.31443 56.39771
v -7.713974 19.30308 56.39771
v -7.708801 19.29197 56.39771
v -7.702469 19.28109 56.39771
v -7.693344 19.26837 56.39771
v -7.682556 19.25601 56.39771
v -7.674469 19.24796 56.39771
v -7.918457 19.9561 56.39771
v -7.996216 19.92657 56.39771
v -8.071091 18.67544 56.39771
v -8.049637 19.90142 56.39771
v -8.099716 19.8741 56.39771
v -8.152328 18.72471 56.39771
v -7.655701 19.23201 56.39771
v -7.640533 19.22208 56.39771
v -7.618301 19.21033 56.39771
v -7.576645 19.1931 56.39771
v -7.498917 19.16901 56.39771
v -7.489395 18.47417 56.39771
v -7.400436 19.14585 56.39771
v -7.339859 18.4373 56.39771
v -7.229462 18.40221 56.39771
v -7.03096 18.26319 56.39771
v -7.045181 18.28364 56.39771
v -7.061935 18.30348 56.39771
v -7.084641 18.32588 56.39771
v -7.100082 18.33838 56.39771
v -7.12352 18.35385 56.39771
v -7.665619 19.24007 56.39771
v -7.019226 18.24213 56.39771
v -7.011383 18.22413 56.39771
v -6.94104 19.02903 56.39771
v -7.005264 18.20571 56.39771
v -7.164063 18.37523 56.39771
v -6.998291 18.16761 56.39771
v -7.000916 18.18687 56.39771
v -6.950211 17.42328 56.39771
v -6.838257 17.45418 56.39771
v -7.085144 17.39921 56.39771
v -6.998734 18.12317 56.39771
v -6.997742 18.13545 56.39771
v -6.997421 18.14793 56.39771
v -7.01358 18.06446 56.39771
v -7.006805 18.08352 56.39771
v -7.06517 17.98659 56.39771
v -7.047592 18.00686 56.39771
v -7.001862 18.1031 56.39771
v -7.022186 18.0459 56.39771
v -7.08902 17.96387 56.39771
v -7.032623 18.02785 56.39771
v -7.218491 17.38632 56.39771
v -7.174713 17.91306 56.39771
v -7.146393 17.92563 56.39771
v -7.120316 17.9405 56.39771
v -7.243729 17.89367 56.39771
v -7.205261 17.90277 56.39771
v -7.362045 17.38203 56.39771
v -7.349838 17.88449 56.39771
v -7.291428 17.88707 56.39771
v -7.39415 17.88605 56.39771
v -7.606995 17.39208 56.39771
v -7.428101 17.88951 56.39771
v -7.104172 17.95167 56.39771
v -7.476486 17.89847 56.39771
v -7.514526 17.90933 56.39771
v -7.550461 17.92331 56.39771
v -7.58432 17.94039 56.39771
v -7.616074 17.96057 56.39771
v -7.779846 17.41459 56.39771
v -7.645721 17.98386 56.39771
v -7.729324 18.08621 56.39771
v -7.716049 18.06405 56.39771
v -7.748474 18.12528 56.39771
v -7.673294 18.01026 56.39771
v -7.698761 18.03977 56.39771
v -7.766922 18.17459 56.39771
v -7.783585 18.236 56.39771
v -7.91423 17.44484 56.39771
v -7.798203 18.3189 56.39771
v -8.550156 18.2718 56.39771
v -8.498016 18.01058 56.39771
v -8.525009 18.10797 56.39771
v -8.539047 18.1808 56.39771
v -8.016891 17.4786 56.39771
v -8.093613 17.51228 56.39771
v -8.162338 17.55096 56.39771
v -8.211517 17.58552 56.39771
v -8.234177 17.60402 56.39771
v -8.265762 17.63327 56.39771
v -8.331833 17.70627 56.39771
v -8.381653 17.7731 56.39771
v -8.425217 17.84384 56.39771
v -8.462479 17.91851 56.39771
v -6.782639 18.97462 56.39771
v -6.746201 17.48932 56.39771
v -6.698425 17.5118 56.39771
v -7.243729 17.89367 55.50447
v -7.291428 17.88707 55.50447
v -7.362045 17.38203 55.50447
v -7.218491 17.38632 55.50447
v -7.205261 17.90277 55.50447
v -7.39415 17.88605 55.50447
v -7.606995 17.39208 55.50447
v -7.349838 17.88449 55.50447
v -7.428101 17.88951 55.50447
v -7.476486 17.89847 55.50447
v -7.08902 17.96387 55.50447
v -7.104172 17.95167 55.50447
v -7.120316 17.9405 55.50447
v -7.146393 17.92563 55.50447
v -7.174713 17.91306 55.50447
v -7.085144 17.39921 55.50447
v -7.06517 17.98659 55.50447
v -7.047592 18.00686 55.50447
v -7.514526 17.90933 55.50447
v -7.550461 17.92331 55.50447
v -7.58432 17.94039 55.50447
v -7.616074 17.96057 55.50447
v -7.779846 17.41459 55.50447
v -7.645721 17.98386 55.50447
v -7.716049 18.06405 55.50447
v -7.729324 18.08621 55.50447
v -7.748474 18.12528 55.50447
v -7.766922 18.17459 55.50447
v -7.001862 18.1031 55.50447
v -7.006805 18.08352 55.50447
v -6.998734 18.12317 55.50447
v -6.997742 18.13545 55.50447
v -6.950211 17.42328 55.50447
v -7.673294 18.01026 55.50447
v -7.698761 18.03977 55.50447
v -7.783585 18.236 55.50447
v -7.91423 17.44484 55.50447
v -7.798203 18.3189 55.50447
v -8.550156 18.2718 55.50447
v -8.016891 17.4786 55.50447
v -8.093613 17.51228 55.50447
v -8.162338 17.55096 55.50447
v -8.211517 17.58552 55.50447
v -8.234177 17.60402 55.50447
v -8.265762 17.63327 55.50447
v -8.331833 17.70627 55.50447
v -8.381653 17.7731 55.50447
v -8.425217 17.84384 55.50447
v -8.462479 17.91851 55.50447
v -8.498016 18.01058 55.50447
v -8.525009 18.10797 55.50447
v -8.539047 18.1808 55.50447
v -7.400436 19.14585 55.50447
v -7.045181 18.28364 55.50447
v -7.03096 18.26319 55.50447
v -7.061935 18.30348 55.50447
v -7.019226 18.24213 55.50447
v -7.011383 18.22413 55.50447
v -6.94104 19.02903 55.50447
v -7.005264 18.20571 55.50447
v -7.000916 18.18687 55.50447
v -7.084641 18.32588 55.50447
v -7.100082 18.33838 55.50447
v -7.12352 18.35385 55.50447
v -7.164063 18.37523 55.50447
v -7.229462 18.40221 55.50447
v -7.339859 18.4373 55.50447
v -7.489395 18.47417 55.50447
v -7.498917 19.16901 55.50447
v -7.77449 18.55122 55.50447
v -7.576645 19.1931 55.50447
v -7.618301 19.21033 55.50447
v -7.640533 19.22208 55.50447
v -7.655701 19.23201 55.50447
v -7.665619 19.24007 55.50447
v -7.674469 19.24796 55.50447
v -7.682556 19.25601 55.50447
v -7.693344 19.26837 55.50447
v -7.702469 19.28109 55.50447
v -7.708801 19.29197 55.50447
v -7.713974 19.30308 55.50447
v -7.718002 19.31443 55.50447
v -7.720886 19.32605 55.50447
v -7.72261 19.33788 55.50447
v -7.72319 19.34997 55.50447
v -7.820541 19.9832 55.50447
v -7.949432 18.6165 55.50447
v -7.722748 19.36322 55.50447
v -7.721817 19.37292 55.50447
v -7.719162 19.38872 55.50447
v -7.715118 19.404 55.50447
v -7.709671 19.41878 55.50447
v -7.70285 19.43304 55.50447
v -7.694611 19.44681 55.50447
v -7.685928 20.00747 55.50447
v -7.682892 19.46265 55.50447
v -7.669144 19.47777 55.50447
v -7.653412 19.49216 55.50447
v -7.918457 19.9561 55.50447
v -7.996216 19.92657 55.50447
v -8.071091 18.67544 55.50447
v -8.049637 19.90142 55.50447
v -8.099716 19.8741 55.50447
v -8.152328 18.72471 55.50447
v -8.161331 19.83432 55.50447
v -8.193512 18.75422 55.50447
v -8.217056 19.7907 55.50447
v -7.566605 19.536 55.50447
v -7.536209 19.54304 55.50447
v -7.590546 19.52814 55.50447
v -7.612518 19.5186 55.50447
v -7.6418 19.50114 55.50447
v -7.629333 19.50938 55.50447
v -7.534851 20.02203 55.50447
v -7.498215 19.54827 55.50447
v -7.445786 19.55061 55.50447
v -7.406631 19.54947 55.50447
v -7.375595 19.5468 55.50447
v -7.367294 20.02689 55.50447
v -7.328964 19.53927 55.50447
v -7.162857 20.01807 55.50447
v -7.168442 19.45893 55.50447
v -7.154465 19.44456 55.50447
v -7.135117 19.42074 55.50447
v -7.11763 19.39422 55.50447
v -7.071274 19.27999 55.50447
v -7.058487 19.22087 55.50447
v -7.01236 19.99771 55.50447
v -6.891251 19.96971 55.50447
v -6.795059 19.93755 55.50447
v -6.719894 19.90429 55.50447
v -6.673508 19.87922 55.50447
v -6.619705 19.84458 55.50447
v -6.570328 19.80596 55.50447
v -6.353027 19.45677 55.50447
v -6.380753 19.53569 55.50447
v -7.086227 19.32743 55.50447
v -6.414505 19.60839 55.50447
v -6.447205 19.66425 55.50447
v -6.484085 19.71579 55.50447
v -7.10202 19.36497 55.50447
v -6.313538 19.26449 55.50447
v -6.331299 19.37165 55.50447
v -6.525116 19.76304 55.50447
v 44.99969 1.554765 1.146172
v 44.22116 1.554765 -7.752342
v 44.22116 1.554765 1.180153
v 44.99969 112.933 1.146179
v 44.22116 112.933 1.180176
v 44.22116 112.933 -7.752327
v 45.77228 1.554765 1.044456
v 45.77228 112.933 1.044464
v 46.53307 1.554765 0.8757935
v 46.53307 112.933 0.8758087
v 47.27626 1.554765 0.6414642
v 47.27626 112.933 0.6414795
v 47.99622 1.554765 0.3432541
v 47.99622 112.933 0.343277
v 48.68741 1.554765 -0.01657104
v 48.68741 112.933 -0.01655579
v 49.34464 1.554765 -0.4352646
v 49.34464 112.933 -0.4352493
v 49.96288 1.554765 -0.9096375
v 49.96288 112.933 -0.9096298
v 50.53738 1.554765 -1.436111
v 50.53738 112.933 -1.436096
v 51.06384 1.554765 -2.010643
v 51.06384 112.933 -2.01062
v 51.53824 1.554765 -2.628868
v 51.53824 112.933 -2.628853
v 51.95692 1.554765 -3.286087
v 51.95692 112.933 -3.286079
v 53.11966 112.933 -6.973816
v 53.01794 112.933 -6.201202
v 52.84929 112.933 -10.06422
v 53.01794 112.933 -9.303429
v 51.53824 112.933 -12.87579
v 51.95692 112.933 -12.21858
v 51.06384 112.933 -13.49403
v 48.68741 112.933 -15.4881
v 49.34464 112.933 -15.0694
v 46.53307 112.933 -16.38046
v 47.27626 112.933 -16.14613
v 45.77228 112.933 -16.54913
v 49.96288 112.933 -14.59502
v 50.53738 112.933 -14.06856
v 53.15367 112.933 -7.752327
v 53.11966 111.4293 -8.530846
v 53.15367 111.4293 -7.752327
v 53.11966 112.933 -8.530846
v 52.31677 1.554765 -3.977303
v 52.84929 1.554765 -5.440453
v 52.61497 1.554765 -4.69725
v 52.31677 1.554765 -11.52737
v 52.61497 1.554765 -10.80744
v 52.31677 112.933 -3.977295
v 52.84929 112.933 -5.440414
v 52.31677 112.933 -11.52737
v 47.99622 112.933 -15.84792
v 44.99969 112.933 -16.65084
v 52.84929 1.554765 -10.06424
v 52.61497 112.933 -4.697227
v 52.61497 112.933 -10.80742
v 53.01794 1.554765 -6.201241
v 53.11966 1.554765 -6.973824
v 53.01794 1.554765 -9.303459
v 53.11966 1.554765 -8.530853
v 51.95692 1.554765 -12.21859
v 51.53824 1.554765 -12.8758
v 49.34464 1.554765 -15.06942
v 49.96288 1.554765 -14.59502
v 47.27626 1.554765 -16.14615
v 47.99622 1.554765 -15.84793
v 46.53307 1.554765 -16.38048
v 44.22116 1.554765 -16.68484
v 44.99969 1.554765 -16.65086
v 53.15367 1.554765 -7.752342
v 51.06384 1.554765 -13.49404
v 50.53738 1.554765 -14.06857
v 48.68741 1.554765 -15.48811
v 45.77228 1.554765 -16.54914
v 44.22116 112.933 -16.68483
v 57.91547 19.35225 -5.061729
v 57.91547 19.87689 -5.563461
v 57.91547 19.8488 -5.610336
v 57.91547 19.81648 -5.654274
v 57.91547 19.33473 -5.071617
v 57.91547 19.77998 -5.695251
v 57.91547 19.73925 -5.733315
v 57.91547 19.31607 -5.079941
v 57.91547 19.68758 -5.773193
v 57.91547 19.63848 -5.804092
v 57.91547 19.29624 -5.086693
v 57.91547 19.58651 -5.83033
v 57.91547 19.5316 -5.851921
v 57.91547 19.47381 -5.868866
v 57.91547 19.24397 -5.096489
v 57.91547 19.34016 -5.889511
v 57.91547 19.27322 -5.89183
v 57.91547 19.18411 -5.096756
v 57.91547 19.1199 -5.878723
v 57.91547 19.05317 -5.863365
v 57.91547 18.99702 -5.84478
v 57.91547 19.1619 -5.093544
v 57.91547 18.95036 -5.824692
v 57.91547 18.90597 -5.801056
v 57.91547 19.14044 -5.088409
v 57.91547 18.85229 -5.766182
v 57.91547 18.80238 -5.726875
v 57.91547 18.98187 -4.920067
v 57.91547 18.55443 -5.273872
v 57.91547 18.95954 -4.812042
v 57.91547 18.20726 -4.783997
v 57.91547 18.32568 -5.60601
v 57.91547 18.21902 -5.685616
v 57.91547 18.16677 -5.716721
v 57.91547 18.19101 -5.703377
v 57.91547 17.42566 -5.206436
v 57.91547 17.42566 -6.099449
v 57.91547 18.37929 -4.669426
v 57.91547 18.39198 -4.65625
v 57.91547 19.11974 -5.081314
v 57.91547 18.75627 -5.683167
v 57.91547 18.71394 -5.635048
v 57.91547 19.09977 -5.07225
v 57.91547 18.68364 -5.594574
v 57.91547 18.65562 -5.551437
v 57.91547 18.98722 -4.94149
v 57.91547 18.99449 -4.961792
v 57.91547 19.00224 -4.978271
v 57.91547 19.01141 -4.99395
v 57.91547 19.02198 -5.008766
v 57.91547 19.03608 -5.025024
v 57.91547 18.35108 -4.693977
v 57.91547 18.30275 -4.728477
v 57.02222 18.46371 -4.377487
v 57.02222 17.42566 -3.583694
v 57.02222 17.42566 -4.377487
v 57.02222 19.35225 -5.061729
v 57.02222 19.8488 -5.610336
v 57.02222 19.87689 -5.563461
v 57.02222 18.94698 -4.377487
v 57.02222 18.46371 -4.447289
v 57.02222 18.46286 -4.472923
v 57.02222 18.46029 -4.497902
v 57.02222 18.94698 -4.710716
v 57.02222 18.45423 -4.530174
v 57.02222 18.44641 -4.557472
v 57.02222 18.43629 -4.583893
v 57.02222 18.42186 -4.613007
v 57.02222 18.95954 -4.812042
v 57.02222 18.39198 -4.65625
v 57.02222 18.37929 -4.669426
v 57.02222 18.35108 -4.693977
v 57.02222 18.55443 -5.273872
v 57.02222 18.30275 -4.728477
v 57.02222 18.16677 -5.716721
v 57.02222 17.42566 -5.206436
v 57.02222 17.42566 -6.099449
v 57.02222 18.32568 -5.60601
v 57.02222 18.20726 -4.783997
v 57.02222 18.21902 -5.685616
v 57.02222 18.19101 -5.703377
v 57.02222 19.40058 -5.019501
v 57.02222 19.9722 -5.178162
v 57.02222 19.41077 -5.006065
v 57.02222 19.46519 -4.790382
v 57.02222 19.98328 -4.900871
v 57.02222 19.46688 -4.724686
v 57.02222 19.98328 -3.583672
v 57.02222 19.46688 -4.377487
v 57.02222 19.46091 -4.842072
v 57.02222 19.4516 -4.900604
v 57.02222 19.44139 -4.939941
v 57.02222 19.02198 -5.008766
v 57.02222 19.03608 -5.025024
v 57.02222 19.01141 -4.99395
v 57.02222 19.00224 -4.978271
v 57.02222 18.99449 -4.961792
v 57.02222 18.98722 -4.94149
v 57.02222 18.98187 -4.920067
v 57.02222 19.09977 -5.07225
v 57.02222 18.65562 -5.551437
v 57.02222 18.68364 -5.594574
v 57.02222 19.11974 -5.081314
v 57.02222 18.71394 -5.635048
v 57.02222 18.75627 -5.683167
v 57.02222 18.80238 -5.726875
v 57.02222 19.14044 -5.088409
v 57.02222 18.85229 -5.766182
v 57.02222 19.1619 -5.093544
v 57.02222 18.90597 -5.801056
v 57.02222 18.95036 -5.824692
v 57.02222 19.18411 -5.096756
v 57.02222 18.99702 -5.84478
v 57.02222 19.05317 -5.863365
v 57.02222 19.1199 -5.878723
v 57.02222 19.19041 -5.888199
v 57.02222 19.21041 -5.09803
v 57.02222 19.24397 -5.096489
v 57.02222 19.27322 -5.89183
v 57.02222 19.34016 -5.889511
v 57.02222 19.29624 -5.086693
v 57.02222 19.47381 -5.868866
v 57.02222 19.5316 -5.851921
v 57.02222 19.58651 -5.83033
v 57.02222 19.31607 -5.079941
v 57.02222 19.63848 -5.804092
v 57.02222 19.68758 -5.773193
v 57.02222 19.33473 -5.071617
v 57.02222 19.73925 -5.733315
v 57.02222 19.77998 -5.695251
v 57.02222 19.81648 -5.654274
v 57.02222 19.4201 -4.990875
v 57.02222 19.43056 -4.969376
v 57.02222 19.90079 -5.513672
v -10.62273 19.14711 56.39771
v -11.33611 19.40864 56.39771
v -11.28654 19.4945 56.39771
v -10.60042 19.19115 56.39771
v -11.23003 19.57484 56.39771
v -10.57523 19.23076 56.39771
v -11.19276 19.62036 56.39771
v -11.13918 19.67796 56.39771
v -10.69081 18.53937 56.39771
v -11.46526 18.39933 56.39771
v -11.48238 18.54617 56.39771
v -10.40732 19.37541 56.39771
v -10.55928 19.98656 56.39771
v -10.36913 19.39268 56.39771
v -10.27846 19.41873 56.39771
v -10.28925 20.0234 56.39771
v -10.22516 19.42605 56.39771
v -10.16914 19.42848 56.39771
v -10.1674 20.02689 56.39771
v -10.32904 19.40655 56.39771
v -10.40559 20.01294 56.39771
v -10.10135 19.42521 56.39771
v -10.04645 19.41722 56.39771
v -9.970596 20.01812 56.39771
v -9.994537 19.40442 56.39771
v -9.774002 19.26188 56.39771
v -9.285904 19.77335 56.39771
v -9.240585 19.73673 56.39771
v -9.810471 19.29947 56.39771
v -9.366135 19.82888 56.39771
v -9.843109 19.32711 56.39771
v -9.452225 19.87755 56.39771
v -9.708084 19.16208 56.39771
v -9.059097 19.53596 56.39771
v -9.007278 19.45365 56.39771
v -9.634155 18.8708 56.39771
v -8.854721 18.9821 56.39771
v -8.842987 18.86792 56.39771
v -9.681976 18.30321 56.39771
v -8.934586 18.10955 56.39771
v -8.960251 18.04731 56.39771
v -9.704758 18.2432 56.39771
v -8.988922 17.98829 56.39771
v -9.040649 17.89971 56.39771
v -9.726807 18.19899 56.39771
v -9.099258 17.81766 56.39771
v -10.63509 18.28298 56.39771
v -11.31189 17.95602 56.39771
v -11.35777 18.0425 56.39771
v -10.16217 17.97346 56.39771
v -10.136 17.38203 56.39771
v -10.20116 17.97455 56.39771
v -10.09312 17.97671 56.39771
v -10.284 17.9849 56.39771
v -10.35092 17.39135 56.39771
v -10.33546 17.9979 56.39771
v -10.22952 17.97678 56.39771
v -10.69081 18.53937 55.50447
v -11.48238 18.54617 55.50447
v -11.46526 18.39933 55.50447
v -11.43672 18.26223 55.50447
v -10.67476 18.42428 55.50447
v -10.63509 18.28298 55.50447
v -11.35777 18.0425 55.50447
v -11.31189 17.95602 55.50447
v -10.61021 18.2277 55.50447
v -11.27559 17.89796 55.50447
v -11.23711 17.8431 55.50447
v -10.284 17.9849 55.50447
v -10.35092 17.39135 55.50447
v -10.22952 17.97678 55.50447
v -10.33546 17.9979 55.50447
v -10.16217 17.97346 55.50447
v -10.136 17.38203 55.50447
v -10.09312 17.97671 55.50447
v -10.20116 17.97455 55.50447
v -9.704758 18.2432 55.50447
v -9.040649 17.89971 55.50447
v -8.988922 17.98829 55.50447
v -9.681976 18.30321 55.50447
v -8.960251 18.04731 55.50447
v -8.934586 18.10955 55.50447
v -8.899826 18.21584 55.50447
v -9.660477 18.3828 55.50447
v -8.869949 18.3453 55.50447
v -9.642609 18.48642 55.50447
v -9.634155 18.8708 55.50447
v -8.842987 18.86792 55.50447
v -8.854721 18.9821 55.50447
v -9.708084 19.16208 55.50447
v -9.007278 19.45365 55.50447
v -9.059097 19.53596 55.50447
v -9.774002 19.26188 55.50447
v -9.240585 19.73673 55.50447
v -9.285904 19.77335 55.50447
v -10.62273 19.14711 55.50447
v -11.28654 19.4945 55.50447
v -11.33611 19.40864 55.50447
v -10.60042 19.19115 55.50447
v -11.19276 19.62036 55.50447
v -11.23003 19.57484 55.50447
v -9.994537 19.40442 55.50447
v -9.970596 20.01812 55.50447
v -10.04645 19.41722 55.50447
v -10.10135 19.42521 55.50447
v -10.1674 20.02689 55.50447
v -10.16914 19.42848 55.50447
v -10.28925 20.0234 55.50447
v -10.22516 19.42605 55.50447
v -10.27846 19.41873 55.50447
v -10.36913 19.39268 55.50447
v -10.55928 19.98656 55.50447
v -10.40732 19.37541 55.50447
v -5.835495 17.42565 56.39771
v -5.041702 18.37473 56.39771
v -5.041702 17.42565 56.39771
v -4.487976 19.01294 56.39771
v -4.001053 18.51429 56.39771
v -4.059891 18.48159 56.39771
v -5.041702 18.89288 56.39771
v -5.835495 19.98327 56.39771
v -5.041702 19.46337 56.39771
v -4.579254 18.93873 56.39771
v -4.462341 18.38031 56.39771
v -4.605637 18.92747 56.39771
v -4.686966 18.90558 56.39771
v -4.609024 18.37473 56.39771
v -4.754059 18.89673 56.39771
v -4.640884 18.91604 56.39771
v -4.848038 18.89288 56.39771
v -4.612793 19.43711 56.39771
v -4.52179 19.98327 56.39771
v -4.585709 19.42689 56.39771
v -4.649017 19.44717 56.39771
v -4.696426 19.45584 56.39771
v -4.749359 19.46123 56.39771
v -4.816635 19.46337 56.39771
v -4.561478 19.41501 56.39771
v -4.374268 19.97666 56.39771
v -4.544113 19.40429 56.39771
v -4.528564 19.39249 56.39771
v -4.254868 19.95967 56.39771
v -4.4785 19.33361 56.39771
v -3.96283 19.84602 56.39771
v -3.923782 19.81794 56.39771
v -3.878891 19.77915 56.39771
v -3.838303 19.7366 56.39771
v -4.465408 19.3107 56.39771
v -3.801971 19.69059 56.39771
v -4.454636 19.28673 56.39771
v -3.769913 19.64114 56.39771
v -3.742111 19.58822 56.39771
v -4.446152 19.26171 56.39771
v -3.714432 19.52016 56.39771
v -3.692871 19.44713 56.39771
v -4.454132 19.07097 56.39771
v -3.754715 18.78299 56.39771
v -3.785934 18.72819 56.39771
v -4.463562 19.05074 56.39771
v -3.821777 18.6768 56.39771
v -3.853836 18.63811 56.39771
v -4.542679 18.96008 56.39771
v -4.328201 18.39707 56.39771
v -4.555588 18.95159 56.39771
v -4.474838 19.03139 56.39771
v -3.898087 18.5928 56.39771
v -3.947113 18.55137 56.39771
v -5.041702 19.46337 55.50447
v -5.835495 19.98327 55.50447
v -5.041702 18.89288 55.50447
v -4.585709 19.42689 55.50447
v -4.52179 19.98327 55.50447
v -4.612793 19.43711 55.50447
v -5.041702 18.37473 55.50447
v -5.835495 17.42565 55.50447
v -5.041702 17.42565 55.50447
v -4.649017 19.44717 55.50447
v -4.696426 19.45584 55.50447
v -4.749359 19.46123 55.50447
v -4.848038 18.89288 55.50447
v -4.816635 19.46337 55.50447
v -4.686966 18.90558 55.50447
v -4.609024 18.37473 55.50447
v -4.640884 18.91604 55.50447
v -4.754059 18.89673 55.50447
v -4.605637 18.92747 55.50447
v -4.462341 18.38031 55.50447
v -4.579254 18.93873 55.50447
v -4.555588 18.95159 55.50447
v -4.328201 18.39707 55.50447
v -4.542679 18.96008 55.50447
v -4.527023 18.97227 55.50447
v -4.221115 18.42087 55.50447
v -4.487976 19.01294 55.50447
v -4.059891 18.48159 55.50447
v -4.001053 18.51429 55.50447
v -3.947113 18.55137 55.50447
v -4.474838 19.03139 55.50447
v -3.898087 18.5928 55.50447
v -4.463562 19.05074 55.50447
v -3.853836 18.63811 55.50447
v -3.821777 18.6768 55.50447
v -4.454132 19.07097 55.50447
v -3.785934 18.72819 55.50447
v -3.754715 18.78299 55.50447
v -4.446152 19.26171 55.50447
v -3.692871 19.44713 55.50447
v -3.714432 19.52016 55.50447
v -3.742111 19.58822 55.50447
v -4.454636 19.28673 55.50447
v -3.769913 19.64114 55.50447
v -4.465408 19.3107 55.50447
v -3.801971 19.69059 55.50447
v -3.838303 19.7366 55.50447
v -4.4785 19.33361 55.50447
v -3.878891 19.77915 55.50447
v -3.923782 19.81794 55.50447
v -4.544113 19.40429 55.50447
v -4.374268 19.97666 55.50447
v -4.561478 19.41501 55.50447
v -3.96283 19.84602 55.50447
v 2.176926 17.42565 56.39771
v 2.048477 17.84786 56.39771
v 3.004532 17.42565 56.39771
v 1.602722 19.32031 56.39771
v 1.181396 19.98327 56.39771
v 2.043457 19.98327 56.39771
v 1.884476 18.40089 56.39771
v 0.220108 17.42565 56.39771
v 1.151718 17.84786 56.39771
v 1.027054 17.42565 56.39771
v 1.32338 18.40089 56.39771
v 3.004532 17.42565 55.50447
v 2.048477 17.84786 55.50447
v 2.176926 17.42565 55.50447
v 1.884476 18.40089 55.50447
v 1.151718 17.84786 55.50447
v 0.220108 17.42565 55.50447
v 1.027054 17.42565 55.50447
v 1.602722 19.32031 55.50447
v 2.043457 19.98327 55.50447
v 1.181396 19.98327 55.50447
v 1.32338 18.40089 55.50447
v 6.097992 73.3568 4.59803
v 1.354324 73.3568 -0.1456299
v -8.79274 73.3568 -0.1456299
v -13.53642 73.3568 4.59803
v 6.097992 73.3568 14.74511
v -13.53642 73.3568 14.74511
v 1.354324 73.3568 19.48877
v -8.79274 73.3568 19.48877
v -5.788101 75.42009 12.4199
v -5.788101 75.42009 6.923241
v -4.909439 75.42009 6.923241
v -4.909439 75.42009 9.279366
v -4.909439 75.42009 10.06376
v -4.909439 75.42009 12.4199
v -2.465347 75.42009 10.06376
v -2.457977 75.42009 9.278862
v -1.602417 75.42009 12.4199
v -2.465347 75.42009 12.4199
v -1.602417 75.42009 6.923241
v -2.465347 75.42009 6.923241
v 57.91547 19.03071 2.939476
v 57.91547 18.50907 2.939476
v 57.91547 18.50907 4.169449
v 57.91547 19.03071 4.169449
v 57.91547 19.98328 4.96151
v 57.91547 19.43721 4.169449
v 57.91547 18.00488 4.169449
v 57.91547 19.98328 2.843521
v 57.91547 19.43721 2.843521
v 57.91547 17.42565 4.96151
v 57.91547 17.42566 2.805145
v 57.91547 18.00488 2.805145
v 57.02222 19.43721 2.843521
v 57.02222 19.98328 2.843521
v 57.02222 19.98328 4.96151
v 57.02222 19.43721 4.169449
v 57.02222 19.03071 4.169449
v 57.02222 18.50907 4.169449
v 57.02222 18.50907 2.939476
v 57.02222 19.03071 2.939476
v 57.02222 18.00488 4.169449
v 57.02222 17.42565 4.96151
v 57.02222 17.42566 2.805145
v 57.02222 18.00488 2.805145
v 57.91547 19.98328 -0.4887161
v 57.91547 17.42566 -0.4887161
v 57.91547 17.42566 0.1585388
v 57.91547 19.37615 0.1585388
v 57.91547 19.98328 0.5500031
v 57.91547 18.42708 0.9479828
v 57.91547 17.42566 1.243126
v 57.91547 17.42566 0.6572571
v 57.91547 19.37615 1.740913
v 57.91547 19.98328 1.348824
v 57.91547 19.98328 2.388168
v 57.91547 17.42566 2.388168
v 57.91547 17.42566 1.740913
v 57.02222 19.98328 2.388168
v 57.02222 17.42566 2.388168
v 57.02222 17.42566 1.740913
v 57.02222 19.37615 1.740913
v 57.02222 19.98328 1.348824
v 57.02222 18.42708 0.9479828
v 57.02222 17.42566 0.6572571
v 57.02222 17.42566 1.243126
v 57.02222 19.37615 0.1585388
v 57.02222 19.98328 0.5500031
v 57.02222 19.98328 -0.4887161
v 57.02222 17.42566 -0.4887161
v 57.02222 17.42566 0.1585388
v 57.91547 19.03071 -3.013199
v 57.91547 18.50907 -3.013199
v 57.91547 18.50907 -1.783226
v 57.91547 19.03071 -1.783226
v 57.91547 19.98328 -0.9911652
v 57.91547 18.00488 -1.783226
v 57.91547 19.43721 -1.783226
v 57.91547 19.98328 -3.109154
v 57.91547 19.43721 -3.109154
v 57.91547 17.42566 -0.9911652
v 57.91547 18.00488 -3.147537
v 57.91547 17.42566 -3.147537
v 57.02222 19.43721 -3.109154
v 57.02222 19.98328 -3.109154
v 57.02222 19.98328 -0.9911652
v 57.02222 19.43721 -1.783226
v 57.02222 19.03071 -1.783226
v 57.02222 18.50907 -1.783226
v 57.02222 18.50907 -3.013199
v 57.02222 19.03071 -3.013199
v 57.02222 18.00488 -1.783226
v 57.02222 17.42566 -0.9911652
v 57.02222 17.42566 -3.147537
v 57.02222 18.00488 -3.147537
v 57.91547 17.38703 -7.707024
v 57.91547 17.38205 -7.535278
v 57.91547 17.39099 -7.326401
v 57.91547 17.40194 -7.867226
v 57.91547 17.41211 -7.167168
v 57.91547 17.43192 -8.03952
v 57.91547 17.44173 -7.035355
v 57.91547 17.4684 -8.174683
v 57.91547 17.47652 -6.927353
v 57.91547 17.49994 -8.263016
v 57.91547 17.50229 -6.864235
v 57.91547 17.53395 -8.343719
v 57.91547 17.53731 -6.792946
v 57.91547 17.627 -8.527328
v 57.91547 17.59089 -6.704391
v 57.91547 17.65223 -6.622482
v 57.91547 17.79378 -8.794899
v 57.91547 17.72135 -6.547173
v 57.91547 17.79823 -6.47847
v 57.91547 17.94552 -7.652115
v 57.91547 17.8829 -6.416367
v 57.91547 17.94207 -7.573662
v 57.91547 17.93974 -6.38092
v 57.91547 17.94321 -7.52977
v 57.91547 17.95589 -7.728378
v 57.91547 17.99964 -6.348053
v 57.91547 17.96664 -7.777985
v 57.91547 17.94663 -7.487488
v 57.91547 17.98046 -7.826622
v 57.91547 17.95602 -7.426971
v 57.91547 18.01056 -7.907249
v 57.91547 18.05468 -8.000725
v 57.91547 18.1113 -8.10228
v 57.91547 17.97054 -7.370018
v 57.91547 17.98656 -7.325256
v 57.91547 18.00614 -7.282959
v 57.91547 18.88418 -8.794899
v 57.91547 18.35205 -8.10228
v 57.91547 18.35205 -7.573662
v 57.91547 18.88418 -7.573662
v 57.91547 18.11312 -6.296326
v 57.91547 18.02927 -7.243118
v 57.91547 18.05597 -7.20575
v 57.91547 18.08621 -7.170822
v 57.91547 18.12002 -7.138374
v 57.91547 18.23248 -6.254837
v 57.91547 18.15001 -7.114395
v 57.91547 18.1745 -7.097717
v 57.91547 18.21911 -7.072411
v 57.91547 18.26846 -7.050232
v 57.91547 18.35772 -6.223572
v 57.91547 18.33395 -7.027748
v 57.91547 18.41898 -7.007202
v 57.91547 18.50376 -6.200836
v 57.91547 18.54198 -6.989784
v 57.91547 18.59487 -6.193253
v 57.91547 18.71319 -6.982231
v 57.91547 18.70448 -6.19017
v 57.91547 18.88343 -6.198517
v 57.91547 18.81849 -6.98526
v 57.91547 18.91556 -6.994331
v 57.91547 19.03695 -6.220627
v 57.91547 19.0164 -7.0121
v 57.91547 19.09579 -7.034164
v 57.91547 19.16768 -6.252342
v 57.91547 19.1573 -7.057892
v 57.91547 19.20393 -7.081039
v 57.91547 19.27793 -6.289932
v 57.91547 19.24635 -7.1073
v 57.91547 19.28456 -7.136627
v 57.91547 19.35696 -6.323921
v 57.91547 19.31229 -7.162003
v 57.91547 19.33158 -7.181923
v 57.91547 19.36083 -7.216812
v 57.91547 19.43286 -6.362892
v 57.91547 19.38648 -7.253822
v 57.91547 19.4085 -7.292938
v 57.91547 19.42692 -7.33416
v 57.91547 19.44172 -7.377487
v 57.91547 19.52813 -6.422264
v 57.91547 19.45473 -7.432274
v 57.91547 19.46253 -7.490112
v 57.91547 19.46513 -7.550964
v 57.91547 19.49574 -8.689232
v 57.91547 19.46363 -7.59861
v 57.91547 19.45993 -7.637497
v 57.91547 19.4516 -7.6866
v 57.91547 19.43931 -7.732513
v 57.91547 19.42533 -7.770103
v 57.91547 19.40835 -7.805244
v 57.91547 19.57688 -8.646973
v 57.91547 19.60524 -6.480957
v 57.91547 19.65109 -8.599213
v 57.91547 19.67649 -6.545937
v 57.91547 19.712 -8.551506
v 57.91547 19.74189 -6.617233
v 57.91547 19.75553 -8.511276
v 57.91547 19.40771 -8.72596
v 57.91547 19.80948 -6.706406
v 57.91547 19.79019 -8.474556
v 57.91547 19.83762 -8.415619
v 57.91547 19.85517 -6.778679
v 57.91547 19.87958 -8.352043
v 57.91547 19.90304 -6.86882
v 57.91547 19.91604 -8.283829
v 57.91547 19.9395 -6.956604
v 57.91547 19.95014 -8.202599
v 57.91547 19.38837 -7.837967
v 57.91547 19.97295 -7.06636
v 57.91547 19.97274 -8.129845
v 57.91547 19.9914 -8.046165
v 57.91547 20.00069 -7.201973
v 57.91547 20.01462 -7.873398
v 57.91547 20.01977 -7.367737
v 57.91547 20.02691 -7.56842
v 57.91547 19.36554 -7.868202
v 57.91547 19.34385 -7.892059
v 57.91547 19.31607 -7.917526
v 57.91547 19.30289 -8.760002
v 57.91547 19.28562 -7.94043
v 57.91547 19.2525 -7.960754
v 57.91547 19.2114 -7.98085
v 57.91547 19.16681 -7.997604
v 57.02222 20.01462 -7.873398
v 57.02222 20.02691 -7.56842
v 57.02222 20.01977 -7.367737
v 57.02222 20.00069 -7.201973
v 57.02222 19.9914 -8.046165
v 57.02222 19.97295 -7.06636
v 57.02222 19.97274 -8.129845
v 57.02222 19.95014 -8.202599
v 57.02222 19.9395 -6.956604
v 57.02222 19.91604 -8.283829
v 57.02222 19.90304 -6.86882
v 57.02222 19.87958 -8.352043
v 57.02222 19.85517 -6.778679
v 57.02222 19.83762 -8.415619
v 57.02222 19.80948 -6.706406
v 57.02222 19.79019 -8.474556
v 57.02222 19.75553 -8.511276
v 57.02222 19.74189 -6.617233
v 57.02222 19.712 -8.551506
v 57.02222 19.67649 -6.545937
v 57.02222 19.65109 -8.599213
v 57.02222 19.60524 -6.480957
v 57.02222 19.57688 -8.646973
v 57.02222 19.52813 -6.422264
v 57.02222 19.49574 -8.689232
v 57.02222 19.46513 -7.550964
v 57.02222 19.46253 -7.490112
v 57.02222 19.45473 -7.432274
v 57.02222 19.44172 -7.377487
v 57.02222 19.46363 -7.59861
v 57.02222 19.43286 -6.362892
v 57.02222 19.45993 -7.637497
v 57.02222 19.42692 -7.33416
v 57.02222 19.4516 -7.6866
v 57.02222 19.4085 -7.292938
v 57.02222 19.38648 -7.253822
v 57.02222 19.36083 -7.216812
v 57.02222 19.43931 -7.732513
v 57.02222 19.42533 -7.770103
v 57.02222 19.40835 -7.805244
v 57.02222 19.35696 -6.323921
v 57.02222 19.40771 -8.72596
v 57.02222 19.33158 -7.181923
v 57.02222 19.31229 -7.162003
v 57.02222 19.28456 -7.136627
v 57.02222 19.38837 -7.837967
v 57.02222 19.27793 -6.289932
v 57.02222 19.24635 -7.1073
v 57.02222 19.20393 -7.081039
v 57.02222 19.36554 -7.868202
v 57.02222 19.34385 -7.892059
v 57.02222 19.31607 -7.917526
v 57.02222 19.16768 -6.252342
v 57.02222 19.1573 -7.057892
v 57.02222 19.09579 -7.034164
v 57.02222 19.30289 -8.760002
v 57.02222 19.03695 -6.220627
v 57.02222 19.0164 -7.0121
v 57.02222 18.91556 -6.994331
v 57.02222 19.28562 -7.94043
v 57.02222 19.2525 -7.960754
v 57.02222 19.2114 -7.98085
v 57.02222 19.16681 -7.997604
v 57.02222 18.88343 -6.198517
v 57.02222 18.81849 -6.98526
v 57.02222 18.71319 -6.982231
v 57.02222 18.70448 -6.19017
v 57.02222 18.59487 -6.193253
v 57.02222 18.54198 -6.989784
v 57.02222 18.50376 -6.200836
v 57.02222 18.41898 -7.007202
v 57.02222 18.35772 -6.223572
v 57.02222 18.33395 -7.027748
v 57.02222 18.26846 -7.050232
v 57.02222 18.23248 -6.254837
v 57.02222 18.21911 -7.072411
v 57.02222 18.1745 -7.097717
v 57.02222 18.15001 -7.114395
v 57.02222 18.12002 -7.138374
v 57.02222 18.11312 -6.296326
v 57.02222 18.08621 -7.170822
v 57.02222 18.05597 -7.20575
v 57.02222 18.02927 -7.243118
v 57.02222 18.00614 -7.282959
v 57.02222 17.99964 -6.348053
v 57.02222 17.98656 -7.325256
v 57.02222 17.97054 -7.370018
v 57.02222 17.95602 -7.426971
v 57.02222 17.94663 -7.487488
v 57.02222 17.94321 -7.52977
v 57.02222 17.93974 -6.38092
v 57.02222 17.94207 -7.573662
v 57.02222 17.8829 -6.416367
v 57.02222 17.94552 -7.652115
v 57.02222 17.79823 -6.47847
v 57.02222 17.79378 -8.794899
v 57.02222 17.72135 -6.547173
v 57.02222 17.95589 -7.728378
v 57.02222 17.96664 -7.777985
v 57.02222 17.98046 -7.826622
v 57.02222 18.01056 -7.907249
v 57.02222 18.05468 -8.000725
v 57.02222 17.65223 -6.622482
v 57.02222 18.1113 -8.10228
v 57.02222 18.88418 -8.794899
v 57.02222 18.35205 -8.10228
v 57.02222 18.88418 -7.573662
v 57.02222 18.35205 -7.573662
v 57.02222 17.627 -8.527328
v 57.02222 17.59089 -6.704391
v 57.02222 17.53731 -6.792946
v 57.02222 17.53395 -8.343719
v 57.02222 17.50229 -6.864235
v 57.02222 17.49994 -8.263016
v 57.02222 17.47652 -6.927353
v 57.02222 17.4684 -8.174683
v 57.02222 17.44173 -7.035355
v 57.02222 17.43192 -8.03952
v 57.02222 17.41211 -7.167168
v 57.02222 17.40194 -7.867226
v 57.02222 17.39099 -7.326401
v 57.02222 17.38703 -7.707024
v 57.02222 17.38205 -7.535278
v 57.91547 19.03073 -11.28448
v 57.91547 18.50907 -11.28448
v 57.91547 18.50907 -10.05453
v 57.91547 19.03073 -10.05453
v 57.91547 19.98328 -9.262466
v 57.91547 19.43721 -10.05453
v 57.91547 19.43723 -11.38044
v 57.91547 19.98328 -11.38044
v 57.91547 18.00488 -10.05453
v 57.91547 17.42566 -9.262466
v 57.91547 18.00488 -11.41882
v 57.91547 17.42566 -11.41882
v 57.02222 19.43723 -11.38044
v 57.02222 19.98328 -11.38044
v 57.02222 19.98328 -9.262466
v 57.02222 19.43721 -10.05453
v 57.02222 19.03073 -10.05453
v 57.02222 18.50907 -10.05453
v 57.02222 18.50907 -11.28448
v 57.02222 19.03073 -11.28448
v 57.02222 18.00488 -10.05453
v 57.02222 17.42566 -9.262466
v 57.02222 17.42566 -11.41882
v 57.02222 18.00488 -11.41882
v 57.91547 19.98328 -14.2957
v 57.91547 17.42566 -14.2957
v 57.91547 17.42566 -13.55076
v 57.91547 18.56829 -13.55076
v 57.91547 19.98328 -13.55076
v 57.91547 18.82998 -12.59295
v 57.91547 19.98328 -12.58773
v 57.91547 19.98328 -11.84974
v 57.91547 17.42566 -11.84974
v 57.91547 17.42566 -12.59295
v 57.02222 19.98328 -11.84974
v 57.02222 17.42566 -11.84974
v 57.02222 17.42566 -12.59295
v 57.02222 18.82998 -12.59295
v 57.02222 19.98328 -12.58773
v 57.02222 18.56829 -13.55076
v 57.02222 17.42566 -14.2957
v 57.02222 17.42566 -13.55076
v 57.02222 19.98328 -14.2957
v 57.02222 19.98328 -13.55076
v 57.02222 19.7508 -15.13628
v 57.02222 19.7816 -16.84525
v 57.02222 19.80875 -15.2122
v -14.3615 19.98327 56.39771
v -13.57118 19.98327 56.39771
v -13.57118 19.08828 56.39771
v -13.57118 18.46022 56.39771
v -13.57118 17.42565 56.39771
v -14.3615 17.42565 56.39771
v -12.7076 18.46022 56.39771
v -12.7076 19.08828 56.39771
v -12.7076 17.42565 56.39771
v -12.7076 19.98327 56.39771
v -11.91377 17.42565 56.39771
v -11.91377 19.98327 56.39771
v -14.3615 17.42565 55.50447
v -13.57118 17.42565 55.50447
v -13.57118 18.46022 55.50447
v -13.57118 19.08828 55.50447
v -13.57118 19.98327 55.50447
v -14.3615 19.98327 55.50447
v -12.7076 19.08828 55.50447
v -12.7076 18.46022 55.50447
v -12.7076 19.98327 55.50447
v -12.7076 17.42565 55.50447
v -11.91377 19.98327 55.50447
v -11.91377 17.42565 55.50447
v -8.161331 19.83432 56.39771
v -8.193512 18.75422 56.39771
v -8.217056 19.7907 56.39771
v -8.230865 18.78471 56.39771
v -8.266907 19.74323 56.39771
v -8.281265 18.83273 56.39771
v -8.305664 19.69854 56.39771
v -8.325211 18.8838 56.39771
v -8.339905 19.65092 56.39771
v -8.356918 18.9287 56.39771
v -8.361618 19.61564 56.39771
v -8.384171 18.97573 56.39771
v -8.381058 19.57992 56.39771
v -8.407379 19.52186 56.39771
v -8.406937 19.02489 56.39771
v -8.425247 19.07618 56.39771
v -8.427856 19.46268 56.39771
v -8.439102 19.12961 56.39771
v -8.44249 19.40238 56.39771
v -8.449814 19.19651 56.39771
v -8.451248 19.34097 56.39771
v -8.452759 19.23111 56.39771
v -8.454178 19.27845 56.39771
v -6.233093 18.33191 56.39771
v -6.229782 18.25784 56.39771
v -6.233261 18.18011 56.39771
v -6.243027 18.40337 56.39771
v -6.243713 18.10433 56.39771
v -6.25737 18.46472 56.39771
v -6.261124 18.03053 56.39771
v -6.276993 18.52401 56.39771
v -6.285522 17.95869 56.39771
v -6.301804 18.58124 56.39771
v -6.316879 17.88882 56.39771
v -6.331848 18.63642 56.39771
v -6.340012 17.84615 56.39771
v -6.348969 18.66315 56.39771
v -6.36586 17.80424 56.39771
v -6.36763 18.68917 56.39771
v -6.412186 17.74037 56.39771
v -6.464035 17.68164 56.39771
v -6.451584 18.78048 56.39771
v -6.505356 18.82514 56.39771
v -6.521439 17.62805 56.39771
v -6.573303 18.87201 56.39771
v -6.584351 17.57958 56.39771
v -6.658081 18.91992 56.39771
v -6.652832 17.53626 56.39771
v -6.404083 18.73301 56.39771
v -6.997421 18.14793 55.50447
v -6.998291 18.16761 55.50447
v -6.838257 17.45418 55.50447
v -6.782639 18.97462 55.50447
v -6.746201 17.48932 55.50447
v -6.698425 17.5118 55.50447
v -6.658081 18.91992 55.50447
v -6.652832 17.53626 55.50447
v -6.584351 17.57958 55.50447
v -6.573303 18.87201 55.50447
v -6.521439 17.62805 55.50447
v -6.505356 18.82514 55.50447
v -6.464035 17.68164 55.50447
v -6.451584 18.78048 55.50447
v -6.412186 17.74037 55.50447
v -6.404083 18.73301 55.50447
v -6.36763 18.68917 55.50447
v -6.36586 17.80424 55.50447
v -6.348969 18.66315 55.50447
v -6.340012 17.84615 55.50447
v -6.331848 18.63642 55.50447
v -6.316879 17.88882 55.50447
v -6.301804 18.58124 55.50447
v -6.285522 17.95869 55.50447
v -6.276993 18.52401 55.50447
v -6.261124 18.03053 55.50447
v -6.25737 18.46472 55.50447
v -6.243713 18.10433 55.50447
v -6.243027 18.40337 55.50447
v -6.233261 18.18011 55.50447
v -6.233093 18.33191 55.50447
v -6.229782 18.25784 55.50447
v -7.01358 18.06446 55.50447
v -7.022186 18.0459 55.50447
v -7.032623 18.02785 55.50447
v -7.183228 19.4721 55.50447
v -7.291183 19.52937 55.50447
v -7.261063 19.51845 55.50447
v -7.207092 19.48981 55.50447
v -7.233032 19.50526 55.50447
v -8.230865 18.78471 55.50447
v -8.266907 19.74323 55.50447
v -8.281265 18.83273 55.50447
v -8.305664 19.69854 55.50447
v -8.325211 18.8838 55.50447
v -8.339905 19.65092 55.50447
v -8.356918 18.9287 55.50447
v -8.361618 19.61564 55.50447
v -8.384171 18.97573 55.50447
v -8.381058 19.57992 55.50447
v -8.407379 19.52186 55.50447
v -8.406937 19.02489 55.50447
v -8.425247 19.07618 55.50447
v -8.427856 19.46268 55.50447
v -8.439102 19.12961 55.50447
v -8.44249 19.40238 55.50447
v -8.449814 19.19651 55.50447
v -8.451248 19.34097 55.50447
v -8.452759 19.23111 55.50447
v -8.454178 19.27845 55.50447
v -2.040939 19.98327 56.39771
v 0.3614349 19.98327 56.39771
v 0.3614349 19.35173 56.39771
v -0.4445953 19.35173 56.39771
v -1.234924 19.35173 56.39771
v -2.040939 19.35173 56.39771
v -0.4445953 17.42565 56.39771
v -1.234924 17.42565 56.39771
v -1.234924 17.42565 55.50447
v -0.4445953 17.42565 55.50447
v -0.4445953 19.35173 55.50447
v -1.234924 19.35173 55.50447
v -2.040939 19.98327 55.50447
v -2.040939 19.35173 55.50447
v 0.3614349 19.98327 55.50447
v 0.3614349 19.35173 55.50447
v 3.255753 19.98327 56.39771
v 4.046082 19.98327 56.39771
v 4.046082 18.05546 56.39771
v 3.255753 17.42565 56.39771
v 5.279526 17.42565 56.39771
v 5.279526 18.05546 56.39771
v 3.255753 17.42565 55.50447
v 5.279526 17.42565 55.50447
v 5.279526 18.05546 55.50447
v 4.046082 18.05546 55.50447
v 4.046082 19.98327 55.50447
v 3.255753 19.98327 55.50447
v 1.354324 75.3418 -0.1456299
v -8.79274 75.3418 -0.1456299
v -13.53642 75.3418 4.59803
v -13.53642 75.3418 14.74511
v -8.79274 75.3418 19.48877
v 1.354324 75.3418 19.48877
v 6.097992 75.3418 14.74511
v 6.097992 75.3418 4.59803
v 0.7720032 75.3418 1.260178
v -8.210434 75.3418 1.260178
v -12.1306 75.3418 5.180344
v -12.1306 75.3418 14.16279
v -8.210434 75.3418 18.08295
v 0.7720032 75.3418 18.08295
v 4.692169 75.3418 14.16279
v 4.692169 75.3418 5.180344
v 27.64667 112.6888 13.06841
v 44.22116 112.6888 13.06841
v 45.11443 112.6889 -26.23161
v 45.11443 112.6889 -28.57306
v 44.22116 112.6889 -28.57306
v 27.64667 112.6889 -28.57306
v 27.64667 112.6889 -26.23161
v 27.64667 112.6888 10.72697
v 42.43466 110.9023 -26.23161
v 29.43318 110.9023 -26.23161
v 29.43318 110.9023 -26.78656
v 42.43466 110.9023 -26.78656
v 29.43318 110.9023 10.72697
v 42.43466 110.9023 10.72697
v 42.43466 110.9023 11.28191
v 29.43318 110.9023 11.28191
v 45.11443 112.6888 13.06841
v 45.11443 112.6888 10.72697
v 45.11443 4.22742 13.0684
v 44.22116 4.22742 13.0684
v 27.64667 4.22742 13.0684
v 27.64667 4.22742 10.72694
v 27.64667 4.22742 -26.23164
v 27.64667 4.22742 -28.57308
v 44.22116 4.22742 -28.57308
v 45.11443 4.22742 -28.57308
v 45.11443 4.22742 -26.23164
v 45.11443 4.22742 10.72694
v 29.43318 112.6889 -26.78656
v 29.43318 112.6889 -26.23161
v 42.43466 112.6889 -26.78656
v 42.43466 112.6889 -26.23161
v 42.43466 112.6888 10.72697
v 29.43318 112.6888 10.72697
v 42.43466 112.6888 11.28191
v 29.43318 112.6888 11.28191
v 44.99969 111.4293 1.146179
v 44.22116 111.4293 1.180176
v 45.77228 111.4293 1.044464
v 46.53307 111.4293 0.8758087
v 47.27626 111.4293 0.6414795
v 47.99622 111.4293 0.343277
v 48.68741 111.4293 -0.01655579
v 49.34464 111.4293 -0.4352493
v 49.96288 111.4293 -0.9096298
v 50.53738 111.4293 -1.436096
v 51.06384 111.4293 -2.01062
v 51.53824 111.4293 -2.628853
v 55.83597 75.80692 -7.752342
v 55.79176 75.80692 -8.764618
v 55.6595 75.80692 -9.769226
v 53.01794 2.805225 -9.303459
v 52.84929 2.805225 -10.06424
v 52.61497 2.805225 -10.80744
v 52.31677 2.805225 -11.52737
v 51.95692 2.805225 -12.21859
v 51.53824 2.805225 -12.8758
v 51.06384 2.805225 -13.49404
v 50.53738 2.805225 -14.06857
v 49.96288 2.805225 -14.59502
v 49.34464 2.805225 -15.06942
v 48.68741 2.805225 -15.48811
v 47.99622 2.805225 -15.84793
v 47.27626 2.805225 -16.14615
v 46.53307 2.805225 -16.38048
v 45.77228 2.805225 -16.54914
v 44.99969 2.805225 -16.65086
v 44.22116 2.805225 -16.68484
v 55.79176 75.80692 -6.740036
v 55.6595 75.80692 -5.735443
v 55.4402 75.80692 -4.746208
v 55.13551 75.80692 -3.779831
v 54.74774 75.80692 -2.843697
v 54.27988 75.80692 -1.944923
v 53.73544 75.80692 -1.090347
v 53.11862 75.80692 -0.2864838
v 52.43407 75.80692 0.4605789
v 51.68701 75.80692 1.145134
v 50.88315 75.80692 1.761963
v 50.02856 75.80692 2.306389
v 49.12978 75.80692 2.774254
v 48.19365 75.80692 3.162018
v 47.22729 75.80692 3.466713
v 46.23805 75.80692 3.68602
v 45.23346 75.80692 3.818268
v 44.33806 75.80692 3.857376
v 55.4402 75.80692 -10.75846
v 55.13551 75.80692 -11.72482
v 54.74774 75.80692 -12.66095
v 54.27988 75.80692 -13.55974
v 53.73544 75.80692 -14.41431
v 53.11862 75.80692 -15.21819
v 52.43407 75.80692 -15.96523
v 51.68701 75.80692 -16.64979
v 50.88315 75.80692 -17.26662
v 50.02856 75.80692 -17.81104
v 49.12978 75.80692 -18.27892
v 48.19365 75.80692 -18.66667
v 47.22729 75.80692 -18.97137
v 46.23805 75.80692 -19.19068
v 45.23346 75.80692 -19.32294
v 44.33806 75.80692 -19.36203
v 53.11966 2.805225 -8.530853
v 53.15367 2.805225 -7.752342
v 53.11966 2.805225 -6.973824
v 53.01794 2.805225 -6.201241
v 52.84929 2.805225 -5.440453
v 52.61497 2.805225 -4.69725
v 52.31677 2.805225 -3.977303
v 53.15367 75.80692 -7.752342
v 53.11966 75.80692 -8.530846
v 55.83597 64.43801 -7.752342
v 55.79176 64.43801 -8.764633
v 53.11966 64.43801 -8.530853
v 53.15367 64.43801 -7.752342
v 53.01794 75.80692 -9.303429
v 55.6595 64.43801 -9.769226
v 53.01794 64.43801 -9.303452
v 55.79176 64.43801 -6.740036
v 53.11966 64.43801 -6.973816
v 53.11966 75.80692 -6.973816
v 55.6595 64.43801 -5.735443
v 53.01794 64.43801 -6.201218
v 53.01794 75.80692 -6.201218
v 55.4402 64.43801 -4.746208
v 52.84929 64.43801 -5.440414
v 52.84929 75.80692 -5.440414
v 55.13551 64.43801 -3.779831
v 52.61497 64.43801 -4.697227
v 52.61497 75.80692 -4.697227
v 54.74774 64.43801 -2.843719
v 52.31677 64.43801 -3.977295
v 52.31677 75.80692 -3.977295
v 54.27988 64.43801 -1.944923
v 51.95692 64.43801 -3.286079
v 51.95692 75.80692 -3.286079
v 53.73544 64.43801 -1.090347
v 51.53824 64.43801 -2.628868
v 51.53824 75.80692 -2.628868
v 53.11862 64.438 -0.2864838
v 51.06384 64.43801 -2.01062
v 51.06384 75.80692 -2.01062
v 52.43407 64.438 0.4605789
v 50.53738 64.43801 -1.436096
v 50.53738 75.80692 -1.436096
v 51.68701 64.438 1.145134
v 49.96288 64.43801 -0.9096375
v 49.96288 75.80692 -0.9096375
v 50.88315 64.438 1.761948
v 49.34464 64.438 -0.4352493
v 49.34464 75.80692 -0.4352493
v 50.02856 64.438 2.306389
v 48.68741 64.438 -0.01655579
v 48.68741 75.80692 -0.01655579
v 49.12978 64.438 2.774254
v 47.99622 64.438 0.3432617
v 47.99622 75.80692 0.3432617
v 48.19365 64.438 3.162018
v 47.27626 64.438 0.6414795
v 47.27626 75.80692 0.6414795
v 47.22729 64.438 3.466705
v 46.53307 64.438 0.8757935
v 46.53307 75.80692 0.8758087
v 46.23805 64.438 3.68602
v 45.77228 64.438 1.044464
v 45.77228 75.80692 1.044464
v 45.23346 64.438 3.818268
v 44.99969 64.438 1.146179
v 44.99969 75.80692 1.146179
v 44.33806 64.438 3.857376
v 44.22116 64.438 1.180176
v 44.22116 75.80692 1.180176
v 52.84929 75.80692 -10.06423
v 55.4402 64.43801 -10.75846
v 52.84929 64.43801 -10.06423
v 52.61497 75.80692 -10.80744
v 55.13551 64.43801 -11.72482
v 52.61497 64.43801 -10.80744
v 52.31677 75.80692 -11.52737
v 54.74774 64.43801 -12.66095
v 52.31677 64.43801 -11.52737
v 51.95692 75.80692 -12.21858
v 54.27988 64.43801 -13.55974
v 51.95692 64.43801 -12.21859
v 51.53824 75.80692 -12.8758
v 53.73544 64.43801 -14.41431
v 51.53824 64.43801 -12.8758
v 51.06384 75.80692 -13.49403
v 53.11862 64.43801 -15.21819
v 51.06384 64.43801 -13.49403
v 50.53738 75.80692 -14.06856
v 52.43407 64.43801 -15.96523
v 50.53738 64.43801 -14.06857
v 49.96288 75.80692 -14.59502
v 51.68701 64.43801 -16.64979
v 49.96288 64.43801 -14.59502
v 49.34464 75.80692 -15.0694
v 50.88315 64.43801 -17.26662
v 49.34464 64.43801 -15.0694
v 48.68741 75.80692 -15.4881
v 50.02856 64.43801 -17.81106
v 48.68741 64.43801 -15.48811
v 47.99622 75.80692 -15.84792
v 49.12978 64.43801 -18.27892
v 47.99622 64.43801 -15.84793
v 47.27626 75.80692 -16.14613
v 48.19365 64.43801 -18.66667
v 47.27626 64.43801 -16.14613
v 46.53307 75.80692 -16.38046
v 47.22729 64.43801 -18.97137
v 46.53307 64.43801 -16.38046
v 45.77228 75.80692 -16.54913
v 46.23805 64.43801 -19.19068
v 45.77228 64.43801 -16.54913
v 44.99969 75.80692 -16.65084
v 45.23346 64.43801 -19.32294
v 44.99969 64.43801 -16.65084
v 44.22116 75.80692 -16.68483
v 44.33806 64.43801 -19.36203
v 44.22116 64.43801 -16.68483
v 51.95692 111.4293 -3.286079
v 52.31677 111.4293 -3.977295
v 52.61497 111.4293 -4.697227
v 52.84929 111.4293 -5.440414
v 53.01794 111.4293 -6.201202
v 53.11966 111.4293 -6.973816
v 53.01794 111.4293 -9.303429
v 52.84929 111.4293 -10.06422
v 52.61497 111.4293 -10.80742
v 52.31677 111.4293 -11.52737
v 51.95692 111.4293 -12.21858
v 51.53824 111.4293 -12.87579
v 51.06384 111.4293 -13.49403
v 50.53738 111.4293 -14.06856
v 49.96288 111.4293 -14.59502
v 49.34464 111.4293 -15.0694
v 48.68741 111.4293 -15.4881
v 47.99622 111.4293 -15.84792
v 47.27626 111.4293 -16.14613
v 46.53307 111.4293 -16.38046
v 45.77228 111.4293 -16.54913
v 44.99969 111.4293 -16.65084
v 44.22116 111.4293 -16.68483
v 51.95692 2.805225 -3.286087
v 51.53824 2.805225 -2.628868
v 51.06384 2.805225 -2.010643
v 50.53738 2.805225 -1.436111
v 49.96288 2.805225 -0.9096375
v 49.34464 2.805225 -0.4352646
v 48.68741 2.805225 -0.01657104
v 47.99622 2.805225 0.3432541
v 47.27626 2.805225 0.6414642
v 46.53307 2.805225 0.8757935
v 45.77228 2.805225 1.044456
v 44.99969 2.805225 1.146172
v 44.22116 2.805225 1.180153
v 6.044235 56.38358 21.57721
v 6.044235 75.10307 21.57721
v 8.136856 75.10307 21.57721
v 8.136856 56.38358 21.57721
v 7.779541 56.38358 19.48351
v 7.779541 75.10307 19.48351
v 7.779541 75.10307 -0.2792358
v 7.779541 56.38358 -0.2792511
v 6.044235 56.38358 -2.381767
v 8.136856 56.38358 -2.381767
v 8.136856 75.10308 -2.381767
v 6.044235 75.10308 -2.381767
v -15.49129 56.38358 -0.2792511
v -15.49129 75.10307 -0.2792358
v -15.49129 75.10307 19.48351
v -15.49129 56.38358 19.48351
v 6.044235 56.38358 19.48351
v 6.044235 56.38358 -0.2792511
v -14.59804 75.10307 19.48351
v -14.59804 75.10307 -0.2792358
v -14.59804 75.10307 20.32665
v -15.49129 75.10307 21.2199
v -14.59804 74.20982 20.32665
v -14.59804 74.20982 19.48351
v 6.044235 75.10308 -1.131241
v 6.044235 75.10308 -2.024475
v 7.779541 75.10308 -2.024475
v 6.886307 75.10308 -1.131241
v 6.044235 74.20983 -1.131241
v -13.73288 74.20983 -1.131241
v -13.73288 75.10308 -1.131241
v -13.73288 75.10308 -2.024475
v 6.886307 75.10307 -0.2792358
v 6.886307 75.10307 19.48351
v 6.886307 74.20982 -0.2792358
v 6.886307 74.20982 19.48351
v 6.044235 75.10307 20.32665
v 6.886307 75.10307 20.32665
v 7.779541 75.10307 21.2199
v 6.044235 75.10307 21.2199
v -14.59804 74.20982 -0.2792358
v 6.886307 74.20983 -1.131241
v 6.044235 74.20982 20.32665
v 6.886307 74.20982 20.32665
v 8.136856 56.38358 -0.2792511
v 8.136856 75.10307 -0.2792358
v 7.779541 56.38358 -2.024483
v 6.044235 56.38358 -2.024483
v -15.84859 75.10307 -0.2792358
v -15.84859 56.38358 -0.2792511
v -15.84859 56.38358 -2.381767
v -15.84859 75.10308 -2.381767
v -15.49129 75.10308 -2.024475
v -14.59804 75.10308 -1.131241
v -14.59804 74.20983 -1.131241
v -13.73288 56.38358 -2.024483
v -13.73288 56.38358 -0.2792511
v -13.73288 56.38358 19.48351
v -13.73288 56.38358 21.21989
v 6.044235 56.38358 21.21989
v 7.779541 56.38358 21.21989
v -13.73288 75.10307 21.2199
v -13.73288 75.10307 20.32665
v -13.73288 74.20982 20.32665
v -13.73288 56.38358 -2.381767
v -13.73288 75.10308 -2.381767
v -15.49129 56.38358 -2.024483
v -13.73288 75.10307 21.57721
v -13.73288 56.38358 21.57721
v -15.84859 56.38358 21.57721
v -15.84859 75.10307 21.57721
v -15.84859 56.38358 19.48351
v -15.84859 75.10307 19.48351
v -15.49129 56.38358 21.21989
v 8.136856 75.10307 19.48351
v 8.136856 56.38358 19.48351
v 32.01566 16.16373 -23.86941
v 32.01566 16.16373 8.364723
v 57.57947 16.16373 8.36438
v 57.57947 16.16373 -23.86941
v 31.98492 21.22945 7.471474
v 56.68623 21.22945 7.471474
v 57.57947 21.22945 8.364723
v 32.01566 21.22945 8.364723
v 31.98492 20.33622 -22.97616
v 31.98492 20.33621 7.471474
v 56.68623 21.22947 -22.97616
v 31.98492 21.22947 -22.97616
v 32.01566 21.22947 -23.86941
v 57.57947 21.22947 -23.86941
v 31.98492 19.42989 7.471474
v 56.68623 19.42989 7.471474
v 56.68623 20.33621 7.471474
v 31.98492 19.4299 -22.97616
v 56.68623 19.4299 -22.97616
v 56.68623 20.33622 -22.97616
v 57.91547 19.98328 -3.583672
v 57.91547 17.42566 -3.583694
v 57.91547 19.98328 -4.900871
v 57.91547 19.9722 -5.178162
v 57.91547 19.95251 -5.329163
v 57.02222 19.95251 -5.329163
v 57.91547 19.93898 -5.394524
v 57.02222 19.93898 -5.394524
v 57.91547 19.92048 -5.460915
v 57.02222 19.92048 -5.460915
v 57.91547 19.90079 -5.513672
v 57.91547 19.40418 -5.882538
v 57.02222 19.40418 -5.882538
v 57.91547 19.19041 -5.888199
v 57.91547 18.63204 -5.507935
v 57.02222 18.63204 -5.507935
v 57.91547 18.60387 -5.442413
v 57.02222 18.60387 -5.442413
v 57.91547 18.57855 -5.36673
v 57.02222 18.57855 -5.36673
v 57.91547 18.51294 -5.383301
v 57.02222 18.51294 -5.383301
v 57.91547 18.48654 -5.437469
v 57.02222 18.48654 -5.437469
v 57.91547 18.47334 -5.460045
v 57.02222 18.47334 -5.460045
v 57.91547 18.46014 -5.479622
v 57.02222 18.46014 -5.479622
v 57.91547 18.44651 -5.496582
v 57.02222 18.44651 -5.496582
v 57.91547 18.3996 -5.543365
v 57.02222 18.3996 -5.543365
v 57.91547 18.4044 -4.64093
v 57.02222 18.4044 -4.64093
v 57.91547 18.42186 -4.613007
v 57.91547 18.43629 -4.583893
v 57.91547 18.44641 -4.557472
v 57.91547 18.45423 -4.530174
v 57.91547 18.46029 -4.497902
v 57.91547 18.46286 -4.472923
v 57.91547 18.46371 -4.447289
v 57.91547 18.46371 -4.377487
v 57.91547 17.42566 -4.377487
v 57.91547 18.94698 -4.710716
v 57.91547 18.94698 -4.377487
v 57.91547 18.94838 -4.736397
v 57.02222 18.94838 -4.736397
v 57.91547 19.04733 -5.035965
v 57.02222 19.04733 -5.035965
v 57.91547 19.06212 -5.048309
v 57.02222 19.06212 -5.048309
v 57.91547 19.08057 -5.061249
v 57.02222 19.08057 -5.061249
v 57.91547 19.21041 -5.09803
v 57.91547 19.27094 -5.09272
v 57.02222 19.27094 -5.09272
v 57.91547 19.36862 -5.050278
v 57.02222 19.36862 -5.050278
v 57.91547 19.38384 -5.037216
v 57.02222 19.38384 -5.037216
v 57.91547 19.39242 -5.028656
v 57.02222 19.39242 -5.028656
v 57.91547 19.40058 -5.019501
v 57.91547 19.41077 -5.006065
v 57.91547 19.4201 -4.990875
v 57.91547 19.43056 -4.969376
v 57.91547 19.44139 -4.939941
v 57.91547 19.4516 -4.900604
v 57.91547 19.46091 -4.842072
v 57.91547 19.46519 -4.790382
v 57.91547 19.46688 -4.724686
v 57.91547 19.46688 -4.377487
v 57.57947 4.23213 -23.86941
v 57.57947 4.23213 -20.28337
v 57.57947 16.16373 -20.28337
v 53.98788 4.23213 -23.86941
v 53.98788 16.16373 -23.86941
v 53.98788 4.23213 -20.28337
v 53.98788 16.16373 -20.28337
v 57.57947 4.23213 4.778336
v 57.57947 4.232115 8.36438
v 57.57947 16.16373 4.778343
v 53.98788 4.23213 4.778336
v 53.98788 16.16373 4.778343
v 53.98788 4.232115 8.36438
v 53.98788 16.16373 8.36438
v 35.60406 4.23213 -23.86941
v 35.60406 4.23213 -20.28337
v 35.60406 16.16373 -20.28337
v 35.60406 16.16373 -23.86941
v 32.01248 4.23213 -23.86941
v 32.01248 16.16373 -23.86941
v 32.01248 4.23213 -20.28337
v 32.01248 16.16373 -20.28337
v 35.60406 4.23213 4.778336
v 35.60406 4.232115 8.36438
v 35.60406 16.16373 8.36438
v 35.60406 16.16373 4.778343
v 32.01248 4.23213 4.778336
v 32.01248 16.16373 4.778343
v 32.01248 4.232115 8.36438
v 32.01248 16.16373 8.36438
v -11.47916 18.89604 56.39771
v -11.4881 18.70272 56.39771
v -11.4881 18.70272 55.50447
v -11.47916 18.89604 55.50447
v -11.4567 19.05354 56.39771
v -11.4567 19.05354 55.50447
v -11.42656 19.1799 56.39771
v -11.42656 19.1799 55.50447
v -11.38634 19.29825 56.39771
v -11.38634 19.29825 55.50447
v -11.13918 19.67796 55.50447
v -11.06664 19.74426 56.39771
v -11.06664 19.74426 55.50447
v -10.98863 19.80357 56.39771
v -10.98863 19.80357 55.50447
v -10.90517 19.85592 56.39771
v -10.90517 19.85592 55.50447
v -10.79774 19.90952 56.39771
v -10.79774 19.90952 55.50447
v -10.68246 19.95306 56.39771
v -10.68246 19.95306 55.50447
v -10.40559 20.01294 55.50447
v -9.810669 19.99604 56.39771
v -9.810669 19.99604 55.50447
v -9.682755 19.96641 56.39771
v -9.682755 19.96641 55.50447
v -9.563278 19.92693 56.39771
v -9.563278 19.92693 55.50447
v -9.452225 19.87755 55.50447
v -9.366135 19.82888 55.50447
v -9.183441 19.68406 56.39771
v -9.183441 19.68406 55.50447
v -9.117813 19.61275 56.39771
v -9.117813 19.61275 55.50447
v -8.962357 19.36586 56.39771
v -8.962357 19.36586 55.50447
v -8.917587 19.25324 56.39771
v -8.917587 19.25324 55.50447
v -8.882782 19.13271 56.39771
v -8.882782 19.13271 55.50447
v -8.838013 18.72365 56.39771
v -8.838013 18.72365 55.50447
v -8.84671 18.51772 56.39771
v -8.84671 18.51772 55.50447
v -8.869949 18.3453 56.39771
v -8.899826 18.21584 56.39771
v -9.099258 17.81766 55.50447
v -9.164749 17.74212 56.39771
v -9.164749 17.74212 55.50447
v -9.237106 17.67311 56.39771
v -9.237106 17.67311 55.50447
v -9.31636 17.61061 56.39771
v -9.31636 17.61061 55.50447
v -9.36937 17.57487 56.39771
v -9.36937 17.57487 55.50447
v -9.425079 17.54166 56.39771
v -9.425079 17.54166 55.50447
v -9.519943 17.49467 56.39771
v -9.519943 17.49467 55.50447
v -9.622009 17.45584 56.39771
v -9.622009 17.45584 55.50447
v -9.745422 17.42195 56.39771
v -9.745422 17.42195 55.50447
v -9.87796 17.39838 56.39771
v -9.87796 17.39838 55.50447
v -10.00339 17.38613 56.39771
v -10.00339 17.38613 55.50447
v -10.517 17.41379 56.39771
v -10.517 17.41379 55.50447
v -10.65546 17.44577 56.39771
v -10.65546 17.44577 55.50447
v -10.75764 17.47928 56.39771
v -10.75764 17.47928 55.50447
v -10.85219 17.51987 56.39771
v -10.85219 17.51987 55.50447
v -10.94016 17.56808 56.39771
v -10.94016 17.56808 55.50447
v -11.02264 17.62451 56.39771
v -11.02264 17.62451 55.50447
v -11.09962 17.68916 56.39771
v -11.09962 17.68916 55.50447
v -11.17113 17.76203 56.39771
v -11.17113 17.76203 55.50447
v -11.23711 17.8431 56.39771
v -11.27559 17.89796 56.39771
v -11.40176 18.14852 56.39771
v -11.40176 18.14852 55.50447
v -11.43672 18.26223 56.39771
v -10.69777 18.69923 56.39771
v -10.69777 18.69923 55.50447
v -10.67476 18.42428 56.39771
v -10.65581 18.34454 56.39771
v -10.65581 18.34454 55.50447
v -10.61021 18.2277 56.39771
v -10.58632 18.18645 56.39771
v -10.58632 18.18645 55.50447
v -10.5706 18.16379 56.39771
v -10.5706 18.16379 55.50447
v -10.55385 18.1427 56.39771
v -10.55385 18.1427 55.50447
v -10.51782 18.10452 56.39771
v -10.51782 18.10452 55.50447
v -10.4855 18.07643 56.39771
v -10.4855 18.07643 55.50447
v -10.4511 18.05172 56.39771
v -10.4511 18.05172 55.50447
v -10.41464 18.03039 56.39771
v -10.41464 18.03039 55.50447
v -10.3761 18.01245 56.39771
v -10.3761 18.01245 55.50447
v -10.03752 17.98467 56.39771
v -10.03752 17.98467 55.50447
v -9.985214 17.99739 56.39771
v -9.985214 17.99739 55.50447
v -9.944183 18.01166 56.39771
v -9.944183 18.01166 55.50447
v -9.905441 18.02922 56.39771
v -9.905441 18.02922 55.50447
v -9.869003 18.0501 56.39771
v -9.869003 18.0501 55.50447
v -9.834869 18.0743 56.39771
v -9.834869 18.0743 55.50447
v -9.803055 18.10181 56.39771
v -9.803055 18.10181 55.50447
v -9.785049 18.11991 56.39771
v -9.785049 18.11991 55.50447
v -9.767899 18.1392 56.39771
v -9.767899 18.1392 55.50447
v -9.746445 18.1674 56.39771
v -9.746445 18.1674 55.50447
v -9.726807 18.19899 55.50447
v -9.660477 18.3828 56.39771
v -9.642609 18.48642 56.39771
v -9.631897 18.60353 56.39771
v -9.631897 18.60353 55.50447
v -9.628326 18.73412 56.39771
v -9.628326 18.73412 55.50447
v -9.647202 18.96893 56.39771
v -9.647202 18.96893 55.50447
v -9.664749 19.04663 56.39771
v -9.664749 19.04663 55.50447
v -9.684326 19.10715 56.39771
v -9.684326 19.10715 55.50447
v -9.73111 19.20357 56.39771
v -9.73111 19.20357 55.50447
v -9.751633 19.23396 56.39771
v -9.751633 19.23396 55.50447
v -9.810471 19.29947 55.50447
v -9.843109 19.32711 55.50447
v -9.877869 19.35144 56.39771
v -9.877869 19.35144 55.50447
v -9.914673 19.37244 56.39771
v -9.914673 19.37244 55.50447
v -9.953583 19.3901 56.39771
v -9.953583 19.3901 55.50447
v -10.32904 19.40655 55.50447
v -10.44362 19.35477 56.39771
v -10.44362 19.35477 55.50447
v -10.47804 19.33074 56.39771
v -10.47804 19.33074 55.50447
v -10.51059 19.30332 56.39771
v -10.51059 19.30332 55.50447
v -10.52921 19.28525 56.39771
v -10.52921 19.28525 55.50447
v -10.55298 19.25925 56.39771
v -10.55298 19.25925 55.50447
v -10.57523 19.23076 55.50447
v -10.64565 19.08842 56.39771
v -10.64565 19.08842 55.50447
v -10.66714 19.01187 56.39771
v -10.66714 19.01187 55.50447
v -10.68475 18.91377 56.39771
v -10.68475 18.91377 55.50447
v -10.69408 18.81861 56.39771
v -10.69408 18.81861 55.50447
v -4.254868 19.95967 55.50447
v -4.159424 19.93624 56.39771
v -4.159424 19.93624 55.50447
v -4.084351 19.90979 56.39771
v -4.084351 19.90979 55.50447
v -4.015472 19.87746 56.39771
v -4.015472 19.87746 55.50447
v -3.67749 19.36913 56.39771
v -3.67749 19.36913 55.50447
v -3.668259 19.28614 56.39771
v -3.668259 19.28614 55.50447
v -3.665192 19.19818 56.39771
v -3.665192 19.19818 55.50447
v -3.669754 19.09307 56.39771
v -3.669754 19.09307 55.50447
v -3.683441 18.99456 56.39771
v -3.683441 18.99456 55.50447
v -3.702454 18.91542 56.39771
v -3.702454 18.91542 55.50447
v -3.728165 18.84116 56.39771
v -3.728165 18.84116 55.50447
v -4.136978 18.4481 56.39771
v -4.136978 18.4481 55.50447
v -4.221115 18.42087 56.39771
v -4.527023 18.97227 56.39771
v -4.50618 18.99195 56.39771
v -4.50618 18.99195 55.50447
v -4.446548 19.09209 56.39771
v -4.446548 19.09209 55.50447
v -4.440811 19.11411 56.39771
v -4.440811 19.11411 55.50447
v -4.436371 19.1417 56.39771
v -4.436371 19.1417 55.50447
v -4.43515 19.15598 56.39771
v -4.43515 19.15598 55.50447
v -4.434555 19.17551 56.39771
v -4.434555 19.17551 55.50447
v -4.436142 19.20851 56.39771
v -4.436142 19.20851 55.50447
v -4.439987 19.23563 56.39771
v -4.439987 19.23563 55.50447
v -4.493927 19.35546 56.39771
v -4.493927 19.35546 55.50447
v -4.502487 19.36601 56.39771
v -4.502487 19.36601 55.50447
v -4.514816 19.37964 56.39771
v -4.514816 19.37964 55.50447
v -4.528564 19.39249 55.50447
v -2.428238 19.98327 56.39771
v -3.220291 19.98327 56.39771
v -3.220291 19.98327 55.50447
v -2.428238 19.98327 55.50447
v -2.428238 17.42565 56.39771
v -2.428238 17.42565 55.50447
v -3.220291 17.42565 56.39771
v -3.220291 17.42565 55.50447
v 12.26732 4.232115 56.06172
v 8.68129 4.232115 56.06172
v 8.68129 16.16372 56.06172
v 12.26732 16.16372 56.06172
v 12.26732 4.232115 52.47012
v 12.26732 16.16372 52.47012
v 8.68129 4.232115 52.47012
v 8.68129 16.16372 52.47012
v -16.38042 4.232115 56.06172
v -19.96645 4.232115 56.06172
v -19.96645 16.16372 56.06172
v -16.38042 16.16372 56.06172
v -16.38042 4.232115 52.47012
v -16.38042 16.16372 52.47012
v -19.96645 4.232115 52.47012
v -19.96645 16.16372 52.47012
v 12.26732 4.232115 34.08633
v 8.68129 4.232115 34.08633
v 8.68129 16.16372 34.08633
v 12.26732 16.16372 34.08633
v 12.26732 4.232115 30.4947
v 12.26732 16.16373 30.4947
v 8.68129 4.232115 30.4947
v 8.68129 16.16373 30.4947
v -16.38042 4.232115 34.08633
v -19.96645 4.232115 34.08633
v -19.96645 16.16372 34.08633
v -16.38042 16.16372 34.08633
v -16.38042 4.232115 30.4947
v -16.38042 16.16373 30.4947
v -19.96645 4.232115 30.4947
v -19.96645 16.16373 30.4947
v -19.07355 19.42989 55.16847
v 11.29056 19.42989 55.16847
v 11.37407 19.42989 30.52914
v -19.07355 19.42989 30.86116
v -14.65117 1.541805 29.69354
v -14.65117 1.541805 29.15759
v -14.65117 17.0559 29.15759
v -14.65117 17.0559 29.69354
v 6.785614 1.541805 29.15759
v 6.785614 1.541805 29.69354
v 6.785614 17.0559 29.69354
v 6.785614 17.0559 29.15759
v -4.157425 1.541805 29.15759
v -4.157425 17.0559 29.15759
v -4.157425 17.0559 29.69354
v -4.157425 1.541805 29.69354
v -14.29387 16.6986 29.69354
v -14.29387 1.899105 29.69354
v -4.351456 1.899105 29.69354
v -14.29387 1.899105 29.51489
v -14.29387 16.6986 29.51489
v -4.351456 16.6986 29.51489
v -4.351456 1.899105 29.51489
v -4.351456 16.6986 29.69354
v -3.963425 16.6986 29.69354
v 6.428299 16.6986 29.69354
v -3.963425 1.899105 29.69354
v 6.428299 1.899105 29.69354
v 6.428299 16.6986 29.51489
v -3.963425 16.6986 29.51489
v 6.428299 1.899105 29.51489
v -3.963425 1.899105 29.51489
v -46.32355 23.05457 -10.84386
v -45.7876 23.05457 -10.84386
v -45.7876 31.98707 -10.84386
v -46.32355 31.98707 -10.84386
v -45.7876 23.05457 3.448128
v -46.32355 23.05457 3.448128
v -46.32355 31.98707 3.448128
v -45.7876 31.98707 3.448128
v -45.7876 23.05457 -3.697861
v -45.7876 31.98707 -3.697861
v -46.32355 31.98707 -3.697861
v -46.32355 23.05457 -3.697861
v 12.05333 25.3313 30.82584
v 12.05333 25.3313 30.28989
v 12.05333 30.21473 30.28989
v 12.05333 30.21473 30.82584
v 26.34534 25.3313 30.28989
v 26.34534 25.3313 30.82584
v 26.34534 30.21473 30.82584
v 26.34534 30.21473 30.28989
v 19.19934 25.3313 30.28989
v 19.19934 30.21473 30.28989
v 19.19934 30.21473 30.82584
v 19.19934 25.3313 30.82584
v 28.98813 25.3313 13.36993
v 28.98813 25.3313 12.83398
v 28.98813 30.21474 12.83398
v 28.98813 30.21474 13.36993
v 43.28012 25.3313 12.83398
v 43.28012 25.3313 13.36993
v 43.28012 30.21474 13.36993
v 43.28012 30.21474 12.83398
v 36.13412 25.3313 12.83398
v 36.13412 30.21474 12.83398
v 36.13412 30.21474 13.36993
v 36.13412 25.3313 13.36993
v -4.240601 25.3313 30.82584
v -4.240601 25.3313 30.28989
v -4.240601 30.21473 30.28989
v -4.240601 30.21473 30.82584
v 10.05141 25.3313 30.28989
v 10.05141 25.3313 30.82584
v 10.05141 30.21473 30.82584
v 10.05141 30.21473 30.28989
v 2.905411 25.3313 30.28989
v 2.905411 30.21473 30.28989
v 2.905411 30.21473 30.82584
v 2.905411 25.3313 30.82584
v -3.883286 29.85744 30.64719
v -3.883286 25.68859 30.64719
v -3.883286 25.68859 30.82584
v -3.883286 29.85744 30.82584
v 2.71138 29.85744 30.64719
v 2.71138 29.85744 30.82584
v 2.71138 25.68859 30.64719
v 2.71138 25.68859 30.82584
v 3.099426 29.85744 30.82584
v 9.694107 29.85744 30.82584
v 3.099426 25.68859 30.82584
v 9.694107 25.68859 30.82584
v 9.694107 29.85744 30.64719
v 3.099426 29.85744 30.64719
v 9.694107 25.68859 30.64719
v 3.099426 25.68859 30.64719
v 28.10638 25.3313 28.55835
v 27.57042 25.3313 28.55835
v 27.57042 30.21473 28.55835
v 28.10638 30.21473 28.55835
v 27.57042 25.3313 14.26633
v 28.10638 25.3313 14.26633
v 28.10638 30.21474 14.26633
v 27.57042 30.21474 14.26633
v 27.57042 25.3313 21.41236
v 27.57042 30.21473 21.41236
v 28.10638 30.21473 21.41236
v 28.10638 25.3313 21.41236
v 28.10638 29.85744 28.20106
v 28.10638 25.68859 28.20106
v 28.10638 29.85744 21.60637
v 28.10638 25.68859 21.60637
v 28.10638 29.85744 14.62366
v 28.10638 29.85744 21.21833
v 28.10638 25.68859 14.62366
v 28.10638 25.68859 21.21833
v 27.92772 29.85744 28.20106
v 27.92772 25.68859 28.20106
v 27.92772 29.85744 21.60637
v 27.92772 25.68859 21.60637
v 27.92772 29.85744 14.62366
v 27.92772 29.85744 21.21833
v 27.92772 25.68859 14.62366
v 27.92772 25.68859 21.21833
v -20.16336 25.3313 30.82584
v -20.16336 25.3313 30.28989
v -20.16336 30.21473 30.28989
v -20.16336 30.21473 30.82584
v -5.871353 25.3313 30.28989
v -5.871353 25.3313 30.82584
v -5.871353 30.21473 30.82584
v -5.871353 30.21473 30.28989
v -13.01735 25.3313 30.28989
v -13.01735 30.21473 30.28989
v -13.01735 30.21473 30.82584
v -13.01735 25.3313 30.82584
v -19.80606 29.85744 30.82584
v -19.80606 25.68859 30.82584
v -13.21138 29.85744 30.82584
v -13.21138 25.68859 30.82584
v -6.228668 29.85744 30.82584
v -12.82333 29.85744 30.82584
v -6.228668 25.68859 30.82584
v -12.82333 25.68859 30.82584
v -19.80606 29.85744 30.64719
v -19.80606 25.68859 30.64719
v -13.21138 29.85744 30.64719
v -13.21138 25.68859 30.64719
v -6.228668 29.85744 30.64719
v -12.82333 29.85744 30.64719
v -6.228668 25.68859 30.64719
v -12.82333 25.68859 30.64719
v -35.96115 25.3313 30.82584
v -35.96115 25.3313 30.28989
v -35.96115 30.21473 30.28989
v -35.96115 30.21473 30.82584
v -21.66914 25.3313 30.28989
v -21.66914 25.3313 30.82584
v -21.66914 30.21473 30.82584
v -21.66914 30.21473 30.28989
v -28.81514 25.3313 30.28989
v -28.81514 30.21473 30.28989
v -28.81514 30.21473 30.82584
v -28.81514 25.3313 30.82584
v -35.60385 29.85744 30.82584
v -35.60385 25.68859 30.82584
v -29.00917 29.85744 30.82584
v -29.00917 25.68859 30.82584
v -22.02646 29.85744 30.82584
v -28.62112 29.85744 30.82584
v -22.02646 25.68859 30.82584
v -28.62112 25.68859 30.82584
v -35.60385 29.85744 30.64719
v -35.60385 25.68859 30.64719
v -29.00917 29.85744 30.64719
v -29.00917 25.68859 30.64719
v -14.62483 4.22742 30.46716
v -14.62483 17.05698 27.78741
v -14.62483 4.22742 27.78741
v 6.778885 4.22742 27.78741
v 6.778885 17.05698 27.78741
v 6.778885 4.22742 30.46716
v -43.1601 55.86437 -25.89331
v -43.1601 17.05698 18.4976
v -43.1601 55.86435 18.49761
v -43.1601 17.05698 -25.89333
v -34.13971 55.86437 -25.89331
v -34.13971 17.05698 -25.89333
v -14.60121 55.86437 -25.89331
v -14.60121 17.05698 -25.89333
v 6.781418 55.86437 -25.89331
v -14.62987 55.86435 20.31673
v 6.783951 55.86435 19.39291
v 6.781418 17.05698 -25.89333
v 24.96692 55.86437 -25.89331
v 24.96692 17.05698 -25.89333
v 24.96692 55.86435 18.53231
v 24.96692 17.05698 18.5323
v 6.781418 4.22742 -25.89333
v 24.96692 4.22742 -25.89333
v -14.62483 55.86435 27.78741
v 6.778885 55.86435 27.78741
v 24.96692 17.05698 27.78741
v 24.96692 55.86435 27.78741
v -34.15587 17.05698 18.4976
v -34.15587 55.86435 18.49761
v -14.60121 4.22742 -25.89333
v 24.96692 4.22742 27.78741
v 24.96692 4.22742 18.5323
v -34.15587 17.05698 27.78741
v -34.15587 4.22742 27.78741
v -34.15587 4.22742 18.4976
v -34.13971 4.22742 -25.89333
v -43.1601 4.22742 -25.89333
v -43.1601 4.22742 18.4976
v -34.15587 55.86435 27.78741
v -14.62483 59.06333 30.46716
v 6.778885 59.06333 30.46716
v 6.781418 59.06333 -28.57306
v -14.60121 59.06333 -28.57306
v -34.13971 59.06333 -28.57306
v -14.60121 4.22742 -28.57308
v 6.781418 4.22742 -28.57308
v 27.64667 59.06333 30.46716
v 27.64667 4.22742 30.46716
v 27.64667 59.06333 -28.57306
v -36.83563 59.06333 30.46716
v 27.64667 59.06333 18.53231
v -45.83984 59.06333 -28.57306
v -45.83984 59.06333 21.17736
v -36.83563 59.06333 21.17736
v -36.83563 4.22742 21.17735
v -36.83563 4.22742 30.46716
v 27.64667 4.22742 18.5323
v -34.13971 4.22742 -28.57308
v -45.83984 4.22742 -28.57308
v -45.83984 4.22742 21.17735
v -28.62112 25.68859 30.64719
v -22.02646 25.68859 30.64719
v -28.62112 29.85744 30.64719
v -22.02646 29.85744 30.64719
v 42.92284 25.68859 13.36993
v 42.92284 29.85744 13.36993
v 36.32814 25.68859 13.36993
v 42.92284 25.68859 13.19129
v 36.32814 25.68859 13.19129
v 42.92284 29.85744 13.19129
v 36.32814 29.85744 13.19129
v 36.32814 29.85744 13.36993
v 35.94011 25.68859 13.36993
v 35.94011 29.85744 13.36993
v 29.34543 25.68859 13.36993
v 29.34543 29.85744 13.36993
v 35.94011 25.68859 13.19129
v 35.94011 29.85744 13.19129
v 29.34543 25.68859 13.19129
v 29.34543 29.85744 13.19129
v 25.98805 25.68859 30.82584
v 25.98805 29.85744 30.82584
v 19.39336 25.68859 30.82584
v 25.98805 25.68859 30.64719
v 19.39336 25.68859 30.64719
v 25.98805 29.85744 30.64719
v 19.39336 29.85744 30.64719
v 19.39336 29.85744 30.82584
v 19.00533 25.68859 30.82584
v 19.00533 29.85744 30.82584
v 12.41064 25.68859 30.82584
v 12.41064 29.85744 30.82584
v 19.00533 25.68859 30.64719
v 19.00533 29.85744 30.64719
v 12.41064 25.68859 30.64719
v 12.41064 29.85744 30.64719
v -46.32355 23.41187 3.090843
v -46.32355 31.62977 3.090843
v -46.32355 23.41187 -3.503845
v -46.1449 23.41187 3.090843
v -46.1449 23.41187 -3.503845
v -46.1449 31.62977 3.090843
v -46.1449 31.62977 -3.503845
v -46.32355 31.62977 -3.503845
v -46.32355 23.41187 -3.891884
v -46.32355 31.62977 -3.891884
v -46.32355 23.41187 -10.48656
v -46.32355 31.62977 -10.48656
v -46.1449 23.41187 -3.891884
v -46.1449 31.62977 -3.891884
v -46.1449 23.41187 -10.48656
v -46.1449 31.62977 -10.48656
v -3.028458 25.9385 42.81989
v -3.849747 26.31072 42.81781
v 10.806 19.65113 54.10532
v 10.88232 19.65113 31.59112
v -3.175949 25.61305 42.81938
v 10.65851 19.3257 54.10481
v 10.73483 19.3257 31.59062
v 9.991318 19.69446 31.01036
v -17.6983 19.69446 31.31228
v -3.8535 25.95201 42.18587
v 9.99324 19.38374 31.18671
v -17.69638 19.38374 31.48866
v -3.851578 25.64127 42.36226
v -18.58517 19.65063 31.90379
v -18.58517 19.65063 54.10577
v -4.679962 25.93548 42.82484
v -18.438 19.32504 31.90379
v -18.438 19.32504 54.10577
v -4.532791 25.60989 42.82484
v 9.931351 19.69073 54.70029
v -3.850754 25.95429 43.4576
v -17.70885 19.69073 54.70029
v 9.931351 19.37861 54.52638
v -3.850754 25.64215 43.28369
v -17.70885 19.37861 54.52638
v 12.26732 21.22945 56.06172
v -19.9668 21.22945 56.06172
v -19.9668 21.22945 30.49789
v 11.37407 20.33621 30.46716
v -19.07355 21.22945 30.46716
v -19.07355 21.22945 55.16847
v -19.07355 20.33621 30.46716
v 12.26732 21.22945 30.49789
v 11.37407 21.22945 55.16847
v -19.07355 20.33621 55.16847
v 11.37407 21.22945 30.46716
v 11.37407 20.33621 55.16847
v -19.07355 19.42989 30.46716
v 11.37407 19.42989 30.46716
v 11.37407 19.42989 55.16847
v 12.26732 16.16373 30.49789
v -19.9668 16.16373 30.49789
v 44.22116 1.554765 -28.57308
v 27.64667 1.554765 -28.57308
v 27.64667 1.554765 -26.23164
v 27.64667 1.554765 10.72694
v 27.64667 1.554765 13.0684
v 44.22116 1.554765 13.0684
v 45.11443 1.554765 -26.23164
v 45.11443 1.554765 -28.57308
v 44.22116 4.22742 -25.69569
v 44.22116 1.554765 -25.69569
v 45.65038 1.554765 -29.10903
v 44.22116 1.554765 -29.10903
v 45.65038 1.554765 -25.69569
v 45.65038 4.22742 -25.69569
v 45.11443 1.554765 13.0684
v 45.11443 1.554765 10.72694
v 45.65038 1.554765 13.60435
v 45.65038 1.554765 10.19099
v 44.22116 4.22742 13.60435
v 44.22116 1.554765 13.60435
v 45.65038 4.22742 13.60435
v 45.65038 4.22742 10.19099
v 27.11072 4.22742 13.60435
v 27.11072 1.554765 13.60435
v 27.11072 4.22742 10.72694
v 27.11072 1.554765 10.72694
v 27.11072 4.22742 -26.23164
v 27.11072 1.554765 -26.23164
v 27.11072 4.22742 -29.10903
v 27.11072 1.554765 -29.10903
v 44.22116 4.22742 -29.10903
v 45.65038 4.22742 -29.10903
v 44.22116 4.22742 10.19099
v 44.22116 1.554765 10.19099
v 53.98788 1.554765 -23.86941
v 53.98788 1.554765 -20.28337
v 57.57947 1.554765 -20.28337
v 57.57947 1.554765 -23.86941
v 57.93678 4.23213 -19.92607
v 57.93678 4.23213 -24.22671
v 57.93678 1.554765 -24.22671
v 57.93678 1.554765 -19.92607
v 53.63058 4.23213 -19.92607
v 53.63058 1.554765 -19.92607
v 53.63058 4.23213 -24.22671
v 53.63058 1.554765 -24.22671
v 53.98788 1.554765 4.778336
v 53.98788 1.554765 8.36438
v 57.57947 1.554765 8.36438
v 57.57947 1.554765 4.778336
v 57.93678 4.232115 8.721672
v 57.93678 4.23213 4.421036
v 57.93678 1.554765 4.421036
v 57.93678 1.554765 8.721672
v 53.63058 4.232115 8.721672
v 53.63058 1.554765 8.721672
v 53.63058 4.23213 4.421036
v 53.63058 1.554765 4.421036
v 32.01248 1.554765 -23.86941
v 32.01248 1.554765 -20.28337
v 35.60406 1.554765 -20.28337
v 35.60406 1.554765 -23.86941
v 35.96138 1.554765 -19.92607
v 35.96138 1.554765 -24.22671
v 35.96138 4.23213 -19.92607
v 35.96138 4.23213 -24.22671
v 31.65517 1.554765 -19.92607
v 31.65517 4.23213 -19.92607
v 31.65517 1.554765 -24.22671
v 31.65517 4.23213 -24.22671
v 32.01248 1.554765 4.778336
v 32.01248 1.554765 8.36438
v 35.60406 1.554765 8.36438
v 35.60406 1.554765 4.778336
v 35.96138 1.554765 8.721672
v 35.96138 1.554765 4.421036
v 35.96138 4.232115 8.721672
v 35.96138 4.23213 4.421036
v 31.65517 1.554765 8.721672
v 31.65517 4.232115 8.721672
v 31.65517 1.554765 4.421036
v 31.65517 4.23213 4.421036
v 12.26732 1.55475 52.47012
v 8.68129 1.55475 52.47012
v 8.68129 1.55475 56.06172
v 12.26732 1.55475 56.06172
v 8.32399 1.55475 56.41902
v 12.62462 1.55475 56.41902
v 8.32399 4.232115 56.41902
v 12.62462 4.232115 56.41902
v 8.32399 1.55475 52.11281
v 8.32399 4.232115 52.11281
v 12.62462 1.55475 52.11281
v 12.62462 4.232115 52.11281
v -16.38042 1.55475 52.47012
v -19.96645 1.55475 52.47012
v -19.96645 1.55475 56.06172
v -16.38042 1.55475 56.06172
v -20.32376 1.55475 56.41902
v -16.02312 1.55475 56.41902
v -20.32376 4.232115 56.41902
v -16.02312 4.232115 56.41902
v -20.32376 1.55475 52.11281
v -20.32376 4.232115 52.11281
v -16.02312 1.55475 52.11281
v -16.02312 4.232115 52.11281
v 12.26732 1.55475 30.4947
v 8.68129 1.55475 30.4947
v 8.68129 1.55475 34.08633
v 12.26732 1.55475 34.08633
v 8.32399 1.55475 34.44361
v 12.62462 1.55475 34.44361
v 8.32399 4.232115 34.44361
v 12.62462 4.232115 34.44361
v 8.32399 1.55475 30.13741
v 8.32399 4.232115 30.13741
v 12.62462 1.55475 30.13741
v 12.62462 4.232115 30.13741
v -16.38042 1.55475 30.4947
v -19.96645 1.55475 30.4947
v -19.96645 1.55475 34.08633
v -16.38042 1.55475 34.08633
v -20.32376 1.55475 34.44361
v -16.02312 1.55475 34.44361
v -20.32376 4.232115 34.44361
v -16.02312 4.232115 34.44361
v -20.32376 1.55475 30.13741
v -20.32376 4.232115 30.13741
v -16.02312 1.55475 30.13741
v -16.02312 4.232115 30.13741
v -37.37158 4.22742 31.00311
v -37.37158 4.22742 21.7133
v -46.37579 4.22742 21.7133
v -36.83563 1.55475 21.17735
v -37.37158 1.55475 31.00311
v -36.83563 1.55475 30.46716
v -37.37158 1.55475 21.7133
v -45.83984 1.55475 21.17735
v -46.37579 1.55475 21.7133
v -46.37579 4.22742 -29.10903
v -45.83984 1.554765 -28.57308
v -46.37579 1.554765 -29.10903
v -34.13971 4.22742 -29.10903
v -14.60121 4.22742 -29.10903
v 6.781418 4.22742 -29.10903
v 28.18262 4.22742 -29.10903
v -34.13971 1.554765 -28.57308
v -34.13971 1.554765 -29.10903
v -14.60121 1.554765 -28.57308
v -14.60121 1.554765 -29.10903
v 6.781418 1.554765 -28.57308
v 6.781418 1.554765 -29.10903
v 28.18262 1.554765 -29.10903
v 28.18262 4.22742 18.5323
v 27.64667 1.55475 18.5323
v 28.18262 1.55475 18.5323
v 28.18262 4.22742 31.00311
v 6.796707 4.22742 31.00311
v 6.778885 1.55475 30.46716
v 6.796707 1.55475 31.00311
v 28.18262 1.55475 31.00311
v 27.64667 1.55475 30.46716
v 6.778885 1.55475 27.78741
v 24.96692 1.55475 27.78741
v 6.796707 1.55475 27.25144
v 24.96692 1.55475 18.5323
v 24.43097 1.55475 27.25144
v 24.43097 1.55475 18.5323
v 6.796707 4.22742 27.25144
v 24.43097 4.22742 27.25144
v 24.43097 4.22742 18.5323
v 24.43097 4.22742 -25.35738
v 6.781418 4.22742 -25.35738
v -14.60121 4.22742 -25.35738
v -34.13971 4.22742 -25.35738
v -42.62415 4.22742 -25.35738
v -42.62415 4.22742 17.96165
v -33.61992 4.22742 17.96165
v -43.1601 1.55475 18.4976
v -42.62415 1.55475 17.96165
v -42.62415 1.554765 -25.35738
v -43.1601 1.554765 -25.89333
v -34.13971 1.554765 -25.35738
v -34.13971 1.554765 -25.89333
v -14.60121 1.554765 -25.35738
v -14.60121 1.554765 -25.89333
v 6.781418 1.554765 -25.35738
v 6.781418 1.554765 -25.89333
v 24.43097 1.554765 -25.35738
v 24.96692 1.554765 -25.89333
v -34.15587 1.55475 18.4976
v -33.61992 1.55475 17.96165
v -14.60121 4.22742 27.25144
v -33.61992 4.22742 27.25144
v -14.60121 1.55475 27.25144
v -33.61992 1.55475 27.25144
v -14.62483 1.55475 27.78741
v -34.15587 1.55475 27.78741
v -14.62483 1.55475 30.46716
v -14.60121 1.55475 31.00311
v -14.60121 4.22742 31.00311
v 6.044235 74.20982 19.48351
v 6.044235 74.20982 -0.2792358
v -13.73288 74.20982 -0.2792358
v -13.73288 74.20982 19.48351
v -14.62483 56.38358 27.78741
v 6.778885 56.38358 27.78741
v 6.778885 59.95658 27.78741
v -14.62483 59.95658 27.78741
v 6.778885 59.95658 31.3604
v -14.62483 59.95658 31.3604
v 28.53992 59.06333 31.3604
v 28.53992 59.95658 31.3604
v 6.778885 59.06333 31.3604
v -14.62483 59.06333 31.3604
v -37.72888 59.06333 31.3604
v -37.72888 59.95658 31.3604
v -14.64844 59.95658 -25.89331
v 6.734192 59.95658 -25.89331
v 6.734192 56.38358 -25.89331
v -14.64844 56.38358 -25.89331
v -14.60893 59.95659 -29.46631
v 6.773712 59.95659 -29.46631
v -14.60893 59.06334 -29.46631
v 6.773712 59.06334 -29.46631
v -14.62579 56.38358 18.50835
v 6.779861 56.38358 18.52157
v 24.96692 56.38358 18.53231
v 24.96692 56.38358 -25.89331
v 24.96692 59.95658 -25.89331
v 24.96692 59.95658 18.53231
v 24.96692 56.38358 27.78741
v 24.96692 59.95658 27.78741
v 28.53992 59.95658 18.53231
v 28.53992 59.06334 -29.46631
v 28.53992 59.95659 -29.46631
v 28.53992 59.06333 18.53231
v -34.15587 59.95658 27.78741
v -34.15587 56.38358 27.78741
v -34.15587 59.95658 18.49761
v -34.15587 56.38358 18.49761
v -34.13971 59.95658 -25.89331
v -34.13971 56.38358 -25.89331
v -43.1601 59.95658 18.49761
v -43.1601 56.38358 18.49761
v -46.73312 59.95658 22.0706
v -37.72888 59.95658 22.0706
v -43.1601 59.95658 -25.89331
v -43.1601 56.38358 -25.89331
v -46.73312 59.95659 -29.46631
v -46.73312 59.06334 -29.46631
v -46.73312 59.06333 22.0706
v -34.13971 59.95659 -29.46631
v -34.13971 59.06334 -29.46631
v -37.72888 59.06333 22.0706

vt 0.8111 0.2229
vt 0.2208 0.2218
vt 0.2192 0.8148
vt 0.8137 0.8148
vt 0.8088 0.8099
vt 0.2211 0.8129
vt 0.8087 0.2253
vt 0.8108 0.8118
vt 0.2933 0.4421
vt 0.3205 0.718
vt 0.3239 0.7132
vt 0.3523 0.6913
vt 0.3681 0.6848
vt 0.3439 0.6957
vt 0.3382 0.6995
vt 0.3344 0.7025
vt 0.3311 0.7055
vt 0.328 0.7085
vt 0.3181 0.7221
vt 0.3161 0.7263
vt 0.3146 0.7306
vt 0.3135 0.735
vt 0.3129 0.7395
vt 0.3127 0.7441
vt 0.2759 0.9835
vt 0.2271 0.4667
vt 0.2388 0.9732
vt 0.2094 0.9621
vt 0.1811 0.489
vt 0.1892 0.9526
vt 0.1703 0.9422
vt 0.1504 0.5077
vt 0.147 0.9272
vt 0.1348 0.5188
vt 0.1259 0.9107
vt 0.1207 0.5303
vt 0.1071 0.8927
vt 0.1017 0.5485
vt 0.0924 0.8759
vt 0.085 0.5678
vt 0.0795 0.8578
vt 0.0731 0.5848
vt 0.0713 0.8445
vt 0.0628 0.6026
vt 0.0639 0.831
vt 0.054 0.8091
vt 0.0541 0.6212
vt 0.0472 0.6405
vt 0.0462 0.7867
vt 0.042 0.6607
vt 0.0407 0.7639
vt 0.0379 0.686
vt 0.0374 0.7407
vt 0.0368 0.6991
vt 0.0363 0.717
vt 0.3566 0.0038
vt 0.4059 0.1953
vt 0.4242 0.1919
vt 0.4371 0.1906
vt 0.4492 0
vt 0.5035 0.0016
vt 0.4939 0.1934
vt 0.4759 0.1909
vt 0.4538 0.19
vt 0.5085 0.1969
vt 0.52 0.2008
vt 0.5307 0.2055
vt 0.3916 0.1994
vt 0.378 0.2047
vt 0.3652 0.2111
vt 0.3532 0.2187
vt 0.2912 0.0123
vt 0.342 0.2275
vt 0.3315 0.2375
vt 0.3219 0.2487
vt 0.3154 0.2579
vt 0.5467 0.2154
vt 0.5524 0.22
vt 0.5406 0.2112
vt 0.5539 0.0065
vt 0.5615 0.2286
vt 0.5681 0.2362
vt 0.5738 0.2442
vt 0.5777 0.251
vt 0.581 0.258
vt 0.5835 0.2652
vt 0.5854 0.2726
vt 0.5866 0.2802
vt 0.6049 0.0156
vt 0.5869 0.2849
vt 0.5871 0.2896
vt 0.5867 0.297
vt 0.6084 0.6227
vt 0.6473 0.0273
vt 0.5858 0.3043
vt 0.5841 0.3114
vt 0.5818 0.3184
vt 0.6683 0.6021
vt 0.6821 0.0406
vt 0.7001 0.0491
vt 0.4347 0.6669
vt 0.7154 0.5815
vt 0.7174 0.0583
vt 0.7432 0.0747
vt 0.7474 0.5634
vt 0.767 0.093
vt 0.7731 0.5456
vt 0.7887 0.1133
vt 0.7934 0.5287
vt 0.8083 0.1355
vt 0.5788 0.3252
vt 0.8114 0.5108
vt 0.8252 0.4942
vt 0.8259 0.1596
vt 0.8323 0.4844
vt 0.8356 0.1755
vt 0.8387 0.4743
vt 0.8444 0.1916
vt 0.8501 0.4534
vt 0.8562 0.218
vt 0.8595 0.4318
vt 0.8655 0.2452
vt 0.8669 0.4094
vt 0.872 0.2731
vt 0.8723 0.3862
vt 0.876 0.3017
vt 0.8761 0.3591
vt 0.8773 0.3311
vt 0.3103 0.2662
vt 0.3031 0.281
vt 0.2961 0.2997
vt 0.2898 0.3229
vt 0.2404 0.0237
vt 0.2843 0.3542
vt 0 0.3364
vt 0.2016 0.0365
vt 0.1726 0.0492
vt 0.1466 0.0639
vt 0.128 0.0769
vt 0.1195 0.0839
vt 0.1075 0.095
vt 0.0825 0.1226
vt 0.0637 0.1479
vt 0.0472 0.1746
vt 0.0331 0.2028
vt 0.0197 0.2376
vt 0.0095 0.2745
vt 0.0042 0.302
vt 0.5241 0.3755
vt 0.5394 0.3674
vt 0.4993 0.3857
vt 0.569 0.3409
vt 0.5744 0.3332
vt 0.5627 0.3484
vt 0.5541 0.3569
vt 0.5483 0.3616
vt 0.4576 0.399
vt 0.4011 0.4129
vt 0.3975 0.6756
vt 0.3128 0.7491
vt 0.3132 0.7527
vt 0.3142 0.7587
vt 0.3157 0.7645
vt 0.3178 0.7701
vt 0.3204 0.7755
vt 0.3235 0.7807
vt 0.3268 0.9927
vt 0.3279 0.7867
vt 0.3331 0.7924
vt 0.3391 0.7978
vt 0.3434 0.8012
vt 0.4078 0.7542
vt 0.3505 0.9848
vt 0.4222 0.7607
vt 0.6729 0.3269
vt 0.9431 0.2307
vt 0.9235 0.1973
vt 0.9539 0.253
vt 0.6815 0.3496
vt 0.9636 0.2765
vt 0.9767 0.3166
vt 0.6896 0.3796
vt 0.6646 0.3102
vt 0.9014 0.1664
vt 0.6572 0.2983
vt 0.8767 0.1379
vt 0.6491 0.2877
vt 0.8494 0.1118
vt 0.6426 0.2804
vt 0.8195 0.0882
vt 0.6358 0.2736
vt 0.7995 0.0747
vt 0.6238 0.2632
vt 0.7785 0.0622
vt 0.611 0.2541
vt 0.7427 0.0445
vt 0.5972 0.2462
vt 0.7042 0.0298
vt 0.4749 0.2264
vt 0.4291 0.0055
vt 0.4544 0.2295
vt 0.4349 0.2344
vt 0.4196 0.2399
vt 0.3664 0.014
vt 0.4051 0.2466
vt 0.3142 0.026
vt 0.5102 0.002
vt 0.4856 0.2256
vt 0.5003 0.2251
vt 0.5264 0.2264
vt 0.5474 0.2294
vt 0.5602 0.0035
vt 0.5671 0.2342
vt 0.6076 0.0081
vt 0.5826 0.2396
vt 0.6576 0.017
vt 0 0
vt 0.3104 0.3711
vt 0.3104 0
vt 0.3104 0.5737
vt 0 1
vt 0.3104 0.7967
vt 0.4491 0.5786
vt 0.4795 0.3711
vt 0.4228 0.5752
vt 0.4671 0.5827
vt 0.3861 0.5737
vt 0.4781 0.7865
vt 0.5136 1
vt 0.4886 0.7825
vt 0.4639 0.7904
vt 0.4454 0.7938
vt 0.4247 0.7959
vt 0.3984 0.7967
vt 0.4981 0.7778
vt 0.5713 0.9974
vt 0.5049 0.7736
vt 0.5357 0.737
vt 0.7809 0.9036
vt 0.7951 0.8856
vt 0.8076 0.8662
vt 0.5399 0.7277
vt 0.8185 0.8455
vt 0.5306 0.746
vt 0.765 0.9202
vt 0.5401 0.6433
vt 0.8136 0.5307
vt 0.8014 0.5093
vt 0.5364 0.6354
vt 0.7873 0.4892
vt 0.7748 0.4741
vt 0.511 0.769
vt 0.618 0.9908
vt 0.4809 0.5872
vt 0.5369 0.3733
vt 0.4912 0.5916
vt 0.5004 0.5966
vt 0.5893 0.3798
vt 0.5055 0.5999
vt 0.5116 0.6047
vt 0.6312 0.3891
vt 0.6641 0.3998
vt 0.5198 0.6124
vt 0.5269 0.6206
vt 0.6942 0.4129
vt 0.7172 0.4256
vt 0.7383 0.4401
vt 0.532 0.6278
vt 0.7575 0.4563
vt 0.5432 0.7179
vt 0.8293 0.8189
vt 0.8377 0.7904
vt 0.8438 0.7599
vt 0.5456 0.7077
vt 0.7475 0.9354
vt 0.5245 0.7545
vt 0.7322 0.9463
vt 0.7116 0.9586
vt 0.7028 0.0815
vt 0.6566 0.2331
vt 1 0.0815
vt 0.4966 0.7619
vt 0.3452 1
vt 0.6548 1
vt 0.5977 0.4317
vt 0 0.0815
vt 0.3346 0.2331
vt 0.2898 0.0815
vt 0.3962 0.4317
vt 0.309 1
vt 0.309 0.6501
vt 0.309 0.4045
vt 0.309 0
vt 0.6467 0.4045
vt 0.6467 0.6501
vt 0.6467 0
vt 0.6467 1
vt 0.957 0
vt 0.957 1
vt 0.8389 0.7523
vt 0.8456 0.7117
vt 0.564 0.6953
vt 0.8307 0.7844
vt 0.8202 0.8143
vt 0.8075 0.8418
vt 0.7951 0.8629
vt 0.7812 0.8824
vt 0.7656 0.9002
vt 0.7486 0.9165
vt 0.7299 0.9311
vt 0.7095 0.9442
vt 0.692 0.9537
vt 0.6636 0.9662
vt 0.6272 0.9784
vt 0.5814 0.989
vt 0.5245 0.9967
vt 0.5591 0.7176
vt 0.5535 0.7355
vt 0.5475 0.7497
vt 0.5416 0.7608
vt 0.535 0.7708
vt 0.5277 0.7798
vt 0.5224 0.7853
vt 0.4472 1
vt 0.5168 0.7902
vt 0.5078 0.7969
vt 0.498 0.8028
vt 0.4874 0.8078
vt 0.476 0.8119
vt 0.4617 0.8156
vt 0.4441 0.8185
vt 0.3839 0.9982
vt 0.4323 0.8195
vt 0.4175 0.8199
vt 0.3977 0.819
vt 0.3834 0.8171
vt 0.3719 0.8144
vt 0.3628 0.8114
vt 0.3545 0.8078
vt 0.3482 0.8043
vt 0.9393 1
vt 0.9393 0.7531
vt 0.6241 0.7531
vt 0.3151 0.7531
vt 0 0.7531
vt 0.6241 0
vt 0.3151 0
vt 0.309 0.2462
vt 0.7913 0
vt 0.7913 0.2462
vt 1 1
vt 1 0
vt 0.057 1
vt 0.057 0
vt 0.1215 1
vt 0.1215 0
vt 0.1838 1
vt 0.1838 0
vt 0.2483 1
vt 0.2483 0
vt 0.3055 1
vt 0.3055 0
vt 0.4899 1
vt 0.4899 0
vt 0.5472 1
vt 0.5472 0
vt 0.6218 1
vt 0.6218 0
vt 0.684 1
vt 0.684 0
vt 0.7586 1
vt 0.7586 0
vt 0.8156 1
vt 0.8156 0
vt 0.0227 1
vt 0.0227 0
vt 0.0414 1
vt 0.0414 0
vt 0.0566 1
vt 0.0566 0
vt 0.0713 1
vt 0.0713 0
vt 0.0855 1
vt 0.0855 0
vt 0.0971 1
vt 0.0971 0
vt 0.1087 1
vt 0.1087 0
vt 0.1156 1
vt 0.1156 0
vt 0.1248 1
vt 0.1248 0
vt 0.1363 1
vt 0.1363 0
vt 0.1478 1
vt 0.1478 0
vt 0.1594 1
vt 0.1594 0
vt 0.1735 1
vt 0.1735 0
vt 0.1879 1
vt 0.1879 0
vt 0.2029 1
vt 0.2029 0
vt 0.2212 1
vt 0.2212 0
vt 0.2349 1
vt 0.2349 0
vt 0.2492 1
vt 0.2492 0
vt 0.2723 1
vt 0.2723 0
vt 0.2913 1
vt 0.2913 0
vt 0.3067 1
vt 0.3067 0
vt 0.3214 1
vt 0.3214 0
vt 0.3357 1
vt 0.3357 0
vt 0.3473 1
vt 0.3473 0
vt 0.3587 1
vt 0.3587 0
vt 0.3656 1
vt 0.3656 0
vt 0.3747 1
vt 0.3747 0
vt 0.3861 1
vt 0.3861 0
vt 0.3974 1
vt 0.3974 0
vt 0.4088 1
vt 0.4088 0
vt 0.4204 1
vt 0.4204 0
vt 0.4346 1
vt 0.4346 0
vt 0.4493 1
vt 0.4673 1
vt 0.4673 0
vt 0.4808 1
vt 0.4808 0
vt 0.4977 1
vt 0.4977 0
vt 0.5219 1
vt 0.5219 0
vt 0.5423 1
vt 0.5423 0
vt 0.5579 1
vt 0.5579 0
vt 0.571 1
vt 0.571 0
vt 0.5789 1
vt 0.5789 0
vt 0.5866 1
vt 0.5866 0
vt 0.5986 1
vt 0.5986 0
vt 0.6104 1
vt 0.6104 0
vt 0.6222 1
vt 0.6222 0
vt 0.6339 1
vt 0.6339 0
vt 0.6457 1
vt 0.6457 0
vt 0.6533 1
vt 0.6533 0
vt 0.6609 1
vt 0.6609 0
vt 0.6733 1
vt 0.6733 0
vt 0.6861 1
vt 0.6861 0
vt 0.7011 1
vt 0.7011 0
vt 0.7169 1
vt 0.7169 0
vt 0.7317 1
vt 0.7317 0
vt 0.7473 1
vt 0.7473 0
vt 0.7725 1
vt 0.7725 0
vt 0.7922 1
vt 0.7922 0
vt 0.8088 1
vt 0.8088 0
vt 0.8214 1
vt 0.8214 0
vt 0.8335 1
vt 0.8335 0
vt 0.8453 1
vt 0.8453 0
vt 0.857 1
vt 0.857 0
vt 0.8688 1
vt 0.8688 0
vt 0.8808 1
vt 0.8808 0
vt 0.893 1
vt 0.893 0
vt 0.9009 1
vt 0.9009 0
vt 0.9089 1
vt 0.9089 0
vt 0.9204 1
vt 0.9204 0
vt 0.9339 1
vt 0.9339 0
vt 0.9478 1
vt 0.9478 0
vt 0.9643 1
vt 0.9643 0
vt 0.9816 1
vt 0.9816 0
vt 0.0389 1
vt 0.0389 0
vt 0.0671 1
vt 0.0671 0
vt 0.087 1
vt 0.087 0
vt 0.1028 1
vt 0.1028 0
vt 0.1175 1
vt 0.1175 0
vt 0.1291 1
vt 0.1291 0
vt 0.1358 1
vt 0.1358 0
vt 0.1423 1
vt 0.1423 0
vt 0.1551 1
vt 0.1551 0
vt 0.1655 1
vt 0.1655 0
vt 0.1758 1
vt 0.1758 0
vt 0.186 1
vt 0.186 0
vt 0.1964 1
vt 0.1964 0
vt 0.2068 1
vt 0.2068 0
vt 0.2197 1
vt 0.2197 0
vt 0.2331 1
vt 0.2331 0
vt 0.24 1
vt 0.24 0
vt 0.2495 1
vt 0.2495 0
vt 0.2663 1
vt 0.2663 0
vt 0.2799 1
vt 0.2799 0
vt 0.293 1
vt 0.293 0
vt 0.3036 1
vt 0.3036 0
vt 0.3139 1
vt 0.3139 0
vt 0.3241 1
vt 0.3241 0
vt 0.3343 1
vt 0.3343 0
vt 0.3445 1
vt 0.3445 0
vt 0.3507 1
vt 0.3507 0
vt 0.357 1
vt 0.357 0
vt 0.3866 1
vt 0.3866 0
vt 0.4022 1
vt 0.4022 0
vt 0.4222 1
vt 0.4222 0
vt 0.4478 1
vt 0.4478 0
vt 0.4763 1
vt 0.4763 0
vt 0.5081 1
vt 0.5081 0
vt 0.5413 1
vt 0.5413 0
vt 0.5653 1
vt 0.5653 0
vt 0.5847 1
vt 0.5847 0
vt 0.6002 1
vt 0.6002 0
vt 0.6147 1
vt 0.6147 0
vt 0.6262 1
vt 0.6262 0
vt 0.6351 1
vt 0.6351 0
vt 0.6438 1
vt 0.6438 0
vt 0.6565 1
vt 0.6565 0
vt 0.6669 1
vt 0.6669 0
vt 0.6772 1
vt 0.6772 0
vt 0.6875 1
vt 0.6875 0
vt 0.6979 1
vt 0.6979 0
vt 0.7084 1
vt 0.7084 0
vt 0.7214 1
vt 0.7214 0
vt 0.7349 1
vt 0.7349 0
vt 0.7514 1
vt 0.7514 0
vt 0.765 1
vt 0.765 0
vt 0.7781 1
vt 0.7781 0
vt 0.7907 1
vt 0.7907 0
vt 0.801 1
vt 0.801 0
vt 0.8112 1
vt 0.8112 0
vt 0.8316 1
vt 0.8316 0
vt 0.8419 1
vt 0.8419 0
vt 0.8482 1
vt 0.8482 0
vt 0.8568 1
vt 0.8568 0
vt 0.8655 1
vt 0.8655 0
vt 0.8769 1
vt 0.8769 0
vt 0.8889 1
vt 0.8889 0
vt 0.9042 1
vt 0.9042 0
vt 0.9235 1
vt 0.9235 0
vt 0.971 1
vt 0.971 0
vt 0.1196 0.1454
vt 0.3462 0.297
vt 0.1466 0.1179
vt 0.3403 0.3055
vt 0.0947 0.176
vt 0.3313 0.3211
vt 0.0802 0.1967
vt 0.1756 0.0935
vt 0.3525 0.289
vt 0.2068 0.0722
vt 0.3661 0.2746
vt 0.3783 0.264
vt 0.24 0.054
vt 0.0665 0.2186
vt 0.3219 0.3419
vt 0.0492 0.2512
vt 0.3913 0.2547
vt 0.2756 0.0387
vt 0.0326 0.2912
vt 0.3141 0.3652
vt 0.0194 0.3341
vt 0.3069 0.3953
vt 0.3009 0.4387
vt 0.0086 0.3858
vt 0.0022 0.4413
vt 0 0.5003
vt 0.2982 0.499
vt 0.0034 0.5733
vt 0.2996 0.5441
vt 0.0118 0.6327
vt 0.3031 0.58
vt 0.3098 0.617
vt 0.0232 0.6804
vt 0.3179 0.6459
vt 0.0384 0.7251
vt 0.3265 0.668
vt 0.0574 0.7667
vt 0.0761 0.7991
vt 0.335 0.6846
vt 0.0974 0.8294
vt 0.1114 0.8466
vt 0.3445 0.6996
vt 0.1317 0.8683
vt 0.3529 0.7103
vt 0.159 0.8934
vt 0.3618 0.7201
vt 0.1885 0.9157
vt 0.3689 0.727
vt 0.22 0.9355
vt 0.2605 0.9557
vt 0.3811 0.7373
vt 0.304 0.9721
vt 0.3941 0.7464
vt 0.4085 0.9947
vt 0.4374 0.7659
vt 0.4524 0.9987
vt 0.4565 0.7705
vt 0.4766 0.7733
vt 0.4977 0.7742
vt 0.4984 1
vt 0.5233 0.773
vt 0.544 0.7699
vt 0.5726 0.9967
vt 0.5636 0.7651
vt 0.579 0.7597
vt 0.633 0.9884
vt 0.5937 0.753
vt 0.6812 0.9772
vt 0.7263 0.9623
vt 0.6076 0.7451
vt 0.7682 0.9437
vt 0.6207 0.7359
vt 0.8007 0.9253
vt 0.6331 0.7255
vt 0.831 0.9043
vt 0.6468 0.7113
vt 0.8481 0.8905
vt 0.8697 0.8706
vt 0.6553 0.7008
vt 0.8944 0.8437
vt 0.663 0.6893
vt 0.9166 0.8147
vt 0.6717 0.6737
vt 0.9361 0.7837
vt 0.9531 0.7506
vt 0.6806 0.6529
vt 0.97 0.7081
vt 0.688 0.6301
vt 0.9831 0.6626
vt 0.6947 0.6008
vt 0.6996 0.5638
vt 0.9937 0.6058
vt 0.9981 0.5627
vt 1 0.5082
vt 0.7018 0.5122
vt 0.9967 0.4305
vt 0.7004 0.4629
vt 0.988 0.3655
vt 0.6964 0.4187
vt 0.0542 1
vt 0.0542 0
vt 0.0603 1
vt 0.0603 0
vt 0.0649 1
vt 0.0649 0
vt 0.0686 1
vt 0.0686 0
vt 0.0718 1
vt 0.0718 0
vt 0.0736 1
vt 0.0736 0
vt 0.0758 1
vt 0.0758 0
vt 0.0786 1
vt 0.0786 0
vt 0.0813 1
vt 0.0813 0
vt 0.084 1
vt 0.084 0
vt 0.0868 1
vt 0.0868 0
vt 0.0895 1
vt 0.0895 0
vt 0.0923 1
vt 0.0923 0
vt 0.0951 1
vt 0.0951 0
vt 0.0987 1
vt 0.0987 0
vt 0.1011 1
vt 0.1011 0
vt 0.1043 1
vt 0.1043 0
vt 0.1085 1
vt 0.1085 0
vt 0.112 1
vt 0.112 0
vt 0.1148 1
vt 0.1148 0
vt 0.1171 1
vt 0.1171 0
vt 0.1194 1
vt 0.1194 0
vt 0.1229 1
vt 0.1229 0
vt 0.1243 1
vt 0.1243 0
vt 0.1267 1
vt 0.1267 0
vt 0.1286 1
vt 0.1286 0
vt 0.1305 1
vt 0.1305 0
vt 0.132 1
vt 0.132 0
vt 0.1335 1
vt 0.1335 0
vt 0.1349 1
vt 0.1349 0
vt 0.1378 1
vt 0.1378 0
vt 0.1387 1
vt 0.1387 0
vt 0.1396 1
vt 0.1396 0
vt 0.141 1
vt 0.141 0
vt 0.1438 1
vt 0.1438 0
vt 0.1452 1
vt 0.1452 0
vt 0.1466 1
vt 0.1466 0
vt 0.1484 1
vt 0.1484 0
vt 0.1502 1
vt 0.1502 0
vt 0.152 1
vt 0.152 0
vt 0.1543 1
vt 0.1543 0
vt 0.1558 1
vt 0.1558 0
vt 0.1578 1
vt 0.1578 0
vt 0.1611 1
vt 0.1611 0
vt 0.1662 1
vt 0.1662 0
vt 0.1745 1
vt 0.1745 0
vt 0.1856 1
vt 0.1856 0
vt 0.2203 1
vt 0.2203 0
vt 0.23 1
vt 0.23 0
vt 0.2369 1
vt 0.2369 0
vt 0.244 1
vt 0.244 0
vt 0.2538 1
vt 0.2538 0
vt 0.2578 1
vt 0.2578 0
vt 0.2617 1
vt 0.2617 0
vt 0.2656 1
vt 0.2656 0
vt 0.2695 1
vt 0.2695 0
vt 0.2735 1
vt 0.2735 0
vt 0.2784 1
vt 0.2784 0
vt 0.2809 1
vt 0.2809 0
vt 0.2843 1
vt 0.2843 0
vt 0.2888 1
vt 0.2888 0
vt 0.2977 1
vt 0.2977 0
vt 0.3022 1
vt 0.3022 0
vt 0.3097 1
vt 0.3097 0
vt 0.3127 1
vt 0.3127 0
vt 0.3169 1
vt 0.3169 0
vt 0.3261 1
vt 0.3261 0
vt 0.3312 1
vt 0.3312 0
vt 0.3365 1
vt 0.3365 0
vt 0.3406 1
vt 0.3406 0
vt 0.3449 1
vt 0.3449 0
vt 0.3582 1
vt 0.3582 0
vt 0.368 1
vt 0.368 0
vt 0.3789 1
vt 0.3789 0
vt 0.391 1
vt 0.391 0
vt 0.4057 1
vt 0.4057 0
vt 0.4167 1
vt 0.4167 0
vt 0.4256 1
vt 0.4256 0
vt 0.4329 1
vt 0.4329 0
vt 0.4388 1
vt 0.4388 0
vt 0.4426 1
vt 0.4426 0
vt 0.4472 0
vt 0.4517 1
vt 0.4517 0
vt 0.4562 1
vt 0.4562 0
vt 0.4607 1
vt 0.4607 0
vt 0.4653 1
vt 0.4653 0
vt 0.4699 1
vt 0.4699 0
vt 0.4757 1
vt 0.4757 0
vt 0.4817 1
vt 0.4817 0
vt 0.488 1
vt 0.488 0
vt 0.4959 1
vt 0.4959 0
vt 0.5496 1
vt 0.5496 0
vt 0.5539 1
vt 0.5539 0
vt 0.5604 1
vt 0.5604 0
vt 0.5628 1
vt 0.5628 0
vt 0.5673 1
vt 0.5673 0
vt 0.5688 1
vt 0.5688 0
vt 0.5702 1
vt 0.5702 0
vt 0.5723 1
vt 0.5723 0
vt 0.5745 1
vt 0.5745 0
vt 0.5767 1
vt 0.5767 0
vt 0.579 1
vt 0.579 0
vt 0.5818 1
vt 0.5818 0
vt 0.5852 1
vt 0.5852 0
vt 0.5875 1
vt 0.5875 0
vt 0.5903 1
vt 0.5903 0
vt 0.5941 1
vt 0.5941 0
vt 0.5968 1
vt 0.5968 0
vt 0.5991 1
vt 0.5991 0
vt 0.6009 1
vt 0.6009 0
vt 0.6026 1
vt 0.6026 0
vt 0.604 1
vt 0.604 0
vt 0.6051 1
vt 0.6051 0
vt 0.6061 1
vt 0.6061 0
vt 0.6077 1
vt 0.6077 0
vt 0.6091 1
vt 0.6091 0
vt 0.6106 1
vt 0.6106 0
vt 0.6117 1
vt 0.6117 0
vt 0.6128 1
vt 0.6128 0
vt 0.614 1
vt 0.614 0
vt 0.6151 1
vt 0.6151 0
vt 0.6163 1
vt 0.6163 0
vt 0.617 1
vt 0.617 0
vt 0.6179 1
vt 0.6179 0
vt 0.6188 1
vt 0.6188 0
vt 0.6197 1
vt 0.6197 0
vt 0.6205 1
vt 0.6205 0
vt 0.6214 1
vt 0.6214 0
vt 0.6232 1
vt 0.6232 0
vt 0.6243 1
vt 0.6255 1
vt 0.6255 0
vt 0.6272 1
vt 0.6272 0
vt 0.6281 1
vt 0.6281 0
vt 0.6294 1
vt 0.6294 0
vt 0.6312 1
vt 0.6312 0
vt 0.6344 1
vt 0.6344 0
vt 0.6403 1
vt 0.6403 0
vt 0.6476 1
vt 0.6476 0
vt 0.6817 1
vt 0.6817 0
vt 0.6937 1
vt 0.6937 0
vt 0.7035 1
vt 0.7035 0
vt 0.7105 1
vt 0.7105 0
vt 0.7165 1
vt 0.7165 0
vt 0.7215 1
vt 0.7215 0
vt 0.7263 1
vt 0.7263 0
vt 0.7304 1
vt 0.7304 0
vt 0.7328 1
vt 0.7328 0
vt 0.735 1
vt 0.735 0
vt 0.7396 1
vt 0.7396 0
vt 0.744 1
vt 0.744 0
vt 0.7485 1
vt 0.7485 0
vt 0.7531 1
vt 0.7531 0
vt 0.7583 1
vt 0.7583 0
vt 0.7636 1
vt 0.7636 0
vt 0.7692 1
vt 0.7692 0
vt 0.7747 1
vt 0.7747 0
vt 0.7802 1
vt 0.7802 0
vt 0.7856 1
vt 0.7856 0
vt 0.7911 1
vt 0.7946 1
vt 0.7946 0
vt 0.7982 1
vt 0.7982 0
vt 0.8039 1
vt 0.8039 0
vt 0.8095 1
vt 0.8095 0
vt 0.8151 1
vt 0.8151 0
vt 0.8209 1
vt 0.8209 0
vt 0.8267 1
vt 0.8267 0
vt 0.8304 1
vt 0.8304 0
vt 0.8342 1
vt 0.8342 0
vt 0.8413 1
vt 0.8413 0
vt 0.8497 1
vt 0.8497 0
vt 0.8595 1
vt 0.8595 0
vt 0.8692 1
vt 0.8692 0
vt 0.8795 1
vt 0.8795 0
vt 0.8971 1
vt 0.8971 0
vt 0.9097 1
vt 0.9097 0
vt 0.9196 1
vt 0.9196 0
vt 0.9274 1
vt 0.9274 0
vt 0.9334 1
vt 0.9334 0
vt 0.9391 0
vt 0.9434 1
vt 0.9434 0
vt 0.9455 1
vt 0.9455 0
vt 0.9486 1
vt 0.9486 0
vt 0.9557 1
vt 0.9557 0
vt 0.9617 1
vt 0.9617 0
vt 0.9677 1
vt 0.9677 0
vt 0.9737 1
vt 0.9737 0
vt 0.9808 1
vt 0.9808 0
vt 0.9881 1
vt 0.9881 0
vt 0.9934 1
vt 0.9934 0
vt 0.1492 1
vt 0.1492 0
vt 0.1797 1
vt 0.1797 0
vt 0.1909 1
vt 0.1909 0
vt 0.1999 1
vt 0.1999 0
vt 0.2085 1
vt 0.2085 0
vt 0.2155 1
vt 0.2155 0
vt 0.2277 1
vt 0.2277 0
vt 0.2344 1
vt 0.2344 0
vt 0.2411 1
vt 0.2411 0
vt 0.2477 1
vt 0.2477 0
vt 0.2545 1
vt 0.2545 0
vt 0.2629 1
vt 0.2629 0
vt 0.2715 1
vt 0.2715 0
vt 0.29 1
vt 0.29 0
vt 0.3 1
vt 0.3 0
vt 0.312 1
vt 0.312 0
vt 0.3233 1
vt 0.3233 0
vt 0.3325 1
vt 0.3325 0
vt 0.3415 1
vt 0.3415 0
vt 0.3487 1
vt 0.3487 0
vt 0.3559 1
vt 0.3559 0
vt 0.363 1
vt 0.363 0
vt 0.3687 1
vt 0.3687 0
vt 0.3759 1
vt 0.3759 0
vt 0.3832 1
vt 0.3832 0
vt 0.3906 1
vt 0.3906 0
vt 0.3983 1
vt 0.3983 0
vt 0.4078 1
vt 0.4078 0
vt 0.4179 1
vt 0.4179 0
vt 0.4303 1
vt 0.4303 0
vt 0.4457 1
vt 0.4457 0
vt 0.4624 1
vt 0.4624 0
vt 0.5115 1
vt 0.5115 0
vt 0.6193 1
vt 0.6193 0
vt 0.7095 1
vt 0.7095 0
vt 0.1368 1
vt 0.1368 0
vt 0.169 1
vt 0.169 0
vt 0.1915 1
vt 0.1915 0
vt 0.2091 1
vt 0.2091 0
vt 0.2227 1
vt 0.2227 0
vt 0.2355 1
vt 0.2355 0
vt 0.2429 1
vt 0.2429 0
vt 0.2523 1
vt 0.2523 0
vt 0.2792 1
vt 0.2792 0
vt 0.2899 1
vt 0.2899 0
vt 0.3006 1
vt 0.3006 0
vt 0.3112 1
vt 0.3112 0
vt 0.3219 1
vt 0.3219 0
vt 0.3327 1
vt 0.3327 0
vt 0.346 1
vt 0.346 0
vt 0.3528 1
vt 0.3528 0
vt 0.3621 1
vt 0.3621 0
vt 0.3778 1
vt 0.3778 0
vt 0.4035 1
vt 0.4035 0
vt 0.4161 1
vt 0.4161 0
vt 0.4286 1
vt 0.4286 0
vt 0.4412 1
vt 0.4412 0
vt 0.4539 1
vt 0.4539 0
vt 0.4603 1
vt 0.4603 0
vt 0.4691 1
vt 0.4691 0
vt 0.478 1
vt 0.478 0
vt 0.4873 1
vt 0.4873 0
vt 0.497 1
vt 0.497 0
vt 0.5098 1
vt 0.5098 0
vt 0.5236 1
vt 0.5236 0
vt 0.5415 1
vt 0.5415 0
vt 0.5644 1
vt 0.5644 0
vt 0.5897 1
vt 0.5897 0
vt 0.7287 1
vt 0.7287 0
vt 0.6553 0.9816
vt 0.5164 0.764
vt 0.6847 0.9713
vt 0.5212 0.7587
vt 0.5471 0.6971
vt 0.8474 0.7274
vt 0.5477 0.6842
vt 0.8486 0.693
vt 0.5475 0.6765
vt 0.8468 0.6519
vt 0.8414 0.6134
vt 0.547 0.671
vt 0.834 0.5825
vt 0.5453 0.6602
vt 0.8239 0.5534
vt 0.5431 0.6516
vt 0.1182 1
vt 0.1182 0
vt 0.5 1
vt 0.5 0
vt 0.6182 1
vt 0.6182 0
vt 0.2422 1
vt 0.2422 0
vt 0.3871 1
vt 0.3871 0
vt 0.5813 1
vt 0.5813 0
vt 0.8551 1
vt 0.8551 0
vt 0.9363 1
vt 0.9363 0
vt 0.1373 1
vt 0.1373 0
vt 0.5007 1
vt 0.5007 0
vt 0.5892 1
vt 0.5892 0
vt 0.8697 1
vt 0.8697 0
vt 0.9547 1
vt 0.9547 0
vt 0.7741 1
vt 0.7741 0
vt 0.0863 1
vt 0.0863 0
vt 0.2966 1
vt 0.2966 0
vt 0.4313 1
vt 0.4313 0
vt 0.7209 1
vt 0.7209 0
vt 0.6667 0.1776
vt 0.3333 0.1776
vt 0.3333 1
vt 0.3333 0.0285
vt 0.6667 0.0285
vt 0.3333 0
vt 0.3333 0.1553
vt 0.6667 0.1553
vt 0 0.1553
vt 0 0.1776
vt 1 0.1553
vt 1 0.1776
vt 0.3611 0.6326
vt 0.3889 0.6326
vt 0.3889 0.5986
vt 0.3611 0.5986
vt 0.3333 0.6326
vt 0.3333 0.5986
vt 0.3056 0.6326
vt 0.3056 0.5986
vt 0.2778 0.6326
vt 0.2778 0.5986
vt 0.25 0.6326
vt 0.25 0.5986
vt 0.2222 0.6326
vt 0.2222 0.5986
vt 0.1944 0.6326
vt 0.1944 0.5986
vt 0.1667 0.6326
vt 0.1667 0.5986
vt 0.1389 0.6326
vt 0.1389 0.5986
vt 0.1111 0.6326
vt 0.1111 0.5986
vt 0.0833 0.6326
vt 0.0833 0.5986
vt 0.0556 0.6326
vt 0.0556 0.5986
vt 0.0278 0.6326
vt 0.0278 0.5986
vt 0 0.6326
vt 0 0.5986
vt 0.4167 0.5986
vt 0.4167 0.6326
vt 0.4444 0.5986
vt 0.4444 0.6326
vt 0.4722 0.5986
vt 0.4722 0.6326
vt 0.5 0.5986
vt 0.5 0.6326
vt 0.5278 0.5986
vt 0.5278 0.6326
vt 0.5556 0.5986
vt 0.5556 0.6326
vt 0.5833 0.5986
vt 0.5833 0.6326
vt 0.6111 0.5986
vt 0.6111 0.6326
vt 0.6389 0.5986
vt 0.6389 0.6326
vt 0.6667 0.5986
vt 0.6667 0.6326
vt 0.6944 0.5986
vt 0.6944 0.6326
vt 0.7222 0.5986
vt 0.7222 0.6326
vt 0.75 0.5986
vt 0.75 0.6326
vt 0.7778 0.5986
vt 0.7778 0.6326
vt 0.8056 0.5986
vt 0.8056 0.6326
vt 0.8333 0.5986
vt 0.8333 0.6326
vt 0.8611 0.5986
vt 0.8611 0.6326
vt 0.8889 0.5986
vt 0.8889 0.6326
vt 0.9167 0.5986
vt 0.9167 0.6326
vt 0.9444 0.5986
vt 0.9444 0.6326
vt 0.9722 0.5986
vt 0.9722 0.6326
vt 1 0.5986
vt 1 0.6326
vt 0 0.3313
vt 1 0.3313
vt 1 0.6719
vt 0 0.6719
vt 0.25 0.2736
vt 0.1651 0.2736
vt 0.1627 0.2736
vt 0.25 0.335
vt 0.1627 0.335
vt 0.1651 0.335
vt 0.75 0.2736
vt 0.8411 0.2736
vt 0.8385 0.2736
vt 0.75 0.335
vt 0.8385 0.335
vt 0.8411 0.335
vt 0.3349 0.335
vt 0.3349 0.2736
vt 0.6589 0.2736
vt 0.6589 0.335
vt 0 0.335
vt 0 0.2736
vt 1 0.2736
vt 1 0.335
vt 0.5 0.2736
vt 0.3373 0.2736
vt 0.5 0.335
vt 0.3373 0.335
vt 0.5576 0.0018
vt 0.5026 0
vt 0.4189 0.0036
vt 0.3543 0.0124
vt 0.6542 0.0164
vt 0.6081 0.0073
vt 0.3055 0.0237
vt 0.6886 0.0265
vt 0.2742 0.0339
vt 0.7167 0.0376
vt 0.2451 0.0458
vt 0.7397 0.0488
vt 0.2176 0.06
vt 0.7586 0.0596
vt 0.7854 0.0777
vt 0.1912 0.0769
vt 0.1659 0.0966
vt 0.8105 0.0982
vt 0.1383 0.1224
vt 0.8337 0.121
vt 0.8575 0.1491
vt 0.109 0.1556
vt 0.8749 0.1736
vt 0.628 0.7182
vt 0.6167 0.7301
vt 0.9138 0.7462
vt 0.6385 0.7051
vt 0.9314 0.6992
vt 0.6433 0.698
vt 0.6675 0.6405
vt 0.6563 0.6721
vt 0.6481 0.6896
vt 0.6044 0.7406
vt 0.5912 0.7499
vt 0.8934 0.789
vt 0.5772 0.7579
vt 0.5638 0.764
vt 0.5499 0.7688
vt 0.5339 0.7728
vt 0.5171 0.7753
vt 0.5067 0.7761
vt 0.496 0.7764
vt 0.0737 0.8029
vt 0.4723 0.7752
vt 0.8703 0.8279
vt 0.4536 0.7724
vt 0.0944 0.8329
vt 0.8478 0.8585
vt 0.0556 0.7707
vt 0.4359 0.768
vt 0.4191 0.762
vt 0.4032 0.7543
vt 0.3883 0.745
vt 0.3744 0.734
vt 0.0372 0.7291
vt 0.3614 0.7214
vt 0.3517 0.7102
vt 0.1276 0.8711
vt 0.8231 0.8861
vt 0.108 0.8498
vt 0.1542 0.8956
vt 0.8004 0.9073
vt 0.1829 0.9175
vt 0.7761 0.9261
vt 0.2138 0.9369
vt 0.0225 0.6843
vt 0.3404 0.6947
vt 0.3326 0.6819
vt 0.3244 0.6647
vt 0.3173 0.6455
vt 0.0115 0.6363
vt 0.3105 0.6206
vt 0.3042 0.5845
vt 0.0033 0.5762
vt 0.3008 0.5488
vt 0.2995 0.5043
vt 0 0.5023
vt 0.001 0.46
vt 0.3028 0.4275
vt 0.0035 0.4263
vt 0.3089 0.3824
vt 0.0116 0.3687
vt 0.3159 0.3518
vt 0.3234 0.3288
vt 0.0228 0.321
vt 0.3307 0.3118
vt 0.339 0.2968
vt 0.3426 0.2914
vt 0.3483 0.2839
vt 0.0376 0.2767
vt 0.3584 0.2726
vt 0.3694 0.2624
vt 0.3811 0.2535
vt 0.3937 0.2457
vt 0.0537 0.2406
vt 0.407 0.2392
vt 0.4211 0.2338
vt 0.436 0.2296
vt 0.4549 0.2262
vt 0.4682 0.2249
vt 0.0726 0.207
vt 0.4855 0.2243
vt 0.9083 0.2357
vt 0.5119 0.2255
vt 0.5332 0.2286
vt 0.5501 0.2328
vt 0.5659 0.2383
vt 0.9249 0.2783
vt 0.5781 0.244
vt 0.5895 0.2506
vt 0.6 0.2583
vt 0.6078 0.265
vt 0.6151 0.2724
vt 0.6269 0.2868
vt 0.9406 0.3331
vt 0.6378 0.3028
vt 0.649 0.3232
vt 0.6602 0.3489
vt 0.6699 0.3773
vt 0.6788 0.4123
vt 0.8888 0.1967
vt 0.0904 0.1803
vt 0.4343 0.9981
vt 0.4888 1
vt 0.5587 0.997
vt 0.3912 0.9938
vt 0.6164 0.9893
vt 0.3344 0.9833
vt 0.6633 0.9785
vt 0.289 0.9703
vt 0.7011 0.9658
vt 0.2467 0.9536
vt 0.7359 0.9503
vt 0.7544 0.9402
vt 0.5007 0.6899
vt 0.358 0.4658
vt 0.6426 0.4658
vt 0.358 0.0809
vt 0.6426 0.0809
vt 0.3155 1
vt 0.0019 0.5436
vt 0.5 0.5
vt 0.9981 0.5436
vt 1 0.5
vt 0.0076 0.5868
vt 0.9924 0.5868
vt 0.017 0.6294
vt 0.983 0.6294
vt 0.0302 0.671
vt 0.9698 0.671
vt 0.0468 0.7113
vt 0.9532 0.7113
vt 0.067 0.75
vt 0.933 0.75
vt 0.0904 0.7868
vt 0.9096 0.7868
vt 0.117 0.8214
vt 0.883 0.8214
vt 0.1464 0.8536
vt 0.8536 0.8536
vt 0.1786 0.883
vt 0.8214 0.883
vt 0.2132 0.9096
vt 0.7868 0.9096
vt 0.25 0.933
vt 0.75 0.933
vt 0.5436 0.9981
vt 0.5868 0.9924
vt 0.3706 0.983
vt 0.4132 0.9924
vt 0.5278 0.9865
vt 0.5 0.9865
vt 0.5278 1
vt 0.2887 0.9532
vt 0.329 0.9698
vt 0.7113 0.9532
vt 0.671 0.9698
vt 0.6294 0.983
vt 0.4564 0.9981
vt 0.5779 0.7533
vt 0.7741 0.9584
vt 0.7924 0.9474
vt 0.8096 0.9348
vt 0.5818 0.7464
vt 0.8256 0.9205
vt 0.8405 0.9046
vt 0.585 0.7391
vt 0.8561 0.8844
vt 0.8681 0.8652
vt 0.5877 0.7314
vt 0.8784 0.8449
vt 0.8869 0.8234
vt 0.8935 0.8008
vt 0.5915 0.7109
vt 0.9015 0.7485
vt 0.9025 0.7224
vt 0.5916 0.6875
vt 0.8973 0.6624
vt 0.8913 0.6363
vt 0.8841 0.6144
vt 0.5903 0.6788
vt 0.8762 0.5961
vt 0.867 0.5788
vt 0.5883 0.6705
vt 0.8533 0.5578
vt 0.838 0.5383
vt 0.5225 0.6085
vt 0.6608 0.4413
vt 0.4803 0.5997
vt 0.4693 0.3056
vt 0.7907 0.3519
vt 0.8218 0.3102
vt 0.834 0.2898
vt 0.8288 0.2992
vt 0.9836 0
vt 0.4245 0.3729
vt 0.4194 0.3778
vt 0.5855 0.6624
vt 0.8209 0.5203
vt 0.8021 0.5037
vt 0.582 0.6546
vt 0.7862 0.4919
vt 0.7694 0.4809
vt 0.5309 0.6106
vt 0.5388 0.6134
vt 0.5453 0.6164
vt 0.5514 0.62
vt 0.5572 0.6241
vt 0.5635 0.6297
vt 0.4341 0.3618
vt 0.4476 0.3429
vt 0.3104 0.4059
vt 0.3104 0.5948
vt 0.3377 0.4059
vt 0.3477 0.4055
vt 0.3574 0.4045
vt 0.4407 0.5948
vt 0.3701 0.4022
vt 0.3807 0.3991
vt 0.3911 0.3951
vt 0.4024 0.3895
vt 0.5614 0.7722
vt 0.6234 0.9957
vt 0.5561 0.7762
vt 0.4718 0.7974
vt 0.515 1
vt 0.4461 0.7981
vt 0.3104 0.7981
vt 0.492 0.7958
vt 0.5149 0.7921
vt 0.5303 0.7881
vt 0.901 0.69
vt 0.5921 0.6978
vt 0.5502 0.7798
vt 0.5418 0.7839
vt 0.7546 0.9677
vt 0.3358 0.4286
vt 0.3358 0.5714
vt 0.157 0.5714
vt 0.1557 0.4286
vt 0.157 1
vt 0.157 0
vt 0.7906 0.6276
vt 0.7906 0.4236
vt 0.3097 0.4236
vt 0.3097 0.6276
vt 0.3097 0.7865
vt 0.3097 0.2265
vt 0.8281 1
vt 0.8281 0.7865
vt 0.8431 0
vt 0.8431 0.2265
vt 1 0.111
vt 0.775 0.111
vt 0.775 0.789
vt 0.6389 1
vt 0.5006 0.4591
vt 0.398 0.111
vt 0.6017 0.111
vt 0.225 0.789
vt 0.3613 1
vt 0 0.111
vt 0.225 0.111
vt 0.5735 0.0019
vt 0.5086 0
vt 0.4296 0.0034
vt 0.6341 0.0075
vt 0.3694 0.0114
vt 0.6992 0.0189
vt 0.3196 0.0226
vt 0.7503 0.0327
vt 0.2787 0.0357
vt 0.7837 0.0446
vt 0.2549 0.0455
vt 0.8142 0.0574
vt 0.2279 0.0587
vt 0.8837 0.0926
vt 0.1944 0.079
vt 0.1635 0.1022
vt 0.9848 0.1557
vt 0.135 0.1283
vt 0.109 0.1574
vt 0.5528 0.213
vt 0.0855 0.1894
vt 0.5231 0.2117
vt 0.0721 0.2109
vt 0.5065 0.2122
vt 0.5816 0.217
vt 0.0597 0.2335
vt 0.6003 0.221
vt 0.4905 0.2135
vt 0.6187 0.2263
vt 0.4676 0.217
vt 0.6492 0.2376
vt 0.6846 0.2543
vt 0.723 0.2757
vt 0.4461 0.2225
vt 0.4292 0.2286
vt 0.4132 0.236
vt 0.9848 0.5679
vt 0.723 0.3668
vt 0.5231 0.3668
vt 0.5231 0.5679
vt 0.0401 0.2764
vt 0.3981 0.2447
vt 0.384 0.2548
vt 0.3708 0.2662
vt 0.3585 0.279
vt 0.0245 0.3215
vt 0.3494 0.2904
vt 0.3431 0.2996
vt 0.3336 0.3165
vt 0.3252 0.3351
vt 0.0126 0.3689
vt 0.3167 0.3599
vt 0.3089 0.3921
vt 0.004 0.4241
vt 0.3023 0.4386
vt 0.0012 0.4586
vt 0.2995 0.5033
vt 0.0032 0.5677
vt 0.3006 0.5431
vt 0.304 0.5798
vt 0.0115 0.6257
vt 0.3108 0.6179
vt 0.3191 0.648
vt 0.0235 0.6751
vt 0.3281 0.6712
vt 0.3368 0.6888
vt 0.0377 0.7168
vt 0.3468 0.7049
vt 0.3578 0.7193
vt 0.0506 0.7467
vt 0.3674 0.7298
vt 0.375 0.7371
vt 0.3882 0.7482
vt 0.0653 0.7754
vt 0.4022 0.7579
vt 0.4169 0.7662
vt 0.4325 0.7732
vt 0.4489 0.7788
vt 0.0878 0.8114
vt 0.4696 0.7837
vt 0.4915 0.7866
vt 0.5145 0.7876
vt 0.9449 0.7992
vt 0.5325 0.787
vt 0.5472 0.7856
vt 0.5658 0.7825
vt 0.5832 0.7778
vt 0.5974 0.7726
vt 0.6106 0.7661
vt 0.9289 0.8298
vt 0.1099 0.8406
vt 0.9108 0.8579
vt 0.1345 0.8675
vt 0.8928 0.8809
vt 0.1615 0.8922
vt 0.8776 0.8974
vt 0.9588 0.7659
vt 0.1952 0.9178
vt 0.8637 0.9105
vt 0.8414 0.9284
vt 0.2225 0.9351
vt 0.8174 0.9443
vt 0.2566 0.9532
vt 0.7916 0.9581
vt 0.2898 0.967
vt 0.7609 0.971
vt 0.623 0.7586
vt 0.3313 0.9796
vt 0.7334 0.9795
vt 0.7017 0.9866
vt 0.3826 0.9901
vt 0.6364 0.9954
vt 0.4452 0.9973
vt 0.5211 1
vt 0.6344 0.7499
vt 0.6435 0.7417
vt 0.6531 0.7312
vt 0.9716 0.7263
vt 0.6618 0.7197
vt 0.6694 0.7072
vt 0.677 0.6917
vt 0.6834 0.6748
vt 0.9481 0.5633
vt 0.9166 0.6654
vt 0.8908 0.7308
vt 0.8652 0.7833
vt 0.9606 0.5036
vt 0.8402 0.8248
vt 0.9642 0.4738
vt 0.9653 0.4471
vt 0.8164 0.8572
vt 0.9635 0.4163
vt 0.7941 0.8819
vt 0.9594 0.3896
vt 0.7678 0.906
vt 0.953 0.3637
vt 0.7443 0.9246
vt 0.9442 0.3387
vt 0.9371 0.3225
vt 0.7115 0.9461
vt 0.9274 0.3042
vt 0.6816 0.962
vt 0.9129 0.2813
vt 0.6505 0.9751
vt 0.8939 0.2569
vt 0.6182 0.9855
vt 0.8721 0.2335
vt 0.7291 0.6056
vt 0.7212 0.6254
vt 0.7119 0.6436
vt 0.7012 0.6601
vt 0.7342 0.5897
vt 0.5799 0.994
vt 0.7375 0.5764
vt 0.6912 0.6727
vt 0.7405 0.5593
vt 0.6803 0.6842
vt 0.6685 0.6945
vt 0.6557 0.7037
vt 0.7418 0.5427
vt 0.7416 0.5286
vt 0.7401 0.5151
vt 0.5503 0.998
vt 0.8473 0.2111
vt 0.642 0.7118
vt 0.6333 0.7162
vt 0.6212 0.7213
vt 0.7373 0.5019
vt 0.5202 1
vt 0.6052 0.7265
vt 0.5881 0.7302
vt 0.7333 0.4893
vt 0.7289 0.4789
vt 0.7227 0.4672
vt 0.4794 0.9995
vt 0.57 0.7324
vt 0.5469 0.7331
vt 0.8167 0.1876
vt 0.4326 0.9948
vt 0.5182 0.7311
vt 0.4828 0.7252
vt 0.7153 0.4561
vt 0.7068 0.4455
vt 0.6956 0.4341
vt 0.6828 0.4234
vt 0.3793 0.9841
vt 0.4497 0.7169
vt 0.4146 0.7056
vt 0.3193 0.966
vt 0.2835 0.9522
vt 0.359 0.6831
vt 0.2543 0.9391
vt 0.3204 0.663
vt 0.2087 0.9145
vt 0.2947 0.6463
vt 0.2757 0.6312
vt 0.171 0.8896
vt 0.262 0.6182
vt 0.2503 0.6046
vt 0.2441 0.5963
vt 0.237 0.5848
vt 0.1365 0.862
vt 0.2297 0.5702
vt 0.2237 0.5551
vt 0.2193 0.5397
vt 0.2163 0.5238
vt 0.1051 0.8316
vt 0.2148 0.5076
vt 0.2147 0.4909
vt 0.2166 0.4704
vt 0.2205 0.4494
vt 0.2243 0.435
vt 0.0891 0.8138
vt 0.2291 0.4204
vt 0.0745 0.7955
vt 0.2394 0.3949
vt 0.0538 0.7651
vt 0.3227 0
vt 0.0364 0.7334
vt 0.2517 0.3709
vt 0.261 0.3558
vt 0.2713 0.3414
vt 0.2906 0.3183
vt 0.3161 0.2926
vt 0.0224 0.7005
vt 0.3466 0.2657
vt 0.6826 0.1272
vt 0.4261 0.2938
vt 0.54 0.5303
vt 0.3644 0.4682
vt 0.2364 0.0688
vt 0.0117 0.6663
vt 0.0044 0.6309
vt 0.1842 0.1186
vt 0.0011 0.6032
vt 0.1636 0.1413
vt 0 0.5794
vt 0.1429 0.1667
vt 0.0011 0.5397
vt 0.1151 0.2071
vt 0.0067 0.4927
vt 0.0851 0.2605
vt 0.0183 0.4377
vt 0.0614 0.3116
vt 0.0398 0.3677
vt 0.9563 1
vt 0.9563 0
vt 0.6651 0
vt 0.6651 0.4468
vt 0.6651 1
vt 0.2906 0.5491
vt 0.2885 1
vt 0.2906 0
vt 0.2416 0
vt 0.2416 1
vt 0.177 0.8477
vt 0.8413 0.1835
vt 0.1791 0.8456
vt -0.2416 0
vt -0.2416 1
vt 0.2709 0.9433
vt 0.7291 0.9433
vt 0.8922 0.6667
vt 0.1078 0.6667
vt 0.1078 0.7457
vt 0.8922 0.7457
vt 0.1078 0.3333
vt 0.8922 0.3333
vt 0.8922 0.2543
vt 0.1078 0.2543
vt 0 0.0285
vt 1 0.0285
vt 0 0.6667
vt 1 0.6667
vt 1 0.3333
vt 0 0.3333
vt 0.0278 0.9865
vt 0 0.9865
vt 0.0278 1
vt 0.0556 0.9865
vt 0.0556 1
vt 0.0833 0.9865
vt 0.0833 1
vt 0.1111 0.9865
vt 0.1111 1
vt 0.1389 0.9865
vt 0.1667 0.9865
vt 0.1667 1
vt 0.1944 0.9865
vt 0.1944 1
vt 0.2222 0.9865
vt 0.2222 1
vt 0.25 0.9865
vt 0.25 1
vt 0.2778 0.9865
vt 0.2778 1
vt 0.3056 0.9865
vt 0.5 0.6667
vt 0.5278 0.6667
vt 0.5556 0.6667
vt 0.5833 0
vt 0.5556 0
vt 0.5556 0.0112
vt 0.5833 0.0112
vt 0.6111 0
vt 0.6111 0.0112
vt 0.6389 0
vt 0.6389 0.0112
vt 0.6667 0.0112
vt 0.6944 0
vt 0.6944 0.0112
vt 0.7222 0
vt 0.7222 0.0112
vt 0.75 0
vt 0.75 0.0112
vt 0.7778 0
vt 0.7778 0.0112
vt 0.8056 0
vt 0.8056 0.0112
vt 0.8333 0
vt 0.8333 0.0112
vt 0.8611 0
vt 0.8611 0.0112
vt 0.8889 0.0112
vt 0.9167 0
vt 0.9167 0.0112
vt 0.9444 0
vt 0.9444 0.0112
vt 0.9722 0
vt 0.9722 0.0112
vt 1 0.0112
vt 0.4722 0.6667
vt 0.4444 0.6667
vt 0.4167 0.6667
vt 0.3889 0.6667
vt 0.3611 0.6667
vt 0.3333 0.6667
vt 0.3056 0.6667
vt 0.2778 0.6667
vt 0.25 0.6667
vt 0.2222 0.6667
vt 0.1944 0.6667
vt 0.1667 0.6667
vt 0.1389 0.6667
vt 0.1111 0.6667
vt 0.0833 0.6667
vt 0.0556 0.6667
vt 0.0278 0.6667
vt 0.5833 0.6667
vt 0.6111 0.6667
vt 0.6389 0.6667
vt 0.6667 0.6667
vt 0.6944 0.6667
vt 0.7222 0.6667
vt 0.75 0.6667
vt 0.7778 0.6667
vt 0.8056 0.6667
vt 0.8333 0.6667
vt 0.8611 0.6667
vt 0.8889 0.6667
vt 0.9167 0.6667
vt 0.9444 0.6667
vt 0.9722 0.6667
vt 0.5278 0.0112
vt 0.5278 0
vt 0.5 0.0112
vt 0.4722 0.0112
vt 0.4722 0
vt 0.4444 0.0112
vt 0.4444 0
vt 0.4167 0.0112
vt 0.3889 0.0112
vt 0.3889 0
vt 0.3611 0.0112
vt 0.3611 0
vt 0.5 0.5646
vt 0.5278 0.5646
vt 0.5556 0.5646
vt 0.4722 0.5646
vt 0.4444 0.5646
vt 0.4167 0.5646
vt 0.3889 0.5646
vt 0.3611 0.5646
vt 0.3333 0.5646
vt 0.3056 0.5646
vt 0.2778 0.5646
vt 0.25 0.5646
vt 0.2222 0.5646
vt 0.1944 0.5646
vt 0.1667 0.5646
vt 0.1389 0.5646
vt 0.1111 0.5646
vt 0.0833 0.5646
vt 0.0556 0.5646
vt 0.0278 0.5646
vt 0 0.5646
vt 0.5833 0.5646
vt 0.6111 0.5646
vt 0.6389 0.5646
vt 0.6667 0.5646
vt 0.6944 0.5646
vt 0.7222 0.5646
vt 0.75 0.5646
vt 0.7778 0.5646
vt 0.8056 0.5646
vt 0.8333 0.5646
vt 0.8611 0.5646
vt 0.8889 0.5646
vt 0.9167 0.5646
vt 0.9444 0.5646
vt 0.9722 0.5646
vt 1 0.5646
vt 0.3333 0.9865
vt 0.3611 0.9865
vt 0.3889 0.9865
vt 0.3889 1
vt 0.4167 0.9865
vt 0.4444 0.9865
vt 0.4444 1
vt 0.4722 0.9865
vt 0.4722 1
vt 0.5556 0.9865
vt 0.5556 1
vt 0.5833 0.9865
vt 0.5833 1
vt 0.6111 0.9865
vt 0.6111 1
vt 0.6389 0.9865
vt 0.6667 0.9865
vt 0.6944 0.9865
vt 0.6944 1
vt 0.7222 0.9865
vt 0.7222 1
vt 0.75 0.9865
vt 0.75 1
vt 0.7778 0.9865
vt 0.7778 1
vt 0.8056 0.9865
vt 0.8056 1
vt 0.8333 0.9865
vt 0.8333 1
vt 0.8611 0.9865
vt 0.8611 1
vt 0.8889 0.9865
vt 0.9167 0.9865
vt 0.9167 1
vt 0.9444 0.9865
vt 0.9444 1
vt 0.9722 0.9865
vt 0.9722 1
vt 1 0.9865
vt 0.3333 0.0112
vt 0.3056 0.0112
vt 0.2778 0.0112
vt 0.2778 0
vt 0.25 0.0112
vt 0.25 0
vt 0.2222 0.0112
vt 0.2222 0
vt 0.1944 0.0112
vt 0.1944 0
vt 0.1667 0.0112
vt 0.1667 0
vt 0.1389 0.0112
vt 0.1111 0.0112
vt 0.1111 0
vt 0.0833 0.0112
vt 0.0833 0
vt 0.0556 0.0112
vt 0.0556 0
vt 0.0278 0.0112
vt 0.0278 0
vt 0 0.0112
vt 0.9189 0
vt 0.9189 1
vt 0.0977 0
vt 0.0977 1
vt 0.9027 1
vt 0.9027 0
vt 0.9023 1
vt 0.9023 0
vt 0.9189 0.9023
vt 1 0.9023
vt 1 0.0973
vt 0.9189 0.0973
vt 0.0277 0.1258
vt 0 0.9027
vt 0.0277 0.8746
vt 0 0.0977
vt 0.0277 0.0349
vt 0.8957 0.9651
vt 0.9723 0.9651
vt 0.1129 0.9651
vt 0.0902 1
vt 0.9723 0.8746
vt 1 0.9027
vt 1 0.0977
vt 0.9723 0.1258
vt 0.8957 0.0349
vt 0.9723 0.0349
vt 0.0277 0.9651
vt 0.0902 0
vt 0.0902 0.0973
vt 0.0902 0.9023
vt 0.1129 0.0349
vt 0 0.0973
vt 0 0.9023
vt 0.1457 1
vt 0.1457 0
vt 0.1832 1
vt 0.1832 0
vt 0.2744 1
vt 0.2744 0
vt 0.4228 1
vt 0.4228 0
vt 0.5074 1
vt 0.5074 0
vt 0.6359 1
vt 0.6359 0
vt 0.6758 1
vt 0.6758 0
vt 0.8241 1
vt 0.8241 0
vt 0.0514 1
vt 0.0514 0
vt 0.1309 1
vt 0.1309 0
vt 0.2104 1
vt 0.2104 0
vt 0.3883 1
vt 0.3883 0
vt 0.5168 1
vt 0.5168 0
vt 0.6454 1
vt 0.6454 0
vt 0.745 1
vt 0.745 0
vt 0.8735 1
vt 0.8735 0
vt 0.2152 1
vt 0.2152 0
vt 0.3494 1
vt 0.3494 0
vt 0.3678 1
vt 0.3678 0
vt 0.3736 1
vt 0.3736 0
vt 0.3783 1
vt 0.3783 0
vt 0.3876 1
vt 0.3876 0
vt 0.3922 1
vt 0.3922 0
vt 0.3968 1
vt 0.3968 0
vt 0.4015 1
vt 0.4015 0
vt 0.407 1
vt 0.407 0
vt 0.4118 1
vt 0.4118 0
vt 0.4217 1
vt 0.4217 0
vt 0.4268 1
vt 0.4268 0
vt 0.4382 1
vt 0.4382 0
vt 0.4438 1
vt 0.4438 0
vt 0.4508 1
vt 0.4508 0
vt 0.4568 1
vt 0.4568 0
vt 0.4675 1
vt 0.4675 0
vt 0.4718 1
vt 0.4718 0
vt 0.4814 1
vt 0.4814 0
vt 0.4867 1
vt 0.4867 0
vt 0.4921 1
vt 0.4921 0
vt 0.5017 1
vt 0.5017 0
vt 0.5061 1
vt 0.5061 0
vt 0.5102 1
vt 0.5102 0
vt 0.5162 1
vt 0.5162 0
vt 0.5229 1
vt 0.5229 0
vt 0.531 1
vt 0.531 0
vt 0.5409 1
vt 0.5409 0
vt 0.5459 1
vt 0.5459 0
vt 0.5481 1
vt 0.5481 0
vt 0.5501 1
vt 0.5501 0
vt 0.5519 1
vt 0.5519 0
vt 0.5657 1
vt 0.5657 0
vt 0.5797 1
vt 0.5797 0
vt 0.582 1
vt 0.582 0
vt 0.6522 1
vt 0.6522 0
vt 0.7273 1
vt 0.7273 0
vt 0.8021 1
vt 0.8021 0
vt 0.8163 1
vt 0.8163 0
vt 0.8195 1
vt 0.8195 0
vt 0.8227 1
vt 0.8227 0
vt 0.8255 1
vt 0.8255 0
vt 0.8282 0
vt 0.8306 1
vt 0.8306 0
vt 0.8357 1
vt 0.8357 0
vt 0.8378 1
vt 0.8378 0
vt 0.84 1
vt 0.84 0
vt 0.8459 1
vt 0.8459 0
vt 0.1597 1
vt 0.1597 0
vt 0.1938 1
vt 0.1938 0
vt 0.2527 1
vt 0.2527 0
vt 0.2623 1
vt 0.2623 0
vt 0.2704 1
vt 0.2704 0
vt 0.2866 1
vt 0.2866 0
vt 0.2962 1
vt 0.2962 0
vt 0.3031 1
vt 0.3031 0
vt 0.3117 1
vt 0.3117 0
vt 0.3316 1
vt 0.3316 0
vt 0.3413 1
vt 0.3413 0
vt 0.3511 1
vt 0.3511 0
vt 0.3609 1
vt 0.3609 0
vt 0.3709 1
vt 0.3709 0
vt 0.3826 1
vt 0.3826 0
vt 0.3976 1
vt 0.3976 0
vt 0.4097 1
vt 0.4097 0
vt 0.4213 1
vt 0.4213 0
vt 0.4306 1
vt 0.4306 0
vt 0.4397 1
vt 0.4397 0
vt 0.4486 1
vt 0.4486 0
vt 0.4575 1
vt 0.4575 0
vt 0.4664 1
vt 0.4664 0
vt 0.4773 1
vt 0.4773 0
vt 0.4848 1
vt 0.4848 0
vt 0.4927 1
vt 0.4927 0
vt 0.5034 1
vt 0.5034 0
vt 0.5173 1
vt 0.5173 0
vt 0.5354 1
vt 0.5354 0
vt 0.5618 1
vt 0.5618 0
vt 0.7686 1
vt 0.7686 0
vt 0.7036 0.4251
vt 0.7662 0.3808
vt 0.4134 0.3827
vt 0.4507 0.5954
vt 0.565 0.769
vt 0.6825 0.988
vt 0.708 0.9827
vt 0.5683 0.7656
vt 0.734 0.9754
vt 0.5734 0.7597
vt 0.8988 0.7736
vt 0.59 0.7215
vt 0.5678 0.6341
vt 0.6971 0.4508
vt 0.7413 0.4045
vt 0.7479 0.3991
vt 0.7248 0.4148
vt 0.7336 0.4096
vt 0.5777 0.6471
vt 0.7524 0.4717
vt 0.7267 0.4607
vt 0.5726 0.6398
vt 0.0357 1
vt 0.0357 0
vt 0.2118 1
vt 0.2118 0
vt 0.2256 1
vt 0.2256 0
vt 0.2315 1
vt 0.2315 0
vt 0.2378 1
vt 0.2378 0
vt 0.2472 1
vt 0.2472 0
vt 0.2589 1
vt 0.2589 0
vt 0.2812 1
vt 0.2812 0
vt 0.2952 1
vt 0.2952 0
vt 0.306 1
vt 0.306 0
vt 0.315 1
vt 0.3227 1
vt 0.3272 1
vt 0.3272 0
vt 0.3395 1
vt 0.3395 0
vt 0.3532 1
vt 0.3532 0
vt 0.3601 1
vt 0.3601 0
vt 0.3672 1
vt 0.3672 0
vt 0.3717 1
vt 0.3717 0
vt 0.3762 1
vt 0.3762 0
vt 0.3846 1
vt 0.3846 0
vt 0.3931 1
vt 0.3931 0
vt 0.4251 1
vt 0.4251 0
vt 0.4371 1
vt 0.4371 0
vt 0.4644 1
vt 0.4644 0
vt 0.4701 1
vt 0.4701 0
vt 0.4834 1
vt 0.4834 0
vt 0.4963 1
vt 0.4963 0
vt 0.5028 1
vt 0.5293 1
vt 0.5293 0
vt 0.537 1
vt 0.537 0
vt 0.5463 1
vt 0.5463 0
vt 0.5574 1
vt 0.5574 0
vt 0.5709 1
vt 0.5709 0
vt 0.5914 1
vt 0.5914 0
vt 0.6031 1
vt 0.6031 0
vt 0.6088 1
vt 0.6088 0
vt 0.6139 1
vt 0.6139 0
vt 0.625 1
vt 0.625 0
vt 0.6301 1
vt 0.6301 0
vt 0.6426 1
vt 0.6426 0
vt 0.6537 1
vt 0.6537 0
vt 0.6598 1
vt 0.6598 0
vt 0.6662 1
vt 0.6662 0
vt 0.6736 1
vt 0.6736 0
vt 0.7255 1
vt 0.7255 0
vt 0.7344 1
vt 0.7344 0
vt 0.7369 1
vt 0.7369 0
vt 0.7416 1
vt 0.7416 0
vt 0.7467 1
vt 0.7467 0
vt 0.7493 1
vt 0.7493 0
vt 0.752 1
vt 0.752 0
vt 0.7552 1
vt 0.7552 0
vt 0.7612 1
vt 0.7612 0
vt 0.7644 1
vt 0.7644 0
vt 0.7685 1
vt 0.7685 0
vt 0.7761 1
vt 0.7761 0
vt 0.7792 1
vt 0.7792 0
vt 0.7822 1
vt 0.7822 0
vt 0.7853 1
vt 0.7853 0
vt 0.7883 1
vt 0.7883 0
vt 0.7932 1
vt 0.7932 0
vt 0.7957 1
vt 0.7957 0
vt 0.7989 1
vt 0.7989 0
vt 0.8102 1
vt 0.8102 0
vt 0.8291 1
vt 0.8291 0
vt 0.8362 1
vt 0.8362 0
vt 0.8477 1
vt 0.8477 0
vt 0.856 1
vt 0.856 0
vt 0.8619 1
vt 0.8619 0
vt 0.8665 1
vt 0.8665 0
vt 0.8701 1
vt 0.8701 0
vt 0.8756 1
vt 0.8756 0
vt 0.8781 1
vt 0.8781 0
vt 0.8813 1
vt 0.8813 0
vt 0.8844 1
vt 0.8844 0
vt 0.8875 1
vt 0.8875 0
vt 0.8905 1
vt 0.8905 0
vt 0.8937 1
vt 0.8937 0
vt 0.8969 1
vt 0.8969 0
vt 0.9049 1
vt 0.9049 0
vt 0.9078 1
vt 0.9078 0
vt 0.9107 1
vt 0.9107 0
vt 0.916 1
vt 0.916 0
vt 0.9211 1
vt 0.9211 0
vt 0.9245 1
vt 0.9245 0
vt 0.9279 1
vt 0.9279 0
vt 0.9406 1
vt 0.9406 0
vt 0.9484 1
vt 0.9484 0
vt 0.9646 1
vt 0.9646 0
vt 0.0515 1
vt 0.0515 0
vt 0.1711 1
vt 0.1711 0
vt 0.322 1
vt 0.322 0
vt 0.5526 1
vt 0.5526 0
vt 0.6714 1
vt 0.6714 0
vt 0.059 1
vt 0.059 0
vt 0.0906 1
vt 0.0906 0
vt 0.0964 1
vt 0.0964 0
vt 0.1109 1
vt 0.1109 0
vt 0.1319 1
vt 0.1319 0
vt 0.1486 1
vt 0.1486 0
vt 0.1563 1
vt 0.1563 0
vt 0.1774 1
vt 0.1774 0
vt 0.1893 1
vt 0.1893 0
vt 0.2074 1
vt 0.2074 0
vt 0.2215 1
vt 0.2215 0
vt 0.2323 1
vt 0.2323 0
vt 0.2394 1
vt 0.2394 0
vt 0.2462 1
vt 0.2462 0
vt 0.2596 1
vt 0.2596 0
vt 0.2747 1
vt 0.2747 0
vt 0.2909 1
vt 0.3147 1
vt 0.3147 0
vt 0.3248 1
vt 0.3248 0
vt 0.3353 1
vt 0.3353 0
vt 0.3479 1
vt 0.3479 0
vt 0.3552 1
vt 0.3552 0
vt 0.3643 1
vt 0.3643 0
vt 0.3803 1
vt 0.3803 0
vt 0.404 1
vt 0.404 0
vt 0.4141 1
vt 0.4141 0
vt 0.424 1
vt 0.424 0
vt 0.4319 1
vt 0.4319 0
vt 0.4585 1
vt 0.4585 0
vt 0.4742 1
vt 0.4742 0
vt 0.4822 1
vt 0.4822 0
vt 0.5022 1
vt 0.5022 0
vt 0.5146 1
vt 0.5146 0
vt 0.524 1
vt 0.524 0
vt 0.5357 1
vt 0.5357 0
vt 0.5509 1
vt 0.5509 0
vt 0.5634 1
vt 0.5634 0
vt 0.5738 1
vt 0.5738 0
vt 0.5906 1
vt 0.5906 0
vt 0.5952 1
vt 0.5952 0
vt 0.6074 1
vt 0.6074 0
vt 0.6503 1
vt 0.6503 0
vt 0.6611 1
vt 0.6611 0
vt 0.7194 1
vt 0.7194 0
vt 0.7267 1
vt 0.7267 0
vt 0.7308 1
vt 0.7308 0
vt 0.7384 1
vt 0.7384 0
vt 0.7489 1
vt 0.7489 0
vt 0.7556 1
vt 0.7556 0
vt 0.7623 1
vt 0.7623 0
vt 0.766 1
vt 0.766 0
vt 0.7705 1
vt 0.7705 0
vt 0.7756 1
vt 0.7756 0
vt 0.7797 1
vt 0.7797 0
vt 0.7837 1
vt 0.7837 0
vt 0.7875 1
vt 0.7875 0
vt 0.7951 1
vt 0.7951 0
vt 0.8028 1
vt 0.8028 0
vt 0.8061 1
vt 0.8061 0
vt 0.8134 1
vt 0.8134 0
vt 0.8175 1
vt 0.8175 0
vt 0.822 1
vt 0.822 0
vt 0.8275 1
vt 0.8275 0
vt 0.8354 1
vt 0.8354 0
vt 0.8432 1
vt 0.8528 1
vt 0.8528 0
vt 0.8792 1
vt 0.8792 0
vt 0.886 1
vt 0.886 0
vt 0.8912 1
vt 0.8912 0
vt 0.8952 1
vt 0.8952 0
vt 0.8989 1
vt 0.8989 0
vt 0.9003 1
vt 0.9003 0
vt 0.9056 1
vt 0.9056 0
vt 0.912 1
vt 0.912 0
vt 0.9152 1
vt 0.9152 0
vt 0.9184 1
vt 0.9184 0
vt 0.9216 1
vt 0.9216 0
vt 0.925 1
vt 0.925 0
vt 0.9291 1
vt 0.9291 0
vt 0.932 1
vt 0.932 0
vt 0.9357 1
vt 0.9357 0
vt 0.9414 1
vt 0.9414 0
vt 0.9461 1
vt 0.9461 0
vt 0.9498 1
vt 0.9498 0
vt 0.9535 1
vt 0.9535 0
vt 0.9592 1
vt 0.9592 0
vt 0.962 1
vt 0.962 0
vt 0.9665 1
vt 0.9665 0
vt 0.9705 1
vt 0.9705 0
vt 0.9747 1
vt 0.9747 0
vt 0.9797 1
vt 0.9797 0
vt 0.9857 1
vt 0.9857 0
vt 0.9922 1
vt 0.9922 0
vt 0.0854 1
vt 0.0854 0
vt 0.3661 1
vt 0.3661 0
vt 0.5402 1
vt 0.5402 0
vt 0.6445 1
vt 0.6445 0
vt 1 0.1727
vt 0 0.1727
vt 0.025 0.96
vt 0.025 0.04
vt 0.475 0.04
vt 0.475 0.96
vt 0.525 0.96
vt 0.975 0.96
vt 0.525 0.04
vt 0.975 0.04
vt 0.7864 1
vt 0.7864 0
vt 0.8839 0.0383
vt 0.8533 0.9617
vt 0.5043 0.0383
vt 0.3413 0.0388
vt 0.1586 0.0393
vt 0.3373 1
vt 0.1627 1
vt 0.0216 0.0397
vt 0.0208 0.9984
vt 0.1627 0
vt 0.0208 0
vt 0.5732 0.9387
vt 0.3373 0
vt 0.4792 0
vt 0.4686 0
vt 0.6589 1
vt 0.6589 0.0584
vt 0.8411 0.0584
vt 0 0.0584
vt 0.1627 0.0584
vt 1 0.0584
vt 0.5 0.0584
vt 0.3373 0.0584
vt 0.9729 0.973
vt 0.0592 0.973
vt 0.9729 0.0592
vt 0.9615 0.0646
vt 0.9615 0.9741
vt 0.0521 0.9741
vt 0.9679 0.0592
vt 0.9679 0.9726
vt 0.0545 0.9726
vt 0.9741 0.0638
vt 0.9741 0.9741
vt 0.0638 0.9741
vt 0.6589 0
vt 0.1589 0
vt 0.8957 0.1258
vt 0.8957 0.8746
vt 0.1129 0.8746
vt 0.1129 0.1258
vt 0.1697 1
vt 0.3303 1
vt 0.0136 1
vt 0.4864 1
vt 0.2636 0.9321
vt 0.1749 0.9289
vt 0.3369 0.9824
vt 0.1678 0.9764
vt 0.3448 0.9349
vt 0.2511 0.9794
vt 0.1589 1
vt 0.1625 1
vt 0.1645 0.0412
vt 0.3269 0.0603
vt 0.0324 0.0256
vt 0.041 0.9242
vt 0.0367 1
vt 0.0322 1
vt 0.0058 1
vt 0.0157 0.971
vt 0.0067 0.0248
vt 0.4531 1
vt 0.4862 0.9399
vt 0.7813 0.0663
vt 0.6397 0.0869
vt 0.9137 0.025
vt 0.5779 0.008
vt 0.7934 0.9322
vt 0.9137 0.975
vt 0.5836 0.9404
vt 0.4866 0.9877
vt 0.5824 0.9894
vt 0.459 0.0759

vn 0 0.15 0
vn -0.005679228 -0.01769633 0.1488442
vn 0.08897343 0.05762991 0.106125
vn 0.1051774 0.08324394 0.06714278
vn 0.04506077 0.09595467 0.1061237
vn 0.03600311 0.09970918 0.1061219
vn 0.05385698 0.09130639 0.1061253
vn 0.06253941 0.08558185 0.1061347
vn 0.06874708 0.08075136 0.1060804
vn 0.07271291 0.07719297 0.1060852
vn 0.07738646 0.0724858 0.1060997
vn 0.09393973 0.04912801 0.1061215
vn 0.09810709 0.04015252 0.1061262
vn 0.1015159 0.03051405 0.1061293
vn 0.1040128 0.02043888 0.10613
vn 0.1335102 0.01290531 0.06714531
vn 0.1060193 0.0007461629 0.1061101
vn 0 0 0.15
vn -0.0416874 -0.09746655 0.1061246
vn -0.03972577 -0.07303669 0.1248499
vn -0.05841767 -0.08848216 0.1061051
vn -0.06444341 -0.08421128 0.106092
vn -0.07014313 -0.07950875 0.1061051
vn -0.06025805 -0.057274 0.1248545
vn -0.03595567 -0.03093848 0.1423025
vn -0.00350532 -0.04102141 0.1442392
vn 0.0242283 0.1031994 0.1061267
vn 0.01504508 0.1049499 0.1061092
vn 0.007260177 0.1057874 0.1060958
vn -0.0004629647 -0.08316756 0.1248317
vn 0.002987946 -0.04731641 0.1423104
vn -0.01950285 0.1041965 0.106126
vn -0.009609112 0.1055717 0.1061239
vn -0.0004784475 0.1060235 0.1061075
vn -0.02916844 0.1019177 0.1061225
vn -0.03847155 0.0987815 0.1061233
vn -0.04780082 0.09460989 0.1061322
vn 0.03381364 0.100472 0.1061226
vn 0.04313124 0.09683298 0.1061276
vn 0.05237188 0.09215954 0.1061311
vn 0.0612418 0.08651911 0.1061315
vn -0.005674213 -0.03200774 0.1464353
vn 0.06947795 0.08005772 0.10613
vn 0.07686798 0.07299803 0.1061254
vn 0.0833964 0.06544204 0.1061244
vn 0.08873528 0.058029 0.106107
vn -0.06345512 0.08494802 0.1061004
vn -0.06985869 0.07974909 0.1061124
vn -0.07144497 0.1135283 0.06713377
vn 0.004422031 -0.03221245 0.1464336
vn -0.07668267 0.07319216 0.1061257
vn -0.08330588 0.06555296 0.106127
vn -0.08915562 0.0573478 0.106125
vn -0.09406086 0.04889927 0.1061198
vn -0.09812731 0.04011181 0.1061229
vn -0.10144 0.03078037 0.1061249
vn -0.1038809 0.02112882 0.1061242
vn -0.1053045 0.01238356 0.1061019
vn 0.01230566 -0.0542796 0.1392921
vn -0.1058959 0.005655428 0.1060853
vn -0.134142 -0.001197445 0.06711558
vn -0.1055862 -0.009486606 0.1061205
vn 0.0159135 0.0533455 0.1392875
vn 0.03304451 -0.1007236 0.1061264
vn -0.1042721 -0.01911134 0.1061229
vn -0.102063 -0.02865602 0.1061224
vn -0.09900697 -0.03789295 0.1061214
vn 0.03024987 0.07745805 0.1248407
vn 0.04149942 -0.09757008 0.1061032
vn 0.04764814 -0.09474032 0.1060845
vn 0.008645335 0.03533673 0.1455217
vn 0.03721038 0.07433962 0.124856
vn 0.0534475 -0.09157575 0.1061002
vn 0.06074558 -0.08687966 0.1061221
vn 0.05622875 0.08987242 0.1061192
vn 0.06859039 -0.08082481 0.1061259
vn 0.0640313 0.08449122 0.1061189
vn 0.07599672 -0.07390165 0.1061275
vn 0.05600638 0.06145134 0.124848
vn 0.06488879 -0.05197612 0.1248516
vn -0.09499997 -0.04702971 0.1061283
vn 0.09908359 0.09041443 0.0671392
vn 0.06580777 0.05085605 0.1248319
vn 0.06909922 -0.04627857 0.1248343
vn 0.06884325 0.04669434 0.1248209
vn 0.07198916 -0.04167573 0.1248227
vn 0.0715848 0.04233955 0.1248318
vn 0.07454734 -0.0368652 0.1248345
vn 0.07472865 0.03645735 0.1248459
vn 0.07737697 -0.03041685 0.1248504
vn 0.07769357 0.02961531 0.1248465
vn 0.07991242 -0.02293775 0.1248514
vn 0.08003213 0.02254857 0.1248456
vn 0.08173078 -0.01524529 0.1248505
vn 0.08173973 0.015216 0.1248483
vn 0.1055718 -0.009623136 0.1061226
vn 0.1335764 0.01222627 0.06714062
vn 0.1341373 -1.052218E-05 0.06713555
vn -0.10144 0.03078037 -0.1061249
vn -0.1241623 0.05075422 -0.06713966
vn 0.005600197 -0.04079484 -0.1442374
vn -0.06985869 0.07974909 -0.1061124
vn 0.003509238 -0.05557146 -0.1392821
vn -0.07668267 0.07319216 -0.1061257
vn -0.06345512 0.08494802 -0.1061004
vn -0.07144497 0.1135283 -0.06713377
vn -0.04780082 0.09460989 -0.1061322
vn -0.04867886 0.1249903 -0.06714004
vn -0.02916844 0.1019177 -0.1061225
vn -0.09406086 0.04889927 -0.1061198
vn -0.08330588 0.06555296 -0.106127
vn -0.01950285 0.1041965 -0.106126
vn -0.0004629647 -0.08316756 -0.1248317
vn 0.007260177 0.1057874 -0.1060958
vn -0.004035023 -0.04722032 -0.1423164
vn -0.009609112 0.1055717 -0.1061239
vn -0.0004784475 0.1060235 -0.1061075
vn 0.01903534 0.1327847 -0.06712579
vn 0.0242283 0.1031994 -0.1061267
vn 0.03381364 0.100472 -0.1061226
vn 0.04313124 0.09683298 -0.1061276
vn 0.05237188 0.09215954 -0.1061311
vn 0.0612418 0.08651911 -0.1061315
vn -0.006344042 -0.03578619 -0.1455304
vn 0.06947795 0.08005772 -0.10613
vn 0.07686798 0.07299803 -0.1061254
vn 0.1178609 0.06405033 -0.06712956
vn 0.09734777 0.04195232 -0.1061292
vn 0.10091 0.03247945 -0.1061238
vn 0.0833964 0.06544204 -0.1061244
vn 0.08873528 0.058029 -0.106107
vn 0.1034629 0.02310987 -0.1061196
vn -0.0221411 -0.08013578 -0.1248521
vn 0.05544955 0.07046418 -0.1202504
vn -0.01310428 0.01089149 -0.149029
vn -0.03789701 -0.09899959 -0.1061268
vn -0.04735776 -0.09483331 -0.1061315
vn -0.05655032 -0.08965518 -0.106132
vn -0.06403796 -0.08450989 -0.1061001
vn -0.06956699 -0.08003078 -0.106092
vn -0.07538539 -0.07453898 -0.1061178
vn -0.08188348 -0.06732333 -0.1061257
vn -0.08772373 -0.0595266 -0.1061185
vn -0.09266078 -0.05150626 -0.1061183
vn -0.09698012 -0.04280514 -0.1061253
vn -0.1006423 -0.03328063 -0.1061298
vn -0.1305969 -0.03063844 -0.06712479
vn -0.1325203 -0.02083408 -0.06711416
vn 0.01354943 0.04542062 -0.1423144
vn -0.102063 -0.02865602 -0.1061224
vn -0.1042721 -0.01911134 -0.1061229
vn -0.08281224 -0.007440435 -0.124847
vn 0.01230566 -0.0542796 -0.1392921
vn 0.03304451 -0.1007236 -0.1061264
vn 0.03024987 0.07745805 -0.1248407
vn 0.04149942 -0.09757008 -0.1061032
vn 0.04764814 -0.09474032 -0.1060845
vn 0.03721038 0.07433962 -0.124856
vn 0.0534475 -0.09157575 -0.1061002
vn 0.06074558 -0.08687966 -0.1061221
vn 0.05622875 0.08987242 -0.1061192
vn 0.06859039 -0.08082481 -0.1061259
vn 0.0640313 0.08449122 -0.1061189
vn 0.07599672 -0.07390165 -0.1061275
vn 0.05600638 0.06145134 -0.124848
vn 0.06488879 -0.05197612 -0.1248516
vn 0.09908359 0.09041443 -0.0671392
vn 0.06580777 0.05085605 -0.1248319
vn 0.06909922 -0.04627857 -0.1248343
vn 0.06884325 0.04669434 -0.1248209
vn 0.07198916 -0.04167573 -0.1248227
vn 0.0715848 0.04233955 -0.1248318
vn 0.07454734 -0.0368652 -0.1248345
vn 0.07472865 0.03645735 -0.1248459
vn 0.07737697 -0.03041685 -0.1248504
vn 0.07769357 0.02961531 -0.1248465
vn 0.07991242 -0.02293775 -0.1248514
vn 0.08003213 0.02254857 -0.1248456
vn 0.08173078 -0.01524529 -0.1248505
vn 0.08173973 0.015216 -0.1248483
vn 0.1055718 -0.009623136 -0.1061226
vn 0.1335764 0.01222627 -0.06714062
vn 0.1341373 -1.052218E-05 -0.06713555
vn 0.00773262 0.03160612 -0.1464283
vn -0.0569068 -0.1214647 -0.06714123
vn -0.05399754 -0.09121695 -0.1061307
vn -0.03629858 -0.09961231 -0.1061122
vn -0.1064168 -0.08165643 -0.06713944
vn -0.08990977 -0.05614385 -0.1061325
vn -0.09499997 -0.04702971 -0.1061283
vn -0.09900697 -0.03789295 -0.1061214
vn -0.07780447 -0.07200401 -0.1061221
vn -0.08940061 -0.09999508 -0.0671455
vn -0.06265689 -0.08550367 -0.1061284
vn -0.02876919 -0.1020599 -0.1060948
vn -0.02653492 -0.1026899 -0.1060693
vn 0.02784552 0.1023122 -0.1060983
vn -0.005349847 -0.01666999 -0.1489748
vn 0.03600311 0.09970918 -0.1061219
vn 0.04506077 0.09595467 -0.1061237
vn 0.05385698 0.09130639 -0.1061253
vn 0.06253941 0.08558185 -0.1061347
vn 0.06874708 0.08075136 -0.1060804
vn 0.07271291 0.07719297 -0.1060852
vn 0.07738646 0.0724858 -0.1060997
vn 0.08312184 0.06578777 -0.106126
vn 0.08897343 0.05762991 -0.106125
vn 0.09393973 0.04912801 -0.1061215
vn 0.09810709 0.04015252 -0.1061262
vn 0.1015159 0.03051405 -0.1061293
vn 0.1040128 0.02043888 -0.10613
vn 0.1335102 0.01290531 -0.06714531
vn 0.1060193 0.0007461629 -0.1061101
vn 0 0 -0.15
vn 0.1058227 -0.006806631 -0.1060907
vn -0.0416874 -0.09746655 -0.1061246
vn -0.03972577 -0.07303669 -0.1248499
vn -0.05841767 -0.08848216 -0.1061051
vn -0.06444341 -0.08421128 -0.106092
vn -0.06025805 -0.057274 -0.1248545
vn -0.03595567 -0.03093848 -0.1423025
vn 0.04808235 -0.09447771 0.1061228
vn 0.03920864 -0.09849348 0.1061212
vn -0.008939194 -0.1338496 0.06711466
vn -0.01889059 -0.1328061 0.06712446
vn -0.06484523 -0.1174163 0.0671454
vn -0.04670778 -0.09522806 0.106066
vn 0.06102317 -0.02785987 0.1341641
vn -0.04097755 0.02389226 0.1423025
vn 0.04799133 -0.04687038 0.1341641
vn -0.02068856 0.06381209 -0.1341641
vn 0.02064729 -0.06382547 -0.1341641
vn -0.06080042 0.02834272 -0.1341641
vn 0.05828663 -0.03320645 -0.1341641
vn -0.09803538 0.04033899 -0.1061218
vn -0.1248236 -0.04909875 -0.06714455
vn 0.1216404 0.05652536 -0.06714537
vn 0.09150231 0.05353078 -0.1061216
vn -0.09265707 -0.0641602 0.09898555
vn 0.07617802 -0.1019212 0.0794291
vn -0.07582225 -0.1023222 -0.0792538
vn 0.06101208 -0.04225097 -0.1303548
vn 0.07617802 -0.1019212 -0.0794291
vn -0.04375789 -0.03030006 -0.1402396
vn 0.0729631 0.1053616 -0.07794435
vn -0.05423037 0.0783169 -0.1158686
vn 0.05789091 0.03389162 0.1341641
vn 0.05063839 0.0439972 0.1341641
vn 0.08006634 0.06956568 0.106066
vn 0.04132694 0.05284017 0.1341641
vn 0.06534363 0.08354766 0.106066
vn 0.06678133 -0.006344541 0.1341641
vn 0.1058227 -0.006806631 0.1060907
vn -0.1137707 -0.07104371 0.06714934
vn -0.08410285 -0.06453437 0.1061227
vn -0.09844696 -0.09110755 0.06713877
vn -0.07065232 -0.07902501 0.1061287
vn -0.07928339 -0.1081927 0.06714521
vn -0.05399754 -0.09121695 0.1061307
vn -0.0569068 -0.1214647 0.06714123
vn -0.03629858 -0.09961231 0.1061122
vn -0.02876919 -0.1020599 0.1060948
vn -0.02653492 -0.1026899 0.1060693
vn 0.02784552 0.1023122 0.1060983
vn 0.09315244 0.05062278 0.1061129
vn 0.09734777 0.04195232 0.1061292
vn 0.10091 0.03247945 0.1061238
vn 0.1034629 0.02310987 0.1061196
vn -0.0221411 -0.08013578 0.1248521
vn 0.05544955 0.07046418 0.1202504
vn -0.01310428 0.01089149 0.149029
vn -0.03789701 -0.09899959 0.1061268
vn -0.05655032 -0.08965518 0.106132
vn -0.06403796 -0.08450989 0.1061001
vn -0.07538539 -0.07453898 0.1061178
vn -0.08188348 -0.06732333 0.1061257
vn -0.08772373 -0.0595266 0.1061185
vn -0.09266078 -0.05150626 0.1061183
vn -0.09698012 -0.04280514 0.1061253
vn -0.1006423 -0.03328063 0.1061298
vn -0.1305969 -0.03063844 0.06712479
vn -0.1325203 -0.02083408 0.06711416
vn -0.134142 -0.001197445 -0.06711558
vn -0.1058959 0.005655428 -0.1060853
vn -0.1053045 0.01238356 -0.1061019
vn -0.1038809 0.02112882 -0.1061242
vn -0.1128116 0.07256407 -0.0671417
vn 0.05789091 0.03389162 -0.1341641
vn 0.05063839 0.0439972 -0.1341641
vn 0.08006634 0.06956568 -0.106066
vn 0.04132694 0.05284017 -0.1341641
vn 0.06534363 0.08354766 -0.106066
vn 0.15 0 0
vn -0.15 0 0
vn 0 -0.15 0
vn -0.1498403 0.006920204 0
vn -0.1484964 0.02118541 0
vn -0.1459047 0.03481111 0
vn -0.1420328 0.04823565 0
vn -0.1365174 0.06215302 0
vn -0.1299278 0.07495845 0
vn -0.1226703 0.08632499 0
vn -0.1160811 0.09500092 0
vn -0.1098112 0.1021837 0
vn -0.1012093 0.1107099 0
vn -0.09079988 0.1193959 0
vn -0.07967818 0.1270881 0
vn -0.06696852 0.1342208 0
vn -0.05300051 0.1403244 0
vn -0.03935947 0.144744 0
vn -0.02537308 0.1478385 0
vn -0.01344426 0.1493963 0
vn -0.004290657 0.1499386 0
vn 0.006678984 0.1498512 0
vn 0.02051507 0.1485905 0
vn 0.03383326 0.1461346 0
vn 0.04707849 0.1424206 0
vn 0.06093377 0.137066 0
vn 0.0738375 0.1305681 0
vn 0.0853736 0.1233343 0
vn 0.09426835 0.1166768 0
vn 0.1016388 0.1103157 0
vn 0.1103729 0.1015767 0
vn 0.1191607 0.09110835 0
vn 0.1269408 0.07991271 0
vn 0.1335463 0.06830361 0
vn 0.1393875 0.05541776 0
vn 0.1441065 0.04163306 0
vn 0.1474643 0.02746424 0
vn 0.1492132 0.01534392 0
vn 0.149911 0.005167572 0
vn 0.1498665 -0.006327339 0
vn 0.148656 -0.02003506 0
vn 0.1461585 -0.03372968 0
vn 0.1425672 -0.04663255 0
vn 0.1386809 -0.05716295 0
vn 0.1349149 -0.06555893 0
vn 0.1295288 -0.07564591 0
vn 0.1220617 -0.08718342 0
vn 0.1133367 -0.09825883 0
vn 0.1035273 -0.1085454 0
vn 0.09288416 -0.1177817 0
vn 0.08385512 -0.1243717 0
vn 0.07678661 -0.1288558 0
vn 0.06658765 -0.1344101 0
vn 0.05332943 -0.1401998 0
vn 0.03973756 -0.1446407 0
vn 0.02625729 -0.147684 0
vn 0.01459021 -0.1492887 0
vn 0.004618005 -0.1499289 0
vn -0.006498019 -0.1498592 0
vn -0.02007829 -0.1486501 0
vn -0.03375674 -0.1461523 0
vn -0.04675014 -0.1425287 0
vn -0.05916232 -0.1378398 0
vn -0.07208761 -0.1315423 0
vn -0.08470151 -0.1237968 0
vn -0.09645748 -0.1148737 0
vn -0.1070742 -0.1050482 0
vn -0.1163347 -0.09469024 0
vn -0.1228177 -0.08611509 0
vn -0.1271759 -0.07953806 0
vn -0.1325002 -0.0703114 0
vn -0.138552 -0.05747477 0
vn -0.1433774 -0.04407848 0
vn -0.14685 -0.03057889 0
vn -0.1489902 -0.01737569 0
vn -0.1499005 -0.005463105 0
vn 0.1498578 0.006529663 0
vn 0.1485603 0.02073264 0
vn 0.1459402 0.03466213 0
vn 0.1421568 0.04786908 0
vn 0.136787 0.06155754 0
vn 0.1298061 0.07516907 0
vn 0.1232542 0.08548919 0
vn 0.1174519 0.09330089 0
vn 0.1090849 0.1029587 0
vn 0.09841189 0.1132038 0
vn 0.08751547 0.1218238 0
vn 0.07571321 0.1294894 0
vn 0.06327753 0.1359998 0
vn 0.05059802 0.1412085 0
vn 0.03671617 0.145437 0
vn 0.02212327 0.1483596 0
vn 0.01176952 0.1495376 0
vn 0.004183828 0.1499417 0
vn -0.007055498 0.149834 0
vn -0.02125017 0.1484872 0
vn -0.03547175 0.1457455 0
vn -0.049219 0.1416951 0
vn -0.0619561 0.1366069 0
vn -0.07457645 0.1301474 0
vn -0.08677107 0.1223552 0
vn -0.09808242 0.1134894 0
vn -0.1063831 0.105748 0
vn -0.1120645 0.09970738 0
vn -0.1194122 0.09077842 0
vn -0.1273547 0.07925144 0
vn -0.1342285 0.06695305 0
vn -0.1402365 0.05323271 0
vn -0.1448158 0.03909457 0
vn -0.1478194 0.02548376 0
vn -0.1493751 0.01367787 0
vn -0.1499439 0.004103731 0
vn -0.1498637 -0.006392643 0
vn -0.1486906 -0.01977658 0
vn -0.1463175 -0.033033 0
vn -0.1427204 -0.04616167 0
vn -0.1376594 -0.05958097 0
vn -0.1311637 -0.07277419 0
vn -0.1243447 -0.0838952 0
vn -0.1170164 -0.09384655 0
vn -0.1076717 -0.1044356 0
vn -0.09693248 -0.1144731 0
vn -0.08603587 -0.1228732 0
vn -0.07429866 -0.1303062 0
vn -0.06202055 -0.1365777 0
vn -0.04952325 -0.141589 0
vn -0.03590629 -0.1456391 0
vn -0.0216117 -0.148435 0
vn -0.007225106 -0.1498259 0
vn 0.009520868 -0.1055804 0.1061232
vn 0.002916235 -0.06701862 0.1341641
vn 0.002916235 -0.06701862 -0.1341641
vn 0.009520868 -0.1055804 -0.1061232
vn 0.01964354 -0.1041636 0.1061324
vn 0.01964354 -0.1041636 -0.1061324
vn 0.02978485 -0.1017334 0.1061282
vn 0.02978485 -0.1017334 -0.1061282
vn 0.03920864 -0.09849348 -0.1061212
vn 0.04808235 -0.09447771 -0.1061228
vn 0.0566015 -0.08963405 0.1061226
vn 0.0566015 -0.08963405 -0.1061226
vn 0.06455692 -0.08408836 0.1061205
vn 0.06455692 -0.08408836 -0.1061205
vn 0.07112585 -0.0786393 0.1060989
vn 0.07112585 -0.0786393 -0.1060989
vn 0.07609223 -0.07385779 0.1060896
vn 0.07609223 -0.07385779 -0.1060896
vn 0.08097252 -0.06844655 0.1061062
vn 0.08097252 -0.06844655 -0.1061062
vn 0.067919 -0.04794772 0.124852
vn 0.067919 -0.04794772 -0.124852
vn 0.09211361 -0.0524559 0.1061295
vn 0.09211361 -0.0524559 -0.1061295
vn 0.0758917 -0.03394732 0.124852
vn 0.0758917 -0.03394732 -0.124852
vn 0.1005166 -0.03365538 0.1061307
vn 0.1005166 -0.03365538 -0.1061307
vn 0.1033177 -0.0237159 0.1061273
vn 0.1033177 -0.0237159 -0.1061273
vn 0.1050208 -0.01454881 0.1061082
vn 0.1050208 -0.01454881 -0.1061082
vn 0.06704974 -0.002081453 0.1341641
vn 0.06704974 -0.002081453 -0.1341641
vn -0.1225336 -0.08651897 0
vn -0.1297913 -0.07519449 0
vn -0.1361018 -0.06305797 0
vn -0.141267 -0.05043449 0
vn -0.1451988 -0.03764726 0
vn -0.1481126 -0.02372071 0
vn -0.1494574 -0.01274737 0
vn -0.1498356 0.007020118 0
vn -0.1457722 0.0353618 0
vn -0.1417525 0.04905348 0
vn -0.1366095 0.06195033 0
vn -0.1317741 0.07166305 0
vn -0.1277579 0.07859983 0
vn -0.121776 0.08758207 0
vn -0.1132931 0.09830905 0
vn -0.1034525 0.1086167 0
vn -0.09246194 0.1181135 0
vn -0.08136407 0.1260154 0
vn -0.07180758 0.1316954 0
vn -0.0639296 0.1356945 0
vn -0.03999566 0.1445695 0
vn -0.02662484 0.1476182 0
vn -0.01439051 0.1493081 0
vn 0.006465664 0.1498606 0
vn 0.02009748 0.1486475 0
vn 0.0475747 0.1422556 0
vn 0.0713512 0.1319432 0
vn 0.08120431 0.1261185 0
vn 0.1032791 0.1087816 0
vn 0.1219941 0.08727795 0
vn 0.1360669 0.06313328 0
vn 0.1415142 0.04973681 0
vn 0.1453392 0.0371015 0
vn 0.1479793 0.02453846 0
vn 0.008766769 -0.1497436 0
vn -0.146606 -0.03172853 0
vn -0.1430753 -0.04504968 0
vn -0.1382418 -0.05821699 0
vn -0.1323456 -0.070602 0
vn -0.1252685 -0.08250947 0
vn -0.1075903 -0.1045195 0
vn -0.09971482 -0.1120578 0
vn -0.08940146 -0.1204466 0
vn -0.07673122 -0.1288888 0
vn -0.06386402 -0.1357254 0
vn -0.05117748 -0.1409995 0
vn -0.03798009 -0.1451121 0
vn -0.023945 -0.1480765 0
vn -0.01283043 -0.1494503 0
vn -0.00434722 -0.149937 0
vn 0.006690512 -0.1498507 0
vn 0.02048228 -0.148595 0
vn 0.03380608 -0.1461409 0
vn 0.04680247 -0.1425115 0
vn 0.05970869 -0.1376041 0
vn 0.07219767 -0.1314819 0
vn 0.08262736 -0.1251907 0
vn 0.09178746 -0.1186384 0
vn 0.101207 -0.110712 0
vn 0.1110251 -0.1008635 0
vn 0.1206027 -0.08919078 0
vn 0.1287009 -0.07704592 0
vn 0.1352869 -0.06478773 0
vn 0.1407354 -0.05189944 0
vn 0.1450077 -0.03837672 0
vn 0.1479298 -0.02483506 0
vn 0.003358918 0.1499624 0
vn -0.106066 0.106066 0
vn 0.01393675 0.1493512 0
vn 0.02546687 0.131691 0.06714843
vn 0.02847988 0.1472715 0
vn 0.0302877 0.1015832 0.1061297
vn 0.04285903 0.1437467 0
vn 0.04018676 0.09808629 0.1061325
vn 0.05686833 0.138802 0
vn 0.04975173 0.09359966 0.1061314
vn 0.07040298 0.1324516 0
vn 0.05819096 0.08861994 0.1061146
vn 0.08233222 0.125385 0
vn 0.06567995 0.08321719 0.1061181
vn 0.0929311 0.1177447 0
vn 0.09246857 0.09716585 0.06714433
vn 0.1132455 0.09836391 0
vn 0.1090339 0.07812662 -0.06714045
vn 0.1294716 0.07574364 0
vn 0.1216404 0.05652536 0.06714537
vn 0.1000493 0.0350171 0.1061317
vn 0.1302642 0.03199347 0.06713903
vn 0.1456708 0.03577739 0
vn 0.1325782 0.02041208 0.0671294
vn 0.1325782 0.02041208 -0.0671294
vn 0.1337889 0.009765089 0.0671206
vn 0.1057466 0.007718317 -0.1061041
vn 0.1341423 -0.0005646138 0.06712323
vn 0.1341423 -0.0005646138 -0.06712323
vn 0.1335817 -0.01215838 0.06714234
vn 0.1335817 -0.01215838 -0.06714234
vn 0.1485707 -0.02065784 0
vn 0.06522734 -0.01566507 0.1341641
vn 0.1031335 -0.02476864 0.106066
vn 0.1458528 -0.03502815 0
vn 0.1417491 -0.04906335 0
vn 0.136452 -0.06229656 0
vn 0.1303329 -0.07425188 0
vn 0.1193658 -0.09083947 0
vn 0.1230131 -0.08583574 0
vn 0.1155151 -0.09568842 0
vn 0.1073119 -0.1048054 0
vn 0.09680654 -0.1145796 0
vn 0.03800008 -0.05528104 0.1341641
vn 0.08497077 -0.1236122 0
vn 0.07288975 -0.1310995 0
vn 0.02673678 -0.06152353 0.1341641
vn 0.04616875 -0.1427181 0
vn 0.01029704 -0.04630303 0.1423025
vn 0.01456221 -0.06548238 0.1341641
vn 0.0325621 -0.1464231 0
vn 0.01858821 -0.1488438 0
vn 0.002851816 -0.1499729 0
vn 0.005702601 -0.1498916 0
vn 0.106066 -0.106066 0
vn -0.106066 -0.106066 0
vn -0.003064137 0.1499687 0
vn -0.006126996 0.1498748 0
vn -0.01963978 0.1487087 0
vn -0.03316026 0.1462888 0
vn -0.04626103 0.1426882 0
vn -0.03271149 0.1008958 -0.106066
vn -0.0589296 0.1379395 0
vn -0.03203349 0.05893943 0.1341641
vn -0.08239017 0.125347 0
vn -0.02913357 0.03743308 0.1423025
vn -0.04120109 0.05293836 0.1341641
vn -0.1082679 0.1038175 0
vn -0.1029677 0.1090764 0
vn -0.1222326 0.0869436 0
vn -0.1295824 0.07555397 0
vn -0.1387159 0.05707797 0
vn -0.1359539 0.06337625 0
vn -0.1433146 0.04428238 0
vn -0.1012878 0.03129664 -0.1061193
vn -0.1467925 0.03085374 0
vn -0.1312653 0.02759014 -0.0671431
vn -0.148881 0.01828815 0
vn -0.1331447 0.01635514 -0.06711931
vn -0.1339311 0.00773143 0.06710205
vn -0.1339311 0.00773143 -0.06710205
vn -0.1335379 -0.01263991 0.06714053
vn -0.1055365 -0.009989457 -0.1061238
vn -0.1318101 -0.02487257 0.06713752
vn -0.1318101 -0.02487257 -0.06713752
vn -0.1441899 -0.0413433 0
vn -0.1248236 -0.04909875 0.06714455
vn -0.1336597 -0.06808144 0
vn -0.09445697 -0.04811298 -0.1061274
vn -0.08943761 -0.05690564 0.1061257
vn -0.1265551 -0.08052205 0
vn -0.05482576 -0.03865406 0.1341641
vn -0.1112598 -0.1006045 0
vn -0.04975687 -0.04499171 -0.1341641
vn -0.07560287 -0.07432634 -0.1061122
vn -0.09668609 -0.1146813 0
vn -0.06832165 -0.08103769 -0.1061369
vn -0.07251631 -0.1313065 0
vn -0.06605478 -0.1346728 0
vn -0.05293885 -0.1403477 0
vn -0.04010286 -0.1445398 0
vn -0.02112366 -0.1485052 0
vn -0.009995537 -0.1496666 0
vn -0.004773351 -0.149924 0
vn 0.08660254 0.08660254 0.08660254
vn -0.08660254 0.08660254 0.08660254
vn -0.08660254 0.08660254 -0.08660254
vn 0.08660254 0.08660254 -0.08660254
vn 0.08660254 -0.08660254 0.08660254
vn 0.08660254 -0.08660254 -0.08660254
vn -0.08660254 -0.08660254 0.08660254
vn -0.08660254 -0.08660254 -0.08660254
vn 0.106066 0.106066 0
vn -0.08930547 -0.1205178 0
vn -0.08539319 0.1233207 0
vn 0.1233176 -0.08539768 0
vn 0.1205015 0.0893275 0
vn 0.1435212 -0.04360799 0
vn 0.06708204 -0.1341641 0
vn -0.106066 0 -0.106066
vn 0.1385816 -6.367686E-08 0.05740328
vn 0.133052 -7.697555E-08 0.06926167
vn 0.1265088 0 0.0805949
vn 0.1190028 0 0.09131455
vn 0.1105914 0 0.1013388
vn 0.1013394 0 0.1105908
vn 0.09131303 -1.320092E-07 0.1190039
vn 0.08059647 -1.400954E-07 0.1265078
vn 0.06926005 0 0.1330528
vn 0.05740329 0 0.1385816
vn 0.04510598 -7.934541E-08 0.1430575
vn 0.03246588 -8.120885E-08 0.1464444
vn 0.01957764 0 0.1487169
vn 0.006545771 0 0.1498571
vn -0.1498572 0 0.006543206
vn 0.1448891 0 0.03882199
vn 0.143058 0 0.04510458
vn 0.1416858 0 0.04924566
vn 0.1443089 0 0.04092618
vn 0.1464445 0 0.03246552
vn 0.1494292 0 0.01307363
vn 0.1480846 0 0.0238947
vn 0.1496036 6.407008E-08 -0.01089791
vn 0.1487168 0 -0.01957862
vn 0.1464445 0 -0.03246552
vn 0.1473266 0 -0.02819374
vn 0.1477212 0 -0.02604686
vn 0.1430578 0 -0.04510497
vn 0.1359462 0 -0.06339265
vn 0.1385816 0 -0.05740328
vn 0.1299038 0 -0.07500001
vn 0.1265082 0 -0.08059581
vn 0.1190038 0 -0.09131324
vn 0.1075977 0 -0.1045119
vn 0.1105905 0 -0.1013398
vn 0.1060657 0 -0.1060664
vn 0.09473605 0 -0.1162974
vn 0.09641847 0 -0.1149064
vn 0.09131432 0 -0.1190029
vn 0.08059503 5.566873E-07 -0.1265087
vn 0.06536394 0 -0.1350095
vn 0.06926179 2.932378E-07 -0.1330519
vn 0.06339221 0 -0.1359464
vn 0.05740155 0 -0.1385823
vn 0.04510659 0 -0.1430573
vn 0.03246652 0 -0.1464443
vn 0.01957897 0 -0.1487167
vn -0.06116669 0 -0.1369622
vn 0.01089684 0 -0.1496037
vn 0.006541949 0 -0.1498573
vn -0.1013388 0 -0.1105914
vn -0.1498572 0 -0.006543216
vn 0.106066 0 0.106066
vn -0.106066 -2.065516E-05 0.106066
vn 0.1009577 -0.04962535 -0.09922133
vn -0.1009577 -0.04962535 -0.09922133
vn 0 0.1341641 0.06708204
vn 0 -0.106066 0.106066
vn 0.1341641 0.06708204 0
vn 0 0.06708204 -0.1341641
vn 0.106066 -0.1054528 -0.0113891
vn 0.106066 -0.1059687 0.004541908
vn 0.1341641 -0.06702051 0.002872555
vn 0.1341641 -0.06533011 0.01523082
vn 0.1341641 -0.06433924 -0.01898585
vn 0.1423025 -0.04715992 -0.005093358
vn 0.1341641 -0.060282 -0.02942925
vn 0.106066 -0.08791492 -0.05933776
vn 0.1423025 -0.03931675 -0.02653665
vn 0.1470871 0.01189059 0.02690722
vn 0.1455214 0.01470502 0.033276
vn 0.1455214 0.008146371 0.03545654
vn 0.1423025 0.01062157 0.04622967
vn 0.1341641 -0.001656028 0.0670616
vn 0.1341641 -0.009343326 0.06642817
vn 0.1423025 -0.006606729 0.04697181
vn -0.1341641 -0.009343326 0.06642817
vn -0.1341641 -0.001656028 0.0670616
vn -0.1423025 0.01062157 0.04622967
vn -0.1455214 0.008146371 0.03545654
vn -0.1455214 0.01470502 0.033276
vn -0.1479591 0.009967568 0.02255562
vn -0.1423025 -0.006606729 0.04697181
vn -0.1341641 -0.06702051 0.002872555
vn -0.106066 -0.1059687 0.004541908
vn -0.106066 -0.1054528 -0.0113891
vn -0.1423025 -0.04715992 -0.005093358
vn -0.1341641 -0.06433924 -0.01898585
vn -0.1341641 -0.06533011 0.01523082
vn -0.1341641 -0.060282 -0.02942925
vn -0.1423025 -0.03931675 -0.02653665
vn -0.106066 -0.08791492 -0.05933776
vn -0.1423025 -0.04262581 -0.02080962
vn -0.01241277 -0.01634281 0.1485895
vn 0.1242535 0.05052358 0.06714486
vn 0.1014689 0.03071176 0.1061172
vn 0.1312726 0.02758437 0.06713137
vn 0.09386245 -0.07498033 0.08982088
vn 0.08321696 0.06566961 0.1061246
vn 0.04669267 0.09518942 0.1061074
vn 0.03829471 0.09884893 0.1061245
vn -0.1024694 -0.02716815 0.1061221
vn 0.004201645 0.04720305 0.1423173
vn -0.09951645 -0.03652742 0.1061236
vn -0.1211201 -0.0576399 0.06713832
vn 0.09692273 0.09272338 0.06714432
vn 0.07770716 0.1093345 0.06713849
vn 0.02878076 0.1020239 0.1061263
vn 0.01906695 0.1042801 0.1061231
vn -0.09111792 -0.05417903 0.1061233
vn -0.1081732 -0.07930735 0.06714837
vn -0.07922149 -0.07044721 0.1061185
vn -0.07330839 -0.0766066 0.1061005
vn 0.000334601 0.04740522 0.1423118
vn -0.02190989 -0.1037156 0.1061274
vn -0.01300525 -0.1052289 0.1061025
vn -0.005199286 0.08300994 0.1248292
vn -0.006091996 -0.1058695 0.1060874
vn 0.001041447 -0.1341418 0.06711853
vn 0.01920382 -0.1042578 0.1061203
vn -0.004973133 0.03600959 0.1455286
vn 0.05904255 -0.1204422 0.06713908
vn 0.05476171 -0.09078407 0.1061104
vn 0.07807338 -0.1090847 0.06711984
vn 0.06827865 -0.08110836 0.1061106
vn -0.06690974 -0.08223157 0.1061181
vn -0.07438796 -0.1116115 0.06715138
vn -0.04973451 -0.0936116 0.1061289
vn -0.05145915 -0.1238723 0.06713868
vn -0.03153554 -0.1012113 0.1061215
vn 0.02850658 -0.1021081 0.1061194
vn 0.03768119 -0.09908615 0.1061229
vn 0.07506169 -0.07485873 0.1061222
vn 0.08192072 -0.06726526 0.1061338
vn 0.08819469 -0.05880708 0.1061293
vn -0.006532509 0.02865254 0.147093
vn 0.09339155 -0.05015892 0.1061231
vn 0.09765616 -0.04124193 0.1061243
vn 0.101091 -0.03190958 0.1061245
vn 0.1036212 -0.02237584 0.1061225
vn 0.1051212 -0.01387511 0.1060991
vn 0.08315466 0.0006346049 0.1248395
vn 0.1284612 0.03858784 0.06714679
vn 0.11886 0.06216745 0.06713796
vn 0.09200319 0.09763572 0.06710202
vn -0.03299001 0.1007447 0.1061234
vn -0.04144027 0.09759267 0.1061055
vn -0.05417753 0.0911433 0.1061023
vn 0.06815232 0.1155308 0.06714095
vn 0.03599213 0.09971324 0.1061218
vn 0.00773395 0.03160582 0.1464283
vn 0.005601014 -0.0407948 0.1442374
vn -0.004036042 -0.04722018 0.1423164
vn -0.006343422 -0.03578641 0.1455304
vn -0.01236525 -0.001507695 0.1494819
vn 0.04150065 -0.09756939 0.1061033
vn -0.01236525 -0.001507695 -0.1494819
vn 0.008646823 0.03533639 -0.1455217
vn 0.01591447 0.05334512 -0.1392876
vn 0.03599213 0.09971324 -0.1061218
vn 0.1015208 0.03049533 -0.10613
vn -0.00915115 0.04013827 -0.14424
vn 0.1329939 -0.01755406 -0.06711549
vn 0.1036212 -0.02237584 -0.1061225
vn 0.1279134 -0.04037613 -0.06714121
vn 0.09765616 -0.04124193 -0.1061243
vn 0.09339155 -0.05015892 -0.1061231
vn 0.08819469 -0.05880708 -0.1061293
vn -0.004973133 0.03600959 -0.1455286
vn 0.08192072 -0.06726526 -0.1061338
vn 0.09497654 -0.09471974 -0.0671389
vn 0.06827865 -0.08110836 -0.1061106
vn -0.04144027 0.09759267 -0.1061055
vn -0.05417753 0.0911433 -0.1061023
vn -0.06148117 0.0863625 -0.1061206
vn -0.06930258 0.08021163 -0.1061285
vn 0.02850658 -0.1021081 -0.1061194
vn 0.01920382 -0.1042578 -0.1061203
vn 0.03768119 -0.09908615 -0.1061229
vn 0.04666236 -0.09518757 -0.1061224
vn 0.06170939 -0.08622083 -0.1061034
vn 0.06928608 -0.1148626 -0.06712693
vn -0.004191544 0.06692071 -0.1341792
vn 0.0008231684 -0.1060268 -0.1061021
vn -0.006091996 -0.1058695 -0.1060874
vn -0.01300525 -0.1052289 -0.1061025
vn 0.0002906782 0.04118238 -0.1442357
vn -0.02190989 -0.1037156 -0.1061274
vn 0.003650062 0.04100633 -0.1442399
vn -0.07330839 -0.0766066 -0.1061005
vn -0.07922149 -0.07044721 -0.1061185
vn -0.08548671 -0.06267473 -0.1061315
vn -0.09111792 -0.05417903 -0.1061233
vn -0.1024694 -0.02716815 -0.1061221
vn -0.01362728 -0.01794186 -0.1482983
vn 0.01906695 0.1042801 -0.1061231
vn 0.03641753 0.1290952 -0.06714313
vn 0.03829471 0.09884893 -0.1061245
vn 0.0590759 0.1204343 -0.06712389
vn 0.06141352 0.08640921 -0.1061218
vn 0.1014689 0.03071176 -0.1061172
vn 0.1242535 0.05052358 -0.06714486
vn -0.1259205 -0.04621901 -0.06714037
vn -0.09572376 -0.04555401 -0.1061216
vn 0.09386245 -0.07498033 -0.08982088
vn 0.1312726 0.02758437 -0.06713137
vn 0.09692273 0.09272338 -0.06714432
vn 0.08945595 0.106066 0.05698803
vn 0.09181204 0.1061165 0.05300797
vn 0.1051586 0.106066 -0.01384469
vn 0.03604292 0.1341642 -0.0565763
vn 0.02295699 0.1060661 -0.1035517
vn 0.02567116 0.1341642 -0.06197549
vn 0.01451926 0.1341642 -0.06549169
vn 0.105965 0.106066 -0.004628141
vn 0.1494291 0 -0.0130747
vn 0.105612 0.1061165 -0.00924081
vn 0.1215703 -0.06713318 -0.0566904
vn 0.09962221 -0.1061165 -0.03625882
vn 0.09408084 0.106066 0.04897751
vn 0.04058973 0.1060661 -0.0979921
vn 0.004626207 0.1060661 -0.105965
vn 0.1024034 -0.1061165 -0.02743803
vn 0.1035519 -0.106066 -0.02295643
vn 0.09181169 -0.1061165 -0.05300854
vn 0.08684298 -0.1061165 -0.06080779
vn 0.06080788 -0.1061165 -0.0868429
vn -0.0557086 -0.1392715 0
vn 0.06456886 -0.106066 -0.08414787
vn 0.03625965 -0.1061165 -0.09962192
vn 0.05668958 -0.06713316 -0.1215707
vn 0.03471791 -0.06713316 -0.1295678
vn -0.08405634 -0.08788978 -0.08780614
vn 0.01169083 -0.06713316 -0.1336281
vn 0.102756 -0.06713317 -0.08622262
vn 0.07819974 -0.106066 -0.07165755
vn 0.05300776 -0.1061165 -0.09181213
vn 0.01840954 -0.1061165 -0.1044049
vn -0.08405641 0.08788984 -0.08780602
vn 0.09676727 -0.04327844 0.1061276
vn 0.01442998 -0.1050799 0.106066
vn -0.02574818 -0.1316379 0.0671453
vn -0.01290964 -0.1335101 0.06714449
vn 0.001064984 0.1341419 0.06711803
vn 0.009620607 0.1055716 0.1061229
vn 0.06353093 0.08488867 0.1061025
vn 0.07125358 0.1136464 0.06713734
vn 0.08705302 0.06049918 0.1061208
vn 0.1165807 0.06634606 0.06713521
vn 0.132767 0.01915502 0.06712684
vn 0.1338343 0.009178163 0.067113
vn 0.125845 -0.04645368 0.06712002
vn 0.1223979 -0.05491281 0.06710701
vn 0.1183352 -0.06317857 0.06712116
vn 0.1126073 -0.07288351 0.06713851
vn 0.06117688 0.02752073 0.1341641
vn -0.06148117 0.0863625 0.1061206
vn -0.06930258 0.08021163 0.1061285
vn -0.04627548 -0.04856521 0.1341641
vn -0.06522536 0.05156325 0.1248474
vn -0.06553868 -0.05115496 0.1248513
vn -0.0692203 0.046103 0.1248321
vn -0.07000122 -0.0448687 0.1248464
vn -0.07198211 0.04169191 0.1248213
vn -0.07377002 -0.03835525 0.1248473
vn -0.120085 0.05979013 0.06711727
vn -0.07723078 0.03079274 0.1248488
vn -0.1241436 -0.05080255 0.06713763
vn -0.07947738 -0.0244303 0.1248459
vn -0.07977368 0.02341827 0.1248509
vn -0.0813802 -0.01701723 0.1248506
vn -0.08164321 0.0156967 0.1248519
vn -0.08254893 -0.01011088 0.1248337
vn -0.1055347 0.009986342 0.1061259
vn -0.1339317 -0.007719395 0.06710221
vn -0.1341395 0.001117688 0.06712182
vn 0.104222 0.01938843 0.106122
vn 0.1042093 -0.01943797 0.1061254
vn 0.10204 0.02874986 0.1061192
vn 0.1018913 -0.02924556 0.1061266
vn 0.09905717 0.0377672 0.1061194
vn 0.09865426 -0.03879097 0.1061254
vn 0.09528057 0.04647953 0.1061191
vn 0.09504134 -0.04700322 0.106103
vn 0.09126323 0.05398074 0.1060995
vn 0.09177991 -0.05312265 0.1060869
vn 0.08777371 0.05951405 0.1060842
vn 0.05960211 -0.05796126 0.1248523
vn 0.05021573 0.06627176 0.1248457
vn 0.05379827 -0.06338829 0.1248506
vn 0.04410513 0.07048558 0.124846
vn 0.04150065 -0.09756939 -0.1061033
vn -0.06690974 -0.08223157 -0.1061181
vn -0.03153554 -0.1012113 -0.1061215
vn -0.04066915 -0.09789868 -0.106122
vn -0.07438796 -0.1116115 -0.06715138
vn -0.04973451 -0.0936116 -0.1061289
vn -0.04627548 -0.04856521 -0.1341641
vn -0.06014093 0.05740464 -0.124851
vn -0.06522536 0.05156325 -0.1248474
vn -0.06553868 -0.05115496 -0.1248513
vn -0.0692203 0.046103 -0.1248321
vn -0.07000122 -0.0448687 -0.1248464
vn -0.07198211 0.04169191 -0.1248213
vn -0.07377002 -0.03835525 -0.1248473
vn -0.120085 0.05979013 -0.06711727
vn -0.07723078 0.03079274 -0.1248488
vn -0.1241436 -0.05080255 -0.06713763
vn -0.07947738 -0.0244303 -0.1248459
vn -0.07977368 0.02341827 -0.1248509
vn -0.0813802 -0.01701723 -0.1248506
vn -0.08164321 0.0156967 -0.1248519
vn -0.08254893 -0.01011088 -0.1248337
vn -0.1055347 0.009986342 -0.1061259
vn -0.1339317 -0.007719395 -0.06710221
vn -0.1341395 0.001117688 -0.06712182
vn 0.1448892 2.884117E-09 -0.03882172
vn 0.1409542 8.38499E-10 -0.05130209
vn 0.1368539 1.422363E-09 -0.06140854
vn 0.122873 0 -0.08603617
vn 0.1149066 0 -0.09641819
vn 0.1013399 0 -0.1105904
vn 0.0860363 0 -0.1228729
vn 0.07500001 0 -0.1299038
vn 0.05130332 0 -0.1409538
vn 0.0388232 0 -0.1448888
vn 0.02604742 0 -0.1477211
vn 0.01307324 0 -0.1494292
vn 0.1477212 0 0.02604704
vn 0.1409541 0 0.05130253
vn 0.1359461 0 0.06339285
vn 0.1299039 0 0.07499994
vn 0.1228727 0 0.08603662
vn 0.1330521 0 -0.06926139
vn 0.1498571 0 -0.006545257
vn 0.1498571 0 0.006545181
vn 0.1487167 0 0.01957935
vn 0.02295762 -0.106066 0.1035517
vn 0.0841474 0.106066 -0.06456946
vn 0.07500019 0 0.1299037
vn 0.01307414 0 0.1494291
vn 0.1309809 0 0.07310265
vn 0.1350085 0 0.06536588
vn -0.06708204 -0.1341641 0
vn 0.06123724 0.1224745 -0.06123724
vn 0 0.06708147 0.1341644
vn 0 0.1341641 -0.06708204
vn -0.04743417 0.1423025 0
vn 0 -0.106066 -0.106066
vn 0 -5.688413E-05 0.15
vn -0.1499112 0 0.005159604
vn -0.1499113 0 -0.005159578
vn -0.1078748 0 0.1042259
vn 0 0.03741476 -0.1452589
vn 0 0.03716456 0.1453231
vn 0 -0.0371585 -0.1453246
vn 0 -0.03709318 0.1453413
vn 0.1392909 0.05546011 -0.004715865
vn 0.1470871 0.02939394 -0.001175011
vn 0 0.1498803 -0.005991402
vn 0 0.1494606 -0.01270889
vn 0.1061027 0.1045558 -0.01761508
vn 0 0.1479155 -0.02492012
vn 0.1060963 0.1030496 -0.02498719
vn 0 0.1457758 -0.03534731
vn 0.1061147 0.1008176 -0.03279462
vn 0 0.1426431 -0.0463999
vn 0.1061198 0.09754565 -0.04151424
vn 0 0.1380204 -0.05873981
vn 0.06713952 0.1181187 -0.06356296
vn 0 0.1320891 -0.07108079
vn 0 0.1248887 -0.08308316
vn 0 0.1165474 -0.09442826
vn 0 0.1073202 -0.1047969
vn 0 0.09713923 -0.1142977
vn 0 0.08586974 -0.1229894
vn 0 0.07383136 -0.1305715
vn 0 0.06131177 -0.1368973
vn 0 0.04859677 -0.1419097
vn 0 0.03558751 -0.1457173
vn 0 0.02259282 -0.1482888
vn 0 0.0107254 -0.1496161
vn 0 -0.0006879206 -0.1499984
vn 0 -0.01328296 -0.1494107
vn 0 -0.02684268 -0.1475787
vn 0 -0.04043775 -0.1444465
vn 0 -0.05327195 -0.1402216
vn 0 -0.06496485 -0.135202
vn 0 -0.07618254 -0.1292139
vn 0 -0.08734951 -0.1219429
vn 0 -0.09810288 -0.1134717
vn 0 -0.1080195 -0.1040759
vn 0 -0.1164436 -0.0945563
vn 0 -0.1230053 -0.08584689
vn 0 -0.1289329 -0.07665711
vn 0 -0.1349763 -0.06543239
vn 0 -0.1401491 -0.05346234
vn 0 -0.143801 -0.04267649
vn 0.1282347 -0.004210259 -0.07770538
vn 0 -0.008115447 -0.1497803
vn 0.1248473 0.07632227 -0.03298565
vn 0 0.1376908 -0.05950844
vn 0 0.1269927 -0.0798302
vn 0 0.120746 -0.08899661
vn 0 0.1115917 -0.1002362
vn 0.0671262 0.09080107 -0.09873826
vn 0 0.1015354 -0.1104109
vn 0.1060914 0.06602088 -0.0829811
vn 0 0.09338996 -0.1173811
vn 0 0.08508798 -0.1235315
vn 0 0.0763838 -0.129095
vn 0 0.07059849 -0.1323475
vn 0 -0.07802509 -0.1281097
vn 0 -0.1288378 0.07681675
vn 0.06708853 -0.06561945 0.117018
vn 0 -0.07336655 0.1308333
vn 0.1061237 -0.05749725 0.08906078
vn 0 -0.08135768 0.1260196
vn 0 -0.0929157 0.1177569
vn 0 -0.103354 0.1087104
vn 0 -0.112375 0.0993573
vn 0.06718288 -0.1091462 0.07793312
vn 0 -0.1220751 0.08716466
vn 0.1061305 -0.09253918 0.05169922
vn 0 -0.1309499 0.07315828
vn 0.1061249 -0.09709246 0.04255074
vn 0 -0.1373858 0.06020927
vn 0.1061163 -0.1005547 0.03358697
vn 0 -0.1422733 0.04752171
vn 0.1061236 -0.1031629 0.02439675
vn 0 -0.1459736 0.03452095
vn 0.106112 -0.1049229 0.01521237
vn 0 -0.1484479 0.02152288
vn 0.1060976 -0.1057906 0.007186927
vn 0 -0.1496551 0.01016688
vn 0.1060734 -0.1060439 0.001767696
vn 0 -0.1499792 0.002500074
vn 0.1224745 -0.06123724 -0.06123724
vn 0.1423025 -0.04743417 0
vn 0.1392786 0.05567042 0.001510968
vn 0.1459993 0.02433321 -0.02433321
vn 0 0.1499448 0.004069698
vn 0.06713908 0.1334606 0.01343947
vn 0 0.1492452 0.01502898
vn 0 0.1477045 0.02614178
vn 0 0.1462388 0.03337972
vn 0 0.1435543 0.04349888
vn 0 0.1386397 0.0572628
vn 0 0.1327464 0.06984559
vn 0 0.125926 0.08150249
vn 0 0.1178338 0.09281811
vn 0 0.1090499 0.1029958
vn 0 0.1004128 0.1114328
vn 0 0.09120957 0.1190832
vn 0 0.08043469 0.1266107
vn 0 0.06835013 0.1335225
vn 0 0.05538669 0.1393998
vn 0 0.0418189 0.1440527
vn 0 0.02821975 0.1473216
vn 0 0.01437955 0.1493092
vn 0 -0.01383767 0.1493604
vn 0 -0.02778891 0.1474035
vn 0 -0.0416043 0.1441148
vn 0 -0.05479624 0.139633
vn 0 -0.06748641 0.1339611
vn 0.067145 -0.07150013 0.1134869
vn 0 -0.07995835 0.126912
vn 0.1061299 -0.06496889 0.08375847
vn 0 -0.09193532 0.1185238
vn 0.1061037 -0.07200187 0.07783151
vn 0 -0.1018622 0.1101095
vn 0.1248241 -0.06044771 0.05714045
vn 0 -0.1090061 0.1030421
vn 0.1061079 -0.08189017 0.06734329
vn 0 -0.1158559 0.09527541
vn 0.1061293 -0.08750848 0.05982343
vn 0 -0.1238296 0.08465363
vn 0.1061292 -0.092924 0.05100713
vn 0 -0.1314927 0.07217799
vn 0.1061331 -0.09751154 0.0415603
vn 0 -0.1379895 0.05881238
vn 0.1061308 -0.1011675 0.03164469
vn 0 -0.14316 0.04477973
vn 0.106127 -0.1037689 0.02165785
vn 0 -0.146836 0.03064646
vn 0.1061036 -0.1052639 0.01270985
vn 0 -0.1489184 0.01798081
vn 0.1060873 -0.1058892 0.00574137
vn 0 -0.14978 0.008121156
vn 0.1060704 -0.1060528 0.00136866
vn 0 -0.1499875 0.001935658
vn 0 -0.1272953 -0.07934671
vn 0 -0.1338005 -0.06780428
vn 0 -0.1382303 -0.05824413
vn 0 -0.1412623 -0.05044768
vn 0 -0.1448185 -0.03908475
vn 0 -0.1477788 -0.02571837
vn 0 -0.1493545 -0.01390116
vn 0 -0.149937 -0.004347086
vn 0 -0.1498628 0.006414246
vn 0 -0.1486978 0.01972215
vn 0 -0.1463493 0.03289224
vn 0 -0.1427774 0.04598482
vn 0 -0.138871 0.05669961
vn 0 -0.1346302 0.0661416
vn 0 -0.1283352 0.07765361
vn 0 -0.1200692 0.08990764
vn 0 -0.1105112 0.1014262
vn 0 -0.09994276 0.1118546
vn 0 -0.08871965 0.1209497
vn 0 -0.07579426 0.129442
vn 0 -0.07936806 0.127282
vn 0 -0.06723594 0.134087
vn 0 -0.05579347 0.1392375
vn 0 -0.04283357 0.1437543
vn 0 -0.02973211 0.1470238
vn 0 -0.01776565 0.1489442
vn 0 -0.008332198 0.1497684
vn 0 0.001386218 0.1499936
vn 0 0.05387112 0.1399925
vn 0 0.06392316 0.1356976
vn 0 0.07399176 0.1304807
vn 0 0.08518538 0.1234644
vn 0 0.09605477 0.1152106
vn 0 0.105913 0.1062188
vn 0 0.115168 0.09610586
vn 0 0.1232753 0.08545876
vn 0 0.1297274 0.07530478
vn 0 0.1356538 0.06401594
vn 0 0.1411729 0.05069717
vn 0 0.1453818 0.0369343
vn 0 0.1481277 0.02362596
vn 0 0.1495775 0.01125092
vn 0 0.1499996 -0.0003525136
vn 0 0.1476695 -0.02633863
vn 0 0.1449461 -0.03860862
vn 0 0.1409408 -0.051339
vn 0 0.1354457 -0.06445524
vn 0 0.1288773 -0.07675053
vn 0 0.1211631 -0.08842802
vn 0 0.1130588 -0.0985784
vn 0 0.1055027 -0.1066264
vn 0 0.08692634 -0.1222449
vn 0 0.07530783 -0.1297256
vn 0 0.06358413 -0.1358568
vn 0 0.05208702 -0.1406661
vn 0 -0.07713152 -0.1286496
vn 0 -0.1303666 0.07419263
vn 0 -0.05938829 0.1377426
vn 0 -0.07225489 0.1314505
vn 0 -0.0844091 0.1239964
vn 0 -0.09587447 0.1153607
vn 0 -0.1062794 0.1058522
vn 0 -0.1154722 0.0957401
vn 0 -0.1240175 0.08437814
vn 0 -0.1316973 0.07180417
vn 0 -0.1465515 0.03197919
vn 0 -0.149702 0.009451179
vn 0 -0.1499977 -0.0008376844
vn 0 -0.149415 -0.01323453
vn 0 -0.1474798 -0.02738069
vn 0 -0.144111 -0.04161768
vn 0 -0.13959 -0.05490561
vn 0 -0.1339731 -0.06746263
vn 0 -0.1271373 -0.07959962
vn 0 -0.1192409 -0.09100333
vn 0 -0.111426 -0.1004204
vn 0 -0.1045597 -0.1075513
vn 0 -0.09638716 -0.1149327
vn 0 -0.08524599 -0.1234225
vn 0 -0.07290486 -0.1310911
vn 0 -0.06040727 -0.1372988
vn 0 -0.04712746 -0.1424044
vn 0 -0.0331361 -0.1462942
vn 0 -0.020012 -0.1486591
vn 0 -0.009142226 -0.1497211
vn 0 0.001148717 -0.1499956
vn 0 0.0138401 -0.1493602
vn 0 0.02816454 -0.1473321
vn 0 0.04201445 -0.1439958
vn 0 0.05515141 -0.1394931
vn 0 0.06781782 -0.1337937
vn 0 0.07930458 -0.1273216
vn 0 0.08912347 -0.1206524
vn 0 0.09885731 -0.112815
vn 0 0.1087473 -0.1033151
vn 0 0.1178546 -0.09279171
vn 0 0.1260287 -0.08134355
vn 0 0.1330697 -0.06922762
vn 0 0.1388172 -0.05683113
vn 0 0.1434477 -0.04384919
vn 0 0.146957 -0.03006068
vn 0 0.1489687 -0.01755956
vn 0 0.1497866 -0.007998293
vn 0 0.1499939 0.001349139
vn 0 0.1493994 0.01340967
vn 0 0.1455162 0.03640097
vn 0 0.1425239 0.04676471
vn 0 0.1382089 0.05829509
vn 0 0.1334071 0.06857514
vn 0 0.07596835 0.1293399
vn 0 0.1325886 -0.07014462
vn 0 0.143354 0.04415454
vn 0 -0.1326235 0.07007854
vn 0 -0.143332 -0.04422597
vn 0 0.07172754 -0.131739
vn 0 0.1435843 -0.04339997
vn 0 -0.04796206 -0.1421255
vn 0 -0.06072967 -0.1371565
vn 0 -0.07237318 -0.1313854
vn 0 -0.08218832 -0.1254794
vn 0 -0.09184963 -0.1185903
vn 0 -0.1021366 -0.109855
vn 0 -0.1071428 -0.1049782
vn 0 -0.1302903 -0.07432655
vn 0 -0.147157 -0.02906582
vn 0 -0.1499178 -0.004965393
vn 0 -0.148628 0.02024183
vn 0 -0.1408726 0.05152583
vn 0 -0.1427452 0.04608487
vn 0 -0.13615 0.06295386
vn 0 -0.1298903 0.07502346
vn 0 -0.1224887 0.08658244
vn 0 -0.1141608 0.09730012
vn 0 -0.1045683 0.1075429
vn 0 -0.09484641 0.1162074
vn 0 -0.08680118 0.1223338
vn 0 -0.07847935 0.1278319
vn 0 -0.06094455 0.1370612
vn 0 -0.04764598 0.1422317
vn 0 -0.03414807 0.1460613
vn 0 -0.01091777 0.1496022
vn 0 0.006619287 0.1498539
vn 0 0.02036047 0.1486118
vn 0 0.04678567 0.142517
vn 0 0.0794218 0.1272485
vn 0 0.07353269 0.13074
vn 0 0.08966615 0.1202497
vn 0 0.097839 0.1136993
vn 0 0.1149112 0.0964127
vn 0 0.1305151 0.07393116
vn 0 0.1337015 0.06799936
vn 0 0.139528 0.05506316
vn 0 0.1442026 0.04129899
vn 0 0.1475167 0.02718112
vn 0 0.1499128 0.005113692
vn 0 0.1486737 -0.0199034
vn 0 0.1461317 -0.03384573
vn 0 0.1422829 -0.04749279
vn 0 0.1369731 -0.06114224
vn 0 0.1314129 -0.07232326
vn 0 0.1259366 -0.08148602
vn 0 0.1185113 -0.09195147
vn 0 0.1098931 -0.1020955
vn 0 0.09992038 -0.1118746
vn 0 0.08874776 -0.1209291
vn 0 0.07675257 -0.1288761
vn 0 0.06437777 -0.1354825
vn 0 0.05274681 -0.14042
vn 0 -0.1464197 -0.03257722
vn 0 -0.0505568 0.1412233
vn 0 -0.06315351 0.1360575
vn 0 -0.07409515 0.130422
vn 0 -0.08383612 0.1243845
vn 0 -0.09374581 0.1170971
vn 0 -0.1039726 0.1081189
vn 0 -0.1137536 0.09777583
vn 0 -0.1225561 0.086487
vn 0 -0.1366229 0.06192081
vn 0 -0.1416071 0.04947164
vn 0 -0.1455838 0.03612972
vn 0 -0.148346 0.0222144
vn 0 -0.1495648 0.01141783
vn 0 -0.1499529 0.003756752
vn 0 -0.1498164 -0.007419146
vn 0 -0.1483716 -0.02204226
vn 0 -0.1455697 -0.03618661
vn 0 -0.1411385 -0.05079299
vn 0 -0.1179914 -0.09261764
vn 0 -0.08823863 -0.1213011
vn 0 -0.05178506 -0.1407775
vn 0 -0.03928123 -0.1447653
vn 0 -0.02596512 -0.1477356
vn 0 -0.01420278 -0.1493261
vn 0 -0.004474705 -0.1499332
vn 0 0.006443659 -0.1498615
vn 0 0.02024504 -0.1486275
vn 0 0.03336841 -0.1462414
vn 0 0.04640143 -0.1426426
vn 0 0.05935343 -0.1377577
vn 0 0.07274947 -0.1311774
vn 0 0.08297913 -0.1249579
vn 0 0.09042691 -0.1196786
vn 0 0.1001525 -0.1116669
vn 0 0.1100664 -0.1019088
vn 0 0.1193125 -0.0909094
vn 0 0.1275961 -0.0788622
vn 0 0.134562 -0.06628016
vn 0 0.1402134 -0.05329349
vn 0 0.1444466 -0.04043749
vn 0 0.1475966 -0.02674437
vn 0 0.1492411 -0.0150693
vn 0 0.1499111 -0.005164688
vn 0 0.1498369 0.006993634
vn 0 0.1484366 0.02160031
vn 0 0.1456757 0.03575731
vn 0 0.1414879 0.04981142
vn 0 0.1359892 0.06330035
vn 0 0.1295282 0.07564685
vn 0 0.1215755 0.08786007
vn 0 0.1133623 0.09822932
vn 0 0.1052881 0.1068383
vn 0 0.09535683 0.1157889
vn 0 0.084121 0.124192
vn 0 0.07243424 0.1313518
vn 0 0.06005005 0.1374554
vn 0 0.0480939 0.1420809
vn 0 0.03693425 0.1453818
vn 0 0.07702788 0.1287117
vn 0 -0.08350814 0.124605
vn 0.06123723 0.1224744 0.06123744
vn -0.06123725 0.1224746 -0.06123704
vn -0.06123699 0.1224745 0.0612375
vn -0.1493386 0.01407037 0
vn -0.1473593 0.0280221 0
vn -0.1441238 0.04157309 0
vn -0.1394476 0.05526623 0
vn -0.1333753 0.06863692 0
vn -0.1264261 0.08072456 0
vn -0.1130023 0.09864318 0
vn -0.105597 0.106533 0
vn -0.09609614 0.1151761 0
vn -0.07341928 0.1308037 0
vn -0.06006519 0.1374488 0
vn -0.04134126 0.1276035 0.0671435
vn -0.02290084 0.1035024 0.1061264
vn -0.03240513 0.1464579 0
vn -0.01736661 0.1330135 0.06712543
vn -0.0194196 0.1487376 0
vn -0.008867462 0.1497377 0
vn 0.001190848 0.1499953 0
vn 0.02720674 0.147512 0
vn 0.0362125 0.1291553 0.06713832
vn 0.04049531 0.1444304 0
vn 0.04835066 0.1251133 0.06714818
vn 0.05407102 0.1399154 0
vn 0.06033074 0.1197992 0.0671442
vn 0.06746746 0.1339707 0
vn 0.07968035 0.1270868 0
vn 0.0898772 0.120092 0
vn 0.0980119 0.1135503 0
vn 0.09488581 0.09481871 0.06712748
vn 0.1027357 0.08624323 0.06713776
vn 0.1148859 0.0964429 0
vn 0.1231752 0.08560299 0
vn 0.1303671 0.07419186 0
vn 0.1419178 0.04857298 0
vn 0.1484628 0.02141954 0
vn 0.1496485 0.01026268 0
vn 0.1499989 -0.0005777974 0
vn 0.1494185 -0.01319537 0
vn 0.1319584 -0.02406688 0.06713996
vn 0.1475658 -0.0269134 0
vn 0.1292265 -0.03596316 0.0671354
vn 0.1445084 -0.04021603 0
vn 0.1368577 -0.0614001 0
vn 0.1323221 -0.07064609 0
vn 0.1259254 -0.08150341 0
vn 0.1178308 -0.09282191 0
vn 0.1085575 -0.1035146 0
vn 0.09831051 -0.1132919 0
vn 0.08843173 -0.1211604 0
vn 0.08036163 -0.1266571 0
vn 0.07174512 -0.1317294 0
vn 0.06002492 -0.1374664 0
vn 0.03303047 -0.1463181 0
vn 0.009612645 -0.1496917 0
vn -0.0009336363 -0.1499971 0
vn -0.02694938 -0.1475593 0
vn -0.04028784 -0.1444884 0
vn -0.07848733 -0.127827 0
vn -0.09069083 -0.1194788 0
vn -0.1018856 -0.1100878 0
vn -0.1118205 -0.09998087 0
vn -0.1196485 -0.09046678 0
vn -0.1356779 -0.06396498 0
vn -0.1411242 -0.05083274 0
vn -0.103839 -0.02162071 0.106066
vn -0.06567357 -0.01367414 0.1341641
vn 0.1059657 0.004612382 0.106066
vn 0.1005209 0.03384584 0.106066
vn 0.06357503 0.02140599 0.1341641
vn 0.04325859 0.01946009 0.1423025
vn 0.120428 0.08942646 0
vn 0.1038719 0.1082157 0
vn 0.09305026 0.1176505 0
vn 0.08170862 0.1257923 0
vn 0.06960006 0.1328752 0
vn 0.02946009 0.1470786 0
vn 0.01695281 0.1490389 0
vn -0.04240213 0.1438821 0
vn -0.05565319 0.1392937 0
vn -0.09252936 0.1180607 0
vn -0.1023087 0.1096948 0
vn -0.1092706 0.1027616 0
vn -0.1235247 0.08509784 0
vn -0.1309477 0.07316223 0
vn -0.09916381 0.03763695 0.106066
vn -0.1464727 0.03233798 0
vn -0.1487147 0.01959423 0
vn -0.1059699 -0.004514455 0.106066
vn -0.1446686 -0.03963574 0
vn -0.1403543 -0.05292143 0
vn -0.1207732 -0.08895981 0
vn -0.1124856 -0.099232 0
vn -0.09157488 -0.1188025 0
vn -0.08026731 -0.1267169 0
vn -0.068233 -0.1335824 0
vn -0.02538704 -0.102983 0.106066
vn -0.02879414 -0.1472104 0
vn -0.01443678 -0.1493036 0
vn 0.006497248 -0.1498592 0
vn 0.03512425 -0.1458297 0
vn 0.05548267 -0.1393617 0
vn 0.0490677 -0.1417475 0
vn 0.06802788 -0.133687 0
vn 0.07412852 -0.1304031 0
vn 0.08586012 -0.1229961 0
vn 0.1006293 -0.1112374 0
vn 0.1076356 -0.1044729 0
vn 0.1145471 -0.09684503 0
vn 0.1225368 -0.08651434 0
vn 0.1397208 -0.05457197 0
vn 0.1444134 -0.04055587 0
vn 0.1328738 -0.01840619 0.06712503
vn 0.06602609 -0.0118556 0.1341641
vn 0.14969 -0.009638462 0
vn 0.1499281 -0.004645011 0
vn 0.1477176 0.02606768 0
vn 0.1447657 0.03927971 0
vn 0.140497 0.05254127 0
vn 0.1346901 0.06601959 0
vn 0.1286691 0.07709909 0
vn 0.1222066 0.08698024 0
vn 0.1135458 0.09801707 0
vn 0.08044598 0.1266035 0
vn 0.0675777 0.1339151 0
vn 0.04118868 0.1442342 0
vn 0.02729278 0.1474961 0
vn 0.01522736 0.1492251 0
vn 0.005280816 0.149907 0
vn -0.0205587 0.1485845 0
vn -0.04789411 0.1421484 0
vn -0.06084264 0.1371064 0
vn -0.07428961 0.1303114 0
vn -0.09408278 0.1168265 0
vn -0.1221706 0.08703074 0
vn -0.1298455 0.0751009 0
vn -0.1413408 0.05022735 0
vn -0.1454334 0.03673034 0
vn -0.1482072 0.02312225 0
vn -0.1495165 0.01203375 0
vn -0.1499477 0.003960105 0
vn -0.1498507 -0.006692174 0
vn -0.1461415 -0.03380348 0
vn -0.142359 -0.04726433 0
vn -0.1146159 -0.09676358 0
vn -0.1053342 -0.1067929 0
vn -0.09444311 -0.1165354 0
vn -0.08261441 -0.1251993 0
vn -0.06996106 -0.1326855 0
vn -0.05720752 -0.1386625 0
vn -0.04543333 -0.1429539 0
vn -0.03913704 -0.1448043 0
vn -0.05244196 -0.1405341 0
vn -0.06539647 -0.1349937 0
vn -0.08736323 -0.1219331 0
vn -0.09486096 -0.1161955 0
vn 0.03576513 0.1456738 0
vn 0.04985984 0.1414708 0
vn 0.06372242 0.135792 0
vn 0.07691484 0.1287793 0
vn 0.1085351 0.103538 0
vn 0.1177222 0.09295955 0
vn 0.1258637 0.08159854 0
vn 0.1327967 0.06974974 0
vn 0.138943 0.05652298 0
vn 0.1438669 0.04245357 0
vn 0.1471661 0.02901953 0
vn 0.1490809 0.01657962 0
vn 0.1154915 -0.0957168 0
vn -0.1411813 0.05067381 0
vn -0.1451341 0.03789584 0
vn -0.1481013 0.02379059 0
vn -0.1494495 0.01283939 0
vn -0.1485147 -0.02105702 0
vn -0.1459715 -0.03453007 0
vn -0.1420655 -0.0481393 0
vn -0.1367924 -0.06154547 0
vn -0.1302269 -0.07443766 0
vn -0.09064064 -0.1195168 0
vn -0.07884544 -0.1276064 0
vn -0.01518235 -0.1492297 0
vn 0.1438605 -0.04247547 0
vn -0.1404101 0.05277332 0
vn -0.1435057 -0.04365903 0
vn -0.04307254 0.1343659 0.05089756
vn 0.04315915 0.1342876 0.05103073
vn 0.04270443 0.1342181 -0.05159309
vn -0.0436229 0.133917 -0.05160695
vn -0.06123724 -0.06123724 0.1224745
vn -0.06123724 0.06123724 0.1224745
vn 0.06123724 -0.06123724 0.1224745
vn 0.06123724 0.06123724 0.1224745
vn -0.0452267 0.0452267 0.1356801
vn 0.0452267 -0.0452267 0.1356801
vn -0.1224745 -0.06123724 -0.06123724
vn -0.1224745 0.06123724 -0.06123724
vn -0.1224745 -0.06123724 0.06123724
vn -0.1224745 0.06123724 0.06123724
vn -0.1341641 0.06708204 0
vn -0.1341641 -0.06708204 0
vn 0.06708204 0 0.1341641
vn -0.04743417 0 0.1423025
vn 0.06708204 0.1341641 0
vn 0.06123725 -0.06123722 -0.1224745
vn -0.06123725 -0.06123722 -0.1224745
vn 0 -0.06708202 -0.1341641
vn 0 -0.1341641 0.06708204
vn -0.1356801 -0.0452267 0.0452267
vn -0.1356801 0.0452267 -0.0452267
vn 0.03133652 0.1360238 -0.05491411
vn 0.0310518 0.136024 0.05507497
vn 0.14441 0.04056595 0.0003984244
vn 0.005068556 0.1201652 -0.08963613
vn 0.004595178 0.1201923 0.08962537
vn -0.04800829 0.1317684 -0.05321926
vn 0.04722803 0.1318022 -0.05383026
vn -0.001109556 0.06102968 -0.1370188
vn -0.08214527 0.1214339 -0.03171705
vn 0.08190384 0.1213187 -0.03276473
vn -0.001093538 0.01190739 -0.1495226
vn -0.03020478 0.1360552 0.05546755
vn -0.03106032 0.1360561 -0.05499093
vn -0.1225515 0.0864916 0.0005862521
vn -0.003426841 0.1199348 0.09002165
vn -0.004717063 0.1201854 -0.08962826
vn -0.1441559 0.04145246 0.000881275
vn -0.04805626 0.1322433 0.05198384
vn -0.0001211368 0.06263147 0.1362985
vn 0.04793488 0.1322334 0.05212072
vn -0.08254301 0.1214937 0.03042915
vn -0.0001698677 0.01364414 0.1493781
vn 0.0824009 0.1215312 0.03066361
vn -0.08857166 0.08562633 -0.08557567
vn 0.08459926 0.08761292 -0.08756107
vn 0.1336929 -0.06801624 4.024895E-05
vn 0.08857166 0.08562633 -0.08557567
vn -0.08459926 0.08761292 -0.08756107
vn 0.06123724 -0.1224745 0.06123724
vn 0.06123724 -0.1224745 -0.06123724
vn -0.06123724 -0.1224745 0.06123724
vn -0.06123724 -0.1224745 -0.06123724
vn -0.0452267 -0.1356801 0.0452267
vn 0.04522669 -0.1356801 -0.04522672
vn 0.04522671 -0.1356801 0.04522668
vn 0.09641852 -2.243225E-08 0.1149064
vn 0.0633922 -5.274419E-08 0.1359464
vn 0.026047 0 0.1477212

usemtl Red
f 3/3/1 2/2/1 1/1/1
f 1/1/1 4/4/1 3/3/1
f 5/5/1 7/7/1 6/6/1
f 7/7/1 8/8/1 6/6/1
f 13/13/6 12/12/5 9/9/2
f 12/12/5 14/14/7 9/9/2
f 14/14/7 15/15/8 9/9/2
f 15/15/8 16/16/9 9/9/2
f 16/16/9 17/17/10 9/9/2
f 17/17/10 18/18/11 9/9/2
f 10/10/3 19/19/12 9/9/2
f 19/19/12 20/20/13 9/9/2
f 20/20/13 21/21/14 9/9/2
f 21/21/14 22/22/15 9/9/2
f 28/28/18 30/30/18 29/29/20
f 37/37/18 39/39/18 38/38/24
f 39/39/18 40/40/25 38/38/24
f 39/39/18 41/41/18 40/40/25
f 41/41/18 42/42/18 40/40/25
f 41/41/18 43/43/18 42/42/18
f 43/43/18 44/44/18 42/42/18
f 46/46/18 49/49/18 48/48/18
f 49/49/18 50/50/18 48/48/18
f 49/49/18 51/51/18 50/50/18
f 51/51/18 52/52/18 50/50/18
f 51/51/18 53/53/18 52/52/18
f 58/58/28 57/57/27 56/56/26
f 59/59/29 58/58/28 56/56/26
f 63/63/33 64/64/34 60/60/30
f 65/65/35 62/62/32 61/61/31
f 66/66/36 65/65/35 61/61/31
f 67/67/37 66/66/36 61/61/31
f 57/57/27 68/68/38 56/56/26
f 68/68/38 69/69/39 56/56/26
f 69/69/39 70/70/40 56/56/26
f 71/71/41 73/73/43 72/72/42
f 73/73/43 74/74/44 72/72/42
f 74/74/44 75/75/45 72/72/42
f 75/75/45 76/76/46 72/72/42
f 81/81/51 78/78/48 80/80/50
f 82/82/52 81/81/51 80/80/50
f 83/83/53 82/82/52 80/80/50
f 84/84/54 83/83/53 80/80/50
f 85/85/55 84/84/54 80/80/50
f 86/86/56 85/85/55 80/80/50
f 87/87/57 86/86/56 80/80/50
f 89/89/59 90/90/60 88/88/58
f 93/93/63 96/96/66 95/95/65
f 93/93/63 97/97/67 96/96/66
f 98/98/68 94/94/64 99/99/69
f 102/102/72 100/100/70 103/103/73
f 109/109/79 108/108/78 110/110/80
f 113/113/83 110/110/80 114/114/84
f 115/115/85 113/113/83 114/114/84
f 115/115/85 114/114/84 116/116/86
f 117/117/87 115/115/85 116/116/86
f 117/117/87 116/116/86 118/118/88
f 119/119/89 117/117/87 118/118/88
f 119/119/89 118/118/88 120/120/90
f 121/121/91 119/119/89 120/120/90
f 121/121/91 120/120/90 122/122/92
f 123/123/93 121/121/91 122/122/92
f 123/123/93 122/122/92 124/124/94
f 125/125/95 123/123/93 124/124/94
f 125/125/95 124/124/94 126/126/96
f 131/80/101 132/78/102 134/81/104
f 131/80/101 134/81/104 141/82/111
f 133/61/103 142/62/112 139/65/109
f 143/60/113 147/64/117 146/63/116
f 145/56/115 150/68/120 149/57/119
f 145/56/115 151/69/121 150/68/120
f 145/56/115 152/70/122 151/69/121
f 154/72/124 155/73/125 153/71/123
f 154/72/124 156/74/126 155/73/125
f 154/72/124 159/131/129 158/130/128
f 154/72/124 160/75/130 156/74/126
f 154/72/124 161/76/131 160/75/130
f 163/133/133 164/134/134 162/132/132
f 166/136/136 167/137/137 165/135/135
f 167/137/137 168/138/138 165/135/135
f 168/138/138 169/139/139 165/135/135
f 169/139/139 170/140/140 165/135/135
f 170/140/140 171/141/141 165/135/135
f 171/141/141 172/142/142 165/135/135
f 172/142/142 173/143/143 165/135/135
f 173/143/143 174/144/144 165/135/135
f 174/144/144 175/145/145 165/135/135
f 175/145/145 176/146/146 165/135/135
f 181/95/151 180/96/150 179/93/149
f 182/92/152 181/95/151 179/93/149
f 183/89/153 182/92/152 179/93/149
f 186/99/156 184/94/154 185/98/155
f 189/103/159 187/100/157 188/102/158
f 196/110/166 194/108/164 195/109/165
f 199/114/169 196/110/166 198/113/168
f 199/114/169 198/113/168 200/115/170
f 201/116/171 199/114/169 200/115/170
f 201/116/171 200/115/170 202/117/172
f 203/118/173 201/116/171 202/117/172
f 203/118/173 202/117/172 204/119/174
f 205/120/175 203/118/173 204/119/174
f 205/120/175 204/119/174 206/121/176
f 207/122/177 205/120/175 206/121/176
f 207/122/177 206/121/176 208/123/178
f 209/124/179 207/122/177 208/123/178
f 209/124/179 208/123/178 210/125/180
f 211/126/181 209/124/179 210/125/180
f 220/111/190 219/153/189 214/101/184
f 180/96/150 221/97/191 179/93/149
f 224/156/194 216/150/186 214/101/184
f 217/151/187 225/157/195 214/101/184
f 225/157/195 226/158/196 214/101/184
f 228/9/198 229/13/199 227/159/197
f 228/9/198 230/12/200 229/13/199
f 228/9/198 231/14/201 230/12/200
f 228/9/198 232/15/202 231/14/201
f 228/9/198 233/16/203 232/15/202
f 228/9/198 234/17/204 233/16/203
f 228/9/198 235/18/205 234/17/204
f 228/9/198 236/11/206 235/18/205
f 228/9/198 237/10/207 236/11/206
f 228/9/198 238/19/208 237/10/207
f 228/9/198 239/20/209 238/19/208
f 228/9/198 240/21/210 239/20/209
f 228/9/198 241/22/211 240/21/210
f 250/165/214 249/164/214 244/25/214
f 251/166/214 250/165/214 244/25/214
f 260/29/217 261/30/214 258/28/214
f 269/38/220 270/39/214 268/37/214
f 269/38/220 271/40/221 270/39/214
f 271/40/221 272/41/214 270/39/214
f 271/40/221 273/42/214 272/41/214
f 273/42/214 274/43/214 272/41/214
f 273/42/214 275/44/214 274/43/214
f 279/48/214 280/49/214 277/46/214
f 279/48/214 281/50/214 280/49/214
f 281/50/214 282/51/214 280/49/214
f 281/50/214 283/52/214 282/51/214
f 283/52/214 284/53/214 282/51/214
f 289/174/223 288/173/18 287/172/222
f 292/177/18 291/176/18 290/175/18
f 293/178/18 295/180/18 294/179/18
f 317/202/18 315/200/18 316/201/18
f 324/209/18 322/207/18 325/210/18
f 332/201/214 333/200/214 335/202/214
f 339/210/214 336/207/214 338/209/214
f 350/176/214 349/177/214 348/175/214
f 353/180/214 351/178/214 352/179/214
f 378/225/18 377/224/18 376/223/18
f 376/223/18 377/224/18 379/226/18
f 373/220/18 371/218/18 380/227/18
f 384/231/18 382/229/18 385/232/18
f 385/232/225 382/229/18 386/233/224
f 374/221/18 375/222/18 387/234/18
f 390/237/18 389/236/18 388/235/18
f 394/241/18 393/240/18 391/238/18
f 392/239/18 398/245/18 397/244/18
f 415/235/214 416/236/214 417/237/214
f 421/222/214 420/221/214 414/234/214
f 425/226/231 424/224/214 423/223/214
f 423/223/214 424/224/214 426/225/214
f 430/256/214 429/255/214 428/254/214
f 433/259/214 432/258/214 431/257/214
f 436/262/232 435/261/232 434/260/214
f 441/267/214 440/266/214 438/264/214
f 447/248/234 446/250/214 444/249/233
f 453/271/214 454/272/214 452/270/214
f 462/275/214 461/245/214 460/244/214
f 461/245/214 459/239/214 460/244/214
f 468/281/18 467/280/18 466/279/18
f 475/288/240 474/287/240 473/286/239
f 479/279/214 478/280/214 477/281/214
f 484/288/243 483/286/244 480/287/243
f 485/282/214 482/289/214 483/286/244
f 487/283/246 485/282/214 483/286/244
f 480/287/214 483/286/214 482/289/214
f 490/291/18 489/290/18 488/221/18
f 488/221/18 491/292/18 490/291/18
f 495/295/18 494/294/18 496/296/18
f 497/297/18 495/295/18 496/296/18
f 502/292/214 501/293/214 500/217/214
f 500/217/214 503/291/214 502/292/214
f 507/294/214 506/295/214 508/297/214
f 509/296/214 507/294/214 508/297/214
f 517/305/247 518/306/247 514/302/18
f 518/306/247 519/307/248 514/302/18
f 523/311/18 524/312/18 514/302/18
f 524/312/18 525/313/18 514/302/18
f 525/313/18 526/314/18 514/302/18
f 526/314/18 527/315/18 514/302/18
f 528/316/18 534/322/18 533/321/18
f 528/316/18 535/323/18 534/322/18
f 536/324/18 542/330/18 541/329/18
f 536/324/18 543/331/18 542/330/18
f 549/167/18 550/337/18 548/336/18
f 549/167/18 551/338/18 550/337/18
f 549/167/18 552/339/18 551/338/18
f 549/167/18 553/340/18 552/339/18
f 549/167/18 554/171/18 553/340/18
f 549/167/18 555/170/18 554/171/18
f 549/167/18 556/169/18 555/170/18
f 549/167/18 557/168/18 556/169/18
f 25/25/18 559/165/18 558/166/18
f 25/25/18 560/164/18 559/165/18
f 25/25/18 561/163/18 560/164/18
f 25/25/18 562/162/18 561/163/18
f 25/25/18 563/161/252 562/162/18
f 25/25/18 564/160/253 563/161/252
f 101/101/71 573/157/262 572/151/261
f 101/101/71 574/158/263 573/157/262
f 575/159/264 13/13/6 9/9/2
f 76/76/46 576/129/265 72/72/42
f 576/129/265 577/130/266 72/72/42
f 577/130/266 578/131/267 72/72/42
f 579/132/268 581/134/270 580/133/269
f 582/135/271 584/137/227 583/136/272
f 582/135/271 585/138/273 584/137/227
f 582/135/271 586/139/274 585/138/273
f 582/135/271 587/140/23 586/139/274
f 582/135/271 588/141/275 587/140/23
f 582/135/271 589/142/276 588/141/275
f 582/135/271 590/143/277 589/142/276
f 582/135/271 591/144/278 590/143/277
f 582/135/271 592/145/279 591/144/278
f 582/135/271 593/146/280 592/145/279
f 183/89/153 598/88/285 597/90/284
f 131/80/101 129/86/99 599/87/286
f 601/302/214 607/306/288 606/305/288
f 601/302/214 608/307/289 607/306/288
f 601/302/214 613/312/214 612/311/214
f 601/302/214 614/313/214 613/312/214
f 601/302/214 615/314/214 614/313/214
f 601/302/214 616/315/214 615/314/214
f 622/321/214 623/322/214 617/316/214
f 623/322/214 624/323/214 617/316/214
f 630/329/214 631/330/214 625/324/214
f 631/330/214 632/331/214 625/324/214
f 637/336/214 638/337/214 253/167/214
f 638/337/214 639/338/214 253/167/214
f 639/338/214 640/339/214 253/167/214
f 640/339/214 641/340/214 253/167/214
f 672/351/1 671/221/1 670/217/1
f 673/351/1 670/221/1 674/217/1
f 675/351/1 674/221/1 676/217/1
f 677/351/1 676/221/1 678/217/1
f 679/351/1 678/221/1 680/217/1
f 681/351/1 680/221/1 682/217/1
f 683/351/1 682/221/1 684/217/1
f 685/351/1 684/221/1 671/217/1
f 779/656/18 777/654/18 803/655/18
f 783/665/18 781/663/18 801/664/18
f 791/674/18 789/673/18 793/672/18
f 698/687/18 696/686/18 881/685/446
f 704/692/18 702/690/18 877/691/442
f 859/707/422 719/705/18 861/706/426
f 855/710/18 721/709/18 857/708/423
f 851/713/18 723/712/18 853/711/18
f 735/724/18 733/722/18 841/723/18
f 745/733/18 743/731/18 833/732/18
f 755/742/18 753/741/18 825/740/18
f 790/673/214 792/674/214 796/672/214
f 782/663/214 784/665/214 802/664/214
f 778/654/214 780/656/214 804/655/214
f 697/686/214 699/687/214 882/685/447
f 705/692/214 878/691/443 703/690/214
f 866/172/431 716/173/214 865/174/430
f 862/706/427 720/705/214 860/707/425
f 858/708/424 722/709/214 856/710/214
f 854/711/214 724/712/214 852/713/214
f 734/722/214 736/724/214 842/723/214
f 744/731/214 746/733/214 834/732/214
f 754/741/214 756/742/214 826/740/214
f 920/261/571 919/262/568 927/260/587
f 923/254/18 922/255/18 924/256/585
f 925/257/585 921/258/570 926/259/588
f 892/1261/527 891/253/525 950/252/18
f 398/245/537 898/275/535 397/244/611
f 900/272/543 899/271/542 944/270/66
f 403/250/18 401/248/18 402/249/229
f 915/269/230 404/251/230 930/268/229
f 917/266/565 916/267/565 929/264/18
f 427/227/214 410/218/214 422/220/214
f 445/251/214 443/269/214 442/268/214
f 458/240/539 451/241/238 457/238/610
f 419/253/214 893/1261/214 418/252/618
f 470/283/18 473/286/18 469/282/18
f 4/4/1 1/1/1 5/5/1
f 5/5/1 6/6/1 4/4/1
f 11/11/4 10/10/3 9/9/2
f 9/9/2 18/18/11 11/11/4
f 9/9/2 22/22/15 23/23/16
f 23/23/16 24/24/17 9/9/2
f 25/25/18 9/9/2 24/24/17
f 24/24/17 564/160/253 25/25/18
f 27/27/18 26/26/19 9/9/2
f 9/9/2 25/25/18 27/27/18
f 26/26/19 27/27/18 28/28/18
f 28/28/18 29/29/20 26/26/19
f 29/29/20 30/30/18 31/31/18
f 31/31/18 32/32/21 29/29/20
f 32/32/21 31/31/18 33/33/18
f 33/33/18 34/34/22 32/32/21
f 34/34/22 33/33/18 35/35/18
f 35/35/18 36/36/23 34/34/22
f 36/36/23 35/35/18 37/37/18
f 37/37/18 38/38/24 36/36/23
f 44/44/18 43/43/18 45/45/18
f 45/45/18 46/46/18 44/44/18
f 48/48/18 47/47/18 44/44/18
f 44/44/18 46/46/18 48/48/18
f 55/55/18 54/54/18 52/52/18
f 52/52/18 53/53/18 55/55/18
f 59/59/29 56/56/26 60/60/30
f 60/60/30 64/64/34 59/59/29
f 63/63/33 60/60/30 61/61/31
f 61/61/31 62/62/32 63/63/33
f 56/56/26 70/70/40 71/71/41
f 71/71/41 72/72/42 56/56/26
f 78/78/48 77/77/47 61/61/31
f 61/61/31 80/80/50 78/78/48
f 61/61/31 77/77/47 79/79/49
f 79/79/49 67/67/37 61/61/31
f 88/88/58 87/87/57 80/80/50
f 80/80/50 89/89/59 88/88/58
f 92/92/62 91/91/61 90/90/60
f 90/90/60 89/89/59 92/92/62
f 95/95/65 92/92/62 89/89/59
f 89/89/59 93/93/63 95/95/65
f 93/93/63 89/89/59 94/94/64
f 94/94/64 98/98/68 93/93/63
f 98/98/68 99/99/69 100/100/70
f 100/100/70 102/102/72 98/98/68
f 97/97/67 93/93/63 101/101/71
f 101/101/71 111/111/81 97/97/67
f 102/102/72 103/103/73 104/104/74
f 104/104/74 105/105/75 102/102/72
f 105/105/75 104/104/74 106/106/76
f 106/106/76 107/107/77 105/105/75
f 107/107/77 106/106/76 108/108/78
f 108/108/78 109/109/79 107/107/77
f 112/112/82 109/109/79 110/110/80
f 110/110/80 113/113/83 112/112/82
f 127/127/97 125/125/95 126/126/96
f 126/126/96 128/128/98 127/127/97
f 140/84/110 130/85/100 129/86/99
f 129/86/99 131/80/101 140/84/110
f 132/78/102 131/80/101 133/61/103
f 133/61/103 135/77/105 132/78/102
f 137/67/107 136/79/106 135/77/105
f 135/77/105 133/61/103 137/67/107
f 139/65/109 138/66/108 137/67/107
f 137/67/107 133/61/103 139/65/109
f 142/62/112 133/61/103 143/60/113
f 143/60/113 146/63/116 142/62/112
f 143/60/113 145/56/115 144/59/114
f 144/59/114 147/64/117 143/60/113
f 149/57/119 148/58/118 144/59/114
f 144/59/114 145/56/115 149/57/119
f 154/72/124 153/71/123 152/70/122
f 152/70/122 145/56/115 154/72/124
f 154/72/124 158/130/128 157/129/127
f 157/129/127 161/76/131 154/72/124
f 163/133/133 162/132/132 159/131/129
f 159/131/129 154/72/124 163/133/133
f 166/136/136 165/135/135 164/134/134
f 164/134/134 163/133/133 166/136/136
f 165/135/135 176/146/146 177/147/147
f 177/147/147 178/148/148 165/135/135
f 184/94/154 183/89/153 179/93/149
f 179/93/149 185/98/155 184/94/154
f 187/100/157 186/99/156 185/98/155
f 185/98/155 188/102/158 187/100/157
f 190/104/160 189/103/159 188/102/158
f 188/102/158 191/105/161 190/104/160
f 192/106/162 190/104/160 191/105/161
f 191/105/161 193/107/163 192/106/162
f 194/108/164 192/106/162 193/107/163
f 193/107/163 195/109/165 194/108/164
f 196/110/166 195/109/165 197/112/167
f 197/112/167 198/113/168 196/110/166
f 211/126/181 210/125/180 212/127/182
f 212/127/182 213/128/183 211/126/181
f 214/101/184 216/150/186 215/149/185
f 215/149/185 217/151/187 214/101/184
f 214/101/184 219/153/189 218/152/188
f 218/152/188 222/154/192 214/101/184
f 221/97/191 220/111/190 214/101/184
f 214/101/184 179/93/149 221/97/191
f 214/101/184 222/154/192 223/155/193
f 223/155/193 224/156/194 214/101/184
f 228/9/198 227/159/197 214/101/184
f 214/101/184 226/158/196 228/9/198
f 243/24/213 242/23/212 241/22/211
f 241/22/211 228/9/198 243/24/213
f 243/24/213 228/9/198 244/25/214
f 244/25/214 245/160/215 243/24/213
f 246/161/181 245/160/215 244/25/214
f 244/25/214 247/162/214 246/161/181
f 248/163/214 247/162/214 244/25/214
f 244/25/214 249/164/214 248/163/214
f 244/25/214 228/9/198 252/26/216
f 252/26/216 257/27/214 244/25/214
f 251/166/214 244/25/214 253/167/214
f 253/167/214 254/168/214 251/166/214
f 255/169/214 254/168/214 253/167/214
f 253/167/214 256/170/214 255/169/214
f 260/29/217 258/28/214 257/27/214
f 257/27/214 252/26/216 260/29/217
f 259/171/214 256/170/214 253/167/214
f 253/167/214 641/340/214 259/171/214
f 263/32/218 262/31/214 261/30/214
f 261/30/214 260/29/217 263/32/218
f 265/34/219 264/33/214 262/31/214
f 262/31/214 263/32/218 265/34/219
f 267/36/140 266/35/214 264/33/214
f 264/33/214 265/34/219 267/36/140
f 269/38/220 268/37/214 266/35/214
f 266/35/214 267/36/140 269/38/220
f 277/46/214 276/45/214 274/43/214
f 274/43/214 275/44/214 277/46/214
f 277/46/214 275/44/214 278/47/214
f 278/47/214 279/48/214 277/46/214
f 284/53/214 283/52/214 285/54/214
f 285/54/214 286/55/214 284/53/214
f 290/175/18 291/176/18 293/178/18
f 293/178/18 294/179/18 290/175/18
f 294/179/18 295/180/18 296/181/18
f 296/181/18 297/182/18 294/179/18
f 292/177/18 290/175/18 298/183/18
f 298/183/18 299/184/18 292/177/18
f 299/184/18 298/183/18 300/185/18
f 300/185/18 301/186/18 299/184/18
f 301/186/18 300/185/18 302/187/18
f 302/187/18 303/188/18 301/186/18
f 303/188/18 302/187/18 304/189/18
f 304/189/18 305/190/18 303/188/18
f 305/190/18 304/189/18 306/191/18
f 306/191/18 307/192/18 305/190/18
f 307/192/18 306/191/18 308/193/18
f 308/193/18 309/194/18 307/192/18
f 309/194/18 308/193/18 310/195/18
f 310/195/18 311/196/18 309/194/18
f 311/196/18 310/195/18 312/197/18
f 312/197/18 313/198/18 311/196/18
f 314/199/18 316/201/18 315/200/18
f 315/200/18 322/207/18 314/199/18
f 315/200/18 317/202/18 318/203/18
f 318/203/18 319/204/18 315/200/18
f 319/204/18 318/203/18 320/205/18
f 320/205/18 321/206/18 319/204/18
f 324/209/18 323/208/18 314/199/18
f 314/199/18 322/207/18 324/209/18
f 326/211/18 325/210/18 322/207/18
f 322/207/18 327/212/18 326/211/18
f 328/213/18 326/211/18 327/212/18
f 327/212/18 329/214/18 328/213/18
f 329/214/18 331/216/18 330/215/18
f 330/215/18 328/213/18 329/214/18
f 313/198/18 312/197/18 330/215/18
f 330/215/18 331/216/18 313/198/18
f 336/207/214 333/200/214 332/201/214
f 332/201/214 334/199/214 336/207/214
f 338/209/214 336/207/214 334/199/214
f 334/199/214 337/208/214 338/209/214
f 336/207/214 339/210/214 340/211/214
f 340/211/214 341/212/214 336/207/214
f 341/212/214 340/211/214 342/213/214
f 342/213/214 343/214/214 341/212/214
f 343/214/214 342/213/214 344/215/214
f 344/215/214 345/216/214 343/214/214
f 346/198/214 345/216/214 344/215/214
f 344/215/214 347/197/214 346/198/214
f 351/178/214 350/176/214 348/175/214
f 348/175/214 352/179/214 351/178/214
f 354/181/214 353/180/214 352/179/214
f 352/179/214 355/182/214 354/181/214
f 356/183/214 348/175/214 349/177/214
f 349/177/214 357/184/214 356/183/214
f 358/185/214 356/183/214 357/184/214
f 357/184/214 359/186/214 358/185/214
f 360/187/214 358/185/214 359/186/214
f 359/186/214 361/188/214 360/187/214
f 362/189/214 360/187/214 361/188/214
f 361/188/214 363/190/214 362/189/214
f 364/191/214 362/189/214 363/190/214
f 363/190/214 365/192/214 364/191/214
f 366/193/214 364/191/214 365/192/214
f 365/192/214 367/194/214 366/193/214
f 368/195/214 366/193/214 367/194/214
f 367/194/214 369/196/214 368/195/214
f 369/196/214 346/198/214 347/197/214
f 347/197/214 368/195/214 369/196/214
f 370/217/18 372/219/18 371/218/18
f 371/218/18 374/221/18 370/217/18
f 373/220/18 375/222/18 374/221/18
f 374/221/18 371/218/18 373/220/18
f 381/228/18 383/230/18 382/229/18
f 382/229/18 384/231/18 381/228/18
f 382/229/18 374/221/18 387/234/18
f 387/234/18 386/233/18 382/229/18
f 382/229/18 383/230/227 388/235/226
f 388/235/226 389/236/18 382/229/18
f 391/238/18 393/240/18 392/239/18
f 392/239/18 397/244/18 391/238/18
f 396/243/18 394/241/18 391/238/18
f 391/238/18 395/242/18 396/243/18
f 401/248/18 400/247/228 399/246/18
f 399/246/18 402/249/229 401/248/18
f 404/251/230 403/250/18 402/249/229
f 402/249/229 930/268/229 404/251/230
f 413/231/214 406/229/214 405/230/214
f 405/230/214 407/228/214 413/231/214
f 408/232/214 409/233/214 406/229/214
f 406/229/214 413/231/214 408/232/214
f 410/218/214 412/219/214 411/217/214
f 411/217/214 420/221/214 410/218/214
f 420/221/214 406/229/214 409/233/214
f 409/233/214 414/234/214 420/221/214
f 415/235/214 405/230/214 406/229/214
f 406/229/214 416/236/214 415/235/214
f 418/252/214 417/237/214 416/236/214
f 416/236/214 419/253/214 418/252/214
f 410/218/214 420/221/214 421/222/214
f 421/222/214 422/220/214 410/218/214
f 410/218/214 427/227/214 426/225/214
f 426/225/214 424/224/214 410/218/214
f 432/258/214 433/259/214 434/260/214
f 434/260/214 435/261/232 432/258/214
f 439/265/214 436/262/232 434/260/214
f 434/260/214 437/263/214 439/265/214
f 438/264/214 440/266/214 439/265/214
f 439/265/214 437/263/214 438/264/214
f 443/269/214 441/267/214 438/264/214
f 438/264/214 442/268/214 443/269/214
f 444/249/214 446/250/214 445/251/214
f 445/251/214 442/268/214 444/249/214
f 914/247/234 447/248/234 444/249/233
f 444/249/233 448/246/235 914/247/234
f 451/241/238 450/243/237 449/242/236
f 449/242/236 457/238/610 451/241/238
f 452/270/214 449/242/214 450/243/214
f 450/243/214 453/271/214 452/270/214
f 452/270/214 454/272/214 455/273/214
f 455/273/214 456/274/214 452/270/214
f 459/239/214 458/240/214 457/238/214
f 457/238/214 460/244/214 459/239/214
f 462/275/214 460/244/214 463/276/214
f 463/276/214 464/277/214 462/275/214
f 465/278/214 464/277/214 463/276/214
f 463/276/214 947/1264/615 465/278/214
f 471/284/18 470/283/18 469/282/18
f 469/282/18 468/281/18 471/284/18
f 472/285/18 467/280/18 468/281/18
f 468/281/18 469/282/18 472/285/18
f 473/286/18 474/287/18 476/289/18
f 476/289/18 469/282/18 473/286/18
f 481/285/214 478/280/214 480/287/214
f 480/287/214 482/289/214 481/285/214
f 477/281/242 478/280/241 481/285/214
f 481/285/214 485/282/214 477/281/242
f 485/282/214 487/283/246 486/284/245
f 486/284/245 477/281/242 485/282/214
f 493/217/18 492/293/18 491/292/18
f 491/292/18 488/221/18 493/217/18
f 490/291/18 491/292/18 494/294/18
f 494/294/18 495/295/18 490/291/18
f 497/297/18 496/296/18 498/298/18
f 498/298/18 499/299/18 497/297/18
f 505/221/214 504/290/214 503/291/214
f 503/291/214 500/217/214 505/221/214
f 502/292/214 503/291/214 506/295/214
f 506/295/214 507/294/214 502/292/214
f 509/296/214 508/297/214 510/299/214
f 510/299/214 511/298/214 509/296/214
f 514/302/18 513/301/18 512/300/18
f 512/300/18 515/303/18 514/302/18
f 514/302/18 515/303/18 516/304/18
f 516/304/18 517/305/247 514/302/18
f 514/302/18 519/307/248 520/308/249
f 520/308/249 521/309/250 514/302/18
f 514/302/18 521/309/250 522/310/251
f 522/310/251 523/311/18 514/302/18
f 514/302/18 527/315/18 528/316/18
f 528/316/18 529/317/18 514/302/18
f 531/319/18 530/318/18 529/317/18
f 529/317/18 528/316/18 531/319/18
f 533/321/18 532/320/18 531/319/18
f 531/319/18 528/316/18 533/321/18
f 535/323/18 528/316/18 536/324/18
f 536/324/18 537/325/18 535/323/18
f 539/327/18 538/326/18 537/325/18
f 537/325/18 536/324/18 539/327/18
f 541/329/18 540/328/18 539/327/18
f 539/327/18 536/324/18 541/329/18
f 543/331/18 536/324/18 544/332/18
f 544/332/18 545/333/18 543/331/18
f 547/335/18 546/334/18 545/333/18
f 545/333/18 544/332/18 547/335/18
f 549/167/18 548/336/18 547/335/18
f 547/335/18 544/332/18 549/167/18
f 25/25/18 558/166/18 557/168/18
f 557/168/18 549/167/18 25/25/18
f 566/152/255 565/153/254 111/111/81
f 111/111/81 101/101/71 566/152/255
f 568/155/257 567/154/256 566/152/255
f 566/152/255 101/101/71 568/155/257
f 570/150/259 569/156/258 568/155/257
f 568/155/257 101/101/71 570/150/259
f 572/151/261 571/149/260 570/150/259
f 570/150/259 101/101/71 572/151/261
f 574/158/263 101/101/71 575/159/264
f 575/159/264 9/9/2 574/158/263
f 72/72/42 578/131/267 579/132/268
f 579/132/268 580/133/269 72/72/42
f 580/133/269 581/134/270 582/135/271
f 582/135/271 583/136/272 580/133/269
f 595/148/282 594/147/281 593/146/280
f 593/146/280 582/135/271 595/148/282
f 183/89/153 597/90/284 596/91/283
f 596/91/283 182/92/152 183/89/153
f 598/88/285 183/89/153 131/80/101
f 131/80/101 599/87/286 598/88/285
f 141/82/111 600/83/287 140/84/110
f 140/84/110 131/80/101 141/82/111
f 603/300/214 602/301/214 601/302/214
f 601/302/214 604/303/214 603/300/214
f 606/305/288 605/304/214 604/303/214
f 604/303/214 601/302/214 606/305/288
f 610/309/291 609/308/290 608/307/289
f 608/307/289 601/302/214 610/309/291
f 612/311/214 611/310/292 610/309/291
f 610/309/291 601/302/214 612/311/214
f 618/317/214 617/316/214 616/315/214
f 616/315/214 601/302/214 618/317/214
f 617/316/214 618/317/214 619/318/214
f 619/318/214 620/319/214 617/316/214
f 617/316/214 620/319/214 621/320/214
f 621/320/214 622/321/214 617/316/214
f 626/325/214 625/324/214 617/316/214
f 617/316/214 624/323/214 626/325/214
f 625/324/214 626/325/214 627/326/214
f 627/326/214 628/327/214 625/324/214
f 625/324/214 628/327/214 629/328/214
f 629/328/214 630/329/214 625/324/214
f 634/333/214 633/332/214 625/324/214
f 625/324/214 632/331/214 634/333/214
f 633/332/214 634/333/214 635/334/214
f 635/334/214 636/335/214 633/332/214
f 633/332/214 636/335/214 637/336/214
f 637/336/214 253/167/214 633/332/214
f 644/342/18 643/341/18 642/221/18
f 642/221/18 645/343/18 644/342/18
f 647/345/18 646/344/18 645/343/18
f 645/343/18 642/221/18 647/345/18
f 649/347/18 648/346/18 645/343/18
f 645/343/18 646/344/18 649/347/18
f 652/343/214 651/346/214 650/347/214
f 650/347/214 653/344/214 652/343/214
f 654/221/214 652/343/214 653/344/214
f 653/344/214 655/345/214 654/221/214
f 652/343/214 654/221/214 656/341/214
f 656/341/214 657/342/214 652/343/214
f 660/348/18 659/290/18 658/221/18
f 658/221/18 661/217/18 660/348/18
f 660/348/18 661/217/18 662/349/18
f 662/349/18 663/350/18 660/348/18
f 666/350/214 665/349/214 664/217/214
f 664/217/214 667/348/214 666/350/214
f 669/221/214 668/290/214 667/348/214
f 667/348/214 664/217/214 669/221/214
f 3/1965/1 672/351/1 670/217/1
f 670/217/1 673/352/1 3/1965/1
f 2/351/1 673/351/1 674/217/1
f 674/217/1 675/352/1 2/351/1
f 1/351/1 675/351/1 676/217/1
f 676/217/1 677/352/1 1/351/1
f 5/351/1 677/351/1 678/217/1
f 678/217/1 679/352/1 5/351/1
f 7/351/1 679/351/1 680/217/1
f 680/217/1 681/352/1 7/351/1
f 8/351/1 681/351/1 682/217/1
f 682/217/1 683/352/1 8/351/1
f 6/351/1 683/351/1 684/217/1
f 684/217/1 685/352/1 6/351/1
f 4/351/1 685/351/1 671/217/1
f 671/217/1 672/352/1 4/351/1
f 505/217/1 488/221/1 489/353/1
f 489/353/1 504/354/1 505/217/1
f 504/354/293 489/353/293 490/355/293
f 490/355/293 503/356/293 504/354/293
f 503/356/1 490/355/1 495/357/1
f 495/357/1 506/358/1 503/356/1
f 506/358/294 495/357/294 497/359/294
f 497/359/294 508/360/294 506/358/294
f 508/360/1 497/359/1 499/361/1
f 499/361/1 510/362/1 508/360/1
f 510/362/293 499/361/293 498/363/293
f 498/363/293 511/364/293 510/362/293
f 511/364/295 498/363/295 496/365/295
f 496/365/295 509/366/295 511/364/295
f 509/366/294 496/365/294 494/367/294
f 494/367/294 507/368/294 509/366/294
f 507/368/295 494/367/295 491/369/295
f 491/369/295 502/370/295 507/368/295
f 502/370/293 491/369/293 492/371/293
f 492/371/293 501/372/293 502/370/293
f 501/372/295 492/371/295 493/373/295
f 493/373/295 500/374/295 501/372/295
f 500/374/294 493/373/294 488/351/294
f 488/351/294 505/352/294 500/374/294
f 688/217/296 687/221/296 686/375/296
f 686/375/296 689/376/296 688/217/296
f 689/376/297 686/375/297 690/377/297
f 690/377/297 691/378/297 689/376/297
f 691/378/298 690/377/298 692/379/298
f 692/379/298 693/380/298 691/378/298
f 693/380/299 692/379/299 694/381/299
f 694/381/299 695/382/299 693/380/299
f 695/382/300 694/381/300 696/383/300
f 696/383/300 697/384/300 695/382/300
f 697/384/301 696/383/301 698/385/301
f 698/385/301 699/386/301 697/384/301
f 699/386/302 698/385/302 700/387/302
f 700/387/302 701/388/302 699/386/302
f 701/388/303 700/387/303 702/389/303
f 702/389/303 703/390/303 701/388/303
f 703/390/304 702/389/304 704/391/304
f 704/391/304 705/392/304 703/390/304
f 705/392/305 704/391/305 706/393/305
f 706/393/305 707/394/305 705/392/305
f 707/394/306 706/393/306 708/395/306
f 708/395/306 709/396/306 707/394/306
f 709/396/307 708/395/307 710/397/307
f 710/397/307 711/398/307 709/396/307
f 711/398/308 710/397/308 712/399/308
f 712/399/308 713/400/308 711/398/308
f 713/400/309 712/399/309 714/401/309
f 714/401/309 715/402/309 713/400/309
f 715/402/310 714/401/310 288/403/310
f 288/403/310 716/404/310 715/402/310
f 716/404/311 288/403/311 717/405/311
f 717/405/311 718/406/311 716/404/311
f 718/406/312 717/405/312 719/407/312
f 719/407/312 720/408/312 718/406/312
f 720/408/313 719/407/313 721/409/313
f 721/409/313 722/410/313 720/408/313
f 722/410/314 721/409/314 723/411/314
f 723/411/314 724/412/314 722/410/314
f 724/412/315 723/411/315 725/413/315
f 725/413/315 726/414/315 724/412/315
f 726/414/316 725/413/316 727/415/316
f 727/415/316 728/416/316 726/414/316
f 728/416/317 727/415/317 729/417/317
f 729/417/317 730/418/317 728/416/317
f 730/418/318 729/417/318 731/419/318
f 731/419/318 732/420/318 730/418/318
f 732/420/319 731/419/319 733/421/319
f 733/421/319 734/422/319 732/420/319
f 734/422/320 733/421/320 735/423/320
f 735/423/320 736/424/320 734/422/320
f 736/424/321 735/423/321 737/425/321
f 737/425/321 738/426/321 736/424/321
f 738/426/322 737/425/322 739/427/322
f 739/427/322 740/428/322 738/426/322
f 740/428/323 739/427/323 741/429/323
f 741/429/323 742/430/323 740/428/323
f 742/430/324 741/429/324 743/431/324
f 743/431/324 744/432/324 742/430/324
f 744/432/325 743/431/325 745/433/325
f 745/433/325 746/434/325 744/432/325
f 746/434/326 745/433/326 747/435/326
f 747/435/326 748/436/326 746/434/326
f 748/436/327 747/435/327 749/437/327
f 749/437/327 750/438/327 748/436/327
f 750/438/328 749/437/328 751/439/328
f 751/439/328 752/60/328 750/438/328
f 752/60/329 751/439/329 753/440/329
f 753/440/329 754/441/329 752/60/329
f 754/441/330 753/440/330 755/442/330
f 755/442/330 756/443/330 754/441/330
f 756/443/331 755/442/331 757/444/331
f 757/444/331 758/445/331 756/443/331
f 758/445/332 757/444/332 759/446/332
f 759/446/332 760/447/332 758/445/332
f 760/447/333 759/446/333 761/448/333
f 761/448/333 762/449/333 760/447/333
f 762/449/334 761/448/334 296/450/334
f 296/450/334 354/451/334 762/449/334
f 354/451/335 296/450/335 295/452/335
f 295/452/335 353/453/335 354/451/335
f 353/453/336 295/452/336 293/454/336
f 293/454/336 351/455/336 353/453/336
f 351/455/337 293/454/337 291/456/337
f 291/456/337 350/457/337 351/455/337
f 350/457/338 291/456/338 292/458/338
f 292/458/338 349/459/338 350/457/338
f 349/459/339 292/458/339 299/460/339
f 299/460/339 357/461/339 349/459/339
f 357/461/340 299/460/340 301/462/340
f 301/462/340 359/463/340 357/461/340
f 359/463/341 301/462/341 303/464/341
f 303/464/341 361/465/341 359/463/341
f 361/465/342 303/464/342 305/466/342
f 305/466/342 363/467/342 361/465/342
f 363/467/343 305/466/343 307/468/343
f 307/468/343 365/469/343 363/467/343
f 365/469/344 307/468/344 309/470/344
f 309/470/344 367/471/344 365/469/344
f 367/471/345 309/470/345 311/472/345
f 311/472/345 369/473/345 367/471/345
f 369/473/346 311/472/346 313/474/346
f 313/474/346 346/475/346 369/473/346
f 346/475/347 313/474/347 331/476/347
f 331/476/347 345/477/347 346/475/347
f 345/477/348 331/476/348 329/478/348
f 329/478/348 343/479/348 345/477/348
f 343/479/349 329/478/349 327/480/349
f 327/480/349 341/481/349 343/479/349
f 341/481/350 327/480/350 322/482/350
f 322/482/350 336/483/350 341/481/350
f 336/483/351 322/482/351 315/484/351
f 315/484/351 333/485/351 336/483/351
f 333/485/352 315/484/352 319/486/352
f 319/486/352 763/487/352 333/485/352
f 763/487/353 319/486/353 321/488/353
f 321/488/353 764/489/353 763/487/353
f 764/489/354 321/488/354 765/490/354
f 765/490/354 766/491/354 764/489/354
f 766/491/355 765/490/355 767/492/355
f 767/492/355 768/493/355 766/491/355
f 768/493/356 767/492/356 769/494/356
f 769/494/356 770/495/356 768/493/356
f 770/495/357 769/494/357 771/496/357
f 771/496/357 772/497/357 770/495/357
f 772/497/358 771/496/358 773/498/358
f 773/498/358 774/499/358 772/497/358
f 774/499/359 773/498/359 775/500/359
f 775/500/359 776/501/359 774/499/359
f 776/501/360 775/500/360 777/502/360
f 777/502/360 778/503/360 776/501/360
f 778/503/361 777/502/361 779/504/361
f 779/504/361 780/505/361 778/503/361
f 780/505/362 779/504/362 781/506/362
f 781/506/362 782/507/362 780/505/362
f 782/507/363 781/506/363 783/508/363
f 783/508/363 784/509/363 782/507/363
f 784/509/364 783/508/364 785/510/364
f 785/510/364 786/511/364 784/509/364
f 786/511/365 785/510/365 787/512/365
f 787/512/365 788/513/365 786/511/365
f 788/513/366 787/512/366 789/514/366
f 789/514/366 790/515/366 788/513/366
f 790/515/367 789/514/367 791/516/367
f 791/516/367 792/517/367 790/515/367
f 792/517/368 791/516/368 687/351/368
f 687/351/368 688/352/368 792/517/368
f 795/217/369 794/221/369 793/518/369
f 793/518/369 796/519/369 795/217/369
f 796/519/370 793/518/370 797/520/370
f 797/520/370 798/521/370 796/519/370
f 798/521/371 797/520/371 799/522/371
f 799/522/371 800/523/371 798/521/371
f 800/523/372 799/522/372 801/524/372
f 801/524/372 802/525/372 800/523/372
f 802/525/373 801/524/373 803/526/373
f 803/526/373 804/527/373 802/525/373
f 804/527/374 803/526/374 805/528/374
f 805/528/374 806/529/374 804/527/374
f 806/529/375 805/528/375 807/530/375
f 807/530/375 808/531/375 806/529/375
f 808/531/376 807/530/376 809/532/376
f 809/532/376 810/533/376 808/531/376
f 810/533/377 809/532/377 811/534/377
f 811/534/377 812/535/377 810/533/377
f 812/535/378 811/534/378 813/536/378
f 813/536/378 814/537/378 812/535/378
f 814/537/379 813/536/379 815/538/379
f 815/538/379 816/539/379 814/537/379
f 816/539/380 815/538/380 320/540/380
f 320/540/380 817/541/380 816/539/380
f 817/541/381 320/540/381 318/542/381
f 318/542/381 818/543/381 817/541/381
f 818/543/382 318/542/382 317/544/382
f 317/544/382 335/545/382 818/543/382
f 335/545/383 317/544/383 316/546/383
f 316/546/383 332/547/383 335/545/383
f 332/547/384 316/546/384 314/548/384
f 314/548/384 334/549/384 332/547/384
f 334/549/385 314/548/385 323/550/385
f 323/550/385 337/551/385 334/549/385
f 337/551/386 323/550/386 324/552/386
f 324/552/386 338/553/386 337/551/386
f 338/553/387 324/552/387 325/554/387
f 325/554/387 339/555/387 338/553/387
f 339/555/388 325/554/388 326/556/388
f 326/556/388 340/557/388 339/555/388
f 340/557/389 326/556/389 328/558/389
f 328/558/389 342/559/389 340/557/389
f 342/559/390 328/558/390 330/560/390
f 330/560/390 344/561/390 342/559/390
f 344/561/391 330/560/391 312/562/391
f 312/562/391 347/563/391 344/561/391
f 347/563/392 312/562/392 310/564/392
f 310/564/392 368/565/392 347/563/392
f 368/565/393 310/564/393 308/566/393
f 308/566/393 366/567/393 368/565/393
f 366/567/394 308/566/394 306/568/394
f 306/568/394 364/569/394 366/567/394
f 364/569/395 306/568/395 304/570/395
f 304/570/395 362/571/395 364/569/395
f 362/571/396 304/570/396 302/572/396
f 302/572/396 360/573/396 362/571/396
f 360/573/397 302/572/397 300/425/397
f 300/425/397 358/426/397 360/573/397
f 358/426/398 300/425/398 298/427/398
f 298/427/398 356/428/398 358/426/398
f 356/428/399 298/427/399 290/574/399
f 290/574/399 348/575/399 356/428/399
f 348/575/400 290/574/400 294/576/400
f 294/576/400 352/577/400 348/575/400
f 352/577/401 294/576/401 297/578/401
f 297/578/401 355/579/401 352/577/401
f 355/579/402 297/578/402 819/580/402
f 819/580/402 820/581/402 355/579/402
f 820/581/403 819/580/403 821/582/403
f 821/582/403 822/583/403 820/581/403
f 822/583/404 821/582/404 823/584/404
f 823/584/404 824/585/404 822/583/404
f 824/585/405 823/584/405 825/586/405
f 825/586/405 826/587/405 824/585/405
f 826/587/406 825/586/406 827/588/406
f 827/588/406 828/589/406 826/587/406
f 828/589/407 827/588/407 829/590/407
f 829/590/407 830/591/407 828/589/407
f 830/591/408 829/590/408 831/592/408
f 831/592/408 832/593/408 830/591/408
f 832/593/409 831/592/409 833/594/409
f 833/594/409 834/595/409 832/593/409
f 834/595/410 833/594/410 835/596/410
f 835/596/410 836/597/410 834/595/410
f 836/597/411 835/596/411 837/598/411
f 837/598/411 838/599/411 836/597/411
f 838/599/412 837/598/412 839/600/412
f 839/600/412 840/601/412 838/599/412
f 840/601/413 839/600/413 841/602/413
f 841/602/413 842/603/413 840/601/413
f 842/603/414 841/602/414 843/604/414
f 843/604/414 844/605/414 842/603/414
f 844/605/415 843/604/415 845/606/415
f 845/606/415 846/607/415 844/605/415
f 846/607/416 845/606/416 847/608/416
f 847/608/416 848/609/416 846/607/416
f 848/609/417 847/608/417 849/610/417
f 849/610/417 850/611/417 848/609/417
f 850/611/418 849/610/418 851/612/418
f 851/612/418 852/613/418 850/611/418
f 852/613/419 851/612/419 853/614/419
f 853/614/419 854/615/419 852/613/419
f 854/615/420 853/614/420 855/616/420
f 855/616/420 856/617/420 854/615/420
f 856/617/421 855/616/421 857/618/421
f 857/618/421 858/619/421 856/617/421
f 858/619/424 857/618/423 859/620/422
f 859/620/422 860/621/425 858/619/424
f 860/621/425 859/620/422 861/622/426
f 861/622/426 862/623/427 860/621/425
f 862/623/427 861/622/426 863/624/428
f 863/624/428 864/625/429 862/623/427
f 864/625/429 863/624/428 289/626/223
f 289/626/223 865/627/430 864/625/429
f 865/627/430 289/626/223 287/628/222
f 287/628/222 866/629/431 865/627/430
f 866/629/431 287/628/222 867/490/432
f 867/490/432 868/491/433 866/629/431
f 868/491/433 867/490/432 869/630/434
f 869/630/434 870/631/435 868/491/433
f 870/631/435 869/630/434 871/632/436
f 871/632/436 872/633/437 870/631/435
f 872/633/437 871/632/436 873/634/438
f 873/634/438 874/635/439 872/633/437
f 874/635/439 873/634/438 875/636/440
f 875/636/440 876/637/441 874/635/439
f 876/637/441 875/636/440 877/638/442
f 877/638/442 878/639/443 876/637/441
f 878/639/443 877/638/442 879/640/444
f 879/640/444 880/641/445 878/639/443
f 880/641/445 879/640/444 881/642/446
f 881/642/446 882/643/447 880/641/445
f 882/643/447 881/642/446 883/644/448
f 883/644/448 884/645/449 882/643/447
f 884/645/449 883/644/448 885/646/450
f 885/646/450 886/647/451 884/645/449
f 886/647/451 885/646/450 887/512/452
f 887/512/452 888/513/453 886/647/451
f 888/513/453 887/512/452 889/648/253
f 889/648/253 890/649/215 888/513/453
f 890/649/215 889/648/253 794/351/454
f 794/351/454 795/352/455 890/649/215
f 775/650/18 773/652/18 807/651/18
f 807/651/18 805/653/18 775/650/18
f 777/654/18 775/650/18 805/653/18
f 805/653/18 803/655/18 777/654/18
f 807/651/18 773/652/18 771/657/18
f 771/657/18 809/658/18 807/651/18
f 809/658/18 771/657/18 769/659/18
f 769/659/18 811/660/18 809/658/18
f 813/661/18 811/660/18 769/659/18
f 769/659/18 767/662/18 813/661/18
f 781/663/18 779/656/18 803/655/18
f 803/655/18 801/664/18 781/663/18
f 815/666/18 813/661/18 767/662/18
f 767/662/18 765/667/18 815/666/18
f 320/205/18 815/666/18 765/667/18
f 765/667/18 321/206/18 320/205/18
f 785/668/18 783/665/18 801/664/18
f 801/664/18 799/669/18 785/668/18
f 787/670/18 785/668/18 799/669/18
f 799/669/18 797/671/18 787/670/18
f 787/670/18 797/671/18 793/672/18
f 793/672/18 789/673/18 787/670/18
f 687/675/18 791/674/18 793/672/18
f 793/672/18 794/676/454 687/675/18
f 686/677/18 687/675/18 794/676/454
f 794/676/454 889/678/253 686/677/18
f 690/679/18 686/677/18 889/678/253
f 889/678/253 887/680/452 690/679/18
f 690/679/18 887/680/452 885/681/450
f 885/681/450 692/682/18 690/679/18
f 692/682/18 885/681/450 883/683/448
f 883/683/448 694/684/18 692/682/18
f 694/684/18 883/683/448 881/685/446
f 881/685/446 696/686/18 694/684/18
f 698/687/18 881/685/446 879/688/444
f 879/688/444 700/689/18 698/687/18
f 702/690/18 700/689/18 879/688/444
f 879/688/444 877/691/442 702/690/18
f 704/692/18 877/691/442 875/693/440
f 875/693/440 706/694/18 704/692/18
f 706/694/18 875/693/440 873/695/438
f 873/695/438 708/696/18 706/694/18
f 708/696/18 873/695/438 871/697/436
f 871/697/436 710/698/18 708/696/18
f 712/699/18 710/698/18 871/697/436
f 871/697/436 869/700/434 712/699/18
f 714/701/18 712/699/18 869/700/434
f 869/700/434 867/702/432 714/701/18
f 288/173/18 714/701/18 867/702/432
f 867/702/432 287/172/222 288/173/18
f 717/703/18 288/173/18 289/174/223
f 289/174/223 863/704/428 717/703/18
f 719/705/18 717/703/18 863/704/428
f 863/704/428 861/706/426 719/705/18
f 719/705/18 859/707/422 857/708/423
f 857/708/423 721/709/18 719/705/18
f 721/709/18 855/710/18 853/711/18
f 853/711/18 723/712/18 721/709/18
f 723/712/18 851/713/18 849/714/18
f 849/714/18 725/715/18 723/712/18
f 725/715/18 849/714/18 847/716/18
f 847/716/18 727/717/18 725/715/18
f 729/718/18 727/717/18 847/716/18
f 847/716/18 845/719/18 729/718/18
f 731/720/18 729/718/18 845/719/18
f 845/719/18 843/721/18 731/720/18
f 733/722/18 731/720/18 843/721/18
f 843/721/18 841/723/18 733/722/18
f 737/726/18 735/724/18 841/723/18
f 841/723/18 839/725/18 737/726/18
f 739/727/18 737/726/18 839/725/18
f 839/725/18 837/728/18 739/727/18
f 741/729/18 739/727/18 837/728/18
f 837/728/18 835/730/18 741/729/18
f 743/731/18 741/729/18 835/730/18
f 835/730/18 833/732/18 743/731/18
f 747/734/18 745/733/18 833/732/18
f 833/732/18 831/735/18 747/734/18
f 749/736/18 747/734/18 831/735/18
f 831/735/18 829/737/18 749/736/18
f 751/738/18 749/736/18 829/737/18
f 829/737/18 827/739/18 751/738/18
f 751/738/18 827/739/18 825/740/18
f 825/740/18 753/741/18 751/738/18
f 757/743/18 755/742/18 825/740/18
f 825/740/18 823/744/18 757/743/18
f 759/745/18 757/743/18 823/744/18
f 823/744/18 821/746/18 759/745/18
f 761/747/18 759/745/18 821/746/18
f 821/746/18 819/748/18 761/747/18
f 761/747/18 819/748/18 297/182/18
f 297/182/18 296/181/18 761/747/18
f 796/672/214 792/674/214 688/675/214
f 688/675/214 795/676/455 796/672/214
f 795/676/455 688/675/214 689/677/214
f 689/677/214 890/678/215 795/676/455
f 890/678/215 689/677/214 691/679/214
f 691/679/214 888/680/453 890/678/215
f 788/670/214 790/673/214 796/672/214
f 796/672/214 798/671/214 788/670/214
f 788/670/214 798/671/214 800/669/214
f 800/669/214 786/668/214 788/670/214
f 786/668/214 800/669/214 802/664/214
f 802/664/214 784/665/214 786/668/214
f 782/663/214 802/664/214 804/655/214
f 804/655/214 780/656/214 782/663/214
f 778/654/214 804/655/214 806/653/214
f 806/653/214 776/650/214 778/654/214
f 776/650/214 806/653/214 808/651/214
f 808/651/214 774/652/214 776/650/214
f 772/657/214 774/652/214 808/651/214
f 808/651/214 810/658/214 772/657/214
f 770/659/214 772/657/214 810/658/214
f 810/658/214 812/660/214 770/659/214
f 770/659/214 812/660/214 814/661/214
f 814/661/214 768/662/214 770/659/214
f 768/662/214 814/661/214 816/666/214
f 816/666/214 766/667/214 768/662/214
f 766/667/214 816/666/214 817/205/214
f 817/205/214 764/206/214 766/667/214
f 763/204/214 764/206/214 817/205/214
f 817/205/214 818/203/214 763/204/214
f 333/200/214 763/204/214 818/203/214
f 818/203/214 335/202/214 333/200/214
f 886/681/451 888/680/453 691/679/214
f 691/679/214 693/682/214 886/681/451
f 884/683/449 886/681/451 693/682/214
f 693/682/214 695/684/214 884/683/449
f 882/685/447 884/683/449 695/684/214
f 695/684/214 697/686/214 882/685/447
f 880/688/445 882/685/447 699/687/214
f 699/687/214 701/689/214 880/688/445
f 880/688/445 701/689/214 703/690/214
f 703/690/214 878/691/443 880/688/445
f 876/693/441 878/691/443 705/692/214
f 705/692/214 707/694/214 876/693/441
f 874/695/439 876/693/441 707/694/214
f 707/694/214 709/696/214 874/695/439
f 872/697/437 874/695/439 709/696/214
f 709/696/214 711/698/214 872/697/437
f 872/697/437 711/698/214 713/699/214
f 713/699/214 870/700/435 872/697/437
f 870/700/435 713/699/214 715/701/214
f 715/701/214 868/702/433 870/700/435
f 868/702/433 715/701/214 716/173/214
f 716/173/214 866/172/431 868/702/433
f 865/174/430 716/173/214 718/703/214
f 718/703/214 864/704/429 865/174/430
f 864/704/429 718/703/214 720/705/214
f 720/705/214 862/706/427 864/704/429
f 858/708/424 860/707/425 720/705/214
f 720/705/214 722/709/214 858/708/424
f 854/711/214 856/710/214 722/709/214
f 722/709/214 724/712/214 854/711/214
f 850/714/214 852/713/214 724/712/214
f 724/712/214 726/715/214 850/714/214
f 726/715/214 728/717/214 848/716/214
f 848/716/214 850/714/214 726/715/214
f 730/718/214 846/719/214 848/716/214
f 848/716/214 728/717/214 730/718/214
f 846/719/214 730/718/214 732/720/214
f 732/720/214 844/721/214 846/719/214
f 844/721/214 732/720/214 734/722/214
f 734/722/214 842/723/214 844/721/214
f 738/726/214 840/725/214 842/723/214
f 842/723/214 736/724/214 738/726/214
f 840/725/214 738/726/214 740/727/214
f 740/727/214 838/728/214 840/725/214
f 838/728/214 740/727/214 742/729/214
f 742/729/214 836/730/214 838/728/214
f 836/730/214 742/729/214 744/731/214
f 744/731/214 834/732/214 836/730/214
f 834/732/214 746/733/214 748/734/214
f 748/734/214 832/735/214 834/732/214
f 832/735/214 748/734/214 750/736/214
f 750/736/214 830/737/214 832/735/214
f 830/737/214 750/736/214 752/738/214
f 752/738/214 828/739/214 830/737/214
f 826/740/214 828/739/214 752/738/214
f 752/738/214 754/741/214 826/740/214
f 826/740/214 756/742/214 758/743/214
f 758/743/214 824/744/214 826/740/214
f 824/744/214 758/743/214 760/745/214
f 760/745/214 822/746/214 824/744/214
f 822/746/214 760/745/214 762/747/214
f 762/747/214 820/748/214 822/746/214
f 355/182/214 820/748/214 762/747/214
f 762/747/214 354/181/214 355/182/214
f 165/217/135 582/221/271 581/749/270
f 581/749/270 164/750/134 165/217/135
f 164/750/134 581/749/270 579/751/268
f 579/751/268 162/752/132 164/750/134
f 162/752/132 579/751/268 578/753/267
f 578/753/267 159/754/129 162/752/132
f 159/754/129 578/753/267 577/755/266
f 577/755/266 158/756/128 159/754/129
f 158/756/128 577/755/266 576/757/265
f 576/757/265 157/758/127 158/756/128
f 157/758/127 576/757/265 76/759/46
f 76/759/46 161/760/131 157/758/127
f 161/760/131 76/759/46 75/761/45
f 75/761/45 160/762/130 161/760/131
f 160/762/130 75/761/45 74/763/44
f 74/763/44 156/764/126 160/762/130
f 156/764/126 74/763/44 73/765/43
f 73/765/43 155/766/125 156/764/126
f 155/766/125 73/765/43 71/767/41
f 71/767/41 153/768/123 155/766/125
f 153/768/123 71/767/41 70/769/40
f 70/769/40 152/770/122 153/768/123
f 152/770/122 70/769/40 69/771/39
f 69/771/39 151/772/121 152/770/122
f 151/772/121 69/771/39 68/773/38
f 68/773/38 150/774/120 151/772/121
f 150/774/120 68/773/38 57/775/27
f 57/775/27 149/776/119 150/774/120
f 149/776/119 57/775/27 58/777/28
f 58/777/28 148/778/118 149/776/119
f 148/778/118 58/777/28 59/779/29
f 59/779/29 144/780/114 148/778/118
f 144/780/114 59/779/29 64/781/34
f 64/781/34 147/782/117 144/780/114
f 147/782/117 64/781/34 63/783/33
f 63/783/33 146/784/116 147/782/117
f 146/784/116 63/783/33 62/785/32
f 62/785/32 142/786/112 146/784/116
f 142/786/112 62/785/32 65/787/35
f 65/787/35 139/788/109 142/786/112
f 139/788/109 65/787/35 66/789/36
f 66/789/36 138/790/108 139/788/109
f 138/790/108 66/789/36 67/791/37
f 67/791/37 137/792/107 138/790/108
f 137/792/107 67/791/37 79/355/49
f 79/355/49 136/356/106 137/792/107
f 136/356/106 79/355/49 77/793/47
f 77/793/47 135/794/105 136/356/106
f 135/794/105 77/793/47 78/795/48
f 78/795/48 132/796/102 135/794/105
f 132/796/102 78/795/48 81/797/51
f 81/797/51 134/798/104 132/796/102
f 134/798/104 81/797/51 82/799/52
f 82/799/52 141/800/111 134/798/104
f 141/800/111 82/799/52 83/801/53
f 83/801/53 600/802/287 141/800/111
f 600/802/287 83/801/53 84/803/54
f 84/803/54 140/804/110 600/802/287
f 140/804/110 84/803/54 85/805/55
f 85/805/55 130/806/100 140/804/110
f 130/806/100 85/805/55 86/807/56
f 86/807/56 129/808/99 130/806/100
f 129/808/99 86/807/56 87/393/57
f 87/393/57 599/394/286 129/808/99
f 599/394/286 87/393/57 88/809/58
f 88/809/58 598/810/285 599/394/286
f 598/810/285 88/809/58 90/811/60
f 90/811/60 597/812/284 598/810/285
f 597/812/284 90/811/60 91/813/61
f 91/813/61 596/814/283 597/812/284
f 596/814/283 91/813/61 92/815/62
f 92/815/62 182/816/152 596/814/283
f 182/816/152 92/815/62 95/532/65
f 95/532/65 181/533/151 182/816/152
f 181/533/151 95/532/65 96/817/66
f 96/817/66 180/818/150 181/533/151
f 180/818/150 96/817/66 97/819/67
f 97/819/67 221/820/191 180/818/150
f 221/820/191 97/819/67 111/821/81
f 111/821/81 220/822/190 221/820/191
f 220/822/190 111/821/81 565/823/254
f 565/823/254 219/824/189 220/822/190
f 219/824/189 565/823/254 566/825/255
f 566/825/255 218/826/188 219/824/189
f 218/826/188 566/825/255 567/827/256
f 567/827/256 222/828/192 218/826/188
f 222/828/192 567/827/256 568/829/257
f 568/829/257 223/830/193 222/828/192
f 223/830/193 568/829/257 569/831/258
f 569/831/258 224/832/194 223/830/193
f 224/832/194 569/831/258 570/833/259
f 570/833/259 216/834/186 224/832/194
f 216/834/186 570/833/259 571/835/260
f 571/835/260 215/836/185 216/834/186
f 215/836/185 571/835/260 572/837/261
f 572/837/261 217/838/187 215/836/185
f 217/838/187 572/837/261 573/839/262
f 573/839/262 225/840/195 217/838/187
f 225/840/195 573/839/262 574/841/263
f 574/841/263 226/842/196 225/840/195
f 226/842/196 574/841/263 9/544/2
f 9/544/2 228/545/198 226/842/196
f 228/545/198 9/544/2 26/843/19
f 26/843/19 252/844/216 228/545/198
f 252/844/216 26/843/19 29/845/20
f 29/845/20 260/846/217 252/844/216
f 260/846/217 29/845/20 32/847/21
f 32/847/21 263/848/218 260/846/217
f 263/848/218 32/847/21 34/550/22
f 34/550/22 265/551/219 263/848/218
f 265/551/219 34/550/22 36/849/23
f 36/849/23 267/850/140 265/551/219
f 267/850/140 36/849/23 38/409/24
f 38/409/24 269/410/220 267/850/140
f 269/410/220 38/409/24 40/851/25
f 40/851/25 271/852/221 269/410/220
f 271/852/456 40/851/456 42/853/456
f 42/853/456 273/854/456 271/852/456
f 273/854/457 42/853/457 44/855/457
f 44/855/457 275/856/457 273/854/457
f 275/856/458 44/855/458 47/857/458
f 47/857/458 278/858/458 275/856/458
f 278/858/459 47/857/459 48/859/459
f 48/859/459 279/860/459 278/858/459
f 279/860/460 48/859/460 50/861/460
f 50/861/460 281/862/460 279/860/460
f 281/862/461 50/861/461 52/863/461
f 52/863/461 283/864/461 281/862/461
f 283/864/462 52/863/462 54/865/462
f 54/865/462 285/866/462 283/864/462
f 285/866/368 54/865/368 55/867/368
f 55/867/368 286/868/368 285/866/368
f 286/868/463 55/867/463 53/869/463
f 53/869/463 284/870/463 286/868/463
f 284/870/297 53/869/297 51/558/297
f 51/558/297 282/559/297 284/870/297
f 282/559/464 51/558/464 49/871/464
f 49/871/464 280/872/464 282/559/464
f 280/872/465 49/871/465 46/873/465
f 46/873/465 277/874/465 280/872/465
f 277/874/466 46/873/466 45/415/466
f 45/415/466 276/416/466 277/874/466
f 276/416/467 45/415/467 43/875/467
f 43/875/467 274/876/467 276/416/467
f 274/876/468 43/875/468 41/877/468
f 41/877/468 272/878/468 274/876/468
f 272/878/469 41/877/469 39/879/469
f 39/879/469 270/880/469 272/878/469
f 270/880/470 39/879/470 37/417/470
f 37/417/470 268/418/470 270/880/470
f 268/418/471 37/417/471 35/881/471
f 35/881/471 266/882/471 268/418/471
f 266/882/472 35/881/472 33/883/472
f 33/883/472 264/884/472 266/882/472
f 264/884/473 33/883/473 31/885/473
f 31/885/473 262/886/473 264/884/473
f 262/886/474 31/885/474 30/887/474
f 30/887/474 261/888/474 262/886/474
f 261/888/475 30/887/475 28/889/475
f 28/889/475 258/890/475 261/888/475
f 258/890/309 28/889/309 27/570/309
f 27/570/309 257/571/309 258/890/309
f 257/571/476 27/570/476 25/891/476
f 25/891/476 244/892/476 257/571/476
f 244/892/477 25/891/477 549/893/477
f 549/893/477 253/894/477 244/892/477
f 253/894/478 549/893/478 544/895/478
f 544/895/478 633/896/478 253/894/478
f 633/896/313 544/895/313 536/897/313
f 536/897/313 625/898/313 633/896/313
f 625/898/479 536/897/479 528/899/479
f 528/899/479 617/900/479 625/898/479
f 617/900/480 528/899/480 527/901/480
f 527/901/480 616/902/480 617/900/480
f 616/902/316 527/901/316 526/903/316
f 526/903/316 615/904/316 616/902/316
f 615/904/481 526/903/481 525/905/481
f 525/905/481 614/906/481 615/904/481
f 614/906/318 525/905/318 524/907/318
f 524/907/318 613/908/318 614/906/318
f 613/908/482 524/907/482 523/909/482
f 523/909/482 612/910/482 613/908/482
f 612/910/483 523/909/483 522/324/483
f 522/324/483 611/911/483 612/910/483
f 611/911/292 522/324/251 521/912/250
f 521/912/250 610/913/291 611/911/292
f 610/913/484 521/912/484 520/914/484
f 520/914/484 609/915/484 610/913/484
f 609/915/290 520/914/249 519/916/248
f 519/916/248 608/917/289 609/915/290
f 608/917/485 519/916/485 518/918/485
f 518/918/485 607/919/485 608/917/485
f 607/919/288 518/918/247 517/920/247
f 517/920/247 606/921/288 607/919/288
f 606/921/486 517/920/486 516/922/486
f 516/922/486 605/923/486 606/921/486
f 605/923/487 516/922/487 515/924/487
f 515/924/487 604/925/487 605/923/487
f 604/925/488 515/924/488 512/926/488
f 512/926/488 603/927/488 604/925/488
f 603/927/489 512/926/489 513/928/489
f 513/928/489 602/929/489 603/927/489
f 602/929/490 513/928/490 514/930/490
f 514/930/490 601/931/490 602/929/490
f 601/931/491 514/930/491 529/932/491
f 529/932/491 618/933/491 601/931/491
f 618/933/492 529/932/492 530/450/492
f 530/450/492 619/451/492 618/933/492
f 619/451/493 530/450/493 531/934/493
f 531/934/493 620/935/493 619/451/493
f 620/935/494 531/934/494 532/936/494
f 532/936/494 621/937/494 620/935/494
f 621/937/495 532/936/495 533/588/495
f 533/588/495 622/589/495 621/937/495
f 622/589/360 533/588/360 534/938/360
f 534/938/360 623/939/360 622/589/360
f 623/939/496 534/938/496 535/940/496
f 535/940/496 624/941/496 623/939/496
f 624/941/497 535/940/497 537/942/497
f 537/942/497 626/943/497 624/941/497
f 626/943/498 537/942/498 538/944/498
f 538/944/498 627/945/498 626/943/498
f 627/945/499 538/944/499 539/946/499
f 539/946/499 628/947/499 627/945/499
f 628/947/500 539/946/500 540/948/500
f 540/948/500 629/949/500 628/947/500
f 629/949/501 540/948/501 541/950/501
f 541/950/501 630/951/501 629/949/501
f 630/951/502 541/950/502 542/952/502
f 542/952/502 631/953/502 630/951/502
f 631/953/503 542/952/503 543/954/503
f 543/954/503 632/955/503 631/953/503
f 632/955/504 543/954/504 545/956/504
f 545/956/504 634/957/504 632/955/504
f 634/957/505 545/956/505 546/958/505
f 546/958/505 635/959/505 634/957/505
f 635/959/506 546/958/506 547/960/506
f 547/960/506 636/961/506 635/959/506
f 636/961/507 547/960/507 548/962/507
f 548/962/507 637/963/507 636/961/507
f 637/963/508 548/962/508 550/964/508
f 550/964/508 638/965/508 637/963/508
f 638/965/509 550/964/509 551/966/509
f 551/966/509 639/967/509 638/965/509
f 639/967/510 551/966/510 552/968/510
f 552/968/510 640/969/510 639/967/510
f 640/969/511 552/968/511 553/970/511
f 553/970/511 641/971/511 640/969/511
f 641/971/512 553/970/512 554/972/512
f 554/972/512 259/973/512 641/971/512
f 259/973/513 554/972/513 555/974/513
f 555/974/513 256/975/513 259/973/513
f 256/975/514 555/974/514 556/976/514
f 556/976/514 255/977/514 256/975/514
f 255/977/515 556/976/515 557/978/515
f 557/978/515 254/979/515 255/977/515
f 254/979/516 557/978/516 558/980/516
f 558/980/516 251/981/516 254/979/516
f 251/981/517 558/980/517 559/982/517
f 559/982/517 250/983/517 251/981/517
f 250/983/518 559/982/518 560/984/518
f 560/984/518 249/985/518 250/983/518
f 249/985/519 560/984/519 561/986/519
f 561/986/519 248/987/519 249/985/519
f 248/987/520 561/986/520 562/988/520
f 562/988/520 247/989/520 248/987/520
f 247/989/521 562/988/521 563/990/521
f 563/990/521 246/991/521 247/989/521
f 246/991/181 563/990/252 564/992/253
f 564/992/253 245/993/215 246/991/181
f 245/993/215 564/992/253 24/994/17
f 24/994/17 243/995/213 245/993/215
f 243/995/213 24/994/17 23/996/16
f 23/996/16 242/997/212 243/995/213
f 242/997/212 23/996/16 22/998/15
f 22/998/15 241/999/211 242/997/212
f 241/999/211 22/998/15 21/1000/14
f 21/1000/14 240/1001/210 241/999/211
f 240/1001/210 21/1000/14 20/1002/13
f 20/1002/13 239/1003/209 240/1001/210
f 239/1003/209 20/1002/13 19/462/12
f 19/462/12 238/463/208 239/1003/209
f 238/463/208 19/462/12 10/1004/3
f 10/1004/3 237/1005/207 238/463/208
f 237/1005/207 10/1004/3 11/1006/4
f 11/1006/4 236/346/206 237/1005/207
f 236/346/206 11/1006/4 18/1007/11
f 18/1007/11 235/1008/205 236/346/206
f 235/1008/205 18/1007/11 17/596/10
f 17/596/10 234/597/204 235/1008/205
f 234/597/204 17/596/10 16/1009/9
f 16/1009/9 233/1010/203 234/597/204
f 233/1010/203 16/1009/9 15/1011/8
f 15/1011/8 232/1012/202 233/1010/203
f 232/1012/202 15/1011/8 14/1013/7
f 14/1013/7 231/1014/201 232/1012/202
f 231/1014/201 14/1013/7 12/1015/5
f 12/1015/5 230/1016/200 231/1014/201
f 230/1016/200 12/1015/5 13/1017/6
f 13/1017/6 229/1018/199 230/1016/200
f 229/1018/199 13/1017/6 575/1019/264
f 575/1019/264 227/1020/197 229/1018/199
f 227/1020/197 575/1019/264 101/1021/71
f 101/1021/71 214/1022/184 227/1020/197
f 214/1022/184 101/1021/71 93/1023/63
f 93/1023/63 179/1024/149 214/1022/184
f 179/1024/149 93/1023/63 98/1025/68
f 98/1025/68 185/1026/155 179/1024/149
f 185/1026/155 98/1025/68 102/1027/72
f 102/1027/72 188/1028/158 185/1026/155
f 188/1028/158 102/1027/72 105/1029/75
f 105/1029/75 191/1030/161 188/1028/158
f 191/1030/161 105/1029/75 107/1031/77
f 107/1031/77 193/1032/163 191/1030/161
f 193/1032/163 107/1031/77 109/1033/79
f 109/1033/79 195/1034/165 193/1032/163
f 195/1034/165 109/1033/79 112/1035/82
f 112/1035/82 197/1036/167 195/1034/165
f 197/1036/167 112/1035/82 113/1037/83
f 113/1037/83 198/1038/168 197/1036/167
f 198/1038/168 113/1037/83 115/1039/85
f 115/1039/85 200/1040/170 198/1038/168
f 200/1040/170 115/1039/85 117/1041/87
f 117/1041/87 202/1042/172 200/1040/170
f 202/1042/172 117/1041/87 119/1043/89
f 119/1043/89 204/1044/174 202/1042/172
f 204/1044/174 119/1043/89 121/1045/91
f 121/1045/91 206/1046/176 204/1044/174
f 206/1046/176 121/1045/91 123/1047/93
f 123/1047/93 208/1048/178 206/1046/176
f 208/1048/178 123/1047/93 125/1049/95
f 125/1049/95 210/1050/180 208/1048/178
f 210/1050/180 125/1049/95 127/1051/97
f 127/1051/97 212/1052/182 210/1050/180
f 212/1052/182 127/1051/97 128/1053/98
f 128/1053/98 213/1054/183 212/1052/182
f 213/1054/183 128/1053/98 126/1055/96
f 126/1055/96 211/1056/181 213/1054/183
f 211/1056/181 126/1055/96 124/1057/94
f 124/1057/94 209/1058/179 211/1056/181
f 209/1058/179 124/1057/94 122/1059/92
f 122/1059/92 207/1060/177 209/1058/179
f 207/1060/177 122/1059/92 120/1061/90
f 120/1061/90 205/1062/175 207/1060/177
f 205/1062/175 120/1061/90 118/1063/88
f 118/1063/88 203/349/173 205/1062/175
f 203/349/173 118/1063/88 116/1064/86
f 116/1064/86 201/1065/171 203/349/173
f 201/1065/171 116/1064/86 114/1066/84
f 114/1066/84 199/1067/169 201/1065/171
f 199/1067/169 114/1066/84 110/1068/80
f 110/1068/80 196/1069/166 199/1067/169
f 196/1069/166 110/1068/80 108/1070/78
f 108/1070/78 194/1071/164 196/1069/166
f 194/1071/164 108/1070/78 106/1072/76
f 106/1072/76 192/1073/162 194/1071/164
f 192/1073/162 106/1072/76 104/1074/74
f 104/1074/74 190/1075/160 192/1073/162
f 190/1075/160 104/1074/74 103/1076/73
f 103/1076/73 189/1077/159 190/1075/160
f 189/1077/159 103/1076/73 100/1078/70
f 100/1078/70 187/1079/157 189/1077/159
f 187/1079/157 100/1078/70 99/1080/69
f 99/1080/69 186/1081/156 187/1079/157
f 186/1081/156 99/1080/69 94/1082/64
f 94/1082/64 184/1083/154 186/1081/156
f 184/1083/154 94/1082/64 89/1084/59
f 89/1084/59 183/1085/153 184/1083/154
f 183/1085/153 89/1084/59 80/1086/50
f 80/1086/50 131/1087/101 183/1085/153
f 131/1087/101 80/1086/50 61/1088/31
f 61/1088/31 133/1089/103 131/1087/101
f 133/1089/103 61/1088/31 60/1090/30
f 60/1090/30 143/1091/113 133/1089/103
f 143/1091/113 60/1090/30 56/1092/26
f 56/1092/26 145/1093/115 143/1091/113
f 145/1093/115 56/1092/26 72/1094/42
f 72/1094/42 154/1095/124 145/1093/115
f 154/1095/124 72/1094/42 580/1096/269
f 580/1096/269 163/1097/133 154/1095/124
f 163/1097/133 580/1096/269 583/1098/272
f 583/1098/272 166/1099/136 163/1097/133
f 166/1099/136 583/1098/272 584/1100/227
f 584/1100/227 167/1101/137 166/1099/136
f 167/1101/137 584/1100/227 585/341/273
f 585/341/273 168/1102/138 167/1101/137
f 168/1102/138 585/341/273 586/1103/274
f 586/1103/274 169/1104/139 168/1102/138
f 169/1104/139 586/1103/274 587/1105/23
f 587/1105/23 170/1106/140 169/1104/139
f 170/1106/140 587/1105/23 588/1107/275
f 588/1107/275 171/1108/141 170/1106/140
f 171/1108/141 588/1107/275 589/1109/276
f 589/1109/276 172/1110/142 171/1108/141
f 172/1110/142 589/1109/276 590/1111/277
f 590/1111/277 173/1112/143 172/1110/142
f 173/1112/143 590/1111/277 591/1113/278
f 591/1113/278 174/1114/144 173/1112/143
f 174/1114/144 591/1113/278 592/1115/279
f 592/1115/279 175/1116/145 174/1114/144
f 175/1116/145 592/1115/279 593/1117/280
f 593/1117/280 176/1118/146 175/1116/145
f 176/1118/146 593/1117/280 594/1119/281
f 594/1119/281 177/1120/147 176/1118/146
f 177/1120/147 594/1119/281 595/1121/282
f 595/1121/282 178/1122/148 177/1120/147
f 178/1122/148 595/1121/282 582/351/271
f 582/351/271 165/352/135 178/1122/148
f 420/217/523 374/221/523 382/1123/522
f 382/1123/522 406/1124/522 420/217/523
f 406/1124/522 382/1123/522 389/837/524
f 389/837/524 416/838/524 406/1124/522
f 416/838/524 389/837/524 891/1125/525
f 891/1125/525 419/1126/526 416/838/524
f 419/1126/526 891/1125/525 892/1127/527
f 892/1127/527 893/1128/528 419/1126/526
f 893/1128/528 892/1127/527 894/1129/529
f 894/1129/529 895/1130/530 893/1128/528
f 895/1130/530 894/1129/529 896/1131/531
f 896/1131/531 465/1132/532 895/1130/530
f 465/1132/532 896/1131/531 897/1133/533
f 897/1133/533 464/1134/534 465/1132/532
f 464/1134/534 897/1133/533 898/405/535
f 898/405/535 462/406/536 464/1134/534
f 462/406/536 898/405/535 398/1135/537
f 398/1135/537 461/1136/484 462/406/536
f 461/1136/484 398/1135/537 392/1137/538
f 392/1137/538 459/1138/538 461/1136/484
f 459/1138/538 392/1137/538 393/1139/485
f 393/1139/485 458/1140/539 459/1138/538
f 458/1140/539 393/1139/485 394/1141/540
f 394/1141/540 451/1142/238 458/1140/539
f 451/1142/238 394/1141/540 396/1143/541
f 396/1143/541 450/1144/237 451/1142/238
f 450/1144/237 396/1143/541 899/1145/542
f 899/1145/542 453/1146/487 450/1144/237
f 453/1146/487 899/1145/542 900/1147/543
f 900/1147/543 454/1148/544 453/1146/487
f 454/1148/544 900/1147/543 901/865/545
f 901/865/545 455/866/546 454/1148/544
f 455/866/546 901/865/545 902/1149/547
f 902/1149/547 903/1150/548 455/866/546
f 903/1150/548 902/1149/547 904/1151/549
f 904/1151/549 905/1152/550 903/1150/548
f 905/1152/550 904/1151/549 906/1153/551
f 906/1153/551 907/1154/552 905/1152/550
f 907/1154/552 906/1153/551 908/1155/553
f 908/1155/553 909/1156/453 907/1154/552
f 909/1156/556 908/1155/555 910/1157/554
f 910/1157/554 911/1158/556 909/1156/556
f 911/1158/557 910/1157/557 912/1159/557
f 912/1159/557 913/1160/557 911/1158/557
f 913/1160/558 912/1159/228 400/1161/228
f 400/1161/228 914/1162/558 913/1160/558
f 914/1162/234 400/1161/559 401/1163/559
f 401/1163/559 447/1164/234 914/1162/234
f 447/1164/561 401/1163/561 403/1165/560
f 403/1165/560 446/1166/560 447/1164/561
f 446/1166/560 403/1165/560 404/1167/562
f 404/1167/562 445/1168/562 446/1166/560
f 445/1168/563 404/1167/230 915/1169/230
f 915/1169/230 443/1170/563 445/1168/563
f 443/1170/564 915/1169/564 916/1171/564
f 916/1171/564 441/1172/564 443/1170/564
f 441/1172/566 916/1171/565 917/1173/565
f 917/1173/565 440/1174/566 441/1172/566
f 440/1174/567 917/1173/567 918/1175/567
f 918/1175/567 439/1176/567 440/1174/567
f 439/1176/510 918/1175/568 919/1177/568
f 919/1177/568 436/1178/510 439/1176/510
f 436/1178/232 919/1177/569 920/1179/569
f 920/1179/569 435/1180/232 436/1178/232
f 435/1180/572 920/1179/571 921/1181/570
f 921/1181/570 432/1182/572 435/1180/572
f 432/1182/573 921/1181/573 922/1183/573
f 922/1183/573 429/1184/573 432/1182/573
f 429/1184/575 922/1183/575 377/1185/574
f 377/1185/574 424/1186/574 429/1184/575
f 424/1186/574 377/1185/574 371/1187/576
f 371/1187/576 410/1188/576 424/1186/574
f 410/1188/576 371/1187/576 372/1189/576
f 372/1189/576 412/1190/576 410/1188/576
f 412/1190/576 372/1189/576 370/1191/577
f 370/1191/577 411/1192/577 412/1190/576
f 411/1192/577 370/1191/577 374/351/523
f 374/351/523 420/352/523 411/1192/577
f 422/217/1 373/221/1 380/773/578
f 380/773/578 427/774/578 422/217/1
f 427/774/578 380/773/578 378/1193/579
f 378/1193/579 426/1194/579 427/774/578
f 426/1194/580 378/1193/580 376/1195/580
f 376/1195/580 423/1196/580 426/1194/580
f 423/1196/581 376/1195/581 379/1197/581
f 379/1197/581 425/1198/581 423/1196/581
f 425/1198/231 379/1197/582 923/1199/582
f 923/1199/582 428/1200/583 425/1198/231
f 428/1200/584 923/1199/584 924/1201/584
f 924/1201/584 430/1202/584 428/1200/584
f 430/1202/474 924/1201/585 925/1203/585
f 925/1203/585 431/1204/474 430/1202/474
f 431/1204/586 925/1203/586 926/1205/586
f 926/1205/586 433/1206/586 431/1204/586
f 433/1206/472 926/1205/588 927/1207/587
f 927/1207/587 434/1208/472 433/1206/472
f 434/1208/590 927/1207/590 928/857/589
f 928/857/589 437/858/589 434/1208/590
f 437/858/589 928/857/589 929/1209/470
f 929/1209/470 438/1210/470 437/858/589
f 438/1210/591 929/1209/591 930/1211/591
f 930/1211/591 442/1212/591 438/1210/591
f 442/1212/592 930/1211/229 402/1213/229
f 402/1213/229 444/1214/592 442/1212/592
f 444/1214/233 402/1213/594 399/1215/593
f 399/1215/593 448/1216/235 444/1214/233
f 448/1216/235 399/1215/593 931/1217/595
f 931/1217/595 932/1218/596 448/1216/235
f 932/1218/596 931/1217/595 933/1219/597
f 933/1219/597 934/1220/598 932/1218/596
f 934/1220/598 933/1219/597 935/1221/599
f 935/1221/599 936/1222/600 934/1220/598
f 936/1222/600 935/1221/599 937/1223/601
f 937/1223/601 938/1224/602 936/1222/600
f 938/1224/602 937/1223/601 939/1225/61
f 939/1225/61 940/1226/283 938/1224/602
f 940/1226/283 939/1225/61 941/1227/603
f 941/1227/603 942/1228/604 940/1226/283
f 942/1228/604 941/1227/603 943/1173/605
f 943/1173/605 456/1174/606 942/1228/604
f 456/1174/606 943/1173/605 944/1229/66
f 944/1229/66 452/1230/607 456/1174/606
f 452/1230/607 944/1229/66 395/1231/608
f 395/1231/608 449/1232/236 452/1230/607
f 449/1232/236 395/1231/608 391/1233/609
f 391/1233/609 457/1234/610 449/1232/236
f 457/1234/610 391/1233/609 397/1235/611
f 397/1235/611 460/1236/612 457/1234/610
f 460/1236/612 397/1235/611 945/1237/613
f 945/1237/613 463/1238/361 460/1236/612
f 463/1238/360 945/1237/360 946/1239/360
f 946/1239/360 947/1240/360 463/1238/360
f 947/1240/615 946/1239/614 948/1241/359
f 948/1241/359 949/1242/616 947/1240/615
f 949/1242/616 948/1241/359 950/1243/617
f 950/1243/617 418/1244/618 949/1242/616
f 418/1244/618 950/1243/617 390/1245/357
f 390/1245/357 417/1246/357 418/1244/618
f 417/1246/357 390/1245/357 388/1247/226
f 388/1247/226 415/1248/619 417/1246/357
f 415/1248/619 388/1247/226 383/1249/227
f 383/1249/227 405/1250/620 415/1248/619
f 405/1250/621 383/1249/621 381/1251/621
f 381/1251/621 407/1252/621 405/1250/621
f 407/1252/622 381/1251/622 384/1253/353
f 384/1253/353 413/1254/353 407/1252/622
f 413/1254/353 384/1253/353 385/1255/225
f 385/1255/225 408/1256/623 413/1254/353
f 408/1256/623 385/1255/225 386/1257/224
f 386/1257/224 409/1258/624 408/1256/623
f 409/1258/624 386/1257/224 387/367/625
f 387/367/625 414/368/625 409/1258/624
f 414/368/295 387/367/295 375/1259/576
f 375/1259/576 421/1260/576 414/368/295
f 421/1260/576 375/1259/576 373/351/293
f 373/351/293 422/352/293 421/1260/576
f 918/265/568 917/266/565 929/264/18
f 929/264/18 928/263/18 918/265/568
f 919/262/568 918/265/568 928/263/18
f 928/263/18 927/260/587 919/262/568
f 925/257/585 924/256/585 922/255/18
f 922/255/18 921/258/570 925/257/585
f 921/258/570 920/261/571 927/260/587
f 927/260/587 926/259/588 921/258/570
f 377/224/18 922/255/18 923/254/18
f 923/254/18 379/226/18 377/224/18
f 371/218/18 377/224/18 378/225/18
f 378/225/18 380/227/18 371/218/18
f 389/236/18 390/237/18 950/252/18
f 950/252/18 891/253/18 389/236/18
f 894/1263/529 892/1261/527 950/252/18
f 950/252/18 948/1262/18 894/1263/529
f 896/278/531 894/1263/529 948/1262/18
f 948/1262/18 946/1264/18 896/278/531
f 897/277/533 896/278/531 946/1264/18
f 946/1264/18 945/276/613 897/277/533
f 898/275/535 897/277/533 945/276/613
f 945/276/613 397/244/611 898/275/535
f 396/243/541 395/242/608 944/270/66
f 944/270/66 899/271/542 396/243/541
f 901/273/18 900/272/18 944/270/18
f 944/270/18 943/274/18 901/273/18
f 901/273/545 943/274/605 941/1265/603
f 941/1265/603 902/1266/547 901/273/545
f 902/1266/18 941/1265/18 939/1267/18
f 939/1267/18 904/1268/18 902/1266/18
f 904/1268/549 939/1267/61 937/1269/601
f 937/1269/601 906/1270/551 904/1268/549
f 908/1271/18 906/1270/18 937/1269/18
f 937/1269/18 935/1272/18 908/1271/18
f 910/1273/554 908/1271/555 935/1272/18
f 935/1272/18 933/1274/18 910/1273/554
f 912/1275/228 910/1273/554 933/1274/18
f 933/1274/18 931/1276/18 912/1275/228
f 912/1275/228 931/1276/18 399/246/18
f 399/246/18 400/247/228 912/1275/228
f 916/267/565 915/269/230 930/268/229
f 930/268/229 929/264/18 916/267/565
f 424/224/214 425/226/231 428/254/583
f 428/254/583 429/255/214 424/224/214
f 429/255/214 430/256/214 431/257/214
f 431/257/214 432/258/214 429/255/214
f 913/1275/214 914/247/234 448/246/235
f 448/246/235 932/1276/596 913/1275/214
f 913/1275/214 932/1276/596 934/1274/598
f 934/1274/598 911/1273/214 913/1275/214
f 911/1273/214 934/1274/214 936/1272/214
f 936/1272/214 909/1271/214 911/1273/214
f 909/1271/453 936/1272/600 938/1269/602
f 938/1269/602 907/1270/552 909/1271/453
f 905/1268/214 907/1270/214 938/1269/214
f 938/1269/214 940/1267/214 905/1268/214
f 903/1266/548 905/1268/550 940/1267/283
f 940/1267/283 942/1265/604 903/1266/548
f 455/273/546 903/1266/548 942/1265/604
f 942/1265/604 456/274/606 455/273/546
f 895/1263/214 465/278/214 947/1264/615
f 947/1264/615 949/1262/616 895/1263/214
f 893/1261/214 895/1263/214 949/1262/616
f 949/1262/616 418/252/618 893/1261/214
f 953/217/628 952/221/627 951/1277/626
f 951/1277/626 954/1278/629 953/217/628
f 954/1278/629 951/1277/626 955/1279/630
f 955/1279/630 956/1280/631 954/1278/629
f 956/1280/631 955/1279/630 957/1281/632
f 957/1281/632 958/1282/633 956/1280/631
f 958/1282/633 957/1281/632 952/351/627
f 952/351/627 953/352/628 958/1282/633
f 951/875/626 952/221/627 957/217/632
f 957/217/632 955/876/630 951/875/626
f 956/876/631 958/217/633 953/221/628
f 953/221/628 954/875/629 956/876/631
f 654/217/523 642/221/523 643/1283/634
f 643/1283/634 656/1284/634 654/217/523
f 656/1284/634 643/1283/634 644/361/576
f 644/361/576 657/362/576 656/1284/634
f 657/362/576 644/361/576 645/1285/576
f 645/1285/576 652/1286/576 657/362/576
f 652/1286/576 645/1285/576 648/1287/576
f 648/1287/576 651/1288/576 652/1286/576
f 651/1288/576 648/1287/576 649/470/577
f 649/470/577 650/471/577 651/1288/576
f 650/471/577 649/470/577 646/1289/577
f 646/1289/577 653/1290/577 650/471/577
f 653/1290/577 646/1289/577 647/1291/577
f 647/1291/577 655/1292/577 653/1290/577
f 655/1292/577 647/1291/577 642/351/523
f 642/351/523 654/352/523 655/1292/577
f 478/217/241 467/221/635 474/773/240
f 474/773/240 480/774/243 478/217/241
f 480/774/243 474/773/240 475/1293/240
f 475/1293/240 484/1294/243 480/774/243
f 484/1294/243 475/1293/240 473/843/239
f 473/843/239 483/844/244 484/1294/243
f 483/844/244 473/843/239 470/1295/636
f 470/1295/636 487/1296/246 483/844/244
f 487/1296/246 470/1295/636 471/1297/320
f 471/1297/320 486/1298/245 487/1296/246
f 486/1298/245 471/1297/320 468/1299/637
f 468/1299/637 477/1300/242 486/1298/245
f 477/1300/242 468/1299/637 466/1301/635
f 466/1301/635 479/1302/635 477/1300/242
f 479/1302/635 466/1301/635 467/351/635
f 467/351/635 478/352/241 479/1302/635
f 481/217/365 472/221/365 469/1285/365
f 469/1285/365 485/1286/365 481/217/365
f 485/1286/639 469/1285/639 476/1303/638
f 476/1303/638 482/1304/638 485/1286/639
f 482/1304/638 476/1303/638 472/351/1
f 472/351/1 481/352/1 482/1304/638
f 472/285/18 476/289/18 474/287/18
f 474/287/18 467/280/18 472/285/18
f 669/217/1 658/221/1 659/1305/1
f 659/1305/1 668/1306/1 669/217/1
f 668/1306/293 659/1305/293 660/1307/293
f 660/1307/293 667/1308/293 668/1306/293
f 667/1308/1 660/1307/1 663/1309/1
f 663/1309/1 666/1310/1 667/1308/1
f 666/1310/293 663/1309/293 662/1279/293
f 662/1279/293 665/1280/293 666/1310/293
f 665/1280/295 662/1279/295 661/1311/295
f 661/1311/295 664/1312/295 665/1280/295
f 664/1312/294 661/1311/294 658/351/294
f 658/351/294 669/352/294 664/1312/294
f 961/1315/293 960/1314/293 959/1313/293
f 959/1313/293 962/604/293 961/1315/293
f 965/605/640 964/1317/293 963/1316/1
f 963/1316/1 966/1318/295 965/605/640
f 964/1317/293 968/1320/293 967/1319/293
f 967/1319/293 963/1316/293 964/1317/293
f 971/1322/293 970/1321/293 969/1319/293
f 969/1319/293 972/1314/293 971/1322/293
f 972/1314/214 969/1319/214 973/1319/214
f 973/1319/214 974/1314/214 972/1314/214
f 960/1314/293 967/1319/293 968/1320/293
f 968/1320/293 959/1313/293 960/1314/293
f 977/1313/18 976/1320/18 975/1320/18
f 975/1320/18 978/1313/18 977/1313/18
f 978/1313/293 975/1320/293 979/1323/293
f 979/1323/293 980/1324/293 978/1313/293
f 980/1324/214 979/1323/214 981/1323/214
f 981/1323/214 982/1324/214 980/1324/214
f 982/1322/214 981/1321/214 983/1323/641
f 983/1323/641 984/1324/641 982/1322/214
f 984/1322/641 983/1321/641 985/1319/294
f 985/1319/294 986/1314/294 984/1322/641
f 986/1314/294 985/1319/294 987/1320/294
f 987/1320/294 988/1313/294 986/1314/294
f 988/1313/294 987/1320/294 989/1323/294
f 989/1323/294 990/1324/294 988/1313/294
f 990/1322/18 989/1321/18 991/1323/18
f 991/1323/18 992/1324/18 990/1322/18
f 992/1322/18 991/1321/18 970/1321/18
f 970/1321/18 971/1322/18 992/1322/18
f 993/1322/1 971/1322/1 972/1314/1
f 972/1314/1 994/1314/1 993/1322/1
f 995/1319/295 969/1319/295 970/1321/295
f 970/1321/295 996/1321/295 995/1319/295
f 994/1314/1 972/1314/1 974/1314/1
f 974/1314/1 960/1314/1 994/1314/1
f 960/1314/294 974/1314/294 973/1319/294
f 973/1319/294 967/1319/294 960/1314/294
f 967/1319/295 973/1319/295 969/1319/295
f 969/1319/295 995/1319/295 967/1319/295
f 968/1320/294 976/1320/294 977/1313/294
f 977/1313/294 959/1313/294 968/1320/294
f 959/1313/1 977/1313/1 978/1313/1
f 978/1313/1 997/1313/1 959/1313/1
f 998/1320/295 975/1320/295 976/1320/295
f 976/1320/295 968/1320/295 998/1320/295
f 997/1313/1 978/1313/1 980/1324/1
f 980/1324/1 999/1324/1 997/1313/1
f 1000/1323/295 979/1323/295 975/1320/295
f 975/1320/295 998/1320/295 1000/1323/295
f 999/1324/1 980/1324/1 982/1324/1
f 982/1324/1 1001/1324/1 999/1324/1
f 1002/1323/295 981/1323/295 979/1323/295
f 979/1323/295 1000/1323/295 1002/1323/295
f 1001/1322/1 982/1322/1 984/1324/1
f 984/1324/1 1003/1324/1 1001/1322/1
f 1004/1323/295 983/1323/295 981/1321/295
f 981/1321/295 1002/1321/295 1004/1323/295
f 1003/1322/1 984/1322/1 986/1314/1
f 986/1314/1 1005/1314/1 1003/1322/1
f 1006/1319/295 985/1319/295 983/1321/295
f 983/1321/295 1004/1321/295 1006/1319/295
f 1005/1314/1 986/1314/1 988/1313/1
f 988/1313/1 1007/1313/1 1005/1314/1
f 1008/1320/295 987/1320/295 985/1319/295
f 985/1319/295 1006/1319/295 1008/1320/295
f 1007/1313/1 988/1313/1 990/1324/1
f 990/1324/1 1009/1324/1 1007/1313/1
f 1010/1323/295 989/1323/295 987/1320/295
f 987/1320/295 1008/1320/295 1010/1323/295
f 1009/1322/1 990/1322/1 992/1324/1
f 992/1324/1 1011/1324/1 1009/1322/1
f 1012/1323/295 991/1323/295 989/1321/295
f 989/1321/295 1010/1321/295 1012/1323/295
f 1011/1322/1 992/1322/1 971/1322/1
f 971/1322/1 993/1322/1 1011/1322/1
f 996/1321/295 970/1321/295 991/1321/295
f 991/1321/295 1012/1321/295 996/1321/295
f 1015/1327/642 1014/1326/642 1013/1325/642
f 1013/1325/642 1016/1328/642 1015/1327/642
f 1016/1328/643 1013/1325/643 1017/1329/643
f 1017/1329/643 1018/1330/643 1016/1328/643
f 1018/1330/644 1017/1329/644 1019/1331/644
f 1019/1331/644 1020/1332/644 1018/1330/644
f 1020/1332/645 1019/1331/645 1021/1333/645
f 1021/1333/645 1022/1334/645 1020/1332/645
f 1022/1334/646 1021/1333/646 1023/1335/646
f 1023/1335/646 1024/1336/646 1022/1334/646
f 1024/1336/647 1023/1335/647 1025/1337/647
f 1025/1337/647 1026/1338/647 1024/1336/647
f 1026/1338/648 1025/1337/648 1027/1339/648
f 1027/1339/648 1028/1340/648 1026/1338/648
f 1028/1340/649 1027/1339/649 1029/1341/649
f 1029/1341/649 1030/1342/649 1028/1340/649
f 1030/1342/650 1029/1341/650 1031/1343/650
f 1031/1343/650 1032/1344/650 1030/1342/650
f 1032/1344/651 1031/1343/651 1033/1345/651
f 1033/1345/651 1034/1346/651 1032/1344/651
f 1034/1346/652 1033/1345/652 1035/1347/652
f 1035/1347/652 1036/1348/652 1034/1346/652
f 1036/1348/653 1035/1347/653 1037/1349/653
f 1037/1349/653 1038/1350/653 1036/1348/653
f 1038/1350/654 1037/1349/654 1039/1351/654
f 1039/1351/654 1040/1352/654 1038/1350/654
f 1040/1352/655 1039/1351/655 1041/1353/655
f 1041/1353/655 1042/1354/655 1040/1352/655
f 1042/1354/656 1041/1353/656 1043/1353/656
f 1043/1353/656 1044/1354/656 1042/1354/656
f 1014/1326/659 1015/1327/658 1045/1355/657
f 1045/1355/657 1046/1356/660 1014/1326/659
f 1046/1356/661 1045/1355/661 1047/1357/661
f 1047/1357/661 1048/1358/661 1046/1356/661
f 1048/1358/663 1047/1357/663 1049/1359/662
f 1049/1359/662 1050/1360/662 1048/1358/663
f 1050/1360/662 1049/1359/662 1051/1361/293
f 1051/1361/293 1052/1362/293 1050/1360/662
f 1052/1362/293 1051/1361/293 1053/1363/664
f 1053/1363/664 1054/1364/664 1052/1362/293
f 1054/1364/665 1053/1363/665 1055/1365/665
f 1055/1365/665 1056/1366/665 1054/1364/665
f 1056/1366/668 1055/1365/667 1057/1367/666
f 1057/1367/666 1058/1368/666 1056/1366/668
f 1058/1368/669 1057/1367/669 1059/1369/669
f 1059/1369/669 1060/1370/669 1058/1368/669
f 1060/1370/671 1059/1369/671 1061/1371/670
f 1061/1371/670 1062/1372/670 1060/1370/671
f 1062/1372/670 1061/1371/670 1063/1373/672
f 1063/1373/672 1064/1374/672 1062/1372/670
f 1064/1374/672 1063/1373/672 1065/1375/673
f 1065/1375/673 1066/1376/673 1064/1374/672
f 1066/1376/674 1065/1375/674 1067/1377/674
f 1067/1377/674 1068/1378/674 1066/1376/674
f 1068/1378/676 1067/1377/676 1069/1379/675
f 1069/1379/675 1070/1380/677 1068/1378/676
f 1070/1380/677 1069/1379/675 1071/1381/678
f 1071/1381/678 1072/1382/679 1070/1380/677
f 1072/1382/679 1071/1381/678 1073/1383/680
f 1073/1383/680 1074/1384/680 1072/1382/679
f 1074/1384/681 1073/1383/681 1075/1385/681
f 1075/1385/681 1076/1386/681 1074/1384/681
f 1076/1386/683 1075/1385/683 1077/1387/682
f 1077/1387/682 1078/1388/684 1076/1386/683
f 1078/1388/684 1077/1387/682 1079/1389/685
f 1079/1389/685 1080/1390/685 1078/1388/684
f 1080/1390/686 1079/1389/686 1081/1391/686
f 1081/1391/686 1082/1392/686 1080/1390/686
f 1082/1392/687 1081/1391/687 1083/1393/687
f 1083/1393/687 1084/1394/687 1082/1392/687
f 1084/1394/688 1083/1393/688 1085/1395/688
f 1085/1395/688 1086/1396/688 1084/1394/688
f 1086/1396/691 1085/1395/690 1087/1397/689
f 1087/1397/689 1088/1398/692 1086/1396/691
f 1088/1398/692 1087/1397/689 1089/1397/693
f 1089/1397/693 1090/1398/693 1088/1398/692
f 1093/1399/18 1092/217/18 1091/352/18
f 1091/352/18 1094/1400/18 1093/1399/18
f 1094/1399/293 1091/217/293 1095/352/293
f 1095/352/293 1096/1400/293 1094/1399/293
f 1096/1399/214 1095/217/214 1097/352/214
f 1097/352/214 1098/1400/214 1096/1399/214
f 1098/1399/294 1097/217/294 1092/352/294
f 1092/352/294 1093/1400/294 1098/1399/294
f 1101/221/1 1100/217/1 1099/352/1
f 1099/352/1 1102/351/1 1101/221/1
f 1092/221/295 1097/217/295 1095/352/295
f 1095/352/295 1091/351/295 1092/221/295
f 1099/221/293 1104/1402/293 1103/1401/293
f 1103/1401/293 1102/351/293 1099/221/293
f 1102/221/214 1103/1402/214 1105/1401/214
f 1105/1401/214 1101/351/214 1102/221/214
f 1101/221/294 1105/1402/294 1106/1401/294
f 1106/1401/294 1100/351/294 1101/221/294
f 1100/221/18 1106/1402/18 1104/1401/18
f 1104/1401/18 1099/351/18 1100/221/18
f 1109/1402/293 1108/1399/293 1107/1400/293
f 1107/1400/293 1110/1401/293 1109/1402/293
f 1103/1402/214 1096/1399/214 1098/1400/214
f 1098/1400/214 1105/1401/214 1103/1402/214
f 1113/1402/294 1112/1399/294 1111/1400/294
f 1111/1400/294 1114/1401/294 1113/1402/294
f 1106/1402/18 1093/1399/18 1094/1400/18
f 1094/1400/18 1104/1401/18 1106/1402/18
f 1094/1399/18 1108/1399/18 1109/1402/18
f 1109/1402/18 1104/1402/18 1094/1399/18
f 1104/1402/1 1109/1402/1 1110/1401/1
f 1110/1401/1 1103/1401/1 1104/1402/1
f 1103/1401/214 1110/1401/214 1107/1400/214
f 1107/1400/214 1096/1400/214 1103/1401/214
f 1096/1400/295 1107/1400/295 1108/1399/295
f 1108/1399/295 1094/1399/295 1096/1400/295
f 1098/1399/214 1112/1399/214 1113/1402/214
f 1113/1402/214 1105/1402/214 1098/1399/214
f 1105/1402/1 1113/1402/1 1114/1401/1
f 1114/1401/1 1106/1401/1 1105/1402/1
f 1106/1401/18 1114/1401/18 1111/1400/18
f 1111/1400/18 1093/1400/18 1106/1401/18
f 1093/1400/295 1111/1400/295 1112/1399/295
f 1112/1399/295 1098/1399/295 1093/1400/295
f 1117/221/293 1116/217/293 1115/352/293
f 1115/352/293 1118/351/293 1117/221/293
f 1118/221/214 1115/217/214 1119/352/214
f 1119/352/214 1120/351/214 1118/221/214
f 1120/221/294 1119/217/294 1121/352/294
f 1121/352/294 1122/351/294 1120/221/294
f 1122/221/18 1121/217/18 1116/352/18
f 1116/352/18 1117/351/18 1122/221/18
f 1125/221/695 1124/217/695 1123/352/694
f 1123/352/694 1126/351/694 1125/221/695
f 1126/221/694 1123/217/694 1127/352/677
f 1127/352/677 1128/351/696 1126/221/694
f 1130/352/641 1129/351/697 1128/221/696
f 1128/221/696 1127/217/677 1130/352/641
f 1129/221/697 1130/217/641 1124/352/695
f 1124/352/695 1125/351/695 1129/221/697
f 1133/1405/295 1132/1404/295 1131/1403/295
f 1131/1403/295 1134/1403/295 1133/1405/295
f 1137/1408/1 1136/1407/1 1135/1406/1
f 1135/1406/1 1138/1406/698 1137/1408/1
f 1141/1411/295 1140/1410/295 1139/1409/295
f 1139/1409/295 1142/1409/295 1141/1411/295
f 1145/1414/117 1144/1413/1 1143/1412/1
f 1143/1412/1 1146/1412/117 1145/1414/117
f 1132/1404/18 1137/1408/18 1138/1415/18
f 1138/1415/18 1131/1416/18 1132/1404/18
f 1144/1413/214 1141/1411/214 1142/1417/214
f 1142/1417/214 1143/1418/214 1144/1413/214
f 1136/1407/34 1137/1408/34 1147/1419/34
f 1147/1419/34 1148/1419/34 1136/1407/34
f 1137/1408/34 1132/1404/18 1149/1420/18
f 1149/1420/18 1147/1419/34 1137/1408/34
f 1132/1404/295 1133/1405/295 1150/1420/295
f 1150/1420/295 1149/1420/295 1132/1404/295
f 1140/1410/295 1141/1411/295 1151/1421/640
f 1151/1421/640 1004/1421/295 1140/1410/295
f 1141/1411/214 1144/1413/214 1152/1422/214
f 1152/1422/214 1151/1421/214 1141/1411/214
f 1144/1413/1 1145/1414/1 1003/1422/1
f 1003/1422/1 1152/1422/1 1144/1413/1
f 1131/1416/699 1154/1423/699 1153/1423/295
f 1153/1423/295 1134/1424/295 1131/1416/699
f 1138/1415/698 1135/1426/1 1155/1425/1
f 1155/1425/1 1156/1425/34 1138/1415/698
f 1157/1423/294 1154/1423/294 1156/1425/523
f 1156/1425/523 1158/1425/523 1157/1423/294
f 1159/1420/576 1149/1420/576 1150/1420/295
f 1150/1420/295 1160/1420/295 1159/1420/576
f 1147/1419/634 1162/1419/700 1161/1419/1
f 1161/1419/1 1148/1419/1 1147/1419/634
f 1160/1421/295 1004/1420/295 1151/1420/640
f 1151/1420/640 1159/1421/576 1160/1421/295
f 1159/1421/576 1151/1420/640 1152/1419/293
f 1152/1419/293 1162/1422/700 1159/1421/576
f 1162/1422/1 1152/1419/1 1003/1419/1
f 1003/1419/1 1161/1422/1 1162/1422/1
f 1142/1417/295 1139/1417/295 1163/1423/295
f 1163/1423/295 1164/1423/295 1142/1417/295
f 1143/1418/1 1166/1425/1 1165/1425/1
f 1165/1425/1 1146/1418/1 1143/1418/1
f 1167/1420/295 1164/1423/295 1163/1423/295
f 1163/1423/295 1168/1420/295 1167/1420/295
f 1166/1425/701 1170/1419/628 1169/1419/1
f 1169/1419/1 1165/1425/1 1166/1425/701
f 1168/1421/295 1172/1420/295 1171/1420/632
f 1171/1420/632 1167/1421/633 1168/1421/295
f 1167/1421/633 1171/1420/632 1173/1419/695
f 1173/1419/695 1170/1422/628 1167/1421/633
f 1170/1422/1 1173/1419/1 1174/1419/1
f 1174/1419/1 1169/1422/1 1170/1422/1
f 1157/1423/295 1171/1421/295 1172/1421/295
f 1172/1421/295 1175/1423/295 1157/1423/295
f 1173/1422/1 1158/1425/1 1176/1425/34
f 1176/1425/34 1174/1422/34 1173/1422/1
f 1154/1423/295 1157/1423/295 1175/1423/295
f 1175/1423/295 1153/1423/295 1154/1423/295
f 1158/1425/523 1156/1425/523 1155/1425/1
f 1155/1425/1 1176/1425/1 1158/1425/523
f 1131/1416/699 1138/1415/698 1156/1425/34
f 1156/1425/34 1154/1423/699 1131/1416/699
f 1149/1420/576 1159/1420/576 1162/1419/700
f 1162/1419/700 1147/1419/634 1149/1420/576
f 1142/1417/214 1164/1423/214 1166/1425/701
f 1166/1425/701 1143/1418/214 1142/1417/214
f 1164/1423/214 1167/1420/633 1170/1419/628
f 1170/1419/628 1166/1425/701 1164/1423/214
f 1171/1421/632 1157/1423/18 1158/1425/18
f 1158/1425/18 1173/1422/695 1171/1421/632

usemtl white
f 1182/1432/707 1180/1430/705 1179/1429/704
f 1194/1444/293 1196/1446/293 1195/1445/293
f 1196/1446/293 1197/1447/293 1195/1445/293
f 1197/1447/293 1198/1448/293 1195/1445/293
f 1197/1447/293 1199/1449/293 1198/1448/293
f 1202/1452/293 1201/1451/293 1200/1450/293
f 1202/1452/293 1200/1450/293 1203/1453/293
f 1207/1457/293 1206/1456/293 1204/1454/293
f 1204/1454/293 1208/1458/293 1207/1457/293
f 1204/1454/293 1205/1455/293 1208/1458/293
f 1202/1452/293 1209/1459/293 1201/1451/293
f 1211/1461/293 1212/1462/293 1210/1460/293
f 1211/1461/293 1213/1463/293 1212/1462/293
f 1211/1461/293 1214/1464/293 1213/1463/293
f 1211/1461/293 1215/1465/293 1214/1464/293
f 1211/1461/293 1216/1466/293 1215/1465/293
f 1211/1461/293 1217/1467/293 1216/1466/293
f 1211/1461/293 1218/1468/293 1217/1467/293
f 1222/1472/293 1220/1470/293 1219/1469/293
f 1229/1479/293 1228/1478/293 1225/1475/711
f 1230/1480/293 1229/1479/293 1225/1475/711
f 1233/1483/293 1232/1482/293 1231/1481/712
f 1235/1485/293 1237/1487/293 1234/1484/293
f 1235/1485/293 1238/1488/293 1237/1487/293
f 1238/1488/293 1239/1489/293 1237/1487/293
f 1238/1488/293 1240/1490/293 1239/1489/293
f 1240/1490/293 1241/1491/293 1239/1489/293
f 1245/1495/293 1244/1494/293 1242/1492/713
f 1243/1493/293 1233/1483/293 1231/1481/712
f 1246/1496/293 1245/1495/293 1242/1492/713
f 1249/1499/293 1248/1498/293 1247/1497/714
f 1252/1502/293 1253/1503/715 1254/1504/715
f 1259/1509/293 1257/1507/293 1258/1508/717
f 1262/1512/293 1260/1510/293 1261/1511/293
f 1263/1513/293 1262/1512/293 1261/1511/293
f 1264/1514/293 1263/1513/293 1261/1511/293
f 1267/1517/293 1265/1515/293 1266/1516/293
f 1268/1518/293 1267/1517/293 1266/1516/293
f 1269/1519/293 1268/1518/293 1266/1516/293
f 1272/1522/293 1270/1520/293 1271/1521/293
f 1273/1523/293 1272/1522/293 1271/1521/293
f 1274/1524/293 1273/1523/293 1271/1521/293
f 1275/1525/293 1274/1524/293 1271/1521/293
f 1277/1527/293 1278/1528/293 1276/1526/293
f 1279/1529/293 1283/1533/293 1282/1532/293
f 1284/1534/293 1290/1540/293 1289/1539/293
f 1315/1504/719 1316/1503/719 1314/1502/294
f 1320/1497/720 1321/1498/294 1319/1499/294
f 1324/1492/721 1323/1495/294 1322/1496/294
f 1324/1492/721 1325/1494/294 1323/1495/294
f 1327/1481/722 1328/1483/294 1326/1493/294
f 1327/1481/722 1329/1482/294 1328/1483/294
f 1331/1475/723 1332/1479/294 1330/1480/294
f 1331/1475/723 1333/1478/294 1332/1479/294
f 1331/1475/723 1334/1477/294 1333/1478/294
f 1331/1475/723 1335/1476/294 1334/1477/294
f 1337/1469/294 1338/1470/294 1336/1472/294
f 1344/1460/294 1343/1462/294 1339/1461/294
f 1343/1462/294 1345/1463/294 1339/1461/294
f 1345/1463/294 1346/1464/294 1339/1461/294
f 1346/1464/294 1347/1465/294 1339/1461/294
f 1347/1465/294 1351/1466/294 1339/1461/294
f 1351/1466/294 1352/1467/294 1339/1461/294
f 1352/1467/294 1353/1468/294 1339/1461/294
f 1358/1453/294 1357/1450/294 1354/1452/294
f 1359/1454/294 1363/1456/294 1362/1457/294
f 1364/1508/724 1311/1507/294 1365/1509/294
f 1367/1511/294 1366/1510/294 1368/1512/294
f 1367/1511/294 1368/1512/294 1369/1513/294
f 1367/1511/294 1369/1513/294 1370/1514/294
f 1372/1516/294 1371/1515/294 1373/1517/294
f 1372/1516/294 1373/1517/294 1374/1518/294
f 1372/1516/294 1374/1518/294 1375/1519/294
f 1377/1521/294 1376/1520/294 1378/1522/294
f 1377/1521/294 1378/1522/294 1379/1523/294
f 1377/1521/294 1379/1523/294 1380/1524/294
f 1377/1521/294 1380/1524/294 1381/1525/294
f 1382/1526/294 1384/1528/294 1383/1527/294
f 1389/1532/294 1388/1533/294 1385/1529/294
f 1393/1538/294 1392/1539/294 1387/1534/294
f 1399/1537/294 1393/1538/294 1387/1534/294
f 1392/1539/294 1400/1540/294 1387/1534/294
f 1421/1429/725 1426/1430/730 1424/1432/728
f 1434/1445/294 1433/1446/294 1432/1444/294
f 1435/1443/294 1434/1445/294 1432/1444/294
f 1435/1443/294 1432/1444/294 1436/1441/732
f 1434/1445/294 1440/1447/294 1433/1446/294
f 1434/1445/294 1396/1448/294 1440/1447/294
f 1396/1448/294 1395/1449/294 1440/1447/294
f 1431/1437/294 1438/1439/294 1441/1438/734
f 1431/1437/294 1441/1438/734 1430/1436/731
f 1444/351/293 1443/474/293 1442/1561/293
f 1455/221/294 1456/1566/294 1453/1561/294
f 1464/305/12 1463/306/3 1460/302/735
f 1463/306/3 1467/307/740 1460/302/735
f 1469/311/7 1468/312/741 1460/302/735
f 1468/312/741 1470/313/742 1460/302/735
f 1470/313/742 1478/314/749 1460/302/735
f 1478/314/749 1479/315/750 1460/302/735
f 1472/316/744 1483/323/754 1482/322/753
f 1472/316/744 1473/318/745 1471/317/743
f 1484/324/755 1486/331/757 1485/330/756
f 1484/324/755 1485/330/756 1501/329/771
f 1492/167/762 1502/337/772 1491/336/761
f 1492/167/762 1503/338/773 1502/337/772
f 1492/167/762 1504/169/774 1496/170/766
f 1492/167/762 1505/168/775 1504/169/774
f 1507/25/777 1508/165/778 1506/166/776
f 1507/25/777 1509/164/779 1508/165/778
f 1507/25/777 1510/163/780 1509/164/779
f 1507/25/777 1511/162/781 1510/163/780
f 1507/25/777 1512/161/782 1511/162/781
f 1507/25/777 1513/160/253 1512/161/782
f 1507/25/777 1514/24/783 1513/160/253
f 1507/25/777 1515/9/18 1514/24/783
f 1527/28/788 1529/30/37 1528/29/18
f 1535/13/791 1534/12/5 1515/9/18
f 1536/159/264 1535/13/791 1515/9/18
f 1538/101/792 1537/158/18 1539/157/18
f 1538/101/792 1539/157/18 1540/151/18
f 1532/15/8 1547/16/9 1515/9/18
f 1538/101/792 1541/153/18 1548/111/18
f 1550/93/63 1549/97/18 1551/96/18
f 1538/101/792 1540/151/18 1552/149/18
f 1550/93/63 1553/92/18 1555/89/59
f 1555/89/59 1559/90/18 1558/88/18
f 1564/82/18 1563/81/18 1557/80/793
f 1565/87/18 1562/86/18 1557/80/793
f 1563/81/18 1567/78/18 1557/80/793
f 1572/79/18 1571/67/18 1569/61/31
f 1574/65/18 1573/62/18 1569/61/31
f 1577/63/18 1576/64/18 1575/60/30
f 1581/77/18 1572/79/18 1569/61/31
f 1582/57/18 1583/68/18 1579/56/794
f 1583/68/18 1584/69/18 1579/56/794
f 1584/69/18 1585/70/18 1579/56/794
f 1586/71/18 1588/73/18 1587/72/795
f 1589/129/18 1591/130/18 1587/72/795
f 1588/73/18 1592/74/18 1587/72/795
f 1592/74/18 1593/75/18 1587/72/795
f 1591/130/18 1594/131/18 1587/72/795
f 1595/132/18 1597/134/18 1596/133/269
f 1598/135/796 1603/137/227 1602/136/272
f 1598/135/796 1604/138/273 1603/137/227
f 1598/135/796 1605/139/274 1604/138/273
f 1598/135/796 1606/140/23 1605/139/274
f 1598/135/796 1607/141/275 1606/140/23
f 1598/135/796 1608/142/276 1607/141/275
f 1598/135/796 1609/143/277 1608/142/276
f 1598/135/796 1610/144/278 1609/143/277
f 1598/135/796 1611/145/279 1610/144/278
f 1598/135/796 1599/146/280 1611/145/279
f 1612/98/68 1556/94/64 1613/99/797
f 1618/61/103 1615/62/214 1619/65/214
f 1617/60/113 1622/64/214 1616/63/214
f 1630/80/101 1625/78/214 1631/81/214
f 1630/80/101 1631/81/214 1632/82/214
f 1621/56/115 1633/68/214 1624/57/214
f 1621/56/115 1634/69/214 1633/68/214
f 1621/56/115 1635/70/214 1634/69/214
f 1637/72/124 1638/73/214 1636/71/214
f 1637/72/124 1641/130/214 1640/129/214
f 1637/72/124 1642/131/214 1641/130/214
f 1647/89/153 1645/88/214 1646/90/214
f 1637/72/124 1648/74/214 1638/73/214
f 1637/72/124 1649/75/214 1648/74/214
f 1651/133/133 1652/134/214 1650/132/214
f 1654/136/136 1655/137/137 1653/135/798
f 1655/137/137 1656/138/138 1653/135/798
f 1656/138/138 1657/139/139 1653/135/798
f 1657/139/139 1658/140/140 1653/135/798
f 1658/140/140 1659/141/141 1653/135/798
f 1659/141/141 1660/142/142 1653/135/798
f 1660/142/142 1661/143/143 1653/135/798
f 1661/143/143 1662/144/144 1653/135/798
f 1662/144/144 1663/145/145 1653/135/798
f 1663/145/145 1664/146/146 1653/135/798
f 1671/111/214 1669/153/214 1667/101/799
f 1674/96/214 1672/97/214 1673/93/800
f 1675/95/214 1674/96/214 1673/93/800
f 1681/157/214 1682/158/214 1667/101/799
f 1684/9/214 1685/13/801 1683/159/197
f 1684/9/214 1686/12/200 1685/13/801
f 1684/9/214 1687/14/201 1686/12/200
f 1684/9/214 1688/15/202 1687/14/201
f 1684/9/214 1689/16/203 1688/15/202
f 1684/9/214 1690/17/204 1689/16/203
f 1684/9/214 1691/18/205 1690/17/204
f 1684/9/214 1692/11/206 1691/18/205
f 1684/9/214 1693/10/207 1692/11/206
f 1684/9/214 1694/19/208 1693/10/207
f 1684/9/214 1695/20/209 1694/19/208
f 1684/9/214 1696/21/802 1695/20/209
f 1684/9/214 1697/22/211 1696/21/802
f 1707/165/808 1706/164/807 1700/25/803
f 1708/166/809 1707/165/808 1700/25/803
f 1715/29/214 1716/30/107 1714/28/814
f 1723/336/819 1722/337/818 1709/167/810
f 1722/337/818 1724/338/820 1709/167/810
f 1724/338/820 1725/339/821 1709/167/810
f 1726/171/822 1712/170/813 1709/167/810
f 1730/334/825 1729/335/425 1728/332/824
f 1731/333/826 1730/334/825 1728/332/824
f 1734/330/829 1732/331/827 1733/324/828
f 1737/322/832 1736/323/831 1735/316/830
f 1738/321/833 1737/322/832 1735/316/830
f 1739/320/834 1738/321/833 1735/316/830
f 1741/302/836 1746/311/201 1747/310/841
f 1741/302/836 1747/310/841 1748/309/125
f 1741/302/836 1753/306/207 1752/305/208
f 1741/302/836 1754/307/206 1753/306/207
f 1755/319/845 1739/320/834 1735/316/830
f 1718/32/214 1719/33/816 1717/31/815
f 1773/1579/295 1760/1568/295 1775/1581/295
f 1764/1568/1 1774/1580/1 1776/1582/1
f 1779/1585/295 1760/1568/295 1781/1587/295
f 1764/1568/1 1780/1586/1 1782/1588/1
f 1764/1568/580 1792/1591/1 1791/1589/1
f 1764/1568/580 1795/1581/852 1794/1579/852
f 1807/1601/295 1760/1568/295 1806/1595/295
f 1815/1604/864 1760/1568/295 1809/1603/860
f 1764/1568/580 1789/1595/1 1817/1601/1
f 1764/1568/580 1816/1603/1 1811/1604/1
f 1822/1592/866 1760/1568/295 1823/1590/867
f 1824/1582/868 1760/1568/869 1834/1580/878
f 1839/1608/293 1838/1607/293 1837/1606/293
f 1840/1609/293 1839/1608/293 1837/1606/293
f 1843/1612/293 1842/1611/293 1841/1610/293
f 1850/1619/293 1849/1618/293 1847/1616/293
f 1853/1622/293 1852/1621/293 1851/1620/293
f 1856/1625/293 1855/1624/293 1854/1623/293
f 1869/1638/293 1868/1637/293 1867/1636/293
f 1871/1640/293 1869/1638/293 1870/1639/293
f 1875/1643/293 1874/1642/293 1866/1635/293
f 1885/1653/293 1865/1634/293 1886/1654/293
f 1889/1657/293 1865/1634/293 1888/1656/293
f 1892/219/294 1891/217/294 1890/1658/294
f 1895/1607/294 1894/1608/294 1893/1606/294
f 1898/1661/294 1897/1660/294 1896/1659/294
f 1899/1662/294 1898/1661/294 1896/1659/294
f 1902/1665/294 1901/1664/294 1900/1663/294
f 1903/1666/294 1902/1665/294 1900/1663/294
f 1904/1667/294 1903/1666/294 1900/1663/294
f 1907/1642/294 1906/1643/294 1905/1635/294
f 1907/1642/294 1905/1635/294 1908/1656/294
f 1910/1657/294 1908/1656/294 1909/1634/294
f 1916/1638/294 1915/1636/294 1914/1637/294
f 1917/1640/294 1911/1639/294 1916/1638/294
f 1921/1671/294 1922/1672/294 1926/1675/294
f 1926/1675/294 1922/1672/294 1927/1676/294
f 1927/1676/294 1922/1672/294 1928/1677/294
f 1929/1654/294 1909/1634/294 1931/1653/294
f 1931/1653/294 1909/1634/294 1932/1652/294
f 1932/1652/294 1909/1634/294 1933/1651/294
f 1933/1651/294 1909/1634/294 1934/1650/294
f 1934/1650/294 1909/1634/294 1935/1633/294
f 1942/1632/294 1941/1645/294 1939/1644/294
f 1951/1624/294 1950/1625/294 1948/1623/294
f 1956/1621/294 1955/1622/294 1954/1620/294
f 1959/1618/294 1958/1619/294 1957/1616/294
f 1966/1611/294 1965/1612/294 1964/1610/294
f 1969/1681/294 1919/1669/294 1968/1680/294
f 1973/687/18 1972/686/18 1971/685/881
f 1978/692/18 1977/690/18 1976/691/442
f 1981/674/18 1980/673/18 1979/672/18
f 1984/174/18 1983/173/18 1982/172/18
f 1987/707/882 1986/705/18 1985/706/882
f 1992/710/18 1989/709/18 1988/708/18
f 1995/713/18 1994/712/18 1993/711/18
f 1997/724/887 2000/722/888 1999/723/18
f 2005/733/890 2004/731/889 2003/732/18
f 2008/742/892 2007/741/891 2006/740/18
f 2011/178/894 2010/180/893 2009/179/18
f 2014/177/896 2013/176/895 2012/175/18
f 2019/665/18 2018/663/18 2017/664/897
f 2022/208/18 2021/207/18 2020/209/18
f 2020/209/18 2021/207/18 2023/210/18
f 2026/202/18 2025/200/18 2024/201/18
f 2030/673/214 2029/674/214 2028/672/214
f 2035/663/214 2034/665/214 2033/664/214
f 2038/654/214 2037/656/214 2036/655/214
f 2039/201/214 2040/200/214 2042/202/214
f 2045/210/214 2044/207/214 2043/209/214
f 2043/209/214 2044/207/214 2046/208/214
f 2049/176/214 2048/177/214 2047/175/214
f 2052/180/214 2051/178/214 2050/179/214
f 2059/741/214 2058/742/214 2057/740/214
f 2062/731/214 2061/733/214 2060/732/214
f 2068/686/214 2067/687/214 2066/685/214
f 2074/711/214 2073/712/214 2072/713/214
f 2077/708/214 2076/709/214 2075/710/214
f 2080/706/214 2078/705/214 2079/707/214
f 2083/172/214 2082/173/214 2081/174/214
f 2095/254/18 2094/255/18 2093/256/18
f 2098/225/18 2097/224/18 2096/223/18
f 2096/223/18 2097/224/18 2099/226/18
f 2090/220/18 2085/218/18 2100/227/18
f 2104/231/18 2102/229/18 2105/232/18
f 2105/232/18 2102/229/18 2106/233/18
f 2110/237/18 2109/236/18 2108/235/18
f 2116/245/18 2115/275/18 2113/244/18
f 2117/239/18 2116/245/18 2113/244/18
f 2125/272/18 2124/271/18 2123/270/18
f 2134/257/18 2133/258/18 2132/259/18
f 2148/232/214 2142/229/214 2147/231/214
f 2149/233/214 2142/229/214 2148/232/214
f 2150/227/214 2144/218/214 2140/220/214
f 2154/226/214 2153/224/214 2152/223/214
f 2152/223/214 2153/224/214 2155/225/214
f 2158/256/214 2157/255/214 2156/254/214
f 2161/259/214 2160/258/214 2159/257/214
f 2167/267/214 2166/266/214 2164/264/214
f 2178/271/214 2177/272/214 2176/270/214
f 2183/240/214 2181/241/214 2182/238/214
f 2187/275/214 2186/245/214 2185/244/214
f 2190/235/214 2189/236/214 2188/237/214
f 2194/281/18 2193/280/18 2192/279/18
f 2201/288/18 2200/287/18 2199/286/18
f 2205/279/214 2204/280/214 2203/281/214
f 2209/288/214 2208/286/214 2207/287/214
f 2216/351/295 2215/217/295 2214/352/295
f 2214/352/295 2217/352/295 2216/351/295
f 2237/1692/293 2239/1693/293 2238/221/293
f 2240/1694/293 2238/221/293 2243/217/293
f 2248/221/294 2249/1693/294 2250/1692/294
f 2255/217/294 2248/221/294 2254/1694/294
f 2261/1701/293 2258/351/293 2262/1702/293
f 2261/1701/293 2262/1702/293 2263/1703/293
f 2266/1706/293 2267/1707/293 2268/221/293
f 2274/1706/294 2271/221/294 2275/1707/294
f 2274/1706/294 2275/1707/294 2276/1703/294
f 2279/1701/294 2280/1702/294 2281/351/294
f 2287/1692/293 2290/1693/293 2288/221/293
f 2289/1694/293 2288/221/293 2293/217/293
f 2298/221/294 2299/1693/294 2300/1692/294
f 2305/217/294 2298/221/294 2304/1694/294
f 2341/1743/293 2342/1744/293 2333/1735/293
f 2342/1744/293 2343/1745/293 2333/1735/293
f 2351/1753/293 2352/1754/293 2348/1750/293
f 2356/1758/293 2357/1759/293 2353/1755/293
f 2359/1761/293 2360/1762/293 2358/1760/293
f 2364/1766/293 2365/675/293 2363/1765/293
f 2368/1769/293 2370/1771/293 2369/1770/293
f 2371/1772/293 2373/1774/293 2372/1773/293
f 2374/1775/293 2376/1777/293 2375/1776/293
f 2377/1778/293 2379/1780/293 2378/1779/293
f 2379/1780/293 2380/1781/293 2378/1779/293
f 2381/1782/293 2383/1784/293 2382/1783/293
f 2383/1784/293 2384/1785/293 2382/1783/293
f 2384/1785/293 2385/1786/293 2382/1783/293
f 2386/1787/293 2388/1789/293 2387/1788/293
f 2388/1789/293 2389/1790/293 2387/1788/293
f 2389/1790/293 2390/1791/293 2387/1788/293
f 2391/1792/293 2396/1797/293 2397/1798/293
f 2402/1803/293 2404/1805/293 2403/1804/293
f 2404/1805/293 2406/1807/293 2403/1804/293
f 2408/1809/293 2409/1810/293 2406/1807/293
f 2408/1809/293 2410/1811/293 2409/1810/293
f 2410/1811/293 2411/1812/293 2409/1810/293
f 2410/1811/293 2412/1813/293 2411/1812/293
f 2412/1813/293 2413/1814/293 2411/1812/293
f 2412/1813/293 2414/1815/293 2413/1814/293
f 2414/1815/293 2416/1817/293 2413/1814/293
f 2418/1819/293 2419/1820/293 2416/1817/293
f 2418/1819/293 2420/1821/293 2419/1820/293
f 2405/1806/293 2424/1825/293 2425/1826/293
f 2429/1830/293 2430/1831/293 2426/1827/293
f 2445/1846/294 2443/1844/294 2444/1845/294
f 2450/1851/294 2448/1849/294 2449/1850/294
f 2450/1851/294 2449/1850/294 2451/1852/294
f 2452/1853/294 2450/1851/294 2451/1852/294
f 2452/1853/294 2451/1852/294 2453/1854/294
f 2454/1855/294 2457/1858/294 2458/1859/294
f 2454/1855/294 2458/1859/294 2459/1860/294
f 2461/1862/294 2466/1867/294 2467/1868/294
f 2469/1870/294 2468/1869/294 2455/1856/294
f 2470/1871/294 2469/1870/294 2455/1856/294
f 2471/1872/294 2473/1874/294 2474/1875/294
f 2471/1872/294 2474/1875/294 2475/1876/294
f 2477/1878/294 2478/1879/294 2479/1880/294
f 2482/1883/294 2481/1882/294 2472/1873/294
f 2483/1884/294 2484/1885/294 2485/1886/294
f 2487/1888/294 2488/1889/294 2489/1890/294
f 2486/1887/294 2493/1894/294 2492/1893/294
f 2498/1899/294 2497/1898/294 2496/1897/294
f 2502/1903/294 2501/1902/294 2503/1904/294
f 2505/1906/294 2504/1905/294 2506/1907/294
f 2505/1906/294 2506/1907/294 2507/1908/294
f 2505/1906/294 2507/1908/294 2508/1909/294
f 2510/1911/294 2509/1910/294 2511/1912/294
f 2510/1911/294 2511/1912/294 2512/1913/294
f 2510/1911/294 2512/1913/294 2513/1914/294
f 2515/1916/294 2514/1915/294 2516/1917/294
f 2515/1916/294 2516/1917/294 2517/1918/294
f 2515/1916/294 2517/1918/294 2518/1919/294
f 2515/1916/294 2518/1919/294 2519/1920/294
f 2523/1924/294 2522/1923/294 2524/1925/294
f 2525/1926/294 2523/1924/294 2524/1925/294
f 2533/1934/294 2527/1928/294 2526/1927/294
f 2533/1934/294 2526/1927/294 2539/1940/294
f 2541/1942/294 2539/1940/294 2542/1943/294
f 2543/1944/294 2541/1942/294 2542/1943/294
f 2543/1944/294 2542/1943/294 2544/1945/294
f 2545/1946/294 2543/1944/294 2544/1945/294
f 2545/1946/294 2544/1945/294 2546/1947/294
f 2547/1948/294 2545/1946/294 2546/1947/294
f 2547/1948/294 2546/1947/294 2548/1949/294
f 2549/1950/294 2547/1948/294 2548/1949/294
f 2549/1950/294 2548/1949/294 2550/1951/294
f 2551/1952/294 2549/1950/294 2550/1951/294
f 2557/1692/293 2559/1693/293 2558/221/293
f 2562/1694/293 2558/221/293 2563/217/293
f 2568/221/294 2569/1693/294 2570/1692/294
f 2575/217/294 2568/221/294 2574/1694/294
f 2578/1955/293 2582/1959/293 2581/1958/293
f 2583/1960/293 2580/1957/293 2581/1958/293
f 1349/1484/294 2598/1487/294 1350/1485/294
f 2598/1487/294 2599/1488/294 1350/1485/294
f 2598/1487/294 2600/1489/294 2599/1488/294
f 2600/1489/294 1420/1490/294 2599/1488/294
f 2600/1489/294 1419/1491/294 1420/1490/294
f 2603/291/18 2602/290/18 2601/221/18
f 2601/221/18 2604/292/18 2603/291/18
f 2608/295/18 2607/294/18 2609/296/18
f 2610/297/18 2608/295/18 2609/296/18
f 2615/292/214 2614/293/214 2613/217/214
f 2613/217/214 2616/291/214 2615/292/214
f 2620/294/214 2619/295/214 2621/297/214
f 2622/296/214 2620/294/214 2621/297/214
f 2629/37/51 2631/39/901 2630/38/24
f 2631/39/901 2632/40/902 2630/38/24
f 2631/39/901 2633/41/903 2632/40/902
f 2633/41/903 2634/42/904 2632/40/902
f 2633/41/903 2635/43/905 2634/42/904
f 2635/43/905 2636/44/906 2634/42/904
f 2638/46/908 2641/49/911 2640/48/910
f 2641/49/911 2642/50/912 2640/48/910
f 2641/49/911 2643/51/913 2642/50/912
f 2643/51/913 2644/52/914 2642/50/912
f 2643/51/913 2645/53/915 2644/52/914
f 2663/113/83 2664/110/80 2662/114/776
f 2666/109/79 2665/108/929 2664/110/80
f 2666/109/79 2667/107/930 2665/108/929
f 2667/107/930 2668/106/931 2665/108/929
f 2667/107/930 2669/105/932 2668/106/931
f 2669/105/932 2670/104/74 2668/106/931
f 2671/102/72 1614/100/70 2672/103/73
f 2678/99/933 2676/94/154 2677/98/155
f 2681/103/159 2679/100/157 2680/102/158
f 2688/110/166 2686/108/164 2687/109/165
f 2691/114/169 2688/110/166 2690/113/168
f 2691/114/169 2690/113/168 2692/115/170
f 2693/116/171 2691/114/169 2692/115/170
f 2693/116/171 2692/115/170 2694/117/172
f 2695/118/173 2693/116/171 2694/117/172
f 2695/118/173 2694/117/172 2696/119/174
f 2697/120/175 2695/118/173 2696/119/174
f 2697/120/175 2696/119/174 2698/121/176
f 2699/122/177 2697/120/175 2698/121/176
f 2699/122/177 2698/121/176 2700/123/178
f 2701/124/179 2699/122/177 2700/123/178
f 2701/124/179 2700/123/178 2702/125/180
f 2703/126/181 2701/124/179 2702/125/180
f 1630/80/101 1632/82/214 2708/83/214
f 2710/329/935 1734/330/829 1733/324/828
f 2711/328/936 2710/329/935 1733/324/828
f 2713/327/938 2711/328/936 1733/324/828
f 2714/36/939 2716/38/220 2715/37/940
f 2716/38/220 2717/39/941 2715/37/940
f 2716/38/220 2718/40/942 2717/39/941
f 2718/40/942 2719/41/943 2717/39/941
f 2718/40/942 2720/42/944 2719/41/943
f 2720/42/944 2721/43/945 2719/41/943
f 2720/42/944 2722/44/946 2721/43/945
f 2726/48/950 2727/49/951 2724/46/948
f 2726/48/950 2728/50/952 2727/49/951
f 2728/50/952 2729/51/953 2727/49/951
f 2728/50/952 2730/52/954 2729/51/953
f 2730/52/954 2731/53/955 2729/51/953
f 2/1967/1 3/1965/1 673/1966/1
f 1/352/1 2/351/1 675/217/1
f 5/352/1 1/351/1 677/217/1
f 7/352/1 5/351/1 679/217/1
f 8/352/1 7/351/1 681/217/1
f 6/352/1 8/351/1 683/217/1
f 4/352/1 6/351/1 685/217/1
f 3/352/1 4/351/1 672/217/1
f 3160/2409/1047 3150/2408/1042 1868/1637/1049
f 3171/1658/1079 3131/217/1080 3172/219/631
f 3170/1660/1077 3169/1661/1075 3174/1659/1082
f 3169/1661/1075 3168/1662/1073 3174/1659/1082
f 3130/221/293 3131/217/1080 3174/1659/1082
f 3201/1674/1079 3130/221/293 3174/1659/1082
f 3130/221/293 3201/1674/1079 3200/1673/1131
f 3167/1664/1071 3166/1665/1069 3173/1663/1081
f 3166/1665/1069 3165/1666/1067 3173/1663/1081
f 3165/1666/1067 3164/1667/1065 3173/1663/1081
f 3198/1675/1127 3132/1672/1000 3199/1671/1129
f 3197/1676/1125 3132/1672/1000 3198/1675/1127
f 3196/1677/1123 3132/1672/1000 3197/1676/1125
f 3194/1680/1119 3133/1669/999 3195/1681/1121
f 3193/1670/1117 3133/1669/999 3194/1680/1119
f 3192/1668/1115 3133/1669/999 3193/1670/1117
f 3136/2414/1005 3134/2413/1003 3190/2412/1113
f 1845/1614/293 1843/1612/293 1841/1610/293
f 1848/1617/293 1846/1615/293 1844/1613/293
f 1859/1628/293 1857/1626/293 1858/1627/293
f 1862/1631/293 1860/1629/293 1861/1630/293
f 1870/1639/293 1869/1638/293 1867/1636/293
f 1875/1643/293 1866/1635/293 3175/2411/293
f 3162/2410/293 1875/1643/293 3175/2411/293
f 1877/1645/293 1863/1632/293 1876/1644/293
f 1880/1648/293 1878/1646/293 1879/1647/293
f 3150/2408/1042 1865/1634/1040 1889/1657/1058
f 1874/1642/293 1888/1656/293 1866/1635/293
f 3150/2408/293 3160/2409/293 3158/2423/293
f 3152/2424/293 3150/2408/293 3158/2423/293
f 1891/217/294 1924/221/294 1896/1659/294
f 3176/2411/294 1905/1635/294 1906/1643/294
f 3163/2410/294 3176/2411/294 1906/1643/294
f 1910/1657/294 1909/1634/294 3151/2408/294
f 1915/1636/294 1916/1638/294 1911/1639/294
f 3161/2409/294 1914/1637/294 3151/2408/294
f 3159/2423/294 3161/2409/294 3151/2408/294
f 3153/2424/294 3159/2423/294 3151/2408/294
f 1940/1646/294 1938/1648/294 1936/1647/294
f 1946/1629/294 1944/1631/294 1943/1630/294
f 1949/1626/294 1947/1628/294 1945/1627/294
f 1962/1615/294 1960/1617/294 1961/1613/294
f 1965/1612/294 1963/1614/294 1964/1610/294
f 1894/1608/294 1967/1609/294 1893/1606/294
f 3135/2413/294 3137/2414/294 3191/2412/294
f 3316/656/18 3315/654/18 3325/655/1434
f 2021/207/18 2022/208/18 2027/199/18
f 2046/208/214 2044/207/214 2041/199/214
f 3261/722/214 2065/724/214 3379/723/214
f 3242/692/214 3398/691/214 2070/690/214
f 2091/221/18 2092/222/18 2107/234/18
f 3408/1261/18 2112/253/18 2111/252/18
f 2121/241/18 2119/240/18 2118/238/18
f 2130/250/18 2128/248/18 2129/249/18
f 2136/269/18 2131/251/18 2135/268/18
f 3430/261/18 3428/262/18 3431/260/18
f 2088/266/18 2137/267/18 2087/264/18
f 2138/222/214 2139/221/214 2151/234/214
f 3429/262/214 2163/261/214 2162/260/214
f 2171/251/214 2169/269/214 2168/268/214
f 2174/248/214 2172/250/214 2170/249/214
f 2186/245/214 2184/239/214 2185/244/214
f 3407/253/214 3409/1261/214 3454/252/214
f 2196/283/18 2199/286/18 2195/282/18
f 2212/283/214 2210/282/214 2208/286/214
f 3509/1279/987 3518/2812/1552 3513/2811/1556
f 3510/1280/1154 3521/2815/1555 3519/2813/1557
f 3573/1279/987 3580/2812/1552 3582/2811/1565
f 3574/1280/1154 3585/2815/18 3583/2813/18
f 3601/1279/293 3605/2812/293 3606/2811/293
f 3602/1280/293 3610/2815/293 3608/2813/293
f 3629/1279/18 3633/2812/18 3634/2811/18
f 3630/1280/18 3638/2815/18 3636/2813/18
f 3657/1279/18 3661/2812/18 3662/2811/18
f 3658/1280/18 3666/2815/18 3664/2813/18
f 3562/1280/1154 3738/2815/1555 3743/2813/1557
f 3561/1279/987 3745/2812/1552 3744/2811/1556
f 3550/1280/1154 3754/2815/1555 3759/2813/1557
f 3549/1279/987 3761/2812/1552 3760/2811/1556
f 3538/1280/1563 3770/2815/1561 3775/2813/1571
f 3537/1279/1562 3777/2812/1558 3776/2811/1572
f 1179/1429/704 1178/1428/703 1177/1427/702
f 1177/1427/702 1182/1432/707 1179/1429/704
f 1180/1430/705 1182/1432/707 1181/1431/706
f 1181/1431/706 1183/1433/705 1180/1430/705
f 1183/1433/705 1181/1431/706 1184/1434/706
f 1184/1434/706 1185/1435/293 1183/1433/705
f 1185/1435/293 1184/1434/706 1186/1436/708
f 1186/1436/708 1187/1437/293 1185/1435/293
f 1187/1437/293 1186/1436/708 1188/1438/708
f 1188/1438/708 1189/1439/293 1187/1437/293
f 1189/1439/293 1188/1438/708 1190/1440/709
f 1190/1440/709 1191/1441/710 1189/1439/293
f 1193/1443/293 1192/1442/293 1189/1439/293
f 1189/1439/293 1191/1441/710 1193/1443/293
f 1193/1443/293 1191/1441/710 1194/1444/293
f 1194/1444/293 1195/1445/293 1193/1443/293
f 1204/1454/293 1202/1452/293 1203/1453/293
f 1203/1453/293 1205/1455/293 1204/1454/293
f 1211/1461/293 1210/1460/293 1209/1459/293
f 1209/1459/293 1202/1452/293 1211/1461/293
f 1218/1468/293 1211/1461/293 1219/1469/293
f 1219/1469/293 1220/1470/293 1218/1468/293
f 1219/1469/293 1211/1461/293 1221/1471/293
f 1221/1471/293 1223/1473/293 1219/1469/293
f 1223/1473/293 1221/1471/293 1224/1474/293
f 1224/1474/293 1236/1486/293 1223/1473/293
f 1222/1472/293 1219/1469/293 1225/1475/711
f 1225/1475/711 1226/1476/293 1222/1472/293
f 1227/1477/293 1226/1476/293 1225/1475/711
f 1225/1475/711 1228/1478/293 1227/1477/293
f 1230/1480/293 1225/1475/711 1231/1481/712
f 1231/1481/712 1232/1482/293 1230/1480/293
f 1224/1474/293 1235/1485/293 1234/1484/293
f 1234/1484/293 1236/1486/293 1224/1474/293
f 1243/1493/293 1231/1481/712 1242/1492/713
f 1242/1492/713 1244/1494/293 1243/1493/293
f 1247/1497/714 1248/1498/293 1246/1496/293
f 1246/1496/293 1242/1492/713 1247/1497/714
f 1249/1499/293 1247/1497/714 1250/1500/293
f 1250/1500/293 1251/1501/293 1249/1499/293
f 1252/1502/293 1251/1501/293 1250/1500/293
f 1250/1500/293 1253/1503/715 1252/1502/293
f 1255/1505/293 1252/1502/293 1254/1504/715
f 1254/1504/715 1256/1506/716 1255/1505/293
f 1257/1507/293 1255/1505/293 1256/1506/716
f 1256/1506/716 1258/1508/717 1257/1507/293
f 1260/1510/293 1259/1509/293 1258/1508/717
f 1258/1508/717 1261/1511/293 1260/1510/293
f 1265/1515/293 1264/1514/293 1261/1511/293
f 1261/1511/293 1266/1516/293 1265/1515/293
f 1270/1520/293 1269/1519/293 1266/1516/293
f 1266/1516/293 1271/1521/293 1270/1520/293
f 1276/1526/293 1275/1525/293 1271/1521/293
f 1271/1521/293 1277/1527/293 1276/1526/293
f 1280/1530/293 1278/1528/293 1277/1527/293
f 1277/1527/293 1279/1529/293 1280/1530/293
f 1282/1532/293 1281/1531/293 1280/1530/293
f 1280/1530/293 1279/1529/293 1282/1532/293
f 1283/1533/293 1279/1529/293 1284/1534/293
f 1284/1534/293 1285/1535/293 1283/1533/293
f 1287/1537/293 1286/1536/293 1285/1535/293
f 1285/1535/293 1284/1534/293 1287/1537/293
f 1289/1539/293 1288/1538/293 1287/1537/293
f 1287/1537/293 1284/1534/293 1289/1539/293
f 1290/1540/293 1284/1534/293 1291/1541/293
f 1291/1541/293 1292/1542/293 1290/1540/293
f 1294/1544/293 1293/1543/293 1292/1542/293
f 1292/1542/293 1291/1541/293 1294/1544/293
f 1296/1546/293 1295/1545/293 1294/1544/293
f 1294/1544/293 1291/1541/293 1296/1546/293
f 1297/1547/293 1279/1529/293 1277/1527/293
f 1277/1527/293 1298/1548/293 1297/1547/293
f 1199/1449/293 1297/1547/293 1298/1548/293
f 1298/1548/293 1198/1448/293 1199/1449/293
f 1301/1551/293 1300/1550/293 1299/1549/293
f 1299/1549/293 1302/1552/293 1301/1551/293
f 1303/1553/293 1301/1551/293 1302/1552/293
f 1302/1552/293 1304/1554/293 1303/1553/293
f 1305/1555/293 1303/1553/293 1304/1554/293
f 1304/1554/293 1306/1556/293 1305/1555/293
f 1307/1557/293 1305/1555/293 1306/1556/293
f 1306/1556/293 1308/1558/293 1307/1557/293
f 1309/1559/293 1307/1557/293 1308/1558/293
f 1308/1558/293 1310/1560/293 1309/1559/293
f 1310/1560/293 1308/1558/293 1241/1491/293
f 1241/1491/293 1240/1490/293 1310/1560/293
f 1313/1506/718 1312/1505/294 1311/1507/294
f 1311/1507/294 1364/1508/724 1313/1506/718
f 1315/1504/719 1314/1502/294 1312/1505/294
f 1312/1505/294 1313/1506/718 1315/1504/719
f 1314/1502/294 1316/1503/719 1317/1500/294
f 1317/1500/294 1318/1501/294 1314/1502/294
f 1320/1497/720 1319/1499/294 1318/1501/294
f 1318/1501/294 1317/1500/294 1320/1497/720
f 1324/1492/721 1322/1496/294 1321/1498/294
f 1321/1498/294 1320/1497/720 1324/1492/721
f 1327/1481/722 1326/1493/294 1325/1494/294
f 1325/1494/294 1324/1492/721 1327/1481/722
f 1331/1475/723 1330/1480/294 1329/1482/294
f 1329/1482/294 1327/1481/722 1331/1475/723
f 1337/1469/294 1336/1472/294 1335/1476/294
f 1335/1476/294 1331/1475/723 1337/1469/294
f 1341/1473/294 1340/1471/294 1339/1461/294
f 1339/1461/294 1337/1469/294 1341/1473/294
f 1348/1486/294 1342/1474/294 1340/1471/294
f 1340/1471/294 1341/1473/294 1348/1486/294
f 1342/1474/294 1348/1486/294 1349/1484/294
f 1349/1484/294 1350/1485/294 1342/1474/294
f 1337/1469/294 1339/1461/294 1353/1468/294
f 1353/1468/294 1338/1470/294 1337/1469/294
f 1344/1460/294 1339/1461/294 1354/1452/294
f 1354/1452/294 1355/1459/294 1344/1460/294
f 1356/1451/294 1355/1459/294 1354/1452/294
f 1354/1452/294 1357/1450/294 1356/1451/294
f 1359/1454/294 1360/1455/294 1358/1453/294
f 1358/1453/294 1354/1452/294 1359/1454/294
f 1361/1458/294 1360/1455/294 1359/1454/294
f 1359/1454/294 1362/1457/294 1361/1458/294
f 1364/1508/724 1365/1509/294 1366/1510/294
f 1366/1510/294 1367/1511/294 1364/1508/724
f 1367/1511/294 1370/1514/294 1371/1515/294
f 1371/1515/294 1372/1516/294 1367/1511/294
f 1372/1516/294 1375/1519/294 1376/1520/294
f 1376/1520/294 1377/1521/294 1372/1516/294
f 1377/1521/294 1381/1525/294 1382/1526/294
f 1382/1526/294 1383/1527/294 1377/1521/294
f 1385/1529/294 1383/1527/294 1384/1528/294
f 1384/1528/294 1397/1530/294 1385/1529/294
f 1383/1527/294 1385/1529/294 1386/1547/294
f 1386/1547/294 1394/1548/294 1383/1527/294
f 1390/1535/294 1387/1534/294 1385/1529/294
f 1385/1529/294 1388/1533/294 1390/1535/294
f 1387/1534/294 1390/1535/294 1391/1536/294
f 1391/1536/294 1399/1537/294 1387/1534/294
f 1394/1548/294 1386/1547/294 1395/1449/294
f 1395/1449/294 1396/1448/294 1394/1548/294
f 1385/1529/294 1397/1530/294 1398/1531/294
f 1398/1531/294 1389/1532/294 1385/1529/294
f 1402/1542/294 1401/1541/294 1387/1534/294
f 1387/1534/294 1400/1540/294 1402/1542/294
f 1401/1541/294 1402/1542/294 1403/1543/294
f 1403/1543/294 1404/1544/294 1401/1541/294
f 1401/1541/294 1404/1544/294 1405/1545/294
f 1405/1545/294 1406/1546/294 1401/1541/294
f 1409/1549/294 1408/1550/294 1407/1551/294
f 1407/1551/294 1410/1552/294 1409/1549/294
f 1410/1552/294 1407/1551/294 1411/1553/294
f 1411/1553/294 1412/1554/294 1410/1552/294
f 1412/1554/294 1411/1553/294 1413/1555/294
f 1413/1555/294 1414/1556/294 1412/1554/294
f 1414/1556/294 1413/1555/294 1415/1557/294
f 1415/1557/294 1416/1558/294 1414/1556/294
f 1416/1558/294 1415/1557/294 1417/1559/294
f 1417/1559/294 1418/1560/294 1416/1558/294
f 1419/1491/294 1416/1558/294 1418/1560/294
f 1418/1560/294 1420/1490/294 1419/1491/294
f 1423/1427/727 1422/1428/726 1421/1429/725
f 1421/1429/725 1424/1432/728 1423/1427/727
f 1428/1433/730 1425/1431/729 1424/1432/728
f 1424/1432/728 1426/1430/730 1428/1433/730
f 1429/1435/294 1427/1434/729 1425/1431/729
f 1425/1431/729 1428/1433/730 1429/1435/294
f 1431/1437/294 1430/1436/731 1427/1434/729
f 1427/1434/729 1429/1435/294 1431/1437/294
f 1437/1442/294 1435/1443/294 1436/1441/732
f 1436/1441/732 1438/1439/294 1437/1442/294
f 1438/1439/294 1436/1441/732 1439/1440/733
f 1439/1440/733 1441/1438/734 1438/1439/294
f 1445/1562/293 1446/1563/293 1444/351/293
f 1444/351/293 1442/1561/293 1445/1562/293
f 1446/1563/293 1445/1562/293 1447/1564/293
f 1447/1564/293 1448/1565/293 1446/1563/293
f 1449/221/293 1445/1562/293 1442/1561/293
f 1442/1561/293 1450/1566/293 1449/221/293
f 1453/1561/294 1452/474/294 1451/351/294
f 1451/351/294 1454/1563/294 1453/1561/294
f 1455/221/294 1453/1561/294 1454/1563/294
f 1454/1563/294 1457/1562/294 1455/221/294
f 1457/1562/294 1454/1563/294 1458/1565/294
f 1458/1565/294 1459/1564/294 1457/1562/294
f 1460/302/735 1462/303/737 1461/304/736
f 1461/304/736 1464/305/12 1460/302/735
f 1460/302/735 1466/301/739 1465/300/738
f 1465/300/738 1462/303/737 1460/302/735
f 1472/316/744 1471/317/743 1460/302/735
f 1460/302/735 1479/315/750 1472/316/744
f 1480/320/751 1474/319/746 1473/318/745
f 1473/318/745 1472/316/744 1480/320/751
f 1460/302/735 1467/307/740 1475/308/747
f 1475/308/747 1476/309/43 1460/302/735
f 1460/302/735 1476/309/43 1477/310/748
f 1477/310/748 1469/311/7 1460/302/735
f 1482/322/753 1481/321/752 1480/320/751
f 1480/320/751 1472/316/744 1482/322/753
f 1483/323/754 1472/316/744 1484/324/755
f 1484/324/755 1497/325/767 1483/323/754
f 1486/331/757 1484/324/755 1487/332/758
f 1487/332/758 1488/333/759 1486/331/757
f 1490/335/422 1489/334/760 1488/333/759
f 1488/333/759 1487/332/758 1490/335/422
f 1492/167/762 1491/336/761 1490/335/422
f 1490/335/422 1487/332/758 1492/167/762
f 1492/167/762 1494/340/764 1493/339/763
f 1493/339/763 1503/338/773 1492/167/762
f 1492/167/762 1496/170/766 1495/171/765
f 1495/171/765 1494/340/764 1492/167/762
f 1499/327/769 1498/326/768 1497/325/767
f 1497/325/767 1484/324/755 1499/327/769
f 1501/329/771 1500/328/770 1499/327/769
f 1499/327/769 1484/324/755 1501/329/771
f 1507/25/777 1506/166/776 1505/168/775
f 1505/168/775 1492/167/762 1507/25/777
f 1516/23/16 1514/24/783 1515/9/18
f 1515/9/18 1518/22/15 1516/23/16
f 1526/27/787 1517/26/18 1515/9/18
f 1515/9/18 1507/25/777 1526/27/787
f 1519/21/784 1518/22/15 1515/9/18
f 1515/9/18 1520/20/13 1519/21/784
f 1521/19/785 1520/20/13 1515/9/18
f 1515/9/18 1522/10/3 1521/19/785
f 1523/11/4 1522/10/3 1515/9/18
f 1515/9/18 1524/18/11 1523/11/4
f 1525/17/786 1524/18/11 1515/9/18
f 1515/9/18 1547/16/9 1525/17/786
f 1517/26/18 1526/27/787 1527/28/788
f 1527/28/788 1528/29/18 1517/26/18
f 1528/29/18 1529/30/37 1530/31/789
f 1530/31/789 1531/32/18 1528/29/18
f 1533/14/790 1532/15/8 1515/9/18
f 1515/9/18 1534/12/5 1533/14/790
f 1536/159/264 1515/9/18 1537/158/18
f 1537/158/18 1538/101/792 1536/159/264
f 1543/154/18 1542/152/18 1541/153/18
f 1541/153/18 1538/101/792 1543/154/18
f 1545/156/18 1544/155/18 1543/154/18
f 1543/154/18 1538/101/792 1545/156/18
f 1552/149/18 1546/150/18 1545/156/18
f 1545/156/18 1538/101/792 1552/149/18
f 1538/101/792 1548/111/18 1549/97/18
f 1549/97/18 1550/93/63 1538/101/792
f 1551/96/18 1554/95/18 1553/92/18
f 1553/92/18 1550/93/63 1551/96/18
f 1550/93/63 1555/89/59 1556/94/64
f 1556/94/64 1612/98/68 1550/93/63
f 1565/87/18 1557/80/793 1555/89/59
f 1555/89/59 1558/88/18 1565/87/18
f 1553/92/18 1560/91/18 1559/90/18
f 1559/90/18 1555/89/59 1553/92/18
f 1557/80/793 1562/86/18 1561/85/18
f 1561/85/18 1566/84/18 1557/80/793
f 1557/80/793 1566/84/18 1568/83/18
f 1568/83/18 1564/82/18 1557/80/793
f 1581/77/18 1569/61/31 1557/80/793
f 1557/80/793 1567/78/18 1581/77/18
f 1569/61/31 1571/67/18 1570/66/18
f 1570/66/18 1574/65/18 1569/61/31
f 1577/63/18 1575/60/30 1569/61/31
f 1569/61/31 1573/62/18 1577/63/18
f 1575/60/30 1576/64/18 1578/59/18
f 1578/59/18 1579/56/794 1575/60/30
f 1579/56/794 1578/59/18 1580/58/18
f 1580/58/18 1582/57/18 1579/56/794
f 1579/56/794 1585/70/18 1586/71/18
f 1586/71/18 1587/72/795 1579/56/794
f 1590/76/18 1589/129/18 1587/72/795
f 1587/72/795 1593/75/18 1590/76/18
f 1587/72/795 1594/131/18 1595/132/18
f 1595/132/18 1596/133/269 1587/72/795
f 1596/133/269 1597/134/18 1598/135/796
f 1598/135/796 1602/136/272 1596/133/269
f 1601/148/282 1600/147/281 1599/146/280
f 1599/146/280 1598/135/796 1601/148/282
f 1612/98/68 1613/99/797 1614/100/70
f 1614/100/70 2671/102/72 1612/98/68
f 1617/60/113 1616/63/214 1615/62/214
f 1615/62/214 1618/61/103 1617/60/113
f 1617/60/113 1621/56/115 1620/59/214
f 1620/59/214 1622/64/214 1617/60/113
f 1624/57/214 1623/58/214 1620/59/214
f 1620/59/214 1621/56/115 1624/57/214
f 1618/61/103 1626/77/214 1625/78/214
f 1625/78/214 1630/80/101 1618/61/103
f 1628/67/214 1627/79/214 1626/77/214
f 1626/77/214 1618/61/103 1628/67/214
f 1619/65/214 1629/66/214 1628/67/214
f 1628/67/214 1618/61/103 1619/65/214
f 1637/72/124 1636/71/214 1635/70/214
f 1635/70/214 1621/56/115 1637/72/124
f 1637/72/124 1640/129/214 1639/76/214
f 1639/76/214 1649/75/214 1637/72/124
f 2706/85/214 1644/86/214 1643/87/214
f 1643/87/214 1630/80/101 2706/85/214
f 1630/80/101 1643/87/214 1645/88/214
f 1645/88/214 1647/89/153 1630/80/101
f 1651/133/133 1650/132/214 1642/131/214
f 1642/131/214 1637/72/124 1651/133/133
f 1654/136/136 1653/135/798 1652/134/214
f 1652/134/214 1651/133/133 1654/136/136
f 1653/135/798 1664/146/146 1665/147/147
f 1665/147/147 1666/148/148 1653/135/798
f 1667/101/799 1669/153/214 1668/152/214
f 1668/152/214 1670/154/214 1667/101/799
f 1672/97/214 1671/111/214 1667/101/799
f 1667/101/799 1673/93/800 1672/97/214
f 1667/101/799 1670/154/214 1676/155/214
f 1676/155/214 1677/156/214 1667/101/799
f 1667/101/799 1677/156/214 1678/150/214
f 1678/150/214 1679/149/214 1667/101/799
f 1667/101/799 1679/149/214 1680/151/214
f 1680/151/214 1681/157/214 1667/101/799
f 1684/9/214 1683/159/197 1667/101/799
f 1667/101/799 1682/158/214 1684/9/214
f 1699/24/213 1698/23/212 1697/22/211
f 1697/22/211 1684/9/214 1699/24/213
f 1699/24/213 1684/9/214 1700/25/803
f 1700/25/803 1702/160/215 1699/24/213
f 1700/25/803 1684/9/214 1701/26/214
f 1701/26/214 1713/27/583 1700/25/803
f 1703/161/804 1702/160/215 1700/25/803
f 1700/25/803 1704/162/805 1703/161/804
f 1705/163/806 1704/162/805 1700/25/803
f 1700/25/803 1706/164/807 1705/163/806
f 1708/166/809 1700/25/803 1709/167/810
f 1709/167/810 1710/168/811 1708/166/809
f 1711/169/812 1710/168/811 1709/167/810
f 1709/167/810 1712/170/813 1711/169/812
f 1715/29/214 1714/28/814 1713/27/583
f 1713/27/583 1701/26/214 1715/29/214
f 1718/32/214 1717/31/815 1716/30/107
f 1716/30/107 1715/29/214 1718/32/214
f 1719/33/816 1718/32/214 1720/34/214
f 1720/34/214 1721/35/817 1719/33/816
f 1727/340/823 1726/171/822 1709/167/810
f 1709/167/810 1725/339/821 1727/340/823
f 1723/336/819 1709/167/810 1728/332/824
f 1728/332/824 1729/335/425 1723/336/819
f 1732/331/827 1731/333/826 1728/332/824
f 1728/332/824 1733/324/828 1732/331/827
f 2709/325/934 1733/324/828 1735/316/830
f 1735/316/830 1736/323/831 2709/325/934
f 1741/302/836 1740/317/835 1735/316/830
f 1735/316/830 1742/315/837 1741/302/836
f 1741/302/836 1742/315/837 1743/314/838
f 1743/314/838 1744/313/839 1741/302/836
f 1741/302/836 1744/313/839 1745/312/840
f 1745/312/840 1746/311/201 1741/302/836
f 1752/305/208 1750/304/843 1749/303/842
f 1749/303/842 1741/302/836 1752/305/208
f 1735/316/830 1740/317/835 1751/318/844
f 1751/318/844 1755/319/845 1735/316/830
f 1757/300/847 1756/301/846 1741/302/836
f 1741/302/836 1749/303/842 1757/300/847
f 1748/309/125 1758/308/848 1754/307/206
f 1754/307/206 1741/302/836 1748/309/125
f 1759/1567/295 1761/675/295 1760/1568/295
f 1760/1568/295 1765/1571/295 1759/1567/295
f 1764/1568/1 1763/1570/1 1762/1569/1
f 1762/1569/1 1766/1572/1 1764/1568/1
f 1767/1573/295 1765/1571/295 1760/1568/295
f 1760/1568/295 1769/1575/295 1767/1573/295
f 1764/1568/1 1766/1572/1 1768/1574/1
f 1768/1574/1 1770/1576/1 1764/1568/1
f 1771/1577/295 1769/1575/295 1760/1568/295
f 1760/1568/295 1773/1579/295 1771/1577/295
f 1764/1568/1 1770/1576/1 1772/1578/1
f 1772/1578/1 1774/1580/1 1764/1568/1
f 1777/1583/295 1775/1581/295 1760/1568/295
f 1760/1568/295 1779/1585/295 1777/1583/295
f 1764/1568/1 1776/1582/1 1778/1584/1
f 1778/1584/1 1780/1586/1 1764/1568/1
f 1783/1589/295 1781/1587/295 1760/1568/295
f 1760/1568/295 1785/1591/295 1783/1589/295
f 1764/1568/580 1782/1588/1 1784/1590/849
f 1784/1590/849 1786/1592/850 1764/1568/580
f 1811/1604/1 1788/1594/1 1787/1593/1
f 1787/1593/1 1764/1568/580 1811/1604/1
f 1804/1605/858 1790/1596/851 1789/1595/1
f 1789/1595/1 1764/1568/580 1804/1605/858
f 1764/1568/580 1791/1589/1 1793/1587/1
f 1793/1587/1 1800/1585/1 1764/1568/580
f 1764/1568/580 1797/1575/854 1796/1573/853
f 1796/1573/853 1798/1571/855 1764/1568/580
f 1764/1568/580 1800/1585/1 1799/1583/1
f 1799/1583/1 1795/1581/852 1764/1568/580
f 1764/1568/580 1787/1593/1 1801/1279/856
f 1801/1279/856 1804/1605/858 1764/1568/580
f 1801/1279/856 1803/1598/293 1802/1597/857
f 1802/1597/857 1804/1599/858 1801/1279/856
f 1805/1600/295 1785/1591/295 1760/1568/295
f 1760/1568/295 1807/1601/295 1805/1600/295
f 1808/1602/859 1809/1603/860 1760/1568/295
f 1760/1568/295 1822/1592/866 1808/1602/859
f 1764/1568/580 1786/1592/850 1810/1602/861
f 1810/1602/861 1816/1603/1 1764/1568/580
f 1817/1601/1 1812/1600/1 1792/1591/1
f 1792/1591/1 1764/1568/580 1817/1601/1
f 1764/1568/580 1794/1579/852 1813/1577/862
f 1813/1577/862 1797/1575/854 1764/1568/580
f 1764/1568/580 1798/1571/855 1814/1567/863
f 1814/1567/863 1836/675/880 1764/1568/580
f 1818/1596/295 1806/1595/295 1760/1568/295
f 1760/1568/295 1819/1605/295 1818/1596/295
f 1820/1594/865 1821/1593/295 1760/1568/295
f 1760/1568/295 1815/1604/864 1820/1594/865
f 1833/1586/295 1760/1568/869 1824/1582/868
f 1824/1582/868 1825/1584/870 1833/1586/295
f 1834/1580/878 1760/1568/869 1826/1576/871
f 1826/1576/871 1827/1578/872 1834/1580/878
f 1828/1574/873 1826/1576/871 1760/1568/869
f 1760/1568/869 1835/1572/879 1828/1574/873
f 1835/1572/879 1760/1568/869 1829/1570/874
f 1829/1570/874 1830/1569/875 1835/1572/879
f 1831/1279/295 1819/1605/295 1760/1568/295
f 1760/1568/295 1821/1593/295 1831/1279/295
f 1832/1588/876 1823/1590/867 1760/1568/295
f 1760/1568/295 1833/1586/877 1832/1588/876
f 1763/221/294 1764/221/580 1760/221/869
f 1760/221/869 1761/221/294 1763/221/294
f 1836/221/880 1829/221/874 1760/221/869
f 1760/221/869 1764/221/580 1836/221/880
f 1842/1611/293 1840/1609/293 1837/1606/293
f 1837/1606/293 1841/1610/293 1842/1611/293
f 1844/1613/293 1846/1615/293 1845/1614/293
f 1845/1614/293 1841/1610/293 1844/1613/293
f 1847/1616/293 1849/1618/293 1848/1617/293
f 1848/1617/293 1844/1613/293 1847/1616/293
f 1857/1626/293 1856/1625/293 1854/1623/293
f 1854/1623/293 1858/1627/293 1857/1626/293
f 1860/1629/293 1859/1628/293 1858/1627/293
f 1858/1627/293 1861/1630/293 1860/1629/293
f 1863/1632/293 1862/1631/293 1861/1630/293
f 1861/1630/293 1876/1644/293 1863/1632/293
f 1888/1656/293 1865/1634/293 1864/1633/293
f 1864/1633/293 1866/1635/293 1888/1656/293
f 1872/1018/293 1873/1641/293 1870/1639/293
f 1870/1639/293 1867/1636/293 1872/1018/293
f 1878/1646/293 1877/1645/293 1876/1644/293
f 1876/1644/293 1879/1647/293 1878/1646/293
f 1881/1649/293 1880/1648/293 1879/1647/293
f 1879/1647/293 3181/2426/293 1881/1649/293
f 1882/1650/293 1864/1633/293 1865/1634/293
f 1865/1634/293 1883/1651/293 1882/1650/293
f 1884/1652/293 1883/1651/293 1865/1634/293
f 1865/1634/293 1885/1653/293 1884/1652/293
f 1887/1655/293 1886/1654/293 1865/1634/293
f 1865/1634/293 3148/2421/293 1887/1655/293
f 1896/1659/294 1897/1660/294 1890/1658/294
f 1890/1658/294 1891/217/294 1896/1659/294
f 1935/1633/294 1909/1634/294 1908/1656/294
f 1908/1656/294 1905/1635/294 1935/1633/294
f 1911/1639/294 1913/1641/294 1912/1018/294
f 1912/1018/294 1915/1636/294 1911/1639/294
f 1968/1680/294 1919/1669/294 1918/1668/294
f 1918/1668/294 1920/1670/294 1968/1680/294
f 1924/221/294 1922/1672/294 1921/1671/294
f 1921/1671/294 1923/1673/294 1924/221/294
f 1896/1659/294 1924/221/294 1923/1673/294
f 1923/1673/294 1925/1674/294 1896/1659/294
f 3149/2421/294 1909/1634/294 1929/1654/294
f 1929/1654/294 1930/1655/294 3149/2421/294
f 1936/1647/294 1938/1648/294 1937/1649/294
f 1937/1649/294 3182/2426/294 1936/1647/294
f 1939/1644/294 1941/1645/294 1940/1646/294
f 1940/1646/294 1936/1647/294 1939/1644/294
f 1944/1631/294 1942/1632/294 1939/1644/294
f 1939/1644/294 1943/1630/294 1944/1631/294
f 1945/1627/294 1947/1628/294 1946/1629/294
f 1946/1629/294 1943/1630/294 1945/1627/294
f 1948/1623/294 1950/1625/294 1949/1626/294
f 1949/1626/294 1945/1627/294 1948/1623/294
f 1952/1678/294 1951/1624/294 1948/1623/294
f 1948/1623/294 1953/1679/294 1952/1678/294
f 1953/1679/294 1954/1620/294 1955/1622/294
f 1955/1622/294 1952/1678/294 1953/1679/294
f 1960/1617/294 1959/1618/294 1957/1616/294
f 1957/1616/294 1961/1613/294 1960/1617/294
f 1963/1614/294 1962/1615/294 1961/1613/294
f 1961/1613/294 1964/1610/294 1963/1614/294
f 1967/1609/294 1966/1611/294 1964/1610/294
f 1964/1610/294 1893/1606/294 1967/1609/294
f 1922/1672/294 1919/1669/294 1969/1681/294
f 1969/1681/294 1928/1677/294 1922/1672/294
f 1970/1682/294 1895/1607/294 1893/1606/294
f 1893/1606/294 3187/2417/294 1970/1682/294
f 1973/687/18 1971/685/881 1974/688/444
f 1974/688/444 1975/689/18 1973/687/18
f 1975/689/18 1974/688/444 1976/691/442
f 1976/691/442 1977/690/18 1975/689/18
f 1986/705/18 1987/707/18 1988/708/18
f 1988/708/18 1989/709/18 1986/705/18
f 1986/705/18 1991/703/18 1990/704/18
f 1990/704/18 1985/706/18 1986/705/18
f 1989/709/885 1992/710/884 1993/711/883
f 1993/711/883 1994/712/886 1989/709/885
f 1996/725/18 1998/726/43 1997/724/887
f 1997/724/887 1999/723/18 1996/725/18
f 2001/721/18 1999/723/18 2000/722/18
f 2000/722/18 2002/720/18 2001/721/18
f 2014/177/18 2012/175/18 2015/183/18
f 2015/183/18 2016/184/18 2014/177/18
f 2027/199/18 2024/201/18 2025/200/18
f 2025/200/18 2021/207/18 2027/199/18
f 2031/670/214 2030/673/214 2028/672/214
f 2028/672/214 2032/671/214 2031/670/214
f 2044/207/214 2040/200/214 2039/201/214
f 2039/201/214 2041/199/214 2044/207/214
f 2053/181/214 2052/180/214 2050/179/214
f 2050/179/214 2054/182/214 2053/181/214
f 2055/747/214 2053/181/214 2054/182/214
f 2054/182/214 2056/748/214 2055/747/214
f 2065/724/214 2064/726/214 2063/725/214
f 2063/725/214 3379/723/214 2065/724/214
f 2069/688/214 2071/689/214 2070/690/214
f 2070/690/214 3398/691/214 2069/688/214
f 2069/688/214 2066/685/214 2067/687/214
f 2067/687/214 2071/689/214 2069/688/214
f 2078/705/214 2076/709/214 2077/708/214
f 2077/708/214 2079/707/214 2078/705/214
f 2084/217/18 2086/219/18 2085/218/18
f 2085/218/18 2091/221/18 2084/217/18
f 2089/265/18 2088/266/18 2087/264/18
f 2087/264/18 3432/263/18 2089/265/18
f 2090/220/18 2092/222/18 2091/221/18
f 2091/221/18 2085/218/18 2090/220/18
f 2101/228/18 2103/230/18 2102/229/18
f 2102/229/18 2104/231/18 2101/228/18
f 2107/234/18 2106/233/18 2102/229/18
f 2102/229/18 2091/221/18 2107/234/18
f 2109/236/18 2110/237/18 2111/252/18
f 2111/252/18 2112/253/18 2109/236/18
f 2113/244/18 2115/275/18 2114/277/18
f 2114/277/18 3448/276/18 2113/244/18
f 2119/240/18 2117/239/18 2113/244/18
f 2113/244/18 2118/238/18 2119/240/18
f 2120/242/18 2122/243/18 2121/241/18
f 2121/241/18 2118/238/18 2120/242/18
f 2128/248/18 2127/247/18 2126/246/18
f 2126/246/18 2129/249/18 2128/248/18
f 2131/251/18 2130/250/18 2129/249/18
f 2129/249/18 2135/268/18 2131/251/18
f 2137/267/18 2136/269/18 2135/268/18
f 2135/268/18 2087/264/18 2137/267/18
f 2144/218/214 2139/221/214 2138/222/214
f 2138/222/214 2140/220/214 2144/218/214
f 2147/231/214 2142/229/214 2141/230/214
f 2141/230/214 2143/228/214 2147/231/214
f 2144/218/214 2146/219/214 2145/217/214
f 2145/217/214 2139/221/214 2144/218/214
f 2139/221/214 2142/229/214 2149/233/214
f 2149/233/214 2151/234/214 2139/221/214
f 2157/255/214 2158/256/214 2159/257/214
f 2159/257/214 2160/258/214 2157/255/214
f 2160/258/214 2161/259/214 2162/260/214
f 2162/260/214 2163/261/214 2160/258/214
f 2164/264/214 2166/266/214 2165/265/214
f 2165/265/214 3433/263/214 2164/264/214
f 2169/269/214 2167/267/214 2164/264/214
f 2164/264/214 2168/268/214 2169/269/214
f 2170/249/214 2172/250/214 2171/251/214
f 2171/251/214 2168/268/214 2170/249/214
f 2173/246/214 2175/247/214 2174/248/214
f 2174/248/214 2170/249/214 2173/246/214
f 2179/243/214 2178/271/214 2176/270/214
f 2176/270/214 2180/242/214 2179/243/214
f 2181/241/214 2179/243/214 2180/242/214
f 2180/242/214 2182/238/214 2181/241/214
f 2184/239/214 2183/240/214 2182/238/214
f 2182/238/214 2185/244/214 2184/239/214
f 2191/277/214 2187/275/214 2185/244/214
f 2185/244/214 3449/276/214 2191/277/214
f 2197/284/18 2196/283/18 2195/282/18
f 2195/282/18 2194/281/18 2197/284/18
f 2198/285/18 2193/280/18 2194/281/18
f 2194/281/18 2195/282/18 2198/285/18
f 2199/286/18 2200/287/18 2202/289/18
f 2202/289/18 2195/282/18 2199/286/18
f 2203/281/214 2204/280/214 2206/285/214
f 2206/285/214 2210/282/214 2203/281/214
f 2210/282/214 2212/283/214 2211/284/214
f 2211/284/214 2203/281/214 2210/282/214
f 2213/289/214 2207/287/214 2208/286/214
f 2208/286/214 2210/282/214 2213/289/214
f 2217/352/295 2214/352/295 2218/351/295
f 2218/351/295 2219/351/295 2217/352/295
f 2219/351/295 2218/351/295 2220/217/295
f 2220/217/295 2221/352/295 2219/351/295
f 2224/420/1 2223/929/1 2222/928/1
f 2222/928/1 2225/1683/1 2224/420/1
f 2227/419/1 2226/1684/1 2225/1683/1
f 2225/1683/1 2222/928/1 2227/419/1
f 2225/1683/1 2226/1684/1 2228/1685/1
f 2228/1685/1 2229/1686/1 2225/1683/1
f 2230/221/1 2229/1686/1 2228/1685/1
f 2228/1685/1 2231/1687/1 2230/221/1
f 2229/1686/1 2230/221/1 2232/217/1
f 2232/217/1 2233/1688/1 2229/1686/1
f 2236/1691/293 2235/1690/293 2234/1689/293
f 2234/1689/293 2237/1692/293 2236/1691/293
f 2236/1691/293 2237/1692/293 2238/221/293
f 2238/221/293 2240/1694/293 2236/1691/293
f 2242/1696/293 2241/1695/293 2238/221/293
f 2238/221/293 2239/1693/293 2242/1696/293
f 2240/1694/293 2243/217/293 2244/1697/293
f 2244/1697/293 2245/1698/293 2240/1694/293
f 2248/221/294 2247/1695/294 2246/1696/294
f 2246/1696/294 2249/1693/294 2248/221/294
f 2248/221/294 2250/1692/294 2251/1691/294
f 2251/1691/294 2254/1694/294 2248/221/294
f 2253/1689/294 2252/1690/294 2251/1691/294
f 2251/1691/294 2250/1692/294 2253/1689/294
f 2257/1698/294 2256/1697/294 2255/217/294
f 2255/217/294 2254/1694/294 2257/1698/294
f 2260/1700/293 2259/1699/293 2258/351/293
f 2258/351/293 2261/1701/293 2260/1700/293
f 2261/1701/293 2263/1703/293 2264/1704/293
f 2264/1704/293 2265/1705/293 2261/1701/293
f 2266/1706/293 2264/1704/293 2263/1703/293
f 2263/1703/293 2267/1707/293 2266/1706/293
f 2266/1706/293 2268/221/293 2269/1708/293
f 2269/1708/293 2270/1709/293 2266/1706/293
f 2273/1709/294 2272/1708/294 2271/221/294
f 2271/221/294 2274/1706/294 2273/1709/294
f 2274/1706/294 2276/1703/294 2277/1705/294
f 2277/1705/294 2278/1704/294 2274/1706/294
f 2279/1701/294 2277/1705/294 2276/1703/294
f 2276/1703/294 2280/1702/294 2279/1701/294
f 2279/1701/294 2281/351/294 2282/1699/294
f 2282/1699/294 2283/1700/294 2279/1701/294
f 2286/1691/293 2285/1690/293 2284/1689/293
f 2284/1689/293 2287/1692/293 2286/1691/293
f 2286/1691/293 2287/1692/293 2288/221/293
f 2288/221/293 2289/1694/293 2286/1691/293
f 2292/1696/293 2291/1695/293 2288/221/293
f 2288/221/293 2290/1693/293 2292/1696/293
f 2294/1698/293 2289/1694/293 2293/217/293
f 2293/217/293 2295/1697/293 2294/1698/293
f 2298/221/294 2297/1695/294 2296/1696/294
f 2296/1696/294 2299/1693/294 2298/221/294
f 2298/221/294 2300/1692/294 2301/1691/294
f 2301/1691/294 2304/1694/294 2298/221/294
f 2303/1689/294 2302/1690/294 2301/1691/294
f 2301/1691/294 2300/1692/294 2303/1689/294
f 2307/1698/294 2306/1697/294 2305/217/294
f 2305/217/294 2304/1694/294 2307/1698/294
f 2310/1712/293 2309/1711/293 2308/1710/293
f 2308/1710/293 2311/1713/293 2310/1712/293
f 2313/1715/293 2312/1714/293 2310/1712/293
f 2310/1712/293 2311/1713/293 2313/1715/293
f 2315/1717/293 2314/1716/293 2312/1714/293
f 2312/1714/293 2313/1715/293 2315/1717/293
f 2317/1719/293 2316/1718/293 2314/1716/293
f 2314/1716/293 2315/1717/293 2317/1719/293
f 2319/1721/293 2318/1720/293 2316/1718/293
f 2316/1718/293 2317/1719/293 2319/1721/293
f 2321/1723/293 2320/1722/293 2318/1720/293
f 2318/1720/293 2319/1721/293 2321/1723/293
f 2323/1725/293 2322/1724/293 2320/1722/293
f 2320/1722/293 2321/1723/293 2323/1725/293
f 2323/1725/293 2321/1723/293 2324/1726/293
f 2324/1726/293 2325/1727/293 2323/1725/293
f 2327/1729/293 2326/1728/293 2325/1727/293
f 2325/1727/293 2324/1726/293 2327/1729/293
f 2329/1731/293 2328/1730/293 2326/1728/293
f 2326/1728/293 2327/1729/293 2329/1731/293
f 2331/1733/293 2330/1732/293 2328/1730/293
f 2328/1730/293 2329/1731/293 2331/1733/293
f 2334/1736/293 2332/1734/293 2327/1729/293
f 2327/1729/293 2324/1726/293 2334/1736/293
f 2335/1737/293 2333/1735/293 2330/1732/293
f 2330/1732/293 2331/1733/293 2335/1737/293
f 2338/1740/293 2336/1738/293 2334/1736/293
f 2334/1736/293 2324/1726/293 2338/1740/293
f 2333/1735/293 2335/1737/293 2337/1739/293
f 2337/1739/293 2341/1743/293 2333/1735/293
f 2340/1742/293 2339/1741/293 2338/1740/293
f 2338/1740/293 2324/1726/293 2340/1742/293
f 2340/1742/293 2324/1726/293 2344/1746/293
f 2344/1746/293 2345/1747/293 2340/1742/293
f 2347/1749/293 2346/1748/293 2345/1747/293
f 2345/1747/293 2344/1746/293 2347/1749/293
f 2349/1751/293 2348/1750/293 2333/1735/293
f 2333/1735/293 2343/1745/293 2349/1751/293
f 2348/1750/293 2349/1751/293 2350/1752/293
f 2350/1752/293 2351/1753/293 2348/1750/293
f 2354/1756/293 2353/1755/293 2348/1750/293
f 2348/1750/293 2352/1754/293 2354/1756/293
f 2353/1755/293 2354/1756/293 2355/1757/293
f 2355/1757/293 2356/1758/293 2353/1755/293
f 2359/1761/293 2358/1760/293 2353/1755/293
f 2353/1755/293 2357/1759/293 2359/1761/293
f 2362/1764/293 2361/1763/293 2358/1760/293
f 2358/1760/293 2360/1762/293 2362/1764/293
f 2364/1766/293 2363/1765/293 2361/1763/293
f 2361/1763/293 2362/1764/293 2364/1766/293
f 2367/1768/293 2366/1767/293 2365/675/293
f 2365/675/293 2364/1766/293 2367/1768/293
f 2366/1767/293 2367/1768/293 2368/1769/293
f 2368/1769/293 2369/1770/293 2366/1767/293
f 2369/1770/293 2370/1771/293 2371/1772/293
f 2371/1772/293 2372/1773/293 2369/1770/293
f 2372/1773/293 2373/1774/293 2374/1775/293
f 2374/1775/293 2375/1776/293 2372/1773/293
f 2375/1776/293 2376/1777/293 2377/1778/293
f 2377/1778/293 2378/1779/293 2375/1776/293
f 2378/1779/293 2380/1781/293 2381/1782/293
f 2381/1782/293 2382/1783/293 2378/1779/293
f 2382/1783/293 2385/1786/293 2386/1787/293
f 2386/1787/293 2387/1788/293 2382/1783/293
f 2392/1793/293 2391/1792/293 2387/1788/293
f 2387/1788/293 2390/1791/293 2392/1793/293
f 2391/1792/293 2392/1793/293 2393/1794/293
f 2393/1794/293 2394/1795/293 2391/1792/293
f 2391/1792/293 2394/1795/293 2395/1796/293
f 2395/1796/293 2396/1797/293 2391/1792/293
f 2387/1788/293 2391/1792/293 2398/1799/293
f 2398/1799/293 2399/1800/293 2387/1788/293
f 2399/1800/293 2398/1799/293 2400/1801/293
f 2400/1801/293 2401/1802/293 2399/1800/293
f 2401/1802/293 2400/1801/293 2402/1803/293
f 2402/1803/293 2403/1804/293 2401/1802/293
f 2405/1806/293 2391/1792/293 2397/1798/293
f 2397/1798/293 2415/1816/293 2405/1806/293
f 2406/1807/293 2404/1805/293 2407/1808/293
f 2407/1808/293 2408/1809/293 2406/1807/293
f 2416/1817/293 2414/1815/293 2417/1818/293
f 2417/1818/293 2418/1819/293 2416/1817/293
f 2422/1823/293 2421/1822/293 2419/1820/293
f 2419/1820/293 2420/1821/293 2422/1823/293
f 2405/1806/293 2415/1816/293 2423/1824/293
f 2423/1824/293 2424/1825/293 2405/1806/293
f 2426/1827/293 2405/1806/293 2425/1826/293
f 2425/1826/293 2427/1828/293 2426/1827/293
f 2426/1827/293 2427/1828/293 2428/1829/293
f 2428/1829/293 2429/1830/293 2426/1827/293
f 2433/1834/294 2432/1833/294 2431/1832/294
f 2431/1832/294 2434/1835/294 2433/1834/294
f 2434/1835/294 2431/1832/294 2435/1836/294
f 2435/1836/294 2436/1837/294 2434/1835/294
f 2436/1837/294 2435/1836/294 2437/1838/294
f 2437/1838/294 2438/1839/294 2436/1837/294
f 2439/1840/294 2436/1837/294 2438/1839/294
f 2438/1839/294 2440/1841/294 2439/1840/294
f 2441/1842/294 2439/1840/294 2440/1841/294
f 2440/1841/294 2442/1843/294 2441/1842/294
f 2443/1844/294 2441/1842/294 2442/1843/294
f 2442/1843/294 2444/1845/294 2443/1844/294
f 2445/1846/294 2444/1845/294 2446/1847/294
f 2446/1847/294 2447/1848/294 2445/1846/294
f 2448/1849/294 2445/1846/294 2447/1848/294
f 2447/1848/294 2449/1850/294 2448/1849/294
f 2454/1855/294 2452/1853/294 2453/1854/294
f 2453/1854/294 2455/1856/294 2454/1855/294
f 2454/1855/294 2455/1856/294 2456/1857/294
f 2456/1857/294 2457/1858/294 2454/1855/294
f 2460/1861/294 2456/1857/294 2455/1856/294
f 2455/1856/294 2462/1863/294 2460/1861/294
f 2461/1862/294 2454/1855/294 2459/1860/294
f 2459/1860/294 2463/1864/294 2461/1862/294
f 2464/1865/294 2462/1863/294 2455/1856/294
f 2455/1856/294 2468/1869/294 2464/1865/294
f 2461/1862/294 2463/1864/294 2465/1866/294
f 2465/1866/294 2466/1867/294 2461/1862/294
f 2471/1872/294 2461/1862/294 2467/1868/294
f 2467/1868/294 2473/1874/294 2471/1872/294
f 2470/1871/294 2455/1856/294 2472/1873/294
f 2472/1873/294 2476/1877/294 2470/1871/294
f 2477/1878/294 2471/1872/294 2475/1876/294
f 2475/1876/294 2478/1879/294 2477/1878/294
f 2480/1881/294 2476/1877/294 2472/1873/294
f 2472/1873/294 2481/1882/294 2480/1881/294
f 2483/1884/294 2477/1878/294 2479/1880/294
f 2479/1880/294 2484/1885/294 2483/1884/294
f 2482/1883/294 2472/1873/294 2486/1887/294
f 2486/1887/294 2490/1891/294 2482/1883/294
f 2487/1888/294 2483/1884/294 2485/1886/294
f 2485/1886/294 2488/1889/294 2487/1888/294
f 2491/1892/294 2490/1891/294 2486/1887/294
f 2486/1887/294 2492/1893/294 2491/1892/294
f 2494/1895/294 2487/1888/294 2489/1890/294
f 2489/1890/294 2495/1896/294 2494/1895/294
f 2494/1895/294 2495/1896/294 2496/1897/294
f 2496/1897/294 2497/1898/294 2494/1895/294
f 2498/1899/294 2496/1897/294 2499/1900/294
f 2499/1900/294 2500/1901/294 2498/1899/294
f 2500/1901/294 2499/1900/294 2501/1902/294
f 2501/1902/294 2502/1903/294 2500/1901/294
f 2502/1903/294 2503/1904/294 2504/1905/294
f 2504/1905/294 2505/1906/294 2502/1903/294
f 2505/1906/294 2508/1909/294 2509/1910/294
f 2509/1910/294 2510/1911/294 2505/1906/294
f 2510/1911/294 2513/1914/294 2514/1915/294
f 2514/1915/294 2515/1916/294 2510/1911/294
f 2515/1916/294 2519/1920/294 2520/1921/294
f 2520/1921/294 2521/1922/294 2515/1916/294
f 2521/1922/294 2520/1921/294 2522/1923/294
f 2522/1923/294 2523/1924/294 2521/1922/294
f 2525/1926/294 2524/1925/294 2526/1927/294
f 2526/1927/294 2527/1928/294 2525/1926/294
f 2526/1927/294 2524/1925/294 2528/1929/294
f 2528/1929/294 2529/1930/294 2526/1927/294
f 2526/1927/294 2529/1930/294 2530/1931/294
f 2530/1931/294 2531/1932/294 2526/1927/294
f 2526/1927/294 2531/1932/294 2532/1933/294
f 2532/1933/294 2534/1935/294 2526/1927/294
f 2536/1937/294 2535/1936/294 2526/1927/294
f 2526/1927/294 2534/1935/294 2536/1937/294
f 2538/1939/294 2537/1938/294 2535/1936/294
f 2535/1936/294 2536/1937/294 2538/1939/294
f 2540/1941/294 2533/1934/294 2539/1940/294
f 2539/1940/294 2541/1942/294 2540/1941/294
f 2551/1952/294 2550/1951/294 2552/1953/294
f 2552/1953/294 2553/1954/294 2551/1952/294
f 2556/1691/293 2555/1690/293 2554/1689/293
f 2554/1689/293 2557/1692/293 2556/1691/293
f 2556/1691/293 2557/1692/293 2558/221/293
f 2558/221/293 2562/1694/293 2556/1691/293
f 2558/221/293 2559/1693/293 2560/1696/293
f 2560/1696/293 2561/1695/293 2558/221/293
f 2564/1698/293 2562/1694/293 2563/217/293
f 2563/217/293 2565/1697/293 2564/1698/293
f 2568/221/294 2567/1695/294 2566/1696/294
f 2566/1696/294 2569/1693/294 2568/221/294
f 2568/221/294 2570/1692/294 2571/1691/294
f 2571/1691/294 2574/1694/294 2568/221/294
f 2573/1689/294 2572/1690/294 2571/1691/294
f 2571/1691/294 2570/1692/294 2573/1689/294
f 2577/1698/294 2576/1697/294 2575/217/294
f 2575/217/294 2574/1694/294 2577/1698/294
f 2580/1957/293 2579/1956/293 2578/1955/293
f 2578/1955/293 2581/1958/293 2580/1957/293
f 2583/1960/293 2581/1958/293 2584/1961/293
f 2584/1961/293 2585/221/293 2583/1960/293
f 2583/1960/293 2585/221/293 2586/217/293
f 2586/217/293 2587/1962/293 2583/1960/293
f 2590/1962/294 2589/217/294 2588/221/294
f 2588/221/294 2591/1960/294 2590/1962/294
f 2591/1960/294 2588/221/294 2592/1961/294
f 2592/1961/294 2593/1958/294 2591/1960/294
f 2591/1960/294 2593/1958/294 2594/1956/294
f 2594/1956/294 2595/1957/294 2591/1960/294
f 2596/1955/294 2594/1956/294 2593/1958/294
f 2593/1958/294 2597/1959/294 2596/1955/294
f 2606/217/18 2605/293/18 2604/292/18
f 2604/292/18 2601/221/18 2606/217/18
f 2603/291/18 2604/292/18 2607/294/18
f 2607/294/18 2608/295/18 2603/291/18
f 2610/297/18 2609/296/18 2611/298/18
f 2611/298/18 2612/299/18 2610/297/18
f 2618/221/214 2617/290/214 2616/291/214
f 2616/291/214 2613/217/214 2618/221/214
f 2615/292/214 2616/291/214 2619/295/214
f 2619/295/214 2620/294/214 2615/292/214
f 2622/296/214 2621/297/214 2623/299/214
f 2623/299/214 2624/298/214 2622/296/214
f 1531/32/18 1530/31/789 2625/33/898
f 2625/33/898 2626/34/18 1531/32/18
f 2626/34/18 2625/33/898 2627/35/899
f 2627/35/899 2628/36/900 2626/34/18
f 2628/36/900 2627/35/899 2629/37/51
f 2629/37/51 2630/38/24 2628/36/900
f 2636/44/906 2635/43/905 2637/45/907
f 2637/45/907 2638/46/908 2636/44/906
f 2640/48/910 2639/47/909 2636/44/906
f 2636/44/906 2638/46/908 2640/48/910
f 2647/55/917 2646/54/916 2644/52/914
f 2644/52/914 2645/53/915 2647/55/917
f 2650/126/96 2649/128/98 2648/127/97
f 2648/127/97 2651/125/918 2650/126/96
f 2653/123/920 2652/124/919 2650/126/96
f 2650/126/96 2651/125/918 2653/123/920
f 2655/121/922 2654/122/921 2652/124/919
f 2652/124/919 2653/123/920 2655/121/922
f 2657/119/924 2656/120/923 2654/122/921
f 2654/122/921 2655/121/922 2657/119/924
f 2659/117/926 2658/118/925 2656/120/923
f 2656/120/923 2657/119/924 2659/117/926
f 2661/115/928 2660/116/927 2658/118/925
f 2658/118/925 2659/117/926 2661/115/928
f 2663/113/83 2662/114/776 2660/116/927
f 2660/116/927 2661/115/928 2663/113/83
f 2670/104/74 2669/105/932 2671/102/72
f 2671/102/72 2672/103/73 2670/104/74
f 2664/110/80 2663/113/83 2673/112/82
f 2673/112/82 2666/109/79 2664/110/80
f 1647/89/153 1646/90/214 2674/91/214
f 2674/91/214 2675/92/214 1647/89/153
f 1673/93/800 1647/89/153 2675/92/214
f 2675/92/214 1675/95/214 1673/93/800
f 2676/94/154 1647/89/153 1673/93/800
f 1673/93/800 2677/98/155 2676/94/154
f 2679/100/157 2678/99/933 2677/98/155
f 2677/98/155 2680/102/158 2679/100/157
f 2682/104/160 2681/103/159 2680/102/158
f 2680/102/158 2683/105/161 2682/104/160
f 2684/106/162 2682/104/160 2683/105/161
f 2683/105/161 2685/107/163 2684/106/162
f 2686/108/164 2684/106/162 2685/107/163
f 2685/107/163 2687/109/165 2686/108/164
f 2688/110/166 2687/109/165 2689/112/167
f 2689/112/167 2690/113/168 2688/110/166
f 2703/126/181 2702/125/180 2704/127/182
f 2704/127/182 2705/128/183 2703/126/181
f 2708/83/214 2707/84/214 2706/85/214
f 2706/85/214 1630/80/101 2708/83/214
f 1733/324/828 2709/325/934 2712/326/937
f 2712/326/937 2713/327/938 1733/324/828
f 1721/35/817 1720/34/214 2714/36/939
f 2714/36/939 2715/37/940 1721/35/817
f 2724/46/948 2723/45/947 2721/43/945
f 2721/43/945 2722/44/946 2724/46/948
f 2724/46/948 2722/44/946 2725/47/949
f 2725/47/949 2726/48/950 2724/46/948
f 2731/53/955 2730/52/954 2732/54/956
f 2732/54/956 2733/55/957 2731/53/955
f 2736/342/18 2735/341/18 2734/221/18
f 2734/221/18 2737/343/18 2736/342/18
f 2739/345/18 2738/344/18 2737/343/18
f 2737/343/18 2734/221/18 2739/345/18
f 2741/347/18 2740/346/18 2737/343/18
f 2737/343/18 2738/344/18 2741/347/18
f 2744/343/214 2743/346/214 2742/347/214
f 2742/347/214 2745/344/214 2744/343/214
f 2746/221/214 2744/343/214 2745/344/214
f 2745/344/214 2747/345/214 2746/221/214
f 2744/343/214 2746/221/214 2748/341/214
f 2748/341/214 2749/342/214 2744/343/214
f 2752/348/18 2751/290/18 2750/221/18
f 2750/221/18 2753/217/18 2752/348/18
f 2752/348/18 2753/217/18 2754/349/18
f 2754/349/18 2755/350/18 2752/348/18
f 2758/350/214 2757/349/214 2756/217/214
f 2756/217/214 2759/348/214 2758/350/214
f 2761/221/214 2760/290/214 2759/348/214
f 2759/348/214 2756/217/214 2761/221/214
f 2762/1964/214 2215/1963/214 2216/1052/214
f 2216/1052/214 2763/1051/214 2762/1964/214
f 2764/1964/294 2217/1963/294 2219/1052/294
f 2219/1052/294 2765/1051/294 2764/1964/294
f 2766/1964/18 2221/1963/18 2220/1052/18
f 2220/1052/18 2767/1051/18 2766/1964/18
f 2768/1964/293 2218/1963/293 2214/1052/293
f 2214/1052/293 2769/1051/293 2768/1964/293
f 2214/1968/677 2215/1963/677 2762/1964/677
f 2762/1964/677 2769/1969/677 2214/1968/677
f 2216/1968/641 2217/1963/641 2764/1964/641
f 2764/1964/641 2763/1969/641 2216/1968/641
f 2219/1968/695 2221/1963/695 2766/1964/695
f 2766/1964/695 2765/1969/695 2219/1968/695
f 2220/1968/694 2218/1963/694 2768/1964/694
f 2768/1964/694 2767/1969/694 2220/1968/694
f 2770/1970/1 2762/1964/1 2763/1051/1
f 2763/1051/1 2771/1971/1 2770/1970/1
f 2771/1971/1 2763/1051/1 2764/217/1
f 2764/217/1 2772/352/1 2771/1971/1
f 2772/351/1 2764/221/1 2765/217/1
f 2765/217/1 2773/352/1 2772/351/1
f 2773/351/1 2765/221/1 2766/217/1
f 2766/217/1 2774/352/1 2773/351/1
f 2774/351/1 2766/221/1 2767/217/1
f 2767/217/1 2775/352/1 2774/351/1
f 2775/351/1 2767/221/1 2768/217/1
f 2768/217/1 2776/352/1 2775/351/1
f 2776/351/1 2768/221/1 2769/217/1
f 2769/217/1 2777/352/1 2776/351/1
f 2777/351/1 2769/221/1 2762/1964/1
f 2762/1964/1 2770/1970/1 2777/351/1
f 671/351/214 2770/221/214 2771/217/214
f 2771/217/214 670/352/214 671/351/214
f 670/351/641 2771/221/641 2772/217/641
f 2772/217/641 674/352/641 670/351/641
f 674/351/294 2772/221/294 2773/217/294
f 2773/217/294 676/352/294 674/351/294
f 676/351/695 2773/221/695 2774/217/695
f 2774/217/695 678/352/695 676/351/695
f 678/351/18 2774/221/18 2775/217/18
f 2775/217/18 680/352/18 678/351/18
f 680/351/694 2775/221/694 2776/217/694
f 2776/217/694 682/352/694 680/351/694
f 682/351/293 2776/221/293 2777/217/293
f 2777/217/293 684/352/293 682/351/293
f 684/351/677 2777/221/677 2770/217/677
f 2770/217/677 671/352/677 684/351/677
f 2778/221/695 1009/1322/695 1011/1324/18
f 1011/1324/18 2779/351/18 2778/221/695
f 2781/351/293 2780/604/293 997/1313/293
f 997/1313/293 999/1324/293 2781/351/293
f 2782/221/214 1001/1322/214 1003/1324/214
f 1003/1324/214 2783/351/214 2782/221/214
f 2783/221/294 1003/1322/294 1005/1314/294
f 1005/1314/294 2784/1315/294 2783/221/294
f 2785/604/294 2784/1315/294 1005/1314/294
f 1005/1314/294 1007/1313/294 2785/604/294
f 2788/1974/1 2787/1973/1 2786/1972/1
f 2786/1972/1 2789/1975/1 2788/1974/1
f 2792/1978/1 2791/1977/1 2790/1976/1
f 2790/1976/1 2793/1979/1 2792/1978/1
f 2778/351/695 2785/604/294 1007/1313/294
f 1007/1313/294 1009/1324/695 2778/351/695
f 2794/221/293 993/1322/293 994/1314/293
f 994/1314/293 2795/1315/293 2794/221/293
f 962/604/1 2780/604/1 2781/351/1
f 2781/351/1 2782/351/1 962/604/1
f 2782/351/214 2781/351/214 999/1324/214
f 999/1324/214 1001/1324/214 2782/351/214
f 962/604/18 959/1313/18 997/1313/18
f 997/1313/18 2780/604/18 962/604/18
f 2779/221/18 1011/1322/18 993/1322/18
f 993/1322/18 2794/221/18 2779/221/18
f 2779/221/1 2794/221/1 2795/1315/1
f 2795/1315/1 961/1315/1 2779/221/1
f 961/1315/214 2795/1315/214 994/1314/214
f 994/1314/214 960/1314/214 961/1315/214
f 2796/1980/34 996/1321/18 1012/1321/18
f 1012/1321/18 2797/1980/34 2796/1980/34
f 2797/1981/18 1012/1323/18 1010/1321/18
f 1010/1321/18 2798/1980/18 2797/1981/18
f 2798/1981/294 1010/1323/294 1008/1320/294
f 1008/1320/294 2799/1317/294 2798/1981/294
f 2799/1317/523 1008/1320/294 1006/1319/294
f 1006/1319/294 2800/1316/523 2799/1317/523
f 2800/1316/294 1006/1319/294 1004/1321/294
f 1004/1321/294 2801/1980/294 2800/1316/294
f 2801/1981/117 1004/1323/214 1002/1321/214
f 1002/1321/214 2802/1980/117 2801/1981/117
f 2802/1981/214 1002/1323/214 1000/1323/214
f 1000/1323/214 2803/1981/214 2802/1981/214
f 2803/1981/293 1000/1323/293 998/1320/293
f 998/1320/293 2804/1317/293 2803/1981/293
f 2804/1317/18 998/1320/18 968/1320/18
f 968/1320/18 964/1317/18 2804/1317/18
f 963/1316/117 967/1319/214 995/1319/214
f 995/1319/214 2805/1316/117 963/1316/117
f 2805/1316/293 995/1319/293 996/1321/293
f 996/1321/293 2796/1980/293 2805/1316/293
f 2784/1982/1 2807/1973/1 2806/1974/1
f 2806/1974/1 2783/221/1 2784/1982/1
f 2783/221/1 2806/1974/1 2808/1975/1
f 2808/1975/1 2782/351/1 2783/221/1
f 2782/351/1 2808/1975/1 2809/1972/1
f 2809/1972/1 962/1983/1 2782/351/1
f 962/1983/1 2809/1972/1 2810/1977/1
f 2810/1977/1 961/1984/1 962/1983/1
f 2785/1985/1 2811/1976/1 2807/1973/1
f 2807/1973/1 2784/1982/1 2785/1985/1
f 961/1984/1 2810/1977/1 2812/1978/1
f 2812/1978/1 2779/352/1 961/1984/1
f 2779/352/1 2812/1978/1 2813/1979/1
f 2813/1979/1 2778/217/1 2779/352/1
f 2778/217/1 2813/1979/1 2811/1976/1
f 2811/1976/1 2785/1985/1 2778/217/1
f 2807/1973/293 2787/1973/293 2788/1974/293
f 2788/1974/293 2806/1974/293 2807/1973/293
f 2806/1974/18 2788/1974/18 2789/1975/18
f 2789/1975/18 2808/1975/18 2806/1974/18
f 2808/1975/294 2789/1975/294 2786/1972/294
f 2786/1972/294 2809/1972/294 2808/1975/294
f 2809/1972/294 2786/1972/294 2791/1977/294
f 2791/1977/294 2810/1977/294 2809/1972/294
f 2811/1976/293 2790/1976/293 2787/1973/293
f 2787/1973/293 2807/1973/293 2811/1976/293
f 2810/1977/294 2791/1977/294 2792/1978/294
f 2792/1978/294 2812/1978/294 2810/1977/294
f 2812/1978/214 2792/1978/214 2793/1979/214
f 2793/1979/214 2813/1979/214 2812/1978/214
f 2813/1979/293 2793/1979/293 2790/1976/293
f 2790/1976/293 2811/1976/293 2813/1979/293
f 1763/221/655 2815/1987/655 2814/1986/655
f 2814/1986/655 1762/1988/655 1763/221/655
f 1762/1988/654 2814/1986/654 2816/1989/654
f 2816/1989/654 1766/1990/654 1762/1988/654
f 1766/1990/653 2816/1989/653 2817/1991/653
f 2817/1991/653 1768/1992/653 1766/1990/653
f 1768/1992/652 2817/1991/652 2818/1993/652
f 2818/1993/652 1770/1994/652 1768/1992/652
f 1770/1994/651 2818/1993/651 2819/1995/651
f 2819/1995/651 1772/811/651 1770/1994/651
f 1772/811/650 2819/1995/650 2820/1996/650
f 2820/1996/650 1774/1997/650 1772/811/650
f 1774/1997/649 2820/1996/649 2821/1998/649
f 2821/1998/649 1776/1999/649 1774/1997/649
f 1776/1999/648 2821/1998/648 2822/2000/648
f 2822/2000/648 1778/2001/648 1776/1999/648
f 1778/2001/647 2822/2000/647 2823/2002/647
f 2823/2002/647 1780/2003/647 1778/2001/647
f 1780/2003/646 2823/2002/646 2824/2004/646
f 2824/2004/646 1782/2005/646 1780/2003/646
f 1782/2005/645 2824/2004/645 2825/2006/645
f 2825/2006/645 1784/361/645 1782/2005/645
f 2826/2007/293 1052/1362/293 1054/1364/664
f 1054/1364/664 2827/2008/857 2826/2007/293
f 2827/2008/857 1054/1364/664 1056/1366/668
f 1056/1366/668 2828/2009/665 2827/2008/857
f 2829/2012/667 1820/2011/865 1815/2010/864
f 1815/2010/864 2830/2013/958 2829/2012/667
f 2830/2013/958 1815/2010/864 1809/2014/860
f 1809/2014/860 2831/2015/959 2830/2013/958
f 2831/2015/959 1809/2014/860 1808/2016/859
f 1808/2016/859 2832/2017/960 2831/2015/959
f 2832/2017/960 1808/2016/859 1822/605/866
f 1822/605/866 2833/2018/672 2832/2017/960
f 2833/2018/672 1822/605/866 1823/2019/867
f 1823/2019/867 2834/2020/961 2833/2018/672
f 2834/2020/961 1823/2019/867 1832/2021/876
f 1832/2021/876 2835/2022/962 2834/2020/961
f 2835/2022/962 1832/2021/876 1833/2023/877
f 1833/2023/877 2836/2024/676 2835/2022/962
f 2836/2024/963 1833/2023/963 1825/2025/963
f 1825/2025/963 2837/2026/963 2836/2024/963
f 2837/2026/680 1825/2025/870 1824/2027/868
f 1824/2027/868 2838/2028/964 2837/2026/680
f 2838/2028/964 1824/2027/868 1834/2029/878
f 1834/2029/878 2839/2030/965 2838/2028/964
f 2839/2030/965 1834/2029/878 1827/2031/872
f 1827/2031/872 2840/2032/684 2839/2030/965
f 2840/2032/684 1827/2031/872 1826/643/871
f 1826/643/871 2841/2033/966 2840/2032/684
f 2841/2033/966 1826/643/871 1828/2034/873
f 1828/2034/873 2842/2035/967 2841/2033/966
f 2842/2035/967 1828/2034/873 1835/2036/879
f 1835/2036/879 2843/2037/968 2842/2035/967
f 2843/2037/968 1835/2036/879 1830/2038/875
f 1830/2038/875 2844/2039/969 2843/2037/968
f 2844/2039/969 1830/2038/875 1829/352/874
f 1829/352/874 2845/2040/691 2844/2039/969
f 1052/1362/293 2826/2007/293 2846/2041/662
f 2846/2041/662 1050/1360/662 1052/1362/293
f 1050/1360/662 2846/2041/662 2847/2042/970
f 2847/2042/970 1048/1358/663 1050/1360/662
f 1048/1358/663 2847/2042/970 2848/2043/657
f 2848/2043/657 1046/1356/660 1048/1358/663
f 1046/1356/660 2848/2043/657 2849/2044/971
f 2849/2044/971 1014/1326/659 1046/1356/660
f 1014/1326/659 2849/2044/971 2850/2045/972
f 2850/2045/972 1013/1325/972 1014/1326/659
f 1013/1325/972 2850/2045/972 2851/2046/973
f 2851/2046/973 1017/1329/973 1013/1325/972
f 1017/1329/973 2851/2046/973 2852/2047/974
f 2852/2047/974 1019/1331/974 1017/1329/973
f 1019/1331/974 2852/2047/974 2853/2048/645
f 2853/2048/645 1021/1333/645 1019/1331/974
f 1021/1333/646 2853/2048/646 2854/2049/646
f 2854/2049/646 1023/1335/646 1021/1333/646
f 1023/1335/647 2854/2049/647 2855/2050/647
f 2855/2050/647 1025/1337/647 1023/1335/647
f 1025/1337/648 2855/2050/648 2856/2051/648
f 2856/2051/648 1027/1339/648 1025/1337/648
f 1027/1339/649 2856/2051/649 2857/2052/649
f 2857/2052/649 1029/1341/649 1027/1339/649
f 1029/1341/650 2857/2052/650 2858/2053/650
f 2858/2053/650 1031/1343/650 1029/1341/650
f 1031/1343/651 2858/2053/651 2859/2054/651
f 2859/2054/651 1033/1345/651 1031/1343/651
f 1033/1345/652 2859/2054/652 2860/2055/652
f 2860/2055/652 1035/1347/652 1033/1345/652
f 1035/1347/653 2860/2055/653 2861/2056/653
f 2861/2056/653 1037/1349/653 1035/1347/653
f 1037/1349/654 2861/2056/654 2862/2057/654
f 2862/2057/654 1039/1351/654 1037/1349/654
f 1039/1351/655 2862/2057/655 2863/1982/655
f 2863/1982/655 1041/1353/655 1039/1351/655
f 2828/2009/666 1056/1366/666 1058/1368/666
f 1058/1368/666 2864/2058/666 2828/2009/666
f 2864/2058/669 1058/1368/669 1060/1370/669
f 1060/1370/669 2865/2059/669 2864/2058/669
f 2865/2059/671 1060/1370/671 1062/1372/671
f 1062/1372/671 2866/2060/671 2865/2059/671
f 2866/2060/975 1062/1372/975 1064/1374/975
f 1064/1374/975 2867/2061/975 2866/2060/975
f 2867/2061/673 1064/1374/673 1066/1376/673
f 1066/1376/673 2868/2062/673 2867/2061/673
f 2868/2062/674 1066/1376/674 1068/1378/674
f 1068/1378/674 2869/2063/674 2868/2062/674
f 2869/2063/676 1068/1378/676 1070/1380/676
f 1070/1380/676 2870/2064/676 2869/2063/676
f 2870/2064/963 1070/1380/963 1072/1382/963
f 1072/1382/963 2871/2065/963 2870/2064/963
f 2871/2065/680 1072/1382/680 1074/1384/680
f 1074/1384/680 2872/2066/680 2871/2065/680
f 2872/2066/681 1074/1384/681 1076/1386/681
f 1076/1386/681 2873/2067/681 2872/2066/681
f 2873/2067/683 1076/1386/683 1078/1388/683
f 1078/1388/683 2874/2068/683 2873/2067/683
f 2874/2068/685 1078/1388/685 1080/1390/685
f 1080/1390/685 2875/2069/685 2874/2068/685
f 2875/2069/686 1080/1390/686 1082/1392/686
f 1082/1392/686 2876/2070/686 2875/2069/686
f 2876/2070/687 1082/1392/687 1084/1394/687
f 1084/1394/687 2877/2071/687 2876/2070/687
f 2877/2071/688 1084/1394/688 1086/1396/688
f 1086/1396/688 2878/2072/688 2877/2071/688
f 2878/2072/691 1086/1396/691 1088/1398/691
f 1088/1398/691 2879/1983/691 2878/2072/691
f 1820/2011/665 2829/2012/665 2880/2073/665
f 2880/2073/665 1821/2074/665 1820/2011/665
f 1821/2074/976 2880/2073/976 2881/2075/976
f 2881/2075/976 1831/1280/976 1821/2074/976
f 1831/1280/977 2881/2075/977 2882/2076/977
f 2882/2076/977 1819/2077/977 1831/1280/977
f 1819/2077/978 2882/2076/978 2883/2078/978
f 2883/2078/978 1818/2079/978 1819/2077/978
f 1818/2079/661 2883/2078/661 2884/2080/661
f 2884/2080/661 1806/902/661 1818/2079/661
f 1806/902/658 2884/2080/658 2885/2081/658
f 2885/2081/658 1807/2082/658 1806/902/658
f 1807/2082/642 2885/2081/642 2886/2083/642
f 2886/2083/642 1805/2084/642 1807/2082/642
f 2887/2007/1 2826/2007/1 2827/2008/1
f 2827/2008/1 2888/2008/1 2887/2007/1
f 2891/2086/295 2890/2086/295 2889/2085/295
f 2889/2085/295 2892/2085/295 2891/2086/295
f 2888/2008/1 2827/2008/1 2828/2009/1
f 2828/2009/1 2893/2009/1 2888/2008/1
f 2895/2087/295 2894/2087/295 2890/2086/295
f 2890/2086/295 2891/2086/295 2895/2087/295
f 2892/2085/295 2889/2085/295 2896/2088/295
f 2896/2088/295 2897/2088/295 2892/2085/295
f 2898/2041/1 2846/2041/1 2826/2007/1
f 2826/2007/1 2887/2007/1 2898/2041/1
f 2897/2088/295 2896/2088/295 2899/2089/295
f 2899/2089/295 2900/2089/295 2897/2088/295
f 2901/2042/1 2847/2042/1 2846/2041/1
f 2846/2041/1 2898/2041/1 2901/2042/1
f 2900/2089/295 2899/2089/295 2902/2090/295
f 2902/2090/295 2903/2090/295 2900/2089/295
f 2904/2043/1 2848/2043/1 2847/2042/1
f 2847/2042/1 2901/2042/1 2904/2043/1
f 2903/2090/295 2902/2090/295 2905/2091/295
f 2905/2091/295 2906/2091/295 2903/2090/295
f 2907/2044/1 2849/2044/1 2848/2043/1
f 2848/2043/1 2904/2043/1 2907/2044/1
f 2906/2091/295 2905/2091/295 2908/2092/295
f 2908/2092/295 2909/2092/295 2906/2091/295
f 2910/2045/1 2850/2045/1 2849/2044/1
f 2849/2044/1 2907/2044/1 2910/2045/1
f 2909/2092/295 2908/2092/295 2911/2093/295
f 2911/2093/295 2912/2093/295 2909/2092/295
f 2913/2046/1 2851/2046/1 2850/2045/1
f 2850/2045/1 2910/2045/1 2913/2046/1
f 2912/2093/295 2911/2093/295 2914/2094/295
f 2914/2094/295 2915/2094/295 2912/2093/295
f 2916/2047/1 2852/2047/1 2851/2046/1
f 2851/2046/1 2913/2046/1 2916/2047/1
f 2915/2094/295 2914/2094/295 2917/2095/295
f 2917/2095/295 2918/2095/295 2915/2094/295
f 2919/2048/1 2853/2048/1 2852/2047/1
f 2852/2047/1 2916/2047/1 2919/2048/1
f 2918/2095/295 2917/2095/295 2920/2096/295
f 2920/2096/295 2921/2096/295 2918/2095/295
f 2922/2049/1 2854/2049/1 2853/2048/1
f 2853/2048/1 2919/2048/1 2922/2049/1
f 2921/2096/295 2920/2096/295 2923/2097/295
f 2923/2097/295 2924/2097/295 2921/2096/295
f 2925/2050/1 2855/2050/1 2854/2049/1
f 2854/2049/1 2922/2049/1 2925/2050/1
f 2924/2097/295 2923/2097/295 2926/2098/295
f 2926/2098/295 2927/2098/295 2924/2097/295
f 2928/2051/1 2856/2051/1 2855/2050/1
f 2855/2050/1 2925/2050/1 2928/2051/1
f 2927/2098/295 2926/2098/295 2929/2099/295
f 2929/2099/295 2930/2099/295 2927/2098/295
f 2931/2052/1 2857/2052/1 2856/2051/1
f 2856/2051/1 2928/2051/1 2931/2052/1
f 2930/2099/295 2929/2099/295 2932/2100/295
f 2932/2100/295 2933/2100/295 2930/2099/295
f 2934/2053/1 2858/2053/1 2857/2052/1
f 2857/2052/1 2931/2052/1 2934/2053/1
f 2933/2100/295 2932/2100/295 2935/2101/295
f 2935/2101/295 2936/2101/295 2933/2100/295
f 2937/2054/1 2859/2054/1 2858/2053/1
f 2858/2053/1 2934/2053/1 2937/2054/1
f 2936/2101/295 2935/2101/295 2938/2102/295
f 2938/2102/295 2939/2102/295 2936/2101/295
f 2940/2055/1 2860/2055/1 2859/2054/1
f 2859/2054/1 2937/2054/1 2940/2055/1
f 2939/2102/979 2938/2102/295 2941/2103/295
f 2941/2103/295 2942/2103/979 2939/2102/979
f 2943/2056/1 2861/2056/1 2860/2055/1
f 2860/2055/1 2940/2055/1 2943/2056/1
f 2942/2103/295 2941/2103/295 2944/2104/295
f 2944/2104/295 2945/2104/295 2942/2103/295
f 2946/2057/1 2862/2057/1 2861/2056/1
f 2861/2056/1 2943/2056/1 2946/2057/1
f 2945/2104/295 2944/2104/295 2947/2105/295
f 2947/2105/295 2948/2105/295 2945/2104/295
f 2949/1982/656 1043/1353/656 1041/1353/656
f 1041/1353/656 2863/1982/656 2949/1982/656
f 2949/1982/1 2863/1982/1 2862/2057/1
f 2862/2057/1 2946/2057/1 2949/1982/1
f 2893/2009/1 2828/2009/1 2864/2058/1
f 2864/2058/1 2950/2058/1 2893/2009/1
f 2952/2106/295 2951/2106/295 2894/2087/295
f 2894/2087/295 2895/2087/295 2952/2106/295
f 2950/2058/1 2864/2058/1 2865/2059/1
f 2865/2059/1 2953/2059/1 2950/2058/1
f 2955/2107/295 2954/2107/295 2951/2106/295
f 2951/2106/295 2952/2106/295 2955/2107/295
f 2953/2059/1 2865/2059/1 2866/2060/1
f 2866/2060/1 2956/2060/1 2953/2059/1
f 2958/2108/295 2957/2108/295 2954/2107/295
f 2954/2107/295 2955/2107/295 2958/2108/295
f 2956/2060/1 2866/2060/1 2867/2061/1
f 2867/2061/1 2959/2061/1 2956/2060/1
f 2961/2109/295 2960/2109/295 2957/2108/295
f 2957/2108/295 2958/2108/295 2961/2109/295
f 2959/2061/1 2867/2061/1 2868/2062/1
f 2868/2062/1 2962/2062/1 2959/2061/1
f 2964/2110/295 2963/2110/295 2960/2109/295
f 2960/2109/295 2961/2109/295 2964/2110/295
f 2962/2062/980 2868/2062/1 2869/2063/1
f 2869/2063/1 2965/2063/980 2962/2062/980
f 2967/2111/295 2966/2111/295 2963/2110/295
f 2963/2110/295 2964/2110/295 2967/2111/295
f 2965/2063/1 2869/2063/1 2870/2064/1
f 2870/2064/1 2968/2064/1 2965/2063/1
f 2970/2112/295 2969/2112/295 2966/2111/295
f 2966/2111/295 2967/2111/295 2970/2112/295
f 2968/2064/1 2870/2064/1 2871/2065/1
f 2871/2065/1 2971/2065/1 2968/2064/1
f 2973/2113/295 2972/2113/295 2969/2112/295
f 2969/2112/295 2970/2112/295 2973/2113/295
f 2971/2065/1 2871/2065/1 2872/2066/1
f 2872/2066/1 2974/2066/1 2971/2065/1
f 2976/2114/295 2975/2114/295 2972/2113/295
f 2972/2113/295 2973/2113/295 2976/2114/295
f 2974/2066/1 2872/2066/1 2873/2067/1
f 2873/2067/1 2977/2067/1 2974/2066/1
f 2979/2115/295 2978/2115/295 2975/2114/295
f 2975/2114/295 2976/2114/295 2979/2115/295
f 2977/2067/1 2873/2067/1 2874/2068/1
f 2874/2068/1 2980/2068/1 2977/2067/1
f 2982/2116/295 2981/2116/295 2978/2115/295
f 2978/2115/295 2979/2115/295 2982/2116/295
f 2980/2068/1 2874/2068/1 2875/2069/1
f 2875/2069/1 2983/2069/1 2980/2068/1
f 2985/2117/295 2984/2117/295 2981/2116/295
f 2981/2116/295 2982/2116/295 2985/2117/295
f 2983/2069/1 2875/2069/1 2876/2070/1
f 2876/2070/1 2986/2070/1 2983/2069/1
f 2988/2118/295 2987/2118/295 2984/2117/295
f 2984/2117/295 2985/2117/295 2988/2118/295
f 2986/2070/1 2876/2070/1 2877/2071/1
f 2877/2071/1 2989/2071/1 2986/2070/1
f 2991/2119/295 2990/2119/295 2987/2118/295
f 2987/2118/295 2988/2118/295 2991/2119/295
f 2989/2071/1 2877/2071/1 2878/2072/1
f 2878/2072/1 2992/2072/1 2989/2071/1
f 2994/2120/295 2993/2120/295 2990/2119/295
f 2990/2119/295 2991/2119/295 2994/2120/295
f 2992/2072/1 2878/2072/1 2879/1983/1
f 2879/1983/1 2995/1983/1 2992/2072/1
f 2995/1983/693 2879/1983/693 1088/1398/693
f 1088/1398/693 1090/1398/693 2995/1983/693
f 2997/2121/295 2996/2121/295 2993/2120/295
f 2993/2120/295 2994/2120/295 2997/2121/295
f 2902/2090/658 1045/1355/658 1015/1327/658
f 1015/1327/658 2905/2091/658 2902/2090/658
f 2899/2089/970 1047/1357/663 1045/1355/657
f 1045/1355/657 2902/2090/661 2899/2089/970
f 2896/2088/662 1049/1359/662 1047/1357/663
f 1047/1357/663 2899/2089/970 2896/2088/662
f 2889/2085/293 1051/1361/293 1049/1359/662
f 1049/1359/662 2896/2088/662 2889/2085/293
f 1051/1361/293 2889/2085/293 2890/2086/857
f 2890/2086/857 1053/1363/664 1051/1361/293
f 1053/1363/664 2890/2086/857 2894/2087/668
f 2894/2087/668 1055/1365/667 1053/1363/664
f 1055/1365/667 2894/2087/668 2951/2106/666
f 2951/2106/666 1057/1367/666 1055/1365/667
f 2954/2107/669 1059/1369/669 1057/1367/669
f 1057/1367/669 2951/2106/669 2954/2107/669
f 2957/2108/671 1061/1371/671 1059/1369/671
f 1059/1369/671 2954/2107/671 2957/2108/671
f 2960/2109/975 1063/1373/975 1061/1371/975
f 1061/1371/975 2957/2108/975 2960/2109/975
f 2963/2110/673 1065/1375/673 1063/1373/673
f 1063/1373/673 2960/2109/673 2963/2110/673
f 2966/2111/674 1067/1377/674 1065/1375/674
f 1065/1375/674 2963/2110/674 2966/2111/674
f 2969/2112/676 1069/1379/675 1067/1377/676
f 1067/1377/676 2966/2111/676 2969/2112/676
f 2972/2113/963 1071/1381/963 1069/1379/963
f 1069/1379/963 2969/2112/963 2972/2113/963
f 2975/2114/680 1073/1383/680 1071/1381/678
f 1071/1381/678 2972/2113/680 2975/2114/680
f 2978/2115/681 1075/1385/681 1073/1383/681
f 1073/1383/681 2975/2114/681 2978/2115/681
f 2981/2116/683 1077/1387/682 1075/1385/683
f 1075/1385/683 2978/2115/683 2981/2116/683
f 2984/2117/685 1079/1389/685 1077/1387/685
f 1077/1387/685 2981/2116/685 2984/2117/685
f 2987/2118/686 1081/1391/686 1079/1389/686
f 1079/1389/686 2984/2117/686 2987/2118/686
f 2990/2119/687 1083/1393/687 1081/1391/687
f 1081/1391/687 2987/2118/687 2990/2119/687
f 1083/1393/688 2990/2119/688 2993/2120/969
f 2993/2120/969 1085/1395/690 1083/1393/688
f 1085/1395/690 2993/2120/969 2996/2121/691
f 2996/2121/691 1087/1397/689 1085/1395/690
f 2997/2121/693 1089/1397/693 1087/1397/693
f 1087/1397/693 2996/2121/693 2997/2121/693
f 2905/2091/642 1015/1327/642 1016/1328/642
f 1016/1328/642 2908/2092/642 2905/2091/642
f 2908/2092/643 1016/1328/643 1018/1330/643
f 1018/1330/643 2911/2093/643 2908/2092/643
f 2911/2093/644 1018/1330/644 1020/1332/974
f 1020/1332/974 2914/2094/974 2911/2093/644
f 2914/2094/974 1020/1332/974 1022/1334/645
f 1022/1334/645 2917/2095/645 2914/2094/974
f 2917/2095/646 1022/1334/646 1024/1336/646
f 1024/1336/646 2920/2096/646 2917/2095/646
f 2920/2096/647 1024/1336/647 1026/1338/647
f 1026/1338/647 2923/2097/647 2920/2096/647
f 2923/2097/648 1026/1338/648 1028/1340/648
f 1028/1340/648 2926/2098/648 2923/2097/648
f 2926/2098/649 1028/1340/649 1030/1342/981
f 1030/1342/981 2929/2099/981 2926/2098/649
f 2929/2099/981 1030/1342/981 1032/1344/650
f 1032/1344/650 2932/2100/650 2929/2099/981
f 2932/2100/651 1032/1344/651 1034/1346/651
f 1034/1346/651 2935/2101/651 2932/2100/651
f 2935/2101/652 1034/1346/652 1036/1348/652
f 1036/1348/652 2938/2102/652 2935/2101/652
f 2938/2102/653 1036/1348/653 1038/1350/653
f 1038/1350/653 2941/2103/653 2938/2102/653
f 2941/2103/654 1038/1350/654 1040/1352/982
f 1040/1352/982 2944/2104/982 2941/2103/654
f 2944/2104/982 1040/1352/982 1042/1354/655
f 1042/1354/655 2947/2105/655 2944/2104/982
f 2947/2105/656 1042/1354/656 1044/1354/656
f 1044/1354/656 2948/2105/656 2947/2105/656
f 1784/361/849 2825/2006/644 2998/2122/983
f 2998/2122/983 1786/1315/850 1784/361/849
f 1786/1315/850 2998/2122/983 2999/2123/984
f 2999/2123/984 1810/1707/861 1786/1315/850
f 1810/1707/642 2999/2123/642 3000/2124/971
f 3000/2124/971 1816/2125/971 1810/1707/642
f 1816/2125/971 3000/2124/971 3001/2126/658
f 3001/2126/658 1811/901/658 1816/2125/971
f 1811/901/661 3001/2126/661 3002/2127/661
f 3002/2127/661 1788/2128/661 1811/901/661
f 1788/2128/978 3002/2127/978 3003/2129/978
f 3003/2129/978 1787/2130/978 1788/2128/978
f 1787/2130/977 3003/2129/977 1803/1598/977
f 1803/1598/977 1801/1279/977 1787/2130/977
f 1804/1599/858 1802/1597/857 3004/2131/665
f 3004/2131/665 1790/2132/851 1804/1599/858
f 1790/2132/666 3004/2131/666 3005/2133/666
f 3005/2133/666 1789/2134/666 1790/2132/666
f 1789/2134/669 3005/2133/669 3006/2135/669
f 3006/2135/669 1817/2136/669 1789/2134/669
f 1817/2136/671 3006/2135/671 3007/2137/671
f 3007/2137/671 1812/1702/671 1817/2136/671
f 1812/1702/975 3007/2137/975 3008/2138/975
f 3008/2138/975 1792/604/975 1812/1702/975
f 1792/604/673 3008/2138/673 3009/2139/673
f 3009/2139/673 1791/2140/673 1792/604/673
f 1791/2140/674 3009/2139/674 3010/2141/674
f 3010/2141/674 1793/2142/674 1791/2140/674
f 1793/2142/676 3010/2141/676 3011/2143/676
f 3011/2143/676 1800/2144/676 1793/2142/676
f 1800/2144/963 3011/2143/963 3012/2145/679
f 3012/2145/679 1799/2146/679 1800/2144/963
f 1799/2146/679 3012/2145/679 3013/2147/680
f 3013/2147/680 1795/2148/680 1799/2146/679
f 1795/2148/852 3013/2147/681 3014/2149/681
f 3014/2149/681 1794/2150/852 1795/2148/852
f 1794/2150/683 3014/2149/683 3015/2151/683
f 3015/2151/683 1813/2152/683 1794/2150/683
f 1813/2152/862 3015/2151/685 3016/2153/685
f 3016/2153/685 1797/642/854 1813/2152/862
f 1797/642/686 3016/2153/686 3017/2154/686
f 3017/2154/686 1796/2155/686 1797/642/686
f 1796/2155/853 3017/2154/687 3018/2156/687
f 3018/2156/687 1798/2157/855 1796/2155/853
f 1798/2157/688 3018/2156/688 3019/2158/688
f 3019/2158/688 1814/2159/688 1798/2157/688
f 1814/2159/863 3019/2158/691 3020/2160/691
f 3020/2160/691 1836/351/880 1814/2159/863
f 1805/2084/643 2886/2083/643 3021/2161/643
f 3021/2161/643 1785/1318/643 1805/2084/643
f 1785/1318/644 3021/2161/644 3022/2162/974
f 3022/2162/974 1783/362/974 1785/1318/644
f 1783/362/974 3022/2162/974 3023/2163/645
f 3023/2163/645 1781/2164/645 1783/362/974
f 1781/2164/646 3023/2163/646 3024/2165/646
f 3024/2165/646 1779/2166/646 1781/2164/646
f 1779/2166/647 3024/2165/647 3025/2167/647
f 3025/2167/647 1777/2168/647 1779/2166/647
f 1777/2168/648 3025/2167/648 3026/2169/648
f 3026/2169/648 1775/2170/648 1777/2168/648
f 1775/2170/649 3026/2169/649 3027/2171/649
f 3027/2171/649 1773/2172/649 1775/2170/649
f 1773/2172/650 3027/2171/650 3028/2173/650
f 3028/2173/650 1771/812/650 1773/2172/650
f 1771/812/651 3028/2173/651 3029/2174/651
f 3029/2174/651 1769/2175/651 1771/812/651
f 1769/2175/652 3029/2174/652 3030/2176/652
f 3030/2176/652 1767/2177/652 1769/2175/652
f 1767/2177/653 3030/2176/653 3031/2178/653
f 3031/2178/653 1765/2179/653 1767/2177/653
f 1765/2179/654 3031/2178/654 3032/2180/654
f 3032/2180/654 1759/2181/654 1765/2179/654
f 1759/2181/655 3032/2180/655 3033/2182/655
f 3033/2182/655 1761/217/655 1759/2181/655
f 3036/351/18 3035/2184/18 3034/2183/18
f 3034/2183/18 3037/352/18 3036/351/18
f 3040/2187/293 3039/2186/293 3038/2185/293
f 3038/2185/293 3041/2188/293 3040/2187/293
f 3044/221/117 3043/217/214 3042/766/214
f 3042/766/214 3045/765/117 3044/221/117
f 3048/2189/308 3047/385/523 3046/386/985
f 3046/386/985 3049/2190/577 3048/2189/308
f 3041/2193/295 3038/2192/295 3050/2191/295
f 3050/2191/295 3051/2194/295 3041/2193/295
f 3052/2195/634 3053/2197/634 3047/2196/523
f 3047/2196/523 3048/2198/308 3052/2195/634
f 3054/2199/986 3052/2195/634 3048/2198/308
f 3048/2198/308 3055/217/1 3054/2199/986
f 3052/2195/634 3054/2199/986 3056/2199/629
f 3056/2199/629 3057/2195/700 3052/2195/634
f 3060/351/1 3059/2184/1 3058/2200/34
f 3058/2200/34 3061/2201/34 3060/351/1
f 3063/2202/34 3062/2200/987 3058/2200/34
f 3058/2200/34 3064/2202/34 3063/2202/34
f 3064/2202/34 3058/2200/34 3059/2184/1
f 3059/2184/1 3065/2203/1 3064/2202/34
f 3039/2206/1 3040/2205/1 3066/2204/523
f 3066/2204/523 3067/2207/523 3039/2206/1
f 3067/2207/523 3066/2204/523 3068/2204/523
f 3068/2204/523 3069/2207/523 3067/2207/523
f 3072/352/1 3071/2209/1 3070/2208/988
f 3070/2208/988 3073/2183/989 3072/352/1
f 3053/2197/634 3052/2195/634 3057/2195/700
f 3057/2195/700 3074/2197/293 3053/2197/634
f 3061/2201/34 3058/2200/34 3062/2200/987
f 3062/2200/987 3075/2201/18 3061/2201/34
f 3071/2209/214 3077/2209/214 3076/2208/214
f 3076/2208/214 3070/2208/214 3071/2209/214
f 3044/351/293 3079/2187/293 3078/2188/293
f 3078/2188/293 3043/352/293 3044/351/293
f 3080/352/295 3041/2193/295 3051/2194/295
f 3051/2194/295 3081/2183/295 3080/352/295
f 3084/217/294 3083/386/294 3082/385/294
f 3082/385/294 3085/221/294 3084/217/294
f 3086/221/1 3047/2196/1 3053/2197/1
f 3053/2197/1 3087/2210/1 3086/221/1
f 3087/2210/293 3053/2197/293 3074/2197/293
f 3074/2197/293 3088/2210/293 3087/2210/293
f 3088/2210/34 3063/2202/34 3064/2202/34
f 3064/2202/34 3087/2210/34 3088/2210/34
f 3087/2210/34 3064/2202/34 3065/2203/1
f 3065/2203/1 3086/221/1 3087/2210/34
f 3075/2201/294 3068/2204/294 3066/2204/294
f 3066/2204/294 3061/2201/294 3075/2201/294
f 3061/2201/1 3066/2204/1 3040/2205/1
f 3040/2205/1 3060/351/1 3061/2201/1
f 3065/1094/214 3059/765/214 3081/766/214
f 3081/766/214 3089/1095/214 3065/1094/214
f 3089/2211/295 3081/2183/295 3051/2194/295
f 3051/2194/295 3090/2212/295 3089/2211/295
f 3090/2212/295 3051/2194/295 3050/2191/295
f 3050/2191/295 3091/2213/295 3090/2212/295
f 3092/2203/295 3091/2213/295 3050/2191/295
f 3050/2191/295 3093/2184/295 3092/2203/295
f 3093/2184/295 3050/2191/295 3038/2192/295
f 3038/2192/295 3094/351/295 3093/2184/295
f 3092/2211/18 3093/2183/18 3073/2184/18
f 3073/2184/18 3095/2203/18 3092/2211/18
f 3095/2211/1 3073/2183/989 3070/2208/988
f 3070/2208/988 3096/2214/117 3095/2211/1
f 3096/2214/117 3070/2208/988 3076/2208/214
f 3076/2208/214 3097/2214/701 3096/2214/117
f 3085/351/214 3099/1094/214 3098/1095/214
f 3098/1095/214 3084/352/214 3085/351/214
f 3100/217/295 3089/2211/295 3090/2212/295
f 3090/2212/295 3046/2215/985 3100/217/295
f 3046/2215/985 3090/2212/295 3091/2213/295
f 3091/2213/295 3049/2216/577 3046/2215/985
f 3103/217/18 3102/2211/18 3101/2203/18
f 3101/2203/18 3104/221/18 3103/217/18
f 3055/217/1 3095/2211/1 3096/2214/117
f 3096/2214/117 3054/2199/986 3055/217/1
f 3054/2199/986 3096/2214/117 3097/2214/701
f 3097/2214/701 3056/2199/629 3054/2199/986
f 3104/351/294 3106/2189/294 3105/2190/294
f 3105/2190/294 3103/352/294 3104/351/294
f 3107/221/295 3049/2216/295 3091/2213/295
f 3091/2213/295 3092/2203/295 3107/221/295
f 3037/217/293 3109/2185/293 3108/2186/293
f 3108/2186/293 3036/221/293 3037/217/293
f 3072/352/1 3039/2206/1 3067/2207/523
f 3067/2207/523 3071/2209/523 3072/352/1
f 3071/2209/523 3067/2207/523 3069/2207/523
f 3069/2207/523 3077/2209/523 3071/2209/523
f 3073/2184/989 3035/2184/523 3036/351/1
f 3036/351/1 3072/351/1 3073/2184/989
f 3094/352/295 3037/352/295 3034/2183/577
f 3034/2183/577 3093/2183/577 3094/352/295
f 3093/2183/577 3034/2183/577 3035/2184/523
f 3035/2184/523 3073/2184/989 3093/2183/577
f 3037/217/295 3094/217/295 3038/2185/990
f 3038/2185/990 3109/2185/990 3037/217/295
f 3109/2185/990 3038/2185/990 3039/2186/117
f 3039/2186/117 3108/2186/117 3109/2185/990
f 3108/2186/117 3039/2186/117 3072/221/1
f 3072/221/1 3036/221/1 3108/2186/117
f 3060/221/1 3044/221/117 3045/765/117
f 3045/765/117 3059/765/1 3060/221/1
f 3059/765/294 3045/765/294 3042/766/294
f 3042/766/294 3081/766/294 3059/765/294
f 3081/766/295 3042/766/295 3043/217/295
f 3043/217/295 3080/217/295 3081/766/295
f 3040/2187/1 3079/2187/1 3044/351/1
f 3044/351/1 3060/351/1 3040/2187/1
f 3080/352/295 3043/352/295 3078/2188/295
f 3078/2188/295 3041/2188/295 3080/352/295
f 3041/2188/18 3078/2188/18 3079/2187/18
f 3079/2187/18 3040/2187/18 3041/2188/18
f 3046/386/295 3083/386/295 3084/217/295
f 3084/217/295 3100/217/295 3046/386/295
f 3086/221/1 3085/221/1 3082/385/1
f 3082/385/1 3047/385/1 3086/221/1
f 3047/385/18 3082/385/18 3083/386/18
f 3083/386/18 3046/386/18 3047/385/18
f 3065/1094/1 3099/1094/1 3085/351/1
f 3085/351/1 3086/351/1 3065/1094/1
f 3100/352/295 3084/352/295 3098/1095/295
f 3098/1095/295 3089/1095/295 3100/352/295
f 3089/1095/293 3098/1095/293 3099/1094/293
f 3099/1094/293 3065/1094/293 3089/1095/293
f 3092/2211/295 3102/2211/295 3103/217/295
f 3103/217/295 3107/217/295 3092/2211/295
f 3055/221/1 3104/221/1 3101/2203/1
f 3101/2203/1 3095/2203/1 3055/221/1
f 3095/2203/293 3101/2203/293 3102/2211/293
f 3102/2211/293 3092/2211/293 3095/2203/293
f 3048/2189/1 3106/2189/1 3104/351/1
f 3104/351/1 3055/351/1 3048/2189/1
f 3107/352/295 3103/352/295 3105/2190/295
f 3105/2190/295 3049/2190/295 3107/352/295
f 3049/2190/214 3105/2190/214 3106/2189/214
f 3106/2189/214 3048/2189/214 3049/2190/214
f 3112/221/295 3111/217/295 3110/352/295
f 3110/352/295 3113/351/295 3112/221/295
f 3116/217/1 3115/2199/1 3114/2210/1
f 3114/2210/1 3117/221/1 3116/217/1
f 1122/221/295 3119/2210/295 3118/2201/295
f 3118/2201/295 1120/351/295 1122/221/295
f 3122/351/1 3121/2201/1 3120/2209/1
f 3120/2209/1 3123/352/1 3122/351/1
f 3123/352/1 3120/2209/1 3115/2199/1
f 3115/2199/1 3116/217/1 3123/352/1
f 3126/2199/214 3125/2199/214 3124/2210/214
f 3124/2210/214 3119/2210/214 3126/2199/214
f 3119/2210/293 3124/2210/293 3127/2201/293
f 3127/2201/293 3118/2201/293 3119/2210/293
f 3118/2201/18 3127/2201/18 3128/2209/18
f 3128/2209/18 3129/2209/18 3118/2201/18
f 3129/2209/294 3128/2209/294 3125/2199/294
f 3125/2199/294 3126/2199/294 3129/2209/294
f 1121/217/18 3111/217/18 3112/221/18
f 3112/221/18 1116/221/991 1121/217/18
f 1116/221/293 3112/221/293 3113/351/293
f 3113/351/293 1115/351/293 1116/221/293
f 1115/351/214 3113/351/214 3110/352/214
f 3110/352/214 1119/352/214 1115/351/214
f 1119/352/294 3110/352/294 3111/217/294
f 3111/217/294 1121/217/294 1119/352/294
f 1117/217/18 3116/217/18 3117/221/18
f 3117/221/18 1122/221/18 1117/217/18
f 1122/221/992 3117/221/992 3114/2210/992
f 3114/2210/992 3119/2210/992 1122/221/992
f 3119/2210/214 3114/2210/214 3115/2199/214
f 3115/2199/214 3126/2199/214 3119/2210/214
f 3122/351/993 1120/351/993 3118/2201/994
f 3118/2201/994 3121/2201/994 3122/351/993
f 3121/2201/994 3118/2201/994 3129/2209/18
f 3129/2209/18 3120/2209/18 3121/2201/994
f 1120/351/214 3122/351/214 3123/352/677
f 3123/352/677 1118/352/677 1120/351/214
f 1118/352/677 3123/352/677 3116/217/293
f 3116/217/293 1117/217/293 1118/352/677
f 3126/2199/294 3115/2199/294 3120/2209/294
f 3120/2209/294 3129/2209/294 3126/2199/294
f 2248/217/1 2238/221/1 2241/2217/1
f 2241/2217/1 2247/2218/1 2248/217/1
f 2247/2218/214 2241/2217/214 2242/2219/214
f 2242/2219/214 2246/2220/214 2247/2218/214
f 2246/2220/295 2242/2219/295 2239/2221/295
f 2239/2221/295 2249/2222/295 2246/2220/295
f 2249/2222/214 2239/2221/214 2237/873/214
f 2237/873/214 2250/874/214 2249/2222/214
f 2250/874/1 2237/873/1 2234/1285/1
f 2234/1285/1 2253/1286/1 2250/874/1
f 2253/1286/214 2234/1285/214 2235/2223/214
f 2235/2223/214 2252/2224/214 2253/1286/214
f 2252/2224/295 2235/2223/295 2236/2225/295
f 2236/2225/295 2251/2226/295 2252/2224/295
f 2251/2226/214 2236/2225/214 2240/448/214
f 2240/448/214 2254/449/214 2251/2226/214
f 2254/449/1 2240/448/1 2245/2227/1
f 2245/2227/1 2257/2228/1 2254/449/1
f 2257/2228/214 2245/2227/214 2244/2229/214
f 2244/2229/214 2256/2230/214 2257/2228/214
f 2256/2230/295 2244/2229/295 2243/2231/295
f 2243/2231/295 2255/2232/295 2256/2230/295
f 2255/2232/18 2243/2231/18 2238/351/18
f 2238/351/18 2248/352/18 2255/2232/18
f 2271/217/1 2268/221/1 2267/2233/1
f 2267/2233/1 2275/2234/1 2271/217/1
f 2275/2234/995 2267/2233/995 2263/2235/995
f 2263/2235/995 2276/2236/995 2275/2234/995
f 2276/2236/996 2263/2235/996 2262/2237/996
f 2262/2237/996 2280/2238/996 2276/2236/996
f 2280/2238/1 2262/2237/1 2258/855/1
f 2258/855/1 2281/856/1 2280/2238/1
f 2281/856/214 2258/855/214 2259/2239/214
f 2259/2239/214 2282/2240/214 2281/856/214
f 2282/2240/295 2259/2239/295 2260/435/295
f 2260/435/295 2283/436/295 2282/2240/295
f 2283/436/18 2260/435/18 2261/2241/18
f 2261/2241/18 2279/2242/18 2283/436/18
f 2279/2242/997 2261/2241/997 2265/990/997
f 2265/990/997 2277/991/997 2279/2242/997
f 2277/991/295 2265/990/295 2264/2243/295
f 2264/2243/295 2278/2244/295 2277/991/295
f 2278/2244/998 2264/2243/998 2266/2245/998
f 2266/2245/998 2274/2246/998 2278/2244/998
f 2274/2246/214 2266/2245/214 2270/632/214
f 2270/632/214 2273/633/214 2274/2246/214
f 2273/633/295 2270/632/295 2269/2247/295
f 2269/2247/295 2272/2248/295 2273/633/295
f 2272/2248/18 2269/2247/18 2268/351/18
f 2268/351/18 2271/352/18 2272/2248/18
f 2298/217/1 2288/221/1 2291/2217/1
f 2291/2217/1 2297/2218/1 2298/217/1
f 2297/2218/214 2291/2217/214 2292/2219/214
f 2292/2219/214 2296/2220/214 2297/2218/214
f 2296/2220/295 2292/2219/295 2290/2221/295
f 2290/2221/295 2299/2222/295 2296/2220/295
f 2299/2222/214 2290/2221/214 2287/873/214
f 2287/873/214 2300/874/214 2299/2222/214
f 2300/874/1 2287/873/1 2284/1285/1
f 2284/1285/1 2303/1286/1 2300/874/1
f 2303/1286/214 2284/1285/214 2285/2223/214
f 2285/2223/214 2302/2224/214 2303/1286/214
f 2302/2224/295 2285/2223/295 2286/2225/295
f 2286/2225/295 2301/2226/295 2302/2224/295
f 2301/2226/214 2286/2225/214 2289/448/214
f 2289/448/214 2304/449/214 2301/2226/214
f 2304/449/1 2289/448/1 2294/2227/1
f 2294/2227/1 2307/2228/1 2304/449/1
f 2307/2228/214 2294/2227/214 2295/2229/214
f 2295/2229/214 2306/2230/214 2307/2228/214
f 2306/2230/295 2295/2229/295 2293/2231/295
f 2293/2231/295 2305/2232/295 2306/2230/295
f 2305/2232/18 2293/2231/18 2288/351/18
f 2288/351/18 2298/352/18 2305/2232/18
f 1891/217/18 3131/221/18 3130/2249/18
f 3130/2249/18 1924/2250/18 1891/217/18
f 1924/2250/1 3130/2249/1 3132/881/1
f 3132/881/1 1922/882/1 1924/2250/1
f 1922/882/1001 3132/881/1000 3133/2251/999
f 3133/2251/999 1919/2252/1002 1922/882/1001
f 1919/2252/1002 3133/2251/999 3134/1225/1003
f 3134/1225/1003 3135/1226/1004 1919/2252/1002
f 3135/1226/1004 3134/1225/1003 3136/2253/1005
f 3136/2253/1005 3137/2254/1006 3135/1226/1004
f 3137/2254/1006 3136/2253/1005 3138/2255/1007
f 3138/2255/1007 3139/2256/1008 3137/2254/1006
f 3139/2256/1008 3138/2255/1007 3140/2257/1009
f 3140/2257/1009 1970/2258/1010 3139/2256/1008
f 1970/2258/1010 3140/2257/1009 1838/1171/1011
f 1838/1171/1011 1895/1172/1012 1970/2258/1010
f 1895/1172/1012 1838/1171/1011 1839/2259/1013
f 1839/2259/1013 1894/2260/1013 1895/1172/1012
f 1894/2260/1013 1839/2259/1013 1840/2261/1014
f 1840/2261/1014 1967/2262/1014 1894/2260/1013
f 1967/2262/1014 1840/2261/1014 1842/2263/1015
f 1842/2263/1015 1966/2264/1015 1967/2262/1014
f 1966/2264/1015 1842/2263/1015 1843/2265/1016
f 1843/2265/1016 1965/2266/1016 1966/2264/1015
f 1965/2266/1016 1843/2265/1016 1845/2267/1017
f 1845/2267/1017 1963/2268/1017 1965/2266/1016
f 1963/2268/1017 1845/2267/1017 1846/2269/1018
f 1846/2269/1018 1962/2270/1018 1963/2268/1017
f 1962/2270/1018 1846/2269/1018 1848/901/1019
f 1848/901/1019 1960/902/1019 1962/2270/1018
f 1960/902/1019 1848/901/1019 1849/2271/1020
f 1849/2271/1020 1959/2272/1020 1960/902/1019
f 1959/2272/1020 1849/2271/1020 1850/2273/1021
f 1850/2273/1021 1958/2274/1021 1959/2272/1020
f 1958/2274/1021 1850/2273/1021 3141/905/1022
f 3141/905/1022 3142/906/1022 1958/2274/1021
f 3142/906/1022 3141/905/1022 1852/2275/1023
f 1852/2275/1023 1956/2276/1023 3142/906/1022
f 1956/2276/1023 1852/2275/1023 1853/2277/1024
f 1853/2277/1024 1955/2278/1024 1956/2276/1023
f 1955/2278/1024 1853/2277/1024 3143/2279/1025
f 3143/2279/1025 1952/2280/1025 1955/2278/1024
f 1952/2280/1025 3143/2279/1025 1855/2281/1026
f 1855/2281/1026 1951/2282/1026 1952/2280/1025
f 1951/2282/1026 1855/2281/1026 1856/1185/1027
f 1856/1185/1027 1950/1186/1027 1951/2282/1026
f 1950/1186/1027 1856/1185/1027 1857/2283/1028
f 1857/2283/1028 1949/2284/1028 1950/1186/1027
f 1949/2284/1028 1857/2283/1028 1859/2285/1029
f 1859/2285/1029 1947/2286/1029 1949/2284/1028
f 1947/2286/1029 1859/2285/1029 1860/582/1030
f 1860/582/1030 1946/583/1030 1947/2286/1029
f 1946/583/1030 1860/582/1030 1862/2287/1031
f 1862/2287/1031 1944/2288/1031 1946/583/1030
f 1944/2288/1031 1862/2287/1031 1863/2289/1032
f 1863/2289/1032 1942/2290/1032 1944/2288/1031
f 1942/2290/1032 1863/2289/1032 1877/2291/1033
f 1877/2291/1033 1941/2292/1033 1942/2290/1032
f 1941/2292/1033 1877/2291/1033 1878/444/1034
f 1878/444/1034 1940/445/1034 1941/2292/1033
f 1940/445/1034 1878/444/1034 1880/2293/1035
f 1880/2293/1035 1938/2294/1035 1940/445/1034
f 1938/2294/1035 1880/2293/1035 1881/2295/1036
f 1881/2295/1036 1937/2296/1036 1938/2294/1035
f 1937/2296/1036 1881/2295/1036 3144/2297/1037
f 3144/2297/1037 3145/2298/1037 1937/2296/1036
f 3145/2298/1037 3144/2297/1037 3146/2299/1038
f 3146/2299/1038 3147/2300/1038 3145/2298/1037
f 3147/2300/1038 3146/2299/1038 3148/2301/1039
f 3148/2301/1039 3149/2302/1039 3147/2300/1038
f 3149/2302/1039 3148/2301/1039 1865/2303/1040
f 1865/2303/1040 1909/2304/1041 3149/2302/1039
f 1909/2304/1041 1865/2303/1040 3150/2305/1042
f 3150/2305/1042 3151/2306/1043 1909/2304/1041
f 3151/2306/1043 3150/2305/1042 3152/2307/1012
f 3152/2307/1012 3153/2308/1012 3151/2306/1043
f 3153/2308/1012 3152/2307/1012 3154/2309/1044
f 3154/2309/1044 3155/2310/1044 3153/2308/1012
f 3155/2310/1044 3154/2309/1044 3156/2311/1045
f 3156/2311/1045 3157/2312/1045 3155/2310/1044
f 3157/2312/1045 3156/2311/1045 3158/2313/1046
f 3158/2313/1046 3159/2314/1046 3157/2312/1045
f 3159/2314/1046 3158/2313/1046 3160/450/1047
f 3160/450/1047 3161/451/1048 3159/2314/1046
f 3161/451/1048 3160/450/1047 1868/2315/1049
f 1868/2315/1049 1914/2316/1050 3161/451/1048
f 1914/2316/1050 1868/2315/1049 1869/948/1051
f 1869/948/1051 1916/949/1051 1914/2316/1050
f 1916/949/1051 1869/948/1051 1871/2317/1052
f 1871/2317/1052 1917/2318/1052 1916/949/1051
f 1917/2318/1052 1871/2317/1052 1870/2319/1053
f 1870/2319/1053 1911/2320/1053 1917/2318/1052
f 1911/2320/1053 1870/2319/1053 1873/2321/1054
f 1873/2321/1054 1913/2322/1054 1911/2320/1053
f 1913/2322/1054 1873/2321/1054 1872/2323/1055
f 1872/2323/1055 1912/2324/1055 1913/2322/1054
f 1912/2324/1055 1872/2323/1055 1867/2325/1056
f 1867/2325/1056 1915/2326/1057 1912/2324/1055
f 1915/2326/1057 1867/2325/1056 1889/628/1058
f 1889/628/1058 1910/629/1059 1915/2326/1057
f 1910/629/1059 1889/628/1058 1888/2327/1060
f 1888/2327/1060 1908/2328/1060 1910/629/1059
f 1908/2328/1060 1888/2327/1060 1874/2329/1061
f 1874/2329/1061 1907/2330/1061 1908/2328/1060
f 1907/2330/1061 1874/2329/1061 1875/490/1062
f 1875/490/1062 1906/491/1062 1907/2330/1061
f 1906/491/1062 1875/490/1062 3162/2331/1063
f 3162/2331/1063 3163/2332/1064 1906/491/1062
f 3163/2332/1064 3162/2331/1063 3164/2333/1065
f 3164/2333/1065 1904/2334/1066 3163/2332/1064
f 1904/2334/1066 3164/2333/1065 3165/1695/1067
f 3165/1695/1067 1903/2335/1068 1904/2334/1066
f 1903/2335/1068 3165/1695/1067 3166/2336/1069
f 3166/2336/1069 1902/2337/1070 1903/2335/1068
f 1902/2337/1070 3166/2336/1069 3167/2150/1071
f 3167/2150/1071 1901/2029/1072 1902/2337/1070
f 1901/2029/1072 3167/2150/1071 3168/2338/1073
f 3168/2338/1073 1899/2339/1074 1901/2029/1072
f 1899/2339/1074 3168/2338/1073 3169/2340/1075
f 3169/2340/1075 1898/2341/1076 1899/2339/1074
f 1898/2341/1076 3169/2340/1075 3170/2342/1077
f 3170/2342/1077 1897/2343/1078 1898/2341/1076
f 1897/2343/1078 3170/2342/1077 3171/2344/1079
f 3171/2344/1079 1890/2345/990 1897/2343/1078
f 1890/2345/990 3171/2344/1079 3172/1100/631
f 3172/1100/631 1892/1101/990 1890/2345/990
f 1892/1101/990 3172/1100/631 3131/351/1080
f 3131/351/1080 1891/352/295 1892/1101/990
f 1896/217/117 3174/221/1082 3173/823/1081
f 3173/823/1081 1900/824/1083 1896/217/117
f 1900/824/1083 3173/823/1081 3175/2346/1084
f 3175/2346/1084 3176/2347/1085 1900/824/1083
f 3176/2347/1085 3175/2346/1084 1866/2348/1086
f 1866/2348/1086 1905/2349/1086 3176/2347/1085
f 1905/2349/1086 1866/2348/1086 1864/1205/1087
f 1864/1205/1087 1935/1206/1087 1905/2349/1086
f 1935/1206/1087 1864/1205/1087 1882/2350/1088
f 1882/2350/1088 1934/2351/1088 1935/1206/1087
f 1934/2351/1088 1882/2350/1088 1883/2352/1089
f 1883/2352/1089 1933/2353/1089 1934/2351/1088
f 1933/2353/1089 1883/2352/1089 1884/2354/1090
f 1884/2354/1090 1932/2355/1090 1933/2353/1089
f 1932/2355/1090 1884/2354/1090 1885/863/1091
f 1885/863/1091 1931/864/1091 1932/2355/1090
f 1931/864/1091 1885/863/1091 1886/2356/1092
f 1886/2356/1092 1929/2357/1092 1931/864/1091
f 1929/2357/1092 1886/2356/1092 1887/2358/1093
f 1887/2358/1093 1930/2359/1093 1929/2357/1092
f 1930/2359/1093 1887/2358/1093 3177/2360/1094
f 3177/2360/1094 3178/2361/1094 1930/2359/1093
f 3178/2361/1094 3177/2360/1094 3179/2362/1095
f 3179/2362/1095 3180/2363/1095 3178/2361/1094
f 3180/2363/1095 3179/2362/1095 3181/1217/1096
f 3181/1217/1096 3182/1218/1096 3180/2363/1095
f 3182/1218/1096 3181/1217/1096 1879/2364/1097
f 1879/2364/1097 1936/2365/1097 3182/1218/1096
f 1936/2365/1097 1879/2364/1097 1876/2366/1098
f 1876/2366/1098 1939/2367/1098 1936/2365/1097
f 1939/2367/1098 1876/2366/1098 1861/2368/1099
f 1861/2368/1099 1943/2369/1099 1939/2367/1098
f 1943/2369/1099 1861/2368/1099 1858/2370/1100
f 1858/2370/1100 1945/2371/1100 1943/2369/1099
f 1945/2371/1100 1858/2370/1100 1854/2372/1101
f 1854/2372/1101 1948/2373/1101 1945/2371/1100
f 1948/2373/1101 1854/2372/1101 3183/2374/991
f 3183/2374/991 1953/2375/991 1948/2373/1101
f 1953/2375/991 3183/2374/991 1851/2376/1102
f 1851/2376/1102 1954/2377/1102 1953/2375/991
f 1954/2377/1102 1851/2376/1102 3184/2378/1103
f 3184/2378/1103 3185/2379/1103 1954/2377/1102
f 3185/2379/1103 3184/2378/1103 1847/2380/1104
f 1847/2380/1104 1957/2381/1104 3185/2379/1103
f 1957/2381/1104 1847/2380/1104 1844/2382/1105
f 1844/2382/1105 1961/2383/1105 1957/2381/1104
f 1961/2383/1105 1844/2382/1105 1841/2384/1106
f 1841/2384/1106 1964/2385/1106 1961/2383/1105
f 1964/2385/1106 1841/2384/1106 1837/2386/1107
f 1837/2386/1107 1893/2387/1108 1964/2385/1106
f 1893/2387/1108 1837/2386/1107 3186/2388/1109
f 3186/2388/1109 3187/2389/1110 1893/2387/1108
f 3187/2389/1110 3186/2388/1109 3188/2390/1111
f 3188/2390/1111 3189/2391/1112 3187/2389/1110
f 3189/2391/1112 3188/2390/1111 3190/2285/1113
f 3190/2285/1113 3191/2286/1114 3189/2391/1112
f 3191/2286/1114 3190/2285/1113 3192/2392/1115
f 3192/2392/1115 1918/2393/1116 3191/2286/1114
f 1918/2393/1116 3192/2392/1115 3193/2394/1117
f 3193/2394/1117 1920/2395/1118 1918/2393/1116
f 1920/2395/1118 3193/2394/1117 3194/2396/1119
f 3194/2396/1119 1968/2397/1120 1920/2395/1118
f 1968/2397/1120 3194/2396/1119 3195/2398/1121
f 3195/2398/1121 1969/2399/1122 1968/2397/1120
f 1969/2399/1122 3195/2398/1121 3196/2400/1123
f 3196/2400/1123 1928/2401/1124 1969/2399/1122
f 1928/2401/1124 3196/2400/1123 3197/2402/1125
f 3197/2402/1125 1927/2403/1126 1928/2401/1124
f 1927/2403/1126 3197/2402/1125 3198/2404/1127
f 3198/2404/1127 1926/2405/1128 1927/2403/1126
f 1926/2405/1128 3198/2404/1127 3199/590/1129
f 3199/590/1129 1921/591/1130 1926/2405/1128
f 1921/591/1130 3199/590/1129 3200/986/1131
f 3200/986/1131 1923/987/1132 1921/591/1130
f 1923/987/1132 3200/986/1131 3201/2406/1079
f 3201/2406/1079 1925/2407/990 1923/987/1132
f 1925/2407/990 3201/2406/1079 3174/351/1082
f 3174/351/1082 1896/352/117 1925/2407/990
f 1889/1657/1058 1867/1636/1056 1868/1637/1049
f 1868/1637/1049 3150/2408/1042 1889/1657/1058
f 3174/1659/1082 3131/217/1080 3171/1658/1079
f 3171/1658/1079 3170/1660/1077 3174/1659/1082
f 3174/1659/1082 3168/1662/1073 3167/1664/1071
f 3167/1664/1071 3173/1663/1081 3174/1659/1082
f 3132/1672/1000 3130/221/293 3200/1673/1131
f 3200/1673/1131 3199/1671/1129 3132/1672/1000
f 3173/1663/1081 3164/1667/1065 3162/2410/1063
f 3162/2410/1063 3175/2411/1084 3173/1663/1081
f 3132/1672/1000 3196/1677/1123 3195/1681/1121
f 3195/1681/1121 3133/1669/999 3132/1672/1000
f 3133/1669/999 3192/1668/1115 3190/2412/1113
f 3190/2412/1113 3134/2413/1003 3133/1669/999
f 3138/2416/1007 3136/2414/1005 3190/2412/1113
f 3190/2412/1113 3188/2415/1111 3138/2416/1007
f 3140/1682/1009 3138/2416/1007 3188/2415/1111
f 3188/2415/1111 3186/2417/1109 3140/1682/1009
f 1838/1607/1011 3140/1682/1009 3186/2417/1109
f 3186/2417/1109 1837/1606/1107 1838/1607/1011
f 3141/2418/293 1850/1619/293 1847/1616/293
f 1847/1616/293 3184/2419/293 3141/2418/293
f 3141/2418/293 3184/2419/293 1851/1620/293
f 1851/1620/293 1852/1621/293 3141/2418/293
f 1853/1622/293 1851/1620/293 3183/1679/293
f 3183/1679/293 3143/1678/293 1853/1622/293
f 3143/1678/293 3183/1679/293 1854/1623/293
f 1854/1623/293 1855/1624/293 3143/1678/293
f 3146/2428/293 3177/2420/293 1887/1655/293
f 1887/1655/293 3148/2421/293 3146/2428/293
f 3152/2424/293 3158/2423/293 3156/2422/293
f 3156/2422/293 3154/2425/293 3152/2424/293
f 3144/2427/293 1881/1649/293 3181/2426/293
f 3181/2426/293 3179/2429/293 3144/2427/293
f 3144/2427/293 3179/2429/293 3177/2420/293
f 3177/2420/293 3146/2428/293 3144/2427/293
f 1896/1659/294 1900/1663/294 1901/1664/294
f 1901/1664/294 1899/1662/294 1896/1659/294
f 1900/1663/294 3176/2411/294 3163/2410/294
f 3163/2410/294 1904/1667/294 1900/1663/294
f 1915/1636/294 1910/1657/294 3151/2408/294
f 3151/2408/294 1914/1637/294 1915/1636/294
f 3157/2422/294 3159/2423/294 3153/2424/294
f 3153/2424/294 3155/2425/294 3157/2422/294
f 3147/2428/294 3149/2421/294 1930/1655/294
f 1930/1655/294 3178/2420/294 3147/2428/294
f 3145/2427/294 3147/2428/294 3178/2420/294
f 3178/2420/294 3180/2429/294 3145/2427/294
f 1937/1649/294 3145/2427/294 3180/2429/294
f 3180/2429/294 3182/2426/294 1937/1649/294
f 3142/2418/294 1956/1621/294 1954/1620/294
f 1954/1620/294 3185/2419/294 3142/2418/294
f 3142/2418/294 3185/2419/294 1957/1616/294
f 1957/1616/294 1958/1619/294 3142/2418/294
f 1919/1669/294 3135/2413/294 3191/2412/294
f 3191/2412/294 1918/1668/294 1919/1669/294
f 3139/2416/294 1970/1682/294 3187/2417/294
f 3187/2417/294 3189/2415/294 3139/2416/294
f 3137/2414/294 3139/2416/294 3189/2415/294
f 3189/2415/294 3191/2412/294 3137/2414/294
f 2538/217/18 2346/221/18 2347/2430/18
f 2347/2430/18 2537/2431/18 2538/217/18
f 2537/2431/1 2347/2430/1 2344/526/1
f 2344/526/1 2535/527/1 2537/2431/1
f 2535/527/214 2344/526/214 2324/1127/214
f 2324/1127/214 2526/1128/214 2535/527/214
f 2526/1128/1133 2324/1127/1133 2321/2432/1133
f 2321/2432/1133 2539/2433/1133 2526/1128/1133
f 2539/2433/1134 2321/2432/1134 2319/2434/1134
f 2319/2434/1134 2542/2435/1134 2539/2433/1134
f 2542/2435/1135 2319/2434/1135 2317/2436/1135
f 2317/2436/1135 2544/2437/1135 2542/2435/1135
f 2544/2437/1136 2317/2436/1136 2315/2438/1136
f 2315/2438/1136 2546/2439/1136 2544/2437/1136
f 2546/2439/1137 2315/2438/1137 2313/2440/1137
f 2313/2440/1137 2548/2441/1137 2546/2439/1137
f 2548/2441/1138 2313/2440/1138 2311/2442/1138
f 2311/2442/1138 2550/2443/1138 2548/2441/1138
f 2550/2443/1139 2311/2442/1139 2308/859/1139
f 2308/859/1139 2552/860/1139 2550/2443/1139
f 2552/860/1140 2308/859/1140 2309/2444/1140
f 2309/2444/1140 2553/2445/1140 2552/860/1140
f 2553/2445/1141 2309/2444/1141 2310/2446/1141
f 2310/2446/1141 2551/2447/1141 2553/2445/1141
f 2551/2447/1142 2310/2446/1142 2312/2448/1142
f 2312/2448/1142 2549/2449/1142 2551/2447/1142
f 2549/2449/1143 2312/2448/1143 2314/2450/1143
f 2314/2450/1143 2547/347/1143 2549/2449/1143
f 2547/347/1144 2314/2450/1144 2316/2451/1144
f 2316/2451/1144 2545/1927/1144 2547/347/1144
f 2545/1927/1145 2316/2451/1145 2318/2452/1145
f 2318/2452/1145 2543/2453/1145 2545/1927/1145
f 2543/2453/1146 2318/2452/1146 2320/1219/1146
f 2320/1219/1146 2541/1220/1146 2543/2453/1146
f 2541/1220/1147 2320/1219/1147 2322/2454/1147
f 2322/2454/1147 2540/2455/1147 2541/1220/1147
f 2540/2455/1148 2322/2454/1148 2323/1221/1148
f 2323/1221/1148 2533/1222/1148 2540/2455/1148
f 2533/1222/1149 2323/1221/1149 2325/2456/1149
f 2325/2456/1149 2527/2457/1149 2533/1222/1149
f 2527/2457/1150 2325/2456/1150 2326/2458/1150
f 2326/2458/1150 2525/2459/1150 2527/2457/1150
f 2525/2459/1151 2326/2458/1151 2328/2460/1151
f 2328/2460/1151 2523/2461/1151 2525/2459/1151
f 2523/2461/1153 2328/2460/1153 2330/2462/1152
f 2330/2462/1152 2521/2463/1152 2523/2461/1153
f 2521/2463/1152 2330/2462/1152 2333/2464/1154
f 2333/2464/1154 2515/2465/1154 2521/2463/1152
f 2515/2465/1154 2333/2464/1154 2348/2466/1155
f 2348/2466/1155 2510/2467/1155 2515/2465/1154
f 2510/2467/1155 2348/2466/1155 2353/2468/1156
f 2353/2468/1156 2505/2469/1156 2510/2467/1155
f 2505/2469/1156 2353/2468/1156 2358/2265/1157
f 2358/2265/1157 2502/2266/1157 2505/2469/1156
f 2502/2266/1157 2358/2265/1157 2361/2269/1158
f 2361/2269/1158 2500/2270/1158 2502/2266/1157
f 2500/2270/1158 2361/2269/1158 2363/1179/1159
f 2363/1179/1159 2498/1180/1159 2500/2270/1158
f 2498/1180/1159 2363/1179/1159 2365/2470/1160
f 2365/2470/1160 2497/2471/1160 2498/1180/1159
f 2497/2471/1160 2365/2470/1160 2366/2472/1101
f 2366/2472/1101 2494/2473/1101 2497/2471/1160
f 2494/2473/1101 2366/2472/1101 2369/580/1100
f 2369/580/1100 2487/581/1100 2494/2473/1101
f 2487/581/1100 2369/580/1100 2372/914/1099
f 2372/914/1099 2483/915/1099 2487/581/1100
f 2483/915/1099 2372/914/1099 2375/2474/1161
f 2375/2474/1161 2477/2475/1161 2483/915/1099
f 2477/2475/1161 2375/2474/1161 2378/2476/1162
f 2378/2476/1162 2471/2477/1162 2477/2475/1161
f 2471/2477/1162 2378/2476/1162 2382/922/1163
f 2382/922/1163 2461/923/1163 2471/2477/1162
f 2461/923/1163 2382/922/1163 2387/2478/1164
f 2387/2478/1164 2454/2479/1164 2461/923/1163
f 2454/2479/1164 2387/2478/1164 2399/363/1165
f 2399/363/1165 2452/364/1165 2454/2479/1164
f 2452/364/1165 2399/363/1165 2401/2480/1166
f 2401/2480/1166 2450/2481/1166 2452/364/1165
f 2450/2481/1166 2401/2480/1166 2403/2482/1167
f 2403/2482/1167 2448/1428/1167 2450/2481/1166
f 2448/1428/1167 2403/2482/1167 2406/2297/1168
f 2406/2297/1168 2445/2298/1168 2448/1428/1167
f 2445/2298/1168 2406/2297/1168 2409/2299/1169
f 2409/2299/1169 2443/2300/1169 2445/2298/1168
f 2443/2300/1169 2409/2299/1169 2411/2301/1170
f 2411/2301/1170 2441/2302/1170 2443/2300/1169
f 2441/2302/1170 2411/2301/1170 2413/2483/1171
f 2413/2483/1171 2439/2484/1171 2441/2302/1170
f 2439/2484/1171 2413/2483/1171 2416/2485/1172
f 2416/2485/1172 2436/2486/1172 2439/2484/1171
f 2436/2486/1172 2416/2485/1172 2419/2487/1173
f 2419/2487/1173 2434/2488/1173 2436/2486/1172
f 2434/2488/1173 2419/2487/1173 2421/2489/1174
f 2421/2489/1174 2433/2490/1174 2434/2488/1173
f 2433/2490/1174 2421/2489/1174 2422/2491/1175
f 2422/2491/1175 2432/2492/1175 2433/2490/1174
f 2432/2492/1175 2422/2491/1175 2420/2493/1002
f 2420/2493/1002 2431/2494/1002 2432/2492/1175
f 2431/2494/1002 2420/2493/1002 2418/2495/1176
f 2418/2495/1176 2435/2496/1176 2431/2494/1002
f 2435/2496/1176 2418/2495/1176 2417/2497/1177
f 2417/2497/1177 2437/2498/1177 2435/2496/1176
f 2437/2498/1177 2417/2497/1177 2414/2499/1178
f 2414/2499/1178 2438/2500/1178 2437/2498/1177
f 2438/2500/1178 2414/2499/1178 2412/998/1179
f 2412/998/1179 2440/999/1179 2438/2500/1178
f 2440/999/1179 2412/998/1179 2410/2501/1180
f 2410/2501/1180 2442/2502/1180 2440/999/1179
f 2442/2502/1180 2410/2501/1180 2408/2503/1181
f 2408/2503/1181 2444/2504/1181 2442/2502/1180
f 2444/2504/1181 2408/2503/1181 2407/598/1182
f 2407/598/1182 2446/599/1182 2444/2504/1181
f 2446/599/1182 2407/598/1182 2404/1702/1183
f 2404/1702/1183 2447/2016/1183 2446/599/1182
f 2447/2016/1183 2404/1702/1183 2402/2505/1016
f 2402/2505/1016 2449/2506/1016 2447/2016/1183
f 2449/2506/1016 2402/2505/1016 2400/1021/1184
f 2400/1021/1184 2451/1022/1184 2449/2506/1016
f 2451/1022/1184 2400/1021/1184 2398/2507/1185
f 2398/2507/1185 2453/2508/1185 2451/1022/1184
f 2453/2508/1185 2398/2507/1185 2391/2509/1186
f 2391/2509/1186 2455/2510/1186 2453/2508/1185
f 2455/2510/1186 2391/2509/1186 2405/2511/1187
f 2405/2511/1187 2472/2512/1187 2455/2510/1186
f 2472/2512/1187 2405/2511/1187 2426/2513/1188
f 2426/2513/1188 2486/2514/1188 2472/2512/1187
f 2486/2514/1188 2426/2513/1188 2430/2515/1189
f 2430/2515/1189 2493/2516/1189 2486/2514/1188
f 2493/2516/1189 2430/2515/1189 2429/1259/1190
f 2429/1259/1190 2492/1260/1190 2493/2516/1189
f 2492/1260/1190 2429/1259/1190 2428/480/1191
f 2428/480/1191 2491/481/1191 2492/1260/1190
f 2491/481/1191 2428/480/1191 2427/2517/1192
f 2427/2517/1192 2490/2518/1192 2491/481/1191
f 2490/2518/1192 2427/2517/1192 2425/2519/1193
f 2425/2519/1193 2482/2520/1193 2490/2518/1192
f 2482/2520/1193 2425/2519/1193 2424/1043/1194
f 2424/1043/1194 2481/1044/1194 2482/2520/1193
f 2481/1044/1194 2424/1043/1194 2423/2521/1195
f 2423/2521/1195 2480/2522/1195 2481/1044/1194
f 2480/2522/1195 2423/2521/1195 2415/1045/1196
f 2415/1045/1196 2476/1046/1196 2480/2522/1195
f 2476/1046/1196 2415/1045/1196 2397/2523/1197
f 2397/2523/1197 2470/2524/1197 2476/1046/1196
f 2470/2524/1197 2397/2523/1197 2396/2525/1122
f 2396/2525/1122 2469/2526/1122 2470/2524/1197
f 2469/2526/1122 2396/2525/1122 2395/2527/1144
f 2395/2527/1144 2468/2528/1144 2469/2526/1122
f 2468/2528/1144 2395/2527/1144 2394/2529/1198
f 2394/2529/1198 2464/2530/1198 2468/2528/1144
f 2464/2530/1198 2394/2529/1198 2393/371/1142
f 2393/371/1142 2462/372/1142 2464/2530/1198
f 2462/372/1142 2393/371/1142 2392/2531/1199
f 2392/2531/1199 2460/2532/1199 2462/372/1142
f 2460/2532/1199 2392/2531/1199 2390/2533/1200
f 2390/2533/1200 2456/2534/1200 2460/2532/1199
f 2456/2534/1200 2390/2533/1200 2389/2535/1201
f 2389/2535/1201 2457/2536/1201 2456/2534/1200
f 2457/2536/1201 2389/2535/1201 2388/484/1202
f 2388/484/1202 2458/485/1202 2457/2536/1201
f 2458/485/1202 2388/484/1202 2386/2537/1203
f 2386/2537/1203 2459/2538/1203 2458/485/1202
f 2459/2538/1203 2386/2537/1203 2385/2539/1204
f 2385/2539/1204 2463/2540/1204 2459/2538/1203
f 2463/2540/1204 2385/2539/1204 2384/2541/1205
f 2384/2541/1205 2465/2542/1205 2463/2540/1204
f 2465/2542/1205 2384/2541/1205 2383/2543/1206
f 2383/2543/1206 2466/2544/1206 2465/2542/1205
f 2466/2544/1206 2383/2543/1206 2381/2545/1207
f 2381/2545/1207 2467/2546/1207 2466/2544/1206
f 2467/2546/1207 2381/2545/1207 2380/1063/1208
f 2380/1063/1208 2473/349/1208 2467/2546/1207
f 2473/349/1208 2380/1063/1208 2379/2547/1209
f 2379/2547/1209 2474/2548/1209 2473/349/1208
f 2474/2548/1209 2379/2547/1209 2377/2549/1210
f 2377/2549/1210 2475/2550/1210 2474/2548/1209
f 2475/2550/1210 2377/2549/1210 2376/2551/1211
f 2376/2551/1211 2478/2552/1211 2475/2550/1210
f 2478/2552/1211 2376/2551/1211 2374/2325/1212
f 2374/2325/1212 2479/2326/1212 2478/2552/1211
f 2479/2326/1212 2374/2325/1212 2373/2148/1213
f 2373/2148/1213 2484/2027/1213 2479/2326/1212
f 2484/2027/1213 2373/2148/1213 2371/2553/1214
f 2371/2553/1214 2485/2554/1214 2484/2027/1213
f 2485/2554/1214 2371/2553/1214 2370/373/1215
f 2370/373/1215 2488/374/1215 2485/2554/1214
f 2488/374/1215 2370/373/1215 2368/2331/1216
f 2368/2331/1216 2489/2332/1216 2488/374/1215
f 2489/2332/1216 2368/2331/1216 2367/2555/1217
f 2367/2555/1217 2495/2556/1217 2489/2332/1216
f 2495/2556/1217 2367/2555/1217 2364/2557/1218
f 2364/2557/1218 2496/2558/1218 2495/2556/1217
f 2496/2558/1218 2364/2557/1218 2362/2559/1219
f 2362/2559/1219 2499/2560/1219 2496/2558/1218
f 2499/2560/1219 2362/2559/1219 2360/2561/1220
f 2360/2561/1220 2501/2562/1220 2499/2560/1219
f 2501/2562/1220 2360/2561/1220 2359/2563/1221
f 2359/2563/1221 2503/2564/1221 2501/2562/1220
f 2503/2564/1221 2359/2563/1221 2357/2565/1222
f 2357/2565/1222 2504/2566/1222 2503/2564/1221
f 2504/2566/1222 2357/2565/1222 2356/2567/1223
f 2356/2567/1223 2506/2568/1223 2504/2566/1222
f 2506/2568/1223 2356/2567/1223 2355/2247/1224
f 2355/2247/1224 2507/2248/1224 2506/2568/1223
f 2507/2248/1224 2355/2247/1224 2354/2569/1225
f 2354/2569/1225 2508/2570/1225 2507/2248/1224
f 2508/2570/1225 2354/2569/1225 2352/2571/1226
f 2352/2571/1226 2509/2572/1226 2508/2570/1225
f 2509/2572/1226 2352/2571/1226 2351/2573/1227
f 2351/2573/1227 2511/2574/1227 2509/2572/1226
f 2511/2574/1227 2351/2573/1227 2350/2575/1228
f 2350/2575/1228 2512/2576/1228 2511/2574/1227
f 2512/2576/1228 2350/2575/1228 2349/2577/1229
f 2349/2577/1229 2513/2578/1229 2512/2576/1228
f 2513/2578/1229 2349/2577/1229 2343/2579/1230
f 2343/2579/1230 2514/2580/1230 2513/2578/1229
f 2514/2580/1230 2343/2579/1230 2342/2581/1231
f 2342/2581/1231 2516/2582/1231 2514/2580/1230
f 2516/2582/1231 2342/2581/1231 2341/2583/1232
f 2341/2583/1232 2517/2584/1232 2516/2582/1231
f 2517/2584/1232 2341/2583/1232 2337/504/1233
f 2337/504/1233 2518/505/1233 2517/2584/1232
f 2518/505/1233 2337/504/1233 2335/2585/1234
f 2335/2585/1234 2519/2586/1234 2518/505/1233
f 2519/2586/1234 2335/2585/1234 2331/2587/1235
f 2331/2587/1235 2520/2588/1235 2519/2586/1234
f 2520/2588/1235 2331/2587/1235 2329/2589/1236
f 2329/2589/1236 2522/2590/1236 2520/2588/1235
f 2522/2590/1236 2329/2589/1236 2327/2591/1237
f 2327/2591/1237 2524/2592/1237 2522/2590/1236
f 2524/2592/1237 2327/2591/1237 2332/2593/1086
f 2332/2593/1086 2528/2594/1086 2524/2592/1237
f 2528/2594/1086 2332/2593/1086 2334/2595/1238
f 2334/2595/1238 2529/2596/1238 2528/2594/1086
f 2529/2596/1238 2334/2595/1238 2336/2597/1239
f 2336/2597/1239 2530/2598/1239 2529/2596/1238
f 2530/2598/1239 2336/2597/1239 2338/510/1240
f 2338/510/1240 2531/511/1240 2530/2598/1239
f 2531/511/1240 2338/510/1240 2339/2599/1241
f 2339/2599/1241 2532/2600/1241 2531/511/1240
f 2532/2600/1241 2339/2599/1241 2340/2601/1242
f 2340/2601/1242 2534/2602/1242 2532/2600/1241
f 2534/2602/1242 2340/2601/1242 2345/2603/699
f 2345/2603/699 2536/2604/699 2534/2602/1242
f 2536/2604/699 2345/2603/699 2346/351/295
f 2346/351/295 2538/352/295 2536/2604/699
f 2568/217/34 2558/221/34 2561/2217/117
f 2561/2217/117 2567/2218/117 2568/217/34
f 2567/2218/117 2561/2217/117 2560/2219/990
f 2560/2219/990 2566/2220/990 2567/2218/117
f 2566/2220/990 2560/2219/990 2559/2221/990
f 2559/2221/990 2569/2222/990 2566/2220/990
f 2569/2222/990 2559/2221/990 2557/873/117
f 2557/873/117 2570/874/117 2569/2222/990
f 2570/874/117 2557/873/117 2554/1285/117
f 2554/1285/117 2573/1286/117 2570/874/117
f 2573/1286/117 2554/1285/117 2555/2223/990
f 2555/2223/990 2572/2224/990 2573/1286/117
f 2572/2224/990 2555/2223/990 2556/2225/990
f 2556/2225/990 2571/2226/990 2572/2224/990
f 2571/2226/990 2556/2225/990 2562/448/117
f 2562/448/117 2574/449/117 2571/2226/990
f 2574/449/117 2562/448/117 2564/2227/117
f 2564/2227/117 2577/2228/117 2574/449/117
f 2577/2228/117 2564/2227/117 2565/2229/990
f 2565/2229/990 2576/2230/990 2577/2228/117
f 2576/2230/990 2565/2229/990 2563/2231/699
f 2563/2231/699 2575/2232/699 2576/2230/990
f 2575/2232/699 2563/2231/699 2558/351/34
f 2558/351/34 2568/352/34 2575/2232/699
f 2588/217/34 2585/221/34 2584/2605/1243
f 2584/2605/1243 2592/2606/1243 2588/217/34
f 2592/2606/1243 2584/2605/1243 2581/2607/1244
f 2581/2607/1244 2593/2608/1244 2592/2606/1243
f 2593/2608/1244 2581/2607/1244 2582/859/34
f 2582/859/34 2597/860/34 2593/2608/1244
f 2597/860/34 2582/859/34 2578/2609/117
f 2578/2609/117 2596/2610/117 2597/860/34
f 2596/2610/117 2578/2609/117 2579/1295/990
f 2579/1295/990 2594/1296/990 2596/2610/117
f 2594/1296/990 2579/1295/990 2580/2611/1245
f 2580/2611/1245 2595/2612/1245 2594/1296/990
f 2595/2612/1245 2580/2611/1245 2583/2613/1246
f 2583/2613/1246 2591/2614/1246 2595/2612/1245
f 2591/2614/1246 2583/2613/1246 2587/1055/990
f 2587/1055/990 2590/1056/990 2591/2614/1246
f 2590/1056/990 2587/1055/990 2586/490/699
f 2586/490/699 2589/491/699 2590/1056/990
f 2589/491/699 2586/490/699 2585/351/34
f 2585/351/34 2588/352/34 2589/491/699
f 1406/217/1248 1296/221/1248 1291/2615/1247
f 1291/2615/1247 1401/2616/1247 1406/217/1248
f 1401/2616/1247 1291/2615/1247 1284/381/1249
f 1284/381/1249 1387/382/1249 1401/2616/1247
f 1387/382/1249 1284/381/1249 1279/765/1250
f 1279/765/1250 1385/766/1250 1387/382/1249
f 1385/766/1250 1279/765/1250 1297/2617/1251
f 1297/2617/1251 1386/2618/1251 1385/766/1250
f 1386/2618/1251 1297/2617/1251 1199/2619/1252
f 1199/2619/1252 1395/2620/1252 1386/2618/1251
f 1395/2620/1252 1199/2619/1252 1197/524/1253
f 1197/524/1253 1440/525/1253 1395/2620/1252
f 1440/525/1253 1197/524/1253 1196/2621/1254
f 1196/2621/1254 1433/2622/1254 1440/525/1253
f 1433/2622/1254 1196/2621/1254 1194/526/1255
f 1194/526/1255 1432/527/1255 1433/2622/1254
f 1432/527/1034 1194/526/1034 1191/391/1034
f 1191/391/1034 1436/392/1034 1432/527/1034
f 1436/392/732 1191/391/710 1190/2623/709
f 1190/2623/709 1439/2624/733 1436/392/732
f 1439/2624/1256 1190/2623/1256 1188/1193/1256
f 1188/1193/1256 1441/1194/1256 1439/2624/1256
f 1441/1194/734 1188/1193/708 1186/532/708
f 1186/532/708 1430/533/731 1441/1194/734
f 1430/533/1204 1186/532/1204 1184/2625/1204
f 1184/2625/1204 1427/2626/1204 1430/533/1204
f 1427/2626/729 1184/2625/706 1181/2627/706
f 1181/2627/706 1425/2628/729 1427/2626/729
f 1425/2628/1257 1181/2627/1257 1182/837/1257
f 1182/837/1257 1424/838/1257 1425/2628/1257
f 1424/838/728 1182/837/707 1177/2629/702
f 1177/2629/702 1423/2630/727 1424/838/728
f 1423/2630/1258 1177/2629/1258 1178/2631/1258
f 1178/2631/1258 1422/2632/1258 1423/2630/1258
f 1422/2632/726 1178/2631/703 1179/2633/704
f 1179/2633/704 1421/2634/725 1422/2632/726
f 1421/2634/1259 1179/2633/1259 1180/2635/1259
f 1180/2635/1259 1426/2636/1259 1421/2634/1259
f 1426/2636/730 1180/2635/705 1183/2637/705
f 1183/2637/705 1428/2638/730 1426/2636/730
f 1428/2638/1261 1183/2637/1261 1185/2639/1260
f 1185/2639/1260 1429/2640/1260 1428/2638/1261
f 1429/2640/1260 1185/2639/1260 1187/2641/1262
f 1187/2641/1262 1431/2642/1262 1429/2640/1260
f 1431/2642/1262 1187/2641/1262 1189/2350/1263
f 1189/2350/1263 1438/2351/1263 1431/2642/1262
f 1438/2351/1263 1189/2350/1263 1192/2643/1264
f 1192/2643/1264 1437/2644/1264 1438/2351/1263
f 1437/2644/1264 1192/2643/1264 1193/554/1265
f 1193/554/1265 1435/555/1265 1437/2644/1264
f 1435/555/1265 1193/554/1265 1195/2645/1266
f 1195/2645/1266 1434/2646/1266 1435/555/1265
f 1434/2646/1266 1195/2645/1266 1198/867/1267
f 1198/867/1267 1396/868/1267 1434/2646/1266
f 1396/868/1267 1198/867/1267 1298/2647/1268
f 1298/2647/1268 1394/1962/1268 1396/868/1267
f 1394/1962/1268 1298/2647/1268 1277/871/1269
f 1277/871/1269 1383/872/1269 1394/1962/1268
f 1383/872/1269 1277/871/1269 1271/2448/1154
f 1271/2448/1154 1377/2449/1154 1383/872/1269
f 1377/2449/1154 1271/2448/1154 1266/2648/1270
f 1266/2648/1270 1372/2649/1270 1377/2449/1154
f 1372/2649/1271 1266/2648/1271 1261/2650/1271
f 1261/2650/1271 1367/2651/1271 1372/2649/1271
f 1367/2651/1272 1261/2650/1272 1258/2652/1272
f 1258/2652/1272 1364/2653/1272 1367/2651/1272
f 1364/2653/724 1258/2652/717 1256/2654/716
f 1256/2654/716 1313/2655/718 1364/2653/724
f 1313/2655/1273 1256/2654/1273 1254/2656/1273
f 1254/2656/1273 1315/2657/1273 1313/2655/1273
f 1315/2657/719 1254/2656/715 1253/2658/715
f 1253/2658/715 1316/2659/719 1315/2657/719
f 1316/2659/1274 1253/2658/1274 1250/2660/1274
f 1250/2660/1274 1317/2661/1274 1316/2659/1274
f 1317/2661/1275 1250/2660/1275 1247/2468/1275
f 1247/2468/1275 1320/2469/1275 1317/2661/1275
f 1320/2469/720 1247/2468/714 1242/2662/713
f 1242/2662/713 1324/2663/721 1320/2469/720
f 1324/2663/1276 1242/2662/1276 1231/2664/1276
f 1231/2664/1276 1327/2665/1276 1324/2663/1276
f 1327/2665/722 1231/2664/712 1225/2666/711
f 1225/2666/711 1331/2667/723 1327/2665/722
f 1331/2667/1278 1225/2666/1278 1219/2668/1277
f 1219/2668/1277 1337/2669/1277 1331/2667/1278
f 1337/2669/1277 1219/2668/1277 1223/2384/1279
f 1223/2384/1279 1341/2385/1279 1337/2669/1277
f 1341/2385/1279 1223/2384/1279 1236/2128/1280
f 1236/2128/1280 1348/2079/1280 1341/2385/1279
f 1348/2079/1280 1236/2128/1280 1234/2279/34
f 1234/2279/34 1349/2280/34 1348/2079/1280
f 1349/2280/34 1234/2279/34 1237/2670/1281
f 1237/2670/1281 2598/2671/1281 1349/2280/34
f 2598/2671/1281 1237/2670/1281 1239/2390/1168
f 1239/2390/1168 2600/2391/1168 2598/2671/1281
f 2600/2391/1168 1239/2390/1168 1241/2672/1282
f 1241/2672/1282 1419/2673/1282 2600/2391/1168
f 1419/2673/1282 1241/2672/1282 1308/2674/1283
f 1308/2674/1283 1416/2675/1283 1419/2673/1282
f 1416/2675/1284 1308/2674/1284 1306/2291/1284
f 1306/2291/1284 1414/2292/1284 1416/2675/1284
f 1414/2292/1285 1306/2291/1285 1304/2676/1285
f 1304/2676/1285 1412/2677/1285 1414/2292/1285
f 1412/2677/1286 1304/2676/1286 1302/2678/1286
f 1302/2678/1286 1410/2679/1286 1412/2677/1286
f 1410/2679/1085 1302/2678/1085 1299/2680/1085
f 1299/2680/1085 1409/2681/1085 1410/2679/1085
f 1409/2681/1287 1299/2680/1287 1300/2682/1287
f 1300/2682/1287 1408/2683/1287 1409/2681/1287
f 1408/2683/1001 1300/2682/1001 1301/2684/1001
f 1301/2684/1001 1407/2685/1001 1408/2683/1001
f 1407/2685/1288 1301/2684/1288 1303/2686/1288
f 1303/2686/1288 1411/2687/1288 1407/2685/1288
f 1411/2687/1289 1303/2686/1289 1305/2688/1289
f 1305/2688/1289 1413/2689/1289 1411/2687/1289
f 1413/2689/1290 1305/2688/1290 1307/2319/1290
f 1307/2319/1290 1415/2320/1290 1413/2689/1290
f 1415/2320/1291 1307/2319/1291 1309/2690/1291
f 1309/2690/1291 1417/2691/1291 1415/2320/1291
f 1417/2691/1292 1309/2690/1292 1310/2692/1292
f 1310/2692/1292 1418/2693/1292 1417/2691/1292
f 1418/2693/1293 1310/2692/1293 1240/966/1293
f 1240/966/1293 1420/967/1293 1418/2693/1293
f 1420/967/1294 1240/966/1294 1238/2694/1294
f 1238/2694/1294 2599/2695/1294 1420/967/1294
f 2599/2695/1295 1238/2694/1295 1235/986/1295
f 1235/986/1295 1350/987/1295 2599/2695/1295
f 1350/987/1296 1235/986/1296 1224/462/1296
f 1224/462/1296 1342/463/1296 1350/987/1296
f 1342/463/1297 1224/462/1297 1221/2503/1297
f 1221/2503/1297 1340/2504/1297 1342/463/1297
f 1340/2504/1298 1221/2503/1298 1211/1019/1298
f 1211/1019/1298 1339/1020/1298 1340/2504/1298
f 1339/1020/1299 1211/1019/1299 1202/2696/1299
f 1202/2696/1299 1354/2697/1299 1339/1020/1299
f 1354/2697/1300 1202/2696/1300 1204/2698/1300
f 1204/2698/1300 1359/2699/1300 1354/2697/1300
f 1359/2699/1301 1204/2698/1301 1206/2700/1301
f 1206/2700/1301 1363/2701/1301 1359/2699/1301
f 1363/2701/1302 1206/2700/1302 1207/2702/1302
f 1207/2702/1302 1362/2703/1302 1363/2701/1302
f 1362/2703/1303 1207/2702/1303 1208/2704/1303
f 1208/2704/1303 1361/2705/1303 1362/2703/1303
f 1361/2705/1304 1208/2704/1304 1205/1039/1304
f 1205/1039/1304 1360/1040/1304 1361/2705/1304
f 1360/1040/1305 1205/1039/1305 1203/616/1305
f 1203/616/1305 1358/617/1305 1360/1040/1305
f 1358/617/1306 1203/616/1306 1200/2706/1306
f 1200/2706/1306 1357/2707/1306 1358/617/1306
f 1357/2707/1307 1200/2706/1307 1201/2521/1307
f 1201/2521/1307 1356/2522/1307 1357/2707/1307
f 1356/2522/1308 1201/2521/1308 1209/2245/1308
f 1209/2245/1308 1355/2246/1308 1356/2522/1308
f 1355/2246/1309 1209/2245/1309 1210/2708/1309
f 1210/2708/1309 1344/2709/1309 1355/2246/1309
f 1344/2709/1189 1210/2708/1189 1212/2527/1189
f 1212/2527/1189 1343/2528/1189 1344/2709/1189
f 1343/2528/1310 1212/2527/1310 1213/2710/1310
f 1213/2710/1310 1345/2711/1310 1343/2528/1310
f 1345/2711/1311 1213/2710/1311 1214/371/1311
f 1214/371/1311 1346/372/1311 1345/2711/1311
f 1346/372/1312 1214/371/1312 1215/2712/1312
f 1215/2712/1312 1347/2713/1312 1346/372/1312
f 1347/2713/1313 1215/2712/1313 1216/2714/1313
f 1216/2714/1313 1351/2715/1313 1347/2713/1313
f 1351/2715/1314 1216/2714/1314 1217/2535/1314
f 1217/2535/1314 1352/2536/1314 1351/2715/1314
f 1352/2536/1315 1217/2535/1315 1218/2716/1315
f 1218/2716/1315 1353/2717/1315 1352/2536/1315
f 1353/2717/1316 1218/2716/1316 1220/2718/1316
f 1220/2718/1316 1338/2719/1316 1353/2717/1316
f 1338/2719/1317 1220/2718/1317 1222/2720/1317
f 1222/2720/1317 1336/2721/1317 1338/2719/1317
f 1336/2721/1318 1222/2720/1318 1226/2722/1318
f 1226/2722/1318 1335/2723/1318 1336/2721/1318
f 1335/2723/1319 1226/2722/1319 1227/2724/1319
f 1227/2724/1319 1334/2725/1319 1335/2723/1319
f 1334/2725/1037 1227/2724/1037 1228/1063/1037
f 1228/1063/1037 1333/349/1037 1334/2725/1037
f 1333/349/1133 1228/1063/1133 1229/2726/1133
f 1229/2726/1133 1332/2727/1133 1333/349/1133
f 1332/2727/1320 1229/2726/1320 1230/2551/1320
f 1230/2551/1320 1330/2552/1320 1332/2727/1320
f 1330/2552/1033 1230/2551/1033 1232/2728/1033
f 1232/2728/1033 1329/2729/1033 1330/2552/1033
f 1329/2729/1032 1232/2728/1032 1233/2730/1032
f 1233/2730/1032 1328/2731/1032 1329/2729/1032
f 1328/2731/1321 1233/2730/1321 1243/2553/1321
f 1243/2553/1321 1326/2554/1321 1328/2731/1321
f 1326/2554/1054 1243/2553/1054 1244/2732/1054
f 1244/2732/1054 1325/2733/1054 1326/2554/1054
f 1325/2733/1029 1244/2732/1029 1245/2734/1029
f 1245/2734/1029 1323/2735/1029 1325/2733/1029
f 1323/2735/1322 1245/2734/1322 1246/2736/1322
f 1246/2736/1322 1322/2737/1322 1323/2735/1322
f 1322/2737/1323 1246/2736/1323 1248/2738/1323
f 1248/2738/1323 1321/2739/1323 1322/2737/1323
f 1321/2739/1324 1248/2738/1324 1249/2740/1324
f 1249/2740/1324 1319/2741/1324 1321/2739/1324
f 1319/2741/1325 1249/2740/1325 1251/2742/1325
f 1251/2742/1325 1318/1697/1325 1319/2741/1325
f 1318/1697/1326 1251/2742/1326 1252/2743/1326
f 1252/2743/1326 1314/2744/1326 1318/1697/1326
f 1314/2744/1327 1252/2743/1327 1255/1088/1327
f 1255/1088/1327 1312/1089/1327 1314/2744/1327
f 1312/1089/1328 1255/1088/1328 1257/2745/1328
f 1257/2745/1328 1311/2746/1328 1312/1089/1328
f 1311/2746/1329 1257/2745/1329 1259/2747/1329
f 1259/2747/1329 1365/2748/1329 1311/2746/1329
f 1365/2748/1330 1259/2747/1330 1260/2749/1330
f 1260/2749/1330 1366/2750/1330 1365/2748/1330
f 1366/2750/1331 1260/2749/1331 1262/2751/1331
f 1262/2751/1331 1368/2752/1331 1366/2750/1331
f 1368/2752/1332 1262/2751/1332 1263/2753/1332
f 1263/2753/1332 1369/2754/1332 1368/2752/1332
f 1369/2754/1333 1263/2753/1333 1264/2755/1333
f 1264/2755/1333 1370/2756/1333 1369/2754/1333
f 1370/2756/1334 1264/2755/1334 1265/2189/1334
f 1265/2189/1334 1371/2190/1334 1370/2756/1334
f 1371/2190/1335 1265/2189/1335 1267/2757/1335
f 1267/2757/1335 1373/2758/1335 1371/2190/1335
f 1373/2758/1336 1267/2757/1336 1268/506/1336
f 1268/506/1336 1374/507/1336 1373/2758/1336
f 1374/507/1337 1268/506/1337 1269/2759/1337
f 1269/2759/1337 1375/2760/1337 1374/507/1337
f 1375/2760/1338 1269/2759/1338 1270/2761/1338
f 1270/2761/1338 1376/2762/1338 1375/2760/1338
f 1376/2762/1339 1270/2761/1339 1272/2763/1339
f 1272/2763/1339 1378/2764/1339 1376/2762/1339
f 1378/2764/1340 1272/2763/1340 1273/2765/1340
f 1273/2765/1340 1379/2766/1340 1378/2764/1340
f 1379/2766/1341 1273/2765/1341 1274/2767/1341
f 1274/2767/1341 1380/2768/1341 1379/2766/1341
f 1380/2768/1342 1274/2767/1342 1275/2769/1342
f 1275/2769/1342 1381/2770/1342 1380/2768/1342
f 1381/2770/1343 1275/2769/1343 1276/2771/1343
f 1276/2771/1343 1382/2772/1343 1381/2770/1343
f 1382/2772/1344 1276/2771/1344 1278/2773/1344
f 1278/2773/1344 1384/2774/1344 1382/2772/1344
f 1384/2774/1345 1278/2773/1345 1280/2775/1345
f 1280/2775/1345 1397/2776/1345 1384/2774/1345
f 1397/2776/1346 1280/2775/1346 1281/2777/1346
f 1281/2777/1346 1398/2778/1346 1397/2776/1346
f 1398/2778/1347 1281/2777/1347 1282/2779/1347
f 1282/2779/1347 1389/2780/1347 1398/2778/1347
f 1389/2780/1348 1282/2779/1348 1283/2781/1348
f 1283/2781/1348 1388/2782/1348 1389/2780/1348
f 1388/2782/1349 1283/2781/1349 1285/1955/1349
f 1285/1955/1349 1390/1956/1349 1388/2782/1349
f 1390/1956/1350 1285/1955/1350 1286/2783/1350
f 1286/2783/1350 1391/2784/1350 1390/1956/1350
f 1391/2784/1351 1286/2783/1351 1287/2785/1351
f 1287/2785/1351 1399/2786/1351 1391/2784/1351
f 1399/2786/1352 1287/2785/1352 1288/514/1352
f 1288/514/1352 1393/515/1352 1399/2786/1352
f 1393/515/1353 1288/514/1353 1289/2787/1353
f 1289/2787/1353 1392/2788/1353 1393/515/1353
f 1392/2788/1354 1289/2787/1354 1290/2789/1354
f 1290/2789/1354 1400/2790/1354 1392/2788/1354
f 1400/2790/1355 1290/2789/1355 1292/2791/1355
f 1292/2791/1355 1402/2792/1355 1400/2790/1355
f 1402/2792/1356 1292/2791/1356 1293/2793/1356
f 1293/2793/1356 1403/2794/1356 1402/2792/1356
f 1403/2794/1357 1293/2793/1357 1294/2795/1357
f 1294/2795/1357 1404/2796/1357 1403/2794/1357
f 1404/2796/1358 1294/2795/1358 1295/2797/1358
f 1295/2797/1358 1405/2798/1358 1404/2796/1358
f 1405/2798/1359 1295/2797/1359 1296/351/1359
f 1296/351/1359 1406/352/1359 1405/2798/1359
f 1455/217/1 1449/221/1 1450/2799/1
f 1450/2799/1 1456/2800/1 1455/217/1
f 1456/2800/1298 1450/2799/1298 1442/2219/1298
f 1442/2219/1298 1453/2220/1298 1456/2800/1298
f 1453/2220/1360 1442/2219/1360 1443/2444/1360
f 1443/2444/1360 1452/2445/1360 1453/2220/1360
f 1452/2445/1 1443/2444/1 1444/2801/1
f 1444/2801/1 1451/2802/1 1452/2445/1
f 1451/2802/113 1444/2801/113 1446/2803/113
f 1446/2803/113 1454/2804/113 1451/2802/113
f 1454/2804/214 1446/2803/214 1448/2805/214
f 1448/2805/214 1458/2806/214 1454/2804/214
f 1458/2806/295 1448/2805/295 1447/1033/295
f 1447/1033/295 1459/1034/295 1458/2806/295
f 1459/1034/18 1447/1033/18 1445/2333/18
f 1445/2333/18 1457/2334/18 1459/1034/18
f 1457/2334/1361 1445/2333/1361 1449/351/1361
f 1449/351/1361 1455/352/1361 1457/2334/1361
f 3204/221/293 3203/2808/293 3202/2807/293
f 3202/2807/293 3113/351/293 3204/221/293
f 3113/221/214 3202/2808/214 3205/2807/214
f 3205/2807/214 3206/351/214 3113/221/214
f 3206/221/294 3205/2808/294 3207/2807/294
f 3207/2807/294 3208/351/294 3206/221/294
f 3208/221/18 3207/2808/18 3203/2807/18
f 3203/2807/18 3204/351/18 3208/221/18
f 3208/221/1 3204/217/1 3113/352/1
f 3113/352/1 3206/351/1 3208/221/1
f 3112/221/293 3210/2808/293 3209/2807/293
f 3209/2807/293 3211/351/293 3112/221/293
f 3211/221/214 3209/2808/214 3212/2807/214
f 3212/2807/214 3213/351/214 3211/221/214
f 3213/221/294 3212/2808/294 3214/2807/294
f 3214/2807/294 3215/351/294 3213/221/294
f 3215/221/18 3214/2808/18 3210/2807/18
f 3210/2807/18 3112/351/18 3215/221/18
f 3215/221/1 3112/217/1 3211/352/1
f 3211/352/1 3213/351/1 3215/221/1
f 3218/221/293 3217/2808/293 3216/2807/293
f 3216/2807/293 3219/351/293 3218/221/293
f 3219/221/214 3216/2808/214 3220/2807/214
f 3220/2807/214 3221/351/214 3219/221/214
f 3221/221/294 3220/2808/294 3222/2807/294
f 3222/2807/294 3223/351/294 3221/221/294
f 3223/221/18 3222/2808/18 3217/2807/18
f 3217/2807/18 3218/351/18 3223/221/18
f 3223/221/1 3218/217/1 3219/352/1
f 3219/352/1 3221/351/1 3223/221/1
f 3226/221/626 3225/2808/1362 3224/2807/986
f 3224/2807/986 3227/351/629 3226/221/626
f 3227/221/629 3224/2808/986 3228/2807/1363
f 3228/2807/1363 3229/351/628 3227/221/629
f 3229/221/628 3228/2808/1363 3230/2807/1364
f 3230/2807/1364 3231/351/627 3229/221/628
f 3231/221/627 3230/2808/1364 3225/2807/1362
f 3225/2807/1362 3226/351/626 3231/221/627
f 3231/221/627 3226/217/626 3227/352/629
f 3227/352/629 3229/351/628 3231/221/627
f 2618/217/523 2601/221/523 2602/353/634
f 2602/353/634 2617/354/634 2618/217/523
f 2617/354/634 2602/353/634 2603/355/634
f 2603/355/634 2616/356/634 2617/354/634
f 2616/356/634 2603/355/634 2608/357/523
f 2608/357/523 2619/358/523 2616/356/634
f 2619/358/523 2608/357/523 2610/359/523
f 2610/359/523 2621/360/523 2619/358/523
f 2621/360/523 2610/359/523 2612/361/634
f 2612/361/634 2623/362/634 2621/360/523
f 2623/362/634 2612/361/634 2611/363/576
f 2611/363/576 2624/364/576 2623/362/634
f 2624/364/576 2611/363/576 2609/365/577
f 2609/365/577 2622/366/577 2624/364/576
f 2622/366/577 2609/365/577 2607/367/577
f 2607/367/577 2620/368/577 2622/366/577
f 2620/368/577 2607/367/577 2604/369/576
f 2604/369/576 2615/370/576 2620/368/577
f 2615/370/576 2604/369/576 2605/371/576
f 2605/371/576 2614/372/576 2615/370/576
f 2614/372/576 2605/371/576 2606/373/577
f 2606/373/577 2613/374/577 2614/372/576
f 2613/374/577 2606/373/577 2601/351/523
f 2601/351/523 2618/352/523 2613/374/577
f 3234/217/296 3233/221/296 3232/375/1365
f 3232/375/1365 3235/376/1365 3234/217/296
f 3235/376/1365 3232/375/1365 3236/377/1366
f 3236/377/1366 3237/378/1366 3235/376/1365
f 3237/378/1366 3236/377/1366 3238/379/1367
f 3238/379/1367 3239/380/1367 3237/378/1366
f 3239/380/1367 3238/379/1367 3240/381/1368
f 3240/381/1368 3241/382/1368 3239/380/1367
f 3241/382/1368 3240/381/1368 1972/383/1369
f 1972/383/1369 2068/384/1369 3241/382/1368
f 2068/384/1369 1972/383/1369 1973/385/1370
f 1973/385/1370 2067/386/1370 2068/384/1369
f 2067/386/1370 1973/385/1370 1975/387/397
f 1975/387/397 2071/388/397 2067/386/1370
f 2071/388/397 1975/387/397 1977/389/1371
f 1977/389/1371 2070/390/1371 2071/388/397
f 2070/390/1371 1977/389/1371 1978/391/1372
f 1978/391/1372 3242/392/1372 2070/390/1371
f 3242/392/1372 1978/391/1372 3243/393/1373
f 3243/393/1373 3244/394/1373 3242/392/1372
f 3244/394/1373 3243/393/1373 3245/395/636
f 3245/395/636 3246/396/636 3244/394/1373
f 3246/396/636 3245/395/636 3247/397/1374
f 3247/397/1374 3248/398/1374 3246/396/636
f 3248/398/1374 3247/397/1374 3249/399/1375
f 3249/399/1375 3250/400/1375 3248/398/1374
f 3250/400/1375 3249/399/1375 3251/401/1376
f 3251/401/1376 3252/402/582 3250/400/1375
f 3252/402/582 3251/401/1376 1983/403/1377
f 1983/403/1377 2082/404/1378 3252/402/582
f 2082/404/1378 1983/403/1377 1991/405/1379
f 1991/405/1379 3253/406/1380 2082/404/1378
f 3253/406/1380 1991/405/1379 1986/407/1381
f 1986/407/1381 2078/408/1381 3253/406/1380
f 2078/408/1381 1986/407/1381 1989/409/885
f 1989/409/885 2076/410/1382 2078/408/1381
f 2076/410/1382 1989/409/885 1994/411/886
f 1994/411/886 2073/412/524 2076/410/1382
f 2073/412/524 1994/411/886 3254/413/750
f 3254/413/750 3255/414/1383 2073/412/524
f 3255/414/1383 3254/413/750 3256/415/1384
f 3256/415/1384 3257/416/1385 3255/414/1383
f 3257/416/1385 3256/415/1384 3258/417/1386
f 3258/417/1386 3259/418/1387 3257/416/1385
f 3259/418/1387 3258/417/1386 2002/419/1388
f 2002/419/1388 3260/420/1389 3259/418/1387
f 3260/420/1389 2002/419/1388 2000/421/888
f 2000/421/888 3261/422/1390 3260/420/1389
f 3261/422/1390 2000/421/888 1997/423/887
f 1997/423/887 2065/424/1391 3261/422/1390
f 2065/424/1391 1997/423/887 1998/425/43
f 1998/425/43 2064/426/1392 2065/424/1391
f 2064/426/1392 1998/425/43 3262/427/1393
f 3262/427/1393 3263/428/634 2064/426/1392
f 3263/428/634 3262/427/1393 3264/429/1394
f 3264/429/1394 3265/430/1395 3263/428/634
f 3265/430/1395 3264/429/1394 2004/431/889
f 2004/431/889 2062/432/1396 3265/430/1395
f 2062/432/1396 2004/431/889 2005/433/890
f 2005/433/890 2061/434/1397 2062/432/1396
f 2061/434/1397 2005/433/890 3266/435/373
f 3266/435/373 3267/436/373 2061/434/1397
f 3267/436/373 3266/435/373 3268/437/1398
f 3268/437/1398 3269/438/1398 3267/436/373
f 3269/438/1398 3268/437/1398 3270/439/371
f 3270/439/371 3271/60/371 3269/438/1398
f 3271/60/371 3270/439/371 2007/440/891
f 2007/440/891 2059/441/1399 3271/60/371
f 2059/441/1399 2007/440/891 2008/442/892
f 2008/442/892 2058/443/1400 2059/441/1399
f 2058/443/1400 2008/442/892 3272/444/549
f 3272/444/549 3273/445/1401 2058/443/1400
f 3273/445/1401 3272/444/549 3274/446/551
f 3274/446/551 3275/447/1402 3273/445/1401
f 3275/447/1402 3274/446/551 3276/448/1403
f 3276/448/1403 2055/449/1404 3275/447/1402
f 2055/449/1404 3276/448/1403 3277/450/1405
f 3277/450/1405 2053/451/1406 2055/449/1404
f 2053/451/1406 3277/450/1405 2010/452/893
f 2010/452/893 2052/453/519 2053/451/1406
f 2052/453/519 2010/452/893 2011/454/894
f 2011/454/894 2051/455/1407 2052/453/519
f 2051/455/1407 2011/454/894 2013/456/895
f 2013/456/895 2049/457/1408 2051/455/1407
f 2049/457/1408 2013/456/895 2014/458/896
f 2014/458/896 2048/459/1409 2049/457/1408
f 2048/459/1409 2014/458/896 2016/460/1410
f 2016/460/1410 3278/461/1410 2048/459/1409
f 3278/461/1410 2016/460/1410 3279/462/1411
f 3279/462/1411 3280/463/1411 3278/461/1410
f 3280/463/1411 3279/462/1411 3281/464/1412
f 3281/464/1412 3282/465/1412 3280/463/1411
f 3282/465/1412 3281/464/1412 3283/466/1413
f 3283/466/1413 3284/467/1413 3282/465/1412
f 3284/467/1413 3283/466/1413 3285/468/1414
f 3285/468/1414 3286/469/1414 3284/467/1413
f 3286/469/1414 3285/468/1414 3287/470/1415
f 3287/470/1415 3288/471/1415 3286/469/1414
f 3288/471/1415 3287/470/1415 3289/472/1416
f 3289/472/1416 3290/473/1416 3288/471/1415
f 3290/473/1416 3289/472/1416 3291/474/509
f 3291/474/509 3292/475/509 3290/473/1416
f 3292/475/509 3291/474/509 3293/476/1417
f 3293/476/1417 3294/477/1417 3292/475/509
f 3294/477/1417 3293/476/1417 3295/478/507
f 3295/478/507 3296/479/507 3294/477/1417
f 3296/479/507 3295/478/507 3297/480/1418
f 3297/480/1418 3298/481/1418 3296/479/507
f 3298/481/1418 3297/480/1418 2021/482/1419
f 2021/482/1419 2044/483/1419 3298/481/1418
f 2044/483/1419 2021/482/1419 2025/484/504
f 2025/484/504 2040/485/504 2044/483/1419
f 2040/485/504 2025/484/504 3299/486/1420
f 3299/486/1420 3300/487/1420 2040/485/504
f 3300/487/1420 3299/486/1420 3301/488/1421
f 3301/488/1421 3302/489/1421 3300/487/1420
f 3302/489/1421 3301/488/1421 3303/490/621
f 3303/490/621 3304/491/621 3302/489/1421
f 3304/491/621 3303/490/621 3305/492/620
f 3305/492/620 3306/493/620 3304/491/621
f 3306/493/620 3305/492/620 3307/494/1422
f 3307/494/1422 3308/495/1422 3306/493/620
f 3308/495/1422 3307/494/1422 3309/496/1423
f 3309/496/1423 3310/497/1423 3308/495/1422
f 3310/497/1423 3309/496/1423 3311/498/1424
f 3311/498/1424 3312/499/1424 3310/497/1423
f 3312/499/1424 3311/498/1424 3313/500/1425
f 3313/500/1425 3314/501/1425 3312/499/1424
f 3314/501/1425 3313/500/1425 3315/502/1426
f 3315/502/1426 2038/503/1426 3314/501/1425
f 2038/503/1426 3315/502/1426 3316/504/495
f 3316/504/495 2037/505/495 2038/503/1426
f 2037/505/495 3316/504/495 2018/506/457
f 2018/506/457 2035/507/457 2037/505/495
f 2035/507/457 2018/506/457 2019/508/1427
f 2019/508/1427 2034/509/1427 2035/507/457
f 2034/509/1427 2019/508/1427 3317/510/1428
f 3317/510/1428 3318/511/1428 2034/509/1427
f 3318/511/1428 3317/510/1428 3319/512/365
f 3319/512/365 2031/513/365 3318/511/1428
f 2031/513/366 3319/512/1430 1980/514/1429
f 1980/514/1429 2030/515/366 2031/513/366
f 2030/515/367 1980/514/367 1981/516/367
f 1981/516/367 2029/517/367 2030/515/367
f 2029/517/368 1981/516/368 3233/351/368
f 3233/351/368 3234/352/368 2029/517/368
f 3321/217/369 3320/221/1431 1979/518/1431
f 1979/518/1431 2028/519/369 3321/217/369
f 2028/519/370 1979/518/370 3322/520/370
f 3322/520/370 2032/521/370 2028/519/370
f 2032/521/371 3322/520/371 3323/522/371
f 3323/522/371 3324/523/371 2032/521/371
f 3324/523/372 3323/522/1433 2017/524/1432
f 2017/524/1432 2033/525/372 3324/523/372
f 2033/525/373 2017/524/897 3325/526/1434
f 3325/526/1434 2036/527/373 2033/525/373
f 2036/527/374 3325/526/374 3326/528/374
f 3326/528/374 3327/529/374 2036/527/374
f 3327/529/375 3326/528/375 3328/530/1435
f 3328/530/1435 3329/531/1435 3327/529/375
f 3329/531/1435 3328/530/1435 3330/532/538
f 3330/532/538 3331/533/538 3329/531/1435
f 3331/533/538 3330/532/538 3332/534/1436
f 3332/534/1436 3333/535/1436 3331/533/538
f 3333/535/1436 3332/534/1436 3334/536/1437
f 3334/536/1437 3335/537/1437 3333/535/1436
f 3335/537/1437 3334/536/1437 3336/538/1438
f 3336/538/1438 3337/539/1438 3335/537/1437
f 3337/539/1438 3336/538/1438 3338/540/1439
f 3338/540/1439 3339/541/1439 3337/539/1438
f 3339/541/1439 3338/540/1439 3340/542/530
f 3340/542/530 3341/543/530 3339/541/1439
f 3341/543/530 3340/542/530 2026/544/382
f 2026/544/382 2042/545/382 3341/543/530
f 2042/545/383 2026/544/383 2024/546/1440
f 2024/546/1440 2039/547/1440 2042/545/383
f 2039/547/1440 2024/546/1440 2027/548/1441
f 2027/548/1441 2041/549/1441 2039/547/1440
f 2041/549/1441 2027/548/1441 2022/550/385
f 2022/550/385 2046/551/385 2041/549/1441
f 2046/551/386 2022/550/386 2020/552/386
f 2020/552/386 2043/553/386 2046/551/386
f 2043/553/387 2020/552/387 2023/554/387
f 2023/554/387 2045/555/387 2043/553/387
f 2045/555/388 2023/554/388 3342/556/388
f 3342/556/388 3343/557/388 2045/555/388
f 3343/557/389 3342/556/389 3344/558/1442
f 3344/558/1442 3345/559/1442 3343/557/389
f 3345/559/1442 3344/558/1442 3346/560/1443
f 3346/560/1443 3347/561/1443 3345/559/1442
f 3347/561/1443 3346/560/1443 3348/562/391
f 3348/562/391 3349/563/391 3347/561/1443
f 3349/563/392 3348/562/392 3350/564/392
f 3350/564/392 3351/565/392 3349/563/392
f 3351/565/393 3350/564/393 3352/566/1444
f 3352/566/1444 3353/567/1444 3351/565/393
f 3353/567/1444 3352/566/1444 3354/568/1445
f 3354/568/1445 3355/569/1445 3353/567/1444
f 3355/569/1445 3354/568/1445 3356/570/1446
f 3356/570/1446 3357/571/1446 3355/569/1445
f 3357/571/1446 3356/570/1446 3358/572/303
f 3358/572/303 3359/573/303 3357/571/1446
f 3359/573/303 3358/572/303 3360/425/1447
f 3360/425/1447 3361/426/1447 3359/573/303
f 3361/426/1447 3360/425/1447 2015/427/1448
f 2015/427/1448 3362/428/1448 3361/426/1447
f 3362/428/1448 2015/427/1448 2012/574/399
f 2012/574/399 2047/575/399 3362/428/1448
f 2047/575/400 2012/574/1449 2009/576/1449
f 2009/576/1449 2050/577/400 2047/575/400
f 2050/577/401 2009/576/401 3363/578/1450
f 3363/578/1450 2054/579/1450 2050/577/401
f 2054/579/1450 3363/578/1450 3364/580/1451
f 3364/580/1451 2056/581/1451 2054/579/1450
f 2056/581/1451 3364/580/1451 3365/582/403
f 3365/582/403 3366/583/403 2056/581/1451
f 3366/583/404 3365/582/404 3367/584/404
f 3367/584/404 3368/585/404 3366/583/404
f 3368/585/405 3367/584/1452 2006/586/1452
f 2006/586/1452 2057/587/405 3368/585/405
f 2057/587/406 2006/586/406 3369/588/406
f 3369/588/406 3370/589/406 2057/587/406
f 3370/589/407 3369/588/407 3371/590/1453
f 3371/590/1453 3372/591/1453 3370/589/407
f 3372/591/1453 3371/590/1453 3373/592/1454
f 3373/592/1454 3374/593/1454 3372/591/1453
f 3374/593/1454 3373/592/1454 2003/594/409
f 2003/594/409 2060/595/409 3374/593/1454
f 2060/595/410 2003/594/410 3375/596/410
f 3375/596/410 3376/597/410 2060/595/410
f 3376/597/411 3375/596/411 3377/598/1455
f 3377/598/1455 3378/599/1455 3376/597/411
f 3378/599/1455 3377/598/1455 1996/600/1456
f 1996/600/1456 2063/601/1456 3378/599/1455
f 2063/601/1456 1996/600/1456 1999/602/1424
f 1999/602/1424 3379/603/1424 2063/601/1456
f 3379/603/1424 1999/602/1424 2001/604/1457
f 2001/604/1457 3380/605/1457 3379/603/1424
f 3380/605/1457 2001/604/1457 3381/606/1458
f 3381/606/1458 3382/607/1458 3380/605/1457
f 3382/607/1458 3381/606/1458 3383/608/1459
f 3383/608/1459 3384/609/1459 3382/607/1458
f 3384/609/1459 3383/608/1459 3385/610/417
f 3385/610/417 3386/611/417 3384/609/1459
f 3386/611/418 3385/610/418 1995/612/418
f 1995/612/418 2072/613/418 3386/611/418
f 2072/613/419 1995/612/1460 1993/614/883
f 1993/614/883 2074/615/1461 2072/613/419
f 2074/615/1461 1993/614/883 1992/616/884
f 1992/616/884 2075/617/1462 2074/615/1461
f 2075/617/1462 1992/616/884 1988/618/421
f 1988/618/421 2077/619/421 2075/617/1462
f 2077/619/1463 1988/618/1463 1987/620/1463
f 1987/620/1463 2079/621/1463 2077/619/1463
f 2079/621/507 1987/620/882 1985/622/882
f 1985/622/882 2080/623/507 2079/621/507
f 2080/623/1464 1985/622/1464 1990/624/1464
f 1990/624/1464 3387/625/1464 2080/623/1464
f 3387/625/1466 1990/624/1466 1984/626/1465
f 1984/626/1465 2081/627/1465 3387/625/1466
f 2081/627/1465 1984/626/1465 1982/628/1467
f 1982/628/1467 2083/629/1467 2081/627/1465
f 2083/629/1467 1982/628/1467 3388/490/1468
f 3388/490/1468 3389/491/1468 2083/629/1467
f 3389/491/1469 3388/490/1469 3390/630/1469
f 3390/630/1469 3391/631/1469 3389/491/1469
f 3391/631/564 3390/630/766 3392/632/436
f 3392/632/436 3393/633/1470 3391/631/564
f 3393/633/1470 3392/632/436 3394/634/438
f 3394/634/438 3395/635/1471 3393/633/1470
f 3395/635/1471 3394/634/438 3396/636/440
f 3396/636/440 3397/637/1472 3395/635/1471
f 3397/637/1472 3396/636/440 1976/638/442
f 1976/638/442 3398/639/1473 3397/637/1472
f 3398/639/1473 1976/638/442 1974/640/444
f 1974/640/444 2069/641/559 3398/639/1473
f 2069/641/559 1974/640/444 1971/642/881
f 1971/642/881 2066/643/1407 2069/641/559
f 2066/643/1407 1971/642/881 3399/644/1474
f 3399/644/1474 3400/645/1474 2066/643/1407
f 3400/645/1475 3399/644/1475 3401/646/1475
f 3401/646/1475 3402/647/1475 3400/645/1475
f 3402/647/1404 3401/646/1477 3403/512/1476
f 3403/512/1476 3404/513/553 3402/647/1404
f 3404/513/553 3403/512/1476 3405/648/1478
f 3405/648/1478 3406/649/1478 3404/513/553
f 3406/649/1478 3405/648/1478 3320/351/1479
f 3320/351/1479 3321/352/1479 3406/649/1478
f 3232/677/18 3233/675/18 3320/676/18
f 3320/676/18 3405/678/18 3232/677/18
f 3328/651/18 3326/653/18 3313/650/18
f 3313/650/18 3311/652/18 3328/651/18
f 3233/675/18 1981/674/18 1979/672/1431
f 1979/672/1431 3320/676/1431 3233/675/18
f 3236/679/18 3232/677/18 3405/678/18
f 3405/678/18 3403/680/18 3236/679/18
f 3236/679/18 3403/680/1476 3401/681/1477
f 3401/681/1477 3238/682/18 3236/679/18
f 3238/682/18 3401/681/1477 3399/683/18
f 3399/683/18 3240/684/18 3238/682/18
f 3240/684/18 3399/683/18 1971/685/18
f 1971/685/18 1972/686/18 3240/684/18
f 1978/692/18 1976/691/442 3396/693/440
f 3396/693/440 3243/694/18 1978/692/18
f 3243/694/18 3396/693/440 3394/695/438
f 3394/695/438 3245/696/18 3243/694/18
f 3245/696/18 3394/695/438 3392/697/436
f 3392/697/436 3247/698/18 3245/696/18
f 3249/699/18 3247/698/18 3392/697/436
f 3392/697/436 3390/700/766 3249/699/18
f 3251/701/18 3249/699/18 3390/700/18
f 3390/700/18 3388/702/18 3251/701/18
f 1983/173/1377 3251/701/1376 3388/702/18
f 3388/702/18 1982/172/18 1983/173/1377
f 1991/703/1379 1983/173/1377 1984/174/18
f 1984/174/18 1990/704/18 1991/703/1379
f 1979/672/18 1980/673/1429 3319/670/1430
f 3319/670/1430 3322/671/18 1979/672/18
f 3323/669/1433 3322/671/18 3319/670/1430
f 3319/670/1430 3317/668/18 3323/669/1433
f 2017/664/1432 3323/669/1433 3317/668/18
f 3317/668/18 2019/665/18 2017/664/1432
f 1994/712/886 1995/713/1460 3385/714/18
f 3385/714/18 3254/715/750 1994/712/886
f 3254/715/750 3385/714/18 3383/716/18
f 3383/716/18 3256/717/1384 3254/715/750
f 3258/718/18 3256/717/18 3383/716/18
f 3383/716/18 3381/719/18 3258/718/18
f 2002/720/1388 3258/718/1386 3381/719/18
f 3381/719/18 2001/721/18 2002/720/1388
f 3262/727/1393 1998/726/43 1996/725/18
f 1996/725/18 3377/728/18 3262/727/1393
f 3264/729/18 3262/727/18 3377/728/18
f 3377/728/18 3375/730/18 3264/729/18
f 2004/731/889 3264/729/1394 3375/730/18
f 3375/730/18 2003/732/18 2004/731/889
f 3266/734/18 2005/733/18 2003/732/18
f 2003/732/18 3373/735/18 3266/734/18
f 3268/736/18 3266/734/18 3373/735/18
f 3373/735/18 3371/737/18 3268/736/18
f 3270/738/18 3268/736/18 3371/737/18
f 3371/737/18 3369/739/18 3270/738/18
f 3270/738/18 3369/739/18 2006/740/18
f 2006/740/18 2007/741/18 3270/738/18
f 3272/743/18 2008/742/18 2006/740/1452
f 2006/740/1452 3367/744/1452 3272/743/18
f 3274/745/551 3272/743/549 3367/744/18
f 3367/744/18 3365/746/18 3274/745/551
f 3276/747/18 3274/745/18 3365/746/18
f 3365/746/18 3364/748/18 3276/747/18
f 3276/747/1403 3364/748/18 3363/182/18
f 3363/182/18 3277/181/1405 3276/747/1403
f 3277/181/18 3363/182/18 2009/179/18
f 2009/179/18 2010/180/18 3277/181/18
f 2011/178/18 2009/179/1449 2012/175/1449
f 2012/175/1449 2013/176/18 2011/178/18
f 2016/184/18 2015/183/18 3360/185/18
f 3360/185/18 3279/186/18 2016/184/18
f 3279/186/18 3360/185/18 3358/187/18
f 3358/187/18 3281/188/18 3279/186/18
f 3281/188/18 3358/187/18 3356/189/18
f 3356/189/18 3283/190/18 3281/188/18
f 3283/190/18 3356/189/18 3354/191/18
f 3354/191/18 3285/192/18 3283/190/18
f 3285/192/18 3354/191/18 3352/193/18
f 3352/193/18 3287/194/18 3285/192/18
f 3287/194/18 3352/193/18 3350/195/18
f 3350/195/18 3289/196/18 3287/194/18
f 3289/196/18 3350/195/18 3348/197/18
f 3348/197/18 3291/198/18 3289/196/18
f 3325/655/1434 2017/664/897 2018/663/18
f 2018/663/18 3316/656/18 3325/655/1434
f 3315/654/18 3313/650/18 3326/653/18
f 3326/653/18 3325/655/1434 3315/654/18
f 3291/198/18 3348/197/18 3346/215/18
f 3346/215/18 3293/216/18 3291/198/18
f 3295/214/18 3293/216/18 3346/215/18
f 3346/215/18 3344/213/18 3295/214/18
f 3297/212/18 3295/214/18 3344/213/18
f 3344/213/18 3342/211/18 3297/212/18
f 2021/207/18 3297/212/18 3342/211/18
f 3342/211/18 2023/210/18 2021/207/18
f 2025/200/18 2026/202/18 3340/203/18
f 3340/203/18 3299/204/18 2025/200/18
f 3299/204/18 3340/203/18 3338/205/18
f 3338/205/18 3301/206/18 3299/204/18
f 3338/205/18 3336/666/18 3303/667/18
f 3303/667/18 3301/206/18 3338/205/18
f 3336/666/18 3334/661/18 3305/662/18
f 3305/662/18 3303/667/18 3336/666/18
f 3334/661/18 3332/660/18 3307/659/18
f 3307/659/18 3305/662/18 3334/661/18
f 3307/659/18 3332/660/18 3330/658/18
f 3330/658/18 3309/657/18 3307/659/18
f 3309/657/18 3330/658/18 3328/651/18
f 3328/651/18 3311/652/18 3309/657/18
f 3321/676/214 3234/675/214 3235/677/214
f 3235/677/214 3406/678/214 3321/676/214
f 3234/675/214 3321/676/214 2028/672/214
f 2028/672/214 2029/674/214 3234/675/214
f 2031/670/214 2032/671/214 3324/669/214
f 3324/669/214 3318/668/214 2031/670/214
f 3318/668/214 3324/669/214 2033/664/214
f 2033/664/214 2034/665/214 3318/668/214
f 2035/663/214 2033/664/214 2036/655/214
f 2036/655/214 2037/656/214 2035/663/214
f 2038/654/214 2036/655/214 3327/653/214
f 3327/653/214 3314/650/214 2038/654/214
f 3314/650/214 3327/653/214 3329/651/214
f 3329/651/214 3312/652/214 3314/650/214
f 3310/657/214 3312/652/214 3329/651/214
f 3329/651/214 3331/658/214 3310/657/214
f 3308/659/214 3310/657/214 3331/658/214
f 3331/658/214 3333/660/214 3308/659/214
f 3308/659/214 3333/660/214 3335/661/214
f 3335/661/214 3306/662/214 3308/659/214
f 3306/662/214 3335/661/214 3337/666/214
f 3337/666/214 3304/667/214 3306/662/214
f 3304/667/214 3337/666/214 3339/205/214
f 3339/205/214 3302/206/214 3304/667/214
f 3300/204/214 3302/206/214 3339/205/214
f 3339/205/214 3341/203/214 3300/204/214
f 2040/200/214 3300/204/214 3341/203/214
f 3341/203/214 2042/202/214 2040/200/214
f 3402/681/214 3404/680/214 3237/679/214
f 3237/679/214 3239/682/214 3402/681/214
f 3237/679/214 3404/680/214 3406/678/214
f 3406/678/214 3235/677/214 3237/679/214
f 3241/684/214 2068/686/214 2066/685/214
f 2066/685/214 3400/683/214 3241/684/214
f 3400/683/214 3402/681/214 3239/682/214
f 3239/682/214 3241/684/214 3400/683/214
f 2044/207/214 2045/210/214 3343/211/214
f 3343/211/214 3298/212/214 2044/207/214
f 3298/212/214 3343/211/214 3345/213/214
f 3345/213/214 3296/214/214 3298/212/214
f 3296/214/214 3345/213/214 3347/215/214
f 3347/215/214 3294/216/214 3296/214/214
f 3292/198/214 3294/216/214 3347/215/214
f 3347/215/214 3349/197/214 3292/198/214
f 3290/196/214 3292/198/214 3349/197/214
f 3349/197/214 3351/195/214 3290/196/214
f 3288/194/214 3290/196/214 3351/195/214
f 3351/195/214 3353/193/214 3288/194/214
f 3286/192/214 3288/194/214 3353/193/214
f 3353/193/214 3355/191/214 3286/192/214
f 3284/190/214 3286/192/214 3355/191/214
f 3355/191/214 3357/189/214 3284/190/214
f 3282/188/214 3284/190/214 3357/189/214
f 3357/189/214 3359/187/214 3282/188/214
f 3280/186/214 3282/188/214 3359/187/214
f 3359/187/214 3361/185/214 3280/186/214
f 3278/184/214 3280/186/214 3361/185/214
f 3361/185/214 3362/183/214 3278/184/214
f 2048/177/214 3278/184/214 3362/183/214
f 3362/183/214 2047/175/214 2048/177/214
f 2051/178/214 2049/176/214 2047/175/214
f 2047/175/214 2050/179/214 2051/178/214
f 2055/747/214 2056/748/214 3366/746/214
f 3366/746/214 3275/745/214 2055/747/214
f 3275/745/214 3366/746/214 3368/744/214
f 3368/744/214 3273/743/214 3275/745/214
f 3273/743/214 3368/744/214 2057/740/214
f 2057/740/214 2058/742/214 3273/743/214
f 3271/738/214 2059/741/214 2057/740/214
f 2057/740/214 3370/739/214 3271/738/214
f 3271/738/214 3370/739/214 3372/737/214
f 3372/737/214 3269/736/214 3271/738/214
f 3269/736/214 3372/737/214 3374/735/214
f 3374/735/214 3267/734/214 3269/736/214
f 3267/734/214 3374/735/214 2060/732/214
f 2060/732/214 2061/733/214 3267/734/214
f 2062/731/214 2060/732/214 3376/730/214
f 3376/730/214 3265/729/214 2062/731/214
f 3265/729/214 3376/730/214 3378/728/214
f 3378/728/214 3263/727/214 3265/729/214
f 3263/727/214 3378/728/214 2063/725/214
f 2063/725/214 2064/726/214 3263/727/214
f 3261/722/214 3379/723/214 3380/721/214
f 3380/721/214 3260/720/214 3261/722/214
f 3260/720/214 3380/721/214 3382/719/214
f 3382/719/214 3259/718/214 3260/720/214
f 3259/718/214 3382/719/214 3384/716/214
f 3384/716/214 3257/717/214 3259/718/214
f 3255/715/214 3257/717/214 3384/716/214
f 3384/716/214 3386/714/214 3255/715/214
f 2073/712/214 3255/715/214 3386/714/214
f 3386/714/214 2072/713/214 2073/712/214
f 2076/709/214 2073/712/214 2074/711/214
f 2074/711/214 2075/710/214 2076/709/214
f 2078/705/214 2080/706/214 3387/704/214
f 3387/704/214 3253/703/214 2078/705/214
f 3253/703/214 3387/704/214 2081/174/214
f 2081/174/214 2082/173/214 3253/703/214
f 2082/173/214 2083/172/214 3389/702/214
f 3389/702/214 3252/701/214 2082/173/214
f 3252/701/214 3389/702/214 3391/700/214
f 3391/700/214 3250/699/214 3252/701/214
f 3250/699/214 3391/700/214 3393/697/214
f 3393/697/214 3248/698/214 3250/699/214
f 3393/697/214 3395/695/214 3246/696/214
f 3246/696/214 3248/698/214 3393/697/214
f 3395/695/214 3397/693/214 3244/694/214
f 3244/694/214 3246/696/214 3395/695/214
f 3397/693/214 3398/691/214 3242/692/214
f 3242/692/214 3244/694/214 3397/693/214
f 1653/217/1381 1598/221/1381 1597/749/1381
f 1597/749/1381 1652/750/1381 1653/217/1381
f 1652/750/1480 1597/749/1480 1595/751/1480
f 1595/751/1480 1650/752/1480 1652/750/1480
f 1650/752/1481 1595/751/1481 1594/753/1481
f 1594/753/1481 1642/754/1481 1650/752/1481
f 1642/754/1482 1594/753/1482 1591/755/1482
f 1591/755/1482 1641/756/1482 1642/754/1482
f 1641/756/1483 1591/755/1483 1589/757/1483
f 1589/757/1483 1640/758/1483 1641/756/1483
f 1640/758/1484 1589/757/1484 1590/759/1484
f 1590/759/1484 1639/760/1484 1640/758/1484
f 1639/760/1485 1590/759/1485 1593/761/1485
f 1593/761/1485 1649/762/1485 1639/760/1485
f 1649/762/1486 1593/761/1486 1592/763/1486
f 1592/763/1486 1648/764/1486 1649/762/1486
f 1648/764/1436 1592/763/1436 1588/765/1436
f 1588/765/1436 1638/766/1436 1648/764/1436
f 1638/766/536 1588/765/536 1586/767/536
f 1586/767/536 1636/768/536 1638/766/536
f 1636/768/1487 1586/767/1487 1585/769/1487
f 1585/769/1487 1635/770/1487 1636/768/1487
f 1635/770/1488 1585/769/1488 1584/771/1488
f 1584/771/1488 1634/772/1488 1635/770/1488
f 1634/772/1387 1584/771/1387 1583/773/1387
f 1583/773/1387 1633/774/1387 1634/772/1387
f 1633/774/1489 1583/773/1489 1582/775/1489
f 1582/775/1489 1624/776/1489 1633/774/1489
f 1624/776/1490 1582/775/1490 1580/777/1490
f 1580/777/1490 1623/778/1490 1624/776/1490
f 1623/778/1491 1580/777/1491 1578/779/1491
f 1578/779/1491 1620/780/1491 1623/778/1491
f 1620/780/1492 1578/779/1492 1576/781/1492
f 1576/781/1492 1622/782/1492 1620/780/1492
f 1622/782/387 1576/781/387 1577/783/387
f 1577/783/387 1616/784/387 1622/782/387
f 1616/784/1493 1577/783/1493 1573/785/1493
f 1573/785/1493 1615/786/1493 1616/784/1493
f 1615/786/389 1573/785/389 1574/787/389
f 1574/787/389 1619/788/389 1615/786/389
f 1619/788/1494 1574/787/1494 1570/789/1494
f 1570/789/1494 1629/790/1494 1619/788/1494
f 1629/790/1495 1570/789/1495 1571/791/1495
f 1571/791/1495 1628/792/1495 1629/790/1495
f 1628/792/1496 1571/791/1496 1572/355/1496
f 1572/355/1496 1627/356/1496 1628/792/1496
f 1627/356/636 1572/355/636 1581/793/636
f 1581/793/636 1626/794/636 1627/356/636
f 1626/794/1497 1581/793/1497 1567/795/1497
f 1567/795/1497 1625/796/1497 1626/794/1497
f 1625/796/471 1567/795/471 1563/797/471
f 1563/797/471 1631/798/471 1625/796/471
f 1631/798/470 1563/797/470 1564/799/470
f 1564/799/470 1632/800/470 1631/798/470
f 1632/800/1498 1564/799/1498 1568/801/1498
f 1568/801/1498 2708/802/1498 1632/800/1498
f 2708/802/1499 1568/801/1499 1566/803/1499
f 1566/803/1499 2707/804/1499 2708/802/1499
f 2707/804/594 1566/803/594 1561/805/594
f 1561/805/594 2706/806/594 2707/804/594
f 2706/806/1500 1561/805/1500 1562/807/1500
f 1562/807/1500 1644/808/1500 2706/806/1500
f 1644/808/1501 1562/807/1501 1565/393/1501
f 1565/393/1501 1643/394/1501 1644/808/1501
f 1643/394/1502 1565/393/1502 1558/809/1502
f 1558/809/1502 1645/810/1502 1643/394/1502
f 1645/810/1503 1558/809/1503 1559/811/1503
f 1559/811/1503 1646/812/1503 1645/810/1503
f 1646/812/1504 1559/811/1504 1560/813/1504
f 1560/813/1504 2674/814/1504 1646/812/1504
f 2674/814/1505 1560/813/1505 1553/815/1505
f 1553/815/1505 2675/816/1505 2674/814/1505
f 2675/816/406 1553/815/406 1554/532/406
f 1554/532/406 1675/533/406 2675/816/406
f 1675/533/1506 1554/532/1506 1551/817/1506
f 1551/817/1506 1674/818/1506 1675/533/1506
f 1674/818/1507 1551/817/1507 1549/819/1507
f 1549/819/1507 1672/820/1507 1674/818/1507
f 1672/820/409 1549/819/409 1548/821/409
f 1548/821/409 1671/822/409 1672/820/409
f 1671/822/410 1548/821/410 1541/823/410
f 1541/823/410 1669/824/410 1671/822/410
f 1669/824/361 1541/823/361 1542/825/361
f 1542/825/361 1668/826/361 1669/824/361
f 1668/826/1508 1542/825/1508 1543/827/1508
f 1543/827/1508 1670/828/1508 1668/826/1508
f 1670/828/1509 1543/827/1509 1544/829/1509
f 1544/829/1509 1676/830/1509 1670/828/1509
f 1676/830/1510 1544/829/1510 1545/831/1510
f 1545/831/1510 1677/832/1510 1676/830/1510
f 1677/832/1511 1545/831/1511 1546/833/1511
f 1546/833/1511 1678/834/1511 1677/832/1511
f 1678/834/1512 1546/833/1512 1552/835/1512
f 1552/835/1512 1679/836/1512 1678/834/1512
f 1679/836/1513 1552/835/1513 1540/837/1513
f 1540/837/1513 1680/838/1513 1679/836/1513
f 1680/838/1514 1540/837/1514 1539/839/1514
f 1539/839/1514 1681/840/1514 1680/838/1514
f 1681/840/419 1539/839/419 1537/841/419
f 1537/841/419 1682/842/419 1681/840/419
f 1682/842/1515 1537/841/1515 1515/544/1515
f 1515/544/1515 1684/545/1515 1682/842/1515
f 1684/545/1516 1515/544/1516 1517/843/1516
f 1517/843/1516 1701/844/1516 1684/545/1516
f 1701/844/1517 1517/843/1517 1528/845/1517
f 1528/845/1517 1715/846/1517 1701/844/1517
f 1715/846/1422 1528/845/1422 1531/847/1422
f 1531/847/1422 1718/848/1422 1715/846/1422
f 1718/848/1518 1531/847/1518 2626/550/1518
f 2626/550/1518 1720/551/1518 1718/848/1518
f 1720/551/1519 2626/550/1519 2628/849/1519
f 2628/849/1519 2714/850/1519 1720/551/1519
f 2714/850/939 2628/849/900 2630/409/24
f 2630/409/24 2716/410/220 2714/850/939
f 2716/410/220 2630/409/24 2632/851/902
f 2632/851/902 2718/852/942 2716/410/220
f 2718/852/942 2632/851/902 2634/853/904
f 2634/853/904 2720/854/944 2718/852/942
f 2720/854/944 2634/853/904 2636/855/906
f 2636/855/906 2722/856/946 2720/854/944
f 2722/856/946 2636/855/906 2639/857/909
f 2639/857/909 2725/858/949 2722/856/946
f 2725/858/949 2639/857/909 2640/859/910
f 2640/859/910 2726/860/950 2725/858/949
f 2726/860/950 2640/859/910 2642/861/912
f 2642/861/912 2728/862/952 2726/860/950
f 2728/862/952 2642/861/912 2644/863/914
f 2644/863/914 2730/864/954 2728/862/952
f 2730/864/954 2644/863/914 2646/865/916
f 2646/865/916 2732/866/956 2730/864/954
f 2732/866/956 2646/865/916 2647/867/917
f 2647/867/917 2733/868/957 2732/866/956
f 2733/868/957 2647/867/917 2645/869/915
f 2645/869/915 2731/870/955 2733/868/957
f 2731/870/955 2645/869/915 2643/558/913
f 2643/558/913 2729/559/953 2731/870/955
f 2729/559/953 2643/558/913 2641/871/911
f 2641/871/911 2727/872/951 2729/559/953
f 2727/872/951 2641/871/911 2638/873/908
f 2638/873/908 2724/874/948 2727/872/951
f 2724/874/948 2638/873/908 2637/415/907
f 2637/415/907 2723/416/947 2724/874/948
f 2723/416/947 2637/415/907 2635/875/905
f 2635/875/905 2721/876/945 2723/416/947
f 2721/876/945 2635/875/905 2633/877/903
f 2633/877/903 2719/878/943 2721/876/945
f 2719/878/943 2633/877/903 2631/879/901
f 2631/879/901 2717/880/941 2719/878/943
f 2717/880/941 2631/879/901 2629/417/51
f 2629/417/51 2715/418/940 2717/880/941
f 2715/418/940 2629/417/51 2627/881/899
f 2627/881/899 1721/882/817 2715/418/940
f 1721/882/817 2627/881/899 2625/883/898
f 2625/883/898 1719/884/816 1721/882/817
f 1719/884/816 2625/883/898 1530/885/789
f 1530/885/789 1717/886/815 1719/884/816
f 1717/886/815 1530/885/789 1529/887/37
f 1529/887/37 1716/888/107 1717/886/815
f 1716/888/107 1529/887/37 1527/889/788
f 1527/889/788 1714/890/814 1716/888/107
f 1714/890/814 1527/889/788 1526/570/787
f 1526/570/787 1713/571/583 1714/890/814
f 1713/571/583 1526/570/787 1507/891/777
f 1507/891/777 1700/892/803 1713/571/583
f 1700/892/803 1507/891/777 1492/893/762
f 1492/893/762 1709/894/810 1700/892/803
f 1709/894/810 1492/893/762 1487/895/758
f 1487/895/758 1728/896/824 1709/894/810
f 1728/896/824 1487/895/758 1484/897/755
f 1484/897/755 1733/898/828 1728/896/824
f 1733/898/828 1484/897/755 1472/899/744
f 1472/899/744 1735/900/830 1733/898/828
f 1735/900/830 1472/899/744 1479/901/750
f 1479/901/750 1742/902/837 1735/900/830
f 1742/902/837 1479/901/750 1478/903/749
f 1478/903/749 1743/904/838 1742/902/837
f 1743/904/838 1478/903/749 1470/905/742
f 1470/905/742 1744/906/839 1743/904/838
f 1744/906/839 1470/905/742 1468/907/741
f 1468/907/741 1745/908/840 1744/906/839
f 1745/908/840 1468/907/741 1469/909/7
f 1469/909/7 1746/910/201 1745/908/840
f 1746/910/201 1469/909/7 1477/324/748
f 1477/324/748 1747/911/841 1746/910/201
f 1747/911/841 1477/324/748 1476/912/43
f 1476/912/43 1748/913/125 1747/911/841
f 1748/913/125 1476/912/43 1475/914/747
f 1475/914/747 1758/915/848 1748/913/125
f 1758/915/848 1475/914/747 1467/916/740
f 1467/916/740 1754/917/206 1758/915/848
f 1754/917/206 1467/916/740 1463/918/3
f 1463/918/3 1753/919/207 1754/917/206
f 1753/919/207 1463/918/3 1464/920/12
f 1464/920/12 1752/921/208 1753/919/207
f 1752/921/208 1464/920/12 1461/922/736
f 1461/922/736 1750/923/843 1752/921/208
f 1750/923/843 1461/922/736 1462/924/737
f 1462/924/737 1749/925/842 1750/923/843
f 1749/925/842 1462/924/737 1465/926/738
f 1465/926/738 1757/927/847 1749/925/842
f 1757/927/847 1465/926/738 1466/928/739
f 1466/928/739 1756/929/846 1757/927/847
f 1756/929/846 1466/928/739 1460/930/735
f 1460/930/735 1741/931/836 1756/929/846
f 1741/931/836 1460/930/735 1471/932/743
f 1471/932/743 1740/933/835 1741/931/836
f 1740/933/835 1471/932/743 1473/450/745
f 1473/450/745 1751/451/844 1740/933/835
f 1751/451/844 1473/450/745 1474/934/746
f 1474/934/746 1755/935/845 1751/451/844
f 1755/935/845 1474/934/746 1480/936/751
f 1480/936/751 1739/937/834 1755/935/845
f 1739/937/834 1480/936/751 1481/588/752
f 1481/588/752 1738/589/833 1739/937/834
f 1738/589/833 1481/588/752 1482/938/753
f 1482/938/753 1737/939/832 1738/589/833
f 1737/939/832 1482/938/753 1483/940/754
f 1483/940/754 1736/941/831 1737/939/832
f 1736/941/831 1483/940/754 1497/942/767
f 1497/942/767 2709/943/934 1736/941/831
f 2709/943/934 1497/942/767 1498/944/768
f 1498/944/768 2712/945/937 2709/943/934
f 2712/945/937 1498/944/768 1499/946/769
f 1499/946/769 2713/947/938 2712/945/937
f 2713/947/938 1499/946/769 1500/948/770
f 1500/948/770 2711/949/936 2713/947/938
f 2711/949/936 1500/948/770 1501/950/771
f 1501/950/771 2710/951/935 2711/949/936
f 2710/951/935 1501/950/771 1485/952/756
f 1485/952/756 1734/953/829 2710/951/935
f 1734/953/829 1485/952/756 1486/954/757
f 1486/954/757 1732/955/827 1734/953/829
f 1732/955/827 1486/954/757 1488/956/759
f 1488/956/759 1731/957/826 1732/955/827
f 1731/957/826 1488/956/759 1489/958/760
f 1489/958/760 1730/959/825 1731/957/826
f 1730/959/825 1489/958/760 1490/960/422
f 1490/960/422 1729/961/425 1730/959/825
f 1729/961/425 1490/960/422 1491/962/761
f 1491/962/761 1723/963/819 1729/961/425
f 1723/963/819 1491/962/761 1502/964/772
f 1502/964/772 1722/965/818 1723/963/819
f 1722/965/818 1502/964/772 1503/966/773
f 1503/966/773 1724/967/820 1722/965/818
f 1724/967/820 1503/966/773 1493/968/763
f 1493/968/763 1725/969/821 1724/967/820
f 1725/969/821 1493/968/763 1494/970/764
f 1494/970/764 1727/971/823 1725/969/821
f 1727/971/823 1494/970/764 1495/972/765
f 1495/972/765 1726/973/822 1727/971/823
f 1726/973/822 1495/972/765 1496/974/766
f 1496/974/766 1712/975/813 1726/973/822
f 1712/975/813 1496/974/766 1504/976/774
f 1504/976/774 1711/977/812 1712/975/813
f 1711/977/812 1504/976/774 1505/978/775
f 1505/978/775 1710/979/811 1711/977/812
f 1710/979/811 1505/978/775 1506/980/776
f 1506/980/776 1708/981/809 1710/979/811
f 1708/981/809 1506/980/776 1508/982/778
f 1508/982/778 1707/983/808 1708/981/809
f 1707/983/808 1508/982/778 1509/984/779
f 1509/984/779 1706/985/807 1707/983/808
f 1706/985/807 1509/984/779 1510/986/780
f 1510/986/780 1705/987/806 1706/985/807
f 1705/987/806 1510/986/780 1511/988/781
f 1511/988/781 1704/989/805 1705/987/806
f 1704/989/805 1511/988/781 1512/990/782
f 1512/990/782 1703/991/804 1704/989/805
f 1703/991/804 1512/990/782 1513/992/253
f 1513/992/253 1702/993/215 1703/991/804
f 1702/993/215 1513/992/253 1514/994/783
f 1514/994/783 1699/995/213 1702/993/215
f 1699/995/213 1514/994/783 1516/996/16
f 1516/996/16 1698/997/212 1699/995/213
f 1698/997/212 1516/996/16 1518/998/15
f 1518/998/15 1697/999/211 1698/997/212
f 1697/999/211 1518/998/15 1519/1000/784
f 1519/1000/784 1696/1001/802 1697/999/211
f 1696/1001/802 1519/1000/784 1520/1002/13
f 1520/1002/13 1695/1003/209 1696/1001/802
f 1695/1003/209 1520/1002/13 1521/462/785
f 1521/462/785 1694/463/208 1695/1003/209
f 1694/463/208 1521/462/785 1522/1004/3
f 1522/1004/3 1693/1005/207 1694/463/208
f 1693/1005/207 1522/1004/3 1523/1006/4
f 1523/1006/4 1692/346/206 1693/1005/207
f 1692/346/206 1523/1006/4 1524/1007/11
f 1524/1007/11 1691/1008/205 1692/346/206
f 1691/1008/205 1524/1007/11 1525/596/786
f 1525/596/786 1690/597/204 1691/1008/205
f 1690/597/204 1525/596/786 1547/1009/9
f 1547/1009/9 1689/1010/203 1690/597/204
f 1689/1010/203 1547/1009/9 1532/1011/8
f 1532/1011/8 1688/1012/202 1689/1010/203
f 1688/1012/202 1532/1011/8 1533/1013/790
f 1533/1013/790 1687/1014/201 1688/1012/202
f 1687/1014/201 1533/1013/790 1534/1015/5
f 1534/1015/5 1686/1016/200 1687/1014/201
f 1686/1016/200 1534/1015/5 1535/1017/791
f 1535/1017/791 1685/1018/801 1686/1016/200
f 1685/1018/801 1535/1017/791 1536/1019/264
f 1536/1019/264 1683/1020/197 1685/1018/801
f 1683/1020/197 1536/1019/264 1538/1021/792
f 1538/1021/792 1667/1022/799 1683/1020/197
f 1667/1022/799 1538/1021/792 1550/1023/63
f 1550/1023/63 1673/1024/800 1667/1022/799
f 1673/1024/800 1550/1023/63 1612/1025/68
f 1612/1025/68 2677/1026/155 1673/1024/800
f 2677/1026/155 1612/1025/68 2671/1027/72
f 2671/1027/72 2680/1028/158 2677/1026/155
f 2680/1028/158 2671/1027/72 2669/1029/932
f 2669/1029/932 2683/1030/161 2680/1028/158
f 2683/1030/161 2669/1029/932 2667/1031/930
f 2667/1031/930 2685/1032/163 2683/1030/161
f 2685/1032/163 2667/1031/930 2666/1033/79
f 2666/1033/79 2687/1034/165 2685/1032/163
f 2687/1034/165 2666/1033/79 2673/1035/82
f 2673/1035/82 2689/1036/167 2687/1034/165
f 2689/1036/167 2673/1035/82 2663/1037/83
f 2663/1037/83 2690/1038/168 2689/1036/167
f 2690/1038/168 2663/1037/83 2661/1039/928
f 2661/1039/928 2692/1040/170 2690/1038/168
f 2692/1040/170 2661/1039/928 2659/1041/926
f 2659/1041/926 2694/1042/172 2692/1040/170
f 2694/1042/172 2659/1041/926 2657/1043/924
f 2657/1043/924 2696/1044/174 2694/1042/172
f 2696/1044/174 2657/1043/924 2655/1045/922
f 2655/1045/922 2698/1046/176 2696/1044/174
f 2698/1046/176 2655/1045/922 2653/1047/920
f 2653/1047/920 2700/1048/178 2698/1046/176
f 2700/1048/178 2653/1047/920 2651/1049/918
f 2651/1049/918 2702/1050/180 2700/1048/178
f 2702/1050/180 2651/1049/918 2648/1051/97
f 2648/1051/97 2704/1052/182 2702/1050/180
f 2704/1052/182 2648/1051/97 2649/1053/98
f 2649/1053/98 2705/1054/183 2704/1052/182
f 2705/1054/183 2649/1053/98 2650/1055/96
f 2650/1055/96 2703/1056/181 2705/1054/183
f 2703/1056/181 2650/1055/96 2652/1057/919
f 2652/1057/919 2701/1058/179 2703/1056/181
f 2701/1058/179 2652/1057/919 2654/1059/921
f 2654/1059/921 2699/1060/177 2701/1058/179
f 2699/1060/177 2654/1059/921 2656/1061/923
f 2656/1061/923 2697/1062/175 2699/1060/177
f 2697/1062/175 2656/1061/923 2658/1063/925
f 2658/1063/925 2695/349/173 2697/1062/175
f 2695/349/173 2658/1063/925 2660/1064/927
f 2660/1064/927 2693/1065/171 2695/349/173
f 2693/1065/171 2660/1064/927 2662/1066/776
f 2662/1066/776 2691/1067/169 2693/1065/171
f 2691/1067/169 2662/1066/776 2664/1068/80
f 2664/1068/80 2688/1069/166 2691/1067/169
f 2688/1069/166 2664/1068/80 2665/1070/929
f 2665/1070/929 2686/1071/164 2688/1069/166
f 2686/1071/164 2665/1070/929 2668/1072/931
f 2668/1072/931 2684/1073/162 2686/1071/164
f 2684/1073/162 2668/1072/931 2670/1074/74
f 2670/1074/74 2682/1075/160 2684/1073/162
f 2682/1075/160 2670/1074/74 2672/1076/73
f 2672/1076/73 2681/1077/159 2682/1075/160
f 2681/1077/159 2672/1076/73 1614/1078/70
f 1614/1078/70 2679/1079/157 2681/1077/159
f 2679/1079/157 1614/1078/70 1613/1080/797
f 1613/1080/797 2678/1081/933 2679/1079/157
f 2678/1081/933 1613/1080/797 1556/1082/64
f 1556/1082/64 2676/1083/154 2678/1081/933
f 2676/1083/154 1556/1082/64 1555/1084/59
f 1555/1084/59 1647/1085/153 2676/1083/154
f 1647/1085/153 1555/1084/59 1557/1086/793
f 1557/1086/793 1630/1087/101 1647/1085/153
f 1630/1087/101 1557/1086/793 1569/1088/31
f 1569/1088/31 1618/1089/103 1630/1087/101
f 1618/1089/103 1569/1088/31 1575/1090/30
f 1575/1090/30 1617/1091/113 1618/1089/103
f 1617/1091/113 1575/1090/30 1579/1092/794
f 1579/1092/794 1621/1093/115 1617/1091/113
f 1621/1093/115 1579/1092/794 1587/1094/795
f 1587/1094/795 1637/1095/124 1621/1093/115
f 1637/1095/124 1587/1094/795 1596/1096/269
f 1596/1096/269 1651/1097/133 1637/1095/124
f 1651/1097/133 1596/1096/269 1602/1098/272
f 1602/1098/272 1654/1099/136 1651/1097/133
f 1654/1099/136 1602/1098/272 1603/1100/227
f 1603/1100/227 1655/1101/137 1654/1099/136
f 1655/1101/137 1603/1100/227 1604/341/273
f 1604/341/273 1656/1102/138 1655/1101/137
f 1656/1102/138 1604/341/273 1605/1103/274
f 1605/1103/274 1657/1104/139 1656/1102/138
f 1657/1104/139 1605/1103/274 1606/1105/23
f 1606/1105/23 1658/1106/140 1657/1104/139
f 1658/1106/140 1606/1105/23 1607/1107/275
f 1607/1107/275 1659/1108/141 1658/1106/140
f 1659/1108/141 1607/1107/275 1608/1109/276
f 1608/1109/276 1660/1110/142 1659/1108/141
f 1660/1110/142 1608/1109/276 1609/1111/277
f 1609/1111/277 1661/1112/143 1660/1110/142
f 1661/1112/143 1609/1111/277 1610/1113/278
f 1610/1113/278 1662/1114/144 1661/1112/143
f 1662/1114/144 1610/1113/278 1611/1115/279
f 1611/1115/279 1663/1116/145 1662/1114/144
f 1663/1116/145 1611/1115/279 1599/1117/280
f 1599/1117/280 1664/1118/146 1663/1116/145
f 1664/1118/146 1599/1117/280 1600/1119/281
f 1600/1119/281 1665/1120/147 1664/1118/146
f 1665/1120/147 1600/1119/281 1601/1121/282
f 1601/1121/282 1666/1122/148 1665/1120/147
f 1666/1122/148 1601/1121/282 1598/351/796
f 1598/351/796 1653/352/798 1666/1122/148
f 2139/217/1 2091/221/1 2102/1123/522
f 2102/1123/522 2142/1124/522 2139/217/1
f 2142/1124/522 2102/1123/522 2109/837/524
f 2109/837/524 2189/838/524 2142/1124/522
f 2189/838/524 2109/837/524 2112/1125/526
f 2112/1125/526 3407/1126/526 2189/838/524
f 3407/1126/526 2112/1125/526 3408/1127/1520
f 3408/1127/1520 3409/1128/1520 3407/1126/526
f 3409/1128/1521 3408/1127/1521 3410/1129/1521
f 3410/1129/1521 3411/1130/1521 3409/1128/1521
f 3411/1130/1522 3410/1129/1522 3412/1131/1522
f 3412/1131/1522 3413/1132/1522 3411/1130/1522
f 3413/1132/1523 3412/1131/1523 2114/1133/1523
f 2114/1133/1523 2191/1134/1523 3413/1132/1523
f 2191/1134/379 2114/1133/379 2115/405/379
f 2115/405/379 2187/406/379 2191/1134/379
f 2187/406/1392 2115/405/1392 2116/1135/1392
f 2116/1135/1392 2186/1136/1392 2187/406/1392
f 2186/1136/1524 2116/1135/1524 2117/1137/1524
f 2117/1137/1524 2184/1138/1524 2186/1136/1524
f 2184/1138/1525 2117/1137/1525 2119/1139/1525
f 2119/1139/1525 2183/1140/1525 2184/1138/1525
f 2183/1140/1526 2119/1139/1526 2121/1141/1526
f 2121/1141/1526 2181/1142/1526 2183/1140/1526
f 2181/1142/1527 2121/1141/1527 2122/1143/1527
f 2122/1143/1527 2179/1144/1527 2181/1142/1527
f 2179/1144/1528 2122/1143/1528 2124/1145/1528
f 2124/1145/1528 2178/1146/1528 2179/1144/1528
f 2178/1146/1529 2124/1145/1529 2125/1147/1529
f 2125/1147/1529 2177/1148/1529 2178/1146/1529
f 2177/1148/1530 2125/1147/1530 3414/865/1530
f 3414/865/1530 3415/866/1530 2177/1148/1530
f 3415/866/1531 3414/865/1531 3416/1149/1531
f 3416/1149/1531 3417/1150/1531 3415/866/1531
f 3417/1150/331 3416/1149/331 3418/1151/331
f 3418/1151/331 3419/1152/331 3417/1150/331
f 3419/1152/332 3418/1151/332 3420/1153/332
f 3420/1153/332 3421/1154/332 3419/1152/332
f 3421/1154/553 3420/1153/553 3422/1155/553
f 3422/1155/553 3423/1156/553 3421/1154/553
f 3423/1156/556 3422/1155/556 3424/1157/556
f 3424/1157/556 3425/1158/556 3423/1156/556
f 3425/1158/557 3424/1157/557 3426/1159/557
f 3426/1159/557 3427/1160/557 3425/1158/557
f 3427/1160/558 3426/1159/558 2127/1161/558
f 2127/1161/558 2175/1162/558 3427/1160/558
f 2175/1162/559 2127/1161/559 2128/1163/559
f 2128/1163/559 2174/1164/559 2175/1162/559
f 2174/1164/561 2128/1163/561 2130/1165/561
f 2130/1165/561 2172/1166/561 2174/1164/561
f 2172/1166/1532 2130/1165/1532 2131/1167/1532
f 2131/1167/1532 2171/1168/1532 2172/1166/1532
f 2171/1168/563 2131/1167/563 2136/1169/563
f 2136/1169/563 2169/1170/563 2171/1168/563
f 2169/1170/564 2136/1169/564 2137/1171/564
f 2137/1171/564 2167/1172/564 2169/1170/564
f 2167/1172/566 2137/1171/566 2088/1173/566
f 2088/1173/566 2166/1174/566 2167/1172/566
f 2166/1174/567 2088/1173/567 2089/1175/567
f 2089/1175/567 2165/1176/567 2166/1174/567
f 2165/1176/510 2089/1175/510 3428/1177/510
f 3428/1177/510 3429/1178/510 2165/1176/510
f 3429/1178/569 3428/1177/569 3430/1179/569
f 3430/1179/569 2163/1180/569 3429/1178/569
f 2163/1180/572 3430/1179/572 2133/1181/572
f 2133/1181/572 2160/1182/572 2163/1180/572
f 2160/1182/573 2133/1181/573 2094/1183/573
f 2094/1183/573 2157/1184/573 2160/1182/573
f 2157/1184/575 2094/1183/575 2097/1185/575
f 2097/1185/575 2153/1186/575 2157/1184/575
f 2153/1186/295 2097/1185/295 2085/1187/295
f 2085/1187/295 2144/1188/295 2153/1186/295
f 2144/1188/293 2085/1187/293 2086/1189/293
f 2086/1189/293 2146/1190/293 2144/1188/293
f 2146/1190/295 2086/1189/295 2084/1191/295
f 2084/1191/295 2145/1192/295 2146/1190/295
f 2145/1192/294 2084/1191/294 2091/351/294
f 2091/351/294 2139/352/294 2145/1192/294
f 2140/217/1 2090/221/1 2100/773/1
f 2100/773/1 2150/774/1 2140/217/1
f 2150/774/579 2100/773/579 2098/1193/579
f 2098/1193/579 2155/1194/579 2150/774/579
f 2155/1194/580 2098/1193/580 2096/1195/580
f 2096/1195/580 2152/1196/580 2155/1194/580
f 2152/1196/581 2096/1195/581 2099/1197/581
f 2099/1197/581 2154/1198/581 2152/1196/581
f 2154/1198/582 2099/1197/582 2095/1199/582
f 2095/1199/582 2156/1200/582 2154/1198/582
f 2156/1200/584 2095/1199/584 2093/1201/584
f 2093/1201/584 2158/1202/584 2156/1200/584
f 2158/1202/474 2093/1201/474 2134/1203/474
f 2134/1203/474 2159/1204/474 2158/1202/474
f 2159/1204/586 2134/1203/586 2132/1205/586
f 2132/1205/586 2161/1206/586 2159/1204/586
f 2161/1206/472 2132/1205/472 3431/1207/472
f 3431/1207/472 2162/1208/472 2161/1206/472
f 2162/1208/590 3431/1207/590 3432/857/590
f 3432/857/590 3433/858/590 2162/1208/590
f 3433/858/470 3432/857/470 2087/1209/470
f 2087/1209/470 2164/1210/470 3433/858/470
f 2164/1210/591 2087/1209/591 2135/1211/591
f 2135/1211/591 2168/1212/591 2164/1210/591
f 2168/1212/592 2135/1211/592 2129/1213/592
f 2129/1213/592 2170/1214/592 2168/1212/592
f 2170/1214/594 2129/1213/594 2126/1215/594
f 2126/1215/594 2173/1216/594 2170/1214/594
f 2173/1216/1533 2126/1215/1533 3434/1217/1533
f 3434/1217/1533 3435/1218/1533 2173/1216/1533
f 3435/1218/1534 3434/1217/1534 3436/1219/1534
f 3436/1219/1534 3437/1220/1534 3435/1218/1534
f 3437/1220/1535 3436/1219/1535 3438/1221/1535
f 3438/1221/1535 3439/1222/1535 3437/1220/1535
f 3439/1222/1536 3438/1221/1536 3440/1223/1536
f 3440/1223/1536 3441/1224/1536 3439/1222/1536
f 3441/1224/404 3440/1223/404 3442/1225/404
f 3442/1225/404 3443/1226/404 3441/1224/404
f 3443/1226/1505 3442/1225/1505 3444/1227/1505
f 3444/1227/1505 3445/1228/1505 3443/1226/1505
f 3445/1228/1537 3444/1227/1537 3446/1173/1537
f 3446/1173/1537 3447/1174/1537 3445/1228/1537
f 3447/1174/1538 3446/1173/1538 2123/1229/1538
f 2123/1229/1538 2176/1230/1538 3447/1174/1538
f 2176/1230/1539 2123/1229/1539 2120/1231/1539
f 2120/1231/1539 2180/1232/1539 2176/1230/1539
f 2180/1232/1540 2120/1231/1540 2118/1233/1540
f 2118/1233/1540 2182/1234/1540 2180/1232/1540
f 2182/1234/1541 2118/1233/1541 2113/1235/1541
f 2113/1235/1541 2185/1236/1541 2182/1234/1541
f 2185/1236/361 2113/1235/361 3448/1237/361
f 3448/1237/361 3449/1238/361 2185/1236/361
f 3449/1238/360 3448/1237/360 3450/1239/360
f 3450/1239/360 3451/1240/360 3449/1238/360
f 3451/1240/614 3450/1239/614 3452/1241/614
f 3452/1241/614 3453/1242/614 3451/1240/614
f 3453/1242/1424 3452/1241/1424 2111/1243/1424
f 2111/1243/1424 3454/1244/1424 3453/1242/1424
f 3454/1244/1542 2111/1243/1542 2110/1245/1542
f 2110/1245/1542 2188/1246/1542 3454/1244/1542
f 2188/1246/1543 2110/1245/1543 2108/1247/1543
f 2108/1247/1543 2190/1248/1543 2188/1246/1543
f 2190/1248/620 2108/1247/620 2103/1249/620
f 2103/1249/620 2141/1250/620 2190/1248/620
f 2141/1250/621 2103/1249/621 2101/1251/621
f 2101/1251/621 2143/1252/621 2141/1250/621
f 2143/1252/622 2101/1251/622 2104/1253/622
f 2104/1253/622 2147/1254/622 2143/1252/622
f 2147/1254/1420 2104/1253/1420 2105/1255/1420
f 2105/1255/1420 2148/1256/1420 2147/1254/1420
f 2148/1256/1544 2105/1255/1544 2106/1257/1544
f 2106/1257/1544 2149/1258/1544 2148/1256/1544
f 2149/1258/625 2106/1257/625 2107/367/625
f 2107/367/625 2151/368/625 2149/1258/625
f 2151/368/295 2107/367/295 2092/1259/295
f 2092/1259/295 2138/1260/295 2151/368/295
f 2138/1260/293 2092/1259/293 2090/351/293
f 2090/351/293 2140/352/293 2138/1260/293
f 2085/218/18 2097/224/18 2098/225/18
f 2098/225/18 2100/227/18 2085/218/18
f 2097/224/18 2094/255/18 2095/254/18
f 2095/254/18 2099/226/18 2097/224/18
f 2102/229/18 2103/230/18 2108/235/18
f 2108/235/18 2109/236/18 2102/229/18
f 3410/1263/18 3408/1261/18 2111/252/18
f 2111/252/18 3452/1262/18 3410/1263/18
f 3412/278/18 3410/1263/18 3452/1262/18
f 3452/1262/18 3450/1264/18 3412/278/18
f 2114/277/18 3412/278/18 3450/1264/18
f 3450/1264/18 3448/276/18 2114/277/18
f 2122/243/18 2120/242/18 2123/270/18
f 2123/270/18 2124/271/18 2122/243/18
f 3414/273/18 2125/272/18 2123/270/18
f 2123/270/18 3446/274/18 3414/273/18
f 3414/273/18 3446/274/18 3444/1265/18
f 3444/1265/18 3416/1266/18 3414/273/18
f 3416/1266/18 3444/1265/18 3442/1267/18
f 3442/1267/18 3418/1268/18 3416/1266/18
f 3418/1268/18 3442/1267/18 3440/1269/18
f 3440/1269/18 3420/1270/18 3418/1268/18
f 3422/1271/18 3420/1270/18 3440/1269/18
f 3440/1269/18 3438/1272/18 3422/1271/18
f 3424/1273/18 3422/1271/18 3438/1272/18
f 3438/1272/18 3436/1274/18 3424/1273/18
f 3426/1275/18 3424/1273/18 3436/1274/18
f 3436/1274/18 3434/1276/18 3426/1275/18
f 3426/1275/18 3434/1276/18 2126/246/18
f 2126/246/18 2127/247/18 3426/1275/18
f 2094/255/18 2133/258/18 2134/257/18
f 2134/257/18 2093/256/18 2094/255/18
f 2089/265/18 3432/263/18 3431/260/18
f 3431/260/18 3428/262/18 2089/265/18
f 2133/258/18 3430/261/18 3431/260/18
f 3431/260/18 2132/259/18 2133/258/18
f 2144/218/214 2150/227/214 2155/225/214
f 2155/225/214 2153/224/214 2144/218/214
f 2153/224/214 2154/226/214 2156/254/214
f 2156/254/214 2157/255/214 2153/224/214
f 2165/265/214 3429/262/214 2162/260/214
f 2162/260/214 3433/263/214 2165/265/214
f 3427/1275/214 2175/247/214 2173/246/214
f 2173/246/214 3435/1276/214 3427/1275/214
f 3427/1275/214 3435/1276/214 3437/1274/214
f 3437/1274/214 3425/1273/214 3427/1275/214
f 3425/1273/214 3437/1274/214 3439/1272/214
f 3439/1272/214 3423/1271/214 3425/1273/214
f 3423/1271/214 3439/1272/214 3441/1269/214
f 3441/1269/214 3421/1270/214 3423/1271/214
f 3419/1268/214 3421/1270/214 3441/1269/214
f 3441/1269/214 3443/1267/214 3419/1268/214
f 3417/1266/214 3419/1268/214 3443/1267/214
f 3443/1267/214 3445/1265/214 3417/1266/214
f 3415/273/214 3417/1266/214 3445/1265/214
f 3445/1265/214 3447/274/214 3415/273/214
f 3415/273/214 3447/274/214 2176/270/214
f 2176/270/214 2177/272/214 3415/273/214
f 2191/277/214 3449/276/214 3451/1264/214
f 3451/1264/214 3413/278/214 2191/277/214
f 3411/1263/214 3413/278/214 3451/1264/214
f 3451/1264/214 3453/1262/214 3411/1263/214
f 3409/1261/214 3411/1263/214 3453/1262/214
f 3453/1262/214 3454/252/214 3409/1261/214
f 2189/236/214 3407/253/214 3454/252/214
f 3454/252/214 2188/237/214 2189/236/214
f 2142/229/214 2189/236/214 2190/235/214
f 2190/235/214 2141/230/214 2142/229/214
f 3457/217/1 3456/221/1 3455/1277/1
f 3455/1277/1 3458/1278/1 3457/217/1
f 3458/1278/293 3455/1277/293 3459/1279/293
f 3459/1279/293 3460/1280/293 3458/1278/293
f 3460/1280/295 3459/1279/295 3461/1281/295
f 3461/1281/295 3462/1282/295 3460/1280/295
f 3462/1282/294 3461/1281/294 3456/351/294
f 3456/351/294 3457/352/294 3462/1282/294
f 3455/875/18 3456/221/18 3461/217/18
f 3461/217/18 3459/876/18 3455/875/18
f 3460/876/214 3462/217/214 3457/221/214
f 3457/221/214 3458/875/214 3460/876/214
f 2746/217/1 2734/221/1 2735/1283/1
f 2735/1283/1 2748/1284/1 2746/217/1
f 2748/1284/293 2735/1283/293 2736/361/293
f 2736/361/293 2749/362/293 2748/1284/293
f 2749/362/295 2736/361/295 2737/1285/295
f 2737/1285/295 2744/1286/295 2749/362/295
f 2744/1286/293 2737/1285/293 2740/1287/293
f 2740/1287/293 2743/1288/293 2744/1286/293
f 2743/1288/295 2740/1287/295 2741/470/295
f 2741/470/295 2742/471/295 2743/1288/295
f 2742/471/294 2741/470/294 2738/1289/294
f 2738/1289/294 2745/1290/294 2742/471/294
f 2745/1290/295 2738/1289/295 2739/1291/295
f 2739/1291/295 2747/1292/295 2745/1290/295
f 2747/1292/294 2739/1291/294 2734/351/294
f 2734/351/294 2746/352/294 2747/1292/294
f 2204/217/295 2193/221/295 2200/773/295
f 2200/773/295 2207/774/295 2204/217/295
f 2207/774/1545 2200/773/1545 2201/1293/1545
f 2201/1293/1545 2209/1294/1545 2207/774/1545
f 2209/1294/295 2201/1293/295 2199/843/295
f 2199/843/295 2208/844/295 2209/1294/295
f 2208/844/1546 2199/843/1546 2196/1295/1546
f 2196/1295/1546 2212/1296/1546 2208/844/1546
f 2212/1296/1 2196/1295/1 2197/1297/1
f 2197/1297/1 2211/1298/1 2212/1296/1
f 2211/1298/1482 2197/1297/1482 2194/1299/1482
f 2194/1299/1482 2203/1300/1482 2211/1298/1482
f 2203/1300/295 2194/1299/295 2192/1301/295
f 2192/1301/295 2205/1302/295 2203/1300/295
f 2205/1302/1547 2192/1301/1547 2193/351/1547
f 2193/351/1547 2204/352/1547 2205/1302/1547
f 2206/217/365 2198/221/365 2195/1285/365
f 2195/1285/365 2210/1286/365 2206/217/365
f 2210/1286/639 2195/1285/639 2202/1303/639
f 2202/1303/639 2213/1304/639 2210/1286/639
f 2213/1304/1 2202/1303/1 2198/351/1
f 2198/351/1 2206/352/1 2213/1304/1
f 2200/287/18 2193/280/18 2198/285/18
f 2198/285/18 2202/289/18 2200/287/18
f 2206/285/214 2204/280/214 2207/287/214
f 2207/287/214 2213/289/214 2206/285/214
f 2761/217/1 2750/221/1 2751/1305/1
f 2751/1305/1 2760/1306/1 2761/217/1
f 2760/1306/293 2751/1305/293 2752/1307/293
f 2752/1307/293 2759/1308/293 2760/1306/293
f 2759/1308/1 2752/1307/1 2755/1309/1
f 2755/1309/1 2758/1310/1 2759/1308/1
f 2758/1310/293 2755/1309/293 2754/1279/576
f 2754/1279/576 2757/1280/576 2758/1310/293
f 2757/1280/576 2754/1279/576 2753/1311/577
f 2753/1311/577 2756/1312/577 2757/1280/576
f 2756/1312/577 2753/1311/577 2750/351/294
f 2750/351/294 2761/352/294 2756/1312/577
f 3465/221/627 3464/2808/1364 3463/2807/1362
f 3463/2807/1362 3466/351/626 3465/221/627
f 3466/221/626 3463/2808/1362 3467/2807/986
f 3467/2807/986 3468/351/629 3466/221/626
f 3468/221/629 3467/2808/986 3469/2807/1363
f 3469/2807/1363 3470/351/628 3468/221/629
f 3470/221/628 3469/2808/1363 3464/2807/1364
f 3464/2807/1364 3465/351/627 3470/221/628
f 3470/221/628 3465/217/627 3466/352/626
f 3466/352/626 3468/351/629 3470/221/628
f 3473/221/627 3472/2808/1364 3471/2807/1362
f 3471/2807/1362 3474/351/626 3473/221/627
f 3474/221/626 3471/2808/1362 3475/2807/986
f 3475/2807/986 3476/351/629 3474/221/626
f 3476/221/629 3475/2808/986 3477/2807/1363
f 3477/2807/1363 3478/351/628 3476/221/629
f 3478/221/628 3477/2808/1363 3472/2807/1364
f 3472/2807/1364 3473/351/627 3478/221/628
f 3478/221/628 3473/217/627 3474/352/626
f 3474/352/626 3476/351/629 3478/221/628
f 3481/221/627 3480/2808/1364 3479/2807/1362
f 3479/2807/1362 3482/351/626 3481/221/627
f 3482/221/626 3479/2808/1362 3483/2807/986
f 3483/2807/986 3484/351/629 3482/221/626
f 3484/221/629 3483/2808/986 3485/2807/1363
f 3485/2807/1363 3486/351/628 3484/221/629
f 3486/221/628 3485/2808/1363 3480/2807/1364
f 3480/2807/1364 3481/351/627 3486/221/628
f 3486/221/628 3481/217/627 3482/352/626
f 3482/352/626 3484/351/629 3486/221/628
f 3489/221/627 3488/2808/1364 3487/2807/1362
f 3487/2807/1362 3490/351/626 3489/221/627
f 3490/221/626 3487/2808/1362 3491/2807/986
f 3491/2807/986 3492/351/629 3490/221/626
f 3492/221/629 3491/2808/986 3493/2807/1363
f 3493/2807/1363 3494/351/628 3492/221/629
f 3494/221/628 3493/2808/1363 3488/2807/1364
f 3488/2807/1364 3489/351/627 3494/221/628
f 3494/221/628 3489/217/627 3490/352/626
f 3490/352/626 3492/351/629 3494/221/628
f 3497/351/1550 3496/221/1549 3495/217/1548
f 3495/217/1548 3498/352/1551 3497/351/1550
f 3501/221/628 3500/217/633 3499/352/1552
f 3499/352/1552 3502/351/1553 3501/221/628
f 3505/221/1555 3504/217/1554 3503/352/631
f 3503/352/631 3506/351/629 3505/221/1555
f 3507/1280/990 3500/352/633 3501/351/628
f 3501/351/628 3508/1279/117 3507/1280/990
f 3503/217/631 3507/1280/990 3508/1279/117
f 3508/1279/117 3506/221/629 3503/217/631
f 3508/675/117 3501/217/628 3502/352/1553
f 3502/352/1553 3509/1570/987 3508/675/117
f 3506/221/629 3508/675/117 3509/1570/987
f 3509/1570/987 3505/351/1555 3506/221/629
f 3510/1570/1154 3499/351/1552 3500/221/633
f 3500/221/633 3507/675/990 3510/1570/1154
f 3504/352/1554 3510/1570/1154 3507/675/990
f 3507/675/990 3503/217/631 3504/352/1554
f 3499/217/1552 3512/2810/1555 3511/2809/1554
f 3511/2809/1554 3502/221/1553 3499/217/1552
f 3512/2810/1555 3499/217/1552 3510/1280/1154
f 3510/1280/1154 3513/2811/1556 3512/2810/1555
f 3514/2810/626 3512/2810/1555 3513/2811/1556
f 3513/2811/1556 3517/2811/627 3514/2810/626
f 3512/2810/1555 3514/2810/626 3515/2809/630
f 3515/2809/630 3511/2809/1554 3512/2810/1555
f 3511/2809/1554 3515/2809/630 3516/2812/632
f 3516/2812/632 3518/2812/1552 3511/2809/1554
f 3518/2812/1552 3516/2812/632 3517/2811/627
f 3517/2811/627 3513/2811/1556 3518/2812/1552
f 3502/221/1553 3511/2809/1554 3518/2812/1552
f 3518/2812/1552 3509/1279/987 3502/221/1553
f 3519/2813/1557 3509/1279/987 3513/2811/1556
f 3513/2811/1556 3510/1280/1154 3519/2813/1557
f 3509/1279/987 3519/2813/1557 3520/2814/1552
f 3520/2814/1552 3505/351/1555 3509/1279/987
f 3521/2815/1555 3510/1280/1154 3504/352/1554
f 3504/352/1554 3522/2816/1553 3521/2815/1555
f 3522/2816/1553 3504/352/1554 3505/351/1555
f 3505/351/1555 3520/2814/1552 3522/2816/1553
f 3523/2814/632 3520/2814/1552 3519/2813/1557
f 3519/2813/1557 3524/2813/630 3523/2814/632
f 3524/2813/630 3519/2813/1557 3521/2815/1555
f 3521/2815/1555 3526/2815/626 3524/2813/630
f 3520/2814/1552 3523/2814/632 3525/2816/627
f 3525/2816/627 3522/2816/1553 3520/2814/1552
f 3522/2816/1553 3525/2816/627 3526/2815/626
f 3526/2815/626 3521/2815/1555 3522/2816/1553
f 3529/221/629 3528/217/631 3527/352/1558
f 3527/352/1558 3530/351/1559 3529/221/629
f 3533/221/1561 3532/217/1560 3531/352/630
f 3531/352/630 3534/351/626 3533/221/1561
f 3535/1280/576 3528/352/631 3529/351/629
f 3529/351/629 3536/1279/634 3535/1280/576
f 3531/217/630 3535/1280/576 3536/1279/634
f 3536/1279/634 3534/221/626 3531/217/630
f 3536/675/634 3529/217/629 3530/352/1559
f 3530/352/1559 3537/1570/1562 3536/675/634
f 3534/221/626 3536/675/634 3537/1570/1562
f 3537/1570/1562 3533/351/1561 3534/221/626
f 3538/1570/1563 3527/351/1558 3528/221/631
f 3528/221/631 3535/675/576 3538/1570/1563
f 3532/352/1560 3538/1570/1563 3535/675/576
f 3535/675/576 3531/217/630 3532/352/1560
f 3541/221/628 3540/217/633 3539/352/1552
f 3539/352/1552 3542/351/1553 3541/221/628
f 3545/221/1555 3544/217/1554 3543/352/631
f 3543/352/631 3546/351/629 3545/221/1555
f 3547/1280/990 3540/352/633 3541/351/628
f 3541/351/628 3548/1279/117 3547/1280/990
f 3543/217/631 3547/1280/990 3548/1279/117
f 3548/1279/117 3546/221/629 3543/217/631
f 3548/675/117 3541/217/628 3542/352/1553
f 3542/352/1553 3549/1570/987 3548/675/117
f 3546/221/629 3548/675/117 3549/1570/987
f 3549/1570/987 3545/351/1555 3546/221/629
f 3550/1570/1154 3539/351/1552 3540/221/633
f 3540/221/633 3547/675/990 3550/1570/1154
f 3544/352/1554 3550/1570/1154 3547/675/990
f 3547/675/990 3543/217/631 3544/352/1554
f 3553/221/628 3552/217/633 3551/352/1552
f 3551/352/1552 3554/351/1553 3553/221/628
f 3557/221/1555 3556/217/1554 3555/352/631
f 3555/352/631 3558/351/629 3557/221/1555
f 3559/1280/990 3552/352/633 3553/351/628
f 3553/351/628 3560/1279/117 3559/1280/990
f 3555/217/631 3559/1280/990 3560/1279/117
f 3560/1279/117 3558/221/629 3555/217/631
f 3560/675/117 3553/217/628 3554/352/1553
f 3554/352/1553 3561/1570/987 3560/675/117
f 3558/221/629 3560/675/117 3561/1570/987
f 3561/1570/987 3557/351/1555 3558/221/629
f 3562/1570/1154 3551/351/1552 3552/221/633
f 3552/221/633 3559/675/990 3562/1570/1154
f 3556/352/1554 3562/1570/1154 3559/675/990
f 3559/675/990 3555/217/631 3556/352/1554
f 3565/221/628 3564/217/633 3563/352/1552
f 3563/352/1552 3566/351/1553 3565/221/628
f 3569/221/1555 3568/217/1554 3567/352/631
f 3567/352/631 3570/351/629 3569/221/1555
f 3571/1280/990 3564/352/633 3565/351/628
f 3565/351/628 3572/1279/117 3571/1280/990
f 3567/217/631 3571/1280/990 3572/1279/117
f 3572/1279/117 3570/221/629 3567/217/631
f 3572/675/117 3565/217/628 3566/352/1553
f 3566/352/1553 3573/1570/987 3572/675/117
f 3570/221/629 3572/675/117 3573/1570/987
f 3573/1570/987 3569/351/1555 3570/221/629
f 3574/1570/1154 3563/351/1552 3564/221/633
f 3564/221/633 3571/675/990 3574/1570/1154
f 3568/352/1554 3574/1570/1154 3571/675/990
f 3571/675/990 3567/217/631 3568/352/1554
f 3577/2810/1564 3576/2810/694 3575/2809/630
f 3575/2809/630 3578/2809/1554 3577/2810/1564
f 3578/2809/1554 3575/2809/630 3579/2812/632
f 3579/2812/632 3580/2812/1552 3578/2809/1554
f 3580/2812/1552 3579/2812/632 3581/2811/695
f 3581/2811/695 3582/2811/1565 3580/2812/1552
f 3563/217/1552 3577/2810/1564 3578/2809/1554
f 3578/2809/1554 3566/221/1553 3563/217/1552
f 3566/221/1553 3578/2809/1554 3580/2812/1552
f 3580/2812/1552 3573/1279/987 3566/221/1553
f 3577/2810/1564 3563/217/1552 3574/1280/1154
f 3574/1280/1154 3582/2811/1565 3577/2810/1564
f 3583/2813/18 3573/1279/987 3582/2811/1565
f 3582/2811/1565 3574/1280/1154 3583/2813/18
f 3573/1279/987 3583/2813/18 3584/2814/18
f 3584/2814/18 3569/351/1555 3573/1279/987
f 3585/2815/18 3574/1280/1154 3568/352/1554
f 3568/352/1554 3586/2816/18 3585/2815/18
f 3569/351/1555 3584/2814/18 3586/2816/18
f 3586/2816/18 3568/352/1554 3569/351/1555
f 3582/2811/1 3581/2811/1 3576/2810/1
f 3576/2810/1 3577/2810/1 3582/2811/1
f 3583/2813/295 3588/2813/295 3587/2814/295
f 3587/2814/295 3584/2814/295 3583/2813/295
f 3584/2814/294 3587/2814/294 3589/2816/294
f 3589/2816/294 3586/2816/294 3584/2814/294
f 3586/2816/1 3589/2816/1 3590/2815/1
f 3590/2815/1 3585/2815/1 3586/2816/1
f 3585/2815/293 3590/2815/293 3588/2813/293
f 3588/2813/293 3583/2813/293 3585/2815/293
f 3593/221/18 3592/217/18 3591/352/18
f 3591/352/18 3594/351/18 3593/221/18
f 3597/221/214 3596/217/214 3595/352/214
f 3595/352/214 3598/351/214 3597/221/214
f 3593/351/294 3600/1279/294 3599/1280/294
f 3599/1280/294 3592/352/294 3593/351/294
f 3600/675/1 3593/217/1 3594/352/1
f 3594/352/1 3601/1570/1 3600/675/1
f 3592/221/295 3599/675/295 3602/1570/295
f 3602/1570/295 3591/351/295 3592/221/295
f 3596/352/295 3602/1570/295 3599/675/295
f 3599/675/295 3595/217/295 3596/352/295
f 3595/217/294 3599/1280/294 3600/1279/294
f 3600/1279/294 3598/221/294 3595/217/294
f 3598/221/1 3600/675/1 3601/1570/1
f 3601/1570/1 3597/351/1 3598/221/1
f 3591/217/293 3604/2810/293 3603/2809/293
f 3603/2809/293 3594/221/293 3591/217/293
f 3594/221/293 3603/2809/293 3605/2812/293
f 3605/2812/293 3601/1279/293 3594/221/293
f 3608/2813/293 3601/1279/293 3606/2811/293
f 3606/2811/293 3602/1280/293 3608/2813/293
f 3602/1280/293 3606/2811/293 3604/2810/293
f 3604/2810/293 3591/217/293 3602/1280/293
f 3601/1279/293 3608/2813/293 3607/2814/293
f 3607/2814/293 3597/351/293 3601/1279/293
f 3597/351/293 3607/2814/293 3609/2816/293
f 3609/2816/293 3596/352/293 3597/351/293
f 3596/352/293 3609/2816/293 3610/2815/293
f 3610/2815/293 3602/1280/293 3596/352/293
f 3604/2810/214 3612/2810/214 3611/2809/214
f 3611/2809/214 3603/2809/214 3604/2810/214
f 3603/2809/295 3611/2809/295 3613/2812/295
f 3613/2812/295 3605/2812/295 3603/2809/295
f 3605/2812/18 3613/2812/18 3614/2811/18
f 3614/2811/18 3606/2811/18 3605/2812/18
f 3606/2811/1 3614/2811/1 3612/2810/1
f 3612/2810/1 3604/2810/1 3606/2811/1
f 3608/2813/295 3616/2813/295 3615/2814/295
f 3615/2814/295 3607/2814/295 3608/2813/295
f 3607/2814/18 3615/2814/18 3617/2816/18
f 3617/2816/18 3609/2816/18 3607/2814/18
f 3609/2816/1 3617/2816/1 3618/2815/1
f 3618/2815/1 3610/2815/1 3609/2816/1
f 3610/2815/214 3618/2815/214 3616/2813/214
f 3616/2813/214 3608/2813/214 3610/2815/214
f 3621/221/294 3620/217/294 3619/352/294
f 3619/352/294 3622/351/294 3621/221/294
f 3625/221/293 3624/217/293 3623/352/293
f 3623/352/293 3626/351/293 3625/221/293
f 3621/351/214 3628/1279/214 3627/1280/214
f 3627/1280/214 3620/352/214 3621/351/214
f 3628/675/1 3621/217/1 3622/352/1
f 3622/352/1 3629/1570/1 3628/675/1
f 3620/221/295 3627/675/295 3630/1570/295
f 3630/1570/295 3619/351/295 3620/221/295
f 3624/352/295 3630/1570/295 3627/675/295
f 3627/675/295 3623/217/295 3624/352/295
f 3623/217/214 3627/1280/214 3628/1279/214
f 3628/1279/214 3626/221/214 3623/217/214
f 3626/221/1 3628/675/1 3629/1570/1
f 3629/1570/1 3625/351/1 3626/221/1
f 3619/217/18 3632/2810/18 3631/2809/18
f 3631/2809/18 3622/221/18 3619/217/18
f 3622/221/18 3631/2809/18 3633/2812/18
f 3633/2812/18 3629/1279/18 3622/221/18
f 3636/2813/18 3629/1279/18 3634/2811/18
f 3634/2811/18 3630/1280/18 3636/2813/18
f 3630/1280/18 3634/2811/18 3632/2810/18
f 3632/2810/18 3619/217/18 3630/1280/18
f 3629/1279/18 3636/2813/18 3635/2814/18
f 3635/2814/18 3625/351/18 3629/1279/18
f 3625/351/18 3635/2814/18 3637/2816/18
f 3637/2816/18 3624/352/18 3625/351/18
f 3624/352/18 3637/2816/18 3638/2815/18
f 3638/2815/18 3630/1280/18 3624/352/18
f 3632/2810/293 3640/2810/293 3639/2809/293
f 3639/2809/293 3631/2809/293 3632/2810/293
f 3631/2809/295 3639/2809/295 3641/2812/295
f 3641/2812/295 3633/2812/295 3631/2809/295
f 3633/2812/294 3641/2812/294 3642/2811/294
f 3642/2811/294 3634/2811/294 3633/2812/294
f 3634/2811/1 3642/2811/1 3640/2810/1
f 3640/2810/1 3632/2810/1 3634/2811/1
f 3636/2813/295 3644/2813/295 3643/2814/295
f 3643/2814/295 3635/2814/295 3636/2813/295
f 3635/2814/294 3643/2814/294 3645/2816/294
f 3645/2816/294 3637/2816/294 3635/2814/294
f 3637/2816/1 3645/2816/1 3646/2815/1
f 3646/2815/1 3638/2815/1 3637/2816/1
f 3638/2815/293 3646/2815/293 3644/2813/293
f 3644/2813/293 3636/2813/293 3638/2815/293
f 3649/221/294 3648/217/294 3647/352/294
f 3647/352/294 3650/351/294 3649/221/294
f 3653/221/293 3652/217/293 3651/352/293
f 3651/352/293 3654/351/293 3653/221/293
f 3649/351/214 3656/1279/214 3655/1280/214
f 3655/1280/214 3648/352/214 3649/351/214
f 3656/675/1 3649/217/1 3650/352/1
f 3650/352/1 3657/1570/1 3656/675/1
f 3648/221/295 3655/675/295 3658/1570/295
f 3658/1570/295 3647/351/295 3648/221/295
f 3652/352/295 3658/1570/295 3655/675/295
f 3655/675/295 3651/217/295 3652/352/295
f 3651/217/214 3655/1280/214 3656/1279/214
f 3656/1279/214 3654/221/214 3651/217/214
f 3654/221/1 3656/675/1 3657/1570/1
f 3657/1570/1 3653/351/1 3654/221/1
f 3647/217/18 3660/2810/18 3659/2809/18
f 3659/2809/18 3650/221/18 3647/217/18
f 3650/221/18 3659/2809/18 3661/2812/18
f 3661/2812/18 3657/1279/18 3650/221/18
f 3664/2813/18 3657/1279/18 3662/2811/18
f 3662/2811/18 3658/1280/18 3664/2813/18
f 3658/1280/18 3662/2811/18 3660/2810/18
f 3660/2810/18 3647/217/18 3658/1280/18
f 3657/1279/18 3664/2813/18 3663/2814/18
f 3663/2814/18 3653/351/18 3657/1279/18
f 3653/351/18 3663/2814/18 3665/2816/18
f 3665/2816/18 3652/352/18 3653/351/18
f 3652/352/18 3665/2816/18 3666/2815/18
f 3666/2815/18 3658/1280/18 3652/352/18
f 3660/2810/293 3668/2810/293 3667/2809/576
f 3667/2809/576 3659/2809/576 3660/2810/293
f 3659/2809/576 3667/2809/576 3669/2812/295
f 3669/2812/295 3661/2812/295 3659/2809/576
f 3661/2812/294 3669/2812/294 3670/2811/294
f 3670/2811/294 3662/2811/294 3661/2812/294
f 3662/2811/1 3670/2811/1 3668/2810/1
f 3668/2810/1 3660/2810/1 3662/2811/1
f 3672/217/1567 1134/221/576 3671/2817/1566
f 3671/2817/1566 3673/2818/1566 3672/217/1567
f 1133/217/632 3675/221/1568 3674/2817/294
f 3674/2817/294 3676/2818/695 1133/217/632
f 3675/217/1568 1133/221/632 1134/351/576
f 1134/351/576 3672/352/1567 3675/217/1568
f 3677/2819/694 3679/2820/293 3678/2820/293
f 3678/2820/293 3680/2819/694 3677/2819/694
f 3681/2821/18 3677/2819/694 3680/2819/694
f 3680/2819/694 3682/2821/18 3681/2821/18
f 3683/2822/1154 3681/2821/18 3682/2821/18
f 3682/2821/18 3684/2822/18 3683/2822/1154
f 3685/2823/1154 3683/2822/1154 3684/2822/18
f 3684/2822/18 3688/2823/18 3685/2823/1154
f 3686/2824/295 3683/2822/1154 3685/2823/1154
f 3685/2823/1154 3687/2825/295 3686/2824/295
f 3689/2826/695 3685/2823/1154 3688/2823/18
f 3688/2823/18 3690/2826/695 3689/2826/695
f 3691/2827/1563 3689/2826/695 3690/2826/695
f 3690/2826/695 3692/2827/294 3691/2827/1563
f 3690/2826/695 3688/2823/18 3693/2823/698
f 3693/2823/698 3694/2826/1364 3690/2826/695
f 3675/2828/1568 3672/2166/1567 3695/2166/1569
f 3695/2166/1569 3696/2828/990 3675/2828/1568
f 3697/2829/641 3675/2828/1568 3696/2828/990
f 3696/2828/990 3698/2829/633 3697/2829/641
f 3687/2828/295 3696/2828/990 3695/2166/1569
f 3695/2166/1569 3686/2166/295 3687/2828/295
f 3692/2829/294 3697/2829/641 3698/2829/633
f 3698/2829/633 3691/2829/1563 3692/2829/294
f 3691/2829/1563 3698/2829/633 3696/2828/990
f 3696/2828/990 3687/2828/295 3691/2829/1563
f 3699/2830/677 3678/2820/214 3679/2820/214
f 3679/2820/214 3700/2830/677 3699/2830/677
f 3688/2823/18 3684/2822/18 3701/2822/18
f 3701/2822/18 3693/2823/18 3688/2823/18
f 3675/2828/214 3697/2829/214 3702/2829/214
f 3702/2829/214 3674/2828/214 3675/2828/214
f 3697/2829/294 3692/2829/294 3703/2829/294
f 3703/2829/294 3702/2829/294 3697/2829/294
f 3692/2827/294 3690/2826/695 3694/2826/1364
f 3694/2826/1364 3703/2827/308 3692/2827/294
f 3704/2832/214 3672/2831/214 3673/2831/214
f 3673/2831/214 3705/2832/214 3704/2832/214
f 3699/2833/677 3704/2832/293 3705/2832/293
f 3705/2832/293 3706/2833/677 3699/2833/677
f 3684/2822/18 3682/2821/18 3707/2821/18
f 3707/2821/18 3701/2822/18 3684/2822/18
f 3682/2821/18 3680/2819/18 3708/2819/18
f 3708/2819/18 3707/2821/18 3682/2821/18
f 3680/2819/293 3678/2820/293 3709/2820/293
f 3709/2820/293 3708/2819/293 3680/2819/293
f 3678/2820/214 3699/2830/677 3706/2830/677
f 3706/2830/677 3709/2820/214 3678/2820/214
f 3704/2832/293 3699/2833/677 3700/2833/677
f 3700/2833/677 3710/2832/293 3704/2832/293
f 1136/1407/18 3712/2825/18 3711/2824/18
f 3711/2824/18 1135/1426/18 1136/1407/18
f 3713/1082/214 1145/1414/117 1146/1418/117
f 1146/1418/117 3714/2834/214 3713/1082/214
f 1146/1418/214 1165/1425/214 3715/1279/214
f 3715/1279/214 3714/2834/214 1146/1418/214
f 3672/2831/1567 3704/2832/214 3710/2832/214
f 3710/2832/214 3695/2831/1569 3672/2831/1567
f 3717/2836/988 3716/2835/988 1139/1417/214
f 1139/1417/214 1140/1410/214 3717/2836/988
f 3712/2825/1570 1136/1407/34 1148/1419/34
f 1148/1419/34 3718/221/699 3712/2825/1570
f 3676/2838/695 3719/2837/698 1150/1420/18
f 1150/1420/18 1133/1405/632 3676/2838/695
f 3687/2825/295 3685/2823/295 3689/2826/295
f 3689/2826/295 3691/2827/295 3687/2825/295
f 3717/2836/214 1140/1410/214 1004/1421/214
f 1004/1421/214 2801/2839/214 3717/2836/214
f 1145/1414/214 3713/1082/214 3720/351/214
f 3720/351/214 1003/1422/214 1145/1414/214
f 1135/1426/18 3711/2824/18 3721/1279/18
f 3721/1279/18 1155/1425/18 1135/1426/18
f 1148/1419/293 1161/1419/293 3722/221/293
f 3722/221/293 3718/221/293 1148/1419/293
f 1161/1422/293 1003/1419/293 3720/221/293
f 3720/221/293 3722/351/293 1161/1422/293
f 1165/1425/214 1169/1419/214 3723/221/990
f 3723/221/990 3715/1279/990 1165/1425/214
f 1169/1422/294 1174/1419/294 3724/221/294
f 3724/221/294 3723/351/294 1169/1422/294
f 1174/1422/34 1176/1425/34 3725/1279/18
f 3725/1279/18 3724/351/18 1174/1422/34
f 1176/1425/294 1155/1425/294 3721/1279/294
f 3721/1279/294 3725/1279/294 1176/1425/294
f 1153/1423/294 1175/1423/294 3726/2840/294
f 3726/2840/294 3727/2840/294 1153/1423/294
f 3719/2837/293 3728/2837/293 1160/1420/293
f 1160/1420/293 1150/1420/293 3719/2837/293
f 3695/2831/295 3710/2832/295 3700/2833/295
f 3700/2833/295 3686/2831/295 3695/2831/295
f 3727/2840/18 3671/2841/18 1134/1424/18
f 1134/1424/18 1153/1423/18 3727/2840/18
f 3700/2830/295 3681/2821/295 3683/2822/295
f 3683/2822/295 3686/2824/295 3700/2830/295
f 3716/2835/214 3729/2840/214 1163/1423/214
f 1163/1423/214 1139/1417/214 3716/2835/214
f 3681/2821/295 3700/2830/295 3679/2820/295
f 3679/2820/295 3677/2819/295 3681/2821/295
f 3728/2839/293 2801/2837/293 1004/1420/293
f 1004/1420/293 1160/1421/293 3728/2839/293
f 3729/2840/214 3730/2837/214 1168/1420/214
f 1168/1420/214 1163/1423/214 3729/2840/214
f 3730/2839/294 3731/2837/294 1172/1420/294
f 1172/1420/294 1168/1421/294 3730/2839/294
f 1175/1423/18 1172/1421/18 3731/2839/18
f 3731/2839/18 3726/2840/18 1175/1423/18
f 3732/2815/634 3666/2815/634 3665/2816/523
f 3665/2816/523 3733/2816/523 3732/2815/634
f 3666/2815/634 3732/2815/634 3734/2813/576
f 3734/2813/576 3664/2813/576 3666/2815/634
f 3733/2816/523 3665/2816/523 3663/2814/577
f 3663/2814/577 3735/2814/577 3733/2816/523
f 3664/2813/576 3734/2813/576 3735/2814/577
f 3735/2814/577 3663/2814/577 3664/2813/576
f 3736/2816/1553 3556/352/1554 3557/351/1555
f 3557/351/1555 3737/2814/1552 3736/2816/1553
f 3737/2814/1552 3557/351/1555 3561/1279/987
f 3561/1279/987 3743/2813/1557 3737/2814/1552
f 3556/352/1554 3736/2816/1553 3738/2815/1555
f 3738/2815/1555 3562/1280/1154 3556/352/1554
f 3739/2816/627 3736/2816/1553 3737/2814/1552
f 3737/2814/1552 3741/2814/632 3739/2816/627
f 3736/2816/1553 3739/2816/627 3740/2815/626
f 3740/2815/626 3738/2815/1555 3736/2816/1553
f 3738/2815/1555 3740/2815/626 3742/2813/630
f 3742/2813/630 3743/2813/1557 3738/2815/1555
f 3743/2813/1557 3742/2813/630 3741/2814/632
f 3741/2814/632 3737/2814/1552 3743/2813/1557
f 3744/2811/1556 3562/1280/1154 3743/2813/1557
f 3743/2813/1557 3561/1279/987 3744/2811/1556
f 3745/2812/1552 3561/1279/987 3554/221/1553
f 3554/221/1553 3747/2809/1554 3745/2812/1552
f 3562/1280/1154 3744/2811/1556 3746/2810/1555
f 3746/2810/1555 3551/217/1552 3562/1280/1154
f 3747/2809/1554 3554/221/1553 3551/217/1552
f 3551/217/1552 3746/2810/1555 3747/2809/1554
f 3748/2811/627 3744/2811/1556 3745/2812/1552
f 3745/2812/1552 3749/2812/632 3748/2811/627
f 3749/2812/632 3745/2812/1552 3747/2809/1554
f 3747/2809/1554 3751/2809/630 3749/2812/632
f 3744/2811/1556 3748/2811/627 3750/2810/626
f 3750/2810/626 3746/2810/1555 3744/2811/1556
f 3746/2810/1555 3750/2810/626 3751/2809/630
f 3751/2809/630 3747/2809/1554 3746/2810/1555
f 3752/2816/1553 3544/352/1554 3545/351/1555
f 3545/351/1555 3753/2814/1552 3752/2816/1553
f 3753/2814/1552 3545/351/1555 3549/1279/987
f 3549/1279/987 3759/2813/1557 3753/2814/1552
f 3544/352/1554 3752/2816/1553 3754/2815/1555
f 3754/2815/1555 3550/1280/1154 3544/352/1554
f 3755/2816/627 3752/2816/1553 3753/2814/1552
f 3753/2814/1552 3757/2814/632 3755/2816/627
f 3752/2816/1553 3755/2816/627 3756/2815/626
f 3756/2815/626 3754/2815/1555 3752/2816/1553
f 3754/2815/1555 3756/2815/626 3758/2813/630
f 3758/2813/630 3759/2813/1557 3754/2815/1555
f 3759/2813/1557 3758/2813/630 3757/2814/632
f 3757/2814/632 3753/2814/1552 3759/2813/1557
f 3760/2811/1556 3550/1280/1154 3759/2813/1557
f 3759/2813/1557 3549/1279/987 3760/2811/1556
f 3761/2812/1552 3549/1279/987 3542/221/1553
f 3542/221/1553 3763/2809/1554 3761/2812/1552
f 3550/1280/1154 3760/2811/1556 3762/2810/1555
f 3762/2810/1555 3539/217/1552 3550/1280/1154
f 3763/2809/1554 3542/221/1553 3539/217/1552
f 3539/217/1552 3762/2810/1555 3763/2809/1554
f 3764/2811/627 3760/2811/1556 3761/2812/1552
f 3761/2812/1552 3765/2812/632 3764/2811/627
f 3765/2812/632 3761/2812/1552 3763/2809/1554
f 3763/2809/1554 3767/2809/630 3765/2812/632
f 3760/2811/1556 3764/2811/627 3766/2810/626
f 3766/2810/626 3762/2810/1555 3760/2811/1556
f 3762/2810/1555 3766/2810/626 3767/2809/630
f 3767/2809/630 3763/2809/1554 3762/2810/1555
f 3768/2816/1559 3532/352/1560 3533/351/1561
f 3533/351/1561 3769/2814/1558 3768/2816/1559
f 3769/2814/1558 3533/351/1561 3537/1279/1562
f 3537/1279/1562 3775/2813/1571 3769/2814/1558
f 3532/352/1560 3768/2816/1559 3770/2815/1561
f 3770/2815/1561 3538/1280/1563 3532/352/1560
f 3771/2816/628 3768/2816/1559 3769/2814/1558
f 3769/2814/1558 3773/2814/633 3771/2816/628
f 3768/2816/1559 3771/2816/628 3772/2815/627
f 3772/2815/627 3770/2815/1561 3768/2816/1559
f 3770/2815/1561 3772/2815/627 3774/2813/632
f 3774/2813/632 3775/2813/1571 3770/2815/1561
f 3775/2813/1571 3774/2813/632 3773/2814/633
f 3773/2814/633 3769/2814/1558 3775/2813/1571
f 3776/2811/1572 3538/1280/1563 3775/2813/1571
f 3775/2813/1571 3537/1279/1562 3776/2811/1572
f 3777/2812/1558 3537/1279/1562 3530/221/1559
f 3530/221/1559 3779/2809/1560 3777/2812/1558
f 3538/1280/1563 3776/2811/1572 3778/2810/1561
f 3778/2810/1561 3527/217/1558 3538/1280/1563
f 3779/2809/1560 3530/221/1559 3527/217/1558
f 3527/217/1558 3778/2810/1561 3779/2809/1560
f 3780/2811/628 3776/2811/1572 3777/2812/1558
f 3777/2812/1558 3781/2812/633 3780/2811/628
f 3781/2812/633 3777/2812/1558 3779/2809/1560
f 3779/2809/1560 3783/2809/632 3781/2812/633
f 3776/2811/1572 3780/2811/628 3782/2810/627
f 3782/2810/627 3778/2810/1561 3776/2811/1572
f 3778/2810/1561 3782/2810/627 3783/2809/632
f 3783/2809/632 3779/2809/1560 3778/2810/1561
f 3784/2842/1396 3785/351/1175 3496/221/1549
f 3496/221/1549 3786/2843/1573 3784/2842/1396
f 3786/2843/1573 3496/221/1549 3497/352/1550
f 3497/352/1550 3787/2844/1574 3786/2843/1573
f 3785/351/1175 3784/2842/1396 3787/2844/1574
f 3787/2844/1574 3497/352/1550 3785/351/1175
f 3788/2842/1575 3784/2842/1396 3786/2843/1573
f 3786/2843/1573 3789/2843/1576 3788/2842/1575
f 3789/2843/1576 3786/2843/1573 3787/2844/1574
f 3787/2844/1574 3790/2844/1577 3789/2843/1576
f 3784/2842/1396 3788/2842/1575 3790/2844/1577
f 3790/2844/1577 3787/2844/1574 3784/2842/1396
f 3791/2845/1578 3497/352/1550 3498/351/1551
f 3498/351/1551 3792/2846/1579 3791/2845/1578
f 3792/2846/1579 3498/351/1551 3785/221/1175
f 3785/221/1175 3793/2847/1580 3792/2846/1579
f 3793/2847/1580 3785/221/1175 3497/352/1550
f 3497/352/1550 3791/2845/1578 3793/2847/1580
f 3794/2845/1581 3791/2845/1578 3792/2846/1579
f 3792/2846/1579 3795/2846/1582 3794/2845/1581
f 3795/2846/1582 3792/2846/1579 3793/2847/1580
f 3793/2847/1580 3796/2847/1583 3795/2846/1582
f 3791/2845/1578 3794/2845/1581 3796/2847/1583
f 3796/2847/1583 3793/2847/1580 3791/2845/1578
f 3797/2848/1584 3498/352/1551 3495/351/1548
f 3495/351/1548 3798/2849/1585 3797/2848/1584
f 3798/2849/1585 3495/351/1548 3785/221/1175
f 3785/221/1175 3799/2850/1586 3798/2849/1585
f 3799/2850/1586 3785/221/1175 3498/352/1551
f 3498/352/1551 3797/2848/1584 3799/2850/1586
f 3800/2848/1587 3797/2848/1584 3798/2849/1585
f 3798/2849/1585 3801/2849/1588 3800/2848/1587
f 3801/2849/1588 3798/2849/1585 3799/2850/1586
f 3799/2850/1586 3802/2850/1589 3801/2849/1588
f 3797/2848/1584 3800/2848/1587 3802/2850/1589
f 3802/2850/1589 3799/2850/1586 3797/2848/1584
f 3803/2851/1590 3496/352/1549 3785/351/1175
f 3785/351/1175 3804/2852/1591 3803/2851/1590
f 3804/2852/1591 3785/351/1175 3495/221/1548
f 3495/221/1548 3805/2853/1592 3804/2852/1591
f 3805/2853/1592 3495/221/1548 3496/352/1549
f 3496/352/1549 3803/2851/1590 3805/2853/1592
f 3806/2851/1593 3803/2851/1590 3804/2852/1591
f 3804/2852/1591 3807/2852/1594 3806/2851/1593
f 3807/2852/1594 3804/2852/1591 3805/2853/1592
f 3805/2853/1592 3808/2853/1595 3807/2852/1594
f 3803/2851/1590 3806/2851/1593 3808/2853/1595
f 3808/2853/1595 3805/2853/1592 3803/2851/1590
f 3809/352/1362 1126/352/694 1128/351/696
f 1128/351/696 3816/351/1599 3809/352/1362
f 1126/352/694 3809/352/1362 3810/217/1364
f 3810/217/1364 1125/217/695 1126/352/694
f 1125/217/695 3810/217/1364 3811/221/1596
f 3811/221/1596 1129/221/697 1125/217/695
f 3812/2201/609 1128/351/696 1129/221/697
f 1129/221/697 3815/2210/1598 3812/2201/609
f 3813/2210/1597 3811/221/1596 3810/217/1364
f 3810/217/1364 3814/2199/986 3813/2210/1597
f 1129/221/697 3811/221/1596 3813/2210/1597
f 3813/2210/1597 3815/2210/1598 1129/221/697
f 3814/2199/986 3810/217/1364 3809/352/1362
f 3809/352/1362 3817/2209/1363 3814/2199/986
f 3815/2210/1598 3813/2210/1597 3814/2199/986
f 3814/2199/986 3818/2199/677 3815/2210/1598
f 3816/351/1599 1128/351/696 3812/2201/609
f 3812/2201/609 3819/2201/1600 3816/351/1599
f 3817/2209/1363 3809/352/1362 3816/351/1599
f 3816/351/1599 3819/2201/1600 3817/2209/1363
f 3818/2199/677 3814/2199/986 3817/2209/1363
f 3817/2209/1363 3820/2209/641 3818/2199/677
f 3820/2209/641 3817/2209/1363 3819/2201/1600
f 3819/2201/1600 3812/2201/609 3820/2209/641
f 3821/2210/626 3815/2210/1598 3818/2199/677
f 3818/2199/677 3495/2199/629 3821/2210/626
f 3495/2199/629 3818/2199/677 3820/2209/641
f 3820/2209/641 3823/2209/628 3495/2199/629
f 3815/2210/1598 3821/2210/626 3822/2201/627
f 3822/2201/627 3812/2201/609 3815/2210/1598
f 3812/2201/609 3822/2201/627 3823/2209/628
f 3823/2209/628 3820/2209/641 3812/2201/609
f 3824/352/631 1127/352/677 1123/351/694
f 1123/351/694 3466/351/630 3824/352/631
f 3466/351/630 1123/351/694 1124/221/695
f 1124/221/695 3473/221/632 3466/351/630
f 3824/352/631 3466/351/630 3473/221/632
f 3473/221/632 3825/217/633 3824/352/631
f 3473/221/632 1124/221/695 1130/217/641
f 1130/217/641 3825/217/633 3473/221/632
f 3825/217/633 1130/217/641 1127/352/677
f 1127/352/677 3824/352/631 3825/217/633

usemtl Dark_Blue
f 3833/352/295 3836/352/295 3838/605/295
f 3832/605/295 3833/352/295 3838/605/295
f 3841/1318/295 3843/1318/295 3842/217/295
f 3840/217/295 3841/1318/295 3842/217/295
f 3827/352/295 3855/352/295 3837/217/295
f 3826/217/295 3827/352/295 3837/217/295
f 3863/352/295 3866/352/295 3867/217/295
f 3862/217/295 3863/352/295 3867/217/295
f 3861/352/295 3869/352/295 3871/217/295
f 3860/217/295 3861/352/295 3871/217/295
f 3875/352/295 3878/352/295 3879/217/295
f 3874/217/295 3875/352/295 3879/217/295
f 3873/352/295 3881/352/295 3883/217/295
f 3872/217/295 3873/352/295 3883/217/295
f 3962/1280/1605 3964/352/1605 3963/352/295
f 3964/217/1605 3967/352/1604 3966/352/295
f 4006/2819/1607 4005/2820/1606 4004/2820/295
f 4005/2820/1606 4017/2830/1602 4016/2830/295
f 3828/1985/295 3827/217/295 3826/352/295
f 3826/352/295 965/1984/640 3828/1985/295
f 3829/1982/295 3828/1985/295 965/1984/640
f 965/1984/640 966/1983/295 3829/1982/295
f 3830/221/295 3829/1982/295 966/1983/295
f 966/1983/295 3831/351/295 3830/221/295
f 3826/352/295 3833/352/295 3832/605/295
f 3832/605/295 965/605/295 3826/352/295
f 965/605/294 3835/605/294 3834/1317/294
f 3834/1317/294 964/1317/294 965/605/294
f 3826/352/295 3837/352/295 3836/352/295
f 3836/352/295 3833/352/295 3826/352/295
f 3832/605/295 3838/605/295 3835/605/295
f 3835/605/295 965/605/295 3832/605/295
f 3838/605/18 3839/1317/18 3834/1317/18
f 3834/1317/18 3835/605/18 3838/605/18
f 3840/217/295 3831/217/295 966/1318/295
f 966/1318/295 3841/1318/295 3840/217/295
f 3844/1980/18 3845/217/18 3842/217/18
f 3842/217/18 3846/1980/18 3844/1980/18
f 2796/1980/1 3846/1980/1 3847/1316/1
f 3847/1316/1 2805/1316/1 2796/1980/1
f 3845/352/18 3844/1981/18 3848/1980/18
f 3848/1980/18 3849/217/18 3845/352/18
f 3849/352/294 3848/1981/294 3850/1317/294
f 3850/1317/294 3851/605/294 3849/352/294
f 3851/605/294 3850/1317/294 3852/1316/294
f 3852/1316/294 3853/1318/294 3851/605/294
f 3853/1318/294 3852/1316/294 3854/1980/294
f 3854/1980/294 3855/217/294 3853/1318/294
f 3855/352/214 3854/1981/214 3856/1980/214
f 3856/1980/214 3837/217/214 3855/352/214
f 3837/352/214 3856/1981/214 3857/1981/214
f 3857/1981/214 3836/352/214 3837/352/214
f 2803/1981/1 3857/1981/1 3856/1981/1
f 3856/1981/1 2802/1981/1 2803/1981/1
f 3836/352/293 3857/1981/293 3839/1317/293
f 3839/1317/293 3838/605/293 3836/352/293
f 3859/1318/214 3858/1316/214 3847/1316/214
f 3847/1316/214 3843/1318/214 3859/1318/214
f 3843/1318/293 3847/1316/293 3846/1980/293
f 3846/1980/293 3842/217/293 3843/1318/293
f 3840/217/295 3842/217/295 3845/217/295
f 3845/217/295 3831/217/295 3840/217/295
f 2797/1980/34 3844/1980/1 3846/1980/1
f 3846/1980/1 2796/1980/34 2797/1980/34
f 3831/352/295 3845/352/295 3849/217/295
f 3849/217/295 3830/217/295 3831/352/295
f 2798/1980/1 3848/1980/1 3844/1981/1
f 3844/1981/1 2797/1981/1 2798/1980/1
f 3830/352/295 3849/352/295 3851/605/295
f 3851/605/295 3829/605/295 3830/352/295
f 3829/605/295 3851/605/295 3853/1318/295
f 3853/1318/295 3828/1318/295 3829/605/295
f 2799/1317/1 3850/1317/1 3848/1981/1
f 3848/1981/1 2798/1981/1 2799/1317/1
f 2800/1316/523 3852/1316/1 3850/1317/1
f 3850/1317/1 2799/1317/523 2800/1316/523
f 3828/1318/295 3853/1318/295 3855/217/295
f 3855/217/295 3827/217/295 3828/1318/295
f 2801/1980/1 3854/1980/1 3852/1316/1
f 3852/1316/1 2800/1316/1 2801/1980/1
f 2802/1980/117 3856/1980/1 3854/1981/1
f 3854/1981/1 2801/1981/117 2802/1980/117
f 2804/1317/1 3839/1317/1 3857/1981/1
f 3857/1981/1 2803/1981/1 2804/1317/1
f 964/1317/1 3834/1317/1 3839/1317/1
f 3839/1317/1 2804/1317/1 964/1317/1
f 963/1316/1 3858/1316/294 3859/1318/294
f 3859/1318/294 966/1318/295 963/1316/1
f 966/1318/295 3859/1318/295 3843/1318/295
f 3843/1318/295 3841/1318/295 966/1318/295
f 2805/1316/117 3847/1316/1 3858/1316/1
f 3858/1316/1 963/1316/117 2805/1316/117
f 3862/221/295 3861/217/295 3860/352/295
f 3860/352/295 3863/351/295 3862/221/295
f 3866/352/293 3865/2807/293 3864/2808/293
f 3864/2808/293 3867/217/293 3866/352/293
f 3867/352/18 3864/2807/18 3868/2808/18
f 3868/2808/18 3869/217/18 3867/352/18
f 3869/352/294 3868/2807/294 3870/2808/294
f 3870/2808/294 3871/217/294 3869/352/294
f 3871/352/214 3870/2807/214 3865/2808/214
f 3865/2808/214 3866/217/214 3871/352/214
f 3203/2808/1 3864/2808/1 3865/2807/1
f 3865/2807/1 3202/2807/1 3203/2808/1
f 3862/352/295 3867/352/295 3869/217/295
f 3869/217/295 3861/217/295 3862/352/295
f 3207/2808/1 3868/2808/1 3864/2807/1
f 3864/2807/1 3203/2807/1 3207/2808/1
f 3205/2808/1 3870/2808/1 3868/2807/1
f 3868/2807/1 3207/2807/1 3205/2808/1
f 3860/352/295 3871/352/295 3866/217/295
f 3866/217/295 3863/217/295 3860/352/295
f 3202/2808/1 3865/2808/1 3870/2807/1
f 3870/2807/1 3205/2807/1 3202/2808/1
f 3874/221/295 3873/217/295 3872/352/295
f 3872/352/295 3875/351/295 3874/221/295
f 3878/352/293 3877/2807/293 3876/2808/293
f 3876/2808/293 3879/217/293 3878/352/293
f 3879/352/18 3876/2807/18 3880/2808/18
f 3880/2808/18 3881/217/18 3879/352/18
f 3881/352/294 3880/2807/294 3882/2808/294
f 3882/2808/294 3883/217/294 3881/352/294
f 3883/352/214 3882/2807/214 3877/2808/214
f 3877/2808/214 3878/217/214 3883/352/214
f 3210/2808/1 3876/2808/1 3877/2807/1
f 3877/2807/1 3209/2807/1 3210/2808/1
f 3874/352/295 3879/352/295 3881/217/295
f 3881/217/295 3873/217/295 3874/352/295
f 3214/2808/1 3880/2808/1 3876/2807/1
f 3876/2807/1 3210/2807/1 3214/2808/1
f 3212/2808/1 3882/2808/1 3880/2807/1
f 3880/2807/1 3214/2807/1 3212/2808/1
f 3872/352/295 3883/352/295 3878/217/295
f 3878/217/295 3875/217/295 3872/352/295
f 3209/2808/1 3877/2808/1 3882/2807/1
f 3882/2807/1 3212/2807/1 3209/2808/1
f 3886/221/295 3885/217/295 3884/352/295
f 3884/352/295 3887/351/295 3886/221/295
f 3888/217/1601 3886/217/295 3887/352/295
f 3887/352/295 3889/352/1602 3888/217/1601
f 3890/2808/1362 3888/217/1601 3889/352/1602
f 3889/352/1602 3891/2807/986 3890/2808/1362
f 3217/2808/1 3890/2808/1362 3891/2807/986
f 3891/2807/986 3216/2807/1 3217/2808/1
f 3892/217/1603 3885/217/295 3886/352/295
f 3886/352/295 3888/352/1601 3892/217/1603
f 3893/2808/1364 3892/217/1603 3888/352/1601
f 3888/352/1601 3890/2807/1362 3893/2808/1364
f 3222/2808/1 3893/2808/1364 3890/2807/1362
f 3890/2807/1362 3217/2807/1 3222/2808/1
f 3894/217/1604 3884/217/295 3885/352/295
f 3885/352/295 3892/352/1603 3894/217/1604
f 3895/2808/1363 3894/217/1604 3892/352/1603
f 3892/352/1603 3893/2807/1364 3895/2808/1363
f 3220/2808/1 3895/2808/1363 3893/2807/1364
f 3893/2807/1364 3222/2807/1 3220/2808/1
f 3889/217/1602 3887/217/295 3884/352/295
f 3884/352/295 3894/352/1604 3889/217/1602
f 3891/2808/986 3889/217/1602 3894/352/1604
f 3894/352/1604 3895/2807/1363 3891/2808/986
f 3216/2808/1 3891/2808/986 3895/2807/1363
f 3895/2807/1363 3220/2807/1 3216/2808/1
f 3898/221/295 3897/217/295 3896/352/295
f 3896/352/295 3899/351/295 3898/221/295
f 3900/217/1601 3898/217/295 3899/352/295
f 3899/352/295 3901/352/1602 3900/217/1601
f 3902/2808/1362 3900/217/1601 3901/352/1602
f 3901/352/1602 3903/2807/986 3902/2808/1362
f 3225/2808/1362 3902/2808/1362 3903/2807/986
f 3903/2807/986 3224/2807/986 3225/2808/1362
f 3904/217/1603 3897/217/295 3898/352/295
f 3898/352/295 3900/352/1601 3904/217/1603
f 3905/2808/1364 3904/217/1603 3900/352/1601
f 3900/352/1601 3902/2807/1362 3905/2808/1364
f 3230/2808/1364 3905/2808/1364 3902/2807/1362
f 3902/2807/1362 3225/2807/1362 3230/2808/1364
f 3906/217/1604 3896/217/295 3897/352/295
f 3897/352/295 3904/352/1603 3906/217/1604
f 3907/2808/1363 3906/217/1604 3904/352/1603
f 3904/352/1603 3905/2807/1364 3907/2808/1363
f 3228/2808/1363 3907/2808/1363 3905/2807/1364
f 3905/2807/1364 3230/2807/1364 3228/2808/1363
f 3901/217/1602 3899/217/295 3896/352/295
f 3896/352/295 3906/352/1604 3901/217/1602
f 3903/2808/986 3901/217/1602 3906/352/1604
f 3906/352/1604 3907/2807/1363 3903/2808/986
f 3224/2808/986 3903/2808/986 3907/2807/1363
f 3907/2807/1363 3228/2807/1363 3224/2808/986
f 3910/221/295 3909/217/295 3908/352/295
f 3908/352/295 3911/351/295 3910/221/295
f 3912/217/1603 3910/217/295 3911/352/295
f 3911/352/295 3913/352/1601 3912/217/1603
f 3914/2808/1364 3912/217/1603 3913/352/1601
f 3913/352/1601 3915/2807/1362 3914/2808/1364
f 3464/2808/1364 3914/2808/1364 3915/2807/1362
f 3915/2807/1362 3463/2807/1362 3464/2808/1364
f 3916/217/1604 3909/217/295 3910/352/295
f 3910/352/295 3912/352/1603 3916/217/1604
f 3917/2808/1363 3916/217/1604 3912/352/1603
f 3912/352/1603 3914/2807/1364 3917/2808/1363
f 3469/2808/1363 3917/2808/1363 3914/2807/1364
f 3914/2807/1364 3464/2807/1364 3469/2808/1363
f 3918/217/1602 3908/217/295 3909/352/295
f 3909/352/295 3916/352/1604 3918/217/1602
f 3919/2808/986 3918/217/1602 3916/352/1604
f 3916/352/1604 3917/2807/1363 3919/2808/986
f 3467/2808/986 3919/2808/986 3917/2807/1363
f 3917/2807/1363 3469/2807/1363 3467/2808/986
f 3913/217/1601 3911/217/295 3908/352/295
f 3908/352/295 3918/352/1602 3913/217/1601
f 3915/2808/1362 3913/217/1601 3918/352/1602
f 3918/352/1602 3919/2807/986 3915/2808/1362
f 3463/2808/1362 3915/2808/1362 3919/2807/986
f 3919/2807/986 3467/2807/986 3463/2808/1362
f 3922/221/295 3921/217/295 3920/352/295
f 3920/352/295 3923/351/295 3922/221/295
f 3924/217/1603 3922/217/295 3923/352/295
f 3923/352/295 3925/352/1601 3924/217/1603
f 3926/2808/1364 3924/217/1603 3925/352/1601
f 3925/352/1601 3927/2807/1362 3926/2808/1364
f 3472/2808/1364 3926/2808/1364 3927/2807/1362
f 3927/2807/1362 3471/2807/1362 3472/2808/1364
f 3928/217/1604 3921/217/295 3922/352/295
f 3922/352/295 3924/352/1603 3928/217/1604
f 3929/2808/1363 3928/217/1604 3924/352/1603
f 3924/352/1603 3926/2807/1364 3929/2808/1363
f 3477/2808/1363 3929/2808/1363 3926/2807/1364
f 3926/2807/1364 3472/2807/1364 3477/2808/1363
f 3930/217/1602 3920/217/295 3921/352/295
f 3921/352/295 3928/352/1604 3930/217/1602
f 3931/2808/986 3930/217/1602 3928/352/1604
f 3928/352/1604 3929/2807/1363 3931/2808/986
f 3475/2808/986 3931/2808/986 3929/2807/1363
f 3929/2807/1363 3477/2807/1363 3475/2808/986
f 3925/217/1601 3923/217/295 3920/352/295
f 3920/352/295 3930/352/1602 3925/217/1601
f 3927/2808/1362 3925/217/1601 3930/352/1602
f 3930/352/1602 3931/2807/986 3927/2808/1362
f 3471/2808/1362 3927/2808/1362 3931/2807/986
f 3931/2807/986 3475/2807/986 3471/2808/1362
f 3934/221/295 3933/217/295 3932/352/295
f 3932/352/295 3935/351/295 3934/221/295
f 3936/217/1603 3934/217/295 3935/352/295
f 3935/352/295 3937/352/1601 3936/217/1603
f 3938/2808/1364 3936/217/1603 3937/352/1601
f 3937/352/1601 3939/2807/1362 3938/2808/1364
f 3480/2808/1364 3938/2808/1364 3939/2807/1362
f 3939/2807/1362 3479/2807/1362 3480/2808/1364
f 3940/217/1604 3933/217/295 3934/352/295
f 3934/352/295 3936/352/1603 3940/217/1604
f 3941/2808/1363 3940/217/1604 3936/352/1603
f 3936/352/1603 3938/2807/1364 3941/2808/1363
f 3485/2808/1363 3941/2808/1363 3938/2807/1364
f 3938/2807/1364 3480/2807/1364 3485/2808/1363
f 3942/217/1602 3932/217/295 3933/352/295
f 3933/352/295 3940/352/1604 3942/217/1602
f 3943/2808/986 3942/217/1602 3940/352/1604
f 3940/352/1604 3941/2807/1363 3943/2808/986
f 3483/2808/986 3943/2808/986 3941/2807/1363
f 3941/2807/1363 3485/2807/1363 3483/2808/986
f 3937/217/1601 3935/217/295 3932/352/295
f 3932/352/295 3942/352/1602 3937/217/1601
f 3939/2808/1362 3937/217/1601 3942/352/1602
f 3942/352/1602 3943/2807/986 3939/2808/1362
f 3479/2808/1362 3939/2808/1362 3943/2807/986
f 3943/2807/986 3483/2807/986 3479/2808/1362
f 3946/221/295 3945/217/295 3944/352/295
f 3944/352/295 3947/351/295 3946/221/295
f 3948/217/1603 3946/217/295 3947/352/295
f 3947/352/295 3949/352/1601 3948/217/1603
f 3950/2808/1364 3948/217/1603 3949/352/1601
f 3949/352/1601 3951/2807/1362 3950/2808/1364
f 3488/2808/1364 3950/2808/1364 3951/2807/1362
f 3951/2807/1362 3487/2807/1362 3488/2808/1364
f 3952/217/1604 3945/217/295 3946/352/295
f 3946/352/295 3948/352/1603 3952/217/1604
f 3953/2808/1363 3952/217/1604 3948/352/1603
f 3948/352/1603 3950/2807/1364 3953/2808/1363
f 3493/2808/1363 3953/2808/1363 3950/2807/1364
f 3950/2807/1364 3488/2807/1364 3493/2808/1363
f 3954/217/1602 3944/217/295 3945/352/295
f 3945/352/295 3952/352/1604 3954/217/1602
f 3955/2808/986 3954/217/1602 3952/352/1604
f 3952/352/1604 3953/2807/1363 3955/2808/986
f 3491/2808/986 3955/2808/986 3953/2807/1363
f 3953/2807/1363 3493/2807/1363 3491/2808/986
f 3949/217/1601 3947/217/295 3944/352/295
f 3944/352/295 3954/352/1602 3949/217/1601
f 3951/2808/1362 3949/217/1601 3954/352/1602
f 3954/352/1602 3955/2807/986 3951/2808/1362
f 3487/2808/1362 3951/2808/1362 3955/2807/986
f 3955/2807/986 3491/2807/986 3487/2808/1362
f 3957/2840/1364 3956/2840/1364 3727/2840/1
f 3727/2840/1 3726/2840/1 3957/2840/1364
f 3958/2839/1364 3957/2840/1364 3726/2840/1
f 3726/2840/1 3731/2839/1 3958/2839/1364
f 3959/1280/295 3961/1280/295 3960/1280/1603
f 3960/1280/1603 3962/1280/1605 3959/1280/295
f 3959/1280/295 3962/1280/1605 3963/352/295
f 3963/352/295 4004/2820/295 3959/1280/295
f 3965/2839/1363 3958/2837/1364 3731/2837/1
f 3731/2837/1 3730/2839/1 3965/2839/1363
f 3963/217/295 3964/217/1605 3966/352/295
f 3966/352/295 4007/2819/295 3963/217/295
f 3968/2840/117 3965/2837/1363 3730/2837/1
f 3730/2837/1 3729/2840/1 3968/2840/117
f 3969/2835/117 3968/2840/117 3729/2840/1
f 3729/2840/1 3716/2835/988 3969/2835/117
f 3970/2836/117 3969/2835/117 3716/2835/988
f 3716/2835/988 3717/2836/988 3970/2836/117
f 3971/2839/986 3970/2836/117 3717/2836/988
f 3717/2836/988 2801/2839/1 3971/2839/986
f 3972/1280/295 3966/217/295 3967/217/1604
f 3967/217/1604 3973/1280/990 3972/1280/295
f 3974/2854/295 3972/1280/295 3973/1280/990
f 3973/1280/990 3975/2854/990 3974/2854/295
f 3976/1083/295 3974/2854/295 3975/2854/990
f 3975/2854/990 3977/1083/990 3976/1083/295
f 3827/352/295 3976/1083/295 3977/1083/990
f 3977/1083/990 3978/352/1602 3827/352/295
f 3979/2839/634 3971/2837/986 2801/2837/1
f 2801/2837/1 3728/2839/1 3979/2839/634
f 3978/217/1602 3981/352/576 3980/352/295
f 3980/352/295 3827/217/295 3978/217/1602
f 3982/2837/1362 3979/2837/634 3728/2837/1
f 3728/2837/1 3719/2837/698 3982/2837/1362
f 3983/2838/695 3982/2837/1362 3719/2837/698
f 3719/2837/698 3676/2838/695 3983/2838/695
f 3986/217/1601 3985/2828/695 3984/2828/295
f 3984/2828/295 3987/217/295 3986/217/1601
f 3981/217/576 3986/217/1601 3987/217/295
f 3987/217/295 3980/217/295 3981/217/576
f 3987/217/295 3984/2828/295 3988/2828/295
f 3988/2828/295 3989/2829/295 3987/217/295
f 3980/217/295 3987/217/295 3989/2829/295
f 3989/2829/295 3991/2829/295 3980/217/295
f 3989/2829/295 3988/2828/295 3990/2828/641
f 3990/2828/641 3992/2829/1604 3989/2829/295
f 3991/2829/295 3989/2829/295 3992/2829/1604
f 3992/2829/1604 3993/2829/577 3991/2829/295
f 3994/2817/641 3983/2818/695 3676/2818/695
f 3676/2818/695 3674/2817/294 3994/2817/641
f 3985/352/695 3990/351/641 3988/351/295
f 3988/351/295 3984/352/295 3985/352/695
f 3995/2829/1363 3994/2828/641 3674/2828/294
f 3674/2828/294 3702/2829/1 3995/2829/1363
f 3996/2829/523 3995/2829/1363 3702/2829/1
f 3702/2829/1 3703/2829/308 3996/2829/523
f 3997/2826/1364 3996/2827/523 3703/2827/308
f 3703/2827/308 3694/2826/1364 3997/2826/1364
f 3998/2823/34 3997/2826/1364 3694/2826/1364
f 3694/2826/1364 3693/2823/698 3998/2823/34
f 3999/2822/34 3998/2823/34 3693/2823/698
f 3693/2823/698 3701/2822/1 3999/2822/34
f 4000/2821/34 3999/2822/34 3701/2822/1
f 3701/2822/1 3707/2821/1 4000/2821/34
f 4001/2819/1362 4000/2821/34 3707/2821/1
f 3707/2821/1 3708/2819/1 4001/2819/1362
f 4002/2820/986 4001/2819/1362 3708/2819/1
f 3708/2819/1 3709/2820/1 4002/2820/986
f 4003/2830/986 4002/2820/986 3709/2820/1
f 3709/2820/1 3706/2830/1 4003/2830/986
f 4007/2819/295 4006/2819/1607 4004/2820/295
f 4004/2820/295 3963/351/295 4007/2819/295
f 4008/2821/699 4006/2819/1607 4007/2819/295
f 4007/2819/295 4009/2821/295 4008/2821/699
f 4010/2822/699 4008/2821/699 4009/2821/295
f 4009/2821/295 4011/2822/295 4010/2822/699
f 4012/2823/699 4010/2822/699 4011/2822/295
f 4011/2822/295 4013/2823/295 4012/2823/699
f 4014/2826/1603 4012/2823/699 4013/2823/295
f 4013/2823/295 4015/2826/295 4014/2826/1603
f 3993/2827/577 4014/2826/1603 4015/2826/295
f 4015/2826/295 3991/2827/295 3993/2827/577
f 3991/2827/295 4015/2826/295 3827/217/295
f 3827/217/295 3980/221/295 3991/2827/295
f 4004/2820/295 4005/2820/1606 4016/2830/295
f 4016/2830/295 3959/1279/295 4004/2820/295
f 4017/2830/1602 4005/2820/1606 4002/2820/986
f 4002/2820/986 4003/2830/986 4017/2830/1602
f 4001/2819/1362 4002/2820/986 4005/2820/1606
f 4005/2820/1606 4006/2819/1607 4001/2819/1362
f 4000/2821/34 4001/2819/1362 4006/2819/1607
f 4006/2819/1607 4008/2821/699 4000/2821/34
f 3999/2822/34 4000/2821/34 4008/2821/699
f 4008/2821/699 4010/2822/699 3999/2822/34
f 3998/2823/34 3999/2822/34 4010/2822/699
f 4010/2822/699 4012/2823/699 3998/2823/34
f 3997/2826/1364 3998/2823/34 4012/2823/699
f 4012/2823/699 4014/2826/1603 3997/2826/1364
f 3996/2827/523 3997/2826/1364 4014/2826/1603
f 4014/2826/1603 3993/2827/577 3996/2827/523
f 3705/2832/1 3673/2831/1566 4018/2831/986
f 4018/2831/986 4019/2832/986 3705/2832/1
f 3706/2833/1 3705/2832/1 4019/2832/986
f 4019/2832/986 4003/2833/986 3706/2833/1
f 4019/2832/986 4018/2831/986 4020/2831/1602
f 4020/2831/1602 4021/2832/1602 4019/2832/986
f 4003/2833/986 4019/2832/986 4021/2832/1602
f 4021/2832/1602 4017/2833/1602 4003/2833/986
f 4021/2832/1602 4020/2831/1602 4022/2831/295
f 4022/2831/295 4023/2832/295 4021/2832/1602
f 4017/2833/1602 4021/2832/1602 4023/2832/295
f 4023/2832/295 4016/2833/295 4017/2833/1602
f 4023/2832/295 4022/2831/295 4024/2831/295
f 4024/2831/295 3961/1280/295 4023/2832/295
f 4016/2833/295 4023/2832/295 3961/1280/295
f 3961/1280/295 3959/1280/295 4016/2833/295
f 3961/1280/295 4024/2831/295 4025/2831/1601
f 4025/2831/1601 3960/1280/1603 3961/1280/295
f 3960/1280/1603 4025/2831/1601 4026/2841/1362
f 4026/2841/1362 3956/2840/1364 3960/1280/1603
f 3956/2840/1364 4026/2841/1362 3671/2841/1566
f 3671/2841/1566 3727/2840/1 3956/2840/1364
f 3962/1280/1605 3960/1280/1603 3956/2840/1364
f 3956/2840/1364 3957/2840/1364 3962/1280/1605
f 3964/352/1605 3962/1280/1605 3957/2840/1364
f 3957/2840/1364 3958/2839/1364 3964/352/1605
f 3673/2818/1566 3671/2817/1566 4026/2817/1362
f 4026/2817/1362 4018/2818/986 3673/2818/1566
f 4018/2818/986 4026/2817/1362 4025/351/1601
f 4025/351/1601 4020/352/1602 4018/2818/986
f 4020/352/1602 4025/351/1601 4024/351/295
f 4024/351/295 4022/352/295 4020/352/1602
f 3958/2837/1364 3965/2839/1363 3967/352/1604
f 3967/352/1604 3964/217/1605 3958/2837/1364
f 3973/1280/990 3967/217/1604 3965/2837/1363
f 3965/2837/1363 3968/2840/117 3973/1280/990
f 3975/2854/990 3973/1280/990 3968/2840/117
f 3968/2840/117 3969/2835/117 3975/2854/990
f 3977/1083/990 3975/2854/990 3969/2835/117
f 3969/2835/117 3970/2836/117 3977/1083/990
f 3978/352/1602 3977/1083/990 3970/2836/117
f 3970/2836/117 3971/2839/986 3978/352/1602
f 3971/2837/986 3979/2839/634 3981/352/576
f 3981/352/576 3978/217/1602 3971/2837/986
f 3986/217/1601 3981/217/576 3979/2837/634
f 3979/2837/634 3982/2837/1362 3986/217/1601
f 3985/2828/695 3986/217/1601 3982/2837/1362
f 3982/2837/1362 3983/2838/695 3985/2828/695
f 3983/2818/695 3994/2817/641 3990/351/641
f 3990/351/641 3985/352/695 3983/2818/695
f 3992/2829/1604 3990/2828/641 3994/2828/641
f 3994/2828/641 3995/2829/1363 3992/2829/1604
f 3993/2829/577 3992/2829/1604 3995/2829/1363
f 3995/2829/1363 3996/2829/523 3993/2829/577
f 4013/2823/295 4011/2822/295 3974/2367/295
f 3974/2367/295 3976/2855/295 4013/2823/295
f 4015/2826/295 4013/2823/295 3976/2855/295
f 3976/2855/295 3827/217/295 4015/2826/295
f 4011/2822/295 4009/2821/295 3972/1280/295
f 3972/1280/295 3974/2367/295 4011/2822/295
f 4009/2821/295 4007/2819/295 3966/352/295
f 3966/352/295 3972/1280/295 4009/2821/295

usemtl Grey
f 2790/1976/1 2791/1977/1 2786/1972/1 2787/1973/1
f 4028/2857/1 4027/2856/1 3069/2207/523 3068/2204/523
f 4030/2859/1 4027/2856/1 4028/2857/1 4029/2858/1
f 3063/2202/34 4029/2858/1 4028/2857/1 3062/2200/987
f 3097/2214/1 3076/2208/1 4027/2856/1 4030/2859/1
f 3056/2199/629 3097/2214/701 4030/2859/1 3057/2195/700
f 3068/2204/1 3075/2201/1 3062/2200/1 4028/2857/1
f 4029/2858/1 3074/2197/1 3057/2195/1 4030/2859/1
f 3088/2210/34 3074/2197/1 4029/2858/1 3063/2202/34
f 3076/2208/1 3077/2209/523 3069/2207/523 4027/2856/1
f 3127/2201/1 3124/2210/1 3125/2199/1 3128/2209/1
f 3822/2201/627 3821/2210/626 3495/2199/629 3823/2209/628
f 4034/2003/117 4033/1195/117 4032/1195/117 4031/2003/117
f 4036/2861/34 4035/2860/987 4033/1195/117 4034/2364/117
f 4039/2860/699 4037/2862/699 4038/2862/18 4035/2860/987
f 4040/2003/699 4039/2860/699 4035/2860/987 4036/2003/34
f 3712/2825/1570 3718/221/699 4037/2862/699 4039/2860/699
f 3711/2824/295 3712/2825/1570 4039/2860/699 4040/2861/699
f 4042/2863/18 4041/2863/18 4040/2861/18 4036/2861/18
f 4046/2864/18 4045/2865/18 4044/2865/34 4043/2864/698
f 4043/2868/698 4044/2865/34 4048/2867/117 4047/2866/988
f 4047/2869/988 4048/2867/117 4050/2867/990 4049/2869/990
f 4049/2866/990 4050/2867/990 3713/2870/295 3714/2366/295
f 4031/2364/117 4032/1195/117 4052/2871/1 4051/2451/1
f 4045/2865/1 4046/2868/1 4051/2873/1 4052/2872/1
f 4054/2875/1 4045/2865/1 4052/2872/1 4053/2874/1
f 4055/2875/695 4044/2865/18 4045/2865/18 4054/2875/695
f 4055/2875/695 4054/2875/695 4053/2874/1562 4056/2874/294
f 4053/2877/1562 4052/2871/1 4032/1195/1 4057/2876/523
f 4056/2877/294 4053/2877/1562 4057/2876/523 4058/2876/294
f 4035/2860/1 4038/2862/1 4058/2876/1 4033/1195/1
f 4057/2876/214 4032/1195/214 4033/1195/214 4058/2876/214
f 4059/2878/1 4056/2877/1 4058/2876/1 4038/2862/1
f 3720/221/295 3713/2870/295 4050/2867/295 4060/2879/295
f 4060/2879/677 4050/2867/214 4048/2867/117 4061/2879/629
f 4059/2880/293 4062/2880/293 4060/2879/677 4061/2879/629
f 4061/2879/629 4048/2867/117 4044/2865/1 4055/2875/1
f 4034/2364/214 4031/2364/214 4064/2474/214 4063/2474/214
f 4063/2474/293 4064/2474/293 4066/2881/293 4065/2881/293
f 4068/2882/18 4046/2868/18 4043/2868/18 4067/2882/987
f 4065/2884/117 4066/2884/214 4070/2883/677 4069/2883/986
f 4072/2886/34 4065/2884/117 4069/2883/986 4071/2885/1364
f 4069/2883/986 4070/2883/677 4074/2887/694 4073/2887/1362
f 4071/2885/1364 4069/2883/986 4073/2887/1362 4075/2888/1363
f 4077/2885/632 4071/2885/1364 4075/2888/1363 4076/2888/633
f 3724/352/295 4077/2885/632 4076/2888/633 3723/351/295
f 4073/2887/1362 4074/2887/694 4068/2889/18 4067/2889/987
f 4036/2861/1 4034/2364/1 4063/2474/1 4042/2863/1
f 4042/2863/1 4063/2474/1 4065/2881/1 4072/928/1
f 4067/2882/1 4043/2868/698 4047/2866/988 4078/2890/1
f 4061/2879/1 4055/2875/1 4056/2874/1 4059/2880/1
f 4075/2888/1363 4073/2887/1362 4067/2889/987 4078/2891/117
f 4076/2888/633 4075/2888/1363 4078/2891/117 4079/2891/214
f 4041/2863/294 4042/2863/294 4072/928/294 4080/928/294
f 4062/2878/293 4059/2878/293 4038/2862/293 4037/2862/293
f 4078/2890/214 4047/2866/214 4049/2866/214 4079/2890/214
f 4080/2886/18 4072/2886/34 4071/2885/1364 4077/2885/632
f 3711/2824/295 4040/2861/295 4041/2863/295 3721/1279/295
f 3721/1279/295 4041/2863/295 4080/928/295 3725/1279/295
f 3722/221/295 4062/2878/295 4037/2862/295 3718/221/295
f 4079/2890/295 4049/2866/295 3714/2366/295 3715/1279/295
f 3720/221/295 4060/2879/295 4062/2880/295 3722/217/295
f 3725/1280/295 4080/2886/295 4077/2885/295 3724/352/295
f 3723/351/990 4076/2888/295 4079/2891/295 3715/1279/990
f 4064/2474/1 4031/2364/1 4051/2451/1 4066/2881/1
f 4046/2868/1 4068/2882/1 4066/2892/1 4051/2873/1
f 4070/2883/1 4066/2884/1 4068/2889/1 4074/2887/1

usemtl Glass_1
f 3795/2846/1582 3796/2847/1583 3794/2845/1581
f 3807/2852/1594 3808/2853/1595 3806/2851/1593
f 3801/2849/1588 3802/2850/1589 3800/2848/1587
f 3788/2842/1575 3789/2843/1576 3790/2844/1577
f 2825/2006/644 2916/2047/644 2913/2046/644
f 2913/2046/644 2998/2122/644 2825/2006/644
f 2998/2122/983 2913/2046/643 2910/2045/972
f 2910/2045/972 2999/2123/984 2998/2122/983
f 2999/2123/984 2910/2045/972 2907/2044/971
f 2907/2044/971 3000/2124/971 2999/2123/984
f 3000/2124/971 2907/2044/971 2904/2043/657
f 2904/2043/657 3001/2126/657 3000/2124/971
f 3001/2126/657 2904/2043/657 2901/2042/970
f 2901/2042/970 3002/2127/970 3001/2126/657
f 3002/2127/970 2901/2042/970 2898/2041/662
f 2898/2041/662 3003/2129/662 3002/2127/970
f 3003/2129/662 2898/2041/662 2887/2007/977
f 2887/2007/977 1803/1598/293 3003/2129/662
f 1803/1598/976 2887/2007/976 2888/2008/976
f 2888/2008/976 1802/1597/976 1803/1598/976
f 1802/1597/665 2888/2008/665 2893/2009/665
f 2893/2009/665 3004/2131/665 1802/1597/665
f 3004/2131/666 2893/2009/666 2950/2058/666
f 2950/2058/666 3005/2133/666 3004/2131/666
f 3005/2133/669 2950/2058/669 2953/2059/669
f 2953/2059/669 3006/2135/669 3005/2133/669
f 3006/2135/671 2953/2059/671 2956/2060/671
f 2956/2060/671 3007/2137/671 3006/2135/671
f 3007/2137/975 2956/2060/975 2959/2061/975
f 2959/2061/975 3008/2138/975 3007/2137/975
f 3008/2138/673 2959/2061/673 2962/2062/673
f 2962/2062/673 3009/2139/673 3008/2138/673
f 3009/2139/674 2962/2062/980 2965/2063/980
f 2965/2063/980 3010/2141/674 3009/2139/674
f 3010/2141/676 2965/2063/676 2968/2064/676
f 2968/2064/676 3011/2143/676 3010/2141/676
f 3011/2143/963 2968/2064/963 2971/2065/963
f 2971/2065/963 3012/2145/963 3011/2143/963
f 3012/2145/680 2971/2065/680 2974/2066/680
f 2974/2066/680 3013/2147/680 3012/2145/680
f 3013/2147/681 2974/2066/681 2977/2067/681
f 2977/2067/681 3014/2149/681 3013/2147/681
f 3014/2149/683 2977/2067/683 2980/2068/683
f 2980/2068/683 3015/2151/683 3014/2149/683
f 3015/2151/685 2980/2068/685 2983/2069/685
f 2983/2069/685 3016/2153/685 3015/2151/685
f 3016/2153/686 2983/2069/686 2986/2070/686
f 2986/2070/686 3017/2154/686 3016/2153/686
f 3017/2154/687 2986/2070/687 2989/2071/687
f 2989/2071/687 3018/2156/687 3017/2154/687
f 3018/2156/688 2989/2071/688 2992/2072/688
f 2992/2072/688 3019/2158/688 3018/2156/688
f 3019/2158/691 2992/2072/691 2995/1983/691
f 2995/1983/691 3020/2160/691 3019/2158/691
f 2886/2083/643 2909/2092/643 2912/2093/643
f 2912/2093/643 3021/2161/643 2886/2083/643
f 3021/2161/644 2912/2093/644 2915/2094/644
f 2915/2094/644 3022/2162/644 3021/2161/644
f 3022/2162/645 2915/2094/645 2918/2095/645
f 2918/2095/645 3023/2163/645 3022/2162/645
f 3023/2163/646 2918/2095/646 2921/2096/646
f 2921/2096/646 3024/2165/646 3023/2163/646
f 3024/2165/647 2921/2096/647 2924/2097/647
f 2924/2097/647 3025/2167/647 3024/2165/647
f 3025/2167/648 2924/2097/648 2927/2098/648
f 2927/2098/648 3026/2169/648 3025/2167/648
f 3026/2169/649 2927/2098/649 2930/2099/649
f 2930/2099/649 3027/2171/649 3026/2169/649
f 3027/2171/650 2930/2099/650 2933/2100/650
f 2933/2100/650 3028/2173/650 3027/2171/650
f 3028/2173/651 2933/2100/651 2936/2101/651
f 2936/2101/651 3029/2174/651 3028/2173/651
f 3029/2174/652 2936/2101/652 2939/2102/652
f 2939/2102/652 3030/2176/652 3029/2174/652
f 3030/2176/653 2939/2102/979 2942/2103/979
f 2942/2103/979 3031/2178/653 3030/2176/653
f 3031/2178/654 2942/2103/654 2945/2104/654
f 2945/2104/654 3032/2180/654 3031/2178/654
f 3032/2180/655 2945/2104/655 2948/2105/655
f 2948/2105/655 3033/2182/655 3032/2180/655
f 2916/2047/645 2825/2006/645 2824/2004/645
f 2824/2004/645 2919/2048/645 2916/2047/645
f 2919/2048/646 2824/2004/646 2823/2002/646
f 2823/2002/646 2922/2049/646 2919/2048/646
f 2922/2049/647 2823/2002/647 2822/2000/1608
f 2822/2000/1608 2925/2050/1608 2922/2049/647
f 2925/2050/1608 2822/2000/1608 2821/1998/648
f 2821/1998/648 2928/2051/648 2925/2050/1608
f 2928/2051/649 2821/1998/649 2820/1996/649
f 2820/1996/649 2931/2052/649 2928/2051/649
f 2931/2052/650 2820/1996/650 2819/1995/1609
f 2819/1995/1609 2934/2053/1609 2931/2052/650
f 2934/2053/1609 2819/1995/1609 2818/1993/651
f 2818/1993/651 2937/2054/651 2934/2053/1609
f 2937/2054/652 2818/1993/652 2817/1991/652
f 2817/1991/652 2940/2055/652 2937/2054/652
f 2940/2055/653 2817/1991/653 2816/1989/1610
f 2816/1989/1610 2943/2056/1610 2940/2055/653
f 2943/2056/1610 2816/1989/1610 2814/1986/654
f 2814/1986/654 2946/2057/654 2943/2056/1610
f 2946/2057/655 2814/1986/655 2815/1987/655
f 2815/1987/655 2949/1982/655 2946/2057/655
f 2909/2092/642 2886/2083/642 2885/2081/642
f 2885/2081/642 2906/2091/642 2909/2092/642
f 2906/2091/658 2885/2081/658 2884/2080/658
f 2884/2080/658 2903/2090/658 2906/2091/658
f 2903/2090/661 2884/2080/661 2883/2078/661
f 2883/2078/661 2900/2089/661 2903/2090/661
f 2900/2089/978 2883/2078/978 2882/2076/978
f 2882/2076/978 2897/2088/978 2900/2089/978
f 2897/2088/977 2882/2076/977 2881/2075/293
f 2881/2075/293 2892/2085/293 2897/2088/977
f 2892/2085/293 2881/2075/293 2880/2073/857
f 2880/2073/857 2891/2086/857 2892/2085/293
f 2891/2086/857 2880/2073/857 2829/2012/667
f 2829/2012/667 2895/2087/668 2891/2086/857
f 2895/2087/668 2829/2012/667 2830/2013/958
f 2830/2013/958 2952/2106/958 2895/2087/668
f 2952/2106/958 2830/2013/958 2831/2015/959
f 2831/2015/959 2955/2107/959 2952/2106/958
f 2955/2107/959 2831/2015/959 2832/2017/960
f 2832/2017/960 2958/2108/671 2955/2107/959
f 2958/2108/975 2832/2017/975 2833/2018/975
f 2833/2018/975 2961/2109/975 2958/2108/975
f 2961/2109/673 2833/2018/673 2834/2020/673
f 2834/2020/673 2964/2110/673 2961/2109/673
f 2964/2110/674 2834/2020/674 2835/2022/674
f 2835/2022/674 2967/2111/674 2964/2110/674
f 2967/2111/676 2835/2022/676 2836/2024/676
f 2836/2024/676 2970/2112/676 2967/2111/676
f 2970/2112/963 2836/2024/963 2837/2026/963
f 2837/2026/963 2973/2113/963 2970/2112/963
f 2973/2113/680 2837/2026/680 2838/2028/680
f 2838/2028/680 2976/2114/680 2973/2113/680
f 2976/2114/681 2838/2028/681 2839/2030/681
f 2839/2030/681 2979/2115/681 2976/2114/681
f 2979/2115/683 2839/2030/683 2840/2032/683
f 2840/2032/683 2982/2116/683 2979/2115/683
f 2982/2116/685 2840/2032/685 2841/2033/685
f 2841/2033/685 2985/2117/685 2982/2116/685
f 2985/2117/686 2841/2033/686 2842/2035/686
f 2842/2035/686 2988/2118/686 2985/2117/686
f 2988/2118/687 2842/2035/687 2843/2037/687
f 2843/2037/687 2991/2119/687 2988/2118/687
f 2991/2119/688 2843/2037/688 2844/2039/688
f 2844/2039/688 2994/2120/688 2991/2119/688
f 2994/2120/691 2844/2039/691 2845/2040/691
f 2845/2040/691 2997/2121/691 2994/2120/691
f 3515/2809/630 3514/2810/626 3517/2811/627
f 3517/2811/627 3516/2812/632 3515/2809/630
f 3523/2814/632 3524/2813/630 3526/2815/626
f 3526/2815/626 3525/2816/627 3523/2814/632
f 3783/2809/632 3782/2810/627 3780/2811/628
f 3780/2811/628 3781/2812/633 3783/2809/632
f 3773/2814/633 3774/2813/632 3772/2815/627
f 3772/2815/627 3771/2816/628 3773/2814/633
f 3767/2809/630 3766/2810/626 3764/2811/627
f 3764/2811/627 3765/2812/632 3767/2809/630
f 3757/2814/632 3758/2813/630 3756/2815/626
f 3756/2815/626 3755/2816/627 3757/2814/632
f 3751/2809/630 3750/2810/626 3748/2811/627
f 3748/2811/627 3749/2812/632 3751/2809/630
f 3741/2814/632 3742/2813/630 3740/2815/626
f 3740/2815/626 3739/2816/627 3741/2814/632
f 3575/2809/630 3576/2810/694 3581/2811/695
f 3581/2811/695 3579/2812/632 3575/2809/630
f 3587/2814/18 3588/2813/18 3590/2815/18
f 3590/2815/18 3589/2816/18 3587/2814/18
f 3611/2809/293 3612/2810/293 3614/2811/293
f 3614/2811/293 3613/2812/293 3611/2809/293
f 3615/2814/293 3616/2813/293 3618/2815/293
f 3618/2815/293 3617/2816/293 3615/2814/293
f 3639/2809/18 3640/2810/18 3642/2811/18
f 3642/2811/18 3641/2812/18 3639/2809/18
f 3643/2814/18 3644/2813/18 3646/2815/18
f 3646/2815/18 3645/2816/18 3643/2814/18
f 3667/2809/18 3668/2810/18 3670/2811/18
f 3670/2811/18 3669/2812/18 3667/2809/18
f 3735/2814/18 3734/2813/18 3732/2815/18
f 3732/2815/18 3733/2816/18 3735/2814/18

