# ProBuilder 5.0.6
# https://unity3d.com/unity/features/worldbuilding/probuilder
# 12/19/2022 8:56:40 AM

mtllib ./Pol.mtl
o Pol

g Pol
v -20.80957 51.08403 -4.366592
v -20.80957 51.08403 -28.11502
v -17.61658 51.08403 -31.30801
v 10.22034 51.08403 -41.83842
v 14.64636 51.08403 -41.83842
v 14.64636 51.08403 -4.366589
v -2.151855 51.08403 -41.83842
v -7.086151 51.08403 -41.83843
v -10.27914 51.08403 -38.64544
v -25.9696 34.23324 6.455547
v 14.64636 34.23324 6.455555
v 14.64636 34.23324 13.48422
v -25.9696 34.23324 13.48421
v -25.9696 34.23324 -16.94414
v -25.9696 34.23324 -23.9876
v 14.64636 34.23324 -23.9876
v 14.64636 34.23324 -16.94413
v 14.64636 34.23324 -1.553326
v -25.9696 34.23324 -1.553333
v -38.34183 34.23324 6.455547
v -38.34183 34.23324 -1.553333
v -25.9696 34.23324 -8.950058
v -38.34183 34.23324 -8.950058
v 14.64636 34.23324 -8.95005
v -42.51242 34.23324 13.48421
v -42.51242 34.23324 6.455547
v -38.34183 34.23324 13.48421
v -42.51242 34.23324 -1.553333
v -42.51242 34.23324 -8.950058
v -38.34183 34.23324 -16.94414
v -42.51242 34.23324 -16.94414
v -38.34183 34.23324 -23.9876
v -42.51242 34.23324 -23.9876
v -2.153564 47.59527 -41.83842
v -7.086151 47.59527 -41.83843
v -20.80957 47.59527 -4.366592
v 14.64636 47.59527 -4.366589
v 14.64636 47.59527 -41.83842
v 10.21869 47.59527 -41.83842
v 14.64636 24.68921 -41.83842
v 10.21869 24.68921 -41.83842
v -2.153534 24.68921 -41.83842
v -10.27914 47.59527 -38.64544
v -17.61658 47.59527 -31.30801
v -20.80957 47.59527 -28.11502
v 10.21869 3.459645 -42.83618
v 15.64413 3.459645 -42.83618
v 15.64413 17.34843 -42.83618
v 10.21869 17.34843 -42.83618
v 15.64413 24.68921 -42.83618
v 10.21869 24.68921 -42.83618
v 15.64413 51.08403 -42.83618
v 10.21869 51.08403 -42.83618
v -2.153534 24.68921 -42.83618
v -2.153564 51.08403 -42.83618
v -7.49942 17.34842 -42.83618
v -2.153534 17.34843 -42.83618
v -7.49942 24.68921 -42.83618
v -21.80731 3.45963 -3.368835
v -21.80731 3.45963 -28.5283
v -21.80731 17.34842 -28.5283
v -21.80731 17.34842 -3.368835
v 15.64413 3.459645 -3.368832
v 15.64413 17.34843 -3.368832
v -21.80734 24.68921 -3.368835
v 15.64413 24.68921 -3.368832
v -10.98465 3.45963 -39.35096
v -7.49942 3.45963 -42.83618
v -10.98465 17.34842 -39.35096
v 14.64636 24.68921 -4.366589
v 14.64636 17.34843 -4.366589
v 14.64636 17.34843 -41.83842
v 10.21869 17.34843 -41.83842
v -20.80954 17.34842 -4.366592
v -20.80954 24.68921 -4.366592
v 14.64636 1.535145 -4.366589
v 14.64636 1.535145 -41.83842
v -20.80954 1.535145 -4.366592
v 10.21869 1.535145 -41.83842
v -2.153534 17.34843 -41.83842
v -2.153534 1.535145 -41.83842
v -20.80954 1.535145 -28.11502
v -20.80954 17.34842 -28.11502
v -17.61658 17.34842 -31.30801
v -17.61658 1.535145 -31.30801
v -17.61658 24.68921 -31.30801
v -20.80954 24.68921 -28.11502
v -7.086151 24.68921 -41.83843
v -10.27914 24.68921 -38.64544
v -2.153534 3.45963 -42.83618
v -7.499451 51.08403 -42.83618
v -10.98465 24.68921 -39.35096
v -10.98465 51.08403 -39.35096
v -21.80731 24.68921 -28.5283
v -21.80734 51.08403 -28.5283
v -21.80734 51.08403 -3.368835
v 15.64413 51.08403 -3.368832
v -18.32211 51.08403 -32.01352
v -18.32211 24.68921 -32.01352
v -18.32211 17.34842 -32.01352
v -18.32211 3.45963 -32.01352
v -7.086151 17.34842 -41.83843
v -7.086151 1.535145 -41.83843
v -10.27914 17.34842 -38.64544
v -10.27914 1.535145 -38.64544
v -25.9696 3.45963 -24.98537
v 15.64413 3.459645 -24.98537
v 15.64413 17.3182 -24.98537
v -25.9696 17.3182 -24.98537
v -43.51019 17.31819 6.455547
v -43.51019 17.31819 14.48197
v -43.51019 3.45963 14.48197
v -43.51019 3.45963 6.455547
v -25.9696 3.45963 14.48199
v -25.9696 17.3182 14.48199
v 15.64413 17.3182 14.48199
v 15.64413 3.459645 14.48199
v 15.64413 3.459645 6.455555
v 15.64413 17.3182 6.455555
v -25.9696 29.5868 13.48421
v 14.64636 29.58681 13.48422
v 14.64636 29.58681 6.455555
v -25.9696 29.5868 6.455547
v 14.64636 17.3182 6.455555
v 14.64636 17.3182 13.48422
v 14.64636 1.535145 13.48422
v 14.64636 1.535145 6.455555
v -25.9696 17.3182 -23.9876
v 14.64636 17.3182 -23.9876
v 14.64636 1.535145 -23.9876
v -25.9696 1.535145 -23.9876
v -42.51242 17.31819 6.455547
v -42.51242 1.53513 6.455547
v -42.51242 1.53513 13.48421
v -42.51242 17.31819 13.48421
v -25.9696 17.3182 13.48421
v -25.9696 1.535145 13.48421
v -25.9696 24.69197 13.48421
v 14.64636 24.69198 13.48422
v 15.64413 17.3182 -16.94413
v 15.64413 3.459645 -16.94413
v 15.64413 24.69198 -16.94413
v 15.64413 24.69198 -24.98537
v 14.64636 17.3182 -16.94413
v 14.64636 1.535145 -16.94413
v -25.9696 29.5868 -16.94414
v 14.64636 29.58681 -16.94413
v 14.64636 29.58681 -23.9876
v -25.9696 29.5868 -23.9876
v -42.51242 17.31819 -16.94414
v -42.51242 17.31819 -23.9876
v -42.51242 1.53513 -23.9876
v -42.51242 1.53513 -16.94414
v -43.51019 17.31819 -16.94414
v -43.51019 3.45963 -16.94414
v -43.51019 3.45963 -24.98537
v -43.51019 17.31819 -24.98537
v -43.51019 3.45963 -1.553333
v -43.51019 17.31819 -1.553333
v 15.64413 3.459645 -1.553326
v 15.64413 17.3182 -1.553326
v 15.64413 3.459645 -8.95005
v 15.64413 17.3182 -8.95005
v 14.64636 29.58681 -1.553326
v -25.9696 29.5868 -1.553333
v -25.9696 29.5868 -8.950058
v -38.34183 29.5868 -8.950058
v -38.34183 29.5868 -1.553333
v 14.64636 1.535145 -1.553326
v 14.64636 17.3182 -1.553326
v 14.64636 24.69198 -1.553326
v 14.64636 24.69198 6.455555
v 14.64636 24.69198 -8.95005
v 14.64636 17.3182 -8.95005
v -42.51242 17.31819 -1.553333
v -42.51242 1.53513 -1.553333
v -43.51019 3.45963 -8.950058
v -43.51019 17.31819 -8.950058
v 15.64413 24.69198 -1.553326
v 15.64413 24.69198 -8.95005
v 15.64413 34.23324 -8.95005
v 15.64413 34.23324 -16.94413
v 14.64636 29.58681 -8.95005
v 14.64636 1.535145 -8.95005
v -42.51242 17.31819 -8.950058
v -42.51242 1.53513 -8.950058
v -43.51019 24.69197 -16.94414
v -43.51019 24.69197 -24.98537
v -43.51019 34.23324 -24.98537
v -43.51019 34.23324 -16.94414
v -43.51019 24.69197 -8.950058
v -43.51019 34.23324 -8.950058
v -43.51019 24.69197 -1.553333
v -43.51019 24.69197 6.455547
v -43.51019 34.23324 -1.553333
v -43.51019 34.23324 6.455547
v -43.51019 24.69197 14.48197
v -43.51019 34.23324 14.48197
v -25.9696 24.69197 14.48199
v -25.9696 34.23324 14.48199
v 15.64413 34.23324 14.48199
v 15.64413 24.69198 14.48199
v 15.64413 24.69198 6.455555
v 15.64413 34.23324 6.455555
v 15.64413 34.23324 -1.553326
v 15.64413 34.23324 -24.98537
v -25.9696 24.69197 -24.98537
v -25.9696 34.23324 -24.98537
v -38.34183 24.69197 13.48421
v -38.34183 17.3182 13.48421
v -38.34183 29.5868 13.48421
v -42.51242 24.69197 6.455547
v -42.51242 24.69197 13.48421
v -42.51242 29.5868 13.48421
v -42.51242 29.5868 6.455547
v -42.51242 24.69197 -1.553333
v -42.51242 29.5868 -1.553333
v -42.51242 24.69197 -8.950058
v -42.51242 29.5868 -8.950058
v -42.51242 24.69197 -16.94414
v -42.51242 29.5868 -16.94414
v -42.51242 24.69197 -23.9876
v -42.51242 29.5868 -23.9876
v -25.9696 24.69197 -23.9876
v 14.64636 24.69198 -23.9876
v 14.64636 24.69198 -16.94413
v -38.34183 24.69197 -23.9876
v -38.34183 29.5868 -23.9876
v -38.34183 17.3182 14.48199
v -38.34183 24.69197 14.48199
v -38.34183 3.45963 14.48199
v -38.34183 24.69197 -24.98537
v -38.34183 34.23324 -24.98537
v -38.34183 17.3182 -24.98537
v -38.34183 3.45963 -24.98537
v -38.34183 17.3182 -23.9876
v -38.34183 1.53513 -23.9876
v -38.34183 29.5868 -16.94414
v -38.34183 29.5868 6.455547
v -38.34183 1.53513 13.48421
v -38.34183 34.23324 14.48199
v -10.98465 1.535145 -39.35096
v -11.26688 3.45963 -39.63317
v -11.26688 1.535145 -39.63317
v -18.60431 3.45963 -32.29573
v -18.60431 1.535145 -32.29573
v -18.32211 1.535145 -32.01352
v 15.64413 1.535145 -3.368832
v 15.64413 1.535145 -42.83618
v 10.21869 1.535145 -42.83618
v -7.49942 1.535145 -42.83618
v -21.80731 1.535145 -28.5283
v -21.80731 1.535145 -3.368835
v -7.664734 1.535145 -43.23529
v -7.664734 3.45963 -43.23529
v 10.21869 3.459645 -43.23529
v 10.21869 1.535145 -43.23529
v 16.04324 1.535145 -43.23529
v 16.04324 3.459645 -43.23529
v 16.04324 3.459645 -2.969727
v 16.04324 1.535145 -2.969727
v -22.20642 3.45963 -2.96973
v -22.20642 1.535145 -2.96973
v -22.20642 3.45963 -28.69361
v -22.20642 1.535145 -28.69361
v -2.153534 3.45963 -43.23529
v -2.153534 1.535145 -43.23529
v -2.153534 1.535145 -42.83618
v 15.64413 1.535145 14.48199
v 15.64413 1.535145 6.455555
v 15.64413 1.535145 -24.98537
v -25.9696 1.535145 -24.98537
v -43.51019 1.53513 6.455547
v -43.51019 1.53513 14.48197
v -25.9696 1.535145 14.48199
v -25.9696 3.45963 -25.38448
v -25.9696 1.535145 -25.38448
v 16.04324 1.535145 -25.38446
v 16.04324 3.459645 -25.38446
v 16.04324 3.459645 6.455555
v 16.04324 1.535145 6.455555
v 16.04324 1.535145 14.8811
v 16.04324 3.459645 14.8811
v -25.9696 3.45963 14.88108
v -25.9696 1.535145 14.88108
v -43.9093 3.45963 6.455547
v -43.9093 3.45963 14.88108
v -43.9093 1.53513 14.88108
v -43.9093 1.53513 6.455547
v 16.04324 3.459645 -16.94413
v 16.04324 1.535145 -16.94413
v 15.64413 1.535145 -16.94413
v -43.51019 1.53513 -16.94414
v -43.51019 1.53513 -24.98537
v -43.9093 1.53513 -16.94414
v -43.9093 1.53513 -25.38448
v -43.9093 3.45963 -16.94414
v -43.9093 3.45963 -25.38448
v 15.64413 1.535145 -1.553326
v -43.51019 1.53513 -1.553333
v -43.51019 1.53513 -8.950058
v 16.04324 3.459645 -1.553326
v 16.04324 1.535145 -1.553326
v -43.9093 1.53513 -1.553333
v -43.9093 3.45963 -1.553333
v -43.9093 3.45963 -8.950058
v 15.64413 1.535145 -8.95005
v 16.04324 3.459645 -8.95005
v 16.04324 1.535145 -8.95005
v -43.9093 1.53513 -8.950058
v -38.34183 3.45963 -25.38448
v -38.34183 1.53513 -25.38448
v -38.34183 1.53513 -24.98537
v -38.34183 1.53513 14.48199
v -38.34183 1.53513 14.88108
v -38.34183 3.45963 14.88108
v 6.624878 39.89871 -43.22473
v -2.841705 40.27803 -43.22473
v -2.764374 39.8371 -43.22473
v 6.664185 40.16625 -43.22473
v 6.678894 40.50207 -43.22473
v -2.85672 40.44005 -43.22473
v -2.856537 40.48938 -43.22473
v -2.854614 40.50741 -43.22473
v 6.657928 40.90189 -43.22473
v -2.853943 40.7332 -43.22473
v -2.835999 40.93633 -43.22473
v 6.593719 41.3505 -43.22473
v -2.763763 41.36111 -43.22473
v 6.498474 41.76804 -43.22473
v -2.604645 41.96535 -43.22473
v 6.369598 42.17186 -43.22473
v -2.457336 42.38202 -43.22473
v 6.106659 42.83625 -43.22473
v -2.382904 42.55164 -43.22473
v -2.296692 42.7721 -43.22473
v -2.255798 42.91374 -43.22473
v 6.077942 42.96264 -43.22473
v -2.235992 43.01715 -43.22473
v 6.064758 43.06264 -43.22473
v -2.227875 43.09975 -43.22473
v 6.062347 43.16021 -43.22473
v -2.228119 43.18122 -43.22473
v 6.068726 43.23099 -43.22473
v -2.234619 43.24097 -43.22473
v 6.083008 43.29911 -43.22473
v -2.247162 43.29911 -43.22473
v -2.277161 43.38915 -43.22473
v 6.114807 43.39547 -43.22473
v -2.307648 43.45856 -43.22473
v 6.162933 43.50384 -43.22473
v -2.357178 43.54863 -43.22473
v 6.230164 43.62188 -43.22473
v 6.411438 43.86821 -43.22473
v -2.629272 43.91049 -43.22473
v 2.821228 46.95787 -43.22473
v 0.9926147 46.94078 -43.22473
v 0.791748 46.86024 -43.22473
v 0.476532 46.76564 -43.22473
v 0.791748 46.86024 -43.33648
v 0.476532 46.76564 -43.33648
v 3.057465 46.83819 -43.22473
v 3.268555 46.75697 -43.22473
v 3.444946 46.70826 -43.22473
v 0.1219788 46.68085 -43.22473
v 3.626709 46.67717 -43.22473
v 0.04754639 46.66845 -43.22473
v 1.162476 47.0282 -43.22473
v 2.574554 47.1156 -43.22473
v 1.306549 47.12028 -43.22473
v 2.392731 47.255 -43.22473
v 1.693909 47.43858 -43.22473
v 2.242706 47.38778 -43.22473
v 1.937012 47.65525 -43.22473
v 0.1219788 46.68085 -43.33648
v 0.04754639 46.66845 -43.33648
v 3.765778 46.66719 -43.22473
v -0.02941895 46.66386 -43.22473
v 6.847229 44.40725 -43.22473
v 3.906647 46.67003 -43.22473
v -0.1349182 46.66862 -43.22473
v -0.2424316 46.68414 -43.22473
v -0.3774109 46.71597 -43.22473
v -3.011414 44.34993 -43.22473
v -0.5625 46.77749 -43.22473
v -0.8488159 46.9034 -43.22473
v -1.062592 47.01357 -43.22473
v -1.444702 47.21582 -43.22473
v -2.860901 44.18469 -43.22473
v 6.598877 44.10156 -43.22473
v -2.860901 44.18469 -43.33648
v -2.629272 43.91049 -43.33648
v 5.280579 47.23493 -43.22473
v 4.666138 46.90877 -43.22473
v 4.433838 46.80516 -43.22473
v 4.191528 46.71906 -43.22473
v 4.048737 46.6869 -43.22473
v 1.268311 36.45919 -43.22473
v 1.860596 36.22992 -43.22473
v 2.025208 36.27378 -43.22473
v 2.261841 36.34457 -43.22473
v 3.293549 36.7649 -43.22473
v 4.248444 37.23671 -43.22473
v 0.2399292 36.91643 -43.22473
v -0.7008057 37.42935 -43.22473
v 4.849487 37.6077 -43.22473
v -1.38739 37.89213 -43.22473
v 5.335754 37.977 -43.22473
v -1.643341 38.09975 -43.22473
v 5.713715 38.3311 -43.22473
v -1.885712 38.33297 -43.22473
v 5.995605 38.65538 -43.22473
v -2.138031 38.62299 -43.22473
v -2.364136 38.93901 -43.22473
v 6.242828 39.00828 -43.22473
v -2.539307 39.23895 -43.22473
v 6.372711 39.23463 -43.22473
v 6.52243 39.55436 -43.22473
v -2.686584 39.55436 -43.22473
v -2.724457 39.67211 -43.22473
v 6.573547 39.69681 -43.22473
v 2.025208 36.27378 -42.73783
v 1.860596 36.22992 -42.73783
v 1.268311 36.45919 -42.73783
v 2.261841 36.34457 -42.73783
v 3.293549 36.7649 -42.73783
v 0.2399292 36.91643 -42.73783
v 4.248444 37.23671 -42.73783
v -0.7008057 37.42935 -42.73783
v 4.849487 37.6077 -42.73783
v -1.38739 37.89213 -42.73783
v 5.335754 37.977 -42.73783
v -1.643341 38.09975 -42.73783
v 5.713715 38.3311 -42.73783
v -1.885712 38.33297 -42.73783
v 5.995605 38.65538 -42.73783
v -2.138031 38.62299 -42.73783
v -2.364136 38.93901 -42.73783
v 6.242828 39.00828 -42.73783
v -2.539307 39.23895 -42.73783
v 6.372711 39.23463 -42.73783
v 6.52243 39.55436 -42.73783
v -2.686584 39.55436 -42.73783
v 6.573547 39.69681 -42.73783
v -2.724457 39.67211 -42.73783
v -2.764374 39.8371 -42.73783
v 6.624878 39.89871 -42.73783
v -2.841705 40.27803 -42.73783
v 6.664185 40.16625 -42.73783
v 6.678894 40.50207 -42.73783
v -2.85672 40.44005 -42.73783
v -2.856537 40.48938 -42.73783
v -2.854614 40.50741 -42.73783
v 6.657928 40.90189 -42.73783
v -2.853943 40.7332 -42.73783
v -2.835999 40.93633 -42.73783
v 6.593719 41.3505 -42.73783
v -2.763763 41.36111 -42.73783
v 6.498474 41.76804 -42.73783
v -2.604645 41.96535 -42.73783
v 6.369598 42.17186 -42.73783
v -2.457336 42.38202 -42.73783
v 6.106659 42.83625 -42.73783
v -2.382904 42.55164 -42.73783
v -2.296692 42.7721 -42.73783
v -2.255798 42.91374 -42.73783
v 6.077942 42.96264 -42.73783
v -2.235992 43.01715 -42.73783
v 6.064758 43.06264 -42.73783
v -2.227875 43.09975 -42.73783
v 6.062347 43.16021 -42.73783
v -2.228119 43.18122 -42.73783
v 6.068726 43.23099 -42.73783
v -2.234619 43.24097 -42.73783
v 6.083008 43.29911 -42.73783
v -2.247162 43.29911 -42.73783
v 6.114807 43.39547 -42.73783
v -2.277161 43.38915 -42.73783
v -2.307648 43.45856 -42.73783
v 6.162933 43.50384 -42.73783
v -2.357178 43.54863 -42.73783
v 6.230164 43.62188 -42.73783
v -2.629272 43.91049 -42.73783
v 6.411438 43.86821 -42.73783
v 6.598877 44.10156 -42.73783
v -2.860901 44.18469 -42.73783
v 6.847229 44.40725 -42.73783
v -3.011414 44.34993 -42.73783
v -0.3774109 46.71597 -42.73783
v -0.2424316 46.68414 -42.73783
v -0.1349182 46.66862 -42.73783
v -0.02941895 46.66386 -42.73783
v -0.5625 46.77749 -42.73783
v -0.8488159 46.9034 -42.73783
v -1.062592 47.01357 -42.73783
v -1.444702 47.21582 -42.73783
v 3.765778 46.66719 -42.73783
v 0.04754639 46.66845 -42.73783
v 3.626709 46.67717 -42.73783
v 0.1219788 46.68085 -42.73783
v 3.444946 46.70826 -42.73783
v 3.906647 46.67003 -42.73783
v 0.476532 46.76564 -42.73783
v 3.268555 46.75697 -42.73783
v 3.057465 46.83819 -42.73783
v 0.791748 46.86024 -42.73783
v 4.048737 46.6869 -42.73783
v 2.821228 46.95787 -42.73783
v 0.9926147 46.94078 -42.73783
v 1.162476 47.0282 -42.73783
v 2.574554 47.1156 -42.73783
v 1.306549 47.12028 -42.73783
v 2.392731 47.255 -42.73783
v 1.693909 47.43858 -42.73783
v 2.242706 47.38778 -42.73783
v 1.937012 47.65525 -42.73783
v 4.191528 46.71906 -42.73783
v 4.433838 46.80516 -42.73783
v 4.666138 46.90877 -42.73783
v 5.280579 47.23493 -42.73783
v 1.548553 47.60841 -43.33648
v 1.935669 47.95343 -43.33648
v 1.935669 47.95343 -42.73783
v 1.548553 47.60841 -42.73783
v 1.174927 47.30142 -43.33648
v 1.174927 47.30142 -42.73783
v 1.050934 47.22215 -43.33648
v 1.050934 47.22215 -42.73783
v 0.8996582 47.14431 -43.33648
v 0.8996582 47.14431 -42.73783
v 0.7178955 47.07141 -43.33648
v 0.7178955 47.07141 -42.73783
v 0.418396 46.98153 -43.33648
v 0.418396 46.98153 -42.73783
v 0.07754517 46.90002 -43.33648
v 0.07754517 46.90002 -42.73783
v 0.02246094 46.89084 -43.33648
v 0.02246094 46.89084 -42.73783
v -0.03103638 46.88766 -43.33648
v -0.03103638 46.88766 -42.73783
v -0.1138611 46.8914 -43.33648
v -0.1138611 46.8914 -42.73783
v -0.2007141 46.90394 -43.33648
v -0.2007141 46.90394 -42.73783
v -0.3164063 46.93122 -43.33648
v -0.3164063 46.93122 -42.73783
v -0.4820862 46.98629 -43.33648
v -0.4820862 46.98629 -42.73783
v -0.752533 47.10521 -43.33648
v -0.752533 47.10521 -42.73783
v -0.959137 47.21168 -43.33648
v -0.959137 47.21168 -42.73783
v -1.535065 47.51649 -43.33648
v -1.535065 47.51649 -42.73783
v -3.283966 44.31726 -43.33648
v -3.283966 44.31726 -42.73783
v -3.028931 44.03729 -43.33648
v -3.028931 44.03729 -42.73783
v -2.804108 43.77111 -43.33648
v -2.804108 43.77111 -42.73783
v -2.545349 43.42701 -43.33648
v -2.545349 43.42701 -42.73783
v -2.50827 43.35955 -43.33648
v -2.50827 43.35955 -42.73783
v -2.485931 43.30874 -43.33648
v -2.485931 43.30874 -42.73783
v -2.463043 43.24004 -43.33648
v -2.463043 43.24004 -42.73783
v -2.455536 43.20519 -43.33648
v -2.455536 43.20519 -42.73783
v -2.451569 43.16877 -43.33648
v -2.451569 43.16877 -42.73783
v -2.451416 43.11039 -43.33648
v -2.451416 43.11039 -42.73783
v -2.457428 43.04916 -42.73783
v -2.473358 42.96587 -42.73783
v -2.508575 42.84395 -42.73783
v -2.589386 42.63728 -42.73783
v -2.665283 42.46428 -42.73783
v -2.81842 42.03117 -42.73783
v -2.982452 41.40839 -42.73783
v -3.057831 40.96492 -42.73783
v -3.077423 40.74339 -42.73783
v -3.078064 40.51968 -42.73783
v -3.079987 40.50175 -42.73783
v -3.080261 40.43013 -42.73783
v -3.080261 40.43013 -43.33648
v -3.079987 40.50175 -43.33648
v -3.078064 40.51968 -43.33648
v -3.077423 40.74339 -43.33648
v -3.057831 40.96492 -43.33648
v -2.982452 41.40839 -43.33648
v -2.81842 42.03117 -43.33648
v -2.665283 42.46428 -43.33648
v -2.589386 42.63728 -43.33648
v -2.508575 42.84395 -43.33648
v -2.473358 42.96587 -43.33648
v -2.457428 43.04916 -43.33648
v -3.063416 40.24836 -43.33648
v -3.063416 40.24836 -42.73783
v -2.983276 39.79147 -43.33648
v -2.983276 39.79147 -42.73783
v -2.939728 39.61155 -43.33648
v -2.939728 39.61155 -42.73783
v -2.89505 39.47255 -43.33648
v -2.89505 39.47255 -42.73783
v -2.737457 39.13511 -43.33648
v -2.737457 39.13511 -42.73783
v -2.551941 38.81736 -43.33648
v -2.551941 38.81736 -42.73783
v -2.313599 38.4843 -43.33648
v -2.313599 38.4843 -42.73783
v -2.047821 38.17879 -43.33648
v -2.047821 38.17879 -42.73783
v -1.791473 37.93214 -43.33648
v -1.791473 37.93214 -42.73783
v -1.520508 37.71234 -43.33648
v -1.520508 37.71234 -42.73783
v -0.8170166 37.23816 -43.33648
v -0.8170166 37.23816 -42.73783
v 0.1408691 36.71586 -43.33648
v 0.1408691 36.71586 -42.73783
v 1.182526 36.25275 -43.33648
v 1.182526 36.25275 -42.73783
v 1.847809 35.99522 -43.33648
v 1.847809 35.99522 -42.73783
v 2.086029 36.05868 -42.73783
v 2.336182 36.13352 -42.73783
v 3.385345 36.56096 -42.73783
v 4.356873 37.04099 -42.73783
v 4.976044 37.42319 -42.73783
v 5.480133 37.80599 -42.73783
v 5.874878 38.17584 -42.73783
v 6.171967 38.51757 -42.73783
v 6.431671 38.88831 -42.73783
v 6.571167 39.13145 -42.73783
v 6.729279 39.46904 -42.73783
v 6.787537 39.63139 -42.73783
v 6.84433 39.85482 -42.73783
v 6.886963 40.14506 -42.73783
v 6.902649 40.50303 -42.73783
v 6.880585 40.92363 -42.73783
v 6.81366 41.39126 -42.73783
v 6.714294 41.82698 -42.73783
v 6.5802 42.24705 -42.73783
v 6.320801 42.90252 -42.73783
v 6.298187 43.00208 -42.73783
v 6.287903 43.08004 -42.73783
v 6.286102 43.15293 -42.73783
v 6.290161 43.19793 -42.73783
v 6.299194 43.24097 -42.73783
v 6.323578 43.31489 -42.73783
v 6.362671 43.40292 -42.73783
v 6.417908 43.49993 -42.73783
v 6.588623 43.73193 -42.73783
v 6.772705 43.9611 -42.73783
v 7.115906 44.3835 -42.73783
v 5.369659 47.53526 -42.73783
v 4.568115 47.10976 -42.73783
v 4.3508 47.01284 -42.73783
v 4.129333 46.93414 -42.73783
v 4.010864 46.90747 -42.73783
v 3.891174 46.89326 -42.73783
v 3.771545 46.89086 -42.73783
v 3.653625 46.8993 -42.73783
v 3.493683 46.92668 -42.73783
v 3.338593 46.96949 -42.73783
v 3.148346 47.0427 -42.73783
v 2.93222 47.15219 -42.73783
v 2.702972 47.29877 -42.73783
v 2.534943 47.42757 -42.73783
v 2.390381 47.55555 -42.73783
v 2.086029 36.05868 -43.33648
v 2.336182 36.13352 -43.33648
v 3.385345 36.56096 -43.33648
v 4.356873 37.04099 -43.33648
v 4.976044 37.42319 -43.33648
v 5.480133 37.80599 -43.33648
v 5.874878 38.17584 -43.33648
v 6.171967 38.51757 -43.33648
v 6.431671 38.88831 -43.33648
v 6.571167 39.13145 -43.33648
v 6.729279 39.46904 -43.33648
v 6.787537 39.63139 -43.33648
v 6.84433 39.85482 -43.33648
v 6.886963 40.14506 -43.33648
v 6.902649 40.50303 -43.33648
v 6.880585 40.92363 -43.33648
v 6.81366 41.39126 -43.33648
v 6.714294 41.82698 -43.33648
v 6.5802 42.24705 -43.33648
v 6.320801 42.90252 -43.33648
v 6.298187 43.00208 -43.33648
v 6.287903 43.08004 -43.33648
v 6.286102 43.15293 -43.33648
v 6.290161 43.19793 -43.33648
v 6.299194 43.24097 -43.33648
v 6.323578 43.31489 -43.33648
v 6.362671 43.40292 -43.33648
v 6.417908 43.49993 -43.33648
v 6.588623 43.73193 -43.33648
v 6.772705 43.9611 -43.33648
v 7.115906 44.3835 -43.33648
v 5.369659 47.53526 -43.33648
v 4.568115 47.10976 -43.33648
v 4.3508 47.01284 -43.33648
v 4.129333 46.93414 -43.33648
v 4.010864 46.90747 -43.33648
v 3.891174 46.89326 -43.33648
v 3.771545 46.89086 -43.33648
v 3.653625 46.8993 -43.33648
v 3.493683 46.92668 -43.33648
v 3.338593 46.96949 -43.33648
v 3.148346 47.0427 -43.33648
v 2.93222 47.15219 -43.33648
v 2.702972 47.29877 -43.33648
v 2.534943 47.42757 -43.33648
v 2.390381 47.55555 -43.33648
v 1.693909 47.43858 -43.33648
v 1.937012 47.65525 -43.33648
v 1.306549 47.12028 -43.33648
v 1.162476 47.0282 -43.33648
v 0.9926147 46.94078 -43.33648
v -0.02941895 46.66386 -43.33648
v -0.1349182 46.66862 -43.33648
v -0.2424316 46.68414 -43.33648
v -0.3774109 46.71597 -43.33648
v -0.5625 46.77749 -43.33648
v -0.8488159 46.9034 -43.33648
v -1.062592 47.01357 -43.33648
v -1.444702 47.21582 -43.33648
v -3.011414 44.34993 -43.33648
v -2.357178 43.54863 -43.33648
v -2.307648 43.45856 -43.33648
v -2.277161 43.38915 -43.33648
v -2.247162 43.29911 -43.33648
v -2.234619 43.24097 -43.33648
v -2.228119 43.18122 -43.33648
v -2.227875 43.09975 -43.33648
v -2.235992 43.01715 -43.33648
v -2.255798 42.91374 -43.33648
v -2.296692 42.7721 -43.33648
v -2.382904 42.55164 -43.33648
v -2.457336 42.38202 -43.33648
v -2.604645 41.96535 -43.33648
v -2.763763 41.36111 -43.33648
v -2.835999 40.93633 -43.33648
v -2.853943 40.7332 -43.33648
v -2.854614 40.50741 -43.33648
v -2.856537 40.48938 -43.33648
v -2.85672 40.44005 -43.33648
v -2.841705 40.27803 -43.33648
v -2.764374 39.8371 -43.33648
v -2.724457 39.67211 -43.33648
v -2.686584 39.55436 -43.33648
v -2.539307 39.23895 -43.33648
v -2.364136 38.93901 -43.33648
v -2.138031 38.62299 -43.33648
v -1.885712 38.33297 -43.33648
v -1.643341 38.09975 -43.33648
v -1.38739 37.89213 -43.33648
v -0.7008057 37.42935 -43.33648
v 0.2399292 36.91643 -43.33648
v 1.268311 36.45919 -43.33648
v 1.860596 36.22992 -43.33648
v 2.025208 36.27378 -43.33648
v 2.261841 36.34457 -43.33648
v 3.293549 36.7649 -43.33648
v 4.248444 37.23671 -43.33648
v 4.849487 37.6077 -43.33648
v 5.335754 37.977 -43.33648
v 5.713715 38.3311 -43.33648
v 5.995605 38.65538 -43.33648
v 6.242828 39.00828 -43.33648
v 6.372711 39.23463 -43.33648
v 6.52243 39.55436 -43.33648
v 6.573547 39.69681 -43.33648
v 6.624878 39.89871 -43.33648
v 6.664185 40.16625 -43.33648
v 6.678894 40.50207 -43.33648
v 6.657928 40.90189 -43.33648
v 6.593719 41.3505 -43.33648
v 6.498474 41.76804 -43.33648
v 6.369598 42.17186 -43.33648
v 6.106659 42.83625 -43.33648
v 6.077942 42.96264 -43.33648
v 6.064758 43.06264 -43.33648
v 6.062347 43.16021 -43.33648
v 6.068726 43.23099 -43.33648
v 6.083008 43.29911 -43.33648
v 6.114807 43.39547 -43.33648
v 6.162933 43.50384 -43.33648
v 6.230164 43.62188 -43.33648
v 6.411438 43.86821 -43.33648
v 6.598877 44.10156 -43.33648
v 6.847229 44.40725 -43.33648
v 5.280579 47.23493 -43.33648
v 4.666138 46.90877 -43.33648
v 4.433838 46.80516 -43.33648
v 4.191528 46.71906 -43.33648
v 4.048737 46.6869 -43.33648
v 3.906647 46.67003 -43.33648
v 3.765778 46.66719 -43.33648
v 3.626709 46.67717 -43.33648
v 3.444946 46.70826 -43.33648
v 3.268555 46.75697 -43.33648
v 3.057465 46.83819 -43.33648
v 2.821228 46.95787 -43.33648
v 2.574554 47.1156 -43.33648
v 2.392731 47.255 -43.33648
v 2.242706 47.38778 -43.33648
v 3.041687 39.59081 -43.54099
v 3.948486 38.92991 -43.54099
v 3.198792 41.42886 -43.54099
v 1.74939 40.40429 -43.54099
v 1.814941 40.38795 -43.54099
v 2.084015 40.26687 -43.54099
v 1.923248 40.3474 -43.54099
v 0.3999634 41.42886 -43.54099
v -0.3497314 38.92991 -43.54099
v -1.6492 42.95322 -43.54099
v 5.372894 42.95322 -43.54099
v 1.074677 42.95322 -43.54099
v 2.649017 42.95322 -43.54099
v 1.799377 45.37721 -43.54099
v 3.198792 41.42886 -43.14188
v 3.948486 38.92991 -43.14188
v 3.041687 39.59081 -43.14188
v 2.084015 40.26687 -43.14188
v 1.923248 40.3474 -43.14188
v 1.814941 40.38795 -43.14188
v 1.74939 40.40429 -43.14188
v 0.3999634 41.42886 -43.14188
v -0.3497314 38.92991 -43.14188
v 5.372894 42.95322 -43.14188
v -1.6492 42.95322 -43.14188
v 2.649017 42.95322 -43.14188
v 1.074677 42.95322 -43.14188
v 1.799377 45.37721 -43.14188
v -22.82156 53.09094 -27.76004
v -6.447723 53.09094 -43.95572
v -6.447723 58.67963 -43.95572
v -22.82156 58.67963 -27.76004
v -22.37372 53.09094 -27.3073
v -22.37372 58.67963 -27.3073
v -5.999908 53.09094 -43.50299
v -5.999908 58.67963 -43.50299
v 16.64191 51.08403 -2.371078
v 16.64191 51.08403 -43.83393
v -22.80508 51.08403 -2.371082
v -22.80508 53.07954 -2.371082
v 16.64191 53.07956 -2.371078
v -22.80508 53.07954 -28.94159
v -22.80508 51.08403 -28.94159
v -11.69019 51.08403 -40.05649
v -7.91272 51.08403 -43.83394
v 10.22034 51.08403 -43.83393
v 16.64191 53.07956 -43.83393
v 10.22034 53.07956 -43.83393
v 10.22034 53.07956 -41.83842
v 14.64636 53.07956 -41.83842
v 14.64636 53.07956 -4.366589
v -20.80957 53.07954 -4.366592
v -20.80957 53.07954 -28.11502
v -17.61658 53.07954 -31.30801
v -19.02762 53.07954 -32.71904
v -11.69019 53.07954 -40.05649
v -19.02762 51.08403 -32.71904
v -10.27914 53.07954 -38.64544
v -7.91272 53.07954 -43.83394
v -7.086151 53.07954 -41.83843
v -2.151855 53.07954 -41.83842
v -2.151855 53.07954 -43.83394
v -2.151855 51.08403 -43.83394
v 16.64191 34.23324 6.455555
v 16.64191 34.23324 15.47975
v -25.9696 34.23324 15.47974
v -44.50793 34.23324 6.455547
v -44.50793 34.23324 15.47974
v -25.9696 34.23324 -25.98313
v 16.64191 34.23324 -25.98312
v 16.64191 36.22877 6.455555
v 16.64191 36.22877 15.47975
v -25.9696 36.22877 15.47974
v -44.50793 36.22875 6.455547
v -44.50793 36.22875 15.47974
v -25.9696 36.22877 -25.98313
v 16.64191 36.22877 -25.98312
v 14.64636 36.22877 6.455555
v 14.64636 36.22877 13.48422
v -25.9696 36.22877 13.48421
v -42.51242 36.22875 6.455547
v -42.51242 36.22875 13.48421
v -25.9696 36.22877 -23.9876
v 14.64636 36.22877 -23.9876
v -44.50793 36.22875 -16.94414
v -44.50793 34.23324 -16.94414
v -44.50793 34.23324 -25.98313
v -44.50793 36.22875 -25.98313
v -42.51242 36.22875 -16.94414
v -42.51242 36.22875 -23.9876
v 14.64636 36.22877 -16.94413
v 16.64191 36.22877 -16.94413
v 16.64191 34.23324 -16.94413
v 16.64191 34.23324 -1.553326
v -44.50793 34.23324 -1.553333
v -44.50793 34.23324 -8.950058
v 16.64191 36.22877 -1.553326
v -44.50793 36.22875 -1.553333
v 14.64636 36.22877 -1.553326
v -42.51242 36.22875 -1.553333
v 16.64191 34.23324 -8.95005
v 16.64191 36.22877 -8.95005
v -44.50793 36.22875 -8.950058
v 14.64636 36.22877 -8.95005
v -42.51242 36.22875 -8.950058
v -38.34183 34.23324 -25.98313
v -38.34183 36.22875 -25.98313
v -38.34183 36.22875 -23.9876
v -38.34183 36.22875 13.48421
v -38.34183 36.22875 15.47974
v -38.34183 34.23324 15.47974

vt 0.9153 0.8958
vt 0.946 0.1881
vt 0 1
vt 0.5072 0.5073
vt 0.1179 0.1647
vt 0.101 0.918
vt 0.8965 0.8498
vt 0.3372 0.7382
vt 0.0673 0.7382
vt 0.0673 0.9022
vt 0.3372 0.9022
vt 0.3372 0.2618
vt 0.3372 0.0978
vt 0.0673 0.0978
vt 0.0673 0.2618
vt 0.0673 0.5794
vt 0.3372 0.5794
vt 0.6628 0.7382
vt 0.6628 0.5794
vt 0.3372 0.4206
vt 0.6628 0.4206
vt 0.0673 0.4206
vt 0.9327 0.9022
vt 0.9327 0.7382
vt 0.6628 0.9022
vt 0.9327 0.5794
vt 0.9327 0.4206
vt 0.6628 0.2618
vt 0.9327 0.2618
vt 0.6628 0.0978
vt 0.9327 0.0978
vt 1 1
vt 0.9659 0.956
vt 0.977 0.0065
vt 0.0252 0.0233
vt 0.0334 0.973
vt 0.4997 0.9645
vt 0.2708 0.9687
vt 0.9861 0.0355
vt 0.1786 0.0797
vt 0 0.0797
vt 0 0.3311
vt 0.1786 0.3311
vt 0 0.5777
vt 0.1786 0.5777
vt 0.1786 1
vt 0.4767 0.5777
vt 0.4767 1
vt 0.6553 0.3311
vt 0.4767 0.3311
vt 0.6553 0.5777
vt 1 0.0797
vt 0.3625 0.0797
vt 0.3625 0.3311
vt 1 0.3311
vt 1 0.5777
vt -0.1724 0.0797
vt -0.3447 0.0797
vt -0.3447 0.3311
vt -0.1724 0.3311
vt 0.9814 0.2496
vt 0.9706 0.7418
vt 0.6553 0.0797
vt 0.4767 0.0797
vt 0.7184 0.9605
vt 0.6553 1
vt -0.1724 0.5777
vt -0.3447 0.5777
vt -0.3447 1
vt -0.1724 1
vt 0.3625 0.5777
vt 0.3625 1
vt 0.1903 1
vt 0.1903 0.5777
vt 0.1903 0.3311
vt 0.1903 0.0797
vt 0.976 0.4957
vt 0 0
vt 1 0
vt 0.3182 0.0783
vt 0 0.0783
vt 0 0.2987
vt 0.3182 0.2987
vt 0.7811 0.2987
vt 1 0.2987
vt 1 0.0783
vt 0.7811 0.0783
vt 0.6818 0.0783
vt 0.6818 0.2987
vt 0.2189 0.0783
vt 0.2189 0.2987
vt 0.3182 0.0253
vt 0.0169 0.0253
vt 0.0169 0.2189
vt 0.3182 0.2189
vt 0.3182 0.9747
vt 0.0169 0.9747
vt 0.9831 0.2189
vt 0.9831 0.0253
vt 0.7811 0.6226
vt 1 0.6226
vt 0.0169 0.7811
vt 0.3182 0.7811
vt 0.9831 0.7811
vt 0.9831 0.9747
vt 0.5937 0.0783
vt 0.5937 0.2987
vt 0.4063 0.0783
vt 0.4063 0.2987
vt 0.0169 0.4063
vt 0.3182 0.4063
vt 0.3182 0.5937
vt 0.6818 0.5937
vt 0.6818 0.4063
vt 0.0169 0.3126
vt 0.9831 0.3126
vt 0.4063 0.6226
vt 0.5937 0.6226
vt 0.5937 1
vt 0.7811 1
vt 0.0169 0.5937
vt 0.0169 0.5
vt 0.9831 0.4063
vt 0.9831 0.5
vt 0.2189 0.6226
vt 0 0.6226
vt 0.2189 1
vt 0.4063 1
vt 0.6818 0.6226
vt 0.6818 1
vt 0.3182 0.6226
vt 0.3182 1
vt 0.5 0.0253
vt 0.5 0.9747
vt 0.6818 0.9747
vt 0.6818 0.7811
vt 0.9831 0.5937
vt 0.6818 0.2189
vt 0.6818 0.0253
vt 0.2857 0
vt 0.2857 1
vt 0.2726 1
vt 1 0.7564
vt -0.1695 0.0797
vt -0.1695 0
vt -0.3447 0
vt 0.1829 0.0797
vt 0.1829 0
vt 0.3625 0
vt -0.1724 0
vt 0.1786 0
vt 0.4749 0.0797
vt 0.4749 0
vt 0.6553 0
vt 0.4767 0
vt 0.7274 1
vt 0.3277 0
vt 0.3277 0.0797
vt 0.1873 0.0797
vt 0.1873 0
vt 0.1903 0
vt 1 0.2436
vt 0 0.2189
vt 1 0.2189
vt 0.3182 0
vt 0.3206 0.0783
vt 0.3206 0
vt 0.2245 0.0783
vt 0.2245 0
vt 0.6794 0.0783
vt 0.6794 0
vt 0.7755 0.0783
vt 0.7755 0
vt 0.2189 0
vt 0.6818 0
vt 0.7811 0
vt 0 0.7811
vt 1 0.7811
vt 0 0.4063
vt 1 0.4063
vt 1 0.5937
vt 0.4082 0.0783
vt 0.4082 0
vt 0.5918 0
vt 0.5918 0.0783
vt 0.3163 0
vt 0.3126 0
vt 0.3126 0.0783
vt 0.3163 0.0783
vt 0.6874 0
vt 0.6837 0
vt 0.6837 0.0783
vt 0.6874 0.0783
vt 0 0.5937
vt 0.4063 0
vt 0.5 0
vt 0.5 0.0783
vt 0.5937 0
vt 0.0195 0.3211
vt 0.848 0.3543
vt 0.8413 0.3157
vt 0.016 0.3445
vt 0.0147 0.3739
vt 0.8493 0.3685
vt 0.8493 0.3728
vt 0.8492 0.3744
vt 0.0166 0.4089
vt 0.8491 0.3941
vt 0.8475 0.4119
vt 0.0222 0.4482
vt 0.8412 0.4491
vt 0.0305 0.4847
vt 0.8273 0.502
vt 0.0418 0.5201
vt 0.8144 0.5385
vt 0.0648 0.5782
vt 0.8079 0.5533
vt 0.8003 0.5726
vt 0.7967 0.585
vt 0.0673 0.5893
vt 0.795 0.5941
vt 0.0685 0.598
vt 0.7943 0.6013
vt 0.0687 0.6066
vt 0.7943 0.6084
vt 0.0681 0.6128
vt 0.7949 0.6136
vt 0.0669 0.6187
vt 0.796 0.6187
vt 0.7986 0.6266
vt 0.0641 0.6272
vt 0.8013 0.6327
vt 0.0599 0.6366
vt 0.8056 0.6406
vt 0.054 0.647
vt 0.0381 0.6685
vt 0.8294 0.6722
vt 0.3524 0.939
vt 0.5124 0.9375
vt 0.53 0.9304
vt 0.5576 0.9221
vt 0.3317 0.9285
vt 0.3132 0.9214
vt 0.2978 0.9171
vt 0.5886 0.9147
vt 0.2819 0.9144
vt 0.5951 0.9136
vt 0.4976 0.9451
vt 0.374 0.9528
vt 0.4849 0.9532
vt 0.3899 0.965
vt 0.451 0.981
vt 0.403 0.9766
vt 0.4298 1
vt 0.2697 0.9135
vt 0.6019 0.9132
vt 0 0.7157
vt 0.2574 0.9138
vt 0.6111 0.9136
vt 0.6205 0.915
vt 0.6323 0.9178
vt 0.8629 0.7107
vt 0.6485 0.9232
vt 0.6736 0.9342
vt 0.6923 0.9438
vt 0.7258 0.9615
vt 0.8497 0.6962
vt 0.0217 0.689
vt 0.1371 0.9632
vt 0.1909 0.9347
vt 0.2112 0.9256
vt 0.2324 0.9181
vt 0.2449 0.9152
vt 0.4883 0.0201
vt 0.4365 0
vt 0.422 0.0038
vt 0.4013 0.01
vt 0.311 0.0468
vt 0.2275 0.0881
vt 0.5783 0.0601
vt 0.6606 0.105
vt 0.1749 0.1206
vt 0.7207 0.1455
vt 0.1323 0.1529
vt 0.7431 0.1637
vt 0.0992 0.1839
vt 0.7644 0.1841
vt 0.0745 0.2123
vt 0.7864 0.2095
vt 0.8062 0.2371
vt 0.0529 0.2432
vt 0.8216 0.2634
vt 0.0415 0.263
vt 0.0284 0.291
vt 0.8344 0.291
vt 0.8378 0.3013
vt 0.024 0.3034
vt 0.0749 0.8583
vt 0.0629 0.8494
vt 0.0464 0.7965
vt 0.0926 0.8706
vt 0.1773 0.9182
vt 0.0218 0.7015
vt 0.2614 0.9578
vt 0.0057 0.6094
vt 0.3193 0.9787
vt 0 0.5374
vt 0.371 0.9918
vt 0.0003 0.5087
vt 0.4157 0.9984
vt 0.003 0.4795
vt 0.4531 1
vt 0.0091 0.4465
vt 0.0184 0.4139
vt 0.4906 0.9977
vt 0.0294 0.3856
vt 0.5131 0.9943
vt 0.5431 0.9871
vt 0.0429 0.3584
vt 0.5556 0.9829
vt 0.0489 0.3495
vt 0.058 0.3378
vt 0.5722 0.9754
vt 0.0839 0.3085
vt 0.5926 0.9636
vt 0.6163 0.9463
vt 0.0941 0.2987
vt 0.0975 0.296
vt 0.0989 0.2952
vt 0.6425 0.9232
vt 0.1143 0.283
vt 0.1291 0.2732
vt 0.6696 0.8944
vt 0.1621 0.255
vt 0.6929 0.8653
vt 0.212 0.2331
vt 0.7135 0.8345
vt 0.2484 0.2205
vt 0.7446 0.7805
vt 0.264 0.2164
vt 0.2838 0.2103
vt 0.2957 0.2054
vt 0.7516 0.7717
vt 0.3038 0.2011
vt 0.7578 0.7653
vt 0.3099 0.1972
vt 0.7643 0.7599
vt 0.3154 0.1927
vt 0.7695 0.7565
vt 0.3192 0.1891
vt 0.7749 0.7537
vt 0.3224 0.185
vt 0.7832 0.7507
vt 0.327 0.1781
vt 0.33 0.1723
vt 0.7932 0.7481
vt 0.3335 0.164
vt 0.8049 0.7463
vt 0.3434 0.1257
vt 0.8316 0.7453
vt 0.8577 0.7454
vt 0.3496 0.095
vt 0.892 0.7457
vt 0.3527 0.0758
vt 0.6573 0.1271
vt 0.6624 0.1381
vt 0.6672 0.1462
vt 0.6726 0.1537
vt 0.6514 0.1111
vt 0.6445 0.0847
vt 0.6404 0.0642
vt 0.6334 0.0271
vt 0.879 0.4126
vt 0.6771 0.1587
vt 0.8721 0.4026
vt 0.682 0.1631
vt 0.8643 0.3885
vt 0.8868 0.4221
vt 0.707 0.1827
vt 0.8581 0.3738
vt 0.8522 0.355
vt 0.7306 0.1991
vt 0.8957 0.4309
vt 0.8475 0.3323
vt 0.747 0.2084
vt 0.7622 0.2153
vt 0.8449 0.3069
vt 0.7763 0.2201
vt 0.8445 0.2869
vt 0.8191 0.2293
vt 0.8454 0.2695
vt 0.8471 0.2341
vt 0.9056 0.4389
vt 0.9247 0.4507
vt 0.9444 0.461
vt 1 0.4852
vt 0.009 1
vt 0.009 0
vt 0.0229 1
vt 0.0229 0
vt 0.0276 1
vt 0.0276 0
vt 0.0329 1
vt 0.0329 0
vt 0.0389 1
vt 0.0389 0
vt 0.048 1
vt 0.048 0
vt 0.0581 1
vt 0.0581 0
vt 0.0602 1
vt 0.0602 0
vt 0.0623 1
vt 0.0623 0
vt 0.0653 1
vt 0.0653 0
vt 0.0683 1
vt 0.0683 0
vt 0.0721 1
vt 0.0721 0
vt 0.0775 1
vt 0.0775 0
vt 0.0862 1
vt 0.0862 0
vt 0.0928 1
vt 0.0928 0
vt 0.1048 1
vt 0.1048 0
vt 0.1952 1
vt 0.1952 0
vt 0.2014 1
vt 0.2014 0
vt 0.2113 1
vt 0.2113 0
vt 0.2239 1
vt 0.2239 0
vt 0.2267 1
vt 0.2267 0
vt 0.2288 1
vt 0.2288 0
vt 0.2314 1
vt 0.2314 0
vt 0.2331 1
vt 0.2331 0
vt 0.2347 1
vt 0.2347 0
vt 0.237 1
vt 0.237 0
vt 0.2393 0
vt 0.2422 0
vt 0.2463 0
vt 0.2528 0
vt 0.258 0
vt 0.2702 0
vt 0.2875 0
vt 0.2994 0
vt 0.3051 0
vt 0.3113 0
vt 0.3118 0
vt 0.3132 0
vt 0.3132 1
vt 0.3118 1
vt 0.3113 1
vt 0.3051 1
vt 0.2994 1
vt 0.2875 1
vt 0.2702 1
vt 0.258 1
vt 0.2528 1
vt 0.2463 1
vt 0.2422 1
vt 0.2393 1
vt 0.3177 1
vt 0.3177 0
vt 0.3301 1
vt 0.3301 0
vt 0.3348 1
vt 0.3348 0
vt 0.3382 1
vt 0.3382 0
vt 0.3478 1
vt 0.3478 0
vt 0.3575 1
vt 0.3575 0
vt 0.3682 1
vt 0.3682 0
vt 0.3789 1
vt 0.3789 0
vt 0.3882 1
vt 0.3882 0
vt 0.3973 1
vt 0.3973 0
vt 0.4202 1
vt 0.4202 0
vt 0.4499 1
vt 0.4499 0
vt 0.481 1
vt 0.481 0
vt 0.4986 1
vt 0.4986 0
vt 0.5033 0
vt 0.5102 0
vt 0.541 0
vt 0.5705 0
vt 0.59 0
vt 0.6069 0
vt 0.6213 0
vt 0.6332 0
vt 0.6451 0
vt 0.6523 0
vt 0.6621 0
vt 0.6663 0
vt 0.6721 0
vt 0.6795 0
vt 0.6888 0
vt 0.6999 0
vt 0.7125 0
vt 0.7243 0
vt 0.7361 0
vt 0.7558 0
vt 0.7594 0
vt 0.7622 0
vt 0.7649 0
vt 0.7669 0
vt 0.7688 0
vt 0.7716 0
vt 0.7749 0
vt 0.7787 0
vt 0.7871 0
vt 0.7954 0
vt 0.8063 0
vt 0.8958 0
vt 0.9151 0
vt 0.9221 0
vt 0.9292 0
vt 0.9333 0
vt 0.9372 0
vt 0.9411 0
vt 0.945 0
vt 0.9501 0
vt 0.9552 0
vt 0.9614 0
vt 0.9688 0
vt 0.9769 0
vt 0.9832 0
vt 0.9888 0
vt 0.5033 1
vt 0.5102 1
vt 0.541 1
vt 0.5705 1
vt 0.59 1
vt 0.6069 1
vt 0.6213 1
vt 0.6332 1
vt 0.6451 1
vt 0.6523 1
vt 0.6621 1
vt 0.6663 1
vt 0.6721 1
vt 0.6795 1
vt 0.6888 1
vt 0.6999 1
vt 0.7125 1
vt 0.7243 1
vt 0.7361 1
vt 0.7558 1
vt 0.7594 1
vt 0.7622 1
vt 0.7649 1
vt 0.7669 1
vt 0.7688 1
vt 0.7716 1
vt 0.7749 1
vt 0.7787 1
vt 0.7871 1
vt 0.7954 1
vt 0.8063 1
vt 0.8958 1
vt 0.9151 1
vt 0.9221 1
vt 0.9292 1
vt 0.9333 1
vt 0.9372 1
vt 0.9411 1
vt 0.945 1
vt 0.9501 1
vt 0.9552 1
vt 0.9614 1
vt 0.9688 1
vt 0.9769 1
vt 0.9832 1
vt 0.9888 1
vt 0.332 0.176
vt 0.2028 0.0819
vt 0.3096 0.4377
vt 0.516 0.2918
vt 0.5067 0.2895
vt 0.4684 0.2722
vt 0.4913 0.2837
vt 0.7082 0.4377
vt 0.8149 0.0819
vt 1 0.6548
vt 0 0.6548
vt 0.6121 0.6548
vt 0.3879 0.6548
vt 0.5089 1
vt 0.0966 1
vt 0.0966 0
vt 0.2006 1
vt 0.2006 0
vt 0.2981 1
vt 0.2981 0
vt 0.3976 1
vt 0.3976 0
vt 0.4956 1
vt 0.4956 0
vt 0.4981 1
vt 0.4981 0
vt 0.5026 1
vt 0.5026 0
vt 0.5094 1
vt 0.5094 0
vt 0.5542 1
vt 0.5542 0
vt 0.597 1
vt 0.597 0
vt 0.6966 1
vt 0.6966 0
vt 0.798 1
vt 0.798 0
vt 0.9019 1
vt 0.9019 0
vt 0.0575 0.9566
vt 0.0616 0.081
vt 0.9533 0.949
vt 0.973 0.0823
vt 0.9575 0.7201
vt 0.9523 0.9368
vt 0.3182 0.3275
vt 0.2726 0.2726
vt 0.3161 0.3391
vt 0.9345 0.3421
vt 0.9678 0.2991
vt 0.908 0.6959
vt 0.9627 0.5096
vt 0.9212 0.519
vt 0.6898 0.6679
vt 0.7035 0.6978
vt 0.7274 0.7274
vt 0.507 0.5089
vt 0.0371 0.7382
vt 0.0371 0.945
vt 0.3372 0.945
vt 0.9629 0.7382
vt 0.9629 0.945
vt 0.3372 0.055
vt 0.0371 0.055
vt 0.9629 0.2618
vt 0.9629 0.055
vt 0.0371 0.2618
vt 0.0371 0.5794
vt 0.9629 0.5794
vt 0.9629 0.4206
vt 0.0371 0.6588
vt 0.9629 0.6588
vt 0.0673 0.6588
vt 0.9327 0.6588
vt 0.0371 0.4206
vt 0.0371 0.5
vt 0.9629 0.5
vt 0.0673 0.5
vt 0.9327 0.5
vt 0.6628 0.055
vt 0.6628 0.945
vt 0.5 0.945
vt 0.5 0.055
vt 0.5 0.9022
vt 0.5 0.0978

vn 0 0.15 0
vn 1.264405E-08 0.106066 -0.106066
vn -7.996802E-09 0.1341641 0.06708205
vn -1.264405E-08 0.106066 0.106066
vn 0 -0.15 0
vn -1.788139E-08 0 0.15
vn 1.788139E-08 0 -0.15
vn 0.06708206 0 -0.1341641
vn -0.06123723 0.06123724 -0.1224745
vn -0.04522669 -0.0452267 -0.1356801
vn 1.264405E-08 -0.106066 -0.106066
vn 1.59936E-08 -0.06708204 -0.1341641
vn 0.06123726 -0.06123724 -0.1224745
vn -0.05740241 0 -0.138582
vn 0.08660256 0.08660254 -0.08660255
vn -0.15 0 -1.788139E-08
vn -0.06708207 -8.366327E-08 0.1341641
vn 0.06708203 0 0.1341641
vn -0.1060661 -2.645666E-07 0.106066
vn 0.106066 0 0.106066
vn 0.106066 0.106066 1.264405E-08
vn 0.06708203 0.1341641 3.515776E-08
vn 0.15 0 1.788139E-08
vn -0.1060659 0 -0.1060662
vn -0.1341641 0 -0.06708206
vn -0.1341641 0 0.06708203
vn -0.08660256 -0.08660254 0.08660255
vn -0.04522672 0.0452267 0.1356801
vn 0.106066 0 -0.106066
vn 0.1341641 5.362374E-08 -0.06708203
vn -0.0452267 -0.1356801 -0.04522671
vn -0.04522671 -0.1356801 0.0452267
vn 0.06123726 -0.1224745 -0.06123724
vn -1.59936E-08 -0.06708204 0.1341641
vn 0.04522669 0.0452267 0.1356801
vn 0.09404156 -0.1101764 0.03895317
vn 0.138582 0 0.05740238
vn 0.1224744 -0.08660275 -7.235554E-07
vn 0.1279206 -0.0452268 0.06395993
vn 0.07581744 1.530358E-08 0.1294285
vn 0.06396013 -0.04522672 0.1279205
vn -0.1423026 0 0.04743392
vn -0.1299038 -0.06123721 -0.04330138
vn -0.07500004 -0.106066 -0.07499999
vn -0.06396041 -0.0452266 -0.1279204
vn -0.1294285 -9.346059E-08 -0.07581735
vn -6.512849E-07 0.0866023 -0.1224747
vn -0.0750001 0.106066 -0.07499993
vn 0.08660255 -0.08660254 0.08660256
vn 0.05740248 0 0.138582
vn -0.1341641 -0.06708204 -1.59936E-08
vn -0.106066 -0.106066 -1.264405E-08
vn 0.106066 -0.106066 1.264405E-08
vn 0.1341641 -0.06708204 1.59936E-08
vn -0.106066 0.106066 -1.264405E-08
vn -0.08660255 0.08660254 -0.08660256
vn 0.06708205 -0.1341641 7.996802E-09
vn -0.06708205 0.1341641 -7.996802E-09
vn -0.08660255 -0.08660254 -0.08660256
vn -0.06708205 -0.1341641 -7.996802E-09
vn -0.06708203 0 -0.1341641
vn -1.696378E-08 -0.04743417 0.1423025
vn -1.264405E-08 -0.106066 0.106066
vn 7.344339E-08 -0.1341641 0.06708205
vn -0.08660256 0.08660254 0.08660255
vn 0.08660255 0.08660254 0.08660256
vn -0.07500014 -0.106066 0.07499988
vn -0.09486911 -0.06708204 0.09486758
vn -0.05048343 -0.07139446 -0.121878
vn -0.05048343 0.07139446 -0.121878
vn -0.121878 0.0713945 -0.05048361
vn -0.04743417 -0.1423025 -5.654593E-09
vn -0.09404143 -0.1101764 -0.03895332
vn 0.1050862 0.0140564 -0.1061099
vn 0.08142564 0.01697302 -0.124827
vn 0.1059009 0.004693744 -0.1061271
vn 0.1058362 -0.005823486 -0.1061357
vn 0.1059078 -0.004828716 -0.1061142
vn 0.105152 -0.01356571 -0.1061086
vn 0.1036189 -0.02240463 -0.1061186
vn 0.1013272 -0.03119708 -0.106111
vn 0.09859604 -0.0390025 -0.106102
vn 0.1239238 -0.05139451 -0.06709318
vn 0.1003966 -0.03403967 -0.1061218
vn 0.08085611 -0.01937238 -0.1248479
vn 0.0822892 -0.0118978 -0.1248477
vn 0.1058282 0.005894968 -0.1061397
vn 0.1046332 0.01693096 -0.1061379
vn 0.1022315 0.02796413 -0.1061449
vn 0.09892305 0.03810824 -0.1061226
vn 0.09506904 0.046912 -0.1061186
vn 0.0889656 0.05750493 -0.1061994
vn 0.06504121 0.05185436 -0.124823
vn 0.05570847 -0.122019 -0.06714122
vn 0.03499981 -0.1000684 -0.1061194
vn 0.02163698 -0.08031841 -0.1248231
vn 0.04952214 -0.1415894 5.903499E-09
vn 0.03901751 -0.1448366 4.651249E-09
vn 0.01651759 -0.08151349 -0.1248308
vn 0.01188205 -0.1053239 -0.10614
vn 0.05285827 -0.09188959 -0.106124
vn 0.06228742 -0.08573413 -0.10616
vn 0.06896091 -0.08057375 -0.1060767
vn 0.07057124 -0.07918147 -0.106066
vn 0.02978997 -0.1470121 3.55124E-09
vn 0.01681547 -0.1490545 2.00456E-09
vn 0.0006018659 -0.08312407 -0.12486
vn -0.009973466 -0.1055316 -0.1061302
vn -0.02500154 -0.1317874 -0.06713421
vn -0.02267679 -0.07999548 -0.1248459
vn 0.07104618 0.008513073 -0.1318331
vn -0.04820418 -0.1251739 -0.0671406
vn -0.0456539 -0.09570992 -0.1060912
vn -0.06211203 -0.1189201 -0.06708285
vn 0.03531913 -0.1175561 -0.08621556
vn 0.06254134 0.05486334 -0.1248143
vn 0.1127616 0.09891827 1.344223E-08
vn 0.1172873 0.09350775 1.398173E-08
vn 0.03192311 0.07681871 -0.1248191
vn 0.03829014 0.09891344 -0.106066
vn 0.04695163 0.09505977 -0.1061093
vn 0.05505853 0.09058784 -0.1061245
vn 0.06308272 0.08520305 -0.1061179
vn 0.05507042 0.06230373 -0.1248419
vn 0.07681945 0.07305969 -0.1061181
vn 0.08318715 0.0657056 -0.1061258
vn 0.06978187 0.0452031 -0.1248486
vn 0.0938969 0.04920931 -0.1061217
vn 0.09863595 0.03871308 -0.1061709
vn 0.08005782 0.02252344 -0.1248337
vn -0.09753472 0.1139604 -1.162704E-08
vn -0.07057202 0.07918075 -0.106066
vn -0.07057205 0.07918075 0.106066
vn -0.08816367 0.1213555 -1.050993E-08
vn -0.07479164 0.1300239 -8.915857E-09
vn -0.06230285 0.1364491 -7.427078E-09
vn -0.04952573 0.1415882 -5.903927E-09
vn -0.03901667 0.1448368 -4.651149E-09
vn -0.02979216 0.1470117 -3.551502E-09
vn -0.01680041 0.1490562 -2.002765E-09
vn -0.0010699 0.1499962 -1.27542E-10
vn 0.01411227 0.1493347 1.682314E-09
vn 0.02795919 0.1473712 3.332995E-09
vn 0.04091059 0.1443133 4.876922E-09
vn 0.05390195 0.1399806 6.425613E-09
vn 0.06457675 0.1353878 7.698147E-09
vn 0.06944253 0.1329577 8.278194E-09
vn -0.04316089 0.1436563 -5.145178E-09
vn -0.03531919 0.1175561 0.0862156
vn -0.1489342 -0.01784991 -1.775433E-08
vn -0.09403034 -0.01126963 0.1163241
vn -0.1127607 -0.09891929 -1.344212E-08
vn -0.1172882 -0.09350656 -1.398184E-08
vn -0.1259788 -0.08142087 -1.501784E-08
vn -0.1345085 -0.06638873 -1.603466E-08
vn -0.1399702 -0.05392909 -1.668575E-08
vn -0.1446839 -0.03958006 -1.724766E-08
vn -0.1480736 -0.02396296 -1.765174E-08
vn -0.1497691 -0.008320429 -1.785386E-08
vn -0.1339789 0.006365484 -0.06714999
vn -0.133979 0.006365484 0.06714996
vn -0.1049213 0.01515797 0.1061214
vn -0.1030919 0.02470143 0.1061221
vn -0.1003952 0.03404443 0.1061216
vn -0.097965 0.04062658 0.1060771
vn -0.09859613 0.03900218 0.106102
vn -0.101327 0.03119813 0.1061109
vn -0.1036186 0.02240573 0.1061187
vn -0.1051525 0.01356068 0.1061087
vn -0.105908 0.004826067 0.1061141
vn -0.1058348 0.005815665 0.1061376
vn -0.1059007 -0.004701434 0.106127
vn -0.1059007 -0.004701434 -0.106127
vn -0.1058338 0.005849188 -0.1061367
vn -0.105908 0.004826067 -0.1061142
vn -0.1051525 0.01356068 -0.1061087
vn -0.1036185 0.02240573 -0.1061187
vn -0.1013269 0.03119813 -0.106111
vn -0.0985961 0.03900218 -0.106102
vn -0.09796497 0.04062658 -0.1060771
vn -0.1003952 0.03404443 -0.1061216
vn -0.1030919 0.02470143 -0.1061221
vn -0.1049213 0.01515797 -0.1061214
vn -0.1050861 -0.01405733 -0.1061099
vn -0.1050861 -0.01405733 0.1061099
vn -0.1038069 -0.02164263 -0.106093
vn -0.1038069 -0.02164263 0.106093
vn -0.1020688 -0.0287117 -0.1061019
vn -0.1020688 -0.0287117 0.1061019
vn -0.0986376 -0.03870788 -0.1061712
vn -0.09863763 -0.03870788 0.1061712
vn -0.09389785 -0.0492078 -0.1061216
vn -0.09389788 -0.0492078 0.1061216
vn -0.08897403 -0.05763292 -0.1061229
vn -0.08897406 -0.05763292 0.1061229
vn -0.08318639 -0.06570667 -0.1061257
vn -0.08318642 -0.06570667 0.1061257
vn -0.07681988 -0.07305915 -0.1061182
vn -0.07681991 -0.07305915 0.1061182
vn -0.0702116 -0.07943713 -0.1061135
vn -0.07021163 -0.07943713 0.1061135
vn -0.06308165 -0.08520392 -0.1061179
vn -0.06308168 -0.08520392 0.1061179
vn -0.05505967 -0.09058713 -0.1061245
vn -0.05505969 -0.09058713 0.1061245
vn -0.04695175 -0.09505966 -0.1061094
vn -0.04695177 -0.09505966 0.1061094
vn -0.04069604 -0.09793088 -0.106082
vn -0.04069606 -0.09793088 0.1060819
vn -0.02421694 -0.06255829 -0.1341641
vn -0.02421697 -0.06255829 0.1341641
vn 0.03861603 -0.1449441 4.603389E-09
vn 0.04298735 -0.1437083 5.12449E-09
vn 0.0565959 -0.1389133 6.746756E-09
vn 0.06644563 -0.1344804 7.920936E-09
vn 0.07878983 -0.1276408 9.392479E-09
vn 0.09071628 -0.1194594 1.081422E-08
vn 0.1025572 -0.1094624 1.222577E-08
vn 0.1132053 -0.09841022 1.349512E-08
vn 0.1228565 -0.08605977 1.464564E-08
vn 0.1301042 -0.07465181 1.550963E-08
vn 0.1358393 -0.06362142 1.619331E-08
vn 0.1411895 -0.05065114 1.68311E-08
vn 0.1453759 -0.03695754 1.733015E-08
vn 0.1484066 -0.02180584 1.769144E-08
vn 0.1499986 0.0006485095 1.788123E-08
vn 0.1498561 -0.006569055 1.786424E-08
vn 0.1497937 0.007864572 1.78568E-08
vn 0.1484879 0.02124516 1.770113E-08
vn 0.1462436 0.03335898 1.743359E-08
vn 0.1428968 0.04561261 1.703462E-08
vn 0.1394748 0.05519769 1.662669E-08
vn 0.1487148 0.01959348 1.772819E-08
vn 0.1499546 0.003691885 1.787598E-08
vn 0.1493973 -0.01343375 1.780954E-08
vn 0.146805 -0.03079453 1.750052E-08
vn 0.1424465 -0.04699994 1.698095E-08
vn 0.1370917 -0.06087579 1.634261E-08
vn 0.1303454 -0.07422999 1.553838E-08
vn 0.1208137 -0.08890471 1.440212E-08
vn 0.1166824 -0.0942614 1.390963E-08
vn 0.116418 -0.09458781 1.387811E-08
vn 0.1312072 0.0726958 1.564111E-08
vn -0.07032963 0.1324906 -8.383944E-09
vn -0.06110226 0.1369909 -7.283957E-09
vn -0.0502235 0.1413421 -5.987107E-09
vn -0.03294783 0.1463367 -3.927687E-09
vn -0.01769342 0.1489528 -2.10922E-09
vn -0.003007202 0.1499699 -3.584864E-10
vn 0.01070852 0.1496173 1.276555E-09
vn 0.02530875 0.1478495 3.017038E-09
vn 0.03991234 0.1445926 4.757921E-09
vn 0.06778628 0.1338097 8.080754E-09
vn 0.080804 0.1263753 9.632586E-09
vn 0.09126121 0.1190437 1.087918E-08
vn 0.09942062 0.1123189 1.185186E-08
vn 0.09877732 0.1128851 1.177517E-08
vn 0.1049196 -0.01516983 -0.1061214
vn 0.1339788 -0.006366306 -0.06715024
vn 0.1030926 -0.02470003 -0.1061218
vn 0.09796429 -0.04062839 -0.106077
vn 0.1038079 0.02163855 -0.1060929
vn 0.1020674 0.02871562 -0.1061021
vn 0.07021336 0.07943565 -0.1061135
vn 0.04069649 0.09793068 -0.106082
vn 0.02421682 0.06255835 -0.1341641
vn 0.09753526 -0.11396 1.162711E-08
vn 0.08816586 -0.121354 1.051019E-08
vn 0.07479381 -0.1300227 8.916116E-09
vn 0.0622977 -0.1364515 7.426464E-09
vn 0.001086031 -0.1499961 1.294649E-10
vn -0.01411317 -0.1493346 -1.682421E-09
vn -0.02795801 -0.1473715 -3.332854E-09
vn -0.04090946 -0.1443136 -4.876787E-09
vn -0.05390568 -0.1399792 -6.426057E-09
vn -0.0645797 -0.1353864 -7.698499E-09
vn -0.06944358 -0.1329571 -8.278318E-09
vn 0.04316081 -0.1436564 5.145169E-09
vn 0.1489346 0.01784602 1.775439E-08
vn 0.1259749 0.08142676 1.501738E-08
vn 0.1345146 0.06637647 1.603538E-08
vn 0.139973 0.05392195 1.668608E-08
vn 0.1446848 0.03957669 1.724777E-08
vn 0.148074 0.02396023 1.765179E-08
vn 0.1497678 0.008342545 1.785372E-08
vn -0.04080855 0.1443422 -4.864757E-09
vn -0.05659508 0.1389136 -6.746659E-09
vn -0.06644616 0.1344801 -7.920999E-09
vn -0.0787873 0.1276423 -9.392178E-09
vn -0.0907206 0.1194562 -1.081474E-08
vn -0.1025545 0.109465 -1.222545E-08
vn -0.1132056 0.09840979 -1.349516E-08
vn -0.1228557 0.08606096 -1.464554E-08
vn -0.1301042 0.07465195 -1.550962E-08
vn -0.1358397 0.06362068 -1.619335E-08
vn -0.1411892 0.0506519 -1.683106E-08
vn -0.1453764 0.03695552 -1.733022E-08
vn -0.1484064 0.02180707 -1.769142E-08
vn -0.1499986 -0.0006468489 -1.788123E-08
vn -0.1498561 0.006569392 -1.786424E-08
vn -0.1484874 -0.02124884 -1.770107E-08
vn -0.146243 -0.03336173 -1.743352E-08
vn -0.1428977 -0.04560984 -1.703473E-08
vn -0.1394747 -0.05519792 -1.662668E-08
vn -0.1487168 -0.01957839 -1.772842E-08
vn -0.149954 -0.003714902 -1.787591E-08
vn -0.1493959 0.01344882 -1.780938E-08
vn -0.1468076 0.03078223 -1.750082E-08
vn -0.1424413 0.04701578 -1.698032E-08
vn -0.1370937 0.06087134 -1.634284E-08
vn -0.1303371 0.0742444 -1.55374E-08
vn -0.1208173 0.08889988 -1.440254E-08
vn -0.1166814 0.09426264 -1.390951E-08
vn -0.1169439 0.09393684 -1.39408E-08
vn -0.1164181 0.09458772 -1.387812E-08
vn -0.1312075 -0.0726952 -1.564116E-08
vn 0.07033057 -0.1324901 8.384056E-09
vn 0.06110132 -0.1369914 7.283845E-09
vn 0.05022138 -0.1413429 5.986855E-09
vn 0.03295318 -0.1463355 3.928324E-09
vn 0.01768822 -0.1489534 2.1086E-09
vn 0.003022008 -0.1499696 3.602514E-10
vn -0.01073116 -0.1496157 -1.279253E-09
vn -0.02529363 -0.1478521 -3.015235E-09
vn -0.03992206 -0.1445899 -4.75908E-09
vn -0.06779262 -0.1338065 -8.081509E-09
vn -0.08080004 -0.1263779 -9.632114E-09
vn -0.09126285 -0.1190424 -1.087938E-08
vn -0.09942248 -0.1123173 -1.185208E-08
vn -0.09877522 -0.1128869 -1.177492E-08
vn -0.1437147 0.04296612 -1.713213E-08
vn -0.08952923 -0.1203516 -1.067272E-08
vn -0.1436739 0.04310231 -1.712726E-08
vn 0.08621526 -0.1227474 1.027766E-08
vn -0.03628466 -0.1455453 -4.325468E-09
vn -0.05258004 -0.1404825 -6.268028E-09
vn -0.08650638 -0.1225424 -1.031236E-08
vn -0.08835021 -0.1212198 -1.053216E-08
vn 0.1436739 0.04310231 1.712726E-08
vn 0.141556 0.04961762 1.687479E-08
vn -0.1224726 -0.08660265 -0.0006697583
vn -0.1054842 0 -0.1066447
vn -0.1499978 0 -0.0008202835
vn -0.000669695 -0.08660248 0.1224727
vn -0.0008202053 0 0.1499978
vn 0.0745887 -0.106066 0.07540908
vn 0.1054844 0 0.1066445
vn 0.1066448 0 -0.1054841
vn 0.07540925 0.106066 -0.07458852
vn -0.1218779 -0.0713945 -0.05048366
vn 0.04743413 0.1341641 0.04743421
vn 0.07500008 0.106066 0.07499994
vn -0.09486824 -0.06708204 -0.09486843
vn 0.05048365 0.0713945 0.1218779
vn 0.1341641 0.06708204 1.59936E-08
vn -0.1341641 0.06708204 -1.59936E-08
vn 1.59936E-08 0.06708204 -0.1341641

usemtl Grey
f 3/3/1 2/2/1 1/1/1
f 6/6/1 5/5/1 4/4/1
f 7/7/1 8/7/1 1/1/1
f 7/7/1 1/1/1 6/6/1
f 6/6/1 4/4/1 7/7/1
f 1/1/1 8/7/1 9/6/1
f 9/6/1 3/3/1 1/1/1
f 12/10/1 11/9/1 10/8/1
f 10/8/1 13/11/1 12/10/1
f 16/14/1 15/13/1 14/12/1
f 14/12/1 17/15/1 16/14/1
f 10/8/1 11/9/1 18/16/1
f 18/16/1 19/17/1 10/8/1
f 20/18/1 10/8/1 19/17/1
f 19/17/1 21/19/1 20/18/1
f 21/19/1 19/17/1 22/20/1
f 22/20/1 23/21/1 21/19/1
f 24/22/1 22/20/1 19/17/1
f 19/17/1 18/16/1 24/22/1
f 17/15/1 14/12/1 22/20/1
f 22/20/1 24/22/1 17/15/1
f 20/18/1 26/24/1 25/23/2
f 25/23/2 27/25/2 20/18/1
f 10/8/1 20/18/1 27/25/2
f 27/25/2 13/11/2 10/8/1
f 26/24/1 20/18/1 21/19/1
f 21/19/1 28/26/1 26/24/1
f 28/26/1 21/19/1 23/21/1
f 23/21/1 29/27/1 28/26/1
f 29/27/1 23/21/1 30/28/1
f 30/28/1 31/29/1 29/27/1
f 32/30/3 33/31/1 31/29/1
f 31/29/1 30/28/1 32/30/3
f 15/13/4 32/30/3 30/28/1
f 30/28/1 14/12/1 15/13/4
f 23/21/1 22/20/1 14/12/1
f 14/12/1 30/28/1 23/21/1

usemtl Dark_Blue
f 36/34/5 35/33/5 34/32/5
f 36/34/5 34/32/5 39/37/5
f 36/34/5 45/39/5 44/32/5
f 38/36/5 37/35/5 36/34/5
f 36/34/5 39/37/5 38/36/5
f 40/36/6 38/36/6 39/38/6
f 39/38/6 41/38/6 40/36/6
f 41/38/6 39/38/6 34/37/6
f 34/37/6 42/37/6 41/38/6
f 44/32/5 43/32/5 35/33/5
f 35/33/5 36/34/5 44/32/5
f 48/42/8 47/41/7 46/40/7
f 46/40/7 49/43/9 48/42/8
f 50/44/8 48/42/8 49/43/9
f 49/43/9 51/45/10 50/44/8
f 52/3/11 50/44/8 51/45/10
f 51/45/10 53/46/12 52/3/11
f 53/46/12 51/45/10 54/47/13
f 54/47/13 55/48/7 53/46/12
f 54/47/13 57/50/15 56/49/14
f 56/49/14 58/51/14 54/47/13
f 61/54/16 60/53/16 59/52/16
f 59/52/16 62/55/16 61/54/16
f 62/42/17 59/41/6 63/52/6
f 63/52/6 64/55/18 62/42/17
f 65/44/19 62/42/17 64/55/18
f 64/55/18 66/56/20 65/44/19
f 64/42/23 63/41/22 47/52/21
f 47/52/21 48/55/23 64/42/23
f 56/59/14 68/58/14 67/57/24
f 67/57/24 69/60/24 56/59/14
f 70/35/25 37/35/16 38/36/16
f 38/36/16 40/36/26 70/35/25
f 71/35/24 70/35/25 40/36/26
f 40/36/26 72/36/19 71/35/24
f 72/36/19 40/36/26 41/38/27
f 41/38/27 73/38/28 72/36/19
f 70/35/25 71/35/24 74/34/29
f 74/34/29 75/34/30 70/35/25
f 76/35/31 71/35/24 72/36/19
f 72/36/19 77/36/32 76/35/31
f 77/36/32 72/36/19 73/38/28
f 73/38/28 79/38/34 77/36/32
f 71/35/24 76/35/31 78/34/33
f 78/34/33 74/34/29 71/35/24
f 79/38/34 73/38/28 80/37/35
f 80/37/35 81/37/6 79/38/34
f 74/34/29 78/34/33 82/39/36
f 82/39/36 83/39/37 74/34/29
f 75/34/30 74/34/29 83/39/37
f 83/39/37 87/39/37 75/34/30
f 84/61/23 83/39/37 82/39/36
f 82/39/36 85/61/38 84/61/23
f 83/39/37 84/61/23 86/61/39
f 86/61/39 87/39/37 83/39/37
f 36/34/23 75/34/30 87/39/37
f 87/39/37 45/39/37 36/34/23
f 87/39/37 86/61/39 44/61/20
f 44/61/20 45/39/37 87/39/37
f 88/33/40 35/33/20 43/62/20
f 43/62/20 89/62/41 88/33/40
f 75/34/7 36/34/7 37/35/7
f 37/35/7 70/35/7 75/34/7
f 68/63/14 56/49/14 57/50/7
f 57/50/7 90/64/7 68/63/14
f 35/33/6 88/33/6 42/65/6
f 42/65/6 34/65/6 35/33/6
f 90/64/7 57/50/7 49/43/7
f 49/43/7 46/40/7 90/64/7
f 55/48/7 54/47/7 58/51/14
f 58/51/14 91/66/14 55/48/7
f 91/69/14 58/68/14 92/67/24
f 92/67/24 93/70/24 91/69/14
f 95/72/16 94/71/16 65/56/19
f 65/56/19 96/32/19 95/72/16
f 96/3/19 65/44/19 66/56/6
f 66/56/6 97/32/6 96/3/19
f 50/56/23 52/32/23 97/3/23
f 97/3/23 66/44/23 50/56/23
f 66/44/20 64/42/18 48/55/8
f 48/55/8 50/56/8 66/44/20
f 58/68/14 56/59/14 69/60/42
f 69/60/42 92/67/43 58/68/14
f 98/73/44 93/70/44 92/67/43
f 92/67/43 99/74/45 98/73/44
f 95/72/44 98/73/44 99/74/45
f 99/74/45 94/71/46 95/72/44
f 94/71/46 99/74/45 100/75/7
f 100/75/7 61/54/46 94/71/46
f 61/54/46 100/75/7 101/76/47
f 101/76/47 60/53/48 61/54/46
f 94/71/46 61/54/46 62/55/17
f 62/55/17 65/56/19 94/71/46
f 80/65/35 42/65/49 88/33/40
f 88/33/40 102/33/50 80/65/35
f 81/65/6 80/65/35 102/33/50
f 102/33/50 103/33/50 81/65/6
f 102/33/50 88/33/40 89/62/41
f 89/62/41 104/62/6 102/33/50
f 103/33/50 102/33/50 104/62/6
f 104/62/6 105/62/6 103/33/50
f 86/77/39 89/62/41 43/62/20
f 43/62/20 44/77/20 86/77/39
f 80/32/35 73/3/28 49/78/9
f 49/78/9 57/79/15 80/32/35
f 73/32/28 41/3/27 51/78/10
f 51/78/10 49/79/9 73/32/28
f 42/32/49 80/3/35 57/78/15
f 57/78/15 54/79/13 42/32/49
f 54/32/13 51/3/10 41/78/27
f 41/78/27 42/79/49 54/32/13
f 100/32/7 99/3/45 86/78/39
f 86/78/39 84/79/23 100/32/7
f 99/32/45 92/3/43 89/78/41
f 89/78/41 86/79/39 99/32/45
f 101/32/47 100/3/7 84/78/23
f 84/78/23 85/79/38 101/32/47
f 69/32/42 67/3/19 105/78/6
f 105/78/6 104/79/6 69/32/42
f 92/32/43 69/3/42 104/78/6
f 104/78/6 89/79/41 92/32/43
f 108/82/7 107/81/7 106/80/7
f 106/80/7 109/83/7 108/82/7
f 112/86/16 111/85/16 110/84/16
f 110/84/16 113/87/16 112/86/16
f 116/85/6 115/89/6 114/88/6
f 114/88/6 117/86/6 116/85/6
f 116/82/23 117/81/23 118/90/23
f 118/90/23 119/91/23 116/82/23
f 122/94/5 121/93/5 120/92/5
f 120/92/5 123/95/5 122/94/5
f 126/93/16 125/93/16 124/94/16
f 124/94/16 127/94/16 126/93/16
f 130/97/6 129/97/6 128/96/6
f 128/96/6 131/96/6 130/97/6
f 134/99/23 133/98/23 132/98/23
f 132/98/23 135/99/23 134/99/23
f 126/93/7 137/92/7 136/92/7
f 136/92/7 125/93/7 126/93/7
f 125/93/7 136/92/7 138/92/7
f 138/92/7 139/93/7 125/93/7
f 140/84/23 141/87/23 107/86/23
f 107/86/23 108/85/30 140/84/23
f 142/100/23 140/84/23 108/85/30
f 108/85/30 143/101/8 142/100/23
f 130/97/52 145/102/51 144/102/16
f 144/102/16 129/97/16 130/97/52
f 148/97/5 147/102/5 146/103/5
f 146/103/5 149/96/5 148/97/5
f 152/105/53 151/105/23 150/104/23
f 150/104/23 153/104/54 152/105/53
f 156/81/55 155/90/55 154/91/16
f 154/91/16 157/82/16 156/81/55
f 158/106/16 113/87/16 110/84/56
f 110/84/56 159/107/55 158/106/16
f 119/91/23 118/90/23 160/108/23
f 160/108/23 161/109/23 119/91/23
f 161/109/23 160/108/23 162/106/23
f 162/106/23 163/107/23 161/109/23
f 164/110/5 122/94/5 123/95/5
f 123/95/5 165/111/5 164/110/5
f 167/113/5 166/112/5 165/111/5
f 165/111/5 168/114/5 167/113/5
f 169/115/16 127/94/16 124/94/16
f 124/94/16 170/115/16 169/115/16
f 171/115/16 170/115/16 124/94/16
f 124/94/16 172/94/16 171/115/16
f 170/115/16 171/115/16 173/110/16
f 173/110/16 174/110/16 170/115/16
f 176/116/57 175/116/21 132/98/15
f 132/98/15 133/98/53 176/116/57
f 177/108/55 158/106/58 159/107/16
f 159/107/16 178/109/16 177/108/55
f 155/90/55 177/108/55 178/109/16
f 178/109/16 154/91/16 155/90/55
f 141/87/23 140/84/23 163/107/23
f 163/107/23 162/106/23 141/87/23
f 179/117/23 161/109/23 163/107/23
f 163/107/23 180/118/23 179/117/23
f 181/119/23 180/118/23 142/100/23
f 142/100/23 182/120/23 181/119/23
f 183/121/52 164/110/51 165/111/5
f 165/111/5 166/112/5 183/121/52
f 147/102/51 183/121/52 166/112/5
f 166/112/5 146/103/5 147/102/51
f 184/110/16 169/115/16 170/115/16
f 170/115/16 174/110/16 184/110/16
f 145/122/51 184/110/16 174/110/16
f 174/110/16 144/122/16 145/122/51
f 186/123/23 185/123/23 175/116/23
f 175/116/23 176/116/23 186/123/23
f 153/124/54 150/124/23 185/123/23
f 185/123/23 186/123/23 153/124/54
f 189/3/59 188/126/24 187/125/16
f 187/125/16 190/127/16 189/3/59
f 190/127/16 187/125/16 191/117/16
f 191/117/16 192/128/16 190/127/16
f 191/117/16 178/109/16 159/107/16
f 159/107/16 193/118/16 191/117/16
f 195/119/16 193/118/16 194/100/16
f 194/100/16 196/120/16 195/119/16
f 192/128/60 191/117/16 193/118/16
f 193/118/16 195/119/60 192/128/60
f 196/120/16 194/100/16 197/101/16
f 197/101/16 198/32/16 196/120/16
f 201/32/20 200/130/6 199/129/6
f 199/129/6 202/101/20 201/32/20
f 201/3/20 202/126/20 203/125/23
f 203/125/23 204/127/23 201/3/20
f 204/127/23 203/125/23 179/117/23
f 179/117/23 205/128/23 204/127/23
f 205/128/23 179/117/23 180/118/23
f 180/118/23 181/119/23 205/128/23
f 180/118/23 163/107/23 140/84/23
f 140/84/23 142/100/23 180/118/23
f 182/120/23 142/100/23 143/101/23
f 143/101/23 206/32/23 182/120/23
f 207/131/7 208/132/7 206/3/7
f 206/3/7 143/126/8 207/131/7
f 109/83/7 207/131/7 143/126/8
f 143/126/8 108/82/30 109/83/7
f 188/126/24 157/82/61 154/91/16
f 154/91/16 187/125/16 188/126/24
f 209/133/7 138/92/7 136/92/7
f 136/92/7 210/133/7 209/133/7
f 138/92/7 209/133/7 211/133/12
f 211/133/12 120/92/7 138/92/7
f 138/92/7 120/92/7 121/93/24
f 121/93/24 139/93/25 138/92/7
f 194/100/16 110/84/16 111/85/16
f 111/85/16 197/101/16 194/100/16
f 202/101/20 199/129/6 115/89/6
f 115/89/6 116/85/20 202/101/20
f 202/126/20 116/82/20 119/91/23
f 119/91/23 203/125/23 202/126/20
f 203/125/23 119/91/23 161/109/23
f 161/109/23 179/117/23 203/125/23
f 214/99/23 213/99/23 212/98/23
f 212/98/23 215/98/23 214/99/23
f 215/98/23 212/98/23 216/116/23
f 216/116/23 217/116/23 215/98/23
f 217/116/23 216/116/23 218/123/23
f 218/123/23 219/123/23 217/116/23
f 219/123/23 218/123/23 220/124/23
f 220/124/23 221/124/23 219/123/23
f 221/104/23 220/104/23 222/105/23
f 222/105/23 223/105/23 221/104/23
f 148/97/19 149/96/6 224/96/62
f 224/96/62 225/97/17 148/97/19
f 226/102/16 147/102/51 148/97/19
f 148/97/19 225/97/17 226/102/16
f 129/97/6 225/97/17 224/96/62
f 224/96/62 128/96/6 129/97/6
f 227/134/63 224/96/62 149/96/6
f 149/96/6 228/134/6 227/134/63
f 147/122/51 226/122/16 173/110/16
f 173/110/16 183/110/52 147/122/51
f 183/110/52 173/110/16 171/115/16
f 171/115/16 164/115/51 183/110/52
f 164/115/51 171/115/16 172/94/16
f 172/94/16 122/94/16 164/115/51
f 122/94/16 172/94/16 139/93/25
f 139/93/25 121/93/24 122/94/16
f 125/93/16 139/93/25 172/94/16
f 172/94/16 124/94/16 125/93/16
f 174/110/16 173/110/16 226/122/16
f 226/122/16 144/122/16 174/110/16
f 144/102/16 226/102/16 225/97/16
f 225/97/16 129/97/16 144/102/16
f 151/105/23 222/105/23 220/104/23
f 220/104/23 150/104/23 151/105/23
f 185/123/23 218/123/23 216/116/49
f 216/116/49 175/116/20 185/123/23
f 199/129/6 230/131/6 229/83/6
f 229/83/6 115/89/6 199/129/6
f 115/89/6 229/83/6 231/80/4
f 231/80/4 114/88/4 115/89/6
f 132/98/23 212/98/23 213/99/23
f 213/99/23 135/99/23 132/98/23
f 189/32/59 233/130/11 232/129/7
f 232/129/7 188/101/24 189/32/59
f 188/101/24 232/129/7 234/89/7
f 234/89/7 157/85/61 188/101/24
f 157/85/61 234/89/7 235/88/7
f 235/88/7 156/86/7 157/85/61
f 152/105/63 237/135/64 236/135/6
f 236/135/6 151/105/6 152/105/63
f 151/105/6 236/135/6 227/135/6
f 227/135/6 222/105/6 151/105/6
f 222/105/6 227/135/6 228/135/64
f 228/135/64 223/105/63 222/105/6
f 223/105/63 228/135/64 238/136/5
f 238/136/5 221/104/5 223/105/63
f 146/103/5 238/136/5 228/135/64
f 228/135/64 149/96/5 146/103/5
f 221/104/5 238/136/5 167/113/5
f 167/113/5 219/137/5 221/104/5
f 219/137/5 167/113/5 168/114/5
f 168/114/5 217/123/5 219/137/5
f 217/123/5 168/114/5 239/138/5
f 239/138/5 215/98/5 217/123/5
f 215/98/5 239/138/5 211/139/12
f 211/139/12 214/99/11 215/98/5
f 214/99/11 211/139/12 209/139/7
f 209/139/7 213/99/7 214/99/11
f 213/99/7 209/139/7 210/139/7
f 210/139/7 135/99/7 213/99/7
f 135/99/7 210/139/7 240/139/11
f 240/139/11 134/99/11 135/99/7
f 112/81/4 231/80/4 229/83/6
f 229/83/6 111/82/6 112/81/4
f 111/82/6 229/83/6 230/131/6
f 230/131/6 197/126/6 111/82/6
f 197/126/6 230/131/6 241/132/6
f 241/132/6 198/3/6 197/126/6
f 234/89/15 109/83/56 106/80/7
f 106/80/7 235/88/7 234/89/15
f 120/92/5 211/139/5 239/138/5
f 239/138/5 123/95/5 120/92/5
f 123/95/5 239/138/5 168/114/5
f 168/114/5 165/111/5 123/95/5
f 237/134/6 131/96/6 128/96/65
f 128/96/65 236/134/66 237/134/6
f 210/133/7 136/92/7 137/92/7
f 137/92/7 240/133/7 210/133/7
f 238/136/5 146/103/5 166/112/5
f 166/112/5 167/113/5 238/136/5
f 230/131/6 199/129/6 200/130/6
f 200/130/6 241/132/6 230/131/6
f 233/130/7 208/132/7 207/131/7
f 207/131/7 232/129/7 233/130/7
f 185/32/1 150/3/1 154/78/1
f 154/78/1 178/79/1 185/32/1
f 178/32/7 191/3/7 218/78/7
f 218/78/7 185/79/7 178/32/7
f 132/32/15 175/3/21 159/78/55
f 159/78/55 110/79/56 132/32/15
f 212/32/7 132/3/15 110/78/56
f 110/78/56 194/79/7 212/32/7
f 175/32/20 216/3/49 193/78/63
f 193/78/63 159/79/6 175/32/20
f 150/32/6 220/3/6 187/78/6
f 187/78/6 154/79/6 150/32/6
f 191/32/5 187/3/5 220/78/5
f 220/78/5 218/79/5 191/32/5
f 216/32/49 212/3/5 194/78/5
f 194/78/5 193/79/63 216/32/49
f 109/32/56 234/3/15 236/78/66
f 236/78/66 128/79/65 109/32/56
f 128/32/65 224/3/16 207/78/16
f 207/78/16 109/79/56 128/32/65
f 234/32/15 232/3/23 227/78/23
f 227/78/23 236/79/66 234/32/15
f 224/32/62 227/3/63 232/78/5
f 232/78/5 207/79/5 224/32/62

usemtl Black
f 242/141/68 105/32/67 67/140/19
f 247/141/29 246/3/29 245/78/29
f 248/78/5 76/35/31 77/36/32
f 253/79/5 78/34/33 76/35/31
f 249/79/5 258/79/5 261/78/5
f 248/79/5 261/79/5 263/78/72
f 242/141/68 67/140/19 243/78/19
f 243/78/19 244/3/19 242/141/68
f 101/140/29 85/32/29 247/141/29
f 247/141/29 245/78/29 101/140/29
f 261/78/5 248/78/5 77/36/32
f 77/36/32 249/3/5 261/78/5
f 249/3/5 77/36/32 79/38/34
f 79/38/34 250/142/5 249/3/5
f 251/32/5 103/33/5 105/62/67
f 105/62/67 242/143/68 251/32/5
f 252/79/5 82/39/36 78/34/33
f 78/34/33 253/79/5 252/79/5
f 263/78/72 253/79/5 76/35/31
f 76/35/31 248/78/5 263/78/72
f 254/146/69 244/145/24 243/144/24
f 243/144/24 255/58/70 254/146/69
f 258/78/7 257/148/7 256/147/2
f 256/147/2 259/41/2 258/78/7
f 47/41/1 259/41/2 256/147/2
f 256/147/2 46/40/1 47/41/1
f 258/79/23 259/52/23 260/41/23
f 260/41/23 261/78/23 258/79/23
f 261/79/6 260/52/6 262/41/6
f 262/41/6 263/78/6 261/79/6
f 263/79/72 262/52/16 264/53/71
f 264/53/71 265/149/73 263/79/72
f 251/146/5 242/150/5 244/145/5
f 244/145/5 254/146/5 251/146/5
f 68/58/1 255/58/1 243/144/1
f 243/144/1 67/57/1 68/58/1
f 249/78/5 250/151/5 257/148/5
f 257/148/5 258/78/5 249/78/5
f 63/41/22 260/41/1 259/52/1
f 259/52/1 47/52/21 63/41/22
f 59/41/1 262/41/1 260/52/1
f 260/52/1 63/52/22 59/41/1
f 253/79/5 263/79/72 265/149/73
f 265/149/73 252/149/5 253/79/5
f 60/53/1 264/53/1 262/52/1
f 262/52/1 59/52/1 60/53/1
f 68/63/1 90/64/1 266/152/2
f 266/152/2 255/63/70 68/63/1
f 255/63/70 266/152/2 267/153/11
f 267/153/11 254/154/69 255/63/70
f 254/154/69 267/153/11 268/155/5
f 268/155/5 251/154/5 254/154/69
f 251/32/5 268/156/5 81/65/5
f 81/65/5 103/33/5 251/32/5
f 268/156/5 250/142/5 79/38/5
f 79/38/5 81/65/5 268/156/5
f 266/152/7 256/147/7 257/148/7
f 257/148/7 267/153/7 266/152/7
f 267/157/5 257/148/5 250/151/5
f 250/151/5 268/157/5 267/157/5
f 90/158/1 46/40/1 256/147/1
f 256/147/1 266/158/1 90/158/1
f 60/53/48 101/76/47 245/159/48
f 245/159/48 264/53/71 60/53/48
f 264/53/71 245/159/48 246/160/44
f 246/160/44 265/149/73 264/53/71
f 265/149/73 246/160/44 247/161/5
f 247/161/5 252/149/5 265/149/73
f 252/79/5 247/162/5 85/61/38
f 85/61/38 82/39/36 252/79/5
f 269/78/5 126/93/5 127/94/5
f 127/94/5 270/163/5 269/78/5
f 271/3/5 130/97/5 131/96/5
f 131/96/5 272/132/5 271/3/5
f 274/79/5 273/164/5 133/98/5
f 133/98/5 134/99/5 274/79/5
f 269/78/5 275/165/5 137/92/5
f 137/92/5 126/93/5 269/78/5
f 278/78/7 277/167/7 276/166/7
f 276/166/7 279/81/7 278/78/7
f 282/78/23 281/169/23 280/168/23
f 280/168/23 283/81/23 282/78/23
f 282/79/6 283/86/6 284/170/6
f 284/170/6 285/171/6 282/79/6
f 288/79/16 287/86/16 286/172/16
f 286/172/16 289/173/16 288/79/16
f 271/78/5 272/165/5 277/167/5
f 277/167/5 278/78/5 271/78/5
f 107/81/1 279/81/1 276/166/1
f 276/166/1 106/80/1 107/81/1
f 269/78/5 270/174/5 281/169/5
f 281/169/5 282/78/5 269/78/5
f 117/81/1 283/81/1 280/168/1
f 280/168/1 118/90/1 117/81/1
f 269/79/5 282/79/5 285/171/5
f 285/171/5 275/175/5 269/79/5
f 117/86/1 114/88/1 284/170/1
f 284/170/1 283/86/1 117/86/1
f 274/79/5 288/79/5 289/173/5
f 289/173/5 273/176/5 274/79/5
f 112/86/1 113/87/1 286/172/1
f 286/172/1 287/86/1 112/86/1
f 107/86/1 141/87/1 290/172/1
f 290/172/1 279/86/1 107/86/1
f 279/86/23 290/172/23 291/173/53
f 291/173/53 278/79/53 279/86/23
f 278/79/53 291/173/53 292/176/5
f 292/176/5 271/79/5 278/79/53
f 271/3/5 292/177/5 145/102/51
f 145/102/51 130/97/52 271/3/5
f 152/105/53 153/104/54 293/178/5
f 293/178/5 294/32/5 152/105/53
f 294/78/5 293/174/5 295/169/52
f 295/169/52 296/78/52 294/78/5
f 296/78/52 295/169/52 297/168/55
f 297/168/55 298/81/55 296/78/52
f 298/81/55 297/168/55 155/90/55
f 155/90/55 156/81/55 298/81/55
f 299/179/5 270/163/5 127/94/5
f 127/94/5 169/110/5 299/179/5
f 176/123/57 133/98/53 273/164/5
f 273/164/5 300/180/5 176/123/57
f 186/137/5 176/123/57 300/180/5
f 300/180/5 301/181/5 186/137/5
f 302/182/23 280/168/23 281/169/53
f 281/169/53 303/183/53 302/182/23
f 304/184/16 289/173/16 286/172/16
f 286/172/16 305/185/16 304/184/16
f 303/186/53 281/169/53 270/174/5
f 270/174/5 299/187/5 303/186/53
f 160/188/1 118/90/1 280/168/1
f 280/168/1 302/189/1 160/188/1
f 300/190/5 273/176/5 289/173/5
f 289/173/5 304/191/5 300/190/5
f 305/192/58 286/172/1 113/87/1
f 113/87/1 158/193/58 305/192/58
f 306/185/55 305/192/58 158/193/58
f 158/193/58 177/106/55 306/185/55
f 307/194/5 299/179/5 169/110/5
f 169/110/5 184/121/5 307/194/5
f 292/177/5 307/194/5 184/121/5
f 184/121/5 145/102/5 292/177/5
f 153/104/5 186/137/5 301/181/5
f 301/181/5 293/178/5 153/104/5
f 308/185/23 302/182/23 303/183/53
f 303/183/53 309/184/57 308/185/23
f 290/172/23 308/185/23 309/184/23
f 309/184/23 291/173/23 290/172/23
f 310/183/16 304/184/16 305/185/58
f 305/185/58 306/182/55 310/183/16
f 295/169/16 310/183/16 306/182/55
f 306/182/55 297/168/55 295/169/16
f 309/183/57 303/186/53 299/187/5
f 299/187/5 307/195/5 309/183/57
f 291/196/5 309/183/57 307/195/5
f 307/195/5 292/196/5 291/196/5
f 162/108/1 160/188/1 302/189/1
f 302/189/1 308/182/1 162/108/1
f 141/197/1 162/108/1 308/182/1
f 308/182/1 290/197/1 141/197/1
f 301/198/5 300/190/5 304/191/5
f 304/191/5 310/184/5 301/198/5
f 293/196/5 301/198/5 310/184/5
f 310/184/5 295/196/5 293/196/5
f 297/197/55 306/185/55 177/106/55
f 177/106/55 155/197/55 297/197/55
f 156/86/1 235/88/1 311/170/2
f 311/170/2 298/86/2 156/86/1
f 298/86/2 311/170/2 312/171/11
f 312/171/11 296/79/11 298/86/2
f 277/167/11 312/171/11 311/170/2
f 311/170/2 276/166/2 277/167/11
f 296/79/11 312/171/11 313/175/5
f 313/175/5 294/79/5 296/79/11
f 237/135/64 152/105/63 294/32/5
f 294/32/5 313/130/5 237/135/64
f 131/96/5 237/135/64 313/130/5
f 313/130/5 272/132/5 131/96/5
f 134/99/11 240/139/11 314/175/5
f 314/175/5 274/79/5 134/99/11
f 274/78/5 314/165/5 315/167/63
f 315/167/63 288/78/63 274/78/5
f 288/78/63 315/167/63 316/166/4
f 316/166/4 287/81/4 288/78/63
f 284/170/4 316/166/4 315/167/63
f 315/167/63 285/171/63 284/170/4
f 287/81/4 316/166/4 231/80/4
f 231/80/4 112/81/4 287/81/4
f 240/139/5 137/92/5 275/165/5
f 275/165/5 314/175/5 240/139/5
f 312/196/11 277/167/11 272/165/5
f 272/165/5 313/196/5 312/196/11
f 235/197/1 106/80/1 276/166/2
f 276/166/2 311/197/2 235/197/1
f 314/196/5 275/175/5 285/171/63
f 285/171/63 315/196/63 314/196/5
f 316/197/4 284/170/4 114/88/4
f 114/88/4 231/197/4 316/197/4

usemtl Blue
f 322/204/76 323/205/77 321/203/7
f 323/205/77 324/206/77 321/203/7
f 336/218/84 337/219/85 334/216/7
f 337/219/85 338/220/7 334/216/7
f 337/219/85 339/221/86 338/220/7
f 339/221/86 340/222/7 338/220/7
f 339/221/86 341/223/78 340/222/7
f 355/237/93 354/236/7 353/235/7
f 352/234/92 355/237/93 353/235/7
f 365/245/99 359/241/96 364/244/7
f 365/245/99 364/244/7 366/246/7
f 367/247/100 365/245/99 366/246/7
f 381/259/108 378/256/107 379/257/7
f 389/267/116 379/257/7 390/268/7
f 394/270/7 393/269/7 379/257/7
f 379/257/7 395/271/7 394/270/7
f 379/257/7 396/272/7 395/271/7
f 379/257/7 397/273/7 396/272/7
f 379/257/7 380/258/7 397/273/7
f 400/276/7 399/275/120 398/274/119
f 398/274/119 404/280/121 402/278/7
f 409/285/124 410/286/7 408/284/7
f 409/285/124 411/287/125 410/286/7
f 413/289/126 414/290/127 412/288/7
f 414/290/127 415/291/7 412/288/7
f 419/295/129 420/296/130 418/294/7
f 420/296/130 421/297/7 418/294/7
f 420/296/130 319/201/75 421/297/7
f 319/201/75 317/199/7 421/297/7
f 424/300/6 423/299/6 422/298/6
f 422/298/6 425/301/6 424/300/6
f 426/302/6 428/304/6 427/303/6
f 428/304/6 429/305/6 427/303/6
f 428/304/6 430/306/6 429/305/6
f 430/306/6 431/307/6 429/305/6
f 432/308/6 434/310/6 433/309/6
f 434/310/6 435/311/6 433/309/6
f 436/312/6 438/314/6 437/313/6
f 436/312/6 439/315/6 438/314/6
f 441/317/6 442/318/6 440/316/6
f 442/318/6 443/319/6 440/316/6
f 444/320/6 446/322/6 445/321/6
f 444/320/6 447/323/6 446/322/6
f 450/326/6 452/328/6 451/327/6
f 450/326/6 453/329/6 452/328/6
f 463/339/6 464/340/6 462/338/6
f 463/339/6 465/341/6 464/340/6
f 463/339/6 466/342/6 465/341/6
f 463/339/6 467/343/6 466/342/6
f 467/343/6 468/344/6 466/342/6
f 467/343/6 469/345/6 468/344/6
f 469/345/6 470/346/6 468/344/6
f 482/358/6 483/359/6 481/357/6
f 482/358/6 484/360/6 483/359/6
f 485/361/6 487/363/6 486/362/6
f 489/365/6 493/369/6 488/364/6
f 493/369/6 494/370/6 488/364/6
f 494/370/6 495/371/6 488/364/6
f 487/363/6 502/378/6 497/373/6
f 501/377/6 503/379/6 500/376/6
f 487/363/6 507/383/6 502/378/6
f 508/384/6 511/387/6 510/386/6
f 513/389/6 514/390/6 512/388/6
f 513/389/6 515/391/6 514/390/6
f 515/391/6 516/392/6 514/390/6
f 487/363/6 517/393/6 507/383/6
f 487/363/6 518/394/6 517/393/6
f 487/363/6 519/395/6 518/394/6
f 487/363/6 520/396/6 519/395/6
f 496/428/6 554/428/149 556/430/151
f 317/199/7 319/201/75 318/200/74
f 318/200/74 320/202/7 317/199/7
f 322/204/76 321/203/7 320/202/7
f 320/202/7 318/200/74 322/204/76
f 326/208/78 325/207/7 321/203/7
f 321/203/7 324/206/77 326/208/78
f 325/207/7 326/208/78 327/209/79
f 327/209/79 328/210/7 325/207/7
f 328/210/7 327/209/79 329/211/80
f 329/211/80 330/212/7 328/210/7
f 330/212/7 329/211/80 331/213/81
f 331/213/81 332/214/7 330/212/7
f 332/214/7 331/213/81 333/215/82
f 333/215/82 334/216/7 332/214/7
f 334/216/7 333/215/82 335/217/83
f 335/217/83 336/218/84 334/216/7
f 343/225/87 342/224/7 340/222/7
f 340/222/7 341/223/78 343/225/87
f 345/227/88 344/226/7 342/224/7
f 342/224/7 343/225/87 345/227/88
f 347/229/89 346/228/7 344/226/7
f 344/226/7 345/227/88 347/229/89
f 346/228/7 347/229/89 348/230/90
f 348/230/90 349/231/7 346/228/7
f 349/231/7 348/230/90 350/232/91
f 350/232/91 351/233/7 349/231/7
f 351/233/7 350/232/91 352/234/92
f 352/234/92 353/235/7 351/233/7
f 356/238/7 358/240/95 357/239/94
f 357/239/94 368/248/101 356/238/7
f 360/240/97 358/240/95 359/241/96
f 359/241/96 361/241/98 360/240/97
f 362/242/7 359/241/96 358/240/95
f 358/240/95 356/238/7 362/242/7
f 359/241/96 362/242/7 363/243/7
f 363/243/7 364/244/7 359/241/96
f 370/250/102 369/249/7 356/238/7
f 356/238/7 368/248/101 370/250/102
f 372/252/103 371/251/7 369/249/7
f 369/249/7 370/250/102 372/252/103
f 374/254/104 373/253/7 371/251/7
f 371/251/7 372/252/103 374/254/104
f 375/245/105 365/245/99 367/247/100
f 367/247/100 376/247/106 375/245/105
f 367/247/100 366/246/7 377/255/7
f 377/255/7 378/256/107 367/247/100
f 379/257/7 378/256/107 377/255/7
f 377/255/7 380/258/7 379/257/7
f 382/260/109 381/259/108 379/257/7
f 379/257/7 383/261/110 382/260/109
f 384/262/111 383/261/110 379/257/7
f 379/257/7 389/267/116 384/262/111
f 386/264/113 385/263/112 383/261/110
f 383/261/110 384/262/111 386/264/113
f 388/266/115 387/265/114 386/264/113
f 386/264/113 384/262/111 388/266/115
f 355/237/93 389/267/116 390/268/7
f 390/268/7 354/236/7 355/237/93
f 391/267/117 389/267/116 355/237/93
f 355/237/93 392/237/118 391/267/117
f 402/278/7 401/277/7 400/276/7
f 400/276/7 398/274/119 402/278/7
f 405/281/122 403/279/7 402/278/7
f 402/278/7 404/280/121 405/281/122
f 407/283/123 406/282/7 403/279/7
f 403/279/7 405/281/122 407/283/123
f 409/285/124 408/284/7 406/282/7
f 406/282/7 407/283/123 409/285/124
f 413/289/126 412/288/7 410/286/7
f 410/286/7 411/287/125 413/289/126
f 415/291/7 414/290/127 416/292/128
f 416/292/128 417/293/7 415/291/7
f 419/295/129 418/294/7 417/293/7
f 417/293/7 416/292/128 419/295/129
f 424/300/6 425/301/6 426/302/6
f 426/302/6 427/303/6 424/300/6
f 431/307/6 430/306/6 432/308/6
f 432/308/6 433/309/6 431/307/6
f 435/311/6 434/310/6 436/312/6
f 436/312/6 437/313/6 435/311/6
f 441/317/6 440/316/6 438/314/6
f 438/314/6 439/315/6 441/317/6
f 443/319/6 442/318/6 444/320/6
f 444/320/6 445/321/6 443/319/6
f 449/325/6 448/324/6 446/322/6
f 446/322/6 447/323/6 449/325/6
f 448/324/6 449/325/6 450/326/6
f 450/326/6 451/327/6 448/324/6
f 453/329/6 450/326/6 454/330/6
f 454/330/6 455/331/6 453/329/6
f 457/333/6 456/332/6 455/331/6
f 455/331/6 454/330/6 457/333/6
f 459/335/6 458/334/6 456/332/6
f 456/332/6 457/333/6 459/335/6
f 461/337/6 460/336/6 458/334/6
f 458/334/6 459/335/6 461/337/6
f 463/339/6 462/338/6 460/336/6
f 460/336/6 461/337/6 463/339/6
f 470/346/6 469/345/6 471/347/6
f 471/347/6 472/348/6 470/346/6
f 472/348/6 471/347/6 473/349/6
f 473/349/6 474/350/6 472/348/6
f 474/350/6 473/349/6 475/351/6
f 475/351/6 476/352/6 474/350/6
f 476/352/6 475/351/6 477/353/6
f 477/353/6 478/354/6 476/352/6
f 480/356/6 479/355/6 478/354/6
f 478/354/6 477/353/6 480/356/6
f 482/358/6 481/357/6 479/355/6
f 479/355/6 480/356/6 482/358/6
f 483/359/6 484/360/6 485/361/6
f 485/361/6 486/362/6 483/359/6
f 489/365/6 488/364/6 486/362/6
f 486/362/6 487/363/6 489/365/6
f 491/367/6 490/366/6 489/365/6
f 489/365/6 487/363/6 491/367/6
f 497/373/6 492/368/6 491/367/6
f 491/367/6 487/363/6 497/373/6
f 488/364/6 495/371/6 496/372/6
f 496/372/6 556/430/151 488/364/6
f 498/374/6 492/368/6 497/373/6
f 497/373/6 499/375/6 498/374/6
f 501/377/6 500/376/6 498/374/6
f 498/374/6 499/375/6 501/377/6
f 503/379/6 501/377/6 504/380/6
f 504/380/6 505/381/6 503/379/6
f 508/384/6 506/382/6 503/379/6
f 503/379/6 505/381/6 508/384/6
f 510/386/6 509/385/6 506/382/6
f 506/382/6 508/384/6 510/386/6
f 513/389/6 512/388/6 510/386/6
f 510/386/6 511/387/6 513/389/6
f 523/78/133 522/3/132 521/397/131
f 521/397/131 524/398/131 523/78/133
f 524/398/131 521/397/131 525/399/134
f 525/399/134 526/400/134 524/398/131
f 526/400/134 525/399/134 527/401/135
f 527/401/135 528/402/135 526/400/134
f 528/402/135 527/401/135 529/403/136
f 529/403/136 530/404/136 528/402/135
f 530/404/136 529/403/136 531/405/137
f 531/405/137 532/406/137 530/404/136
f 532/406/137 531/405/137 533/407/138
f 533/407/138 534/408/138 532/406/137
f 534/408/138 533/407/138 535/409/139
f 535/409/139 536/410/139 534/408/138
f 536/410/139 535/409/139 537/411/140
f 537/411/140 538/412/140 536/410/139
f 538/412/140 537/411/140 539/413/141
f 539/413/141 540/414/141 538/412/140
f 540/414/141 539/413/141 541/415/142
f 541/415/142 542/416/142 540/414/141
f 542/416/142 541/415/142 543/417/143
f 543/417/143 544/418/143 542/416/142
f 544/418/143 543/417/143 545/419/144
f 545/419/144 546/420/144 544/418/143
f 546/420/144 545/419/144 547/421/145
f 547/421/145 548/422/145 546/420/144
f 548/422/145 547/421/145 549/423/146
f 549/423/146 550/424/146 548/422/145
f 550/424/146 549/423/146 551/425/147
f 551/425/147 552/426/147 550/424/146
f 552/426/147 551/425/147 553/427/148
f 553/427/148 554/428/149 552/426/147
f 554/428/149 553/427/148 555/429/150
f 555/429/150 556/430/151 554/428/149
f 556/430/151 555/429/150 557/431/152
f 557/431/152 558/432/152 556/430/151
f 558/432/152 557/431/152 559/433/153
f 559/433/153 560/434/153 558/432/152
f 560/434/153 559/433/153 561/435/154
f 561/435/154 562/436/154 560/434/153
f 562/436/154 561/435/154 563/437/155
f 563/437/155 564/438/155 562/436/154
f 564/438/155 563/437/155 565/439/156
f 565/439/156 566/440/156 564/438/155
f 566/440/156 565/439/156 567/441/157
f 567/441/157 568/442/157 566/440/156
f 568/442/157 567/441/157 569/443/158
f 569/443/158 570/444/158 568/442/157
f 570/444/158 569/443/158 571/445/159
f 571/445/159 572/446/159 570/444/158
f 572/446/159 571/445/159 573/447/160
f 573/447/160 574/448/161 572/446/159
f 470/448/6 574/448/161 575/449/162
f 575/449/162 468/449/6 470/448/6
f 468/449/6 575/449/162 576/450/163
f 576/450/163 466/450/6 468/449/6
f 466/450/6 576/450/163 577/451/164
f 577/451/164 465/451/6 466/450/6
f 465/451/6 577/451/164 578/452/165
f 578/452/165 464/452/6 465/451/6
f 464/452/6 578/452/165 579/453/166
f 579/453/166 462/453/6 464/452/6
f 462/453/6 579/453/166 580/454/167
f 580/454/167 460/454/6 462/453/6
f 460/454/6 580/454/167 581/455/168
f 581/455/168 458/455/6 460/454/6
f 458/455/6 581/455/168 582/456/169
f 582/456/169 456/456/6 458/455/6
f 456/456/6 582/456/169 583/457/170
f 583/457/170 455/457/6 456/456/6
f 455/457/6 583/457/170 584/458/171
f 584/458/171 453/458/6 455/457/6
f 453/458/6 584/458/171 585/459/171
f 585/459/171 452/459/6 453/458/6
f 452/459/6 585/459/171 586/460/172
f 586/460/172 451/460/6 452/459/6
f 587/461/173 586/460/172 585/459/171
f 585/459/171 588/462/174 587/461/173
f 588/462/174 585/459/171 584/458/171
f 584/458/171 589/463/174 588/462/174
f 589/463/174 584/458/171 583/457/170
f 583/457/170 590/464/175 589/463/174
f 590/464/175 583/457/170 582/456/169
f 582/456/169 591/465/176 590/464/175
f 591/465/176 582/456/169 581/455/168
f 581/455/168 592/466/177 591/465/176
f 592/466/177 581/455/168 580/454/167
f 580/454/167 593/467/178 592/466/177
f 593/467/178 580/454/167 579/453/166
f 579/453/166 594/468/179 593/467/178
f 594/468/179 579/453/166 578/452/165
f 578/452/165 595/469/180 594/468/179
f 595/469/180 578/452/165 577/451/164
f 577/451/164 596/470/181 595/469/180
f 596/470/181 577/451/164 576/450/163
f 576/450/163 597/471/182 596/470/181
f 597/471/182 576/450/163 575/449/162
f 575/449/162 598/472/183 597/471/182
f 598/472/183 575/449/162 574/448/161
f 574/448/161 573/447/160 598/472/183
f 586/460/172 587/461/173 599/473/184
f 599/473/184 600/474/185 586/460/172
f 600/474/185 599/473/184 601/475/186
f 601/475/186 602/476/187 600/474/185
f 602/476/187 601/475/186 603/477/188
f 603/477/188 604/478/189 602/476/187
f 604/478/189 603/477/188 605/479/190
f 605/479/190 606/480/191 604/478/189
f 606/480/191 605/479/190 607/481/192
f 607/481/192 608/482/193 606/480/191
f 608/482/193 607/481/192 609/483/194
f 609/483/194 610/484/195 608/482/193
f 610/484/195 609/483/194 611/485/196
f 611/485/196 612/486/197 610/484/195
f 612/486/197 611/485/196 613/487/198
f 613/487/198 614/488/199 612/486/197
f 614/488/199 613/487/198 615/489/200
f 615/489/200 616/490/201 614/488/199
f 616/490/201 615/489/200 617/491/202
f 617/491/202 618/492/203 616/490/201
f 618/492/203 617/491/202 619/493/204
f 619/493/204 620/494/205 618/492/203
f 620/494/205 619/493/204 621/495/206
f 621/495/206 622/496/207 620/494/205
f 622/496/207 621/495/206 623/497/208
f 623/497/208 624/498/209 622/496/207
f 624/498/209 623/497/208 625/499/210
f 625/499/210 626/500/211 624/498/209
f 437/486/6 612/486/197 614/488/199
f 614/488/199 435/488/6 437/486/6
f 435/488/6 614/488/199 616/490/201
f 616/490/201 433/490/6 435/488/6
f 612/486/197 437/486/6 438/484/6
f 438/484/6 610/484/195 612/486/197
f 433/490/6 616/490/201 618/492/203
f 618/492/203 431/492/6 433/490/6
f 610/484/195 438/484/6 440/482/6
f 440/482/6 608/482/193 610/484/195
f 431/492/6 618/492/203 620/494/205
f 620/494/205 429/494/6 431/492/6
f 608/482/193 440/482/6 443/480/6
f 443/480/6 606/480/191 608/482/193
f 429/494/6 620/494/205 622/496/207
f 622/496/207 427/496/6 429/494/6
f 606/480/191 443/480/6 445/478/6
f 445/478/6 604/478/189 606/480/191
f 427/496/6 622/496/207 624/498/209
f 624/498/209 424/498/6 427/496/6
f 604/478/189 445/478/6 446/476/6
f 446/476/6 602/476/187 604/478/189
f 424/498/6 624/498/209 626/500/211
f 626/500/211 423/500/6 424/498/6
f 602/476/187 446/476/6 448/474/6
f 448/474/6 600/474/185 602/476/187
f 423/500/6 626/500/211 627/501/6
f 627/501/6 422/501/6 423/500/6
f 600/474/185 448/474/6 451/460/6
f 451/460/6 586/460/172 600/474/185
f 422/501/6 627/501/6 628/502/6
f 628/502/6 425/502/6 422/501/6
f 425/502/6 628/502/6 629/503/6
f 629/503/6 426/503/6 425/502/6
f 426/503/6 629/503/6 630/504/6
f 630/504/6 428/504/6 426/503/6
f 428/504/6 630/504/6 631/505/6
f 631/505/6 430/505/6 428/504/6
f 430/505/6 631/505/6 632/506/6
f 632/506/6 432/506/6 430/505/6
f 432/506/6 632/506/6 633/507/6
f 633/507/6 434/507/6 432/506/6
f 434/507/6 633/507/6 634/508/6
f 634/508/6 436/508/6 434/507/6
f 436/508/6 634/508/6 635/509/6
f 635/509/6 439/509/6 436/508/6
f 439/509/6 635/509/6 636/510/6
f 636/510/6 441/510/6 439/509/6
f 441/510/6 636/510/6 637/511/6
f 637/511/6 442/511/6 441/510/6
f 442/511/6 637/511/6 638/512/6
f 638/512/6 444/512/6 442/511/6
f 444/512/6 638/512/6 639/513/6
f 639/513/6 447/513/6 444/512/6
f 447/513/6 639/513/6 640/514/6
f 640/514/6 449/514/6 447/513/6
f 449/514/6 640/514/6 641/515/6
f 641/515/6 450/515/6 449/514/6
f 450/515/6 641/515/6 642/516/6
f 642/516/6 454/516/6 450/515/6
f 454/516/6 642/516/6 643/517/6
f 643/517/6 457/517/6 454/516/6
f 457/517/6 643/517/6 644/518/6
f 644/518/6 459/518/6 457/517/6
f 459/518/6 644/518/6 645/519/6
f 645/519/6 461/519/6 459/518/6
f 461/519/6 645/519/6 646/520/6
f 646/520/6 463/520/6 461/519/6
f 463/520/6 646/520/6 647/521/6
f 647/521/6 467/521/6 463/520/6
f 467/521/6 647/521/6 648/522/6
f 648/522/6 469/522/6 467/521/6
f 469/522/6 648/522/6 649/523/6
f 649/523/6 471/523/6 469/522/6
f 471/523/6 649/523/6 650/524/6
f 650/524/6 473/524/6 471/523/6
f 473/524/6 650/524/6 651/525/6
f 651/525/6 475/525/6 473/524/6
f 475/525/6 651/525/6 652/526/6
f 652/526/6 477/526/6 475/525/6
f 477/526/6 652/526/6 653/527/6
f 653/527/6 480/527/6 477/526/6
f 480/527/6 653/527/6 654/528/6
f 654/528/6 482/528/6 480/527/6
f 482/528/6 654/528/6 655/529/6
f 655/529/6 484/529/6 482/528/6
f 484/529/6 655/529/6 656/530/6
f 656/530/6 485/530/6 484/529/6
f 485/530/6 656/530/6 657/531/6
f 657/531/6 487/531/6 485/530/6
f 487/531/6 657/531/6 658/532/6
f 658/532/6 520/532/6 487/531/6
f 520/532/6 658/532/6 659/533/6
f 659/533/6 519/533/6 520/532/6
f 519/533/6 659/533/6 660/534/6
f 660/534/6 518/534/6 519/533/6
f 518/534/6 660/534/6 661/535/6
f 661/535/6 517/535/6 518/534/6
f 517/535/6 661/535/6 662/536/6
f 662/536/6 507/536/6 517/535/6
f 507/536/6 662/536/6 663/537/6
f 663/537/6 502/537/6 507/536/6
f 502/537/6 663/537/6 664/538/6
f 664/538/6 497/538/6 502/537/6
f 497/538/6 664/538/6 665/539/6
f 665/539/6 499/539/6 497/538/6
f 499/539/6 665/539/6 666/540/6
f 666/540/6 501/540/6 499/539/6
f 501/540/6 666/540/6 667/541/6
f 667/541/6 504/541/6 501/540/6
f 504/541/6 667/541/6 668/542/6
f 668/542/6 505/542/6 504/541/6
f 505/542/6 668/542/6 669/543/6
f 669/543/6 508/543/6 505/542/6
f 508/543/6 669/543/6 670/544/6
f 670/544/6 511/544/6 508/543/6
f 511/544/6 670/544/6 671/545/6
f 671/545/6 513/545/6 511/544/6
f 513/545/6 671/545/6 672/546/6
f 672/546/6 515/546/6 513/545/6
f 515/546/6 672/546/6 523/79/133
f 523/79/133 516/79/6 515/546/6
f 626/500/212 625/499/212 673/547/212
f 673/547/212 627/501/212 626/500/212
f 627/501/213 673/547/213 674/548/213
f 674/548/213 628/502/213 627/501/213
f 628/502/214 674/548/214 675/549/214
f 675/549/214 629/503/214 628/502/214
f 629/503/215 675/549/215 676/550/215
f 676/550/215 630/504/215 629/503/215
f 630/504/216 676/550/216 677/551/216
f 677/551/216 631/505/216 630/504/216
f 631/505/217 677/551/217 678/552/217
f 678/552/217 632/506/217 631/505/217
f 632/506/218 678/552/218 679/553/218
f 679/553/218 633/507/218 632/506/218
f 633/507/219 679/553/219 680/554/219
f 680/554/219 634/508/219 633/507/219
f 634/508/220 680/554/220 681/555/220
f 681/555/220 635/509/220 634/508/220
f 635/509/221 681/555/221 682/556/221
f 682/556/221 636/510/221 635/509/221
f 636/510/222 682/556/222 683/557/222
f 683/557/222 637/511/222 636/510/222
f 637/511/223 683/557/223 684/558/223
f 684/558/223 638/512/223 637/511/223
f 638/512/224 684/558/224 685/559/224
f 685/559/224 639/513/224 638/512/224
f 639/513/225 685/559/225 686/560/225
f 686/560/225 640/514/225 639/513/225
f 640/514/227 686/560/227 687/561/226
f 687/561/226 641/515/226 640/514/227
f 641/515/226 687/561/226 688/562/228
f 688/562/228 642/516/228 641/515/226
f 642/516/229 688/562/229 689/563/229
f 689/563/229 643/517/229 642/516/229
f 643/517/230 689/563/230 690/564/230
f 690/564/230 644/518/230 643/517/230
f 644/518/231 690/564/231 691/565/231
f 691/565/231 645/519/231 644/518/231
f 645/519/232 691/565/232 692/566/232
f 692/566/232 646/520/232 645/519/232
f 646/520/230 692/566/230 693/567/230
f 693/567/230 647/521/230 646/520/230
f 647/521/233 693/567/233 694/568/233
f 694/568/233 648/522/233 647/521/233
f 648/522/234 694/568/234 695/569/234
f 695/569/234 649/523/234 648/522/234
f 649/523/235 695/569/235 696/570/235
f 696/570/235 650/524/235 649/523/235
f 650/524/236 696/570/236 697/571/236
f 697/571/236 651/525/236 650/524/236
f 651/525/237 697/571/237 698/572/237
f 698/572/237 652/526/237 651/525/237
f 652/526/238 698/572/238 699/573/238
f 699/573/238 653/527/238 652/526/238
f 653/527/239 699/573/239 700/574/239
f 700/574/239 654/528/239 653/527/239
f 654/528/240 700/574/240 701/575/240
f 701/575/240 655/529/240 654/528/240
f 655/529/241 701/575/241 702/576/241
f 702/576/241 656/530/241 655/529/241
f 656/530/241 702/576/241 703/577/242
f 703/577/242 657/531/242 656/530/241
f 657/531/243 703/577/243 704/578/243
f 704/578/243 658/532/243 657/531/243
f 658/532/244 704/578/244 705/579/244
f 705/579/244 659/533/244 658/532/244
f 659/533/245 705/579/245 706/580/245
f 706/580/245 660/534/245 659/533/245
f 660/534/246 706/580/246 707/581/246
f 707/581/246 661/535/246 660/534/246
f 661/535/247 707/581/247 708/582/247
f 708/582/247 662/536/247 661/535/247
f 662/536/248 708/582/248 709/583/248
f 709/583/248 663/537/248 662/536/248
f 663/537/249 709/583/249 710/584/249
f 710/584/249 664/538/249 663/537/249
f 664/538/250 710/584/250 711/585/250
f 711/585/250 665/539/250 664/538/250
f 665/539/251 711/585/251 712/586/251
f 712/586/251 666/540/251 665/539/251
f 666/540/252 712/586/252 713/587/252
f 713/587/252 667/541/252 666/540/252
f 667/541/145 713/587/145 714/588/145
f 714/588/145 668/542/145 667/541/145
f 668/542/253 714/588/253 715/589/253
f 715/589/253 669/543/253 668/542/253
f 669/543/254 715/589/254 716/590/254
f 716/590/254 670/544/254 669/543/254
f 670/544/255 716/590/255 717/591/255
f 717/591/255 671/545/255 670/544/255
f 671/545/256 717/591/256 718/592/256
f 718/592/256 672/546/256 671/545/256
f 672/546/257 718/592/257 522/32/257
f 522/32/257 523/79/257 672/546/257
f 516/78/6 523/78/6 524/398/6
f 524/398/6 514/398/6 516/78/6
f 719/397/7 521/397/7 522/3/7
f 522/3/7 720/3/7 719/397/7
f 514/398/6 524/398/6 526/400/6
f 526/400/6 512/400/6 514/398/6
f 721/399/7 525/399/7 521/397/7
f 521/397/7 719/397/7 721/399/7
f 512/400/6 526/400/6 528/402/6
f 528/402/6 510/402/6 512/400/6
f 722/401/7 527/401/7 525/399/7
f 525/399/7 721/399/7 722/401/7
f 510/402/6 528/402/6 530/404/6
f 530/404/6 509/404/6 510/402/6
f 723/403/7 529/403/7 527/401/7
f 527/401/7 722/401/7 723/403/7
f 509/404/6 530/404/6 532/406/6
f 532/406/6 506/406/6 509/404/6
f 360/405/7 531/405/7 529/403/7
f 529/403/7 723/403/7 360/405/7
f 506/406/6 532/406/6 534/408/6
f 534/408/6 503/408/6 506/406/6
f 361/407/7 533/407/7 531/405/7
f 531/405/7 360/405/7 361/407/7
f 503/408/6 534/408/6 536/410/6
f 536/410/6 500/410/6 503/408/6
f 375/409/7 535/409/7 533/407/7
f 533/407/7 361/407/7 375/409/7
f 500/410/6 536/410/6 538/412/6
f 538/412/6 498/412/6 500/410/6
f 376/411/7 537/411/7 535/409/7
f 535/409/7 375/409/7 376/411/7
f 498/412/6 538/412/6 540/414/6
f 540/414/6 492/414/6 498/412/6
f 724/413/7 539/413/7 537/411/7
f 537/411/7 376/411/7 724/413/7
f 492/414/6 540/414/6 542/416/6
f 542/416/6 491/416/6 492/414/6
f 725/415/7 541/415/7 539/413/7
f 539/413/7 724/413/7 725/415/7
f 491/416/6 542/416/6 544/418/6
f 544/418/6 490/418/6 491/416/6
f 726/417/7 543/417/7 541/415/7
f 541/415/7 725/415/7 726/417/7
f 490/418/6 544/418/6 546/420/6
f 546/420/6 489/420/6 490/418/6
f 727/419/7 545/419/7 543/417/7
f 543/417/7 726/417/7 727/419/7
f 489/420/6 546/420/6 548/422/6
f 548/422/6 493/422/6 489/420/6
f 728/421/7 547/421/7 545/419/7
f 545/419/7 727/419/7 728/421/7
f 493/422/6 548/422/6 550/424/6
f 550/424/6 494/424/6 493/422/6
f 729/423/7 549/423/7 547/421/7
f 547/421/7 728/421/7 729/423/7
f 494/424/6 550/424/6 552/426/6
f 552/426/6 495/426/6 494/424/6
f 730/425/7 551/425/7 549/423/7
f 549/423/7 729/423/7 730/425/7
f 495/426/6 552/426/6 554/428/6
f 554/428/6 496/428/6 495/426/6
f 731/427/7 553/427/7 551/425/7
f 551/425/7 730/425/7 731/427/7
f 553/427/7 731/427/7 732/429/7
f 732/429/7 555/429/7 553/427/7
f 555/429/7 732/429/7 391/431/7
f 391/431/7 557/431/7 555/429/7
f 488/430/6 556/430/6 558/432/6
f 558/432/6 486/432/6 488/430/6
f 486/432/6 558/432/6 560/434/6
f 560/434/6 483/434/6 486/432/6
f 392/433/7 559/433/7 557/431/7
f 557/431/7 391/431/7 392/433/7
f 483/434/6 560/434/6 562/436/6
f 562/436/6 481/436/6 483/434/6
f 733/435/7 561/435/7 559/433/7
f 559/433/7 392/433/7 733/435/7
f 481/436/6 562/436/6 564/438/6
f 564/438/6 479/438/6 481/436/6
f 734/437/7 563/437/7 561/435/7
f 561/435/7 733/435/7 734/437/7
f 479/438/6 564/438/6 566/440/6
f 566/440/6 478/440/6 479/438/6
f 735/439/7 565/439/7 563/437/7
f 563/437/7 734/437/7 735/439/7
f 478/440/6 566/440/6 568/442/6
f 568/442/6 476/442/6 478/440/6
f 736/441/7 567/441/7 565/439/7
f 565/439/7 735/439/7 736/441/7
f 476/442/6 568/442/6 570/444/6
f 570/444/6 474/444/6 476/442/6
f 737/443/7 569/443/7 567/441/7
f 567/441/7 736/441/7 737/443/7
f 474/444/6 570/444/6 572/446/6
f 572/446/6 472/446/6 474/444/6
f 738/445/7 571/445/7 569/443/7
f 569/443/7 737/443/7 738/445/7
f 472/446/6 572/446/6 574/448/6
f 574/448/6 470/448/6 472/446/6
f 739/447/7 573/447/7 571/445/7
f 571/445/7 738/445/7 739/447/7
f 573/447/160 739/447/259 740/472/258
f 740/472/258 598/472/183 573/447/160
f 598/472/183 740/472/258 741/471/260
f 741/471/260 597/471/182 598/472/183
f 597/471/182 741/471/260 742/470/84
f 742/470/84 596/470/181 597/471/182
f 596/470/181 742/470/84 743/469/261
f 743/469/261 595/469/180 596/470/181
f 595/469/180 743/469/261 744/468/82
f 744/468/82 594/468/179 595/469/180
f 594/468/179 744/468/82 745/467/81
f 745/467/81 593/467/178 594/468/179
f 593/467/178 745/467/81 746/466/80
f 746/466/80 592/466/177 593/467/178
f 592/466/177 746/466/80 747/465/79
f 747/465/79 591/465/176 592/466/177
f 591/465/176 747/465/79 748/464/78
f 748/464/78 590/464/175 591/465/176
f 590/464/175 748/464/78 749/463/77
f 749/463/77 589/463/174 590/464/175
f 589/463/174 749/463/77 750/462/77
f 750/462/77 588/462/174 589/463/174
f 588/462/174 750/462/77 751/461/76
f 751/461/76 587/461/173 588/462/174
f 587/461/173 751/461/76 752/473/74
f 752/473/74 599/473/184 587/461/173
f 599/473/184 752/473/74 753/475/262
f 753/475/262 601/475/186 599/473/184
f 601/475/186 753/475/262 754/477/263
f 754/477/263 603/477/188 601/475/186
f 603/477/188 754/477/263 755/479/129
f 755/479/129 605/479/190 603/477/188
f 605/479/190 755/479/129 756/481/128
f 756/481/128 607/481/192 605/479/190
f 607/481/192 756/481/128 757/483/92
f 757/483/92 609/483/194 607/481/192
f 609/483/194 757/483/92 758/485/126
f 758/485/126 611/485/196 609/483/194
f 611/485/196 758/485/126 759/487/125
f 759/487/125 613/487/198 611/485/196
f 613/487/198 759/487/125 760/489/264
f 760/489/264 615/489/200 613/487/198
f 615/489/200 760/489/264 761/491/123
f 761/491/123 617/491/202 615/489/200
f 617/491/202 761/491/123 762/493/122
f 762/493/122 619/493/204 617/491/202
f 619/493/204 762/493/122 763/495/121
f 763/495/121 621/495/206 619/493/204
f 621/495/206 763/495/121 764/497/265
f 764/497/265 623/497/208 621/495/206
f 623/497/208 764/497/265 765/499/266
f 765/499/266 625/499/210 623/497/208
f 625/499/210 765/499/266 766/547/7
f 766/547/7 673/547/7 625/499/210
f 673/547/7 766/547/7 767/548/7
f 767/548/7 674/548/7 673/547/7
f 674/548/7 767/548/7 768/549/7
f 768/549/7 675/549/7 674/548/7
f 675/549/7 768/549/7 769/550/7
f 769/550/7 676/550/7 675/549/7
f 676/550/7 769/550/7 770/551/7
f 770/551/7 677/551/7 676/550/7
f 677/551/7 770/551/7 771/552/7
f 771/552/7 678/552/7 677/551/7
f 678/552/7 771/552/7 772/553/7
f 772/553/7 679/553/7 678/552/7
f 679/553/7 772/553/7 773/554/7
f 773/554/7 680/554/7 679/553/7
f 680/554/7 773/554/7 774/555/7
f 774/555/7 681/555/7 680/554/7
f 681/555/7 774/555/7 775/556/7
f 775/556/7 682/556/7 681/555/7
f 682/556/7 775/556/7 776/557/7
f 776/557/7 683/557/7 682/556/7
f 683/557/7 776/557/7 777/558/7
f 777/558/7 684/558/7 683/557/7
f 684/558/7 777/558/7 778/559/7
f 778/559/7 685/559/7 684/558/7
f 685/559/7 778/559/7 779/560/7
f 779/560/7 686/560/7 685/559/7
f 686/560/7 779/560/7 780/561/7
f 780/561/7 687/561/7 686/560/7
f 687/561/7 780/561/7 781/562/7
f 781/562/7 688/562/7 687/561/7
f 688/562/7 781/562/7 782/563/7
f 782/563/7 689/563/7 688/562/7
f 689/563/7 782/563/7 783/564/7
f 783/564/7 690/564/7 689/563/7
f 690/564/7 783/564/7 784/565/7
f 784/565/7 691/565/7 690/564/7
f 691/565/7 784/565/7 785/566/7
f 785/566/7 692/566/7 691/565/7
f 692/566/7 785/566/7 786/567/7
f 786/567/7 693/567/7 692/566/7
f 693/567/7 786/567/7 787/568/7
f 787/568/7 694/568/7 693/567/7
f 694/568/7 787/568/7 788/569/7
f 788/569/7 695/569/7 694/568/7
f 695/569/7 788/569/7 789/570/7
f 789/570/7 696/570/7 695/569/7
f 696/570/7 789/570/7 790/571/7
f 790/571/7 697/571/7 696/570/7
f 697/571/7 790/571/7 791/572/7
f 791/572/7 698/572/7 697/571/7
f 698/572/7 791/572/7 792/573/7
f 792/573/7 699/573/7 698/572/7
f 699/573/7 792/573/7 793/574/7
f 793/574/7 700/574/7 699/573/7
f 700/574/7 793/574/7 794/575/7
f 794/575/7 701/575/7 700/574/7
f 701/575/7 794/575/7 795/576/7
f 795/576/7 702/576/7 701/575/7
f 702/576/7 795/576/7 796/577/7
f 796/577/7 703/577/7 702/576/7
f 703/577/7 796/577/7 797/578/7
f 797/578/7 704/578/7 703/577/7
f 704/578/7 797/578/7 798/579/7
f 798/579/7 705/579/7 704/578/7
f 705/579/7 798/579/7 799/580/7
f 799/580/7 706/580/7 705/579/7
f 706/580/7 799/580/7 800/581/7
f 800/581/7 707/581/7 706/580/7
f 707/581/7 800/581/7 801/582/7
f 801/582/7 708/582/7 707/581/7
f 708/582/7 801/582/7 802/583/7
f 802/583/7 709/583/7 708/582/7
f 709/583/7 802/583/7 803/584/7
f 803/584/7 710/584/7 709/583/7
f 710/584/7 803/584/7 804/585/7
f 804/585/7 711/585/7 710/584/7
f 711/585/7 804/585/7 805/586/7
f 805/586/7 712/586/7 711/585/7
f 712/586/7 805/586/7 806/587/7
f 806/587/7 713/587/7 712/586/7
f 713/587/7 806/587/7 807/588/7
f 807/588/7 714/588/7 713/587/7
f 714/588/7 807/588/7 808/589/7
f 808/589/7 715/589/7 714/588/7
f 715/589/7 808/589/7 809/590/7
f 809/590/7 716/590/7 715/589/7
f 716/590/7 809/590/7 810/591/7
f 810/591/7 717/591/7 716/590/7
f 717/591/7 810/591/7 811/592/7
f 811/592/7 718/592/7 717/591/7
f 718/592/7 811/592/7 720/32/104
f 720/32/104 522/32/132 718/592/7
f 720/254/104 374/254/104 372/252/103
f 372/252/103 719/252/267 720/254/104
f 719/252/267 372/252/103 370/250/102
f 370/250/102 721/250/268 719/252/267
f 721/250/268 370/250/102 368/248/101
f 368/248/101 722/248/269 721/250/268
f 722/248/269 368/248/101 357/239/94
f 357/239/94 723/239/270 722/248/269
f 723/239/270 357/239/94 358/240/95
f 358/240/95 360/240/97 723/239/270
f 361/241/98 359/241/96 365/245/99
f 365/245/99 375/245/105 361/241/98
f 376/247/106 367/247/100 378/256/107
f 378/256/107 724/256/271 376/247/106
f 724/256/271 378/256/107 381/259/108
f 381/259/108 725/259/272 724/256/271
f 725/259/272 381/259/108 382/260/109
f 382/260/109 726/260/273 725/259/272
f 726/260/273 382/260/109 383/261/110
f 383/261/110 727/261/274 726/260/273
f 727/261/274 383/261/110 385/263/112
f 385/263/112 728/263/275 727/261/274
f 728/263/275 385/263/112 386/264/113
f 386/264/113 729/264/276 728/263/275
f 729/264/276 386/264/113 387/265/114
f 387/265/114 730/265/277 729/264/276
f 730/265/277 387/265/114 388/266/115
f 388/266/115 731/266/278 730/265/277
f 731/266/278 388/266/115 384/262/111
f 384/262/111 732/262/279 731/266/278
f 732/262/279 384/262/111 389/267/116
f 389/267/116 391/267/117 732/262/279
f 392/237/118 355/237/93 352/234/92
f 352/234/92 733/234/280 392/237/118
f 733/234/280 352/234/92 350/232/91
f 350/232/91 734/232/281 733/234/280
f 734/232/281 350/232/91 348/230/90
f 348/230/90 735/230/282 734/232/281
f 735/230/282 348/230/90 347/229/89
f 347/229/89 736/229/283 735/230/282
f 736/229/283 347/229/89 345/227/88
f 345/227/88 737/227/284 736/229/283
f 737/227/284 345/227/88 343/225/87
f 343/225/87 738/225/285 737/227/284
f 738/225/285 343/225/87 341/223/78
f 341/223/78 739/223/259 738/225/285
f 739/223/259 341/223/78 339/221/86
f 339/221/86 740/221/258 739/223/259
f 740/221/258 339/221/86 337/219/85
f 337/219/85 741/219/260 740/221/258
f 741/219/260 337/219/85 336/218/84
f 336/218/84 742/218/84 741/219/260
f 742/218/84 336/218/84 335/217/83
f 335/217/83 743/217/261 742/218/84
f 743/217/261 335/217/83 333/215/82
f 333/215/82 744/215/82 743/217/261
f 744/215/82 333/215/82 331/213/81
f 331/213/81 745/213/81 744/215/82
f 745/213/81 331/213/81 329/211/80
f 329/211/80 746/211/80 745/213/81
f 746/211/80 329/211/80 327/209/79
f 327/209/79 747/209/79 746/211/80
f 747/209/79 327/209/79 326/208/78
f 326/208/78 748/208/78 747/209/79
f 748/208/78 326/208/78 324/206/77
f 324/206/77 749/206/77 748/208/78
f 749/206/77 324/206/77 323/205/77
f 323/205/77 750/205/77 749/206/77
f 750/205/77 323/205/77 322/204/76
f 322/204/76 751/204/76 750/205/77
f 751/204/76 322/204/76 318/200/74
f 318/200/74 752/200/74 751/204/76
f 752/200/74 318/200/74 319/201/75
f 319/201/75 753/201/262 752/200/74
f 753/201/262 319/201/75 420/296/130
f 420/296/130 754/296/263 753/201/262
f 754/296/263 420/296/130 419/295/129
f 419/295/129 755/295/129 754/296/263
f 755/295/129 419/295/129 416/292/128
f 416/292/128 756/292/128 755/295/129
f 756/292/128 416/292/128 414/290/127
f 414/290/127 757/290/92 756/292/128
f 757/290/92 414/290/127 413/289/126
f 413/289/126 758/289/126 757/290/92
f 758/289/126 413/289/126 411/287/125
f 411/287/125 759/287/125 758/289/126
f 759/287/125 411/287/125 409/285/124
f 409/285/124 760/285/264 759/287/125
f 760/285/264 409/285/124 407/283/123
f 407/283/123 761/283/123 760/285/264
f 761/283/123 407/283/123 405/281/122
f 405/281/122 762/281/122 761/283/123
f 762/281/122 405/281/122 404/280/121
f 404/280/121 763/280/121 762/281/122
f 763/280/121 404/280/121 398/274/119
f 398/274/119 764/274/265 763/280/121
f 764/274/265 398/274/119 399/275/120
f 399/275/120 765/275/266 764/274/265
f 765/275/138 399/275/138 400/276/286
f 400/276/286 766/276/286 765/275/138
f 766/276/286 400/276/286 401/277/148
f 401/277/148 767/277/148 766/276/286
f 767/277/287 401/277/287 402/278/287
f 402/278/287 768/278/287 767/277/287
f 768/278/288 402/278/288 403/279/288
f 403/279/288 769/279/288 768/278/288
f 769/279/289 403/279/289 406/282/289
f 406/282/289 770/282/289 769/279/289
f 770/282/290 406/282/290 408/284/290
f 408/284/290 771/284/290 770/282/290
f 771/284/291 408/284/291 410/286/291
f 410/286/291 772/286/291 771/284/291
f 772/286/292 410/286/292 412/288/292
f 412/288/292 773/288/292 772/286/292
f 773/288/293 412/288/293 415/291/293
f 415/291/293 774/291/293 773/288/293
f 774/291/294 415/291/294 417/293/294
f 417/293/294 775/293/294 774/291/294
f 775/293/295 417/293/295 418/294/295
f 418/294/295 776/294/295 775/293/295
f 776/294/296 418/294/296 421/297/296
f 421/297/296 777/297/296 776/294/296
f 777/297/297 421/297/297 317/199/297
f 317/199/297 778/199/297 777/297/297
f 778/199/298 317/199/298 320/202/298
f 320/202/298 779/202/298 778/199/298
f 779/202/300 320/202/300 321/203/299
f 321/203/299 780/203/299 779/202/300
f 780/203/299 321/203/299 325/207/159
f 325/207/159 781/207/159 780/203/299
f 781/207/301 325/207/301 328/210/301
f 328/210/301 782/210/301 781/207/301
f 782/210/302 328/210/302 330/212/157
f 330/212/157 783/212/157 782/210/302
f 783/212/157 330/212/157 332/214/303
f 332/214/303 784/214/303 783/212/157
f 784/214/304 332/214/304 334/216/304
f 334/216/304 785/216/304 784/214/304
f 785/216/302 334/216/302 338/220/302
f 338/220/302 786/220/302 785/216/302
f 786/220/305 338/220/305 340/222/305
f 340/222/305 787/222/305 786/220/305
f 787/222/306 340/222/306 342/224/306
f 342/224/306 788/224/306 787/222/306
f 788/224/307 342/224/307 344/226/307
f 344/226/307 789/226/307 788/224/307
f 789/226/308 344/226/308 346/228/308
f 346/228/308 790/228/308 789/226/308
f 790/228/309 346/228/309 349/231/309
f 349/231/309 791/231/309 790/228/309
f 791/231/310 349/231/310 351/233/310
f 351/233/310 792/233/310 791/231/310
f 792/233/311 351/233/311 353/235/311
f 353/235/311 793/235/311 792/233/311
f 793/235/312 353/235/312 354/236/312
f 354/236/312 794/236/312 793/235/312
f 794/236/314 354/236/314 390/268/313
f 390/268/313 795/268/313 794/236/314
f 795/268/313 390/268/313 379/257/315
f 379/257/315 796/257/315 795/268/313
f 796/257/316 379/257/316 393/269/316
f 393/269/316 797/269/316 796/257/316
f 797/269/317 393/269/317 394/270/317
f 394/270/317 798/270/317 797/269/317
f 798/270/318 394/270/318 395/271/318
f 395/271/318 799/271/318 798/270/318
f 799/271/319 395/271/319 396/272/319
f 396/272/319 800/272/319 799/271/319
f 800/272/320 396/272/320 397/273/320
f 397/273/320 801/273/320 800/272/320
f 801/273/321 397/273/321 380/258/321
f 380/258/321 802/258/321 801/273/321
f 802/258/322 380/258/322 377/255/322
f 377/255/322 803/255/322 802/258/322
f 803/255/323 377/255/323 366/246/323
f 366/246/323 804/246/323 803/255/323
f 804/246/324 366/246/324 364/244/324
f 364/244/324 805/244/324 804/246/324
f 805/244/325 364/244/325 363/243/325
f 363/243/325 806/243/325 805/244/325
f 806/243/275 363/243/275 362/242/275
f 362/242/275 807/242/275 806/243/275
f 807/242/326 362/242/326 356/238/326
f 356/238/326 808/238/326 807/242/326
f 808/238/327 356/238/327 369/249/327
f 369/249/327 809/249/327 808/238/327
f 809/249/328 369/249/328 371/251/328
f 371/251/328 810/251/328 809/249/328
f 810/251/329 371/251/329 373/253/329
f 373/253/329 811/253/329 810/251/329
f 811/253/330 373/253/330 374/254/330
f 374/254/330 720/254/330 811/253/330

usemtl Yellow
f 817/598/7 818/599/7 814/595/7
f 821/602/7 823/604/7 822/603/7
f 823/604/7 824/605/7 822/603/7
f 824/605/7 823/604/7 825/606/7
f 826/595/6 830/599/6 829/598/6
f 826/595/6 831/597/6 830/599/6
f 826/595/6 832/596/6 831/597/6
f 835/603/6 837/605/6 836/602/6
f 837/605/6 838/604/6 836/602/6
f 838/604/6 837/605/6 839/606/6
f 814/595/7 813/594/7 812/593/7
f 812/593/7 817/598/7 814/595/7
f 816/597/7 815/596/7 814/595/7
f 814/595/7 818/599/7 816/597/7
f 820/601/7 819/600/7 814/595/7
f 814/595/7 815/596/7 820/601/7
f 814/595/7 819/600/7 821/602/7
f 821/602/7 822/603/7 814/595/7
f 828/593/6 827/594/6 826/595/6
f 826/595/6 829/598/6 828/593/6
f 832/596/6 826/595/6 833/600/6
f 833/600/6 834/601/6 832/596/6
f 833/600/6 826/595/6 835/603/6
f 835/603/6 836/602/6 833/600/6
f 839/78/331 825/3/331 823/607/331
f 823/607/331 838/608/331 839/78/331
f 838/608/1 823/607/1 821/609/1
f 821/609/1 836/610/1 838/608/1
f 836/610/332 821/609/332 819/611/332
f 819/611/332 833/612/332 836/610/332
f 833/612/333 819/611/333 820/613/333
f 820/613/333 834/614/333 833/612/333
f 834/614/334 820/613/334 815/615/334
f 815/615/334 832/616/334 834/614/334
f 832/616/335 815/615/335 816/617/335
f 816/617/335 831/618/335 832/616/335
f 831/618/336 816/617/336 818/619/336
f 818/619/336 830/620/336 831/618/336
f 830/620/60 818/619/60 817/621/60
f 817/621/60 829/622/60 830/620/60
f 829/622/337 817/621/337 812/623/337
f 812/623/337 828/624/337 829/622/337
f 828/624/338 812/623/338 813/625/338
f 813/625/338 827/626/338 828/624/338
f 827/626/339 813/625/339 814/627/339
f 814/627/339 826/628/339 827/626/339
f 826/628/334 814/627/334 822/629/334
f 822/629/334 835/630/334 826/628/334
f 835/630/1 822/629/1 824/631/1
f 824/631/1 837/632/1 835/630/1
f 837/632/340 824/631/340 825/32/340
f 825/32/340 839/79/340 837/632/340

usemtl white
f 843/32/343 842/3/342 841/78/44 840/79/341
f 845/32/345 843/3/343 840/78/341 844/79/344
f 847/32/347 845/3/345 844/78/344 846/79/346
f 842/32/349 847/3/349 846/78/348 841/79/348
f 845/32/1 847/3/349 842/78/349 843/79/1
f 840/32/341 841/3/44 846/78/346 844/79/344
f 97/3/5 52/78/5 849/634/5 848/633/5
f 848/633/63 850/635/27 96/32/5 97/3/5
f 852/633/4 851/635/65 850/635/27 848/633/63
f 854/636/350 850/635/27 851/635/65 853/636/71
f 95/79/5 96/32/5 850/635/5 854/636/5
f 856/638/5 91/32/5 93/143/5 855/637/5
f 849/634/5 52/78/11 53/640/12 857/639/5
f 848/633/23 849/634/23 858/634/21 852/633/21
f 858/634/2 849/634/7 857/639/7 859/639/2
f 861/5/1 858/634/2 859/639/2 860/641/1
f 852/633/21 858/634/21 861/5/1 862/6/1
f 851/635/65 852/633/4 862/6/1 863/1/1
f 853/636/1 851/635/1 863/1/1 864/2/1
f 866/643/48 853/636/71 864/2/1 865/642/351
f 868/643/44 854/636/350 853/636/71 866/643/48
f 869/644/352 867/637/48 866/643/48 865/642/351
f 95/79/44 854/636/350 868/643/44 98/162/44
f 855/637/353 93/143/44 98/162/44 868/643/44
f 871/7/354 870/638/48 867/637/48 869/644/352
f 855/637/353 867/637/48 870/638/48 856/638/24
f 868/645/44 866/645/48 867/637/48 855/637/353
f 8/7/50 871/7/354 869/644/352 9/644/20
f 865/646/351 3/646/20 9/644/20 869/644/352
f 873/648/2 870/638/2 871/7/1 872/647/1
f 856/638/7 870/638/2 873/648/2 874/648/7
f 862/6/16 861/5/16 5/5/16 6/6/16
f 863/1/7 862/6/7 6/6/7 1/1/7
f 864/2/23 863/1/23 1/1/23 2/2/23
f 865/642/20 864/2/20 2/2/20 3/642/20
f 872/647/6 871/7/354 8/7/50 7/647/6
f 5/5/6 861/5/6 860/641/6 4/641/6
f 91/32/5 856/638/5 874/648/5 55/649/5
f 55/649/5 874/648/11 857/639/11 53/640/5
f 874/650/11 873/650/7 859/639/7 857/639/11
f 873/648/1 872/647/1 860/641/1 859/639/1
f 872/4/6 7/4/6 4/641/6 860/641/6
f 876/652/5 201/3/5 204/177/5 875/651/5
f 200/132/5 201/3/5 876/652/5 877/653/5
f 196/178/5 198/32/5 879/655/5 878/654/5
f 881/657/5 206/78/5 208/165/5 880/656/5
f 883/652/23 876/652/23 875/651/23 882/651/23
f 877/653/6 876/652/6 883/652/6 884/653/6
f 878/654/16 879/655/16 886/655/16 885/654/16
f 888/657/7 881/657/7 880/656/7 887/656/7
f 890/10/1 883/652/1 882/651/1 889/9/1
f 884/653/1 883/652/1 890/10/1 891/11/1
f 885/654/1 886/655/1 893/23/1 892/24/1
f 895/14/1 888/657/1 887/656/1 894/13/1
f 12/10/16 890/10/16 889/9/16 11/9/16
f 891/11/7 890/10/7 12/10/7 13/11/7
f 892/24/23 893/23/23 25/23/23 26/24/23
f 16/14/6 895/14/6 894/13/6 15/13/6
f 899/659/16 898/659/16 897/658/16 896/658/16
f 901/31/1 899/659/1 896/658/1 900/29/1
f 33/31/23 901/31/23 900/29/23 31/29/23
f 895/14/55 16/14/16 17/15/16 902/15/55
f 888/657/1 895/14/55 902/15/55 903/660/1
f 881/657/23 888/657/23 903/660/23 904/660/23
f 206/78/5 881/657/5 904/660/5 182/163/5
f 898/659/5 189/79/5 190/164/5 897/658/5
f 205/194/5 905/661/5 875/651/5 204/177/5
f 906/662/52 195/181/60 196/178/5 878/654/52
f 907/663/52 192/180/60 195/181/60 906/662/52
f 905/664/23 908/664/21 882/651/21 875/651/23
f 909/665/55 906/665/52 878/654/52 885/654/55
f 908/661/21 910/16/55 889/9/55 882/651/21
f 911/26/22 909/662/55 885/654/55 892/24/1
f 910/666/55 18/666/16 11/9/16 889/9/55
f 28/667/23 911/667/23 892/24/23 26/24/23
f 181/179/5 912/668/5 905/661/5 205/194/5
f 182/163/5 904/660/53 912/668/54 181/179/5
f 897/658/52 190/164/5 192/180/60 907/663/52
f 912/661/54 913/661/355 908/664/21 905/664/23
f 904/669/53 903/669/23 913/661/355 912/661/54
f 914/662/356 907/662/52 906/665/52 909/665/55
f 896/670/16 897/670/52 907/662/52 914/662/356
f 913/668/355 915/22/55 910/16/55 908/661/21
f 903/660/1 902/15/55 915/22/55 913/668/1
f 916/27/21 914/663/356 909/662/55 911/26/22
f 900/29/21 896/658/1 914/663/1 916/27/21
f 915/16/55 24/16/16 18/666/16 910/666/55
f 902/671/55 17/671/16 24/16/16 915/16/55
f 29/26/23 916/26/21 911/667/22 28/667/23
f 31/672/23 900/672/21 916/26/21 29/26/23
f 918/673/357 917/673/12 898/659/7 899/659/2
f 919/30/1 918/673/357 899/659/2 901/31/1
f 189/79/59 898/659/5 917/673/5 233/175/11
f 920/25/2 27/25/2 25/23/2 893/23/2
f 921/674/4 920/25/2 893/23/2 886/655/4
f 884/653/4 891/11/2 920/25/2 921/674/4
f 922/674/63 921/674/4 886/655/4 879/655/63
f 241/130/5 922/674/63 879/655/63 198/32/5
f 200/132/5 877/653/63 922/674/63 241/130/5
f 901/31/6 33/31/6 32/30/6 919/30/6
f 233/175/5 917/673/12 880/656/11 208/165/5
f 921/675/4 922/675/63 877/653/63 884/653/4
f 917/676/12 918/676/357 887/656/7 880/656/11
f 918/673/1 919/30/1 894/13/1 887/656/1
f 27/677/2 920/677/2 891/11/2 13/11/2
f 919/678/6 32/678/3 15/13/4 894/13/6

