# ProBuilder 5.0.6
# https://unity3d.com/unity/features/worldbuilding/probuilder
# 12/19/2022 1:06:59 AM

mtllib ./Res3.mtl
o Res3

g House4_test1
v -3.712891 48.33865 -6.22673
v -3.712891 41.11471 -0.2862396
v -3.712891 41.11471 6.083496
v -3.712891 41.11471 -12.24553
v -3.712891 41.11471 -18.45859
v -24.96594 48.33865 -6.22673
v -24.96594 41.11471 6.083496
v -24.96594 41.11471 -0.2862549
v -24.96594 41.11471 -12.24553
v -24.96594 41.11471 -18.45859
v -14.1001 0.2615601 -10.72986
v -14.97662 0.2615601 -10.72986
v -14.97662 2.077985 -10.72986
v -14.1001 0.2615451 -1.643799
v -14.97662 2.077985 -1.643799
v -14.97662 0.2615451 -1.643799
v -14.1001 8.651916 -1.643799
v -14.97662 8.651916 -1.643799
v 7.858276 55.60879 -42.39572
v -14.97662 41.11472 -42.39572
v 7.858276 41.11472 -42.39572
v 30.6933 41.11472 -42.39572
v 7.858276 55.60879 30.02061
v 30.6933 41.11471 30.02061
v 7.858276 41.11471 30.02061
v -14.97662 41.11471 30.02061
v -24.09473 0.6455151 23.53522
v -23.39349 0.6455151 23.53522
v -23.39349 13.55869 23.53522
v -24.09473 13.55869 23.53522
v -24.23669 13.71929 24.37848
v -23.25146 13.71929 24.37848
v -23.39349 13.55869 24.23648
v -24.09473 13.55869 24.23648
v -24.23669 13.71929 23.39322
v -23.25146 13.71929 23.39322
v -14.89996 7.275681 23.67343
v -14.89996 6.925055 23.67343
v -14.89996 6.925055 24.02406
v -14.89996 7.275681 24.02406
v -23.25146 19.60883 24.37848
v -23.25146 19.60883 23.39322
v -24.23669 19.60883 24.37848
v -24.23669 19.60883 23.39322
v -14.89996 2.556785 23.67343
v -14.89996 2.20616 23.67343
v -14.89996 2.20616 24.02406
v -14.89996 2.556785 24.02406
v -24.09473 0.6455151 24.23648
v -23.39349 0.6455151 24.23648
v -33.84888 2.20616 24.02406
v -33.84888 2.556785 24.02406
v -33.84888 2.20616 23.67343
v -33.84888 2.556785 23.67343
v -33.84888 6.925055 23.67343
v -33.84888 6.925055 24.02406
v -33.84888 7.275681 24.02406
v -33.84888 7.275681 23.67343
v -32.70203 2.556785 23.67786
v -32.35144 2.556785 23.67786
v -32.35144 6.925055 23.67786
v -32.70203 6.925055 23.67786
v -32.70203 2.556785 24.02849
v -32.70203 6.925055 24.02849
v -32.35144 2.556785 24.02849
v -32.35144 6.925055 24.02849
v -16.76648 2.556785 24.02849
v -16.41583 2.556785 24.02849
v -16.41583 2.556785 23.67787
v -16.76648 2.556785 23.67787
v -16.76648 6.925055 23.67787
v -16.41583 6.925055 23.67787
v -16.41583 6.925055 24.02849
v -16.76648 6.925055 24.02849
v -18.50208 2.556785 24.02849
v -18.15149 2.556785 24.02849
v -18.15149 2.556785 23.67787
v -18.50208 2.556785 23.67787
v -18.50208 6.925055 23.67787
v -18.15149 6.925055 23.67787
v -18.15149 6.925055 24.02849
v -18.50208 6.925055 24.02849
v -20.23767 2.556785 24.02849
v -19.88708 2.556785 24.02849
v -19.88708 2.556785 23.67787
v -20.23767 2.556785 23.67787
v -20.23767 6.925055 23.67787
v -19.88708 6.925055 23.67787
v -19.88708 6.925055 24.02849
v -20.23767 6.925055 24.02849
v -21.97333 2.556785 24.02849
v -21.62268 2.556785 24.02849
v -21.62268 2.556785 23.67787
v -21.97333 2.556785 23.67787
v -21.97333 6.925055 23.67787
v -21.62268 6.925055 23.67787
v -21.62268 6.925055 24.02849
v -21.97333 6.925055 24.02849
v -30.96649 2.556785 23.67786
v -30.61584 2.556785 23.67786
v -30.61584 6.925055 23.67786
v -30.96649 6.925055 23.67786
v -30.96649 2.556785 24.02849
v -30.96649 6.925055 24.02849
v -30.61584 2.556785 24.02849
v -30.61584 6.925055 24.02849
v -25.75964 2.556785 24.02849
v -25.40906 2.556785 24.02849
v -25.40906 2.556785 23.67787
v -25.75964 2.556785 23.67787
v -25.75964 6.925055 23.67787
v -25.40906 6.925055 23.67787
v -25.40906 6.925055 24.02849
v -25.75964 6.925055 24.02849
v -27.49524 2.556785 24.02849
v -27.14465 2.556785 24.02849
v -27.14465 2.556785 23.67787
v -27.49524 2.556785 23.67787
v -27.49524 6.925055 23.67787
v -27.14465 6.925055 23.67787
v -27.14465 6.925055 24.02849
v -27.49524 6.925055 24.02849
v -29.2309 2.556785 24.02849
v -28.88019 2.556785 24.02849
v -28.88019 2.556785 23.67786
v -29.2309 2.556785 23.67786
v -29.2309 6.925055 23.67786
v -28.88019 6.925055 23.67786
v -28.88019 6.925055 24.02849
v -29.2309 6.925055 24.02849
v -24.09473 0.64553 -36.80682
v -23.39343 0.64553 -36.80682
v -23.39343 13.5587 -36.80682
v -24.09473 13.5587 -36.80682
v -24.23669 13.71931 -35.96356
v -23.25146 13.71931 -35.96356
v -23.39343 13.5587 -36.10556
v -24.09473 13.5587 -36.10556
v -24.23669 13.71931 -36.94882
v -23.25146 13.71931 -36.94882
v -14.89996 7.275695 -36.66859
v -14.89996 6.92507 -36.66859
v -14.89996 6.92507 -36.31799
v -14.89996 7.275695 -36.31796
v -23.25146 19.60885 -35.96356
v -23.25146 19.60885 -36.94882
v -24.23669 19.60885 -35.96356
v -24.23669 19.60885 -36.94882
v -14.89996 2.556785 -36.66859
v -14.89996 2.20616 -36.66859
v -14.89996 2.20616 -36.31799
v -14.89996 2.556785 -36.31799
v -24.09473 0.64553 -36.10556
v -23.39343 0.64553 -36.10556
v -33.84888 2.20616 -36.31799
v -33.84888 2.556785 -36.31799
v -33.84888 2.20616 -36.66861
v -33.84888 2.556785 -36.66861
v -33.84888 6.92507 -36.66861
v -33.84888 6.92507 -36.31799
v -33.84888 7.275695 -36.31799
v -33.84888 7.275695 -36.66859
v -32.70203 2.556785 -36.66417
v -32.35144 2.556785 -36.66417
v -32.35144 6.92507 -36.66417
v -32.70203 6.92507 -36.66417
v -32.70203 2.556785 -36.31354
v -32.70203 6.92507 -36.31354
v -32.35144 2.556785 -36.31354
v -32.35144 6.92507 -36.31354
v -16.76648 2.556785 -36.31354
v -16.41583 2.556785 -36.31354
v -16.41583 2.556785 -36.66417
v -16.76648 2.556785 -36.66417
v -16.76648 6.92507 -36.66417
v -16.41583 6.92507 -36.66417
v -16.41583 6.92507 -36.31354
v -16.76648 6.92507 -36.31354
v -18.50208 2.556785 -36.31354
v -18.15149 2.556785 -36.31354
v -18.15149 2.556785 -36.66417
v -18.50208 2.556785 -36.66417
v -18.50208 6.92507 -36.66417
v -18.15149 6.92507 -36.66417
v -18.15149 6.92507 -36.31354
v -18.50208 6.92507 -36.31354
v -20.23767 2.556785 -36.31354
v -19.88708 2.556785 -36.31354
v -19.88708 2.556785 -36.66417
v -20.23767 2.556785 -36.66417
v -20.23767 6.92507 -36.66417
v -19.88708 6.92507 -36.66417
v -19.88708 6.92507 -36.31354
v -20.23767 6.92507 -36.31354
v -21.97333 2.556785 -36.31354
v -21.62262 2.556785 -36.31354
v -21.62262 2.556785 -36.66417
v -21.97333 2.556785 -36.66417
v -21.97333 6.92507 -36.66417
v -21.62262 6.92507 -36.66417
v -21.62262 6.92507 -36.31354
v -21.97333 6.92507 -36.31354
v -30.96643 2.556785 -36.66417
v -30.61584 2.556785 -36.66417
v -30.61584 6.92507 -36.66417
v -30.96643 6.92507 -36.66417
v -30.96643 2.556785 -36.31354
v -30.96643 6.92507 -36.31354
v -30.61584 2.556785 -36.31354
v -30.61584 6.92507 -36.31354
v -25.75964 2.556785 -36.31354
v -25.40906 2.556785 -36.31354
v -25.40906 2.556785 -36.66417
v -25.75964 2.556785 -36.66417
v -25.75964 6.92507 -36.66417
v -25.40906 6.92507 -36.66417
v -25.40906 6.92507 -36.31354
v -25.75964 6.92507 -36.31354
v -27.49524 2.556785 -36.31354
v -27.14465 2.556785 -36.31354
v -27.14465 2.556785 -36.66417
v -27.49524 2.556785 -36.66417
v -27.49524 6.92507 -36.66417
v -27.14465 6.92507 -36.66417
v -27.14465 6.92507 -36.31354
v -27.49524 6.92507 -36.31354
v -29.2309 2.556785 -36.31354
v -28.88019 2.556785 -36.31354
v -28.88019 2.556785 -36.66417
v -29.2309 2.556785 -36.66417
v -29.2309 6.92507 -36.66417
v -28.88019 6.92507 -36.66417
v -28.88019 6.92507 -36.31354
v -29.2309 6.92507 -36.31354
v -14.97662 0.2615451 25.94524
v -14.97662 0.2615601 -38.32036
v -14.97662 1.153775 -38.32036
v -14.97662 1.15376 25.94524
v -35.35315 0.2615451 25.94524
v -35.35315 1.15376 25.94524
v -35.35315 0.2615601 -38.32036
v -35.35315 1.153775 -38.32036
v -34.05518 7.275695 -36.12692
v -34.05518 6.92507 -36.12692
v -34.05518 6.925055 -12.62425
v -34.05518 7.275681 -12.62425
v -34.40582 7.275695 -36.12692
v -34.40582 7.275681 -12.62425
v -34.40582 6.92507 -36.12692
v -34.40582 6.925055 -12.62425
v -34.05518 7.275681 23.84544
v -34.05518 6.925055 23.84544
v -34.40582 6.925055 23.84544
v -34.40582 7.275681 23.84544
v -34.05518 2.556785 -36.12692
v -34.05518 2.20616 -36.12692
v -34.05518 2.20616 -12.62425
v -34.05518 2.556785 -12.62425
v -34.40582 2.556785 -36.12692
v -34.40582 2.556785 -12.62425
v -34.40582 2.20616 -36.12692
v -34.40582 2.20616 -12.62425
v -34.05518 2.556785 23.84544
v -34.05518 2.20616 23.84544
v -34.40582 2.20616 23.84544
v -34.40582 2.556785 23.84544
v -34.05969 2.556785 -35.22169
v -34.05969 2.556785 -34.87106
v -34.05969 6.925055 -34.87106
v -34.05969 6.925055 -35.22169
v -34.41028 2.556785 -35.22169
v -34.41028 6.925055 -35.22169
v -34.41028 2.556785 -34.87106
v -34.41028 6.925055 -34.87106
v -34.05969 2.556785 -33.48608
v -34.05969 2.556785 -33.13545
v -34.05969 6.925055 -33.13545
v -34.05969 6.925055 -33.48608
v -34.41028 2.556785 -33.48608
v -34.41028 6.925055 -33.48608
v -34.41028 2.556785 -33.13545
v -34.41028 6.925055 -33.13545
v -34.05969 2.556785 -31.75047
v -34.05969 2.556785 -31.39984
v -34.05969 6.925055 -31.39984
v -34.05969 6.925055 -31.75047
v -34.41028 2.556785 -31.75047
v -34.41028 6.925055 -31.75047
v -34.41028 2.556785 -31.39984
v -34.41028 6.925055 -31.39984
v -34.05969 2.556785 -30.01488
v -34.05969 2.556785 -29.66425
v -34.05969 6.925055 -29.66425
v -34.05969 6.925055 -30.01488
v -34.41028 2.556785 -30.01488
v -34.41028 6.925055 -30.01488
v -34.41028 2.556785 -29.66425
v -34.41028 6.925055 -29.66425
v -34.05969 2.556785 -28.27925
v -34.05969 2.556785 -27.92862
v -34.05969 6.925055 -27.92862
v -34.05969 6.925055 -28.27925
v -34.41028 2.556785 -28.27925
v -34.41028 6.925055 -28.27925
v -34.41028 2.556785 -27.92862
v -34.41028 6.925055 -27.92862
v -34.05969 2.556785 -26.54366
v -34.05969 2.556785 -26.19302
v -34.05969 6.925055 -26.19302
v -34.05969 6.925055 -26.54366
v -34.41028 2.556785 -26.54366
v -34.41028 6.925055 -26.54366
v -34.41028 2.556785 -26.19302
v -34.41028 6.925055 -26.19302
v -34.05969 2.556785 -24.80803
v -34.05969 2.556785 -24.4574
v -34.05969 6.925055 -24.4574
v -34.05969 6.925055 -24.80803
v -34.41028 2.556785 -24.80803
v -34.41028 6.925055 -24.80803
v -34.41028 2.556785 -24.4574
v -34.41028 6.925055 -24.4574
v -34.05969 2.556785 -23.07243
v -34.05969 2.556785 -22.7218
v -34.05969 6.925055 -22.7218
v -34.05969 6.925055 -23.07243
v -34.41028 2.556785 -23.07243
v -34.41028 6.925055 -23.07243
v -34.41028 2.556785 -22.7218
v -34.41028 6.925055 -22.7218
v -34.05969 2.556785 -21.33682
v -34.05969 2.556785 -20.98621
v -34.05969 6.925055 -20.98621
v -34.05969 6.925055 -21.33682
v -34.41028 2.556785 -21.33682
v -34.41028 6.925055 -21.33682
v -34.41028 2.556785 -20.98621
v -34.41028 6.925055 -20.98621
v -34.05969 2.556785 -19.60121
v -34.05969 2.556785 -19.25058
v -34.05969 6.925055 -19.25058
v -34.05969 6.925055 -19.60121
v -34.41028 2.556785 -19.60121
v -34.41028 6.925055 -19.60121
v -34.41028 2.556785 -19.25058
v -34.41028 6.925055 -19.25058
v -34.05969 2.556785 -17.8656
v -34.05969 2.556785 -17.51498
v -34.05969 6.925055 -17.51498
v -34.05969 6.925055 -17.8656
v -34.41028 2.556785 -17.8656
v -34.41028 6.925055 -17.8656
v -34.41028 2.556785 -17.51498
v -34.41028 6.925055 -17.51498
v -34.05969 2.556785 -16.13
v -34.05969 2.556785 -15.77937
v -34.05969 6.925055 -15.77937
v -34.05969 6.925055 -16.12999
v -34.41028 2.556785 -16.13
v -34.41028 6.925055 -16.12999
v -34.41028 2.556785 -15.77937
v -34.41028 6.925055 -15.77937
v -34.05969 2.556785 -14.39438
v -34.05969 2.556785 -14.04376
v -34.05969 6.925055 -14.04376
v -34.05969 6.925055 -14.39438
v -34.41028 2.556785 -14.39438
v -34.41028 6.925055 -14.39438
v -34.41028 2.556785 -14.04376
v -34.41028 6.925055 -14.04376
v -34.05518 7.275681 -0.5275879
v -34.05518 6.925055 -0.5275879
v -34.40582 7.275681 -0.5275879
v -34.40582 6.925055 -0.5275879
v -34.05518 2.556785 -0.5275879
v -34.05518 2.20616 -0.5275879
v -34.40582 2.556785 -0.5275879
v -33.91699 2.556785 -36.29523
v -33.91699 2.20616 -36.29523
v -33.91699 2.20616 -36.64586
v -33.91699 2.556785 -36.64586
v -33.91699 7.275695 -36.29523
v -33.91699 6.92507 -36.29523
v -33.91699 6.92507 -36.64586
v -33.91699 7.275695 -36.64586
v -33.77496 19.60885 -36.95959
v -34.76025 19.60885 -36.95959
v -34.76025 13.71931 -36.95959
v -33.77496 13.71931 -36.95959
v -34.76025 19.60885 -35.97433
v -34.76025 13.71931 -35.97433
v -33.77496 19.60885 -35.97433
v -33.77496 13.71931 -35.97433
v -34.61829 13.5587 -36.8176
v -33.84888 13.44308 -36.8049
v -34.61829 13.5587 -36.11633
v -33.84888 13.44308 -36.10364
v -33.84888 0.5299251 -36.10364
v -34.61829 0.64553 -36.11633
v -34.61829 0.64553 -36.8176
v -33.77496 19.60883 24.50902
v -33.77496 19.60883 23.52374
v -33.77496 13.71929 23.52374
v -33.77496 13.71929 24.50902
v -34.76025 19.60883 23.52374
v -34.76025 13.71929 23.52374
v -34.76025 19.60883 24.50902
v -34.76025 13.71929 24.50902
v -33.91699 13.55869 23.66576
v -33.91699 13.55869 24.36699
v -34.61829 13.55869 23.66576
v -34.61829 13.55869 24.36699
v -34.61829 0.6455151 23.66574
v -34.61829 0.6455151 24.36699
v -33.91699 0.6455151 24.36699
v -33.91699 0.6455151 23.66574
v -33.77496 19.60883 12.41235
v -33.77496 19.60883 11.42708
v -33.77496 13.71931 11.42708
v -33.77496 13.71931 12.41235
v -34.76025 19.60883 11.42708
v -34.76025 13.71931 11.42708
v -34.76025 19.60883 12.41235
v -34.76025 13.71931 12.41235
v -33.91699 13.55869 11.56908
v -33.91699 13.55869 12.27034
v -34.61829 13.55869 11.56908
v -34.61829 13.55869 12.27034
v -34.61829 0.64553 11.56908
v -34.61829 0.64553 12.27034
v -33.91699 0.64553 12.27034
v -33.91699 0.64553 11.56908
v -34.40582 2.20616 -0.5275879
v -34.05969 2.556785 1.226089
v -34.05969 2.556785 1.576721
v -34.05969 6.925055 1.576721
v -34.05969 6.925055 1.226089
v -34.41028 2.556785 1.226089
v -34.41028 6.925055 1.226089
v -34.41028 2.556785 1.576721
v -34.41028 6.925055 1.576721
v -34.05969 2.556785 2.961716
v -34.05969 2.556785 3.312332
v -34.05969 6.925055 3.312332
v -34.05969 6.925055 2.961716
v -34.41028 2.556785 2.961716
v -34.41028 6.925055 2.961716
v -34.41028 2.556785 3.312332
v -34.41028 6.925055 3.312332
v -34.05969 2.556785 4.697311
v -34.05969 2.556785 5.047943
v -34.05969 6.925055 5.047943
v -34.05969 6.925055 4.697311
v -34.41028 2.556785 4.697311
v -34.41028 6.925055 4.697311
v -34.41028 2.556785 5.047943
v -34.41028 6.925055 5.047943
v -34.05969 2.556785 6.432907
v -34.05969 2.556785 6.783539
v -34.05969 6.925055 6.783539
v -34.05969 6.925055 6.432907
v -34.41028 2.556785 6.432907
v -34.41028 6.925055 6.432907
v -34.41028 2.556785 6.783539
v -34.41028 6.925055 6.783539
v -34.05969 2.556785 8.168533
v -34.05969 2.556785 8.519165
v -34.05969 6.925055 8.519165
v -34.05969 6.925055 8.168533
v -34.41028 2.556785 8.168533
v -34.41028 6.925055 8.168533
v -34.41028 2.556785 8.519165
v -34.41028 6.925055 8.519165
v -34.05969 2.556785 9.904129
v -34.05969 2.556785 10.25476
v -34.05969 6.925055 10.25476
v -34.05969 6.925055 9.904129
v -34.41028 2.556785 9.904129
v -34.41028 6.925055 9.904129
v -34.41028 2.556785 10.25476
v -34.41028 6.925055 10.25476
v -34.05969 2.556785 11.63974
v -34.05969 2.556785 11.99037
v -34.05969 6.925055 11.99037
v -34.05969 6.925055 11.63974
v -34.41028 2.556785 11.63974
v -34.41028 6.925055 11.63974
v -34.41028 2.556785 11.99037
v -34.41028 6.925055 11.99037
v -34.05969 2.556785 13.37535
v -34.05969 2.556785 13.72598
v -34.05969 6.925055 13.72598
v -34.05969 6.925055 13.37535
v -34.41028 2.556785 13.37535
v -34.41028 6.925055 13.37535
v -34.41028 2.556785 13.72598
v -34.41028 6.925055 13.72598
v -34.05969 2.556785 15.11096
v -34.05969 2.556785 15.46159
v -34.05969 6.925055 15.46159
v -34.05969 6.925055 15.11096
v -34.41028 2.556785 15.11096
v -34.41028 6.925055 15.11096
v -34.41028 2.556785 15.46159
v -34.41028 6.925055 15.46159
v -34.05969 2.556785 16.84656
v -34.05969 2.556785 17.19719
v -34.05969 6.925055 17.19719
v -34.05969 6.925055 16.84656
v -34.41028 2.556785 16.84656
v -34.41028 6.925055 16.84656
v -34.41028 2.556785 17.19719
v -34.41028 6.925055 17.19719
v -34.05969 2.556785 18.58218
v -34.05969 2.556785 18.93282
v -34.05969 6.925055 18.93282
v -34.05969 6.925055 18.58218
v -34.41028 2.556785 18.58218
v -34.41028 6.925055 18.58218
v -34.41028 2.556785 18.93282
v -34.41028 6.925055 18.93282
v -34.05969 2.556785 20.31778
v -34.05969 2.556785 20.66841
v -34.05969 6.925055 20.66841
v -34.05969 6.925055 20.31778
v -34.41028 2.556785 20.31778
v -34.41028 6.925055 20.31778
v -34.41028 2.556785 20.66841
v -34.41028 6.925055 20.66841
v -34.05969 2.556785 22.05341
v -34.05969 2.556785 22.40401
v -34.05969 6.925055 22.40401
v -34.05969 6.925055 22.05341
v -34.41028 2.556785 22.05341
v -34.41028 6.925055 22.05341
v -34.41028 2.556785 22.40401
v -34.41028 6.925055 22.40401
v -33.84888 0.5299251 -36.8049
v -33.91699 0.64553 -24.72093
v -33.91699 0.64553 -24.01967
v -33.91699 13.55869 -24.01967
v -33.91699 13.55869 -24.72093
v -34.61829 0.64553 -24.72093
v -34.61829 13.55869 -24.72093
v -34.61829 0.64553 -24.01967
v -34.61829 13.55869 -24.01967
v -33.77496 19.60885 -24.86293
v -33.77496 19.60885 -23.87766
v -34.76025 19.60885 -23.87766
v -34.76025 19.60885 -24.86293
v -34.76025 13.71931 -23.87766
v -33.77496 13.71931 -23.87766
v -34.76025 13.71931 -24.86293
v -33.77496 13.71931 -24.86293
v -33.91699 0.64553 -12.62425
v -33.91699 0.64553 -11.92299
v -33.91699 13.55869 -11.92299
v -33.91699 13.55869 -12.62425
v -34.61829 0.64553 -12.62425
v -34.61829 13.55869 -12.62425
v -34.61829 0.64553 -11.92299
v -34.61829 13.55869 -11.92299
v -33.77496 19.60885 -12.76627
v -33.77496 19.60885 -11.78099
v -34.76025 19.60885 -11.78099
v -34.76025 19.60885 -12.76627
v -34.76025 13.71931 -11.78099
v -33.77496 13.71931 -11.78099
v -34.76025 13.71931 -12.76627
v -33.77496 13.71931 -12.76627
v -33.91699 0.64553 -0.5275879
v -33.91699 0.64553 0.1736755
v -33.91699 13.55869 0.1736755
v -33.91699 13.55869 -0.5275879
v -34.61829 0.64553 -0.5275879
v -34.61829 13.55869 -0.5275879
v -34.61829 0.64553 0.1736755
v -34.61829 13.55869 0.1736755
v -33.77496 19.60885 -0.6695862
v -33.77496 19.60885 0.3156738
v -34.76025 19.60885 0.3156738
v -34.76025 19.60885 -0.6695862
v -34.76025 13.71931 0.3156738
v -33.77496 13.71931 0.3156738
v -34.76025 13.71931 -0.6695862
v -33.77496 13.71931 -0.6695862
v -15.15601 0.2615 28.79053
v -15.15601 0.2615 30.19302
v -15.15601 41.11475 30.19304
v -15.15601 41.11475 28.79053
v -13.75348 0.2615 28.79053
v -13.75348 41.11475 28.79053
v -13.75348 0.2615 30.19302
v -13.75348 41.11475 30.19304
v 30.86633 40.41346 28.79053
v 30.86633 40.41346 30.19304
v -15.15601 40.41346 30.19304
v -15.15601 40.41346 28.79053
v 30.86633 41.81597 28.79053
v -15.15601 41.81597 28.79053
v 30.86633 41.81597 30.19304
v -15.15601 41.81597 30.19304
v 30.86633 40.41346 -42.70679
v 30.86633 40.41346 -41.30428
v -15.15601 40.41346 -41.30428
v -15.15601 40.41346 -42.70679
v 30.86633 41.81597 -42.70679
v -15.15601 41.81597 -42.70679
v 30.86633 41.81597 -41.30428
v -15.15601 41.81597 -41.30428
v 29.46381 0.2615 28.79053
v 29.46381 0.2615 30.19304
v 29.46381 41.11475 30.19304
v 29.46381 41.11475 28.79053
v 30.86633 0.2615 28.79053
v 30.86633 41.11475 28.79053
v 30.86633 0.2615 30.19304
v 30.86633 41.11475 30.19304
v -15.15601 0.261515 -42.70988
v -15.15601 0.261515 -41.30737
v -15.15601 41.11477 -41.30736
v -15.15601 41.11477 -42.70987
v -13.75348 0.261515 -42.70988
v -13.75348 41.11477 -42.70987
v -13.75348 0.261515 -41.30737
v -13.75348 41.11477 -41.30736
v 29.46381 0.261515 -42.70987
v 29.46381 0.261515 -41.30737
v 29.46381 41.11477 -41.30736
v 29.46381 41.11477 -42.70987
v 30.86633 0.261515 -42.70987
v 30.86633 41.11477 -42.70987
v 30.86633 0.261515 -41.30737
v 30.86633 41.11477 -41.30736
v -24.96594 23.75593 -12.24553
v -24.96594 23.75593 -18.45862
v -24.96594 27.79526 -18.45859
v -24.96594 27.79526 -12.24553
v -24.96594 23.75593 -0.2862549
v -24.96594 38.39401 -18.45859
v -24.96594 27.79526 -0.2862549
v -24.96594 23.75593 6.083496
v -24.96594 27.79526 6.083496
v -24.96594 38.39401 -12.24553
v -24.96594 38.39401 -0.2862549
v -24.96594 38.39399 6.083496
v -3.712891 23.75593 6.083496
v -3.712891 27.79526 6.083496
v -3.712891 38.39399 6.083496
v -3.712891 23.75593 -0.2862549
v -3.712891 27.79526 -0.2862549
v -3.712891 23.75593 -12.24553
v -3.712891 27.79526 -12.24553
v -3.712891 23.75593 -18.45859
v -3.712891 27.79526 -18.45859
v -3.712891 38.39401 -0.2862549
v -3.712891 38.39401 -12.24553
v -3.712891 38.39401 -18.45859
v -4.589417 40.23314 -12.24553
v -4.589417 40.23314 -17.58203
v -24.08936 40.23314 -17.58203
v -24.08936 40.23314 -12.24553
v -24.08936 40.23314 -0.2862549
v -4.589417 40.23314 -0.2862549
v -24.08936 40.23314 5.206924
v -4.589417 40.23314 5.206924
v -4.589417 38.39401 -17.58203
v -24.08936 38.39401 -17.58203
v -4.589417 27.79526 -17.58203
v -24.08936 27.79526 -17.58203
v -4.589417 23.75593 -17.58203
v -24.08936 23.75593 -17.58203
v -24.08936 38.39401 -12.24553
v -24.08936 38.39401 -0.2862549
v -24.08936 38.39399 5.206909
v -24.08936 27.79526 -12.24553
v -24.08936 27.79526 -0.2862549
v -24.08936 23.75593 -12.24553
v -24.08936 23.75593 -0.2862549
v -24.08936 27.79526 5.206909
v -24.08936 23.75593 5.206909
v -4.589417 38.39399 5.206924
v -4.589417 27.79526 5.206909
v -4.589417 23.75593 5.206909
v -4.589417 38.39401 -0.2862549
v -4.589417 38.39401 -12.24553
v -4.589417 27.79526 -0.2862549
v -4.589417 23.75593 -0.2862549
v -4.589417 23.75593 -12.24553
v -4.589417 27.79526 -12.24553
v -14.97662 2.077985 -32.37521
v -14.97662 2.077985 -42.39574
v -14.97662 8.651916 -42.39574
v -14.97662 8.651916 -32.37521
v -14.97662 19.24994 -42.39574
v -14.97662 8.651916 -20.41594
v -14.97662 19.24994 -32.37521
v -14.97662 2.077985 -20.41594
v -14.97662 25.93715 -42.39574
v -14.97662 8.651916 -10.72986
v -14.97662 19.24994 -10.72986
v -14.97662 19.24994 -20.41594
v -14.97662 28.58522 -30.77838
v -14.97662 36.51544 -42.39572
v -14.97662 28.58522 -21.80191
v -14.97662 36.51544 -30.77838
v -14.97662 41.11472 -30.77838
v -14.97662 41.11472 -21.80191
v -14.97662 36.51544 -21.80191
v -14.97662 41.11471 -10.72986
v -14.97662 36.51544 -10.72986
v -14.97662 41.11471 -1.643799
v -14.97662 28.58522 -10.72986
v -14.97662 36.51544 -1.643799
v -14.97662 41.11471 10.01929
v -14.97662 28.58522 -1.643799
v -14.97662 19.24994 -1.643799
v -14.97662 36.51544 10.01929
v -14.97662 41.11471 18.97925
v -14.97662 28.58522 10.01929
v -14.97662 36.51542 18.97925
v -14.97662 36.51542 30.02061
v -14.97662 28.58522 18.97925
v -14.97662 25.93714 30.02061
v -14.97662 19.24994 8.48085
v -14.97662 19.24994 20.44014
v -14.97662 19.24993 30.02061
v -14.97662 8.651916 8.48085
v -14.97662 2.077985 8.48085
v -14.97662 8.651916 20.44014
v -14.97662 8.651916 30.02061
v -14.97662 2.077985 20.44014
v -14.97662 2.07797 30.02061
v 30.6933 2.077985 20.44014
v 30.6933 2.07797 30.02061
v 30.6933 8.651916 30.02061
v 30.6933 8.651916 20.44014
v 30.6933 19.24993 30.02061
v 30.6933 8.651916 8.48085
v 30.6933 19.24994 20.44014
v 30.6933 2.077985 8.48085
v 30.6933 25.93714 30.02061
v 30.6933 8.651916 -1.643799
v 30.6933 2.077985 -1.643799
v 30.6933 28.58522 18.97925
v 30.6933 36.51542 30.02061
v 30.6933 28.58522 10.01929
v 30.6933 36.51542 18.97925
v 30.6933 41.11471 18.97925
v 30.6933 41.11471 10.01929
v 30.6933 36.51544 10.01929
v 30.6933 41.11471 -1.643784
v 30.6933 19.24994 8.48085
v 30.6933 36.51544 -1.643784
v 30.6933 41.11471 -10.72986
v 30.6933 28.58522 -1.643799
v 30.6933 36.51544 -10.72986
v 30.6933 41.11472 -21.80191
v 30.6933 19.24994 -1.643799
v 30.6933 36.51544 -21.80191
v 30.6933 41.11472 -30.77838
v 30.6933 28.58522 -10.72986
v 30.6933 36.51544 -30.77838
v 30.6933 36.51544 -42.39572
v 30.6933 28.58522 -30.77838
v 30.6933 28.58522 -21.80191
v 30.6933 25.93715 -42.39572
v 30.6933 19.24994 -10.72986
v 30.6933 19.24994 -32.37521
v 30.6933 19.24994 -42.39574
v 30.6933 19.24994 -20.41594
v 30.6933 8.651916 -32.37521
v 30.6933 8.651916 -42.39574
v 30.6933 8.651916 -10.72986
v 30.6933 2.077985 -10.72986
v 30.6933 8.651916 -20.41594
v 30.6933 2.077985 -20.41594
v 30.6933 2.077985 -32.37521
v 30.6933 2.077985 -42.39574
v 24.52301 2.077985 -42.39574
v 24.52301 8.651916 -42.39574
v 12.5271 2.077985 -42.39574
v 12.5271 8.651916 -42.39574
v 24.52301 19.24994 -42.39574
v 3.18335 2.077985 -42.39574
v 24.52301 25.93715 -42.39574
v 12.5271 19.24994 -42.39574
v 24.52301 36.51544 -42.39572
v 24.52301 41.11472 -42.39572
v 12.5271 41.11472 -42.39572
v 12.5271 36.51544 -42.39572
v 3.18335 41.11472 -42.39572
v 12.5271 25.93715 -42.39574
v 3.18335 8.651916 -42.39574
v 3.18335 19.24994 -42.39574
v -8.794983 8.651916 -42.39574
v -8.794983 2.077985 -42.39574
v -8.794983 19.24994 -42.39574
v -8.794983 25.93715 -42.39574
v 3.18335 25.93715 -42.39574
v -8.794983 36.51544 -42.39572
v 3.18335 36.51544 -42.39572
v -8.794983 41.11472 -42.39572
v 24.52301 0.2615601 -41.51915
v 29.81677 0.2615601 -41.51915
v 29.81677 0.2615601 -32.37521
v 24.52301 0.2615601 -32.37521
v 12.5271 0.2615601 -41.51915
v 24.52301 0.2615601 -20.41594
v 29.81677 0.2615601 -20.41594
v 12.5271 0.2615601 -32.37521
v 3.18335 0.2615601 -41.51915
v 12.5271 0.2615601 -20.41594
v 24.52301 0.2615601 -10.72986
v 29.81677 0.2615601 -10.72986
v 29.81677 0.2615451 -1.643799
v 3.18335 0.2615601 -32.37521
v -8.794983 0.2615601 -41.51915
v 12.5271 0.2615601 -10.72986
v 24.52301 0.2615451 -1.643799
v 29.81677 0.2615451 8.48085
v 3.18335 0.2615601 -20.41594
v -8.794983 0.2615601 -32.37521
v -14.1001 0.2615601 -41.51915
v -14.1001 0.2615601 -32.37521
v -14.1001 0.2615601 -20.41594
v -8.794983 0.2615601 -20.41594
v 3.18335 0.2615601 -10.72986
v -8.794983 0.2615601 -10.72986
v 12.5271 0.2615451 -1.643799
v -8.794983 0.2615451 -1.643799
v 3.18335 0.2615451 -1.643799
v 24.52301 0.2615451 8.48085
v -8.794983 0.2615451 8.48085
v -14.1001 0.2615451 8.48085
v -14.1001 0.2615451 20.44014
v 12.5271 0.2615451 8.48085
v 3.18335 0.2615451 8.48085
v -8.794983 0.2615451 20.44014
v -14.1001 0.2615451 29.14403
v -8.794983 0.2615451 29.14403
v 3.18335 0.2615451 20.44014
v 3.18335 0.2615451 29.14403
v 12.5271 0.2615451 20.44014
v 12.5271 0.2615451 29.14403
v 24.52301 0.2615451 20.44014
v 24.52301 0.2615451 29.14403
v 29.81677 0.2615451 20.44014
v 29.81677 0.2615451 29.14406
v -8.794983 2.07797 30.02061
v -8.794983 8.651916 30.02061
v 3.18335 8.651916 30.02061
v -8.794983 19.24993 30.02061
v 3.18335 2.07797 30.02061
v 12.5271 2.07797 30.02061
v 12.5271 8.651916 30.02061
v 24.52301 2.07797 30.02061
v 3.18335 19.24993 30.02061
v 24.52301 8.651916 30.02061
v 24.52301 19.24993 30.02061
v 12.5271 19.24993 30.02061
v -8.794983 25.93714 30.02061
v 3.18335 25.93714 30.02061
v -8.794983 36.51542 30.02061
v -8.794983 41.11471 30.02061
v 3.18335 41.11471 30.02061
v 3.18335 36.51542 30.02061
v 12.5271 25.93714 30.02061
v 24.52301 25.93714 30.02061
v 12.5271 36.51542 30.02061
v 12.5271 41.11471 30.02061
v 24.52301 36.51542 30.02061
v 24.52301 41.11471 30.02061
v -14.97662 0.2615451 30.02061
v -14.97662 0.2615451 20.44014
v -14.97662 0.2615451 8.48085
v -14.97662 0.2615601 -42.39574
v -8.794983 0.2615601 -42.39574
v 3.18335 0.2615601 -42.39574
v 12.5271 0.2615601 -42.39574
v 24.52301 0.2615601 -42.39574
v 30.6933 0.2615601 -42.39574
v 30.6933 0.2615601 -32.37521
v 30.6933 0.2615601 -20.41594
v 30.6933 0.2615601 -10.72986
v 30.6933 0.2615451 -1.643799
v 30.6933 0.2615451 8.48085
v 30.6933 0.2615451 20.44014
v 30.6933 0.2615451 30.02061
v 24.52301 0.2615451 30.02061
v 12.5271 0.2615451 30.02061
v 3.18335 0.2615451 30.02061
v -8.794983 0.2615451 30.02061
v -15.85321 2.077985 20.44014
v -15.85321 2.07797 30.89717
v -15.85321 0.2615451 30.89717
v -15.85321 0.2615451 20.44014
v -15.85321 0.2615451 8.48085
v -15.85321 2.077985 8.48085
v -15.85321 0.2615451 -1.643799
v -15.85321 2.077985 -1.643799
v -8.794983 2.077985 -43.27229
v -15.85321 2.077985 -43.27229
v -15.85321 0.2615601 -43.27229
v -8.794983 0.2615601 -43.27229
v 3.18335 0.2615601 -43.27229
v 3.18335 2.077985 -43.27229
v 12.5271 2.077985 -43.27229
v 12.5271 0.2615601 -43.27229
v 24.52301 2.077985 -43.27229
v 24.52301 0.2615601 -43.27229
v 31.56989 2.077985 -43.27229
v 31.56989 0.2615601 -43.27229
v 31.56989 2.077985 -32.37521
v 31.56989 0.2615601 -32.37521
v 31.56989 0.2615601 -20.41594
v 31.56989 2.077985 -20.41594
v 31.56989 0.2615601 -10.72986
v 31.56989 2.077985 -10.72986
v 31.56989 0.2615451 -1.643799
v 31.56989 2.077985 -1.643799
v 31.56989 0.2615451 8.48085
v 31.56989 2.077985 8.48085
v 31.56989 0.2615451 20.44014
v 31.56989 2.077985 20.44014
v 31.56989 0.2615451 30.89717
v 31.56989 2.07797 30.89717
v 24.52301 2.07797 30.89717
v 24.52301 0.2615451 30.89717
v 12.5271 2.07797 30.89717
v 12.5271 0.2615451 30.89717
v 3.18335 2.07797 30.89717
v 3.18335 0.2615451 30.89717
v -8.794983 2.07797 30.89717
v -8.794983 0.2615451 30.89717
v -15.85321 2.077985 -32.37521
v -15.85321 2.077985 -20.41594
v -15.85321 2.077985 -10.72986
v -14.97662 0.2615601 -32.37521
v -14.97662 0.2615601 -20.41594
v -15.85321 0.2615601 -32.37521
v -15.85321 0.2615601 -20.41594
v -15.85321 0.2615601 -10.72986
v -14.1001 8.651916 -41.51915
v -8.794983 8.651916 -41.51915
v -14.1001 19.24994 -41.51915
v -8.794983 19.24994 -41.51915
v 3.18335 8.651916 -41.51915
v -14.1001 25.93715 -41.51915
v -8.794983 25.93715 -41.51915
v -14.1001 36.51544 -41.51915
v 3.18335 19.24994 -41.51915
v 12.5271 8.651916 -41.51915
v -8.794983 36.51544 -41.51915
v -14.1001 40.21358 -41.51915
v -8.794983 40.21358 -41.51915
v 3.18335 36.51544 -41.51915
v 3.18335 25.93715 -41.51915
v 3.18335 40.21358 -41.51915
v 12.5271 19.24994 -41.51915
v 24.52301 8.651916 -41.51915
v 29.81677 8.651916 -41.51915
v 24.52301 19.24994 -41.51915
v 29.81677 19.24994 -41.51915
v 12.5271 25.93715 -41.51915
v 12.5271 36.51544 -41.51915
v 12.5271 40.21358 -41.51915
v 24.52301 25.93715 -41.51915
v 29.81677 25.93715 -41.51915
v 24.52301 36.51544 -41.51915
v 24.52301 40.21358 -41.51915
v 29.81677 36.51544 -41.51915
v 29.81677 40.21358 -41.51915
v 29.81677 40.21358 -32.37521
v 24.52301 40.21358 -32.37521
v 24.52301 40.21358 -20.41594
v 29.81677 40.21358 -20.41594
v 12.5271 40.21358 -32.37521
v 12.5271 40.21358 -20.41594
v 24.52301 40.21358 -10.72986
v 29.81677 40.21358 -10.72986
v 3.18335 40.21358 -32.37521
v 3.18335 40.21358 -20.41594
v 12.5271 40.21358 -10.72986
v 24.52301 40.21358 -1.643784
v 29.81677 40.21358 -1.643784
v -8.794983 40.21358 -32.37521
v -14.1001 40.21358 -32.37521
v -14.1001 40.21358 -20.41594
v -8.794983 40.21358 -20.41594
v -14.1001 40.21358 -10.72986
v -8.794983 40.21358 -10.72986
v -14.1001 40.21358 -1.643799
v 3.18335 40.21358 -10.72986
v -8.794983 40.21358 -1.643784
v -14.1001 40.21357 8.48085
v 3.18335 40.21358 -1.643784
v -8.794983 40.21357 8.48085
v -14.1001 40.21357 20.44014
v 12.5271 40.21358 -1.643784
v -8.794983 40.21357 20.44014
v -14.1001 40.21357 29.14406
v -8.794983 40.21357 29.14406
v 3.18335 40.21357 8.48085
v 3.18335 40.21357 20.44014
v 3.18335 40.21357 29.14406
v 12.5271 40.21357 8.48085
v 12.5271 40.21357 20.44014
v 12.5271 40.21357 29.14406
v 24.52301 40.21357 8.48085
v 29.81677 40.21357 8.48085
v 24.52301 40.21357 20.44014
v 24.52301 40.21357 29.14406
v 29.81677 40.21357 20.44014
v 29.81677 40.21357 29.14406
v -14.1001 36.51544 -30.77838
v -14.1001 28.58522 -30.77838
v -14.1001 36.51544 -21.80191
v -14.1001 19.24994 -32.37521
v -14.1001 28.58522 -21.80191
v -14.1001 8.651916 -32.37521
v -14.1001 8.651916 -20.41594
v -14.1001 19.24994 -20.41594
v -14.1001 8.651916 -10.72986
v -14.1001 19.24994 -10.72986
v -14.1001 28.58522 -10.72986
v -14.1001 19.24994 -1.643799
v -14.1001 36.51544 -10.72986
v -14.1001 28.58522 -1.643799
v -14.1001 36.51544 -1.643799
v -14.1001 36.51544 10.01929
v -14.1001 36.51542 18.97925
v -14.1001 36.51542 29.14406
v -14.1001 28.58522 18.97925
v -14.1001 28.58522 10.01929
v -14.1001 25.93714 29.14406
v -14.1001 19.24994 8.48085
v -14.1001 19.24994 20.44014
v -14.1001 19.24993 29.14406
v -14.1001 8.651916 20.44014
v -14.1001 8.651916 8.48085
v -14.1001 8.651916 29.14406
v 29.81677 36.51542 29.14406
v 29.81677 36.51542 18.97925
v 29.81677 25.93714 29.14406
v 29.81677 28.58522 18.97925
v 29.81677 19.24993 29.14406
v 29.81677 36.51544 10.01929
v 29.81677 19.24994 20.44014
v 29.81677 8.651916 29.14406
v 29.81677 28.58522 10.01929
v 29.81677 8.651916 20.44014
v 29.81677 8.651916 8.48085
v 29.81677 19.24994 8.48085
v 29.81677 8.651916 -1.643799
v 29.81677 28.58522 -1.643799
v 29.81677 8.651916 -10.72986
v 29.81677 19.24994 -1.643799
v 29.81677 36.51544 -1.643784
v 29.81677 19.24994 -10.72986
v 29.81677 28.58522 -10.72986
v 29.81677 36.51544 -10.72986
v 29.81677 36.51544 -21.80191
v 29.81677 36.51544 -30.77838
v 29.81677 28.58522 -30.77838
v 29.81677 28.58522 -21.80191
v 29.81677 19.24994 -20.41594
v 29.81677 8.651916 -20.41594
v 29.81677 19.24994 -32.37521
v 29.81677 8.651916 -32.37521
v -8.794983 36.51542 29.14406
v -8.794983 25.93714 29.14406
v 3.18335 36.51542 29.14406
v -8.794983 19.24993 29.14406
v 3.18335 25.93714 29.14406
v 12.5271 36.51542 29.14406
v -8.794983 8.651916 29.14406
v 3.18335 8.651916 29.14406
v 3.18335 19.24993 29.14406
v 24.52301 36.51542 29.14406
v 12.5271 25.93714 29.14406
v 24.52301 25.93714 29.14406
v 12.5271 19.24993 29.14406
v 12.5271 8.651916 29.14406
v 24.52301 19.24993 29.14406
v 24.52301 8.651916 29.14406
v 17.4519 45.62606 -38.02484
v 17.62726 45.62606 -37.84952
v 22.53601 45.62606 -37.84952
v 22.71136 45.62606 -38.02484
v 22.53601 45.62606 -32.94073
v 22.71136 45.62606 -32.76541
v 17.4519 45.62606 -32.76541
v 17.62726 45.62606 -32.94073
v 22.71136 55.36705 -38.02484
v 17.4519 55.36705 -38.02484
v 22.71136 55.36705 -32.76541
v 17.4519 55.36705 -32.76541
v 24.52301 41.11471 18.97925
v 24.52301 41.11471 10.01929
v 12.5271 41.11471 18.97925
v 12.5271 41.11471 10.01929
v 24.52301 41.11471 -1.643784
v 3.18335 41.11471 18.97925
v 3.18335 41.11471 10.01929
v 12.5271 41.11471 -1.643784
v 24.52301 41.11471 -10.72986
v -8.794983 41.11471 18.97925
v -8.794983 41.11471 10.01929
v -8.794983 41.11471 -1.643784
v 3.18335 41.11471 -1.643784
v -8.794983 41.11471 -10.72986
v 3.18335 41.11471 -10.72986
v -8.794983 41.11472 -21.80191
v 12.5271 41.11471 -10.72986
v -8.794983 41.11472 -30.77838
v 3.18335 41.11472 -21.80191
v 3.18335 41.11472 -30.77838
v 12.5271 41.11472 -21.80191
v 12.5271 41.11472 -30.77838
v 24.52301 41.11472 -21.80191
v 24.52301 41.11472 -30.77838
v -14.1001 28.25108 -32.00903
v -35.35315 19.5431 -38.32036
v -14.1001 20.39221 -38.32036
v -14.1001 28.25107 19.63393
v -14.1001 20.39219 25.94524
v -35.35315 19.54309 25.94524
v -14.59686 23.69957 -32.87808
v -14.59686 23.69956 20.50298
v -14.59686 19.51562 25.06865
v -14.59686 19.51564 -37.44377
v -24.96594 48.21045 -6.187561
v -24.96594 41.87354 -18.89738
v -24.96594 49.22302 -6.187561
v -24.96594 41.87354 6.522293
v 10.91058 41.87354 -18.89738
v 10.91058 41.11471 -18.45859
v 10.91058 49.22302 -6.187561
v 10.91058 48.21045 -6.187561
v 10.91058 41.87354 6.522293
v 10.91058 41.11471 6.083496
v 12.6637 40.99597 -20.41505
v 12.6637 49.22302 -6.187561
v -26.71906 40.99597 -20.41507
v -26.71906 49.22302 -6.187561
v -26.71906 40.99595 8.039963
v 12.6637 40.99595 8.039963
v 7.850891 56.61536 -42.39572
v 7.850891 56.61536 30.02061
v -15.42633 41.86712 30.02061
v -15.42633 41.86714 -42.39572
v 31.14301 41.86714 -42.39572
v 31.14301 41.86712 30.02061
v 7.850891 56.61536 31.77376
v -16.93115 40.96769 31.77376
v -16.93115 40.96769 -44.14886
v 7.850891 56.61536 -44.14886
v 32.64783 40.96769 -44.14886
v 32.64783 40.96769 31.77376
v 22.53601 57.43398 -37.84952
v 22.53601 57.43398 -32.94073
v 17.62726 57.43398 -37.84952
v 16.46271 57.43398 -39.01404
v 16.46271 57.43398 -31.77621
v 16.46271 55.36705 -31.77621
v 16.46271 55.36705 -39.01404
v 23.7005 57.43398 -31.77621
v 23.7005 55.36705 -31.77621
v 23.7005 57.43398 -39.01404
v 23.7005 55.36705 -39.01404
v 17.62726 57.43398 -32.94073
v -17.24219 23.69956 20.50298
v -17.24219 23.69957 -32.87808
v -14.1001 19.51564 -38.32036
v -14.1001 19.51562 25.94524
v -35.35315 18.66653 -38.32036
v -35.35315 18.66652 25.94524
v -34.47656 18.66653 -37.44377
v -34.47656 18.66652 25.06865
v -26.71906 48.21045 -6.187561
v -26.71906 40.23711 -19.97626
v -26.71906 40.23711 7.601166
v 12.6637 40.23711 -19.97626
v 12.6637 48.21045 -6.187561
v 12.6637 40.23711 7.601166
v 7.850891 55.59415 31.77376
v -16.48145 40.21527 31.77376
v 32.19812 40.21527 31.77376
v -16.48145 40.21527 -44.14886
v 7.850891 55.59415 -44.14886
v 32.19812 40.21527 -44.14886
v 7.850891 55.59415 30.02061
v 7.850891 55.59415 -42.39572

vt 0.8562 1
vt 0.7124 1
vt 1 1
vt 0.4636 1
vt 0.2147 1
vt 0 1
vt 0.8562 0
vt 1 0
vt 0.7124 0
vt 0.4636 0
vt 0.2147 0
vt 0 0
vt 0.84 0.3125
vt 0.84 0.25
vt 0.84 0.375
vt 0.84 0.5
vt 1 0.4375
vt 1 0.5
vt 1 0.375
vt 1 0.25
vt 0.7538 0.7538
vt 0.2462 0.7538
vt 0.7538 0.2462
vt 0.2462 0.2462
vt 1 0.5467
vt 0 0.5467
vt 0 0.4481
vt 1 0.4481
vt 0 0.2517
vt 0.2147 0.2517
vt 0 0.7162
vt 0.7124 0.2517
vt 1 0.2517
vt 0.2147 0.7162
vt 0.7124 0.7162
vt 1 0.7162
vt 0.2876 0
vt 0.2876 0.2517
vt 0.7853 0
vt 0.7853 0.2517
vt 0.2876 0.7162
vt 0.2876 1
vt 0.7853 1
vt 0.7853 0.7162
vt 0.2147 0.0412
vt 0.0357 0.0412
vt 0.0357 0.9588
vt 0.2147 0.9588
vt 0.7124 0.9588
vt 0.7124 0.0412
vt 0.9643 0.9588
vt 0.9643 0.0412
vt 0.1429 0.0533
vt 0 0.0533
vt 0 0.2149
vt 0.1429 0.2149
vt 0 0.4748
vt 0.2798 0.2149
vt 0.1429 0.4748
vt 0.2798 0.0533
vt 0 0.55
vt 0.3916 0.2149
vt 0.3916 0.0533
vt 0.3916 0.4748
vt 0.2798 0.4748
vt 0.1429 0.55
vt 0 0.9216
vt 0.2798 0.55
vt 0.1429 0.9216
vt 0.1429 1
vt 0.2798 1
vt 0.2798 0.9216
vt 0.4 1
vt 0.4 0.9216
vt 0.5856 1
vt 0.4 0.55
vt 0.5856 0.9216
vt 0.7086 1
vt 0.5856 0.55
vt 0.5959 0.4748
vt 0.7086 0.9216
vt 0.84 1
vt 0.7086 0.55
vt 0.84 0.9216
vt 1 0.9216
vt 0.84 0.55
vt 1 0.55
vt 0.7086 0.4748
vt 0.5959 0.2149
vt 0.84 0.4748
vt 1 0.4748
vt 0.7086 0.2149
vt 0.5959 0.0533
vt 0.7086 0.0533
vt 0.84 0.2149
vt 1 0.2149
vt 0.84 0.0533
vt 1 0.0533
vt 0.16 0.0533
vt 0.16 0.2149
vt 0.2914 0.2149
vt 0.16 0.4748
vt 0.2914 0.0533
vt 0.4041 0.2149
vt 0.4041 0.0533
vt 0.16 0.55
vt 0.2914 0.55
vt 0.16 0.9216
vt 0.16 1
vt 0.2914 1
vt 0.2914 0.9216
vt 0.4144 1
vt 0.2914 0.4748
vt 0.4144 0.9216
vt 0.6 1
vt 0.4144 0.55
vt 0.6 0.9216
vt 0.7202 1
vt 0.4041 0.4748
vt 0.7202 0.9216
vt 0.8571 1
vt 0.6 0.55
vt 0.8571 0.9216
vt 0.8571 0.55
vt 0.7202 0.55
vt 0.6084 0.4748
vt 0.8571 0.4748
vt 0.7202 0.4748
vt 0.8571 0.2149
vt 0.6084 0.2149
vt 0.6084 0.0533
vt 0.7202 0.2149
vt 0.7202 0.0533
vt 0.8571 0.0533
vt 0.25 0.0533
vt 0.25 0.2149
vt 0.5 0.0533
vt 0.5 0.2149
vt 0.25 0.4748
vt 0.75 0.0533
vt 0.25 0.55
vt 0.5 0.4748
vt 0.25 0.9216
vt 0.25 1
vt 0.5 1
vt 0.5 0.9216
vt 0.75 1
vt 0.5 0.55
vt 0.75 0.2149
vt 0.75 0.4748
vt 0.8889 0.2149
vt 0.8889 0.0533
vt 0.8889 0.4748
vt 0.8889 0.55
vt 0.75 0.55
vt 0.8889 0.9216
vt 0.75 0.9216
vt 0.8889 1
vt 0.0125 0.25
vt 0.0125 0.0355
vt 0.1429 0.0355
vt 0.1429 0.25
vt 0.0125 0.5
vt 0.2798 0.25
vt 0.2798 0.0355
vt 0.1429 0.5
vt 0.0125 0.75
vt 0.2798 0.5
vt 0.3916 0.25
vt 0.3916 0.0355
vt 0.5959 0.0355
vt 0.1429 0.75
vt 0.0125 0.8889
vt 0.3916 0.5
vt 0.5959 0.25
vt 0.7086 0.0355
vt 0.2798 0.75
vt 0.1429 0.8889
vt 0.0125 0.9842
vt 0.1429 0.9842
vt 0.2798 0.9842
vt 0.2798 0.8889
vt 0.3916 0.9842
vt 0.3916 0.75
vt 0.3916 0.8889
vt 0.5959 0.5
vt 0.5959 0.8889
vt 0.5959 0.9842
vt 0.5959 0.75
vt 0.7086 0.25
vt 0.7086 0.8889
vt 0.7086 0.9842
vt 0.84 0.9842
vt 0.7086 0.5
vt 0.7086 0.75
vt 0.84 0.8889
vt 0.9854 0.9842
vt 0.9854 0.8889
vt 0.84 0.75
vt 0.9854 0.75
vt 0.9854 0.5
vt 0.9854 0.25
vt 0.84 0.0355
vt 0.9854 0.0355
vt 0.1111 0.0533
vt 0.1111 0.2149
vt 0.1111 0.4748
vt 0.1111 0.55
vt 0.1111 0.9216
vt 0.1111 1
vt 0.84 0
vt 0.7086 0
vt 0.5959 0
vt 0.8889 0
vt 0.75 0
vt 0.5 0
vt 0.25 0
vt 0.8571 0
vt 0.7202 0
vt 0.6084 0
vt 0.4041 0
vt 0.2914 0
vt 0.16 0
vt 0.1111 0
vt 0.8319 0.0533
vt 0.8319 0
vt 0.7037 0
vt 0.7037 0.0533
vt 0.5937 0
vt 0.5937 0.0533
vt 0.8796 0.0533
vt 0.8796 0
vt 0.8486 0.0533
vt 0.8486 0
vt 0.715 0
vt 0.715 0.0533
vt 0.6058 0
vt 0.6058 0.0533
vt 0.4063 0
vt 0.4063 0.0533
vt 0.2963 0
vt 0.2963 0.0533
vt 0.1681 0
vt 0.1681 0.0533
vt 0.1204 0.0533
vt 0.1204 0
vt 0.1514 0.0533
vt 0.285 0.0533
vt 0.3942 0.0533
vt 0.1429 0
vt 0.2798 0
vt 0.3916 0
vt 0.1514 0
vt 0.285 0
vt 0.3942 0
vt 0.3916 1
vt 0 0.8889
vt 0 0.75
vt 0 0.5
vt 0 0.25
vt 1 0.75
vt 1 0.8889
vt 0.5959 1
vt 0.4 0.9842
vt 0.5856 0.9842
vt 0.5856 0.0355
vt 0.4 0.0355
vt 0.5856 0.75
vt 1 0.1111
vt 0.5856 0.5
vt 0.4 0.75
vt 0.84 0.1111
vt 0.7086 0.1111
vt 0.5856 0
vt 0.5856 0.1111
vt 0.4 0
vt 0.5856 0.25
vt 0.4 0.1111
vt 0.4 0.25
vt 0.2798 0.1111
vt 0.4 0.5
vt 0.1429 0.1111
vt 0 0.1111
vt 0.0982 0.297
vt 0.9018 0.703
vt 0.0982 0.703
vt 0.9018 0.297
vt 0.9864 0.9588
vt 0.0136 0.9588
vt 0.6153 0.6153
vt 0.3847 0.6153
vt 0.3847 0.3847
vt 0.2991 0.2991
vt 0.7009 0.2991
vt 0.7009 0.7009
vt 0.2991 0.7009
vt 0.6153 0.3847
vt 0.0136 0.0412
vt 0.9864 0.0412

vn 0.15 0 0
vn -0.15 0 0
vn 0 0 0.15
vn 0 0 -0.15
vn 0 -0.09935641 0.1123757
vn -0.1123694 -0.09936362 0
vn 0 -0.09935641 -0.1123757
vn 0.1123694 -0.09936362 0
vn 0 -0.15 0
vn 0 0.15 0
vn -0.004280859 -0.08538886 -0.1220014
vn -0.008561717 -0.07142132 -0.1316271
vn -0.008905725 -0.08538747 0.119635
vn 0 -0.063596 0.1358512
vn -0.01781145 -0.1071789 0.1034187
vn 0.1449037 -0.03876761 0
vn -0.002473486 0 0.1499796
vn 0.002473486 0 -0.1499796
vn -0.02228756 -0.148335 0
vn 0 0.1293698 0.07591738
vn 0 0.1291574 -0.07627821
vn 0 0 0
vn -0.08038423 0.1266427 1.262083E-08
vn 0.08038405 0.1266428 1.177941E-08
vn -0.00375129 0.09389447 -0.1169178
vn -0.003751279 0.09389447 0.1169178
vn -0.05687073 0.138801 3.60449E-08
vn 0 0.07508732 0.1298534
vn 0 0.07508732 -0.1298534
vn -3.586941E-07 0.1298535 -0.07508704
vn 1.400555E-08 0.1298532 0.07508764
vn -0.08023 0.1267367 0.0009754679
vn -0.07914481 0.1274195 -0.0006116815
vn -0.07917563 0.1273952 0.001300742
vn 0.08019404 0.1267596 -0.0009649923
vn 0.07912107 0.1274343 0.0006047338
vn 0.07915124 0.1274105 -0.00128676
vn -0.08017641 0.1267611 -0.00183502
vn -0.07851978 0.1277939 -0.001835148
vn -0.07857411 0.12777 0.0009755377
vn 0.08014105 0.1267838 0.001814082
vn 0.07850264 0.1278047 0.001814222
vn 0.07855572 0.1277813 -0.0009650757
vn 0.006191207 -0.1497904 -0.001178232
vn 0.006399128 -0.1498196 0.003626696
vn 0.005983286 -0.1497612 -0.00598316
vn 0.006190832 -0.1497846 0.00150109
vn 0.006395162 -0.1497271 0.006395027
vn 0.005986502 -0.1498421 -0.003392847
vn 0.002331654 -0.1098842 0.1020471
vn 0 -0.1105887 0.1013417
vn 0.004663307 -0.1091797 0.1027524
vn 0.04204882 -0.1439858 -3.73919E-08
vn 0.002360564 -0.105658 -0.1061952
vn 0 -0.1007823 -0.1110987
vn 0.004721127 -0.1105337 -0.1012918
vn 3.018675E-08 -0.07508714 -0.1298535
vn 0 -0.07508732 0.1298534
vn -2.486808E-08 -0.1298532 0.07508766
vn 0 -0.1298532 -0.07508761
vn -0.1287554 -0.07695492 0
vn 0.1287554 -0.07695492 0
vn 0.07860392 -0.1277515 0.000994693
vn 0.08014014 -0.1267973 0
vn 0.08029196 -0.1266973 0.000994605
vn 0.07921841 -0.1273683 0.001326256
vn 0.07854808 -0.127776 -0.001867859
vn 0.07918674 -0.1273934 -0.0006226072
vn 0.08023633 -0.1267227 -0.001867708
vn -0.07858618 -0.1277625 -0.0009833974
vn -0.08010516 -0.1268194 0
vn -0.08025527 -0.1267207 -0.0009833237
vn -0.07919345 -0.127384 -0.001311218
vn -0.07853059 -0.1277871 0.001847651
vn -0.07916185 -0.1274089 0.000615852
vn -0.08020035 -0.1267458 0.001847518

usemtl Brown
f 3/3/1 2/2/1 1/1/1
f 8/9/2 7/8/2 6/7/2
f 13/3/3 12/6/3 11/8/3
f 16/3/4 15/6/4 14/8/4
f 1/4/1 2/2/1 4/5/1
f 4/5/1 5/6/1 1/4/1
f 9/11/2 8/9/2 6/10/2
f 6/10/2 10/12/2 9/11/2
f 17/12/4 14/8/4 15/3/4
f 15/3/4 18/6/4 17/12/4
f 21/15/4 20/14/4 19/13/4
f 19/13/4 22/16/4 21/15/4
f 25/19/3 24/18/3 23/17/3
f 23/17/3 26/20/3 25/19/3
f 29/6/4 28/12/4 27/8/4
f 27/8/4 30/3/4 29/6/4
f 33/6/5 32/22/5 31/21/5
f 31/21/5 34/3/5 33/6/5
f 34/3/6 31/21/6 35/23/6
f 35/23/6 30/8/6 34/3/6
f 30/8/7 35/23/7 36/24/7
f 36/24/7 29/12/7 30/8/7
f 39/6/1 38/12/1 37/8/1
f 37/8/1 40/3/1 39/6/1
f 36/24/1 42/24/1 41/22/1
f 41/22/1 32/22/1 36/24/1
f 32/22/3 41/22/3 43/21/3
f 43/21/3 31/21/3 32/22/3
f 31/21/2 43/21/2 44/23/2
f 44/23/2 35/23/2 31/21/2
f 35/23/4 44/23/4 42/24/4
f 42/24/4 36/24/4 35/23/4
f 29/12/8 36/24/8 32/22/8
f 32/22/8 33/6/8 29/12/8
f 47/6/1 46/12/1 45/8/1
f 45/8/1 48/3/1 47/6/1
f 28/6/9 50/12/9 49/8/9
f 49/8/9 27/3/9 28/6/9
f 48/6/3 52/26/3 51/25/3
f 51/25/3 47/3/3 48/6/3
f 47/6/9 51/26/9 53/25/9
f 53/25/9 46/3/9 47/6/9
f 41/22/10 42/24/10 44/23/10
f 44/23/10 43/21/10 41/22/10
f 33/6/1 50/12/1 28/8/1
f 28/8/1 29/3/1 33/6/1
f 34/6/3 49/12/3 50/8/3
f 50/8/3 33/3/3 34/6/3
f 45/6/10 54/26/10 52/25/10
f 52/25/10 48/3/10 45/6/10
f 46/6/4 53/26/4 54/25/4
f 54/25/4 45/3/4 46/6/4
f 39/6/9 56/26/9 55/25/9
f 55/25/9 38/3/9 39/6/9
f 40/6/3 57/26/3 56/25/3
f 56/25/3 39/3/3 40/6/3
f 37/6/10 58/26/10 57/25/10
f 57/25/10 40/3/10 37/6/10
f 38/6/4 55/26/4 58/25/4
f 58/25/4 37/3/4 38/6/4
f 30/6/2 27/12/2 49/8/2
f 49/8/2 34/3/2 30/6/2
f 61/6/4 60/12/4 59/8/4
f 59/8/4 62/3/4 61/6/4
f 62/6/2 59/12/2 63/8/2
f 63/8/2 64/3/2 62/6/2
f 64/6/3 63/12/3 65/8/3
f 65/8/3 66/3/3 64/6/3
f 66/6/1 65/12/1 60/8/1
f 60/8/1 61/3/1 66/6/1
f 66/6/10 61/12/10 62/8/10
f 62/8/10 64/3/10 66/6/10
f 69/6/9 68/12/9 67/8/9
f 67/8/9 70/3/9 69/6/9
f 73/6/10 72/12/10 71/8/10
f 71/8/10 74/3/10 73/6/10
f 73/6/1 68/12/1 69/8/1
f 69/8/1 72/3/1 73/6/1
f 74/6/3 67/12/3 68/8/3
f 68/8/3 73/3/3 74/6/3
f 71/6/2 70/12/2 67/8/2
f 67/8/2 74/3/2 71/6/2
f 72/6/4 69/12/4 70/8/4
f 70/8/4 71/3/4 72/6/4
f 77/6/9 76/12/9 75/8/9
f 75/8/9 78/3/9 77/6/9
f 81/6/10 80/12/10 79/8/10
f 79/8/10 82/3/10 81/6/10
f 81/6/1 76/12/1 77/8/1
f 77/8/1 80/3/1 81/6/1
f 82/6/3 75/12/3 76/8/3
f 76/8/3 81/3/3 82/6/3
f 79/6/2 78/12/2 75/8/2
f 75/8/2 82/3/2 79/6/2
f 80/6/4 77/12/4 78/8/4
f 78/8/4 79/3/4 80/6/4
f 85/6/9 84/12/9 83/8/9
f 83/8/9 86/3/9 85/6/9
f 89/6/10 88/12/10 87/8/10
f 87/8/10 90/3/10 89/6/10
f 89/6/1 84/12/1 85/8/1
f 85/8/1 88/3/1 89/6/1
f 90/6/3 83/12/3 84/8/3
f 84/8/3 89/3/3 90/6/3
f 87/6/2 86/12/2 83/8/2
f 83/8/2 90/3/2 87/6/2
f 88/6/4 85/12/4 86/8/4
f 86/8/4 87/3/4 88/6/4
f 93/6/9 92/12/9 91/8/9
f 91/8/9 94/3/9 93/6/9
f 97/6/10 96/12/10 95/8/10
f 95/8/10 98/3/10 97/6/10
f 97/6/1 92/12/1 93/8/1
f 93/8/1 96/3/1 97/6/1
f 98/6/3 91/12/3 92/8/3
f 92/8/3 97/3/3 98/6/3
f 95/6/2 94/12/2 91/8/2
f 91/8/2 98/3/2 95/6/2
f 96/6/4 93/12/4 94/8/4
f 94/8/4 95/3/4 96/6/4
f 60/6/9 65/12/9 63/8/9
f 63/8/9 59/3/9 60/6/9
f 101/6/4 100/12/4 99/8/4
f 99/8/4 102/3/4 101/6/4
f 102/6/2 99/12/2 103/8/2
f 103/8/2 104/3/2 102/6/2
f 104/6/3 103/12/3 105/8/3
f 105/8/3 106/3/3 104/6/3
f 106/6/1 105/12/1 100/8/1
f 100/8/1 101/3/1 106/6/1
f 106/6/10 101/12/10 102/8/10
f 102/8/10 104/3/10 106/6/10
f 109/6/9 108/12/9 107/8/9
f 107/8/9 110/3/9 109/6/9
f 113/6/10 112/12/10 111/8/10
f 111/8/10 114/3/10 113/6/10
f 113/6/1 108/12/1 109/8/1
f 109/8/1 112/3/1 113/6/1
f 114/6/3 107/12/3 108/8/3
f 108/8/3 113/3/3 114/6/3
f 111/6/2 110/12/2 107/8/2
f 107/8/2 114/3/2 111/6/2
f 112/6/4 109/12/4 110/8/4
f 110/8/4 111/3/4 112/6/4
f 117/6/9 116/12/9 115/8/9
f 115/8/9 118/3/9 117/6/9
f 121/6/10 120/12/10 119/8/10
f 119/8/10 122/3/10 121/6/10
f 121/6/1 116/12/1 117/8/1
f 117/8/1 120/3/1 121/6/1
f 122/6/3 115/12/3 116/8/3
f 116/8/3 121/3/3 122/6/3
f 119/6/2 118/12/2 115/8/2
f 115/8/2 122/3/2 119/6/2
f 120/6/4 117/12/4 118/8/4
f 118/8/4 119/3/4 120/6/4
f 125/6/9 124/12/9 123/8/9
f 123/8/9 126/3/9 125/6/9
f 129/6/10 128/12/10 127/8/10
f 127/8/10 130/3/10 129/6/10
f 129/6/1 124/12/1 125/8/1
f 125/8/1 128/3/1 129/6/1
f 130/6/3 123/12/3 124/8/3
f 124/8/3 129/3/3 130/6/3
f 127/6/2 126/12/2 123/8/2
f 123/8/2 130/3/2 127/6/2
f 128/6/4 125/12/4 126/8/4
f 126/8/4 127/3/4 128/6/4
f 100/6/9 105/12/9 103/8/9
f 103/8/9 99/3/9 100/6/9
f 133/6/4 132/12/4 131/8/4
f 131/8/4 134/3/4 133/6/4
f 137/6/5 136/22/5 135/21/5
f 135/21/5 138/3/5 137/6/5
f 138/3/6 135/21/6 139/23/6
f 139/23/6 134/8/6 138/3/6
f 134/8/7 139/23/7 140/24/7
f 140/24/7 133/12/7 134/8/7
f 143/6/1 142/12/1 141/8/1
f 141/8/1 144/3/1 143/6/1
f 140/24/1 146/24/1 145/22/1
f 145/22/1 136/22/1 140/24/1
f 136/22/3 145/22/3 147/21/3
f 147/21/3 135/21/3 136/22/3
f 135/21/2 147/21/2 148/23/2
f 148/23/2 139/23/2 135/21/2
f 139/23/4 148/23/4 146/24/4
f 146/24/4 140/24/4 139/23/4
f 133/12/8 140/24/8 136/22/8
f 136/22/8 137/6/8 133/12/8
f 151/6/1 150/12/1 149/8/1
f 149/8/1 152/3/1 151/6/1
f 132/6/9 154/12/9 153/8/9
f 153/8/9 131/3/9 132/6/9
f 152/6/3 156/26/3 155/25/3
f 155/25/3 151/3/3 152/6/3
f 151/6/9 155/26/9 157/25/9
f 157/25/9 150/3/9 151/6/9
f 145/22/10 146/24/10 148/23/10
f 148/23/10 147/21/10 145/22/10
f 137/6/1 154/12/1 132/8/1
f 132/8/1 133/3/1 137/6/1
f 138/6/3 153/12/3 154/8/3
f 154/8/3 137/3/3 138/6/3
f 149/6/10 158/26/10 156/25/10
f 156/25/10 152/3/10 149/6/10
f 150/6/4 157/26/4 158/25/4
f 158/25/4 149/3/4 150/6/4
f 143/6/9 160/26/9 159/25/9
f 159/25/9 142/3/9 143/6/9
f 144/6/3 161/26/3 160/25/3
f 160/25/3 143/3/3 144/6/3
f 141/6/10 162/26/10 161/25/10
f 161/25/10 144/3/10 141/6/10
f 142/6/4 159/26/4 162/25/4
f 162/25/4 141/3/4 142/6/4
f 134/6/2 131/12/2 153/8/2
f 153/8/2 138/3/2 134/6/2
f 165/6/4 164/12/4 163/8/4
f 163/8/4 166/3/4 165/6/4
f 166/6/2 163/12/2 167/8/2
f 167/8/2 168/3/2 166/6/2
f 168/6/3 167/12/3 169/8/3
f 169/8/3 170/3/3 168/6/3
f 170/6/1 169/12/1 164/8/1
f 164/8/1 165/3/1 170/6/1
f 170/6/10 165/12/10 166/8/10
f 166/8/10 168/3/10 170/6/10
f 173/6/9 172/12/9 171/8/9
f 171/8/9 174/3/9 173/6/9
f 177/6/10 176/12/10 175/8/10
f 175/8/10 178/3/10 177/6/10
f 177/6/1 172/12/1 173/8/1
f 173/8/1 176/3/1 177/6/1
f 178/6/3 171/12/3 172/8/3
f 172/8/3 177/3/3 178/6/3
f 175/6/2 174/12/2 171/8/2
f 171/8/2 178/3/2 175/6/2
f 176/6/4 173/12/4 174/8/4
f 174/8/4 175/3/4 176/6/4
f 181/6/9 180/12/9 179/8/9
f 179/8/9 182/3/9 181/6/9
f 185/6/10 184/12/10 183/8/10
f 183/8/10 186/3/10 185/6/10
f 185/6/1 180/12/1 181/8/1
f 181/8/1 184/3/1 185/6/1
f 186/6/3 179/12/3 180/8/3
f 180/8/3 185/3/3 186/6/3
f 183/6/2 182/12/2 179/8/2
f 179/8/2 186/3/2 183/6/2
f 184/6/4 181/12/4 182/8/4
f 182/8/4 183/3/4 184/6/4
f 189/6/9 188/12/9 187/8/9
f 187/8/9 190/3/9 189/6/9
f 193/6/10 192/12/10 191/8/10
f 191/8/10 194/3/10 193/6/10
f 193/6/1 188/12/1 189/8/1
f 189/8/1 192/3/1 193/6/1
f 194/6/3 187/12/3 188/8/3
f 188/8/3 193/3/3 194/6/3
f 191/6/2 190/12/2 187/8/2
f 187/8/2 194/3/2 191/6/2
f 192/6/4 189/12/4 190/8/4
f 190/8/4 191/3/4 192/6/4
f 197/6/9 196/12/9 195/8/9
f 195/8/9 198/3/9 197/6/9
f 201/6/10 200/12/10 199/8/10
f 199/8/10 202/3/10 201/6/10
f 201/6/1 196/12/1 197/8/1
f 197/8/1 200/3/1 201/6/1
f 202/6/3 195/12/3 196/8/3
f 196/8/3 201/3/3 202/6/3
f 199/6/2 198/12/2 195/8/2
f 195/8/2 202/3/2 199/6/2
f 200/6/4 197/12/4 198/8/4
f 198/8/4 199/3/4 200/6/4
f 164/6/9 169/12/9 167/8/9
f 167/8/9 163/3/9 164/6/9
f 205/6/4 204/12/4 203/8/4
f 203/8/4 206/3/4 205/6/4
f 206/6/2 203/12/2 207/8/2
f 207/8/2 208/3/2 206/6/2
f 208/6/3 207/12/3 209/8/3
f 209/8/3 210/3/3 208/6/3
f 210/6/1 209/12/1 204/8/1
f 204/8/1 205/3/1 210/6/1
f 210/6/10 205/12/10 206/8/10
f 206/8/10 208/3/10 210/6/10
f 213/6/9 212/12/9 211/8/9
f 211/8/9 214/3/9 213/6/9
f 217/6/10 216/12/10 215/8/10
f 215/8/10 218/3/10 217/6/10
f 217/6/1 212/12/1 213/8/1
f 213/8/1 216/3/1 217/6/1
f 218/6/3 211/12/3 212/8/3
f 212/8/3 217/3/3 218/6/3
f 215/6/2 214/12/2 211/8/2
f 211/8/2 218/3/2 215/6/2
f 216/6/4 213/12/4 214/8/4
f 214/8/4 215/3/4 216/6/4
f 221/6/9 220/12/9 219/8/9
f 219/8/9 222/3/9 221/6/9
f 225/6/10 224/12/10 223/8/10
f 223/8/10 226/3/10 225/6/10
f 225/6/1 220/12/1 221/8/1
f 221/8/1 224/3/1 225/6/1
f 226/6/3 219/12/3 220/8/3
f 220/8/3 225/3/3 226/6/3
f 223/6/2 222/12/2 219/8/2
f 219/8/2 226/3/2 223/6/2
f 224/6/4 221/12/4 222/8/4
f 222/8/4 223/3/4 224/6/4
f 229/6/9 228/12/9 227/8/9
f 227/8/9 230/3/9 229/6/9
f 233/6/10 232/12/10 231/8/10
f 231/8/10 234/3/10 233/6/10
f 233/6/1 228/12/1 229/8/1
f 229/8/1 232/3/1 233/6/1
f 234/6/3 227/12/3 228/8/3
f 228/8/3 233/3/3 234/6/3
f 231/6/2 230/12/2 227/8/2
f 227/8/2 234/3/2 231/6/2
f 232/6/4 229/12/4 230/8/4
f 230/8/4 231/3/4 232/6/4
f 204/6/9 209/12/9 207/8/9
f 207/8/9 203/3/9 204/6/9
f 237/6/2 236/12/2 235/8/2
f 235/8/2 238/3/2 237/6/2
f 238/6/4 235/12/4 239/8/4
f 239/8/4 240/3/4 238/6/4
f 240/6/1 239/12/1 241/8/1
f 241/8/1 242/3/1 240/6/1
f 242/6/3 241/12/3 236/8/3
f 236/8/3 237/3/3 242/6/3
f 242/6/9 237/12/9 238/8/9
f 238/8/9 240/3/9 242/6/9
f 236/6/10 241/12/10 239/8/10
f 239/8/10 235/3/10 236/6/10
f 245/27/1 244/12/1 243/8/1
f 243/8/1 246/28/1 245/27/1
f 246/27/10 243/12/10 247/8/10
f 247/8/10 248/28/10 246/27/10
f 248/27/2 247/12/2 249/8/2
f 249/8/2 250/28/2 248/27/2
f 250/27/9 249/12/9 244/8/9
f 244/8/9 245/28/9 250/27/9
f 253/6/3 252/12/3 251/8/3
f 251/8/3 254/3/3 253/6/3
f 244/6/4 249/12/4 247/8/4
f 247/8/4 243/3/4 244/6/4
f 257/27/1 256/12/1 255/8/1
f 255/8/1 258/28/1 257/27/1
f 258/27/10 255/12/10 259/8/10
f 259/8/10 260/28/10 258/27/10
f 260/27/2 259/12/2 261/8/2
f 261/8/2 262/28/2 260/27/2
f 262/27/9 261/12/9 256/8/9
f 256/8/9 257/28/9 262/27/9
f 265/6/3 264/12/3 263/8/3
f 263/8/3 266/3/3 265/6/3
f 256/6/4 261/12/4 259/8/4
f 259/8/4 255/3/4 256/6/4
f 269/6/1 268/12/1 267/8/1
f 267/8/1 270/3/1 269/6/1
f 270/6/4 267/12/4 271/8/4
f 271/8/4 272/3/4 270/6/4
f 272/6/2 271/12/2 273/8/2
f 273/8/2 274/3/2 272/6/2
f 274/6/3 273/12/3 268/8/3
f 268/8/3 269/3/3 274/6/3
f 274/6/10 269/12/10 270/8/10
f 270/8/10 272/3/10 274/6/10
f 268/6/9 273/12/9 271/8/9
f 271/8/9 267/3/9 268/6/9
f 277/6/1 276/12/1 275/8/1
f 275/8/1 278/3/1 277/6/1
f 278/6/4 275/12/4 279/8/4
f 279/8/4 280/3/4 278/6/4
f 280/6/2 279/12/2 281/8/2
f 281/8/2 282/3/2 280/6/2
f 282/6/3 281/12/3 276/8/3
f 276/8/3 277/3/3 282/6/3
f 282/6/10 277/12/10 278/8/10
f 278/8/10 280/3/10 282/6/10
f 276/6/9 281/12/9 279/8/9
f 279/8/9 275/3/9 276/6/9
f 285/6/1 284/12/1 283/8/1
f 283/8/1 286/3/1 285/6/1
f 286/6/4 283/12/4 287/8/4
f 287/8/4 288/3/4 286/6/4
f 288/6/2 287/12/2 289/8/2
f 289/8/2 290/3/2 288/6/2
f 290/6/3 289/12/3 284/8/3
f 284/8/3 285/3/3 290/6/3
f 290/6/10 285/12/10 286/8/10
f 286/8/10 288/3/10 290/6/10
f 284/6/9 289/12/9 287/8/9
f 287/8/9 283/3/9 284/6/9
f 293/6/1 292/12/1 291/8/1
f 291/8/1 294/3/1 293/6/1
f 294/6/4 291/12/4 295/8/4
f 295/8/4 296/3/4 294/6/4
f 296/6/2 295/12/2 297/8/2
f 297/8/2 298/3/2 296/6/2
f 298/6/3 297/12/3 292/8/3
f 292/8/3 293/3/3 298/6/3
f 298/6/10 293/12/10 294/8/10
f 294/8/10 296/3/10 298/6/10
f 292/6/9 297/12/9 295/8/9
f 295/8/9 291/3/9 292/6/9
f 301/6/1 300/12/1 299/8/1
f 299/8/1 302/3/1 301/6/1
f 302/6/4 299/12/4 303/8/4
f 303/8/4 304/3/4 302/6/4
f 304/6/2 303/12/2 305/8/2
f 305/8/2 306/3/2 304/6/2
f 306/6/3 305/12/3 300/8/3
f 300/8/3 301/3/3 306/6/3
f 306/6/10 301/12/10 302/8/10
f 302/8/10 304/3/10 306/6/10
f 300/6/9 305/12/9 303/8/9
f 303/8/9 299/3/9 300/6/9
f 309/6/1 308/12/1 307/8/1
f 307/8/1 310/3/1 309/6/1
f 310/6/4 307/12/4 311/8/4
f 311/8/4 312/3/4 310/6/4
f 312/6/2 311/12/2 313/8/2
f 313/8/2 314/3/2 312/6/2
f 314/6/3 313/12/3 308/8/3
f 308/8/3 309/3/3 314/6/3
f 314/6/10 309/12/10 310/8/10
f 310/8/10 312/3/10 314/6/10
f 308/6/9 313/12/9 311/8/9
f 311/8/9 307/3/9 308/6/9
f 317/6/1 316/12/1 315/8/1
f 315/8/1 318/3/1 317/6/1
f 318/6/4 315/12/4 319/8/4
f 319/8/4 320/3/4 318/6/4
f 320/6/2 319/12/2 321/8/2
f 321/8/2 322/3/2 320/6/2
f 322/6/3 321/12/3 316/8/3
f 316/8/3 317/3/3 322/6/3
f 322/6/10 317/12/10 318/8/10
f 318/8/10 320/3/10 322/6/10
f 316/6/9 321/12/9 319/8/9
f 319/8/9 315/3/9 316/6/9
f 325/6/1 324/12/1 323/8/1
f 323/8/1 326/3/1 325/6/1
f 326/6/4 323/12/4 327/8/4
f 327/8/4 328/3/4 326/6/4
f 328/6/2 327/12/2 329/8/2
f 329/8/2 330/3/2 328/6/2
f 330/6/3 329/12/3 324/8/3
f 324/8/3 325/3/3 330/6/3
f 330/6/10 325/12/10 326/8/10
f 326/8/10 328/3/10 330/6/10
f 324/6/9 329/12/9 327/8/9
f 327/8/9 323/3/9 324/6/9
f 333/6/1 332/12/1 331/8/1
f 331/8/1 334/3/1 333/6/1
f 334/6/4 331/12/4 335/8/4
f 335/8/4 336/3/4 334/6/4
f 336/6/2 335/12/2 337/8/2
f 337/8/2 338/3/2 336/6/2
f 338/6/3 337/12/3 332/8/3
f 332/8/3 333/3/3 338/6/3
f 338/6/10 333/12/10 334/8/10
f 334/8/10 336/3/10 338/6/10
f 332/6/9 337/12/9 335/8/9
f 335/8/9 331/3/9 332/6/9
f 341/6/1 340/12/1 339/8/1
f 339/8/1 342/3/1 341/6/1
f 342/6/4 339/12/4 343/8/4
f 343/8/4 344/3/4 342/6/4
f 344/6/2 343/12/2 345/8/2
f 345/8/2 346/3/2 344/6/2
f 346/6/3 345/12/3 340/8/3
f 340/8/3 341/3/3 346/6/3
f 346/6/10 341/12/10 342/8/10
f 342/8/10 344/3/10 346/6/10
f 340/6/9 345/12/9 343/8/9
f 343/8/9 339/3/9 340/6/9
f 349/6/1 348/12/1 347/8/1
f 347/8/1 350/3/1 349/6/1
f 350/6/4 347/12/4 351/8/4
f 351/8/4 352/3/4 350/6/4
f 352/6/2 351/12/2 353/8/2
f 353/8/2 354/3/2 352/6/2
f 354/6/3 353/12/3 348/8/3
f 348/8/3 349/3/3 354/6/3
f 354/6/10 349/12/10 350/8/10
f 350/8/10 352/3/10 354/6/10
f 348/6/9 353/12/9 351/8/9
f 351/8/9 347/3/9 348/6/9
f 357/6/1 356/12/1 355/8/1
f 355/8/1 358/3/1 357/6/1
f 358/6/4 355/12/4 359/8/4
f 359/8/4 360/3/4 358/6/4
f 360/6/2 359/12/2 361/8/2
f 361/8/2 362/3/2 360/6/2
f 362/6/3 361/12/3 356/8/3
f 356/8/3 357/3/3 362/6/3
f 362/6/10 357/12/10 358/8/10
f 358/8/10 360/3/10 362/6/10
f 356/6/9 361/12/9 359/8/9
f 359/8/9 355/3/9 356/6/9
f 365/6/1 364/12/1 363/8/1
f 363/8/1 366/3/1 365/6/1
f 366/6/4 363/12/4 367/8/4
f 367/8/4 368/3/4 366/6/4
f 368/6/2 367/12/2 369/8/2
f 369/8/2 370/3/2 368/6/2
f 370/6/3 369/12/3 364/8/3
f 364/8/3 365/3/3 370/6/3
f 370/6/10 365/12/10 366/8/10
f 366/8/10 368/3/10 370/6/10
f 364/6/9 369/12/9 367/8/9
f 367/8/9 363/3/9 364/6/9
f 252/6/1 372/26/1 371/25/1
f 371/25/1 251/3/1 252/6/1
f 251/6/10 371/26/10 373/25/10
f 373/25/10 254/3/10 251/6/10
f 254/6/2 373/26/2 374/25/2
f 374/25/2 253/3/2 254/6/2
f 253/6/9 374/26/9 372/25/9
f 372/25/9 252/3/9 253/6/9
f 264/6/1 376/26/1 375/25/1
f 375/25/1 263/3/1 264/6/1
f 263/6/10 375/26/10 377/25/10
f 377/25/10 266/3/10 263/6/10
f 380/6/2 379/12/2 378/8/2
f 378/8/2 381/3/2 380/6/2
f 384/6/2 383/12/2 382/8/2
f 382/8/2 385/3/2 384/6/2
f 388/23/4 387/23/4 386/24/4
f 386/24/4 389/24/4 388/23/4
f 391/21/2 390/21/2 387/23/2
f 387/23/2 388/23/2 391/21/2
f 393/22/3 392/22/3 390/21/3
f 390/21/3 391/21/3 393/22/3
f 389/24/1 386/24/1 392/22/1
f 392/22/1 393/22/1 389/24/1
f 394/8/11 388/23/7 389/24/11
f 389/24/11 395/12/12 394/8/11
f 396/3/6 391/21/6 388/23/6
f 388/23/6 394/8/6 396/3/6
f 397/6/13 393/22/14 391/21/13
f 391/21/13 396/3/15 397/6/13
f 395/12/16 389/24/16 393/22/16
f 393/22/16 397/6/16 395/12/16
f 392/22/10 386/24/10 387/23/10
f 387/23/10 390/21/10 392/22/10
f 396/6/17 399/12/17 398/8/17
f 398/8/17 397/3/17 396/6/17
f 394/6/2 400/12/2 399/8/2
f 399/8/2 396/3/2 394/6/2
f 403/23/1 402/23/1 401/24/1
f 401/24/1 404/24/1 403/23/1
f 406/21/4 405/21/4 402/23/4
f 402/23/4 403/23/4 406/21/4
f 408/22/2 407/22/2 405/21/2
f 405/21/2 406/21/2 408/22/2
f 404/24/3 401/24/3 407/22/3
f 407/22/3 408/22/3 404/24/3
f 409/8/8 403/23/8 404/24/8
f 404/24/8 410/12/8 409/8/8
f 411/3/7 406/21/7 403/23/7
f 403/23/7 409/8/7 411/3/7
f 412/6/6 408/22/6 406/21/6
f 406/21/6 411/3/6 412/6/6
f 410/12/5 404/24/5 408/22/5
f 408/22/5 412/6/5 410/12/5
f 415/6/9 414/12/9 413/8/9
f 413/8/9 416/3/9 415/6/9
f 407/22/10 401/24/10 402/23/10
f 402/23/10 405/21/10 407/22/10
f 412/6/3 414/12/3 415/8/3
f 415/8/3 410/3/3 412/6/3
f 411/6/2 413/12/2 414/8/2
f 414/8/2 412/3/2 411/6/2
f 409/6/4 416/12/4 413/8/4
f 413/8/4 411/3/4 409/6/4
f 410/6/1 415/12/1 416/8/1
f 416/8/1 409/3/1 410/6/1
f 419/23/1 418/23/1 417/24/1
f 417/24/1 420/24/1 419/23/1
f 422/21/4 421/21/4 418/23/4
f 418/23/4 419/23/4 422/21/4
f 424/22/2 423/22/2 421/21/2
f 421/21/2 422/21/2 424/22/2
f 420/24/3 417/24/3 423/22/3
f 423/22/3 424/22/3 420/24/3
f 425/8/8 419/23/8 420/24/8
f 420/24/8 426/12/8 425/8/8
f 427/3/7 422/21/7 419/23/7
f 419/23/7 425/8/7 427/3/7
f 428/6/6 424/22/6 422/21/6
f 422/21/6 427/3/6 428/6/6
f 426/12/5 420/24/5 424/22/5
f 424/22/5 428/6/5 426/12/5
f 431/6/9 430/12/9 429/8/9
f 429/8/9 432/3/9 431/6/9
f 266/6/2 377/26/2 433/25/2
f 433/25/2 265/3/2 266/6/2
f 265/6/9 433/26/9 376/25/9
f 376/25/9 264/3/9 265/6/9
f 423/22/10 417/24/10 418/23/10
f 418/23/10 421/21/10 423/22/10
f 428/6/3 430/12/3 431/8/3
f 431/8/3 426/3/3 428/6/3
f 427/6/2 429/12/2 430/8/2
f 430/8/2 428/3/2 427/6/2
f 425/6/4 432/12/4 429/8/4
f 429/8/4 427/3/4 425/6/4
f 436/6/1 435/12/1 434/8/1
f 434/8/1 437/3/1 436/6/1
f 437/6/4 434/12/4 438/8/4
f 438/8/4 439/3/4 437/6/4
f 439/6/2 438/12/2 440/8/2
f 440/8/2 441/3/2 439/6/2
f 441/6/3 440/12/3 435/8/3
f 435/8/3 436/3/3 441/6/3
f 441/6/10 436/12/10 437/8/10
f 437/8/10 439/3/10 441/6/10
f 435/6/9 440/12/9 438/8/9
f 438/8/9 434/3/9 435/6/9
f 444/6/1 443/12/1 442/8/1
f 442/8/1 445/3/1 444/6/1
f 445/6/4 442/12/4 446/8/4
f 446/8/4 447/3/4 445/6/4
f 447/6/2 446/12/2 448/8/2
f 448/8/2 449/3/2 447/6/2
f 449/6/3 448/12/3 443/8/3
f 443/8/3 444/3/3 449/6/3
f 449/6/10 444/12/10 445/8/10
f 445/8/10 447/3/10 449/6/10
f 443/6/9 448/12/9 446/8/9
f 446/8/9 442/3/9 443/6/9
f 452/6/1 451/12/1 450/8/1
f 450/8/1 453/3/1 452/6/1
f 453/6/4 450/12/4 454/8/4
f 454/8/4 455/3/4 453/6/4
f 455/6/2 454/12/2 456/8/2
f 456/8/2 457/3/2 455/6/2
f 457/6/3 456/12/3 451/8/3
f 451/8/3 452/3/3 457/6/3
f 457/6/10 452/12/10 453/8/10
f 453/8/10 455/3/10 457/6/10
f 451/6/9 456/12/9 454/8/9
f 454/8/9 450/3/9 451/6/9
f 460/6/1 459/12/1 458/8/1
f 458/8/1 461/3/1 460/6/1
f 461/6/4 458/12/4 462/8/4
f 462/8/4 463/3/4 461/6/4
f 463/6/2 462/12/2 464/8/2
f 464/8/2 465/3/2 463/6/2
f 465/6/3 464/12/3 459/8/3
f 459/8/3 460/3/3 465/6/3
f 465/6/10 460/12/10 461/8/10
f 461/8/10 463/3/10 465/6/10
f 459/6/9 464/12/9 462/8/9
f 462/8/9 458/3/9 459/6/9
f 468/6/1 467/12/1 466/8/1
f 466/8/1 469/3/1 468/6/1
f 469/6/4 466/12/4 470/8/4
f 470/8/4 471/3/4 469/6/4
f 471/6/2 470/12/2 472/8/2
f 472/8/2 473/3/2 471/6/2
f 473/6/3 472/12/3 467/8/3
f 467/8/3 468/3/3 473/6/3
f 473/6/10 468/12/10 469/8/10
f 469/8/10 471/3/10 473/6/10
f 467/6/9 472/12/9 470/8/9
f 470/8/9 466/3/9 467/6/9
f 476/6/1 475/12/1 474/8/1
f 474/8/1 477/3/1 476/6/1
f 477/6/4 474/12/4 478/8/4
f 478/8/4 479/3/4 477/6/4
f 479/6/2 478/12/2 480/8/2
f 480/8/2 481/3/2 479/6/2
f 481/6/3 480/12/3 475/8/3
f 475/8/3 476/3/3 481/6/3
f 481/6/10 476/12/10 477/8/10
f 477/8/10 479/3/10 481/6/10
f 475/6/9 480/12/9 478/8/9
f 478/8/9 474/3/9 475/6/9
f 484/6/1 483/12/1 482/8/1
f 482/8/1 485/3/1 484/6/1
f 485/6/4 482/12/4 486/8/4
f 486/8/4 487/3/4 485/6/4
f 487/6/2 486/12/2 488/8/2
f 488/8/2 489/3/2 487/6/2
f 489/6/3 488/12/3 483/8/3
f 483/8/3 484/3/3 489/6/3
f 489/6/10 484/12/10 485/8/10
f 485/8/10 487/3/10 489/6/10
f 483/6/9 488/12/9 486/8/9
f 486/8/9 482/3/9 483/6/9
f 492/6/1 491/12/1 490/8/1
f 490/8/1 493/3/1 492/6/1
f 493/6/4 490/12/4 494/8/4
f 494/8/4 495/3/4 493/6/4
f 495/6/2 494/12/2 496/8/2
f 496/8/2 497/3/2 495/6/2
f 497/6/3 496/12/3 491/8/3
f 491/8/3 492/3/3 497/6/3
f 497/6/10 492/12/10 493/8/10
f 493/8/10 495/3/10 497/6/10
f 491/6/9 496/12/9 494/8/9
f 494/8/9 490/3/9 491/6/9
f 500/6/1 499/12/1 498/8/1
f 498/8/1 501/3/1 500/6/1
f 501/6/4 498/12/4 502/8/4
f 502/8/4 503/3/4 501/6/4
f 503/6/2 502/12/2 504/8/2
f 504/8/2 505/3/2 503/6/2
f 505/6/3 504/12/3 499/8/3
f 499/8/3 500/3/3 505/6/3
f 505/6/10 500/12/10 501/8/10
f 501/8/10 503/3/10 505/6/10
f 499/6/9 504/12/9 502/8/9
f 502/8/9 498/3/9 499/6/9
f 508/6/1 507/12/1 506/8/1
f 506/8/1 509/3/1 508/6/1
f 509/6/4 506/12/4 510/8/4
f 510/8/4 511/3/4 509/6/4
f 511/6/2 510/12/2 512/8/2
f 512/8/2 513/3/2 511/6/2
f 513/6/3 512/12/3 507/8/3
f 507/8/3 508/3/3 513/6/3
f 513/6/10 508/12/10 509/8/10
f 509/8/10 511/3/10 513/6/10
f 507/6/9 512/12/9 510/8/9
f 510/8/9 506/3/9 507/6/9
f 516/6/1 515/12/1 514/8/1
f 514/8/1 517/3/1 516/6/1
f 517/6/4 514/12/4 518/8/4
f 518/8/4 519/3/4 517/6/4
f 519/6/2 518/12/2 520/8/2
f 520/8/2 521/3/2 519/6/2
f 521/6/3 520/12/3 515/8/3
f 515/8/3 516/3/3 521/6/3
f 521/6/10 516/12/10 517/8/10
f 517/8/10 519/3/10 521/6/10
f 515/6/9 520/12/9 518/8/9
f 518/8/9 514/3/9 515/6/9
f 524/6/1 523/12/1 522/8/1
f 522/8/1 525/3/1 524/6/1
f 525/6/4 522/12/4 526/8/4
f 526/8/4 527/3/4 525/6/4
f 527/6/2 526/12/2 528/8/2
f 528/8/2 529/3/2 527/6/2
f 529/6/3 528/12/3 523/8/3
f 523/8/3 524/3/3 529/6/3
f 529/6/10 524/12/10 525/8/10
f 525/8/10 527/3/10 529/6/10
f 523/6/9 528/12/9 526/8/9
f 526/8/9 522/3/9 523/6/9
f 532/6/1 531/12/1 530/8/1
f 530/8/1 533/3/1 532/6/1
f 533/6/4 530/12/4 534/8/4
f 534/8/4 535/3/4 533/6/4
f 535/6/2 534/12/2 536/8/2
f 536/8/2 537/3/2 535/6/2
f 537/6/3 536/12/3 531/8/3
f 531/8/3 532/3/3 537/6/3
f 537/6/10 532/12/10 533/8/10
f 533/8/10 535/3/10 537/6/10
f 531/6/9 536/12/9 534/8/9
f 534/8/9 530/3/9 531/6/9
f 397/6/1 398/12/1 538/8/1
f 538/8/1 395/3/1 397/6/1
f 395/6/18 538/12/18 400/8/18
f 400/8/18 394/3/18 395/6/18
f 398/6/19 399/12/19 400/8/19
f 400/8/19 538/3/19 398/6/19
f 541/6/1 540/12/1 539/8/1
f 539/8/1 542/3/1 541/6/1
f 542/6/4 539/12/4 543/8/4
f 543/8/4 544/3/4 542/6/4
f 544/6/2 543/12/2 545/8/2
f 545/8/2 546/3/2 544/6/2
f 546/6/3 545/12/3 540/8/3
f 540/8/3 541/3/3 546/6/3
f 549/22/10 548/24/10 547/23/10
f 547/23/10 550/21/10 549/22/10
f 540/6/9 545/12/9 543/8/9
f 543/8/9 539/3/9 540/6/9
f 541/12/5 552/24/5 551/22/5
f 551/22/5 546/6/5 541/12/5
f 546/6/6 551/22/6 553/21/6
f 553/21/6 544/3/6 546/6/6
f 544/3/7 553/21/7 554/23/7
f 554/23/7 542/8/7 544/3/7
f 542/8/8 554/23/8 552/24/8
f 552/24/8 541/12/8 542/8/8
f 552/24/3 548/24/3 549/22/3
f 549/22/3 551/22/3 552/24/3
f 551/22/2 549/22/2 550/21/2
f 550/21/2 553/21/2 551/22/2
f 553/21/4 550/21/4 547/23/4
f 547/23/4 554/23/4 553/21/4
f 554/23/1 547/23/1 548/24/1
f 548/24/1 552/24/1 554/23/1
f 557/6/1 556/12/1 555/8/1
f 555/8/1 558/3/1 557/6/1
f 558/6/4 555/12/4 559/8/4
f 559/8/4 560/3/4 558/6/4
f 560/6/2 559/12/2 561/8/2
f 561/8/2 562/3/2 560/6/2
f 562/6/3 561/12/3 556/8/3
f 556/8/3 557/3/3 562/6/3
f 565/22/10 564/24/10 563/23/10
f 563/23/10 566/21/10 565/22/10
f 556/6/9 561/12/9 559/8/9
f 559/8/9 555/3/9 556/6/9
f 557/12/5 568/24/5 567/22/5
f 567/22/5 562/6/5 557/12/5
f 562/6/6 567/22/6 569/21/6
f 569/21/6 560/3/6 562/6/6
f 560/3/7 569/21/7 570/23/7
f 570/23/7 558/8/7 560/3/7
f 558/8/8 570/23/8 568/24/8
f 568/24/8 557/12/8 558/8/8
f 568/24/3 564/24/3 565/22/3
f 565/22/3 567/22/3 568/24/3
f 567/22/2 565/22/2 566/21/2
f 566/21/2 569/21/2 567/22/2
f 569/21/4 566/21/4 563/23/4
f 563/23/4 570/23/4 569/21/4
f 570/23/1 563/23/1 564/24/1
f 564/24/1 568/24/1 570/23/1
f 573/6/1 572/12/1 571/8/1
f 571/8/1 574/3/1 573/6/1
f 574/6/4 571/12/4 575/8/4
f 575/8/4 576/3/4 574/6/4
f 576/6/2 575/12/2 577/8/2
f 577/8/2 578/3/2 576/6/2
f 578/6/3 577/12/3 572/8/3
f 572/8/3 573/3/3 578/6/3
f 581/22/10 580/24/10 579/23/10
f 579/23/10 582/21/10 581/22/10
f 572/6/9 577/12/9 575/8/9
f 575/8/9 571/3/9 572/6/9
f 573/12/5 584/24/5 583/22/5
f 583/22/5 578/6/5 573/12/5
f 578/6/6 583/22/6 585/21/6
f 585/21/6 576/3/6 578/6/6
f 576/3/7 585/21/7 586/23/7
f 586/23/7 574/8/7 576/3/7
f 574/8/8 586/23/8 584/24/8
f 584/24/8 573/12/8 574/8/8
f 584/24/3 580/24/3 581/22/3
f 581/22/3 583/22/3 584/24/3
f 583/22/2 581/22/2 582/21/2
f 582/21/2 585/21/2 583/22/2
f 585/21/4 582/21/4 579/23/4
f 579/23/4 586/23/4 585/21/4
f 586/23/1 579/23/1 580/24/1
f 580/24/1 584/24/1 586/23/1
f 426/6/1 431/12/1 432/8/1
f 432/8/1 425/3/1 426/6/1
f 589/6/1 588/12/1 587/8/1
f 587/8/1 590/3/1 589/6/1
f 590/6/3 587/12/3 591/8/3
f 591/8/3 592/3/3 590/6/3
f 592/6/2 591/12/2 593/8/2
f 593/8/2 594/3/2 592/6/2
f 594/6/4 593/12/4 588/8/4
f 588/8/4 589/3/4 594/6/4
f 594/6/9 589/12/9 590/8/9
f 590/8/9 592/3/9 594/6/9
f 588/6/10 593/12/10 591/8/10
f 591/8/10 587/3/10 588/6/10
f 597/6/10 596/12/10 595/8/10
f 595/8/10 598/3/10 597/6/10
f 598/6/3 595/12/3 599/8/3
f 599/8/3 600/3/3 598/6/3
f 600/6/9 599/12/9 601/8/9
f 601/8/9 602/3/9 600/6/9
f 602/6/4 601/12/4 596/8/4
f 596/8/4 597/3/4 602/6/4
f 602/6/1 597/12/1 598/8/1
f 598/8/1 600/3/1 602/6/1
f 596/6/2 601/12/2 599/8/2
f 599/8/2 595/3/2 596/6/2
f 605/6/10 604/12/10 603/8/10
f 603/8/10 606/3/10 605/6/10
f 606/6/3 603/12/3 607/8/3
f 607/8/3 608/3/3 606/6/3
f 608/6/9 607/12/9 609/8/9
f 609/8/9 610/3/9 608/6/9
f 610/6/4 609/12/4 604/8/4
f 604/8/4 605/3/4 610/6/4
f 610/6/1 605/12/1 606/8/1
f 606/8/1 608/3/1 610/6/1
f 604/6/2 609/12/2 607/8/2
f 607/8/2 603/3/2 604/6/2
f 613/6/1 612/12/1 611/8/1
f 611/8/1 614/3/1 613/6/1
f 614/6/3 611/12/3 615/8/3
f 615/8/3 616/3/3 614/6/3
f 616/6/2 615/12/2 617/8/2
f 617/8/2 618/3/2 616/6/2
f 618/6/4 617/12/4 612/8/4
f 612/8/4 613/3/4 618/6/4
f 618/6/9 613/12/9 614/8/9
f 614/8/9 616/3/9 618/6/9
f 612/6/10 617/12/10 615/8/10
f 615/8/10 611/3/10 612/6/10
f 621/6/1 620/12/1 619/8/1
f 619/8/1 622/3/1 621/6/1
f 622/6/3 619/12/3 623/8/3
f 623/8/3 624/3/3 622/6/3
f 624/6/2 623/12/2 625/8/2
f 625/8/2 626/3/2 624/6/2
f 626/6/4 625/12/4 620/8/4
f 620/8/4 621/3/4 626/6/4
f 626/6/9 621/12/9 622/8/9
f 622/8/9 624/3/9 626/6/9
f 620/6/10 625/12/10 623/8/10
f 623/8/10 619/3/10 620/6/10
f 629/6/1 628/12/1 627/8/1
f 627/8/1 630/3/1 629/6/1
f 630/6/3 627/12/3 631/8/3
f 631/8/3 632/3/3 630/6/3
f 632/6/2 631/12/2 633/8/2
f 633/8/2 634/3/2 632/6/2
f 634/6/4 633/12/4 628/8/4
f 628/8/4 629/3/4 634/6/4
f 634/6/9 629/12/9 630/8/9
f 630/8/9 632/3/9 634/6/9
f 628/6/10 633/12/10 631/8/10
f 631/8/10 627/3/10 628/6/10
f 637/29/2 636/12/2 635/11/2
f 635/11/2 638/30/2 637/29/2
f 638/30/2 635/11/2 639/9/2
f 639/9/2 641/32/2 638/30/2
f 640/31/2 637/29/2 638/30/2
f 638/30/2 644/34/2 640/31/2
f 641/32/2 639/9/2 642/8/2
f 642/8/2 643/33/2 641/32/2
f 645/35/2 641/32/2 643/33/2
f 643/33/2 646/36/2 645/35/2
f 10/6/2 640/31/2 644/34/2
f 644/34/2 9/5/2 10/6/2
f 8/2/2 9/5/2 644/34/2
f 644/34/2 645/35/2 8/2/2
f 7/3/2 8/2/2 645/35/2
f 645/35/2 646/36/2 7/3/2
f 643/29/3 642/12/3 647/8/3
f 647/8/3 648/33/3 643/29/3
f 646/31/3 643/29/3 648/33/3
f 648/33/3 649/36/3 646/31/3
f 7/6/3 646/31/3 649/36/3
f 649/36/3 3/3/3 7/6/3
f 648/29/1 647/12/1 650/37/1
f 650/37/1 651/38/1 648/29/1
f 651/38/1 650/37/1 652/39/1
f 652/39/1 653/40/1 651/38/1
f 649/31/1 648/29/1 651/38/1
f 651/38/1 656/41/1 649/31/1
f 653/40/1 652/39/1 654/8/1
f 654/8/1 655/33/1 653/40/1
f 656/41/1 651/38/1 653/40/1
f 653/40/1 657/44/1 656/41/1
f 3/6/1 649/31/1 656/41/1
f 656/41/1 2/42/1 3/6/1
f 4/43/1 2/42/1 656/41/1
f 656/41/1 657/44/1 4/43/1
f 657/44/1 653/40/1 655/33/1
f 655/33/1 658/36/1 657/44/1
f 5/3/1 4/43/1 657/44/1
f 657/44/1 658/36/1 5/3/1
f 655/29/4 654/12/4 636/8/4
f 636/8/4 637/33/4 655/29/4
f 658/31/4 655/29/4 637/33/4
f 637/33/4 640/36/4 658/31/4
f 5/6/4 658/31/4 640/36/4
f 640/36/4 10/3/4 5/6/4
f 661/47/9 660/46/9 659/45/9
f 659/45/9 662/48/9 661/47/9
f 663/49/9 662/48/9 659/45/9
f 659/45/9 664/50/9 663/49/9
f 665/51/9 663/49/9 664/50/9
f 664/50/9 666/52/9 665/51/9
f 667/46/3 660/46/3 661/47/3
f 661/47/3 668/47/3 667/46/3
f 669/46/3 667/46/3 668/47/3
f 668/47/3 670/47/3 669/46/3
f 671/46/3 669/46/3 670/47/3
f 670/47/3 672/47/3 671/46/3
f 668/47/1 661/47/1 662/48/1
f 662/48/1 673/48/1 668/47/1
f 673/48/1 662/48/1 663/49/1
f 663/49/1 674/49/1 673/48/1
f 670/47/1 668/47/1 673/48/1
f 673/48/1 676/48/1 670/47/1
f 674/49/1 663/49/1 665/51/1
f 665/51/1 675/51/1 674/49/1
f 677/49/1 674/49/1 675/51/1
f 675/51/1 680/51/1 677/49/1
f 672/47/1 670/47/1 676/48/1
f 676/48/1 678/48/1 672/47/1
f 679/49/1 678/48/1 676/48/1
f 676/48/1 677/49/1 679/49/1
f 681/51/1 679/49/1 677/49/1
f 677/49/1 680/51/1 681/51/1
f 675/51/4 665/51/4 666/52/4
f 666/52/4 682/52/4 675/51/4
f 680/51/4 675/51/4 682/52/4
f 682/52/4 683/52/4 680/51/4
f 681/51/4 680/51/4 683/52/4
f 683/52/4 684/52/4 681/51/4
f 682/52/2 666/52/2 664/50/2
f 664/50/2 685/50/2 682/52/2
f 685/50/2 664/50/2 659/45/2
f 659/45/2 686/45/2 685/50/2
f 683/52/2 682/52/2 685/50/2
f 685/50/2 687/50/2 683/52/2
f 686/45/2 659/45/2 660/46/2
f 660/46/2 667/46/2 686/45/2
f 687/50/2 685/50/2 686/45/2
f 686/45/2 690/45/2 687/50/2
f 684/52/2 683/52/2 687/50/2
f 687/50/2 688/50/2 684/52/2
f 689/45/2 688/50/2 687/50/2
f 687/50/2 690/45/2 689/45/2
f 690/45/2 686/45/2 667/46/2
f 667/46/2 669/46/2 690/45/2
f 671/46/2 689/45/2 690/45/2
f 690/45/2 669/46/2 671/46/2
f 3/3/20 1/3/20 6/8/20
f 6/8/20 7/8/20 3/3/20
f 677/3/10 676/6/10 638/12/10
f 638/12/10 641/8/10 677/3/10
f 641/3/4 645/6/4 674/12/4
f 674/12/4 677/8/4 641/3/4
f 644/3/3 638/6/3 676/12/3
f 676/12/3 673/8/3 644/3/3
f 673/3/9 674/6/9 645/12/9
f 645/12/9 644/8/9 673/3/9
f 10/12/21 6/12/21 1/6/21
f 1/6/21 5/6/21 10/12/21
f 693/55/2 692/54/10 691/53/10
f 691/53/10 694/56/2 693/55/2
f 695/57/2 693/55/2 694/56/2
f 694/56/2 697/59/2 695/57/2
f 696/58/2 694/56/2 691/53/10
f 691/53/10 698/60/10 696/58/2
f 699/61/2 695/57/2 697/59/2
f 697/59/2 703/66/2 699/61/2
f 700/62/2 696/58/2 698/60/10
f 698/60/10 13/63/10 700/62/2
f 696/58/2 700/62/2 701/64/2
f 701/64/2 702/65/2 696/58/2
f 704/67/2 699/61/2 703/66/2
f 703/66/2 706/69/2 704/67/2
f 705/68/2 703/66/2 697/59/2
f 697/59/2 702/65/2 705/68/2
f 20/6/2 704/67/2 706/69/2
f 706/69/2 707/70/2 20/6/2
f 708/71/2 707/70/2 706/69/2
f 706/69/2 709/72/2 708/71/2
f 710/73/2 708/71/2 709/72/2
f 709/72/2 711/74/2 710/73/2
f 711/74/2 709/72/2 705/68/2
f 705/68/2 713/76/2 711/74/2
f 712/75/2 710/73/2 711/74/2
f 711/74/2 714/77/2 712/75/2
f 713/76/2 705/68/2 702/65/2
f 702/65/2 701/64/2 713/76/2
f 714/77/2 711/74/2 713/76/2
f 713/76/2 716/79/2 714/77/2
f 715/78/2 712/75/2 714/77/2
f 714/77/2 718/81/2 715/78/2
f 716/79/2 713/76/2 701/64/2
f 701/64/2 717/80/2 716/79/2
f 718/81/2 714/77/2 716/79/2
f 716/79/2 720/83/2 718/81/2
f 719/82/2 715/78/2 718/81/2
f 718/81/2 721/84/2 719/82/2
f 720/83/2 716/79/2 717/80/2
f 717/80/2 725/88/2 720/83/2
f 26/3/2 719/82/2 721/84/2
f 721/84/2 722/85/2 26/3/2
f 722/85/2 721/84/2 723/86/2
f 723/86/2 724/87/2 722/85/2
f 723/86/2 720/83/2 725/88/2
f 725/88/2 726/90/2 723/86/2
f 725/88/2 717/80/2 18/89/2
f 18/89/2 728/92/2 725/88/2
f 724/87/2 723/86/2 726/90/2
f 726/90/2 727/91/2 724/87/2
f 728/92/2 18/89/2 15/93/2
f 15/93/2 729/94/2 728/92/2
f 727/91/2 726/90/2 730/95/2
f 730/95/2 731/96/2 727/91/2
f 730/95/2 728/92/2 729/94/2
f 729/94/2 732/97/2 730/95/2
f 731/96/2 730/95/2 732/97/2
f 732/97/2 733/98/2 731/96/2
f 736/55/1 735/54/1 734/99/1
f 734/99/1 737/100/1 736/55/1
f 738/57/1 736/55/1 737/100/1
f 737/100/1 740/102/1 738/57/1
f 739/101/1 737/100/1 734/99/1
f 734/99/1 741/103/1 739/101/1
f 742/61/1 738/57/1 740/102/1
f 740/102/1 745/106/1 742/61/1
f 743/104/1 739/101/1 741/103/1
f 741/103/1 744/105/1 743/104/1
f 746/67/1 742/61/1 745/106/1
f 745/106/1 748/108/1 746/67/1
f 747/107/1 745/106/1 740/102/1
f 740/102/1 753/113/1 747/107/1
f 24/6/1 746/67/1 748/108/1
f 748/108/1 749/109/1 24/6/1
f 750/110/1 749/109/1 748/108/1
f 748/108/1 751/111/1 750/110/1
f 752/112/1 750/110/1 751/111/1
f 751/111/1 754/114/1 752/112/1
f 754/114/1 751/111/1 747/107/1
f 747/107/1 756/116/1 754/114/1
f 755/115/1 752/112/1 754/114/1
f 754/114/1 757/117/1 755/115/1
f 756/116/1 747/107/1 753/113/1
f 753/113/1 759/119/1 756/116/1
f 757/117/1 754/114/1 756/116/1
f 756/116/1 762/122/1 757/117/1
f 758/118/1 755/115/1 757/117/1
f 757/117/1 760/120/1 758/118/1
f 759/119/1 753/113/1 739/101/1
f 739/101/1 743/104/1 759/119/1
f 761/121/1 758/118/1 760/120/1
f 760/120/1 763/123/1 761/121/1
f 762/122/1 756/116/1 759/119/1
f 759/119/1 768/126/1 762/122/1
f 760/120/1 757/117/1 762/122/1
f 762/122/1 766/125/1 760/120/1
f 22/3/1 761/121/1 763/123/1
f 763/123/1 764/85/1 22/3/1
f 764/85/1 763/123/1 765/124/1
f 765/124/1 767/87/1 764/85/1
f 768/126/1 759/119/1 743/104/1
f 743/104/1 774/130/1 768/126/1
f 766/125/1 762/122/1 768/126/1
f 768/126/1 771/128/1 766/125/1
f 767/87/1 765/124/1 769/127/1
f 769/127/1 770/91/1 767/87/1
f 765/124/1 766/125/1 771/128/1
f 771/128/1 769/127/1 765/124/1
f 770/91/1 769/127/1 772/129/1
f 772/129/1 773/96/1 770/91/1
f 771/128/1 768/126/1 774/130/1
f 774/130/1 776/132/1 771/128/1
f 774/130/1 743/104/1 744/105/1
f 744/105/1 775/131/1 774/130/1
f 776/132/1 774/130/1 775/131/1
f 775/131/1 777/133/1 776/132/1
f 772/129/1 776/132/1 777/133/1
f 777/133/1 778/134/1 772/129/1
f 773/96/1 772/129/1 778/134/1
f 778/134/1 779/98/1 773/96/1
f 773/55/4 779/54/4 780/135/4
f 780/135/4 781/136/4 773/55/4
f 781/136/4 780/135/4 782/137/4
f 782/137/4 783/138/4 781/136/4
f 770/57/4 773/55/4 781/136/4
f 781/136/4 784/139/4 770/57/4
f 767/61/4 770/57/4 784/139/4
f 784/139/4 786/141/4 767/61/4
f 783/138/4 782/137/4 785/140/4
f 785/140/4 794/149/4 783/138/4
f 764/67/4 767/61/4 786/141/4
f 786/141/4 788/143/4 764/67/4
f 786/141/4 784/139/4 787/142/4
f 787/142/4 793/148/4 786/141/4
f 22/6/4 764/67/4 788/143/4
f 788/143/4 789/144/4 22/6/4
f 790/145/4 789/144/4 788/143/4
f 788/143/4 791/146/4 790/145/4
f 792/147/4 790/145/4 791/146/4
f 791/146/4 802/157/4 792/147/4
f 787/142/4 783/138/4 794/149/4
f 794/149/4 795/150/4 787/142/4
f 793/148/4 787/142/4 795/150/4
f 795/150/4 800/155/4 793/148/4
f 796/151/4 794/149/4 785/140/4
f 785/140/4 797/152/4 796/151/4
f 796/151/4 797/152/4 692/98/4
f 692/98/4 693/96/4 796/151/4
f 798/153/4 796/151/4 693/96/4
f 693/96/4 695/91/4 798/153/4
f 799/154/4 798/153/4 695/91/4
f 695/91/4 699/87/4 799/154/4
f 795/150/4 798/153/4 799/154/4
f 799/154/4 800/155/4 795/150/4
f 791/146/4 793/148/4 800/155/4
f 800/155/4 802/157/4 791/146/4
f 801/156/4 799/154/4 699/87/4
f 699/87/4 704/85/4 801/156/4
f 803/158/4 792/147/4 802/157/4
f 802/157/4 801/156/4 803/158/4
f 20/3/4 803/158/4 801/156/4
f 801/156/4 704/85/4 20/3/4
f 806/161/10 805/160/9 804/159/10
f 804/159/10 807/162/10 806/161/10
f 807/162/10 804/159/10 808/163/10
f 808/163/10 811/166/10 807/162/10
f 806/161/10 807/162/10 809/164/10
f 809/164/10 810/165/10 806/161/10
f 811/166/10 808/163/10 812/167/10
f 812/167/10 817/172/10 811/166/10
f 813/168/10 809/164/10 807/162/10
f 807/162/10 811/166/10 813/168/10
f 810/165/10 809/164/10 814/169/10
f 814/169/10 815/170/22 810/165/10
f 816/171/22 815/170/22 814/169/10
f 814/169/10 820/175/10 816/171/22
f 817/172/10 812/167/10 818/173/10
f 818/173/10 823/178/10 817/172/10
f 819/174/10 814/169/10 809/164/10
f 809/164/10 813/168/10 819/174/10
f 820/175/10 814/169/10 819/174/10
f 819/174/10 830/186/10 820/175/10
f 821/176/10 816/171/22 820/175/10
f 820/175/10 833/190/10 821/176/10
f 822/177/10 813/168/10 811/166/10
f 811/166/10 817/172/10 822/177/10
f 823/178/10 818/173/10 824/179/9
f 824/179/9 825/180/10 823/178/10
f 823/178/10 825/180/10 826/181/10
f 826/181/10 827/182/10 823/178/10
f 817/172/10 823/178/10 827/182/10
f 827/182/10 822/177/10 817/172/10
f 827/182/10 826/181/10 11/183/10
f 11/183/10 829/185/10 827/182/10
f 828/184/10 819/174/10 813/168/10
f 813/168/10 822/177/10 828/184/10
f 822/177/10 827/182/10 829/185/10
f 829/185/10 828/184/10 822/177/10
f 830/186/10 819/174/10 828/184/10
f 828/184/10 832/189/10 830/186/10
f 831/187/10 829/185/10 11/183/10
f 11/183/10 14/188/10 831/187/10
f 832/189/10 828/184/10 829/185/10
f 829/185/10 831/187/10 832/189/10
f 833/190/10 820/175/10 830/186/10
f 830/186/10 837/194/10 833/190/10
f 834/191/10 831/187/10 14/188/10
f 14/188/10 835/192/10 834/191/10
f 834/191/10 835/192/10 836/193/10
f 836/193/10 839/196/10 834/191/10
f 837/194/10 830/186/10 832/189/10
f 832/189/10 838/195/10 837/194/10
f 838/195/10 832/189/10 831/187/10
f 831/187/10 834/191/10 838/195/10
f 838/195/10 834/191/10 839/196/10
f 839/196/10 842/199/10 838/195/10
f 839/196/10 836/193/10 840/197/9
f 840/197/9 841/198/10 839/196/10
f 842/199/10 839/196/10 841/198/10
f 841/198/10 843/200/10 842/199/10
f 837/194/10 838/195/10 842/199/10
f 842/199/10 844/16/10 837/194/10
f 844/16/10 842/199/10 843/200/10
f 843/200/10 845/201/10 844/16/10
f 833/190/10 837/194/10 844/16/10
f 844/16/10 846/14/10 833/190/10
f 846/14/10 844/16/10 845/201/10
f 845/201/10 847/202/10 846/14/10
f 821/176/10 833/190/10 846/14/10
f 846/14/10 848/203/10 821/176/10
f 848/203/10 846/14/10 847/202/10
f 847/202/10 849/204/9 848/203/10
f 731/55/3 733/54/3 850/205/3
f 850/205/3 851/206/3 731/55/3
f 727/57/3 731/55/3 851/206/3
f 851/206/3 853/207/3 727/57/3
f 852/136/3 851/206/3 850/205/3
f 850/205/3 854/135/3 852/136/3
f 852/136/3 854/135/3 855/137/3
f 855/137/3 856/138/3 852/136/3
f 724/61/3 727/57/3 853/207/3
f 853/207/3 862/208/3 724/61/3
f 856/138/3 855/137/3 857/140/3
f 857/140/3 859/149/3 856/138/3
f 858/139/3 852/136/3 856/138/3
f 856/138/3 861/142/3 858/139/3
f 859/149/3 857/140/3 735/98/3
f 735/98/3 736/96/3 859/149/3
f 860/150/3 859/149/3 736/96/3
f 736/96/3 738/91/3 860/150/3
f 722/67/3 724/61/3 862/208/3
f 862/208/3 864/209/3 722/67/3
f 853/207/3 858/139/3 863/141/3
f 863/141/3 862/208/3 853/207/3
f 863/141/3 858/139/3 861/142/3
f 861/142/3 868/148/3 863/141/3
f 26/6/3 722/67/3 864/209/3
f 864/209/3 865/210/3 26/6/3
f 866/144/3 865/210/3 864/209/3
f 864/209/3 867/143/3 866/144/3
f 868/148/3 861/142/3 860/150/3
f 860/150/3 869/155/3 868/148/3
f 867/143/3 863/141/3 868/148/3
f 868/148/3 870/146/3 867/143/3
f 869/155/3 860/150/3 738/91/3
f 738/91/3 742/87/3 869/155/3
f 866/144/3 867/143/3 870/146/3
f 870/146/3 871/145/3 866/144/3
f 872/157/3 869/155/3 742/87/3
f 742/87/3 746/85/3 872/157/3
f 871/145/3 870/146/3 872/157/3
f 872/157/3 873/147/3 871/145/3
f 872/157/3 746/85/3 24/3/3
f 24/3/3 873/147/3 872/157/3
f 732/97/1 733/98/1 874/8/1
f 874/8/1 875/211/1 732/97/1
f 729/94/1 732/97/1 875/211/1
f 875/211/1 876/212/1 729/94/1
f 15/93/1 729/94/1 876/212/1
f 876/212/1 16/213/1 15/93/1
f 797/152/3 692/98/3 877/8/3
f 877/8/3 878/214/3 797/152/3
f 785/140/3 797/152/3 878/214/3
f 878/214/3 879/215/3 785/140/3
f 782/137/3 785/140/3 879/215/3
f 879/215/3 880/216/3 782/137/3
f 780/135/3 782/137/3 880/216/3
f 880/216/3 881/217/3 780/135/3
f 779/54/3 780/135/3 881/217/3
f 881/217/3 882/12/3 779/54/3
f 778/134/2 779/98/2 882/8/2
f 882/8/2 883/218/2 778/134/2
f 777/133/2 778/134/2 883/218/2
f 883/218/2 884/219/2 777/133/2
f 775/131/2 777/133/2 884/219/2
f 884/219/2 885/220/2 775/131/2
f 744/105/2 775/131/2 885/220/2
f 885/220/2 886/221/2 744/105/2
f 741/103/2 744/105/2 886/221/2
f 886/221/2 887/222/2 741/103/2
f 734/99/2 741/103/2 887/222/2
f 887/222/2 888/223/2 734/99/2
f 735/54/2 734/99/2 888/223/2
f 888/223/2 889/12/2 735/54/2
f 857/140/4 735/98/4 889/8/4
f 889/8/4 890/215/4 857/140/4
f 855/137/4 857/140/4 890/215/4
f 890/215/4 891/216/4 855/137/4
f 854/135/4 855/137/4 891/216/4
f 891/216/4 892/217/4 854/135/4
f 850/205/4 854/135/4 892/217/4
f 892/217/4 893/224/4 850/205/4
f 733/54/4 850/205/4 893/224/4
f 893/224/4 874/12/4 733/54/4
f 896/8/2 895/98/2 894/225/2
f 894/225/2 897/226/2 896/8/2
f 898/227/2 897/226/2 894/225/2
f 894/225/2 899/228/2 898/227/2
f 900/229/2 898/227/2 899/228/2
f 899/228/2 901/230/2 900/229/2
f 904/8/4 903/98/4 902/231/4
f 902/231/4 905/232/4 904/8/4
f 906/215/4 905/232/4 902/231/4
f 902/231/4 907/140/4 906/215/4
f 906/215/4 907/140/4 908/137/4
f 908/137/4 909/216/4 906/215/4
f 909/216/4 908/137/4 910/135/4
f 910/135/4 911/217/4 909/216/4
f 911/217/4 910/135/4 912/54/4
f 912/54/4 913/12/4 911/217/4
f 913/8/1 912/98/1 914/233/1
f 914/233/1 915/234/1 913/8/1
f 916/235/1 915/234/1 914/233/1
f 914/233/1 917/236/1 916/235/1
f 918/237/1 916/235/1 917/236/1
f 917/236/1 919/238/1 918/237/1
f 920/239/1 918/237/1 919/238/1
f 919/238/1 921/240/1 920/239/1
f 922/241/1 920/239/1 921/240/1
f 921/240/1 923/242/1 922/241/1
f 924/243/1 922/241/1 923/242/1
f 923/242/1 925/244/1 924/243/1
f 926/12/1 924/243/1 925/244/1
f 925/244/1 927/54/1 926/12/1
f 926/8/3 927/98/3 928/140/3
f 928/140/3 929/215/3 926/8/3
f 929/215/3 928/140/3 930/137/3
f 930/137/3 931/216/3 929/215/3
f 931/216/3 930/137/3 932/135/3
f 932/135/3 933/217/3 931/216/3
f 933/217/3 932/135/3 934/245/3
f 934/245/3 935/246/3 933/217/3
f 896/12/3 935/246/3 934/245/3
f 934/245/3 895/54/3 896/12/3
f 874/8/9 896/8/9 897/226/9
f 897/226/9 875/211/9 874/8/9
f 876/212/9 875/211/9 897/226/9
f 897/226/9 898/227/9 876/212/9
f 16/213/9 876/212/9 898/227/9
f 898/227/9 900/229/9 16/213/9
f 692/54/10 903/54/10 936/247/10
f 936/247/10 691/53/10 692/54/10
f 698/60/10 691/53/10 936/247/10
f 936/247/10 937/248/10 698/60/10
f 13/63/10 698/60/10 937/248/10
f 937/248/10 938/249/10 13/63/10
f 877/8/9 904/8/9 905/232/9
f 905/232/9 878/214/9 877/8/9
f 879/215/9 878/214/9 905/232/9
f 905/232/9 906/215/9 879/215/9
f 879/215/9 906/215/9 909/216/9
f 909/216/9 880/216/9 879/215/9
f 880/216/9 909/216/9 911/217/9
f 911/217/9 881/217/9 880/216/9
f 881/217/9 911/217/9 913/12/9
f 913/12/9 882/12/9 881/217/9
f 779/54/10 912/54/10 910/135/10
f 910/135/10 780/135/10 779/54/10
f 780/135/10 910/135/10 908/137/10
f 908/137/10 782/137/10 780/135/10
f 782/137/10 908/137/10 907/140/10
f 907/140/10 785/140/10 782/137/10
f 785/140/10 907/140/10 902/231/10
f 902/231/10 797/152/10 785/140/10
f 692/98/10 797/152/10 902/231/10
f 902/231/10 903/98/10 692/98/10
f 882/8/9 913/8/9 915/234/9
f 915/234/9 883/218/9 882/8/9
f 884/219/9 883/218/9 915/234/9
f 915/234/9 916/235/9 884/219/9
f 885/220/9 884/219/9 916/235/9
f 916/235/9 918/237/9 885/220/9
f 886/221/9 885/220/9 918/237/9
f 918/237/9 920/239/9 886/221/9
f 887/222/9 886/221/9 920/239/9
f 920/239/9 922/241/9 887/222/9
f 888/223/9 887/222/9 922/241/9
f 922/241/9 924/243/9 888/223/9
f 889/12/9 888/223/9 924/243/9
f 924/243/9 926/12/9 889/12/9
f 735/54/10 927/54/10 925/244/10
f 925/244/10 734/99/10 735/54/10
f 741/103/10 734/99/10 925/244/10
f 925/244/10 923/242/10 741/103/10
f 744/105/10 741/103/10 923/242/10
f 923/242/10 921/240/10 744/105/10
f 775/131/10 744/105/10 921/240/10
f 921/240/10 919/238/10 775/131/10
f 777/133/10 775/131/10 919/238/10
f 919/238/10 917/236/10 777/133/10
f 778/134/10 777/133/10 917/236/10
f 917/236/10 914/233/10 778/134/10
f 779/98/10 778/134/10 914/233/10
f 914/233/10 912/98/10 779/98/10
f 889/8/9 926/8/9 929/215/9
f 929/215/9 890/215/9 889/8/9
f 890/215/9 929/215/9 931/216/9
f 931/216/9 891/216/9 890/215/9
f 891/216/9 931/216/9 933/217/9
f 933/217/9 892/217/9 891/216/9
f 892/217/9 933/217/9 935/246/9
f 935/246/9 893/224/9 892/217/9
f 874/12/9 893/224/9 935/246/9
f 935/246/9 896/12/9 874/12/9
f 927/98/10 735/98/10 857/140/10
f 857/140/10 928/140/10 927/98/10
f 928/140/10 857/140/10 855/137/10
f 855/137/10 930/137/10 928/140/10
f 930/137/10 855/137/10 854/135/10
f 854/135/10 932/135/10 930/137/10
f 934/245/10 932/135/10 854/135/10
f 854/135/10 850/205/10 934/245/10
f 934/245/10 850/205/10 733/54/10
f 733/54/10 895/54/10 934/245/10
f 939/250/1 877/12/1 692/54/10
f 692/54/10 691/53/10 939/250/1
f 940/251/1 939/250/1 691/53/10
f 691/53/10 698/60/10 940/251/1
f 12/252/1 940/251/1 698/60/10
f 698/60/10 13/63/10 12/252/1
f 936/247/2 903/54/2 904/12/2
f 904/12/2 941/253/2 936/247/2
f 937/248/2 936/247/2 941/253/2
f 941/253/2 942/254/2 937/248/2
f 938/249/2 937/248/2 942/254/2
f 942/254/2 943/255/2 938/249/2
f 941/253/9 904/12/9 877/12/9
f 877/12/9 939/250/9 941/253/9
f 942/254/9 941/253/9 939/250/9
f 939/250/9 940/251/9 942/254/9
f 943/255/9 942/254/9 940/251/9
f 940/251/9 12/252/9 943/255/9
f 944/179/3 824/179/3 818/173/3
f 818/173/3 945/173/3 944/179/3
f 946/179/3 944/179/3 945/173/3
f 945/173/3 947/173/3 946/179/3
f 945/173/3 818/173/3 812/167/3
f 812/167/3 948/167/3 945/173/3
f 949/179/3 946/179/3 947/173/3
f 947/173/3 950/173/3 949/179/3
f 948/167/3 812/167/3 808/163/3
f 808/163/3 953/163/3 948/167/3
f 951/179/3 949/179/3 950/173/3
f 950/173/3 954/173/3 951/179/3
f 950/173/3 947/173/3 952/167/3
f 952/167/3 958/167/3 950/173/3
f 952/167/3 948/167/3 953/163/3
f 953/163/3 960/163/3 952/167/3
f 953/163/3 808/163/3 804/159/3
f 804/159/3 961/159/3 953/163/3
f 955/179/3 951/179/3 954/173/3
f 954/173/3 956/173/3 955/179/3
f 956/173/3 954/173/3 957/167/3
f 957/167/3 959/167/3 956/173/3
f 958/167/3 952/167/3 960/163/3
f 960/163/3 965/163/3 958/167/3
f 961/159/3 804/159/3 805/160/3
f 805/160/3 962/160/3 961/159/3
f 963/159/3 961/159/3 962/160/3
f 962/160/3 964/160/3 963/159/3
f 957/167/3 958/167/3 965/163/3
f 965/163/3 966/163/3 957/167/3
f 965/163/3 960/163/3 963/159/3
f 963/159/3 968/159/3 965/163/3
f 959/167/3 957/167/3 966/163/3
f 966/163/3 967/163/3 959/167/3
f 968/159/3 963/159/3 964/160/3
f 964/160/3 969/160/3 968/159/3
f 967/163/3 966/163/3 970/159/3
f 970/159/3 971/159/3 967/163/3
f 970/159/3 968/159/3 969/160/3
f 969/160/3 972/160/3 970/159/3
f 971/159/3 970/159/3 972/160/3
f 972/160/3 973/160/3 971/159/3
f 894/225/10 895/98/10 733/98/10
f 733/98/10 732/97/10 894/225/10
f 899/228/10 894/225/10 732/97/10
f 732/97/10 729/94/10 899/228/10
f 901/230/10 899/228/10 729/94/10
f 729/94/10 15/93/10 901/230/10
f 11/183/10 12/256/9 940/71/9
f 940/71/9 826/181/10 11/183/10
f 826/181/10 940/71/9 939/70/9
f 939/70/9 825/180/10 826/181/10
f 825/180/10 939/70/9 877/6/9
f 877/6/9 824/179/9 825/180/10
f 824/179/9 877/6/9 878/257/9
f 878/257/9 818/173/10 824/179/9
f 818/173/10 878/257/9 879/258/9
f 879/258/9 812/167/10 818/173/10
f 812/167/10 879/258/9 880/259/9
f 880/259/9 808/163/10 812/167/10
f 808/163/10 880/259/9 881/260/9
f 881/260/9 804/159/10 808/163/10
f 804/159/10 881/260/9 882/12/9
f 882/12/9 805/160/9 804/159/10
f 805/160/9 882/12/9 883/250/9
f 883/250/9 806/161/10 805/160/9
f 806/161/10 883/250/9 884/251/9
f 884/251/9 810/165/10 806/161/10
f 815/170/22 810/165/10 884/251/9
f 884/251/9 885/252/9 815/170/22
f 816/171/22 815/170/22 885/252/9
f 885/252/9 886/213/9 816/171/22
f 816/171/22 886/213/9 887/212/9
f 887/212/9 821/176/10 816/171/22
f 821/176/10 887/212/9 888/211/9
f 888/211/9 848/203/10 821/176/10
f 848/203/10 888/211/9 889/8/9
f 889/8/9 849/204/9 848/203/10
f 849/204/9 889/8/9 890/20/9
f 890/20/9 847/202/10 849/204/9
f 847/202/10 890/20/9 891/18/9
f 891/18/9 845/201/10 847/202/10
f 845/201/10 891/18/9 892/261/9
f 892/261/9 843/200/10 845/201/10
f 843/200/10 892/261/9 893/262/9
f 893/262/9 841/198/10 843/200/10
f 841/198/10 893/262/9 874/3/9
f 874/3/9 840/197/9 841/198/10
f 840/197/9 874/3/9 875/82/9
f 875/82/9 836/193/10 840/197/9
f 836/193/10 875/82/9 876/78/9
f 876/78/9 835/192/10 836/193/10
f 14/188/10 835/192/10 876/78/9
f 876/78/9 16/263/9 14/188/10
f 971/159/9 973/160/9 974/161/9
f 974/161/9 975/162/9 971/159/9
f 967/163/9 971/159/9 975/162/9
f 975/162/9 978/166/9 967/163/9
f 976/164/9 975/162/9 974/161/9
f 974/161/9 977/165/9 976/164/9
f 959/167/9 967/163/9 978/166/9
f 978/166/9 982/172/9 959/167/9
f 975/162/9 976/164/9 979/168/9
f 979/168/9 978/166/9 975/162/9
f 980/169/9 976/164/9 977/165/9
f 977/165/9 981/170/9 980/169/9
f 956/173/9 959/167/9 982/172/9
f 982/172/9 987/178/9 956/173/9
f 978/166/9 979/168/9 983/177/9
f 983/177/9 982/172/9 978/166/9
f 984/174/9 979/168/9 976/164/9
f 976/164/9 980/169/9 984/174/9
f 985/175/9 980/169/9 981/170/9
f 981/170/9 986/171/9 985/175/9
f 955/179/9 956/173/9 987/178/9
f 987/178/9 988/180/9 955/179/9
f 989/181/9 988/180/9 987/178/9
f 987/178/9 990/182/9 989/181/9
f 990/182/9 987/178/9 982/172/9
f 982/172/9 983/177/9 990/182/9
f 991/183/9 989/181/9 990/182/9
f 990/182/9 992/185/9 991/183/9
f 992/185/9 990/182/9 983/177/9
f 983/177/9 994/184/9 992/185/9
f 993/188/9 991/183/9 992/185/9
f 992/185/9 995/187/9 993/188/9
f 994/184/9 983/177/9 979/168/9
f 979/168/9 984/174/9 994/184/9
f 995/187/9 992/185/9 994/184/9
f 994/184/9 997/189/9 995/187/9
f 996/192/9 993/188/9 995/187/9
f 995/187/9 998/191/9 996/192/9
f 997/189/9 994/184/9 984/174/9
f 984/174/9 1000/186/9 997/189/9
f 998/191/9 995/187/9 997/189/9
f 997/189/9 1004/195/9 998/191/9
f 999/193/9 996/192/9 998/191/9
f 998/191/9 1001/196/9 999/193/9
f 1000/186/9 984/174/9 980/169/9
f 980/169/9 985/175/9 1000/186/9
f 1002/197/9 999/193/9 1001/196/9
f 1001/196/9 1003/198/9 1002/197/9
f 1004/195/9 997/189/9 1000/186/9
f 1000/186/9 1007/194/9 1004/195/9
f 1001/196/9 998/191/9 1004/195/9
f 1004/195/9 1005/199/9 1001/196/9
f 1003/198/9 1001/196/9 1005/199/9
f 1005/199/9 1006/200/9 1003/198/9
f 1007/194/9 1000/186/9 985/175/9
f 985/175/9 1010/190/9 1007/194/9
f 1005/199/9 1004/195/9 1007/194/9
f 1007/194/9 1008/16/9 1005/199/9
f 1006/200/9 1005/199/9 1008/16/9
f 1008/16/9 1009/201/9 1006/200/9
f 1008/16/9 1007/194/9 1010/190/9
f 1010/190/9 1012/14/9 1008/16/9
f 1010/190/9 985/175/9 986/171/9
f 986/171/9 1011/176/9 1010/190/9
f 1009/201/9 1008/16/9 1012/14/9
f 1012/14/9 1013/202/9 1009/201/9
f 1012/14/9 1010/190/9 1011/176/9
f 1011/176/9 1014/203/9 1012/14/9
f 1013/202/9 1012/14/9 1014/203/9
f 1014/203/9 1015/204/9 1013/202/9
f 951/179/1 955/179/1 988/180/1
f 988/180/1 1016/180/1 951/179/1
f 949/179/1 951/179/1 1016/180/1
f 1016/180/1 1017/180/1 949/179/1
f 1016/180/1 988/180/1 989/181/1
f 989/181/1 1018/181/1 1016/180/1
f 946/179/1 949/179/1 1017/180/1
f 1017/180/1 1019/180/1 946/179/1
f 944/179/1 946/179/1 1019/180/1
f 1019/180/1 1021/180/1 944/179/1
f 1019/180/1 1017/180/1 1020/181/1
f 1020/181/1 1023/181/1 1019/180/1
f 824/179/1 944/179/1 1021/180/1
f 1021/180/1 825/180/1 824/179/1
f 825/180/1 1021/180/1 1022/181/1
f 1022/181/1 826/181/1 825/180/1
f 826/181/1 1022/181/1 1024/183/1
f 1024/183/1 11/183/1 826/181/1
f 1024/183/1 1022/181/1 1023/181/1
f 1023/181/1 1025/183/1 1024/183/1
f 1023/181/1 1020/181/1 1026/264/1
f 1026/264/1 1025/183/1 1023/181/1
f 1026/264/1 1020/181/1 1018/181/1
f 1018/181/1 1028/264/1 1026/264/1
f 1027/188/1 1025/183/1 1026/264/1
f 1026/264/1 1029/265/1 1027/188/1
f 1028/264/1 1018/181/1 989/181/1
f 989/181/1 991/183/1 1028/264/1
f 1029/265/1 1026/264/1 1028/264/1
f 1028/264/1 1030/265/1 1029/265/1
f 1030/265/1 1028/264/1 991/183/1
f 991/183/1 993/188/1 1030/265/1
f 1030/265/1 993/188/1 996/192/1
f 996/192/1 1031/192/1 1030/265/1
f 1029/265/1 1030/265/1 1031/192/1
f 1031/192/1 1035/192/1 1029/265/1
f 1031/192/1 996/192/1 999/193/1
f 999/193/1 1032/193/1 1031/192/1
f 1032/193/1 999/193/1 1002/197/1
f 1002/197/1 1033/197/1 1032/193/1
f 1034/193/1 1032/193/1 1033/197/1
f 1033/197/1 1036/197/1 1034/193/1
f 1037/192/1 1027/188/1 1029/265/1
f 1029/265/1 1035/192/1 1037/192/1
f 1037/192/1 1035/192/1 1034/193/1
f 1034/193/1 1038/193/1 1037/192/1
f 17/188/1 1027/188/1 1037/192/1
f 1037/192/1 1041/192/1 17/188/1
f 1038/193/1 1034/193/1 1036/197/1
f 1036/197/1 1039/197/1 1038/193/1
f 1040/193/1 1038/193/1 1039/197/1
f 1039/197/1 1042/197/1 1040/193/1
f 17/188/1 1041/192/1 835/192/1
f 835/192/1 14/188/1 17/188/1
f 835/192/1 1041/192/1 1040/193/1
f 1040/193/1 836/193/1 835/192/1
f 836/193/1 1040/193/1 1042/197/1
f 1042/197/1 840/197/1 836/193/1
f 1043/204/2 1015/204/2 1014/203/2
f 1014/203/2 1044/203/2 1043/204/2
f 1045/204/2 1043/204/2 1044/203/2
f 1044/203/2 1046/203/2 1045/204/2
f 1044/203/2 1014/203/2 1011/176/2
f 1011/176/2 1048/176/2 1044/203/2
f 1047/204/2 1045/204/2 1046/203/2
f 1046/203/2 1049/203/2 1047/204/2
f 1050/204/2 1047/204/2 1049/203/2
f 1049/203/2 1052/203/2 1050/204/2
f 1049/203/2 1046/203/2 1051/176/2
f 1051/176/2 1054/176/2 1049/203/2
f 849/204/2 1050/204/2 1052/203/2
f 1052/203/2 848/203/2 849/204/2
f 848/203/2 1052/203/2 1053/176/2
f 1053/176/2 821/176/2 848/203/2
f 821/176/2 1053/176/2 1055/171/2
f 1055/171/2 816/171/2 821/176/2
f 1055/171/2 1053/176/2 1054/176/2
f 1054/176/2 1058/171/2 1055/171/2
f 815/170/2 816/171/2 1055/171/2
f 1055/171/2 1057/170/2 815/170/2
f 1056/266/2 1051/176/2 1048/176/2
f 1048/176/2 1059/266/2 1056/266/2
f 1054/176/2 1051/176/2 1056/266/2
f 1056/266/2 1058/171/2 1054/176/2
f 810/165/2 815/170/2 1057/170/2
f 1057/170/2 1068/165/2 810/165/2
f 1057/170/2 1055/171/2 1058/171/2
f 1058/171/2 1060/170/2 1057/170/2
f 1059/266/2 1048/176/2 1011/176/2
f 1011/176/2 986/171/2 1059/266/2
f 1060/170/2 1058/171/2 1056/266/2
f 1056/266/2 1061/267/2 1060/170/2
f 1061/267/2 1056/266/2 1059/266/2
f 1059/266/2 1062/267/2 1061/267/2
f 1062/267/2 1059/266/2 986/171/2
f 986/171/2 981/170/2 1062/267/2
f 1062/267/2 981/170/2 977/165/2
f 977/165/2 1063/165/2 1062/267/2
f 1061/267/2 1062/267/2 1063/165/2
f 1063/165/2 1066/165/2 1061/267/2
f 1063/165/2 977/165/2 974/161/2
f 974/161/2 1064/161/2 1063/165/2
f 1064/161/2 974/161/2 973/160/2
f 973/160/2 972/160/2 1064/161/2
f 1065/161/2 1064/161/2 972/160/2
f 972/160/2 969/160/2 1065/161/2
f 1067/165/2 1060/170/2 1061/267/2
f 1061/267/2 1066/165/2 1067/165/2
f 1067/165/2 1066/165/2 1065/161/2
f 1065/161/2 1069/161/2 1067/165/2
f 1057/170/2 1060/170/2 1067/165/2
f 1067/165/2 1068/165/2 1057/170/2
f 1069/161/2 1065/161/2 969/160/2
f 969/160/2 964/160/2 1069/161/2
f 810/165/2 1068/165/2 1070/161/2
f 1070/161/2 806/161/2 810/165/2
f 1070/161/2 1069/161/2 964/160/2
f 964/160/2 962/160/2 1070/161/2
f 806/161/2 1070/161/2 962/160/2
f 962/160/2 805/160/2 806/161/2
f 1033/197/4 1002/197/4 1003/198/4
f 1003/198/4 1071/198/4 1033/197/4
f 1036/197/4 1033/197/4 1071/198/4
f 1071/198/4 1072/198/4 1036/197/4
f 1071/198/4 1003/198/4 1006/200/4
f 1006/200/4 1073/200/4 1071/198/4
f 1039/197/4 1036/197/4 1072/198/4
f 1072/198/4 1074/198/4 1039/197/4
f 1073/200/4 1006/200/4 1009/201/4
f 1009/201/4 1076/201/4 1073/200/4
f 1042/197/4 1039/197/4 1074/198/4
f 1074/198/4 1077/198/4 1042/197/4
f 1074/198/4 1072/198/4 1075/200/4
f 1075/200/4 1079/200/4 1074/198/4
f 1075/200/4 1073/200/4 1076/201/4
f 1076/201/4 1081/201/4 1075/200/4
f 1076/201/4 1009/201/4 1013/202/4
f 1013/202/4 1080/202/4 1076/201/4
f 840/197/4 1042/197/4 1077/198/4
f 1077/198/4 841/198/4 840/197/4
f 841/198/4 1077/198/4 1078/200/4
f 1078/200/4 843/200/4 841/198/4
f 1080/202/4 1013/202/4 1015/204/4
f 1015/204/4 1043/204/4 1080/202/4
f 1079/200/4 1075/200/4 1081/201/4
f 1081/201/4 1083/201/4 1079/200/4
f 1082/202/4 1080/202/4 1043/204/4
f 1043/204/4 1045/204/4 1082/202/4
f 1078/200/4 1079/200/4 1083/201/4
f 1083/201/4 1084/201/4 1078/200/4
f 1083/201/4 1081/201/4 1082/202/4
f 1082/202/4 1085/202/4 1083/201/4
f 843/200/4 1078/200/4 1084/201/4
f 1084/201/4 845/201/4 843/200/4
f 1085/202/4 1082/202/4 1045/204/4
f 1045/204/4 1047/204/4 1085/202/4
f 845/201/4 1084/201/4 1086/202/4
f 1086/202/4 847/202/4 845/201/4
f 1086/202/4 1085/202/4 1047/204/4
f 1047/204/4 1050/204/4 1086/202/4
f 847/202/4 1086/202/4 1050/204/4
f 1050/204/4 849/204/4 847/202/4
f 953/3/10 961/6/10 781/12/10
f 781/12/10 783/8/10 953/3/10
f 960/3/1 953/6/1 783/12/1
f 783/12/1 787/8/1 960/3/1
f 945/3/10 948/6/10 794/12/10
f 794/12/10 796/8/10 945/3/10
f 947/3/1 945/6/1 796/12/1
f 796/12/1 798/8/1 947/3/1
f 786/3/10 793/6/10 965/12/10
f 965/12/10 968/8/10 786/3/10
f 787/3/9 784/6/9 963/12/9
f 963/12/9 960/8/9 787/3/9
f 961/3/2 963/6/2 784/12/2
f 784/12/2 781/8/2 961/3/2
f 970/3/9 966/6/9 791/12/9
f 791/12/9 788/8/9 970/3/9
f 968/3/2 970/6/2 788/12/2
f 788/12/2 786/8/2 968/3/2
f 957/3/9 954/6/9 801/12/9
f 801/12/9 802/8/9 957/3/9
f 958/3/2 957/6/2 802/12/2
f 802/12/2 800/8/2 958/3/2
f 950/3/10 958/6/10 800/12/10
f 800/12/10 799/8/10 950/3/10
f 799/3/1 801/6/1 954/12/1
f 954/12/1 950/8/1 799/3/1
f 793/3/1 791/6/1 966/12/1
f 966/12/1 965/8/1 793/3/1
f 952/3/9 947/6/9 798/12/9
f 798/12/9 795/8/9 952/3/9
f 948/3/2 952/6/2 795/12/2
f 795/12/2 794/8/2 948/3/2
f 1070/3/10 1068/6/10 776/12/10
f 776/12/10 772/8/10 1070/3/10
f 1068/3/4 1067/6/4 771/12/4
f 771/12/4 776/8/4 1068/3/4
f 769/3/9 771/6/9 1067/12/9
f 1067/12/9 1069/8/9 769/3/9
f 1069/3/3 1070/6/3 772/12/3
f 772/12/3 769/8/3 1069/3/3
f 1053/3/10 1052/6/10 737/12/10
f 737/12/10 739/8/10 1053/3/10
f 739/3/3 753/6/3 1054/12/3
f 1054/12/3 1053/8/3 739/3/3
f 1051/3/10 1046/6/10 745/12/10
f 745/12/10 747/8/10 1051/3/10
f 747/3/3 751/6/3 1048/12/3
f 1048/12/3 1051/8/3 747/3/3
f 1065/3/10 1066/6/10 766/12/10
f 766/12/10 765/8/10 1065/3/10
f 1064/3/3 1065/6/3 765/12/3
f 765/12/3 763/8/3 1064/3/3
f 760/3/4 766/6/4 1066/12/4
f 1066/12/4 1063/8/4 760/3/4
f 1052/3/4 1049/6/4 740/12/4
f 740/12/4 737/8/4 1052/3/4
f 1046/3/4 1044/6/4 748/12/4
f 748/12/4 745/8/4 1046/3/4
f 1063/3/9 1064/6/9 763/12/9
f 763/12/9 760/8/9 1063/3/9
f 1044/3/9 1048/6/9 751/12/9
f 751/12/9 748/8/9 1044/3/9
f 1086/3/10 1084/6/10 856/12/10
f 856/12/10 859/8/10 1086/3/10
f 1084/3/1 1083/6/1 861/12/1
f 861/12/1 856/8/1 1084/3/1
f 1077/3/1 1074/6/1 853/12/1
f 853/12/1 851/8/1 1077/3/1
f 1078/3/10 1077/6/10 851/12/10
f 851/12/10 852/8/10 1078/3/10
f 1079/3/2 1078/6/2 852/12/2
f 852/12/2 858/8/2 1079/3/2
f 858/3/9 853/6/9 1074/12/9
f 1074/12/9 1079/8/9 858/3/9
f 1075/3/10 1072/6/10 862/12/10
f 862/12/10 863/8/10 1075/3/10
f 1073/3/2 1075/6/2 863/12/2
f 863/12/2 867/8/2 1073/3/2
f 1082/3/10 1081/6/10 868/12/10
f 868/12/10 869/8/10 1082/3/10
f 1080/3/2 1082/6/2 869/12/2
f 869/12/2 872/8/2 1080/3/2
f 1076/3/9 1080/6/9 872/12/9
f 872/12/9 870/8/9 1076/3/9
f 1081/3/1 1076/6/1 870/12/1
f 870/12/1 868/8/1 1081/3/1
f 1071/3/9 1073/6/9 867/12/9
f 867/12/9 864/8/9 1071/3/9
f 1072/3/1 1071/6/1 864/12/1
f 864/12/1 862/8/1 1072/3/1
f 1034/3/10 1035/6/10 720/12/10
f 720/12/10 723/8/10 1034/3/10
f 1035/3/3 1031/6/3 718/12/3
f 718/12/3 720/8/3 1035/3/3
f 723/3/4 721/6/4 1032/12/4
f 1032/12/4 1034/8/4 723/3/4
f 721/3/9 718/6/9 1031/12/9
f 1031/12/9 1032/8/9 721/3/9
f 706/3/3 703/6/3 1017/12/3
f 1017/12/3 1016/8/3 706/3/3
f 1020/3/10 1017/6/10 703/12/10
f 703/12/10 705/8/10 1020/3/10
f 705/3/4 709/6/4 1018/12/4
f 1018/12/4 1020/8/4 705/3/4
f 709/3/9 706/6/9 1016/12/9
f 1016/12/9 1018/8/9 709/3/9
f 1022/3/10 1021/6/10 694/12/10
f 694/12/10 696/8/10 1022/3/10
f 696/3/4 702/6/4 1023/12/4
f 1023/12/4 1022/8/4 696/3/4
f 697/3/3 694/6/3 1021/12/3
f 1021/12/3 1019/8/3 697/3/3
f 1019/3/9 1023/6/9 702/12/9
f 702/12/9 697/8/9 1019/3/9
f 1037/3/9 1038/6/9 726/12/9
f 726/12/9 725/8/9 1037/3/9
f 1041/3/3 1037/6/3 725/12/3
f 725/12/3 728/8/3 1041/3/3
f 1040/3/10 1041/6/10 728/12/10
f 728/12/10 730/8/10 1040/3/10
f 730/3/4 726/6/4 1038/12/4
f 1038/12/4 1040/8/4 730/3/4
f 859/3/2 860/6/2 1085/12/2
f 1085/12/2 1086/8/2 859/3/2
f 860/3/9 861/6/9 1083/12/9
f 1083/12/9 1085/8/9 860/3/9
f 717/3/9 701/6/9 1025/12/9
f 1025/12/9 1027/8/9 717/3/9
f 938/3/3 943/6/3 12/12/3
f 12/12/3 13/8/3 938/3/3
f 900/3/4 901/6/4 15/12/4
f 15/12/4 16/8/4 900/3/4
f 18/3/4 717/6/4 1027/12/4
f 1027/12/4 17/8/4 18/3/4
f 701/3/3 700/6/3 1024/12/3
f 1024/12/3 1025/8/3 701/3/3
f 700/3/3 13/6/3 11/12/3
f 11/12/3 1024/8/3 700/3/3
f 22/16/9 24/18/9 25/19/9
f 25/19/9 21/15/9 22/16/9
f 21/15/9 25/19/9 26/20/9
f 26/20/9 20/14/9 21/15/9
f 26/20/23 23/20/23 19/14/23
f 19/14/23 20/14/23 26/20/23
f 22/16/24 19/16/24 23/18/24
f 23/18/24 24/18/24 22/16/24
f 1089/3/9 1088/6/9 1087/12/9
f 1087/12/9 1090/8/9 1089/3/9
f 1090/3/9 1092/6/9 1091/12/9
f 1091/12/9 1089/8/9 1090/3/9
f 1088/3/9 1094/6/9 1093/12/9
f 1093/12/9 1087/8/9 1088/3/9
f 1094/3/9 1091/6/9 1092/12/9
f 1092/12/9 1093/8/9 1094/3/9
f 1095/6/4 1090/12/4 1087/8/4
f 1087/8/4 1096/3/4 1095/6/4
f 1097/6/1 1092/12/1 1090/8/1
f 1090/8/1 1095/3/1 1097/6/1
f 1098/6/3 1093/12/3 1092/8/3
f 1092/8/3 1097/3/3 1098/6/3
f 1096/6/2 1087/12/2 1093/8/2
f 1093/8/2 1098/3/2 1096/6/2
f 24/3/10 749/82/10 1099/199/10
f 1099/199/10 873/261/10 24/3/10
f 871/18/10 873/261/10 1099/199/10
f 1099/199/10 1101/16/10 871/18/10
f 1100/195/10 1099/199/10 749/82/10
f 749/82/10 750/78/10 1100/195/10
f 866/20/10 871/18/10 1101/16/10
f 1101/16/10 1104/14/10 866/20/10
f 1099/199/10 1100/195/10 1102/194/10
f 1102/194/10 1101/16/10 1099/199/10
f 1103/268/10 1100/195/10 750/78/10
f 750/78/10 752/75/10 1103/268/10
f 865/269/10 866/20/10 1104/14/10
f 1104/14/10 1108/272/10 865/269/10
f 1101/16/10 1102/194/10 1105/190/10
f 1105/190/10 1104/14/10 1101/16/10
f 1106/270/10 1102/194/10 1100/195/10
f 1100/195/10 1103/268/10 1106/270/10
f 1107/271/10 1103/268/10 752/75/10
f 752/75/10 755/73/10 1107/271/10
f 26/8/10 865/269/10 1108/272/10
f 1108/272/10 719/211/10 26/8/10
f 715/212/10 719/211/10 1108/272/10
f 1108/272/10 1109/273/10 715/212/10
f 1109/273/10 1108/272/10 1104/14/10
f 1104/14/10 1105/190/10 1109/273/10
f 712/274/10 715/212/10 1109/273/10
f 1109/273/10 1110/275/10 712/274/10
f 1110/275/10 1109/273/10 1105/190/10
f 1105/190/10 1111/277/10 1110/275/10
f 710/276/10 712/274/10 1110/275/10
f 1110/275/10 1112/278/10 710/276/10
f 1111/277/10 1105/190/10 1102/194/10
f 1102/194/10 1106/270/10 1111/277/10
f 1112/278/10 1110/275/10 1111/277/10
f 1111/277/10 1113/279/10 1112/278/10
f 708/251/10 710/276/10 1112/278/10
f 1112/278/10 1114/280/10 708/251/10
f 1113/279/10 1111/277/10 1106/270/10
f 1106/270/10 1115/281/10 1113/279/10
f 1114/280/10 1112/278/10 1113/279/10
f 1113/279/10 1117/164/10 1114/280/10
f 707/250/10 708/251/10 1114/280/10
f 1114/280/10 1116/282/10 707/250/10
f 1115/281/10 1106/270/10 1103/268/10
f 1103/268/10 1107/271/10 1115/281/10
f 20/12/10 707/250/10 1116/282/10
f 1116/282/10 803/283/10 20/12/10
f 1117/164/10 1113/279/10 1115/281/10
f 1115/281/10 1119/168/10 1117/164/10
f 1116/282/10 1114/280/10 1117/164/10
f 1117/164/10 1118/162/10 1116/282/10
f 803/283/10 1116/282/10 1118/162/10
f 1118/162/10 792/260/10 803/283/10
f 1119/168/10 1115/281/10 1107/271/10
f 1107/271/10 1121/177/10 1119/168/10
f 1118/162/10 1117/164/10 1119/168/10
f 1119/168/10 1120/166/10 1118/162/10
f 792/260/10 1118/162/10 1120/166/10
f 1120/166/10 790/259/10 792/260/10
f 1120/166/10 1119/168/10 1121/177/10
f 1121/177/10 1122/172/10 1120/166/10
f 1121/177/10 1107/271/10 755/73/10
f 755/73/10 758/71/10 1121/177/10
f 790/259/10 1120/166/10 1122/172/10
f 1122/172/10 789/258/10 790/259/10
f 1122/172/10 1121/177/10 758/71/10
f 758/71/10 761/70/10 1122/172/10
f 22/6/10 789/258/10 1122/172/10
f 1122/172/10 761/70/10 22/6/10
f 688/50/9 650/9/9 647/8/9
f 647/8/9 684/52/9 688/50/9
f 652/11/9 650/9/9 688/50/9
f 688/50/9 689/45/9 652/11/9
f 684/52/9 647/8/9 642/3/9
f 642/3/9 681/51/9 684/52/9
f 679/49/9 681/51/9 642/3/9
f 642/3/9 639/2/9 679/49/9
f 654/12/9 652/11/9 689/45/9
f 689/45/9 671/46/9 654/12/9
f 654/12/9 671/46/9 672/47/9
f 672/47/9 636/6/9 654/12/9
f 678/48/9 679/49/9 639/2/9
f 639/2/9 635/5/9 678/48/9
f 636/6/9 672/47/9 678/48/9
f 678/48/9 635/5/9 636/6/9

usemtl Green
f 1125/6/25 1124/12/25 1123/284/25
f 1128/8/26 1127/3/26 1126/285/26
f 1125/6/1 1123/286/1 1126/285/1
f 1127/3/1 1125/6/1 1126/285/1
f 1128/8/27 1126/287/27 1123/284/27
f 1123/284/27 1124/12/27 1128/8/27
f 1131/289/2 1130/289/2 1129/288/2
f 1129/288/2 1132/288/2 1131/289/2
f 1133/18/1 10/8/1 1134/8/1
f 1134/8/1 1135/18/1 1133/18/1
f 7/3/1 1133/18/1 1135/18/1
f 1135/18/1 1136/3/1 7/3/1
f 1137/12/28 1134/8/28 10/8/28
f 10/8/28 1138/12/28 1137/12/28
f 1139/259/2 1137/12/2 1138/12/2
f 1138/12/2 1140/259/2 1139/259/2
f 1141/6/2 1139/259/2 1140/259/2
f 1140/259/2 1142/6/2 1141/6/2
f 1136/3/29 1141/6/29 1142/6/29
f 1142/6/29 7/3/29 1136/3/29
f 1139/259/30 1144/259/30 1143/12/30
f 1143/12/30 1137/12/30 1139/259/30
f 1137/12/30 1143/12/30 1145/8/30
f 1145/8/30 1134/8/30 1137/12/30
f 1139/259/30 1137/12/30 1134/8/30
f 1134/8/30 1135/18/30 1139/259/30
f 1134/8/30 1145/8/30 1146/18/30
f 1146/18/30 1135/18/30 1134/8/30
f 1135/18/31 1146/18/31 1147/3/31
f 1147/3/31 1136/3/31 1135/18/31
f 1136/3/31 1147/3/31 1148/6/31
f 1148/6/31 1141/6/31 1136/3/31
f 1135/18/31 1136/3/31 1141/6/31
f 1141/6/31 1139/259/31 1135/18/31
f 1141/6/31 1148/6/31 1144/259/31
f 1144/259/31 1139/259/31 1141/6/31
f 1151/8/33 1150/18/23 1149/259/32
f 1149/259/32 1152/12/34 1151/8/33
f 1153/6/36 1149/259/24 1150/18/35
f 1150/18/35 1154/3/37 1153/6/36
f 1155/18/38 1150/18/23 1151/8/33
f 1151/8/33 1156/8/39 1155/18/38
f 1156/8/39 1151/8/33 1152/12/34
f 1152/12/34 1157/12/40 1156/8/39
f 1157/12/40 1152/12/34 1149/259/32
f 1149/259/32 1158/259/23 1157/12/40
f 1158/259/41 1149/259/24 1153/6/36
f 1153/6/36 1159/6/42 1158/259/41
f 1159/6/42 1153/6/36 1154/3/37
f 1154/3/37 1160/3/43 1159/6/42
f 1160/3/43 1154/3/37 1150/18/35
f 1150/18/35 1155/18/24 1160/3/43
f 1161/291/2 1089/291/2 1091/290/2
f 1091/290/2 1162/290/2 1161/291/2
f 1163/292/3 1088/292/3 1089/291/3
f 1089/291/3 1161/291/3 1163/292/3
f 1166/294/2 1165/294/2 1164/293/2
f 1164/293/2 1167/293/2 1166/294/2
f 1169/295/3 1168/295/3 1165/294/3
f 1165/294/3 1166/294/3 1169/295/3
f 1171/296/1 1170/296/1 1168/295/1
f 1168/295/1 1169/295/1 1171/296/1
f 1167/293/4 1164/293/4 1170/296/4
f 1170/296/4 1171/296/4 1167/293/4
f 1167/293/9 1096/12/9 1098/8/9
f 1098/8/9 1166/294/9 1167/293/9
f 1166/294/9 1098/8/9 1097/3/9
f 1097/3/9 1169/295/9 1166/294/9
f 1169/295/9 1097/3/9 1095/6/9
f 1095/6/9 1171/296/9 1169/295/9
f 1096/12/9 1167/293/9 1171/296/9
f 1171/296/9 1095/6/9 1096/12/9
f 1162/290/4 1091/290/4 1094/297/4
f 1094/297/4 1172/297/4 1162/290/4
f 1172/297/1 1094/297/1 1088/292/1
f 1088/292/1 1163/292/1 1172/297/1
f 1170/296/10 1161/291/10 1162/290/10
f 1162/290/10 1168/295/10 1170/296/10
f 1161/291/10 1170/296/10 1164/293/10
f 1164/293/10 1163/292/10 1161/291/10
f 1168/295/10 1162/290/10 1172/297/10
f 1172/297/10 1165/294/10 1168/295/10
f 1165/294/10 1172/297/10 1163/292/10
f 1163/292/10 1164/293/10 1165/294/10

usemtl white
f 1174/299/9 1129/288/9 1130/289/9 1173/298/9
f 1125/3/1 1127/6/1 1176/6/1 1175/3/1
f 1124/8/4 1125/3/4 1175/3/4 1177/8/4
f 1128/12/2 1124/8/2 1177/8/2 1178/12/2
f 1127/6/3 1128/12/3 1178/12/3 1176/6/3
f 1175/3/9 1176/6/9 1131/289/9 1132/288/9
f 1177/8/46 1175/3/44 1132/288/45 1179/299/44
f 1178/12/9 1177/8/9 1179/299/9 1180/298/9
f 1176/6/49 1178/12/47 1180/298/48 1131/289/47
f 1179/299/52 1132/288/50 1129/288/51 1174/299/50
f 1180/298/53 1179/299/53 1174/299/53 1173/298/53
f 1131/289/56 1180/298/54 1173/298/55 1130/289/54
f 1146/18/2 1145/8/2 1182/8/2 1181/18/2
f 1147/3/2 1146/18/2 1181/18/2 1183/3/2
f 1184/12/57 1182/8/57 1145/8/57 1143/12/57
f 1185/259/1 1184/12/1 1143/12/1 1144/259/1
f 1186/6/1 1185/259/1 1144/259/1 1148/6/1
f 1183/3/58 1186/6/58 1148/6/58 1147/3/58
f 10/8/59 1133/18/59 1181/18/59 1182/8/59
f 1138/12/59 10/8/59 1182/8/59 1184/12/59
f 1138/12/59 1140/259/59 1133/18/59 10/8/59
f 1140/259/59 1138/12/59 1184/12/59 1185/259/59
f 1142/6/60 1140/259/60 1185/259/60 1186/6/60
f 7/3/60 1142/6/60 1186/6/60 1183/3/60
f 7/3/60 1133/18/60 1140/259/60 1142/6/60
f 1133/18/60 7/3/60 1183/3/60 1181/18/60
f 1155/18/3 1156/8/3 1188/8/3 1187/18/3
f 1160/3/3 1155/18/3 1187/18/3 1189/3/3
f 1190/12/61 1188/8/61 1156/8/61 1157/12/61
f 1191/259/4 1190/12/4 1157/12/4 1158/259/4
f 1192/6/4 1191/259/4 1158/259/4 1159/6/4
f 1189/3/62 1192/6/62 1159/6/62 1160/3/62
f 26/8/66 1193/18/65 1187/18/64 1188/8/63
f 20/12/68 26/8/66 1188/8/63 1190/12/67
f 1194/259/64 20/12/68 1190/12/67 1191/259/69
f 22/6/73 1194/259/72 1191/259/71 1192/6/70
f 24/3/75 22/6/73 1192/6/70 1189/3/74
f 1193/18/71 24/3/75 1189/3/74 1187/18/76
f 22/8/73 24/3/75 1193/6/71 1194/12/72
f 26/8/66 20/3/68 1194/6/64 1193/12/65

