# ProBuilder 5.0.6
# https://unity3d.com/unity/features/worldbuilding/probuilder
# 12/22/2022 10:05:25 AM

mtllib ./Res3.mtl
o Res3

g Res3
v -14.08394 3.546808 15.24254
v -15.88312 3.546808 15.24254
v -15.88312 5.701103 15.24254
v -14.08394 5.701103 15.24254
v -15.88312 12.90739 15.24254
v -9.87121 5.701103 15.24255
v -14.08394 12.90739 15.24254
v -9.87121 3.546808 15.24255
v -15.88312 19.16078 15.24254
v -2.213677 5.701103 15.24255
v -2.213677 3.546808 15.24255
v -2.213677 12.90739 15.24255
v 1.999057 5.701103 15.24255
v 1.999057 3.546808 15.24255
v -9.87121 12.90739 15.24255
v -14.08394 19.16078 15.24254
v -15.88312 26.36946 15.24254
v -9.87121 19.16078 15.24255
v -14.08394 26.36946 15.24254
v -15.88312 27.21391 15.24254
v -14.08394 27.21391 15.24254
v -9.87121 27.21391 15.24255
v -9.87121 26.36946 15.24255
v -2.213677 27.21391 15.24255
v -2.213677 26.36946 15.24255
v 1.999057 27.21391 15.24255
v -2.213677 19.16078 15.24255
v 1.999057 26.36946 15.24255
v 1.999057 19.16078 15.24255
v 9.754268 27.21391 15.24255
v 1.999057 12.90739 15.24255
v 9.754268 26.36946 15.24255
v 13.967 27.21391 15.24255
v 9.754268 19.16078 15.24255
v 13.967 26.36946 15.24255
v 17.27488 27.21391 15.24255
v 17.27488 26.36946 15.24255
v 13.967 19.16078 15.24255
v 17.27488 19.16078 15.24255
v 9.754268 12.90739 15.24255
v 13.967 12.90739 15.24255
v 17.27488 12.90739 15.24255
v 9.754268 5.701103 15.24255
v 9.754268 3.546808 15.24255
v 13.967 5.701103 15.24255
v 17.27488 5.701103 15.24255
v 13.967 3.546808 15.24255
v 17.27488 3.546808 15.24255
v 17.27488 3.546808 9.948852
v 17.27488 5.701103 9.948852
v 17.27488 5.701103 5.734325
v 17.27488 12.90739 9.948852
v 17.27488 3.546808 5.734325
v 17.27488 5.701103 2.156772
v 17.27488 3.546808 2.156772
v 17.27488 19.16078 9.948852
v 17.27488 19.16078 5.734325
v 17.27488 26.36946 9.948852
v 17.27488 31.55098 9.884138
v 17.27488 34.98153 5.64573
v 17.27488 26.36946 5.734325
v 17.27488 37.80548 2.156772
v 17.27488 12.90739 5.734325
v 17.27488 12.90739 2.156772
v 17.27488 5.701103 -2.829002
v 17.27488 3.546808 -2.829002
v 17.27488 5.701103 -6.986736
v 17.27488 12.90739 -2.829002
v 17.27488 3.546808 -6.986736
v 17.27488 19.16078 2.156772
v 17.27488 26.36946 2.156772
v 17.27488 5.701103 -10.92901
v 17.27488 3.546808 -10.92901
v 17.27488 12.90739 -10.92901
v 17.27488 12.90739 -6.986736
v 17.27488 19.16078 -10.92901
v 17.27488 19.16078 -6.986736
v 17.27488 26.36946 -10.92901
v 17.27488 19.16078 -2.829002
v 17.27488 26.36946 -6.986736
v 17.27488 27.21391 -10.92901
v 17.27488 29.68918 -7.870833
v 17.27488 26.36946 -2.829002
v 17.27488 33.71299 -2.899461
v -14.08394 3.546808 -10.92901
v -15.88312 5.701103 -10.92901
v -15.88312 3.546808 -10.92901
v -14.08394 5.701103 -10.92901
v -9.871207 3.546808 -10.92901
v -15.88312 12.90739 -10.92901
v -9.871207 5.701103 -10.92901
v -14.08394 12.90739 -10.92901
v -2.213674 3.546808 -10.92901
v -15.88312 19.16078 -10.92901
v -2.213674 5.701103 -10.92901
v 1.99906 3.546808 -10.92901
v -9.871207 12.90739 -10.92901
v -14.08394 19.16078 -10.92901
v -15.88312 26.36946 -10.92901
v -14.08394 26.36946 -10.92901
v -15.88312 27.21391 -10.92901
v -14.08394 27.21391 -10.92901
v -9.871207 26.36946 -10.92901
v -9.871207 19.16078 -10.92901
v -9.871207 27.21391 -10.92901
v 1.99906 5.701103 -10.92901
v 9.754272 3.546808 -10.92901
v -2.213674 12.90739 -10.92901
v -2.213674 26.36946 -10.92901
v -2.213674 27.21391 -10.92901
v -2.213674 19.16078 -10.92901
v 9.754272 5.701103 -10.92901
v 13.967 3.546808 -10.92901
v 1.99906 12.90739 -10.92901
v 1.99906 26.36946 -10.92901
v 1.99906 27.21391 -10.92901
v 1.99906 19.16078 -10.92901
v 13.967 5.701103 -10.92901
v 9.754272 12.90739 -10.92901
v 13.967 12.90739 -10.92901
v 9.754272 19.16078 -10.92901
v 9.754272 26.36946 -10.92901
v 9.754272 27.21391 -10.92901
v 13.967 19.16078 -10.92901
v 13.967 26.36946 -10.92901
v 13.967 27.21391 -10.92901
v -14.08394 37.80548 2.156768
v -15.88312 37.80548 2.156768
v -15.88312 33.71299 -2.899465
v -14.08394 33.71299 -2.899465
v -15.88312 29.68918 -7.870837
v -9.871208 33.71299 -2.899464
v -9.871208 37.80548 2.156769
v -14.08394 29.68918 -7.870837
v -9.871207 29.68918 -7.870836
v -2.213675 29.68918 -7.870835
v -2.213675 33.71299 -2.899463
v -2.213676 37.80548 2.156769
v 1.99906 29.68918 -7.870835
v 1.999059 33.71299 -2.899463
v 1.999059 37.80548 2.15677
v 9.754271 29.68918 -7.870834
v 9.754271 33.71299 -2.899462
v 9.75427 37.80548 2.156771
v 13.967 29.68918 -7.870833
v 13.967 33.71299 -2.899461
v 13.967 37.80548 2.156771
v -14.08394 37.2099 2.156768
v -15.28762 33.26855 -2.669369
v -15.28762 37.2099 2.156768
v -14.08394 33.26855 -2.669369
v -9.871208 37.2099 2.156769
v -15.28762 29.39336 -7.414507
v -9.871208 33.26855 -2.669368
v -2.213676 37.2099 2.156769
v -14.08394 29.39336 -7.414506
v -15.28762 27.00951 -10.33351
v -14.08394 27.00951 -10.33351
v -9.871207 29.39336 -7.414506
v -9.871207 27.00951 -10.33351
v -2.213675 33.26855 -2.669367
v 1.999059 37.2099 2.15677
v -2.213675 29.39336 -7.414505
v -2.213674 27.00951 -10.33351
v 1.999059 33.26855 -2.669367
v 9.75427 37.2099 2.156771
v 1.99906 29.39336 -7.414505
v 1.99906 27.00951 -10.33351
v 9.754271 33.26855 -2.669366
v 13.967 37.2099 2.156771
v 9.754271 29.39336 -7.414504
v 9.754272 27.00951 -10.33351
v 13.967 33.26855 -2.669365
v 16.67938 37.2099 2.156772
v 16.67938 33.26855 -2.669365
v 13.967 29.39336 -7.414503
v 13.967 27.00951 -10.33351
v 16.67938 29.39336 -7.414503
v 16.67938 27.00951 -10.33351
v -15.28762 3.546808 -2.829006
v -15.88312 3.546808 -2.829006
v -15.88312 3.546808 2.156768
v -15.28762 3.546808 2.156768
v -15.88312 3.546808 5.734322
v -15.28762 3.546808 5.734322
v -15.88312 3.546808 9.948848
v -15.28762 3.546808 9.948848
v -15.28762 3.546808 14.64705
v -14.08394 3.546808 14.64705
v -9.87121 3.546808 14.64705
v -2.213677 3.546808 14.64705
v 1.999057 3.546808 14.64705
v 9.754268 3.546808 14.64705
v 13.967 3.546808 14.64705
v 16.67938 3.546808 14.64705
v 16.67938 3.546808 9.948852
v 16.67938 3.546808 5.734325
v 16.67938 3.546808 2.156772
v 16.67938 3.546808 -2.829002
v 16.67938 3.546808 -6.986736
v 16.67938 3.546808 -10.33351
v 13.967 3.546808 -10.33351
v 9.754272 3.546808 -10.33351
v 1.99906 3.546808 -10.33351
v -2.213674 3.546808 -10.33351
v -9.871207 3.546808 -10.33351
v -14.08394 3.546808 -10.33351
v -15.28762 3.546808 -10.33351
v -15.88312 3.546808 -7.860538
v -15.28762 3.546808 -7.860538
v -15.28762 5.699528 -2.829006
v -15.28762 5.69417 2.156768
v -15.28762 12.90046 2.156768
v -15.28762 12.90582 -2.829006
v -15.28762 5.697868 5.734322
v -15.28762 5.702358 9.948848
v -15.28762 5.708038 14.64705
v -15.28762 12.91433 14.64705
v -15.28762 12.90865 9.948848
v -15.28762 12.90416 5.734322
v -15.28762 19.17464 14.64705
v -15.28762 19.16078 2.156768
v -15.28762 19.16896 9.948848
v -15.28762 26.37639 14.64705
v -15.28762 19.16447 5.734322
v -15.28762 26.37072 9.948848
v -15.28762 27.00951 14.64705
v -15.28762 31.1864 9.532481
v -15.28762 34.49025 5.486953
v -15.28762 26.36623 5.734322
v -15.28762 26.36253 2.156768
v -15.28762 19.16613 -2.829006
v -15.28762 26.36789 -2.829006
v -15.28762 19.1714 -7.011765
v -15.28762 26.37315 -7.011765
v -15.28762 26.37639 -10.33351
v -15.28762 19.17464 -10.33351
v -15.28762 12.91109 -7.860538
v -15.28762 12.91433 -10.33351
v -15.28762 5.704796 -7.860538
v -15.28762 5.708038 -10.33351
v -15.88312 5.701103 -7.860538
v -15.88312 12.90739 -7.860538
v -15.88312 19.16078 -7.011765
v -15.88312 19.16078 -2.829006
v -15.88312 26.36946 -7.011765
v -15.88312 12.90739 -2.829006
v -15.88312 26.36946 -2.829006
v -15.88312 26.36946 2.156768
v -15.88312 34.98153 5.645726
v -15.88312 19.16078 2.156768
v -15.88312 26.36946 5.734322
v -15.88312 31.55098 9.884134
v -15.88312 26.36946 9.948848
v -15.88312 19.16078 9.948848
v -15.88312 19.16078 5.734322
v -15.88312 12.90739 2.156768
v -15.88312 5.701103 -2.829006
v -15.88312 12.90739 9.948848
v -15.88312 12.90739 5.734322
v -15.88312 5.701103 9.948848
v -15.88312 5.701103 5.734322
v -15.88312 5.701103 2.156768
v 16.67938 26.37639 -10.33351
v 16.67938 26.37315 -6.986736
v 16.67938 19.17464 -10.33351
v 16.67938 26.36789 -2.829002
v 16.67938 19.1714 -6.986736
v 16.67938 12.91433 -10.33351
v 16.67938 26.36253 2.156772
v 16.67938 34.49025 5.486957
v 16.67938 19.16613 -2.829002
v 16.67938 12.91109 -6.986736
v 16.67938 5.708038 -10.33351
v 16.67938 5.704796 -6.986736
v 16.67938 5.699528 -2.829002
v 16.67938 12.90582 -2.829002
v 16.67938 26.36623 5.734325
v 16.67938 31.1864 9.532485
v 16.67938 19.16078 2.156772
v 16.67938 26.37072 9.948852
v 16.67938 27.00951 14.64705
v 16.67938 26.37639 14.64705
v 16.67938 19.16896 9.948852
v 16.67938 19.16447 5.734325
v 16.67938 19.17464 14.64705
v 16.67938 12.90046 2.156772
v 16.67938 12.90865 9.948852
v 16.67938 12.91433 14.64705
v 16.67938 12.90416 5.734325
v 16.67938 5.702358 9.948852
v 16.67938 5.708038 14.64705
v 16.67938 5.697868 5.734325
v 16.67938 5.69417 2.156772
v -2.213674 26.37639 -10.33351
v 1.99906 26.37639 -10.33351
v -2.213674 19.17464 -10.33351
v 9.754272 26.37639 -10.33351
v 13.967 26.37639 -10.33351
v 1.99906 19.17464 -10.33351
v -2.213674 12.91433 -10.33351
v 9.754272 19.17464 -10.33351
v 13.967 19.17464 -10.33351
v 1.99906 12.91433 -10.33351
v -2.213674 5.708038 -10.33351
v 9.754272 12.91433 -10.33351
v 13.967 12.91433 -10.33351
v 1.99906 5.708038 -10.33351
v 9.754272 5.708038 -10.33351
v 13.967 5.708038 -10.33351
v 1.999057 12.91433 14.64705
v -2.213677 19.17464 14.64705
v -2.213677 12.91433 14.64705
v 1.999057 19.17464 14.64705
v 9.754268 12.91433 14.64705
v 9.754268 5.708038 14.64705
v 1.999057 5.708038 14.64705
v 9.754268 19.17464 14.64705
v 13.967 12.91433 14.64705
v 13.967 19.17464 14.64705
v 1.999057 26.37639 14.64705
v 9.754268 26.37639 14.64705
v 13.967 5.708038 14.64705
v -2.213677 5.708038 14.64705
v 1.999057 27.00951 14.64705
v -2.213677 27.00951 14.64705
v -2.213677 26.37639 14.64705
v 9.754268 27.00951 14.64705
v 13.967 26.37639 14.64705
v 13.967 27.00951 14.64705
v 13.967 31.55098 9.884137
v 9.754269 31.55098 9.884137
v 13.967 34.98153 5.645729
v 9.75427 34.98153 5.645729
v 1.999058 31.55098 9.884136
v 1.999058 34.98153 5.645728
v -2.213676 31.55098 9.884135
v -2.213676 34.98153 5.645727
v -9.87121 31.55098 9.884134
v -9.871209 34.98153 5.645726
v -14.08394 31.55098 9.884134
v -14.08394 34.98153 5.645726
v 13.967 34.49025 5.486956
v 9.75427 34.49025 5.486956
v 13.967 31.1864 9.532484
v 9.754269 31.1864 9.532484
v 1.999058 34.49025 5.486955
v 1.999058 31.1864 9.532483
v -2.213676 34.49025 5.486954
v -2.213676 31.1864 9.532482
v -9.871209 34.49025 5.486953
v -9.87121 31.1864 9.532481
v -9.87121 27.00951 14.64705
v -14.08394 34.49025 5.486953
v -14.08394 31.1864 9.532481
v -14.08394 27.00951 14.64705
v -9.871207 5.708038 -10.33351
v -14.08394 5.708038 -10.33351
v -9.871207 12.91433 -10.33351
v -14.08394 12.91433 -10.33351
v -9.871207 19.17464 -10.33351
v -14.08394 19.17464 -10.33351
v -9.871207 26.37639 -10.33351
v -14.08394 26.37639 -10.33351
v -9.87121 26.37639 14.64705
v -14.08394 26.37639 14.64705
v -9.87121 19.17464 14.64705
v -14.08394 19.17464 14.64705
v -9.87121 12.91433 14.64705
v -14.08394 12.91433 14.64705
v -9.87121 5.708038 14.64705
v -14.08394 5.708038 14.64705
v 16.67938 16.31177 -29.33658
v 16.67939 14.98142 -33.52322
v 12.13956 14.98142 -33.52322
v 12.13956 16.31177 -29.33658
v 12.13956 17.69822 -24.35276
v 16.67938 17.69822 -24.35276
v 7.91319 16.31177 -29.33658
v 7.913191 14.98142 -33.52322
v 12.13956 19.2041 -18.93968
v 16.67938 19.2041 -18.93968
v 7.913189 17.69822 -24.35276
v 0.7594619 16.31177 -29.33658
v 0.7594624 14.98142 -33.52322
v 7.913189 19.2041 -18.93968
v 12.13956 20.38693 -14.6878
v 16.67938 20.38693 -14.6878
v 0.7594614 17.69822 -24.35277
v -3.440884 16.31177 -29.33658
v -3.440884 14.98142 -33.52322
v -7.797467 14.98142 -33.52322
v -7.797468 16.31177 -29.33658
v -7.797469 17.69822 -24.35277
v -3.440885 17.69822 -24.35277
v -7.797469 19.2041 -18.93968
v -3.440886 19.2041 -18.93968
v -7.79747 20.38693 -14.6878
v 0.7594604 19.2041 -18.93968
v -3.440886 20.38693 -14.6878
v -7.79747 21.4326 -11.52451
v -3.440886 21.4326 -11.52451
v 0.75946 20.38693 -14.6878
v 0.75946 21.4326 -11.52451
v 7.913188 20.38693 -14.6878
v 7.913188 21.4326 -11.52451
v 12.13955 21.4326 -11.52451
v 16.67938 21.4326 -11.52451
v -7.797468 3.546808 -29.33658
v -8.392967 3.546808 -34.11872
v -8.392968 3.546808 -29.33658
v -7.797467 3.546808 -33.52322
v -3.440884 3.546808 -33.52322
v -3.440884 3.546808 -34.11872
v 0.7594624 3.546808 -33.52322
v 0.7594624 3.546808 -34.11872
v 7.913191 3.546808 -33.52322
v 7.913191 3.546808 -34.11872
v 12.13956 3.546808 -33.52322
v 12.13956 3.546808 -34.11872
v 17.27489 3.546808 -34.11872
v 16.67939 3.546808 -33.52322
v 16.67938 3.546808 -28.52798
v 17.27488 3.546808 -29.33658
v 16.67938 3.546808 -24.35276
v 17.27488 3.546808 -24.35276
v 16.67938 3.546808 -18.93968
v 17.27488 3.546808 -18.93968
v 16.67938 3.546808 -14.6878
v 17.27488 3.546808 -14.6878
v 16.67938 3.546808 -11.52451
v 12.13955 3.546808 -11.52451
v 12.13955 3.546808 -10.92901
v 7.913188 3.546808 -11.52451
v 7.913188 3.546808 -10.92901
v 0.75946 3.546808 -11.52451
v 0.7594595 3.546808 -10.92901
v -3.440886 3.546808 -11.52451
v -3.440886 3.546808 -10.92901
v -7.79747 3.546808 -11.52451
v -8.392971 3.546808 -10.92901
v -7.79747 3.546808 -14.6878
v -8.39297 3.546808 -14.6878
v -7.797469 3.546808 -18.93968
v -8.392969 3.546808 -18.93968
v -7.797469 3.546808 -24.35277
v -8.392969 3.546808 -24.35277
v 12.13956 5.701103 -33.52322
v 16.67939 5.701103 -33.52322
v 12.13956 12.90739 -33.52322
v 16.67939 12.90739 -33.52322
v -7.797468 5.701103 -29.33658
v -7.797467 5.701103 -33.52322
v -7.797468 12.90739 -29.33658
v -7.797467 12.90739 -33.52322
v -7.797469 12.90739 -24.35277
v -7.797469 12.90739 -18.93968
v -7.797469 5.701103 -24.35277
v -7.79747 12.90739 -14.6878
v -7.79747 12.90739 -11.52451
v -7.79747 5.701103 -14.6878
v -7.79747 5.701103 -11.52451
v -7.797469 5.701103 -18.93968
v 12.13955 5.701103 -11.52451
v 16.67938 5.701103 -11.52451
v 16.67938 12.90739 -11.52451
v 12.13955 12.90739 -11.52451
v 7.913191 5.701103 -33.52322
v 0.7594624 5.701103 -33.52322
v 0.7594624 12.90739 -33.52322
v -3.440884 5.701103 -33.52322
v -3.440884 12.90739 -33.52322
v 7.913191 12.90739 -33.52322
v 17.27489 5.701103 -34.11872
v 12.13956 5.701103 -34.11872
v 17.27489 12.90739 -34.11872
v 12.13956 12.90739 -34.11872
v 17.27489 15.41592 -34.11872
v 12.13956 15.41592 -34.11872
v 7.913191 5.701103 -34.11872
v 7.913191 12.90739 -34.11872
v 7.913191 15.41592 -34.11872
v 0.7594624 5.701103 -34.11872
v 0.7594624 12.90739 -34.11872
v 0.7594624 15.41592 -34.11872
v -3.440884 5.701103 -34.11872
v -8.392967 5.701103 -34.11872
v -3.440884 12.90739 -34.11872
v -3.440884 15.41592 -34.11872
v -8.392967 12.90739 -34.11872
v -8.392967 15.41592 -34.11872
v -8.392971 5.701103 -10.92901
v -3.440886 5.701103 -10.92901
v -8.392971 12.90739 -10.92901
v -3.440886 12.90739 -10.92901
v -8.392971 22.16401 -10.92901
v -3.440886 22.16401 -10.92901
v 0.7594595 22.16401 -10.92901
v 0.7594595 5.701103 -10.92901
v 0.7594595 12.90739 -10.92901
v 7.913188 22.16401 -10.92901
v 7.913188 5.701103 -10.92901
v 7.913188 12.90739 -10.92901
v 12.13955 22.16401 -10.92901
v 12.13955 5.701103 -10.92901
v 12.13955 12.90739 -10.92901
v 17.27488 22.16401 -10.92901
v -8.392968 5.701103 -29.33658
v -8.392968 12.90739 -29.33658
v -8.392968 16.8075 -29.33658
v -8.392969 18.25777 -24.35277
v -8.392969 12.90739 -24.35277
v -8.392969 19.83295 -18.93968
v -8.392969 12.90739 -18.93968
v -8.392969 5.701103 -24.35277
v -8.39297 21.07022 -14.6878
v -8.392969 5.701103 -18.93968
v -8.39297 12.90739 -14.6878
v -8.39297 5.701103 -14.6878
v -3.440886 21.07022 -14.6878
v -3.440886 19.83295 -18.93968
v 0.75946 21.07022 -14.6878
v -3.440885 18.25777 -24.35277
v 0.7594604 19.83295 -18.93968
v 7.913188 21.07022 -14.6878
v -3.440884 16.8075 -29.33658
v 0.7594614 18.25777 -24.35277
v 0.7594619 16.8075 -29.33658
v 7.913189 19.83295 -18.93968
v 12.13956 21.07022 -14.6878
v 17.27488 21.07022 -14.6878
v 12.13956 19.83295 -18.93968
v 17.27488 19.83295 -18.93968
v 7.913189 18.25777 -24.35276
v 7.91319 16.8075 -29.33658
v 12.13956 18.25777 -24.35276
v 17.27488 18.25777 -24.35276
v 12.13956 16.8075 -29.33658
v 17.27488 16.8075 -29.33658
v 17.27488 12.90739 -14.6878
v 17.27488 12.90739 -18.93968
v 17.27488 5.701103 -14.6878
v 17.27488 5.701103 -18.93968
v 17.27488 12.90739 -24.35276
v 17.27488 5.701103 -24.35276
v 17.27488 12.90739 -28.52798
v 17.27488 5.701103 -28.52798
v -3.440886 12.90739 -11.52451
v -3.440886 5.701103 -11.52451
v 0.75946 12.90739 -11.52451
v 0.75946 5.701103 -11.52451
v 7.913188 12.90739 -11.52451
v 7.913188 5.701103 -11.52451
v 16.67938 12.90739 -14.6878
v 16.67938 5.701103 -14.6878
v 16.67938 12.90739 -18.93968
v 16.67938 5.701103 -18.93968
v 16.67938 12.90739 -24.35276
v 16.67938 5.701103 -24.35276
v 16.67938 12.90739 -28.52798
v 16.67938 5.701103 -28.52798
v 13.38274 35.25663 3.943272
v 13.38275 35.25663 0.3702717
v 13.38275 41.8742 0.3702717
v 13.38274 41.8742 3.943272
v 16.95575 35.25663 3.943273
v 16.95575 41.8742 3.943273
v 16.95575 35.25663 0.3702722
v 16.95575 41.8742 0.3702722
v 13.50185 35.25663 0.4893713
v 13.50184 35.25663 3.824171
v 13.50184 43.27836 3.824171
v 13.50185 43.27836 0.4893713
v 16.83664 35.25663 3.824172
v 16.83664 43.27836 3.824172
v 16.83665 35.25663 0.4893718
v 16.83665 43.27836 0.4893718
v -15.88312 38.31829 1.843669
v -15.88312 27.67874 -11.30528
v 17.27488 27.67874 -11.30528
v 17.27488 38.31829 1.843673
v -15.88312 27.67579 15.61637
v -15.88312 38.31822 2.469745
v 17.27488 38.31822 2.469748
v 17.27488 27.67579 15.61637
v -8.392967 15.98771 -34.28511
v 17.27489 15.98771 -34.28511
v 17.27488 22.73579 -11.09539
v -8.392971 22.73579 -11.09539
v -16.41014 17.37606 15.7604
v 16.56635 17.38589 15.72758
v 16.56635 15.06126 23.49385
v -25.12511 15.05144 23.52668
v -25.09559 15.05931 -10.18877
v -16.38063 17.38393 -10.18877
v 17.62776 43.27836 -0.3017378
v 12.71074 43.27836 -0.3017383
v 12.71074 41.8742 -0.3017383
v 17.62776 41.8742 -0.3017378
v 17.62775 43.27836 4.615282
v 17.62775 41.8742 4.615282
v 12.71074 43.27836 4.615281
v 12.71074 41.8742 4.615281
v 17.87038 27.48932 -11.91805
v -16.47862 27.48932 -11.91805
v -16.47862 26.84129 -11.39354
v 17.87038 26.84129 -11.39353
v 17.87038 38.87805 2.156772
v 17.87038 37.80548 2.156772
v -16.47862 38.87805 2.156768
v -16.47862 37.80548 2.156768
v 17.87038 27.48625 16.2291
v 17.87038 26.83822 15.70459
v -16.47862 27.48625 16.2291
v -16.47862 26.83822 15.70458
v 17.27488 27.86391 -11.45511
v -15.88312 27.86391 -11.45512
v 17.27488 38.50346 1.693839
v -15.88312 38.50346 1.693835
v -15.88312 38.50336 2.619619
v 17.27488 38.50336 2.619623
v 17.27488 27.86093 15.76625
v -15.88312 27.86093 15.76624
v 17.87038 23.13089 -10.59016
v 17.87038 16.05003 -34.92345
v 17.87038 15.24954 -34.69051
v 17.87038 22.3304 -10.35722
v -8.988471 23.13089 -10.59017
v -8.988471 22.3304 -10.35723
v -8.988468 16.05003 -34.92345
v -8.988468 15.24954 -34.69051
v 17.27489 16.21642 -34.35166
v 17.27488 22.96451 -11.16195
v -8.392971 22.96451 -11.16195
v -8.392967 16.21642 -34.35167
v -25.75249 14.69396 24.15765
v -25.75249 15.28946 24.15765
v 17.16185 15.28946 24.15766
v 17.16185 14.69396 24.15766
v 17.16185 17.01859 15.20038
v 17.16185 17.61409 15.20038
v -25.75248 14.69396 -10.78427
v -25.75248 15.28946 -10.78427
v 16.56635 17.01859 15.79588
v -16.44202 17.01859 15.79588
v -25.15699 14.69396 23.56215
v 16.56635 14.69396 23.56216
v -15.84652 17.01859 -10.78427
v -15.84652 17.61409 -10.78427
v -16.44202 17.01859 -10.18877
v -25.15698 14.69396 -10.18877
v -15.84652 17.61409 15.20038
v -15.84652 17.01859 15.20038
v -25.15699 15.28946 23.56215
v 16.56635 15.28946 23.56216
v -25.15698 15.28946 -10.18877
v 16.56635 17.61409 15.79588
v -16.44202 17.61409 -10.18877
v -16.44202 17.61409 15.79588

vt 0.162362 0
vt 0 0
vt 0 0.1034546
vt 0.162362 0.1034546
vt 0 0.3678182
vt 0.387454 0.1034546
vt 0.162362 0.3678182
vt 0.387454 0
vt 0 0.6321818
vt 0.5919578 0.1034546
vt 0.5919579 0
vt 0.5919578 0.3678182
vt 0.6472245 0.1034546
vt 0.6472246 0
vt 0.387454 0.3678182
vt 0.162362 0.6321818
vt 0 0.8965454
vt 0.387454 0.6321818
vt 0.162362 0.8965454
vt 0 1
vt 0.162362 1
vt 0.387454 1
vt 0.387454 0.8965454
vt 0.5919579 1
vt 0.5919578 0.8965454
vt 0.6472246 1
vt 0.5919578 0.6321818
vt 0.6472245 0.8965454
vt 0.6472245 0.6321818
vt 0.7024913 1
vt 0.6472245 0.3678182
vt 0.7024913 0.8965454
vt 0.837638 1
vt 0.7024913 0.6321818
vt 0.837638 0.8965454
vt 1 1
vt 1 0.8965454
vt 0.837638 0.6321818
vt 1 0.6321818
vt 0.7024913 0.3678182
vt 0.837638 0.3678182
vt 1 0.3678182
vt 0.7024913 0.1034546
vt 0.7024913 0
vt 0.837638 0.1034546
vt 1 0.1034546
vt 0.837638 0
vt 1 0
vt 0.2047418 0
vt 0.2047418 0.1034546
vt 0.3666889 0.1034546
vt 0.2047418 0.3422539
vt 0.3666889 0
vt 0.5 0.1034546
vt 0.5 0
vt 0.2047418 0.5810533
vt 0.3666889 0.5406114
vt 0.2047418 0.8198526
vt 0.2047418 1
vt 0.3666889 1
vt 0.3666889 0.7591898
vt 0.5 1
vt 0.3666889 0.322033
vt 0.5 0.3053876
vt 0.6931957 0.1034546
vt 0.6931958 0
vt 0.883149 0.1034546
vt 0.6931957 0.3295103
vt 0.883149 0
vt 0.5 0.5073207
vt 0.5 0.7092537
vt 0.883149 0.3532281
vt 0.883149 0.6030015
vt 0.6931957 0.555566
vt 0.883149 0.852775
vt 0.883149 1
vt 0.6931957 0.7816217
vt 0.6931958 1
vt 0.612546 0
vt 0.612546 0.1034546
vt 0.4080422 0
vt 0.4080421 0.1034546
vt 0.3527754 0
vt 0.612546 0.3678182
vt 0.612546 0.8965454
vt 0.612546 0.6321818
vt 0.612546 1
vt 0.3527754 0.1034546
vt 0.2975087 0
vt 0.4080421 0.3678182
vt 0.4080421 0.8965454
vt 0.4080422 1
vt 0.4080421 0.6321818
vt 0.2975087 0.1034546
vt 0.3527754 0.3678182
vt 0.3527754 0.8965454
vt 0.3527754 1
vt 0.3527754 0.6321818
vt 0.2975087 0.3678182
vt 0.2975087 0.6321818
vt 0.2975087 0.8965454
vt 0.2975087 1
vt 0.5 0.162362
vt 0.3068043 0
vt 0.3068042 0.162362
vt 0.116851 0
vt 0.3068042 0.387454
vt 0.5 0.387454
vt 0.116851 0.162362
vt 0 0.162362
vt 0 0.387454
vt 0.116851 0.387454
vt 0 0.5919579
vt 0.116851 0.5919579
vt 0 0.6472246
vt 0.3068042 0.5919579
vt 0.5 0.5919579
vt 0.116851 0.6472246
vt 0 0.7024913
vt 0.3068042 0.6472246
vt 0.5 0.6472246
vt 0.116851 0.7024913
vt 0 0.837638
vt 0.3068042 0.7024913
vt 0.5 0.7024913
vt 0.116851 0.837638
vt 0.116851 1
vt 0.3068042 0.837638
vt 0.5 0.837638
vt 0.3068043 1
vt 0.3155961 0.9820405
vt 0.5 0.9820405
vt 0.3155961 0.837638
vt 0.5 0.612546
vt 0.1342871 0.9820405
vt 0.3155961 0.6125461
vt 0.5 0.4080422
vt 0.1342871 0.837638
vt 0.02275371 0.9820405
vt 0.02275371 0.837638
vt 0.1342871 0.6125461
vt 0.02275371 0.6125461
vt 0.3155961 0.4080423
vt 0.5 0.3527755
vt 0.1342871 0.4080423
vt 0.02275371 0.4080423
vt 0.3155961 0.3527756
vt 0.5 0.2975087
vt 0.1342871 0.3527756
vt 0.02275371 0.3527756
vt 0.3155961 0.2975088
vt 0.1342871 0.2975088
vt 0.02275371 0.2975088
vt 0.3155961 0.1623621
vt 0.5 0.01795948
vt 0.3155961 0.01795959
vt 0.1342871 0.1623621
vt 0.02275371 0.1623621
vt 0.1342871 0.01795959
vt 0.02275371 0.01795959
vt 0.633311 1
vt 0.6272444 0.9820405
vt 0.7952582 1
vt 0.7818217 0.9820405
vt 0.9772463 0.9820405
vt 0.9772463 0.837638
vt 1 0.837638
vt 1 0.612546
vt 0.9772463 0.6125461
vt 1 0.4080422
vt 0.9772463 0.4080423
vt 1 0.3527755
vt 0.9772463 0.3527756
vt 1 0.2975087
vt 0.9772463 0.2975088
vt 1 0.162362
vt 0.9772463 0.1623621
vt 0.9772463 0.01795959
vt 0.7818217 0.01795959
vt 0.7952582 0
vt 0.633311 0
vt 0.6272444 0.01795959
vt 2.540669E-22 0.2975087
vt 2.726172E-22 0.3527755
vt 2.02074E-22 0.4080422
vt 1.058791E-22 0.612546
vt 0.116851 0.1034546
vt 0.116851 0.3532281
vt 0.116851 0.6030015
vt 0.3068042 0.555566
vt 0.116851 0.852775
vt 0.3068042 0.3295103
vt 0.3068042 0.7816217
vt 0.633311 0.7591898
vt 0.7952582 0.8198526
vt 0.7952582 0.5810533
vt 0.633311 0.5406114
vt 0.3068042 0.1034546
vt 0.7952582 0.3422539
vt 0.633311 0.322033
vt 0.7952582 0.1034546
vt 0.633311 0.1034546
vt 0.02275371 0.5900598
vt 0.02275371 0.5675734
vt 0.02275371 0.5000001
vt 0.9772463 0.5900598
vt 0.9772463 0.5675734
vt 0.9772463 0.5000001
vt 0.7952582 0.837638
vt 1 0.7024913
vt 0.7952582 0.7024913
vt 1 0.6472246
vt 0.633311 0.837638
vt 0.633311 0.7024913
vt 0.7952582 0.6472246
vt 1 0.5919579
vt 0.633311 0.6472246
vt 0.7952582 0.5919579
vt 1 0.387454
vt 0.633311 0.5919579
vt 0.7952582 0.387454
vt 0.633311 0.387454
vt 0.7952582 0.162362
vt 0.633311 0.162362
vt 0.6272444 0.1623621
vt 0.6272444 0.2975088
vt 0.7818217 0.1623621
vt 0.7818217 0.2975088
vt 0.6272444 0.3527756
vt 0.7818217 0.3527756
vt 0.6272444 0.4080423
vt 0.7818217 0.4080423
vt 0.6272444 0.6125461
vt 0.7818217 0.6125461
vt 0.6272444 0.837638
vt 0.7818217 0.837638
vt 0.02275371 0.7250921
vt 0.02275371 0.6228402
vt 0.9772463 0.7250921
vt 0.9772463 0.6228402
vt 0.2213066 0.02320015
vt 0.02567949 0.02320015
vt 0.02567949 0.1102362
vt 0.2213066 0.1102362
vt 0.4251836 0.1102362
vt 0.4251836 0.02320015
vt 0.2213066 0.3700788
vt 0.02567949 0.3700788
vt 0.6466211 0.1102362
vt 0.6466211 0.02320015
vt 0.4251836 0.3700788
vt 0.2213066 0.6299213
vt 0.02567949 0.6299213
vt 0.6466211 0.3700788
vt 0.8205565 0.1102362
vt 0.8205565 0.02320015
vt 0.4251836 0.6299213
vt 0.2213066 0.8897638
vt 0.02567949 0.8897638
vt 0.02567949 0.9767998
vt 0.2213066 0.9767998
vt 0.4251836 0.9767998
vt 0.4251836 0.8897638
vt 0.6466211 0.9767998
vt 0.6466211 0.8897638
vt 0.8205565 0.9767998
vt 0.6466211 0.6299213
vt 0.8205565 0.8897638
vt 0.9743205 0.9767998
vt 0.9743205 0.8897638
vt 0.8205565 0.6299213
vt 0.9743205 0.6299213
vt 0.8205565 0.3700788
vt 0.9743205 0.3700788
vt 0.9743205 0.1102362
vt 0.9743205 0.02320015
vt 0.2062183 1
vt 0 0.8897638
vt 0 0.6299213
vt 0 0.3700788
vt 0 0.1102362
vt 0.2062183 0
vt 0.4211331 0
vt 0.6545591 0
vt 1 0.1102362
vt 1 0.3700788
vt 1 0.6299213
vt 1 0.8897638
vt 0.6545591 1
vt 0.4211331 1
vt 0.02567949 0.5
vt 0.02567949 0.7598426
vt 0 0.1520653
vt 0.1102362 0
vt 0.1102362 0.1520653
vt 0 0.8479347
vt 0.3700787 0
vt 0.1102362 0.8479347
vt 0.1102362 1
vt 0.3700787 0.1520653
vt 0.3700787 0.8479347
vt 0.6299213 0
vt 0.3700787 1
vt 0.6299212 0.1520653
vt 0.8897638 0
vt 0.6299212 0.8479347
vt 0.6299213 1
vt 0.8897638 0.1520653
vt 1 0.1520653
vt 0.8897638 0.8479347
vt 0.8897638 1
vt 1 0.8479347
vt 0 0.6497741
vt 0.1102362 0.6497741
vt 0.3700787 0.6497741
vt 0.6299212 0.6497741
vt 0.8897638 0.6497741
vt 1 0.6497741
vt 0.2062183 0.1520653
vt 0.2062183 0.8070704
vt 0.4211331 0.7644827
vt 0.6545591 0.7182269
vt 0.4211331 0.1520653
vt 0.6545591 0.1520653
vt 0.8379112 0.6818938
vt 0.8379112 0.1520653
vt 0.8379112 0.1102362
vt 0.6545591 0.1102362
vt 0.8379112 0.3700788
vt 0.4211331 0.1102362
vt 0.6545591 0.3700788
vt 0.8379112 0.6299213
vt 0.2062183 0.1102362
vt 0.4211331 0.3700788
vt 0.2062183 0.3700788
vt 0.6545591 0.6299213
vt 0.8379112 0.8897638
vt 0.6545591 0.8897638
vt 0.4211331 0.6299213
vt 0.2062183 0.6299213
vt 0.4211331 0.8897638
vt 0.2062183 0.8897638
vt 0.1620887 0.6818938
vt 0.3454409 1
vt 0.3454409 0.7182269
vt 0.1620887 0.1520653
vt 0.3454409 0.1520653
vt 0.5788669 1
vt 0.3454409 0
vt 0.5788668 0.7644827
vt 0.7937818 1
vt 0.5788668 0.1520653
vt 0.5788669 0
vt 0.7937818 0.8070704
vt 0.7937818 0.1520653
vt 0.7937818 0
vt 0.9743205 0.7598426
vt 0.9743205 0.5
vt 0.3847255 0.3847255
vt 0.6152745 0.3847255
vt 0.6152745 0.6152745
vt 0.3847255 0.6152745
vt 0.2946509 0.971121
vt 0.01088602 0.04621577
vt 0.116056 0.9866751
vt 0.1189133 0.9959882
vt 0.9835545 0.01733685
vt 0.5164454 0.01733685
vt 0.5164454 0.9826633
vt 0.9835546 0.9826633
vt 0.5 0.5
vt 1 0.5
vt 0 0.5
vt 0.2990929 0.7009071
vt 0.2990929 0.2990929
vt 0.7009071 0.7009071
vt 0.7009071 0.2990929

vn -1.192093E-06 0 10
vn 10 0 1.192093E-06
vn 1.192093E-06 0 -10
vn 7.499912E-07 7.772934 -6.291383
vn -7.540399E-07 -7.745323 6.325346
vn 0 -10 0
vn -10 0 -1.192093E-06
vn -7.499912E-07 7.772935 6.291382
vn 7.540399E-07 -7.745323 -6.325346
vn -0.1341296 9.998999 0.006293595
vn -0.1783303 9.998402 0.0125872
vn -0.08992895 9.999596 -1.072037E-08
vn -1.388064E-08 9.999322 0.1164392
vn -0.09973948 9.999429 -0.005326036
vn -0.06205074 9.999802 -0.01065206
vn -0.1374282 9.999056 -1.638272E-08
vn 2.773944E-08 9.997293 -0.2326953
vn 0.01776327 -9.999883 -0.006293163
vn -0.02643916 -9.999957 -0.01258633
vn 0.0619657 -9.999808 7.386887E-09
vn -1.386866E-08 -9.999324 0.1163388
vn -0.01662489 -9.999913 0.005324698
vn -0.05430906 -9.999853 -6.474144E-09
vn 0.02105927 -9.999972 0.0106494
vn -2.773954E-08 9.997293 0.2326961
vn 1.386871E-08 -9.999324 -0.1163392
vn 0.01777575 9.999883 0.006336422
vn 0.06201563 9.999808 7.392838E-09
vn -0.02646413 9.999957 0.01267284
vn 0.01662484 -9.999913 0.005324636
vn -0.02105924 -9.999978 -2.510457E-09
vn 0.05430892 -9.999847 0.01064927
vn -0.0177632 -9.999884 -0.006330946
vn 0.02643913 -9.999966 3.15179E-09
vn -0.06196553 -9.999801 -0.0126619
vn 0.1341294 9.998999 0.006332259
vn 0.08992869 9.999588 0.0126645
vn 0.17833 9.99841 2.12586E-08
vn 0.09973925 9.999429 -0.005325611
vn 0.1374279 9.99905 -0.01065123
vn -0.01662486 9.999912 -0.00532753
vn 0.02107925 9.999972 -0.01065505
vn -0.05432897 9.999853 -6.476518E-09
vn 0.01662487 9.999913 -0.005327459
vn 0.05432905 9.999847 -0.01065492
vn -0.02107931 9.999978 -2.512849E-09
vn 0.01777578 -9.999885 -0.005233639
vn -0.02644417 -9.99996 -0.01046729
vn 1.388059E-08 9.999322 -0.1164388
vn -3.403112E-07 -9.583865 2.854737
vn -3.610125E-07 -9.530416 3.028393
vn -3.194975E-07 -9.634151 2.68014
vn -3.469226E-07 -9.567171 2.910198
vn -3.741486E-07 -9.494698 3.138586
vn 3.330773E-07 9.601732 -2.794055
vn 0 10 0
vn 7.498568E-07 7.773847 -6.290256
vn -7.500595E-07 7.77247 6.291956
vn -5.047749E-07 9.580047 2.867528
vn -2.577285 9.662174 -3.726199E-07
vn 9.266062E-07 -6.291381 -7.772936
vn -9.266066E-07 -6.291376 7.772941
vn -9.267143E-07 6.29026 7.773844
vn 9.267131E-07 -6.290272 -7.773834
vn -9.265493E-07 -6.29197 7.77246
vn 9.265502E-07 6.291961 -7.772467
vn -1.144616E-06 2.794058 9.601732
vn 1.144615E-06 -2.794075 -9.601727
vn 3.41836E-07 -9.580046 -2.867528
vn 2.577285 -9.662174 3.072363E-07
vn 2.556814 -9.585432 1.257857
vn 2.480496 -9.687044 0.09122684
vn 0.1657737 9.630235 2.68907
vn -2.436319 9.387688 2.436327
vn 2.756438 9.208914 2.756439
vn 0.1657658 -9.630234 -2.68907
vn -2.436326 -9.387685 -2.436327
vn 2.75643 -9.208917 -2.75644
vn -2.43051 9.699152 0.1381658
vn -2.227242 9.490984 -2.227248
vn -2.495729 9.356423 2.495732
vn 2.430511 -9.699152 0.1381668
vn 2.227243 -9.490983 -2.227247
vn -0.004108768 2.170801 -9.735401
vn -0.008218716 2.867525 -9.580045
vn 1.17907E-06 1.474078 -9.890759
vn 0.005142185 -2.170081 9.735508
vn 0.01028551 -1.472636 9.890968
vn -1.142031E-06 -2.867526 9.580048
vn 9.786922 1.951747 0.004493517
vn 9.911661 1.326239 0.008985884
vn 9.662183 2.577256 1.151822E-06
vn -9.786828 -1.952408 -0.005886353
vn -9.662162 -2.577307 -0.01177153
vn -9.911495 -1.327509 -1.181542E-06
vn 1.868588E-06 -9.601731 2.79406

usemtl Dark_Blue
f 4/4/1 3/3/1 2/2/1 1/1/1
f 7/7/1 5/5/1 3/3/1 4/4/1
f 8/8/1 6/6/1 4/4/1 1/1/1
f 16/16/1 9/9/1 5/5/1 7/7/1
f 11/11/1 10/10/1 6/6/1 8/8/1
f 15/15/1 6/6/1 10/10/1 12/12/1
f 14/14/1 13/13/1 10/10/1 11/11/1
f 19/19/1 17/17/1 9/9/1 16/16/1
f 15/15/1 18/18/1 16/16/1 7/7/1
f 21/21/1 20/20/1 17/17/1 19/19/1
f 23/23/1 22/22/1 21/21/1 19/19/1
f 25/25/1 24/24/1 22/22/1 23/23/1
f 27/27/1 25/25/1 23/23/1 18/18/1
f 28/28/1 26/26/1 24/24/1 25/25/1
f 12/12/1 27/27/1 18/18/1 15/15/1
f 31/31/1 29/29/1 27/27/1 12/12/1
f 32/32/1 30/30/1 26/26/1 28/28/1
f 34/34/1 32/32/1 28/28/1 29/29/1
f 35/35/1 33/33/1 30/30/1 32/32/1
f 40/40/1 34/34/1 29/29/1 31/31/1
f 37/37/1 36/36/1 33/33/1 35/35/1
f 39/39/1 37/37/1 35/35/1 38/38/1
f 41/41/1 38/38/1 34/34/1 40/40/1
f 43/43/1 40/40/1 31/31/1 13/13/1
f 42/42/1 39/39/1 38/38/1 41/41/1
f 44/44/1 43/43/1 13/13/1 14/14/1
f 46/46/1 42/42/1 41/41/1 45/45/1
f 47/47/1 45/45/1 43/43/1 44/44/1
f 48/48/1 46/46/1 45/45/1 47/47/1
f 50/50/2 46/3/2 48/2/2 49/49/2
f 52/52/2 42/5/2 46/3/2 50/50/2
f 53/53/2 51/51/2 50/50/2 49/49/2
f 56/56/2 39/9/2 42/5/2 52/52/2
f 55/55/2 54/54/2 51/51/2 53/53/2
f 58/58/2 37/17/2 39/9/2 56/56/2
f 63/63/2 57/57/2 56/56/2 52/52/2
f 59/59/2 36/20/2 37/17/2 58/58/2
f 61/61/2 60/60/2 59/59/2 58/58/2
f 71/71/2 62/62/2 60/60/2 61/61/2
f 54/54/2 64/64/2 63/63/2 51/51/2
f 66/66/2 65/65/2 54/54/2 55/55/2
f 68/68/2 64/64/2 54/54/2 65/65/2
f 69/69/2 67/67/2 65/65/2 66/66/2
f 57/57/2 63/63/2 64/64/2 70/70/2
f 79/74/2 70/70/2 64/64/2 68/68/2
f 70/70/2 71/71/2 61/61/2 57/57/2
f 73/48/2 72/46/2 67/67/2 69/69/2
f 75/72/2 67/67/2 72/46/2 74/42/2
f 77/73/2 75/72/2 74/42/2 76/39/2
f 79/74/2 68/68/2 75/72/2 77/73/2
f 80/75/2 77/73/2 76/39/2 78/37/2
f 83/77/2 71/71/2 70/70/2 79/74/2
f 82/76/2 80/75/2 78/37/2 81/36/2
f 84/78/2 83/77/2 80/75/2 82/76/2
f 84/78/2 62/62/2 71/71/2 83/77/2
f 88/45/3 85/47/3 87/48/3 86/46/3
f 91/80/3 89/79/3 85/47/3 88/45/3
f 92/41/3 88/45/3 86/46/3 90/42/3
f 95/82/3 93/81/3 89/79/3 91/80/3
f 98/38/3 92/41/3 90/42/3 94/39/3
f 106/88/3 96/83/3 93/81/3 95/82/3
f 108/90/3 95/82/3 91/80/3 97/84/3
f 104/86/3 97/84/3 92/41/3 98/38/3
f 100/35/3 98/38/3 94/39/3 99/37/3
f 102/33/3 100/35/3 99/37/3 101/36/3
f 105/87/3 103/85/3 100/35/3 102/33/3
f 112/94/3 107/89/3 96/83/3 106/88/3
f 111/93/3 108/90/3 97/84/3 104/86/3
f 114/95/3 106/88/3 95/82/3 108/90/3
f 110/92/3 109/91/3 103/85/3 105/87/3
f 109/91/3 111/93/3 104/86/3 103/85/3
f 118/4/3 113/1/3 107/89/3 112/94/3
f 117/98/3 114/95/3 108/90/3 111/93/3
f 119/99/3 112/94/3 106/88/3 114/95/3
f 116/97/3 115/96/3 109/91/3 110/92/3
f 115/96/3 117/98/3 111/93/3 109/91/3
f 72/3/3 73/2/3 113/1/3 118/4/3
f 121/100/3 119/99/3 114/95/3 117/98/3
f 120/7/3 118/4/3 112/94/3 119/99/3
f 74/5/3 72/3/3 118/4/3 120/7/3
f 122/101/3 121/100/3 117/98/3 115/96/3
f 124/16/3 120/7/3 119/99/3 121/100/3
f 123/102/3 122/101/3 115/96/3 116/97/3
f 76/9/3 74/5/3 120/7/3 124/16/3
f 125/19/3 124/16/3 121/100/3 122/101/3
f 126/21/3 125/19/3 122/101/3 123/102/3
f 78/17/3 76/9/3 124/16/3 125/19/3
f 81/20/3 78/17/3 125/19/3 126/21/3
f 130/105/4 129/104/4 128/55/4 127/103/4
f 134/109/4 131/106/4 129/104/4 130/105/4
f 133/108/4 132/107/4 130/105/4 127/103/4
f 102/110/4 101/2/4 131/106/4 134/109/4
f 135/112/4 105/111/4 102/110/4 134/109/4
f 132/107/4 135/112/4 134/109/4 130/105/4
f 136/114/4 110/113/4 105/111/4 135/112/4
f 137/116/4 136/114/4 135/112/4 132/107/4
f 139/118/4 116/115/4 110/113/4 136/114/4
f 138/117/4 137/116/4 132/107/4 133/108/4
f 140/120/4 139/118/4 136/114/4 137/116/4
f 142/122/4 123/119/4 116/115/4 139/118/4
f 141/121/4 140/120/4 137/116/4 138/117/4
f 143/124/4 142/122/4 139/118/4 140/120/4
f 145/126/4 126/123/4 123/119/4 142/122/4
f 144/125/4 143/124/4 140/120/4 141/121/4
f 146/128/4 145/126/4 142/122/4 143/124/4
f 82/127/4 81/20/4 126/123/4 145/126/4
f 147/129/4 146/128/4 143/124/4 144/125/4
f 84/130/4 82/127/4 145/126/4 146/128/4
f 62/62/4 84/130/4 146/128/4 147/129/4
f 151/133/5 148/129/5 150/132/5 149/131/5
f 154/136/5 152/134/5 148/129/5 151/133/5
f 156/138/5 151/133/5 149/131/5 153/135/5
f 161/143/5 155/137/5 152/134/5 154/136/5
f 159/141/5 154/136/5 151/133/5 156/138/5
f 158/140/5 156/138/5 153/135/5 157/139/5
f 160/142/5 159/141/5 156/138/5 158/140/5
f 163/145/5 161/143/5 154/136/5 159/141/5
f 165/147/5 162/144/5 155/137/5 161/143/5
f 164/146/5 163/145/5 159/141/5 160/142/5
f 167/149/5 165/147/5 161/143/5 163/145/5
f 169/151/5 166/148/5 162/144/5 165/147/5
f 168/150/5 167/149/5 163/145/5 164/146/5
f 171/152/5 169/151/5 165/147/5 167/149/5
f 173/154/5 170/103/5 166/148/5 169/151/5
f 172/153/5 171/152/5 167/149/5 168/150/5
f 176/157/5 173/154/5 169/151/5 171/152/5
f 175/156/5 174/155/5 170/103/5 173/154/5
f 177/158/5 176/157/5 171/152/5 172/153/5
f 178/159/5 175/156/5 173/154/5 176/157/5
f 179/160/5 178/159/5 176/157/5 177/158/5
f 183/132/6 182/62/6 181/130/6 180/131/6
f 185/162/6 184/161/6 182/62/6 183/132/6
f 187/164/6 186/163/6 184/161/6 185/162/6
f 188/165/6 2/36/6 186/163/6 187/164/6
f 1/167/6 2/36/6 188/165/6 189/166/6
f 190/169/6 8/168/6 1/167/6 189/166/6
f 191/171/6 11/170/6 8/168/6 190/169/6
f 192/173/6 14/172/6 11/170/6 191/171/6
f 193/175/6 44/174/6 14/172/6 192/173/6
f 194/177/6 47/176/6 44/174/6 193/175/6
f 195/178/6 48/48/6 47/176/6 194/177/6
f 49/180/6 48/48/6 195/178/6 196/179/6
f 197/182/6 53/181/6 49/180/6 196/179/6
f 198/155/6 55/55/6 53/181/6 197/182/6
f 66/104/6 55/55/6 198/155/6 199/156/6
f 200/159/6 69/106/6 66/104/6 199/156/6
f 201/160/6 73/2/6 69/106/6 200/159/6
f 202/158/6 113/110/6 73/2/6 201/160/6
f 203/153/6 107/183/6 113/110/6 202/158/6
f 204/150/6 96/184/6 107/183/6 203/153/6
f 205/146/6 93/185/6 96/184/6 204/150/6
f 206/142/6 89/186/6 93/185/6 205/146/6
f 207/140/6 85/123/6 89/186/6 206/142/6
f 208/139/6 87/20/6 85/123/6 207/140/6
f 210/135/6 209/127/6 87/20/6 208/139/6
f 212/132/2 183/132/2 180/131/2 211/131/2
f 215/162/2 185/162/2 183/132/2 212/132/2
f 214/131/2 213/132/2 212/132/2 211/131/2
f 220/162/2 215/162/2 212/132/2 213/132/2
f 216/164/2 187/164/2 185/162/2 215/162/2
f 217/165/2 188/165/2 187/164/2 216/164/2
f 219/164/2 218/165/2 217/165/2 216/164/2
f 223/164/2 221/165/2 218/165/2 219/164/2
f 225/162/2 220/162/2 213/132/2 222/132/2
f 232/131/2 222/132/2 213/132/2 214/131/2
f 226/164/2 224/165/2 221/165/2 223/164/2
f 223/164/2 219/164/2 220/162/2 225/162/2
f 228/164/2 227/165/2 224/165/2 226/164/2
f 230/162/2 229/162/2 228/164/2 226/164/2
f 231/132/2 150/132/2 229/162/2 230/162/2
f 222/132/2 231/132/2 230/162/2 225/162/2
f 233/131/2 231/132/2 222/132/2 232/131/2
f 149/131/2 150/132/2 231/132/2 233/131/2
f 235/135/2 153/135/2 149/131/2 233/131/2
f 238/135/2 234/135/2 232/131/2 214/131/2
f 236/139/2 157/139/2 153/135/2 235/135/2
f 237/139/2 236/139/2 235/135/2 234/135/2
f 239/139/2 237/139/2 234/135/2 238/135/2
f 241/139/2 239/139/2 238/135/2 240/135/2
f 208/139/2 241/139/2 240/135/2 210/135/2
f 86/3/7 87/2/7 209/106/7 242/187/7
f 90/5/7 86/3/7 242/187/7 243/188/7
f 94/9/7 90/5/7 243/188/7 244/189/7
f 247/192/7 245/190/7 244/189/7 243/188/7
f 99/17/7 94/9/7 244/189/7 246/191/7
f 101/20/7 99/17/7 246/191/7 131/127/7
f 248/193/7 129/130/7 131/127/7 246/191/7
f 249/71/7 128/62/7 129/130/7 248/193/7
f 251/70/7 249/71/7 248/193/7 245/190/7
f 252/194/7 250/161/7 128/62/7 249/71/7
f 257/64/7 251/70/7 245/190/7 247/192/7
f 256/197/7 252/194/7 249/71/7 251/70/7
f 254/195/7 253/163/7 250/161/7 252/194/7
f 17/37/7 20/36/7 253/163/7 254/195/7
f 9/39/7 17/37/7 254/195/7 255/196/7
f 260/200/7 256/197/7 251/70/7 257/64/7
f 263/54/7 257/64/7 247/192/7 258/198/7
f 5/42/7 9/39/7 255/196/7 259/199/7
f 259/199/7 255/196/7 256/197/7 260/200/7
f 3/46/7 5/42/7 259/199/7 261/201/7
f 186/180/7 2/48/7 3/46/7 261/201/7
f 262/202/7 184/181/7 186/180/7 261/201/7
f 263/54/7 182/55/7 184/181/7 262/202/7
f 262/202/7 260/200/7 257/64/7 263/54/7
f 182/55/7 263/54/7 258/198/7 181/104/7
f 265/159/7 178/159/7 179/160/7 264/160/7
f 267/156/7 175/156/7 178/159/7 265/159/7
f 268/159/7 265/159/7 264/160/7 266/160/7
f 270/155/7 174/155/7 175/156/7 267/156/7
f 273/159/7 268/159/7 266/160/7 269/160/7
f 278/182/7 271/182/7 174/155/7 270/155/7
f 280/155/7 270/155/7 267/156/7 272/156/7
f 277/156/7 272/156/7 268/159/7 273/159/7
f 275/159/7 273/159/7 269/160/7 274/160/7
f 200/159/7 275/159/7 274/160/7 201/160/7
f 199/156/7 276/156/7 275/159/7 200/159/7
f 294/155/7 276/156/7 199/156/7 198/155/7
f 281/179/7 279/179/7 271/182/7 278/182/7
f 287/155/7 280/155/7 272/156/7 277/156/7
f 285/182/7 278/182/7 270/155/7 280/155/7
f 283/178/7 282/178/7 279/179/7 281/179/7
f 286/178/7 283/178/7 281/179/7 284/179/7
f 290/182/7 285/182/7 280/155/7 287/155/7
f 294/155/7 287/155/7 277/156/7 276/156/7
f 289/178/7 286/178/7 284/179/7 288/179/7
f 288/179/7 284/179/7 285/182/7 290/182/7
f 292/178/7 289/178/7 288/179/7 291/179/7
f 196/179/7 195/178/7 292/178/7 291/179/7
f 293/182/7 197/182/7 196/179/7 291/179/7
f 294/155/7 198/155/7 197/182/7 293/182/7
f 293/182/7 290/182/7 287/155/7 294/155/7
f 296/203/1 168/203/1 164/142/1 295/142/1
f 298/204/1 172/204/1 168/203/1 296/203/1
f 300/203/1 296/203/1 295/142/1 297/142/1
f 299/205/1 177/205/1 172/204/1 298/204/1
f 302/204/1 298/204/1 296/203/1 300/203/1
f 304/203/1 300/203/1 297/142/1 301/142/1
f 303/205/1 299/205/1 298/204/1 302/204/1
f 306/204/1 302/204/1 300/203/1 304/203/1
f 308/203/1 304/203/1 301/142/1 305/142/1
f 307/205/1 303/205/1 302/204/1 306/204/1
f 309/204/1 306/204/1 304/203/1 308/203/1
f 204/203/1 308/203/1 305/142/1 205/142/1
f 310/205/1 307/205/1 306/204/1 309/204/1
f 203/204/1 309/204/1 308/203/1 204/203/1
f 202/205/1 310/205/1 309/204/1 203/204/1
f 314/206/3 311/206/3 313/169/3 312/169/3
f 318/207/3 315/207/3 311/206/3 314/206/3
f 317/206/3 311/206/3 315/207/3 316/207/3
f 320/208/3 319/208/3 315/207/3 318/207/3
f 322/207/3 318/207/3 314/206/3 321/206/3
f 192/206/3 317/206/3 316/207/3 193/207/3
f 323/208/3 194/208/3 193/207/3 316/207/3
f 191/169/3 324/169/3 317/206/3 192/206/3
f 328/207/3 322/207/3 321/206/3 325/206/3
f 327/169/3 326/169/3 325/206/3 321/206/3
f 330/208/3 329/208/3 322/207/3 328/207/3
f 331/209/8 33/167/8 36/36/8 59/163/8
f 332/211/8 30/210/8 33/167/8 331/209/8
f 333/213/8 331/209/8 59/163/8 60/161/8
f 335/215/8 26/212/8 30/210/8 332/211/8
f 334/214/8 332/211/8 331/209/8 333/213/8
f 147/129/8 333/213/8 60/161/8 62/62/8
f 144/125/8 334/214/8 333/213/8 147/129/8
f 336/217/8 335/215/8 332/211/8 334/214/8
f 337/218/8 24/216/8 26/212/8 335/215/8
f 141/121/8 336/217/8 334/214/8 144/125/8
f 338/220/8 337/218/8 335/215/8 336/217/8
f 339/221/8 22/219/8 24/216/8 337/218/8
f 138/117/8 338/220/8 336/217/8 141/121/8
f 340/222/8 339/221/8 337/218/8 338/220/8
f 341/223/8 21/176/8 22/219/8 339/221/8
f 133/108/8 340/222/8 338/220/8 138/117/8
f 342/224/8 341/223/8 339/221/8 340/222/8
f 253/180/8 20/48/8 21/176/8 341/223/8
f 342/224/8 250/181/8 253/180/8 341/223/8
f 127/103/8 342/224/8 340/222/8 133/108/8
f 127/103/8 128/55/8 250/181/8 342/224/8
f 292/178/3 195/178/3 194/177/3 323/177/3
f 289/178/3 292/178/3 323/177/3 319/177/3
f 286/178/3 289/178/3 319/177/3 320/177/3
f 283/178/3 286/178/3 320/177/3 329/177/3
f 282/178/3 283/178/3 329/177/3 330/177/3
f 343/225/9 170/103/9 174/155/9 271/182/9
f 344/226/9 166/148/9 170/103/9 343/225/9
f 345/227/9 343/225/9 271/182/9 279/179/9
f 347/229/9 162/144/9 166/148/9 344/226/9
f 346/228/9 344/226/9 343/225/9 345/227/9
f 330/177/9 345/227/9 279/179/9 282/178/9
f 328/175/9 346/228/9 345/227/9 330/177/9
f 348/230/9 347/229/9 344/226/9 346/228/9
f 349/231/9 155/137/9 162/144/9 347/229/9
f 325/173/9 348/230/9 346/228/9 328/175/9
f 350/232/9 349/231/9 347/229/9 348/230/9
f 351/233/9 152/134/9 155/137/9 349/231/9
f 326/171/9 350/232/9 348/230/9 325/173/9
f 352/234/9 351/233/9 349/231/9 350/232/9
f 354/235/9 148/129/9 152/134/9 351/233/9
f 353/169/9 352/234/9 350/232/9 326/171/9
f 355/236/9 354/235/9 351/233/9 352/234/9
f 229/162/9 150/132/9 148/129/9 354/235/9
f 356/166/9 355/236/9 352/234/9 353/169/9
f 228/164/9 229/162/9 354/235/9 355/236/9
f 228/164/9 355/236/9 356/166/9 227/165/9
f 264/160/1 179/160/1 177/158/1 299/158/1
f 266/160/1 264/160/1 299/158/1 303/158/1
f 269/160/1 266/160/1 303/158/1 307/158/1
f 274/160/1 269/160/1 307/158/1 310/158/1
f 201/160/1 274/160/1 310/158/1 202/158/1
f 357/237/1 206/237/1 205/238/1 305/238/1
f 358/140/1 207/140/1 206/237/1 357/237/1
f 359/237/1 357/237/1 305/238/1 301/238/1
f 241/139/1 208/139/1 207/140/1 358/140/1
f 360/140/1 239/139/1 241/139/1 358/140/1
f 361/237/1 359/237/1 301/238/1 297/238/1
f 362/140/1 237/139/1 239/139/1 360/140/1
f 362/140/1 360/140/1 359/237/1 361/237/1
f 363/237/1 361/237/1 297/238/1 295/238/1
f 364/140/1 236/139/1 237/139/1 362/140/1
f 160/237/1 363/237/1 295/238/1 164/238/1
f 158/140/1 364/140/1 363/237/1 160/237/1
f 158/140/1 157/139/1 236/139/1 364/140/1
f 365/239/3 353/239/3 326/240/3 327/240/3
f 366/166/3 356/166/3 353/239/3 365/239/3
f 367/239/3 365/239/3 327/240/3 312/240/3
f 224/165/3 227/165/3 356/166/3 366/166/3
f 221/165/3 224/165/3 366/166/3 368/166/3
f 369/239/3 367/239/3 312/240/3 313/240/3
f 370/166/3 368/166/3 367/239/3 369/239/3
f 371/239/3 369/239/3 313/240/3 324/240/3
f 218/165/3 221/165/3 368/166/3 370/166/3
f 190/239/3 371/239/3 324/240/3 191/240/3
f 217/165/3 218/165/3 370/166/3 372/166/3
f 189/166/3 372/166/3 371/239/3 190/239/3
f 189/166/3 188/165/3 217/165/3 372/166/3
f 245/48/12 232/36/10 234/20/11 244/2/10
f 232/48/3 245/36/3 248/20/3 233/2/3
f 45/48/13 323/36/13 316/20/13 43/2/13
f 255/48/16 223/36/14 225/20/15 256/2/14
f 254/48/3 226/36/3 223/20/3 255/2/3
f 98/48/17 362/36/17 361/20/17 104/2/17
f 363/48/7 103/36/7 104/20/7 361/2/7
f 246/48/20 235/36/18 233/20/19 248/2/18
f 364/48/21 100/36/21 103/20/21 363/2/21
f 226/48/24 254/36/22 252/20/23 230/2/22
f 230/48/1 252/36/1 256/20/1 225/2/1
f 18/48/25 367/36/25 368/20/25 16/2/25
f 23/48/7 365/36/7 367/20/7 18/2/7
f 29/48/25 314/36/25 312/20/25 27/2/25
f 28/48/7 321/36/7 314/20/7 29/2/7
f 16/48/2 368/36/2 366/20/2 19/2/2
f 27/48/2 312/36/2 327/20/2 25/2/2
f 321/48/26 28/36/26 25/20/26 327/2/26
f 365/48/26 23/36/26 19/20/26 366/2/26
f 38/48/25 320/36/25 318/20/25 34/2/25
f 276/48/29 65/36/27 67/20/28 275/2/27
f 75/48/1 273/36/1 275/20/1 67/2/1
f 35/48/7 329/36/7 320/20/7 38/2/7
f 34/48/2 318/36/2 322/20/2 32/2/2
f 329/48/26 35/36/26 32/20/26 322/2/26
f 278/48/32 61/36/30 58/20/31 281/2/30
f 285/48/1 57/36/1 61/20/1 278/2/1
f 265/48/35 80/36/33 83/20/34 267/2/33
f 268/48/1 77/36/1 80/20/1 265/2/1
f 77/48/38 268/36/36 272/20/37 79/2/36
f 57/48/28 285/36/39 284/20/40 56/2/39
f 79/48/3 272/36/3 267/20/3 83/2/3
f 56/48/3 284/36/3 281/20/3 58/2/3
f 52/48/31 288/36/30 290/20/32 63/2/30
f 50/48/3 291/36/3 288/20/3 52/2/3
f 68/48/34 277/36/33 273/20/35 75/2/33
f 277/48/3 68/36/3 65/20/3 276/2/3
f 293/48/1 51/36/1 63/20/1 290/2/1
f 51/48/43 293/36/41 291/20/42 50/2/41
f 315/48/2 40/36/2 43/20/2 316/2/2
f 324/48/13 10/36/13 13/20/13 317/2/13
f 10/48/2 324/36/2 313/20/2 12/2/2
f 372/48/13 4/36/13 6/20/13 371/2/13
f 370/48/2 7/36/2 4/20/2 372/2/2
f 319/48/26 41/36/26 40/20/26 315/2/26
f 323/48/7 45/36/7 41/20/7 319/2/7
f 311/48/26 31/36/26 12/20/26 313/2/26
f 317/48/7 13/36/7 31/20/7 311/2/7
f 7/48/26 370/36/26 369/20/26 15/2/26
f 371/48/7 6/36/7 15/20/7 369/2/7
f 219/48/24 259/36/22 260/20/23 220/2/22
f 262/48/1 215/36/1 220/20/1 260/2/1
f 216/48/3 261/36/3 259/20/3 219/2/3
f 261/48/46 216/36/44 215/20/45 262/2/44
f 211/48/3 258/36/3 247/20/3 214/2/3
f 180/48/3 181/36/3 258/20/3 211/2/3
f 242/48/1 240/36/1 238/20/1 243/2/1
f 209/48/1 210/36/1 240/20/1 242/2/1
f 214/48/48 247/36/47 243/20/20 238/2/47
f 97/48/21 359/36/21 360/20/21 92/2/21
f 359/48/7 97/36/7 91/20/7 357/2/7
f 88/48/49 358/36/49 357/20/49 91/2/49
f 92/48/2 360/36/2 358/20/2 88/2/2
f 235/48/1 246/36/1 244/20/1 234/2/1
f 376/244/50 375/243/51 374/242/51 373/241/50
f 378/246/52 377/245/52 376/244/50 373/241/50
f 380/248/51 375/243/51 376/244/50 379/247/50
f 382/250/52 381/249/52 377/245/52 378/246/52
f 379/247/50 376/244/50 377/245/52 383/251/52
f 385/253/51 380/248/51 379/247/50 384/252/50
f 383/251/52 377/245/52 381/249/52 386/254/52
f 388/256/53 387/255/53 381/249/52 382/250/52
f 384/252/50 379/247/50 383/251/52 389/257/52
f 391/259/51 385/253/51 384/252/50 390/258/50
f 393/261/50 392/260/51 391/259/51 390/258/50
f 395/263/52 394/262/52 393/261/50 390/258/50
f 389/257/52 395/263/52 390/258/50 384/252/50
f 397/265/52 396/264/52 394/262/52 395/263/52
f 399/267/52 397/265/52 395/263/52 389/257/52
f 400/268/53 398/266/53 396/264/52 397/265/52
f 386/254/52 399/267/52 389/257/52 383/251/52
f 403/271/53 400/268/53 397/265/52 399/267/52
f 402/270/54 401/269/54 398/266/53 400/268/53
f 404/272/54 402/270/54 400/268/53 403/271/53
f 405/273/53 403/271/53 399/267/52 386/254/52
f 406/274/54 404/272/54 403/271/53 405/273/53
f 387/255/53 405/273/53 386/254/52 381/249/52
f 407/275/54 406/274/54 405/273/53 387/255/53
f 408/276/54 407/275/54 387/255/53 388/256/53
f 412/260/6 409/261/6 411/277/6 410/20/6
f 414/278/6 413/259/6 412/260/6 410/20/6
f 416/279/6 415/253/6 413/259/6 414/278/6
f 418/280/6 417/248/6 415/253/6 416/279/6
f 420/281/6 419/243/6 417/248/6 418/280/6
f 422/242/6 419/243/6 420/281/6 421/2/6
f 424/282/6 423/241/6 422/242/6 421/2/6
f 426/283/6 425/246/6 423/241/6 424/282/6
f 428/284/6 427/250/6 425/246/6 426/283/6
f 430/47/6 429/256/6 427/250/6 428/284/6
f 73/48/6 431/276/6 429/256/6 430/47/6
f 433/285/6 432/275/6 431/276/6 73/48/6
f 435/286/6 434/274/6 432/275/6 433/285/6
f 437/287/6 436/272/6 434/274/6 435/286/6
f 439/288/6 438/270/6 436/272/6 437/287/6
f 441/36/6 440/269/6 438/270/6 439/288/6
f 443/33/6 442/266/6 440/269/6 441/36/6
f 445/289/6 444/264/6 442/266/6 443/33/6
f 447/290/6 446/262/6 444/264/6 445/289/6
f 449/242/1 448/243/1 419/243/1 422/242/1
f 451/242/1 450/243/1 448/243/1 449/242/1
f 374/242/1 375/243/1 450/243/1 451/242/1
f 453/260/2 452/261/2 409/261/2 412/260/2
f 455/260/2 454/261/2 452/261/2 453/260/2
f 392/260/2 393/261/2 454/261/2 455/260/2
f 456/262/2 454/261/2 393/261/2 394/262/2
f 457/264/2 456/262/2 394/262/2 396/264/2
f 459/266/2 457/264/2 396/264/2 398/266/2
f 463/264/2 458/262/2 456/262/2 457/264/2
f 460/269/2 459/266/2 398/266/2 401/269/2
f 462/269/2 461/266/2 459/266/2 460/269/2
f 442/266/2 461/266/2 462/269/2 440/269/2
f 444/264/2 463/264/2 461/266/2 442/266/2
f 446/262/2 458/262/2 463/264/2 444/264/2
f 465/276/3 431/276/3 432/275/3 464/275/3
f 467/275/3 466/276/3 465/276/3 464/275/3
f 407/275/3 408/276/3 466/276/3 467/275/3
f 417/253/1 419/291/1 448/291/1 468/253/1
f 415/292/1 417/253/1 468/253/1 469/292/1
f 473/253/1 470/292/1 469/292/1 468/253/1
f 413/259/1 415/292/1 469/292/1 471/259/1
f 453/260/1 412/260/1 413/259/1 471/259/1
f 472/259/1 455/260/1 453/260/1 471/259/1
f 391/259/1 392/260/1 455/260/1 472/259/1
f 385/292/1 391/259/1 472/259/1 470/292/1
f 380/253/1 385/292/1 470/292/1 473/253/1
f 375/291/1 380/253/1 473/253/1 450/291/1
f 475/295/3 474/293/3 421/2/3 420/294/3
f 477/298/3 476/296/3 474/293/3 475/295/3
f 480/300/3 475/295/3 420/294/3 418/297/3
f 479/299/3 478/20/3 476/296/3 477/298/3
f 482/303/3 479/299/3 477/298/3 481/301/3
f 483/304/3 480/300/3 418/297/3 416/302/3
f 484/306/3 481/301/3 480/300/3 483/304/3
f 486/308/3 483/304/3 416/302/3 414/305/3
f 485/307/3 482/303/3 481/301/3 484/306/3
f 487/309/3 486/308/3 414/305/3 410/48/3
f 489/311/3 485/307/3 484/306/3 488/310/3
f 490/312/3 488/310/3 486/308/3 487/309/3
f 490/312/3 491/36/3 489/311/3 488/310/3
f 493/295/1 492/293/1 441/2/1 439/294/1
f 495/314/1 494/313/1 492/293/1 493/295/1
f 499/300/1 493/295/1 439/294/1 437/297/1
f 497/299/1 496/20/1 494/313/1 495/314/1
f 500/315/1 498/303/1 497/299/1 495/314/1
f 500/315/1 495/314/1 493/295/1 499/300/1
f 502/304/1 499/300/1 437/297/1 435/302/1
f 503/316/1 501/307/1 498/303/1 500/315/1
f 503/316/1 500/315/1 499/300/1 502/304/1
f 505/308/1 502/304/1 435/302/1 433/305/1
f 506/317/1 504/311/1 501/307/1 503/316/1
f 506/317/1 503/316/1 502/304/1 505/308/1
f 72/309/1 505/308/1 433/305/1 73/48/1
f 74/318/1 506/317/1 505/308/1 72/309/1
f 74/318/1 507/36/1 504/311/1 506/317/1
f 487/293/7 410/2/7 411/282/7 508/319/7
f 490/296/7 487/293/7 508/319/7 509/320/7
f 510/277/7 491/20/7 490/296/7 509/320/7
f 512/321/7 511/290/7 510/277/7 509/320/7
f 514/322/7 513/289/7 511/290/7 512/321/7
f 517/324/7 514/322/7 512/321/7 515/323/7
f 518/325/7 516/33/7 513/289/7 514/322/7
f 445/284/7 517/324/7 515/323/7 447/283/7
f 494/318/7 496/36/7 516/33/7 518/325/7
f 443/47/7 519/326/7 517/324/7 445/284/7
f 492/309/7 494/318/7 518/325/7 519/326/7
f 441/48/7 492/309/7 519/326/7 443/47/7
f 520/327/55 516/47/55 496/48/55 497/285/55
f 521/328/55 513/284/55 516/47/55 520/327/55
f 522/329/55 520/327/55 497/285/55 498/286/55
f 523/330/55 511/283/55 513/284/55 521/328/55
f 524/331/55 521/328/55 520/327/55 522/329/55
f 525/332/55 522/329/55 498/286/55 501/287/55
f 526/333/55 510/282/55 511/283/55 523/330/55
f 527/334/55 523/330/55 521/328/55 524/331/55
f 529/336/55 524/331/55 522/329/55 525/332/55
f 530/337/55 525/332/55 501/287/55 504/288/55
f 489/281/55 491/2/55 510/282/55 526/333/55
f 528/335/55 485/280/55 489/281/55 526/333/55
f 528/335/55 526/333/55 523/330/55 527/334/55
f 535/340/55 482/279/55 485/280/55 528/335/55
f 534/339/55 527/334/55 524/331/55 529/336/55
f 532/338/55 529/336/55 525/332/55 530/337/55
f 531/33/55 530/337/55 504/288/55 507/36/55
f 533/289/55 532/338/55 530/337/55 531/33/55
f 535/340/55 528/335/55 527/334/55 534/339/55
f 536/341/55 534/339/55 529/336/55 532/338/55
f 538/342/55 479/278/55 482/279/55 535/340/55
f 537/290/55 536/341/55 532/338/55 533/289/55
f 538/342/55 535/340/55 534/339/55 536/341/55
f 539/277/55 538/342/55 536/341/55 537/290/55
f 539/277/55 478/20/55 479/278/55 538/342/55
f 540/343/2 531/21/2 507/20/2 74/313/2
f 541/345/2 533/344/2 531/21/2 540/343/2
f 542/346/2 540/343/2 74/313/2 72/293/2
f 430/1/2 542/346/2 72/293/2 73/2/2
f 428/349/2 543/347/2 542/346/2 430/1/2
f 544/350/2 537/348/2 533/344/2 541/345/2
f 545/352/2 544/350/2 541/345/2 543/347/2
f 546/354/2 539/351/2 537/348/2 544/350/2
f 426/353/2 545/352/2 543/347/2 428/349/2
f 424/356/2 547/355/2 545/352/2 426/353/2
f 476/312/2 478/36/2 539/351/2 546/354/2
f 547/355/2 474/309/2 476/312/2 546/354/2
f 424/356/2 421/48/2 474/309/2 547/355/2
f 548/270/3 460/269/3 401/269/3 402/270/3
f 549/270/3 462/269/3 460/269/3 548/270/3
f 550/357/3 548/270/3 402/270/3 404/357/3
f 438/270/3 440/269/3 462/269/3 549/270/3
f 551/357/3 436/357/3 438/270/3 549/270/3
f 551/357/3 549/270/3 548/270/3 550/357/3
f 552/272/3 550/357/3 404/357/3 406/272/3
f 553/272/3 434/272/3 436/357/3 551/357/3
f 553/272/3 551/357/3 550/357/3 552/272/3
f 467/358/3 552/272/3 406/272/3 407/358/3
f 464/358/3 553/272/3 552/272/3 467/358/3
f 464/358/3 432/358/3 434/272/3 553/272/3
f 554/256/7 466/276/7 408/276/7 388/256/7
f 555/256/7 465/276/7 466/276/7 554/256/7
f 556/250/7 554/256/7 388/256/7 382/250/7
f 429/256/7 431/276/7 465/276/7 555/256/7
f 427/250/7 429/256/7 555/256/7 557/250/7
f 558/246/7 556/250/7 382/250/7 378/246/7
f 559/246/7 557/250/7 556/250/7 558/246/7
f 560/241/7 558/246/7 378/246/7 373/241/7
f 425/246/7 427/250/7 557/250/7 559/246/7
f 561/241/7 423/241/7 425/246/7 559/246/7
f 451/242/7 560/241/7 373/241/7 374/242/7
f 449/242/7 561/241/7 560/241/7 451/242/7
f 449/242/7 422/242/7 423/241/7 561/241/7
f 458/48/3 515/36/3 512/20/3 456/2/3
f 446/48/3 447/36/3 515/20/3 458/2/3
f 519/48/56 461/36/56 463/20/56 517/2/56
f 518/48/3 459/36/3 461/20/3 519/2/3
f 469/48/56 483/36/56 486/20/56 471/2/56
f 470/48/7 484/36/7 483/20/7 469/2/7
f 454/48/1 509/36/1 508/20/1 452/2/1
f 452/48/1 508/36/1 411/20/1 409/2/1
f 517/48/1 463/36/1 457/20/1 514/2/1
f 456/48/6 512/36/6 509/20/6 454/2/6
f 459/48/6 518/36/6 514/20/6 457/2/6
f 475/48/7 448/36/7 450/20/7 477/2/7
f 480/48/56 468/36/56 448/20/56 475/2/56
f 468/48/2 480/36/2 481/20/2 473/2/2
f 488/48/2 472/36/2 471/20/2 486/2/2
f 473/48/6 481/36/6 477/20/6 450/2/6
f 472/48/6 488/36/6 484/20/6 470/2/6
f 554/48/3 540/36/3 542/20/3 555/2/3
f 555/48/56 542/36/56 543/20/56 557/2/56
f 558/48/3 544/36/3 545/20/3 559/2/3
f 559/48/56 545/36/56 547/20/56 561/2/56
f 557/48/1 543/36/1 541/20/1 556/2/1
f 546/48/1 560/36/1 561/20/1 547/2/1
f 556/48/6 541/36/6 540/20/6 554/2/6
f 560/48/6 546/36/6 544/20/6 558/2/6
f 565/36/7 564/20/7 563/2/7 562/48/7
f 567/36/1 565/20/1 562/2/1 566/48/1
f 569/36/2 567/20/2 566/2/2 568/48/2
f 564/36/3 569/20/3 568/2/3 563/48/3
f 573/359/2 572/360/2 571/360/2 570/359/2
f 572/360/3 575/361/3 574/361/3 571/360/3
f 577/362/1 573/359/1 570/359/1 576/362/1
f 575/361/7 577/362/7 576/362/7 574/361/7
f 562/48/6 571/36/6 574/20/6 566/2/6
f 563/48/6 570/36/6 571/20/6 562/2/6
f 576/48/6 568/36/6 566/20/6 574/2/6
f 568/48/6 576/36/6 570/20/6 563/2/6

usemtl Brown
f 581/366/57 580/365/57 579/364/57 578/363/57
f 585/370/58 584/369/58 583/368/58 582/367/58
f 589/48/55 588/36/55 587/20/55 586/2/55
f 593/372/59 592/36/59 591/62/59 590/371/59
f 595/373/60 594/2/60 593/55/60 590/371/60
f 599/374/3 598/375/3 597/375/3 596/374/3
f 601/376/2 599/374/2 596/374/2 600/376/2
f 603/377/1 601/376/1 600/376/1 602/377/1
f 598/375/7 603/377/7 602/377/7 597/375/7
f 575/361/56 572/360/56 602/377/56 600/376/56
f 597/375/56 602/377/56 572/360/56 573/359/56
f 577/362/56 575/361/56 600/376/56 596/374/56
f 596/374/56 597/375/56 573/359/56 577/362/56
f 601/376/6 603/377/6 565/48/6 567/36/6
f 564/2/6 565/48/6 603/377/6 598/375/6
f 599/374/6 601/376/6 567/36/6 569/20/6
f 569/20/6 564/2/6 598/375/6 599/374/6

usemtl white
f 647/48/6 639/48/6 636/55/6
f 646/55/6 647/48/6 636/55/6
f 655/20/73 638/20/74 641/62/73
f 657/62/75 655/20/73 641/62/73
f 644/55/76 640/55/77 639/2/76
f 647/2/78 644/55/76 639/2/76
f 658/62/79 649/62/80 643/36/79
f 656/36/81 658/62/79 643/36/79
f 651/48/72 642/48/83 648/55/82
f 650/55/71 651/48/72 648/55/82
f 606/2/61 605/2/61 604/127/61
f 604/127/61 607/127/61 606/2/61
f 607/127/2 604/127/2 608/127/2
f 608/127/2 609/127/2 607/127/2
f 611/130/7 610/130/7 605/2/7
f 605/2/7 606/2/7 611/130/7
f 609/62/2 608/62/2 612/36/2
f 612/36/2 613/36/2 609/62/2
f 613/36/62 612/36/62 614/48/62
f 614/48/62 615/48/62 613/36/62
f 615/48/7 614/48/7 610/55/7
f 610/55/7 611/55/7 615/48/7
f 605/2/57 617/364/57 616/365/57
f 616/365/57 604/127/57 605/2/57
f 604/127/57 616/365/57 618/366/57
f 618/366/57 608/127/57 604/127/57
f 608/127/57 618/366/57 619/363/57
f 619/363/57 610/130/57 608/127/57
f 610/130/57 619/363/57 617/364/57
f 617/364/57 605/2/57 610/130/57
f 617/364/63 579/364/63 580/365/63
f 580/365/63 616/365/63 617/364/63
f 616/365/7 580/365/7 581/366/7
f 581/366/7 618/366/7 616/365/7
f 618/366/64 581/366/64 578/363/64
f 578/363/64 619/363/64 618/366/64
f 619/363/2 578/363/2 579/364/2
f 579/364/2 617/364/2 619/363/2
f 620/368/65 583/368/65 584/369/65
f 584/369/65 621/369/65 620/368/65
f 621/369/7 584/369/7 585/370/7
f 585/370/7 622/370/7 621/369/7
f 622/370/66 585/370/66 582/367/66
f 582/367/66 623/367/66 622/370/66
f 623/367/2 582/367/2 583/368/2
f 583/368/2 620/368/2 623/367/2
f 626/20/2 625/20/2 624/36/2
f 624/36/2 627/36/2 626/20/2
f 627/36/67 624/36/67 628/48/67
f 628/48/67 629/48/67 627/36/67
f 629/48/7 628/48/7 630/2/7
f 630/2/7 631/2/7 629/48/7
f 631/2/68 630/2/68 625/20/68
f 625/20/68 626/20/68 631/2/68
f 632/20/7 587/20/7 588/36/7
f 588/36/7 633/36/7 632/20/7
f 633/36/68 588/36/68 589/48/68
f 589/48/68 634/48/68 633/36/68
f 634/48/2 589/48/2 586/2/2
f 586/2/2 635/2/2 634/48/2
f 635/2/67 586/2/67 587/20/67
f 587/20/67 632/20/67 635/2/67
f 638/36/1 637/62/1 636/55/1
f 636/55/1 639/48/1 638/36/1
f 638/20/2 639/2/2 640/55/2
f 640/55/2 641/62/2 638/20/2
f 642/2/7 636/55/7 637/62/7
f 637/62/7 643/20/7 642/2/7
f 646/372/69 645/371/69 644/55/69
f 644/55/69 647/48/69 646/372/69
f 643/36/3 649/62/3 648/55/3
f 648/55/3 642/48/3 643/36/3
f 650/373/71 645/371/70 646/62/70
f 646/62/70 651/20/72 650/373/71
f 652/36/3 641/20/3 640/2/3
f 640/2/3 653/48/3 652/36/3
f 649/36/2 652/20/2 653/2/2
f 653/2/2 648/48/2 649/36/2
f 638/36/56 655/36/56 654/62/56
f 654/62/56 637/62/56 638/36/56
f 637/62/56 654/62/56 656/20/56
f 656/20/56 643/20/56 637/62/56
f 646/55/6 636/55/6 642/2/6
f 642/2/6 651/2/6 646/55/6
f 657/20/56 641/20/56 652/36/56
f 652/36/56 659/36/56 657/20/56
f 645/48/6 653/48/6 640/2/6
f 640/2/6 644/2/6 645/48/6
f 659/20/56 652/20/56 649/36/56
f 649/36/56 658/36/56 659/20/56
f 650/48/6 648/48/6 653/2/6
f 653/2/6 645/2/6 650/48/6
f 657/62/7 591/62/7 592/36/7
f 592/36/7 655/36/7 657/62/7
f 655/36/84 592/36/85 593/372/84
f 593/372/84 654/372/86 655/36/84
f 659/371/87 590/371/88 591/62/87
f 591/62/87 657/62/89 659/371/87
f 654/55/90 593/55/91 594/2/90
f 594/2/90 656/2/92 654/55/90
f 656/2/1 594/2/1 595/373/1
f 595/373/1 658/373/1 656/2/1
f 658/373/93 595/373/94 590/371/93
f 590/371/93 659/371/95 658/373/93
f 635/2/55 630/2/55 628/48/55
f 628/48/55 634/48/55 635/2/55
f 630/2/55 635/2/55 632/20/55
f 632/20/55 625/20/55 630/2/55
f 634/48/55 628/48/55 624/36/55
f 624/36/55 633/36/55 634/48/55
f 633/36/55 624/36/55 625/20/55
f 625/20/55 632/20/55 633/36/55
f 496/48/96 629/48/96 631/2/96
f 631/2/96 491/2/96 496/48/96
f 629/48/96 496/48/96 507/36/96
f 507/36/96 627/36/96 629/48/96
f 491/2/96 631/2/96 626/20/96
f 626/20/96 478/20/96 491/2/96
f 478/20/96 626/20/96 627/36/96
f 627/36/96 507/36/96 478/20/96
f 623/367/58 614/48/58 612/36/58
f 612/36/58 622/370/58 623/367/58
f 614/48/58 623/367/58 620/368/58
f 620/368/58 610/55/58 614/48/58
f 622/370/58 612/36/58 608/62/58
f 608/62/58 621/369/58 622/370/58
f 610/55/58 620/368/58 621/369/58
f 621/369/58 608/62/58 610/55/58

g Window1
v -15.58392 8.060501 9.615628
v -15.58392 6.017378 9.615628
v -15.58392 6.017378 7.952559
v -15.58392 8.060501 7.952559
v -15.59004 8.058474 7.710894
v -15.59004 6.013299 7.710894
v -15.59004 6.013299 6.053339
v -15.59004 8.058474 6.053339
v -15.47185 8.059488 9.633229
v -15.47185 8.059487 7.958073
v -15.47185 6.010575 7.958073
v -15.47185 6.010576 9.63323
v -15.47185 8.059487 7.716408
v -15.47185 8.059487 6.039815
v -15.47185 6.010575 6.039815
v -15.47185 6.010575 7.716409
v -15.47185 8.248062 7.958073
v -15.47185 8.248063 9.633229
v -15.47185 10.3541 9.633229
v -15.47185 10.3541 7.958072
v -15.47185 8.248062 6.039815
v -15.47185 8.248062 7.716408
v -15.47185 10.3541 7.716408
v -15.47185 10.3541 6.039815
v -15.59004 8.247006 7.710894
v -15.59004 8.247006 6.053339
v -15.59004 10.35511 6.053338
v -15.59004 10.35511 7.710894
v -15.58392 8.249034 9.615628
v -15.58392 8.249034 7.952559
v -15.58392 10.35308 7.952558
v -15.58392 10.35308 9.615628
v -15.47185 10.5426 7.958072
v -15.47185 10.5426 9.633229
v -15.47185 12.59154 9.633229
v -15.47185 12.59154 7.958072
v -15.47185 10.5426 6.039815
v -15.47185 10.5426 7.716408
v -15.47185 12.59154 7.716408
v -15.47185 12.59154 6.039814
v -15.59004 10.54364 7.710894
v -15.59004 10.54364 6.053338
v -15.59004 12.58882 6.053338
v -15.59004 12.58882 7.710893
v -15.58392 10.54161 9.615628
v -15.58392 10.54161 7.952558
v -15.58392 12.58474 7.952558
v -15.58392 12.58474 9.615627
v -15.74204 5.700916 9.94289
v -15.47185 5.700916 9.94289
v -15.47185 5.700916 7.830093
v -15.74204 5.700916 7.830093
v -15.74204 8.059487 5.730155
v -15.74204 5.700915 5.730155
v -15.47185 5.700915 5.730155
v -15.47185 8.059487 5.730155
v -15.47185 8.24802 5.730155
v -15.74204 8.24802 5.730155
v -15.47185 10.3541 5.730155
v -15.74204 10.3541 5.730155
v -15.47185 10.54263 5.730155
v -15.74204 10.54263 5.730155
v -15.47185 12.9012 5.730154
v -15.74204 12.9012 5.730154
v -15.74204 8.058474 7.710894
v -15.74204 6.013299 7.710894
v -15.74204 8.247006 7.710894
v -15.74204 12.58882 6.053338
v -15.74204 12.58882 7.710893
v -15.74204 8.059488 9.94289
v -15.74204 6.017378 9.615628
v -15.74204 8.060501 9.615628
v -15.74204 8.249034 9.615628
v -15.74204 8.24802 9.94289
v -15.74204 10.35308 9.615628
v -15.74204 10.3541 9.942889
v -15.74204 10.54161 9.615628
v -15.74204 10.54263 9.942889
v -15.74204 12.58474 9.615627
v -15.74204 12.9012 9.942889
v -15.74204 6.017378 7.952559
v -15.74204 8.059482 7.830093
v -15.74204 8.060501 7.952559
v -15.74204 8.248027 7.830093
v -15.74204 8.249034 7.952558
v -15.74204 10.35409 7.830093
v -15.74204 10.35308 7.952558
v -15.74204 10.54263 7.830093
v -15.74204 10.54161 7.952558
v -15.74204 12.9012 7.830092
v -15.74204 12.58474 7.952558
v -15.74204 8.058474 6.053339
v -15.74204 6.013299 6.053339
v -15.74204 8.247006 6.053339
v -15.47185 12.9012 9.942889
v -15.47185 12.9012 7.830093
v -15.47185 8.059488 9.94289
v -15.47185 8.24802 9.94289
v -15.47185 10.3541 9.942889
v -15.47185 10.54263 9.942889
v -15.74204 10.35511 6.053338
v -15.74204 10.35511 7.710894
v -15.74204 10.54364 6.053338
v -15.74204 10.54364 7.710894
v -15.74034 8.060501 9.615628
v -15.74034 8.060501 7.952559
v -15.74034 8.249034 7.952558
v -15.74034 8.249034 9.615628
v -15.74072 8.058474 7.710894
v -15.74072 8.058474 6.053339
v -15.74072 8.247006 6.053339
v -15.74072 8.247006 7.710894
v -15.47185 8.24802 7.830093
v -15.47185 8.059487 7.830093
v -15.47185 10.54263 7.830093
v -15.47185 10.3541 7.830093
v -15.74945 10.54364 6.053338
v -15.74945 10.54364 7.710894
v -15.74945 10.35511 7.710894
v -15.74945 10.35511 6.053338
v -15.73462 10.54161 7.952558
v -15.73462 10.54161 9.615628
v -15.73462 10.35308 9.615628
v -15.73462 10.35308 7.952558

vt 0.3344201 0.5185274
vt 0.03705478 0.5185274
vt 0.03705478 0.9814726
vt 0.3344201 0.9814726
vt 0.3321317 0
vt 0.03060679 0
vt 0.7273681 0.5702567
vt 0.7273681 0.9297433
vt 0.9495887 0.9297433
vt 0.9495887 0.5702567
vt 0.2726319 1
vt 0.05041134 1
vt 0.6059651 0.9297433
vt 0.6059651 0.5702567
vt 0.3940348 0.5702567
vt 0.3940348 0.9297433
vt 0.3940348 1
vt 0.6059651 1
vt 0.3531894 0
vt 0.6468106 0
vt 0.3552188 0.5185274
vt 0.3552188 0.9814726
vt 0.6447812 0.9814726
vt 0.6447812 0.5185274
vt 0.2726319 0.9297433
vt 0.2726319 0.5702567
vt 0.05041134 0.5702567
vt 0.05041134 0.9297433
vt 0.7273681 1
vt 0.9495885 1
vt 0.6678681 0
vt 0.9693931 0
vt 0.6655799 0.5185274
vt 0.6655799 0.9814726
vt 0.9629452 0.9814726
vt 0.9629452 0.5185274
vt 1 0.5
vt 0 0.5
vt 0 1
vt 1 1
vt 0.3230432 0
vt 0 0
vt 0.3230432 1
vt 0.3436235 1
vt 0.3436235 0
vt 0.6563765 1
vt 0.6563765 0
vt 0.6769568 1
vt 0.6769568 0
vt 1 0
vt 0.3230432 0.5
vt 0.3436235 0.5
vt 0.6563765 0.5
vt 0.6769568 0.5
vt 0.3456849 0.5185274
vt 0.3456849 0.9814726
vt 0.6543151 0.9814726
vt 0.6543151 0.5185274
vt 0.3333333 1
vt 0.6666667 1

vn -10 6.123234E-16 -1.192093E-06
vn 10 -6.123234E-16 1.192093E-06
vn -1.427209E-13 -10 1.192093E-06
vn 1.192093E-06 -1.192093E-06 -10
vn -1.192093E-06 1.192093E-06 10
vn 1.427209E-13 10 -1.192093E-06

usemtl Glass.1
f 663/381/97 662/380/97 661/379/97 660/378/97
f 667/382/97 666/383/97 665/383/97 664/382/97
f 671/387/98 670/386/98 669/385/98 668/384/98
f 675/389/98 674/389/98 673/388/98 672/388/98
f 679/393/98 678/392/98 677/391/98 676/390/98
f 683/395/98 682/395/98 681/394/98 680/394/98
f 687/397/97 686/397/97 685/396/97 684/396/97
f 691/401/97 690/400/97 689/399/97 688/398/97
f 695/405/98 694/404/98 693/403/98 692/402/98
f 699/407/98 698/407/98 697/406/98 696/406/98
f 703/409/97 702/409/97 701/408/97 700/408/97
f 707/413/97 706/412/97 705/411/97 704/410/97

usemtl white
f 684/422/100 664/382/100 724/382/100
f 726/422/100 684/422/100 724/382/100
f 753/422/100 751/382/100 667/382/100
f 685/422/100 753/422/100 667/382/100
f 768/382/100 664/382/100 684/422/100
f 771/422/100 768/382/100 684/422/100
f 770/422/100 685/422/100 667/382/100
f 769/382/100 770/422/100 667/382/100
f 756/431/100 668/384/100 669/385/100
f 773/425/100 756/431/100 669/385/100
f 773/420/100 672/388/100 673/388/100
f 715/420/100 773/420/100 673/388/100
f 758/429/100 678/392/100 679/393/100
f 775/421/100 758/429/100 679/393/100
f 772/423/98 676/390/98 677/391/98
f 757/430/98 772/423/98 677/391/98
f 772/421/98 716/421/98 681/394/98
f 716/421/98 680/394/98 681/394/98
f 775/423/100 682/395/100 683/395/100
f 718/423/100 775/423/100 683/395/100
f 774/420/98 692/402/98 693/403/98
f 759/428/98 774/420/98 693/403/98
f 720/425/98 696/406/98 697/406/98
f 774/425/98 720/425/98 697/406/98
f 710/416/99 709/415/99 708/414/99
f 708/414/99 711/417/99 710/416/99
f 714/416/100 713/419/100 712/418/100
f 712/418/100 715/420/100 714/416/100
f 716/421/100 715/420/100 712/418/100
f 712/418/100 717/422/100 716/421/100
f 718/423/100 716/421/100 717/422/100
f 717/422/100 719/424/100 718/423/100
f 720/425/100 718/423/100 719/424/100
f 719/424/100 721/426/100 720/425/100
f 722/417/100 720/425/100 721/426/100
f 721/426/100 723/427/100 722/417/100
f 665/383/100 725/383/100 724/382/100
f 724/382/100 664/382/100 665/383/100
f 703/409/99 728/409/99 727/409/99
f 727/409/99 702/409/99 703/409/99
f 730/379/97 708/415/97 729/428/97
f 729/428/97 731/378/97 730/379/97
f 732/398/97 731/378/97 729/428/97
f 729/428/97 733/429/97 732/398/97
f 734/401/97 732/398/97 733/429/97
f 733/429/97 735/430/97 734/401/97
f 736/410/97 734/401/97 735/430/97
f 735/430/97 737/431/97 736/410/97
f 738/413/97 736/410/97 737/431/97
f 737/431/97 739/414/97 738/413/97
f 740/380/97 711/416/97 708/415/97
f 708/415/97 730/379/97 740/380/97
f 741/420/97 711/416/97 740/380/97
f 740/380/97 742/381/97 741/420/97
f 743/421/97 741/420/97 742/381/97
f 742/381/97 744/399/97 743/421/97
f 745/423/97 743/421/97 744/399/97
f 744/399/97 746/400/97 745/423/97
f 747/425/97 745/423/97 746/400/97
f 746/400/97 748/411/97 747/425/97
f 749/417/97 747/425/97 748/411/97
f 748/411/97 750/412/97 749/417/97
f 738/413/97 739/414/97 749/417/97
f 749/417/97 750/412/97 738/413/97
f 714/416/99 710/416/99 711/419/99
f 711/419/99 713/419/99 714/416/99
f 751/382/101 752/383/101 666/383/101
f 666/383/101 667/382/101 751/382/101
f 666/383/102 752/383/102 725/383/102
f 725/383/102 665/383/102 666/383/102
f 661/379/100 730/379/100 731/378/100
f 731/378/100 660/378/100 661/379/100
f 688/432/100 660/378/100 731/378/100
f 731/378/100 732/432/100 688/432/100
f 707/413/99 738/413/99 750/412/99
f 750/412/99 706/412/99 707/413/99
f 742/381/101 740/380/101 662/380/101
f 662/380/101 663/381/101 742/381/101
f 744/433/101 742/381/101 663/381/101
f 663/381/101 689/433/101 744/433/101
f 662/380/102 740/380/102 730/379/102
f 730/379/102 661/379/102 662/380/102
f 749/417/102 739/416/102 754/419/102
f 754/419/102 755/427/102 749/417/102
f 723/417/102 749/416/102 755/419/102
f 755/419/102 722/427/102 723/417/102
f 729/426/101 708/427/101 709/417/101
f 709/417/101 756/425/101 729/426/101
f 733/424/101 729/426/101 756/425/101
f 756/425/101 757/423/101 733/424/101
f 735/422/101 733/424/101 757/423/101
f 757/423/101 758/421/101 735/422/101
f 737/418/101 735/422/101 758/421/101
f 758/421/101 759/420/101 737/418/101
f 739/419/101 737/418/101 759/420/101
f 759/420/101 754/416/101 739/419/101
f 760/397/101 753/396/101 685/396/101
f 685/396/101 686/397/101 760/397/101
f 687/397/100 684/396/100 726/396/100
f 726/396/100 761/397/100 687/397/100
f 746/400/101 744/399/101 689/399/101
f 689/399/101 690/400/101 746/400/101
f 691/401/100 688/398/100 732/398/100
f 732/398/100 734/401/100 691/401/100
f 701/408/101 702/409/101 727/409/101
f 727/409/101 762/408/101 701/408/101
f 686/424/101 701/408/101 762/408/101
f 762/408/101 760/424/101 686/424/101
f 763/408/100 728/409/100 703/409/100
f 703/409/100 700/408/100 763/408/100
f 761/424/100 763/408/100 700/408/100
f 700/408/100 687/424/100 761/424/100
f 705/411/101 706/412/101 750/412/101
f 750/412/101 748/411/101 705/411/101
f 690/434/101 705/411/101 748/411/101
f 748/411/101 746/434/101 690/434/101
f 736/410/100 738/413/100 707/413/100
f 707/413/100 704/410/100 736/410/100
f 734/435/100 736/410/100 704/410/100
f 704/410/100 691/435/100 734/435/100
f 766/399/97 765/381/97 764/378/97
f 764/378/97 767/398/97 766/399/97
f 770/422/97 769/382/97 768/382/97
f 768/382/97 771/422/97 770/422/97
f 715/420/98 716/436/98 772/436/98
f 772/436/98 773/420/98 715/420/98
f 715/420/98 673/388/98 674/389/98
f 674/389/98 714/416/98 715/420/98
f 714/416/98 674/389/98 675/389/98
f 675/389/98 710/416/98 714/416/98
f 672/388/98 773/420/98 710/416/98
f 710/416/98 675/389/98 672/388/98
f 774/425/98 775/437/98 718/437/98
f 718/437/98 720/425/98 774/425/98
f 774/425/98 697/406/98 698/407/98
f 698/407/98 755/417/98 774/425/98
f 755/417/98 698/407/98 699/407/98
f 699/407/98 722/417/98 755/417/98
f 696/406/98 720/425/98 722/417/98
f 722/417/98 699/407/98 696/406/98
f 778/424/97 777/408/97 776/408/97
f 776/408/97 779/424/97 778/424/97
f 782/401/97 781/410/97 780/411/97
f 780/411/97 783/400/97 782/401/97
f 765/381/99 663/381/99 660/378/99
f 660/378/99 764/378/99 765/381/99
f 764/378/101 660/378/100 688/398/100
f 688/398/100 767/398/101 764/378/101
f 767/398/102 688/398/102 689/399/102
f 689/399/102 766/399/102 767/398/102
f 766/399/100 689/399/101 663/381/101
f 663/381/101 765/381/100 766/399/100
f 769/382/99 667/382/99 664/382/99
f 664/382/99 768/382/99 769/382/99
f 771/422/102 684/422/102 685/422/102
f 685/422/102 770/422/102 771/422/102
f 777/408/102 700/408/102 701/408/102
f 701/408/102 776/408/102 777/408/102
f 776/408/100 701/408/101 686/424/101
f 686/424/101 779/424/100 776/408/100
f 779/424/99 686/424/99 687/424/99
f 687/424/99 778/424/99 779/424/99
f 778/424/101 687/424/100 700/408/100
f 700/408/100 777/408/101 778/424/101
f 781/410/102 704/410/102 705/411/102
f 705/411/102 780/411/102 781/410/102
f 780/411/100 705/411/101 690/400/101
f 690/400/101 783/400/100 780/411/100
f 783/400/99 690/400/99 691/401/99
f 691/401/99 782/401/99 783/400/99
f 782/401/101 691/401/100 704/410/100
f 704/410/100 781/410/101 782/401/101
f 773/425/98 669/385/98 670/386/98
f 670/386/98 710/417/98 773/425/98
f 757/430/98 756/431/98 773/425/98
f 773/425/98 772/423/98 757/430/98
f 668/384/98 756/431/98 709/414/98
f 709/414/98 671/387/98 668/384/98
f 757/430/98 677/391/98 678/392/98
f 678/392/98 758/429/98 757/430/98
f 676/390/98 772/423/98 775/421/98
f 775/421/98 679/393/98 676/390/98
f 759/428/98 758/429/98 775/421/98
f 775/421/98 774/420/98 759/428/98
f 759/428/98 693/403/98 694/404/98
f 694/404/98 754/415/98 759/428/98
f 692/402/98 774/420/98 755/416/98
f 755/416/98 695/405/98 692/402/98
f 710/417/98 670/386/98 671/387/98
f 671/387/98 709/414/98 710/417/98
f 682/395/98 775/423/98 772/421/98
f 772/421/98 681/394/98 682/395/98
f 680/394/98 716/421/98 718/423/98
f 718/423/98 683/395/98 680/394/98
f 754/415/98 694/404/98 695/405/98
f 695/405/98 755/416/98 754/415/98
f 741/418/97 724/382/97 725/383/97
f 725/383/97 711/419/97 741/418/97
f 726/396/97 724/382/97 741/418/97
f 741/418/97 743/422/97 726/396/97
f 761/397/97 726/396/97 743/422/97
f 743/422/97 745/424/97 761/397/97
f 763/408/97 761/397/97 745/424/97
f 745/424/97 747/426/97 763/408/97
f 711/419/97 725/383/97 752/383/97
f 752/383/97 713/419/97 711/419/97
f 712/418/97 713/419/97 752/383/97
f 752/383/97 751/382/97 712/418/97
f 717/422/97 712/418/97 751/382/97
f 751/382/97 753/396/97 717/422/97
f 719/424/97 717/422/97 753/396/97
f 753/396/97 760/397/97 719/424/97
f 721/426/97 719/424/97 760/397/97
f 760/397/97 762/408/97 721/426/97
f 728/409/97 763/408/97 747/426/97
f 747/426/97 749/427/97 728/409/97
f 723/427/97 721/426/97 762/408/97
f 762/408/97 727/409/97 723/427/97
f 728/409/97 749/427/97 723/427/97
f 723/427/97 727/409/97 728/409/97

g Window2
v -15.58392 21.51508 9.615628
v -15.58392 19.47196 9.615628
v -15.58392 19.47196 7.952559
v -15.58392 21.51508 7.952559
v -15.59004 21.51306 7.710894
v -15.59004 19.46788 7.710894
v -15.59004 19.46788 6.053339
v -15.59004 21.51306 6.053339
v -15.47185 21.51407 9.633229
v -15.47185 21.51407 7.958073
v -15.47185 19.46516 7.958073
v -15.47185 19.46516 9.63323
v -15.47185 21.51407 7.716408
v -15.47185 21.51407 6.039815
v -15.47185 19.46516 6.039815
v -15.47185 19.46516 7.716409
v -15.47185 21.70264 7.958073
v -15.47185 21.70264 9.633229
v -15.47185 23.80868 9.633229
v -15.47185 23.80868 7.958072
v -15.47185 21.70264 6.039815
v -15.47185 21.70264 7.716408
v -15.47185 23.80868 7.716408
v -15.47185 23.80868 6.039815
v -15.59004 21.70159 7.710894
v -15.59004 21.70159 6.053339
v -15.59004 23.80969 6.053338
v -15.59004 23.80969 7.710894
v -15.58392 21.70362 9.615628
v -15.58392 21.70362 7.952559
v -15.58392 23.80766 7.952558
v -15.58392 23.80766 9.615628
v -15.47185 23.99718 7.958072
v -15.47185 23.99718 9.633229
v -15.47185 26.04612 9.633229
v -15.47185 26.04612 7.958072
v -15.47185 23.99718 6.039815
v -15.47185 23.99718 7.716408
v -15.47185 26.04612 7.716408
v -15.47185 26.04612 6.039814
v -15.59004 23.99822 7.710894
v -15.59004 23.99822 6.053338
v -15.59004 26.0434 6.053338
v -15.59004 26.0434 7.710893
v -15.58392 23.9962 9.615628
v -15.58392 23.9962 7.952558
v -15.58392 26.03932 7.952558
v -15.58392 26.03932 9.615627
v -15.74204 19.1555 9.94289
v -15.47185 19.1555 9.94289
v -15.47185 19.1555 7.830093
v -15.74204 19.1555 7.830093
v -15.74204 21.51407 5.730155
v -15.74204 19.1555 5.730155
v -15.47185 19.1555 5.730155
v -15.47185 21.51407 5.730155
v -15.47185 21.7026 5.730155
v -15.74204 21.7026 5.730155
v -15.47185 23.80868 5.730155
v -15.74204 23.80868 5.730155
v -15.47185 23.99721 5.730155
v -15.74204 23.99721 5.730155
v -15.47185 26.35578 5.730154
v -15.74204 26.35578 5.730154
v -15.74204 21.51306 7.710894
v -15.74204 19.46788 7.710894
v -15.74204 21.70159 7.710894
v -15.74204 26.0434 6.053338
v -15.74204 26.0434 7.710893
v -15.74204 21.51407 9.94289
v -15.74204 19.47196 9.615628
v -15.74204 21.51508 9.615628
v -15.74204 21.70362 9.615628
v -15.74204 21.7026 9.94289
v -15.74204 23.80766 9.615628
v -15.74204 23.80868 9.942889
v -15.74204 23.9962 9.615628
v -15.74204 23.99721 9.942889
v -15.74204 26.03932 9.615627
v -15.74204 26.35578 9.942889
v -15.74204 19.47196 7.952559
v -15.74204 21.51406 7.830093
v -15.74204 21.51508 7.952559
v -15.74204 21.70261 7.830093
v -15.74204 21.70362 7.952558
v -15.74204 23.80867 7.830093
v -15.74204 23.80766 7.952558
v -15.74204 23.99722 7.830093
v -15.74204 23.9962 7.952558
v -15.74204 26.35578 7.830092
v -15.74204 26.03932 7.952558
v -15.74204 21.51306 6.053339
v -15.74204 19.46788 6.053339
v -15.74204 21.70159 6.053339
v -15.47185 26.35578 9.942889
v -15.47185 26.35578 7.830093
v -15.47185 21.51407 9.94289
v -15.47185 21.7026 9.94289
v -15.47185 23.80868 9.942889
v -15.47185 23.99721 9.942889
v -15.74204 23.80969 6.053338
v -15.74204 23.80969 7.710894
v -15.74204 23.99822 6.053338
v -15.74204 23.99822 7.710894
v -15.74034 21.51508 9.615628
v -15.74034 21.51508 7.952559
v -15.74034 21.70362 7.952558
v -15.74034 21.70362 9.615628
v -15.74072 21.51306 7.710894
v -15.74072 21.51306 6.053339
v -15.74072 21.70159 6.053339
v -15.74072 21.70159 7.710894
v -15.47185 21.7026 7.830093
v -15.47185 21.51407 7.830093
v -15.47185 23.99721 7.830093
v -15.47185 23.80868 7.830093
v -15.74945 23.99822 6.053338
v -15.74945 23.99822 7.710894
v -15.74945 23.80969 7.710894
v -15.74945 23.80969 6.053338
v -15.73462 23.9962 7.952558
v -15.73462 23.9962 9.615628
v -15.73462 23.80766 9.615628
v -15.73462 23.80766 7.952558

vt 0.3344201 0.5185274
vt 0.03705478 0.5185274
vt 0.03705478 0.9814726
vt 0.3344201 0.9814726
vt 0.3321317 0
vt 0.03060679 0
vt 0.7273681 0.5702567
vt 0.7273681 0.9297433
vt 0.9495887 0.9297433
vt 0.9495887 0.5702567
vt 0.2726319 1
vt 0.05041134 1
vt 0.6059651 0.9297433
vt 0.6059651 0.5702567
vt 0.3940348 0.5702567
vt 0.3940348 0.9297433
vt 0.3940348 1
vt 0.6059651 1
vt 0.3531894 0
vt 0.6468106 0
vt 0.3552188 0.5185274
vt 0.3552188 0.9814726
vt 0.6447812 0.9814726
vt 0.6447812 0.5185274
vt 0.2726319 0.9297433
vt 0.2726319 0.5702567
vt 0.05041134 0.5702567
vt 0.05041134 0.9297433
vt 0.7273681 1
vt 0.9495885 1
vt 0.6678681 0
vt 0.9693931 0
vt 0.6655799 0.5185274
vt 0.6655799 0.9814726
vt 0.9629452 0.9814726
vt 0.9629452 0.5185274
vt 1 0.5
vt 0 0.5
vt 0 1
vt 1 1
vt 0.3230432 0
vt 0 0
vt 0.3230432 1
vt 0.3436235 1
vt 0.3436235 0
vt 0.6563765 1
vt 0.6563765 0
vt 0.6769568 1
vt 0.6769568 0
vt 1 0
vt 0.3230432 0.5
vt 0.3436235 0.5
vt 0.6563765 0.5
vt 0.6769568 0.5
vt 0.3456849 0.5185274
vt 0.3456849 0.9814726
vt 0.6543151 0.9814726
vt 0.6543151 0.5185274
vt 0.3333333 1
vt 0.6666667 1

vn -10 6.123234E-16 -1.192093E-06
vn 10 -6.123234E-16 1.192093E-06
vn -1.427209E-13 -10 1.192093E-06
vn 1.192093E-06 -1.192093E-06 -10
vn -1.192093E-06 1.192093E-06 10
vn 1.427209E-13 10 -1.192093E-06

usemtl Glass.1
f 787/441/103 786/440/103 785/439/103 784/438/103
f 791/442/103 790/443/103 789/443/103 788/442/103
f 795/447/104 794/446/104 793/445/104 792/444/104
f 799/449/104 798/449/104 797/448/104 796/448/104
f 803/453/104 802/452/104 801/451/104 800/450/104
f 807/455/104 806/455/104 805/454/104 804/454/104
f 811/457/103 810/457/103 809/456/103 808/456/103
f 815/461/103 814/460/103 813/459/103 812/458/103
f 819/465/104 818/464/104 817/463/104 816/462/104
f 823/467/104 822/467/104 821/466/104 820/466/104
f 827/469/103 826/469/103 825/468/103 824/468/103
f 831/473/103 830/472/103 829/471/103 828/470/103

usemtl white
f 808/482/106 788/442/106 848/442/106
f 850/482/106 808/482/106 848/442/106
f 877/482/106 875/442/106 791/442/106
f 809/482/106 877/482/106 791/442/106
f 892/442/106 788/442/106 808/482/106
f 895/482/106 892/442/106 808/482/106
f 894/482/106 809/482/106 791/442/106
f 893/442/106 894/482/106 791/442/106
f 880/491/106 792/444/106 793/445/106
f 897/485/106 880/491/106 793/445/106
f 897/480/106 796/448/106 797/448/106
f 839/480/106 897/480/106 797/448/106
f 882/489/106 802/452/106 803/453/106
f 899/481/106 882/489/106 803/453/106
f 896/483/104 800/450/104 801/451/104
f 881/490/104 896/483/104 801/451/104
f 896/481/104 840/481/104 805/454/104
f 840/481/104 804/454/104 805/454/104
f 899/483/106 806/455/106 807/455/106
f 842/483/106 899/483/106 807/455/106
f 898/480/104 816/462/104 817/463/104
f 883/488/104 898/480/104 817/463/104
f 844/485/104 820/466/104 821/466/104
f 898/485/104 844/485/104 821/466/104
f 834/476/105 833/475/105 832/474/105
f 832/474/105 835/477/105 834/476/105
f 838/476/106 837/479/106 836/478/106
f 836/478/106 839/480/106 838/476/106
f 840/481/106 839/480/106 836/478/106
f 836/478/106 841/482/106 840/481/106
f 842/483/106 840/481/106 841/482/106
f 841/482/106 843/484/106 842/483/106
f 844/485/106 842/483/106 843/484/106
f 843/484/106 845/486/106 844/485/106
f 846/477/106 844/485/106 845/486/106
f 845/486/106 847/487/106 846/477/106
f 789/443/106 849/443/106 848/442/106
f 848/442/106 788/442/106 789/443/106
f 827/469/105 852/469/105 851/469/105
f 851/469/105 826/469/105 827/469/105
f 854/439/103 832/475/103 853/488/103
f 853/488/103 855/438/103 854/439/103
f 856/458/103 855/438/103 853/488/103
f 853/488/103 857/489/103 856/458/103
f 858/461/103 856/458/103 857/489/103
f 857/489/103 859/490/103 858/461/103
f 860/470/103 858/461/103 859/490/103
f 859/490/103 861/491/103 860/470/103
f 862/473/103 860/470/103 861/491/103
f 861/491/103 863/474/103 862/473/103
f 864/440/103 835/476/103 832/475/103
f 832/475/103 854/439/103 864/440/103
f 865/480/103 835/476/103 864/440/103
f 864/440/103 866/441/103 865/480/103
f 867/481/103 865/480/103 866/441/103
f 866/441/103 868/459/103 867/481/103
f 869/483/103 867/481/103 868/459/103
f 868/459/103 870/460/103 869/483/103
f 871/485/103 869/483/103 870/460/103
f 870/460/103 872/471/103 871/485/103
f 873/477/103 871/485/103 872/471/103
f 872/471/103 874/472/103 873/477/103
f 862/473/103 863/474/103 873/477/103
f 873/477/103 874/472/103 862/473/103
f 838/476/105 834/476/105 835/479/105
f 835/479/105 837/479/105 838/476/105
f 875/442/107 876/443/107 790/443/107
f 790/443/107 791/442/107 875/442/107
f 790/443/108 876/443/108 849/443/108
f 849/443/108 789/443/108 790/443/108
f 785/439/106 854/439/106 855/438/106
f 855/438/106 784/438/106 785/439/106
f 812/492/106 784/438/106 855/438/106
f 855/438/106 856/492/106 812/492/106
f 831/473/105 862/473/105 874/472/105
f 874/472/105 830/472/105 831/473/105
f 866/441/107 864/440/107 786/440/107
f 786/440/107 787/441/107 866/441/107
f 868/493/107 866/441/107 787/441/107
f 787/441/107 813/493/107 868/493/107
f 786/440/108 864/440/108 854/439/108
f 854/439/108 785/439/108 786/440/108
f 873/477/108 863/476/108 878/479/108
f 878/479/108 879/487/108 873/477/108
f 847/477/108 873/476/108 879/479/108
f 879/479/108 846/487/108 847/477/108
f 853/486/107 832/487/107 833/477/107
f 833/477/107 880/485/107 853/486/107
f 857/484/107 853/486/107 880/485/107
f 880/485/107 881/483/107 857/484/107
f 859/482/107 857/484/107 881/483/107
f 881/483/107 882/481/107 859/482/107
f 861/478/107 859/482/107 882/481/107
f 882/481/107 883/480/107 861/478/107
f 863/479/107 861/478/107 883/480/107
f 883/480/107 878/476/107 863/479/107
f 884/457/107 877/456/107 809/456/107
f 809/456/107 810/457/107 884/457/107
f 811/457/106 808/456/106 850/456/106
f 850/456/106 885/457/106 811/457/106
f 870/460/107 868/459/107 813/459/107
f 813/459/107 814/460/107 870/460/107
f 815/461/106 812/458/106 856/458/106
f 856/458/106 858/461/106 815/461/106
f 825/468/107 826/469/107 851/469/107
f 851/469/107 886/468/107 825/468/107
f 810/484/107 825/468/107 886/468/107
f 886/468/107 884/484/107 810/484/107
f 887/468/106 852/469/106 827/469/106
f 827/469/106 824/468/106 887/468/106
f 885/484/106 887/468/106 824/468/106
f 824/468/106 811/484/106 885/484/106
f 829/471/107 830/472/107 874/472/107
f 874/472/107 872/471/107 829/471/107
f 814/494/107 829/471/107 872/471/107
f 872/471/107 870/494/107 814/494/107
f 860/470/106 862/473/106 831/473/106
f 831/473/106 828/470/106 860/470/106
f 858/495/106 860/470/106 828/470/106
f 828/470/106 815/495/106 858/495/106
f 890/459/103 889/441/103 888/438/103
f 888/438/103 891/458/103 890/459/103
f 894/482/103 893/442/103 892/442/103
f 892/442/103 895/482/103 894/482/103
f 839/480/104 840/496/104 896/496/104
f 896/496/104 897/480/104 839/480/104
f 839/480/104 797/448/104 798/449/104
f 798/449/104 838/476/104 839/480/104
f 838/476/104 798/449/104 799/449/104
f 799/449/104 834/476/104 838/476/104
f 796/448/104 897/480/104 834/476/104
f 834/476/104 799/449/104 796/448/104
f 898/485/104 899/497/104 842/497/104
f 842/497/104 844/485/104 898/485/104
f 898/485/104 821/466/104 822/467/104
f 822/467/104 879/477/104 898/485/104
f 879/477/104 822/467/104 823/467/104
f 823/467/104 846/477/104 879/477/104
f 820/466/104 844/485/104 846/477/104
f 846/477/104 823/467/104 820/466/104
f 902/484/103 901/468/103 900/468/103
f 900/468/103 903/484/103 902/484/103
f 906/461/103 905/470/103 904/471/103
f 904/471/103 907/460/103 906/461/103
f 889/441/105 787/441/105 784/438/105
f 784/438/105 888/438/105 889/441/105
f 888/438/107 784/438/106 812/458/106
f 812/458/106 891/458/107 888/438/107
f 891/458/108 812/458/108 813/459/108
f 813/459/108 890/459/108 891/458/108
f 890/459/106 813/459/107 787/441/107
f 787/441/107 889/441/106 890/459/106
f 893/442/105 791/442/105 788/442/105
f 788/442/105 892/442/105 893/442/105
f 895/482/108 808/482/108 809/482/108
f 809/482/108 894/482/108 895/482/108
f 901/468/108 824/468/108 825/468/108
f 825/468/108 900/468/108 901/468/108
f 900/468/106 825/468/107 810/484/107
f 810/484/107 903/484/106 900/468/106
f 903/484/105 810/484/105 811/484/105
f 811/484/105 902/484/105 903/484/105
f 902/484/107 811/484/106 824/468/106
f 824/468/106 901/468/107 902/484/107
f 905/470/108 828/470/108 829/471/108
f 829/471/108 904/471/108 905/470/108
f 904/471/106 829/471/107 814/460/107
f 814/460/107 907/460/106 904/471/106
f 907/460/105 814/460/105 815/461/105
f 815/461/105 906/461/105 907/460/105
f 906/461/107 815/461/106 828/470/106
f 828/470/106 905/470/107 906/461/107
f 897/485/104 793/445/104 794/446/104
f 794/446/104 834/477/104 897/485/104
f 881/490/104 880/491/104 897/485/104
f 897/485/104 896/483/104 881/490/104
f 792/444/104 880/491/104 833/474/104
f 833/474/104 795/447/104 792/444/104
f 881/490/104 801/451/104 802/452/104
f 802/452/104 882/489/104 881/490/104
f 800/450/104 896/483/104 899/481/104
f 899/481/104 803/453/104 800/450/104
f 883/488/104 882/489/104 899/481/104
f 899/481/104 898/480/104 883/488/104
f 883/488/104 817/463/104 818/464/104
f 818/464/104 878/475/104 883/488/104
f 816/462/104 898/480/104 879/476/104
f 879/476/104 819/465/104 816/462/104
f 834/477/104 794/446/104 795/447/104
f 795/447/104 833/474/104 834/477/104
f 806/455/104 899/483/104 896/481/104
f 896/481/104 805/454/104 806/455/104
f 804/454/104 840/481/104 842/483/104
f 842/483/104 807/455/104 804/454/104
f 878/475/104 818/464/104 819/465/104
f 819/465/104 879/476/104 878/475/104
f 865/478/103 848/442/103 849/443/103
f 849/443/103 835/479/103 865/478/103
f 850/456/103 848/442/103 865/478/103
f 865/478/103 867/482/103 850/456/103
f 885/457/103 850/456/103 867/482/103
f 867/482/103 869/484/103 885/457/103
f 887/468/103 885/457/103 869/484/103
f 869/484/103 871/486/103 887/468/103
f 835/479/103 849/443/103 876/443/103
f 876/443/103 837/479/103 835/479/103
f 836/478/103 837/479/103 876/443/103
f 876/443/103 875/442/103 836/478/103
f 841/482/103 836/478/103 875/442/103
f 875/442/103 877/456/103 841/482/103
f 843/484/103 841/482/103 877/456/103
f 877/456/103 884/457/103 843/484/103
f 845/486/103 843/484/103 884/457/103
f 884/457/103 886/468/103 845/486/103
f 852/469/103 887/468/103 871/486/103
f 871/486/103 873/487/103 852/469/103
f 847/487/103 845/486/103 886/468/103
f 886/468/103 851/469/103 847/487/103
f 852/469/103 873/487/103 847/487/103
f 847/487/103 851/469/103 852/469/103

g Window3
v -15.58391 21.51508 -3.14812
v -15.58391 19.47196 -3.14812
v -15.58391 19.47196 -4.81119
v -15.58391 21.51508 -4.81119
v -15.59003 21.51306 -5.052854
v -15.59003 19.46788 -5.052854
v -15.59003 19.46788 -6.71041
v -15.59003 21.51306 -6.71041
v -15.47184 21.51407 -3.130519
v -15.47184 21.51407 -4.805676
v -15.47184 19.46516 -4.805676
v -15.47184 19.46516 -3.130518
v -15.47184 21.51407 -5.04734
v -15.47184 21.51407 -6.723933
v -15.47184 19.46516 -6.723933
v -15.47184 19.46516 -5.047339
v -15.47184 21.70264 -4.805676
v -15.47184 21.70264 -3.130519
v -15.47184 23.80868 -3.130519
v -15.47184 23.80868 -4.805676
v -15.47184 21.70264 -6.723933
v -15.47184 21.70264 -5.04734
v -15.47184 23.80868 -5.04734
v -15.47184 23.80868 -6.723933
v -15.59003 21.70159 -5.052854
v -15.59003 21.70159 -6.71041
v -15.59003 23.80969 -6.71041
v -15.59003 23.80969 -5.052855
v -15.58391 21.70362 -3.14812
v -15.58391 21.70362 -4.81119
v -15.58391 23.80766 -4.81119
v -15.58391 23.80766 -3.14812
v -15.47184 23.99718 -4.805676
v -15.47184 23.99718 -3.130519
v -15.47184 26.04612 -3.130519
v -15.47184 26.04612 -4.805676
v -15.47184 23.99718 -6.723933
v -15.47184 23.99718 -5.04734
v -15.47184 26.04612 -5.04734
v -15.47184 26.04612 -6.723934
v -15.59003 23.99822 -5.052855
v -15.59003 23.99822 -6.71041
v -15.59003 26.0434 -6.71041
v -15.59003 26.0434 -5.052855
v -15.58391 23.9962 -3.14812
v -15.58391 23.9962 -4.81119
v -15.58391 26.03932 -4.811191
v -15.58391 26.03932 -3.14812
v -15.74203 19.1555 -2.820858
v -15.47184 19.1555 -2.820858
v -15.47184 19.1555 -4.933655
v -15.74203 19.1555 -4.933655
v -15.74203 21.51407 -7.033593
v -15.74203 19.1555 -7.033593
v -15.47184 19.1555 -7.033593
v -15.47184 21.51407 -7.033593
v -15.47184 21.7026 -7.033593
v -15.74203 21.7026 -7.033593
v -15.47184 23.80868 -7.033594
v -15.74203 23.80868 -7.033594
v -15.47184 23.99721 -7.033594
v -15.74203 23.99721 -7.033594
v -15.47184 26.35578 -7.033594
v -15.74203 26.35578 -7.033594
v -15.74203 21.51306 -5.052854
v -15.74203 19.46788 -5.052854
v -15.74203 21.70159 -5.052854
v -15.74203 26.0434 -6.71041
v -15.74203 26.0434 -5.052855
v -15.74203 21.51407 -2.820858
v -15.74203 19.47196 -3.14812
v -15.74203 21.51508 -3.14812
v -15.74203 21.70362 -3.14812
v -15.74203 21.7026 -2.820858
v -15.74203 23.80766 -3.14812
v -15.74203 23.80868 -2.820859
v -15.74203 23.9962 -3.14812
v -15.74203 23.99721 -2.820859
v -15.74203 26.03932 -3.14812
v -15.74203 26.35578 -2.820859
v -15.74203 19.47196 -4.81119
v -15.74203 21.51406 -4.933655
v -15.74203 21.51508 -4.81119
v -15.74203 21.70261 -4.933655
v -15.74203 21.70362 -4.81119
v -15.74203 23.80867 -4.933655
v -15.74203 23.80766 -4.81119
v -15.74203 23.99722 -4.933655
v -15.74203 23.9962 -4.81119
v -15.74203 26.35578 -4.933656
v -15.74203 26.03932 -4.811191
v -15.74203 21.51306 -6.71041
v -15.74203 19.46788 -6.71041
v -15.74203 21.70159 -6.71041
v -15.47184 26.35578 -2.820859
v -15.47184 26.35578 -4.933655
v -15.47184 21.51407 -2.820858
v -15.47184 21.7026 -2.820858
v -15.47184 23.80868 -2.820859
v -15.47184 23.99721 -2.820859
v -15.74203 23.80969 -6.71041
v -15.74203 23.80969 -5.052855
v -15.74203 23.99822 -6.71041
v -15.74203 23.99822 -5.052855
v -15.74034 21.51508 -3.14812
v -15.74034 21.51508 -4.81119
v -15.74034 21.70362 -4.81119
v -15.74034 21.70362 -3.14812
v -15.74071 21.51306 -5.052854
v -15.74071 21.51306 -6.71041
v -15.74071 21.70159 -6.71041
v -15.74071 21.70159 -5.052854
v -15.47184 21.7026 -4.933655
v -15.47184 21.51407 -4.933655
v -15.47184 23.99721 -4.933655
v -15.47184 23.80868 -4.933655
v -15.74944 23.99822 -6.71041
v -15.74944 23.99822 -5.052855
v -15.74944 23.80969 -5.052855
v -15.74944 23.80969 -6.71041
v -15.73461 23.9962 -4.81119
v -15.73461 23.9962 -3.14812
v -15.73461 23.80766 -3.14812
v -15.73461 23.80766 -4.81119

vt 0.3344201 0.5185274
vt 0.03705478 0.5185274
vt 0.03705478 0.9814726
vt 0.3344201 0.9814726
vt 0.3321317 0
vt 0.03060679 0
vt 0.7273681 0.5702567
vt 0.7273681 0.9297433
vt 0.9495887 0.9297433
vt 0.9495887 0.5702567
vt 0.2726319 1
vt 0.05041134 1
vt 0.6059651 0.9297433
vt 0.6059651 0.5702567
vt 0.3940348 0.5702567
vt 0.3940348 0.9297433
vt 0.3940348 1
vt 0.6059651 1
vt 0.3531894 0
vt 0.6468106 0
vt 0.3552188 0.5185274
vt 0.3552188 0.9814726
vt 0.6447812 0.9814726
vt 0.6447812 0.5185274
vt 0.2726319 0.9297433
vt 0.2726319 0.5702567
vt 0.05041134 0.5702567
vt 0.05041134 0.9297433
vt 0.7273681 1
vt 0.9495885 1
vt 0.6678681 0
vt 0.9693931 0
vt 0.6655799 0.5185274
vt 0.6655799 0.9814726
vt 0.9629452 0.9814726
vt 0.9629452 0.5185274
vt 1 0.5
vt 0 0.5
vt 0 1
vt 1 1
vt 0.3230432 0
vt 0 0
vt 0.3230432 1
vt 0.3436235 1
vt 0.3436235 0
vt 0.6563765 1
vt 0.6563765 0
vt 0.6769568 1
vt 0.6769568 0
vt 1 0
vt 0.3230432 0.5
vt 0.3436235 0.5
vt 0.6563765 0.5
vt 0.6769568 0.5
vt 0.3456849 0.5185274
vt 0.3456849 0.9814726
vt 0.6543151 0.9814726
vt 0.6543151 0.5185274
vt 0.3333333 1
vt 0.6666667 1

vn -10 6.123234E-16 -1.192093E-06
vn 10 -6.123234E-16 1.192093E-06
vn -1.427209E-13 -10 1.192093E-06
vn 1.192093E-06 -1.192093E-06 -10
vn -1.192093E-06 1.192093E-06 10
vn 1.427209E-13 10 -1.192093E-06

usemtl Glass.1
f 911/501/109 910/500/109 909/499/109 908/498/109
f 915/502/109 914/503/109 913/503/109 912/502/109
f 919/507/110 918/506/110 917/505/110 916/504/110
f 923/509/110 922/509/110 921/508/110 920/508/110
f 927/513/110 926/512/110 925/511/110 924/510/110
f 931/515/110 930/515/110 929/514/110 928/514/110
f 935/517/109 934/517/109 933/516/109 932/516/109
f 939/521/109 938/520/109 937/519/109 936/518/109
f 943/525/110 942/524/110 941/523/110 940/522/110
f 947/527/110 946/527/110 945/526/110 944/526/110
f 951/529/109 950/529/109 949/528/109 948/528/109
f 955/533/109 954/532/109 953/531/109 952/530/109

usemtl white
f 932/542/112 912/502/112 972/502/112
f 974/542/112 932/542/112 972/502/112
f 1001/542/112 999/502/112 915/502/112
f 933/542/112 1001/542/112 915/502/112
f 1016/502/112 912/502/112 932/542/112
f 1019/542/112 1016/502/112 932/542/112
f 1018/542/112 933/542/112 915/502/112
f 1017/502/112 1018/542/112 915/502/112
f 1004/551/112 916/504/112 917/505/112
f 1021/545/112 1004/551/112 917/505/112
f 1021/540/112 920/508/112 921/508/112
f 963/540/112 1021/540/112 921/508/112
f 1006/549/112 926/512/112 927/513/112
f 1023/541/112 1006/549/112 927/513/112
f 1020/543/110 924/510/110 925/511/110
f 1005/550/110 1020/543/110 925/511/110
f 1020/541/110 964/541/110 929/514/110
f 964/541/110 928/514/110 929/514/110
f 1023/543/112 930/515/112 931/515/112
f 966/543/112 1023/543/112 931/515/112
f 1022/540/110 940/522/110 941/523/110
f 1007/548/110 1022/540/110 941/523/110
f 968/545/110 944/526/110 945/526/110
f 1022/545/110 968/545/110 945/526/110
f 958/536/111 957/535/111 956/534/111
f 956/534/111 959/537/111 958/536/111
f 962/536/112 961/539/112 960/538/112
f 960/538/112 963/540/112 962/536/112
f 964/541/112 963/540/112 960/538/112
f 960/538/112 965/542/112 964/541/112
f 966/543/112 964/541/112 965/542/112
f 965/542/112 967/544/112 966/543/112
f 968/545/112 966/543/112 967/544/112
f 967/544/112 969/546/112 968/545/112
f 970/537/112 968/545/112 969/546/112
f 969/546/112 971/547/112 970/537/112
f 913/503/112 973/503/112 972/502/112
f 972/502/112 912/502/112 913/503/112
f 951/529/111 976/529/111 975/529/111
f 975/529/111 950/529/111 951/529/111
f 978/499/109 956/535/109 977/548/109
f 977/548/109 979/498/109 978/499/109
f 980/518/109 979/498/109 977/548/109
f 977/548/109 981/549/109 980/518/109
f 982/521/109 980/518/109 981/549/109
f 981/549/109 983/550/109 982/521/109
f 984/530/109 982/521/109 983/550/109
f 983/550/109 985/551/109 984/530/109
f 986/533/109 984/530/109 985/551/109
f 985/551/109 987/534/109 986/533/109
f 988/500/109 959/536/109 956/535/109
f 956/535/109 978/499/109 988/500/109
f 989/540/109 959/536/109 988/500/109
f 988/500/109 990/501/109 989/540/109
f 991/541/109 989/540/109 990/501/109
f 990/501/109 992/519/109 991/541/109
f 993/543/109 991/541/109 992/519/109
f 992/519/109 994/520/109 993/543/109
f 995/545/109 993/543/109 994/520/109
f 994/520/109 996/531/109 995/545/109
f 997/537/109 995/545/109 996/531/109
f 996/531/109 998/532/109 997/537/109
f 986/533/109 987/534/109 997/537/109
f 997/537/109 998/532/109 986/533/109
f 962/536/111 958/536/111 959/539/111
f 959/539/111 961/539/111 962/536/111
f 999/502/113 1000/503/113 914/503/113
f 914/503/113 915/502/113 999/502/113
f 914/503/114 1000/503/114 973/503/114
f 973/503/114 913/503/114 914/503/114
f 909/499/112 978/499/112 979/498/112
f 979/498/112 908/498/112 909/499/112
f 936/552/112 908/498/112 979/498/112
f 979/498/112 980/552/112 936/552/112
f 955/533/111 986/533/111 998/532/111
f 998/532/111 954/532/111 955/533/111
f 990/501/113 988/500/113 910/500/113
f 910/500/113 911/501/113 990/501/113
f 992/553/113 990/501/113 911/501/113
f 911/501/113 937/553/113 992/553/113
f 910/500/114 988/500/114 978/499/114
f 978/499/114 909/499/114 910/500/114
f 997/537/114 987/536/114 1002/539/114
f 1002/539/114 1003/547/114 997/537/114
f 971/537/114 997/536/114 1003/539/114
f 1003/539/114 970/547/114 971/537/114
f 977/546/113 956/547/113 957/537/113
f 957/537/113 1004/545/113 977/546/113
f 981/544/113 977/546/113 1004/545/113
f 1004/545/113 1005/543/113 981/544/113
f 983/542/113 981/544/113 1005/543/113
f 1005/543/113 1006/541/113 983/542/113
f 985/538/113 983/542/113 1006/541/113
f 1006/541/113 1007/540/113 985/538/113
f 987/539/113 985/538/113 1007/540/113
f 1007/540/113 1002/536/113 987/539/113
f 1008/517/113 1001/516/113 933/516/113
f 933/516/113 934/517/113 1008/517/113
f 935/517/112 932/516/112 974/516/112
f 974/516/112 1009/517/112 935/517/112
f 994/520/113 992/519/113 937/519/113
f 937/519/113 938/520/113 994/520/113
f 939/521/112 936/518/112 980/518/112
f 980/518/112 982/521/112 939/521/112
f 949/528/113 950/529/113 975/529/113
f 975/529/113 1010/528/113 949/528/113
f 934/544/113 949/528/113 1010/528/113
f 1010/528/113 1008/544/113 934/544/113
f 1011/528/112 976/529/112 951/529/112
f 951/529/112 948/528/112 1011/528/112
f 1009/544/112 1011/528/112 948/528/112
f 948/528/112 935/544/112 1009/544/112
f 953/531/113 954/532/113 998/532/113
f 998/532/113 996/531/113 953/531/113
f 938/554/113 953/531/113 996/531/113
f 996/531/113 994/554/113 938/554/113
f 984/530/112 986/533/112 955/533/112
f 955/533/112 952/530/112 984/530/112
f 982/555/112 984/530/112 952/530/112
f 952/530/112 939/555/112 982/555/112
f 1014/519/109 1013/501/109 1012/498/109
f 1012/498/109 1015/518/109 1014/519/109
f 1018/542/109 1017/502/109 1016/502/109
f 1016/502/109 1019/542/109 1018/542/109
f 963/540/110 964/556/110 1020/556/110
f 1020/556/110 1021/540/110 963/540/110
f 963/540/110 921/508/110 922/509/110
f 922/509/110 962/536/110 963/540/110
f 962/536/110 922/509/110 923/509/110
f 923/509/110 958/536/110 962/536/110
f 920/508/110 1021/540/110 958/536/110
f 958/536/110 923/509/110 920/508/110
f 1022/545/110 1023/557/110 966/557/110
f 966/557/110 968/545/110 1022/545/110
f 1022/545/110 945/526/110 946/527/110
f 946/527/110 1003/537/110 1022/545/110
f 1003/537/110 946/527/110 947/527/110
f 947/527/110 970/537/110 1003/537/110
f 944/526/110 968/545/110 970/537/110
f 970/537/110 947/527/110 944/526/110
f 1026/544/109 1025/528/109 1024/528/109
f 1024/528/109 1027/544/109 1026/544/109
f 1030/521/109 1029/530/109 1028/531/109
f 1028/531/109 1031/520/109 1030/521/109
f 1013/501/111 911/501/111 908/498/111
f 908/498/111 1012/498/111 1013/501/111
f 1012/498/113 908/498/112 936/518/112
f 936/518/112 1015/518/113 1012/498/113
f 1015/518/114 936/518/114 937/519/114
f 937/519/114 1014/519/114 1015/518/114
f 1014/519/112 937/519/113 911/501/113
f 911/501/113 1013/501/112 1014/519/112
f 1017/502/111 915/502/111 912/502/111
f 912/502/111 1016/502/111 1017/502/111
f 1019/542/114 932/542/114 933/542/114
f 933/542/114 1018/542/114 1019/542/114
f 1025/528/114 948/528/114 949/528/114
f 949/528/114 1024/528/114 1025/528/114
f 1024/528/112 949/528/113 934/544/113
f 934/544/113 1027/544/112 1024/528/112
f 1027/544/111 934/544/111 935/544/111
f 935/544/111 1026/544/111 1027/544/111
f 1026/544/113 935/544/112 948/528/112
f 948/528/112 1025/528/113 1026/544/113
f 1029/530/114 952/530/114 953/531/114
f 953/531/114 1028/531/114 1029/530/114
f 1028/531/112 953/531/113 938/520/113
f 938/520/113 1031/520/112 1028/531/112
f 1031/520/111 938/520/111 939/521/111
f 939/521/111 1030/521/111 1031/520/111
f 1030/521/113 939/521/112 952/530/112
f 952/530/112 1029/530/113 1030/521/113
f 1021/545/110 917/505/110 918/506/110
f 918/506/110 958/537/110 1021/545/110
f 1005/550/110 1004/551/110 1021/545/110
f 1021/545/110 1020/543/110 1005/550/110
f 916/504/110 1004/551/110 957/534/110
f 957/534/110 919/507/110 916/504/110
f 1005/550/110 925/511/110 926/512/110
f 926/512/110 1006/549/110 1005/550/110
f 924/510/110 1020/543/110 1023/541/110
f 1023/541/110 927/513/110 924/510/110
f 1007/548/110 1006/549/110 1023/541/110
f 1023/541/110 1022/540/110 1007/548/110
f 1007/548/110 941/523/110 942/524/110
f 942/524/110 1002/535/110 1007/548/110
f 940/522/110 1022/540/110 1003/536/110
f 1003/536/110 943/525/110 940/522/110
f 958/537/110 918/506/110 919/507/110
f 919/507/110 957/534/110 958/537/110
f 930/515/110 1023/543/110 1020/541/110
f 1020/541/110 929/514/110 930/515/110
f 928/514/110 964/541/110 966/543/110
f 966/543/110 931/515/110 928/514/110
f 1002/535/110 942/524/110 943/525/110
f 943/525/110 1003/536/110 1002/535/110
f 989/538/109 972/502/109 973/503/109
f 973/503/109 959/539/109 989/538/109
f 974/516/109 972/502/109 989/538/109
f 989/538/109 991/542/109 974/516/109
f 1009/517/109 974/516/109 991/542/109
f 991/542/109 993/544/109 1009/517/109
f 1011/528/109 1009/517/109 993/544/109
f 993/544/109 995/546/109 1011/528/109
f 959/539/109 973/503/109 1000/503/109
f 1000/503/109 961/539/109 959/539/109
f 960/538/109 961/539/109 1000/503/109
f 1000/503/109 999/502/109 960/538/109
f 965/542/109 960/538/109 999/502/109
f 999/502/109 1001/516/109 965/542/109
f 967/544/109 965/542/109 1001/516/109
f 1001/516/109 1008/517/109 967/544/109
f 969/546/109 967/544/109 1008/517/109
f 1008/517/109 1010/528/109 969/546/109
f 976/529/109 1011/528/109 995/546/109
f 995/546/109 997/547/109 976/529/109
f 971/547/109 969/546/109 1010/528/109
f 1010/528/109 975/529/109 971/547/109
f 976/529/109 997/547/109 971/547/109
f 971/547/109 975/529/109 976/529/109

g Window4
v -13.75668 7.911133 -10.50941
v -13.75668 5.86801 -10.50941
v -12.09361 5.86801 -10.50941
v -12.09361 7.911133 -10.50941
v -11.85195 7.909106 -10.51553
v -11.85195 5.863932 -10.51553
v -10.19439 5.863932 -10.51553
v -10.19439 7.909106 -10.51553
v -13.77428 7.91012 -10.39734
v -12.09913 7.91012 -10.39734
v -12.09913 5.861208 -10.39734
v -13.77428 5.861208 -10.39734
v -11.85746 7.91012 -10.39734
v -10.18087 7.91012 -10.39734
v -10.18087 5.861208 -10.39734
v -11.85746 5.861208 -10.39734
v -12.09913 8.098695 -10.39734
v -13.77428 8.098695 -10.39734
v -13.77428 10.20473 -10.39734
v -12.09913 10.20473 -10.39734
v -10.18087 8.098695 -10.39734
v -11.85746 8.098695 -10.39734
v -11.85746 10.20473 -10.39734
v -10.18087 10.20473 -10.39734
v -11.85195 8.097639 -10.51553
v -10.19439 8.097639 -10.51553
v -10.19439 10.20574 -10.51553
v -11.85195 10.20574 -10.51553
v -13.75668 8.099666 -10.50941
v -12.09361 8.099666 -10.50941
v -12.09361 10.20371 -10.50941
v -13.75668 10.20371 -10.50941
v -12.09913 10.39323 -10.39734
v -13.77428 10.39323 -10.39734
v -13.77428 12.44217 -10.39734
v -12.09913 12.44217 -10.39734
v -10.18087 10.39323 -10.39734
v -11.85746 10.39323 -10.39734
v -11.85746 12.44217 -10.39734
v -10.18087 12.44217 -10.39734
v -11.85195 10.39427 -10.51553
v -10.19439 10.39427 -10.51553
v -10.19439 12.43945 -10.51553
v -11.85195 12.43945 -10.51553
v -13.75668 10.39225 -10.50941
v -12.09361 10.39225 -10.50941
v -12.09361 12.43537 -10.50941
v -13.75668 12.43537 -10.50941
v -14.08394 5.551548 -10.66753
v -14.08394 5.551548 -10.39734
v -11.97115 5.551548 -10.39734
v -11.97115 5.551548 -10.66753
v -9.87121 7.91012 -10.66753
v -9.87121 5.551548 -10.66753
v -9.87121 5.551548 -10.39734
v -9.87121 7.91012 -10.39734
v -9.87121 8.098652 -10.39734
v -9.87121 8.098652 -10.66753
v -9.87121 10.20473 -10.39734
v -9.87121 10.20473 -10.66753
v -9.87121 10.39326 -10.39734
v -9.87121 10.39326 -10.66753
v -9.87121 12.75183 -10.39734
v -9.87121 12.75183 -10.66753
v -11.85195 7.909106 -10.66753
v -11.85195 5.863932 -10.66753
v -11.85195 8.097639 -10.66753
v -10.19439 12.43945 -10.66753
v -11.85195 12.43945 -10.66753
v -14.08394 7.91012 -10.66753
v -13.75668 5.86801 -10.66753
v -13.75668 7.911133 -10.66753
v -13.75668 8.099666 -10.66753
v -14.08394 8.098652 -10.66753
v -13.75668 10.20371 -10.66753
v -14.08394 10.20473 -10.66753
v -13.75668 10.39225 -10.66753
v -14.08394 10.39326 -10.66753
v -13.75668 12.43537 -10.66753
v -14.08394 12.75183 -10.66753
v -12.09361 5.86801 -10.66753
v -11.97115 7.910113 -10.66753
v -12.09361 7.911133 -10.66753
v -11.97115 8.098659 -10.66753
v -12.09361 8.099666 -10.66753
v -11.97115 10.20472 -10.66753
v -12.09361 10.20371 -10.66753
v -11.97115 10.39327 -10.66753
v -12.09361 10.39225 -10.66753
v -11.97115 12.75183 -10.66753
v -12.09361 12.43537 -10.66753
v -10.19439 7.909106 -10.66753
v -10.19439 5.863932 -10.66753
v -10.19439 8.097639 -10.66753
v -14.08394 12.75183 -10.39734
v -11.97115 12.75183 -10.39734
v -14.08394 7.91012 -10.39734
v -14.08394 8.098652 -10.39734
v -14.08394 10.20473 -10.39734
v -14.08394 10.39326 -10.39734
v -10.19439 10.20574 -10.66753
v -11.85195 10.20574 -10.66753
v -10.19439 10.39427 -10.66753
v -11.85195 10.39427 -10.66753
v -13.75668 7.911133 -10.66583
v -12.09361 7.911133 -10.66583
v -12.09361 8.099666 -10.66583
v -13.75668 8.099666 -10.66583
v -11.85195 7.909106 -10.66621
v -10.19439 7.909106 -10.66621
v -10.19439 8.097639 -10.66621
v -11.85195 8.097639 -10.66621
v -11.97115 8.098652 -10.39734
v -11.97115 7.91012 -10.39734
v -11.97115 10.39326 -10.39734
v -11.97115 10.20473 -10.39734
v -10.19439 10.39427 -10.67494
v -11.85195 10.39427 -10.67494
v -11.85195 10.20574 -10.67494
v -10.19439 10.20574 -10.67494
v -12.09361 10.39225 -10.66011
v -13.75668 10.39225 -10.66011
v -13.75668 10.20371 -10.66011
v -12.09361 10.20371 -10.66011

vt 0.3344201 0.5185274
vt 0.03705478 0.5185274
vt 0.03705478 0.9814726
vt 0.3344201 0.9814726
vt 0.3321317 0
vt 0.03060679 0
vt 0.7273681 0.5702567
vt 0.7273681 0.9297433
vt 0.9495887 0.9297433
vt 0.9495887 0.5702567
vt 0.2726319 1
vt 0.05041134 1
vt 0.6059651 0.9297433
vt 0.6059651 0.5702567
vt 0.3940348 0.5702567
vt 0.3940348 0.9297433
vt 0.3940348 1
vt 0.6059651 1
vt 0.3531894 0
vt 0.6468106 0
vt 0.3552188 0.5185274
vt 0.3552188 0.9814726
vt 0.6447812 0.9814726
vt 0.6447812 0.5185274
vt 0.2726319 0.9297433
vt 0.2726319 0.5702567
vt 0.05041134 0.5702567
vt 0.05041134 0.9297433
vt 0.7273681 1
vt 0.9495885 1
vt 0.6678681 0
vt 0.9693931 0
vt 0.6655799 0.5185274
vt 0.6655799 0.9814726
vt 0.9629452 0.9814726
vt 0.9629452 0.5185274
vt 1 0.5
vt 0 0.5
vt 0 1
vt 1 1
vt 0.3230432 0
vt 0 0
vt 0.3230432 1
vt 0.3436235 1
vt 0.3436235 0
vt 0.6563765 1
vt 0.6563765 0
vt 0.6769568 1
vt 0.6769568 0
vt 1 0
vt 0.3230432 0.5
vt 0.3436235 0.5
vt 0.6563765 0.5
vt 0.6769568 0.5
vt 0.3456849 0.5185274
vt 0.3456849 0.9814726
vt 0.6543151 0.9814726
vt 0.6543151 0.5185274
vt 0.3333333 1
vt 0.6666667 1

vn 1.192093E-06 0 -10
vn -1.192093E-06 0 10
vn 0 -10 0
vn 10 0 1.192093E-06
vn -10 0 -1.192093E-06
vn 0 10 0

usemtl Glass.1
f 1035/561/115 1034/560/115 1033/559/115 1032/558/115
f 1039/562/115 1038/563/115 1037/563/115 1036/562/115
f 1043/567/116 1042/566/116 1041/565/116 1040/564/116
f 1047/569/116 1046/569/116 1045/568/116 1044/568/116
f 1051/573/116 1050/572/116 1049/571/116 1048/570/116
f 1055/575/116 1054/575/116 1053/574/116 1052/574/116
f 1059/577/115 1058/577/115 1057/576/115 1056/576/115
f 1063/581/115 1062/580/115 1061/579/115 1060/578/115
f 1067/585/116 1066/584/116 1065/583/116 1064/582/116
f 1071/587/116 1070/587/116 1069/586/116 1068/586/116
f 1075/589/115 1074/589/115 1073/588/115 1072/588/115
f 1079/593/115 1078/592/115 1077/591/115 1076/590/115

usemtl white
f 1056/602/118 1036/562/118 1096/562/118
f 1098/602/118 1056/602/118 1096/562/118
f 1125/602/118 1123/562/118 1039/562/118
f 1057/602/118 1125/602/118 1039/562/118
f 1140/562/118 1036/562/118 1056/602/118
f 1143/602/118 1140/562/118 1056/602/118
f 1142/602/118 1057/602/118 1039/562/118
f 1141/562/118 1142/602/118 1039/562/118
f 1128/611/118 1040/564/118 1041/565/118
f 1145/605/118 1128/611/118 1041/565/118
f 1145/600/118 1044/568/118 1045/568/118
f 1087/600/118 1145/600/118 1045/568/118
f 1130/609/118 1050/572/118 1051/573/118
f 1147/601/118 1130/609/118 1051/573/118
f 1144/603/116 1048/570/116 1049/571/116
f 1129/610/116 1144/603/116 1049/571/116
f 1144/601/116 1088/601/116 1053/574/116
f 1088/601/116 1052/574/116 1053/574/116
f 1147/603/118 1054/575/118 1055/575/118
f 1090/603/118 1147/603/118 1055/575/118
f 1146/600/116 1064/582/116 1065/583/116
f 1131/608/116 1146/600/116 1065/583/116
f 1092/605/116 1068/586/116 1069/586/116
f 1146/605/116 1092/605/116 1069/586/116
f 1082/596/117 1081/595/117 1080/594/117
f 1080/594/117 1083/597/117 1082/596/117
f 1086/596/118 1085/599/118 1084/598/118
f 1084/598/118 1087/600/118 1086/596/118
f 1088/601/118 1087/600/118 1084/598/118
f 1084/598/118 1089/602/118 1088/601/118
f 1090/603/118 1088/601/118 1089/602/118
f 1089/602/118 1091/604/118 1090/603/118
f 1092/605/118 1090/603/118 1091/604/118
f 1091/604/118 1093/606/118 1092/605/118
f 1094/597/118 1092/605/118 1093/606/118
f 1093/606/118 1095/607/118 1094/597/118
f 1037/563/118 1097/563/118 1096/562/118
f 1096/562/118 1036/562/118 1037/563/118
f 1075/589/117 1100/589/117 1099/589/117
f 1099/589/117 1074/589/117 1075/589/117
f 1102/559/115 1080/595/115 1101/608/115
f 1101/608/115 1103/558/115 1102/559/115
f 1104/578/115 1103/558/115 1101/608/115
f 1101/608/115 1105/609/115 1104/578/115
f 1106/581/115 1104/578/115 1105/609/115
f 1105/609/115 1107/610/115 1106/581/115
f 1108/590/115 1106/581/115 1107/610/115
f 1107/610/115 1109/611/115 1108/590/115
f 1110/593/115 1108/590/115 1109/611/115
f 1109/611/115 1111/594/115 1110/593/115
f 1112/560/115 1083/596/115 1080/595/115
f 1080/595/115 1102/559/115 1112/560/115
f 1113/600/115 1083/596/115 1112/560/115
f 1112/560/115 1114/561/115 1113/600/115
f 1115/601/115 1113/600/115 1114/561/115
f 1114/561/115 1116/579/115 1115/601/115
f 1117/603/115 1115/601/115 1116/579/115
f 1116/579/115 1118/580/115 1117/603/115
f 1119/605/115 1117/603/115 1118/580/115
f 1118/580/115 1120/591/115 1119/605/115
f 1121/597/115 1119/605/115 1120/591/115
f 1120/591/115 1122/592/115 1121/597/115
f 1110/593/115 1111/594/115 1121/597/115
f 1121/597/115 1122/592/115 1110/593/115
f 1086/596/117 1082/596/117 1083/599/117
f 1083/599/117 1085/599/117 1086/596/117
f 1123/562/119 1124/563/119 1038/563/119
f 1038/563/119 1039/562/119 1123/562/119
f 1038/563/120 1124/563/120 1097/563/120
f 1097/563/120 1037/563/120 1038/563/120
f 1033/559/118 1102/559/118 1103/558/118
f 1103/558/118 1032/558/118 1033/559/118
f 1060/612/118 1032/558/118 1103/558/118
f 1103/558/118 1104/612/118 1060/612/118
f 1079/593/117 1110/593/117 1122/592/117
f 1122/592/117 1078/592/117 1079/593/117
f 1114/561/119 1112/560/119 1034/560/119
f 1034/560/119 1035/561/119 1114/561/119
f 1116/613/119 1114/561/119 1035/561/119
f 1035/561/119 1061/613/119 1116/613/119
f 1034/560/120 1112/560/120 1102/559/120
f 1102/559/120 1033/559/120 1034/560/120
f 1121/597/120 1111/596/120 1126/599/120
f 1126/599/120 1127/607/120 1121/597/120
f 1095/597/120 1121/596/120 1127/599/120
f 1127/599/120 1094/607/120 1095/597/120
f 1101/606/119 1080/607/119 1081/597/119
f 1081/597/119 1128/605/119 1101/606/119
f 1105/604/119 1101/606/119 1128/605/119
f 1128/605/119 1129/603/119 1105/604/119
f 1107/602/119 1105/604/119 1129/603/119
f 1129/603/119 1130/601/119 1107/602/119
f 1109/598/119 1107/602/119 1130/601/119
f 1130/601/119 1131/600/119 1109/598/119
f 1111/599/119 1109/598/119 1131/600/119
f 1131/600/119 1126/596/119 1111/599/119
f 1132/577/119 1125/576/119 1057/576/119
f 1057/576/119 1058/577/119 1132/577/119
f 1059/577/118 1056/576/118 1098/576/118
f 1098/576/118 1133/577/118 1059/577/118
f 1118/580/119 1116/579/119 1061/579/119
f 1061/579/119 1062/580/119 1118/580/119
f 1063/581/118 1060/578/118 1104/578/118
f 1104/578/118 1106/581/118 1063/581/118
f 1073/588/119 1074/589/119 1099/589/119
f 1099/589/119 1134/588/119 1073/588/119
f 1058/604/119 1073/588/119 1134/588/119
f 1134/588/119 1132/604/119 1058/604/119
f 1135/588/118 1100/589/118 1075/589/118
f 1075/589/118 1072/588/118 1135/588/118
f 1133/604/118 1135/588/118 1072/588/118
f 1072/588/118 1059/604/118 1133/604/118
f 1077/591/119 1078/592/119 1122/592/119
f 1122/592/119 1120/591/119 1077/591/119
f 1062/614/119 1077/591/119 1120/591/119
f 1120/591/119 1118/614/119 1062/614/119
f 1108/590/118 1110/593/118 1079/593/118
f 1079/593/118 1076/590/118 1108/590/118
f 1106/615/118 1108/590/118 1076/590/118
f 1076/590/118 1063/615/118 1106/615/118
f 1138/579/115 1137/561/115 1136/558/115
f 1136/558/115 1139/578/115 1138/579/115
f 1142/602/115 1141/562/115 1140/562/115
f 1140/562/115 1143/602/115 1142/602/115
f 1087/600/116 1088/616/116 1144/616/116
f 1144/616/116 1145/600/116 1087/600/116
f 1087/600/116 1045/568/116 1046/569/116
f 1046/569/116 1086/596/116 1087/600/116
f 1086/596/116 1046/569/116 1047/569/116
f 1047/569/116 1082/596/116 1086/596/116
f 1044/568/116 1145/600/116 1082/596/116
f 1082/596/116 1047/569/116 1044/568/116
f 1146/605/116 1147/617/116 1090/617/116
f 1090/617/116 1092/605/116 1146/605/116
f 1146/605/116 1069/586/116 1070/587/116
f 1070/587/116 1127/597/116 1146/605/116
f 1127/597/116 1070/587/116 1071/587/116
f 1071/587/116 1094/597/116 1127/597/116
f 1068/586/116 1092/605/116 1094/597/116
f 1094/597/116 1071/587/116 1068/586/116
f 1150/604/115 1149/588/115 1148/588/115
f 1148/588/115 1151/604/115 1150/604/115
f 1154/581/115 1153/590/115 1152/591/115
f 1152/591/115 1155/580/115 1154/581/115
f 1137/561/117 1035/561/117 1032/558/117
f 1032/558/117 1136/558/117 1137/561/117
f 1136/558/119 1032/558/118 1060/578/118
f 1060/578/118 1139/578/119 1136/558/119
f 1139/578/120 1060/578/120 1061/579/120
f 1061/579/120 1138/579/120 1139/578/120
f 1138/579/118 1061/579/119 1035/561/119
f 1035/561/119 1137/561/118 1138/579/118
f 1141/562/117 1039/562/117 1036/562/117
f 1036/562/117 1140/562/117 1141/562/117
f 1143/602/120 1056/602/120 1057/602/120
f 1057/602/120 1142/602/120 1143/602/120
f 1149/588/120 1072/588/120 1073/588/120
f 1073/588/120 1148/588/120 1149/588/120
f 1148/588/118 1073/588/119 1058/604/119
f 1058/604/119 1151/604/118 1148/588/118
f 1151/604/117 1058/604/117 1059/604/117
f 1059/604/117 1150/604/117 1151/604/117
f 1150/604/119 1059/604/118 1072/588/118
f 1072/588/118 1149/588/119 1150/604/119
f 1153/590/120 1076/590/120 1077/591/120
f 1077/591/120 1152/591/120 1153/590/120
f 1152/591/118 1077/591/119 1062/580/119
f 1062/580/119 1155/580/118 1152/591/118
f 1155/580/117 1062/580/117 1063/581/117
f 1063/581/117 1154/581/117 1155/580/117
f 1154/581/119 1063/581/118 1076/590/118
f 1076/590/118 1153/590/119 1154/581/119
f 1145/605/116 1041/565/116 1042/566/116
f 1042/566/116 1082/597/116 1145/605/116
f 1129/610/116 1128/611/116 1145/605/116
f 1145/605/116 1144/603/116 1129/610/116
f 1040/564/116 1128/611/116 1081/594/116
f 1081/594/116 1043/567/116 1040/564/116
f 1129/610/116 1049/571/116 1050/572/116
f 1050/572/116 1130/609/116 1129/610/116
f 1048/570/116 1144/603/116 1147/601/116
f 1147/601/116 1051/573/116 1048/570/116
f 1131/608/116 1130/609/116 1147/601/116
f 1147/601/116 1146/600/116 1131/608/116
f 1131/608/116 1065/583/116 1066/584/116
f 1066/584/116 1126/595/116 1131/608/116
f 1064/582/116 1146/600/116 1127/596/116
f 1127/596/116 1067/585/116 1064/582/116
f 1082/597/116 1042/566/116 1043/567/116
f 1043/567/116 1081/594/116 1082/597/116
f 1054/575/116 1147/603/116 1144/601/116
f 1144/601/116 1053/574/116 1054/575/116
f 1052/574/116 1088/601/116 1090/603/116
f 1090/603/116 1055/575/116 1052/574/116
f 1126/595/116 1066/584/116 1067/585/116
f 1067/585/116 1127/596/116 1126/595/116
f 1113/598/115 1096/562/115 1097/563/115
f 1097/563/115 1083/599/115 1113/598/115
f 1098/576/115 1096/562/115 1113/598/115
f 1113/598/115 1115/602/115 1098/576/115
f 1133/577/115 1098/576/115 1115/602/115
f 1115/602/115 1117/604/115 1133/577/115
f 1135/588/115 1133/577/115 1117/604/115
f 1117/604/115 1119/606/115 1135/588/115
f 1083/599/115 1097/563/115 1124/563/115
f 1124/563/115 1085/599/115 1083/599/115
f 1084/598/115 1085/599/115 1124/563/115
f 1124/563/115 1123/562/115 1084/598/115
f 1089/602/115 1084/598/115 1123/562/115
f 1123/562/115 1125/576/115 1089/602/115
f 1091/604/115 1089/602/115 1125/576/115
f 1125/576/115 1132/577/115 1091/604/115
f 1093/606/115 1091/604/115 1132/577/115
f 1132/577/115 1134/588/115 1093/606/115
f 1100/589/115 1135/588/115 1119/606/115
f 1119/606/115 1121/607/115 1100/589/115
f 1095/607/115 1093/606/115 1134/588/115
f 1134/588/115 1099/589/115 1095/607/115
f 1100/589/115 1121/607/115 1095/607/115
f 1095/607/115 1099/589/115 1100/589/115

g Window5
v -13.75668 21.51508 -10.50941
v -13.75668 19.47196 -10.50941
v -12.09361 19.47196 -10.50941
v -12.09361 21.51508 -10.50941
v -11.85195 21.51306 -10.51553
v -11.85195 19.46788 -10.51553
v -10.19439 19.46788 -10.51553
v -10.19439 21.51306 -10.51553
v -13.77428 21.51407 -10.39734
v -12.09913 21.51407 -10.39734
v -12.09913 19.46516 -10.39734
v -13.77428 19.46516 -10.39734
v -11.85746 21.51407 -10.39734
v -10.18087 21.51407 -10.39734
v -10.18087 19.46516 -10.39734
v -11.85746 19.46516 -10.39734
v -12.09913 21.70264 -10.39734
v -13.77428 21.70264 -10.39734
v -13.77428 23.80868 -10.39734
v -12.09913 23.80868 -10.39734
v -10.18087 21.70264 -10.39734
v -11.85746 21.70264 -10.39734
v -11.85746 23.80868 -10.39734
v -10.18087 23.80868 -10.39734
v -11.85195 21.70159 -10.51553
v -10.19439 21.70159 -10.51553
v -10.19439 23.80969 -10.51553
v -11.85195 23.80969 -10.51553
v -13.75668 21.70362 -10.50941
v -12.09361 21.70362 -10.50941
v -12.09361 23.80766 -10.50941
v -13.75668 23.80766 -10.50941
v -12.09913 23.99718 -10.39734
v -13.77428 23.99718 -10.39734
v -13.77428 26.04612 -10.39734
v -12.09913 26.04612 -10.39734
v -10.18087 23.99718 -10.39734
v -11.85746 23.99718 -10.39734
v -11.85746 26.04612 -10.39734
v -10.18087 26.04612 -10.39734
v -11.85195 23.99822 -10.51553
v -10.19439 23.99822 -10.51553
v -10.19439 26.0434 -10.51553
v -11.85195 26.0434 -10.51553
v -13.75668 23.9962 -10.50941
v -12.09361 23.9962 -10.50941
v -12.09361 26.03932 -10.50941
v -13.75668 26.03932 -10.50941
v -14.08394 19.1555 -10.66753
v -14.08394 19.1555 -10.39734
v -11.97115 19.1555 -10.39734
v -11.97115 19.1555 -10.66753
v -9.87121 21.51407 -10.66753
v -9.87121 19.1555 -10.66753
v -9.87121 19.1555 -10.39734
v -9.87121 21.51407 -10.39734
v -9.87121 21.7026 -10.39734
v -9.87121 21.7026 -10.66753
v -9.87121 23.80868 -10.39734
v -9.87121 23.80868 -10.66753
v -9.87121 23.99721 -10.39734
v -9.87121 23.99721 -10.66753
v -9.87121 26.35578 -10.39734
v -9.87121 26.35578 -10.66753
v -11.85195 21.51306 -10.66753
v -11.85195 19.46788 -10.66753
v -11.85195 21.70159 -10.66753
v -10.19439 26.0434 -10.66753
v -11.85195 26.0434 -10.66753
v -14.08394 21.51407 -10.66753
v -13.75668 19.47196 -10.66753
v -13.75668 21.51508 -10.66753
v -13.75668 21.70362 -10.66753
v -14.08394 21.7026 -10.66753
v -13.75668 23.80766 -10.66753
v -14.08394 23.80868 -10.66753
v -13.75668 23.9962 -10.66753
v -14.08394 23.99721 -10.66753
v -13.75668 26.03932 -10.66753
v -14.08394 26.35578 -10.66753
v -12.09361 19.47196 -10.66753
v -11.97115 21.51406 -10.66753
v -12.09361 21.51508 -10.66753
v -11.97115 21.70261 -10.66753
v -12.09361 21.70362 -10.66753
v -11.97115 23.80867 -10.66753
v -12.09361 23.80766 -10.66753
v -11.97115 23.99722 -10.66753
v -12.09361 23.9962 -10.66753
v -11.97115 26.35578 -10.66753
v -12.09361 26.03932 -10.66753
v -10.19439 21.51306 -10.66753
v -10.19439 19.46788 -10.66753
v -10.19439 21.70159 -10.66753
v -14.08394 26.35578 -10.39734
v -11.97115 26.35578 -10.39734
v -14.08394 21.51407 -10.39734
v -14.08394 21.7026 -10.39734
v -14.08394 23.80868 -10.39734
v -14.08394 23.99721 -10.39734
v -10.19439 23.80969 -10.66753
v -11.85195 23.80969 -10.66753
v -10.19439 23.99822 -10.66753
v -11.85195 23.99822 -10.66753
v -13.75668 21.51508 -10.66583
v -12.09361 21.51508 -10.66583
v -12.09361 21.70362 -10.66583
v -13.75668 21.70362 -10.66583
v -11.85195 21.51306 -10.66621
v -10.19439 21.51306 -10.66621
v -10.19439 21.70159 -10.66621
v -11.85195 21.70159 -10.66621
v -11.97115 21.7026 -10.39734
v -11.97115 21.51407 -10.39734
v -11.97115 23.99721 -10.39734
v -11.97115 23.80868 -10.39734
v -10.19439 23.99822 -10.67494
v -11.85195 23.99822 -10.67494
v -11.85195 23.80969 -10.67494
v -10.19439 23.80969 -10.67494
v -12.09361 23.9962 -10.66011
v -13.75668 23.9962 -10.66011
v -13.75668 23.80766 -10.66011
v -12.09361 23.80766 -10.66011

vt 0.3344201 0.5185274
vt 0.03705478 0.5185274
vt 0.03705478 0.9814726
vt 0.3344201 0.9814726
vt 0.3321317 0
vt 0.03060679 0
vt 0.7273681 0.5702567
vt 0.7273681 0.9297433
vt 0.9495887 0.9297433
vt 0.9495887 0.5702567
vt 0.2726319 1
vt 0.05041134 1
vt 0.6059651 0.9297433
vt 0.6059651 0.5702567
vt 0.3940348 0.5702567
vt 0.3940348 0.9297433
vt 0.3940348 1
vt 0.6059651 1
vt 0.3531894 0
vt 0.6468106 0
vt 0.3552188 0.5185274
vt 0.3552188 0.9814726
vt 0.6447812 0.9814726
vt 0.6447812 0.5185274
vt 0.2726319 0.9297433
vt 0.2726319 0.5702567
vt 0.05041134 0.5702567
vt 0.05041134 0.9297433
vt 0.7273681 1
vt 0.9495885 1
vt 0.6678681 0
vt 0.9693931 0
vt 0.6655799 0.5185274
vt 0.6655799 0.9814726
vt 0.9629452 0.9814726
vt 0.9629452 0.5185274
vt 1 0.5
vt 0 0.5
vt 0 1
vt 1 1
vt 0.3230432 0
vt 0 0
vt 0.3230432 1
vt 0.3436235 1
vt 0.3436235 0
vt 0.6563765 1
vt 0.6563765 0
vt 0.6769568 1
vt 0.6769568 0
vt 1 0
vt 0.3230432 0.5
vt 0.3436235 0.5
vt 0.6563765 0.5
vt 0.6769568 0.5
vt 0.3456849 0.5185274
vt 0.3456849 0.9814726
vt 0.6543151 0.9814726
vt 0.6543151 0.5185274
vt 0.3333333 1
vt 0.6666667 1

vn 1.192093E-06 0 -10
vn -1.192093E-06 0 10
vn 0 -10 0
vn 10 0 1.192093E-06
vn -10 0 -1.192093E-06
vn 0 10 0

usemtl Glass.1
f 1159/621/121 1158/620/121 1157/619/121 1156/618/121
f 1163/622/121 1162/623/121 1161/623/121 1160/622/121
f 1167/627/122 1166/626/122 1165/625/122 1164/624/122
f 1171/629/122 1170/629/122 1169/628/122 1168/628/122
f 1175/633/122 1174/632/122 1173/631/122 1172/630/122
f 1179/635/122 1178/635/122 1177/634/122 1176/634/122
f 1183/637/121 1182/637/121 1181/636/121 1180/636/121
f 1187/641/121 1186/640/121 1185/639/121 1184/638/121
f 1191/645/122 1190/644/122 1189/643/122 1188/642/122
f 1195/647/122 1194/647/122 1193/646/122 1192/646/122
f 1199/649/121 1198/649/121 1197/648/121 1196/648/121
f 1203/653/121 1202/652/121 1201/651/121 1200/650/121

usemtl white
f 1180/662/124 1160/622/124 1220/622/124
f 1222/662/124 1180/662/124 1220/622/124
f 1249/662/124 1247/622/124 1163/622/124
f 1181/662/124 1249/662/124 1163/622/124
f 1264/622/124 1160/622/124 1180/662/124
f 1267/662/124 1264/622/124 1180/662/124
f 1266/662/124 1181/662/124 1163/622/124
f 1265/622/124 1266/662/124 1163/622/124
f 1252/671/124 1164/624/124 1165/625/124
f 1269/665/124 1252/671/124 1165/625/124
f 1269/660/124 1168/628/124 1169/628/124
f 1211/660/124 1269/660/124 1169/628/124
f 1254/669/124 1174/632/124 1175/633/124
f 1271/661/124 1254/669/124 1175/633/124
f 1268/663/122 1172/630/122 1173/631/122
f 1253/670/122 1268/663/122 1173/631/122
f 1268/661/122 1212/661/122 1177/634/122
f 1212/661/122 1176/634/122 1177/634/122
f 1271/663/124 1178/635/124 1179/635/124
f 1214/663/124 1271/663/124 1179/635/124
f 1270/660/122 1188/642/122 1189/643/122
f 1255/668/122 1270/660/122 1189/643/122
f 1216/665/122 1192/646/122 1193/646/122
f 1270/665/122 1216/665/122 1193/646/122
f 1206/656/123 1205/655/123 1204/654/123
f 1204/654/123 1207/657/123 1206/656/123
f 1210/656/124 1209/659/124 1208/658/124
f 1208/658/124 1211/660/124 1210/656/124
f 1212/661/124 1211/660/124 1208/658/124
f 1208/658/124 1213/662/124 1212/661/124
f 1214/663/124 1212/661/124 1213/662/124
f 1213/662/124 1215/664/124 1214/663/124
f 1216/665/124 1214/663/124 1215/664/124
f 1215/664/124 1217/666/124 1216/665/124
f 1218/657/124 1216/665/124 1217/666/124
f 1217/666/124 1219/667/124 1218/657/124
f 1161/623/124 1221/623/124 1220/622/124
f 1220/622/124 1160/622/124 1161/623/124
f 1199/649/123 1224/649/123 1223/649/123
f 1223/649/123 1198/649/123 1199/649/123
f 1226/619/121 1204/655/121 1225/668/121
f 1225/668/121 1227/618/121 1226/619/121
f 1228/638/121 1227/618/121 1225/668/121
f 1225/668/121 1229/669/121 1228/638/121
f 1230/641/121 1228/638/121 1229/669/121
f 1229/669/121 1231/670/121 1230/641/121
f 1232/650/121 1230/641/121 1231/670/121
f 1231/670/121 1233/671/121 1232/650/121
f 1234/653/121 1232/650/121 1233/671/121
f 1233/671/121 1235/654/121 1234/653/121
f 1236/620/121 1207/656/121 1204/655/121
f 1204/655/121 1226/619/121 1236/620/121
f 1237/660/121 1207/656/121 1236/620/121
f 1236/620/121 1238/621/121 1237/660/121
f 1239/661/121 1237/660/121 1238/621/121
f 1238/621/121 1240/639/121 1239/661/121
f 1241/663/121 1239/661/121 1240/639/121
f 1240/639/121 1242/640/121 1241/663/121
f 1243/665/121 1241/663/121 1242/640/121
f 1242/640/121 1244/651/121 1243/665/121
f 1245/657/121 1243/665/121 1244/651/121
f 1244/651/121 1246/652/121 1245/657/121
f 1234/653/121 1235/654/121 1245/657/121
f 1245/657/121 1246/652/121 1234/653/121
f 1210/656/123 1206/656/123 1207/659/123
f 1207/659/123 1209/659/123 1210/656/123
f 1247/622/125 1248/623/125 1162/623/125
f 1162/623/125 1163/622/125 1247/622/125
f 1162/623/126 1248/623/126 1221/623/126
f 1221/623/126 1161/623/126 1162/623/126
f 1157/619/124 1226/619/124 1227/618/124
f 1227/618/124 1156/618/124 1157/619/124
f 1184/672/124 1156/618/124 1227/618/124
f 1227/618/124 1228/672/124 1184/672/124
f 1203/653/123 1234/653/123 1246/652/123
f 1246/652/123 1202/652/123 1203/653/123
f 1238/621/125 1236/620/125 1158/620/125
f 1158/620/125 1159/621/125 1238/621/125
f 1240/673/125 1238/621/125 1159/621/125
f 1159/621/125 1185/673/125 1240/673/125
f 1158/620/126 1236/620/126 1226/619/126
f 1226/619/126 1157/619/126 1158/620/126
f 1245/657/126 1235/656/126 1250/659/126
f 1250/659/126 1251/667/126 1245/657/126
f 1219/657/126 1245/656/126 1251/659/126
f 1251/659/126 1218/667/126 1219/657/126
f 1225/666/125 1204/667/125 1205/657/125
f 1205/657/125 1252/665/125 1225/666/125
f 1229/664/125 1225/666/125 1252/665/125
f 1252/665/125 1253/663/125 1229/664/125
f 1231/662/125 1229/664/125 1253/663/125
f 1253/663/125 1254/661/125 1231/662/125
f 1233/658/125 1231/662/125 1254/661/125
f 1254/661/125 1255/660/125 1233/658/125
f 1235/659/125 1233/658/125 1255/660/125
f 1255/660/125 1250/656/125 1235/659/125
f 1256/637/125 1249/636/125 1181/636/125
f 1181/636/125 1182/637/125 1256/637/125
f 1183/637/124 1180/636/124 1222/636/124
f 1222/636/124 1257/637/124 1183/637/124
f 1242/640/125 1240/639/125 1185/639/125
f 1185/639/125 1186/640/125 1242/640/125
f 1187/641/124 1184/638/124 1228/638/124
f 1228/638/124 1230/641/124 1187/641/124
f 1197/648/125 1198/649/125 1223/649/125
f 1223/649/125 1258/648/125 1197/648/125
f 1182/664/125 1197/648/125 1258/648/125
f 1258/648/125 1256/664/125 1182/664/125
f 1259/648/124 1224/649/124 1199/649/124
f 1199/649/124 1196/648/124 1259/648/124
f 1257/664/124 1259/648/124 1196/648/124
f 1196/648/124 1183/664/124 1257/664/124
f 1201/651/125 1202/652/125 1246/652/125
f 1246/652/125 1244/651/125 1201/651/125
f 1186/674/125 1201/651/125 1244/651/125
f 1244/651/125 1242/674/125 1186/674/125
f 1232/650/124 1234/653/124 1203/653/124
f 1203/653/124 1200/650/124 1232/650/124
f 1230/675/124 1232/650/124 1200/650/124
f 1200/650/124 1187/675/124 1230/675/124
f 1262/639/121 1261/621/121 1260/618/121
f 1260/618/121 1263/638/121 1262/639/121
f 1266/662/121 1265/622/121 1264/622/121
f 1264/622/121 1267/662/121 1266/662/121
f 1211/660/122 1212/676/122 1268/676/122
f 1268/676/122 1269/660/122 1211/660/122
f 1211/660/122 1169/628/122 1170/629/122
f 1170/629/122 1210/656/122 1211/660/122
f 1210/656/122 1170/629/122 1171/629/122
f 1171/629/122 1206/656/122 1210/656/122
f 1168/628/122 1269/660/122 1206/656/122
f 1206/656/122 1171/629/122 1168/628/122
f 1270/665/122 1271/677/122 1214/677/122
f 1214/677/122 1216/665/122 1270/665/122
f 1270/665/122 1193/646/122 1194/647/122
f 1194/647/122 1251/657/122 1270/665/122
f 1251/657/122 1194/647/122 1195/647/122
f 1195/647/122 1218/657/122 1251/657/122
f 1192/646/122 1216/665/122 1218/657/122
f 1218/657/122 1195/647/122 1192/646/122
f 1274/664/121 1273/648/121 1272/648/121
f 1272/648/121 1275/664/121 1274/664/121
f 1278/641/121 1277/650/121 1276/651/121
f 1276/651/121 1279/640/121 1278/641/121
f 1261/621/123 1159/621/123 1156/618/123
f 1156/618/123 1260/618/123 1261/621/123
f 1260/618/125 1156/618/124 1184/638/124
f 1184/638/124 1263/638/125 1260/618/125
f 1263/638/126 1184/638/126 1185/639/126
f 1185/639/126 1262/639/126 1263/638/126
f 1262/639/124 1185/639/125 1159/621/125
f 1159/621/125 1261/621/124 1262/639/124
f 1265/622/123 1163/622/123 1160/622/123
f 1160/622/123 1264/622/123 1265/622/123
f 1267/662/126 1180/662/126 1181/662/126
f 1181/662/126 1266/662/126 1267/662/126
f 1273/648/126 1196/648/126 1197/648/126
f 1197/648/126 1272/648/126 1273/648/126
f 1272/648/124 1197/648/125 1182/664/125
f 1182/664/125 1275/664/124 1272/648/124
f 1275/664/123 1182/664/123 1183/664/123
f 1183/664/123 1274/664/123 1275/664/123
f 1274/664/125 1183/664/124 1196/648/124
f 1196/648/124 1273/648/125 1274/664/125
f 1277/650/126 1200/650/126 1201/651/126
f 1201/651/126 1276/651/126 1277/650/126
f 1276/651/124 1201/651/125 1186/640/125
f 1186/640/125 1279/640/124 1276/651/124
f 1279/640/123 1186/640/123 1187/641/123
f 1187/641/123 1278/641/123 1279/640/123
f 1278/641/125 1187/641/124 1200/650/124
f 1200/650/124 1277/650/125 1278/641/125
f 1269/665/122 1165/625/122 1166/626/122
f 1166/626/122 1206/657/122 1269/665/122
f 1253/670/122 1252/671/122 1269/665/122
f 1269/665/122 1268/663/122 1253/670/122
f 1164/624/122 1252/671/122 1205/654/122
f 1205/654/122 1167/627/122 1164/624/122
f 1253/670/122 1173/631/122 1174/632/122
f 1174/632/122 1254/669/122 1253/670/122
f 1172/630/122 1268/663/122 1271/661/122
f 1271/661/122 1175/633/122 1172/630/122
f 1255/668/122 1254/669/122 1271/661/122
f 1271/661/122 1270/660/122 1255/668/122
f 1255/668/122 1189/643/122 1190/644/122
f 1190/644/122 1250/655/122 1255/668/122
f 1188/642/122 1270/660/122 1251/656/122
f 1251/656/122 1191/645/122 1188/642/122
f 1206/657/122 1166/626/122 1167/627/122
f 1167/627/122 1205/654/122 1206/657/122
f 1178/635/122 1271/663/122 1268/661/122
f 1268/661/122 1177/634/122 1178/635/122
f 1176/634/122 1212/661/122 1214/663/122
f 1214/663/122 1179/635/122 1176/634/122
f 1250/655/122 1190/644/122 1191/645/122
f 1191/645/122 1251/656/122 1250/655/122
f 1237/658/121 1220/622/121 1221/623/121
f 1221/623/121 1207/659/121 1237/658/121
f 1222/636/121 1220/622/121 1237/658/121
f 1237/658/121 1239/662/121 1222/636/121
f 1257/637/121 1222/636/121 1239/662/121
f 1239/662/121 1241/664/121 1257/637/121
f 1259/648/121 1257/637/121 1241/664/121
f 1241/664/121 1243/666/121 1259/648/121
f 1207/659/121 1221/623/121 1248/623/121
f 1248/623/121 1209/659/121 1207/659/121
f 1208/658/121 1209/659/121 1248/623/121
f 1248/623/121 1247/622/121 1208/658/121
f 1213/662/121 1208/658/121 1247/622/121
f 1247/622/121 1249/636/121 1213/662/121
f 1215/664/121 1213/662/121 1249/636/121
f 1249/636/121 1256/637/121 1215/664/121
f 1217/666/121 1215/664/121 1256/637/121
f 1256/637/121 1258/648/121 1217/666/121
f 1224/649/121 1259/648/121 1243/666/121
f 1243/666/121 1245/667/121 1224/649/121
f 1219/667/121 1217/666/121 1258/648/121
f 1258/648/121 1223/649/121 1219/667/121
f 1224/649/121 1245/667/121 1219/667/121
f 1219/667/121 1223/649/121 1224/649/121

g Window6
v -10.2312 8.059204 14.90845
v -10.2312 6.016081 14.90845
v -11.89427 6.016081 14.90845
v -11.89427 8.059204 14.90845
v -12.13593 8.057178 14.91457
v -12.13593 6.012003 14.91457
v -13.79349 6.012003 14.91457
v -13.79349 8.057178 14.91457
v -10.2136 8.058191 14.79638
v -11.88875 8.058191 14.79638
v -11.88875 6.009279 14.79638
v -10.2136 6.009279 14.79638
v -12.13042 8.058191 14.79638
v -13.80701 8.058191 14.79638
v -13.80701 6.009279 14.79638
v -12.13042 6.009279 14.79638
v -11.88875 8.246766 14.79638
v -10.2136 8.246766 14.79638
v -10.2136 10.3528 14.79638
v -11.88875 10.3528 14.79638
v -13.80701 8.246766 14.79638
v -12.13042 8.246766 14.79638
v -12.13042 10.3528 14.79638
v -13.80701 10.3528 14.79638
v -12.13593 8.24571 14.91457
v -13.79349 8.24571 14.91457
v -13.79349 10.35381 14.91457
v -12.13593 10.35381 14.91457
v -10.2312 8.247737 14.90845
v -11.89427 8.247737 14.90845
v -11.89427 10.35178 14.90845
v -10.2312 10.35178 14.90845
v -11.88875 10.5413 14.79638
v -10.2136 10.5413 14.79638
v -10.2136 12.59024 14.79638
v -11.88875 12.59024 14.79638
v -13.80701 10.5413 14.79638
v -12.13042 10.5413 14.79638
v -12.13042 12.59024 14.79638
v -13.80701 12.59024 14.79638
v -12.13593 10.54234 14.91457
v -13.79349 10.54234 14.91457
v -13.79349 12.58752 14.91457
v -12.13593 12.58752 14.91457
v -10.2312 10.54032 14.90845
v -11.89427 10.54032 14.90845
v -11.89427 12.58344 14.90845
v -10.2312 12.58344 14.90845
v -9.903938 5.699619 15.06657
v -9.903938 5.699619 14.79638
v -12.01673 5.699619 14.79638
v -12.01673 5.699619 15.06657
v -14.11667 8.058191 15.06657
v -14.11667 5.699619 15.06657
v -14.11667 5.699619 14.79638
v -14.11667 8.058191 14.79638
v -14.11667 8.246723 14.79638
v -14.11667 8.246723 15.06657
v -14.11667 10.3528 14.79638
v -14.11667 10.3528 15.06657
v -14.11667 10.54133 14.79638
v -14.11667 10.54133 15.06657
v -14.11667 12.8999 14.79638
v -14.11667 12.8999 15.06657
v -12.13593 8.057178 15.06657
v -12.13593 6.012003 15.06657
v -12.13593 8.24571 15.06657
v -13.79349 12.58752 15.06657
v -12.13593 12.58752 15.06657
v -9.903938 8.058191 15.06657
v -10.2312 6.016081 15.06657
v -10.2312 8.059204 15.06657
v -10.2312 8.247737 15.06657
v -9.903938 8.246723 15.06657
v -10.2312 10.35178 15.06657
v -9.903938 10.3528 15.06657
v -10.2312 10.54032 15.06657
v -9.903938 10.54133 15.06657
v -10.2312 12.58344 15.06657
v -9.903938 12.8999 15.06657
v -11.89427 6.016081 15.06657
v -12.01673 8.058185 15.06657
v -11.89427 8.059204 15.06657
v -12.01673 8.24673 15.06657
v -11.89427 8.247737 15.06657
v -12.01673 10.35279 15.06657
v -11.89427 10.35178 15.06657
v -12.01673 10.54134 15.06657
v -11.89427 10.54032 15.06657
v -12.01673 12.8999 15.06657
v -11.89427 12.58344 15.06657
v -13.79349 8.057178 15.06657
v -13.79349 6.012003 15.06657
v -13.79349 8.24571 15.06657
v -9.903938 12.8999 14.79638
v -12.01673 12.8999 14.79638
v -9.903938 8.058191 14.79638
v -9.903938 8.246723 14.79638
v -9.903938 10.3528 14.79638
v -9.903938 10.54133 14.79638
v -13.79349 10.35381 15.06657
v -12.13593 10.35381 15.06657
v -13.79349 10.54234 15.06657
v -12.13593 10.54234 15.06657
v -10.2312 8.059204 15.06487
v -11.89427 8.059204 15.06487
v -11.89427 8.247737 15.06487
v -10.2312 8.247737 15.06487
v -12.13593 8.057178 15.06525
v -13.79349 8.057178 15.06525
v -13.79349 8.24571 15.06525
v -12.13593 8.24571 15.06525
v -12.01673 8.246723 14.79638
v -12.01673 8.058191 14.79638
v -12.01673 10.54133 14.79638
v -12.01673 10.3528 14.79638
v -13.79349 10.54234 15.07398
v -12.13593 10.54234 15.07398
v -12.13593 10.35381 15.07398
v -13.79349 10.35381 15.07398
v -11.89427 10.54032 15.05915
v -10.2312 10.54032 15.05915
v -10.2312 10.35178 15.05915
v -11.89427 10.35178 15.05915

vt 0.3344201 0.5185274
vt 0.03705478 0.5185274
vt 0.03705478 0.9814726
vt 0.3344201 0.9814726
vt 0.3321317 0
vt 0.03060679 0
vt 0.7273681 0.5702567
vt 0.7273681 0.9297433
vt 0.9495887 0.9297433
vt 0.9495887 0.5702567
vt 0.2726319 1
vt 0.05041134 1
vt 0.6059651 0.9297433
vt 0.6059651 0.5702567
vt 0.3940348 0.5702567
vt 0.3940348 0.9297433
vt 0.3940348 1
vt 0.6059651 1
vt 0.3531894 0
vt 0.6468106 0
vt 0.3552188 0.5185274
vt 0.3552188 0.9814726
vt 0.6447812 0.9814726
vt 0.6447812 0.5185274
vt 0.2726319 0.9297433
vt 0.2726319 0.5702567
vt 0.05041134 0.5702567
vt 0.05041134 0.9297433
vt 0.7273681 1
vt 0.9495885 1
vt 0.6678681 0
vt 0.9693931 0
vt 0.6655799 0.5185274
vt 0.6655799 0.9814726
vt 0.9629452 0.9814726
vt 0.9629452 0.5185274
vt 1 0.5
vt 0 0.5
vt 0 1
vt 1 1
vt 0.3230432 0
vt 0 0
vt 0.3230432 1
vt 0.3436235 1
vt 0.3436235 0
vt 0.6563765 1
vt 0.6563765 0
vt 0.6769568 1
vt 0.6769568 0
vt 1 0
vt 0.3230432 0.5
vt 0.3436235 0.5
vt 0.6563765 0.5
vt 0.6769568 0.5
vt 0.3456849 0.5185274
vt 0.3456849 0.9814726
vt 0.6543151 0.9814726
vt 0.6543151 0.5185274
vt 0.3333333 1
vt 0.6666667 1

vn -1.192093E-06 0 10
vn 1.192093E-06 0 -10
vn 0 -10 0
vn -10 0 -1.192093E-06
vn 10 0 1.192093E-06
vn 0 10 0

usemtl Glass.1
f 1283/681/127 1282/680/127 1281/679/127 1280/678/127
f 1287/682/127 1286/683/127 1285/683/127 1284/682/127
f 1291/687/128 1290/686/128 1289/685/128 1288/684/128
f 1295/689/128 1294/689/128 1293/688/128 1292/688/128
f 1299/693/128 1298/692/128 1297/691/128 1296/690/128
f 1303/695/128 1302/695/128 1301/694/128 1300/694/128
f 1307/697/127 1306/697/127 1305/696/127 1304/696/127
f 1311/701/127 1310/700/127 1309/699/127 1308/698/127
f 1315/705/128 1314/704/128 1313/703/128 1312/702/128
f 1319/707/128 1318/707/128 1317/706/128 1316/706/128
f 1323/709/127 1322/709/127 1321/708/127 1320/708/127
f 1327/713/127 1326/712/127 1325/711/127 1324/710/127

usemtl white
f 1304/722/130 1284/682/130 1344/682/130
f 1346/722/130 1304/722/130 1344/682/130
f 1373/722/130 1371/682/130 1287/682/130
f 1305/722/130 1373/722/130 1287/682/130
f 1388/682/130 1284/682/130 1304/722/130
f 1391/722/130 1388/682/130 1304/722/130
f 1390/722/130 1305/722/130 1287/682/130
f 1389/682/130 1390/722/130 1287/682/130
f 1376/731/130 1288/684/130 1289/685/130
f 1393/725/130 1376/731/130 1289/685/130
f 1393/720/130 1292/688/130 1293/688/130
f 1335/720/130 1393/720/130 1293/688/130
f 1378/729/130 1298/692/130 1299/693/130
f 1395/721/130 1378/729/130 1299/693/130
f 1392/723/128 1296/690/128 1297/691/128
f 1377/730/128 1392/723/128 1297/691/128
f 1392/721/128 1336/721/128 1301/694/128
f 1336/721/128 1300/694/128 1301/694/128
f 1395/723/130 1302/695/130 1303/695/130
f 1338/723/130 1395/723/130 1303/695/130
f 1394/720/128 1312/702/128 1313/703/128
f 1379/728/128 1394/720/128 1313/703/128
f 1340/725/128 1316/706/128 1317/706/128
f 1394/725/128 1340/725/128 1317/706/128
f 1330/716/129 1329/715/129 1328/714/129
f 1328/714/129 1331/717/129 1330/716/129
f 1334/716/130 1333/719/130 1332/718/130
f 1332/718/130 1335/720/130 1334/716/130
f 1336/721/130 1335/720/130 1332/718/130
f 1332/718/130 1337/722/130 1336/721/130
f 1338/723/130 1336/721/130 1337/722/130
f 1337/722/130 1339/724/130 1338/723/130
f 1340/725/130 1338/723/130 1339/724/130
f 1339/724/130 1341/726/130 1340/725/130
f 1342/717/130 1340/725/130 1341/726/130
f 1341/726/130 1343/727/130 1342/717/130
f 1285/683/130 1345/683/130 1344/682/130
f 1344/682/130 1284/682/130 1285/683/130
f 1323/709/129 1348/709/129 1347/709/129
f 1347/709/129 1322/709/129 1323/709/129
f 1350/679/127 1328/715/127 1349/728/127
f 1349/728/127 1351/678/127 1350/679/127
f 1352/698/127 1351/678/127 1349/728/127
f 1349/728/127 1353/729/127 1352/698/127
f 1354/701/127 1352/698/127 1353/729/127
f 1353/729/127 1355/730/127 1354/701/127
f 1356/710/127 1354/701/127 1355/730/127
f 1355/730/127 1357/731/127 1356/710/127
f 1358/713/127 1356/710/127 1357/731/127
f 1357/731/127 1359/714/127 1358/713/127
f 1360/680/127 1331/716/127 1328/715/127
f 1328/715/127 1350/679/127 1360/680/127
f 1361/720/127 1331/716/127 1360/680/127
f 1360/680/127 1362/681/127 1361/720/127
f 1363/721/127 1361/720/127 1362/681/127
f 1362/681/127 1364/699/127 1363/721/127
f 1365/723/127 1363/721/127 1364/699/127
f 1364/699/127 1366/700/127 1365/723/127
f 1367/725/127 1365/723/127 1366/700/127
f 1366/700/127 1368/711/127 1367/725/127
f 1369/717/127 1367/725/127 1368/711/127
f 1368/711/127 1370/712/127 1369/717/127
f 1358/713/127 1359/714/127 1369/717/127
f 1369/717/127 1370/712/127 1358/713/127
f 1334/716/129 1330/716/129 1331/719/129
f 1331/719/129 1333/719/129 1334/716/129
f 1371/682/131 1372/683/131 1286/683/131
f 1286/683/131 1287/682/131 1371/682/131
f 1286/683/132 1372/683/132 1345/683/132
f 1345/683/132 1285/683/132 1286/683/132
f 1281/679/130 1350/679/130 1351/678/130
f 1351/678/130 1280/678/130 1281/679/130
f 1308/732/130 1280/678/130 1351/678/130
f 1351/678/130 1352/732/130 1308/732/130
f 1327/713/129 1358/713/129 1370/712/129
f 1370/712/129 1326/712/129 1327/713/129
f 1362/681/131 1360/680/131 1282/680/131
f 1282/680/131 1283/681/131 1362/681/131
f 1364/733/131 1362/681/131 1283/681/131
f 1283/681/131 1309/733/131 1364/733/131
f 1282/680/132 1360/680/132 1350/679/132
f 1350/679/132 1281/679/132 1282/680/132
f 1369/717/132 1359/716/132 1374/719/132
f 1374/719/132 1375/727/132 1369/717/132
f 1343/717/132 1369/716/132 1375/719/132
f 1375/719/132 1342/727/132 1343/717/132
f 1349/726/131 1328/727/131 1329/717/131
f 1329/717/131 1376/725/131 1349/726/131
f 1353/724/131 1349/726/131 1376/725/131
f 1376/725/131 1377/723/131 1353/724/131
f 1355/722/131 1353/724/131 1377/723/131
f 1377/723/131 1378/721/131 1355/722/131
f 1357/718/131 1355/722/131 1378/721/131
f 1378/721/131 1379/720/131 1357/718/131
f 1359/719/131 1357/718/131 1379/720/131
f 1379/720/131 1374/716/131 1359/719/131
f 1380/697/131 1373/696/131 1305/696/131
f 1305/696/131 1306/697/131 1380/697/131
f 1307/697/130 1304/696/130 1346/696/130
f 1346/696/130 1381/697/130 1307/697/130
f 1366/700/131 1364/699/131 1309/699/131
f 1309/699/131 1310/700/131 1366/700/131
f 1311/701/130 1308/698/130 1352/698/130
f 1352/698/130 1354/701/130 1311/701/130
f 1321/708/131 1322/709/131 1347/709/131
f 1347/709/131 1382/708/131 1321/708/131
f 1306/724/131 1321/708/131 1382/708/131
f 1382/708/131 1380/724/131 1306/724/131
f 1383/708/130 1348/709/130 1323/709/130
f 1323/709/130 1320/708/130 1383/708/130
f 1381/724/130 1383/708/130 1320/708/130
f 1320/708/130 1307/724/130 1381/724/130
f 1325/711/131 1326/712/131 1370/712/131
f 1370/712/131 1368/711/131 1325/711/131
f 1310/734/131 1325/711/131 1368/711/131
f 1368/711/131 1366/734/131 1310/734/131
f 1356/710/130 1358/713/130 1327/713/130
f 1327/713/130 1324/710/130 1356/710/130
f 1354/735/130 1356/710/130 1324/710/130
f 1324/710/130 1311/735/130 1354/735/130
f 1386/699/127 1385/681/127 1384/678/127
f 1384/678/127 1387/698/127 1386/699/127
f 1390/722/127 1389/682/127 1388/682/127
f 1388/682/127 1391/722/127 1390/722/127
f 1335/720/128 1336/736/128 1392/736/128
f 1392/736/128 1393/720/128 1335/720/128
f 1335/720/128 1293/688/128 1294/689/128
f 1294/689/128 1334/716/128 1335/720/128
f 1334/716/128 1294/689/128 1295/689/128
f 1295/689/128 1330/716/128 1334/716/128
f 1292/688/128 1393/720/128 1330/716/128
f 1330/716/128 1295/689/128 1292/688/128
f 1394/725/128 1395/737/128 1338/737/128
f 1338/737/128 1340/725/128 1394/725/128
f 1394/725/128 1317/706/128 1318/707/128
f 1318/707/128 1375/717/128 1394/725/128
f 1375/717/128 1318/707/128 1319/707/128
f 1319/707/128 1342/717/128 1375/717/128
f 1316/706/128 1340/725/128 1342/717/128
f 1342/717/128 1319/707/128 1316/706/128
f 1398/724/127 1397/708/127 1396/708/127
f 1396/708/127 1399/724/127 1398/724/127
f 1402/701/127 1401/710/127 1400/711/127
f 1400/711/127 1403/700/127 1402/701/127
f 1385/681/129 1283/681/129 1280/678/129
f 1280/678/129 1384/678/129 1385/681/129
f 1384/678/131 1280/678/130 1308/698/130
f 1308/698/130 1387/698/131 1384/678/131
f 1387/698/132 1308/698/132 1309/699/132
f 1309/699/132 1386/699/132 1387/698/132
f 1386/699/130 1309/699/131 1283/681/131
f 1283/681/131 1385/681/130 1386/699/130
f 1389/682/129 1287/682/129 1284/682/129
f 1284/682/129 1388/682/129 1389/682/129
f 1391/722/132 1304/722/132 1305/722/132
f 1305/722/132 1390/722/132 1391/722/132
f 1397/708/132 1320/708/132 1321/708/132
f 1321/708/132 1396/708/132 1397/708/132
f 1396/708/130 1321/708/131 1306/724/131
f 1306/724/131 1399/724/130 1396/708/130
f 1399/724/129 1306/724/129 1307/724/129
f 1307/724/129 1398/724/129 1399/724/129
f 1398/724/131 1307/724/130 1320/708/130
f 1320/708/130 1397/708/131 1398/724/131
f 1401/710/132 1324/710/132 1325/711/132
f 1325/711/132 1400/711/132 1401/710/132
f 1400/711/130 1325/711/131 1310/700/131
f 1310/700/131 1403/700/130 1400/711/130
f 1403/700/129 1310/700/129 1311/701/129
f 1311/701/129 1402/701/129 1403/700/129
f 1402/701/131 1311/701/130 1324/710/130
f 1324/710/130 1401/710/131 1402/701/131
f 1393/725/128 1289/685/128 1290/686/128
f 1290/686/128 1330/717/128 1393/725/128
f 1377/730/128 1376/731/128 1393/725/128
f 1393/725/128 1392/723/128 1377/730/128
f 1288/684/128 1376/731/128 1329/714/128
f 1329/714/128 1291/687/128 1288/684/128
f 1377/730/128 1297/691/128 1298/692/128
f 1298/692/128 1378/729/128 1377/730/128
f 1296/690/128 1392/723/128 1395/721/128
f 1395/721/128 1299/693/128 1296/690/128
f 1379/728/128 1378/729/128 1395/721/128
f 1395/721/128 1394/720/128 1379/728/128
f 1379/728/128 1313/703/128 1314/704/128
f 1314/704/128 1374/715/128 1379/728/128
f 1312/702/128 1394/720/128 1375/716/128
f 1375/716/128 1315/705/128 1312/702/128
f 1330/717/128 1290/686/128 1291/687/128
f 1291/687/128 1329/714/128 1330/717/128
f 1302/695/128 1395/723/128 1392/721/128
f 1392/721/128 1301/694/128 1302/695/128
f 1300/694/128 1336/721/128 1338/723/128
f 1338/723/128 1303/695/128 1300/694/128
f 1374/715/128 1314/704/128 1315/705/128
f 1315/705/128 1375/716/128 1374/715/128
f 1361/718/127 1344/682/127 1345/683/127
f 1345/683/127 1331/719/127 1361/718/127
f 1346/696/127 1344/682/127 1361/718/127
f 1361/718/127 1363/722/127 1346/696/127
f 1381/697/127 1346/696/127 1363/722/127
f 1363/722/127 1365/724/127 1381/697/127
f 1383/708/127 1381/697/127 1365/724/127
f 1365/724/127 1367/726/127 1383/708/127
f 1331/719/127 1345/683/127 1372/683/127
f 1372/683/127 1333/719/127 1331/719/127
f 1332/718/127 1333/719/127 1372/683/127
f 1372/683/127 1371/682/127 1332/718/127
f 1337/722/127 1332/718/127 1371/682/127
f 1371/682/127 1373/696/127 1337/722/127
f 1339/724/127 1337/722/127 1373/696/127
f 1373/696/127 1380/697/127 1339/724/127
f 1341/726/127 1339/724/127 1380/697/127
f 1380/697/127 1382/708/127 1341/726/127
f 1348/709/127 1383/708/127 1367/726/127
f 1367/726/127 1369/727/127 1348/709/127
f 1343/727/127 1341/726/127 1382/708/127
f 1382/708/127 1347/709/127 1343/727/127
f 1348/709/127 1369/727/127 1343/727/127
f 1343/727/127 1347/709/127 1348/709/127

g Window7
v 1.671796 8.059204 14.90845
v 1.671796 6.016081 14.90845
v 0.008726701 6.016081 14.90845
v 0.008726701 8.059204 14.90845
v -0.2329377 8.057178 14.91457
v -0.2329377 6.012003 14.91457
v -1.890493 6.012003 14.91457
v -1.890493 8.057178 14.91457
v 1.689398 8.058191 14.79638
v 0.01424105 8.058191 14.79638
v 0.01424105 6.009279 14.79638
v 1.689398 6.009279 14.79638
v -0.2274233 8.058191 14.79638
v -1.904016 8.058191 14.79638
v -1.904016 6.009279 14.79638
v -0.2274233 6.009279 14.79638
v 0.01424105 8.246766 14.79638
v 1.689398 8.246766 14.79638
v 1.689398 10.3528 14.79638
v 0.01424105 10.3528 14.79638
v -1.904016 8.246766 14.79638
v -0.2274233 8.246766 14.79638
v -0.2274233 10.3528 14.79638
v -1.904016 10.3528 14.79638
v -0.2329377 8.24571 14.91457
v -1.890493 8.24571 14.91457
v -1.890493 10.35381 14.91457
v -0.2329377 10.35381 14.91457
v 1.671796 8.247737 14.90845
v 0.008726701 8.247737 14.90845
v 0.008726701 10.35178 14.90845
v 1.671796 10.35178 14.90845
v 0.01424105 10.5413 14.79638
v 1.689398 10.5413 14.79638
v 1.689398 12.59024 14.79638
v 0.01424105 12.59024 14.79638
v -1.904016 10.5413 14.79638
v -0.2274233 10.5413 14.79638
v -0.2274233 12.59024 14.79638
v -1.904016 12.59024 14.79638
v -0.2329377 10.54234 14.91457
v -1.890493 10.54234 14.91457
v -1.890493 12.58752 14.91457
v -0.2329377 12.58752 14.91457
v 1.671796 10.54032 14.90845
v 0.008726701 10.54032 14.90845
v 0.008726701 12.58344 14.90845
v 1.671796 12.58344 14.90845
v 1.999058 5.699619 15.06657
v 1.999058 5.699619 14.79638
v -0.1137383 5.699619 14.79638
v -0.1137384 5.699619 15.06657
v -2.213676 8.058191 15.06657
v -2.213676 5.699619 15.06657
v -2.213676 5.699619 14.79638
v -2.213676 8.058191 14.79638
v -2.213676 8.246723 14.79638
v -2.213676 8.246723 15.06657
v -2.213676 10.3528 14.79638
v -2.213676 10.3528 15.06657
v -2.213676 10.54133 14.79638
v -2.213676 10.54133 15.06657
v -2.213676 12.8999 14.79638
v -2.213676 12.8999 15.06657
v -0.2329377 8.057178 15.06657
v -0.2329377 6.012003 15.06657
v -0.2329377 8.24571 15.06657
v -1.890493 12.58752 15.06657
v -0.2329377 12.58752 15.06657
v 1.999058 8.058191 15.06657
v 1.671796 6.016081 15.06657
v 1.671796 8.059204 15.06657
v 1.671796 8.247737 15.06657
v 1.999058 8.246723 15.06657
v 1.671796 10.35178 15.06657
v 1.999058 10.3528 15.06657
v 1.671796 10.54032 15.06657
v 1.999058 10.54133 15.06657
v 1.671796 12.58344 15.06657
v 1.999058 12.8999 15.06657
v 0.008726686 6.016081 15.06657
v -0.1137384 8.058185 15.06657
v 0.008726686 8.059204 15.06657
v -0.1137384 8.24673 15.06657
v 0.008726686 8.247737 15.06657
v -0.1137384 10.35279 15.06657
v 0.008726686 10.35178 15.06657
v -0.1137384 10.54134 15.06657
v 0.008726686 10.54032 15.06657
v -0.1137384 12.8999 15.06657
v 0.008726686 12.58344 15.06657
v -1.890493 8.057178 15.06657
v -1.890493 6.012003 15.06657
v -1.890493 8.24571 15.06657
v 1.999058 12.8999 14.79638
v -0.1137383 12.8999 14.79638
v 1.999058 8.058191 14.79638
v 1.999058 8.246723 14.79638
v 1.999058 10.3528 14.79638
v 1.999058 10.54133 14.79638
v -1.890493 10.35381 15.06657
v -0.2329377 10.35381 15.06657
v -1.890493 10.54234 15.06657
v -0.2329377 10.54234 15.06657
v 1.671796 8.059204 15.06488
v 0.008726686 8.059204 15.06488
v 0.008726686 8.247737 15.06488
v 1.671796 8.247737 15.06488
v -0.2329377 8.057178 15.06525
v -1.890493 8.057178 15.06525
v -1.890493 8.24571 15.06525
v -0.2329377 8.24571 15.06525
v -0.1137383 8.246723 14.79638
v -0.1137383 8.058191 14.79638
v -0.1137383 10.54133 14.79638
v -0.1137383 10.3528 14.79638
v -1.890493 10.54234 15.07399
v -0.2329377 10.54234 15.07399
v -0.2329377 10.35381 15.07399
v -1.890493 10.35381 15.07399
v 0.008726686 10.54032 15.05915
v 1.671796 10.54032 15.05915
v 1.671796 10.35178 15.05915
v 0.008726686 10.35178 15.05915

vt 0.3344201 0.5185274
vt 0.03705478 0.5185274
vt 0.03705478 0.9814726
vt 0.3344201 0.9814726
vt 0.3321317 0
vt 0.03060679 0
vt 0.7273681 0.5702567
vt 0.7273681 0.9297433
vt 0.9495887 0.9297433
vt 0.9495887 0.5702567
vt 0.2726319 1
vt 0.05041134 1
vt 0.6059651 0.9297433
vt 0.6059651 0.5702567
vt 0.3940348 0.5702567
vt 0.3940348 0.9297433
vt 0.3940348 1
vt 0.6059651 1
vt 0.3531894 0
vt 0.6468106 0
vt 0.3552188 0.5185274
vt 0.3552188 0.9814726
vt 0.6447812 0.9814726
vt 0.6447812 0.5185274
vt 0.2726319 0.9297433
vt 0.2726319 0.5702567
vt 0.05041134 0.5702567
vt 0.05041134 0.9297433
vt 0.7273681 1
vt 0.9495885 1
vt 0.6678681 0
vt 0.9693931 0
vt 0.6655799 0.5185274
vt 0.6655799 0.9814726
vt 0.9629452 0.9814726
vt 0.9629452 0.5185274
vt 1 0.5
vt 0 0.5
vt 0 1
vt 1 1
vt 0.3230432 0
vt 0 0
vt 0.3230432 1
vt 0.3436235 1
vt 0.3436235 0
vt 0.6563765 1
vt 0.6563765 0
vt 0.6769568 1
vt 0.6769568 0
vt 1 0
vt 0.3230432 0.5
vt 0.3436235 0.5
vt 0.6563765 0.5
vt 0.6769568 0.5
vt 0.3456849 0.5185274
vt 0.3456849 0.9814726
vt 0.6543151 0.9814726
vt 0.6543151 0.5185274
vt 0.3333333 1
vt 0.6666667 1

vn -1.192093E-06 0 10
vn 1.192093E-06 0 -10
vn 0 -10 0
vn -10 0 -1.192093E-06
vn 10 0 1.192093E-06
vn 0 10 0

usemtl Glass.1
f 1407/741/133 1406/740/133 1405/739/133 1404/738/133
f 1411/742/133 1410/743/133 1409/743/133 1408/742/133
f 1415/747/134 1414/746/134 1413/745/134 1412/744/134
f 1419/749/134 1418/749/134 1417/748/134 1416/748/134
f 1423/753/134 1422/752/134 1421/751/134 1420/750/134
f 1427/755/134 1426/755/134 1425/754/134 1424/754/134
f 1431/757/133 1430/757/133 1429/756/133 1428/756/133
f 1435/761/133 1434/760/133 1433/759/133 1432/758/133
f 1439/765/134 1438/764/134 1437/763/134 1436/762/134
f 1443/767/134 1442/767/134 1441/766/134 1440/766/134
f 1447/769/133 1446/769/133 1445/768/133 1444/768/133
f 1451/773/133 1450/772/133 1449/771/133 1448/770/133

usemtl white
f 1428/782/136 1408/742/136 1468/742/136
f 1470/782/136 1428/782/136 1468/742/136
f 1497/782/136 1495/742/136 1411/742/136
f 1429/782/136 1497/782/136 1411/742/136
f 1512/742/136 1408/742/136 1428/782/136
f 1515/782/136 1512/742/136 1428/782/136
f 1514/782/136 1429/782/136 1411/742/136
f 1513/742/136 1514/782/136 1411/742/136
f 1500/791/136 1412/744/136 1413/745/136
f 1517/785/136 1500/791/136 1413/745/136
f 1517/780/136 1416/748/136 1417/748/136
f 1459/780/136 1517/780/136 1417/748/136
f 1502/789/136 1422/752/136 1423/753/136
f 1519/781/136 1502/789/136 1423/753/136
f 1516/783/134 1420/750/134 1421/751/134
f 1501/790/134 1516/783/134 1421/751/134
f 1516/781/134 1460/781/134 1425/754/134
f 1460/781/134 1424/754/134 1425/754/134
f 1519/783/136 1426/755/136 1427/755/136
f 1462/783/136 1519/783/136 1427/755/136
f 1518/780/134 1436/762/134 1437/763/134
f 1503/788/134 1518/780/134 1437/763/134
f 1464/785/134 1440/766/134 1441/766/134
f 1518/785/134 1464/785/134 1441/766/134
f 1454/776/135 1453/775/135 1452/774/135
f 1452/774/135 1455/777/135 1454/776/135
f 1458/776/136 1457/779/136 1456/778/136
f 1456/778/136 1459/780/136 1458/776/136
f 1460/781/136 1459/780/136 1456/778/136
f 1456/778/136 1461/782/136 1460/781/136
f 1462/783/136 1460/781/136 1461/782/136
f 1461/782/136 1463/784/136 1462/783/136
f 1464/785/136 1462/783/136 1463/784/136
f 1463/784/136 1465/786/136 1464/785/136
f 1466/777/136 1464/785/136 1465/786/136
f 1465/786/136 1467/787/136 1466/777/136
f 1409/743/136 1469/743/136 1468/742/136
f 1468/742/136 1408/742/136 1409/743/136
f 1447/769/135 1472/769/135 1471/769/135
f 1471/769/135 1446/769/135 1447/769/135
f 1474/739/133 1452/775/133 1473/788/133
f 1473/788/133 1475/738/133 1474/739/133
f 1476/758/133 1475/738/133 1473/788/133
f 1473/788/133 1477/789/133 1476/758/133
f 1478/761/133 1476/758/133 1477/789/133
f 1477/789/133 1479/790/133 1478/761/133
f 1480/770/133 1478/761/133 1479/790/133
f 1479/790/133 1481/791/133 1480/770/133
f 1482/773/133 1480/770/133 1481/791/133
f 1481/791/133 1483/774/133 1482/773/133
f 1484/740/133 1455/776/133 1452/775/133
f 1452/775/133 1474/739/133 1484/740/133
f 1485/780/133 1455/776/133 1484/740/133
f 1484/740/133 1486/741/133 1485/780/133
f 1487/781/133 1485/780/133 1486/741/133
f 1486/741/133 1488/759/133 1487/781/133
f 1489/783/133 1487/781/133 1488/759/133
f 1488/759/133 1490/760/133 1489/783/133
f 1491/785/133 1489/783/133 1490/760/133
f 1490/760/133 1492/771/133 1491/785/133
f 1493/777/133 1491/785/133 1492/771/133
f 1492/771/133 1494/772/133 1493/777/133
f 1482/773/133 1483/774/133 1493/777/133
f 1493/777/133 1494/772/133 1482/773/133
f 1458/776/135 1454/776/135 1455/779/135
f 1455/779/135 1457/779/135 1458/776/135
f 1495/742/137 1496/743/137 1410/743/137
f 1410/743/137 1411/742/137 1495/742/137
f 1410/743/138 1496/743/138 1469/743/138
f 1469/743/138 1409/743/138 1410/743/138
f 1405/739/136 1474/739/136 1475/738/136
f 1475/738/136 1404/738/136 1405/739/136
f 1432/792/136 1404/738/136 1475/738/136
f 1475/738/136 1476/792/136 1432/792/136
f 1451/773/135 1482/773/135 1494/772/135
f 1494/772/135 1450/772/135 1451/773/135
f 1486/741/137 1484/740/137 1406/740/137
f 1406/740/137 1407/741/137 1486/741/137
f 1488/793/137 1486/741/137 1407/741/137
f 1407/741/137 1433/793/137 1488/793/137
f 1406/740/138 1484/740/138 1474/739/138
f 1474/739/138 1405/739/138 1406/740/138
f 1493/777/138 1483/776/138 1498/779/138
f 1498/779/138 1499/787/138 1493/777/138
f 1467/777/138 1493/776/138 1499/779/138
f 1499/779/138 1466/787/138 1467/777/138
f 1473/786/137 1452/787/137 1453/777/137
f 1453/777/137 1500/785/137 1473/786/137
f 1477/784/137 1473/786/137 1500/785/137
f 1500/785/137 1501/783/137 1477/784/137
f 1479/782/137 1477/784/137 1501/783/137
f 1501/783/137 1502/781/137 1479/782/137
f 1481/778/137 1479/782/137 1502/781/137
f 1502/781/137 1503/780/137 1481/778/137
f 1483/779/137 1481/778/137 1503/780/137
f 1503/780/137 1498/776/137 1483/779/137
f 1504/757/137 1497/756/137 1429/756/137
f 1429/756/137 1430/757/137 1504/757/137
f 1431/757/136 1428/756/136 1470/756/136
f 1470/756/136 1505/757/136 1431/757/136
f 1490/760/137 1488/759/137 1433/759/137
f 1433/759/137 1434/760/137 1490/760/137
f 1435/761/136 1432/758/136 1476/758/136
f 1476/758/136 1478/761/136 1435/761/136
f 1445/768/137 1446/769/137 1471/769/137
f 1471/769/137 1506/768/137 1445/768/137
f 1430/784/137 1445/768/137 1506/768/137
f 1506/768/137 1504/784/137 1430/784/137
f 1507/768/136 1472/769/136 1447/769/136
f 1447/769/136 1444/768/136 1507/768/136
f 1505/784/136 1507/768/136 1444/768/136
f 1444/768/136 1431/784/136 1505/784/136
f 1449/771/137 1450/772/137 1494/772/137
f 1494/772/137 1492/771/137 1449/771/137
f 1434/794/137 1449/771/137 1492/771/137
f 1492/771/137 1490/794/137 1434/794/137
f 1480/770/136 1482/773/136 1451/773/136
f 1451/773/136 1448/770/136 1480/770/136
f 1478/795/136 1480/770/136 1448/770/136
f 1448/770/136 1435/795/136 1478/795/136
f 1510/759/133 1509/741/133 1508/738/133
f 1508/738/133 1511/758/133 1510/759/133
f 1514/782/133 1513/742/133 1512/742/133
f 1512/742/133 1515/782/133 1514/782/133
f 1459/780/134 1460/796/134 1516/796/134
f 1516/796/134 1517/780/134 1459/780/134
f 1459/780/134 1417/748/134 1418/749/134
f 1418/749/134 1458/776/134 1459/780/134
f 1458/776/134 1418/749/134 1419/749/134
f 1419/749/134 1454/776/134 1458/776/134
f 1416/748/134 1517/780/134 1454/776/134
f 1454/776/134 1419/749/134 1416/748/134
f 1518/785/134 1519/797/134 1462/797/134
f 1462/797/134 1464/785/134 1518/785/134
f 1518/785/134 1441/766/134 1442/767/134
f 1442/767/134 1499/777/134 1518/785/134
f 1499/777/134 1442/767/134 1443/767/134
f 1443/767/134 1466/777/134 1499/777/134
f 1440/766/134 1464/785/134 1466/777/134
f 1466/777/134 1443/767/134 1440/766/134
f 1522/784/133 1521/768/133 1520/768/133
f 1520/768/133 1523/784/133 1522/784/133
f 1526/761/133 1525/770/133 1524/771/133
f 1524/771/133 1527/760/133 1526/761/133
f 1509/741/135 1407/741/135 1404/738/135
f 1404/738/135 1508/738/135 1509/741/135
f 1508/738/137 1404/738/136 1432/758/136
f 1432/758/136 1511/758/137 1508/738/137
f 1511/758/138 1432/758/138 1433/759/138
f 1433/759/138 1510/759/138 1511/758/138
f 1510/759/136 1433/759/137 1407/741/137
f 1407/741/137 1509/741/136 1510/759/136
f 1513/742/135 1411/742/135 1408/742/135
f 1408/742/135 1512/742/135 1513/742/135
f 1515/782/138 1428/782/138 1429/782/138
f 1429/782/138 1514/782/138 1515/782/138
f 1521/768/138 1444/768/138 1445/768/138
f 1445/768/138 1520/768/138 1521/768/138
f 1520/768/136 1445/768/137 1430/784/137
f 1430/784/137 1523/784/136 1520/768/136
f 1523/784/135 1430/784/135 1431/784/135
f 1431/784/135 1522/784/135 1523/784/135
f 1522/784/137 1431/784/136 1444/768/136
f 1444/768/136 1521/768/137 1522/784/137
f 1525/770/138 1448/770/138 1449/771/138
f 1449/771/138 1524/771/138 1525/770/138
f 1524/771/136 1449/771/137 1434/760/137
f 1434/760/137 1527/760/136 1524/771/136
f 1527/760/135 1434/760/135 1435/761/135
f 1435/761/135 1526/761/135 1527/760/135
f 1526/761/137 1435/761/136 1448/770/136
f 1448/770/136 1525/770/137 1526/761/137
f 1517/785/134 1413/745/134 1414/746/134
f 1414/746/134 1454/777/134 1517/785/134
f 1501/790/134 1500/791/134 1517/785/134
f 1517/785/134 1516/783/134 1501/790/134
f 1412/744/134 1500/791/134 1453/774/134
f 1453/774/134 1415/747/134 1412/744/134
f 1501/790/134 1421/751/134 1422/752/134
f 1422/752/134 1502/789/134 1501/790/134
f 1420/750/134 1516/783/134 1519/781/134
f 1519/781/134 1423/753/134 1420/750/134
f 1503/788/134 1502/789/134 1519/781/134
f 1519/781/134 1518/780/134 1503/788/134
f 1503/788/134 1437/763/134 1438/764/134
f 1438/764/134 1498/775/134 1503/788/134
f 1436/762/134 1518/780/134 1499/776/134
f 1499/776/134 1439/765/134 1436/762/134
f 1454/777/134 1414/746/134 1415/747/134
f 1415/747/134 1453/774/134 1454/777/134
f 1426/755/134 1519/783/134 1516/781/134
f 1516/781/134 1425/754/134 1426/755/134
f 1424/754/134 1460/781/134 1462/783/134
f 1462/783/134 1427/755/134 1424/754/134
f 1498/775/134 1438/764/134 1439/765/134
f 1439/765/134 1499/776/134 1498/775/134
f 1485/778/133 1468/742/133 1469/743/133
f 1469/743/133 1455/779/133 1485/778/133
f 1470/756/133 1468/742/133 1485/778/133
f 1485/778/133 1487/782/133 1470/756/133
f 1505/757/133 1470/756/133 1487/782/133
f 1487/782/133 1489/784/133 1505/757/133
f 1507/768/133 1505/757/133 1489/784/133
f 1489/784/133 1491/786/133 1507/768/133
f 1455/779/133 1469/743/133 1496/743/133
f 1496/743/133 1457/779/133 1455/779/133
f 1456/778/133 1457/779/133 1496/743/133
f 1496/743/133 1495/742/133 1456/778/133
f 1461/782/133 1456/778/133 1495/742/133
f 1495/742/133 1497/756/133 1461/782/133
f 1463/784/133 1461/782/133 1497/756/133
f 1497/756/133 1504/757/133 1463/784/133
f 1465/786/133 1463/784/133 1504/757/133
f 1504/757/133 1506/768/133 1465/786/133
f 1472/769/133 1507/768/133 1491/786/133
f 1491/786/133 1493/787/133 1472/769/133
f 1467/787/133 1465/786/133 1506/768/133
f 1506/768/133 1471/769/133 1467/787/133
f 1472/769/133 1493/787/133 1467/787/133
f 1467/787/133 1471/769/133 1472/769/133

g Window8
v 13.63974 8.059204 14.90846
v 13.63974 6.016081 14.90846
v 11.97667 6.016081 14.90846
v 11.97667 8.059204 14.90846
v 11.735 8.057178 14.91458
v 11.735 6.012003 14.91458
v 10.07745 6.012003 14.91457
v 10.07745 8.057178 14.91457
v 13.65734 8.058191 14.79639
v 11.98218 8.058191 14.79639
v 11.98218 6.009279 14.79639
v 13.65734 6.009279 14.79639
v 11.74052 8.058191 14.79639
v 10.06392 8.058191 14.79639
v 10.06392 6.009279 14.79639
v 11.74052 6.009279 14.79639
v 11.98218 8.246766 14.79639
v 13.65734 8.246766 14.79639
v 13.65734 10.3528 14.79639
v 11.98218 10.3528 14.79639
v 10.06392 8.246766 14.79639
v 11.74052 8.246766 14.79639
v 11.74052 10.3528 14.79639
v 10.06392 10.3528 14.79639
v 11.735 8.24571 14.91458
v 10.07745 8.24571 14.91457
v 10.07745 10.35381 14.91457
v 11.735 10.35381 14.91458
v 13.63974 8.247737 14.90846
v 11.97667 8.247737 14.90846
v 11.97667 10.35178 14.90846
v 13.63974 10.35178 14.90846
v 11.98218 10.5413 14.79639
v 13.65734 10.5413 14.79639
v 13.65734 12.59024 14.79639
v 11.98218 12.59024 14.79639
v 10.06392 10.5413 14.79639
v 11.74052 10.5413 14.79639
v 11.74052 12.59024 14.79639
v 10.06392 12.59024 14.79639
v 11.735 10.54234 14.91458
v 10.07745 10.54234 14.91457
v 10.07745 12.58752 14.91457
v 11.735 12.58752 14.91458
v 13.63974 10.54032 14.90846
v 11.97667 10.54032 14.90846
v 11.97667 12.58344 14.90846
v 13.63974 12.58344 14.90846
v 13.967 5.699619 15.06657
v 13.967 5.699619 14.79639
v 11.8542 5.699619 14.79639
v 11.8542 5.699619 15.06657
v 9.754265 8.058191 15.06657
v 9.754265 5.699619 15.06657
v 9.754265 5.699619 14.79639
v 9.754265 8.058191 14.79639
v 9.754265 8.246723 14.79639
v 9.754265 8.246723 15.06657
v 9.754265 10.3528 14.79639
v 9.754265 10.3528 15.06657
v 9.754265 10.54133 14.79639
v 9.754265 10.54133 15.06657
v 9.754265 12.8999 14.79639
v 9.754265 12.8999 15.06657
v 11.735 8.057178 15.06657
v 11.735 6.012003 15.06657
v 11.735 8.24571 15.06657
v 10.07745 12.58752 15.06657
v 11.735 12.58752 15.06657
v 13.967 8.058191 15.06657
v 13.63974 6.016081 15.06657
v 13.63974 8.059204 15.06657
v 13.63974 8.247737 15.06657
v 13.967 8.246723 15.06657
v 13.63974 10.35178 15.06657
v 13.967 10.3528 15.06657
v 13.63974 10.54032 15.06657
v 13.967 10.54133 15.06657
v 13.63974 12.58344 15.06657
v 13.967 12.8999 15.06657
v 11.97667 6.016081 15.06657
v 11.8542 8.058185 15.06657
v 11.97667 8.059204 15.06657
v 11.8542 8.24673 15.06657
v 11.97667 8.247737 15.06657
v 11.8542 10.35279 15.06657
v 11.97667 10.35178 15.06657
v 11.8542 10.54134 15.06657
v 11.97667 10.54032 15.06657
v 11.8542 12.8999 15.06657
v 11.97667 12.58344 15.06657
v 10.07745 8.057178 15.06657
v 10.07745 6.012003 15.06657
v 10.07745 8.24571 15.06657
v 13.967 12.8999 14.79639
v 11.8542 12.8999 14.79639
v 13.967 8.058191 14.79639
v 13.967 8.246723 14.79639
v 13.967 10.3528 14.79639
v 13.967 10.54133 14.79639
v 10.07745 10.35381 15.06657
v 11.735 10.35381 15.06657
v 10.07745 10.54234 15.06657
v 11.735 10.54234 15.06657
v 13.63974 8.059204 15.06488
v 11.97667 8.059204 15.06488
v 11.97667 8.247737 15.06488
v 13.63974 8.247737 15.06488
v 11.735 8.057178 15.06525
v 10.07745 8.057178 15.06525
v 10.07745 8.24571 15.06525
v 11.735 8.24571 15.06525
v 11.8542 8.246723 14.79639
v 11.8542 8.058191 14.79639
v 11.8542 10.54133 14.79639
v 11.8542 10.3528 14.79639
v 10.07745 10.54234 15.07399
v 11.735 10.54234 15.07399
v 11.735 10.35381 15.07399
v 10.07745 10.35381 15.07399
v 11.97667 10.54032 15.05916
v 13.63974 10.54032 15.05916
v 13.63974 10.35178 15.05916
v 11.97667 10.35178 15.05916

vt 0.3344201 0.5185274
vt 0.03705478 0.5185274
vt 0.03705478 0.9814726
vt 0.3344201 0.9814726
vt 0.3321317 0
vt 0.03060679 0
vt 0.7273681 0.5702567
vt 0.7273681 0.9297433
vt 0.9495887 0.9297433
vt 0.9495887 0.5702567
vt 0.2726319 1
vt 0.05041134 1
vt 0.6059651 0.9297433
vt 0.6059651 0.5702567
vt 0.3940348 0.5702567
vt 0.3940348 0.9297433
vt 0.3940348 1
vt 0.6059651 1
vt 0.3531894 0
vt 0.6468106 0
vt 0.3552188 0.5185274
vt 0.3552188 0.9814726
vt 0.6447812 0.9814726
vt 0.6447812 0.5185274
vt 0.2726319 0.9297433
vt 0.2726319 0.5702567
vt 0.05041134 0.5702567
vt 0.05041134 0.9297433
vt 0.7273681 1
vt 0.9495885 1
vt 0.6678681 0
vt 0.9693931 0
vt 0.6655799 0.5185274
vt 0.6655799 0.9814726
vt 0.9629452 0.9814726
vt 0.9629452 0.5185274
vt 1 0.5
vt 0 0.5
vt 0 1
vt 1 1
vt 0.3230432 0
vt 0 0
vt 0.3230432 1
vt 0.3436235 1
vt 0.3436235 0
vt 0.6563765 1
vt 0.6563765 0
vt 0.6769568 1
vt 0.6769568 0
vt 1 0
vt 0.3230432 0.5
vt 0.3436235 0.5
vt 0.6563765 0.5
vt 0.6769568 0.5
vt 0.3456849 0.5185274
vt 0.3456849 0.9814726
vt 0.6543151 0.9814726
vt 0.6543151 0.5185274
vt 0.3333333 1
vt 0.6666667 1

vn -1.192093E-06 0 10
vn 1.192093E-06 0 -10
vn 0 -10 0
vn -10 0 -1.192093E-06
vn 10 0 1.192093E-06
vn 0 10 0

usemtl Glass.1
f 1531/801/139 1530/800/139 1529/799/139 1528/798/139
f 1535/802/139 1534/803/139 1533/803/139 1532/802/139
f 1539/807/140 1538/806/140 1537/805/140 1536/804/140
f 1543/809/140 1542/809/140 1541/808/140 1540/808/140
f 1547/813/140 1546/812/140 1545/811/140 1544/810/140
f 1551/815/140 1550/815/140 1549/814/140 1548/814/140
f 1555/817/139 1554/817/139 1553/816/139 1552/816/139
f 1559/821/139 1558/820/139 1557/819/139 1556/818/139
f 1563/825/140 1562/824/140 1561/823/140 1560/822/140
f 1567/827/140 1566/827/140 1565/826/140 1564/826/140
f 1571/829/139 1570/829/139 1569/828/139 1568/828/139
f 1575/833/139 1574/832/139 1573/831/139 1572/830/139

usemtl white
f 1552/842/142 1532/802/142 1592/802/142
f 1594/842/142 1552/842/142 1592/802/142
f 1621/842/142 1619/802/142 1535/802/142
f 1553/842/142 1621/842/142 1535/802/142
f 1636/802/142 1532/802/142 1552/842/142
f 1639/842/142 1636/802/142 1552/842/142
f 1638/842/142 1553/842/142 1535/802/142
f 1637/802/142 1638/842/142 1535/802/142
f 1624/851/142 1536/804/142 1537/805/142
f 1641/845/142 1624/851/142 1537/805/142
f 1641/840/142 1540/808/142 1541/808/142
f 1583/840/142 1641/840/142 1541/808/142
f 1626/849/142 1546/812/142 1547/813/142
f 1643/841/142 1626/849/142 1547/813/142
f 1640/843/140 1544/810/140 1545/811/140
f 1625/850/140 1640/843/140 1545/811/140
f 1640/841/140 1584/841/140 1549/814/140
f 1584/841/140 1548/814/140 1549/814/140
f 1643/843/142 1550/815/142 1551/815/142
f 1586/843/142 1643/843/142 1551/815/142
f 1642/840/140 1560/822/140 1561/823/140
f 1627/848/140 1642/840/140 1561/823/140
f 1588/845/140 1564/826/140 1565/826/140
f 1642/845/140 1588/845/140 1565/826/140
f 1578/836/141 1577/835/141 1576/834/141
f 1576/834/141 1579/837/141 1578/836/141
f 1582/836/142 1581/839/142 1580/838/142
f 1580/838/142 1583/840/142 1582/836/142
f 1584/841/142 1583/840/142 1580/838/142
f 1580/838/142 1585/842/142 1584/841/142
f 1586/843/142 1584/841/142 1585/842/142
f 1585/842/142 1587/844/142 1586/843/142
f 1588/845/142 1586/843/142 1587/844/142
f 1587/844/142 1589/846/142 1588/845/142
f 1590/837/142 1588/845/142 1589/846/142
f 1589/846/142 1591/847/142 1590/837/142
f 1533/803/142 1593/803/142 1592/802/142
f 1592/802/142 1532/802/142 1533/803/142
f 1571/829/141 1596/829/141 1595/829/141
f 1595/829/141 1570/829/141 1571/829/141
f 1598/799/139 1576/835/139 1597/848/139
f 1597/848/139 1599/798/139 1598/799/139
f 1600/818/139 1599/798/139 1597/848/139
f 1597/848/139 1601/849/139 1600/818/139
f 1602/821/139 1600/818/139 1601/849/139
f 1601/849/139 1603/850/139 1602/821/139
f 1604/830/139 1602/821/139 1603/850/139
f 1603/850/139 1605/851/139 1604/830/139
f 1606/833/139 1604/830/139 1605/851/139
f 1605/851/139 1607/834/139 1606/833/139
f 1608/800/139 1579/836/139 1576/835/139
f 1576/835/139 1598/799/139 1608/800/139
f 1609/840/139 1579/836/139 1608/800/139
f 1608/800/139 1610/801/139 1609/840/139
f 1611/841/139 1609/840/139 1610/801/139
f 1610/801/139 1612/819/139 1611/841/139
f 1613/843/139 1611/841/139 1612/819/139
f 1612/819/139 1614/820/139 1613/843/139
f 1615/845/139 1613/843/139 1614/820/139
f 1614/820/139 1616/831/139 1615/845/139
f 1617/837/139 1615/845/139 1616/831/139
f 1616/831/139 1618/832/139 1617/837/139
f 1606/833/139 1607/834/139 1617/837/139
f 1617/837/139 1618/832/139 1606/833/139
f 1582/836/141 1578/836/141 1579/839/141
f 1579/839/141 1581/839/141 1582/836/141
f 1619/802/143 1620/803/143 1534/803/143
f 1534/803/143 1535/802/143 1619/802/143
f 1534/803/144 1620/803/144 1593/803/144
f 1593/803/144 1533/803/144 1534/803/144
f 1529/799/142 1598/799/142 1599/798/142
f 1599/798/142 1528/798/142 1529/799/142
f 1556/852/142 1528/798/142 1599/798/142
f 1599/798/142 1600/852/142 1556/852/142
f 1575/833/141 1606/833/141 1618/832/141
f 1618/832/141 1574/832/141 1575/833/141
f 1610/801/143 1608/800/143 1530/800/143
f 1530/800/143 1531/801/143 1610/801/143
f 1612/853/143 1610/801/143 1531/801/143
f 1531/801/143 1557/853/143 1612/853/143
f 1530/800/144 1608/800/144 1598/799/144
f 1598/799/144 1529/799/144 1530/800/144
f 1617/837/144 1607/836/144 1622/839/144
f 1622/839/144 1623/847/144 1617/837/144
f 1591/837/144 1617/836/144 1623/839/144
f 1623/839/144 1590/847/144 1591/837/144
f 1597/846/143 1576/847/143 1577/837/143
f 1577/837/143 1624/845/143 1597/846/143
f 1601/844/143 1597/846/143 1624/845/143
f 1624/845/143 1625/843/143 1601/844/143
f 1603/842/143 1601/844/143 1625/843/143
f 1625/843/143 1626/841/143 1603/842/143
f 1605/838/143 1603/842/143 1626/841/143
f 1626/841/143 1627/840/143 1605/838/143
f 1607/839/143 1605/838/143 1627/840/143
f 1627/840/143 1622/836/143 1607/839/143
f 1628/817/143 1621/816/143 1553/816/143
f 1553/816/143 1554/817/143 1628/817/143
f 1555/817/142 1552/816/142 1594/816/142
f 1594/816/142 1629/817/142 1555/817/142
f 1614/820/143 1612/819/143 1557/819/143
f 1557/819/143 1558/820/143 1614/820/143
f 1559/821/142 1556/818/142 1600/818/142
f 1600/818/142 1602/821/142 1559/821/142
f 1569/828/143 1570/829/143 1595/829/143
f 1595/829/143 1630/828/143 1569/828/143
f 1554/844/143 1569/828/143 1630/828/143
f 1630/828/143 1628/844/143 1554/844/143
f 1631/828/142 1596/829/142 1571/829/142
f 1571/829/142 1568/828/142 1631/828/142
f 1629/844/142 1631/828/142 1568/828/142
f 1568/828/142 1555/844/142 1629/844/142
f 1573/831/143 1574/832/143 1618/832/143
f 1618/832/143 1616/831/143 1573/831/143
f 1558/854/143 1573/831/143 1616/831/143
f 1616/831/143 1614/854/143 1558/854/143
f 1604/830/142 1606/833/142 1575/833/142
f 1575/833/142 1572/830/142 1604/830/142
f 1602/855/142 1604/830/142 1572/830/142
f 1572/830/142 1559/855/142 1602/855/142
f 1634/819/139 1633/801/139 1632/798/139
f 1632/798/139 1635/818/139 1634/819/139
f 1638/842/139 1637/802/139 1636/802/139
f 1636/802/139 1639/842/139 1638/842/139
f 1583/840/140 1584/856/140 1640/856/140
f 1640/856/140 1641/840/140 1583/840/140
f 1583/840/140 1541/808/140 1542/809/140
f 1542/809/140 1582/836/140 1583/840/140
f 1582/836/140 1542/809/140 1543/809/140
f 1543/809/140 1578/836/140 1582/836/140
f 1540/808/140 1641/840/140 1578/836/140
f 1578/836/140 1543/809/140 1540/808/140
f 1642/845/140 1643/857/140 1586/857/140
f 1586/857/140 1588/845/140 1642/845/140
f 1642/845/140 1565/826/140 1566/827/140
f 1566/827/140 1623/837/140 1642/845/140
f 1623/837/140 1566/827/140 1567/827/140
f 1567/827/140 1590/837/140 1623/837/140
f 1564/826/140 1588/845/140 1590/837/140
f 1590/837/140 1567/827/140 1564/826/140
f 1646/844/139 1645/828/139 1644/828/139
f 1644/828/139 1647/844/139 1646/844/139
f 1650/821/139 1649/830/139 1648/831/139
f 1648/831/139 1651/820/139 1650/821/139
f 1633/801/141 1531/801/141 1528/798/141
f 1528/798/141 1632/798/141 1633/801/141
f 1632/798/143 1528/798/142 1556/818/142
f 1556/818/142 1635/818/143 1632/798/143
f 1635/818/144 1556/818/144 1557/819/144
f 1557/819/144 1634/819/144 1635/818/144
f 1634/819/142 1557/819/143 1531/801/143
f 1531/801/143 1633/801/142 1634/819/142
f 1637/802/141 1535/802/141 1532/802/141
f 1532/802/141 1636/802/141 1637/802/141
f 1639/842/144 1552/842/144 1553/842/144
f 1553/842/144 1638/842/144 1639/842/144
f 1645/828/144 1568/828/144 1569/828/144
f 1569/828/144 1644/828/144 1645/828/144
f 1644/828/142 1569/828/143 1554/844/143
f 1554/844/143 1647/844/142 1644/828/142
f 1647/844/141 1554/844/141 1555/844/141
f 1555/844/141 1646/844/141 1647/844/141
f 1646/844/143 1555/844/142 1568/828/142
f 1568/828/142 1645/828/143 1646/844/143
f 1649/830/144 1572/830/144 1573/831/144
f 1573/831/144 1648/831/144 1649/830/144
f 1648/831/142 1573/831/143 1558/820/143
f 1558/820/143 1651/820/142 1648/831/142
f 1651/820/141 1558/820/141 1559/821/141
f 1559/821/141 1650/821/141 1651/820/141
f 1650/821/143 1559/821/142 1572/830/142
f 1572/830/142 1649/830/143 1650/821/143
f 1641/845/140 1537/805/140 1538/806/140
f 1538/806/140 1578/837/140 1641/845/140
f 1625/850/140 1624/851/140 1641/845/140
f 1641/845/140 1640/843/140 1625/850/140
f 1536/804/140 1624/851/140 1577/834/140
f 1577/834/140 1539/807/140 1536/804/140
f 1625/850/140 1545/811/140 1546/812/140
f 1546/812/140 1626/849/140 1625/850/140
f 1544/810/140 1640/843/140 1643/841/140
f 1643/841/140 1547/813/140 1544/810/140
f 1627/848/140 1626/849/140 1643/841/140
f 1643/841/140 1642/840/140 1627/848/140
f 1627/848/140 1561/823/140 1562/824/140
f 1562/824/140 1622/835/140 1627/848/140
f 1560/822/140 1642/840/140 1623/836/140
f 1623/836/140 1563/825/140 1560/822/140
f 1578/837/140 1538/806/140 1539/807/140
f 1539/807/140 1577/834/140 1578/837/140
f 1550/815/140 1643/843/140 1640/841/140
f 1640/841/140 1549/814/140 1550/815/140
f 1548/814/140 1584/841/140 1586/843/140
f 1586/843/140 1551/815/140 1548/814/140
f 1622/835/140 1562/824/140 1563/825/140
f 1563/825/140 1623/836/140 1622/835/140
f 1609/838/139 1592/802/139 1593/803/139
f 1593/803/139 1579/839/139 1609/838/139
f 1594/816/139 1592/802/139 1609/838/139
f 1609/838/139 1611/842/139 1594/816/139
f 1629/817/139 1594/816/139 1611/842/139
f 1611/842/139 1613/844/139 1629/817/139
f 1631/828/139 1629/817/139 1613/844/139
f 1613/844/139 1615/846/139 1631/828/139
f 1579/839/139 1593/803/139 1620/803/139
f 1620/803/139 1581/839/139 1579/839/139
f 1580/838/139 1581/839/139 1620/803/139
f 1620/803/139 1619/802/139 1580/838/139
f 1585/842/139 1580/838/139 1619/802/139
f 1619/802/139 1621/816/139 1585/842/139
f 1587/844/139 1585/842/139 1621/816/139
f 1621/816/139 1628/817/139 1587/844/139
f 1589/846/139 1587/844/139 1628/817/139
f 1628/817/139 1630/828/139 1589/846/139
f 1596/829/139 1631/828/139 1615/846/139
f 1615/846/139 1617/847/139 1596/829/139
f 1591/847/139 1589/846/139 1630/828/139
f 1630/828/139 1595/829/139 1591/847/139
f 1596/829/139 1617/847/139 1591/847/139
f 1591/847/139 1595/829/139 1596/829/139

g Window9
v -10.2312 21.51508 14.90845
v -10.2312 19.47196 14.90845
v -11.89427 19.47196 14.90845
v -11.89427 21.51508 14.90845
v -12.13593 21.51306 14.91457
v -12.13593 19.46788 14.91457
v -13.79349 19.46788 14.91457
v -13.79349 21.51306 14.91457
v -10.2136 21.51407 14.79638
v -11.88875 21.51407 14.79638
v -11.88875 19.46516 14.79638
v -10.2136 19.46516 14.79638
v -12.13042 21.51407 14.79638
v -13.80701 21.51407 14.79638
v -13.80701 19.46516 14.79638
v -12.13042 19.46516 14.79638
v -11.88875 21.70264 14.79638
v -10.2136 21.70264 14.79638
v -10.2136 23.80868 14.79638
v -11.88875 23.80868 14.79638
v -13.80701 21.70264 14.79638
v -12.13042 21.70264 14.79638
v -12.13042 23.80868 14.79638
v -13.80701 23.80868 14.79638
v -12.13593 21.70159 14.91457
v -13.79349 21.70159 14.91457
v -13.79349 23.80969 14.91457
v -12.13593 23.80969 14.91457
v -10.2312 21.70362 14.90845
v -11.89427 21.70362 14.90845
v -11.89427 23.80766 14.90845
v -10.2312 23.80766 14.90845
v -11.88875 23.99718 14.79638
v -10.2136 23.99718 14.79638
v -10.2136 26.04612 14.79638
v -11.88875 26.04612 14.79638
v -13.80701 23.99718 14.79638
v -12.13042 23.99718 14.79638
v -12.13042 26.04612 14.79638
v -13.80701 26.04612 14.79638
v -12.13593 23.99822 14.91457
v -13.79349 23.99822 14.91457
v -13.79349 26.0434 14.91457
v -12.13593 26.0434 14.91457
v -10.2312 23.9962 14.90845
v -11.89427 23.9962 14.90845
v -11.89427 26.03932 14.90845
v -10.2312 26.03932 14.90845
v -9.903938 19.1555 15.06657
v -9.903938 19.1555 14.79638
v -12.01673 19.1555 14.79638
v -12.01673 19.1555 15.06657
v -14.11667 21.51407 15.06657
v -14.11667 19.1555 15.06657
v -14.11667 19.1555 14.79638
v -14.11667 21.51407 14.79638
v -14.11667 21.7026 14.79638
v -14.11667 21.7026 15.06657
v -14.11667 23.80868 14.79638
v -14.11667 23.80868 15.06657
v -14.11667 23.99721 14.79638
v -14.11667 23.99721 15.06657
v -14.11667 26.35578 14.79638
v -14.11667 26.35578 15.06657
v -12.13593 21.51306 15.06657
v -12.13593 19.46788 15.06657
v -12.13593 21.70159 15.06657
v -13.79349 26.0434 15.06657
v -12.13593 26.0434 15.06657
v -9.903938 21.51407 15.06657
v -10.2312 19.47196 15.06657
v -10.2312 21.51508 15.06657
v -10.2312 21.70362 15.06657
v -9.903938 21.7026 15.06657
v -10.2312 23.80766 15.06657
v -9.903938 23.80868 15.06657
v -10.2312 23.9962 15.06657
v -9.903938 23.99721 15.06657
v -10.2312 26.03932 15.06657
v -9.903938 26.35578 15.06657
v -11.89427 19.47196 15.06657
v -12.01673 21.51406 15.06657
v -11.89427 21.51508 15.06657
v -12.01673 21.70261 15.06657
v -11.89427 21.70362 15.06657
v -12.01673 23.80867 15.06657
v -11.89427 23.80766 15.06657
v -12.01673 23.99722 15.06657
v -11.89427 23.9962 15.06657
v -12.01673 26.35578 15.06657
v -11.89427 26.03932 15.06657
v -13.79349 21.51306 15.06657
v -13.79349 19.46788 15.06657
v -13.79349 21.70159 15.06657
v -9.903938 26.35578 14.79638
v -12.01673 26.35578 14.79638
v -9.903938 21.51407 14.79638
v -9.903938 21.7026 14.79638
v -9.903938 23.80868 14.79638
v -9.903938 23.99721 14.79638
v -13.79349 23.80969 15.06657
v -12.13593 23.80969 15.06657
v -13.79349 23.99822 15.06657
v -12.13593 23.99822 15.06657
v -10.2312 21.51508 15.06487
v -11.89427 21.51508 15.06487
v -11.89427 21.70362 15.06487
v -10.2312 21.70362 15.06487
v -12.13593 21.51306 15.06525
v -13.79349 21.51306 15.06525
v -13.79349 21.70159 15.06525
v -12.13593 21.70159 15.06525
v -12.01673 21.7026 14.79638
v -12.01673 21.51407 14.79638
v -12.01673 23.99721 14.79638
v -12.01673 23.80868 14.79638
v -13.79349 23.99822 15.07398
v -12.13593 23.99822 15.07398
v -12.13593 23.80969 15.07398
v -13.79349 23.80969 15.07398
v -11.89427 23.9962 15.05915
v -10.2312 23.9962 15.05915
v -10.2312 23.80766 15.05915
v -11.89427 23.80766 15.05915

vt 0.3344201 0.5185274
vt 0.03705478 0.5185274
vt 0.03705478 0.9814726
vt 0.3344201 0.9814726
vt 0.3321317 0
vt 0.03060679 0
vt 0.7273681 0.5702567
vt 0.7273681 0.9297433
vt 0.9495887 0.9297433
vt 0.9495887 0.5702567
vt 0.2726319 1
vt 0.05041134 1
vt 0.6059651 0.9297433
vt 0.6059651 0.5702567
vt 0.3940348 0.5702567
vt 0.3940348 0.9297433
vt 0.3940348 1
vt 0.6059651 1
vt 0.3531894 0
vt 0.6468106 0
vt 0.3552188 0.5185274
vt 0.3552188 0.9814726
vt 0.6447812 0.9814726
vt 0.6447812 0.5185274
vt 0.2726319 0.9297433
vt 0.2726319 0.5702567
vt 0.05041134 0.5702567
vt 0.05041134 0.9297433
vt 0.7273681 1
vt 0.9495885 1
vt 0.6678681 0
vt 0.9693931 0
vt 0.6655799 0.5185274
vt 0.6655799 0.9814726
vt 0.9629452 0.9814726
vt 0.9629452 0.5185274
vt 1 0.5
vt 0 0.5
vt 0 1
vt 1 1
vt 0.3230432 0
vt 0 0
vt 0.3230432 1
vt 0.3436235 1
vt 0.3436235 0
vt 0.6563765 1
vt 0.6563765 0
vt 0.6769568 1
vt 0.6769568 0
vt 1 0
vt 0.3230432 0.5
vt 0.3436235 0.5
vt 0.6563765 0.5
vt 0.6769568 0.5
vt 0.3456849 0.5185274
vt 0.3456849 0.9814726
vt 0.6543151 0.9814726
vt 0.6543151 0.5185274
vt 0.3333333 1
vt 0.6666667 1

vn -1.192093E-06 0 10
vn 1.192093E-06 0 -10
vn 0 -10 0
vn -10 0 -1.192093E-06
vn 10 0 1.192093E-06
vn 0 10 0

usemtl Glass.1
f 1655/861/145 1654/860/145 1653/859/145 1652/858/145
f 1659/862/145 1658/863/145 1657/863/145 1656/862/145
f 1663/867/146 1662/866/146 1661/865/146 1660/864/146
f 1667/869/146 1666/869/146 1665/868/146 1664/868/146
f 1671/873/146 1670/872/146 1669/871/146 1668/870/146
f 1675/875/146 1674/875/146 1673/874/146 1672/874/146
f 1679/877/145 1678/877/145 1677/876/145 1676/876/145
f 1683/881/145 1682/880/145 1681/879/145 1680/878/145
f 1687/885/146 1686/884/146 1685/883/146 1684/882/146
f 1691/887/146 1690/887/146 1689/886/146 1688/886/146
f 1695/889/145 1694/889/145 1693/888/145 1692/888/145
f 1699/893/145 1698/892/145 1697/891/145 1696/890/145

usemtl white
f 1676/902/148 1656/862/148 1716/862/148
f 1718/902/148 1676/902/148 1716/862/148
f 1745/902/148 1743/862/148 1659/862/148
f 1677/902/148 1745/902/148 1659/862/148
f 1760/862/148 1656/862/148 1676/902/148
f 1763/902/148 1760/862/148 1676/902/148
f 1762/902/148 1677/902/148 1659/862/148
f 1761/862/148 1762/902/148 1659/862/148
f 1748/911/148 1660/864/148 1661/865/148
f 1765/905/148 1748/911/148 1661/865/148
f 1765/900/148 1664/868/148 1665/868/148
f 1707/900/148 1765/900/148 1665/868/148
f 1750/909/148 1670/872/148 1671/873/148
f 1767/901/148 1750/909/148 1671/873/148
f 1764/903/146 1668/870/146 1669/871/146
f 1749/910/146 1764/903/146 1669/871/146
f 1764/901/146 1708/901/146 1673/874/146
f 1708/901/146 1672/874/146 1673/874/146
f 1767/903/148 1674/875/148 1675/875/148
f 1710/903/148 1767/903/148 1675/875/148
f 1766/900/146 1684/882/146 1685/883/146
f 1751/908/146 1766/900/146 1685/883/146
f 1712/905/146 1688/886/146 1689/886/146
f 1766/905/146 1712/905/146 1689/886/146
f 1702/896/147 1701/895/147 1700/894/147
f 1700/894/147 1703/897/147 1702/896/147
f 1706/896/148 1705/899/148 1704/898/148
f 1704/898/148 1707/900/148 1706/896/148
f 1708/901/148 1707/900/148 1704/898/148
f 1704/898/148 1709/902/148 1708/901/148
f 1710/903/148 1708/901/148 1709/902/148
f 1709/902/148 1711/904/148 1710/903/148
f 1712/905/148 1710/903/148 1711/904/148
f 1711/904/148 1713/906/148 1712/905/148
f 1714/897/148 1712/905/148 1713/906/148
f 1713/906/148 1715/907/148 1714/897/148
f 1657/863/148 1717/863/148 1716/862/148
f 1716/862/148 1656/862/148 1657/863/148
f 1695/889/147 1720/889/147 1719/889/147
f 1719/889/147 1694/889/147 1695/889/147
f 1722/859/145 1700/895/145 1721/908/145
f 1721/908/145 1723/858/145 1722/859/145
f 1724/878/145 1723/858/145 1721/908/145
f 1721/908/145 1725/909/145 1724/878/145
f 1726/881/145 1724/878/145 1725/909/145
f 1725/909/145 1727/910/145 1726/881/145
f 1728/890/145 1726/881/145 1727/910/145
f 1727/910/145 1729/911/145 1728/890/145
f 1730/893/145 1728/890/145 1729/911/145
f 1729/911/145 1731/894/145 1730/893/145
f 1732/860/145 1703/896/145 1700/895/145
f 1700/895/145 1722/859/145 1732/860/145
f 1733/900/145 1703/896/145 1732/860/145
f 1732/860/145 1734/861/145 1733/900/145
f 1735/901/145 1733/900/145 1734/861/145
f 1734/861/145 1736/879/145 1735/901/145
f 1737/903/145 1735/901/145 1736/879/145
f 1736/879/145 1738/880/145 1737/903/145
f 1739/905/145 1737/903/145 1738/880/145
f 1738/880/145 1740/891/145 1739/905/145
f 1741/897/145 1739/905/145 1740/891/145
f 1740/891/145 1742/892/145 1741/897/145
f 1730/893/145 1731/894/145 1741/897/145
f 1741/897/145 1742/892/145 1730/893/145
f 1706/896/147 1702/896/147 1703/899/147
f 1703/899/147 1705/899/147 1706/896/147
f 1743/862/149 1744/863/149 1658/863/149
f 1658/863/149 1659/862/149 1743/862/149
f 1658/863/150 1744/863/150 1717/863/150
f 1717/863/150 1657/863/150 1658/863/150
f 1653/859/148 1722/859/148 1723/858/148
f 1723/858/148 1652/858/148 1653/859/148
f 1680/912/148 1652/858/148 1723/858/148
f 1723/858/148 1724/912/148 1680/912/148
f 1699/893/147 1730/893/147 1742/892/147
f 1742/892/147 1698/892/147 1699/893/147
f 1734/861/149 1732/860/149 1654/860/149
f 1654/860/149 1655/861/149 1734/861/149
f 1736/913/149 1734/861/149 1655/861/149
f 1655/861/149 1681/913/149 1736/913/149
f 1654/860/150 1732/860/150 1722/859/150
f 1722/859/150 1653/859/150 1654/860/150
f 1741/897/150 1731/896/150 1746/899/150
f 1746/899/150 1747/907/150 1741/897/150
f 1715/897/150 1741/896/150 1747/899/150
f 1747/899/150 1714/907/150 1715/897/150
f 1721/906/149 1700/907/149 1701/897/149
f 1701/897/149 1748/905/149 1721/906/149
f 1725/904/149 1721/906/149 1748/905/149
f 1748/905/149 1749/903/149 1725/904/149
f 1727/902/149 1725/904/149 1749/903/149
f 1749/903/149 1750/901/149 1727/902/149
f 1729/898/149 1727/902/149 1750/901/149
f 1750/901/149 1751/900/149 1729/898/149
f 1731/899/149 1729/898/149 1751/900/149
f 1751/900/149 1746/896/149 1731/899/149
f 1752/877/149 1745/876/149 1677/876/149
f 1677/876/149 1678/877/149 1752/877/149
f 1679/877/148 1676/876/148 1718/876/148
f 1718/876/148 1753/877/148 1679/877/148
f 1738/880/149 1736/879/149 1681/879/149
f 1681/879/149 1682/880/149 1738/880/149
f 1683/881/148 1680/878/148 1724/878/148
f 1724/878/148 1726/881/148 1683/881/148
f 1693/888/149 1694/889/149 1719/889/149
f 1719/889/149 1754/888/149 1693/888/149
f 1678/904/149 1693/888/149 1754/888/149
f 1754/888/149 1752/904/149 1678/904/149
f 1755/888/148 1720/889/148 1695/889/148
f 1695/889/148 1692/888/148 1755/888/148
f 1753/904/148 1755/888/148 1692/888/148
f 1692/888/148 1679/904/148 1753/904/148
f 1697/891/149 1698/892/149 1742/892/149
f 1742/892/149 1740/891/149 1697/891/149
f 1682/914/149 1697/891/149 1740/891/149
f 1740/891/149 1738/914/149 1682/914/149
f 1728/890/148 1730/893/148 1699/893/148
f 1699/893/148 1696/890/148 1728/890/148
f 1726/915/148 1728/890/148 1696/890/148
f 1696/890/148 1683/915/148 1726/915/148
f 1758/879/145 1757/861/145 1756/858/145
f 1756/858/145 1759/878/145 1758/879/145
f 1762/902/145 1761/862/145 1760/862/145
f 1760/862/145 1763/902/145 1762/902/145
f 1707/900/146 1708/916/146 1764/916/146
f 1764/916/146 1765/900/146 1707/900/146
f 1707/900/146 1665/868/146 1666/869/146
f 1666/869/146 1706/896/146 1707/900/146
f 1706/896/146 1666/869/146 1667/869/146
f 1667/869/146 1702/896/146 1706/896/146
f 1664/868/146 1765/900/146 1702/896/146
f 1702/896/146 1667/869/146 1664/868/146
f 1766/905/146 1767/917/146 1710/917/146
f 1710/917/146 1712/905/146 1766/905/146
f 1766/905/146 1689/886/146 1690/887/146
f 1690/887/146 1747/897/146 1766/905/146
f 1747/897/146 1690/887/146 1691/887/146
f 1691/887/146 1714/897/146 1747/897/146
f 1688/886/146 1712/905/146 1714/897/146
f 1714/897/146 1691/887/146 1688/886/146
f 1770/904/145 1769/888/145 1768/888/145
f 1768/888/145 1771/904/145 1770/904/145
f 1774/881/145 1773/890/145 1772/891/145
f 1772/891/145 1775/880/145 1774/881/145
f 1757/861/147 1655/861/147 1652/858/147
f 1652/858/147 1756/858/147 1757/861/147
f 1756/858/149 1652/858/148 1680/878/148
f 1680/878/148 1759/878/149 1756/858/149
f 1759/878/150 1680/878/150 1681/879/150
f 1681/879/150 1758/879/150 1759/878/150
f 1758/879/148 1681/879/149 1655/861/149
f 1655/861/149 1757/861/148 1758/879/148
f 1761/862/147 1659/862/147 1656/862/147
f 1656/862/147 1760/862/147 1761/862/147
f 1763/902/150 1676/902/150 1677/902/150
f 1677/902/150 1762/902/150 1763/902/150
f 1769/888/150 1692/888/150 1693/888/150
f 1693/888/150 1768/888/150 1769/888/150
f 1768/888/148 1693/888/149 1678/904/149
f 1678/904/149 1771/904/148 1768/888/148
f 1771/904/147 1678/904/147 1679/904/147
f 1679/904/147 1770/904/147 1771/904/147
f 1770/904/149 1679/904/148 1692/888/148
f 1692/888/148 1769/888/149 1770/904/149
f 1773/890/150 1696/890/150 1697/891/150
f 1697/891/150 1772/891/150 1773/890/150
f 1772/891/148 1697/891/149 1682/880/149
f 1682/880/149 1775/880/148 1772/891/148
f 1775/880/147 1682/880/147 1683/881/147
f 1683/881/147 1774/881/147 1775/880/147
f 1774/881/149 1683/881/148 1696/890/148
f 1696/890/148 1773/890/149 1774/881/149
f 1765/905/146 1661/865/146 1662/866/146
f 1662/866/146 1702/897/146 1765/905/146
f 1749/910/146 1748/911/146 1765/905/146
f 1765/905/146 1764/903/146 1749/910/146
f 1660/864/146 1748/911/146 1701/894/146
f 1701/894/146 1663/867/146 1660/864/146
f 1749/910/146 1669/871/146 1670/872/146
f 1670/872/146 1750/909/146 1749/910/146
f 1668/870/146 1764/903/146 1767/901/146
f 1767/901/146 1671/873/146 1668/870/146
f 1751/908/146 1750/909/146 1767/901/146
f 1767/901/146 1766/900/146 1751/908/146
f 1751/908/146 1685/883/146 1686/884/146
f 1686/884/146 1746/895/146 1751/908/146
f 1684/882/146 1766/900/146 1747/896/146
f 1747/896/146 1687/885/146 1684/882/146
f 1702/897/146 1662/866/146 1663/867/146
f 1663/867/146 1701/894/146 1702/897/146
f 1674/875/146 1767/903/146 1764/901/146
f 1764/901/146 1673/874/146 1674/875/146
f 1672/874/146 1708/901/146 1710/903/146
f 1710/903/146 1675/875/146 1672/874/146
f 1746/895/146 1686/884/146 1687/885/146
f 1687/885/146 1747/896/146 1746/895/146
f 1733/898/145 1716/862/145 1717/863/145
f 1717/863/145 1703/899/145 1733/898/145
f 1718/876/145 1716/862/145 1733/898/145
f 1733/898/145 1735/902/145 1718/876/145
f 1753/877/145 1718/876/145 1735/902/145
f 1735/902/145 1737/904/145 1753/877/145
f 1755/888/145 1753/877/145 1737/904/145
f 1737/904/145 1739/906/145 1755/888/145
f 1703/899/145 1717/863/145 1744/863/145
f 1744/863/145 1705/899/145 1703/899/145
f 1704/898/145 1705/899/145 1744/863/145
f 1744/863/145 1743/862/145 1704/898/145
f 1709/902/145 1704/898/145 1743/862/145
f 1743/862/145 1745/876/145 1709/902/145
f 1711/904/145 1709/902/145 1745/876/145
f 1745/876/145 1752/877/145 1711/904/145
f 1713/906/145 1711/904/145 1752/877/145
f 1752/877/145 1754/888/145 1713/906/145
f 1720/889/145 1755/888/145 1739/906/145
f 1739/906/145 1741/907/145 1720/889/145
f 1715/907/145 1713/906/145 1754/888/145
f 1754/888/145 1719/889/145 1715/907/145
f 1720/889/145 1741/907/145 1715/907/145
f 1715/907/145 1719/889/145 1720/889/145

g Window10
v 1.671796 21.51508 14.90845
v 1.671796 19.47196 14.90845
v 0.008726701 19.47196 14.90845
v 0.008726701 21.51508 14.90845
v -0.2329377 21.51306 14.91457
v -0.2329377 19.46788 14.91457
v -1.890493 19.46788 14.91457
v -1.890493 21.51306 14.91457
v 1.689398 21.51407 14.79638
v 0.01424105 21.51407 14.79638
v 0.01424105 19.46516 14.79638
v 1.689398 19.46516 14.79638
v -0.2274233 21.51407 14.79638
v -1.904016 21.51407 14.79638
v -1.904016 19.46516 14.79638
v -0.2274233 19.46516 14.79638
v 0.01424105 21.70264 14.79638
v 1.689398 21.70264 14.79638
v 1.689398 23.80868 14.79638
v 0.01424105 23.80868 14.79638
v -1.904016 21.70264 14.79638
v -0.2274233 21.70264 14.79638
v -0.2274233 23.80868 14.79638
v -1.904016 23.80868 14.79638
v -0.2329377 21.70159 14.91457
v -1.890493 21.70159 14.91457
v -1.890493 23.80969 14.91457
v -0.2329377 23.80969 14.91457
v 1.671796 21.70362 14.90845
v 0.008726701 21.70362 14.90845
v 0.008726701 23.80766 14.90845
v 1.671796 23.80766 14.90845
v 0.01424105 23.99718 14.79638
v 1.689398 23.99718 14.79638
v 1.689398 26.04612 14.79638
v 0.01424105 26.04612 14.79638
v -1.904016 23.99718 14.79638
v -0.2274233 23.99718 14.79638
v -0.2274233 26.04612 14.79638
v -1.904016 26.04612 14.79638
v -0.2329377 23.99822 14.91457
v -1.890493 23.99822 14.91457
v -1.890493 26.0434 14.91457
v -0.2329377 26.0434 14.91457
v 1.671796 23.9962 14.90845
v 0.008726701 23.9962 14.90845
v 0.008726701 26.03932 14.90845
v 1.671796 26.03932 14.90845
v 1.999058 19.1555 15.06657
v 1.999058 19.1555 14.79638
v -0.1137383 19.1555 14.79638
v -0.1137384 19.1555 15.06657
v -2.213676 21.51407 15.06657
v -2.213676 19.1555 15.06657
v -2.213676 19.1555 14.79638
v -2.213676 21.51407 14.79638
v -2.213676 21.7026 14.79638
v -2.213676 21.7026 15.06657
v -2.213676 23.80868 14.79638
v -2.213676 23.80868 15.06657
v -2.213676 23.99721 14.79638
v -2.213676 23.99721 15.06657
v -2.213676 26.35578 14.79638
v -2.213676 26.35578 15.06657
v -0.2329377 21.51306 15.06657
v -0.2329377 19.46788 15.06657
v -0.2329377 21.70159 15.06657
v -1.890493 26.0434 15.06657
v -0.2329377 26.0434 15.06657
v 1.999058 21.51407 15.06657
v 1.671796 19.47196 15.06657
v 1.671796 21.51508 15.06657
v 1.671796 21.70362 15.06657
v 1.999058 21.7026 15.06657
v 1.671796 23.80766 15.06657
v 1.999058 23.80868 15.06657
v 1.671796 23.9962 15.06657
v 1.999058 23.99721 15.06657
v 1.671796 26.03932 15.06657
v 1.999058 26.35578 15.06657
v 0.008726686 19.47196 15.06657
v -0.1137384 21.51406 15.06657
v 0.008726686 21.51508 15.06657
v -0.1137384 21.70261 15.06657
v 0.008726686 21.70362 15.06657
v -0.1137384 23.80867 15.06657
v 0.008726686 23.80766 15.06657
v -0.1137384 23.99722 15.06657
v 0.008726686 23.9962 15.06657
v -0.1137384 26.35578 15.06657
v 0.008726686 26.03932 15.06657
v -1.890493 21.51306 15.06657
v -1.890493 19.46788 15.06657
v -1.890493 21.70159 15.06657
v 1.999058 26.35578 14.79638
v -0.1137383 26.35578 14.79638
v 1.999058 21.51407 14.79638
v 1.999058 21.7026 14.79638
v 1.999058 23.80868 14.79638
v 1.999058 23.99721 14.79638
v -1.890493 23.80969 15.06657
v -0.2329377 23.80969 15.06657
v -1.890493 23.99822 15.06657
v -0.2329377 23.99822 15.06657
v 1.671796 21.51508 15.06488
v 0.008726686 21.51508 15.06488
v 0.008726686 21.70362 15.06488
v 1.671796 21.70362 15.06488
v -0.2329377 21.51306 15.06525
v -1.890493 21.51306 15.06525
v -1.890493 21.70159 15.06525
v -0.2329377 21.70159 15.06525
v -0.1137383 21.7026 14.79638
v -0.1137383 21.51407 14.79638
v -0.1137383 23.99721 14.79638
v -0.1137383 23.80868 14.79638
v -1.890493 23.99822 15.07399
v -0.2329377 23.99822 15.07399
v -0.2329377 23.80969 15.07399
v -1.890493 23.80969 15.07399
v 0.008726686 23.9962 15.05915
v 1.671796 23.9962 15.05915
v 1.671796 23.80766 15.05915
v 0.008726686 23.80766 15.05915

vt 0.3344201 0.5185274
vt 0.03705478 0.5185274
vt 0.03705478 0.9814726
vt 0.3344201 0.9814726
vt 0.3321317 0
vt 0.03060679 0
vt 0.7273681 0.5702567
vt 0.7273681 0.9297433
vt 0.9495887 0.9297433
vt 0.9495887 0.5702567
vt 0.2726319 1
vt 0.05041134 1
vt 0.6059651 0.9297433
vt 0.6059651 0.5702567
vt 0.3940348 0.5702567
vt 0.3940348 0.9297433
vt 0.3940348 1
vt 0.6059651 1
vt 0.3531894 0
vt 0.6468106 0
vt 0.3552188 0.5185274
vt 0.3552188 0.9814726
vt 0.6447812 0.9814726
vt 0.6447812 0.5185274
vt 0.2726319 0.9297433
vt 0.2726319 0.5702567
vt 0.05041134 0.5702567
vt 0.05041134 0.9297433
vt 0.7273681 1
vt 0.9495885 1
vt 0.6678681 0
vt 0.9693931 0
vt 0.6655799 0.5185274
vt 0.6655799 0.9814726
vt 0.9629452 0.9814726
vt 0.9629452 0.5185274
vt 1 0.5
vt 0 0.5
vt 0 1
vt 1 1
vt 0.3230432 0
vt 0 0
vt 0.3230432 1
vt 0.3436235 1
vt 0.3436235 0
vt 0.6563765 1
vt 0.6563765 0
vt 0.6769568 1
vt 0.6769568 0
vt 1 0
vt 0.3230432 0.5
vt 0.3436235 0.5
vt 0.6563765 0.5
vt 0.6769568 0.5
vt 0.3456849 0.5185274
vt 0.3456849 0.9814726
vt 0.6543151 0.9814726
vt 0.6543151 0.5185274
vt 0.3333333 1
vt 0.6666667 1

vn -1.192093E-06 0 10
vn 1.192093E-06 0 -10
vn 0 -10 0
vn -10 0 -1.192093E-06
vn 10 0 1.192093E-06
vn 0 10 0

usemtl Glass.1
f 1779/921/151 1778/920/151 1777/919/151 1776/918/151
f 1783/922/151 1782/923/151 1781/923/151 1780/922/151
f 1787/927/152 1786/926/152 1785/925/152 1784/924/152
f 1791/929/152 1790/929/152 1789/928/152 1788/928/152
f 1795/933/152 1794/932/152 1793/931/152 1792/930/152
f 1799/935/152 1798/935/152 1797/934/152 1796/934/152
f 1803/937/151 1802/937/151 1801/936/151 1800/936/151
f 1807/941/151 1806/940/151 1805/939/151 1804/938/151
f 1811/945/152 1810/944/152 1809/943/152 1808/942/152
f 1815/947/152 1814/947/152 1813/946/152 1812/946/152
f 1819/949/151 1818/949/151 1817/948/151 1816/948/151
f 1823/953/151 1822/952/151 1821/951/151 1820/950/151

usemtl white
f 1800/962/154 1780/922/154 1840/922/154
f 1842/962/154 1800/962/154 1840/922/154
f 1869/962/154 1867/922/154 1783/922/154
f 1801/962/154 1869/962/154 1783/922/154
f 1884/922/154 1780/922/154 1800/962/154
f 1887/962/154 1884/922/154 1800/962/154
f 1886/962/154 1801/962/154 1783/922/154
f 1885/922/154 1886/962/154 1783/922/154
f 1872/971/154 1784/924/154 1785/925/154
f 1889/965/154 1872/971/154 1785/925/154
f 1889/960/154 1788/928/154 1789/928/154
f 1831/960/154 1889/960/154 1789/928/154
f 1874/969/154 1794/932/154 1795/933/154
f 1891/961/154 1874/969/154 1795/933/154
f 1888/963/152 1792/930/152 1793/931/152
f 1873/970/152 1888/963/152 1793/931/152
f 1888/961/152 1832/961/152 1797/934/152
f 1832/961/152 1796/934/152 1797/934/152
f 1891/963/154 1798/935/154 1799/935/154
f 1834/963/154 1891/963/154 1799/935/154
f 1890/960/152 1808/942/152 1809/943/152
f 1875/968/152 1890/960/152 1809/943/152
f 1836/965/152 1812/946/152 1813/946/152
f 1890/965/152 1836/965/152 1813/946/152
f 1826/956/153 1825/955/153 1824/954/153
f 1824/954/153 1827/957/153 1826/956/153
f 1830/956/154 1829/959/154 1828/958/154
f 1828/958/154 1831/960/154 1830/956/154
f 1832/961/154 1831/960/154 1828/958/154
f 1828/958/154 1833/962/154 1832/961/154
f 1834/963/154 1832/961/154 1833/962/154
f 1833/962/154 1835/964/154 1834/963/154
f 1836/965/154 1834/963/154 1835/964/154
f 1835/964/154 1837/966/154 1836/965/154
f 1838/957/154 1836/965/154 1837/966/154
f 1837/966/154 1839/967/154 1838/957/154
f 1781/923/154 1841/923/154 1840/922/154
f 1840/922/154 1780/922/154 1781/923/154
f 1819/949/153 1844/949/153 1843/949/153
f 1843/949/153 1818/949/153 1819/949/153
f 1846/919/151 1824/955/151 1845/968/151
f 1845/968/151 1847/918/151 1846/919/151
f 1848/938/151 1847/918/151 1845/968/151
f 1845/968/151 1849/969/151 1848/938/151
f 1850/941/151 1848/938/151 1849/969/151
f 1849/969/151 1851/970/151 1850/941/151
f 1852/950/151 1850/941/151 1851/970/151
f 1851/970/151 1853/971/151 1852/950/151
f 1854/953/151 1852/950/151 1853/971/151
f 1853/971/151 1855/954/151 1854/953/151
f 1856/920/151 1827/956/151 1824/955/151
f 1824/955/151 1846/919/151 1856/920/151
f 1857/960/151 1827/956/151 1856/920/151
f 1856/920/151 1858/921/151 1857/960/151
f 1859/961/151 1857/960/151 1858/921/151
f 1858/921/151 1860/939/151 1859/961/151
f 1861/963/151 1859/961/151 1860/939/151
f 1860/939/151 1862/940/151 1861/963/151
f 1863/965/151 1861/963/151 1862/940/151
f 1862/940/151 1864/951/151 1863/965/151
f 1865/957/151 1863/965/151 1864/951/151
f 1864/951/151 1866/952/151 1865/957/151
f 1854/953/151 1855/954/151 1865/957/151
f 1865/957/151 1866/952/151 1854/953/151
f 1830/956/153 1826/956/153 1827/959/153
f 1827/959/153 1829/959/153 1830/956/153
f 1867/922/155 1868/923/155 1782/923/155
f 1782/923/155 1783/922/155 1867/922/155
f 1782/923/156 1868/923/156 1841/923/156
f 1841/923/156 1781/923/156 1782/923/156
f 1777/919/154 1846/919/154 1847/918/154
f 1847/918/154 1776/918/154 1777/919/154
f 1804/972/154 1776/918/154 1847/918/154
f 1847/918/154 1848/972/154 1804/972/154
f 1823/953/153 1854/953/153 1866/952/153
f 1866/952/153 1822/952/153 1823/953/153
f 1858/921/155 1856/920/155 1778/920/155
f 1778/920/155 1779/921/155 1858/921/155
f 1860/973/155 1858/921/155 1779/921/155
f 1779/921/155 1805/973/155 1860/973/155
f 1778/920/156 1856/920/156 1846/919/156
f 1846/919/156 1777/919/156 1778/920/156
f 1865/957/156 1855/956/156 1870/959/156
f 1870/959/156 1871/967/156 1865/957/156
f 1839/957/156 1865/956/156 1871/959/156
f 1871/959/156 1838/967/156 1839/957/156
f 1845/966/155 1824/967/155 1825/957/155
f 1825/957/155 1872/965/155 1845/966/155
f 1849/964/155 1845/966/155 1872/965/155
f 1872/965/155 1873/963/155 1849/964/155
f 1851/962/155 1849/964/155 1873/963/155
f 1873/963/155 1874/961/155 1851/962/155
f 1853/958/155 1851/962/155 1874/961/155
f 1874/961/155 1875/960/155 1853/958/155
f 1855/959/155 1853/958/155 1875/960/155
f 1875/960/155 1870/956/155 1855/959/155
f 1876/937/155 1869/936/155 1801/936/155
f 1801/936/155 1802/937/155 1876/937/155
f 1803/937/154 1800/936/154 1842/936/154
f 1842/936/154 1877/937/154 1803/937/154
f 1862/940/155 1860/939/155 1805/939/155
f 1805/939/155 1806/940/155 1862/940/155
f 1807/941/154 1804/938/154 1848/938/154
f 1848/938/154 1850/941/154 1807/941/154
f 1817/948/155 1818/949/155 1843/949/155
f 1843/949/155 1878/948/155 1817/948/155
f 1802/964/155 1817/948/155 1878/948/155
f 1878/948/155 1876/964/155 1802/964/155
f 1879/948/154 1844/949/154 1819/949/154
f 1819/949/154 1816/948/154 1879/948/154
f 1877/964/154 1879/948/154 1816/948/154
f 1816/948/154 1803/964/154 1877/964/154
f 1821/951/155 1822/952/155 1866/952/155
f 1866/952/155 1864/951/155 1821/951/155
f 1806/974/155 1821/951/155 1864/951/155
f 1864/951/155 1862/974/155 1806/974/155
f 1852/950/154 1854/953/154 1823/953/154
f 1823/953/154 1820/950/154 1852/950/154
f 1850/975/154 1852/950/154 1820/950/154
f 1820/950/154 1807/975/154 1850/975/154
f 1882/939/151 1881/921/151 1880/918/151
f 1880/918/151 1883/938/151 1882/939/151
f 1886/962/151 1885/922/151 1884/922/151
f 1884/922/151 1887/962/151 1886/962/151
f 1831/960/152 1832/976/152 1888/976/152
f 1888/976/152 1889/960/152 1831/960/152
f 1831/960/152 1789/928/152 1790/929/152
f 1790/929/152 1830/956/152 1831/960/152
f 1830/956/152 1790/929/152 1791/929/152
f 1791/929/152 1826/956/152 1830/956/152
f 1788/928/152 1889/960/152 1826/956/152
f 1826/956/152 1791/929/152 1788/928/152
f 1890/965/152 1891/977/152 1834/977/152
f 1834/977/152 1836/965/152 1890/965/152
f 1890/965/152 1813/946/152 1814/947/152
f 1814/947/152 1871/957/152 1890/965/152
f 1871/957/152 1814/947/152 1815/947/152
f 1815/947/152 1838/957/152 1871/957/152
f 1812/946/152 1836/965/152 1838/957/152
f 1838/957/152 1815/947/152 1812/946/152
f 1894/964/151 1893/948/151 1892/948/151
f 1892/948/151 1895/964/151 1894/964/151
f 1898/941/151 1897/950/151 1896/951/151
f 1896/951/151 1899/940/151 1898/941/151
f 1881/921/153 1779/921/153 1776/918/153
f 1776/918/153 1880/918/153 1881/921/153
f 1880/918/155 1776/918/154 1804/938/154
f 1804/938/154 1883/938/155 1880/918/155
f 1883/938/156 1804/938/156 1805/939/156
f 1805/939/156 1882/939/156 1883/938/156
f 1882/939/154 1805/939/155 1779/921/155
f 1779/921/155 1881/921/154 1882/939/154
f 1885/922/153 1783/922/153 1780/922/153
f 1780/922/153 1884/922/153 1885/922/153
f 1887/962/156 1800/962/156 1801/962/156
f 1801/962/156 1886/962/156 1887/962/156
f 1893/948/156 1816/948/156 1817/948/156
f 1817/948/156 1892/948/156 1893/948/156
f 1892/948/154 1817/948/155 1802/964/155
f 1802/964/155 1895/964/154 1892/948/154
f 1895/964/153 1802/964/153 1803/964/153
f 1803/964/153 1894/964/153 1895/964/153
f 1894/964/155 1803/964/154 1816/948/154
f 1816/948/154 1893/948/155 1894/964/155
f 1897/950/156 1820/950/156 1821/951/156
f 1821/951/156 1896/951/156 1897/950/156
f 1896/951/154 1821/951/155 1806/940/155
f 1806/940/155 1899/940/154 1896/951/154
f 1899/940/153 1806/940/153 1807/941/153
f 1807/941/153 1898/941/153 1899/940/153
f 1898/941/155 1807/941/154 1820/950/154
f 1820/950/154 1897/950/155 1898/941/155
f 1889/965/152 1785/925/152 1786/926/152
f 1786/926/152 1826/957/152 1889/965/152
f 1873/970/152 1872/971/152 1889/965/152
f 1889/965/152 1888/963/152 1873/970/152
f 1784/924/152 1872/971/152 1825/954/152
f 1825/954/152 1787/927/152 1784/924/152
f 1873/970/152 1793/931/152 1794/932/152
f 1794/932/152 1874/969/152 1873/970/152
f 1792/930/152 1888/963/152 1891/961/152
f 1891/961/152 1795/933/152 1792/930/152
f 1875/968/152 1874/969/152 1891/961/152
f 1891/961/152 1890/960/152 1875/968/152
f 1875/968/152 1809/943/152 1810/944/152
f 1810/944/152 1870/955/152 1875/968/152
f 1808/942/152 1890/960/152 1871/956/152
f 1871/956/152 1811/945/152 1808/942/152
f 1826/957/152 1786/926/152 1787/927/152
f 1787/927/152 1825/954/152 1826/957/152
f 1798/935/152 1891/963/152 1888/961/152
f 1888/961/152 1797/934/152 1798/935/152
f 1796/934/152 1832/961/152 1834/963/152
f 1834/963/152 1799/935/152 1796/934/152
f 1870/955/152 1810/944/152 1811/945/152
f 1811/945/152 1871/956/152 1870/955/152
f 1857/958/151 1840/922/151 1841/923/151
f 1841/923/151 1827/959/151 1857/958/151
f 1842/936/151 1840/922/151 1857/958/151
f 1857/958/151 1859/962/151 1842/936/151
f 1877/937/151 1842/936/151 1859/962/151
f 1859/962/151 1861/964/151 1877/937/151
f 1879/948/151 1877/937/151 1861/964/151
f 1861/964/151 1863/966/151 1879/948/151
f 1827/959/151 1841/923/151 1868/923/151
f 1868/923/151 1829/959/151 1827/959/151
f 1828/958/151 1829/959/151 1868/923/151
f 1868/923/151 1867/922/151 1828/958/151
f 1833/962/151 1828/958/151 1867/922/151
f 1867/922/151 1869/936/151 1833/962/151
f 1835/964/151 1833/962/151 1869/936/151
f 1869/936/151 1876/937/151 1835/964/151
f 1837/966/151 1835/964/151 1876/937/151
f 1876/937/151 1878/948/151 1837/966/151
f 1844/949/151 1879/948/151 1863/966/151
f 1863/966/151 1865/967/151 1844/949/151
f 1839/967/151 1837/966/151 1878/948/151
f 1878/948/151 1843/949/151 1839/967/151
f 1844/949/151 1865/967/151 1839/967/151
f 1839/967/151 1843/949/151 1844/949/151

g Window11
v 13.63974 21.51508 14.90846
v 13.63974 19.47196 14.90846
v 11.97667 19.47196 14.90846
v 11.97667 21.51508 14.90846
v 11.735 21.51306 14.91458
v 11.735 19.46788 14.91458
v 10.07745 19.46788 14.91457
v 10.07745 21.51306 14.91457
v 13.65734 21.51407 14.79639
v 11.98218 21.51407 14.79639
v 11.98218 19.46516 14.79639
v 13.65734 19.46516 14.79639
v 11.74052 21.51407 14.79639
v 10.06392 21.51407 14.79639
v 10.06392 19.46516 14.79639
v 11.74052 19.46516 14.79639
v 11.98218 21.70264 14.79639
v 13.65734 21.70264 14.79639
v 13.65734 23.80868 14.79639
v 11.98218 23.80868 14.79639
v 10.06392 21.70264 14.79639
v 11.74052 21.70264 14.79639
v 11.74052 23.80868 14.79639
v 10.06392 23.80868 14.79639
v 11.735 21.70159 14.91458
v 10.07745 21.70159 14.91457
v 10.07745 23.80969 14.91457
v 11.735 23.80969 14.91458
v 13.63974 21.70362 14.90846
v 11.97667 21.70362 14.90846
v 11.97667 23.80766 14.90846
v 13.63974 23.80766 14.90846
v 11.98218 23.99718 14.79639
v 13.65734 23.99718 14.79639
v 13.65734 26.04612 14.79639
v 11.98218 26.04612 14.79639
v 10.06392 23.99718 14.79639
v 11.74052 23.99718 14.79639
v 11.74052 26.04612 14.79639
v 10.06392 26.04612 14.79639
v 11.735 23.99822 14.91458
v 10.07745 23.99822 14.91457
v 10.07745 26.0434 14.91457
v 11.735 26.0434 14.91458
v 13.63974 23.9962 14.90846
v 11.97667 23.9962 14.90846
v 11.97667 26.03932 14.90846
v 13.63974 26.03932 14.90846
v 13.967 19.1555 15.06657
v 13.967 19.1555 14.79639
v 11.8542 19.1555 14.79639
v 11.8542 19.1555 15.06657
v 9.754265 21.51407 15.06657
v 9.754265 19.1555 15.06657
v 9.754265 19.1555 14.79639
v 9.754265 21.51407 14.79639
v 9.754265 21.7026 14.79639
v 9.754265 21.7026 15.06657
v 9.754265 23.80868 14.79639
v 9.754265 23.80868 15.06657
v 9.754265 23.99721 14.79639
v 9.754265 23.99721 15.06657
v 9.754265 26.35578 14.79639
v 9.754265 26.35578 15.06657
v 11.735 21.51306 15.06657
v 11.735 19.46788 15.06657
v 11.735 21.70159 15.06657
v 10.07745 26.0434 15.06657
v 11.735 26.0434 15.06657
v 13.967 21.51407 15.06657
v 13.63974 19.47196 15.06657
v 13.63974 21.51508 15.06657
v 13.63974 21.70362 15.06657
v 13.967 21.7026 15.06657
v 13.63974 23.80766 15.06657
v 13.967 23.80868 15.06657
v 13.63974 23.9962 15.06657
v 13.967 23.99721 15.06657
v 13.63974 26.03932 15.06657
v 13.967 26.35578 15.06657
v 11.97667 19.47196 15.06657
v 11.8542 21.51406 15.06657
v 11.97667 21.51508 15.06657
v 11.8542 21.70261 15.06657
v 11.97667 21.70362 15.06657
v 11.8542 23.80867 15.06657
v 11.97667 23.80766 15.06657
v 11.8542 23.99722 15.06657
v 11.97667 23.9962 15.06657
v 11.8542 26.35578 15.06657
v 11.97667 26.03932 15.06657
v 10.07745 21.51306 15.06657
v 10.07745 19.46788 15.06657
v 10.07745 21.70159 15.06657
v 13.967 26.35578 14.79639
v 11.8542 26.35578 14.79639
v 13.967 21.51407 14.79639
v 13.967 21.7026 14.79639
v 13.967 23.80868 14.79639
v 13.967 23.99721 14.79639
v 10.07745 23.80969 15.06657
v 11.735 23.80969 15.06657
v 10.07745 23.99822 15.06657
v 11.735 23.99822 15.06657
v 13.63974 21.51508 15.06488
v 11.97667 21.51508 15.06488
v 11.97667 21.70362 15.06488
v 13.63974 21.70362 15.06488
v 11.735 21.51306 15.06525
v 10.07745 21.51306 15.06525
v 10.07745 21.70159 15.06525
v 11.735 21.70159 15.06525
v 11.8542 21.7026 14.79639
v 11.8542 21.51407 14.79639
v 11.8542 23.99721 14.79639
v 11.8542 23.80868 14.79639
v 10.07745 23.99822 15.07399
v 11.735 23.99822 15.07399
v 11.735 23.80969 15.07399
v 10.07745 23.80969 15.07399
v 11.97667 23.9962 15.05916
v 13.63974 23.9962 15.05916
v 13.63974 23.80766 15.05916
v 11.97667 23.80766 15.05916

vt 0.3344201 0.5185274
vt 0.03705478 0.5185274
vt 0.03705478 0.9814726
vt 0.3344201 0.9814726
vt 0.3321317 0
vt 0.03060679 0
vt 0.7273681 0.5702567
vt 0.7273681 0.9297433
vt 0.9495887 0.9297433
vt 0.9495887 0.5702567
vt 0.2726319 1
vt 0.05041134 1
vt 0.6059651 0.9297433
vt 0.6059651 0.5702567
vt 0.3940348 0.5702567
vt 0.3940348 0.9297433
vt 0.3940348 1
vt 0.6059651 1
vt 0.3531894 0
vt 0.6468106 0
vt 0.3552188 0.5185274
vt 0.3552188 0.9814726
vt 0.6447812 0.9814726
vt 0.6447812 0.5185274
vt 0.2726319 0.9297433
vt 0.2726319 0.5702567
vt 0.05041134 0.5702567
vt 0.05041134 0.9297433
vt 0.7273681 1
vt 0.9495885 1
vt 0.6678681 0
vt 0.9693931 0
vt 0.6655799 0.5185274
vt 0.6655799 0.9814726
vt 0.9629452 0.9814726
vt 0.9629452 0.5185274
vt 1 0.5
vt 0 0.5
vt 0 1
vt 1 1
vt 0.3230432 0
vt 0 0
vt 0.3230432 1
vt 0.3436235 1
vt 0.3436235 0
vt 0.6563765 1
vt 0.6563765 0
vt 0.6769568 1
vt 0.6769568 0
vt 1 0
vt 0.3230432 0.5
vt 0.3436235 0.5
vt 0.6563765 0.5
vt 0.6769568 0.5
vt 0.3456849 0.5185274
vt 0.3456849 0.9814726
vt 0.6543151 0.9814726
vt 0.6543151 0.5185274
vt 0.3333333 1
vt 0.6666667 1

vn -1.192093E-06 0 10
vn 1.192093E-06 0 -10
vn 0 -10 0
vn -10 0 -1.192093E-06
vn 10 0 1.192093E-06
vn 0 10 0

usemtl Glass.1
f 1903/981/157 1902/980/157 1901/979/157 1900/978/157
f 1907/982/157 1906/983/157 1905/983/157 1904/982/157
f 1911/987/158 1910/986/158 1909/985/158 1908/984/158
f 1915/989/158 1914/989/158 1913/988/158 1912/988/158
f 1919/993/158 1918/992/158 1917/991/158 1916/990/158
f 1923/995/158 1922/995/158 1921/994/158 1920/994/158
f 1927/997/157 1926/997/157 1925/996/157 1924/996/157
f 1931/1001/157 1930/1000/157 1929/999/157 1928/998/157
f 1935/1005/158 1934/1004/158 1933/1003/158 1932/1002/158
f 1939/1007/158 1938/1007/158 1937/1006/158 1936/1006/158
f 1943/1009/157 1942/1009/157 1941/1008/157 1940/1008/157
f 1947/1013/157 1946/1012/157 1945/1011/157 1944/1010/157

usemtl white
f 1924/1022/160 1904/982/160 1964/982/160
f 1966/1022/160 1924/1022/160 1964/982/160
f 1993/1022/160 1991/982/160 1907/982/160
f 1925/1022/160 1993/1022/160 1907/982/160
f 2008/982/160 1904/982/160 1924/1022/160
f 2011/1022/160 2008/982/160 1924/1022/160
f 2010/1022/160 1925/1022/160 1907/982/160
f 2009/982/160 2010/1022/160 1907/982/160
f 1996/1031/160 1908/984/160 1909/985/160
f 2013/1025/160 1996/1031/160 1909/985/160
f 2013/1020/160 1912/988/160 1913/988/160
f 1955/1020/160 2013/1020/160 1913/988/160
f 1998/1029/160 1918/992/160 1919/993/160
f 2015/1021/160 1998/1029/160 1919/993/160
f 2012/1023/158 1916/990/158 1917/991/158
f 1997/1030/158 2012/1023/158 1917/991/158
f 2012/1021/158 1956/1021/158 1921/994/158
f 1956/1021/158 1920/994/158 1921/994/158
f 2015/1023/160 1922/995/160 1923/995/160
f 1958/1023/160 2015/1023/160 1923/995/160
f 2014/1020/158 1932/1002/158 1933/1003/158
f 1999/1028/158 2014/1020/158 1933/1003/158
f 1960/1025/158 1936/1006/158 1937/1006/158
f 2014/1025/158 1960/1025/158 1937/1006/158
f 1950/1016/159 1949/1015/159 1948/1014/159
f 1948/1014/159 1951/1017/159 1950/1016/159
f 1954/1016/160 1953/1019/160 1952/1018/160
f 1952/1018/160 1955/1020/160 1954/1016/160
f 1956/1021/160 1955/1020/160 1952/1018/160
f 1952/1018/160 1957/1022/160 1956/1021/160
f 1958/1023/160 1956/1021/160 1957/1022/160
f 1957/1022/160 1959/1024/160 1958/1023/160
f 1960/1025/160 1958/1023/160 1959/1024/160
f 1959/1024/160 1961/1026/160 1960/1025/160
f 1962/1017/160 1960/1025/160 1961/1026/160
f 1961/1026/160 1963/1027/160 1962/1017/160
f 1905/983/160 1965/983/160 1964/982/160
f 1964/982/160 1904/982/160 1905/983/160
f 1943/1009/159 1968/1009/159 1967/1009/159
f 1967/1009/159 1942/1009/159 1943/1009/159
f 1970/979/157 1948/1015/157 1969/1028/157
f 1969/1028/157 1971/978/157 1970/979/157
f 1972/998/157 1971/978/157 1969/1028/157
f 1969/1028/157 1973/1029/157 1972/998/157
f 1974/1001/157 1972/998/157 1973/1029/157
f 1973/1029/157 1975/1030/157 1974/1001/157
f 1976/1010/157 1974/1001/157 1975/1030/157
f 1975/1030/157 1977/1031/157 1976/1010/157
f 1978/1013/157 1976/1010/157 1977/1031/157
f 1977/1031/157 1979/1014/157 1978/1013/157
f 1980/980/157 1951/1016/157 1948/1015/157
f 1948/1015/157 1970/979/157 1980/980/157
f 1981/1020/157 1951/1016/157 1980/980/157
f 1980/980/157 1982/981/157 1981/1020/157
f 1983/1021/157 1981/1020/157 1982/981/157
f 1982/981/157 1984/999/157 1983/1021/157
f 1985/1023/157 1983/1021/157 1984/999/157
f 1984/999/157 1986/1000/157 1985/1023/157
f 1987/1025/157 1985/1023/157 1986/1000/157
f 1986/1000/157 1988/1011/157 1987/1025/157
f 1989/1017/157 1987/1025/157 1988/1011/157
f 1988/1011/157 1990/1012/157 1989/1017/157
f 1978/1013/157 1979/1014/157 1989/1017/157
f 1989/1017/157 1990/1012/157 1978/1013/157
f 1954/1016/159 1950/1016/159 1951/1019/159
f 1951/1019/159 1953/1019/159 1954/1016/159
f 1991/982/161 1992/983/161 1906/983/161
f 1906/983/161 1907/982/161 1991/982/161
f 1906/983/162 1992/983/162 1965/983/162
f 1965/983/162 1905/983/162 1906/983/162
f 1901/979/160 1970/979/160 1971/978/160
f 1971/978/160 1900/978/160 1901/979/160
f 1928/1032/160 1900/978/160 1971/978/160
f 1971/978/160 1972/1032/160 1928/1032/160
f 1947/1013/159 1978/1013/159 1990/1012/159
f 1990/1012/159 1946/1012/159 1947/1013/159
f 1982/981/161 1980/980/161 1902/980/161
f 1902/980/161 1903/981/161 1982/981/161
f 1984/1033/161 1982/981/161 1903/981/161
f 1903/981/161 1929/1033/161 1984/1033/161
f 1902/980/162 1980/980/162 1970/979/162
f 1970/979/162 1901/979/162 1902/980/162
f 1989/1017/162 1979/1016/162 1994/1019/162
f 1994/1019/162 1995/1027/162 1989/1017/162
f 1963/1017/162 1989/1016/162 1995/1019/162
f 1995/1019/162 1962/1027/162 1963/1017/162
f 1969/1026/161 1948/1027/161 1949/1017/161
f 1949/1017/161 1996/1025/161 1969/1026/161
f 1973/1024/161 1969/1026/161 1996/1025/161
f 1996/1025/161 1997/1023/161 1973/1024/161
f 1975/1022/161 1973/1024/161 1997/1023/161
f 1997/1023/161 1998/1021/161 1975/1022/161
f 1977/1018/161 1975/1022/161 1998/1021/161
f 1998/1021/161 1999/1020/161 1977/1018/161
f 1979/1019/161 1977/1018/161 1999/1020/161
f 1999/1020/161 1994/1016/161 1979/1019/161
f 2000/997/161 1993/996/161 1925/996/161
f 1925/996/161 1926/997/161 2000/997/161
f 1927/997/160 1924/996/160 1966/996/160
f 1966/996/160 2001/997/160 1927/997/160
f 1986/1000/161 1984/999/161 1929/999/161
f 1929/999/161 1930/1000/161 1986/1000/161
f 1931/1001/160 1928/998/160 1972/998/160
f 1972/998/160 1974/1001/160 1931/1001/160
f 1941/1008/161 1942/1009/161 1967/1009/161
f 1967/1009/161 2002/1008/161 1941/1008/161
f 1926/1024/161 1941/1008/161 2002/1008/161
f 2002/1008/161 2000/1024/161 1926/1024/161
f 2003/1008/160 1968/1009/160 1943/1009/160
f 1943/1009/160 1940/1008/160 2003/1008/160
f 2001/1024/160 2003/1008/160 1940/1008/160
f 1940/1008/160 1927/1024/160 2001/1024/160
f 1945/1011/161 1946/1012/161 1990/1012/161
f 1990/1012/161 1988/1011/161 1945/1011/161
f 1930/1034/161 1945/1011/161 1988/1011/161
f 1988/1011/161 1986/1034/161 1930/1034/161
f 1976/1010/160 1978/1013/160 1947/1013/160
f 1947/1013/160 1944/1010/160 1976/1010/160
f 1974/1035/160 1976/1010/160 1944/1010/160
f 1944/1010/160 1931/1035/160 1974/1035/160
f 2006/999/157 2005/981/157 2004/978/157
f 2004/978/157 2007/998/157 2006/999/157
f 2010/1022/157 2009/982/157 2008/982/157
f 2008/982/157 2011/1022/157 2010/1022/157
f 1955/1020/158 1956/1036/158 2012/1036/158
f 2012/1036/158 2013/1020/158 1955/1020/158
f 1955/1020/158 1913/988/158 1914/989/158
f 1914/989/158 1954/1016/158 1955/1020/158
f 1954/1016/158 1914/989/158 1915/989/158
f 1915/989/158 1950/1016/158 1954/1016/158
f 1912/988/158 2013/1020/158 1950/1016/158
f 1950/1016/158 1915/989/158 1912/988/158
f 2014/1025/158 2015/1037/158 1958/1037/158
f 1958/1037/158 1960/1025/158 2014/1025/158
f 2014/1025/158 1937/1006/158 1938/1007/158
f 1938/1007/158 1995/1017/158 2014/1025/158
f 1995/1017/158 1938/1007/158 1939/1007/158
f 1939/1007/158 1962/1017/158 1995/1017/158
f 1936/1006/158 1960/1025/158 1962/1017/158
f 1962/1017/158 1939/1007/158 1936/1006/158
f 2018/1024/157 2017/1008/157 2016/1008/157
f 2016/1008/157 2019/1024/157 2018/1024/157
f 2022/1001/157 2021/1010/157 2020/1011/157
f 2020/1011/157 2023/1000/157 2022/1001/157
f 2005/981/159 1903/981/159 1900/978/159
f 1900/978/159 2004/978/159 2005/981/159
f 2004/978/161 1900/978/160 1928/998/160
f 1928/998/160 2007/998/161 2004/978/161
f 2007/998/162 1928/998/162 1929/999/162
f 1929/999/162 2006/999/162 2007/998/162
f 2006/999/160 1929/999/161 1903/981/161
f 1903/981/161 2005/981/160 2006/999/160
f 2009/982/159 1907/982/159 1904/982/159
f 1904/982/159 2008/982/159 2009/982/159
f 2011/1022/162 1924/1022/162 1925/1022/162
f 1925/1022/162 2010/1022/162 2011/1022/162
f 2017/1008/162 1940/1008/162 1941/1008/162
f 1941/1008/162 2016/1008/162 2017/1008/162
f 2016/1008/160 1941/1008/161 1926/1024/161
f 1926/1024/161 2019/1024/160 2016/1008/160
f 2019/1024/159 1926/1024/159 1927/1024/159
f 1927/1024/159 2018/1024/159 2019/1024/159
f 2018/1024/161 1927/1024/160 1940/1008/160
f 1940/1008/160 2017/1008/161 2018/1024/161
f 2021/1010/162 1944/1010/162 1945/1011/162
f 1945/1011/162 2020/1011/162 2021/1010/162
f 2020/1011/160 1945/1011/161 1930/1000/161
f 1930/1000/161 2023/1000/160 2020/1011/160
f 2023/1000/159 1930/1000/159 1931/1001/159
f 1931/1001/159 2022/1001/159 2023/1000/159
f 2022/1001/161 1931/1001/160 1944/1010/160
f 1944/1010/160 2021/1010/161 2022/1001/161
f 2013/1025/158 1909/985/158 1910/986/158
f 1910/986/158 1950/1017/158 2013/1025/158
f 1997/1030/158 1996/1031/158 2013/1025/158
f 2013/1025/158 2012/1023/158 1997/1030/158
f 1908/984/158 1996/1031/158 1949/1014/158
f 1949/1014/158 1911/987/158 1908/984/158
f 1997/1030/158 1917/991/158 1918/992/158
f 1918/992/158 1998/1029/158 1997/1030/158
f 1916/990/158 2012/1023/158 2015/1021/158
f 2015/1021/158 1919/993/158 1916/990/158
f 1999/1028/158 1998/1029/158 2015/1021/158
f 2015/1021/158 2014/1020/158 1999/1028/158
f 1999/1028/158 1933/1003/158 1934/1004/158
f 1934/1004/158 1994/1015/158 1999/1028/158
f 1932/1002/158 2014/1020/158 1995/1016/158
f 1995/1016/158 1935/1005/158 1932/1002/158
f 1950/1017/158 1910/986/158 1911/987/158
f 1911/987/158 1949/1014/158 1950/1017/158
f 1922/995/158 2015/1023/158 2012/1021/158
f 2012/1021/158 1921/994/158 1922/995/158
f 1920/994/158 1956/1021/158 1958/1023/158
f 1958/1023/158 1923/995/158 1920/994/158
f 1994/1015/158 1934/1004/158 1935/1005/158
f 1935/1005/158 1995/1016/158 1994/1015/158
f 1981/1018/157 1964/982/157 1965/983/157
f 1965/983/157 1951/1019/157 1981/1018/157
f 1966/996/157 1964/982/157 1981/1018/157
f 1981/1018/157 1983/1022/157 1966/996/157
f 2001/997/157 1966/996/157 1983/1022/157
f 1983/1022/157 1985/1024/157 2001/997/157
f 2003/1008/157 2001/997/157 1985/1024/157
f 1985/1024/157 1987/1026/157 2003/1008/157
f 1951/1019/157 1965/983/157 1992/983/157
f 1992/983/157 1953/1019/157 1951/1019/157
f 1952/1018/157 1953/1019/157 1992/983/157
f 1992/983/157 1991/982/157 1952/1018/157
f 1957/1022/157 1952/1018/157 1991/982/157
f 1991/982/157 1993/996/157 1957/1022/157
f 1959/1024/157 1957/1022/157 1993/996/157
f 1993/996/157 2000/997/157 1959/1024/157
f 1961/1026/157 1959/1024/157 2000/997/157
f 2000/997/157 2002/1008/157 1961/1026/157
f 1968/1009/157 2003/1008/157 1987/1026/157
f 1987/1026/157 1989/1027/157 1968/1009/157
f 1963/1027/157 1961/1026/157 2002/1008/157
f 2002/1008/157 1967/1009/157 1963/1027/157
f 1968/1009/157 1989/1027/157 1963/1027/157
f 1963/1027/157 1967/1009/157 1968/1009/157

g Window12
v -8.047614 8.060501 -15.03506
v -8.047614 6.017378 -15.03506
v -8.047613 6.017378 -16.69813
v -8.047613 8.060501 -16.69813
v -8.053731 8.058474 -16.93979
v -8.053731 6.013299 -16.93979
v -8.05373 6.013299 -18.59735
v -8.05373 8.058474 -18.59735
v -7.935544 8.059488 -15.01746
v -7.935543 8.059487 -16.69262
v -7.935543 6.010575 -16.69262
v -7.935544 6.010576 -15.01746
v -7.935543 8.059487 -16.93428
v -7.935543 8.059487 -18.61087
v -7.935543 6.010575 -18.61087
v -7.935543 6.010575 -16.93428
v -7.935543 8.248062 -16.69262
v -7.935544 8.248063 -15.01746
v -7.935544 10.3541 -15.01746
v -7.935543 10.3541 -16.69262
v -7.935543 8.248062 -18.61087
v -7.935543 8.248062 -16.93428
v -7.935543 10.3541 -16.93428
v -7.935543 10.3541 -18.61087
v -8.053731 8.247006 -16.93979
v -8.05373 8.247006 -18.59735
v -8.05373 10.35511 -18.59735
v -8.053731 10.35511 -16.93979
v -8.047614 8.249034 -15.03506
v -8.047613 8.249034 -16.69813
v -8.047613 10.35308 -16.69813
v -8.047614 10.35308 -15.03506
v -7.935543 10.5426 -16.69262
v -7.935544 10.5426 -15.01746
v -7.935544 12.59154 -15.01746
v -7.935543 12.59154 -16.69262
v -7.935543 10.5426 -18.61087
v -7.935543 10.5426 -16.93428
v -7.935543 12.59154 -16.93428
v -7.935543 12.59154 -18.61087
v -8.053731 10.54364 -16.93979
v -8.05373 10.54364 -18.59735
v -8.05373 12.58882 -18.59735
v -8.053731 12.58882 -16.93979
v -8.047614 10.54161 -15.03506
v -8.047613 10.54161 -16.69813
v -8.047613 12.58474 -16.69813
v -8.047614 12.58474 -15.03506
v -8.205729 5.700916 -14.7078
v -7.935544 5.700916 -14.7078
v -7.935543 5.700916 -16.82059
v -8.205729 5.700916 -16.82059
v -8.205729 8.059487 -18.92053
v -8.205729 5.700915 -18.92053
v -7.935543 5.700915 -18.92053
v -7.935543 8.059487 -18.92053
v -7.935543 8.24802 -18.92053
v -8.205729 8.24802 -18.92053
v -7.935543 10.3541 -18.92053
v -8.205729 10.3541 -18.92053
v -7.935543 10.54263 -18.92053
v -8.205729 10.54263 -18.92053
v -7.935543 12.9012 -18.92053
v -8.205729 12.9012 -18.92053
v -8.205729 8.058474 -16.93979
v -8.205729 6.013299 -16.93979
v -8.205729 8.247006 -16.93979
v -8.205729 12.58882 -18.59735
v -8.205729 12.58882 -16.93979
v -8.205729 8.059488 -14.7078
v -8.205729 6.017378 -15.03506
v -8.205729 8.060501 -15.03506
v -8.205729 8.249034 -15.03506
v -8.205729 8.24802 -14.7078
v -8.205729 10.35308 -15.03506
v -8.205729 10.3541 -14.7078
v -8.205729 10.54161 -15.03506
v -8.205729 10.54263 -14.7078
v -8.205729 12.58474 -15.03506
v -8.205729 12.9012 -14.7078
v -8.205729 6.017378 -16.69813
v -8.205729 8.059482 -16.82059
v -8.205729 8.060501 -16.69813
v -8.205729 8.248027 -16.82059
v -8.205729 8.249034 -16.69813
v -8.205729 10.35409 -16.82059
v -8.205729 10.35308 -16.69813
v -8.205729 10.54263 -16.82059
v -8.205729 10.54161 -16.69813
v -8.205729 12.9012 -16.82059
v -8.205729 12.58474 -16.69813
v -8.205729 8.058474 -18.59735
v -8.205729 6.013299 -18.59735
v -8.205729 8.247006 -18.59735
v -7.935544 12.9012 -14.7078
v -7.935543 12.9012 -16.82059
v -7.935544 8.059488 -14.7078
v -7.935544 8.24802 -14.7078
v -7.935544 10.3541 -14.7078
v -7.935544 10.54263 -14.7078
v -8.205729 10.35511 -18.59735
v -8.205729 10.35511 -16.93979
v -8.205729 10.54364 -18.59735
v -8.205729 10.54364 -16.93979
v -8.204036 8.060501 -15.03506
v -8.204036 8.060501 -16.69813
v -8.204036 8.249034 -16.69813
v -8.204036 8.249034 -15.03506
v -8.20441 8.058474 -16.93979
v -8.204409 8.058474 -18.59735
v -8.204409 8.247006 -18.59735
v -8.20441 8.247006 -16.93979
v -7.935543 8.24802 -16.82059
v -7.935543 8.059487 -16.82059
v -7.935543 10.54263 -16.82059
v -7.935543 10.3541 -16.82059
v -8.213144 10.54364 -18.59735
v -8.213144 10.54364 -16.93979
v -8.213144 10.35511 -16.93979
v -8.213144 10.35511 -18.59735
v -8.198314 10.54161 -16.69813
v -8.198314 10.54161 -15.03506
v -8.198314 10.35308 -15.03506
v -8.198314 10.35308 -16.69813

vt 0.3344201 0.5185274
vt 0.03705478 0.5185274
vt 0.03705478 0.9814726
vt 0.3344201 0.9814726
vt 0.3321317 0
vt 0.03060679 0
vt 0.7273681 0.5702567
vt 0.7273681 0.9297433
vt 0.9495887 0.9297433
vt 0.9495887 0.5702567
vt 0.2726319 1
vt 0.05041134 1
vt 0.6059651 0.9297433
vt 0.6059651 0.5702567
vt 0.3940348 0.5702567
vt 0.3940348 0.9297433
vt 0.3940348 1
vt 0.6059651 1
vt 0.3531894 0
vt 0.6468106 0
vt 0.3552188 0.5185274
vt 0.3552188 0.9814726
vt 0.6447812 0.9814726
vt 0.6447812 0.5185274
vt 0.2726319 0.9297433
vt 0.2726319 0.5702567
vt 0.05041134 0.5702567
vt 0.05041134 0.9297433
vt 0.7273681 1
vt 0.9495885 1
vt 0.6678681 0
vt 0.9693931 0
vt 0.6655799 0.5185274
vt 0.6655799 0.9814726
vt 0.9629452 0.9814726
vt 0.9629452 0.5185274
vt 1 0.5
vt 0 0.5
vt 0 1
vt 1 1
vt 0.3230432 0
vt 0 0
vt 0.3230432 1
vt 0.3436235 1
vt 0.3436235 0
vt 0.6563765 1
vt 0.6563765 0
vt 0.6769568 1
vt 0.6769568 0
vt 1 0
vt 0.3230432 0.5
vt 0.3436235 0.5
vt 0.6563765 0.5
vt 0.6769568 0.5
vt 0.3456849 0.5185274
vt 0.3456849 0.9814726
vt 0.6543151 0.9814726
vt 0.6543151 0.5185274
vt 0.3333333 1
vt 0.6666667 1

vn -10 6.123234E-16 -1.192093E-06
vn 10 -6.123234E-16 1.192093E-06
vn -1.427209E-13 -10 1.192093E-06
vn 1.192093E-06 -1.192093E-06 -10
vn -1.192093E-06 1.192093E-06 10
vn 1.427209E-13 10 -1.192093E-06

usemtl Glass.1
f 2027/1041/163 2026/1040/163 2025/1039/163 2024/1038/163
f 2031/1042/163 2030/1043/163 2029/1043/163 2028/1042/163
f 2035/1047/164 2034/1046/164 2033/1045/164 2032/1044/164
f 2039/1049/164 2038/1049/164 2037/1048/164 2036/1048/164
f 2043/1053/164 2042/1052/164 2041/1051/164 2040/1050/164
f 2047/1055/164 2046/1055/164 2045/1054/164 2044/1054/164
f 2051/1057/163 2050/1057/163 2049/1056/163 2048/1056/163
f 2055/1061/163 2054/1060/163 2053/1059/163 2052/1058/163
f 2059/1065/164 2058/1064/164 2057/1063/164 2056/1062/164
f 2063/1067/164 2062/1067/164 2061/1066/164 2060/1066/164
f 2067/1069/163 2066/1069/163 2065/1068/163 2064/1068/163
f 2071/1073/163 2070/1072/163 2069/1071/163 2068/1070/163

usemtl white
f 2048/1082/166 2028/1042/166 2088/1042/166
f 2090/1082/166 2048/1082/166 2088/1042/166
f 2117/1082/166 2115/1042/166 2031/1042/166
f 2049/1082/166 2117/1082/166 2031/1042/166
f 2132/1042/166 2028/1042/166 2048/1082/166
f 2135/1082/166 2132/1042/166 2048/1082/166
f 2134/1082/166 2049/1082/166 2031/1042/166
f 2133/1042/166 2134/1082/166 2031/1042/166
f 2120/1091/166 2032/1044/166 2033/1045/166
f 2137/1085/166 2120/1091/166 2033/1045/166
f 2137/1080/166 2036/1048/166 2037/1048/166
f 2079/1080/166 2137/1080/166 2037/1048/166
f 2122/1089/166 2042/1052/166 2043/1053/166
f 2139/1081/166 2122/1089/166 2043/1053/166
f 2136/1083/164 2040/1050/164 2041/1051/164
f 2121/1090/164 2136/1083/164 2041/1051/164
f 2136/1081/164 2080/1081/164 2045/1054/164
f 2080/1081/164 2044/1054/164 2045/1054/164
f 2139/1083/166 2046/1055/166 2047/1055/166
f 2082/1083/166 2139/1083/166 2047/1055/166
f 2138/1080/164 2056/1062/164 2057/1063/164
f 2123/1088/164 2138/1080/164 2057/1063/164
f 2084/1085/164 2060/1066/164 2061/1066/164
f 2138/1085/164 2084/1085/164 2061/1066/164
f 2074/1076/165 2073/1075/165 2072/1074/165
f 2072/1074/165 2075/1077/165 2074/1076/165
f 2078/1076/166 2077/1079/166 2076/1078/166
f 2076/1078/166 2079/1080/166 2078/1076/166
f 2080/1081/166 2079/1080/166 2076/1078/166
f 2076/1078/166 2081/1082/166 2080/1081/166
f 2082/1083/166 2080/1081/166 2081/1082/166
f 2081/1082/166 2083/1084/166 2082/1083/166
f 2084/1085/166 2082/1083/166 2083/1084/166
f 2083/1084/166 2085/1086/166 2084/1085/166
f 2086/1077/166 2084/1085/166 2085/1086/166
f 2085/1086/166 2087/1087/166 2086/1077/166
f 2029/1043/166 2089/1043/166 2088/1042/166
f 2088/1042/166 2028/1042/166 2029/1043/166
f 2067/1069/165 2092/1069/165 2091/1069/165
f 2091/1069/165 2066/1069/165 2067/1069/165
f 2094/1039/163 2072/1075/163 2093/1088/163
f 2093/1088/163 2095/1038/163 2094/1039/163
f 2096/1058/163 2095/1038/163 2093/1088/163
f 2093/1088/163 2097/1089/163 2096/1058/163
f 2098/1061/163 2096/1058/163 2097/1089/163
f 2097/1089/163 2099/1090/163 2098/1061/163
f 2100/1070/163 2098/1061/163 2099/1090/163
f 2099/1090/163 2101/1091/163 2100/1070/163
f 2102/1073/163 2100/1070/163 2101/1091/163
f 2101/1091/163 2103/1074/163 2102/1073/163
f 2104/1040/163 2075/1076/163 2072/1075/163
f 2072/1075/163 2094/1039/163 2104/1040/163
f 2105/1080/163 2075/1076/163 2104/1040/163
f 2104/1040/163 2106/1041/163 2105/1080/163
f 2107/1081/163 2105/1080/163 2106/1041/163
f 2106/1041/163 2108/1059/163 2107/1081/163
f 2109/1083/163 2107/1081/163 2108/1059/163
f 2108/1059/163 2110/1060/163 2109/1083/163
f 2111/1085/163 2109/1083/163 2110/1060/163
f 2110/1060/163 2112/1071/163 2111/1085/163
f 2113/1077/163 2111/1085/163 2112/1071/163
f 2112/1071/163 2114/1072/163 2113/1077/163
f 2102/1073/163 2103/1074/163 2113/1077/163
f 2113/1077/163 2114/1072/163 2102/1073/163
f 2078/1076/165 2074/1076/165 2075/1079/165
f 2075/1079/165 2077/1079/165 2078/1076/165
f 2115/1042/167 2116/1043/167 2030/1043/167
f 2030/1043/167 2031/1042/167 2115/1042/167
f 2030/1043/168 2116/1043/168 2089/1043/168
f 2089/1043/168 2029/1043/168 2030/1043/168
f 2025/1039/166 2094/1039/166 2095/1038/166
f 2095/1038/166 2024/1038/166 2025/1039/166
f 2052/1092/166 2024/1038/166 2095/1038/166
f 2095/1038/166 2096/1092/166 2052/1092/166
f 2071/1073/165 2102/1073/165 2114/1072/165
f 2114/1072/165 2070/1072/165 2071/1073/165
f 2106/1041/167 2104/1040/167 2026/1040/167
f 2026/1040/167 2027/1041/167 2106/1041/167
f 2108/1093/167 2106/1041/167 2027/1041/167
f 2027/1041/167 2053/1093/167 2108/1093/167
f 2026/1040/168 2104/1040/168 2094/1039/168
f 2094/1039/168 2025/1039/168 2026/1040/168
f 2113/1077/168 2103/1076/168 2118/1079/168
f 2118/1079/168 2119/1087/168 2113/1077/168
f 2087/1077/168 2113/1076/168 2119/1079/168
f 2119/1079/168 2086/1087/168 2087/1077/168
f 2093/1086/167 2072/1087/167 2073/1077/167
f 2073/1077/167 2120/1085/167 2093/1086/167
f 2097/1084/167 2093/1086/167 2120/1085/167
f 2120/1085/167 2121/1083/167 2097/1084/167
f 2099/1082/167 2097/1084/167 2121/1083/167
f 2121/1083/167 2122/1081/167 2099/1082/167
f 2101/1078/167 2099/1082/167 2122/1081/167
f 2122/1081/167 2123/1080/167 2101/1078/167
f 2103/1079/167 2101/1078/167 2123/1080/167
f 2123/1080/167 2118/1076/167 2103/1079/167
f 2124/1057/167 2117/1056/167 2049/1056/167
f 2049/1056/167 2050/1057/167 2124/1057/167
f 2051/1057/166 2048/1056/166 2090/1056/166
f 2090/1056/166 2125/1057/166 2051/1057/166
f 2110/1060/167 2108/1059/167 2053/1059/167
f 2053/1059/167 2054/1060/167 2110/1060/167
f 2055/1061/166 2052/1058/166 2096/1058/166
f 2096/1058/166 2098/1061/166 2055/1061/166
f 2065/1068/167 2066/1069/167 2091/1069/167
f 2091/1069/167 2126/1068/167 2065/1068/167
f 2050/1084/167 2065/1068/167 2126/1068/167
f 2126/1068/167 2124/1084/167 2050/1084/167
f 2127/1068/166 2092/1069/166 2067/1069/166
f 2067/1069/166 2064/1068/166 2127/1068/166
f 2125/1084/166 2127/1068/166 2064/1068/166
f 2064/1068/166 2051/1084/166 2125/1084/166
f 2069/1071/167 2070/1072/167 2114/1072/167
f 2114/1072/167 2112/1071/167 2069/1071/167
f 2054/1094/167 2069/1071/167 2112/1071/167
f 2112/1071/167 2110/1094/167 2054/1094/167
f 2100/1070/166 2102/1073/166 2071/1073/166
f 2071/1073/166 2068/1070/166 2100/1070/166
f 2098/1095/166 2100/1070/166 2068/1070/166
f 2068/1070/166 2055/1095/166 2098/1095/166
f 2130/1059/163 2129/1041/163 2128/1038/163
f 2128/1038/163 2131/1058/163 2130/1059/163
f 2134/1082/163 2133/1042/163 2132/1042/163
f 2132/1042/163 2135/1082/163 2134/1082/163
f 2079/1080/164 2080/1096/164 2136/1096/164
f 2136/1096/164 2137/1080/164 2079/1080/164
f 2079/1080/164 2037/1048/164 2038/1049/164
f 2038/1049/164 2078/1076/164 2079/1080/164
f 2078/1076/164 2038/1049/164 2039/1049/164
f 2039/1049/164 2074/1076/164 2078/1076/164
f 2036/1048/164 2137/1080/164 2074/1076/164
f 2074/1076/164 2039/1049/164 2036/1048/164
f 2138/1085/164 2139/1097/164 2082/1097/164
f 2082/1097/164 2084/1085/164 2138/1085/164
f 2138/1085/164 2061/1066/164 2062/1067/164
f 2062/1067/164 2119/1077/164 2138/1085/164
f 2119/1077/164 2062/1067/164 2063/1067/164
f 2063/1067/164 2086/1077/164 2119/1077/164
f 2060/1066/164 2084/1085/164 2086/1077/164
f 2086/1077/164 2063/1067/164 2060/1066/164
f 2142/1084/163 2141/1068/163 2140/1068/163
f 2140/1068/163 2143/1084/163 2142/1084/163
f 2146/1061/163 2145/1070/163 2144/1071/163
f 2144/1071/163 2147/1060/163 2146/1061/163
f 2129/1041/165 2027/1041/165 2024/1038/165
f 2024/1038/165 2128/1038/165 2129/1041/165
f 2128/1038/167 2024/1038/166 2052/1058/166
f 2052/1058/166 2131/1058/167 2128/1038/167
f 2131/1058/168 2052/1058/168 2053/1059/168
f 2053/1059/168 2130/1059/168 2131/1058/168
f 2130/1059/166 2053/1059/167 2027/1041/167
f 2027/1041/167 2129/1041/166 2130/1059/166
f 2133/1042/165 2031/1042/165 2028/1042/165
f 2028/1042/165 2132/1042/165 2133/1042/165
f 2135/1082/168 2048/1082/168 2049/1082/168
f 2049/1082/168 2134/1082/168 2135/1082/168
f 2141/1068/168 2064/1068/168 2065/1068/168
f 2065/1068/168 2140/1068/168 2141/1068/168
f 2140/1068/166 2065/1068/167 2050/1084/167
f 2050/1084/167 2143/1084/166 2140/1068/166
f 2143/1084/165 2050/1084/165 2051/1084/165
f 2051/1084/165 2142/1084/165 2143/1084/165
f 2142/1084/167 2051/1084/166 2064/1068/166
f 2064/1068/166 2141/1068/167 2142/1084/167
f 2145/1070/168 2068/1070/168 2069/1071/168
f 2069/1071/168 2144/1071/168 2145/1070/168
f 2144/1071/166 2069/1071/167 2054/1060/167
f 2054/1060/167 2147/1060/166 2144/1071/166
f 2147/1060/165 2054/1060/165 2055/1061/165
f 2055/1061/165 2146/1061/165 2147/1060/165
f 2146/1061/167 2055/1061/166 2068/1070/166
f 2068/1070/166 2145/1070/167 2146/1061/167
f 2137/1085/164 2033/1045/164 2034/1046/164
f 2034/1046/164 2074/1077/164 2137/1085/164
f 2121/1090/164 2120/1091/164 2137/1085/164
f 2137/1085/164 2136/1083/164 2121/1090/164
f 2032/1044/164 2120/1091/164 2073/1074/164
f 2073/1074/164 2035/1047/164 2032/1044/164
f 2121/1090/164 2041/1051/164 2042/1052/164
f 2042/1052/164 2122/1089/164 2121/1090/164
f 2040/1050/164 2136/1083/164 2139/1081/164
f 2139/1081/164 2043/1053/164 2040/1050/164
f 2123/1088/164 2122/1089/164 2139/1081/164
f 2139/1081/164 2138/1080/164 2123/1088/164
f 2123/1088/164 2057/1063/164 2058/1064/164
f 2058/1064/164 2118/1075/164 2123/1088/164
f 2056/1062/164 2138/1080/164 2119/1076/164
f 2119/1076/164 2059/1065/164 2056/1062/164
f 2074/1077/164 2034/1046/164 2035/1047/164
f 2035/1047/164 2073/1074/164 2074/1077/164
f 2046/1055/164 2139/1083/164 2136/1081/164
f 2136/1081/164 2045/1054/164 2046/1055/164
f 2044/1054/164 2080/1081/164 2082/1083/164
f 2082/1083/164 2047/1055/164 2044/1054/164
f 2118/1075/164 2058/1064/164 2059/1065/164
f 2059/1065/164 2119/1076/164 2118/1075/164
f 2105/1078/163 2088/1042/163 2089/1043/163
f 2089/1043/163 2075/1079/163 2105/1078/163
f 2090/1056/163 2088/1042/163 2105/1078/163
f 2105/1078/163 2107/1082/163 2090/1056/163
f 2125/1057/163 2090/1056/163 2107/1082/163
f 2107/1082/163 2109/1084/163 2125/1057/163
f 2127/1068/163 2125/1057/163 2109/1084/163
f 2109/1084/163 2111/1086/163 2127/1068/163
f 2075/1079/163 2089/1043/163 2116/1043/163
f 2116/1043/163 2077/1079/163 2075/1079/163
f 2076/1078/163 2077/1079/163 2116/1043/163
f 2116/1043/163 2115/1042/163 2076/1078/163
f 2081/1082/163 2076/1078/163 2115/1042/163
f 2115/1042/163 2117/1056/163 2081/1082/163
f 2083/1084/163 2081/1082/163 2117/1056/163
f 2117/1056/163 2124/1057/163 2083/1084/163
f 2085/1086/163 2083/1084/163 2124/1057/163
f 2124/1057/163 2126/1068/163 2085/1086/163
f 2092/1069/163 2127/1068/163 2111/1086/163
f 2111/1086/163 2113/1087/163 2092/1069/163
f 2087/1087/163 2085/1086/163 2126/1068/163
f 2126/1068/163 2091/1069/163 2087/1087/163
f 2092/1069/163 2113/1087/163 2087/1087/163
f 2087/1087/163 2091/1069/163 2092/1069/163

g Window13
v -3.112682 7.969562 -33.78957
v -3.112682 5.926438 -33.78957
v -1.449612 5.926438 -33.78957
v -1.449612 7.969562 -33.78957
v -1.207948 7.967535 -33.79568
v -1.207948 5.92236 -33.79568
v 0.4496074 5.92236 -33.79568
v 0.4496074 7.967535 -33.79568
v -3.130283 7.968548 -33.6775
v -1.455127 7.968548 -33.6775
v -1.455127 5.919637 -33.6775
v -3.130283 5.919637 -33.6775
v -1.213462 7.968548 -33.6775
v 0.4631308 7.968548 -33.6775
v 0.4631308 5.919637 -33.6775
v -1.213462 5.919637 -33.6775
v -1.455127 8.157124 -33.6775
v -3.130283 8.157124 -33.6775
v -3.130283 10.26316 -33.6775
v -1.455127 10.26316 -33.6775
v 0.4631308 8.157124 -33.6775
v -1.213462 8.157124 -33.6775
v -1.213462 10.26316 -33.6775
v 0.4631308 10.26316 -33.6775
v -1.207948 8.156067 -33.79568
v 0.4496074 8.156067 -33.79568
v 0.4496074 10.26417 -33.79568
v -1.207948 10.26417 -33.79568
v -3.112682 8.158094 -33.78957
v -1.449612 8.158094 -33.78957
v -1.449612 10.26214 -33.78957
v -3.112682 10.26214 -33.78957
v -1.455127 10.45166 -33.6775
v -3.130283 10.45166 -33.6775
v -3.130283 12.5006 -33.6775
v -1.455127 12.5006 -33.6775
v 0.4631308 10.45166 -33.6775
v -1.213462 10.45166 -33.6775
v -1.213462 12.5006 -33.6775
v 0.4631308 12.5006 -33.6775
v -1.207948 10.4527 -33.79568
v 0.4496074 10.4527 -33.79568
v 0.4496074 12.49788 -33.79568
v -1.207948 12.49788 -33.79568
v -3.112682 10.45068 -33.78957
v -1.449612 10.45068 -33.78957
v -1.449612 12.4938 -33.78957
v -3.112682 12.4938 -33.78957
v -3.439944 5.609977 -33.94769
v -3.439944 5.609977 -33.6775
v -1.327147 5.609977 -33.6775
v -1.327147 5.609977 -33.94769
v 0.7727909 7.968548 -33.94769
v 0.7727909 5.609977 -33.94769
v 0.7727909 5.609977 -33.6775
v 0.7727909 7.968548 -33.6775
v 0.7727909 8.157081 -33.6775
v 0.7727909 8.157081 -33.94769
v 0.7727909 10.26316 -33.6775
v 0.7727909 10.26316 -33.94769
v 0.7727909 10.45169 -33.6775
v 0.7727909 10.45169 -33.94769
v 0.7727909 12.81026 -33.6775
v 0.7727909 12.81026 -33.94769
v -1.207948 7.967535 -33.94769
v -1.207948 5.92236 -33.94769
v -1.207948 8.156067 -33.94769
v 0.4496074 12.49788 -33.94769
v -1.207948 12.49788 -33.94769
v -3.439944 7.968548 -33.94769
v -3.112682 5.926438 -33.94769
v -3.112682 7.969562 -33.94769
v -3.112682 8.158094 -33.94769
v -3.439944 8.157081 -33.94769
v -3.112682 10.26214 -33.94769
v -3.439944 10.26316 -33.94769
v -3.112682 10.45068 -33.94769
v -3.439944 10.45169 -33.94769
v -3.112682 12.4938 -33.94769
v -3.439944 12.81026 -33.94769
v -1.449612 5.926438 -33.94769
v -1.327147 7.968542 -33.94769
v -1.449612 7.969562 -33.94769
v -1.327147 8.157087 -33.94769
v -1.449612 8.158094 -33.94769
v -1.327147 10.26315 -33.94769
v -1.449612 10.26214 -33.94769
v -1.327147 10.45169 -33.94769
v -1.449612 10.45068 -33.94769
v -1.327147 12.81026 -33.94769
v -1.449612 12.4938 -33.94769
v 0.4496074 7.967535 -33.94769
v 0.4496074 5.92236 -33.94769
v 0.4496074 8.156067 -33.94769
v -3.439944 12.81026 -33.6775
v -1.327147 12.81026 -33.6775
v -3.439944 7.968548 -33.6775
v -3.439944 8.157081 -33.6775
v -3.439944 10.26316 -33.6775
v -3.439944 10.45169 -33.6775
v 0.4496074 10.26417 -33.94769
v -1.207948 10.26417 -33.94769
v 0.4496074 10.4527 -33.94769
v -1.207948 10.4527 -33.94769
v -3.112682 7.969562 -33.94599
v -1.449612 7.969562 -33.94599
v -1.449612 8.158094 -33.94599
v -3.112682 8.158094 -33.94599
v -1.207948 7.967535 -33.94637
v 0.4496074 7.967535 -33.94637
v 0.4496074 8.156067 -33.94637
v -1.207948 8.156067 -33.94637
v -1.327147 8.157081 -33.6775
v -1.327147 7.968548 -33.6775
v -1.327147 10.45169 -33.6775
v -1.327147 10.26316 -33.6775
v 0.4496074 10.4527 -33.9551
v -1.207948 10.4527 -33.9551
v -1.207948 10.26417 -33.9551
v 0.4496074 10.26417 -33.9551
v -1.449612 10.45068 -33.94027
v -3.112682 10.45068 -33.94027
v -3.112682 10.26214 -33.94027
v -1.449612 10.26214 -33.94027

vt 0.3344201 0.5185274
vt 0.03705478 0.5185274
vt 0.03705478 0.9814726
vt 0.3344201 0.9814726
vt 0.3321317 0
vt 0.03060679 0
vt 0.7273681 0.5702567
vt 0.7273681 0.9297433
vt 0.9495887 0.9297433
vt 0.9495887 0.5702567
vt 0.2726319 1
vt 0.05041134 1
vt 0.6059651 0.9297433
vt 0.6059651 0.5702567
vt 0.3940348 0.5702567
vt 0.3940348 0.9297433
vt 0.3940348 1
vt 0.6059651 1
vt 0.3531894 0
vt 0.6468106 0
vt 0.3552188 0.5185274
vt 0.3552188 0.9814726
vt 0.6447812 0.9814726
vt 0.6447812 0.5185274
vt 0.2726319 0.9297433
vt 0.2726319 0.5702567
vt 0.05041134 0.5702567
vt 0.05041134 0.9297433
vt 0.7273681 1
vt 0.9495885 1
vt 0.6678681 0
vt 0.9693931 0
vt 0.6655799 0.5185274
vt 0.6655799 0.9814726
vt 0.9629452 0.9814726
vt 0.9629452 0.5185274
vt 1 0.5
vt 0 0.5
vt 0 1
vt 1 1
vt 0.3230432 0
vt 0 0
vt 0.3230432 1
vt 0.3436235 1
vt 0.3436235 0
vt 0.6563765 1
vt 0.6563765 0
vt 0.6769568 1
vt 0.6769568 0
vt 1 0
vt 0.3230432 0.5
vt 0.3436235 0.5
vt 0.6563765 0.5
vt 0.6769568 0.5
vt 0.3456849 0.5185274
vt 0.3456849 0.9814726
vt 0.6543151 0.9814726
vt 0.6543151 0.5185274
vt 0.3333333 1
vt 0.6666667 1

vn 1.192093E-06 0 -10
vn -1.192093E-06 0 10
vn 0 -10 0
vn 10 0 1.192093E-06
vn -10 0 -1.192093E-06
vn 0 10 0

usemtl Glass.1
f 2151/1101/169 2150/1100/169 2149/1099/169 2148/1098/169
f 2155/1102/169 2154/1103/169 2153/1103/169 2152/1102/169
f 2159/1107/170 2158/1106/170 2157/1105/170 2156/1104/170
f 2163/1109/170 2162/1109/170 2161/1108/170 2160/1108/170
f 2167/1113/170 2166/1112/170 2165/1111/170 2164/1110/170
f 2171/1115/170 2170/1115/170 2169/1114/170 2168/1114/170
f 2175/1117/169 2174/1117/169 2173/1116/169 2172/1116/169
f 2179/1121/169 2178/1120/169 2177/1119/169 2176/1118/169
f 2183/1125/170 2182/1124/170 2181/1123/170 2180/1122/170
f 2187/1127/170 2186/1127/170 2185/1126/170 2184/1126/170
f 2191/1129/169 2190/1129/169 2189/1128/169 2188/1128/169
f 2195/1133/169 2194/1132/169 2193/1131/169 2192/1130/169

usemtl white
f 2172/1142/172 2152/1102/172 2212/1102/172
f 2214/1142/172 2172/1142/172 2212/1102/172
f 2241/1142/172 2239/1102/172 2155/1102/172
f 2173/1142/172 2241/1142/172 2155/1102/172
f 2256/1102/172 2152/1102/172 2172/1142/172
f 2259/1142/172 2256/1102/172 2172/1142/172
f 2258/1142/172 2173/1142/172 2155/1102/172
f 2257/1102/172 2258/1142/172 2155/1102/172
f 2244/1151/172 2156/1104/172 2157/1105/172
f 2261/1145/172 2244/1151/172 2157/1105/172
f 2261/1140/172 2160/1108/172 2161/1108/172
f 2203/1140/172 2261/1140/172 2161/1108/172
f 2246/1149/172 2166/1112/172 2167/1113/172
f 2263/1141/172 2246/1149/172 2167/1113/172
f 2260/1143/170 2164/1110/170 2165/1111/170
f 2245/1150/170 2260/1143/170 2165/1111/170
f 2260/1141/170 2204/1141/170 2169/1114/170
f 2204/1141/170 2168/1114/170 2169/1114/170
f 2263/1143/172 2170/1115/172 2171/1115/172
f 2206/1143/172 2263/1143/172 2171/1115/172
f 2262/1140/170 2180/1122/170 2181/1123/170
f 2247/1148/170 2262/1140/170 2181/1123/170
f 2208/1145/170 2184/1126/170 2185/1126/170
f 2262/1145/170 2208/1145/170 2185/1126/170
f 2198/1136/171 2197/1135/171 2196/1134/171
f 2196/1134/171 2199/1137/171 2198/1136/171
f 2202/1136/172 2201/1139/172 2200/1138/172
f 2200/1138/172 2203/1140/172 2202/1136/172
f 2204/1141/172 2203/1140/172 2200/1138/172
f 2200/1138/172 2205/1142/172 2204/1141/172
f 2206/1143/172 2204/1141/172 2205/1142/172
f 2205/1142/172 2207/1144/172 2206/1143/172
f 2208/1145/172 2206/1143/172 2207/1144/172
f 2207/1144/172 2209/1146/172 2208/1145/172
f 2210/1137/172 2208/1145/172 2209/1146/172
f 2209/1146/172 2211/1147/172 2210/1137/172
f 2153/1103/172 2213/1103/172 2212/1102/172
f 2212/1102/172 2152/1102/172 2153/1103/172
f 2191/1129/171 2216/1129/171 2215/1129/171
f 2215/1129/171 2190/1129/171 2191/1129/171
f 2218/1099/169 2196/1135/169 2217/1148/169
f 2217/1148/169 2219/1098/169 2218/1099/169
f 2220/1118/169 2219/1098/169 2217/1148/169
f 2217/1148/169 2221/1149/169 2220/1118/169
f 2222/1121/169 2220/1118/169 2221/1149/169
f 2221/1149/169 2223/1150/169 2222/1121/169
f 2224/1130/169 2222/1121/169 2223/1150/169
f 2223/1150/169 2225/1151/169 2224/1130/169
f 2226/1133/169 2224/1130/169 2225/1151/169
f 2225/1151/169 2227/1134/169 2226/1133/169
f 2228/1100/169 2199/1136/169 2196/1135/169
f 2196/1135/169 2218/1099/169 2228/1100/169
f 2229/1140/169 2199/1136/169 2228/1100/169
f 2228/1100/169 2230/1101/169 2229/1140/169
f 2231/1141/169 2229/1140/169 2230/1101/169
f 2230/1101/169 2232/1119/169 2231/1141/169
f 2233/1143/169 2231/1141/169 2232/1119/169
f 2232/1119/169 2234/1120/169 2233/1143/169
f 2235/1145/169 2233/1143/169 2234/1120/169
f 2234/1120/169 2236/1131/169 2235/1145/169
f 2237/1137/169 2235/1145/169 2236/1131/169
f 2236/1131/169 2238/1132/169 2237/1137/169
f 2226/1133/169 2227/1134/169 2237/1137/169
f 2237/1137/169 2238/1132/169 2226/1133/169
f 2202/1136/171 2198/1136/171 2199/1139/171
f 2199/1139/171 2201/1139/171 2202/1136/171
f 2239/1102/173 2240/1103/173 2154/1103/173
f 2154/1103/173 2155/1102/173 2239/1102/173
f 2154/1103/174 2240/1103/174 2213/1103/174
f 2213/1103/174 2153/1103/174 2154/1103/174
f 2149/1099/172 2218/1099/172 2219/1098/172
f 2219/1098/172 2148/1098/172 2149/1099/172
f 2176/1152/172 2148/1098/172 2219/1098/172
f 2219/1098/172 2220/1152/172 2176/1152/172
f 2195/1133/171 2226/1133/171 2238/1132/171
f 2238/1132/171 2194/1132/171 2195/1133/171
f 2230/1101/173 2228/1100/173 2150/1100/173
f 2150/1100/173 2151/1101/173 2230/1101/173
f 2232/1153/173 2230/1101/173 2151/1101/173
f 2151/1101/173 2177/1153/173 2232/1153/173
f 2150/1100/174 2228/1100/174 2218/1099/174
f 2218/1099/174 2149/1099/174 2150/1100/174
f 2237/1137/174 2227/1136/174 2242/1139/174
f 2242/1139/174 2243/1147/174 2237/1137/174
f 2211/1137/174 2237/1136/174 2243/1139/174
f 2243/1139/174 2210/1147/174 2211/1137/174
f 2217/1146/173 2196/1147/173 2197/1137/173
f 2197/1137/173 2244/1145/173 2217/1146/173
f 2221/1144/173 2217/1146/173 2244/1145/173
f 2244/1145/173 2245/1143/173 2221/1144/173
f 2223/1142/173 2221/1144/173 2245/1143/173
f 2245/1143/173 2246/1141/173 2223/1142/173
f 2225/1138/173 2223/1142/173 2246/1141/173
f 2246/1141/173 2247/1140/173 2225/1138/173
f 2227/1139/173 2225/1138/173 2247/1140/173
f 2247/1140/173 2242/1136/173 2227/1139/173
f 2248/1117/173 2241/1116/173 2173/1116/173
f 2173/1116/173 2174/1117/173 2248/1117/173
f 2175/1117/172 2172/1116/172 2214/1116/172
f 2214/1116/172 2249/1117/172 2175/1117/172
f 2234/1120/173 2232/1119/173 2177/1119/173
f 2177/1119/173 2178/1120/173 2234/1120/173
f 2179/1121/172 2176/1118/172 2220/1118/172
f 2220/1118/172 2222/1121/172 2179/1121/172
f 2189/1128/173 2190/1129/173 2215/1129/173
f 2215/1129/173 2250/1128/173 2189/1128/173
f 2174/1144/173 2189/1128/173 2250/1128/173
f 2250/1128/173 2248/1144/173 2174/1144/173
f 2251/1128/172 2216/1129/172 2191/1129/172
f 2191/1129/172 2188/1128/172 2251/1128/172
f 2249/1144/172 2251/1128/172 2188/1128/172
f 2188/1128/172 2175/1144/172 2249/1144/172
f 2193/1131/173 2194/1132/173 2238/1132/173
f 2238/1132/173 2236/1131/173 2193/1131/173
f 2178/1154/173 2193/1131/173 2236/1131/173
f 2236/1131/173 2234/1154/173 2178/1154/173
f 2224/1130/172 2226/1133/172 2195/1133/172
f 2195/1133/172 2192/1130/172 2224/1130/172
f 2222/1155/172 2224/1130/172 2192/1130/172
f 2192/1130/172 2179/1155/172 2222/1155/172
f 2254/1119/169 2253/1101/169 2252/1098/169
f 2252/1098/169 2255/1118/169 2254/1119/169
f 2258/1142/169 2257/1102/169 2256/1102/169
f 2256/1102/169 2259/1142/169 2258/1142/169
f 2203/1140/170 2204/1156/170 2260/1156/170
f 2260/1156/170 2261/1140/170 2203/1140/170
f 2203/1140/170 2161/1108/170 2162/1109/170
f 2162/1109/170 2202/1136/170 2203/1140/170
f 2202/1136/170 2162/1109/170 2163/1109/170
f 2163/1109/170 2198/1136/170 2202/1136/170
f 2160/1108/170 2261/1140/170 2198/1136/170
f 2198/1136/170 2163/1109/170 2160/1108/170
f 2262/1145/170 2263/1157/170 2206/1157/170
f 2206/1157/170 2208/1145/170 2262/1145/170
f 2262/1145/170 2185/1126/170 2186/1127/170
f 2186/1127/170 2243/1137/170 2262/1145/170
f 2243/1137/170 2186/1127/170 2187/1127/170
f 2187/1127/170 2210/1137/170 2243/1137/170
f 2184/1126/170 2208/1145/170 2210/1137/170
f 2210/1137/170 2187/1127/170 2184/1126/170
f 2266/1144/169 2265/1128/169 2264/1128/169
f 2264/1128/169 2267/1144/169 2266/1144/169
f 2270/1121/169 2269/1130/169 2268/1131/169
f 2268/1131/169 2271/1120/169 2270/1121/169
f 2253/1101/171 2151/1101/171 2148/1098/171
f 2148/1098/171 2252/1098/171 2253/1101/171
f 2252/1098/173 2148/1098/172 2176/1118/172
f 2176/1118/172 2255/1118/173 2252/1098/173
f 2255/1118/174 2176/1118/174 2177/1119/174
f 2177/1119/174 2254/1119/174 2255/1118/174
f 2254/1119/172 2177/1119/173 2151/1101/173
f 2151/1101/173 2253/1101/172 2254/1119/172
f 2257/1102/171 2155/1102/171 2152/1102/171
f 2152/1102/171 2256/1102/171 2257/1102/171
f 2259/1142/174 2172/1142/174 2173/1142/174
f 2173/1142/174 2258/1142/174 2259/1142/174
f 2265/1128/174 2188/1128/174 2189/1128/174
f 2189/1128/174 2264/1128/174 2265/1128/174
f 2264/1128/172 2189/1128/173 2174/1144/173
f 2174/1144/173 2267/1144/172 2264/1128/172
f 2267/1144/171 2174/1144/171 2175/1144/171
f 2175/1144/171 2266/1144/171 2267/1144/171
f 2266/1144/173 2175/1144/172 2188/1128/172
f 2188/1128/172 2265/1128/173 2266/1144/173
f 2269/1130/174 2192/1130/174 2193/1131/174
f 2193/1131/174 2268/1131/174 2269/1130/174
f 2268/1131/172 2193/1131/173 2178/1120/173
f 2178/1120/173 2271/1120/172 2268/1131/172
f 2271/1120/171 2178/1120/171 2179/1121/171
f 2179/1121/171 2270/1121/171 2271/1120/171
f 2270/1121/173 2179/1121/172 2192/1130/172
f 2192/1130/172 2269/1130/173 2270/1121/173
f 2261/1145/170 2157/1105/170 2158/1106/170
f 2158/1106/170 2198/1137/170 2261/1145/170
f 2245/1150/170 2244/1151/170 2261/1145/170
f 2261/1145/170 2260/1143/170 2245/1150/170
f 2156/1104/170 2244/1151/170 2197/1134/170
f 2197/1134/170 2159/1107/170 2156/1104/170
f 2245/1150/170 2165/1111/170 2166/1112/170
f 2166/1112/170 2246/1149/170 2245/1150/170
f 2164/1110/170 2260/1143/170 2263/1141/170
f 2263/1141/170 2167/1113/170 2164/1110/170
f 2247/1148/170 2246/1149/170 2263/1141/170
f 2263/1141/170 2262/1140/170 2247/1148/170
f 2247/1148/170 2181/1123/170 2182/1124/170
f 2182/1124/170 2242/1135/170 2247/1148/170
f 2180/1122/170 2262/1140/170 2243/1136/170
f 2243/1136/170 2183/1125/170 2180/1122/170
f 2198/1137/170 2158/1106/170 2159/1107/170
f 2159/1107/170 2197/1134/170 2198/1137/170
f 2170/1115/170 2263/1143/170 2260/1141/170
f 2260/1141/170 2169/1114/170 2170/1115/170
f 2168/1114/170 2204/1141/170 2206/1143/170
f 2206/1143/170 2171/1115/170 2168/1114/170
f 2242/1135/170 2182/1124/170 2183/1125/170
f 2183/1125/170 2243/1136/170 2242/1135/170
f 2229/1138/169 2212/1102/169 2213/1103/169
f 2213/1103/169 2199/1139/169 2229/1138/169
f 2214/1116/169 2212/1102/169 2229/1138/169
f 2229/1138/169 2231/1142/169 2214/1116/169
f 2249/1117/169 2214/1116/169 2231/1142/169
f 2231/1142/169 2233/1144/169 2249/1117/169
f 2251/1128/169 2249/1117/169 2233/1144/169
f 2233/1144/169 2235/1146/169 2251/1128/169
f 2199/1139/169 2213/1103/169 2240/1103/169
f 2240/1103/169 2201/1139/169 2199/1139/169
f 2200/1138/169 2201/1139/169 2240/1103/169
f 2240/1103/169 2239/1102/169 2200/1138/169
f 2205/1142/169 2200/1138/169 2239/1102/169
f 2239/1102/169 2241/1116/169 2205/1142/169
f 2207/1144/169 2205/1142/169 2241/1116/169
f 2241/1116/169 2248/1117/169 2207/1144/169
f 2209/1146/169 2207/1144/169 2248/1117/169
f 2248/1117/169 2250/1128/169 2209/1146/169
f 2216/1129/169 2251/1128/169 2235/1146/169
f 2235/1146/169 2237/1147/169 2216/1129/169
f 2211/1147/169 2209/1146/169 2250/1128/169
f 2250/1128/169 2215/1129/169 2211/1147/169
f 2216/1129/169 2237/1147/169 2211/1147/169
f 2211/1147/169 2215/1129/169 2216/1129/169

g Window14
v 16.9033 8.060501 -28.22713
v 16.9033 6.017378 -28.22713
v 16.9033 6.017378 -26.56406
v 16.9033 8.060501 -26.56406
v 16.90941 8.058474 -26.3224
v 16.90941 6.013299 -26.3224
v 16.90941 6.013299 -24.66484
v 16.90941 8.058474 -24.66484
v 16.79123 8.059488 -28.24473
v 16.79123 8.059487 -26.56958
v 16.79123 6.010575 -26.56958
v 16.79123 6.010576 -28.24473
v 16.79123 8.059487 -26.32791
v 16.79123 8.059487 -24.65132
v 16.79123 6.010575 -24.65132
v 16.79123 6.010575 -26.32791
v 16.79123 8.248062 -26.56958
v 16.79123 8.248063 -28.24473
v 16.79123 10.3541 -28.24473
v 16.79123 10.3541 -26.56958
v 16.79123 8.248062 -24.65132
v 16.79123 8.248062 -26.32791
v 16.79123 10.3541 -26.32791
v 16.79123 10.3541 -24.65132
v 16.90941 8.247006 -26.3224
v 16.90941 8.247006 -24.66484
v 16.90941 10.35511 -24.66484
v 16.90941 10.35511 -26.3224
v 16.9033 8.249034 -28.22713
v 16.9033 8.249034 -26.56406
v 16.9033 10.35308 -26.56406
v 16.9033 10.35308 -28.22713
v 16.79123 10.5426 -26.56958
v 16.79123 10.5426 -28.24473
v 16.79123 12.59154 -28.24473
v 16.79123 12.59154 -26.56958
v 16.79123 10.5426 -24.65132
v 16.79123 10.5426 -26.32791
v 16.79123 12.59154 -26.32791
v 16.79123 12.59154 -24.65132
v 16.90941 10.54364 -26.3224
v 16.90941 10.54364 -24.66484
v 16.90941 12.58882 -24.66484
v 16.90941 12.58882 -26.3224
v 16.9033 10.54161 -28.22713
v 16.9033 10.54161 -26.56406
v 16.9033 12.58474 -26.56406
v 16.9033 12.58474 -28.22713
v 17.06141 5.700916 -28.55439
v 16.79123 5.700916 -28.55439
v 16.79123 5.700916 -26.4416
v 17.06141 5.700916 -26.4416
v 17.06141 8.059487 -24.34166
v 17.06141 5.700915 -24.34166
v 16.79123 5.700915 -24.34166
v 16.79123 8.059487 -24.34166
v 16.79123 8.24802 -24.34166
v 17.06141 8.24802 -24.34166
v 16.79123 10.3541 -24.34166
v 17.06141 10.3541 -24.34166
v 16.79123 10.54263 -24.34166
v 17.06141 10.54263 -24.34166
v 16.79123 12.9012 -24.34166
v 17.06141 12.9012 -24.34166
v 17.06141 8.058474 -26.3224
v 17.06141 6.013299 -26.3224
v 17.06141 8.247006 -26.3224
v 17.06141 12.58882 -24.66484
v 17.06141 12.58882 -26.3224
v 17.06141 8.059488 -28.55439
v 17.06141 6.017378 -28.22713
v 17.06141 8.060501 -28.22713
v 17.06141 8.249034 -28.22713
v 17.06141 8.24802 -28.55439
v 17.06141 10.35308 -28.22713
v 17.06141 10.3541 -28.55439
v 17.06141 10.54161 -28.22713
v 17.06141 10.54263 -28.55439
v 17.06141 12.58474 -28.22713
v 17.06141 12.9012 -28.55439
v 17.06141 6.017378 -26.56406
v 17.06141 8.059482 -26.4416
v 17.06141 8.060501 -26.56406
v 17.06141 8.248027 -26.4416
v 17.06141 8.249034 -26.56406
v 17.06141 10.35409 -26.4416
v 17.06141 10.35308 -26.56406
v 17.06141 10.54263 -26.4416
v 17.06141 10.54161 -26.56406
v 17.06141 12.9012 -26.4416
v 17.06141 12.58474 -26.56406
v 17.06141 8.058474 -24.66484
v 17.06141 6.013299 -24.66484
v 17.06141 8.247006 -24.66484
v 16.79123 12.9012 -28.55439
v 16.79123 12.9012 -26.4416
v 16.79123 8.059488 -28.55439
v 16.79123 8.24802 -28.55439
v 16.79123 10.3541 -28.55439
v 16.79123 10.54263 -28.55439
v 17.06141 10.35511 -24.66484
v 17.06141 10.35511 -26.3224
v 17.06141 10.54364 -24.66484
v 17.06141 10.54364 -26.3224
v 17.05972 8.060501 -28.22713
v 17.05972 8.060501 -26.56406
v 17.05972 8.249034 -26.56406
v 17.05972 8.249034 -28.22713
v 17.06009 8.058474 -26.3224
v 17.06009 8.058474 -24.66484
v 17.06009 8.247006 -24.66484
v 17.06009 8.247006 -26.3224
v 16.79123 8.24802 -26.4416
v 16.79123 8.059487 -26.4416
v 16.79123 10.54263 -26.4416
v 16.79123 10.3541 -26.4416
v 17.06883 10.54364 -24.66484
v 17.06883 10.54364 -26.3224
v 17.06883 10.35511 -26.3224
v 17.06883 10.35511 -24.66484
v 17.054 10.54161 -26.56406
v 17.054 10.54161 -28.22713
v 17.054 10.35308 -28.22713
v 17.054 10.35308 -26.56406

vt 0.3344201 0.5185274
vt 0.03705478 0.5185274
vt 0.03705478 0.9814726
vt 0.3344201 0.9814726
vt 0.3321317 0
vt 0.03060679 0
vt 0.7273681 0.5702567
vt 0.7273681 0.9297433
vt 0.9495887 0.9297433
vt 0.9495887 0.5702567
vt 0.2726319 1
vt 0.05041134 1
vt 0.6059651 0.9297433
vt 0.6059651 0.5702567
vt 0.3940348 0.5702567
vt 0.3940348 0.9297433
vt 0.3940348 1
vt 0.6059651 1
vt 0.3531894 0
vt 0.6468106 0
vt 0.3552188 0.5185274
vt 0.3552188 0.9814726
vt 0.6447812 0.9814726
vt 0.6447812 0.5185274
vt 0.2726319 0.9297433
vt 0.2726319 0.5702567
vt 0.05041134 0.5702567
vt 0.05041134 0.9297433
vt 0.7273681 1
vt 0.9495885 1
vt 0.6678681 0
vt 0.9693931 0
vt 0.6655799 0.5185274
vt 0.6655799 0.9814726
vt 0.9629452 0.9814726
vt 0.9629452 0.5185274
vt 1 0.5
vt 0 0.5
vt 0 1
vt 1 1
vt 0.3230432 0
vt 0 0
vt 0.3230432 1
vt 0.3436235 1
vt 0.3436235 0
vt 0.6563765 1
vt 0.6563765 0
vt 0.6769568 1
vt 0.6769568 0
vt 1 0
vt 0.3230432 0.5
vt 0.3436235 0.5
vt 0.6563765 0.5
vt 0.6769568 0.5
vt 0.3456849 0.5185274
vt 0.3456849 0.9814726
vt 0.6543151 0.9814726
vt 0.6543151 0.5185274
vt 0.3333333 1
vt 0.6666667 1

vn 10 1.608123E-15 1.192093E-06
vn -10 -1.608123E-15 -1.192093E-06
vn -1.405004E-13 -10 1.192093E-06
vn -1.192093E-06 -1.192093E-06 10
vn 1.192093E-06 1.192093E-06 -10
vn 1.405004E-13 10 -1.192093E-06

usemtl Glass.1
f 2275/1161/175 2274/1160/175 2273/1159/175 2272/1158/175
f 2279/1162/175 2278/1163/175 2277/1163/175 2276/1162/175
f 2283/1167/176 2282/1166/176 2281/1165/176 2280/1164/176
f 2287/1169/176 2286/1169/176 2285/1168/176 2284/1168/176
f 2291/1173/176 2290/1172/176 2289/1171/176 2288/1170/176
f 2295/1175/176 2294/1175/176 2293/1174/176 2292/1174/176
f 2299/1177/175 2298/1177/175 2297/1176/175 2296/1176/175
f 2303/1181/175 2302/1180/175 2301/1179/175 2300/1178/175
f 2307/1185/176 2306/1184/176 2305/1183/176 2304/1182/176
f 2311/1187/176 2310/1187/176 2309/1186/176 2308/1186/176
f 2315/1189/175 2314/1189/175 2313/1188/175 2312/1188/175
f 2319/1193/175 2318/1192/175 2317/1191/175 2316/1190/175

usemtl white
f 2296/1202/178 2276/1162/178 2336/1162/178
f 2338/1202/178 2296/1202/178 2336/1162/178
f 2365/1202/178 2363/1162/178 2279/1162/178
f 2297/1202/178 2365/1202/178 2279/1162/178
f 2380/1162/178 2276/1162/178 2296/1202/178
f 2383/1202/178 2380/1162/178 2296/1202/178
f 2382/1202/178 2297/1202/178 2279/1162/178
f 2381/1162/178 2382/1202/178 2279/1162/178
f 2368/1211/178 2280/1164/178 2281/1165/178
f 2385/1205/178 2368/1211/178 2281/1165/178
f 2385/1200/178 2284/1168/178 2285/1168/178
f 2327/1200/178 2385/1200/178 2285/1168/178
f 2370/1209/178 2290/1172/178 2291/1173/178
f 2387/1201/178 2370/1209/178 2291/1173/178
f 2384/1203/176 2288/1170/176 2289/1171/176
f 2369/1210/176 2384/1203/176 2289/1171/176
f 2384/1201/176 2328/1201/176 2293/1174/176
f 2328/1201/176 2292/1174/176 2293/1174/176
f 2387/1203/178 2294/1175/178 2295/1175/178
f 2330/1203/178 2387/1203/178 2295/1175/178
f 2386/1200/176 2304/1182/176 2305/1183/176
f 2371/1208/176 2386/1200/176 2305/1183/176
f 2332/1205/176 2308/1186/176 2309/1186/176
f 2386/1205/176 2332/1205/176 2309/1186/176
f 2322/1196/177 2321/1195/177 2320/1194/177
f 2320/1194/177 2323/1197/177 2322/1196/177
f 2326/1196/178 2325/1199/178 2324/1198/178
f 2324/1198/178 2327/1200/178 2326/1196/178
f 2328/1201/178 2327/1200/178 2324/1198/178
f 2324/1198/178 2329/1202/178 2328/1201/178
f 2330/1203/178 2328/1201/178 2329/1202/178
f 2329/1202/178 2331/1204/178 2330/1203/178
f 2332/1205/178 2330/1203/178 2331/1204/178
f 2331/1204/178 2333/1206/178 2332/1205/178
f 2334/1197/178 2332/1205/178 2333/1206/178
f 2333/1206/178 2335/1207/178 2334/1197/178
f 2277/1163/178 2337/1163/178 2336/1162/178
f 2336/1162/178 2276/1162/178 2277/1163/178
f 2315/1189/177 2340/1189/177 2339/1189/177
f 2339/1189/177 2314/1189/177 2315/1189/177
f 2342/1159/175 2320/1195/175 2341/1208/175
f 2341/1208/175 2343/1158/175 2342/1159/175
f 2344/1178/175 2343/1158/175 2341/1208/175
f 2341/1208/175 2345/1209/175 2344/1178/175
f 2346/1181/175 2344/1178/175 2345/1209/175
f 2345/1209/175 2347/1210/175 2346/1181/175
f 2348/1190/175 2346/1181/175 2347/1210/175
f 2347/1210/175 2349/1211/175 2348/1190/175
f 2350/1193/175 2348/1190/175 2349/1211/175
f 2349/1211/175 2351/1194/175 2350/1193/175
f 2352/1160/175 2323/1196/175 2320/1195/175
f 2320/1195/175 2342/1159/175 2352/1160/175
f 2353/1200/175 2323/1196/175 2352/1160/175
f 2352/1160/175 2354/1161/175 2353/1200/175
f 2355/1201/175 2353/1200/175 2354/1161/175
f 2354/1161/175 2356/1179/175 2355/1201/175
f 2357/1203/175 2355/1201/175 2356/1179/175
f 2356/1179/175 2358/1180/175 2357/1203/175
f 2359/1205/175 2357/1203/175 2358/1180/175
f 2358/1180/175 2360/1191/175 2359/1205/175
f 2361/1197/175 2359/1205/175 2360/1191/175
f 2360/1191/175 2362/1192/175 2361/1197/175
f 2350/1193/175 2351/1194/175 2361/1197/175
f 2361/1197/175 2362/1192/175 2350/1193/175
f 2326/1196/177 2322/1196/177 2323/1199/177
f 2323/1199/177 2325/1199/177 2326/1196/177
f 2363/1162/179 2364/1163/179 2278/1163/179
f 2278/1163/179 2279/1162/179 2363/1162/179
f 2278/1163/180 2364/1163/180 2337/1163/180
f 2337/1163/180 2277/1163/180 2278/1163/180
f 2273/1159/178 2342/1159/178 2343/1158/178
f 2343/1158/178 2272/1158/178 2273/1159/178
f 2300/1212/178 2272/1158/178 2343/1158/178
f 2343/1158/178 2344/1212/178 2300/1212/178
f 2319/1193/177 2350/1193/177 2362/1192/177
f 2362/1192/177 2318/1192/177 2319/1193/177
f 2354/1161/179 2352/1160/179 2274/1160/179
f 2274/1160/179 2275/1161/179 2354/1161/179
f 2356/1213/179 2354/1161/179 2275/1161/179
f 2275/1161/179 2301/1213/179 2356/1213/179
f 2274/1160/180 2352/1160/180 2342/1159/180
f 2342/1159/180 2273/1159/180 2274/1160/180
f 2361/1197/180 2351/1196/180 2366/1199/180
f 2366/1199/180 2367/1207/180 2361/1197/180
f 2335/1197/180 2361/1196/180 2367/1199/180
f 2367/1199/180 2334/1207/180 2335/1197/180
f 2341/1206/179 2320/1207/179 2321/1197/179
f 2321/1197/179 2368/1205/179 2341/1206/179
f 2345/1204/179 2341/1206/179 2368/1205/179
f 2368/1205/179 2369/1203/179 2345/1204/179
f 2347/1202/179 2345/1204/179 2369/1203/179
f 2369/1203/179 2370/1201/179 2347/1202/179
f 2349/1198/179 2347/1202/179 2370/1201/179
f 2370/1201/179 2371/1200/179 2349/1198/179
f 2351/1199/179 2349/1198/179 2371/1200/179
f 2371/1200/179 2366/1196/179 2351/1199/179
f 2372/1177/179 2365/1176/179 2297/1176/179
f 2297/1176/179 2298/1177/179 2372/1177/179
f 2299/1177/178 2296/1176/178 2338/1176/178
f 2338/1176/178 2373/1177/178 2299/1177/178
f 2358/1180/179 2356/1179/179 2301/1179/179
f 2301/1179/179 2302/1180/179 2358/1180/179
f 2303/1181/178 2300/1178/178 2344/1178/178
f 2344/1178/178 2346/1181/178 2303/1181/178
f 2313/1188/179 2314/1189/179 2339/1189/179
f 2339/1189/179 2374/1188/179 2313/1188/179
f 2298/1204/179 2313/1188/179 2374/1188/179
f 2374/1188/179 2372/1204/179 2298/1204/179
f 2375/1188/178 2340/1189/178 2315/1189/178
f 2315/1189/178 2312/1188/178 2375/1188/178
f 2373/1204/178 2375/1188/178 2312/1188/178
f 2312/1188/178 2299/1204/178 2373/1204/178
f 2317/1191/179 2318/1192/179 2362/1192/179
f 2362/1192/179 2360/1191/179 2317/1191/179
f 2302/1214/179 2317/1191/179 2360/1191/179
f 2360/1191/179 2358/1214/179 2302/1214/179
f 2348/1190/178 2350/1193/178 2319/1193/178
f 2319/1193/178 2316/1190/178 2348/1190/178
f 2346/1215/178 2348/1190/178 2316/1190/178
f 2316/1190/178 2303/1215/178 2346/1215/178
f 2378/1179/175 2377/1161/175 2376/1158/175
f 2376/1158/175 2379/1178/175 2378/1179/175
f 2382/1202/175 2381/1162/175 2380/1162/175
f 2380/1162/175 2383/1202/175 2382/1202/175
f 2327/1200/176 2328/1216/176 2384/1216/176
f 2384/1216/176 2385/1200/176 2327/1200/176
f 2327/1200/176 2285/1168/176 2286/1169/176
f 2286/1169/176 2326/1196/176 2327/1200/176
f 2326/1196/176 2286/1169/176 2287/1169/176
f 2287/1169/176 2322/1196/176 2326/1196/176
f 2284/1168/176 2385/1200/176 2322/1196/176
f 2322/1196/176 2287/1169/176 2284/1168/176
f 2386/1205/176 2387/1217/176 2330/1217/176
f 2330/1217/176 2332/1205/176 2386/1205/176
f 2386/1205/176 2309/1186/176 2310/1187/176
f 2310/1187/176 2367/1197/176 2386/1205/176
f 2367/1197/176 2310/1187/176 2311/1187/176
f 2311/1187/176 2334/1197/176 2367/1197/176
f 2308/1186/176 2332/1205/176 2334/1197/176
f 2334/1197/176 2311/1187/176 2308/1186/176
f 2390/1204/175 2389/1188/175 2388/1188/175
f 2388/1188/175 2391/1204/175 2390/1204/175
f 2394/1181/175 2393/1190/175 2392/1191/175
f 2392/1191/175 2395/1180/175 2394/1181/175
f 2377/1161/177 2275/1161/177 2272/1158/177
f 2272/1158/177 2376/1158/177 2377/1161/177
f 2376/1158/179 2272/1158/178 2300/1178/178
f 2300/1178/178 2379/1178/179 2376/1158/179
f 2379/1178/180 2300/1178/180 2301/1179/180
f 2301/1179/180 2378/1179/180 2379/1178/180
f 2378/1179/178 2301/1179/179 2275/1161/179
f 2275/1161/179 2377/1161/178 2378/1179/178
f 2381/1162/177 2279/1162/177 2276/1162/177
f 2276/1162/177 2380/1162/177 2381/1162/177
f 2383/1202/180 2296/1202/180 2297/1202/180
f 2297/1202/180 2382/1202/180 2383/1202/180
f 2389/1188/180 2312/1188/180 2313/1188/180
f 2313/1188/180 2388/1188/180 2389/1188/180
f 2388/1188/178 2313/1188/179 2298/1204/179
f 2298/1204/179 2391/1204/178 2388/1188/178
f 2391/1204/177 2298/1204/177 2299/1204/177
f 2299/1204/177 2390/1204/177 2391/1204/177
f 2390/1204/179 2299/1204/178 2312/1188/178
f 2312/1188/178 2389/1188/179 2390/1204/179
f 2393/1190/180 2316/1190/180 2317/1191/180
f 2317/1191/180 2392/1191/180 2393/1190/180
f 2392/1191/178 2317/1191/179 2302/1180/179
f 2302/1180/179 2395/1180/178 2392/1191/178
f 2395/1180/177 2302/1180/177 2303/1181/177
f 2303/1181/177 2394/1181/177 2395/1180/177
f 2394/1181/179 2303/1181/178 2316/1190/178
f 2316/1190/178 2393/1190/179 2394/1181/179
f 2385/1205/176 2281/1165/176 2282/1166/176
f 2282/1166/176 2322/1197/176 2385/1205/176
f 2369/1210/176 2368/1211/176 2385/1205/176
f 2385/1205/176 2384/1203/176 2369/1210/176
f 2280/1164/176 2368/1211/176 2321/1194/176
f 2321/1194/176 2283/1167/176 2280/1164/176
f 2369/1210/176 2289/1171/176 2290/1172/176
f 2290/1172/176 2370/1209/176 2369/1210/176
f 2288/1170/176 2384/1203/176 2387/1201/176
f 2387/1201/176 2291/1173/176 2288/1170/176
f 2371/1208/176 2370/1209/176 2387/1201/176
f 2387/1201/176 2386/1200/176 2371/1208/176
f 2371/1208/176 2305/1183/176 2306/1184/176
f 2306/1184/176 2366/1195/176 2371/1208/176
f 2304/1182/176 2386/1200/176 2367/1196/176
f 2367/1196/176 2307/1185/176 2304/1182/176
f 2322/1197/176 2282/1166/176 2283/1167/176
f 2283/1167/176 2321/1194/176 2322/1197/176
f 2294/1175/176 2387/1203/176 2384/1201/176
f 2384/1201/176 2293/1174/176 2294/1175/176
f 2292/1174/176 2328/1201/176 2330/1203/176
f 2330/1203/176 2295/1175/176 2292/1174/176
f 2366/1195/176 2306/1184/176 2307/1185/176
f 2307/1185/176 2367/1196/176 2366/1195/176
f 2353/1198/175 2336/1162/175 2337/1163/175
f 2337/1163/175 2323/1199/175 2353/1198/175
f 2338/1176/175 2336/1162/175 2353/1198/175
f 2353/1198/175 2355/1202/175 2338/1176/175
f 2373/1177/175 2338/1176/175 2355/1202/175
f 2355/1202/175 2357/1204/175 2373/1177/175
f 2375/1188/175 2373/1177/175 2357/1204/175
f 2357/1204/175 2359/1206/175 2375/1188/175
f 2323/1199/175 2337/1163/175 2364/1163/175
f 2364/1163/175 2325/1199/175 2323/1199/175
f 2324/1198/175 2325/1199/175 2364/1163/175
f 2364/1163/175 2363/1162/175 2324/1198/175
f 2329/1202/175 2324/1198/175 2363/1162/175
f 2363/1162/175 2365/1176/175 2329/1202/175
f 2331/1204/175 2329/1202/175 2365/1176/175
f 2365/1176/175 2372/1177/175 2331/1204/175
f 2333/1206/175 2331/1204/175 2372/1177/175
f 2372/1177/175 2374/1188/175 2333/1206/175
f 2340/1189/175 2375/1188/175 2359/1206/175
f 2359/1206/175 2361/1207/175 2340/1189/175
f 2335/1207/175 2333/1206/175 2374/1188/175
f 2374/1188/175 2339/1189/175 2335/1207/175
f 2340/1189/175 2361/1207/175 2335/1207/175
f 2335/1207/175 2339/1189/175 2340/1189/175

g Window15
v 16.9033 8.060501 -18.59531
v 16.9033 6.017378 -18.59531
v 16.9033 6.017378 -16.93224
v 16.9033 8.060501 -16.93224
v 16.90941 8.058474 -16.69058
v 16.90941 6.013299 -16.69058
v 16.90941 6.013299 -15.03302
v 16.90941 8.058474 -15.03302
v 16.79123 8.059488 -18.61291
v 16.79123 8.059487 -16.93776
v 16.79123 6.010575 -16.93776
v 16.79123 6.010576 -18.61291
v 16.79123 8.059487 -16.69609
v 16.79123 8.059487 -15.0195
v 16.79123 6.010575 -15.0195
v 16.79123 6.010575 -16.69609
v 16.79123 8.248062 -16.93776
v 16.79123 8.248063 -18.61291
v 16.79123 10.3541 -18.61291
v 16.79123 10.3541 -16.93776
v 16.79123 8.248062 -15.0195
v 16.79123 8.248062 -16.69609
v 16.79123 10.3541 -16.69609
v 16.79123 10.3541 -15.0195
v 16.90941 8.247006 -16.69058
v 16.90941 8.247006 -15.03302
v 16.90941 10.35511 -15.03302
v 16.90941 10.35511 -16.69058
v 16.9033 8.249034 -18.59531
v 16.9033 8.249034 -16.93224
v 16.9033 10.35308 -16.93224
v 16.9033 10.35308 -18.59531
v 16.79123 10.5426 -16.93776
v 16.79123 10.5426 -18.61291
v 16.79123 12.59154 -18.61291
v 16.79123 12.59154 -16.93776
v 16.79123 10.5426 -15.0195
v 16.79123 10.5426 -16.69609
v 16.79123 12.59154 -16.69609
v 16.79123 12.59154 -15.0195
v 16.90941 10.54364 -16.69058
v 16.90941 10.54364 -15.03302
v 16.90941 12.58882 -15.03302
v 16.90941 12.58882 -16.69058
v 16.9033 10.54161 -18.59531
v 16.9033 10.54161 -16.93224
v 16.9033 12.58474 -16.93224
v 16.9033 12.58474 -18.59531
v 17.06141 5.700916 -18.92257
v 16.79123 5.700916 -18.92257
v 16.79123 5.700916 -16.80978
v 17.06141 5.700916 -16.80978
v 17.06141 8.059487 -14.70984
v 17.06141 5.700915 -14.70984
v 16.79123 5.700915 -14.70984
v 16.79123 8.059487 -14.70984
v 16.79123 8.24802 -14.70984
v 17.06141 8.24802 -14.70984
v 16.79123 10.3541 -14.70984
v 17.06141 10.3541 -14.70984
v 16.79123 10.54263 -14.70984
v 17.06141 10.54263 -14.70984
v 16.79123 12.9012 -14.70984
v 17.06141 12.9012 -14.70984
v 17.06141 8.058474 -16.69058
v 17.06141 6.013299 -16.69058
v 17.06141 8.247006 -16.69058
v 17.06141 12.58882 -15.03302
v 17.06141 12.58882 -16.69058
v 17.06141 8.059488 -18.92257
v 17.06141 6.017378 -18.59531
v 17.06141 8.060501 -18.59531
v 17.06141 8.249034 -18.59531
v 17.06141 8.24802 -18.92257
v 17.06141 10.35308 -18.59531
v 17.06141 10.3541 -18.92257
v 17.06141 10.54161 -18.59531
v 17.06141 10.54263 -18.92257
v 17.06141 12.58474 -18.59531
v 17.06141 12.9012 -18.92257
v 17.06141 6.017378 -16.93224
v 17.06141 8.059482 -16.80978
v 17.06141 8.060501 -16.93224
v 17.06141 8.248027 -16.80978
v 17.06141 8.249034 -16.93224
v 17.06141 10.35409 -16.80978
v 17.06141 10.35308 -16.93224
v 17.06141 10.54263 -16.80978
v 17.06141 10.54161 -16.93224
v 17.06141 12.9012 -16.80978
v 17.06141 12.58474 -16.93224
v 17.06141 8.058474 -15.03302
v 17.06141 6.013299 -15.03302
v 17.06141 8.247006 -15.03302
v 16.79123 12.9012 -18.92257
v 16.79123 12.9012 -16.80978
v 16.79123 8.059488 -18.92257
v 16.79123 8.24802 -18.92257
v 16.79123 10.3541 -18.92257
v 16.79123 10.54263 -18.92257
v 17.06141 10.35511 -15.03302
v 17.06141 10.35511 -16.69058
v 17.06141 10.54364 -15.03302
v 17.06141 10.54364 -16.69058
v 17.05972 8.060501 -18.59531
v 17.05972 8.060501 -16.93224
v 17.05972 8.249034 -16.93224
v 17.05972 8.249034 -18.59531
v 17.06009 8.058474 -16.69058
v 17.06009 8.058474 -15.03302
v 17.06009 8.247006 -15.03302
v 17.06009 8.247006 -16.69058
v 16.79123 8.24802 -16.80978
v 16.79123 8.059487 -16.80978
v 16.79123 10.54263 -16.80978
v 16.79123 10.3541 -16.80978
v 17.06883 10.54364 -15.03302
v 17.06883 10.54364 -16.69058
v 17.06883 10.35511 -16.69058
v 17.06883 10.35511 -15.03302
v 17.054 10.54161 -16.93224
v 17.054 10.54161 -18.59531
v 17.054 10.35308 -18.59531
v 17.054 10.35308 -16.93224

vt 0.3344201 0.5185274
vt 0.03705478 0.5185274
vt 0.03705478 0.9814726
vt 0.3344201 0.9814726
vt 0.3321317 0
vt 0.03060679 0
vt 0.7273681 0.5702567
vt 0.7273681 0.9297433
vt 0.9495887 0.9297433
vt 0.9495887 0.5702567
vt 0.2726319 1
vt 0.05041134 1
vt 0.6059651 0.9297433
vt 0.6059651 0.5702567
vt 0.3940348 0.5702567
vt 0.3940348 0.9297433
vt 0.3940348 1
vt 0.6059651 1
vt 0.3531894 0
vt 0.6468106 0
vt 0.3552188 0.5185274
vt 0.3552188 0.9814726
vt 0.6447812 0.9814726
vt 0.6447812 0.5185274
vt 0.2726319 0.9297433
vt 0.2726319 0.5702567
vt 0.05041134 0.5702567
vt 0.05041134 0.9297433
vt 0.7273681 1
vt 0.9495885 1
vt 0.6678681 0
vt 0.9693931 0
vt 0.6655799 0.5185274
vt 0.6655799 0.9814726
vt 0.9629452 0.9814726
vt 0.9629452 0.5185274
vt 1 0.5
vt 0 0.5
vt 0 1
vt 1 1
vt 0.3230432 0
vt 0 0
vt 0.3230432 1
vt 0.3436235 1
vt 0.3436235 0
vt 0.6563765 1
vt 0.6563765 0
vt 0.6769568 1
vt 0.6769568 0
vt 1 0
vt 0.3230432 0.5
vt 0.3436235 0.5
vt 0.6563765 0.5
vt 0.6769568 0.5
vt 0.3456849 0.5185274
vt 0.3456849 0.9814726
vt 0.6543151 0.9814726
vt 0.6543151 0.5185274
vt 0.3333333 1
vt 0.6666667 1

vn 10 1.608123E-15 1.192093E-06
vn -10 -1.608123E-15 -1.192093E-06
vn -1.405004E-13 -10 1.192093E-06
vn -1.192093E-06 -1.192093E-06 10
vn 1.192093E-06 1.192093E-06 -10
vn 1.405004E-13 10 -1.192093E-06

usemtl Glass.1
f 2399/1221/181 2398/1220/181 2397/1219/181 2396/1218/181
f 2403/1222/181 2402/1223/181 2401/1223/181 2400/1222/181
f 2407/1227/182 2406/1226/182 2405/1225/182 2404/1224/182
f 2411/1229/182 2410/1229/182 2409/1228/182 2408/1228/182
f 2415/1233/182 2414/1232/182 2413/1231/182 2412/1230/182
f 2419/1235/182 2418/1235/182 2417/1234/182 2416/1234/182
f 2423/1237/181 2422/1237/181 2421/1236/181 2420/1236/181
f 2427/1241/181 2426/1240/181 2425/1239/181 2424/1238/181
f 2431/1245/182 2430/1244/182 2429/1243/182 2428/1242/182
f 2435/1247/182 2434/1247/182 2433/1246/182 2432/1246/182
f 2439/1249/181 2438/1249/181 2437/1248/181 2436/1248/181
f 2443/1253/181 2442/1252/181 2441/1251/181 2440/1250/181

usemtl white
f 2420/1262/184 2400/1222/184 2460/1222/184
f 2462/1262/184 2420/1262/184 2460/1222/184
f 2489/1262/184 2487/1222/184 2403/1222/184
f 2421/1262/184 2489/1262/184 2403/1222/184
f 2504/1222/184 2400/1222/184 2420/1262/184
f 2507/1262/184 2504/1222/184 2420/1262/184
f 2506/1262/184 2421/1262/184 2403/1222/184
f 2505/1222/184 2506/1262/184 2403/1222/184
f 2492/1271/184 2404/1224/184 2405/1225/184
f 2509/1265/184 2492/1271/184 2405/1225/184
f 2509/1260/184 2408/1228/184 2409/1228/184
f 2451/1260/184 2509/1260/184 2409/1228/184
f 2494/1269/184 2414/1232/184 2415/1233/184
f 2511/1261/184 2494/1269/184 2415/1233/184
f 2508/1263/182 2412/1230/182 2413/1231/182
f 2493/1270/182 2508/1263/182 2413/1231/182
f 2508/1261/182 2452/1261/182 2417/1234/182
f 2452/1261/182 2416/1234/182 2417/1234/182
f 2511/1263/184 2418/1235/184 2419/1235/184
f 2454/1263/184 2511/1263/184 2419/1235/184
f 2510/1260/182 2428/1242/182 2429/1243/182
f 2495/1268/182 2510/1260/182 2429/1243/182
f 2456/1265/182 2432/1246/182 2433/1246/182
f 2510/1265/182 2456/1265/182 2433/1246/182
f 2446/1256/183 2445/1255/183 2444/1254/183
f 2444/1254/183 2447/1257/183 2446/1256/183
f 2450/1256/184 2449/1259/184 2448/1258/184
f 2448/1258/184 2451/1260/184 2450/1256/184
f 2452/1261/184 2451/1260/184 2448/1258/184
f 2448/1258/184 2453/1262/184 2452/1261/184
f 2454/1263/184 2452/1261/184 2453/1262/184
f 2453/1262/184 2455/1264/184 2454/1263/184
f 2456/1265/184 2454/1263/184 2455/1264/184
f 2455/1264/184 2457/1266/184 2456/1265/184
f 2458/1257/184 2456/1265/184 2457/1266/184
f 2457/1266/184 2459/1267/184 2458/1257/184
f 2401/1223/184 2461/1223/184 2460/1222/184
f 2460/1222/184 2400/1222/184 2401/1223/184
f 2439/1249/183 2464/1249/183 2463/1249/183
f 2463/1249/183 2438/1249/183 2439/1249/183
f 2466/1219/181 2444/1255/181 2465/1268/181
f 2465/1268/181 2467/1218/181 2466/1219/181
f 2468/1238/181 2467/1218/181 2465/1268/181
f 2465/1268/181 2469/1269/181 2468/1238/181
f 2470/1241/181 2468/1238/181 2469/1269/181
f 2469/1269/181 2471/1270/181 2470/1241/181
f 2472/1250/181 2470/1241/181 2471/1270/181
f 2471/1270/181 2473/1271/181 2472/1250/181
f 2474/1253/181 2472/1250/181 2473/1271/181
f 2473/1271/181 2475/1254/181 2474/1253/181
f 2476/1220/181 2447/1256/181 2444/1255/181
f 2444/1255/181 2466/1219/181 2476/1220/181
f 2477/1260/181 2447/1256/181 2476/1220/181
f 2476/1220/181 2478/1221/181 2477/1260/181
f 2479/1261/181 2477/1260/181 2478/1221/181
f 2478/1221/181 2480/1239/181 2479/1261/181
f 2481/1263/181 2479/1261/181 2480/1239/181
f 2480/1239/181 2482/1240/181 2481/1263/181
f 2483/1265/181 2481/1263/181 2482/1240/181
f 2482/1240/181 2484/1251/181 2483/1265/181
f 2485/1257/181 2483/1265/181 2484/1251/181
f 2484/1251/181 2486/1252/181 2485/1257/181
f 2474/1253/181 2475/1254/181 2485/1257/181
f 2485/1257/181 2486/1252/181 2474/1253/181
f 2450/1256/183 2446/1256/183 2447/1259/183
f 2447/1259/183 2449/1259/183 2450/1256/183
f 2487/1222/185 2488/1223/185 2402/1223/185
f 2402/1223/185 2403/1222/185 2487/1222/185
f 2402/1223/186 2488/1223/186 2461/1223/186
f 2461/1223/186 2401/1223/186 2402/1223/186
f 2397/1219/184 2466/1219/184 2467/1218/184
f 2467/1218/184 2396/1218/184 2397/1219/184
f 2424/1272/184 2396/1218/184 2467/1218/184
f 2467/1218/184 2468/1272/184 2424/1272/184
f 2443/1253/183 2474/1253/183 2486/1252/183
f 2486/1252/183 2442/1252/183 2443/1253/183
f 2478/1221/185 2476/1220/185 2398/1220/185
f 2398/1220/185 2399/1221/185 2478/1221/185
f 2480/1273/185 2478/1221/185 2399/1221/185
f 2399/1221/185 2425/1273/185 2480/1273/185
f 2398/1220/186 2476/1220/186 2466/1219/186
f 2466/1219/186 2397/1219/186 2398/1220/186
f 2485/1257/186 2475/1256/186 2490/1259/186
f 2490/1259/186 2491/1267/186 2485/1257/186
f 2459/1257/186 2485/1256/186 2491/1259/186
f 2491/1259/186 2458/1267/186 2459/1257/186
f 2465/1266/185 2444/1267/185 2445/1257/185
f 2445/1257/185 2492/1265/185 2465/1266/185
f 2469/1264/185 2465/1266/185 2492/1265/185
f 2492/1265/185 2493/1263/185 2469/1264/185
f 2471/1262/185 2469/1264/185 2493/1263/185
f 2493/1263/185 2494/1261/185 2471/1262/185
f 2473/1258/185 2471/1262/185 2494/1261/185
f 2494/1261/185 2495/1260/185 2473/1258/185
f 2475/1259/185 2473/1258/185 2495/1260/185
f 2495/1260/185 2490/1256/185 2475/1259/185
f 2496/1237/185 2489/1236/185 2421/1236/185
f 2421/1236/185 2422/1237/185 2496/1237/185
f 2423/1237/184 2420/1236/184 2462/1236/184
f 2462/1236/184 2497/1237/184 2423/1237/184
f 2482/1240/185 2480/1239/185 2425/1239/185
f 2425/1239/185 2426/1240/185 2482/1240/185
f 2427/1241/184 2424/1238/184 2468/1238/184
f 2468/1238/184 2470/1241/184 2427/1241/184
f 2437/1248/185 2438/1249/185 2463/1249/185
f 2463/1249/185 2498/1248/185 2437/1248/185
f 2422/1264/185 2437/1248/185 2498/1248/185
f 2498/1248/185 2496/1264/185 2422/1264/185
f 2499/1248/184 2464/1249/184 2439/1249/184
f 2439/1249/184 2436/1248/184 2499/1248/184
f 2497/1264/184 2499/1248/184 2436/1248/184
f 2436/1248/184 2423/1264/184 2497/1264/184
f 2441/1251/185 2442/1252/185 2486/1252/185
f 2486/1252/185 2484/1251/185 2441/1251/185
f 2426/1274/185 2441/1251/185 2484/1251/185
f 2484/1251/185 2482/1274/185 2426/1274/185
f 2472/1250/184 2474/1253/184 2443/1253/184
f 2443/1253/184 2440/1250/184 2472/1250/184
f 2470/1275/184 2472/1250/184 2440/1250/184
f 2440/1250/184 2427/1275/184 2470/1275/184
f 2502/1239/181 2501/1221/181 2500/1218/181
f 2500/1218/181 2503/1238/181 2502/1239/181
f 2506/1262/181 2505/1222/181 2504/1222/181
f 2504/1222/181 2507/1262/181 2506/1262/181
f 2451/1260/182 2452/1276/182 2508/1276/182
f 2508/1276/182 2509/1260/182 2451/1260/182
f 2451/1260/182 2409/1228/182 2410/1229/182
f 2410/1229/182 2450/1256/182 2451/1260/182
f 2450/1256/182 2410/1229/182 2411/1229/182
f 2411/1229/182 2446/1256/182 2450/1256/182
f 2408/1228/182 2509/1260/182 2446/1256/182
f 2446/1256/182 2411/1229/182 2408/1228/182
f 2510/1265/182 2511/1277/182 2454/1277/182
f 2454/1277/182 2456/1265/182 2510/1265/182
f 2510/1265/182 2433/1246/182 2434/1247/182
f 2434/1247/182 2491/1257/182 2510/1265/182
f 2491/1257/182 2434/1247/182 2435/1247/182
f 2435/1247/182 2458/1257/182 2491/1257/182
f 2432/1246/182 2456/1265/182 2458/1257/182
f 2458/1257/182 2435/1247/182 2432/1246/182
f 2514/1264/181 2513/1248/181 2512/1248/181
f 2512/1248/181 2515/1264/181 2514/1264/181
f 2518/1241/181 2517/1250/181 2516/1251/181
f 2516/1251/181 2519/1240/181 2518/1241/181
f 2501/1221/183 2399/1221/183 2396/1218/183
f 2396/1218/183 2500/1218/183 2501/1221/183
f 2500/1218/185 2396/1218/184 2424/1238/184
f 2424/1238/184 2503/1238/185 2500/1218/185
f 2503/1238/186 2424/1238/186 2425/1239/186
f 2425/1239/186 2502/1239/186 2503/1238/186
f 2502/1239/184 2425/1239/185 2399/1221/185
f 2399/1221/185 2501/1221/184 2502/1239/184
f 2505/1222/183 2403/1222/183 2400/1222/183
f 2400/1222/183 2504/1222/183 2505/1222/183
f 2507/1262/186 2420/1262/186 2421/1262/186
f 2421/1262/186 2506/1262/186 2507/1262/186
f 2513/1248/186 2436/1248/186 2437/1248/186
f 2437/1248/186 2512/1248/186 2513/1248/186
f 2512/1248/184 2437/1248/185 2422/1264/185
f 2422/1264/185 2515/1264/184 2512/1248/184
f 2515/1264/183 2422/1264/183 2423/1264/183
f 2423/1264/183 2514/1264/183 2515/1264/183
f 2514/1264/185 2423/1264/184 2436/1248/184
f 2436/1248/184 2513/1248/185 2514/1264/185
f 2517/1250/186 2440/1250/186 2441/1251/186
f 2441/1251/186 2516/1251/186 2517/1250/186
f 2516/1251/184 2441/1251/185 2426/1240/185
f 2426/1240/185 2519/1240/184 2516/1251/184
f 2519/1240/183 2426/1240/183 2427/1241/183
f 2427/1241/183 2518/1241/183 2519/1240/183
f 2518/1241/185 2427/1241/184 2440/1250/184
f 2440/1250/184 2517/1250/185 2518/1241/185
f 2509/1265/182 2405/1225/182 2406/1226/182
f 2406/1226/182 2446/1257/182 2509/1265/182
f 2493/1270/182 2492/1271/182 2509/1265/182
f 2509/1265/182 2508/1263/182 2493/1270/182
f 2404/1224/182 2492/1271/182 2445/1254/182
f 2445/1254/182 2407/1227/182 2404/1224/182
f 2493/1270/182 2413/1231/182 2414/1232/182
f 2414/1232/182 2494/1269/182 2493/1270/182
f 2412/1230/182 2508/1263/182 2511/1261/182
f 2511/1261/182 2415/1233/182 2412/1230/182
f 2495/1268/182 2494/1269/182 2511/1261/182
f 2511/1261/182 2510/1260/182 2495/1268/182
f 2495/1268/182 2429/1243/182 2430/1244/182
f 2430/1244/182 2490/1255/182 2495/1268/182
f 2428/1242/182 2510/1260/182 2491/1256/182
f 2491/1256/182 2431/1245/182 2428/1242/182
f 2446/1257/182 2406/1226/182 2407/1227/182
f 2407/1227/182 2445/1254/182 2446/1257/182
f 2418/1235/182 2511/1263/182 2508/1261/182
f 2508/1261/182 2417/1234/182 2418/1235/182
f 2416/1234/182 2452/1261/182 2454/1263/182
f 2454/1263/182 2419/1235/182 2416/1234/182
f 2490/1255/182 2430/1244/182 2431/1245/182
f 2431/1245/182 2491/1256/182 2490/1255/182
f 2477/1258/181 2460/1222/181 2461/1223/181
f 2461/1223/181 2447/1259/181 2477/1258/181
f 2462/1236/181 2460/1222/181 2477/1258/181
f 2477/1258/181 2479/1262/181 2462/1236/181
f 2497/1237/181 2462/1236/181 2479/1262/181
f 2479/1262/181 2481/1264/181 2497/1237/181
f 2499/1248/181 2497/1237/181 2481/1264/181
f 2481/1264/181 2483/1266/181 2499/1248/181
f 2447/1259/181 2461/1223/181 2488/1223/181
f 2488/1223/181 2449/1259/181 2447/1259/181
f 2448/1258/181 2449/1259/181 2488/1223/181
f 2488/1223/181 2487/1222/181 2448/1258/181
f 2453/1262/181 2448/1258/181 2487/1222/181
f 2487/1222/181 2489/1236/181 2453/1262/181
f 2455/1264/181 2453/1262/181 2489/1236/181
f 2489/1236/181 2496/1237/181 2455/1264/181
f 2457/1266/181 2455/1264/181 2496/1237/181
f 2496/1237/181 2498/1248/181 2457/1266/181
f 2464/1249/181 2499/1248/181 2483/1266/181
f 2483/1266/181 2485/1267/181 2464/1249/181
f 2459/1267/181 2457/1266/181 2498/1248/181
f 2498/1248/181 2463/1249/181 2459/1267/181
f 2464/1249/181 2485/1267/181 2459/1267/181
f 2459/1267/181 2463/1249/181 2464/1249/181

g Window16
v 17.00026 8.060501 -6.697827
v 17.00026 6.017378 -6.697827
v 17.00026 6.017378 -5.034757
v 17.00026 8.060501 -5.034757
v 17.00638 8.058474 -4.793093
v 17.00638 6.013299 -4.793092
v 17.00638 6.013299 -3.135537
v 17.00638 8.058474 -3.135537
v 16.88819 8.059488 -6.715428
v 16.88819 8.059487 -5.040271
v 16.88819 6.010575 -5.040271
v 16.88819 6.010576 -6.715428
v 16.88819 8.059487 -4.798607
v 16.88819 8.059487 -3.122014
v 16.88819 6.010575 -3.122014
v 16.88819 6.010575 -4.798607
v 16.88819 8.248062 -5.040271
v 16.88819 8.248063 -6.715428
v 16.88819 10.3541 -6.715428
v 16.88819 10.3541 -5.040272
v 16.88819 8.248062 -3.122014
v 16.88819 8.248062 -4.798607
v 16.88819 10.3541 -4.798607
v 16.88819 10.3541 -3.122014
v 17.00638 8.247006 -4.793093
v 17.00638 8.247006 -3.135537
v 17.00638 10.35511 -3.135538
v 17.00638 10.35511 -4.793093
v 17.00026 8.249034 -6.697827
v 17.00026 8.249034 -5.034757
v 17.00026 10.35308 -5.034758
v 17.00026 10.35308 -6.697827
v 16.88819 10.5426 -5.040272
v 16.88819 10.5426 -6.715428
v 16.88819 12.59154 -6.715429
v 16.88819 12.59154 -5.040272
v 16.88819 10.5426 -3.122014
v 16.88819 10.5426 -4.798607
v 16.88819 12.59154 -4.798608
v 16.88819 12.59154 -3.122015
v 17.00638 10.54364 -4.793093
v 17.00638 10.54364 -3.135538
v 17.00638 12.58882 -3.135538
v 17.00638 12.58882 -4.793093
v 17.00026 10.54161 -6.697827
v 17.00026 10.54161 -5.034758
v 17.00026 12.58474 -5.034758
v 17.00026 12.58474 -6.697827
v 17.15837 5.700916 -7.025088
v 16.88819 5.700916 -7.025088
v 16.88819 5.700916 -4.912292
v 17.15837 5.700916 -4.912292
v 17.15837 8.059487 -2.812354
v 17.15837 5.700915 -2.812353
v 16.88819 5.700915 -2.812353
v 16.88819 8.059487 -2.812354
v 16.88819 8.24802 -2.812354
v 17.15837 8.24802 -2.812354
v 16.88819 10.3541 -2.812354
v 17.15837 10.3541 -2.812354
v 16.88819 10.54263 -2.812354
v 17.15837 10.54263 -2.812354
v 16.88819 12.9012 -2.812354
v 17.15837 12.9012 -2.812354
v 17.15837 8.058474 -4.793093
v 17.15837 6.013299 -4.793092
v 17.15837 8.247006 -4.793093
v 17.15837 12.58882 -3.135538
v 17.15837 12.58882 -4.793093
v 17.15837 8.059488 -7.025088
v 17.15837 6.017378 -6.697827
v 17.15837 8.060501 -6.697827
v 17.15837 8.249034 -6.697827
v 17.15837 8.24802 -7.025088
v 17.15837 10.35308 -6.697827
v 17.15837 10.3541 -7.025089
v 17.15837 10.54161 -6.697827
v 17.15837 10.54263 -7.025089
v 17.15837 12.58474 -6.697827
v 17.15837 12.9012 -7.025089
v 17.15837 6.017378 -5.034757
v 17.15837 8.059482 -4.912292
v 17.15837 8.060501 -5.034757
v 17.15837 8.248027 -4.912292
v 17.15837 8.249034 -5.034757
v 17.15837 10.35409 -4.912292
v 17.15837 10.35308 -5.034757
v 17.15837 10.54263 -4.912292
v 17.15837 10.54161 -5.034758
v 17.15837 12.9012 -4.912292
v 17.15837 12.58474 -5.034758
v 17.15837 8.058474 -3.135537
v 17.15837 6.013299 -3.135537
v 17.15837 8.247006 -3.135537
v 16.88819 12.9012 -7.025089
v 16.88819 12.9012 -4.912292
v 16.88819 8.059488 -7.025088
v 16.88819 8.24802 -7.025088
v 16.88819 10.3541 -7.025089
v 16.88819 10.54263 -7.025089
v 17.15837 10.35511 -3.135538
v 17.15837 10.35511 -4.793093
v 17.15837 10.54364 -3.135538
v 17.15837 10.54364 -4.793093
v 17.15668 8.060501 -6.697827
v 17.15668 8.060501 -5.034757
v 17.15668 8.249034 -5.034757
v 17.15668 8.249034 -6.697827
v 17.15705 8.058474 -4.793093
v 17.15705 8.058474 -3.135537
v 17.15705 8.247006 -3.135537
v 17.15705 8.247006 -4.793093
v 16.88819 8.24802 -4.912292
v 16.88819 8.059487 -4.912292
v 16.88819 10.54263 -4.912292
v 16.88819 10.3541 -4.912292
v 17.16579 10.54364 -3.135538
v 17.16579 10.54364 -4.793093
v 17.16579 10.35511 -4.793093
v 17.16579 10.35511 -3.135538
v 17.15096 10.54161 -5.034758
v 17.15096 10.54161 -6.697827
v 17.15096 10.35308 -6.697827
v 17.15096 10.35308 -5.034757

vt 0.3344201 0.5185274
vt 0.03705478 0.5185274
vt 0.03705478 0.9814726
vt 0.3344201 0.9814726
vt 0.3321317 0
vt 0.03060679 0
vt 0.7273681 0.5702567
vt 0.7273681 0.9297433
vt 0.9495887 0.9297433
vt 0.9495887 0.5702567
vt 0.2726319 1
vt 0.05041134 1
vt 0.6059651 0.9297433
vt 0.6059651 0.5702567
vt 0.3940348 0.5702567
vt 0.3940348 0.9297433
vt 0.3940348 1
vt 0.6059651 1
vt 0.3531894 0
vt 0.6468106 0
vt 0.3552188 0.5185274
vt 0.3552188 0.9814726
vt 0.6447812 0.9814726
vt 0.6447812 0.5185274
vt 0.2726319 0.9297433
vt 0.2726319 0.5702567
vt 0.05041134 0.5702567
vt 0.05041134 0.9297433
vt 0.7273681 1
vt 0.9495885 1
vt 0.6678681 0
vt 0.9693931 0
vt 0.6655799 0.5185274
vt 0.6655799 0.9814726
vt 0.9629452 0.9814726
vt 0.9629452 0.5185274
vt 1 0.5
vt 0 0.5
vt 0 1
vt 1 1
vt 0.3230432 0
vt 0 0
vt 0.3230432 1
vt 0.3436235 1
vt 0.3436235 0
vt 0.6563765 1
vt 0.6563765 0
vt 0.6769568 1
vt 0.6769568 0
vt 1 0
vt 0.3230432 0.5
vt 0.3436235 0.5
vt 0.6563765 0.5
vt 0.6769568 0.5
vt 0.3456849 0.5185274
vt 0.3456849 0.9814726
vt 0.6543151 0.9814726
vt 0.6543151 0.5185274
vt 0.3333333 1
vt 0.6666667 1

vn 10 1.608123E-15 1.192093E-06
vn -10 -1.608123E-15 -1.192093E-06
vn -1.405004E-13 -10 1.192093E-06
vn -1.192093E-06 -1.192093E-06 10
vn 1.192093E-06 1.192093E-06 -10
vn 1.405004E-13 10 -1.192093E-06

usemtl Glass.1
f 2523/1281/187 2522/1280/187 2521/1279/187 2520/1278/187
f 2527/1282/187 2526/1283/187 2525/1283/187 2524/1282/187
f 2531/1287/188 2530/1286/188 2529/1285/188 2528/1284/188
f 2535/1289/188 2534/1289/188 2533/1288/188 2532/1288/188
f 2539/1293/188 2538/1292/188 2537/1291/188 2536/1290/188
f 2543/1295/188 2542/1295/188 2541/1294/188 2540/1294/188
f 2547/1297/187 2546/1297/187 2545/1296/187 2544/1296/187
f 2551/1301/187 2550/1300/187 2549/1299/187 2548/1298/187
f 2555/1305/188 2554/1304/188 2553/1303/188 2552/1302/188
f 2559/1307/188 2558/1307/188 2557/1306/188 2556/1306/188
f 2563/1309/187 2562/1309/187 2561/1308/187 2560/1308/187
f 2567/1313/187 2566/1312/187 2565/1311/187 2564/1310/187

usemtl white
f 2544/1322/190 2524/1282/190 2584/1282/190
f 2586/1322/190 2544/1322/190 2584/1282/190
f 2613/1322/190 2611/1282/190 2527/1282/190
f 2545/1322/190 2613/1322/190 2527/1282/190
f 2628/1282/190 2524/1282/190 2544/1322/190
f 2631/1322/190 2628/1282/190 2544/1322/190
f 2630/1322/190 2545/1322/190 2527/1282/190
f 2629/1282/190 2630/1322/190 2527/1282/190
f 2616/1331/190 2528/1284/190 2529/1285/190
f 2633/1325/190 2616/1331/190 2529/1285/190
f 2633/1320/190 2532/1288/190 2533/1288/190
f 2575/1320/190 2633/1320/190 2533/1288/190
f 2618/1329/190 2538/1292/190 2539/1293/190
f 2635/1321/190 2618/1329/190 2539/1293/190
f 2632/1323/188 2536/1290/188 2537/1291/188
f 2617/1330/188 2632/1323/188 2537/1291/188
f 2632/1321/188 2576/1321/188 2541/1294/188
f 2576/1321/188 2540/1294/188 2541/1294/188
f 2635/1323/190 2542/1295/190 2543/1295/190
f 2578/1323/190 2635/1323/190 2543/1295/190
f 2634/1320/188 2552/1302/188 2553/1303/188
f 2619/1328/188 2634/1320/188 2553/1303/188
f 2580/1325/188 2556/1306/188 2557/1306/188
f 2634/1325/188 2580/1325/188 2557/1306/188
f 2570/1316/189 2569/1315/189 2568/1314/189
f 2568/1314/189 2571/1317/189 2570/1316/189
f 2574/1316/190 2573/1319/190 2572/1318/190
f 2572/1318/190 2575/1320/190 2574/1316/190
f 2576/1321/190 2575/1320/190 2572/1318/190
f 2572/1318/190 2577/1322/190 2576/1321/190
f 2578/1323/190 2576/1321/190 2577/1322/190
f 2577/1322/190 2579/1324/190 2578/1323/190
f 2580/1325/190 2578/1323/190 2579/1324/190
f 2579/1324/190 2581/1326/190 2580/1325/190
f 2582/1317/190 2580/1325/190 2581/1326/190
f 2581/1326/190 2583/1327/190 2582/1317/190
f 2525/1283/190 2585/1283/190 2584/1282/190
f 2584/1282/190 2524/1282/190 2525/1283/190
f 2563/1309/189 2588/1309/189 2587/1309/189
f 2587/1309/189 2562/1309/189 2563/1309/189
f 2590/1279/187 2568/1315/187 2589/1328/187
f 2589/1328/187 2591/1278/187 2590/1279/187
f 2592/1298/187 2591/1278/187 2589/1328/187
f 2589/1328/187 2593/1329/187 2592/1298/187
f 2594/1301/187 2592/1298/187 2593/1329/187
f 2593/1329/187 2595/1330/187 2594/1301/187
f 2596/1310/187 2594/1301/187 2595/1330/187
f 2595/1330/187 2597/1331/187 2596/1310/187
f 2598/1313/187 2596/1310/187 2597/1331/187
f 2597/1331/187 2599/1314/187 2598/1313/187
f 2600/1280/187 2571/1316/187 2568/1315/187
f 2568/1315/187 2590/1279/187 2600/1280/187
f 2601/1320/187 2571/1316/187 2600/1280/187
f 2600/1280/187 2602/1281/187 2601/1320/187
f 2603/1321/187 2601/1320/187 2602/1281/187
f 2602/1281/187 2604/1299/187 2603/1321/187
f 2605/1323/187 2603/1321/187 2604/1299/187
f 2604/1299/187 2606/1300/187 2605/1323/187
f 2607/1325/187 2605/1323/187 2606/1300/187
f 2606/1300/187 2608/1311/187 2607/1325/187
f 2609/1317/187 2607/1325/187 2608/1311/187
f 2608/1311/187 2610/1312/187 2609/1317/187
f 2598/1313/187 2599/1314/187 2609/1317/187
f 2609/1317/187 2610/1312/187 2598/1313/187
f 2574/1316/189 2570/1316/189 2571/1319/189
f 2571/1319/189 2573/1319/189 2574/1316/189
f 2611/1282/191 2612/1283/191 2526/1283/191
f 2526/1283/191 2527/1282/191 2611/1282/191
f 2526/1283/192 2612/1283/192 2585/1283/192
f 2585/1283/192 2525/1283/192 2526/1283/192
f 2521/1279/190 2590/1279/190 2591/1278/190
f 2591/1278/190 2520/1278/190 2521/1279/190
f 2548/1332/190 2520/1278/190 2591/1278/190
f 2591/1278/190 2592/1332/190 2548/1332/190
f 2567/1313/189 2598/1313/189 2610/1312/189
f 2610/1312/189 2566/1312/189 2567/1313/189
f 2602/1281/191 2600/1280/191 2522/1280/191
f 2522/1280/191 2523/1281/191 2602/1281/191
f 2604/1333/191 2602/1281/191 2523/1281/191
f 2523/1281/191 2549/1333/191 2604/1333/191
f 2522/1280/192 2600/1280/192 2590/1279/192
f 2590/1279/192 2521/1279/192 2522/1280/192
f 2609/1317/192 2599/1316/192 2614/1319/192
f 2614/1319/192 2615/1327/192 2609/1317/192
f 2583/1317/192 2609/1316/192 2615/1319/192
f 2615/1319/192 2582/1327/192 2583/1317/192
f 2589/1326/191 2568/1327/191 2569/1317/191
f 2569/1317/191 2616/1325/191 2589/1326/191
f 2593/1324/191 2589/1326/191 2616/1325/191
f 2616/1325/191 2617/1323/191 2593/1324/191
f 2595/1322/191 2593/1324/191 2617/1323/191
f 2617/1323/191 2618/1321/191 2595/1322/191
f 2597/1318/191 2595/1322/191 2618/1321/191
f 2618/1321/191 2619/1320/191 2597/1318/191
f 2599/1319/191 2597/1318/191 2619/1320/191
f 2619/1320/191 2614/1316/191 2599/1319/191
f 2620/1297/191 2613/1296/191 2545/1296/191
f 2545/1296/191 2546/1297/191 2620/1297/191
f 2547/1297/190 2544/1296/190 2586/1296/190
f 2586/1296/190 2621/1297/190 2547/1297/190
f 2606/1300/191 2604/1299/191 2549/1299/191
f 2549/1299/191 2550/1300/191 2606/1300/191
f 2551/1301/190 2548/1298/190 2592/1298/190
f 2592/1298/190 2594/1301/190 2551/1301/190
f 2561/1308/191 2562/1309/191 2587/1309/191
f 2587/1309/191 2622/1308/191 2561/1308/191
f 2546/1324/191 2561/1308/191 2622/1308/191
f 2622/1308/191 2620/1324/191 2546/1324/191
f 2623/1308/190 2588/1309/190 2563/1309/190
f 2563/1309/190 2560/1308/190 2623/1308/190
f 2621/1324/190 2623/1308/190 2560/1308/190
f 2560/1308/190 2547/1324/190 2621/1324/190
f 2565/1311/191 2566/1312/191 2610/1312/191
f 2610/1312/191 2608/1311/191 2565/1311/191
f 2550/1334/191 2565/1311/191 2608/1311/191
f 2608/1311/191 2606/1334/191 2550/1334/191
f 2596/1310/190 2598/1313/190 2567/1313/190
f 2567/1313/190 2564/1310/190 2596/1310/190
f 2594/1335/190 2596/1310/190 2564/1310/190
f 2564/1310/190 2551/1335/190 2594/1335/190
f 2626/1299/187 2625/1281/187 2624/1278/187
f 2624/1278/187 2627/1298/187 2626/1299/187
f 2630/1322/187 2629/1282/187 2628/1282/187
f 2628/1282/187 2631/1322/187 2630/1322/187
f 2575/1320/188 2576/1336/188 2632/1336/188
f 2632/1336/188 2633/1320/188 2575/1320/188
f 2575/1320/188 2533/1288/188 2534/1289/188
f 2534/1289/188 2574/1316/188 2575/1320/188
f 2574/1316/188 2534/1289/188 2535/1289/188
f 2535/1289/188 2570/1316/188 2574/1316/188
f 2532/1288/188 2633/1320/188 2570/1316/188
f 2570/1316/188 2535/1289/188 2532/1288/188
f 2634/1325/188 2635/1337/188 2578/1337/188
f 2578/1337/188 2580/1325/188 2634/1325/188
f 2634/1325/188 2557/1306/188 2558/1307/188
f 2558/1307/188 2615/1317/188 2634/1325/188
f 2615/1317/188 2558/1307/188 2559/1307/188
f 2559/1307/188 2582/1317/188 2615/1317/188
f 2556/1306/188 2580/1325/188 2582/1317/188
f 2582/1317/188 2559/1307/188 2556/1306/188
f 2638/1324/187 2637/1308/187 2636/1308/187
f 2636/1308/187 2639/1324/187 2638/1324/187
f 2642/1301/187 2641/1310/187 2640/1311/187
f 2640/1311/187 2643/1300/187 2642/1301/187
f 2625/1281/189 2523/1281/189 2520/1278/189
f 2520/1278/189 2624/1278/189 2625/1281/189
f 2624/1278/191 2520/1278/190 2548/1298/190
f 2548/1298/190 2627/1298/191 2624/1278/191
f 2627/1298/192 2548/1298/192 2549/1299/192
f 2549/1299/192 2626/1299/192 2627/1298/192
f 2626/1299/190 2549/1299/191 2523/1281/191
f 2523/1281/191 2625/1281/190 2626/1299/190
f 2629/1282/189 2527/1282/189 2524/1282/189
f 2524/1282/189 2628/1282/189 2629/1282/189
f 2631/1322/192 2544/1322/192 2545/1322/192
f 2545/1322/192 2630/1322/192 2631/1322/192
f 2637/1308/192 2560/1308/192 2561/1308/192
f 2561/1308/192 2636/1308/192 2637/1308/192
f 2636/1308/190 2561/1308/191 2546/1324/191
f 2546/1324/191 2639/1324/190 2636/1308/190
f 2639/1324/189 2546/1324/189 2547/1324/189
f 2547/1324/189 2638/1324/189 2639/1324/189
f 2638/1324/191 2547/1324/190 2560/1308/190
f 2560/1308/190 2637/1308/191 2638/1324/191
f 2641/1310/192 2564/1310/192 2565/1311/192
f 2565/1311/192 2640/1311/192 2641/1310/192
f 2640/1311/190 2565/1311/191 2550/1300/191
f 2550/1300/191 2643/1300/190 2640/1311/190
f 2643/1300/189 2550/1300/189 2551/1301/189
f 2551/1301/189 2642/1301/189 2643/1300/189
f 2642/1301/191 2551/1301/190 2564/1310/190
f 2564/1310/190 2641/1310/191 2642/1301/191
f 2633/1325/188 2529/1285/188 2530/1286/188
f 2530/1286/188 2570/1317/188 2633/1325/188
f 2617/1330/188 2616/1331/188 2633/1325/188
f 2633/1325/188 2632/1323/188 2617/1330/188
f 2528/1284/188 2616/1331/188 2569/1314/188
f 2569/1314/188 2531/1287/188 2528/1284/188
f 2617/1330/188 2537/1291/188 2538/1292/188
f 2538/1292/188 2618/1329/188 2617/1330/188
f 2536/1290/188 2632/1323/188 2635/1321/188
f 2635/1321/188 2539/1293/188 2536/1290/188
f 2619/1328/188 2618/1329/188 2635/1321/188
f 2635/1321/188 2634/1320/188 2619/1328/188
f 2619/1328/188 2553/1303/188 2554/1304/188
f 2554/1304/188 2614/1315/188 2619/1328/188
f 2552/1302/188 2634/1320/188 2615/1316/188
f 2615/1316/188 2555/1305/188 2552/1302/188
f 2570/1317/188 2530/1286/188 2531/1287/188
f 2531/1287/188 2569/1314/188 2570/1317/188
f 2542/1295/188 2635/1323/188 2632/1321/188
f 2632/1321/188 2541/1294/188 2542/1295/188
f 2540/1294/188 2576/1321/188 2578/1323/188
f 2578/1323/188 2543/1295/188 2540/1294/188
f 2614/1315/188 2554/1304/188 2555/1305/188
f 2555/1305/188 2615/1316/188 2614/1315/188
f 2601/1318/187 2584/1282/187 2585/1283/187
f 2585/1283/187 2571/1319/187 2601/1318/187
f 2586/1296/187 2584/1282/187 2601/1318/187
f 2601/1318/187 2603/1322/187 2586/1296/187
f 2621/1297/187 2586/1296/187 2603/1322/187
f 2603/1322/187 2605/1324/187 2621/1297/187
f 2623/1308/187 2621/1297/187 2605/1324/187
f 2605/1324/187 2607/1326/187 2623/1308/187
f 2571/1319/187 2585/1283/187 2612/1283/187
f 2612/1283/187 2573/1319/187 2571/1319/187
f 2572/1318/187 2573/1319/187 2612/1283/187
f 2612/1283/187 2611/1282/187 2572/1318/187
f 2577/1322/187 2572/1318/187 2611/1282/187
f 2611/1282/187 2613/1296/187 2577/1322/187
f 2579/1324/187 2577/1322/187 2613/1296/187
f 2613/1296/187 2620/1297/187 2579/1324/187
f 2581/1326/187 2579/1324/187 2620/1297/187
f 2620/1297/187 2622/1308/187 2581/1326/187
f 2588/1309/187 2623/1308/187 2607/1326/187
f 2607/1326/187 2609/1327/187 2588/1309/187
f 2583/1327/187 2581/1326/187 2622/1308/187
f 2622/1308/187 2587/1309/187 2583/1327/187
f 2588/1309/187 2609/1327/187 2583/1327/187
f 2583/1327/187 2587/1309/187 2588/1309/187

g Window17
v 16.94516 8.060501 6.171482
v 16.94516 6.017378 6.171482
v 16.94516 6.017378 7.834552
v 16.94516 8.060501 7.834551
v 16.95128 8.058474 8.076216
v 16.95128 6.013299 8.076216
v 16.95128 6.013299 9.733771
v 16.95128 8.058474 9.733771
v 16.83309 8.059488 6.15388
v 16.83309 8.059487 7.829037
v 16.83309 6.010575 7.829037
v 16.83309 6.010576 6.15388
v 16.83309 8.059487 8.070702
v 16.83309 8.059487 9.747294
v 16.83309 6.010575 9.747294
v 16.83309 6.010575 8.070702
v 16.83309 8.248062 7.829037
v 16.83309 8.248063 6.15388
v 16.83309 10.3541 6.15388
v 16.83309 10.3541 7.829037
v 16.83309 8.248062 9.747294
v 16.83309 8.248062 8.070702
v 16.83309 10.3541 8.070702
v 16.83309 10.3541 9.747294
v 16.95128 8.247006 8.076216
v 16.95128 8.247006 9.733771
v 16.95128 10.35511 9.733771
v 16.95128 10.35511 8.076216
v 16.94516 8.249034 6.171482
v 16.94516 8.249034 7.834551
v 16.94516 10.35308 7.834551
v 16.94516 10.35308 6.171481
v 16.83309 10.5426 7.829037
v 16.83309 10.5426 6.15388
v 16.83309 12.59154 6.15388
v 16.83309 12.59154 7.829037
v 16.83309 10.5426 9.747294
v 16.83309 10.5426 8.070701
v 16.83309 12.59154 8.070701
v 16.83309 12.59154 9.747294
v 16.95128 10.54364 8.076216
v 16.95128 10.54364 9.733771
v 16.95128 12.58882 9.73377
v 16.95128 12.58882 8.076215
v 16.94516 10.54161 6.171481
v 16.94516 10.54161 7.834551
v 16.94516 12.58474 7.834551
v 16.94516 12.58474 6.171481
v 17.10328 5.700916 5.84422
v 16.83309 5.700916 5.84422
v 16.83309 5.700916 7.957016
v 17.10328 5.700916 7.957017
v 17.10328 8.059487 10.05696
v 17.10328 5.700915 10.05696
v 16.83309 5.700915 10.05696
v 16.83309 8.059487 10.05696
v 16.83309 8.24802 10.05696
v 17.10328 8.24802 10.05696
v 16.83309 10.3541 10.05695
v 17.10328 10.3541 10.05695
v 16.83309 10.54263 10.05695
v 17.10328 10.54263 10.05695
v 16.83309 12.9012 10.05695
v 17.10328 12.9012 10.05695
v 17.10328 8.058474 8.076216
v 17.10328 6.013299 8.076216
v 17.10328 8.247006 8.076216
v 17.10328 12.58882 9.73377
v 17.10328 12.58882 8.076215
v 17.10328 8.059488 5.84422
v 17.10328 6.017378 6.171482
v 17.10328 8.060501 6.171482
v 17.10328 8.249034 6.171482
v 17.10328 8.24802 5.84422
v 17.10328 10.35308 6.171481
v 17.10328 10.3541 5.844219
v 17.10328 10.54161 6.171481
v 17.10328 10.54263 5.844219
v 17.10328 12.58474 6.171481
v 17.10328 12.9012 5.844219
v 17.10328 6.017378 7.834552
v 17.10328 8.059482 7.957016
v 17.10328 8.060501 7.834551
v 17.10328 8.248027 7.957016
v 17.10328 8.249034 7.834551
v 17.10328 10.35409 7.957016
v 17.10328 10.35308 7.834551
v 17.10328 10.54263 7.957016
v 17.10328 10.54161 7.834551
v 17.10328 12.9012 7.957016
v 17.10328 12.58474 7.834551
v 17.10328 8.058474 9.733771
v 17.10328 6.013299 9.733771
v 17.10328 8.247006 9.733771
v 16.83309 12.9012 5.844219
v 16.83309 12.9012 7.957016
v 16.83309 8.059488 5.84422
v 16.83309 8.24802 5.84422
v 16.83309 10.3541 5.844219
v 16.83309 10.54263 5.844219
v 17.10328 10.35511 9.733771
v 17.10328 10.35511 8.076216
v 17.10328 10.54364 9.733771
v 17.10328 10.54364 8.076216
v 17.10158 8.060501 6.171482
v 17.10158 8.060501 7.834551
v 17.10158 8.249034 7.834551
v 17.10158 8.249034 6.171482
v 17.10196 8.058474 8.076216
v 17.10196 8.058474 9.733771
v 17.10196 8.247006 9.733771
v 17.10196 8.247006 8.076216
v 16.83309 8.24802 7.957016
v 16.83309 8.059487 7.957016
v 16.83309 10.54263 7.957016
v 16.83309 10.3541 7.957016
v 17.11069 10.54364 9.733771
v 17.11069 10.54364 8.076216
v 17.11069 10.35511 8.076216
v 17.11069 10.35511 9.733771
v 17.09586 10.54161 7.834551
v 17.09586 10.54161 6.171481
v 17.09586 10.35308 6.171481
v 17.09586 10.35308 7.834551

vt 0.3344201 0.5185274
vt 0.03705478 0.5185274
vt 0.03705478 0.9814726
vt 0.3344201 0.9814726
vt 0.3321317 0
vt 0.03060679 0
vt 0.7273681 0.5702567
vt 0.7273681 0.9297433
vt 0.9495887 0.9297433
vt 0.9495887 0.5702567
vt 0.2726319 1
vt 0.05041134 1
vt 0.6059651 0.9297433
vt 0.6059651 0.5702567
vt 0.3940348 0.5702567
vt 0.3940348 0.9297433
vt 0.3940348 1
vt 0.6059651 1
vt 0.3531894 0
vt 0.6468106 0
vt 0.3552188 0.5185274
vt 0.3552188 0.9814726
vt 0.6447812 0.9814726
vt 0.6447812 0.5185274
vt 0.2726319 0.9297433
vt 0.2726319 0.5702567
vt 0.05041134 0.5702567
vt 0.05041134 0.9297433
vt 0.7273681 1
vt 0.9495885 1
vt 0.6678681 0
vt 0.9693931 0
vt 0.6655799 0.5185274
vt 0.6655799 0.9814726
vt 0.9629452 0.9814726
vt 0.9629452 0.5185274
vt 1 0.5
vt 0 0.5
vt 0 1
vt 1 1
vt 0.3230432 0
vt 0 0
vt 0.3230432 1
vt 0.3436235 1
vt 0.3436235 0
vt 0.6563765 1
vt 0.6563765 0
vt 0.6769568 1
vt 0.6769568 0
vt 1 0
vt 0.3230432 0.5
vt 0.3436235 0.5
vt 0.6563765 0.5
vt 0.6769568 0.5
vt 0.3456849 0.5185274
vt 0.3456849 0.9814726
vt 0.6543151 0.9814726
vt 0.6543151 0.5185274
vt 0.3333333 1
vt 0.6666667 1

vn 10 1.608123E-15 1.192093E-06
vn -10 -1.608123E-15 -1.192093E-06
vn -1.405004E-13 -10 1.192093E-06
vn -1.192093E-06 -1.192093E-06 10
vn 1.192093E-06 1.192093E-06 -10
vn 1.405004E-13 10 -1.192093E-06

usemtl Glass.1
f 2647/1341/193 2646/1340/193 2645/1339/193 2644/1338/193
f 2651/1342/193 2650/1343/193 2649/1343/193 2648/1342/193
f 2655/1347/194 2654/1346/194 2653/1345/194 2652/1344/194
f 2659/1349/194 2658/1349/194 2657/1348/194 2656/1348/194
f 2663/1353/194 2662/1352/194 2661/1351/194 2660/1350/194
f 2667/1355/194 2666/1355/194 2665/1354/194 2664/1354/194
f 2671/1357/193 2670/1357/193 2669/1356/193 2668/1356/193
f 2675/1361/193 2674/1360/193 2673/1359/193 2672/1358/193
f 2679/1365/194 2678/1364/194 2677/1363/194 2676/1362/194
f 2683/1367/194 2682/1367/194 2681/1366/194 2680/1366/194
f 2687/1369/193 2686/1369/193 2685/1368/193 2684/1368/193
f 2691/1373/193 2690/1372/193 2689/1371/193 2688/1370/193

usemtl white
f 2668/1382/196 2648/1342/196 2708/1342/196
f 2710/1382/196 2668/1382/196 2708/1342/196
f 2737/1382/196 2735/1342/196 2651/1342/196
f 2669/1382/196 2737/1382/196 2651/1342/196
f 2752/1342/196 2648/1342/196 2668/1382/196
f 2755/1382/196 2752/1342/196 2668/1382/196
f 2754/1382/196 2669/1382/196 2651/1342/196
f 2753/1342/196 2754/1382/196 2651/1342/196
f 2740/1391/196 2652/1344/196 2653/1345/196
f 2757/1385/196 2740/1391/196 2653/1345/196
f 2757/1380/196 2656/1348/196 2657/1348/196
f 2699/1380/196 2757/1380/196 2657/1348/196
f 2742/1389/196 2662/1352/196 2663/1353/196
f 2759/1381/196 2742/1389/196 2663/1353/196
f 2756/1383/194 2660/1350/194 2661/1351/194
f 2741/1390/194 2756/1383/194 2661/1351/194
f 2756/1381/194 2700/1381/194 2665/1354/194
f 2700/1381/194 2664/1354/194 2665/1354/194
f 2759/1383/196 2666/1355/196 2667/1355/196
f 2702/1383/196 2759/1383/196 2667/1355/196
f 2758/1380/194 2676/1362/194 2677/1363/194
f 2743/1388/194 2758/1380/194 2677/1363/194
f 2704/1385/194 2680/1366/194 2681/1366/194
f 2758/1385/194 2704/1385/194 2681/1366/194
f 2694/1376/195 2693/1375/195 2692/1374/195
f 2692/1374/195 2695/1377/195 2694/1376/195
f 2698/1376/196 2697/1379/196 2696/1378/196
f 2696/1378/196 2699/1380/196 2698/1376/196
f 2700/1381/196 2699/1380/196 2696/1378/196
f 2696/1378/196 2701/1382/196 2700/1381/196
f 2702/1383/196 2700/1381/196 2701/1382/196
f 2701/1382/196 2703/1384/196 2702/1383/196
f 2704/1385/196 2702/1383/196 2703/1384/196
f 2703/1384/196 2705/1386/196 2704/1385/196
f 2706/1377/196 2704/1385/196 2705/1386/196
f 2705/1386/196 2707/1387/196 2706/1377/196
f 2649/1343/196 2709/1343/196 2708/1342/196
f 2708/1342/196 2648/1342/196 2649/1343/196
f 2687/1369/195 2712/1369/195 2711/1369/195
f 2711/1369/195 2686/1369/195 2687/1369/195
f 2714/1339/193 2692/1375/193 2713/1388/193
f 2713/1388/193 2715/1338/193 2714/1339/193
f 2716/1358/193 2715/1338/193 2713/1388/193
f 2713/1388/193 2717/1389/193 2716/1358/193
f 2718/1361/193 2716/1358/193 2717/1389/193
f 2717/1389/193 2719/1390/193 2718/1361/193
f 2720/1370/193 2718/1361/193 2719/1390/193
f 2719/1390/193 2721/1391/193 2720/1370/193
f 2722/1373/193 2720/1370/193 2721/1391/193
f 2721/1391/193 2723/1374/193 2722/1373/193
f 2724/1340/193 2695/1376/193 2692/1375/193
f 2692/1375/193 2714/1339/193 2724/1340/193
f 2725/1380/193 2695/1376/193 2724/1340/193
f 2724/1340/193 2726/1341/193 2725/1380/193
f 2727/1381/193 2725/1380/193 2726/1341/193
f 2726/1341/193 2728/1359/193 2727/1381/193
f 2729/1383/193 2727/1381/193 2728/1359/193
f 2728/1359/193 2730/1360/193 2729/1383/193
f 2731/1385/193 2729/1383/193 2730/1360/193
f 2730/1360/193 2732/1371/193 2731/1385/193
f 2733/1377/193 2731/1385/193 2732/1371/193
f 2732/1371/193 2734/1372/193 2733/1377/193
f 2722/1373/193 2723/1374/193 2733/1377/193
f 2733/1377/193 2734/1372/193 2722/1373/193
f 2698/1376/195 2694/1376/195 2695/1379/195
f 2695/1379/195 2697/1379/195 2698/1376/195
f 2735/1342/197 2736/1343/197 2650/1343/197
f 2650/1343/197 2651/1342/197 2735/1342/197
f 2650/1343/198 2736/1343/198 2709/1343/198
f 2709/1343/198 2649/1343/198 2650/1343/198
f 2645/1339/196 2714/1339/196 2715/1338/196
f 2715/1338/196 2644/1338/196 2645/1339/196
f 2672/1392/196 2644/1338/196 2715/1338/196
f 2715/1338/196 2716/1392/196 2672/1392/196
f 2691/1373/195 2722/1373/195 2734/1372/195
f 2734/1372/195 2690/1372/195 2691/1373/195
f 2726/1341/197 2724/1340/197 2646/1340/197
f 2646/1340/197 2647/1341/197 2726/1341/197
f 2728/1393/197 2726/1341/197 2647/1341/197
f 2647/1341/197 2673/1393/197 2728/1393/197
f 2646/1340/198 2724/1340/198 2714/1339/198
f 2714/1339/198 2645/1339/198 2646/1340/198
f 2733/1377/198 2723/1376/198 2738/1379/198
f 2738/1379/198 2739/1387/198 2733/1377/198
f 2707/1377/198 2733/1376/198 2739/1379/198
f 2739/1379/198 2706/1387/198 2707/1377/198
f 2713/1386/197 2692/1387/197 2693/1377/197
f 2693/1377/197 2740/1385/197 2713/1386/197
f 2717/1384/197 2713/1386/197 2740/1385/197
f 2740/1385/197 2741/1383/197 2717/1384/197
f 2719/1382/197 2717/1384/197 2741/1383/197
f 2741/1383/197 2742/1381/197 2719/1382/197
f 2721/1378/197 2719/1382/197 2742/1381/197
f 2742/1381/197 2743/1380/197 2721/1378/197
f 2723/1379/197 2721/1378/197 2743/1380/197
f 2743/1380/197 2738/1376/197 2723/1379/197
f 2744/1357/197 2737/1356/197 2669/1356/197
f 2669/1356/197 2670/1357/197 2744/1357/197
f 2671/1357/196 2668/1356/196 2710/1356/196
f 2710/1356/196 2745/1357/196 2671/1357/196
f 2730/1360/197 2728/1359/197 2673/1359/197
f 2673/1359/197 2674/1360/197 2730/1360/197
f 2675/1361/196 2672/1358/196 2716/1358/196
f 2716/1358/196 2718/1361/196 2675/1361/196
f 2685/1368/197 2686/1369/197 2711/1369/197
f 2711/1369/197 2746/1368/197 2685/1368/197
f 2670/1384/197 2685/1368/197 2746/1368/197
f 2746/1368/197 2744/1384/197 2670/1384/197
f 2747/1368/196 2712/1369/196 2687/1369/196
f 2687/1369/196 2684/1368/196 2747/1368/196
f 2745/1384/196 2747/1368/196 2684/1368/196
f 2684/1368/196 2671/1384/196 2745/1384/196
f 2689/1371/197 2690/1372/197 2734/1372/197
f 2734/1372/197 2732/1371/197 2689/1371/197
f 2674/1394/197 2689/1371/197 2732/1371/197
f 2732/1371/197 2730/1394/197 2674/1394/197
f 2720/1370/196 2722/1373/196 2691/1373/196
f 2691/1373/196 2688/1370/196 2720/1370/196
f 2718/1395/196 2720/1370/196 2688/1370/196
f 2688/1370/196 2675/1395/196 2718/1395/196
f 2750/1359/193 2749/1341/193 2748/1338/193
f 2748/1338/193 2751/1358/193 2750/1359/193
f 2754/1382/193 2753/1342/193 2752/1342/193
f 2752/1342/193 2755/1382/193 2754/1382/193
f 2699/1380/194 2700/1396/194 2756/1396/194
f 2756/1396/194 2757/1380/194 2699/1380/194
f 2699/1380/194 2657/1348/194 2658/1349/194
f 2658/1349/194 2698/1376/194 2699/1380/194
f 2698/1376/194 2658/1349/194 2659/1349/194
f 2659/1349/194 2694/1376/194 2698/1376/194
f 2656/1348/194 2757/1380/194 2694/1376/194
f 2694/1376/194 2659/1349/194 2656/1348/194
f 2758/1385/194 2759/1397/194 2702/1397/194
f 2702/1397/194 2704/1385/194 2758/1385/194
f 2758/1385/194 2681/1366/194 2682/1367/194
f 2682/1367/194 2739/1377/194 2758/1385/194
f 2739/1377/194 2682/1367/194 2683/1367/194
f 2683/1367/194 2706/1377/194 2739/1377/194
f 2680/1366/194 2704/1385/194 2706/1377/194
f 2706/1377/194 2683/1367/194 2680/1366/194
f 2762/1384/193 2761/1368/193 2760/1368/193
f 2760/1368/193 2763/1384/193 2762/1384/193
f 2766/1361/193 2765/1370/193 2764/1371/193
f 2764/1371/193 2767/1360/193 2766/1361/193
f 2749/1341/195 2647/1341/195 2644/1338/195
f 2644/1338/195 2748/1338/195 2749/1341/195
f 2748/1338/197 2644/1338/196 2672/1358/196
f 2672/1358/196 2751/1358/197 2748/1338/197
f 2751/1358/198 2672/1358/198 2673/1359/198
f 2673/1359/198 2750/1359/198 2751/1358/198
f 2750/1359/196 2673/1359/197 2647/1341/197
f 2647/1341/197 2749/1341/196 2750/1359/196
f 2753/1342/195 2651/1342/195 2648/1342/195
f 2648/1342/195 2752/1342/195 2753/1342/195
f 2755/1382/198 2668/1382/198 2669/1382/198
f 2669/1382/198 2754/1382/198 2755/1382/198
f 2761/1368/198 2684/1368/198 2685/1368/198
f 2685/1368/198 2760/1368/198 2761/1368/198
f 2760/1368/196 2685/1368/197 2670/1384/197
f 2670/1384/197 2763/1384/196 2760/1368/196
f 2763/1384/195 2670/1384/195 2671/1384/195
f 2671/1384/195 2762/1384/195 2763/1384/195
f 2762/1384/197 2671/1384/196 2684/1368/196
f 2684/1368/196 2761/1368/197 2762/1384/197
f 2765/1370/198 2688/1370/198 2689/1371/198
f 2689/1371/198 2764/1371/198 2765/1370/198
f 2764/1371/196 2689/1371/197 2674/1360/197
f 2674/1360/197 2767/1360/196 2764/1371/196
f 2767/1360/195 2674/1360/195 2675/1361/195
f 2675/1361/195 2766/1361/195 2767/1360/195
f 2766/1361/197 2675/1361/196 2688/1370/196
f 2688/1370/196 2765/1370/197 2766/1361/197
f 2757/1385/194 2653/1345/194 2654/1346/194
f 2654/1346/194 2694/1377/194 2757/1385/194
f 2741/1390/194 2740/1391/194 2757/1385/194
f 2757/1385/194 2756/1383/194 2741/1390/194
f 2652/1344/194 2740/1391/194 2693/1374/194
f 2693/1374/194 2655/1347/194 2652/1344/194
f 2741/1390/194 2661/1351/194 2662/1352/194
f 2662/1352/194 2742/1389/194 2741/1390/194
f 2660/1350/194 2756/1383/194 2759/1381/194
f 2759/1381/194 2663/1353/194 2660/1350/194
f 2743/1388/194 2742/1389/194 2759/1381/194
f 2759/1381/194 2758/1380/194 2743/1388/194
f 2743/1388/194 2677/1363/194 2678/1364/194
f 2678/1364/194 2738/1375/194 2743/1388/194
f 2676/1362/194 2758/1380/194 2739/1376/194
f 2739/1376/194 2679/1365/194 2676/1362/194
f 2694/1377/194 2654/1346/194 2655/1347/194
f 2655/1347/194 2693/1374/194 2694/1377/194
f 2666/1355/194 2759/1383/194 2756/1381/194
f 2756/1381/194 2665/1354/194 2666/1355/194
f 2664/1354/194 2700/1381/194 2702/1383/194
f 2702/1383/194 2667/1355/194 2664/1354/194
f 2738/1375/194 2678/1364/194 2679/1365/194
f 2679/1365/194 2739/1376/194 2738/1375/194
f 2725/1378/193 2708/1342/193 2709/1343/193
f 2709/1343/193 2695/1379/193 2725/1378/193
f 2710/1356/193 2708/1342/193 2725/1378/193
f 2725/1378/193 2727/1382/193 2710/1356/193
f 2745/1357/193 2710/1356/193 2727/1382/193
f 2727/1382/193 2729/1384/193 2745/1357/193
f 2747/1368/193 2745/1357/193 2729/1384/193
f 2729/1384/193 2731/1386/193 2747/1368/193
f 2695/1379/193 2709/1343/193 2736/1343/193
f 2736/1343/193 2697/1379/193 2695/1379/193
f 2696/1378/193 2697/1379/193 2736/1343/193
f 2736/1343/193 2735/1342/193 2696/1378/193
f 2701/1382/193 2696/1378/193 2735/1342/193
f 2735/1342/193 2737/1356/193 2701/1382/193
f 2703/1384/193 2701/1382/193 2737/1356/193
f 2737/1356/193 2744/1357/193 2703/1384/193
f 2705/1386/193 2703/1384/193 2744/1357/193
f 2744/1357/193 2746/1368/193 2705/1386/193
f 2712/1369/193 2747/1368/193 2731/1386/193
f 2731/1386/193 2733/1387/193 2712/1369/193
f 2707/1387/193 2705/1386/193 2746/1368/193
f 2746/1368/193 2711/1369/193 2707/1387/193
f 2712/1369/193 2733/1387/193 2707/1387/193
f 2707/1387/193 2711/1369/193 2712/1369/193

g Window18
v 16.94516 21.56695 6.171482
v 16.94516 19.52383 6.171482
v 16.94516 19.52383 7.834552
v 16.94516 21.56695 7.834551
v 16.95128 21.56492 8.076216
v 16.95128 19.51975 8.076216
v 16.95128 19.51975 9.733771
v 16.95128 21.56492 9.733771
v 16.83309 21.56594 6.15388
v 16.83309 21.56594 7.829037
v 16.83309 19.51702 7.829037
v 16.83309 19.51702 6.15388
v 16.83309 21.56594 8.070702
v 16.83309 21.56594 9.747294
v 16.83309 19.51702 9.747294
v 16.83309 19.51702 8.070702
v 16.83309 21.75451 7.829037
v 16.83309 21.75451 6.15388
v 16.83309 23.86054 6.15388
v 16.83309 23.86054 7.829037
v 16.83309 21.75451 9.747294
v 16.83309 21.75451 8.070702
v 16.83309 23.86054 8.070702
v 16.83309 23.86054 9.747294
v 16.95128 21.75346 8.076216
v 16.95128 21.75346 9.733771
v 16.95128 23.86156 9.733771
v 16.95128 23.86156 8.076216
v 16.94516 21.75548 6.171482
v 16.94516 21.75548 7.834551
v 16.94516 23.85953 7.834551
v 16.94516 23.85953 6.171481
v 16.83309 24.04905 7.829037
v 16.83309 24.04905 6.15388
v 16.83309 26.09799 6.15388
v 16.83309 26.09799 7.829037
v 16.83309 24.04905 9.747294
v 16.83309 24.04905 8.070701
v 16.83309 26.09799 8.070701
v 16.83309 26.09799 9.747294
v 16.95128 24.05009 8.076216
v 16.95128 24.05009 9.733771
v 16.95128 26.09526 9.73377
v 16.95128 26.09526 8.076215
v 16.94516 24.04806 6.171481
v 16.94516 24.04806 7.834551
v 16.94516 26.09119 7.834551
v 16.94516 26.09119 6.171481
v 17.10328 19.20737 5.84422
v 16.83309 19.20737 5.84422
v 16.83309 19.20737 7.957016
v 17.10328 19.20737 7.957017
v 17.10328 21.56594 10.05696
v 17.10328 19.20737 10.05696
v 16.83309 19.20737 10.05696
v 16.83309 21.56594 10.05696
v 16.83309 21.75447 10.05696
v 17.10328 21.75447 10.05696
v 16.83309 23.86054 10.05695
v 17.10328 23.86054 10.05695
v 16.83309 24.04908 10.05695
v 17.10328 24.04908 10.05695
v 16.83309 26.40765 10.05695
v 17.10328 26.40765 10.05695
v 17.10328 21.56492 8.076216
v 17.10328 19.51975 8.076216
v 17.10328 21.75346 8.076216
v 17.10328 26.09526 9.73377
v 17.10328 26.09526 8.076215
v 17.10328 21.56594 5.84422
v 17.10328 19.52383 6.171482
v 17.10328 21.56695 6.171482
v 17.10328 21.75548 6.171482
v 17.10328 21.75447 5.84422
v 17.10328 23.85953 6.171481
v 17.10328 23.86054 5.844219
v 17.10328 24.04806 6.171481
v 17.10328 24.04908 5.844219
v 17.10328 26.09119 6.171481
v 17.10328 26.40765 5.844219
v 17.10328 19.52383 7.834552
v 17.10328 21.56593 7.957016
v 17.10328 21.56695 7.834551
v 17.10328 21.75447 7.957016
v 17.10328 21.75548 7.834551
v 17.10328 23.86054 7.957016
v 17.10328 23.85953 7.834551
v 17.10328 24.04908 7.957016
v 17.10328 24.04806 7.834551
v 17.10328 26.40765 7.957016
v 17.10328 26.09119 7.834551
v 17.10328 21.56492 9.733771
v 17.10328 19.51975 9.733771
v 17.10328 21.75346 9.733771
v 16.83309 26.40765 5.844219
v 16.83309 26.40765 7.957016
v 16.83309 21.56594 5.84422
v 16.83309 21.75447 5.84422
v 16.83309 23.86054 5.844219
v 16.83309 24.04908 5.844219
v 17.10328 23.86156 9.733771
v 17.10328 23.86156 8.076216
v 17.10328 24.05009 9.733771
v 17.10328 24.05009 8.076216
v 17.10158 21.56695 6.171482
v 17.10158 21.56695 7.834551
v 17.10158 21.75548 7.834551
v 17.10158 21.75548 6.171482
v 17.10196 21.56492 8.076216
v 17.10196 21.56492 9.733771
v 17.10196 21.75346 9.733771
v 17.10196 21.75346 8.076216
v 16.83309 21.75447 7.957016
v 16.83309 21.56594 7.957016
v 16.83309 24.04908 7.957016
v 16.83309 23.86054 7.957016
v 17.11069 24.05009 9.733771
v 17.11069 24.05009 8.076216
v 17.11069 23.86156 8.076216
v 17.11069 23.86156 9.733771
v 17.09586 24.04806 7.834551
v 17.09586 24.04806 6.171481
v 17.09586 23.85953 6.171481
v 17.09586 23.85953 7.834551

vt 0.3344201 0.5185274
vt 0.03705478 0.5185274
vt 0.03705478 0.9814726
vt 0.3344201 0.9814726
vt 0.3321317 0
vt 0.03060679 0
vt 0.7273681 0.5702567
vt 0.7273681 0.9297433
vt 0.9495887 0.9297433
vt 0.9495887 0.5702567
vt 0.2726319 1
vt 0.05041134 1
vt 0.6059651 0.9297433
vt 0.6059651 0.5702567
vt 0.3940348 0.5702567
vt 0.3940348 0.9297433
vt 0.3940348 1
vt 0.6059651 1
vt 0.3531894 0
vt 0.6468106 0
vt 0.3552188 0.5185274
vt 0.3552188 0.9814726
vt 0.6447812 0.9814726
vt 0.6447812 0.5185274
vt 0.2726319 0.9297433
vt 0.2726319 0.5702567
vt 0.05041134 0.5702567
vt 0.05041134 0.9297433
vt 0.7273681 1
vt 0.9495885 1
vt 0.6678681 0
vt 0.9693931 0
vt 0.6655799 0.5185274
vt 0.6655799 0.9814726
vt 0.9629452 0.9814726
vt 0.9629452 0.5185274
vt 1 0.5
vt 0 0.5
vt 0 1
vt 1 1
vt 0.3230432 0
vt 0 0
vt 0.3230432 1
vt 0.3436235 1
vt 0.3436235 0
vt 0.6563765 1
vt 0.6563765 0
vt 0.6769568 1
vt 0.6769568 0
vt 1 0
vt 0.3230432 0.5
vt 0.3436235 0.5
vt 0.6563765 0.5
vt 0.6769568 0.5
vt 0.3456849 0.5185274
vt 0.3456849 0.9814726
vt 0.6543151 0.9814726
vt 0.6543151 0.5185274
vt 0.3333333 1
vt 0.6666667 1

vn 10 1.608123E-15 1.192093E-06
vn -10 -1.608123E-15 -1.192093E-06
vn -1.405004E-13 -10 1.192093E-06
vn -1.192093E-06 -1.192093E-06 10
vn 1.192093E-06 1.192093E-06 -10
vn 1.405004E-13 10 -1.192093E-06

usemtl Glass.1
f 2771/1401/199 2770/1400/199 2769/1399/199 2768/1398/199
f 2775/1402/199 2774/1403/199 2773/1403/199 2772/1402/199
f 2779/1407/200 2778/1406/200 2777/1405/200 2776/1404/200
f 2783/1409/200 2782/1409/200 2781/1408/200 2780/1408/200
f 2787/1413/200 2786/1412/200 2785/1411/200 2784/1410/200
f 2791/1415/200 2790/1415/200 2789/1414/200 2788/1414/200
f 2795/1417/199 2794/1417/199 2793/1416/199 2792/1416/199
f 2799/1421/199 2798/1420/199 2797/1419/199 2796/1418/199
f 2803/1425/200 2802/1424/200 2801/1423/200 2800/1422/200
f 2807/1427/200 2806/1427/200 2805/1426/200 2804/1426/200
f 2811/1429/199 2810/1429/199 2809/1428/199 2808/1428/199
f 2815/1433/199 2814/1432/199 2813/1431/199 2812/1430/199

usemtl white
f 2792/1442/202 2772/1402/202 2832/1402/202
f 2834/1442/202 2792/1442/202 2832/1402/202
f 2861/1442/202 2859/1402/202 2775/1402/202
f 2793/1442/202 2861/1442/202 2775/1402/202
f 2876/1402/202 2772/1402/202 2792/1442/202
f 2879/1442/202 2876/1402/202 2792/1442/202
f 2878/1442/202 2793/1442/202 2775/1402/202
f 2877/1402/202 2878/1442/202 2775/1402/202
f 2864/1451/202 2776/1404/202 2777/1405/202
f 2881/1445/202 2864/1451/202 2777/1405/202
f 2881/1440/202 2780/1408/202 2781/1408/202
f 2823/1440/202 2881/1440/202 2781/1408/202
f 2866/1449/202 2786/1412/202 2787/1413/202
f 2883/1441/202 2866/1449/202 2787/1413/202
f 2880/1443/200 2784/1410/200 2785/1411/200
f 2865/1450/200 2880/1443/200 2785/1411/200
f 2880/1441/200 2824/1441/200 2789/1414/200
f 2824/1441/200 2788/1414/200 2789/1414/200
f 2883/1443/202 2790/1415/202 2791/1415/202
f 2826/1443/202 2883/1443/202 2791/1415/202
f 2882/1440/200 2800/1422/200 2801/1423/200
f 2867/1448/200 2882/1440/200 2801/1423/200
f 2828/1445/200 2804/1426/200 2805/1426/200
f 2882/1445/200 2828/1445/200 2805/1426/200
f 2818/1436/201 2817/1435/201 2816/1434/201
f 2816/1434/201 2819/1437/201 2818/1436/201
f 2822/1436/202 2821/1439/202 2820/1438/202
f 2820/1438/202 2823/1440/202 2822/1436/202
f 2824/1441/202 2823/1440/202 2820/1438/202
f 2820/1438/202 2825/1442/202 2824/1441/202
f 2826/1443/202 2824/1441/202 2825/1442/202
f 2825/1442/202 2827/1444/202 2826/1443/202
f 2828/1445/202 2826/1443/202 2827/1444/202
f 2827/1444/202 2829/1446/202 2828/1445/202
f 2830/1437/202 2828/1445/202 2829/1446/202
f 2829/1446/202 2831/1447/202 2830/1437/202
f 2773/1403/202 2833/1403/202 2832/1402/202
f 2832/1402/202 2772/1402/202 2773/1403/202
f 2811/1429/201 2836/1429/201 2835/1429/201
f 2835/1429/201 2810/1429/201 2811/1429/201
f 2838/1399/199 2816/1435/199 2837/1448/199
f 2837/1448/199 2839/1398/199 2838/1399/199
f 2840/1418/199 2839/1398/199 2837/1448/199
f 2837/1448/199 2841/1449/199 2840/1418/199
f 2842/1421/199 2840/1418/199 2841/1449/199
f 2841/1449/199 2843/1450/199 2842/1421/199
f 2844/1430/199 2842/1421/199 2843/1450/199
f 2843/1450/199 2845/1451/199 2844/1430/199
f 2846/1433/199 2844/1430/199 2845/1451/199
f 2845/1451/199 2847/1434/199 2846/1433/199
f 2848/1400/199 2819/1436/199 2816/1435/199
f 2816/1435/199 2838/1399/199 2848/1400/199
f 2849/1440/199 2819/1436/199 2848/1400/199
f 2848/1400/199 2850/1401/199 2849/1440/199
f 2851/1441/199 2849/1440/199 2850/1401/199
f 2850/1401/199 2852/1419/199 2851/1441/199
f 2853/1443/199 2851/1441/199 2852/1419/199
f 2852/1419/199 2854/1420/199 2853/1443/199
f 2855/1445/199 2853/1443/199 2854/1420/199
f 2854/1420/199 2856/1431/199 2855/1445/199
f 2857/1437/199 2855/1445/199 2856/1431/199
f 2856/1431/199 2858/1432/199 2857/1437/199
f 2846/1433/199 2847/1434/199 2857/1437/199
f 2857/1437/199 2858/1432/199 2846/1433/199
f 2822/1436/201 2818/1436/201 2819/1439/201
f 2819/1439/201 2821/1439/201 2822/1436/201
f 2859/1402/203 2860/1403/203 2774/1403/203
f 2774/1403/203 2775/1402/203 2859/1402/203
f 2774/1403/204 2860/1403/204 2833/1403/204
f 2833/1403/204 2773/1403/204 2774/1403/204
f 2769/1399/202 2838/1399/202 2839/1398/202
f 2839/1398/202 2768/1398/202 2769/1399/202
f 2796/1452/202 2768/1398/202 2839/1398/202
f 2839/1398/202 2840/1452/202 2796/1452/202
f 2815/1433/201 2846/1433/201 2858/1432/201
f 2858/1432/201 2814/1432/201 2815/1433/201
f 2850/1401/203 2848/1400/203 2770/1400/203
f 2770/1400/203 2771/1401/203 2850/1401/203
f 2852/1453/203 2850/1401/203 2771/1401/203
f 2771/1401/203 2797/1453/203 2852/1453/203
f 2770/1400/204 2848/1400/204 2838/1399/204
f 2838/1399/204 2769/1399/204 2770/1400/204
f 2857/1437/204 2847/1436/204 2862/1439/204
f 2862/1439/204 2863/1447/204 2857/1437/204
f 2831/1437/204 2857/1436/204 2863/1439/204
f 2863/1439/204 2830/1447/204 2831/1437/204
f 2837/1446/203 2816/1447/203 2817/1437/203
f 2817/1437/203 2864/1445/203 2837/1446/203
f 2841/1444/203 2837/1446/203 2864/1445/203
f 2864/1445/203 2865/1443/203 2841/1444/203
f 2843/1442/203 2841/1444/203 2865/1443/203
f 2865/1443/203 2866/1441/203 2843/1442/203
f 2845/1438/203 2843/1442/203 2866/1441/203
f 2866/1441/203 2867/1440/203 2845/1438/203
f 2847/1439/203 2845/1438/203 2867/1440/203
f 2867/1440/203 2862/1436/203 2847/1439/203
f 2868/1417/203 2861/1416/203 2793/1416/203
f 2793/1416/203 2794/1417/203 2868/1417/203
f 2795/1417/202 2792/1416/202 2834/1416/202
f 2834/1416/202 2869/1417/202 2795/1417/202
f 2854/1420/203 2852/1419/203 2797/1419/203
f 2797/1419/203 2798/1420/203 2854/1420/203
f 2799/1421/202 2796/1418/202 2840/1418/202
f 2840/1418/202 2842/1421/202 2799/1421/202
f 2809/1428/203 2810/1429/203 2835/1429/203
f 2835/1429/203 2870/1428/203 2809/1428/203
f 2794/1444/203 2809/1428/203 2870/1428/203
f 2870/1428/203 2868/1444/203 2794/1444/203
f 2871/1428/202 2836/1429/202 2811/1429/202
f 2811/1429/202 2808/1428/202 2871/1428/202
f 2869/1444/202 2871/1428/202 2808/1428/202
f 2808/1428/202 2795/1444/202 2869/1444/202
f 2813/1431/203 2814/1432/203 2858/1432/203
f 2858/1432/203 2856/1431/203 2813/1431/203
f 2798/1454/203 2813/1431/203 2856/1431/203
f 2856/1431/203 2854/1454/203 2798/1454/203
f 2844/1430/202 2846/1433/202 2815/1433/202
f 2815/1433/202 2812/1430/202 2844/1430/202
f 2842/1455/202 2844/1430/202 2812/1430/202
f 2812/1430/202 2799/1455/202 2842/1455/202
f 2874/1419/199 2873/1401/199 2872/1398/199
f 2872/1398/199 2875/1418/199 2874/1419/199
f 2878/1442/199 2877/1402/199 2876/1402/199
f 2876/1402/199 2879/1442/199 2878/1442/199
f 2823/1440/200 2824/1456/200 2880/1456/200
f 2880/1456/200 2881/1440/200 2823/1440/200
f 2823/1440/200 2781/1408/200 2782/1409/200
f 2782/1409/200 2822/1436/200 2823/1440/200
f 2822/1436/200 2782/1409/200 2783/1409/200
f 2783/1409/200 2818/1436/200 2822/1436/200
f 2780/1408/200 2881/1440/200 2818/1436/200
f 2818/1436/200 2783/1409/200 2780/1408/200
f 2882/1445/200 2883/1457/200 2826/1457/200
f 2826/1457/200 2828/1445/200 2882/1445/200
f 2882/1445/200 2805/1426/200 2806/1427/200
f 2806/1427/200 2863/1437/200 2882/1445/200
f 2863/1437/200 2806/1427/200 2807/1427/200
f 2807/1427/200 2830/1437/200 2863/1437/200
f 2804/1426/200 2828/1445/200 2830/1437/200
f 2830/1437/200 2807/1427/200 2804/1426/200
f 2886/1444/199 2885/1428/199 2884/1428/199
f 2884/1428/199 2887/1444/199 2886/1444/199
f 2890/1421/199 2889/1430/199 2888/1431/199
f 2888/1431/199 2891/1420/199 2890/1421/199
f 2873/1401/201 2771/1401/201 2768/1398/201
f 2768/1398/201 2872/1398/201 2873/1401/201
f 2872/1398/203 2768/1398/202 2796/1418/202
f 2796/1418/202 2875/1418/203 2872/1398/203
f 2875/1418/204 2796/1418/204 2797/1419/204
f 2797/1419/204 2874/1419/204 2875/1418/204
f 2874/1419/202 2797/1419/203 2771/1401/203
f 2771/1401/203 2873/1401/202 2874/1419/202
f 2877/1402/201 2775/1402/201 2772/1402/201
f 2772/1402/201 2876/1402/201 2877/1402/201
f 2879/1442/204 2792/1442/204 2793/1442/204
f 2793/1442/204 2878/1442/204 2879/1442/204
f 2885/1428/204 2808/1428/204 2809/1428/204
f 2809/1428/204 2884/1428/204 2885/1428/204
f 2884/1428/202 2809/1428/203 2794/1444/203
f 2794/1444/203 2887/1444/202 2884/1428/202
f 2887/1444/201 2794/1444/201 2795/1444/201
f 2795/1444/201 2886/1444/201 2887/1444/201
f 2886/1444/203 2795/1444/202 2808/1428/202
f 2808/1428/202 2885/1428/203 2886/1444/203
f 2889/1430/204 2812/1430/204 2813/1431/204
f 2813/1431/204 2888/1431/204 2889/1430/204
f 2888/1431/202 2813/1431/203 2798/1420/203
f 2798/1420/203 2891/1420/202 2888/1431/202
f 2891/1420/201 2798/1420/201 2799/1421/201
f 2799/1421/201 2890/1421/201 2891/1420/201
f 2890/1421/203 2799/1421/202 2812/1430/202
f 2812/1430/202 2889/1430/203 2890/1421/203
f 2881/1445/200 2777/1405/200 2778/1406/200
f 2778/1406/200 2818/1437/200 2881/1445/200
f 2865/1450/200 2864/1451/200 2881/1445/200
f 2881/1445/200 2880/1443/200 2865/1450/200
f 2776/1404/200 2864/1451/200 2817/1434/200
f 2817/1434/200 2779/1407/200 2776/1404/200
f 2865/1450/200 2785/1411/200 2786/1412/200
f 2786/1412/200 2866/1449/200 2865/1450/200
f 2784/1410/200 2880/1443/200 2883/1441/200
f 2883/1441/200 2787/1413/200 2784/1410/200
f 2867/1448/200 2866/1449/200 2883/1441/200
f 2883/1441/200 2882/1440/200 2867/1448/200
f 2867/1448/200 2801/1423/200 2802/1424/200
f 2802/1424/200 2862/1435/200 2867/1448/200
f 2800/1422/200 2882/1440/200 2863/1436/200
f 2863/1436/200 2803/1425/200 2800/1422/200
f 2818/1437/200 2778/1406/200 2779/1407/200
f 2779/1407/200 2817/1434/200 2818/1437/200
f 2790/1415/200 2883/1443/200 2880/1441/200
f 2880/1441/200 2789/1414/200 2790/1415/200
f 2788/1414/200 2824/1441/200 2826/1443/200
f 2826/1443/200 2791/1415/200 2788/1414/200
f 2862/1435/200 2802/1424/200 2803/1425/200
f 2803/1425/200 2863/1436/200 2862/1435/200
f 2849/1438/199 2832/1402/199 2833/1403/199
f 2833/1403/199 2819/1439/199 2849/1438/199
f 2834/1416/199 2832/1402/199 2849/1438/199
f 2849/1438/199 2851/1442/199 2834/1416/199
f 2869/1417/199 2834/1416/199 2851/1442/199
f 2851/1442/199 2853/1444/199 2869/1417/199
f 2871/1428/199 2869/1417/199 2853/1444/199
f 2853/1444/199 2855/1446/199 2871/1428/199
f 2819/1439/199 2833/1403/199 2860/1403/199
f 2860/1403/199 2821/1439/199 2819/1439/199
f 2820/1438/199 2821/1439/199 2860/1403/199
f 2860/1403/199 2859/1402/199 2820/1438/199
f 2825/1442/199 2820/1438/199 2859/1402/199
f 2859/1402/199 2861/1416/199 2825/1442/199
f 2827/1444/199 2825/1442/199 2861/1416/199
f 2861/1416/199 2868/1417/199 2827/1444/199
f 2829/1446/199 2827/1444/199 2868/1417/199
f 2868/1417/199 2870/1428/199 2829/1446/199
f 2836/1429/199 2871/1428/199 2855/1446/199
f 2855/1446/199 2857/1447/199 2836/1429/199
f 2831/1447/199 2829/1446/199 2870/1428/199
f 2870/1428/199 2835/1429/199 2831/1447/199
f 2836/1429/199 2857/1447/199 2831/1447/199
f 2831/1447/199 2835/1429/199 2836/1429/199

g Window19
v 8.246586 7.969562 -33.78957
v 8.246586 5.926438 -33.78957
v 9.909656 5.926438 -33.78957
v 9.909656 7.969562 -33.78957
v 10.15132 7.967535 -33.79568
v 10.15132 5.92236 -33.79568
v 11.80888 5.92236 -33.79568
v 11.80888 7.967535 -33.79568
v 8.228985 7.968548 -33.6775
v 9.904141 7.968548 -33.6775
v 9.904141 5.919637 -33.6775
v 8.228985 5.919637 -33.6775
v 10.14581 7.968548 -33.6775
v 11.8224 7.968548 -33.6775
v 11.8224 5.919637 -33.6775
v 10.14581 5.919637 -33.6775
v 9.904141 8.157124 -33.6775
v 8.228985 8.157124 -33.6775
v 8.228985 10.26316 -33.6775
v 9.904141 10.26316 -33.6775
v 11.8224 8.157124 -33.6775
v 10.14581 8.157124 -33.6775
v 10.14581 10.26316 -33.6775
v 11.8224 10.26316 -33.6775
v 10.15132 8.156067 -33.79568
v 11.80888 8.156067 -33.79568
v 11.80888 10.26417 -33.79568
v 10.15132 10.26417 -33.79568
v 8.246586 8.158094 -33.78957
v 9.909656 8.158094 -33.78957
v 9.909656 10.26214 -33.78957
v 8.246586 10.26214 -33.78957
v 9.904141 10.45166 -33.6775
v 8.228985 10.45166 -33.6775
v 8.228985 12.5006 -33.6775
v 9.904141 12.5006 -33.6775
v 11.8224 10.45166 -33.6775
v 10.14581 10.45166 -33.6775
v 10.14581 12.5006 -33.6775
v 11.8224 12.5006 -33.6775
v 10.15132 10.4527 -33.79568
v 11.80888 10.4527 -33.79568
v 11.80888 12.49788 -33.79568
v 10.15132 12.49788 -33.79568
v 8.246586 10.45068 -33.78957
v 9.909656 10.45068 -33.78957
v 9.909656 12.4938 -33.78957
v 8.246586 12.4938 -33.78957
v 7.919325 5.609977 -33.94769
v 7.919325 5.609977 -33.6775
v 10.03212 5.609977 -33.6775
v 10.03212 5.609977 -33.94769
v 12.13206 7.968548 -33.94769
v 12.13206 5.609977 -33.94769
v 12.13206 5.609977 -33.6775
v 12.13206 7.968548 -33.6775
v 12.13206 8.157081 -33.6775
v 12.13206 8.157081 -33.94769
v 12.13206 10.26316 -33.6775
v 12.13206 10.26316 -33.94769
v 12.13206 10.45169 -33.6775
v 12.13206 10.45169 -33.94769
v 12.13206 12.81026 -33.6775
v 12.13206 12.81026 -33.94769
v 10.15132 7.967535 -33.94769
v 10.15132 5.92236 -33.94769
v 10.15132 8.156067 -33.94769
v 11.80888 12.49788 -33.94769
v 10.15132 12.49788 -33.94769
v 7.919325 7.968548 -33.94769
v 8.246586 5.926438 -33.94769
v 8.246586 7.969562 -33.94769
v 8.246586 8.158094 -33.94769
v 7.919325 8.157081 -33.94769
v 8.246586 10.26214 -33.94769
v 7.919325 10.26316 -33.94769
v 8.246586 10.45068 -33.94769
v 7.919325 10.45169 -33.94769
v 8.246586 12.4938 -33.94769
v 7.919325 12.81026 -33.94769
v 9.909656 5.926438 -33.94769
v 10.03212 7.968542 -33.94769
v 9.909656 7.969562 -33.94769
v 10.03212 8.157087 -33.94769
v 9.909656 8.158094 -33.94769
v 10.03212 10.26315 -33.94769
v 9.909656 10.26214 -33.94769
v 10.03212 10.45169 -33.94769
v 9.909656 10.45068 -33.94769
v 10.03212 12.81026 -33.94769
v 9.909656 12.4938 -33.94769
v 11.80888 7.967535 -33.94769
v 11.80888 5.92236 -33.94769
v 11.80888 8.156067 -33.94769
v 7.919325 12.81026 -33.6775
v 10.03212 12.81026 -33.6775
v 7.919325 7.968548 -33.6775
v 7.919325 8.157081 -33.6775
v 7.919325 10.26316 -33.6775
v 7.919325 10.45169 -33.6775
v 11.80888 10.26417 -33.94769
v 10.15132 10.26417 -33.94769
v 11.80888 10.4527 -33.94769
v 10.15132 10.4527 -33.94769
v 8.246586 7.969562 -33.94599
v 9.909656 7.969562 -33.94599
v 9.909656 8.158094 -33.94599
v 8.246586 8.158094 -33.94599
v 10.15132 7.967535 -33.94637
v 11.80888 7.967535 -33.94637
v 11.80888 8.156067 -33.94637
v 10.15132 8.156067 -33.94637
v 10.03212 8.157081 -33.6775
v 10.03212 7.968548 -33.6775
v 10.03212 10.45169 -33.6775
v 10.03212 10.26316 -33.6775
v 11.80888 10.4527 -33.9551
v 10.15132 10.4527 -33.9551
v 10.15132 10.26417 -33.9551
v 11.80888 10.26417 -33.9551
v 9.909656 10.45068 -33.94027
v 8.246586 10.45068 -33.94027
v 8.246586 10.26214 -33.94027
v 9.909656 10.26214 -33.94027

vt 0.3344201 0.5185274
vt 0.03705478 0.5185274
vt 0.03705478 0.9814726
vt 0.3344201 0.9814726
vt 0.3321317 0
vt 0.03060679 0
vt 0.7273681 0.5702567
vt 0.7273681 0.9297433
vt 0.9495887 0.9297433
vt 0.9495887 0.5702567
vt 0.2726319 1
vt 0.05041134 1
vt 0.6059651 0.9297433
vt 0.6059651 0.5702567
vt 0.3940348 0.5702567
vt 0.3940348 0.9297433
vt 0.3940348 1
vt 0.6059651 1
vt 0.3531894 0
vt 0.6468106 0
vt 0.3552188 0.5185274
vt 0.3552188 0.9814726
vt 0.6447812 0.9814726
vt 0.6447812 0.5185274
vt 0.2726319 0.9297433
vt 0.2726319 0.5702567
vt 0.05041134 0.5702567
vt 0.05041134 0.9297433
vt 0.7273681 1
vt 0.9495885 1
vt 0.6678681 0
vt 0.9693931 0
vt 0.6655799 0.5185274
vt 0.6655799 0.9814726
vt 0.9629452 0.9814726
vt 0.9629452 0.5185274
vt 1 0.5
vt 0 0.5
vt 0 1
vt 1 1
vt 0.3230432 0
vt 0 0
vt 0.3230432 1
vt 0.3436235 1
vt 0.3436235 0
vt 0.6563765 1
vt 0.6563765 0
vt 0.6769568 1
vt 0.6769568 0
vt 1 0
vt 0.3230432 0.5
vt 0.3436235 0.5
vt 0.6563765 0.5
vt 0.6769568 0.5
vt 0.3456849 0.5185274
vt 0.3456849 0.9814726
vt 0.6543151 0.9814726
vt 0.6543151 0.5185274
vt 0.3333333 1
vt 0.6666667 1

vn 1.192093E-06 0 -10
vn -1.192093E-06 0 10
vn 0 -10 0
vn 10 0 1.192093E-06
vn -10 0 -1.192093E-06
vn 0 10 0

usemtl Glass.1
f 2895/1461/205 2894/1460/205 2893/1459/205 2892/1458/205
f 2899/1462/205 2898/1463/205 2897/1463/205 2896/1462/205
f 2903/1467/206 2902/1466/206 2901/1465/206 2900/1464/206
f 2907/1469/206 2906/1469/206 2905/1468/206 2904/1468/206
f 2911/1473/206 2910/1472/206 2909/1471/206 2908/1470/206
f 2915/1475/206 2914/1475/206 2913/1474/206 2912/1474/206
f 2919/1477/205 2918/1477/205 2917/1476/205 2916/1476/205
f 2923/1481/205 2922/1480/205 2921/1479/205 2920/1478/205
f 2927/1485/206 2926/1484/206 2925/1483/206 2924/1482/206
f 2931/1487/206 2930/1487/206 2929/1486/206 2928/1486/206
f 2935/1489/205 2934/1489/205 2933/1488/205 2932/1488/205
f 2939/1493/205 2938/1492/205 2937/1491/205 2936/1490/205

usemtl white
f 2916/1502/208 2896/1462/208 2956/1462/208
f 2958/1502/208 2916/1502/208 2956/1462/208
f 2985/1502/208 2983/1462/208 2899/1462/208
f 2917/1502/208 2985/1502/208 2899/1462/208
f 3000/1462/208 2896/1462/208 2916/1502/208
f 3003/1502/208 3000/1462/208 2916/1502/208
f 3002/1502/208 2917/1502/208 2899/1462/208
f 3001/1462/208 3002/1502/208 2899/1462/208
f 2988/1511/208 2900/1464/208 2901/1465/208
f 3005/1505/208 2988/1511/208 2901/1465/208
f 3005/1500/208 2904/1468/208 2905/1468/208
f 2947/1500/208 3005/1500/208 2905/1468/208
f 2990/1509/208 2910/1472/208 2911/1473/208
f 3007/1501/208 2990/1509/208 2911/1473/208
f 3004/1503/206 2908/1470/206 2909/1471/206
f 2989/1510/206 3004/1503/206 2909/1471/206
f 3004/1501/206 2948/1501/206 2913/1474/206
f 2948/1501/206 2912/1474/206 2913/1474/206
f 3007/1503/208 2914/1475/208 2915/1475/208
f 2950/1503/208 3007/1503/208 2915/1475/208
f 3006/1500/206 2924/1482/206 2925/1483/206
f 2991/1508/206 3006/1500/206 2925/1483/206
f 2952/1505/206 2928/1486/206 2929/1486/206
f 3006/1505/206 2952/1505/206 2929/1486/206
f 2942/1496/207 2941/1495/207 2940/1494/207
f 2940/1494/207 2943/1497/207 2942/1496/207
f 2946/1496/208 2945/1499/208 2944/1498/208
f 2944/1498/208 2947/1500/208 2946/1496/208
f 2948/1501/208 2947/1500/208 2944/1498/208
f 2944/1498/208 2949/1502/208 2948/1501/208
f 2950/1503/208 2948/1501/208 2949/1502/208
f 2949/1502/208 2951/1504/208 2950/1503/208
f 2952/1505/208 2950/1503/208 2951/1504/208
f 2951/1504/208 2953/1506/208 2952/1505/208
f 2954/1497/208 2952/1505/208 2953/1506/208
f 2953/1506/208 2955/1507/208 2954/1497/208
f 2897/1463/208 2957/1463/208 2956/1462/208
f 2956/1462/208 2896/1462/208 2897/1463/208
f 2935/1489/207 2960/1489/207 2959/1489/207
f 2959/1489/207 2934/1489/207 2935/1489/207
f 2962/1459/205 2940/1495/205 2961/1508/205
f 2961/1508/205 2963/1458/205 2962/1459/205
f 2964/1478/205 2963/1458/205 2961/1508/205
f 2961/1508/205 2965/1509/205 2964/1478/205
f 2966/1481/205 2964/1478/205 2965/1509/205
f 2965/1509/205 2967/1510/205 2966/1481/205
f 2968/1490/205 2966/1481/205 2967/1510/205
f 2967/1510/205 2969/1511/205 2968/1490/205
f 2970/1493/205 2968/1490/205 2969/1511/205
f 2969/1511/205 2971/1494/205 2970/1493/205
f 2972/1460/205 2943/1496/205 2940/1495/205
f 2940/1495/205 2962/1459/205 2972/1460/205
f 2973/1500/205 2943/1496/205 2972/1460/205
f 2972/1460/205 2974/1461/205 2973/1500/205
f 2975/1501/205 2973/1500/205 2974/1461/205
f 2974/1461/205 2976/1479/205 2975/1501/205
f 2977/1503/205 2975/1501/205 2976/1479/205
f 2976/1479/205 2978/1480/205 2977/1503/205
f 2979/1505/205 2977/1503/205 2978/1480/205
f 2978/1480/205 2980/1491/205 2979/1505/205
f 2981/1497/205 2979/1505/205 2980/1491/205
f 2980/1491/205 2982/1492/205 2981/1497/205
f 2970/1493/205 2971/1494/205 2981/1497/205
f 2981/1497/205 2982/1492/205 2970/1493/205
f 2946/1496/207 2942/1496/207 2943/1499/207
f 2943/1499/207 2945/1499/207 2946/1496/207
f 2983/1462/209 2984/1463/209 2898/1463/209
f 2898/1463/209 2899/1462/209 2983/1462/209
f 2898/1463/210 2984/1463/210 2957/1463/210
f 2957/1463/210 2897/1463/210 2898/1463/210
f 2893/1459/208 2962/1459/208 2963/1458/208
f 2963/1458/208 2892/1458/208 2893/1459/208
f 2920/1512/208 2892/1458/208 2963/1458/208
f 2963/1458/208 2964/1512/208 2920/1512/208
f 2939/1493/207 2970/1493/207 2982/1492/207
f 2982/1492/207 2938/1492/207 2939/1493/207
f 2974/1461/209 2972/1460/209 2894/1460/209
f 2894/1460/209 2895/1461/209 2974/1461/209
f 2976/1513/209 2974/1461/209 2895/1461/209
f 2895/1461/209 2921/1513/209 2976/1513/209
f 2894/1460/210 2972/1460/210 2962/1459/210
f 2962/1459/210 2893/1459/210 2894/1460/210
f 2981/1497/210 2971/1496/210 2986/1499/210
f 2986/1499/210 2987/1507/210 2981/1497/210
f 2955/1497/210 2981/1496/210 2987/1499/210
f 2987/1499/210 2954/1507/210 2955/1497/210
f 2961/1506/209 2940/1507/209 2941/1497/209
f 2941/1497/209 2988/1505/209 2961/1506/209
f 2965/1504/209 2961/1506/209 2988/1505/209
f 2988/1505/209 2989/1503/209 2965/1504/209
f 2967/1502/209 2965/1504/209 2989/1503/209
f 2989/1503/209 2990/1501/209 2967/1502/209
f 2969/1498/209 2967/1502/209 2990/1501/209
f 2990/1501/209 2991/1500/209 2969/1498/209
f 2971/1499/209 2969/1498/209 2991/1500/209
f 2991/1500/209 2986/1496/209 2971/1499/209
f 2992/1477/209 2985/1476/209 2917/1476/209
f 2917/1476/209 2918/1477/209 2992/1477/209
f 2919/1477/208 2916/1476/208 2958/1476/208
f 2958/1476/208 2993/1477/208 2919/1477/208
f 2978/1480/209 2976/1479/209 2921/1479/209
f 2921/1479/209 2922/1480/209 2978/1480/209
f 2923/1481/208 2920/1478/208 2964/1478/208
f 2964/1478/208 2966/1481/208 2923/1481/208
f 2933/1488/209 2934/1489/209 2959/1489/209
f 2959/1489/209 2994/1488/209 2933/1488/209
f 2918/1504/209 2933/1488/209 2994/1488/209
f 2994/1488/209 2992/1504/209 2918/1504/209
f 2995/1488/208 2960/1489/208 2935/1489/208
f 2935/1489/208 2932/1488/208 2995/1488/208
f 2993/1504/208 2995/1488/208 2932/1488/208
f 2932/1488/208 2919/1504/208 2993/1504/208
f 2937/1491/209 2938/1492/209 2982/1492/209
f 2982/1492/209 2980/1491/209 2937/1491/209
f 2922/1514/209 2937/1491/209 2980/1491/209
f 2980/1491/209 2978/1514/209 2922/1514/209
f 2968/1490/208 2970/1493/208 2939/1493/208
f 2939/1493/208 2936/1490/208 2968/1490/208
f 2966/1515/208 2968/1490/208 2936/1490/208
f 2936/1490/208 2923/1515/208 2966/1515/208
f 2998/1479/205 2997/1461/205 2996/1458/205
f 2996/1458/205 2999/1478/205 2998/1479/205
f 3002/1502/205 3001/1462/205 3000/1462/205
f 3000/1462/205 3003/1502/205 3002/1502/205
f 2947/1500/206 2948/1516/206 3004/1516/206
f 3004/1516/206 3005/1500/206 2947/1500/206
f 2947/1500/206 2905/1468/206 2906/1469/206
f 2906/1469/206 2946/1496/206 2947/1500/206
f 2946/1496/206 2906/1469/206 2907/1469/206
f 2907/1469/206 2942/1496/206 2946/1496/206
f 2904/1468/206 3005/1500/206 2942/1496/206
f 2942/1496/206 2907/1469/206 2904/1468/206
f 3006/1505/206 3007/1517/206 2950/1517/206
f 2950/1517/206 2952/1505/206 3006/1505/206
f 3006/1505/206 2929/1486/206 2930/1487/206
f 2930/1487/206 2987/1497/206 3006/1505/206
f 2987/1497/206 2930/1487/206 2931/1487/206
f 2931/1487/206 2954/1497/206 2987/1497/206
f 2928/1486/206 2952/1505/206 2954/1497/206
f 2954/1497/206 2931/1487/206 2928/1486/206
f 3010/1504/205 3009/1488/205 3008/1488/205
f 3008/1488/205 3011/1504/205 3010/1504/205
f 3014/1481/205 3013/1490/205 3012/1491/205
f 3012/1491/205 3015/1480/205 3014/1481/205
f 2997/1461/207 2895/1461/207 2892/1458/207
f 2892/1458/207 2996/1458/207 2997/1461/207
f 2996/1458/209 2892/1458/208 2920/1478/208
f 2920/1478/208 2999/1478/209 2996/1458/209
f 2999/1478/210 2920/1478/210 2921/1479/210
f 2921/1479/210 2998/1479/210 2999/1478/210
f 2998/1479/208 2921/1479/209 2895/1461/209
f 2895/1461/209 2997/1461/208 2998/1479/208
f 3001/1462/207 2899/1462/207 2896/1462/207
f 2896/1462/207 3000/1462/207 3001/1462/207
f 3003/1502/210 2916/1502/210 2917/1502/210
f 2917/1502/210 3002/1502/210 3003/1502/210
f 3009/1488/210 2932/1488/210 2933/1488/210
f 2933/1488/210 3008/1488/210 3009/1488/210
f 3008/1488/208 2933/1488/209 2918/1504/209
f 2918/1504/209 3011/1504/208 3008/1488/208
f 3011/1504/207 2918/1504/207 2919/1504/207
f 2919/1504/207 3010/1504/207 3011/1504/207
f 3010/1504/209 2919/1504/208 2932/1488/208
f 2932/1488/208 3009/1488/209 3010/1504/209
f 3013/1490/210 2936/1490/210 2937/1491/210
f 2937/1491/210 3012/1491/210 3013/1490/210
f 3012/1491/208 2937/1491/209 2922/1480/209
f 2922/1480/209 3015/1480/208 3012/1491/208
f 3015/1480/207 2922/1480/207 2923/1481/207
f 2923/1481/207 3014/1481/207 3015/1480/207
f 3014/1481/209 2923/1481/208 2936/1490/208
f 2936/1490/208 3013/1490/209 3014/1481/209
f 3005/1505/206 2901/1465/206 2902/1466/206
f 2902/1466/206 2942/1497/206 3005/1505/206
f 2989/1510/206 2988/1511/206 3005/1505/206
f 3005/1505/206 3004/1503/206 2989/1510/206
f 2900/1464/206 2988/1511/206 2941/1494/206
f 2941/1494/206 2903/1467/206 2900/1464/206
f 2989/1510/206 2909/1471/206 2910/1472/206
f 2910/1472/206 2990/1509/206 2989/1510/206
f 2908/1470/206 3004/1503/206 3007/1501/206
f 3007/1501/206 2911/1473/206 2908/1470/206
f 2991/1508/206 2990/1509/206 3007/1501/206
f 3007/1501/206 3006/1500/206 2991/1508/206
f 2991/1508/206 2925/1483/206 2926/1484/206
f 2926/1484/206 2986/1495/206 2991/1508/206
f 2924/1482/206 3006/1500/206 2987/1496/206
f 2987/1496/206 2927/1485/206 2924/1482/206
f 2942/1497/206 2902/1466/206 2903/1467/206
f 2903/1467/206 2941/1494/206 2942/1497/206
f 2914/1475/206 3007/1503/206 3004/1501/206
f 3004/1501/206 2913/1474/206 2914/1475/206
f 2912/1474/206 2948/1501/206 2950/1503/206
f 2950/1503/206 2915/1475/206 2912/1474/206
f 2986/1495/206 2926/1484/206 2927/1485/206
f 2927/1485/206 2987/1496/206 2986/1495/206
f 2973/1498/205 2956/1462/205 2957/1463/205
f 2957/1463/205 2943/1499/205 2973/1498/205
f 2958/1476/205 2956/1462/205 2973/1498/205
f 2973/1498/205 2975/1502/205 2958/1476/205
f 2993/1477/205 2958/1476/205 2975/1502/205
f 2975/1502/205 2977/1504/205 2993/1477/205
f 2995/1488/205 2993/1477/205 2977/1504/205
f 2977/1504/205 2979/1506/205 2995/1488/205
f 2943/1499/205 2957/1463/205 2984/1463/205
f 2984/1463/205 2945/1499/205 2943/1499/205
f 2944/1498/205 2945/1499/205 2984/1463/205
f 2984/1463/205 2983/1462/205 2944/1498/205
f 2949/1502/205 2944/1498/205 2983/1462/205
f 2983/1462/205 2985/1476/205 2949/1502/205
f 2951/1504/205 2949/1502/205 2985/1476/205
f 2985/1476/205 2992/1477/205 2951/1504/205
f 2953/1506/205 2951/1504/205 2992/1477/205
f 2992/1477/205 2994/1488/205 2953/1506/205
f 2960/1489/205 2995/1488/205 2979/1506/205
f 2979/1506/205 2981/1507/205 2960/1489/205
f 2955/1507/205 2953/1506/205 2994/1488/205
f 2994/1488/205 2959/1489/205 2955/1507/205
f 2960/1489/205 2981/1507/205 2955/1507/205
f 2955/1507/205 2959/1489/205 2960/1489/205

g Window20
v 17.00026 21.56695 -6.697827
v 17.00026 19.52383 -6.697827
v 17.00026 19.52383 -5.034757
v 17.00026 21.56695 -5.034757
v 17.00638 21.56492 -4.793093
v 17.00638 19.51975 -4.793092
v 17.00638 19.51975 -3.135537
v 17.00638 21.56492 -3.135537
v 16.88819 21.56594 -6.715428
v 16.88819 21.56594 -5.040271
v 16.88819 19.51702 -5.040271
v 16.88819 19.51702 -6.715428
v 16.88819 21.56594 -4.798607
v 16.88819 21.56594 -3.122014
v 16.88819 19.51702 -3.122014
v 16.88819 19.51702 -4.798607
v 16.88819 21.75451 -5.040271
v 16.88819 21.75451 -6.715428
v 16.88819 23.86054 -6.715428
v 16.88819 23.86054 -5.040272
v 16.88819 21.75451 -3.122014
v 16.88819 21.75451 -4.798607
v 16.88819 23.86054 -4.798607
v 16.88819 23.86054 -3.122014
v 17.00638 21.75346 -4.793093
v 17.00638 21.75346 -3.135537
v 17.00638 23.86156 -3.135538
v 17.00638 23.86156 -4.793093
v 17.00026 21.75548 -6.697827
v 17.00026 21.75548 -5.034757
v 17.00026 23.85953 -5.034758
v 17.00026 23.85953 -6.697827
v 16.88819 24.04905 -5.040272
v 16.88819 24.04905 -6.715428
v 16.88819 26.09799 -6.715429
v 16.88819 26.09799 -5.040272
v 16.88819 24.04905 -3.122014
v 16.88819 24.04905 -4.798607
v 16.88819 26.09799 -4.798608
v 16.88819 26.09799 -3.122015
v 17.00638 24.05009 -4.793093
v 17.00638 24.05009 -3.135538
v 17.00638 26.09526 -3.135538
v 17.00638 26.09526 -4.793093
v 17.00026 24.04806 -6.697827
v 17.00026 24.04806 -5.034758
v 17.00026 26.09119 -5.034758
v 17.00026 26.09119 -6.697827
v 17.15837 19.20737 -7.025088
v 16.88819 19.20737 -7.025088
v 16.88819 19.20737 -4.912292
v 17.15837 19.20737 -4.912292
v 17.15837 21.56594 -2.812354
v 17.15837 19.20737 -2.812353
v 16.88819 19.20737 -2.812353
v 16.88819 21.56594 -2.812354
v 16.88819 21.75447 -2.812354
v 17.15837 21.75447 -2.812354
v 16.88819 23.86054 -2.812354
v 17.15837 23.86054 -2.812354
v 16.88819 24.04908 -2.812354
v 17.15837 24.04908 -2.812354
v 16.88819 26.40765 -2.812354
v 17.15837 26.40765 -2.812354
v 17.15837 21.56492 -4.793093
v 17.15837 19.51975 -4.793092
v 17.15837 21.75346 -4.793093
v 17.15837 26.09526 -3.135538
v 17.15837 26.09526 -4.793093
v 17.15837 21.56594 -7.025088
v 17.15837 19.52383 -6.697827
v 17.15837 21.56695 -6.697827
v 17.15837 21.75548 -6.697827
v 17.15837 21.75447 -7.025088
v 17.15837 23.85953 -6.697827
v 17.15837 23.86054 -7.025089
v 17.15837 24.04806 -6.697827
v 17.15837 24.04908 -7.025089
v 17.15837 26.09119 -6.697827
v 17.15837 26.40765 -7.025089
v 17.15837 19.52383 -5.034757
v 17.15837 21.56593 -4.912292
v 17.15837 21.56695 -5.034757
v 17.15837 21.75447 -4.912292
v 17.15837 21.75548 -5.034757
v 17.15837 23.86054 -4.912292
v 17.15837 23.85953 -5.034757
v 17.15837 24.04908 -4.912292
v 17.15837 24.04806 -5.034758
v 17.15837 26.40765 -4.912292
v 17.15837 26.09119 -5.034758
v 17.15837 21.56492 -3.135537
v 17.15837 19.51975 -3.135537
v 17.15837 21.75346 -3.135537
v 16.88819 26.40765 -7.025089
v 16.88819 26.40765 -4.912292
v 16.88819 21.56594 -7.025088
v 16.88819 21.75447 -7.025088
v 16.88819 23.86054 -7.025089
v 16.88819 24.04908 -7.025089
v 17.15837 23.86156 -3.135538
v 17.15837 23.86156 -4.793093
v 17.15837 24.05009 -3.135538
v 17.15837 24.05009 -4.793093
v 17.15668 21.56695 -6.697827
v 17.15668 21.56695 -5.034757
v 17.15668 21.75548 -5.034757
v 17.15668 21.75548 -6.697827
v 17.15705 21.56492 -4.793093
v 17.15705 21.56492 -3.135537
v 17.15705 21.75346 -3.135537
v 17.15705 21.75346 -4.793093
v 16.88819 21.75447 -4.912292
v 16.88819 21.56594 -4.912292
v 16.88819 24.04908 -4.912292
v 16.88819 23.86054 -4.912292
v 17.16579 24.05009 -3.135538
v 17.16579 24.05009 -4.793093
v 17.16579 23.86156 -4.793093
v 17.16579 23.86156 -3.135538
v 17.15096 24.04806 -5.034758
v 17.15096 24.04806 -6.697827
v 17.15096 23.85953 -6.697827
v 17.15096 23.85953 -5.034757

vt 0.3344201 0.5185274
vt 0.03705478 0.5185274
vt 0.03705478 0.9814726
vt 0.3344201 0.9814726
vt 0.3321317 0
vt 0.03060679 0
vt 0.7273681 0.5702567
vt 0.7273681 0.9297433
vt 0.9495887 0.9297433
vt 0.9495887 0.5702567
vt 0.2726319 1
vt 0.05041134 1
vt 0.6059651 0.9297433
vt 0.6059651 0.5702567
vt 0.3940348 0.5702567
vt 0.3940348 0.9297433
vt 0.3940348 1
vt 0.6059651 1
vt 0.3531894 0
vt 0.6468106 0
vt 0.3552188 0.5185274
vt 0.3552188 0.9814726
vt 0.6447812 0.9814726
vt 0.6447812 0.5185274
vt 0.2726319 0.9297433
vt 0.2726319 0.5702567
vt 0.05041134 0.5702567
vt 0.05041134 0.9297433
vt 0.7273681 1
vt 0.9495885 1
vt 0.6678681 0
vt 0.9693931 0
vt 0.6655799 0.5185274
vt 0.6655799 0.9814726
vt 0.9629452 0.9814726
vt 0.9629452 0.5185274
vt 1 0.5
vt 0 0.5
vt 0 1
vt 1 1
vt 0.3230432 0
vt 0 0
vt 0.3230432 1
vt 0.3436235 1
vt 0.3436235 0
vt 0.6563765 1
vt 0.6563765 0
vt 0.6769568 1
vt 0.6769568 0
vt 1 0
vt 0.3230432 0.5
vt 0.3436235 0.5
vt 0.6563765 0.5
vt 0.6769568 0.5
vt 0.3456849 0.5185274
vt 0.3456849 0.9814726
vt 0.6543151 0.9814726
vt 0.6543151 0.5185274
vt 0.3333333 1
vt 0.6666667 1

vn 10 1.608123E-15 1.192093E-06
vn -10 -1.608123E-15 -1.192093E-06
vn -1.405004E-13 -10 1.192093E-06
vn -1.192093E-06 -1.192093E-06 10
vn 1.192093E-06 1.192093E-06 -10
vn 1.405004E-13 10 -1.192093E-06

usemtl Glass.1
f 3019/1521/211 3018/1520/211 3017/1519/211 3016/1518/211
f 3023/1522/211 3022/1523/211 3021/1523/211 3020/1522/211
f 3027/1527/212 3026/1526/212 3025/1525/212 3024/1524/212
f 3031/1529/212 3030/1529/212 3029/1528/212 3028/1528/212
f 3035/1533/212 3034/1532/212 3033/1531/212 3032/1530/212
f 3039/1535/212 3038/1535/212 3037/1534/212 3036/1534/212
f 3043/1537/211 3042/1537/211 3041/1536/211 3040/1536/211
f 3047/1541/211 3046/1540/211 3045/1539/211 3044/1538/211
f 3051/1545/212 3050/1544/212 3049/1543/212 3048/1542/212
f 3055/1547/212 3054/1547/212 3053/1546/212 3052/1546/212
f 3059/1549/211 3058/1549/211 3057/1548/211 3056/1548/211
f 3063/1553/211 3062/1552/211 3061/1551/211 3060/1550/211

usemtl white
f 3040/1562/214 3020/1522/214 3080/1522/214
f 3082/1562/214 3040/1562/214 3080/1522/214
f 3109/1562/214 3107/1522/214 3023/1522/214
f 3041/1562/214 3109/1562/214 3023/1522/214
f 3124/1522/214 3020/1522/214 3040/1562/214
f 3127/1562/214 3124/1522/214 3040/1562/214
f 3126/1562/214 3041/1562/214 3023/1522/214
f 3125/1522/214 3126/1562/214 3023/1522/214
f 3112/1571/214 3024/1524/214 3025/1525/214
f 3129/1565/214 3112/1571/214 3025/1525/214
f 3129/1560/214 3028/1528/214 3029/1528/214
f 3071/1560/214 3129/1560/214 3029/1528/214
f 3114/1569/214 3034/1532/214 3035/1533/214
f 3131/1561/214 3114/1569/214 3035/1533/214
f 3128/1563/212 3032/1530/212 3033/1531/212
f 3113/1570/212 3128/1563/212 3033/1531/212
f 3128/1561/212 3072/1561/212 3037/1534/212
f 3072/1561/212 3036/1534/212 3037/1534/212
f 3131/1563/214 3038/1535/214 3039/1535/214
f 3074/1563/214 3131/1563/214 3039/1535/214
f 3130/1560/212 3048/1542/212 3049/1543/212
f 3115/1568/212 3130/1560/212 3049/1543/212
f 3076/1565/212 3052/1546/212 3053/1546/212
f 3130/1565/212 3076/1565/212 3053/1546/212
f 3066/1556/213 3065/1555/213 3064/1554/213
f 3064/1554/213 3067/1557/213 3066/1556/213
f 3070/1556/214 3069/1559/214 3068/1558/214
f 3068/1558/214 3071/1560/214 3070/1556/214
f 3072/1561/214 3071/1560/214 3068/1558/214
f 3068/1558/214 3073/1562/214 3072/1561/214
f 3074/1563/214 3072/1561/214 3073/1562/214
f 3073/1562/214 3075/1564/214 3074/1563/214
f 3076/1565/214 3074/1563/214 3075/1564/214
f 3075/1564/214 3077/1566/214 3076/1565/214
f 3078/1557/214 3076/1565/214 3077/1566/214
f 3077/1566/214 3079/1567/214 3078/1557/214
f 3021/1523/214 3081/1523/214 3080/1522/214
f 3080/1522/214 3020/1522/214 3021/1523/214
f 3059/1549/213 3084/1549/213 3083/1549/213
f 3083/1549/213 3058/1549/213 3059/1549/213
f 3086/1519/211 3064/1555/211 3085/1568/211
f 3085/1568/211 3087/1518/211 3086/1519/211
f 3088/1538/211 3087/1518/211 3085/1568/211
f 3085/1568/211 3089/1569/211 3088/1538/211
f 3090/1541/211 3088/1538/211 3089/1569/211
f 3089/1569/211 3091/1570/211 3090/1541/211
f 3092/1550/211 3090/1541/211 3091/1570/211
f 3091/1570/211 3093/1571/211 3092/1550/211
f 3094/1553/211 3092/1550/211 3093/1571/211
f 3093/1571/211 3095/1554/211 3094/1553/211
f 3096/1520/211 3067/1556/211 3064/1555/211
f 3064/1555/211 3086/1519/211 3096/1520/211
f 3097/1560/211 3067/1556/211 3096/1520/211
f 3096/1520/211 3098/1521/211 3097/1560/211
f 3099/1561/211 3097/1560/211 3098/1521/211
f 3098/1521/211 3100/1539/211 3099/1561/211
f 3101/1563/211 3099/1561/211 3100/1539/211
f 3100/1539/211 3102/1540/211 3101/1563/211
f 3103/1565/211 3101/1563/211 3102/1540/211
f 3102/1540/211 3104/1551/211 3103/1565/211
f 3105/1557/211 3103/1565/211 3104/1551/211
f 3104/1551/211 3106/1552/211 3105/1557/211
f 3094/1553/211 3095/1554/211 3105/1557/211
f 3105/1557/211 3106/1552/211 3094/1553/211
f 3070/1556/213 3066/1556/213 3067/1559/213
f 3067/1559/213 3069/1559/213 3070/1556/213
f 3107/1522/215 3108/1523/215 3022/1523/215
f 3022/1523/215 3023/1522/215 3107/1522/215
f 3022/1523/216 3108/1523/216 3081/1523/216
f 3081/1523/216 3021/1523/216 3022/1523/216
f 3017/1519/214 3086/1519/214 3087/1518/214
f 3087/1518/214 3016/1518/214 3017/1519/214
f 3044/1572/214 3016/1518/214 3087/1518/214
f 3087/1518/214 3088/1572/214 3044/1572/214
f 3063/1553/213 3094/1553/213 3106/1552/213
f 3106/1552/213 3062/1552/213 3063/1553/213
f 3098/1521/215 3096/1520/215 3018/1520/215
f 3018/1520/215 3019/1521/215 3098/1521/215
f 3100/1573/215 3098/1521/215 3019/1521/215
f 3019/1521/215 3045/1573/215 3100/1573/215
f 3018/1520/216 3096/1520/216 3086/1519/216
f 3086/1519/216 3017/1519/216 3018/1520/216
f 3105/1557/216 3095/1556/216 3110/1559/216
f 3110/1559/216 3111/1567/216 3105/1557/216
f 3079/1557/216 3105/1556/216 3111/1559/216
f 3111/1559/216 3078/1567/216 3079/1557/216
f 3085/1566/215 3064/1567/215 3065/1557/215
f 3065/1557/215 3112/1565/215 3085/1566/215
f 3089/1564/215 3085/1566/215 3112/1565/215
f 3112/1565/215 3113/1563/215 3089/1564/215
f 3091/1562/215 3089/1564/215 3113/1563/215
f 3113/1563/215 3114/1561/215 3091/1562/215
f 3093/1558/215 3091/1562/215 3114/1561/215
f 3114/1561/215 3115/1560/215 3093/1558/215
f 3095/1559/215 3093/1558/215 3115/1560/215
f 3115/1560/215 3110/1556/215 3095/1559/215
f 3116/1537/215 3109/1536/215 3041/1536/215
f 3041/1536/215 3042/1537/215 3116/1537/215
f 3043/1537/214 3040/1536/214 3082/1536/214
f 3082/1536/214 3117/1537/214 3043/1537/214
f 3102/1540/215 3100/1539/215 3045/1539/215
f 3045/1539/215 3046/1540/215 3102/1540/215
f 3047/1541/214 3044/1538/214 3088/1538/214
f 3088/1538/214 3090/1541/214 3047/1541/214
f 3057/1548/215 3058/1549/215 3083/1549/215
f 3083/1549/215 3118/1548/215 3057/1548/215
f 3042/1564/215 3057/1548/215 3118/1548/215
f 3118/1548/215 3116/1564/215 3042/1564/215
f 3119/1548/214 3084/1549/214 3059/1549/214
f 3059/1549/214 3056/1548/214 3119/1548/214
f 3117/1564/214 3119/1548/214 3056/1548/214
f 3056/1548/214 3043/1564/214 3117/1564/214
f 3061/1551/215 3062/1552/215 3106/1552/215
f 3106/1552/215 3104/1551/215 3061/1551/215
f 3046/1574/215 3061/1551/215 3104/1551/215
f 3104/1551/215 3102/1574/215 3046/1574/215
f 3092/1550/214 3094/1553/214 3063/1553/214
f 3063/1553/214 3060/1550/214 3092/1550/214
f 3090/1575/214 3092/1550/214 3060/1550/214
f 3060/1550/214 3047/1575/214 3090/1575/214
f 3122/1539/211 3121/1521/211 3120/1518/211
f 3120/1518/211 3123/1538/211 3122/1539/211
f 3126/1562/211 3125/1522/211 3124/1522/211
f 3124/1522/211 3127/1562/211 3126/1562/211
f 3071/1560/212 3072/1576/212 3128/1576/212
f 3128/1576/212 3129/1560/212 3071/1560/212
f 3071/1560/212 3029/1528/212 3030/1529/212
f 3030/1529/212 3070/1556/212 3071/1560/212
f 3070/1556/212 3030/1529/212 3031/1529/212
f 3031/1529/212 3066/1556/212 3070/1556/212
f 3028/1528/212 3129/1560/212 3066/1556/212
f 3066/1556/212 3031/1529/212 3028/1528/212
f 3130/1565/212 3131/1577/212 3074/1577/212
f 3074/1577/212 3076/1565/212 3130/1565/212
f 3130/1565/212 3053/1546/212 3054/1547/212
f 3054/1547/212 3111/1557/212 3130/1565/212
f 3111/1557/212 3054/1547/212 3055/1547/212
f 3055/1547/212 3078/1557/212 3111/1557/212
f 3052/1546/212 3076/1565/212 3078/1557/212
f 3078/1557/212 3055/1547/212 3052/1546/212
f 3134/1564/211 3133/1548/211 3132/1548/211
f 3132/1548/211 3135/1564/211 3134/1564/211
f 3138/1541/211 3137/1550/211 3136/1551/211
f 3136/1551/211 3139/1540/211 3138/1541/211
f 3121/1521/213 3019/1521/213 3016/1518/213
f 3016/1518/213 3120/1518/213 3121/1521/213
f 3120/1518/215 3016/1518/214 3044/1538/214
f 3044/1538/214 3123/1538/215 3120/1518/215
f 3123/1538/216 3044/1538/216 3045/1539/216
f 3045/1539/216 3122/1539/216 3123/1538/216
f 3122/1539/214 3045/1539/215 3019/1521/215
f 3019/1521/215 3121/1521/214 3122/1539/214
f 3125/1522/213 3023/1522/213 3020/1522/213
f 3020/1522/213 3124/1522/213 3125/1522/213
f 3127/1562/216 3040/1562/216 3041/1562/216
f 3041/1562/216 3126/1562/216 3127/1562/216
f 3133/1548/216 3056/1548/216 3057/1548/216
f 3057/1548/216 3132/1548/216 3133/1548/216
f 3132/1548/214 3057/1548/215 3042/1564/215
f 3042/1564/215 3135/1564/214 3132/1548/214
f 3135/1564/213 3042/1564/213 3043/1564/213
f 3043/1564/213 3134/1564/213 3135/1564/213
f 3134/1564/215 3043/1564/214 3056/1548/214
f 3056/1548/214 3133/1548/215 3134/1564/215
f 3137/1550/216 3060/1550/216 3061/1551/216
f 3061/1551/216 3136/1551/216 3137/1550/216
f 3136/1551/214 3061/1551/215 3046/1540/215
f 3046/1540/215 3139/1540/214 3136/1551/214
f 3139/1540/213 3046/1540/213 3047/1541/213
f 3047/1541/213 3138/1541/213 3139/1540/213
f 3138/1541/215 3047/1541/214 3060/1550/214
f 3060/1550/214 3137/1550/215 3138/1541/215
f 3129/1565/212 3025/1525/212 3026/1526/212
f 3026/1526/212 3066/1557/212 3129/1565/212
f 3113/1570/212 3112/1571/212 3129/1565/212
f 3129/1565/212 3128/1563/212 3113/1570/212
f 3024/1524/212 3112/1571/212 3065/1554/212
f 3065/1554/212 3027/1527/212 3024/1524/212
f 3113/1570/212 3033/1531/212 3034/1532/212
f 3034/1532/212 3114/1569/212 3113/1570/212
f 3032/1530/212 3128/1563/212 3131/1561/212
f 3131/1561/212 3035/1533/212 3032/1530/212
f 3115/1568/212 3114/1569/212 3131/1561/212
f 3131/1561/212 3130/1560/212 3115/1568/212
f 3115/1568/212 3049/1543/212 3050/1544/212
f 3050/1544/212 3110/1555/212 3115/1568/212
f 3048/1542/212 3130/1560/212 3111/1556/212
f 3111/1556/212 3051/1545/212 3048/1542/212
f 3066/1557/212 3026/1526/212 3027/1527/212
f 3027/1527/212 3065/1554/212 3066/1557/212
f 3038/1535/212 3131/1563/212 3128/1561/212
f 3128/1561/212 3037/1534/212 3038/1535/212
f 3036/1534/212 3072/1561/212 3074/1563/212
f 3074/1563/212 3039/1535/212 3036/1534/212
f 3110/1555/212 3050/1544/212 3051/1545/212
f 3051/1545/212 3111/1556/212 3110/1555/212
f 3097/1558/211 3080/1522/211 3081/1523/211
f 3081/1523/211 3067/1559/211 3097/1558/211
f 3082/1536/211 3080/1522/211 3097/1558/211
f 3097/1558/211 3099/1562/211 3082/1536/211
f 3117/1537/211 3082/1536/211 3099/1562/211
f 3099/1562/211 3101/1564/211 3117/1537/211
f 3119/1548/211 3117/1537/211 3101/1564/211
f 3101/1564/211 3103/1566/211 3119/1548/211
f 3067/1559/211 3081/1523/211 3108/1523/211
f 3108/1523/211 3069/1559/211 3067/1559/211
f 3068/1558/211 3069/1559/211 3108/1523/211
f 3108/1523/211 3107/1522/211 3068/1558/211
f 3073/1562/211 3068/1558/211 3107/1522/211
f 3107/1522/211 3109/1536/211 3073/1562/211
f 3075/1564/211 3073/1562/211 3109/1536/211
f 3109/1536/211 3116/1537/211 3075/1564/211
f 3077/1566/211 3075/1564/211 3116/1537/211
f 3116/1537/211 3118/1548/211 3077/1566/211
f 3084/1549/211 3119/1548/211 3103/1566/211
f 3103/1566/211 3105/1567/211 3084/1549/211
f 3079/1567/211 3077/1566/211 3118/1548/211
f 3118/1548/211 3083/1549/211 3079/1567/211
f 3084/1549/211 3105/1567/211 3079/1567/211
f 3079/1567/211 3083/1549/211 3084/1549/211

g Base
v -25.39518 2.997837 -11.40541
v -25.39518 3.540004 -11.40541
v -25.39519 3.540004 23.80035
v -25.39519 2.997837 23.80035
v -12.05666 2.997837 23.80035
v -12.05666 3.540004 23.80035
v 17.75127 3.540004 23.80036
v 17.75127 2.997837 23.80036
v 17.75128 2.997837 -10.929
v 17.75128 3.540004 -10.929
v 17.75128 3.540004 -34.59512
v 17.75128 2.997837 -34.59512
v -12.53306 2.997837 -34.59512
v -12.53306 3.540004 -34.59512
v -12.05666 3.540004 -10.92901
v -24.91879 3.540004 23.32395
v -24.91879 3.540004 -10.92901
v -12.05666 3.540004 23.32395
v 17.27488 3.540004 -10.929
v 17.27488 3.540004 23.32396
v 17.27488 3.540004 -34.11872
v -12.05665 3.540004 -34.11873
v -12.05666 0.2869993 -10.92901
v -24.91879 0.2869993 -10.92901
v -24.91879 0.2869993 23.32395
v -12.05666 0.2869993 23.32395
v 17.27488 0.2869993 23.32396
v 17.27488 0.2869993 -10.929
v -12.05665 0.2869993 -34.11873
v 17.27488 0.2869993 -34.11872
v -12.53306 3.540004 -11.40541
v -12.53306 2.997837 -11.40541
v 17.27488 2.997837 -34.11872
v -12.05665 2.997837 -34.11873
v 17.27488 2.997837 -10.929
v 17.27488 2.997837 23.32396
v -12.05666 2.997837 23.32395
v -24.91879 2.997837 23.32395
v -24.91879 2.997837 -10.92901
v -12.05666 2.997837 -10.92901
v -13.7905 2.10491 -12.70321
v -13.7905 2.10491 -32.34452
v -13.7905 2.582283 -32.34452
v -13.7905 2.582283 -12.70321
v -12.05666 2.10491 -12.70321
v -12.05666 2.582283 -12.70321
v -12.05666 2.10491 -32.34452
v -12.05666 2.582283 -32.34452
v -15.01647 0.9501407 -12.70322
v -15.01647 0.9501407 -32.34452
v -15.01647 1.427514 -32.34452
v -15.01647 1.427514 -12.70322
v -13.28263 0.9501407 -12.70321
v -13.28263 1.427514 -12.70321
v -13.28263 0.9501407 -32.34452
v -13.28263 1.427514 -32.34452
v -15.7122 0.2869993 -32.34452
v -15.7122 0.2869993 -32.81133
v -15.7122 2.444542 -32.81133
v -15.7122 2.444542 -32.34452
v -12.05666 0.2869993 -32.34452
v -12.05666 2.997837 -32.34452
v -12.05666 0.2869993 -32.81133
v -12.05666 2.997837 -32.81133
v -15.7122 0.2869993 -12.23267
v -15.7122 0.2869993 -12.69948
v -15.7122 2.444542 -12.69948
v -15.7122 2.444542 -12.23267
v -12.05666 0.2869993 -12.23267
v -12.05666 2.997837 -12.23267
v -12.05666 0.2869993 -12.69948
v -12.05666 2.997837 -12.69948
v -24.0264 2.10491 -12.61486
v -16.47371 2.10491 -12.61486
v -16.47371 2.582283 -12.61486
v -24.0264 2.582283 -12.61486
v -24.0264 2.10491 -10.88102
v -24.0264 2.582283 -10.88102
v -16.47371 2.10491 -10.88102
v -16.47371 2.582283 -10.88102
v -24.0264 0.9501407 -13.84084
v -16.47371 0.9501407 -13.84084
v -16.47371 1.427514 -13.84084
v -24.0264 1.427514 -13.84084
v -24.0264 0.9501407 -12.107
v -24.0264 1.427514 -12.107
v -16.47371 0.9501407 -12.10699
v -16.47371 1.427514 -12.10699
v -16.47371 0.2869993 -14.53656
v -16.0069 0.2869993 -14.53656
v -16.0069 2.444542 -14.53656
v -16.47371 2.444542 -14.53656
v -16.47371 0.2869993 -10.88102
v -16.47371 2.997837 -10.88102
v -16.0069 0.2869993 -10.88102
v -16.0069 2.997837 -10.88102
v -24.49694 0.2869993 -14.53656
v -24.03014 0.2869993 -14.53656
v -24.03014 2.444542 -14.53656
v -24.49694 2.444542 -14.53656
v -24.49694 0.2869993 -10.88102
v -24.49694 2.997837 -10.88102
v -24.03014 0.2869993 -10.88102
v -24.03014 2.997837 -10.88102

vt 0.5 0.8333334
vt 0.5 1
vt 1 1
vt 1 0.8333334
vt 0.1666667 0.8333334
vt 0 0.8333334
vt 0 1
vt 0.1666667 1
vt 0.8333333 0.8333334
vt 0.8333333 1
vt 0.5 0.1666667
vt 1 0
vt 0.5 0
vt 1 0.1666667
vt 0 0.1666667
vt 0 0
vt 0.8333333 0
vt 0.1666667 0

vn -10 0 -1.192093E-06
vn -1.192093E-06 0 10
vn 10 0 1.192093E-06
vn 1.192093E-06 0 -10
vn 0 10 0
vn 0 -10 0
vn -1.496532 9.887386 -1.784005E-07
vn 1.784005E-07 9.887386 -1.496532

usemtl Brown
f 3156/1579/221 3141/1579/221 3142/1580/221
f 3155/1580/221 3156/1579/221 3142/1580/221
f 3159/1584/221 3146/1584/221 3149/1579/221
f 3158/1579/221 3159/1584/221 3149/1579/221
f 3142/1580/217 3141/1579/217 3140/1578/217
f 3140/1578/217 3143/1581/217 3142/1580/217
f 3142/1584/218 3143/1583/218 3144/1582/218
f 3144/1582/218 3145/1585/218 3142/1584/218
f 3146/1580/218 3145/1585/218 3144/1582/218
f 3144/1582/218 3147/1581/218 3146/1580/218
f 3146/1584/219 3147/1583/219 3148/1578/219
f 3148/1578/219 3149/1579/219 3146/1584/219
f 3150/1580/219 3149/1579/219 3148/1578/219
f 3148/1578/219 3151/1581/219 3150/1580/219
f 3150/1584/220 3151/1583/220 3152/1586/220
f 3152/1586/220 3153/1587/220 3150/1584/220
f 3154/1588/221 3156/1590/221 3155/1589/221
f 3155/1589/221 3157/1591/221 3154/1588/221
f 3158/1579/221 3154/1588/221 3157/1591/221
f 3157/1591/221 3159/1580/221 3158/1579/221
f 3154/1588/221 3158/1579/221 3160/1584/221
f 3160/1584/221 3161/1592/221 3154/1588/221
f 3164/1580/222 3163/1579/222 3162/1578/222
f 3162/1578/222 3165/1581/222 3164/1580/222
f 3166/1589/222 3165/1581/222 3162/1578/222
f 3162/1578/222 3167/1590/222 3166/1589/222
f 3167/1590/222 3162/1578/222 3168/1583/222
f 3168/1583/222 3169/1593/222 3167/1590/222
f 3170/1580/217 3153/1584/217 3152/1583/217
f 3152/1583/217 3171/1581/217 3170/1580/217
f 3141/1580/220 3170/1584/220 3171/1583/220
f 3171/1583/220 3140/1581/220 3141/1580/220
f 3168/1594/220 3173/1586/220 3172/1583/220
f 3172/1583/220 3169/1593/220 3168/1594/220
f 3169/1589/219 3172/1581/219 3174/1578/219
f 3174/1578/219 3167/1590/219 3169/1589/219
f 3167/1590/219 3174/1578/219 3175/1583/219
f 3175/1583/219 3166/1593/219 3167/1590/219
f 3166/1589/218 3175/1581/218 3176/1582/218
f 3176/1582/218 3165/1595/218 3166/1589/218
f 3165/1595/218 3176/1582/218 3177/1583/218
f 3177/1583/218 3164/1593/218 3165/1595/218
f 3164/1589/217 3177/1581/217 3178/1578/217
f 3178/1578/217 3163/1590/217 3164/1589/217
f 3163/1589/220 3178/1581/220 3179/1583/220
f 3179/1583/220 3162/1593/220 3163/1589/220
f 3162/1589/217 3179/1581/217 3173/1583/217
f 3173/1583/217 3168/1593/217 3162/1589/217
f 3177/1581/222 3143/1581/222 3140/1578/222
f 3140/1578/222 3178/1578/222 3177/1581/222
f 3155/1584/221 3142/1584/221 3145/1585/221
f 3145/1585/221 3157/1585/221 3155/1584/221
f 3157/1585/221 3145/1585/221 3146/1580/221
f 3146/1580/221 3159/1580/221 3157/1585/221
f 3143/1583/222 3177/1583/222 3176/1582/222
f 3176/1582/222 3144/1582/222 3143/1583/222
f 3144/1582/222 3176/1582/222 3175/1581/222
f 3175/1581/222 3147/1581/222 3144/1582/222
f 3158/1579/221 3149/1579/221 3150/1580/221
f 3150/1580/221 3160/1580/221 3158/1579/221
f 3147/1583/222 3175/1583/222 3174/1578/222
f 3174/1578/222 3148/1578/222 3147/1583/222
f 3148/1578/222 3174/1578/222 3172/1581/222
f 3172/1581/222 3151/1581/222 3148/1578/222
f 3160/1584/221 3150/1584/221 3153/1587/221
f 3153/1587/221 3161/1587/221 3160/1584/221
f 3173/1586/222 3152/1586/222 3151/1583/222
f 3151/1583/222 3172/1583/222 3173/1586/222
f 3161/1584/221 3153/1584/221 3170/1580/221
f 3170/1580/221 3154/1580/221 3161/1584/221
f 3179/1581/222 3171/1581/222 3152/1583/222
f 3152/1583/222 3173/1583/222 3179/1581/222
f 3154/1584/221 3170/1584/221 3141/1580/221
f 3141/1580/221 3156/1580/221 3154/1584/221
f 3178/1581/222 3140/1581/222 3171/1583/222
f 3171/1583/222 3179/1583/222 3178/1581/222
f 3182/1584/217 3181/1593/217 3180/1589/217
f 3180/1589/217 3183/1580/217 3182/1584/217
f 3183/1584/218 3180/1593/218 3184/1589/218
f 3184/1589/218 3185/1580/218 3183/1584/218
f 3185/1584/219 3184/1593/219 3186/1589/219
f 3186/1589/219 3187/1580/219 3185/1584/219
f 3187/1584/220 3186/1593/220 3181/1589/220
f 3181/1589/220 3182/1580/220 3187/1584/220
f 3187/1584/221 3182/1593/221 3183/1589/221
f 3183/1589/221 3185/1580/221 3187/1584/221
f 3181/1584/222 3186/1593/222 3184/1589/222
f 3184/1589/222 3180/1580/222 3181/1584/222
f 3190/1584/217 3189/1593/217 3188/1589/217
f 3188/1589/217 3191/1580/217 3190/1584/217
f 3191/1584/218 3188/1593/218 3192/1589/218
f 3192/1589/218 3193/1580/218 3191/1584/218
f 3193/1584/219 3192/1593/219 3194/1589/219
f 3194/1589/219 3195/1580/219 3193/1584/219
f 3195/1584/220 3194/1593/220 3189/1589/220
f 3189/1589/220 3190/1580/220 3195/1584/220
f 3195/1584/221 3190/1593/221 3191/1589/221
f 3191/1589/221 3193/1580/221 3195/1584/221
f 3189/1584/222 3194/1593/222 3192/1589/222
f 3192/1589/222 3188/1580/222 3189/1584/222
f 3198/1584/217 3197/1593/217 3196/1589/217
f 3196/1589/217 3199/1580/217 3198/1584/217
f 3199/1584/218 3196/1593/218 3200/1589/218
f 3200/1589/218 3201/1580/218 3199/1584/218
f 3201/1584/219 3200/1593/219 3202/1589/219
f 3202/1589/219 3203/1580/219 3201/1584/219
f 3203/1584/220 3202/1593/220 3197/1589/220
f 3197/1589/220 3198/1580/220 3203/1584/220
f 3203/1584/223 3198/1593/223 3199/1589/223
f 3199/1589/223 3201/1580/223 3203/1584/223
f 3197/1584/222 3202/1593/222 3200/1589/222
f 3200/1589/222 3196/1580/222 3197/1584/222
f 3206/1584/217 3205/1593/217 3204/1589/217
f 3204/1589/217 3207/1580/217 3206/1584/217
f 3207/1584/218 3204/1593/218 3208/1589/218
f 3208/1589/218 3209/1580/218 3207/1584/218
f 3209/1584/219 3208/1593/219 3210/1589/219
f 3210/1589/219 3211/1580/219 3209/1584/219
f 3211/1584/220 3210/1593/220 3205/1589/220
f 3205/1589/220 3206/1580/220 3211/1584/220
f 3211/1584/223 3206/1593/223 3207/1589/223
f 3207/1589/223 3209/1580/223 3211/1584/223
f 3205/1584/222 3210/1593/222 3208/1589/222
f 3208/1589/222 3204/1580/222 3205/1584/222
f 3214/1584/220 3213/1593/220 3212/1589/220
f 3212/1589/220 3215/1580/220 3214/1584/220
f 3215/1584/217 3212/1593/217 3216/1589/217
f 3216/1589/217 3217/1580/217 3215/1584/217
f 3217/1584/218 3216/1593/218 3218/1589/218
f 3218/1589/218 3219/1580/218 3217/1584/218
f 3219/1584/219 3218/1593/219 3213/1589/219
f 3213/1589/219 3214/1580/219 3219/1584/219
f 3219/1584/221 3214/1593/221 3215/1589/221
f 3215/1589/221 3217/1580/221 3219/1584/221
f 3213/1584/222 3218/1593/222 3216/1589/222
f 3216/1589/222 3212/1580/222 3213/1584/222
f 3222/1584/220 3221/1593/220 3220/1589/220
f 3220/1589/220 3223/1580/220 3222/1584/220
f 3223/1584/217 3220/1593/217 3224/1589/217
f 3224/1589/217 3225/1580/217 3223/1584/217
f 3225/1584/218 3224/1593/218 3226/1589/218
f 3226/1589/218 3227/1580/218 3225/1584/218
f 3227/1584/219 3226/1593/219 3221/1589/219
f 3221/1589/219 3222/1580/219 3227/1584/219
f 3227/1584/221 3222/1593/221 3223/1589/221
f 3223/1589/221 3225/1580/221 3227/1584/221
f 3221/1584/222 3226/1593/222 3224/1589/222
f 3224/1589/222 3220/1580/222 3221/1584/222
f 3230/1584/220 3229/1593/220 3228/1589/220
f 3228/1589/220 3231/1580/220 3230/1584/220
f 3231/1584/217 3228/1593/217 3232/1589/217
f 3232/1589/217 3233/1580/217 3231/1584/217
f 3233/1584/218 3232/1593/218 3234/1589/218
f 3234/1589/218 3235/1580/218 3233/1584/218
f 3235/1584/219 3234/1593/219 3229/1589/219
f 3229/1589/219 3230/1580/219 3235/1584/219
f 3235/1584/224 3230/1593/224 3231/1589/224
f 3231/1589/224 3233/1580/224 3235/1584/224
f 3229/1584/222 3234/1593/222 3232/1589/222
f 3232/1589/222 3228/1580/222 3229/1584/222
f 3238/1584/220 3237/1593/220 3236/1589/220
f 3236/1589/220 3239/1580/220 3238/1584/220
f 3239/1584/217 3236/1593/217 3240/1589/217
f 3240/1589/217 3241/1580/217 3239/1584/217
f 3241/1584/218 3240/1593/218 3242/1589/218
f 3242/1589/218 3243/1580/218 3241/1584/218
f 3243/1584/219 3242/1593/219 3237/1589/219
f 3237/1589/219 3238/1580/219 3243/1584/219
f 3243/1584/224 3238/1593/224 3239/1589/224
f 3239/1589/224 3241/1580/224 3243/1584/224
f 3237/1584/222 3242/1593/222 3240/1589/222
f 3240/1589/222 3236/1580/222 3237/1584/222

g Door1
v -14.72565 3.543274 -2.832368
v -15.3287 3.543274 -2.832368
v -15.3287 6.24562 -2.832368
v -14.72565 6.24562 -2.832368
v -15.3287 8.212162 -2.832368
v -14.72565 8.212162 -2.832368
v -14.72565 6.24562 -7.860396
v -15.3287 3.543274 -7.860396
v -14.72565 3.543274 -7.860396
v -15.3287 6.24562 -7.860396
v -14.72565 8.212162 -7.860396
v -15.5669 6.24562 -7.860396
v -15.5669 3.543274 -7.860396
v -15.5669 8.212162 -7.860396
v -15.3287 8.212162 -7.860396
v -14.72565 10.3044 -7.860396
v -15.5669 10.3044 -7.860396
v -15.3287 10.3044 -7.860396
v -14.72565 12.92331 -7.860396
v -15.5669 12.92331 -7.860396
v -15.3287 12.92331 -7.860396
v -15.5669 12.92331 -5.33745
v -15.3287 12.92331 -5.33745
v -15.5669 12.92331 -3.290903
v -14.72565 12.92331 -5.33745
v -14.72565 12.92331 -3.290903
v -15.3287 12.92331 -3.290903
v -15.3287 12.92331 -2.832368
v -15.5669 12.92331 -2.832368
v -14.72565 12.92331 -2.832368
v -15.5669 12.44691 -7.383997
v -15.3287 12.44691 -5.33745
v -15.3287 12.44691 -7.383997
v -15.5669 12.44691 -5.33745
v -15.3287 12.44691 -3.290903
v -15.5669 12.44691 -3.290903
v -15.5669 3.543274 -7.383997
v -15.3287 3.543274 -7.383997
v -14.72565 3.543274 -7.383997
v -15.3287 6.24562 -7.383997
v -15.5669 6.24562 -7.383997
v -15.3287 8.212162 -7.383997
v -15.5669 8.212162 -7.383997
v -15.3287 10.3044 -7.383997
v -15.5669 10.3044 -7.383997
v -15.5669 12.44691 -2.832368
v -14.72565 10.3044 -2.832368
v -15.3287 10.3044 -2.832368
v -15.3287 12.44691 -2.832368
v -14.72565 12.44691 -2.832368
v -15.5669 8.212162 -2.832368
v -15.5669 10.3044 -2.832368
v -15.5669 6.24562 -2.832368
v -15.5669 3.543274 -2.832368
v -15.5669 3.543274 -3.290903
v -15.5669 6.24562 -3.290903
v -15.5669 8.212162 -3.290903
v -15.5669 10.3044 -3.290903
v -15.3287 3.543274 -3.290903
v -15.3287 6.24562 -3.290903
v -15.3287 8.212162 -3.290903
v -15.3287 10.3044 -3.290903
v -15.0905 6.54337 -5.45655
v -15.0905 8.093061 -5.45655
v -15.3287 8.093061 -5.45655
v -15.3287 6.54337 -5.45655
v -15.0905 6.54337 -7.086246
v -15.3287 6.54337 -7.086246
v -15.0905 8.093061 -7.086246
v -15.3287 8.093061 -7.086246
v -15.0905 6.54337 -3.588653
v -15.0905 8.093061 -3.588653
v -15.3287 8.093061 -3.588653
v -15.3287 6.54337 -3.588653
v -15.19531 5.46052 -5.33745
v -15.19531 4.240891 -6.788497
v -15.19531 5.46052 -6.788497
v -15.19531 4.240891 -5.33745
v -15.19531 5.46052 -3.886403
v -15.19531 4.240891 -3.886403
v -15.0905 10.1853 -5.45655
v -15.0905 10.1853 -7.086246
v -15.3287 10.1853 -7.086246
v -15.3287 10.1853 -5.45655
v -15.0905 8.331262 -7.086246
v -15.3287 8.331262 -7.086246
v -15.0905 6.54337 -5.218349
v -15.3287 6.54337 -5.218349
v -15.0905 8.093061 -5.218349
v -15.3287 8.093061 -5.218349
v -15.0905 8.331262 -5.45655
v -15.3287 8.331262 -5.45655
v -15.0905 10.1853 -3.588653
v -15.0905 10.1853 -5.218349
v -15.3287 10.1853 -5.218349
v -15.3287 10.1853 -3.588653
v -15.0905 8.331262 -5.218349
v -15.3287 8.331262 -5.218349
v -15.0905 8.331262 -3.588653
v -15.3287 8.331262 -3.588653
v -15.3287 12.14916 -7.086246
v -15.3287 10.4235 -7.086246
v -15.3287 5.46052 -6.788497
v -15.3287 4.240891 -6.788497
v -15.3287 12.14916 -5.45655
v -15.3287 10.4235 -5.45655
v -15.3287 10.3044 -5.33745
v -15.3287 12.14916 -5.218349
v -15.3287 10.4235 -5.218349
v -15.3287 8.212162 -5.33745
v -15.3287 6.24562 -5.33745
v -15.3287 3.543274 -5.33745
v -15.3287 4.240891 -5.33745
v -15.3287 4.240891 -3.886403
v -15.3287 5.46052 -5.33745
v -15.3287 5.46052 -3.886403
v -15.3287 12.14916 -3.588653
v -15.3287 10.4235 -3.588653
v -14.72565 12.44691 -7.383997
v -14.72565 12.44691 -5.33745
v -14.72565 12.44691 -3.290903
v -14.72565 6.24562 -7.383997
v -14.72565 3.543274 -5.33745
v -14.72565 8.212162 -7.383997
v -14.72565 6.24562 -5.33745
v -14.72565 3.543274 -3.290903
v -14.72565 6.24562 -3.290903
v -14.72565 8.212162 -3.290903
v -14.72565 8.212162 -5.33745
v -14.72565 10.3044 -3.290903
v -14.72565 10.3044 -5.33745
v -14.72565 10.3044 -7.383997
v -15.0905 12.14916 -7.086246
v -15.0905 10.4235 -7.086246
v -15.0905 12.14916 -5.45655
v -15.0905 10.4235 -5.45655
v -15.0905 12.14916 -5.218349
v -15.0905 10.4235 -5.218349
v -15.0905 10.4235 -3.588653
v -15.0905 12.14916 -3.588653

vt 0 0
vt 0 1
vt 1 1
vt 1 0
vt -1.462044E-36 -0.8727882
vt 0.5 1
vt 0.5 0
vt 7.263345 -109.0231
vt 1.236656 -19.28699
vt 15.76334 -235.5865
vt 8.5 -127.4367
vt 2.473312 -37.70055
vt 14.52669 -217.1729
vt 9.736656 -145.8503
vt 17 -254
vt 50000 -0.8725297
vt 100000 -0.8722713

vn -1.192093E-06 0 10
vn 1.192093E-06 0 -10
vn -1.192093E-06 10 -1.421085E-13
vn 1.192093E-06 -10 1.421085E-13
vn -10 -1.192093E-06 -1.192093E-06
vn 10 1.192093E-06 1.192093E-06

usemtl white
f 3247/1599/225 3246/1598/225 3245/1597/225 3244/1596/225
f 3249/1599/225 3248/1598/225 3246/1597/225 3247/1596/225
f 3253/1600/226 3250/1600/226 3252/1600/226 3251/1600/226
f 3258/1600/226 3254/1600/226 3250/1600/226 3253/1600/226
f 3256/1600/226 3255/1600/226 3253/1600/226 3251/1600/226
f 3258/1600/226 3253/1600/226 3255/1600/226 3257/1600/226
f 3261/1600/226 3259/1600/226 3254/1600/226 3258/1600/226
f 3261/1600/226 3258/1600/226 3257/1600/226 3260/1600/226
f 3264/1600/226 3262/1600/226 3259/1600/226 3261/1600/226
f 3264/1600/226 3261/1600/226 3260/1600/226 3263/1600/226
f 3266/1601/227 3264/1598/227 3263/1598/227 3265/1601/227
f 3270/1597/227 3266/1601/227 3265/1601/227 3267/1597/227
f 3262/1599/227 3264/1598/227 3266/1601/227 3268/1602/227
f 3270/1597/227 3269/1596/227 3268/1602/227 3266/1601/227
f 3270/1598/227 3267/1597/227 3272/1597/227 3271/1598/227
f 3269/1598/227 3270/1597/227 3271/1597/227 3273/1598/227
f 3277/1601/228 3274/1598/228 3276/1598/228 3275/1601/228
f 3279/1597/228 3277/1601/228 3275/1601/228 3278/1597/228
f 3251/1600/228 3281/1600/228 3280/1600/228 3256/1600/228
f 3282/1600/228 3281/1600/228 3251/1600/228 3252/1600/228
f 3284/1600/225 3280/1600/225 3281/1600/225 3283/1600/225
f 3286/1600/225 3284/1600/225 3283/1600/225 3285/1600/225
f 3288/1600/225 3286/1600/225 3285/1600/225 3287/1600/225
f 3274/1600/225 3288/1600/225 3287/1600/225 3276/1600/225
f 3265/1601/229 3263/1598/229 3274/1598/229 3277/1601/229
f 3267/1597/229 3265/1601/229 3277/1601/229 3279/1597/229
f 3289/1596/229 3272/1597/229 3267/1597/229 3279/1596/229
f 3255/1600/229 3256/1600/229 3280/1600/229 3284/1600/229
f 3257/1600/229 3255/1600/229 3284/1600/229 3286/1600/229
f 3260/1600/229 3257/1600/229 3286/1600/229 3288/1600/229
f 3263/1600/229 3260/1600/229 3288/1600/229 3274/1600/229
f 3293/1599/225 3292/1598/225 3291/1597/225 3290/1596/225
f 3248/1597/225 3249/1596/225 3290/1599/225 3291/1598/225
f 3295/1598/225 3294/1597/225 3248/1597/225 3291/1598/225
f 3293/1599/225 3273/1598/225 3271/1597/225 3292/1596/225
f 3292/1599/225 3271/1598/225 3272/1597/225 3289/1596/225
f 3299/1598/229 3298/1597/229 3297/1597/229 3296/1598/229
f 3300/1598/229 3299/1597/229 3296/1597/229 3294/1598/229
f 3279/1598/229 3301/1597/229 3295/1597/229 3289/1598/229
f 3301/1598/229 3300/1597/229 3294/1597/229 3295/1598/229
f 3303/1598/226 3302/1597/226 3298/1597/226 3299/1598/226
f 3245/1597/225 3246/1598/225 3296/1598/225 3297/1597/225
f 3304/1598/226 3303/1597/226 3299/1597/226 3300/1598/226
f 3246/1597/225 3248/1598/225 3294/1598/225 3296/1597/225
f 3278/1598/226 3305/1597/226 3301/1597/226 3279/1598/226
f 3291/1597/225 3292/1598/225 3289/1598/225 3295/1597/225
f 3305/1598/226 3304/1597/226 3300/1597/226 3301/1598/226

usemtl Brown
f 3275/1606/229 3348/1603/229 3349/1603/229
f 3350/1606/229 3352/1609/229 3351/1609/229
f 3350/1606/229 3327/1603/229 3335/1603/229
f 3353/1606/229 3341/1609/229 3338/1609/229
f 3353/1606/229 3308/1603/229 3309/1603/229
f 3354/1606/229 3331/1609/229 3333/1609/229
f 3350/1606/229 3349/1603/229 3345/1604/229
f 3350/1606/229 3338/1609/229 3339/1605/229
f 3354/1606/229 3358/1606/229 3359/1608/229
f 3305/1610/229 3361/1605/229 3352/1609/229
f 3287/1600/229 3326/1604/229 3327/1603/229
f 3304/1610/229 3343/1605/229 3341/1609/229
f 3285/1600/229 3313/1604/229 3308/1603/229
f 3353/1606/229 3335/1603/229 3329/1604/229
f 3353/1606/229 3333/1609/229 3316/1605/229
f 3303/1610/229 3317/1605/229 3331/1609/229
f 3354/1606/229 3309/1603/229 3311/1604/229
f 3283/1600/229 3354/1606/229 3311/1604/229
f 3278/1599/229 3292/1599/229 3289/1596/229
f 3279/1596/228 3278/1599/228 3289/1596/228
f 3278/1598/227 3279/1598/227 3289/1598/227
f 3292/1598/229 3278/1598/229 3289/1598/229
f 3308/1603/226 3307/1603/226 3306/1603/226
f 3306/1603/226 3309/1603/226 3308/1603/226
f 3309/1603/227 3306/1603/227 3310/1604/227
f 3310/1604/227 3311/1604/227 3309/1603/227
f 3311/1604/225 3310/1604/225 3312/1604/225
f 3312/1604/225 3313/1604/225 3311/1604/225
f 3316/1605/226 3315/1605/226 3314/1605/226
f 3314/1605/226 3317/1605/226 3316/1605/226
f 3313/1604/228 3312/1604/228 3307/1603/228
f 3307/1603/228 3308/1603/228 3313/1604/228
f 3318/1606/229 3320/1607/229 3319/1607/229
f 3319/1607/229 3321/1606/229 3318/1606/229
f 3322/1608/229 3318/1606/229 3321/1606/229
f 3321/1606/229 3323/1608/229 3322/1608/229
f 3326/1604/228 3325/1604/228 3324/1603/228
f 3324/1603/228 3327/1603/228 3326/1604/228
f 3329/1604/225 3328/1604/225 3325/1604/225
f 3325/1604/225 3326/1604/225 3329/1604/225
f 3317/1605/227 3314/1605/227 3330/1609/227
f 3330/1609/227 3331/1609/227 3317/1605/227
f 3331/1609/225 3330/1609/225 3332/1609/225
f 3332/1609/225 3333/1609/225 3331/1609/225
f 3335/1603/227 3334/1603/227 3328/1604/227
f 3328/1604/227 3329/1604/227 3335/1603/227
f 3327/1603/226 3324/1603/226 3334/1603/226
f 3334/1603/226 3335/1603/226 3327/1603/226
f 3338/1609/228 3337/1609/228 3336/1605/228
f 3336/1605/228 3339/1605/228 3338/1609/228
f 3341/1609/225 3340/1609/225 3337/1609/225
f 3337/1609/225 3338/1609/225 3341/1609/225
f 3333/1609/228 3332/1609/228 3315/1605/228
f 3315/1605/228 3316/1605/228 3333/1609/228
f 3343/1605/227 3342/1605/227 3340/1609/227
f 3340/1609/227 3341/1609/227 3343/1605/227
f 3287/1600/229 3345/1604/229 3344/1604/229
f 3344/1604/229 3276/1600/229 3287/1600/229
f 3326/1604/229 3287/1600/229 3285/1600/229
f 3285/1600/229 3329/1604/229 3326/1604/229
f 3313/1604/229 3285/1600/229 3283/1600/229
f 3283/1600/229 3311/1604/229 3313/1604/229
f 3346/1607/229 3283/1600/229 3281/1600/229
f 3281/1600/229 3347/1607/229 3346/1607/229
f 3276/1600/229 3344/1604/229 3348/1603/229
f 3348/1603/229 3275/1606/229 3276/1600/229
f 3351/1609/229 3275/1606/229 3349/1603/229
f 3349/1603/229 3350/1606/229 3351/1609/229
f 3338/1609/229 3350/1606/229 3335/1603/229
f 3335/1603/229 3353/1606/229 3338/1609/229
f 3333/1609/229 3353/1606/229 3309/1603/229
f 3309/1603/229 3354/1606/229 3333/1609/229
f 3327/1603/229 3350/1606/229 3345/1604/229
f 3345/1604/229 3287/1600/229 3327/1603/229
f 3352/1609/229 3350/1606/229 3339/1605/229
f 3339/1605/229 3305/1610/229 3352/1609/229
f 3339/1605/226 3336/1605/226 3342/1605/226
f 3342/1605/226 3343/1605/226 3339/1605/226
f 3347/1607/229 3281/1600/229 3355/1606/229
f 3355/1606/229 3356/1606/229 3347/1607/229
f 3302/1610/229 3357/1608/229 3356/1606/229
f 3356/1606/229 3355/1606/229 3302/1610/229
f 3283/1600/229 3346/1607/229 3358/1606/229
f 3358/1606/229 3354/1606/229 3283/1600/229
f 3331/1609/229 3354/1606/229 3359/1608/229
f 3359/1608/229 3303/1610/229 3331/1609/229
f 3275/1606/229 3351/1609/229 3360/1605/229
f 3360/1605/229 3278/1610/229 3275/1606/229
f 3278/1610/229 3360/1605/229 3361/1605/229
f 3361/1605/229 3305/1610/229 3278/1610/229
f 3305/1610/229 3339/1605/229 3343/1605/229
f 3343/1605/229 3304/1610/229 3305/1610/229
f 3304/1610/229 3316/1605/229 3317/1605/229
f 3317/1605/229 3303/1610/229 3304/1610/229
f 3303/1610/229 3359/1608/229 3357/1608/229
f 3357/1608/229 3302/1610/229 3303/1610/229
f 3362/1599/230 3262/1599/230 3268/1602/230
f 3268/1602/230 3363/1602/230 3362/1599/230
f 3363/1602/230 3268/1602/230 3269/1596/230
f 3269/1596/230 3364/1596/230 3363/1602/230
f 3316/1605/229 3304/1610/229 3341/1609/229
f 3341/1609/229 3353/1606/229 3316/1605/229
f 3329/1604/229 3285/1600/229 3308/1603/229
f 3308/1603/229 3353/1606/229 3329/1604/229
f 3319/1607/227 3347/1607/227 3356/1606/227
f 3356/1606/227 3321/1606/227 3319/1607/227
f 3321/1606/227 3356/1606/227 3357/1608/227
f 3357/1608/227 3323/1608/227 3321/1606/227
f 3347/1607/225 3319/1607/225 3320/1607/225
f 3320/1607/225 3346/1607/225 3347/1607/225
f 3282/1600/230 3252/1600/230 3250/1600/230
f 3250/1600/230 3365/1600/230 3282/1600/230
f 3365/1600/230 3250/1600/230 3254/1600/230
f 3254/1600/230 3367/1600/230 3365/1600/230
f 3366/1611/230 3282/1600/230 3365/1600/230
f 3365/1600/230 3368/1611/230 3366/1611/230
f 3367/1600/230 3254/1600/230 3259/1600/230
f 3259/1600/230 3375/1600/230 3367/1600/230
f 3369/1612/230 3366/1611/230 3368/1611/230
f 3368/1611/230 3370/1612/230 3369/1612/230
f 3371/1612/230 3370/1612/230 3368/1611/230
f 3368/1611/230 3372/1611/230 3371/1612/230
f 3372/1611/230 3368/1611/230 3365/1600/230
f 3365/1600/230 3367/1600/230 3372/1611/230
f 3373/1612/230 3371/1612/230 3372/1611/230
f 3372/1611/230 3374/1611/230 3373/1612/230
f 3374/1611/230 3372/1611/230 3367/1600/230
f 3367/1600/230 3375/1600/230 3374/1611/230
f 3364/1612/230 3373/1612/230 3374/1611/230
f 3374/1611/230 3363/1611/230 3364/1612/230
f 3362/1600/230 3363/1611/230 3374/1611/230
f 3374/1611/230 3375/1600/230 3362/1600/230
f 3375/1600/230 3259/1600/230 3262/1600/230
f 3262/1600/230 3362/1600/230 3375/1600/230
f 3345/1604/225 3377/1604/225 3376/1604/225
f 3376/1604/225 3344/1604/225 3345/1604/225
f 3344/1604/228 3376/1604/228 3378/1603/228
f 3378/1603/228 3348/1603/228 3344/1604/228
f 3348/1603/226 3378/1603/226 3379/1603/226
f 3379/1603/226 3349/1603/226 3348/1603/226
f 3349/1603/227 3379/1603/227 3377/1604/227
f 3377/1604/227 3345/1604/227 3349/1603/227
f 3352/1609/225 3381/1609/225 3380/1609/225
f 3380/1609/225 3351/1609/225 3352/1609/225
f 3361/1605/227 3382/1605/227 3381/1609/227
f 3381/1609/227 3352/1609/227 3361/1605/227
f 3359/1608/226 3322/1608/226 3323/1608/226
f 3323/1608/226 3357/1608/226 3359/1608/226
f 3322/1608/228 3359/1608/228 3358/1606/228
f 3358/1606/228 3318/1606/228 3322/1608/228
f 3318/1606/228 3358/1606/228 3346/1607/228
f 3346/1607/228 3320/1607/228 3318/1606/228
f 3351/1609/228 3380/1609/228 3383/1605/228
f 3383/1605/228 3360/1605/228 3351/1609/228
f 3360/1605/226 3383/1605/226 3382/1605/226
f 3382/1605/226 3361/1605/226 3360/1605/226
f 3302/1598/228 3355/1597/228 3366/1596/228
f 3366/1596/228 3369/1599/228 3302/1598/228
f 3355/1598/228 3281/1597/228 3282/1596/228
f 3282/1596/228 3366/1599/228 3355/1598/228
f 3370/1599/230 3247/1599/230 3244/1596/230
f 3244/1596/230 3369/1596/230 3370/1599/230
f 3369/1596/228 3244/1596/228 3245/1597/228
f 3245/1597/228 3302/1597/228 3369/1596/228
f 3298/1597/228 3302/1597/228 3245/1597/228
f 3245/1597/228 3297/1597/228 3298/1597/228
f 3371/1599/230 3249/1599/230 3247/1596/230
f 3247/1596/230 3370/1596/230 3371/1599/230
f 3290/1596/230 3373/1596/230 3364/1599/230
f 3364/1599/230 3293/1599/230 3290/1596/230
f 3293/1599/230 3364/1599/230 3269/1598/230
f 3269/1598/230 3273/1598/230 3293/1599/230
f 3373/1599/230 3290/1599/230 3249/1596/230
f 3249/1596/230 3371/1596/230 3373/1599/230

usemtl Glass.1
f 3378/1603/229 3376/1604/229 3377/1604/229 3379/1603/229
f 3382/1605/229 3383/1605/229 3380/1609/229 3381/1609/229
f 3340/1609/229 3342/1605/229 3336/1605/229 3337/1609/229
f 3328/1604/229 3334/1603/229 3324/1603/229 3325/1604/229
f 3330/1609/229 3314/1605/229 3315/1605/229 3332/1609/229
f 3310/1604/229 3306/1603/229 3307/1603/229 3312/1604/229

g Door2
v -7.310026 3.543274 -24.3363
v -7.913075 3.543274 -24.3363
v -7.913075 6.24562 -24.3363
v -7.310027 6.24562 -24.3363
v -7.913075 8.212162 -24.3363
v -7.310027 8.212162 -24.3363
v -7.310026 6.24562 -29.36433
v -7.913074 3.543274 -29.36433
v -7.310026 3.543274 -29.36433
v -7.913075 6.24562 -29.36433
v -7.310026 8.212162 -29.36433
v -8.151275 6.24562 -29.36433
v -8.151275 3.543274 -29.36433
v -8.151275 8.212162 -29.36433
v -7.913075 8.212162 -29.36433
v -7.310026 10.3044 -29.36433
v -8.151276 10.3044 -29.36433
v -7.913075 10.3044 -29.36433
v -7.310027 12.92331 -29.36433
v -8.151276 12.92331 -29.36433
v -7.913075 12.92331 -29.36433
v -8.151276 12.92331 -26.84139
v -7.913076 12.92331 -26.84139
v -8.151277 12.92331 -24.79484
v -7.310027 12.92331 -26.84139
v -7.310027 12.92331 -24.79484
v -7.913076 12.92331 -24.79484
v -7.913076 12.92331 -24.3363
v -8.151277 12.92331 -24.3363
v -7.310027 12.92331 -24.3363
v -8.151276 12.44691 -28.88793
v -7.913076 12.44691 -26.84139
v -7.913075 12.44691 -28.88793
v -8.151276 12.44691 -26.84139
v -7.913076 12.44691 -24.79484
v -8.151277 12.44691 -24.79484
v -8.151275 3.543274 -28.88793
v -7.913074 3.543274 -28.88793
v -7.310026 3.543274 -28.88793
v -7.913075 6.24562 -28.88793
v -8.151275 6.24562 -28.88793
v -7.913075 8.212162 -28.88793
v -8.151276 8.212162 -28.88793
v -7.913075 10.3044 -28.88793
v -8.151276 10.3044 -28.88793
v -8.151277 12.44691 -24.3363
v -7.310027 10.3044 -24.3363
v -7.913076 10.3044 -24.3363
v -7.913076 12.44691 -24.3363
v -7.310027 12.44691 -24.3363
v -8.151276 8.212162 -24.3363
v -8.151276 10.3044 -24.3363
v -8.151276 6.24562 -24.3363
v -8.151275 3.543274 -24.3363
v -8.151275 3.543274 -24.79484
v -8.151276 6.24562 -24.79484
v -8.151276 8.212162 -24.79484
v -8.151276 10.3044 -24.79484
v -7.913075 3.543274 -24.79484
v -7.913075 6.24562 -24.79484
v -7.913075 8.212162 -24.79484
v -7.913076 10.3044 -24.79484
v -7.674875 6.54337 -26.96049
v -7.674875 8.093061 -26.96049
v -7.913075 8.093061 -26.96049
v -7.913075 6.54337 -26.96049
v -7.674875 6.54337 -28.59018
v -7.913075 6.54337 -28.59018
v -7.674875 8.093061 -28.59018
v -7.913075 8.093061 -28.59018
v -7.674875 6.54337 -25.09259
v -7.674876 8.093061 -25.09259
v -7.913075 8.093061 -25.09259
v -7.913075 6.54337 -25.09259
v -7.779683 5.46052 -26.84139
v -7.779683 4.240891 -28.29243
v -7.779683 5.46052 -28.29243
v -7.779683 4.240891 -26.84139
v -7.779683 5.46052 -25.39034
v -7.779683 4.240891 -25.39034
v -7.674876 10.1853 -26.96049
v -7.674875 10.1853 -28.59018
v -7.913075 10.1853 -28.59018
v -7.913075 10.1853 -26.96049
v -7.674875 8.331262 -28.59018
v -7.913075 8.331262 -28.59018
v -7.674875 6.54337 -26.72229
v -7.913075 6.54337 -26.72229
v -7.674875 8.093061 -26.72229
v -7.913075 8.093061 -26.72229
v -7.674875 8.331262 -26.96049
v -7.913075 8.331262 -26.96049
v -7.674876 10.1853 -25.09259
v -7.674876 10.1853 -26.72229
v -7.913075 10.1853 -26.72229
v -7.913076 10.1853 -25.09259
v -7.674875 8.331262 -26.72229
v -7.913075 8.331262 -26.72229
v -7.674876 8.331262 -25.09259
v -7.913075 8.331262 -25.09259
v -7.913075 12.14916 -28.59018
v -7.913075 10.4235 -28.59018
v -7.913075 5.46052 -28.29243
v -7.913074 4.240891 -28.29243
v -7.913076 12.14916 -26.96049
v -7.913075 10.4235 -26.96049
v -7.913075 10.3044 -26.84139
v -7.913076 12.14916 -26.72229
v -7.913075 10.4235 -26.72229
v -7.913075 8.212162 -26.84139
v -7.913075 6.24562 -26.84139
v -7.913075 3.543274 -26.84139
v -7.913075 4.240891 -26.84139
v -7.913075 4.240891 -25.39034
v -7.913075 5.46052 -26.84139
v -7.913075 5.46052 -25.39034
v -7.913076 12.14916 -25.09259
v -7.913076 10.4235 -25.09259
v -7.310027 12.44691 -28.88793
v -7.310027 12.44691 -26.84139
v -7.310027 12.44691 -24.79484
v -7.310026 6.24562 -28.88793
v -7.310026 3.543274 -26.84139
v -7.310026 8.212162 -28.88793
v -7.310026 6.24562 -26.84139
v -7.310026 3.543274 -24.79484
v -7.310026 6.24562 -24.79484
v -7.310027 8.212162 -24.79484
v -7.310026 8.212162 -26.84139
v -7.310027 10.3044 -24.79484
v -7.310027 10.3044 -26.84139
v -7.310026 10.3044 -28.88793
v -7.674876 12.14916 -28.59018
v -7.674875 10.4235 -28.59018
v -7.674876 12.14916 -26.96049
v -7.674876 10.4235 -26.96049
v -7.674876 12.14916 -26.72229
v -7.674876 10.4235 -26.72229
v -7.674876 10.4235 -25.09259
v -7.674876 12.14916 -25.09259

vt 0 0
vt 0 1
vt 1 1
vt 1 0
vt -1.462044E-36 -0.8727882
vt 0.5 1
vt 0.5 0
vt 7.263345 -109.0231
vt 1.236656 -19.28699
vt 15.76334 -235.5865
vt 8.5 -127.4367
vt 2.473312 -37.70055
vt 14.52669 -217.1729
vt 9.736656 -145.8503
vt 17 -254
vt 50000 -0.8725297
vt 100000 -0.8722713

vn -1.192093E-06 0 10
vn 1.192093E-06 0 -10
vn -1.192093E-06 10 -1.421085E-13
vn 1.192093E-06 -10 1.421085E-13
vn -10 -1.192093E-06 -1.192093E-06
vn 10 1.192093E-06 1.192093E-06

usemtl white
f 3387/1616/231 3386/1615/231 3385/1614/231 3384/1613/231
f 3389/1616/231 3388/1615/231 3386/1614/231 3387/1613/231
f 3393/1617/232 3390/1617/232 3392/1617/232 3391/1617/232
f 3398/1617/232 3394/1617/232 3390/1617/232 3393/1617/232
f 3396/1617/232 3395/1617/232 3393/1617/232 3391/1617/232
f 3398/1617/232 3393/1617/232 3395/1617/232 3397/1617/232
f 3401/1617/232 3399/1617/232 3394/1617/232 3398/1617/232
f 3401/1617/232 3398/1617/232 3397/1617/232 3400/1617/232
f 3404/1617/232 3402/1617/232 3399/1617/232 3401/1617/232
f 3404/1617/232 3401/1617/232 3400/1617/232 3403/1617/232
f 3406/1618/233 3404/1615/233 3403/1615/233 3405/1618/233
f 3410/1614/233 3406/1618/233 3405/1618/233 3407/1614/233
f 3402/1616/233 3404/1615/233 3406/1618/233 3408/1619/233
f 3410/1614/233 3409/1613/233 3408/1619/233 3406/1618/233
f 3410/1615/233 3407/1614/233 3412/1614/233 3411/1615/233
f 3409/1615/233 3410/1614/233 3411/1614/233 3413/1615/233
f 3417/1618/234 3414/1615/234 3416/1615/234 3415/1618/234
f 3419/1614/234 3417/1618/234 3415/1618/234 3418/1614/234
f 3391/1617/234 3421/1617/234 3420/1617/234 3396/1617/234
f 3422/1617/234 3421/1617/234 3391/1617/234 3392/1617/234
f 3424/1617/231 3420/1617/231 3421/1617/231 3423/1617/231
f 3426/1617/231 3424/1617/231 3423/1617/231 3425/1617/231
f 3428/1617/231 3426/1617/231 3425/1617/231 3427/1617/231
f 3414/1617/231 3428/1617/231 3427/1617/231 3416/1617/231
f 3405/1618/235 3403/1615/235 3414/1615/235 3417/1618/235
f 3407/1614/235 3405/1618/235 3417/1618/235 3419/1614/235
f 3429/1613/235 3412/1614/235 3407/1614/235 3419/1613/235
f 3395/1617/235 3396/1617/235 3420/1617/235 3424/1617/235
f 3397/1617/235 3395/1617/235 3424/1617/235 3426/1617/235
f 3400/1617/235 3397/1617/235 3426/1617/235 3428/1617/235
f 3403/1617/235 3400/1617/235 3428/1617/235 3414/1617/235
f 3433/1616/231 3432/1615/231 3431/1614/231 3430/1613/231
f 3388/1614/231 3389/1613/231 3430/1616/231 3431/1615/231
f 3435/1615/231 3434/1614/231 3388/1614/231 3431/1615/231
f 3433/1616/231 3413/1615/231 3411/1614/231 3432/1613/231
f 3432/1616/231 3411/1615/231 3412/1614/231 3429/1613/231
f 3439/1615/235 3438/1614/235 3437/1614/235 3436/1615/235
f 3440/1615/235 3439/1614/235 3436/1614/235 3434/1615/235
f 3419/1615/235 3441/1614/235 3435/1614/235 3429/1615/235
f 3441/1615/235 3440/1614/235 3434/1614/235 3435/1615/235
f 3443/1615/232 3442/1614/232 3438/1614/232 3439/1615/232
f 3385/1614/231 3386/1615/231 3436/1615/231 3437/1614/231
f 3444/1615/232 3443/1614/232 3439/1614/232 3440/1615/232
f 3386/1614/231 3388/1615/231 3434/1615/231 3436/1614/231
f 3418/1615/232 3445/1614/232 3441/1614/232 3419/1615/232
f 3431/1614/231 3432/1615/231 3429/1615/231 3435/1614/231
f 3445/1615/232 3444/1614/232 3440/1614/232 3441/1615/232

usemtl Brown
f 3415/1623/235 3488/1620/235 3489/1620/235
f 3490/1623/235 3492/1626/235 3491/1626/235
f 3490/1623/235 3467/1620/235 3475/1620/235
f 3493/1623/235 3481/1626/235 3478/1626/235
f 3493/1623/235 3448/1620/235 3449/1620/235
f 3494/1623/235 3471/1626/235 3473/1626/235
f 3490/1623/235 3489/1620/235 3485/1621/235
f 3490/1623/235 3478/1626/235 3479/1622/235
f 3494/1623/235 3498/1623/235 3499/1625/235
f 3445/1627/235 3501/1622/235 3492/1626/235
f 3427/1617/235 3466/1621/235 3467/1620/235
f 3444/1627/235 3483/1622/235 3481/1626/235
f 3425/1617/235 3453/1621/235 3448/1620/235
f 3493/1623/235 3475/1620/235 3469/1621/235
f 3493/1623/235 3473/1626/235 3456/1622/235
f 3443/1627/235 3457/1622/235 3471/1626/235
f 3494/1623/235 3449/1620/235 3451/1621/235
f 3423/1617/235 3494/1623/235 3451/1621/235
f 3418/1616/235 3432/1616/235 3429/1613/235
f 3419/1613/234 3418/1616/234 3429/1613/234
f 3418/1615/233 3419/1615/233 3429/1615/233
f 3432/1615/235 3418/1615/235 3429/1615/235
f 3448/1620/232 3447/1620/232 3446/1620/232
f 3446/1620/232 3449/1620/232 3448/1620/232
f 3449/1620/233 3446/1620/233 3450/1621/233
f 3450/1621/233 3451/1621/233 3449/1620/233
f 3451/1621/231 3450/1621/231 3452/1621/231
f 3452/1621/231 3453/1621/231 3451/1621/231
f 3456/1622/232 3455/1622/232 3454/1622/232
f 3454/1622/232 3457/1622/232 3456/1622/232
f 3453/1621/234 3452/1621/234 3447/1620/234
f 3447/1620/234 3448/1620/234 3453/1621/234
f 3458/1623/235 3460/1624/235 3459/1624/235
f 3459/1624/235 3461/1623/235 3458/1623/235
f 3462/1625/235 3458/1623/235 3461/1623/235
f 3461/1623/235 3463/1625/235 3462/1625/235
f 3466/1621/234 3465/1621/234 3464/1620/234
f 3464/1620/234 3467/1620/234 3466/1621/234
f 3469/1621/231 3468/1621/231 3465/1621/231
f 3465/1621/231 3466/1621/231 3469/1621/231
f 3457/1622/233 3454/1622/233 3470/1626/233
f 3470/1626/233 3471/1626/233 3457/1622/233
f 3471/1626/231 3470/1626/231 3472/1626/231
f 3472/1626/231 3473/1626/231 3471/1626/231
f 3475/1620/233 3474/1620/233 3468/1621/233
f 3468/1621/233 3469/1621/233 3475/1620/233
f 3467/1620/232 3464/1620/232 3474/1620/232
f 3474/1620/232 3475/1620/232 3467/1620/232
f 3478/1626/234 3477/1626/234 3476/1622/234
f 3476/1622/234 3479/1622/234 3478/1626/234
f 3481/1626/231 3480/1626/231 3477/1626/231
f 3477/1626/231 3478/1626/231 3481/1626/231
f 3473/1626/234 3472/1626/234 3455/1622/234
f 3455/1622/234 3456/1622/234 3473/1626/234
f 3483/1622/233 3482/1622/233 3480/1626/233
f 3480/1626/233 3481/1626/233 3483/1622/233
f 3427/1617/235 3485/1621/235 3484/1621/235
f 3484/1621/235 3416/1617/235 3427/1617/235
f 3466/1621/235 3427/1617/235 3425/1617/235
f 3425/1617/235 3469/1621/235 3466/1621/235
f 3453/1621/235 3425/1617/235 3423/1617/235
f 3423/1617/235 3451/1621/235 3453/1621/235
f 3486/1624/235 3423/1617/235 3421/1617/235
f 3421/1617/235 3487/1624/235 3486/1624/235
f 3416/1617/235 3484/1621/235 3488/1620/235
f 3488/1620/235 3415/1623/235 3416/1617/235
f 3491/1626/235 3415/1623/235 3489/1620/235
f 3489/1620/235 3490/1623/235 3491/1626/235
f 3478/1626/235 3490/1623/235 3475/1620/235
f 3475/1620/235 3493/1623/235 3478/1626/235
f 3473/1626/235 3493/1623/235 3449/1620/235
f 3449/1620/235 3494/1623/235 3473/1626/235
f 3467/1620/235 3490/1623/235 3485/1621/235
f 3485/1621/235 3427/1617/235 3467/1620/235
f 3492/1626/235 3490/1623/235 3479/1622/235
f 3479/1622/235 3445/1627/235 3492/1626/235
f 3479/1622/232 3476/1622/232 3482/1622/232
f 3482/1622/232 3483/1622/232 3479/1622/232
f 3487/1624/235 3421/1617/235 3495/1623/235
f 3495/1623/235 3496/1623/235 3487/1624/235
f 3442/1627/235 3497/1625/235 3496/1623/235
f 3496/1623/235 3495/1623/235 3442/1627/235
f 3423/1617/235 3486/1624/235 3498/1623/235
f 3498/1623/235 3494/1623/235 3423/1617/235
f 3471/1626/235 3494/1623/235 3499/1625/235
f 3499/1625/235 3443/1627/235 3471/1626/235
f 3415/1623/235 3491/1626/235 3500/1622/235
f 3500/1622/235 3418/1627/235 3415/1623/235
f 3418/1627/235 3500/1622/235 3501/1622/235
f 3501/1622/235 3445/1627/235 3418/1627/235
f 3445/1627/235 3479/1622/235 3483/1622/235
f 3483/1622/235 3444/1627/235 3445/1627/235
f 3444/1627/235 3456/1622/235 3457/1622/235
f 3457/1622/235 3443/1627/235 3444/1627/235
f 3443/1627/235 3499/1625/235 3497/1625/235
f 3497/1625/235 3442/1627/235 3443/1627/235
f 3502/1616/236 3402/1616/236 3408/1619/236
f 3408/1619/236 3503/1619/236 3502/1616/236
f 3503/1619/236 3408/1619/236 3409/1613/236
f 3409/1613/236 3504/1613/236 3503/1619/236
f 3456/1622/235 3444/1627/235 3481/1626/235
f 3481/1626/235 3493/1623/235 3456/1622/235
f 3469/1621/235 3425/1617/235 3448/1620/235
f 3448/1620/235 3493/1623/235 3469/1621/235
f 3459/1624/233 3487/1624/233 3496/1623/233
f 3496/1623/233 3461/1623/233 3459/1624/233
f 3461/1623/233 3496/1623/233 3497/1625/233
f 3497/1625/233 3463/1625/233 3461/1623/233
f 3487/1624/231 3459/1624/231 3460/1624/231
f 3460/1624/231 3486/1624/231 3487/1624/231
f 3422/1617/236 3392/1617/236 3390/1617/236
f 3390/1617/236 3505/1617/236 3422/1617/236
f 3505/1617/236 3390/1617/236 3394/1617/236
f 3394/1617/236 3507/1617/236 3505/1617/236
f 3506/1628/236 3422/1617/236 3505/1617/236
f 3505/1617/236 3508/1628/236 3506/1628/236
f 3507/1617/236 3394/1617/236 3399/1617/236
f 3399/1617/236 3515/1617/236 3507/1617/236
f 3509/1629/236 3506/1628/236 3508/1628/236
f 3508/1628/236 3510/1629/236 3509/1629/236
f 3511/1629/236 3510/1629/236 3508/1628/236
f 3508/1628/236 3512/1628/236 3511/1629/236
f 3512/1628/236 3508/1628/236 3505/1617/236
f 3505/1617/236 3507/1617/236 3512/1628/236
f 3513/1629/236 3511/1629/236 3512/1628/236
f 3512/1628/236 3514/1628/236 3513/1629/236
f 3514/1628/236 3512/1628/236 3507/1617/236
f 3507/1617/236 3515/1617/236 3514/1628/236
f 3504/1629/236 3513/1629/236 3514/1628/236
f 3514/1628/236 3503/1628/236 3504/1629/236
f 3502/1617/236 3503/1628/236 3514/1628/236
f 3514/1628/236 3515/1617/236 3502/1617/236
f 3515/1617/236 3399/1617/236 3402/1617/236
f 3402/1617/236 3502/1617/236 3515/1617/236
f 3485/1621/231 3517/1621/231 3516/1621/231
f 3516/1621/231 3484/1621/231 3485/1621/231
f 3484/1621/234 3516/1621/234 3518/1620/234
f 3518/1620/234 3488/1620/234 3484/1621/234
f 3488/1620/232 3518/1620/232 3519/1620/232
f 3519/1620/232 3489/1620/232 3488/1620/232
f 3489/1620/233 3519/1620/233 3517/1621/233
f 3517/1621/233 3485/1621/233 3489/1620/233
f 3492/1626/231 3521/1626/231 3520/1626/231
f 3520/1626/231 3491/1626/231 3492/1626/231
f 3501/1622/233 3522/1622/233 3521/1626/233
f 3521/1626/233 3492/1626/233 3501/1622/233
f 3499/1625/232 3462/1625/232 3463/1625/232
f 3463/1625/232 3497/1625/232 3499/1625/232
f 3462/1625/234 3499/1625/234 3498/1623/234
f 3498/1623/234 3458/1623/234 3462/1625/234
f 3458/1623/234 3498/1623/234 3486/1624/234
f 3486/1624/234 3460/1624/234 3458/1623/234
f 3491/1626/234 3520/1626/234 3523/1622/234
f 3523/1622/234 3500/1622/234 3491/1626/234
f 3500/1622/232 3523/1622/232 3522/1622/232
f 3522/1622/232 3501/1622/232 3500/1622/232
f 3442/1615/234 3495/1614/234 3506/1613/234
f 3506/1613/234 3509/1616/234 3442/1615/234
f 3495/1615/234 3421/1614/234 3422/1613/234
f 3422/1613/234 3506/1616/234 3495/1615/234
f 3510/1616/236 3387/1616/236 3384/1613/236
f 3384/1613/236 3509/1613/236 3510/1616/236
f 3509/1613/234 3384/1613/234 3385/1614/234
f 3385/1614/234 3442/1614/234 3509/1613/234
f 3438/1614/234 3442/1614/234 3385/1614/234
f 3385/1614/234 3437/1614/234 3438/1614/234
f 3511/1616/236 3389/1616/236 3387/1613/236
f 3387/1613/236 3510/1613/236 3511/1616/236
f 3430/1613/236 3513/1613/236 3504/1616/236
f 3504/1616/236 3433/1616/236 3430/1613/236
f 3433/1616/236 3504/1616/236 3409/1615/236
f 3409/1615/236 3413/1615/236 3433/1616/236
f 3513/1616/236 3430/1616/236 3389/1613/236
f 3389/1613/236 3511/1613/236 3513/1616/236

usemtl Glass.1
f 3518/1620/235 3516/1621/235 3517/1621/235 3519/1620/235
f 3522/1622/235 3523/1622/235 3520/1626/235 3521/1626/235
f 3480/1626/235 3482/1622/235 3476/1622/235 3477/1626/235
f 3468/1621/235 3474/1620/235 3464/1620/235 3465/1621/235
f 3470/1626/235 3454/1622/235 3455/1622/235 3472/1626/235
f 3450/1621/235 3446/1620/235 3447/1620/235 3452/1621/235

g Railings_2
v 16.65882 4.690857 17.00228
v 16.65882 4.690857 17.24048
v 16.65882 7.658453 17.24048
v 16.65882 7.658453 17.00228
v 16.42063 4.690857 17.00228
v 16.42063 7.658453 17.00228
v 16.42063 7.658453 17.24048
v 16.42063 4.690857 17.24048
v 16.42063 7.896652 22.66309
v 16.42063 7.658453 22.66309
v 16.42063 7.658453 15.182
v 16.42063 7.896652 15.182
v 16.65882 7.896652 22.66309
v 16.65882 7.896652 15.182
v 16.65882 7.658453 22.66309
v 16.65882 7.658453 15.182
v 16.42063 4.690857 22.66309
v 16.42063 4.452657 22.66309
v 16.42063 4.452657 15.182
v 16.42063 4.690857 15.182
v 16.65882 4.690857 22.66309
v 16.65882 4.690857 15.182
v 16.65882 4.452657 22.66309
v 16.65882 4.452657 15.182
v 16.42063 7.658453 16.04948
v 16.42063 7.658453 15.81128
v 16.65882 7.658453 15.81128
v 16.65882 7.658453 16.04948
v 16.65882 4.690857 16.04948
v 16.65882 4.690857 15.81128
v 16.42063 4.690857 15.81128
v 16.42063 4.690857 16.04948
v 16.42063 4.690857 22.00448
v 16.42063 4.690857 21.76628
v 16.42063 7.658453 21.76628
v 16.42063 7.658453 22.00448
v 16.65882 4.690857 22.00448
v 16.65882 7.658453 22.00448
v 16.65882 4.690857 18.43148
v 16.65882 4.690857 18.19328
v 16.42063 4.690857 18.19328
v 16.42063 4.690857 18.43148
v 16.42063 7.658453 18.43148
v 16.42063 7.658453 18.19328
v 16.65882 7.658453 18.19328
v 16.65882 7.658453 18.43148
v 16.65882 4.690857 19.62248
v 16.65882 4.690857 19.38428
v 16.42063 4.690857 19.38428
v 16.42063 4.690857 19.62248
v 16.42063 7.658453 19.62248
v 16.42063 7.658453 19.38428
v 16.65882 7.658453 19.38428
v 16.65882 7.658453 19.62248
v 16.65882 4.690857 20.81348
v 16.65882 4.690857 20.57528
v 16.42063 4.690857 20.57528
v 16.42063 4.690857 20.81348
v 16.42063 7.658453 20.81348
v 16.42063 7.658453 20.57528
v 16.65882 7.658453 20.57528
v 16.65882 7.658453 20.81348
v 16.65882 4.690857 21.76628
v 16.65882 7.658453 21.76628
v -24.23555 7.896652 22.66536
v -24.23555 7.658453 22.66536
v 16.50682 7.658453 22.66536
v 16.50682 7.896652 22.66536
v -24.23555 7.896652 22.90356
v 16.50682 7.896652 22.90356
v -24.23555 7.658453 22.90356
v 16.50682 7.658453 22.90356
v -24.23555 4.690857 22.66536
v -24.23555 4.452657 22.66536
v 16.50682 4.452657 22.66536
v 16.50682 4.690857 22.66536
v -24.23555 4.690857 22.90356
v 16.50682 4.690857 22.90356
v -24.23555 4.452657 22.90356
v 16.50682 4.452657 22.90356
v -23.62058 4.690857 22.66837
v -23.38239 4.690857 22.66837
v -23.38239 7.658453 22.66837
v -23.62058 7.658453 22.66837
v -23.62058 4.690857 22.90657
v -23.62058 7.658453 22.90657
v -23.38239 4.690857 22.90657
v -23.38239 7.658453 22.90657
v -22.44149 4.690857 22.66837
v -22.20329 4.690857 22.66837
v -22.20329 7.658453 22.66837
v -22.44149 7.658453 22.66837
v -22.44149 4.690857 22.90657
v -22.44149 7.658453 22.90657
v -22.20329 4.690857 22.90657
v -22.20329 7.658453 22.90657
v -21.2624 4.690857 22.66837
v -21.0242 4.690857 22.66837
v -21.0242 7.658453 22.66837
v -21.2624 7.658453 22.66837
v -21.2624 4.690857 22.90657
v -21.2624 7.658453 22.90657
v -21.0242 4.690857 22.90657
v -21.0242 7.658453 22.90657
v -20.08331 4.690857 22.66837
v -19.84511 4.690857 22.66837
v -19.84511 7.658453 22.66837
v -20.08331 7.658453 22.66837
v -20.08331 4.690857 22.90657
v -20.08331 7.658453 22.90657
v -19.84511 4.690857 22.90657
v -19.84511 7.658453 22.90657
v -18.90422 4.690857 22.66837
v -18.66602 4.690857 22.66837
v -18.66602 7.658453 22.66837
v -18.90422 7.658453 22.66837
v -18.90422 4.690857 22.90657
v -18.90422 7.658453 22.90657
v -18.66602 4.690857 22.90657
v -18.66602 7.658453 22.90657
v -17.72513 4.690857 22.66837
v -17.48693 4.690857 22.66837
v -17.48693 7.658453 22.66837
v -17.72513 7.658453 22.66837
v -17.72513 4.690857 22.90657
v -17.72513 7.658453 22.90657
v -17.48693 4.690857 22.90657
v -17.48693 7.658453 22.90657
v -16.54604 4.690857 22.66837
v -16.30784 4.690857 22.66837
v -16.30784 7.658453 22.66837
v -16.54604 7.658453 22.66837
v -16.54604 4.690857 22.90657
v -16.54604 7.658453 22.90657
v -16.30784 4.690857 22.90657
v -16.30784 7.658453 22.90657
v -15.36695 4.690857 22.66837
v -15.12875 4.690857 22.66837
v -15.12875 7.658453 22.66837
v -15.36695 7.658453 22.66837
v -15.36695 4.690857 22.90657
v -15.36695 7.658453 22.90657
v -15.12875 4.690857 22.90657
v -15.12875 7.658453 22.90657
v -14.18786 4.690857 22.66837
v -13.94966 4.690857 22.66837
v -13.94966 7.658453 22.66837
v -14.18786 7.658453 22.66837
v -14.18786 4.690857 22.90657
v -14.18786 7.658453 22.90657
v -13.94966 4.690857 22.90657
v -13.94966 7.658453 22.90657
v -13.00877 4.690857 22.66837
v -12.77057 4.690857 22.66837
v -12.77057 7.658453 22.66837
v -13.00877 7.658453 22.66837
v -13.00877 4.690857 22.90657
v -13.00877 7.658453 22.90657
v -12.77057 4.690857 22.90657
v -12.77057 7.658453 22.90657
v -11.82968 4.690857 22.66837
v -11.59148 4.690857 22.66837
v -11.59148 7.658453 22.66837
v -11.82968 7.658453 22.66837
v -11.82968 4.690857 22.90657
v -11.82968 7.658453 22.90657
v -11.59148 4.690857 22.90657
v -11.59148 7.658453 22.90657
v -10.65059 4.690857 22.66837
v -10.41239 4.690857 22.66837
v -10.41239 7.658453 22.66837
v -10.65059 7.658453 22.66837
v -10.65059 4.690857 22.90657
v -10.65059 7.658453 22.90657
v -10.41239 4.690857 22.90657
v -10.41239 7.658453 22.90657
v -9.4715 4.690857 22.66837
v -9.233299 4.690857 22.66837
v -9.233299 7.658453 22.66837
v -9.4715 7.658453 22.66837
v -9.4715 4.690857 22.90657
v -9.4715 7.658453 22.90657
v -9.233299 4.690857 22.90657
v -9.233299 7.658453 22.90657
v -8.29241 4.690857 22.66837
v -8.05421 4.690857 22.66837
v -8.05421 7.658453 22.66837
v -8.29241 7.658453 22.66837
v -8.29241 4.690857 22.90657
v -8.29241 7.658453 22.90657
v -8.05421 4.690857 22.90657
v -8.05421 7.658453 22.90657
v -7.113319 4.690857 22.66837
v -6.87512 4.690857 22.66837
v -6.87512 7.658453 22.66837
v -7.113319 7.658453 22.66837
v -7.113319 4.690857 22.90657
v -7.113319 7.658453 22.90657
v -6.87512 4.690857 22.90657
v -6.87512 7.658453 22.90657
v -5.93423 4.690857 22.66837
v -5.69603 4.690857 22.66837
v -5.69603 7.658453 22.66837
v -5.93423 7.658453 22.66837
v -5.93423 4.690857 22.90657
v -5.93423 7.658453 22.90657
v -5.69603 4.690857 22.90657
v -5.69603 7.658453 22.90657
v -4.755139 4.690857 22.66837
v -4.516939 4.690857 22.66837
v -4.516939 7.658453 22.66837
v -4.755139 7.658453 22.66837
v -4.755139 4.690857 22.90657
v -4.755139 7.658453 22.90657
v -4.516939 4.690857 22.90657
v -4.516939 7.658453 22.90657
v -3.576049 4.690857 22.66837
v -3.337849 4.690857 22.66837
v -3.337849 7.658453 22.66837
v -3.576049 7.658453 22.66837
v -3.576049 4.690857 22.90657
v -3.576049 7.658453 22.90657
v -3.337849 4.690857 22.90657
v -3.337849 7.658453 22.90657
v -2.396959 4.690857 22.66837
v -2.158759 4.690857 22.66837
v -2.158759 7.658453 22.66837
v -2.396959 7.658453 22.66837
v -2.396959 4.690857 22.90657
v -2.396959 7.658453 22.90657
v -2.158759 4.690857 22.90657
v -2.158759 7.658453 22.90657
v -1.217869 4.690857 22.66837
v -0.9796686 4.690857 22.66837
v -0.9796686 7.658453 22.66837
v -1.217869 7.658453 22.66837
v -1.217869 4.690857 22.90657
v -1.217869 7.658453 22.90657
v -0.9796686 4.690857 22.90657
v -0.9796686 7.658453 22.90657
v -0.03877878 4.690857 22.66837
v 0.1994214 4.690857 22.66837
v 0.1994214 7.658453 22.66837
v -0.03877878 7.658453 22.66837
v -0.03877878 4.690857 22.90657
v -0.03877878 7.658453 22.90657
v 0.1994214 4.690857 22.90657
v 0.1994214 7.658453 22.90657
v 1.140312 4.690857 22.66837
v 1.378512 4.690857 22.66837
v 1.378512 7.658453 22.66837
v 1.140312 7.658453 22.66837
v 1.140312 4.690857 22.90657
v 1.140312 7.658453 22.90657
v 1.378512 4.690857 22.90657
v 1.378512 7.658453 22.90657
v 2.319402 4.690857 22.66837
v 2.557601 4.690857 22.66837
v 2.557601 7.658453 22.66837
v 2.319402 7.658453 22.66837
v 2.319402 4.690857 22.90657
v 2.319402 7.658453 22.90657
v 2.557601 4.690857 22.90657
v 2.557601 7.658453 22.90657
v 3.498492 4.690857 22.66837
v 3.736692 4.690857 22.66837
v 3.736692 7.658453 22.66837
v 3.498492 7.658453 22.66837
v 3.498492 4.690857 22.90657
v 3.498492 7.658453 22.90657
v 3.736692 4.690857 22.90657
v 3.736692 7.658453 22.90657
v 4.677582 4.690857 22.66837
v 4.915782 4.690857 22.66837
v 4.915782 7.658453 22.66837
v 4.677582 7.658453 22.66837
v 4.677582 4.690857 22.90657
v 4.677582 7.658453 22.90657
v 4.915782 4.690857 22.90657
v 4.915782 7.658453 22.90657
v 5.856672 4.690857 22.66837
v 6.094872 4.690857 22.66837
v 6.094872 7.658453 22.66837
v 5.856672 7.658453 22.66837
v 5.856672 4.690857 22.90657
v 5.856672 7.658453 22.90657
v 6.094872 4.690857 22.90657
v 6.094872 7.658453 22.90657
v 7.035762 4.690857 22.66837
v 7.273962 4.690857 22.66837
v 7.273962 7.658453 22.66837
v 7.035762 7.658453 22.66837
v 7.035762 4.690857 22.90657
v 7.035762 7.658453 22.90657
v 7.273962 4.690857 22.90657
v 7.273962 7.658453 22.90657
v 8.214853 4.690857 22.66837
v 8.453053 4.690857 22.66837
v 8.453053 7.658453 22.66837
v 8.214853 7.658453 22.66837
v 8.214853 4.690857 22.90657
v 8.214853 7.658453 22.90657
v 8.453053 4.690857 22.90657
v 8.453053 7.658453 22.90657
v 9.393943 4.690857 22.66837
v 9.632143 4.690857 22.66837
v 9.632143 7.658453 22.66837
v 9.393943 7.658453 22.66837
v 9.393943 4.690857 22.90657
v 9.393943 7.658453 22.90657
v 9.632143 4.690857 22.90657
v 9.632143 7.658453 22.90657
v 10.57303 4.690857 22.66837
v 10.81123 4.690857 22.66837
v 10.81123 7.658453 22.66837
v 10.57303 7.658453 22.66837
v 10.57303 4.690857 22.90657
v 10.57303 7.658453 22.90657
v 10.81123 4.690857 22.90657
v 10.81123 7.658453 22.90657
v 11.75212 4.690857 22.66837
v 11.99032 4.690857 22.66837
v 11.99032 7.658453 22.66837
v 11.75212 7.658453 22.66837
v 11.75212 4.690857 22.90657
v 11.75212 7.658453 22.90657
v 11.99032 4.690857 22.90657
v 11.99032 7.658453 22.90657
v 12.93121 4.690857 22.66837
v 13.16941 4.690857 22.66837
v 13.16941 7.658453 22.66837
v 12.93121 7.658453 22.66837
v 12.93121 4.690857 22.90657
v 12.93121 7.658453 22.90657
v 13.16941 4.690857 22.90657
v 13.16941 7.658453 22.90657
v 14.1103 4.690857 22.66837
v 14.3485 4.690857 22.66837
v 14.3485 7.658453 22.66837
v 14.1103 7.658453 22.66837
v 14.1103 4.690857 22.90657
v 14.1103 7.658453 22.90657
v 14.3485 4.690857 22.90657
v 14.3485 7.658453 22.90657
v 15.2894 4.690857 22.66837
v 15.52759 4.690857 22.66837
v 15.52759 7.658453 22.66837
v 15.2894 7.658453 22.66837
v 15.2894 4.690857 22.90657
v 15.2894 7.658453 22.90657
v 15.52759 4.690857 22.90657
v 15.52759 7.658453 22.90657
v -24.70476 3.392437 22.57146
v -24.22836 3.392437 22.57146
v -24.22836 12.16502 22.57146
v -24.70476 12.16502 22.57146
v -24.70476 3.392437 23.04786
v -24.70476 12.16502 23.04786
v -24.22836 3.392437 23.04786
v -24.22836 12.16502 23.04786
v -24.80123 15.00772 22.47499
v -24.13189 15.00772 22.47499
v -24.13189 15.00772 23.14433
v -24.80123 15.00772 23.14433
v -24.13189 12.27414 23.14433
v -24.13189 12.27414 22.47499
v -24.80123 12.27414 23.14433
v -24.80123 12.27414 22.47499
v -16.48686 3.392437 22.57146
v -16.01046 3.392437 22.57146
v -16.01046 12.16502 22.57146
v -16.48686 12.16502 22.57146
v -16.48686 3.392437 23.04786
v -16.48686 12.16502 23.04786
v -16.01046 3.392437 23.04786
v -16.01046 12.16502 23.04786
v -16.58333 15.00772 22.47499
v -15.91399 15.00772 22.47499
v -15.91399 15.00772 23.14433
v -16.58333 15.00772 23.14433
v -15.91399 12.27414 23.14433
v -15.91399 12.27414 22.47499
v -16.58333 12.27414 23.14433
v -16.58333 12.27414 22.47499
v -8.268956 3.392437 22.57146
v -7.792556 3.392437 22.57146
v -7.792556 12.16502 22.57146
v -8.268956 12.16502 22.57146
v -8.268956 3.392437 23.04786
v -8.268956 12.16502 23.04786
v -7.792556 3.392437 23.04786
v -7.792556 12.16502 23.04786
v -8.365427 15.00772 22.47499
v -7.696085 15.00772 22.47499
v -7.696085 15.00772 23.14433
v -8.365427 15.00772 23.14433
v -7.696085 12.27414 23.14433
v -7.696085 12.27414 22.47499
v -8.365427 12.27414 23.14433
v -8.365427 12.27414 22.47499
v -0.05105448 3.392437 22.57146
v 0.4253454 3.392437 22.57146
v 0.4253454 12.16502 22.57146
v -0.05105448 12.16502 22.57146
v -0.05105448 3.392437 23.04786
v -0.05105448 12.16502 23.04786
v 0.4253454 3.392437 23.04786
v 0.4253454 12.16502 23.04786
v -0.1475255 15.00772 22.47499
v 0.5218167 15.00772 22.47499
v 0.5218167 15.00772 23.14433
v -0.1475255 15.00772 23.14433
v 0.5218167 12.27414 23.14433
v 0.5218167 12.27414 22.47499
v -0.1475255 12.27414 23.14433
v -0.1475255 12.27414 22.47499
v 8.166846 3.392437 22.57146
v 8.643246 3.392437 22.57146
v 8.643246 12.16502 22.57146
v 8.166846 12.16502 22.57146
v 8.166846 3.392437 23.04786
v 8.166846 12.16502 23.04786
v 8.643246 3.392437 23.04786
v 8.643246 12.16502 23.04786
v 8.070376 15.00772 22.47499
v 8.739718 15.00772 22.47499
v 8.739718 15.00772 23.14433
v 8.070376 15.00772 23.14433
v 8.739718 12.27414 23.14433
v 8.739718 12.27414 22.47499
v 8.070376 12.27414 23.14433
v 8.070376 12.27414 22.47499
v 16.38475 3.392437 22.57146
v 16.86115 3.392437 22.57146
v 16.86115 12.16502 22.57146
v 16.38475 12.16502 22.57146
v 16.38475 3.392437 23.04786
v 16.38475 12.16502 23.04786
v 16.86115 3.392437 23.04786
v 16.86115 12.16502 23.04786
v 16.28828 15.00772 22.47499
v 16.95762 15.00772 22.47499
v 16.95762 15.00772 23.14433
v 16.28828 15.00772 23.14433
v 16.95762 12.27414 23.14433
v 16.95762 12.27414 22.47499
v 16.28828 12.27414 23.14433
v 16.28828 12.27414 22.47499
v -24.34989 4.690857 -9.250431
v -24.34989 4.690857 -9.488632
v -24.58809 4.690857 -9.488632
v -24.58809 4.690857 -9.250431
v -24.58809 7.658453 -9.250431
v -24.58809 7.658453 -9.488632
v -24.34989 7.658453 -9.488632
v -24.34989 7.658453 -9.250431
v -24.34989 4.690857 -8.059433
v -24.34989 4.690857 -8.29763
v -24.58809 4.690857 -8.29763
v -24.58809 4.690857 -8.059433
v -24.58809 7.658453 -8.059433
v -24.58809 7.658453 -8.29763
v -24.34989 7.658453 -8.29763
v -24.34989 7.658453 -8.059433
v -24.34989 4.690857 -6.868431
v -24.34989 4.690857 -7.106632
v -24.58809 4.690857 -7.106632
v -24.58809 4.690857 -6.868431
v -24.58809 7.658453 -6.868431
v -24.58809 7.658453 -7.106632
v -24.34989 7.658453 -7.106632
v -24.34989 7.658453 -6.868431
v -24.70476 3.392437 14.71086
v -24.70476 3.392437 14.23446
v -24.70476 12.16502 14.23446
v -24.70476 12.16502 14.71086
v -24.22836 3.392437 14.71086
v -24.22836 12.16502 14.71086
v -24.22836 3.392437 14.23446
v -24.22836 12.16502 14.23446
v -24.80123 15.00772 14.80733
v -24.80123 15.00772 14.13799
v -24.13189 15.00772 14.13799
v -24.13189 15.00772 14.80733
v -24.13189 12.27414 14.13799
v -24.80123 12.27414 14.13799
v -24.13189 12.27414 14.80733
v -24.80123 12.27414 14.80733
v -24.70476 3.392437 6.373858
v -24.70476 3.392437 5.897458
v -24.70476 12.16502 5.897458
v -24.70476 12.16502 6.373858
v -24.22836 3.392437 6.373858
v -24.22836 12.16502 6.373858
v -24.22836 3.392437 5.897458
v -24.22836 12.16502 5.897458
v -24.80123 15.00772 6.470329
v -24.80123 15.00772 5.800987
v -24.13189 15.00772 5.800987
v -24.13189 15.00772 6.470329
v -24.13189 12.27414 5.800987
v -24.80123 12.27414 5.800987
v -24.13189 12.27414 6.470329
v -24.80123 12.27414 6.470329
v -24.70476 3.392437 -1.963142
v -24.70476 3.392437 -2.439543
v -24.70476 12.16502 -2.439543
v -24.70476 12.16502 -1.963142
v -24.22836 3.392437 -1.963142
v -24.22836 12.16502 -1.963142
v -24.22836 3.392437 -2.439543
v -24.22836 12.16502 -2.439543
v -24.80123 15.00772 -1.866673
v -24.80123 15.00772 -2.536015
v -24.13189 15.00772 -2.536015
v -24.13189 15.00772 -1.866673
v -24.13189 12.27414 -2.536015
v -24.80123 12.27414 -2.536015
v -24.13189 12.27414 -1.866673
v -24.80123 12.27414 -1.866673
v -24.70476 3.392437 -10.30014
v -24.70476 3.392437 -10.77654
v -24.70476 12.16502 -10.77654
v -24.70476 12.16502 -10.30014
v -24.22836 3.392437 -10.30014
v -24.22836 12.16502 -10.30014
v -24.22836 3.392437 -10.77654
v -24.22836 12.16502 -10.77654
v -24.80123 15.00772 -10.20367
v -24.80123 15.00772 -10.87302
v -24.13189 15.00772 -10.87302
v -24.13189 15.00772 -10.20367
v -24.13189 12.27414 -10.87302
v -24.80123 12.27414 -10.87302
v -24.13189 12.27414 -10.20367
v -24.80123 12.27414 -10.20367
v -24.58809 7.896652 22.57146
v -24.58809 7.658453 22.57146
v -24.58809 7.658453 -10.30014
v -24.58809 7.896652 -10.30014
v -24.34989 7.896652 22.57146
v -24.34989 7.896652 -10.30014
v -24.34989 7.658453 22.57146
v -24.34989 7.658453 -10.30014
v -24.58809 4.690857 22.57146
v -24.58809 4.452657 22.57146
v -24.58809 4.452657 -10.30014
v -24.58809 4.690857 -10.30014
v -24.34989 4.690857 22.57146
v -24.34989 4.690857 -10.30014
v -24.34989 4.452657 22.57146
v -24.34989 4.452657 -10.30014
v -24.58809 4.690857 22.90657
v -24.58809 4.690857 22.66837
v -24.58809 7.658453 22.66837
v -24.58809 7.658453 22.90657
v -24.34989 4.690857 22.90657
v -24.34989 7.658453 22.90657
v -24.34989 4.690857 22.66837
v -24.34989 7.658453 22.66837
v -24.58809 4.690857 21.71557
v -24.58809 4.690857 21.47737
v -24.58809 7.658453 21.47737
v -24.58809 7.658453 21.71557
v -24.34989 4.690857 21.71557
v -24.34989 7.658453 21.71557
v -24.34989 4.690857 21.47737
v -24.34989 7.658453 21.47737
v -24.58809 4.690857 20.52457
v -24.58809 4.690857 20.28637
v -24.58809 7.658453 20.28637
v -24.58809 7.658453 20.52457
v -24.34989 4.690857 20.52457
v -24.34989 7.658453 20.52457
v -24.34989 4.690857 20.28637
v -24.34989 7.658453 20.28637
v -24.58809 4.690857 19.33357
v -24.58809 4.690857 19.09537
v -24.58809 7.658453 19.09537
v -24.58809 7.658453 19.33357
v -24.34989 4.690857 19.33357
v -24.34989 7.658453 19.33357
v -24.34989 4.690857 19.09537
v -24.34989 7.658453 19.09537
v -24.58809 4.690857 18.14257
v -24.58809 4.690857 17.90437
v -24.58809 7.658453 17.90437
v -24.58809 7.658453 18.14257
v -24.34989 4.690857 18.14257
v -24.34989 7.658453 18.14257
v -24.34989 4.690857 17.90437
v -24.34989 7.658453 17.90437
v -24.58809 4.690857 16.95157
v -24.58809 4.690857 16.71337
v -24.58809 7.658453 16.71337
v -24.58809 7.658453 16.95157
v -24.34989 4.690857 16.95157
v -24.34989 7.658453 16.95157
v -24.34989 4.690857 16.71337
v -24.34989 7.658453 16.71337
v -24.58809 4.690857 15.76057
v -24.58809 4.690857 15.52237
v -24.58809 7.658453 15.52237
v -24.58809 7.658453 15.76057
v -24.34989 4.690857 15.76057
v -24.34989 7.658453 15.76057
v -24.34989 4.690857 15.52237
v -24.34989 7.658453 15.52237
v -24.58809 4.690857 14.56957
v -24.58809 4.690857 14.33137
v -24.58809 7.658453 14.33137
v -24.58809 7.658453 14.56957
v -24.34989 4.690857 14.56957
v -24.34989 7.658453 14.56957
v -24.34989 4.690857 14.33137
v -24.34989 7.658453 14.33137
v -24.58809 4.690857 13.37857
v -24.58809 4.690857 13.14037
v -24.58809 7.658453 13.14037
v -24.58809 7.658453 13.37857
v -24.34989 4.690857 13.37857
v -24.34989 7.658453 13.37857
v -24.34989 4.690857 13.14037
v -24.34989 7.658453 13.14037
v -24.58809 4.690857 12.18757
v -24.58809 4.690857 11.94937
v -24.58809 7.658453 11.94937
v -24.58809 7.658453 12.18757
v -24.34989 4.690857 12.18757
v -24.34989 7.658453 12.18757
v -24.34989 4.690857 11.94937
v -24.34989 7.658453 11.94937
v -24.58809 4.690857 10.99657
v -24.58809 4.690857 10.75837
v -24.58809 7.658453 10.75837
v -24.58809 7.658453 10.99657
v -24.34989 4.690857 10.99657
v -24.34989 7.658453 10.99657
v -24.34989 4.690857 10.75837
v -24.34989 7.658453 10.75837
v -24.58809 4.690857 9.805572
v -24.58809 4.690857 9.567371
v -24.58809 7.658453 9.567371
v -24.58809 7.658453 9.805572
v -24.34989 4.690857 9.805572
v -24.34989 7.658453 9.805572
v -24.34989 4.690857 9.567371
v -24.34989 7.658453 9.567371
v -24.58809 4.690857 8.614571
v -24.58809 4.690857 8.376371
v -24.58809 7.658453 8.376371
v -24.58809 7.658453 8.614571
v -24.34989 4.690857 8.614571
v -24.34989 7.658453 8.614571
v -24.34989 4.690857 8.376371
v -24.34989 7.658453 8.376371
v -24.58809 4.690857 7.423571
v -24.58809 4.690857 7.185371
v -24.58809 7.658453 7.185371
v -24.58809 7.658453 7.423571
v -24.34989 4.690857 7.423571
v -24.34989 7.658453 7.423571
v -24.34989 4.690857 7.185371
v -24.34989 7.658453 7.185371
v -24.58809 4.690857 6.232571
v -24.58809 4.690857 5.994371
v -24.58809 7.658453 5.994371
v -24.58809 7.658453 6.232571
v -24.34989 4.690857 6.232571
v -24.34989 7.658453 6.232571
v -24.34989 4.690857 5.994371
v -24.34989 7.658453 5.994371
v -24.58809 4.690857 5.041571
v -24.58809 4.690857 4.80337
v -24.58809 7.658453 4.80337
v -24.58809 7.658453 5.041571
v -24.34989 4.690857 5.041571
v -24.34989 7.658453 5.041571
v -24.34989 4.690857 4.80337
v -24.34989 7.658453 4.80337
v -24.58809 4.690857 3.85057
v -24.58809 4.690857 3.61237
v -24.58809 7.658453 3.61237
v -24.58809 7.658453 3.85057
v -24.34989 4.690857 3.85057
v -24.34989 7.658453 3.85057
v -24.34989 4.690857 3.61237
v -24.34989 7.658453 3.61237
v -24.58809 4.690857 2.65957
v -24.58809 4.690857 2.42137
v -24.58809 7.658453 2.42137
v -24.58809 7.658453 2.65957
v -24.34989 4.690857 2.65957
v -24.34989 7.658453 2.65957
v -24.34989 4.690857 2.42137
v -24.34989 7.658453 2.42137
v -24.58809 4.690857 1.46857
v -24.58809 4.690857 1.23037
v -24.58809 7.658453 1.23037
v -24.58809 7.658453 1.46857
v -24.34989 4.690857 1.46857
v -24.34989 7.658453 1.46857
v -24.34989 4.690857 1.23037
v -24.34989 7.658453 1.23037
v -24.58809 4.690857 0.2775698
v -24.58809 4.690857 0.03936958
v -24.58809 7.658453 0.03936958
v -24.58809 7.658453 0.2775698
v -24.34989 4.690857 0.2775698
v -24.34989 7.658453 0.2775698
v -24.34989 4.690857 0.03936958
v -24.34989 7.658453 0.03936958
v -24.58809 4.690857 -0.9134302
v -24.58809 4.690857 -1.15163
v -24.58809 7.658453 -1.15163
v -24.58809 7.658453 -0.9134302
v -24.34989 4.690857 -0.9134302
v -24.34989 7.658453 -0.9134302
v -24.34989 4.690857 -1.15163
v -24.34989 7.658453 -1.15163
v -24.58809 4.690857 -2.10443
v -24.58809 4.690857 -2.34263
v -24.58809 7.658453 -2.34263
v -24.58809 7.658453 -2.10443
v -24.34989 4.690857 -2.10443
v -24.34989 7.658453 -2.10443
v -24.34989 4.690857 -2.34263
v -24.34989 7.658453 -2.34263
v -24.58809 4.690857 -3.295431
v -24.58809 4.690857 -3.53363
v -24.58809 7.658453 -3.53363
v -24.58809 7.658453 -3.295431
v -24.34989 4.690857 -3.295431
v -24.34989 7.658453 -3.295431
v -24.34989 4.690857 -3.53363
v -24.34989 7.658453 -3.53363
v -24.58809 4.690857 -4.48643
v -24.58809 4.690857 -4.72463
v -24.58809 7.658453 -4.72463
v -24.58809 7.658453 -4.48643
v -24.34989 4.690857 -4.48643
v -24.34989 7.658453 -4.48643
v -24.34989 4.690857 -4.72463
v -24.34989 7.658453 -4.72463
v -24.58809 4.690857 -5.677431
v -24.58809 4.690857 -5.91563
v -24.58809 7.658453 -5.91563
v -24.58809 7.658453 -5.677431
v -24.34989 4.690857 -5.677431
v -24.34989 7.658453 -5.677431
v -24.34989 4.690857 -5.91563
v -24.34989 7.658453 -5.91563

vt 1 0
vt 0 0
vt 0 1
vt 1 1
vt 0.7538323 0.2461677
vt 0.2461676 0.2461677
vt 0.2461676 0.7538323
vt 0.7538323 0.7538323

vn 10 0 0
vn 0 0 -10
vn 0 10 0
vn 0 -10 0
vn -10 0 0
vn 0 0 10
vn 7.491761 -6.623711 0
vn 0 -6.623756 7.49172
vn -7.491843 -6.623619 0
vn 0 -6.623664 -7.491802

usemtl white
f 3527/1633/237 3526/1632/237 3525/1631/237 3524/1630/237
f 3529/1633/238 3527/1632/238 3524/1631/238 3528/1630/238
f 3526/1633/239 3527/1632/239 3529/1631/239 3530/1630/239
f 3531/1633/240 3528/1632/240 3524/1631/240 3525/1630/240
f 3535/1633/241 3534/1632/241 3533/1631/241 3532/1630/241
f 3537/1633/239 3535/1632/239 3532/1631/239 3536/1630/239
f 3539/1633/237 3537/1632/237 3536/1631/237 3538/1630/237
f 3534/1633/240 3539/1632/240 3538/1631/240 3533/1630/240
f 3537/1633/238 3539/1632/238 3534/1631/238 3535/1630/238
f 3532/1633/242 3533/1632/242 3538/1631/242 3536/1630/242
f 3543/1633/241 3542/1632/241 3541/1631/241 3540/1630/241
f 3545/1633/239 3543/1632/239 3540/1631/239 3544/1630/239
f 3547/1633/237 3545/1632/237 3544/1631/237 3546/1630/237
f 3542/1633/240 3547/1632/240 3546/1631/240 3541/1630/240
f 3545/1633/238 3547/1632/238 3542/1631/238 3543/1630/238
f 3540/1633/242 3541/1632/242 3546/1631/242 3544/1630/242
f 3551/1633/239 3550/1632/239 3549/1631/239 3548/1630/239
f 3555/1633/240 3554/1632/240 3553/1631/240 3552/1630/240
f 3548/1633/241 3549/1632/241 3554/1631/241 3555/1630/241
f 3551/1633/242 3548/1632/242 3555/1631/242 3552/1630/242
f 3550/1633/237 3551/1632/237 3552/1631/237 3553/1630/237
f 3549/1633/238 3550/1632/238 3553/1631/238 3554/1630/238
f 3559/1633/241 3558/1632/241 3557/1631/241 3556/1630/241
f 3561/1633/242 3559/1632/242 3556/1631/242 3560/1630/242
f 3526/1633/242 3530/1632/242 3531/1631/242 3525/1630/242
f 3530/1633/241 3529/1632/241 3528/1631/241 3531/1630/241
f 3565/1633/240 3564/1632/240 3563/1631/240 3562/1630/240
f 3569/1633/239 3568/1632/239 3567/1631/239 3566/1630/239
f 3567/1633/238 3568/1632/238 3563/1631/238 3564/1630/238
f 3568/1633/237 3569/1632/237 3562/1631/237 3563/1630/237
f 3569/1633/242 3566/1632/242 3565/1631/242 3562/1630/242
f 3566/1633/241 3567/1632/241 3564/1631/241 3565/1630/241
f 3573/1633/240 3572/1632/240 3571/1631/240 3570/1630/240
f 3577/1633/239 3576/1632/239 3575/1631/239 3574/1630/239
f 3575/1633/238 3576/1632/238 3571/1631/238 3572/1630/238
f 3576/1633/237 3577/1632/237 3570/1631/237 3571/1630/237
f 3577/1633/242 3574/1632/242 3573/1631/242 3570/1630/242
f 3574/1633/241 3575/1632/241 3572/1631/241 3573/1630/241
f 3581/1633/240 3580/1632/240 3579/1631/240 3578/1630/240
f 3585/1633/239 3584/1632/239 3583/1631/239 3582/1630/239
f 3583/1633/238 3584/1632/238 3579/1631/238 3580/1630/238
f 3584/1633/237 3585/1632/237 3578/1631/237 3579/1630/237
f 3585/1633/242 3582/1632/242 3581/1631/242 3578/1630/242
f 3582/1633/241 3583/1632/241 3580/1631/241 3581/1630/241
f 3556/1633/240 3557/1632/240 3586/1631/240 3560/1630/240
f 3561/1633/239 3587/1632/239 3558/1631/239 3559/1630/239
f 3558/1633/238 3587/1632/238 3586/1631/238 3557/1630/238
f 3587/1633/237 3561/1632/237 3560/1631/237 3586/1630/237
f 3591/1633/238 3590/1632/238 3589/1631/238 3588/1630/238
f 3593/1633/239 3591/1632/239 3588/1631/239 3592/1630/239
f 3595/1633/242 3593/1632/242 3592/1631/242 3594/1630/242
f 3590/1633/240 3595/1632/240 3594/1631/240 3589/1630/240
f 3593/1633/237 3595/1632/237 3590/1631/237 3591/1630/237
f 3588/1633/241 3589/1632/241 3594/1631/241 3592/1630/241
f 3599/1633/238 3598/1632/238 3597/1631/238 3596/1630/238
f 3601/1633/239 3599/1632/239 3596/1631/239 3600/1630/239
f 3603/1633/242 3601/1632/242 3600/1631/242 3602/1630/242
f 3598/1633/240 3603/1632/240 3602/1631/240 3597/1630/240
f 3601/1633/237 3603/1632/237 3598/1631/237 3599/1630/237
f 3596/1633/241 3597/1632/241 3602/1631/241 3600/1630/241
f 3607/1633/238 3606/1632/238 3605/1631/238 3604/1630/238
f 3609/1633/241 3607/1632/241 3604/1631/241 3608/1630/241
f 3611/1633/242 3609/1632/242 3608/1631/242 3610/1630/242
f 3606/1633/237 3611/1632/237 3610/1631/237 3605/1630/237
f 3609/1633/239 3611/1632/239 3606/1631/239 3607/1630/239
f 3604/1633/240 3605/1632/240 3610/1631/240 3608/1630/240
f 3615/1633/238 3614/1632/238 3613/1631/238 3612/1630/238
f 3617/1633/241 3615/1632/241 3612/1631/241 3616/1630/241
f 3619/1633/242 3617/1632/242 3616/1631/242 3618/1630/242
f 3614/1633/237 3619/1632/237 3618/1631/237 3613/1630/237
f 3617/1633/239 3619/1632/239 3614/1631/239 3615/1630/239
f 3612/1633/240 3613/1632/240 3618/1631/240 3616/1630/240
f 3623/1633/238 3622/1632/238 3621/1631/238 3620/1630/238
f 3625/1633/241 3623/1632/241 3620/1631/241 3624/1630/241
f 3627/1633/242 3625/1632/242 3624/1631/242 3626/1630/242
f 3622/1633/237 3627/1632/237 3626/1631/237 3621/1630/237
f 3625/1633/239 3627/1632/239 3622/1631/239 3623/1630/239
f 3620/1633/240 3621/1632/240 3626/1631/240 3624/1630/240
f 3631/1633/238 3630/1632/238 3629/1631/238 3628/1630/238
f 3633/1633/241 3631/1632/241 3628/1631/241 3632/1630/241
f 3635/1633/242 3633/1632/242 3632/1631/242 3634/1630/242
f 3630/1633/237 3635/1632/237 3634/1631/237 3629/1630/237
f 3633/1633/239 3635/1632/239 3630/1631/239 3631/1630/239
f 3628/1633/240 3629/1632/240 3634/1631/240 3632/1630/240
f 3639/1633/238 3638/1632/238 3637/1631/238 3636/1630/238
f 3641/1633/241 3639/1632/241 3636/1631/241 3640/1630/241
f 3643/1633/242 3641/1632/242 3640/1631/242 3642/1630/242
f 3638/1633/237 3643/1632/237 3642/1631/237 3637/1630/237
f 3641/1633/239 3643/1632/239 3638/1631/239 3639/1630/239
f 3636/1633/240 3637/1632/240 3642/1631/240 3640/1630/240
f 3647/1633/238 3646/1632/238 3645/1631/238 3644/1630/238
f 3649/1633/241 3647/1632/241 3644/1631/241 3648/1630/241
f 3651/1633/242 3649/1632/242 3648/1631/242 3650/1630/242
f 3646/1633/237 3651/1632/237 3650/1631/237 3645/1630/237
f 3649/1633/239 3651/1632/239 3646/1631/239 3647/1630/239
f 3644/1633/240 3645/1632/240 3650/1631/240 3648/1630/240
f 3655/1633/238 3654/1632/238 3653/1631/238 3652/1630/238
f 3657/1633/241 3655/1632/241 3652/1631/241 3656/1630/241
f 3659/1633/242 3657/1632/242 3656/1631/242 3658/1630/242
f 3654/1633/237 3659/1632/237 3658/1631/237 3653/1630/237
f 3657/1633/239 3659/1632/239 3654/1631/239 3655/1630/239
f 3652/1633/240 3653/1632/240 3658/1631/240 3656/1630/240
f 3663/1633/238 3662/1632/238 3661/1631/238 3660/1630/238
f 3665/1633/241 3663/1632/241 3660/1631/241 3664/1630/241
f 3667/1633/242 3665/1632/242 3664/1631/242 3666/1630/242
f 3662/1633/237 3667/1632/237 3666/1631/237 3661/1630/237
f 3665/1633/239 3667/1632/239 3662/1631/239 3663/1630/239
f 3660/1633/240 3661/1632/240 3666/1631/240 3664/1630/240
f 3671/1633/238 3670/1632/238 3669/1631/238 3668/1630/238
f 3673/1633/241 3671/1632/241 3668/1631/241 3672/1630/241
f 3675/1633/242 3673/1632/242 3672/1631/242 3674/1630/242
f 3670/1633/237 3675/1632/237 3674/1631/237 3669/1630/237
f 3673/1633/239 3675/1632/239 3670/1631/239 3671/1630/239
f 3668/1633/240 3669/1632/240 3674/1631/240 3672/1630/240
f 3679/1633/238 3678/1632/238 3677/1631/238 3676/1630/238
f 3681/1633/241 3679/1632/241 3676/1631/241 3680/1630/241
f 3683/1633/242 3681/1632/242 3680/1631/242 3682/1630/242
f 3678/1633/237 3683/1632/237 3682/1631/237 3677/1630/237
f 3681/1633/239 3683/1632/239 3678/1631/239 3679/1630/239
f 3676/1633/240 3677/1632/240 3682/1631/240 3680/1630/240
f 3687/1633/238 3686/1632/238 3685/1631/238 3684/1630/238
f 3689/1633/241 3687/1632/241 3684/1631/241 3688/1630/241
f 3691/1633/242 3689/1632/242 3688/1631/242 3690/1630/242
f 3686/1633/237 3691/1632/237 3690/1631/237 3685/1630/237
f 3689/1633/239 3691/1632/239 3686/1631/239 3687/1630/239
f 3684/1633/240 3685/1632/240 3690/1631/240 3688/1630/240
f 3695/1633/238 3694/1632/238 3693/1631/238 3692/1630/238
f 3697/1633/241 3695/1632/241 3692/1631/241 3696/1630/241
f 3699/1633/242 3697/1632/242 3696/1631/242 3698/1630/242
f 3694/1633/237 3699/1632/237 3698/1631/237 3693/1630/237
f 3697/1633/239 3699/1632/239 3694/1631/239 3695/1630/239
f 3692/1633/240 3693/1632/240 3698/1631/240 3696/1630/240
f 3703/1633/238 3702/1632/238 3701/1631/238 3700/1630/238
f 3705/1633/241 3703/1632/241 3700/1631/241 3704/1630/241
f 3707/1633/242 3705/1632/242 3704/1631/242 3706/1630/242
f 3702/1633/237 3707/1632/237 3706/1631/237 3701/1630/237
f 3705/1633/239 3707/1632/239 3702/1631/239 3703/1630/239
f 3700/1633/240 3701/1632/240 3706/1631/240 3704/1630/240
f 3711/1633/238 3710/1632/238 3709/1631/238 3708/1630/238
f 3713/1633/241 3711/1632/241 3708/1631/241 3712/1630/241
f 3715/1633/242 3713/1632/242 3712/1631/242 3714/1630/242
f 3710/1633/237 3715/1632/237 3714/1631/237 3709/1630/237
f 3713/1633/239 3715/1632/239 3710/1631/239 3711/1630/239
f 3708/1633/240 3709/1632/240 3714/1631/240 3712/1630/240
f 3719/1633/238 3718/1632/238 3717/1631/238 3716/1630/238
f 3721/1633/241 3719/1632/241 3716/1631/241 3720/1630/241
f 3723/1633/242 3721/1632/242 3720/1631/242 3722/1630/242
f 3718/1633/237 3723/1632/237 3722/1631/237 3717/1630/237
f 3721/1633/239 3723/1632/239 3718/1631/239 3719/1630/239
f 3716/1633/240 3717/1632/240 3722/1631/240 3720/1630/240
f 3727/1633/238 3726/1632/238 3725/1631/238 3724/1630/238
f 3729/1633/241 3727/1632/241 3724/1631/241 3728/1630/241
f 3731/1633/242 3729/1632/242 3728/1631/242 3730/1630/242
f 3726/1633/237 3731/1632/237 3730/1631/237 3725/1630/237
f 3729/1633/239 3731/1632/239 3726/1631/239 3727/1630/239
f 3724/1633/240 3725/1632/240 3730/1631/240 3728/1630/240
f 3735/1633/238 3734/1632/238 3733/1631/238 3732/1630/238
f 3737/1633/241 3735/1632/241 3732/1631/241 3736/1630/241
f 3739/1633/242 3737/1632/242 3736/1631/242 3738/1630/242
f 3734/1633/237 3739/1632/237 3738/1631/237 3733/1630/237
f 3737/1633/239 3739/1632/239 3734/1631/239 3735/1630/239
f 3732/1633/240 3733/1632/240 3738/1631/240 3736/1630/240
f 3743/1633/238 3742/1632/238 3741/1631/238 3740/1630/238
f 3745/1633/241 3743/1632/241 3740/1631/241 3744/1630/241
f 3747/1633/242 3745/1632/242 3744/1631/242 3746/1630/242
f 3742/1633/237 3747/1632/237 3746/1631/237 3741/1630/237
f 3745/1633/239 3747/1632/239 3742/1631/239 3743/1630/239
f 3740/1633/240 3741/1632/240 3746/1631/240 3744/1630/240
f 3751/1633/238 3750/1632/238 3749/1631/238 3748/1630/238
f 3753/1633/241 3751/1632/241 3748/1631/241 3752/1630/241
f 3755/1633/242 3753/1632/242 3752/1631/242 3754/1630/242
f 3750/1633/237 3755/1632/237 3754/1631/237 3749/1630/237
f 3753/1633/239 3755/1632/239 3750/1631/239 3751/1630/239
f 3748/1633/240 3749/1632/240 3754/1631/240 3752/1630/240
f 3759/1633/238 3758/1632/238 3757/1631/238 3756/1630/238
f 3761/1633/241 3759/1632/241 3756/1631/241 3760/1630/241
f 3763/1633/242 3761/1632/242 3760/1631/242 3762/1630/242
f 3758/1633/237 3763/1632/237 3762/1631/237 3757/1630/237
f 3761/1633/239 3763/1632/239 3758/1631/239 3759/1630/239
f 3756/1633/240 3757/1632/240 3762/1631/240 3760/1630/240
f 3767/1633/238 3766/1632/238 3765/1631/238 3764/1630/238
f 3769/1633/241 3767/1632/241 3764/1631/241 3768/1630/241
f 3771/1633/242 3769/1632/242 3768/1631/242 3770/1630/242
f 3766/1633/237 3771/1632/237 3770/1631/237 3765/1630/237
f 3769/1633/239 3771/1632/239 3766/1631/239 3767/1630/239
f 3764/1633/240 3765/1632/240 3770/1631/240 3768/1630/240
f 3775/1633/238 3774/1632/238 3773/1631/238 3772/1630/238
f 3777/1633/241 3775/1632/241 3772/1631/241 3776/1630/241
f 3779/1633/242 3777/1632/242 3776/1631/242 3778/1630/242
f 3774/1633/237 3779/1632/237 3778/1631/237 3773/1630/237
f 3777/1633/239 3779/1632/239 3774/1631/239 3775/1630/239
f 3772/1633/240 3773/1632/240 3778/1631/240 3776/1630/240
f 3783/1633/238 3782/1632/238 3781/1631/238 3780/1630/238
f 3785/1633/241 3783/1632/241 3780/1631/241 3784/1630/241
f 3787/1633/242 3785/1632/242 3784/1631/242 3786/1630/242
f 3782/1633/237 3787/1632/237 3786/1631/237 3781/1630/237
f 3785/1633/239 3787/1632/239 3782/1631/239 3783/1630/239
f 3780/1633/240 3781/1632/240 3786/1631/240 3784/1630/240
f 3791/1633/238 3790/1632/238 3789/1631/238 3788/1630/238
f 3793/1633/241 3791/1632/241 3788/1631/241 3792/1630/241
f 3795/1633/242 3793/1632/242 3792/1631/242 3794/1630/242
f 3790/1633/237 3795/1632/237 3794/1631/237 3789/1630/237
f 3793/1633/239 3795/1632/239 3790/1631/239 3791/1630/239
f 3788/1633/240 3789/1632/240 3794/1631/240 3792/1630/240
f 3799/1633/238 3798/1632/238 3797/1631/238 3796/1630/238
f 3801/1633/241 3799/1632/241 3796/1631/241 3800/1630/241
f 3803/1633/242 3801/1632/242 3800/1631/242 3802/1630/242
f 3798/1633/237 3803/1632/237 3802/1631/237 3797/1630/237
f 3801/1633/239 3803/1632/239 3798/1631/239 3799/1630/239
f 3796/1633/240 3797/1632/240 3802/1631/240 3800/1630/240
f 3807/1633/238 3806/1632/238 3805/1631/238 3804/1630/238
f 3809/1633/241 3807/1632/241 3804/1631/241 3808/1630/241
f 3811/1633/242 3809/1632/242 3808/1631/242 3810/1630/242
f 3806/1633/237 3811/1632/237 3810/1631/237 3805/1630/237
f 3809/1633/239 3811/1632/239 3806/1631/239 3807/1630/239
f 3804/1633/240 3805/1632/240 3810/1631/240 3808/1630/240
f 3815/1633/238 3814/1632/238 3813/1631/238 3812/1630/238
f 3817/1633/241 3815/1632/241 3812/1631/241 3816/1630/241
f 3819/1633/242 3817/1632/242 3816/1631/242 3818/1630/242
f 3814/1633/237 3819/1632/237 3818/1631/237 3813/1630/237
f 3817/1633/239 3819/1632/239 3814/1631/239 3815/1630/239
f 3812/1633/240 3813/1632/240 3818/1631/240 3816/1630/240
f 3823/1633/238 3822/1632/238 3821/1631/238 3820/1630/238
f 3825/1633/241 3823/1632/241 3820/1631/241 3824/1630/241
f 3827/1633/242 3825/1632/242 3824/1631/242 3826/1630/242
f 3822/1633/237 3827/1632/237 3826/1631/237 3821/1630/237
f 3825/1633/239 3827/1632/239 3822/1631/239 3823/1630/239
f 3820/1633/240 3821/1632/240 3826/1631/240 3824/1630/240
f 3831/1633/238 3830/1632/238 3829/1631/238 3828/1630/238
f 3833/1633/241 3831/1632/241 3828/1631/241 3832/1630/241
f 3835/1633/242 3833/1632/242 3832/1631/242 3834/1630/242
f 3830/1633/237 3835/1632/237 3834/1631/237 3829/1630/237
f 3833/1633/239 3835/1632/239 3830/1631/239 3831/1630/239
f 3828/1633/240 3829/1632/240 3834/1631/240 3832/1630/240
f 3839/1633/238 3838/1632/238 3837/1631/238 3836/1630/238
f 3841/1633/241 3839/1632/241 3836/1631/241 3840/1630/241
f 3843/1633/242 3841/1632/242 3840/1631/242 3842/1630/242
f 3838/1633/237 3843/1632/237 3842/1631/237 3837/1630/237
f 3841/1633/239 3843/1632/239 3838/1631/239 3839/1630/239
f 3836/1633/240 3837/1632/240 3842/1631/240 3840/1630/240
f 3847/1633/238 3846/1632/238 3845/1631/238 3844/1630/238
f 3849/1633/241 3847/1632/241 3844/1631/241 3848/1630/241
f 3851/1633/242 3849/1632/242 3848/1631/242 3850/1630/242
f 3846/1633/237 3851/1632/237 3850/1631/237 3845/1630/237
f 3849/1633/239 3851/1632/239 3846/1631/239 3847/1630/239
f 3844/1633/240 3845/1632/240 3850/1631/240 3848/1630/240
f 3855/1633/238 3854/1632/238 3853/1631/238 3852/1630/238
f 3857/1633/241 3855/1632/241 3852/1631/241 3856/1630/241
f 3859/1633/242 3857/1632/242 3856/1631/242 3858/1630/242
f 3854/1633/237 3859/1632/237 3858/1631/237 3853/1630/237
f 3857/1633/239 3859/1632/239 3854/1631/239 3855/1630/239
f 3852/1633/240 3853/1632/240 3858/1631/240 3856/1630/240
f 3863/1633/238 3862/1632/238 3861/1631/238 3860/1630/238
f 3865/1633/241 3863/1632/241 3860/1631/241 3864/1630/241
f 3867/1633/242 3865/1632/242 3864/1631/242 3866/1630/242
f 3862/1633/237 3867/1632/237 3866/1631/237 3861/1630/237
f 3865/1633/239 3867/1632/239 3862/1631/239 3863/1630/239
f 3860/1633/240 3861/1632/240 3866/1631/240 3864/1630/240
f 3871/1633/238 3870/1632/238 3869/1631/238 3868/1630/238
f 3873/1633/241 3871/1632/241 3868/1631/241 3872/1630/241
f 3875/1633/242 3873/1632/242 3872/1631/242 3874/1630/242
f 3870/1633/237 3875/1632/237 3874/1631/237 3869/1630/237
f 3873/1633/239 3875/1632/239 3870/1631/239 3871/1630/239
f 3868/1633/240 3869/1632/240 3874/1631/240 3872/1630/240
f 3879/1633/238 3878/1632/238 3877/1631/238 3876/1630/238
f 3881/1633/241 3879/1632/241 3876/1631/241 3880/1630/241
f 3883/1633/242 3881/1632/242 3880/1631/242 3882/1630/242
f 3878/1633/237 3883/1632/237 3882/1631/237 3877/1630/237
f 3887/1637/239 3886/1636/239 3885/1635/239 3884/1634/239
f 3876/1633/240 3877/1632/240 3882/1631/240 3880/1630/240
f 3883/1632/243 3878/1631/243 3889/1635/243 3888/1636/243
f 3881/1633/244 3883/1632/244 3888/1636/244 3890/1637/244
f 3879/1630/245 3881/1633/245 3890/1637/245 3891/1634/245
f 3878/1631/246 3879/1630/246 3891/1634/246 3889/1635/246
f 3888/1636/237 3889/1635/237 3885/1635/237 3886/1636/237
f 3890/1637/242 3888/1636/242 3886/1636/242 3887/1637/242
f 3891/1634/241 3890/1637/241 3887/1637/241 3884/1634/241
f 3889/1635/238 3891/1634/238 3884/1634/238 3885/1635/238
f 3895/1633/238 3894/1632/238 3893/1631/238 3892/1630/238
f 3897/1633/241 3895/1632/241 3892/1631/241 3896/1630/241
f 3899/1633/242 3897/1632/242 3896/1631/242 3898/1630/242
f 3894/1633/237 3899/1632/237 3898/1631/237 3893/1630/237
f 3903/1637/239 3902/1636/239 3901/1635/239 3900/1634/239
f 3892/1633/240 3893/1632/240 3898/1631/240 3896/1630/240
f 3899/1632/243 3894/1631/243 3905/1635/243 3904/1636/243
f 3897/1633/244 3899/1632/244 3904/1636/244 3906/1637/244
f 3895/1630/245 3897/1633/245 3906/1637/245 3907/1634/245
f 3894/1631/246 3895/1630/246 3907/1634/246 3905/1635/246
f 3904/1636/237 3905/1635/237 3901/1635/237 3902/1636/237
f 3906/1637/242 3904/1636/242 3902/1636/242 3903/1637/242
f 3907/1634/241 3906/1637/241 3903/1637/241 3900/1634/241
f 3905/1635/238 3907/1634/238 3900/1634/238 3901/1635/238
f 3911/1633/238 3910/1632/238 3909/1631/238 3908/1630/238
f 3913/1633/241 3911/1632/241 3908/1631/241 3912/1630/241
f 3915/1633/242 3913/1632/242 3912/1631/242 3914/1630/242
f 3910/1633/237 3915/1632/237 3914/1631/237 3909/1630/237
f 3919/1637/239 3918/1636/239 3917/1635/239 3916/1634/239
f 3908/1633/240 3909/1632/240 3914/1631/240 3912/1630/240
f 3915/1632/243 3910/1631/243 3921/1635/243 3920/1636/243
f 3913/1633/244 3915/1632/244 3920/1636/244 3922/1637/244
f 3911/1630/245 3913/1633/245 3922/1637/245 3923/1634/245
f 3910/1631/246 3911/1630/246 3923/1634/246 3921/1635/246
f 3920/1636/237 3921/1635/237 3917/1635/237 3918/1636/237
f 3922/1637/242 3920/1636/242 3918/1636/242 3919/1637/242
f 3923/1634/241 3922/1637/241 3919/1637/241 3916/1634/241
f 3921/1635/238 3923/1634/238 3916/1634/238 3917/1635/238
f 3927/1633/238 3926/1632/238 3925/1631/238 3924/1630/238
f 3929/1633/241 3927/1632/241 3924/1631/241 3928/1630/241
f 3931/1633/242 3929/1632/242 3928/1631/242 3930/1630/242
f 3926/1633/237 3931/1632/237 3930/1631/237 3925/1630/237
f 3935/1637/239 3934/1636/239 3933/1635/239 3932/1634/239
f 3924/1633/240 3925/1632/240 3930/1631/240 3928/1630/240
f 3931/1632/243 3926/1631/243 3937/1635/243 3936/1636/243
f 3929/1633/244 3931/1632/244 3936/1636/244 3938/1637/244
f 3927/1630/245 3929/1633/245 3938/1637/245 3939/1634/245
f 3926/1631/246 3927/1630/246 3939/1634/246 3937/1635/246
f 3936/1636/237 3937/1635/237 3933/1635/237 3934/1636/237
f 3938/1637/242 3936/1636/242 3934/1636/242 3935/1637/242
f 3939/1634/241 3938/1637/241 3935/1637/241 3932/1634/241
f 3937/1635/238 3939/1634/238 3932/1634/238 3933/1635/238
f 3943/1633/238 3942/1632/238 3941/1631/238 3940/1630/238
f 3945/1633/241 3943/1632/241 3940/1631/241 3944/1630/241
f 3947/1633/242 3945/1632/242 3944/1631/242 3946/1630/242
f 3942/1633/237 3947/1632/237 3946/1631/237 3941/1630/237
f 3951/1637/239 3950/1636/239 3949/1635/239 3948/1634/239
f 3940/1633/240 3941/1632/240 3946/1631/240 3944/1630/240
f 3947/1632/243 3942/1631/243 3953/1635/243 3952/1636/243
f 3945/1633/244 3947/1632/244 3952/1636/244 3954/1637/244
f 3943/1630/245 3945/1633/245 3954/1637/245 3955/1634/245
f 3942/1631/246 3943/1630/246 3955/1634/246 3953/1635/246
f 3952/1636/237 3953/1635/237 3949/1635/237 3950/1636/237
f 3954/1637/242 3952/1636/242 3950/1636/242 3951/1637/242
f 3955/1634/241 3954/1637/241 3951/1637/241 3948/1634/241
f 3953/1635/238 3955/1634/238 3948/1634/238 3949/1635/238
f 3959/1633/238 3958/1632/238 3957/1631/238 3956/1630/238
f 3961/1633/241 3959/1632/241 3956/1631/241 3960/1630/241
f 3963/1633/242 3961/1632/242 3960/1631/242 3962/1630/242
f 3958/1633/237 3963/1632/237 3962/1631/237 3957/1630/237
f 3967/1637/239 3966/1636/239 3965/1635/239 3964/1634/239
f 3956/1633/240 3957/1632/240 3962/1631/240 3960/1630/240
f 3963/1632/243 3958/1631/243 3969/1635/243 3968/1636/243
f 3961/1633/244 3963/1632/244 3968/1636/244 3970/1637/244
f 3959/1630/245 3961/1633/245 3970/1637/245 3971/1634/245
f 3958/1631/246 3959/1630/246 3971/1634/246 3969/1635/246
f 3968/1636/237 3969/1635/237 3965/1635/237 3966/1636/237
f 3970/1637/242 3968/1636/242 3966/1636/242 3967/1637/242
f 3971/1634/241 3970/1637/241 3967/1637/241 3964/1634/241
f 3969/1635/238 3971/1634/238 3964/1634/238 3965/1635/238
f 3975/1633/240 3974/1632/240 3973/1631/240 3972/1630/240
f 3979/1633/239 3978/1632/239 3977/1631/239 3976/1630/239
f 3977/1633/238 3978/1632/238 3973/1631/238 3974/1630/238
f 3978/1633/237 3979/1632/237 3972/1631/237 3973/1630/237
f 3979/1633/242 3976/1632/242 3975/1631/242 3972/1630/242
f 3976/1633/241 3977/1632/241 3974/1631/241 3975/1630/241
f 3983/1633/240 3982/1632/240 3981/1631/240 3980/1630/240
f 3987/1633/239 3986/1632/239 3985/1631/239 3984/1630/239
f 3985/1633/238 3986/1632/238 3981/1631/238 3982/1630/238
f 3986/1633/237 3987/1632/237 3980/1631/237 3981/1630/237
f 3987/1633/242 3984/1632/242 3983/1631/242 3980/1630/242
f 3984/1633/241 3985/1632/241 3982/1631/241 3983/1630/241
f 3991/1633/240 3990/1632/240 3989/1631/240 3988/1630/240
f 3995/1633/239 3994/1632/239 3993/1631/239 3992/1630/239
f 3999/1633/241 3998/1632/241 3997/1631/241 3996/1630/241
f 4001/1633/242 3999/1632/242 3996/1631/242 4000/1630/242
f 4003/1633/237 4001/1632/237 4000/1631/237 4002/1630/237
f 3998/1633/238 4003/1632/238 4002/1631/238 3997/1630/238
f 4007/1637/239 4006/1636/239 4005/1635/239 4004/1634/239
f 3996/1633/240 3997/1632/240 4002/1631/240 4000/1630/240
f 4003/1632/246 3998/1631/246 4009/1635/246 4008/1636/246
f 4001/1633/243 4003/1632/243 4008/1636/243 4010/1637/243
f 3999/1630/244 4001/1633/244 4010/1637/244 4011/1634/244
f 3998/1631/245 3999/1630/245 4011/1634/245 4009/1635/245
f 4008/1636/238 4009/1635/238 4005/1635/238 4006/1636/238
f 4010/1637/237 4008/1636/237 4006/1636/237 4007/1637/237
f 4011/1634/242 4010/1637/242 4007/1637/242 4004/1634/242
f 4009/1635/241 4011/1634/241 4004/1634/241 4005/1635/241
f 4015/1633/241 4014/1632/241 4013/1631/241 4012/1630/241
f 4017/1633/242 4015/1632/242 4012/1631/242 4016/1630/242
f 4019/1633/237 4017/1632/237 4016/1631/237 4018/1630/237
f 4014/1633/238 4019/1632/238 4018/1631/238 4013/1630/238
f 4023/1637/239 4022/1636/239 4021/1635/239 4020/1634/239
f 4012/1633/240 4013/1632/240 4018/1631/240 4016/1630/240
f 4019/1632/246 4014/1631/246 4025/1635/246 4024/1636/246
f 4017/1633/243 4019/1632/243 4024/1636/243 4026/1637/243
f 4015/1630/244 4017/1633/244 4026/1637/244 4027/1634/244
f 4014/1631/245 4015/1630/245 4027/1634/245 4025/1635/245
f 4024/1636/238 4025/1635/238 4021/1635/238 4022/1636/238
f 4026/1637/237 4024/1636/237 4022/1636/237 4023/1637/237
f 4027/1634/242 4026/1637/242 4023/1637/242 4020/1634/242
f 4025/1635/241 4027/1634/241 4020/1634/241 4021/1635/241
f 4031/1633/241 4030/1632/241 4029/1631/241 4028/1630/241
f 4033/1633/242 4031/1632/242 4028/1631/242 4032/1630/242
f 4035/1633/237 4033/1632/237 4032/1631/237 4034/1630/237
f 4030/1633/238 4035/1632/238 4034/1631/238 4029/1630/238
f 4039/1637/239 4038/1636/239 4037/1635/239 4036/1634/239
f 4028/1633/240 4029/1632/240 4034/1631/240 4032/1630/240
f 4035/1632/246 4030/1631/246 4041/1635/246 4040/1636/246
f 4033/1633/243 4035/1632/243 4040/1636/243 4042/1637/243
f 4031/1630/244 4033/1633/244 4042/1637/244 4043/1634/244
f 4030/1631/245 4031/1630/245 4043/1634/245 4041/1635/245
f 4040/1636/238 4041/1635/238 4037/1635/238 4038/1636/238
f 4042/1637/237 4040/1636/237 4038/1636/237 4039/1637/237
f 4043/1634/242 4042/1637/242 4039/1637/242 4036/1634/242
f 4041/1635/241 4043/1634/241 4036/1634/241 4037/1635/241
f 4047/1633/241 4046/1632/241 4045/1631/241 4044/1630/241
f 4049/1633/242 4047/1632/242 4044/1631/242 4048/1630/242
f 4051/1633/237 4049/1632/237 4048/1631/237 4050/1630/237
f 4046/1633/238 4051/1632/238 4050/1631/238 4045/1630/238
f 4055/1637/239 4054/1636/239 4053/1635/239 4052/1634/239
f 4044/1633/240 4045/1632/240 4050/1631/240 4048/1630/240
f 4051/1632/246 4046/1631/246 4057/1635/246 4056/1636/246
f 4049/1633/243 4051/1632/243 4056/1636/243 4058/1637/243
f 4047/1630/244 4049/1633/244 4058/1637/244 4059/1634/244
f 4046/1631/245 4047/1630/245 4059/1634/245 4057/1635/245
f 4056/1636/238 4057/1635/238 4053/1635/238 4054/1636/238
f 4058/1637/237 4056/1636/237 4054/1636/237 4055/1637/237
f 4059/1634/242 4058/1637/242 4055/1637/242 4052/1634/242
f 4057/1635/241 4059/1634/241 4052/1634/241 4053/1635/241
f 4063/1633/241 4062/1632/241 4061/1631/241 4060/1630/241
f 4065/1633/239 4063/1632/239 4060/1631/239 4064/1630/239
f 4067/1633/237 4065/1632/237 4064/1631/237 4066/1630/237
f 4062/1633/240 4067/1632/240 4066/1631/240 4061/1630/240
f 4065/1633/238 4067/1632/238 4062/1631/238 4063/1630/238
f 4060/1633/242 4061/1632/242 4066/1631/242 4064/1630/242
f 4071/1633/241 4070/1632/241 4069/1631/241 4068/1630/241
f 4073/1633/239 4071/1632/239 4068/1631/239 4072/1630/239
f 4075/1633/237 4073/1632/237 4072/1631/237 4074/1630/237
f 4070/1633/240 4075/1632/240 4074/1631/240 4069/1630/240
f 4073/1633/238 4075/1632/238 4070/1631/238 4071/1630/238
f 4068/1633/242 4069/1632/242 4074/1631/242 4072/1630/242
f 4079/1633/241 4078/1632/241 4077/1631/241 4076/1630/241
f 4081/1633/242 4079/1632/242 4076/1631/242 4080/1630/242
f 4083/1633/237 4081/1632/237 4080/1631/237 4082/1630/237
f 4078/1633/238 4083/1632/238 4082/1631/238 4077/1630/238
f 4081/1633/239 4083/1632/239 4078/1631/239 4079/1630/239
f 4076/1633/240 4077/1632/240 4082/1631/240 4080/1630/240
f 4087/1633/241 4086/1632/241 4085/1631/241 4084/1630/241
f 4089/1633/242 4087/1632/242 4084/1631/242 4088/1630/242
f 4091/1633/237 4089/1632/237 4088/1631/237 4090/1630/237
f 4086/1633/238 4091/1632/238 4090/1631/238 4085/1630/238
f 4089/1633/239 4091/1632/239 4086/1631/239 4087/1630/239
f 4084/1633/240 4085/1632/240 4090/1631/240 4088/1630/240
f 4095/1633/241 4094/1632/241 4093/1631/241 4092/1630/241
f 4097/1633/242 4095/1632/242 4092/1631/242 4096/1630/242
f 4099/1633/237 4097/1632/237 4096/1631/237 4098/1630/237
f 4094/1633/238 4099/1632/238 4098/1631/238 4093/1630/238
f 4097/1633/239 4099/1632/239 4094/1631/239 4095/1630/239
f 4092/1633/240 4093/1632/240 4098/1631/240 4096/1630/240
f 4103/1633/241 4102/1632/241 4101/1631/241 4100/1630/241
f 4105/1633/242 4103/1632/242 4100/1631/242 4104/1630/242
f 4107/1633/237 4105/1632/237 4104/1631/237 4106/1630/237
f 4102/1633/238 4107/1632/238 4106/1631/238 4101/1630/238
f 4105/1633/239 4107/1632/239 4102/1631/239 4103/1630/239
f 4100/1633/240 4101/1632/240 4106/1631/240 4104/1630/240
f 4111/1633/241 4110/1632/241 4109/1631/241 4108/1630/241
f 4113/1633/242 4111/1632/242 4108/1631/242 4112/1630/242
f 4115/1633/237 4113/1632/237 4112/1631/237 4114/1630/237
f 4110/1633/238 4115/1632/238 4114/1631/238 4109/1630/238
f 4113/1633/239 4115/1632/239 4110/1631/239 4111/1630/239
f 4108/1633/240 4109/1632/240 4114/1631/240 4112/1630/240
f 4119/1633/241 4118/1632/241 4117/1631/241 4116/1630/241
f 4121/1633/242 4119/1632/242 4116/1631/242 4120/1630/242
f 4123/1633/237 4121/1632/237 4120/1631/237 4122/1630/237
f 4118/1633/238 4123/1632/238 4122/1631/238 4117/1630/238
f 4121/1633/239 4123/1632/239 4118/1631/239 4119/1630/239
f 4116/1633/240 4117/1632/240 4122/1631/240 4120/1630/240
f 4127/1633/241 4126/1632/241 4125/1631/241 4124/1630/241
f 4129/1633/242 4127/1632/242 4124/1631/242 4128/1630/242
f 4131/1633/237 4129/1632/237 4128/1631/237 4130/1630/237
f 4126/1633/238 4131/1632/238 4130/1631/238 4125/1630/238
f 4129/1633/239 4131/1632/239 4126/1631/239 4127/1630/239
f 4124/1633/240 4125/1632/240 4130/1631/240 4128/1630/240
f 4135/1633/241 4134/1632/241 4133/1631/241 4132/1630/241
f 4137/1633/242 4135/1632/242 4132/1631/242 4136/1630/242
f 4139/1633/237 4137/1632/237 4136/1631/237 4138/1630/237
f 4134/1633/238 4139/1632/238 4138/1631/238 4133/1630/238
f 4137/1633/239 4139/1632/239 4134/1631/239 4135/1630/239
f 4132/1633/240 4133/1632/240 4138/1631/240 4136/1630/240
f 4143/1633/241 4142/1632/241 4141/1631/241 4140/1630/241
f 4145/1633/242 4143/1632/242 4140/1631/242 4144/1630/242
f 4147/1633/237 4145/1632/237 4144/1631/237 4146/1630/237
f 4142/1633/238 4147/1632/238 4146/1631/238 4141/1630/238
f 4145/1633/239 4147/1632/239 4142/1631/239 4143/1630/239
f 4140/1633/240 4141/1632/240 4146/1631/240 4144/1630/240
f 4151/1633/241 4150/1632/241 4149/1631/241 4148/1630/241
f 4153/1633/242 4151/1632/242 4148/1631/242 4152/1630/242
f 4155/1633/237 4153/1632/237 4152/1631/237 4154/1630/237
f 4150/1633/238 4155/1632/238 4154/1631/238 4149/1630/238
f 4153/1633/239 4155/1632/239 4150/1631/239 4151/1630/239
f 4148/1633/240 4149/1632/240 4154/1631/240 4152/1630/240
f 4159/1633/241 4158/1632/241 4157/1631/241 4156/1630/241
f 4161/1633/242 4159/1632/242 4156/1631/242 4160/1630/242
f 4163/1633/237 4161/1632/237 4160/1631/237 4162/1630/237
f 4158/1633/238 4163/1632/238 4162/1631/238 4157/1630/238
f 4161/1633/239 4163/1632/239 4158/1631/239 4159/1630/239
f 4156/1633/240 4157/1632/240 4162/1631/240 4160/1630/240
f 4167/1633/241 4166/1632/241 4165/1631/241 4164/1630/241
f 4169/1633/242 4167/1632/242 4164/1631/242 4168/1630/242
f 4171/1633/237 4169/1632/237 4168/1631/237 4170/1630/237
f 4166/1633/238 4171/1632/238 4170/1631/238 4165/1630/238
f 4169/1633/239 4171/1632/239 4166/1631/239 4167/1630/239
f 4164/1633/240 4165/1632/240 4170/1631/240 4168/1630/240
f 4175/1633/241 4174/1632/241 4173/1631/241 4172/1630/241
f 4177/1633/242 4175/1632/242 4172/1631/242 4176/1630/242
f 4179/1633/237 4177/1632/237 4176/1631/237 4178/1630/237
f 4174/1633/238 4179/1632/238 4178/1631/238 4173/1630/238
f 4177/1633/239 4179/1632/239 4174/1631/239 4175/1630/239
f 4172/1633/240 4173/1632/240 4178/1631/240 4176/1630/240
f 4183/1633/241 4182/1632/241 4181/1631/241 4180/1630/241
f 4185/1633/242 4183/1632/242 4180/1631/242 4184/1630/242
f 4187/1633/237 4185/1632/237 4184/1631/237 4186/1630/237
f 4182/1633/238 4187/1632/238 4186/1631/238 4181/1630/238
f 4185/1633/239 4187/1632/239 4182/1631/239 4183/1630/239
f 4180/1633/240 4181/1632/240 4186/1631/240 4184/1630/240
f 4191/1633/241 4190/1632/241 4189/1631/241 4188/1630/241
f 4193/1633/242 4191/1632/242 4188/1631/242 4192/1630/242
f 4195/1633/237 4193/1632/237 4192/1631/237 4194/1630/237
f 4190/1633/238 4195/1632/238 4194/1631/238 4189/1630/238
f 4193/1633/239 4195/1632/239 4190/1631/239 4191/1630/239
f 4188/1633/240 4189/1632/240 4194/1631/240 4192/1630/240
f 4199/1633/241 4198/1632/241 4197/1631/241 4196/1630/241
f 4201/1633/242 4199/1632/242 4196/1631/242 4200/1630/242
f 4203/1633/237 4201/1632/237 4200/1631/237 4202/1630/237
f 4198/1633/238 4203/1632/238 4202/1631/238 4197/1630/238
f 4201/1633/239 4203/1632/239 4198/1631/239 4199/1630/239
f 4196/1633/240 4197/1632/240 4202/1631/240 4200/1630/240
f 4207/1633/241 4206/1632/241 4205/1631/241 4204/1630/241
f 4209/1633/242 4207/1632/242 4204/1631/242 4208/1630/242
f 4211/1633/237 4209/1632/237 4208/1631/237 4210/1630/237
f 4206/1633/238 4211/1632/238 4210/1631/238 4205/1630/238
f 4209/1633/239 4211/1632/239 4206/1631/239 4207/1630/239
f 4204/1633/240 4205/1632/240 4210/1631/240 4208/1630/240
f 4215/1633/241 4214/1632/241 4213/1631/241 4212/1630/241
f 4217/1633/242 4215/1632/242 4212/1631/242 4216/1630/242
f 4219/1633/237 4217/1632/237 4216/1631/237 4218/1630/237
f 4214/1633/238 4219/1632/238 4218/1631/238 4213/1630/238
f 4217/1633/239 4219/1632/239 4214/1631/239 4215/1630/239
f 4212/1633/240 4213/1632/240 4218/1631/240 4216/1630/240
f 4223/1633/241 4222/1632/241 4221/1631/241 4220/1630/241
f 4225/1633/242 4223/1632/242 4220/1631/242 4224/1630/242
f 4227/1633/237 4225/1632/237 4224/1631/237 4226/1630/237
f 4222/1633/238 4227/1632/238 4226/1631/238 4221/1630/238
f 4225/1633/239 4227/1632/239 4222/1631/239 4223/1630/239
f 4220/1633/240 4221/1632/240 4226/1631/240 4224/1630/240
f 4231/1633/241 4230/1632/241 4229/1631/241 4228/1630/241
f 4233/1633/242 4231/1632/242 4228/1631/242 4232/1630/242
f 4235/1633/237 4233/1632/237 4232/1631/237 4234/1630/237
f 4230/1633/238 4235/1632/238 4234/1631/238 4229/1630/238
f 4233/1633/239 4235/1632/239 4230/1631/239 4231/1630/239
f 4228/1633/240 4229/1632/240 4234/1631/240 4232/1630/240
f 4239/1633/241 4238/1632/241 4237/1631/241 4236/1630/241
f 4241/1633/242 4239/1632/242 4236/1631/242 4240/1630/242
f 4243/1633/237 4241/1632/237 4240/1631/237 4242/1630/237
f 4238/1633/238 4243/1632/238 4242/1631/238 4237/1630/238
f 4241/1633/239 4243/1632/239 4238/1631/239 4239/1630/239
f 4236/1633/240 4237/1632/240 4242/1631/240 4240/1630/240
f 4247/1633/241 4246/1632/241 4245/1631/241 4244/1630/241
f 4249/1633/242 4247/1632/242 4244/1631/242 4248/1630/242
f 4251/1633/237 4249/1632/237 4248/1631/237 4250/1630/237
f 4246/1633/238 4251/1632/238 4250/1631/238 4245/1630/238
f 4249/1633/239 4251/1632/239 4246/1631/239 4247/1630/239
f 4244/1633/240 4245/1632/240 4250/1631/240 4248/1630/240
f 4255/1633/241 4254/1632/241 4253/1631/241 4252/1630/241
f 4257/1633/242 4255/1632/242 4252/1631/242 4256/1630/242
f 4259/1633/237 4257/1632/237 4256/1631/237 4258/1630/237
f 4254/1633/238 4259/1632/238 4258/1631/238 4253/1630/238
f 4257/1633/239 4259/1632/239 4254/1631/239 4255/1630/239
f 4252/1633/240 4253/1632/240 4258/1631/240 4256/1630/240
f 4263/1633/241 4262/1632/241 4261/1631/241 4260/1630/241
f 4265/1633/242 4263/1632/242 4260/1631/242 4264/1630/242
f 4267/1633/237 4265/1632/237 4264/1631/237 4266/1630/237
f 4262/1633/238 4267/1632/238 4266/1631/238 4261/1630/238
f 4265/1633/239 4267/1632/239 4262/1631/239 4263/1630/239
f 4260/1633/240 4261/1632/240 4266/1631/240 4264/1630/240
f 4271/1633/241 4270/1632/241 4269/1631/241 4268/1630/241
f 4273/1633/242 4271/1632/242 4268/1631/242 4272/1630/242
f 4275/1633/237 4273/1632/237 4272/1631/237 4274/1630/237
f 4270/1633/238 4275/1632/238 4274/1631/238 4269/1630/238
f 4273/1633/239 4275/1632/239 4270/1631/239 4271/1630/239
f 4268/1633/240 4269/1632/240 4274/1631/240 4272/1630/240
f 3992/1633/241 3993/1632/241 3990/1631/241 3991/1630/241
f 3995/1633/242 3992/1632/242 3991/1631/242 3988/1630/242
f 3994/1633/237 3995/1632/237 3988/1631/237 3989/1630/237
f 3993/1633/238 3994/1632/238 3989/1631/238 3990/1630/238

