# 3ds Max Wavefront OBJ Exporter v0.97b - (c)2007 guruware
# File Created: 15.03.2017 11:47:34

mtllib SPW_Urban_Train Station.mtl

#
# object SPW_Urban_Train_Station
#

v  162.0418 365.5499 227.3639
v  157.7265 366.5969 227.3639
v  157.7265 369.2269 227.3639
v  186.0401 347.1330 227.3639
v  165.8362 369.2269 227.3639
v  186.0401 365.5475 227.3639
v  181.7110 366.5944 227.3639
v  181.7110 369.2234 227.3639
v  194.2788 366.5977 227.3639
v  194.2788 369.2234 227.3639
v  189.9485 365.5656 227.3639
v  189.9485 336.2453 227.3639
v  185.3647 336.2453 227.3639
v  165.8419 357.6121 227.3639
v  162.0418 339.9325 227.3639
v  165.8419 339.9482 227.3639
v  170.1595 338.8851 227.3639
v  170.1595 336.2431 227.3639
v  157.7222 338.8899 227.3639
v  157.7222 336.2477 227.3639
v  139.9943 366.4370 227.3639
v  138.1146 366.6753 227.3639
v  138.8018 369.9006 227.3639
v  141.6887 365.7222 227.3639
v  143.0389 364.6102 227.3639
v  151.4834 363.2029 227.3639
v  141.9859 369.5712 227.3639
v  145.4446 368.5281 227.3639
v  148.7934 366.4420 227.3639
v  144.5480 362.3599 227.3639
v  145.5806 359.3947 227.3639
v  146.1365 356.2706 227.3639
v  146.3483 352.6965 227.3639
v  146.2159 349.3341 227.3639
v  145.5806 345.8659 227.3639
v  153.1853 359.6894 227.3639
v  154.1186 355.7367 227.3639
v  153.5695 346.7333 227.3639
v  154.1734 351.0154 227.3639
v  152.3069 343.6041 227.3639
v  150.2207 340.4749 227.3639
v  144.4015 336.5222 227.3639
v  147.3660 338.0044 227.3639
v  144.7333 343.4567 227.3639
v  143.4361 341.3387 227.3639
v  141.9005 339.9355 227.3639
v  140.6562 339.3001 227.3639
v  139.4118 338.9294 227.3639
v  138.2528 338.8095 227.3639
v  141.2173 335.8085 227.3639
v  138.2528 335.5340 227.3639
v  136.7085 338.8831 227.3639
v  135.0170 339.3795 227.3639
v  132.9519 340.8621 227.3639
v  126.6143 339.5416 227.3639
v  135.4253 335.7246 227.3639
v  132.5434 336.2477 227.3639
v  129.6337 337.4006 227.3639
v  131.3899 343.1125 227.3639
v  130.3309 346.0777 227.3639
v  129.8543 349.2547 227.3639
v  129.6425 352.8817 227.3639
v  129.8543 356.6413 227.3639
v  127.2182 366.5517 227.3639
v  124.1988 342.7257 227.3639
v  122.7165 346.0197 227.3639
v  121.7832 353.7055 227.3639
v  121.8381 350.1371 227.3639
v  122.1675 357.5484 227.3639
v  123.3204 361.1717 227.3639
v  125.0771 364.0814 227.3639
v  130.4897 359.8712 227.3639
v  131.5223 362.6511 227.3639
v  132.9784 364.6632 227.3639
v  134.6993 365.9075 227.3639
v  136.5790 366.5164 227.3639
v  129.9082 368.2536 227.3639
v  132.4885 369.2418 227.3639
v  135.6726 369.8457 227.3639
v  106.0583 365.5543 227.3639
v  101.7241 366.5948 227.3639
v  101.7241 369.2352 227.3639
v  118.0751 366.5944 227.3639
v  118.0751 369.2352 227.3639
v  113.7403 365.5573 227.3639
v  106.0583 339.9218 227.3639
v  113.7403 339.9258 227.3639
v  118.0731 336.2481 227.3639
v  118.0731 338.8870 227.3639
v  101.7383 338.8879 227.3639
v  101.7383 336.2477 227.3639
v  74.9437 365.6098 227.3639
v  73.0150 359.2466 227.3639
v  70.1821 359.2466 227.3639
v  70.1821 369.2310 227.3639
v  80.8298 365.6098 227.3639
v  88.5181 365.6008 227.3639
v  99.1586 369.2310 227.3639
v  99.1586 359.2397 227.3639
v  96.2918 359.2397 227.3639
v  94.3551 365.6008 227.3639
v  80.8298 339.9211 227.3639
v  88.5181 339.9373 227.3639
v  92.8539 338.8802 227.3639
v  92.8539 336.2603 227.3639
v  76.4955 338.8867 227.3639
v  76.4955 336.2477 227.3639
v  64.6960 339.9705 227.3639
v  69.2188 338.8868 227.3639
v  69.2188 336.2495 227.3639
v  53.2451 338.8823 227.3639
v  53.2451 336.2495 227.3639
v  56.5753 339.6909 227.3639
v  54.5676 345.3417 227.3639
v  53.4014 348.5836 227.3639
v  49.7205 358.6302 227.3639
v  54.1420 369.4667 227.3639
v  38.7781 339.9666 227.3639
v  50.0410 369.4667 227.3639
v  45.9424 348.5925 227.3639
v  44.6772 345.3417 227.3639
v  42.5482 339.8290 227.3639
v  46.5010 336.2592 227.3639
v  46.5010 338.8791 227.3639
v  34.1664 338.8829 227.3639
v  34.1664 336.2477 227.3639
v  9.3695 365.6098 227.3639
v  7.4408 359.2466 227.3639
v  4.6079 359.2466 227.3639
v  4.6079 369.2310 227.3639
v  15.2557 365.6098 227.3639
v  22.9439 365.6008 227.3639
v  33.5844 369.2310 227.3639
v  33.5844 359.2397 227.3639
v  30.7176 359.2397 227.3639
v  28.7809 365.6008 227.3639
v  15.2557 339.9211 227.3639
v  22.9439 339.9373 227.3639
v  27.2798 338.8802 227.3639
v  27.2798 336.2603 227.3639
v  10.9214 338.8867 227.3639
v  10.9214 336.2477 227.3639
v  -20.6848 337.0648 227.3639
v  -22.5233 337.7670 227.3639
v  -22.5233 346.4242 227.3640
v  -14.7573 335.7600 227.3640
v  -19.8759 346.4242 227.3640
v  -17.5036 339.8492 227.3639
v  -10.6704 349.2103 227.3640
v  -15.8336 351.7995 227.3640
v  -18.7139 353.8219 227.3639
v  -7.2692 347.4484 227.3640
v  -20.9661 356.4877 227.3639
v  -21.8547 358.8012 227.3639
v  -22.0232 362.9685 227.3639
v  -22.1458 360.9920 227.3639
v  -5.7524 346.2074 227.3640
v  -21.4257 364.7457 227.3639
v  -20.3226 366.3697 227.3639
v  -16.7528 368.8517 227.3639
v  -18.7292 367.7639 227.3639
v  -14.4087 369.5871 227.3639
v  -12.1872 369.8782 227.3639
v  -7.7748 369.8322 227.3639
v  -10.0882 369.9395 227.3639
v  -12.2783 366.1464 227.3639
v  -4.3123 369.4339 227.3639
v  -1.6158 368.8364 227.3639
v  -0.4055 359.8143 227.3639
v  -0.4055 368.4839 227.3639
v  -2.9977 359.8143 227.3639
v  -5.3413 366.1252 227.3639
v  -6.9372 366.4018 227.3639
v  -8.5013 366.5508 227.3639
v  -10.3951 366.4763 227.3639
v  -13.8210 365.5719 227.3639
v  -15.0445 364.7208 227.3639
v  -15.6297 363.7206 227.3639
v  -15.7893 362.6673 227.3639
v  -15.5552 361.6246 227.3639
v  -14.8317 360.5394 227.3639
v  1.6808 345.3143 227.3639
v  -10.9909 358.2307 227.3639
v  -4.9370 355.3260 227.3639
v  -1.9260 353.2301 227.3639
v  -13.3103 359.4329 227.3639
v  -0.1067 351.3043 227.3640
v  1.0105 349.2509 227.3640
v  1.5956 346.9634 227.3640
v  -4.8638 344.7979 227.3639
v  -4.6800 343.4803 227.3639
v  -5.0017 342.1014 227.3639
v  -5.8750 340.9830 227.3639
v  -7.2539 340.1556 227.3639
v  -7.9161 335.7813 227.3639
v  1.4892 343.3353 227.3639
v  1.0211 341.6649 227.3639
v  -0.6812 339.0263 227.3639
v  0.3508 340.3243 227.3639
v  -1.8835 337.9731 227.3639
v  -3.3943 337.0580 227.3639
v  -5.3094 336.3345 227.3639
v  -9.9963 339.3130 227.3639
v  -13.0911 339.1292 227.3639
v  -15.3740 339.3283 227.3639
v  -10.9164 335.5472 227.3639
v  -17.7228 336.2477 227.3639
v  -68.7113 365.5499 227.3639
v  -73.0267 366.5969 227.3639
v  -73.0267 369.2269 227.3639
v  -44.7130 347.1330 227.3640
v  -64.9169 369.2269 227.3639
v  -44.7130 365.5475 227.3639
v  -49.0422 366.5944 227.3639
v  -49.0422 369.2234 227.3639
v  -36.4743 366.5977 227.3639
v  -36.4743 369.2234 227.3639
v  -40.8046 365.5656 227.3639
v  -40.8046 336.2453 227.3640
v  -45.3884 336.2453 227.3640
v  -64.9112 357.6121 227.3639
v  -68.7113 339.9325 227.3639
v  -64.9112 339.9482 227.3639
v  -60.5936 338.8851 227.3640
v  -60.5936 336.2431 227.3640
v  -73.0309 338.8899 227.3639
v  -73.0309 336.2477 227.3639
v  -88.1319 365.5543 227.3639
v  -92.4662 366.5948 227.3639
v  -92.4662 369.2352 227.3639
v  -76.1152 366.5944 227.3639
v  -76.1152 369.2352 227.3639
v  -80.4500 365.5573 227.3639
v  -88.1319 339.9218 227.3639
v  -80.4500 339.9258 227.3639
v  -76.1171 336.2481 227.3639
v  -76.1171 338.8870 227.3639
v  -92.4519 338.8879 227.3639
v  -92.4519 336.2477 227.3639
v  -98.4983 339.9705 227.3639
v  -93.9755 338.8868 227.3639
v  -93.9755 336.2495 227.3639
v  -109.9492 338.8823 227.3639
v  -109.9492 336.2495 227.3639
v  -106.6190 339.6909 227.3639
v  -108.6267 345.3417 227.3639
v  -109.7929 348.5836 227.3639
v  -113.4738 358.6302 227.3639
v  -109.0523 369.4667 227.3639
v  -124.4162 339.9666 227.3639
v  -113.1533 369.4667 227.3639
v  -117.2520 348.5925 227.3639
v  -118.5171 345.3417 227.3639
v  -120.6461 339.8290 227.3639
v  -116.6933 336.2592 227.3639
v  -116.6933 338.8791 227.3639
v  -129.0279 338.8829 227.3639
v  -129.0279 336.2477 227.3639
v  -148.5854 339.9463 227.3639
v  -144.4870 338.8611 227.3639
v  -144.4870 336.2437 227.3639
v  -160.6020 338.8846 227.3639
v  -160.6020 336.2477 227.3639
v  -156.2742 339.9160 227.3639
v  -148.5854 350.5141 227.3639
v  -148.5854 353.8332 227.3639
v  -148.5854 365.8008 227.3640
v  -156.2742 365.5651 227.3640
v  -160.6023 369.2360 227.3640
v  -160.6023 366.5909 227.3640
v  -146.6705 365.7824 227.3640
v  -145.1866 365.5977 227.3640
v  -143.8431 369.2360 227.3640
v  -143.8197 365.2098 227.3640
v  -142.5267 364.4955 227.3639
v  -141.4096 363.3465 227.3639
v  -140.6861 361.8995 227.3639
v  -140.5338 368.7594 227.3640
v  -137.4363 367.6740 227.3639
v  -133.4651 363.6763 227.3639
v  -135.1595 366.1649 227.3639
v  -132.8297 361.5848 227.3639
v  -132.8297 358.9903 227.3639
v  -134.7359 354.5955 227.3639
v  -133.4651 356.6870 227.3639
v  -140.4627 360.5377 227.3639
v  -140.5052 359.0906 227.3639
v  -140.9415 357.3458 227.3639
v  -141.7500 356.0158 227.3639
v  -136.6950 352.9012 227.3639
v  -139.1043 351.7979 227.3639
v  -146.9362 350.5141 227.3639
v  -132.5101 339.8629 227.3639
v  -127.9905 338.7393 227.3639
v  -127.9905 336.2497 227.3639
v  -139.4238 336.2497 227.3639
v  -142.8140 355.0157 227.3639
v  -144.4631 354.2177 227.3639
v  -146.4634 353.8453 227.3639
v  -187.4140 365.6098 227.3639
v  -189.3427 359.2466 227.3639
v  -192.1756 359.2466 227.3639
v  -192.1756 369.2310 227.3639
v  -181.5278 365.6098 227.3640
v  -173.8396 365.6008 227.3640
v  -163.1991 369.2310 227.3640
v  -163.1991 359.2397 227.3639
v  -166.0659 359.2397 227.3639
v  -168.0026 365.6008 227.3640
v  -181.5278 339.9211 227.3639
v  -173.8396 339.9373 227.3639
v  -169.5037 338.8802 227.3639
v  -169.5037 336.2603 227.3639
v  -185.8621 338.8867 227.3639
v  -185.8621 336.2477 227.3639
v  157.7222 336.2477 233.2589
v  170.1595 336.2431 233.2589
v  170.1595 338.8851 233.2589
v  162.0418 339.9325 233.2589
v  165.8419 357.6121 233.2589
v  185.3647 336.2453 233.2589
v  189.9485 336.2453 233.2589
v  186.0401 347.1330 233.2589
v  189.9485 365.5656 233.2589
v  194.2788 366.5977 233.2589
v  194.2788 369.2234 233.2589
v  181.7110 366.5944 233.2589
v  181.7110 369.2234 233.2589
v  186.0401 365.5475 233.2589
v  165.8362 369.2269 233.2589
v  157.7265 369.2269 233.2589
v  162.0418 365.5499 233.2589
v  157.7265 366.5969 233.2589
v  165.8419 339.9482 233.2589
v  157.7222 338.8899 233.2589
v  138.2528 335.5340 233.2589
v  141.2173 335.8085 233.2589
v  144.4015 336.5222 233.2589
v  150.2207 340.4749 233.2589
v  147.3660 338.0044 233.2589
v  152.3069 343.6041 233.2589
v  153.5695 346.7333 233.2589
v  154.1186 355.7367 233.2589
v  154.1734 351.0154 233.2589
v  153.1853 359.6894 233.2589
v  151.4834 363.2029 233.2589
v  145.4446 368.5281 233.2589
v  148.7934 366.4420 233.2589
v  145.5806 359.3947 233.2589
v  141.9859 369.5712 233.2589
v  138.8018 369.9006 233.2589
v  139.9943 366.4370 233.2589
v  138.1146 366.6753 233.2589
v  141.6887 365.7222 233.2589
v  143.0389 364.6102 233.2589
v  144.5480 362.3599 233.2589
v  146.1365 356.2706 233.2589
v  146.3483 352.6964 233.2589
v  146.2159 349.3341 233.2589
v  145.5806 345.8659 233.2589
v  144.7333 343.4567 233.2589
v  143.4361 341.3387 233.2589
v  141.9005 339.9355 233.2589
v  140.6562 339.3001 233.2589
v  139.4118 338.9294 233.2589
v  138.2528 338.8095 233.2589
v  135.6726 369.8457 233.2589
v  132.4885 369.2418 233.2589
v  127.2182 366.5517 233.2589
v  129.9082 368.2536 233.2589
v  125.0771 364.0814 233.2589
v  123.3204 361.1717 233.2589
v  121.7832 353.7055 233.2589
v  122.1675 357.5484 233.2589
v  121.8381 350.1371 233.2589
v  122.7165 346.0197 233.2589
v  126.6143 339.5416 233.2589
v  124.1988 342.7257 233.2589
v  130.3309 346.0777 233.2589
v  129.6337 337.4006 233.2589
v  132.5434 336.2477 233.2589
v  135.4253 335.7246 233.2589
v  136.7085 338.8831 233.2589
v  135.0170 339.3795 233.2589
v  132.9519 340.8621 233.2589
v  131.3899 343.1125 233.2589
v  129.8543 349.2547 233.2589
v  129.6425 352.8817 233.2589
v  129.8543 356.6413 233.2589
v  130.4897 359.8712 233.2589
v  131.5223 362.6511 233.2589
v  132.9784 364.6632 233.2589
v  134.6993 365.9075 233.2589
v  136.5790 366.5164 233.2589
v  101.7383 336.2477 233.2589
v  118.0731 336.2481 233.2589
v  118.0731 338.8870 233.2589
v  106.0583 339.9218 233.2589
v  113.7403 365.5573 233.2589
v  118.0751 366.5944 233.2589
v  118.0751 369.2352 233.2589
v  101.7241 366.5948 233.2589
v  101.7241 369.2352 233.2589
v  106.0583 365.5543 233.2589
v  113.7403 339.9258 233.2589
v  101.7383 338.8879 233.2589
v  76.4955 336.2477 233.2589
v  92.8539 336.2603 233.2589
v  92.8539 338.8802 233.2589
v  80.8298 339.9211 233.2589
v  94.3551 365.6008 233.2589
v  96.2918 359.2396 233.2589
v  99.1586 359.2396 233.2589
v  99.1586 369.2310 233.2589
v  88.5181 365.6008 233.2589
v  80.8298 365.6098 233.2589
v  70.1821 369.2310 233.2589
v  70.1821 359.2466 233.2589
v  73.0150 359.2466 233.2589
v  74.9437 365.6098 233.2589
v  88.5181 339.9373 233.2589
v  76.4955 338.8867 233.2589
v  64.6960 339.9705 233.2589
v  54.1420 369.4667 233.2589
v  49.7205 358.6302 233.2589
v  53.4014 348.5836 233.2589
v  54.5676 345.3417 233.2589
v  56.5753 339.6909 233.2589
v  53.2451 338.8823 233.2589
v  53.2451 336.2495 233.2589
v  69.2188 336.2495 233.2589
v  69.2188 338.8868 233.2589
v  34.1664 336.2477 233.2589
v  46.5010 336.2592 233.2589
v  46.5010 338.8791 233.2589
v  38.7781 339.9666 233.2589
v  44.6772 345.3417 233.2589
v  45.9424 348.5925 233.2589
v  42.5482 339.8290 233.2589
v  50.0410 369.4667 233.2589
v  34.1664 338.8829 233.2589
v  10.9214 336.2477 233.2589
v  27.2798 336.2603 233.2589
v  27.2798 338.8802 233.2589
v  15.2557 339.9211 233.2589
v  28.7809 365.6008 233.2589
v  30.7176 359.2396 233.2589
v  33.5844 359.2396 233.2589
v  33.5844 369.2310 233.2589
v  22.9439 365.6008 233.2589
v  15.2557 365.6098 233.2589
v  4.6079 369.2310 233.2589
v  4.6079 359.2466 233.2589
v  7.4408 359.2466 233.2589
v  9.3695 365.6098 233.2589
v  22.9439 339.9373 233.2589
v  10.9214 338.8867 233.2589
v  -20.6848 337.0648 233.2589
v  -17.7228 336.2477 233.2589
v  -14.7573 335.7600 233.2589
v  -22.5233 346.4242 233.2589
v  -10.9164 335.5472 233.2589
v  -7.9161 335.7813 233.2589
v  -3.3943 337.0580 233.2589
v  -5.3094 336.3345 233.2589
v  -1.8835 337.9731 233.2589
v  -0.6812 339.0263 233.2589
v  1.0211 341.6649 233.2589
v  0.3508 340.3243 233.2589
v  -7.2539 340.1556 233.2589
v  1.4892 343.3353 233.2589
v  1.6808 345.3143 233.2589
v  1.0105 349.2509 233.2589
v  1.5956 346.9634 233.2589
v  -0.1067 351.3043 233.2589
v  -1.9260 353.2301 233.2589
v  -10.9909 358.2307 233.2589
v  -4.9370 355.3260 233.2589
v  -13.3103 359.4329 233.2589
v  -14.8317 360.5394 233.2589
v  -20.3226 366.3697 233.2589
v  -5.3413 366.1252 233.2589
v  -2.9977 359.8143 233.2589
v  -0.4055 359.8143 233.2589
v  -1.6158 368.8364 233.2589
v  -0.4055 368.4839 233.2589
v  -6.9372 366.4018 233.2589
v  -8.5012 366.5508 233.2589
v  -10.3951 366.4763 233.2589
v  -12.2783 366.1464 233.2589
v  -4.3123 369.4339 233.2589
v  -7.7748 369.8322 233.2589
v  -12.1872 369.8782 233.2589
v  -10.0882 369.9395 233.2589
v  -14.4087 369.5871 233.2589
v  -16.7528 368.8517 233.2589
v  -18.7292 367.7639 233.2589
v  -13.8210 365.5719 233.2589
v  -15.0445 364.7208 233.2589
v  -15.6297 363.7206 233.2589
v  -15.7893 362.6673 233.2589
v  -15.5552 361.6246 233.2589
v  -21.4257 364.7457 233.2589
v  -22.0232 362.9685 233.2589
v  -21.8547 358.8011 233.2589
v  -22.1458 360.9920 233.2589
v  -20.9661 356.4877 233.2589
v  -18.7139 353.8219 233.2589
v  -10.6704 349.2103 233.2589
v  -15.8336 351.7995 233.2589
v  -7.2692 347.4484 233.2589
v  -5.7524 346.2074 233.2589
v  -4.8638 344.7979 233.2589
v  -4.6800 343.4803 233.2589
v  -5.0017 342.1014 233.2589
v  -5.8750 340.9830 233.2589
v  -9.9963 339.3130 233.2589
v  -13.0911 339.1292 233.2589
v  -15.3740 339.3283 233.2589
v  -17.5036 339.8492 233.2589
v  -19.8759 346.4242 233.2589
v  -22.5233 337.7670 233.2589
v  -73.0309 336.2477 233.2589
v  -60.5936 336.2431 233.2589
v  -60.5936 338.8851 233.2589
v  -68.7113 339.9325 233.2589
v  -64.9112 357.6121 233.2589
v  -45.3884 336.2453 233.2589
v  -40.8046 336.2453 233.2589
v  -44.7130 347.1330 233.2589
v  -40.8046 365.5656 233.2589
v  -36.4743 366.5977 233.2589
v  -36.4743 369.2234 233.2589
v  -49.0422 366.5944 233.2589
v  -49.0422 369.2234 233.2589
v  -44.7130 365.5475 233.2589
v  -64.9169 369.2269 233.2589
v  -73.0267 369.2269 233.2589
v  -68.7113 365.5499 233.2589
v  -73.0267 366.5969 233.2589
v  -64.9112 339.9482 233.2589
v  -73.0309 338.8899 233.2589
v  -92.4519 336.2477 233.2589
v  -76.1171 336.2481 233.2589
v  -76.1171 338.8870 233.2589
v  -88.1319 339.9218 233.2589
v  -80.4500 365.5573 233.2589
v  -76.1152 366.5944 233.2589
v  -76.1152 369.2352 233.2589
v  -92.4662 366.5948 233.2589
v  -92.4662 369.2352 233.2589
v  -88.1319 365.5543 233.2589
v  -80.4500 339.9258 233.2589
v  -92.4519 338.8879 233.2589
v  -98.4983 339.9705 233.2589
v  -109.0523 369.4667 233.2589
v  -113.4738 358.6302 233.2589
v  -109.7929 348.5836 233.2589
v  -108.6267 345.3417 233.2589
v  -106.6190 339.6909 233.2589
v  -109.9492 338.8823 233.2589
v  -109.9492 336.2495 233.2589
v  -93.9755 336.2495 233.2589
v  -93.9755 338.8868 233.2589
v  -129.0279 336.2477 233.2589
v  -116.6933 336.2592 233.2589
v  -116.6933 338.8791 233.2589
v  -124.4162 339.9666 233.2589
v  -118.5171 345.3417 233.2589
v  -117.2520 348.5925 233.2589
v  -120.6461 339.8290 233.2589
v  -113.1533 369.4667 233.2589
v  -129.0279 338.8829 233.2589
v  -143.8431 369.2360 233.2589
v  -160.6023 369.2360 233.2589
v  -160.6023 366.5909 233.2589
v  -156.2742 365.5651 233.2589
v  -156.2742 339.9160 233.2589
v  -160.6020 338.8846 233.2589
v  -160.6020 336.2477 233.2589
v  -144.4870 338.8611 233.2589
v  -144.4870 336.2437 233.2589
v  -148.5854 339.9463 233.2589
v  -148.5854 350.5141 233.2589
v  -148.5854 353.8332 233.2589
v  -148.5854 365.8008 233.2589
v  -146.6705 365.7824 233.2589
v  -145.1866 365.5977 233.2589
v  -146.9362 350.5141 233.2589
v  -139.4238 336.2497 233.2589
v  -127.9905 336.2497 233.2589
v  -132.5101 339.8629 233.2589
v  -127.9905 338.7393 233.2589
v  -139.1043 351.7979 233.2589
v  -141.7500 356.0158 233.2589
v  -136.6950 352.9012 233.2589
v  -134.7359 354.5955 233.2589
v  -132.8297 358.9903 233.2589
v  -133.4651 356.6870 233.2589
v  -132.8297 361.5848 233.2589
v  -133.4651 363.6763 233.2589
v  -137.4363 367.6740 233.2589
v  -135.1595 366.1649 233.2589
v  -140.4627 360.5376 233.2589
v  -140.5338 368.7594 233.2589
v  -143.8197 365.2098 233.2589
v  -142.5267 364.4955 233.2589
v  -141.4096 363.3465 233.2589
v  -140.6861 361.8995 233.2589
v  -140.5052 359.0906 233.2589
v  -140.9415 357.3458 233.2589
v  -142.8140 355.0157 233.2589
v  -144.4631 354.2177 233.2589
v  -146.4634 353.8453 233.2589
v  -185.8621 336.2477 233.2589
v  -169.5037 336.2603 233.2589
v  -169.5037 338.8802 233.2589
v  -181.5278 339.9211 233.2589
v  -168.0026 365.6008 233.2589
v  -166.0659 359.2396 233.2589
v  -163.1991 359.2396 233.2589
v  -163.1991 369.2310 233.2589
v  -173.8396 365.6008 233.2589
v  -181.5278 365.6098 233.2589
v  -192.1756 369.2310 233.2589
v  -192.1756 359.2466 233.2589
v  -189.3427 359.2466 233.2589
v  -187.4140 365.6098 233.2589
v  -173.8396 339.9373 233.2589
v  -185.8621 338.8867 233.2589
v  -162.0418 365.5500 -227.3639
v  -157.7265 366.5969 -227.3639
v  -157.7265 369.2269 -227.3639
v  -186.0401 347.1330 -227.3639
v  -165.8362 369.2269 -227.3639
v  -186.0401 365.5475 -227.3639
v  -181.7110 366.5944 -227.3639
v  -181.7110 369.2235 -227.3639
v  -194.2788 366.5977 -227.3640
v  -194.2788 369.2235 -227.3640
v  -189.9485 365.5656 -227.3640
v  -189.9485 336.2453 -227.3639
v  -185.3647 336.2453 -227.3639
v  -165.8419 357.6121 -227.3639
v  -162.0418 339.9325 -227.3639
v  -165.8419 339.9482 -227.3639
v  -170.1595 338.8851 -227.3639
v  -170.1595 336.2432 -227.3639
v  -157.7222 338.8898 -227.3639
v  -157.7222 336.2477 -227.3639
v  -139.9943 366.4370 -227.3639
v  -138.1146 366.6753 -227.3639
v  -138.8018 369.9006 -227.3639
v  -141.6887 365.7222 -227.3639
v  -143.0389 364.6102 -227.3639
v  -151.4834 363.2029 -227.3639
v  -141.9859 369.5712 -227.3639
v  -145.4446 368.5281 -227.3639
v  -148.7934 366.4420 -227.3639
v  -144.5480 362.3599 -227.3639
v  -145.5806 359.3947 -227.3639
v  -146.1365 356.2706 -227.3639
v  -146.3483 352.6964 -227.3639
v  -146.2159 349.3341 -227.3639
v  -145.5806 345.8659 -227.3639
v  -153.1853 359.6894 -227.3639
v  -154.1186 355.7367 -227.3639
v  -153.5695 346.7333 -227.3639
v  -154.1734 351.0154 -227.3639
v  -152.3069 343.6041 -227.3639
v  -150.2207 340.4749 -227.3639
v  -144.4015 336.5222 -227.3639
v  -147.3660 338.0045 -227.3639
v  -144.7333 343.4567 -227.3639
v  -143.4361 341.3387 -227.3639
v  -141.9005 339.9355 -227.3639
v  -140.6562 339.3001 -227.3639
v  -139.4118 338.9294 -227.3639
v  -138.2528 338.8096 -227.3639
v  -141.2173 335.8085 -227.3639
v  -138.2528 335.5340 -227.3639
v  -136.7085 338.8831 -227.3639
v  -135.0170 339.3795 -227.3639
v  -132.9519 340.8621 -227.3639
v  -126.6143 339.5416 -227.3639
v  -135.4253 335.7246 -227.3639
v  -132.5434 336.2477 -227.3639
v  -129.6337 337.4006 -227.3639
v  -131.3899 343.1125 -227.3639
v  -130.3309 346.0777 -227.3639
v  -129.8543 349.2547 -227.3639
v  -129.6425 352.8818 -227.3639
v  -129.8543 356.6412 -227.3639
v  -127.2182 366.5518 -227.3639
v  -124.1988 342.7257 -227.3639
v  -122.7165 346.0197 -227.3639
v  -121.7832 353.7055 -227.3639
v  -121.8381 350.1371 -227.3639
v  -122.1675 357.5484 -227.3639
v  -123.3204 361.1717 -227.3639
v  -125.0771 364.0814 -227.3639
v  -130.4897 359.8712 -227.3639
v  -131.5223 362.6511 -227.3639
v  -132.9784 364.6632 -227.3639
v  -134.6993 365.9075 -227.3639
v  -136.5790 366.5164 -227.3639
v  -129.9082 368.2537 -227.3639
v  -132.4885 369.2418 -227.3639
v  -135.6726 369.8457 -227.3639
v  -106.0583 365.5543 -227.3639
v  -101.7241 366.5948 -227.3639
v  -101.7241 369.2352 -227.3639
v  -118.0751 366.5944 -227.3639
v  -118.0751 369.2352 -227.3639
v  -113.7403 365.5573 -227.3639
v  -106.0583 339.9218 -227.3639
v  -113.7403 339.9258 -227.3639
v  -118.0731 336.2481 -227.3639
v  -118.0731 338.8870 -227.3639
v  -101.7383 338.8879 -227.3639
v  -101.7383 336.2477 -227.3639
v  -74.9437 365.6098 -227.3639
v  -73.0150 359.2466 -227.3639
v  -70.1821 359.2466 -227.3639
v  -70.1821 369.2310 -227.3639
v  -80.8298 365.6098 -227.3639
v  -88.5181 365.6008 -227.3639
v  -99.1586 369.2310 -227.3639
v  -99.1586 359.2396 -227.3639
v  -96.2918 359.2396 -227.3639
v  -94.3551 365.6008 -227.3639
v  -80.8298 339.9211 -227.3639
v  -88.5181 339.9373 -227.3639
v  -92.8539 338.8802 -227.3639
v  -92.8539 336.2603 -227.3639
v  -76.4955 338.8867 -227.3639
v  -76.4955 336.2477 -227.3639
v  -64.6960 339.9705 -227.3639
v  -69.2188 338.8869 -227.3639
v  -69.2188 336.2495 -227.3639
v  -53.2451 338.8822 -227.3639
v  -53.2451 336.2495 -227.3639
v  -56.5753 339.6909 -227.3639
v  -54.5676 345.3417 -227.3639
v  -53.4014 348.5836 -227.3639
v  -49.7205 358.6302 -227.3639
v  -54.1420 369.4667 -227.3639
v  -38.7781 339.9666 -227.3639
v  -50.0410 369.4667 -227.3639
v  -45.9424 348.5924 -227.3639
v  -44.6772 345.3417 -227.3639
v  -42.5482 339.8290 -227.3639
v  -46.5010 336.2592 -227.3639
v  -46.5010 338.8791 -227.3639
v  -34.1664 338.8830 -227.3639
v  -34.1664 336.2477 -227.3639
v  -9.3695 365.6098 -227.3639
v  -7.4408 359.2466 -227.3639
v  -4.6079 359.2466 -227.3639
v  -4.6079 369.2310 -227.3639
v  -15.2557 365.6098 -227.3639
v  -22.9439 365.6008 -227.3639
v  -33.5844 369.2310 -227.3639
v  -33.5844 359.2396 -227.3639
v  -30.7176 359.2396 -227.3639
v  -28.7809 365.6008 -227.3639
v  -15.2557 339.9211 -227.3639
v  -22.9439 339.9373 -227.3639
v  -27.2798 338.8802 -227.3639
v  -27.2798 336.2603 -227.3639
v  -10.9214 338.8867 -227.3639
v  -10.9214 336.2477 -227.3639
v  20.6848 337.0648 -227.3639
v  22.5233 337.7671 -227.3639
v  22.5233 346.4242 -227.3639
v  14.7573 335.7600 -227.3639
v  19.8759 346.4242 -227.3639
v  17.5036 339.8492 -227.3639
v  10.6704 349.2103 -227.3639
v  15.8336 351.7995 -227.3639
v  18.7139 353.8219 -227.3639
v  7.2692 347.4484 -227.3639
v  20.9661 356.4877 -227.3639
v  21.8547 358.8011 -227.3639
v  22.0232 362.9684 -227.3639
v  22.1458 360.9921 -227.3639
v  5.7524 346.2074 -227.3639
v  21.4257 364.7457 -227.3639
v  20.3226 366.3697 -227.3639
v  16.7528 368.8517 -227.3639
v  18.7292 367.7639 -227.3639
v  14.4087 369.5871 -227.3639
v  12.1872 369.8782 -227.3639
v  7.7748 369.8322 -227.3639
v  10.0882 369.9395 -227.3639
v  12.2783 366.1465 -227.3639
v  4.3123 369.4339 -227.3639
v  1.6158 368.8364 -227.3639
v  0.4054 359.8143 -227.3639
v  0.4054 368.4839 -227.3639
v  2.9977 359.8143 -227.3639
v  5.3413 366.1252 -227.3639
v  6.9372 366.4018 -227.3639
v  8.5012 366.5508 -227.3639
v  10.3951 366.4763 -227.3639
v  13.8210 365.5719 -227.3639
v  15.0445 364.7208 -227.3639
v  15.6297 363.7206 -227.3639
v  15.7893 362.6673 -227.3639
v  15.5552 361.6246 -227.3639
v  14.8317 360.5394 -227.3639
v  -1.6808 345.3143 -227.3639
v  10.9909 358.2307 -227.3639
v  4.9370 355.3261 -227.3639
v  1.9260 353.2301 -227.3639
v  13.3103 359.4329 -227.3639
v  0.1067 351.3044 -227.3639
v  -1.0105 349.2509 -227.3639
v  -1.5956 346.9634 -227.3639
v  4.8638 344.7979 -227.3639
v  4.6800 343.4803 -227.3639
v  5.0017 342.1014 -227.3639
v  5.8750 340.9830 -227.3639
v  7.2539 340.1557 -227.3639
v  7.9161 335.7813 -227.3639
v  -1.4892 343.3353 -227.3639
v  -1.0211 341.6649 -227.3639
v  0.6812 339.0263 -227.3639
v  -0.3508 340.3244 -227.3639
v  1.8835 337.9730 -227.3639
v  3.3943 337.0580 -227.3639
v  5.3094 336.3345 -227.3639
v  9.9963 339.3130 -227.3639
v  13.0911 339.1292 -227.3639
v  15.3740 339.3283 -227.3639
v  10.9164 335.5472 -227.3639
v  17.7228 336.2477 -227.3639
v  68.7113 365.5500 -227.3639
v  73.0267 366.5969 -227.3639
v  73.0267 369.2269 -227.3639
v  44.7130 347.1330 -227.3639
v  64.9169 369.2269 -227.3639
v  44.7130 365.5475 -227.3639
v  49.0422 366.5944 -227.3639
v  49.0422 369.2235 -227.3639
v  36.4743 366.5977 -227.3639
v  36.4743 369.2235 -227.3639
v  40.8046 365.5656 -227.3639
v  40.8046 336.2453 -227.3639
v  45.3884 336.2453 -227.3639
v  64.9112 357.6121 -227.3639
v  68.7113 339.9325 -227.3639
v  64.9112 339.9482 -227.3639
v  60.5936 338.8851 -227.3639
v  60.5936 336.2432 -227.3639
v  73.0309 338.8898 -227.3639
v  73.0309 336.2477 -227.3639
v  88.1319 365.5543 -227.3639
v  92.4662 366.5948 -227.3639
v  92.4662 369.2352 -227.3639
v  76.1152 366.5944 -227.3639
v  76.1152 369.2352 -227.3639
v  80.4500 365.5573 -227.3639
v  88.1319 339.9218 -227.3639
v  80.4500 339.9258 -227.3639
v  76.1171 336.2481 -227.3639
v  76.1171 338.8870 -227.3639
v  92.4519 338.8879 -227.3639
v  92.4519 336.2477 -227.3639
v  98.4983 339.9705 -227.3639
v  93.9755 338.8869 -227.3639
v  93.9755 336.2495 -227.3639
v  109.9492 338.8822 -227.3639
v  109.9492 336.2495 -227.3639
v  106.6190 339.6909 -227.3639
v  108.6267 345.3417 -227.3639
v  109.7929 348.5836 -227.3639
v  113.4738 358.6302 -227.3639
v  109.0523 369.4667 -227.3639
v  124.4162 339.9666 -227.3639
v  113.1533 369.4667 -227.3639
v  117.2520 348.5924 -227.3639
v  118.5171 345.3417 -227.3639
v  120.6461 339.8290 -227.3639
v  116.6933 336.2592 -227.3639
v  116.6933 338.8791 -227.3639
v  129.0279 338.8830 -227.3639
v  129.0279 336.2477 -227.3639
v  148.5854 339.9463 -227.3639
v  144.4870 338.8611 -227.3639
v  144.4870 336.2438 -227.3639
v  160.6020 338.8846 -227.3639
v  160.6020 336.2477 -227.3639
v  156.2742 339.9160 -227.3639
v  148.5854 350.5141 -227.3639
v  148.5854 353.8332 -227.3639
v  148.5854 365.8008 -227.3639
v  156.2742 365.5651 -227.3639
v  160.6023 369.2360 -227.3639
v  160.6023 366.5909 -227.3639
v  146.6705 365.7823 -227.3639
v  145.1866 365.5977 -227.3639
v  143.8431 369.2360 -227.3639
v  143.8197 365.2098 -227.3639
v  142.5267 364.4956 -227.3639
v  141.4096 363.3465 -227.3639
v  140.6861 361.8995 -227.3639
v  140.5338 368.7594 -227.3639
v  137.4363 367.6740 -227.3639
v  133.4651 363.6763 -227.3639
v  135.1595 366.1649 -227.3639
v  132.8297 361.5848 -227.3639
v  132.8297 358.9903 -227.3639
v  134.7359 354.5955 -227.3639
v  133.4651 356.6870 -227.3639
v  140.4627 360.5376 -227.3639
v  140.5052 359.0906 -227.3639
v  140.9415 357.3458 -227.3639
v  141.7500 356.0158 -227.3639
v  136.6950 352.9012 -227.3639
v  139.1043 351.7979 -227.3639
v  146.9362 350.5141 -227.3639
v  132.5101 339.8629 -227.3639
v  127.9905 338.7393 -227.3639
v  127.9905 336.2497 -227.3639
v  139.4238 336.2497 -227.3639
v  142.8140 355.0157 -227.3639
v  144.4631 354.2177 -227.3639
v  146.4634 353.8454 -227.3639
v  187.4140 365.6098 -227.3639
v  189.3427 359.2466 -227.3639
v  192.1756 359.2466 -227.3639
v  192.1756 369.2310 -227.3639
v  181.5278 365.6098 -227.3639
v  173.8396 365.6008 -227.3639
v  163.1991 369.2310 -227.3639
v  163.1991 359.2396 -227.3639
v  166.0659 359.2396 -227.3639
v  168.0026 365.6008 -227.3639
v  181.5278 339.9211 -227.3639
v  173.8396 339.9373 -227.3639
v  169.5037 338.8802 -227.3639
v  169.5037 336.2603 -227.3639
v  185.8621 338.8867 -227.3639
v  185.8621 336.2477 -227.3639
v  -157.7222 336.2477 -233.2589
v  -170.1595 336.2432 -233.2589
v  -170.1595 338.8851 -233.2589
v  -162.0418 339.9325 -233.2589
v  -165.8419 357.6121 -233.2589
v  -185.3647 336.2453 -233.2589
v  -189.9485 336.2453 -233.2589
v  -186.0401 347.1330 -233.2589
v  -189.9485 365.5656 -233.2589
v  -194.2788 366.5977 -233.2589
v  -194.2788 369.2235 -233.2589
v  -181.7110 366.5944 -233.2589
v  -181.7110 369.2235 -233.2589
v  -186.0401 365.5475 -233.2589
v  -165.8362 369.2269 -233.2589
v  -157.7265 369.2269 -233.2589
v  -162.0418 365.5500 -233.2589
v  -157.7265 366.5969 -233.2589
v  -165.8419 339.9482 -233.2589
v  -157.7222 338.8898 -233.2589
v  -138.2528 335.5340 -233.2589
v  -141.2173 335.8085 -233.2589
v  -144.4015 336.5222 -233.2589
v  -150.2207 340.4749 -233.2589
v  -147.3660 338.0045 -233.2589
v  -152.3069 343.6041 -233.2589
v  -153.5695 346.7333 -233.2589
v  -154.1186 355.7367 -233.2589
v  -154.1734 351.0154 -233.2589
v  -153.1853 359.6894 -233.2589
v  -151.4834 363.2029 -233.2589
v  -145.4446 368.5281 -233.2589
v  -148.7934 366.4420 -233.2589
v  -145.5806 359.3947 -233.2589
v  -141.9859 369.5712 -233.2589
v  -138.8018 369.9006 -233.2589
v  -139.9943 366.4370 -233.2589
v  -138.1146 366.6753 -233.2589
v  -141.6887 365.7222 -233.2589
v  -143.0389 364.6102 -233.2589
v  -144.5480 362.3599 -233.2589
v  -146.1365 356.2706 -233.2589
v  -146.3483 352.6964 -233.2589
v  -146.2159 349.3341 -233.2589
v  -145.5806 345.8659 -233.2589
v  -144.7333 343.4567 -233.2589
v  -143.4361 341.3387 -233.2589
v  -141.9005 339.9355 -233.2589
v  -140.6562 339.3001 -233.2589
v  -139.4118 338.9294 -233.2589
v  -138.2528 338.8096 -233.2589
v  -135.6726 369.8457 -233.2589
v  -132.4885 369.2418 -233.2589
v  -127.2182 366.5518 -233.2589
v  -129.9082 368.2537 -233.2589
v  -125.0771 364.0814 -233.2589
v  -123.3204 361.1717 -233.2589
v  -121.7832 353.7055 -233.2589
v  -122.1675 357.5484 -233.2589
v  -121.8381 350.1371 -233.2589
v  -122.7165 346.0197 -233.2589
v  -126.6143 339.5416 -233.2589
v  -124.1988 342.7257 -233.2589
v  -130.3309 346.0777 -233.2589
v  -129.6337 337.4006 -233.2589
v  -132.5434 336.2477 -233.2589
v  -135.4253 335.7246 -233.2589
v  -136.7085 338.8831 -233.2589
v  -135.0170 339.3795 -233.2589
v  -132.9519 340.8621 -233.2589
v  -131.3899 343.1125 -233.2589
v  -129.8543 349.2547 -233.2589
v  -129.6425 352.8818 -233.2589
v  -129.8543 356.6412 -233.2589
v  -130.4897 359.8712 -233.2589
v  -131.5223 362.6511 -233.2589
v  -132.9784 364.6632 -233.2589
v  -134.6993 365.9075 -233.2589
v  -136.5790 366.5164 -233.2589
v  -101.7383 336.2477 -233.2589
v  -118.0731 336.2481 -233.2589
v  -118.0731 338.8870 -233.2589
v  -106.0583 339.9218 -233.2589
v  -113.7403 365.5573 -233.2589
v  -118.0751 366.5944 -233.2589
v  -118.0751 369.2352 -233.2589
v  -101.7241 366.5948 -233.2589
v  -101.7241 369.2352 -233.2589
v  -106.0583 365.5543 -233.2589
v  -113.7403 339.9258 -233.2589
v  -101.7383 338.8879 -233.2589
v  -76.4955 336.2477 -233.2589
v  -92.8539 336.2603 -233.2589
v  -92.8539 338.8802 -233.2589
v  -80.8298 339.9211 -233.2589
v  -94.3551 365.6008 -233.2589
v  -96.2918 359.2396 -233.2589
v  -99.1586 359.2396 -233.2589
v  -99.1586 369.2310 -233.2589
v  -88.5181 365.6008 -233.2589
v  -80.8298 365.6098 -233.2589
v  -70.1821 369.2310 -233.2589
v  -70.1821 359.2466 -233.2589
v  -73.0150 359.2466 -233.2589
v  -74.9437 365.6098 -233.2589
v  -88.5181 339.9373 -233.2589
v  -76.4955 338.8867 -233.2589
v  -64.6960 339.9705 -233.2589
v  -54.1420 369.4667 -233.2589
v  -49.7205 358.6302 -233.2589
v  -53.4014 348.5836 -233.2589
v  -54.5676 345.3417 -233.2589
v  -56.5753 339.6909 -233.2589
v  -53.2451 338.8822 -233.2589
v  -53.2451 336.2495 -233.2589
v  -69.2188 336.2495 -233.2589
v  -69.2188 338.8869 -233.2589
v  -34.1664 336.2477 -233.2589
v  -46.5010 336.2592 -233.2589
v  -46.5010 338.8791 -233.2589
v  -38.7781 339.9666 -233.2589
v  -44.6772 345.3417 -233.2589
v  -45.9424 348.5924 -233.2589
v  -42.5482 339.8290 -233.2589
v  -50.0410 369.4667 -233.2589
v  -34.1664 338.8830 -233.2589
v  -10.9214 336.2477 -233.2589
v  -27.2798 336.2603 -233.2589
v  -27.2798 338.8802 -233.2589
v  -15.2557 339.9211 -233.2589
v  -28.7809 365.6008 -233.2589
v  -30.7176 359.2396 -233.2589
v  -33.5844 359.2396 -233.2589
v  -33.5844 369.2310 -233.2589
v  -22.9439 365.6008 -233.2589
v  -15.2557 365.6098 -233.2589
v  -4.6079 369.2310 -233.2589
v  -4.6079 359.2466 -233.2589
v  -7.4408 359.2466 -233.2589
v  -9.3695 365.6098 -233.2589
v  -22.9439 339.9373 -233.2589
v  -10.9214 338.8867 -233.2589
v  20.6848 337.0648 -233.2589
v  17.7228 336.2477 -233.2589
v  14.7573 335.7600 -233.2589
v  22.5233 346.4242 -233.2589
v  10.9164 335.5472 -233.2589
v  7.9161 335.7813 -233.2589
v  3.3943 337.0580 -233.2589
v  5.3094 336.3345 -233.2589
v  1.8835 337.9730 -233.2589
v  0.6812 339.0263 -233.2589
v  -1.0211 341.6649 -233.2589
v  -0.3508 340.3244 -233.2589
v  7.2539 340.1557 -233.2589
v  -1.4892 343.3353 -233.2589
v  -1.6808 345.3143 -233.2589
v  -1.0105 349.2509 -233.2589
v  -1.5956 346.9634 -233.2589
v  0.1067 351.3044 -233.2589
v  1.9260 353.2301 -233.2589
v  10.9909 358.2307 -233.2589
v  4.9370 355.3261 -233.2589
v  13.3103 359.4329 -233.2589
v  14.8317 360.5394 -233.2589
v  20.3226 366.3697 -233.2589
v  5.3413 366.1252 -233.2589
v  2.9977 359.8143 -233.2589
v  0.4055 359.8143 -233.2589
v  1.6158 368.8364 -233.2589
v  0.4055 368.4839 -233.2589
v  6.9372 366.4018 -233.2589
v  8.5013 366.5508 -233.2589
v  10.3951 366.4763 -233.2589
v  12.2783 366.1465 -233.2589
v  4.3123 369.4339 -233.2589
v  7.7748 369.8322 -233.2589
v  12.1872 369.8782 -233.2589
v  10.0882 369.9395 -233.2589
v  14.4087 369.5871 -233.2589
v  16.7528 368.8517 -233.2589
v  18.7292 367.7639 -233.2589
v  13.8210 365.5719 -233.2589
v  15.0445 364.7208 -233.2589
v  15.6297 363.7206 -233.2589
v  15.7893 362.6673 -233.2589
v  15.5552 361.6246 -233.2589
v  21.4257 364.7457 -233.2589
v  22.0232 362.9684 -233.2589
v  21.8547 358.8011 -233.2589
v  22.1458 360.9921 -233.2589
v  20.9661 356.4877 -233.2589
v  18.7139 353.8219 -233.2589
v  10.6704 349.2103 -233.2589
v  15.8336 351.7995 -233.2589
v  7.2692 347.4484 -233.2589
v  5.7524 346.2074 -233.2589
v  4.8638 344.7979 -233.2589
v  4.6800 343.4803 -233.2589
v  5.0017 342.1014 -233.2589
v  5.8750 340.9830 -233.2589
v  9.9963 339.3130 -233.2589
v  13.0911 339.1292 -233.2589
v  15.3740 339.3283 -233.2589
v  17.5036 339.8492 -233.2589
v  19.8759 346.4242 -233.2589
v  22.5233 337.7670 -233.2589
v  73.0309 336.2477 -233.2588
v  60.5936 336.2432 -233.2589
v  60.5936 338.8851 -233.2589
v  68.7113 339.9325 -233.2588
v  64.9112 357.6121 -233.2589
v  45.3884 336.2453 -233.2589
v  40.8046 336.2453 -233.2589
v  44.7130 347.1330 -233.2589
v  40.8046 365.5656 -233.2589
v  36.4743 366.5977 -233.2589
v  36.4743 369.2235 -233.2589
v  49.0422 366.5944 -233.2589
v  49.0422 369.2235 -233.2589
v  44.7130 365.5475 -233.2589
v  64.9169 369.2269 -233.2589
v  73.0267 369.2269 -233.2589
v  68.7113 365.5500 -233.2589
v  73.0267 366.5969 -233.2589
v  64.9112 339.9482 -233.2588
v  73.0309 338.8898 -233.2588
v  92.4519 336.2477 -233.2588
v  76.1171 336.2481 -233.2588
v  76.1171 338.8870 -233.2588
v  88.1319 339.9218 -233.2588
v  80.4500 365.5573 -233.2589
v  76.1152 366.5944 -233.2589
v  76.1152 369.2352 -233.2589
v  92.4662 366.5948 -233.2589
v  92.4662 369.2352 -233.2589
v  88.1319 365.5543 -233.2589
v  80.4500 339.9258 -233.2588
v  92.4519 338.8879 -233.2588
v  98.4983 339.9705 -233.2588
v  109.0523 369.4667 -233.2589
v  113.4738 358.6302 -233.2589
v  109.7929 348.5836 -233.2589
v  108.6267 345.3417 -233.2589
v  106.6190 339.6909 -233.2588
v  109.9492 338.8822 -233.2588
v  109.9492 336.2495 -233.2588
v  93.9755 336.2495 -233.2588
v  93.9755 338.8869 -233.2588
v  129.0279 336.2477 -233.2588
v  116.6933 336.2592 -233.2588
v  116.6933 338.8791 -233.2588
v  124.4162 339.9666 -233.2588
v  118.5171 345.3417 -233.2589
v  117.2520 348.5924 -233.2589
v  120.6461 339.8290 -233.2588
v  113.1533 369.4667 -233.2589
v  129.0279 338.8830 -233.2588
v  143.8431 369.2360 -233.2589
v  160.6023 369.2360 -233.2589
v  160.6023 366.5909 -233.2589
v  156.2742 365.5651 -233.2589
v  156.2742 339.9160 -233.2588
v  160.6020 338.8846 -233.2588
v  160.6020 336.2477 -233.2588
v  144.4870 338.8611 -233.2588
v  144.4870 336.2438 -233.2588
v  148.5854 339.9463 -233.2588
v  148.5854 350.5141 -233.2589
v  148.5854 353.8332 -233.2589
v  148.5854 365.8008 -233.2589
v  146.6705 365.7823 -233.2589
v  145.1866 365.5977 -233.2589
v  146.9362 350.5141 -233.2589
v  139.4238 336.2497 -233.2588
v  127.9905 336.2497 -233.2588
v  132.5101 339.8629 -233.2588
v  127.9905 338.7393 -233.2588
v  139.1043 351.7979 -233.2589
v  141.7500 356.0158 -233.2589
v  136.6950 352.9012 -233.2589
v  134.7359 354.5955 -233.2589
v  132.8297 358.9903 -233.2589
v  133.4651 356.6870 -233.2589
v  132.8297 361.5848 -233.2589
v  133.4651 363.6763 -233.2589
v  137.4363 367.6740 -233.2589
v  135.1595 366.1649 -233.2589
v  140.4627 360.5376 -233.2589
v  140.5338 368.7594 -233.2589
v  143.8197 365.2098 -233.2589
v  142.5267 364.4956 -233.2589
v  141.4096 363.3465 -233.2589
v  140.6861 361.8995 -233.2589
v  140.5052 359.0906 -233.2589
v  140.9415 357.3458 -233.2589
v  142.8140 355.0157 -233.2589
v  144.4631 354.2177 -233.2589
v  146.4634 353.8454 -233.2589
v  185.8621 336.2477 -233.2588
v  169.5037 336.2603 -233.2588
v  169.5037 338.8802 -233.2588
v  181.5278 339.9211 -233.2588
v  168.0026 365.6008 -233.2589
v  166.0659 359.2396 -233.2589
v  163.1991 359.2396 -233.2589
v  163.1991 369.2310 -233.2589
v  173.8396 365.6008 -233.2589
v  181.5278 365.6098 -233.2589
v  192.1756 369.2310 -233.2589
v  192.1756 359.2466 -233.2589
v  189.3427 359.2466 -233.2589
v  187.4140 365.6098 -233.2589
v  173.8396 339.9373 -233.2588
v  185.8621 338.8867 -233.2588
v  590.5513 433.2617 -236.2204
v  590.5512 433.2618 236.2205
v  590.5512 0.1910 236.2205
v  590.5513 0.1909 -236.2204
v  561.0237 0.1909 -236.2204
v  561.0237 400.7814 -236.2204
v  -590.5512 433.2617 -236.2206
v  -561.0237 400.7814 -236.2206
v  -561.0237 0.1909 -236.2206
v  -590.5512 0.1909 -236.2206
v  561.0398 433.2617 -207.0490
v  561.0397 433.2618 207.0492
v  -590.5513 433.2618 236.2204
v  -590.5513 0.1910 236.2203
v  -561.0237 0.1910 236.2203
v  -561.0237 400.7815 236.2204
v  561.0237 400.7815 236.2206
v  561.0237 0.1910 236.2205
v  561.0237 0.1910 226.3781
v  -561.0237 0.1910 226.3779
v  -561.0237 0.1909 -226.3781
v  561.0237 0.1909 -226.3779
v  -561.0397 433.2617 -207.0492
v  561.0237 400.7815 -226.3779
v  -561.0237 400.7815 -226.3781
v  -561.0398 433.2618 207.0490
v  561.0398 422.4350 -207.0490
v  561.0397 422.4350 207.0492
v  -561.0397 422.4350 -207.0492
v  -561.0398 422.4350 207.0490
v  561.0237 400.7814 226.3781
v  -561.0237 400.7814 226.3779
v  295.2756 216.7263 -226.3779
v  295.2756 0.1909 -226.3779
v  295.2756 0.1909 -305.1180
v  295.2756 184.2460 -305.1181
v  295.2757 216.7263 -462.5984
v  295.2757 184.2460 -458.6614
v  295.2757 184.2460 -462.5984
v  -295.2755 216.7263 -462.5984
v  291.3387 184.2460 -462.5984
v  -291.3385 184.2460 -462.5984
v  -295.2755 184.2460 -462.5984
v  265.8854 216.7263 -433.0567
v  265.8853 216.7263 -255.9196
v  -295.2756 216.7263 -226.3780
v  -295.2756 0.1909 -226.3780
v  -295.2756 0.1909 -305.1182
v  -291.3386 0.1909 -305.1182
v  -291.3385 0.1909 -458.6614
v  291.3387 0.1909 -458.6613
v  291.3387 0.1909 -305.1180
v  -295.2756 184.2460 -305.1182
v  291.3387 184.2460 -458.6614
v  -291.3385 184.2460 -458.6615
v  -295.2755 184.2460 -458.6615
v  -291.3386 184.2460 -305.1182
v  291.3387 184.2460 -305.1181
v  265.8854 205.8995 -433.0567
v  265.8853 205.8996 -255.9197
v  -265.8853 216.7263 -255.9197
v  -265.8853 216.7263 -433.0567
v  -265.8853 205.8995 -433.0567
v  -265.8853 205.8996 -255.9197
v  293.3370 104.1387 -460.7506
v  293.3370 0.2017 -460.7505
v  290.8083 0.2017 -460.7505
v  290.8083 104.1387 -460.7506
v  240.2329 0.2017 -460.7505
v  240.2329 104.1387 -460.7506
v  237.7042 0.2017 -460.7505
v  237.7042 104.1387 -460.7506
v  187.1288 0.2017 -460.7505
v  187.1288 104.1387 -460.7506
v  184.6001 0.2017 -460.7505
v  184.6001 104.1387 -460.7506
v  134.0247 0.2017 -460.7505
v  134.0247 104.1387 -460.7506
v  131.4960 0.2017 -460.7505
v  131.4960 104.1387 -460.7506
v  80.9206 0.2017 -460.7505
v  80.9206 104.1387 -460.7506
v  78.3919 0.2017 -460.7505
v  78.3919 104.1387 -460.7506
v  27.8165 0.2017 -460.7505
v  27.8165 104.1387 -460.7506
v  25.2878 0.2017 -460.7505
v  25.2878 104.1387 -460.7506
v  -25.2875 0.2017 -460.7505
v  -25.2875 104.1387 -460.7506
v  -27.8163 0.2017 -460.7505
v  -27.8163 104.1387 -460.7506
v  -78.3916 0.2017 -460.7505
v  -78.3916 104.1387 -460.7506
v  -80.9204 0.2017 -460.7505
v  -80.9204 104.1387 -460.7506
v  -131.4957 0.2017 -460.7505
v  -131.4957 104.1387 -460.7507
v  -134.0245 0.2017 -460.7505
v  -134.0245 104.1387 -460.7507
v  -184.5998 0.2017 -460.7505
v  -184.5998 104.1387 -460.7507
v  -187.1286 0.2017 -460.7505
v  -187.1286 104.1387 -460.7507
v  -237.7039 0.2017 -460.7505
v  -237.7039 104.1387 -460.7507
v  -240.2327 0.2017 -460.7505
v  -240.2327 104.1387 -460.7507
v  -290.8080 0.2017 -460.7505
v  -290.8080 104.1387 -460.7507
v  -293.3368 0.2017 -460.7505
v  -293.3368 104.1387 -460.7507
v  -25.2875 106.8465 -460.7506
v  25.2878 106.8465 -460.7506
v  290.8083 106.8465 -460.7506
v  293.3370 106.8465 -460.7506
v  -134.0245 106.8465 -460.7507
v  -131.4957 106.8465 -460.7507
v  27.8165 106.8465 -460.7506
v  78.3919 106.8465 -460.7506
v  240.2329 106.8465 -460.7506
v  -184.5998 106.8465 -460.7507
v  -78.3916 106.8465 -460.7506
v  -27.8163 106.8465 -460.7506
v  131.4960 106.8465 -460.7506
v  134.0247 106.8465 -460.7506
v  -293.3368 106.8465 -460.7507
v  -290.8080 106.8465 -460.7507
v  184.6001 106.8465 -460.7506
v  187.1288 106.8465 -460.7506
v  237.7042 106.8465 -460.7506
v  -237.7039 106.8465 -460.7507
v  -187.1286 106.8465 -460.7507
v  -80.9204 106.8465 -460.7506
v  -240.2327 106.8465 -460.7507
v  80.9206 106.8465 -460.7506
v  187.1288 184.9379 -460.7506
v  237.7042 184.9379 -460.7506
v  -240.2327 184.9379 -460.7507
v  -237.7039 184.9379 -460.7507
v  80.9206 184.9379 -460.7506
v  131.4960 184.9379 -460.7506
v  -184.5998 184.9379 -460.7507
v  -134.0245 184.9379 -460.7507
v  240.2329 184.9379 -460.7506
v  -80.9204 184.9379 -460.7506
v  -78.3916 184.9379 -460.7506
v  -131.4957 184.9379 -460.7507
v  27.8165 184.9379 -460.7506
v  78.3919 184.9379 -460.7506
v  184.6001 184.9379 -460.7506
v  -293.3368 184.9379 -460.7507
v  -290.8080 184.9379 -460.7507
v  -27.8163 184.9379 -460.7506
v  290.8083 184.9379 -460.7506
v  -25.2875 184.9379 -460.7506
v  25.2878 184.9379 -460.7506
v  134.0247 184.9379 -460.7506
v  -187.1286 184.9379 -460.7507
v  293.3370 184.9379 -460.7506
v  -293.3236 104.1387 -457.9888
v  -293.3235 0.2017 -457.9888
v  -293.3235 0.2017 -407.4134
v  -293.3236 104.1387 -407.4135
v  -293.3235 0.2017 -404.8846
v  -293.3236 104.1387 -404.8847
v  -293.3235 0.2017 -354.3093
v  -293.3236 104.1388 -354.3094
v  -293.3235 0.2017 -351.7806
v  -293.3236 104.1388 -351.7806
v  -293.3236 0.2018 -301.2053
v  -293.3236 104.1388 -301.2053
v  -293.3236 0.2018 -298.6765
v  -293.3236 104.1388 -298.6765
v  -293.3235 0.2018 -248.1012
v  -293.3236 104.1387 -248.1012
v  -293.3235 0.2018 -245.5724
v  -293.3236 104.1387 -245.5724
v  -293.3236 106.8465 -404.8847
v  -293.3236 106.8465 -407.4135
v  -293.3236 106.8465 -298.6765
v  -293.3236 106.8465 -301.2053
v  -293.3236 106.8465 -351.7806
v  -293.3236 106.8465 -354.3094
v  -293.3236 106.8465 -245.5724
v  -293.3236 106.8465 -248.1012
v  -293.3236 106.8465 -457.9888
v  -293.3236 186.1774 -301.2053
v  -293.3236 186.1774 -351.7806
v  -293.3236 186.1774 -407.4135
v  -293.3236 186.1773 -457.9888
v  -293.3236 186.1774 -298.6765
v  -293.3236 186.1774 -354.3093
v  -293.3236 186.1774 -404.8847
v  -293.3236 186.1774 -248.1012
v  -293.3236 186.1774 -245.5724
v  -293.3236 186.1773 -460.7447
v  -293.3236 106.8465 -460.7447
v  -293.3236 104.1387 -460.7447
v  -293.3235 0.2017 -460.7447
v  293.3237 104.1387 -248.3282
v  293.3236 0.2018 -248.3282
v  293.3236 0.2018 -298.9036
v  293.3237 104.1388 -298.9036
v  293.3236 0.2018 -301.4323
v  293.3237 104.1388 -301.4323
v  293.3237 0.2017 -352.0077
v  293.3237 104.1388 -352.0077
v  293.3237 0.2017 -354.5364
v  293.3237 104.1388 -354.5364
v  293.3236 0.2017 -405.1117
v  293.3237 104.1387 -405.1118
v  293.3236 0.2017 -407.6405
v  293.3237 104.1387 -407.6405
v  293.3237 0.2017 -458.2158
v  293.3237 104.1387 -458.2159
v  293.3237 0.2017 -460.7446
v  293.3237 104.1387 -460.7447
v  293.3237 106.8465 -301.4323
v  293.3237 106.8465 -298.9036
v  293.3237 106.8465 -407.6405
v  293.3237 106.8465 -405.1118
v  293.3237 106.8465 -354.5364
v  293.3237 106.8465 -352.0077
v  293.3237 106.8465 -460.7447
v  293.3237 106.8465 -458.2159
v  293.3237 106.8465 -248.3282
v  293.3237 186.1774 -405.1118
v  293.3237 186.1774 -354.5364
v  293.3237 186.1774 -298.9036
v  293.3237 186.1774 -248.3282
v  293.3237 186.1774 -407.6405
v  293.3237 186.1774 -352.0077
v  293.3237 186.1774 -301.4323
v  293.3237 186.1773 -458.2159
v  293.3237 186.1773 -460.7447
v  293.3237 186.1774 -245.5724
v  293.3237 106.8465 -245.5723
v  293.3237 104.1387 -245.5723
v  293.3236 0.2018 -245.5723
v  31.6558 413.8824 -230.3148
v  31.6557 413.8824 230.3148
v  31.6557 0.1910 230.3148
v  31.6558 0.1909 -230.3148
v  -31.6559 413.8824 230.3148
v  -31.6559 0.1910 230.3148
v  -31.6559 413.8824 -230.3148
v  -31.6559 0.1909 -230.3148
v  -34.1883 413.8824 -230.3148
v  -34.1884 413.8824 230.3148
v  -34.1884 0.1910 230.3148
v  -34.1883 0.1909 -230.3148
v  -97.5001 413.8824 230.3148
v  -97.5001 0.1910 230.3148
v  -97.5000 413.8824 -230.3148
v  -97.5000 0.1909 -230.3148
v  -100.0324 413.8824 -230.3148
v  -100.0325 413.8824 230.3148
v  -100.0325 0.1910 230.3148
v  -100.0324 0.1909 -230.3148
v  -163.3442 413.8824 230.3148
v  -163.3442 0.1910 230.3148
v  -163.3441 413.8824 -230.3148
v  -163.3441 0.1909 -230.3148
v  -165.8766 413.8824 -230.3148
v  -165.8767 413.8824 230.3148
v  -165.8767 0.1910 230.3148
v  -165.8766 0.1909 -230.3148
v  -229.1883 413.8824 230.3148
v  -229.1883 0.1910 230.3148
v  -229.1882 413.8824 -230.3149
v  -229.1882 0.1909 -230.3148
v  -231.7207 413.8824 -230.3149
v  -231.7208 413.8824 230.3148
v  -231.7208 0.1910 230.3148
v  -231.7207 0.1909 -230.3148
v  -295.0324 413.8824 230.3148
v  -295.0324 0.1910 230.3148
v  -295.0324 413.8824 -230.3149
v  -295.0324 0.1909 -230.3148
v  -297.5648 413.8824 -230.3149
v  -297.5649 413.8824 230.3148
v  -297.5649 0.1910 230.3148
v  -297.5648 0.1909 -230.3148
v  -360.8765 413.8824 230.3148
v  -360.8765 0.1910 230.3147
v  -360.8764 413.8824 -230.3149
v  -360.8764 0.1909 -230.3148
v  -363.4090 413.8824 -230.3149
v  -363.4091 413.8824 230.3148
v  -363.4091 0.1910 230.3147
v  -363.4090 0.1909 -230.3148
v  -426.7207 413.8824 230.3148
v  -426.7207 0.1910 230.3147
v  -426.7206 413.8824 -230.3149
v  -426.7206 0.1909 -230.3148
v  -429.2531 413.8824 -230.3149
v  -429.2531 413.8824 230.3148
v  -429.2531 0.1910 230.3147
v  -429.2531 0.1909 -230.3148
v  -492.5648 413.8824 230.3147
v  -492.5648 0.1910 230.3147
v  -492.5647 413.8824 -230.3149
v  -492.5647 0.1909 -230.3149
v  -495.0971 413.8824 -230.3149
v  -495.0972 413.8824 230.3147
v  -495.0972 0.1910 230.3147
v  -495.0971 0.1909 -230.3149
v  -558.4089 413.8824 230.3147
v  -558.4089 0.1910 230.3147
v  -558.4088 413.8824 -230.3149
v  -558.4088 0.1909 -230.3149
v  97.4999 413.8824 -230.3148
v  97.4999 413.8824 230.3148
v  97.4999 0.1910 230.3148
v  97.4999 0.1909 -230.3148
v  34.1882 413.8824 230.3148
v  34.1882 0.1910 230.3148
v  34.1882 413.8824 -230.3148
v  34.1882 0.1909 -230.3148
v  163.3440 413.8824 -230.3148
v  163.3439 413.8824 230.3148
v  163.3439 0.1910 230.3148
v  163.3440 0.1909 -230.3148
v  100.0323 413.8824 230.3148
v  100.0323 0.1910 230.3148
v  100.0324 413.8824 -230.3148
v  100.0324 0.1909 -230.3148
v  229.1882 413.8824 -230.3148
v  229.1881 413.8824 230.3148
v  229.1881 0.1910 230.3148
v  229.1882 0.1909 -230.3148
v  165.8765 413.8824 230.3148
v  165.8765 0.1910 230.3148
v  165.8766 413.8824 -230.3148
v  165.8766 0.1909 -230.3148
v  295.0322 413.8824 -230.3148
v  295.0322 413.8824 230.3148
v  295.0322 0.1910 230.3148
v  295.0322 0.1909 -230.3148
v  231.7206 413.8824 230.3148
v  231.7206 0.1910 230.3148
v  231.7206 413.8824 -230.3148
v  231.7206 0.1909 -230.3148
v  360.8764 413.8824 -230.3148
v  360.8763 413.8824 230.3149
v  360.8763 0.1910 230.3148
v  360.8764 0.1909 -230.3147
v  297.5647 413.8824 230.3148
v  297.5647 0.1910 230.3148
v  297.5647 413.8824 -230.3148
v  297.5647 0.1909 -230.3148
v  426.7205 413.8824 -230.3148
v  426.7205 413.8824 230.3149
v  426.7205 0.1910 230.3148
v  426.7205 0.1909 -230.3147
v  363.4088 413.8824 230.3149
v  363.4088 0.1910 230.3148
v  363.4089 413.8824 -230.3148
v  363.4089 0.1909 -230.3147
v  492.5646 413.8824 -230.3148
v  492.5645 413.8824 230.3149
v  492.5645 0.1910 230.3149
v  492.5646 0.1909 -230.3147
v  429.2530 413.8824 230.3149
v  429.2530 0.1910 230.3148
v  429.2531 413.8824 -230.3148
v  429.2531 0.1909 -230.3147
v  558.4087 413.8824 -230.3148
v  558.4086 413.8824 230.3149
v  558.4086 0.1910 230.3149
v  558.4087 0.1909 -230.3147
v  495.0970 413.8824 230.3149
v  495.0970 0.1910 230.3149
v  495.0970 413.8824 -230.3148
v  495.0970 0.1909 -230.3147
v  -582.2833 413.8824 -230.3149
v  -582.2834 413.8824 230.3147
v  -582.2834 0.1910 230.3147
v  -582.2833 0.1909 -230.3149
v  -584.6456 413.8824 230.3147
v  -584.6456 0.1910 230.3147
v  -584.6456 413.8824 -230.3149
v  -584.6456 0.1909 -230.3149
v  -560.9412 413.8824 -230.3149
v  -560.9413 413.8824 230.3147
v  -560.9413 0.1910 230.3147
v  -560.9412 0.1909 -230.3149
v  -584.8829 413.8824 230.3147
v  -584.8829 0.1910 230.3147
v  -584.8829 413.8824 -230.3149
v  -584.8829 0.1909 -230.3149
v  584.8830 413.8824 -230.3147
v  584.8829 413.8824 230.3149
v  584.8829 0.1910 230.3149
v  584.8830 0.1909 -230.3147
v  560.9413 413.8824 230.3149
v  560.9413 0.1910 230.3149
v  560.9414 413.8824 -230.3147
v  560.9414 0.1909 -230.3147
v  590.5513 33.2862 -236.2204
v  590.5512 33.2863 236.2206
v  590.5512 0.1909 236.2206
v  -590.5513 33.2863 236.2204
v  -590.5513 0.1909 236.2204
v  -590.5512 33.2862 -236.2206
v  295.2757 33.2862 -462.8905
v  295.2756 33.2862 -226.6701
v  295.2756 0.1909 -226.6701
v  295.2757 0.1909 -462.8905
v  -295.2756 33.2862 -226.6702
v  -295.2756 0.1909 -226.6702
v  -295.2755 33.2862 -462.8906
v  -295.2755 0.1909 -462.8906
v  -31.6558 413.8824 -230.3148
v  -31.6559 0.1909 230.3148
v  -31.6558 0.1909 -230.3148
v  -34.1883 413.8824 230.3148
v  -34.1883 0.1909 230.3148
v  -97.4999 413.8824 -230.3148
v  -97.5000 413.8824 230.3148
v  -97.5000 0.1909 230.3148
v  -97.4999 0.1909 -230.3148
v  -100.0325 0.1909 230.3148
v  -163.3440 413.8824 -230.3148
v  -163.3441 413.8824 230.3148
v  -163.3441 0.1909 230.3148
v  -163.3440 0.1909 -230.3148
v  -165.8766 413.8824 230.3148
v  -165.8766 0.1909 230.3148
v  -165.8765 413.8824 -230.3148
v  -165.8765 0.1909 -230.3148
v  -229.1882 413.8824 -230.3148
v  -229.1882 413.8824 230.3148
v  -229.1882 0.1909 230.3148
v  -231.7207 413.8824 230.3148
v  -231.7207 0.1909 230.3148
v  -231.7207 413.8824 -230.3148
v  -295.0323 413.8824 -230.3148
v  -295.0324 0.1909 230.3148
v  -295.0323 0.1909 -230.3148
v  -297.5648 413.8824 230.3148
v  -297.5648 0.1909 230.3148
v  -297.5648 413.8824 -230.3148
v  -360.8765 0.1909 230.3147
v  -363.4089 413.8824 230.3148
v  -363.4089 0.1909 230.3147
v  -363.4089 413.8824 -230.3149
v  -363.4089 0.1909 -230.3148
v  -426.7205 413.8824 -230.3149
v  -426.7206 413.8824 230.3148
v  -426.7206 0.1909 230.3147
v  -426.7205 0.1909 -230.3148
v  -429.2530 413.8824 230.3148
v  -429.2530 0.1909 230.3147
v  -429.2529 413.8824 -230.3149
v  -429.2529 0.1909 -230.3148
v  -492.5646 413.8824 -230.3149
v  -492.5647 413.8824 230.3147
v  -492.5647 0.1909 230.3147
v  -492.5646 0.1909 -230.3149
v  -495.0972 0.1909 230.3147
v  -558.4088 413.8824 230.3147
v  -558.4088 0.1909 230.3147
v  -560.9413 0.1909 230.3147
v  34.1883 413.8824 -230.3148
v  34.1883 413.8824 230.3148
v  34.1883 0.1909 230.3148
v  34.1883 0.1909 -230.3148
v  31.6558 413.8824 230.3148
v  31.6558 0.1909 230.3148
v  31.6559 413.8824 -230.3148
v  31.6559 0.1909 -230.3148
v  100.0325 413.8824 -230.3148
v  100.0324 413.8824 230.3148
v  100.0324 0.1909 230.3148
v  100.0325 0.1909 -230.3148
v  97.4999 0.1909 230.3148
v  97.5000 413.8824 -230.3148
v  97.5000 0.1909 -230.3148
v  165.8765 0.1909 230.3148
v  163.3440 413.8824 230.3148
v  163.3440 0.1909 230.3148
v  163.3441 413.8824 -230.3148
v  163.3441 0.1909 -230.3148
v  231.7207 413.8824 -230.3148
v  231.7207 413.8824 230.3148
v  231.7207 0.1909 230.3148
v  231.7207 0.1909 -230.3148
v  229.1882 413.8824 230.3148
v  229.1882 0.1909 230.3148
v  297.5648 413.8824 -230.3148
v  297.5648 413.8824 230.3148
v  297.5648 0.1909 230.3148
v  297.5648 0.1909 -230.3148
v  295.0323 413.8824 230.3148
v  295.0323 0.1909 230.3148
v  295.0324 413.8824 -230.3148
v  295.0324 0.1909 -230.3148
v  363.4089 413.8824 230.3149
v  363.4089 0.1909 230.3148
v  360.8764 413.8824 230.3149
v  360.8764 0.1909 230.3148
v  360.8765 413.8824 -230.3148
v  360.8765 0.1909 -230.3147
v  429.2530 413.8824 -230.3148
v  429.2529 413.8824 230.3149
v  429.2529 0.1909 230.3148
v  429.2530 0.1909 -230.3147
v  426.7205 0.1909 230.3148
v  426.7206 413.8824 -230.3148
v  426.7206 0.1909 -230.3147
v  495.0972 413.8824 -230.3147
v  495.0971 413.8824 230.3149
v  495.0971 0.1909 230.3149
v  495.0972 0.1909 -230.3147
v  492.5646 413.8824 230.3149
v  492.5646 0.1909 230.3149
v  492.5647 413.8824 -230.3147
v  492.5647 0.1909 -230.3147
v  560.9413 413.8824 -230.3147
v  560.9412 413.8824 230.3149
v  560.9412 0.1909 230.3149
v  560.9413 0.1909 -230.3147
v  558.4088 413.8824 230.3149
v  558.4088 0.1909 230.3149
v  558.4088 413.8824 -230.3147
v  558.4088 0.1909 -230.3147
v  570.8662 121.9029 -230.7085
v  570.8661 121.9029 230.7086
v  570.8661 119.4208 230.7086
v  570.8662 119.4207 -230.7085
v  -570.8662 121.9029 230.7085
v  -570.8662 119.4208 230.7085
v  -570.8661 121.9029 -230.7086
v  -570.8661 119.4207 -230.7086
v  570.8662 216.9283 -230.7084
v  570.8661 216.9283 230.7086
v  570.8661 214.4461 230.7086
v  570.8662 214.4461 -230.7085
v  -570.8662 216.9283 230.7085
v  -570.8662 214.4461 230.7084
v  -570.8661 216.9283 -230.7086
v  -570.8661 214.4461 -230.7087
v  570.8662 312.3041 -230.7085
v  570.8661 312.3041 230.7086
v  570.8661 309.8220 230.7086
v  570.8662 309.8220 -230.7085
v  -570.8662 312.3041 230.7084
v  -570.8662 309.8220 230.7084
v  -570.8661 312.3041 -230.7086
v  -570.8661 309.8220 -230.7086
v  49.2127 130.1122 -462.8621
v  49.2127 130.1122 -384.1219
v  49.2127 0.1909 -384.1219
v  49.2127 0.1909 -462.8620
v  39.3701 0.1909 -462.8620
v  39.3701 119.2854 -462.8621
v  -49.2125 130.1122 -462.8621
v  -39.3700 119.2854 -462.8621
v  -39.3700 0.1909 -462.8620
v  -49.2125 0.1909 -462.8620
v  -49.2125 130.1122 -384.1219
v  -49.2125 0.1909 -384.1219
v  -39.3700 0.1909 -393.3408
v  39.3701 0.1909 -393.3408
v  39.3701 119.2854 -393.3408
v  -39.3700 119.2854 -393.3408
v  -78.7402 173.4193 241.6671
v  -78.7402 173.4193 123.5569
v  -78.7402 0.1909 123.5569
v  -78.7402 0.1909 241.6671
v  -65.6168 0.1909 241.6671
v  -65.6168 158.9836 241.6671
v  78.7401 173.4193 241.6671
v  65.6168 158.9836 241.6671
v  65.6168 0.1909 241.6671
v  78.7401 0.1909 241.6671
v  78.7401 173.4193 123.5569
v  78.7401 0.1909 123.5569
v  65.6168 0.1909 137.3853
v  -65.6168 0.1909 137.3853
v  -65.6168 158.9836 137.3853
v  65.6168 158.9836 137.3853
# 1844 vertices

vn -0.0000 -0.0000 -1.0000
vn 0.0000 0.0000 -1.0000
vn 0.0000 -0.0000 -1.0000
vn -0.0000 0.0000 -1.0000
vn 0.0001 0.0000 -1.0000
vn 0.0000 0.0001 -1.0000
vn 0.0000 0.0000 1.0000
vn -0.0000 0.0000 1.0000
vn -0.0000 -0.0000 1.0000
vn 0.0000 -0.0000 1.0000
vn 0.0003 -0.0001 1.0000
vn 0.0002 -0.0001 1.0000
vn -0.7382 -0.6745 -0.0000
vn 1.0000 0.0000 0.0000
vn -0.0004 -1.0000 0.0000
vn 0.0009 -1.0000 0.0000
vn -0.3684 -0.9297 0.0000
vn 0.2391 0.9710 0.0000
vn -0.5784 -0.8157 0.0000
vn 0.9359 -0.3523 0.0000
vn -0.7967 -0.6044 0.0000
vn -0.9390 -0.3440 -0.0000
vn -0.9119 -0.4104 0.0000
vn -1.0000 0.0000 -0.0000
vn 0.0012 1.0000 -0.0000
vn -0.9780 -0.2086 0.0000
vn -0.2327 0.9725 -0.0000
vn -0.9999 -0.0154 0.0000
vn -0.9950 0.0995 -0.0000
vn -0.2334 -0.9724 0.0000
vn -1.0000 0.0000 0.0000
vn -0.9529 0.3032 -0.0000
vn -0.2322 0.9727 -0.0000
vn -0.8561 0.5169 -0.0000
vn 0.0000 1.0000 -0.0000
vn -0.7557 0.6549 -0.0000
vn 0.0000 -1.0000 0.0000
vn -0.5347 0.8451 -0.0000
vn 0.2327 -0.9726 0.0000
vn 0.9570 -0.2901 -0.0000
vn -0.3576 0.9339 -0.0000
vn 1.0000 0.0000 -0.0000
vn 0.0000 -1.0000 -0.0000
vn -0.1863 0.9825 -0.0000
vn 0.2331 0.9724 -0.0000
vn -0.0175 0.9998 -0.0000
vn 0.1029 0.9947 -0.0000
vn 0.2887 0.9574 -0.0000
vn 0.5287 0.8488 -0.0000
vn -0.2287 0.9735 -0.0000
vn -0.9566 -0.2913 -0.0000
vn 0.7693 0.6389 -0.0000
vn -0.9342 0.3567 -0.0000
vn 0.9000 0.4359 -0.0000
vn 0.9732 0.2298 -0.0000
vn 0.9415 0.3369 -0.0000
vn 0.2369 0.9715 -0.0000
vn 0.9999 0.0116 -0.0000
vn 0.2330 0.9725 -0.0000
vn 0.9902 -0.1396 0.0000
vn 0.0008 -1.0000 0.0000
vn 0.9274 -0.3742 0.0000
vn -0.2659 -0.9640 0.0000
vn 0.8321 -0.5547 0.0000
vn -0.3568 -0.9342 0.0000
vn 0.6544 -0.7562 0.0000
vn -0.2360 0.9718 -0.0000
vn 0.4472 -0.8944 0.0000
vn -0.9423 -0.3348 0.0000
vn 0.2187 -0.9758 0.0000
vn 0.9406 0.3394 0.0000
vn 0.0922 -0.9957 0.0000
vn 0.9328 -0.3603 0.0000
vn 0.2376 0.9714 -0.0000
vn -0.0673 -0.9977 0.0000
vn 0.2337 0.9723 -0.0000
vn 0.0869 0.9962 -0.0000
vn -0.1786 -0.9839 0.0000
vn -0.0593 0.9982 -0.0000
vn -0.2937 0.9559 -0.0000
vn 0.0476 0.9989 -0.0000
vn -0.5145 0.8575 -0.0000
vn 0.2816 0.9595 -0.0000
vn -0.7882 0.6154 -0.0000
vn 0.5832 0.8123 -0.0000
vn -0.9390 -0.3440 0.0000
vn -0.9738 0.2272 -0.0000
vn 0.8215 0.5702 -0.0000
vn -0.9904 -0.1382 -0.0000
vn 0.9417 0.3363 -0.0000
vn -0.8459 -0.5333 0.0000
vn 0.9889 0.1483 -0.0000
vn -0.6332 -0.7740 0.0000
vn 0.9983 0.0583 -0.0000
vn -0.4600 -0.8879 0.0000
vn 0.9984 -0.0563 0.0000
vn -0.2318 0.9728 -0.0000
vn -0.4483 -0.8939 0.0000
vn 0.9812 -0.1930 0.0000
vn -0.5746 -0.8184 0.0000
vn 0.9374 -0.3482 0.0000
vn -0.2306 -0.9730 0.0000
vn -0.7639 -0.6454 0.0000
vn 0.8101 -0.5863 0.0000
vn -0.9335 -0.3586 -0.0000
vn 0.5860 -0.8103 0.0000
vn -0.9913 -0.1317 -0.0000
vn 0.3082 -0.9513 0.0000
vn 0.1425 0.9898 -0.0000
vn -0.9981 0.0619 -0.0000
vn 0.1029 -0.9947 0.0000
vn 0.3307 0.9437 -0.0000
vn -0.9479 0.3187 -0.0000
vn -0.1258 -0.9921 0.0000
vn 0.5525 0.8335 -0.0000
vn -0.8272 0.5619 -0.0000
vn -0.3887 -0.9214 0.0000
vn 0.8266 0.5628 -0.0000
vn -0.6585 0.7526 -0.0000
vn -0.6357 -0.7719 0.0000
vn 0.9568 0.2907 -0.0000
vn -0.4822 0.8761 -0.0000
vn -0.8305 -0.5570 0.0000
vn -0.2993 0.9541 -0.0000
vn -0.9444 -0.3289 0.0000
vn 0.9640 -0.2659 0.0000
vn -0.1299 0.9915 -0.0000
vn -0.9845 -0.1752 0.0000
vn 0.8546 -0.5193 0.0000
vn -0.0292 0.9996 -0.0000
vn -0.9982 -0.0592 -0.0000
vn 0.6541 -0.7564 0.0000
vn 0.0463 0.9989 -0.0000
vn -0.9992 0.0393 0.0000
vn 0.4164 -0.9092 0.0000
vn 0.1143 0.9934 -0.0000
vn -0.9836 0.1802 -0.0000
vn 0.8753 0.4836 -0.0000
vn 0.2163 0.9763 -0.0000
vn -0.9434 0.3317 -0.0000
vn 0.2412 0.9705 -0.0000
vn 0.2796 0.9601 -0.0000
vn -0.8528 0.5223 -0.0000
vn -0.6746 0.7382 -0.0000
vn -0.4548 0.8906 -0.0000
vn -0.8848 -0.4660 -0.0000
vn -0.9374 -0.3481 -0.0000
vn -0.2855 0.9584 -0.0000
vn -0.1708 -0.9853 0.0000
vn -0.1029 0.9947 -0.0000
vn -0.0948 -0.9955 0.0000
vn 0.2560 0.9667 -0.0000
vn 0.0393 -0.9992 0.0000
vn 0.1725 -0.9850 0.0000
vn -0.0002 -1.0000 0.0000
vn 0.3490 -0.9371 0.0000
vn 0.5711 -0.8209 0.0000
vn 0.8631 -0.5050 0.0000
vn -0.0096 -1.0000 0.0000
vn 0.9887 -0.1498 0.0000
vn -0.1235 -0.9923 0.0000
vn 0.9757 0.2190 0.0000
vn -0.2730 -0.9620 0.0000
vn 0.8320 0.5547 0.0000
vn -0.4835 -0.8753 0.0000
vn 0.5882 0.8087 0.0000
vn -0.7170 -0.6971 0.0000
vn 0.4602 0.8878 -0.0000
vn 0.2332 0.9724 -0.0000
vn -0.8944 -0.4472 -0.0000
vn 0.4326 0.9016 -0.0000
vn -0.9868 -0.1619 -0.0000
vn 0.5713 0.8207 -0.0000
vn -0.9996 0.0294 0.0000
vn 0.7269 0.6867 -0.0000
vn -1.0000 -0.0000 -0.0000
vn -0.9701 0.2425 -0.0000
vn 0.8784 0.4779 -0.0000
vn -0.8545 0.5195 -0.0000
vn 0.9688 0.2478 -0.0000
vn -0.6849 0.7286 -0.0000
vn 0.9987 0.0515 -0.0000
vn -0.4356 0.9002 -0.0000
vn 0.9954 -0.0963 -0.0000
vn -0.1830 0.9831 -0.0000
vn 0.9629 -0.2699 0.0000
vn -0.0057 1.0000 -0.0000
vn 0.8944 -0.4472 0.0000
vn 0.7827 -0.6223 0.0000
vn 0.6590 -0.7522 0.0000
vn -0.2321 0.9727 -0.0000
vn 0.5180 -0.8554 0.0000
vn 0.3534 -0.9355 0.0000
vn 0.2076 -0.9782 0.0000
vn 0.0778 -0.9970 0.0000
vn -0.2346 0.9721 -0.0000
vn -0.0553 -0.9985 0.0000
vn -0.1623 -0.9867 0.0000
vn -0.2358 -0.9718 0.0000
vn -0.2288 0.9735 -0.0000
vn 0.7380 0.6748 -0.0000
vn -0.2358 -0.9718 -0.0000
vn -0.2350 -0.9720 0.0000
vn 0.9415 0.3369 0.0000
vn 0.7380 0.6748 0.0000
vn 0.2318 -0.9728 0.0000
vn -0.9423 -0.3348 -0.0000
vn -0.7382 -0.6745 0.0000
vn 0.2391 0.9710 -0.0000
vn 0.0001 0.0000 1.0000
vn 0.0002 0.0001 1.0000
vn -0.0000 0.0001 1.0000
vn 0.0004 0.0001 -1.0000
vn 0.0000 -0.0001 -1.0000
vn 0.7382 -0.6745 0.0000
vn 0.0004 -1.0000 0.0000
vn -0.0009 -1.0000 0.0000
vn 0.3684 -0.9297 0.0000
vn -0.2391 0.9710 -0.0000
vn 0.5784 -0.8157 0.0000
vn -0.9359 -0.3523 -0.0000
vn 0.7967 -0.6044 0.0000
vn 0.9390 -0.3440 0.0000
vn 0.9119 -0.4104 0.0000
vn -0.0012 1.0000 -0.0000
vn 0.9780 -0.2086 0.0000
vn 0.2327 0.9725 -0.0000
vn 0.9999 -0.0154 0.0000
vn 0.9950 0.0995 -0.0000
vn 0.2334 -0.9724 0.0000
vn 0.9529 0.3032 -0.0000
vn 0.2321 0.9727 -0.0000
vn 0.8561 0.5169 -0.0000
vn 0.7557 0.6549 -0.0000
vn 0.5347 0.8451 -0.0000
vn -0.2327 -0.9726 0.0000
vn -0.9570 -0.2901 -0.0000
vn 0.3576 0.9339 -0.0000
vn 0.1863 0.9825 -0.0000
vn -0.2331 0.9724 -0.0000
vn 0.0175 0.9998 -0.0000
vn -0.0000 -1.0000 0.0000
vn -0.2887 0.9574 -0.0000
vn -0.5287 0.8488 -0.0000
vn 0.2287 0.9735 -0.0000
vn 0.9566 -0.2913 0.0000
vn -0.7693 0.6389 -0.0000
vn 0.9342 0.3567 -0.0000
vn -0.9000 0.4359 -0.0000
vn -0.9732 0.2298 -0.0000
vn -0.9415 0.3369 -0.0000
vn -0.2369 0.9715 -0.0000
vn -0.9999 0.0116 -0.0000
vn -0.2330 0.9725 -0.0000
vn -0.9902 -0.1396 0.0000
vn -0.0008 -1.0000 0.0000
vn -0.9274 -0.3742 0.0000
vn 0.2659 -0.9640 0.0000
vn -0.8320 -0.5547 0.0000
vn 0.3568 -0.9342 0.0000
vn -0.6544 -0.7562 0.0000
vn 0.2360 0.9718 -0.0000
vn -0.4472 -0.8944 0.0000
vn 0.9423 -0.3348 0.0000
vn -0.2187 -0.9758 0.0000
vn -0.9406 0.3394 -0.0000
vn -0.0922 -0.9957 0.0000
vn -0.9328 -0.3603 0.0000
vn -0.2376 0.9714 -0.0000
vn 0.0673 -0.9977 0.0000
vn -0.2337 0.9723 -0.0000
vn -0.0869 0.9962 -0.0000
vn 0.1786 -0.9839 0.0000
vn 0.0593 0.9982 -0.0000
vn 0.2937 0.9559 -0.0000
vn -0.0476 0.9989 -0.0000
vn 0.5145 0.8575 -0.0000
vn -0.2816 0.9595 -0.0000
vn -0.9359 -0.3523 0.0000
vn 0.7882 0.6154 0.0000
vn -0.5832 0.8123 -0.0000
vn 0.9738 0.2272 0.0000
vn -0.8215 0.5702 -0.0000
vn 0.9904 -0.1382 0.0000
vn -0.9417 0.3363 -0.0000
vn 0.8459 -0.5333 0.0000
vn -0.9889 0.1483 -0.0000
vn 0.6332 -0.7740 0.0000
vn -0.9983 0.0583 -0.0000
vn 0.4600 -0.8879 0.0000
vn -0.9984 -0.0563 0.0000
vn 0.2318 0.9728 -0.0000
vn 0.4483 -0.8939 0.0000
vn -0.9812 -0.1930 0.0000
vn 0.5746 -0.8184 0.0000
vn -0.9374 -0.3482 0.0000
vn 0.2306 -0.9730 0.0000
vn 0.7639 -0.6454 0.0000
vn -0.8101 -0.5863 0.0000
vn 0.9335 -0.3586 0.0000
vn -0.5860 -0.8103 0.0000
vn 0.9913 -0.1317 0.0000
vn -0.3082 -0.9513 0.0000
vn -0.1425 0.9898 -0.0000
vn 0.9981 0.0619 -0.0000
vn -0.1029 -0.9947 0.0000
vn -0.3307 0.9437 -0.0000
vn 0.9479 0.3187 -0.0000
vn 0.1258 -0.9921 0.0000
vn -0.5525 0.8335 -0.0000
vn 0.8272 0.5619 -0.0000
vn 0.3887 -0.9214 0.0000
vn -0.8266 0.5628 -0.0000
vn 0.6585 0.7526 -0.0000
vn 0.6357 -0.7719 0.0000
vn -0.9568 0.2907 -0.0000
vn 0.4822 0.8761 -0.0000
vn 0.8305 -0.5570 0.0000
vn 0.2993 0.9541 -0.0000
vn 0.9444 -0.3289 0.0000
vn -0.9640 -0.2659 0.0000
vn 0.1299 0.9915 -0.0000
vn 0.9845 -0.1752 0.0000
vn -0.8546 -0.5193 0.0000
vn 0.0292 0.9996 -0.0000
vn 0.9982 -0.0592 0.0000
vn -0.6541 -0.7564 0.0000
vn -0.0463 0.9989 -0.0000
vn 0.9992 0.0393 -0.0000
vn -0.4164 -0.9092 0.0000
vn -0.1143 0.9934 -0.0000
vn 0.9836 0.1802 -0.0000
vn -0.8753 0.4836 -0.0000
vn -0.2163 0.9763 -0.0000
vn 0.9434 0.3317 -0.0000
vn -0.2412 0.9705 -0.0000
vn -0.2796 0.9601 -0.0000
vn 0.8528 0.5223 -0.0000
vn 0.6746 0.7382 -0.0000
vn 0.4548 0.8906 -0.0000
vn 0.8848 -0.4660 0.0000
vn 0.9374 -0.3481 0.0000
vn 0.2855 0.9584 -0.0000
vn 0.1708 -0.9853 0.0000
vn 0.0948 -0.9955 0.0000
vn -0.2560 0.9667 -0.0000
vn -0.0393 -0.9992 0.0000
vn -0.1725 -0.9850 0.0000
vn 0.0002 -1.0000 0.0000
vn -0.3490 -0.9371 0.0000
vn -0.5711 -0.8209 0.0000
vn -0.8631 -0.5050 -0.0000
vn 0.0096 -1.0000 0.0000
vn -0.9887 -0.1498 -0.0000
vn 0.1235 -0.9923 0.0000
vn -0.9757 0.2190 -0.0000
vn 0.2730 -0.9620 0.0000
vn -0.8321 0.5547 -0.0000
vn 0.4835 -0.8753 0.0000
vn -0.5882 0.8087 -0.0000
vn 0.7170 -0.6971 0.0000
vn -0.4602 0.8878 -0.0000
vn -0.2332 0.9724 -0.0000
vn -0.4326 0.9016 -0.0000
vn 0.9868 -0.1619 0.0000
vn -0.5713 0.8207 -0.0000
vn 0.9996 0.0294 -0.0000
vn -0.7269 0.6867 -0.0000
vn 0.9701 0.2425 -0.0000
vn -0.8784 0.4779 -0.0000
vn 0.8545 0.5195 -0.0000
vn -0.9688 0.2478 -0.0000
vn 0.6849 0.7286 -0.0000
vn -0.9987 0.0515 -0.0000
vn 0.4356 0.9002 -0.0000
vn -0.9954 -0.0963 -0.0000
vn 0.1830 0.9831 -0.0000
vn -0.9629 -0.2699 -0.0000
vn 0.0057 1.0000 -0.0000
vn -0.7827 -0.6223 0.0000
vn -0.6590 -0.7522 0.0000
vn -0.5180 -0.8554 0.0000
vn -0.3534 -0.9355 0.0000
vn -0.2076 -0.9782 0.0000
vn -0.9570 -0.2901 0.0000
vn -0.0778 -0.9970 0.0000
vn 0.2346 0.9721 -0.0000
vn 0.0553 -0.9985 0.0000
vn 0.1623 -0.9867 0.0000
vn 0.2358 -0.9718 0.0000
vn 0.2288 0.9735 -0.0000
vn -0.7380 0.6748 -0.0000
vn 0.9342 0.3567 0.0000
vn 0.2350 -0.9720 0.0000
vn -0.2318 -0.9728 0.0000
vn -0.9328 -0.3603 -0.0000
vn 1.0000 -0.0000 0.0000
vn -0.0053 -0.8944 -0.4472
vn 0.0000 1.0000 0.0000
vn -0.1222 -0.9925 0.0000
vn -0.0001 -1.0000 0.0000
vn -0.0000 1.0000 0.0000
vn -0.0000 1.0000 -0.0000
vn -1.0000 -0.0000 0.0000
vn 1.0000 -0.0000 -0.0000
vn -0.0000 -1.0000 -0.0000
# 406 vertex normals

vt 0.3442 0.8644 0.0000
vt 0.3497 0.8588 0.0000
vt 0.3533 0.8519 0.0000
vt 0.3533 0.8364 0.0000
vt 0.3545 0.8441 0.0000
vt 0.3497 0.8294 0.0000
vt 0.3442 0.8239 0.0000
vt 0.3372 0.8204 0.0000
vt 0.3218 0.8204 0.0000
vt 0.3295 0.8191 0.0000
vt 0.3148 0.8239 0.0000
vt 0.3093 0.8294 0.0000
vt 0.3057 0.8364 0.0000
vt 0.3045 0.8441 0.0000
vt 0.3372 0.8679 0.0000
vt 0.3057 0.8519 0.0000
vt 0.3093 0.8588 0.0000
vt 0.3148 0.8644 0.0000
vt 0.3295 0.8691 0.0000
vt 0.3218 0.8679 0.0000
vt 0.3370 0.8203 0.0000
vt 0.3320 0.8193 0.0000
vt 0.3269 0.8193 0.0000
vt 0.3416 0.8223 0.0000
vt 0.3458 0.8252 0.0000
vt 0.3097 0.8288 0.0000
vt 0.3220 0.8203 0.0000
vt 0.3173 0.8223 0.0000
vt 0.3132 0.8252 0.0000
vt 0.3492 0.8288 0.0000
vt 0.3519 0.8331 0.0000
vt 0.3537 0.8379 0.0000
vt 0.3544 0.8429 0.0000
vt 0.3542 0.8479 0.0000
vt 0.3529 0.8528 0.0000
vt 0.3070 0.8331 0.0000
vt 0.3053 0.8379 0.0000
vt 0.3048 0.8479 0.0000
vt 0.3045 0.8429 0.0000
vt 0.3060 0.8528 0.0000
vt 0.3083 0.8574 0.0000
vt 0.3152 0.8647 0.0000
vt 0.3114 0.8614 0.0000
vt 0.3507 0.8574 0.0000
vt 0.3476 0.8614 0.0000
vt 0.3438 0.8647 0.0000
vt 0.3393 0.8671 0.0000
vt 0.3345 0.8686 0.0000
vt 0.3196 0.8671 0.0000
vt 0.3244 0.8686 0.0000
vt 0.3434 0.8234 0.0000
vt 0.3390 0.8210 0.0000
vt 0.3344 0.8196 0.0000
vt 0.3472 0.8265 0.0000
vt 0.3503 0.8303 0.0000
vt 0.3156 0.8234 0.0000
vt 0.3246 0.8196 0.0000
vt 0.3199 0.8210 0.0000
vt 0.3526 0.8346 0.0000
vt 0.3540 0.8393 0.0000
vt 0.3540 0.8490 0.0000
vt 0.3526 0.8537 0.0000
vt 0.3087 0.8580 0.0000
vt 0.3118 0.8265 0.0000
vt 0.3087 0.8303 0.0000
vt 0.3050 0.8393 0.0000
vt 0.3064 0.8346 0.0000
vt 0.3050 0.8490 0.0000
vt 0.3064 0.8537 0.0000
vt 0.3503 0.8580 0.0000
vt 0.3472 0.8618 0.0000
vt 0.3434 0.8649 0.0000
vt 0.3390 0.8672 0.0000
vt 0.3344 0.8687 0.0000
vt 0.3118 0.8618 0.0000
vt 0.3156 0.8649 0.0000
vt 0.3199 0.8672 0.0000
vt 0.3246 0.8687 0.0000
vt 0.3511 0.8566 0.0000
vt 0.3511 0.8316 0.0000
vt 0.3420 0.8225 0.0000
vt 0.3170 0.8225 0.0000
vt 0.3420 0.8658 0.0000
vt 0.3078 0.8316 0.0000
vt 0.3078 0.8566 0.0000
vt 0.3170 0.8658 0.0000
vt 0.3430 0.8652 0.0000
vt 0.3522 0.8545 0.0000
vt 0.3542 0.8406 0.0000
vt 0.3484 0.8278 0.0000
vt 0.3365 0.8202 0.0000
vt 0.3224 0.8202 0.0000
vt 0.3106 0.8278 0.0000
vt 0.3067 0.8545 0.0000
vt 0.3047 0.8406 0.0000
vt 0.3160 0.8652 0.0000
vt 0.3045 0.8191 0.0000
vt 0.3545 0.8191 0.0000
vt 0.3545 0.8691 0.0000
vt 0.3045 0.8691 0.0000
vt 0.3319 0.8690 0.0000
vt 0.3343 0.8687 0.0000
vt 0.3247 0.8687 0.0000
vt 0.3366 0.8681 0.0000
vt 0.3389 0.8673 0.0000
vt 0.3543 0.8472 0.0000
vt 0.3545 0.8447 0.0000
vt 0.3544 0.8423 0.0000
vt 0.3539 0.8495 0.0000
vt 0.3541 0.8399 0.0000
vt 0.3536 0.8376 0.0000
vt 0.3529 0.8353 0.0000
vt 0.3507 0.8310 0.0000
vt 0.3493 0.8290 0.0000
vt 0.3461 0.8254 0.0000
vt 0.3478 0.8271 0.0000
vt 0.3422 0.8226 0.0000
vt 0.3378 0.8206 0.0000
vt 0.3400 0.8215 0.0000
vt 0.3355 0.8199 0.0000
vt 0.3331 0.8194 0.0000
vt 0.3283 0.8192 0.0000
vt 0.3307 0.8192 0.0000
vt 0.3259 0.8194 0.0000
vt 0.3235 0.8199 0.0000
vt 0.3212 0.8206 0.0000
vt 0.3189 0.8215 0.0000
vt 0.3168 0.8226 0.0000
vt 0.3129 0.8254 0.0000
vt 0.3112 0.8271 0.0000
vt 0.3096 0.8290 0.0000
vt 0.3082 0.8310 0.0000
vt 0.3071 0.8331 0.0000
vt 0.3061 0.8353 0.0000
vt 0.3066 0.8541 0.0000
vt 0.3048 0.8399 0.0000
vt 0.3045 0.8423 0.0000
vt 0.3045 0.8447 0.0000
vt 0.3054 0.8376 0.0000
vt 0.3047 0.8472 0.0000
vt 0.3051 0.8495 0.0000
vt 0.3524 0.8541 0.0000
vt 0.3513 0.8563 0.0000
vt 0.3501 0.8583 0.0000
vt 0.3486 0.8603 0.0000
vt 0.3469 0.8620 0.0000
vt 0.3201 0.8673 0.0000
vt 0.3076 0.8563 0.0000
vt 0.3089 0.8583 0.0000
vt 0.3120 0.8620 0.0000
vt 0.3104 0.8603 0.0000
vt 0.3138 0.8636 0.0000
vt 0.3158 0.8651 0.0000
vt 0.3179 0.8663 0.0000
vt 0.3451 0.8636 0.0000
vt 0.3432 0.8651 0.0000
vt 0.3411 0.8663 0.0000
vt 0.3223 0.8681 0.0000
vt 0.3271 0.8690 0.0000
vt 0.3347 0.8197 0.0000
vt 0.3243 0.8197 0.0000
vt 0.3543 0.8415 0.0000
vt 0.3481 0.8609 0.0000
vt 0.3046 0.8415 0.0000
vt 0.3109 0.8609 0.0000
vt 0.3396 0.8670 0.0000
vt 0.3193 0.8670 0.0000
vt 0.3481 0.8274 0.0000
vt 0.3396 0.8213 0.0000
vt 0.3193 0.8213 0.0000
vt 0.3109 0.8274 0.0000
vt 0.3543 0.8468 0.0000
vt 0.3046 0.8468 0.0000
vt 0.3347 0.8686 0.0000
vt 0.3243 0.8686 0.0000
vt 0.2837 0.8116 0.0000
vt 0.3337 0.8116 0.0000
vt 0.3337 0.8616 0.0000
vt 0.2837 0.8616 0.0000
vt 0.3263 0.8543 0.0000
vt 0.3337 0.8366 0.0000
vt 0.3263 0.8189 0.0000
vt 0.3087 0.8116 0.0000
vt 0.3087 0.8616 0.0000
vt 0.2910 0.8189 0.0000
vt 0.2837 0.8366 0.0000
vt 0.2910 0.8543 0.0000
vt 0.3212 0.8583 0.0000
vt 0.3303 0.8491 0.0000
vt 0.3303 0.8241 0.0000
vt 0.3212 0.8150 0.0000
vt 0.2962 0.8150 0.0000
vt 0.2870 0.8241 0.0000
vt 0.2870 0.8491 0.0000
vt 0.2962 0.8583 0.0000
vt 0.4006 0.0073 0.0000
vt 0.4506 0.0073 0.0000
vt 0.4506 0.0573 0.0000
vt 0.4006 0.0573 0.0000
vt 0.3353 0.8487 0.0000
vt 0.3401 0.8275 0.0000
vt 0.3266 0.8105 0.0000
vt 0.3049 0.8105 0.0000
vt 0.3157 0.8581 0.0000
vt 0.2914 0.8275 0.0000
vt 0.2962 0.8487 0.0000
vt 0.2907 0.8081 0.0000
vt 0.3407 0.8081 0.0000
vt 0.3407 0.8581 0.0000
vt 0.2907 0.8581 0.0000
vt 0.3334 0.8507 0.0000
vt 0.3407 0.8331 0.0000
vt 0.3334 0.8154 0.0000
vt 0.3157 0.8081 0.0000
vt 0.2981 0.8154 0.0000
vt 0.2907 0.8331 0.0000
vt 0.2981 0.8507 0.0000
vt 0.3374 0.8456 0.0000
vt 0.3374 0.8206 0.0000
vt 0.2941 0.8206 0.0000
vt 0.2941 0.8456 0.0000
vt 0.4006 0.0144 0.0000
vt 0.4506 0.0144 0.0000
vt 0.4506 0.0644 0.0000
vt 0.4006 0.0644 0.0000
vt 0.8459 0.8301 0.0000
vt 0.8463 0.8258 0.0000
vt 0.8464 0.8258 0.0000
vt 0.8460 0.8301 0.0000
vt 0.8531 0.9364 0.0000
vt 0.8535 0.9321 0.0000
vt 0.8543 0.9322 0.0000
vt 0.8540 0.9365 0.0000
vt 0.8469 0.8302 0.0000
vt 0.8472 0.8259 0.0000
vt 0.8470 0.8302 0.0000
vt 0.8541 0.9365 0.0000
vt 0.8551 0.9322 0.0000
vt 0.8549 0.9365 0.0000
vt 0.8479 0.8302 0.0000
vt 0.8480 0.8259 0.0000
vt 0.8481 0.8259 0.0000
vt 0.8550 0.9365 0.0000
vt 0.8552 0.9322 0.0000
vt 0.8560 0.9322 0.0000
vt 0.8559 0.9365 0.0000
vt 0.8488 0.8302 0.0000
vt 0.8489 0.8259 0.0000
vt 0.8490 0.8259 0.0000
vt 0.8489 0.8302 0.0000
vt 0.8561 0.9322 0.0000
vt 0.8569 0.9323 0.0000
vt 0.8568 0.9365 0.0000
vt 0.8497 0.8302 0.0000
vt 0.8498 0.8260 0.0000
vt 0.8499 0.8260 0.0000
vt 0.8498 0.8302 0.0000
vt 0.8569 0.9365 0.0000
vt 0.8577 0.9323 0.0000
vt 0.8577 0.9366 0.0000
vt 0.8507 0.8303 0.0000
vt 0.8507 0.8260 0.0000
vt 0.8578 0.9366 0.0000
vt 0.8578 0.9323 0.0000
vt 0.8586 0.9323 0.0000
vt 0.8587 0.9366 0.0000
vt 0.8516 0.8303 0.0000
vt 0.8515 0.8260 0.0000
vt 0.8516 0.8260 0.0000
vt 0.8587 0.9323 0.0000
vt 0.8595 0.9323 0.0000
vt 0.8596 0.9366 0.0000
vt 0.8525 0.8303 0.0000
vt 0.8524 0.8260 0.0000
vt 0.8525 0.8260 0.0000
vt 0.8526 0.8303 0.0000
vt 0.8597 0.9366 0.0000
vt 0.8596 0.9323 0.0000
vt 0.8604 0.9322 0.0000
vt 0.8605 0.9366 0.0000
vt 0.8535 0.8303 0.0000
vt 0.8533 0.8259 0.0000
vt 0.8534 0.8259 0.0000
vt 0.8606 0.9366 0.0000
vt 0.8613 0.9322 0.0000
vt 0.8615 0.9365 0.0000
vt 0.8544 0.8302 0.0000
vt 0.8542 0.8259 0.0000
vt 0.8545 0.8302 0.0000
vt 0.8616 0.9365 0.0000
vt 0.8621 0.9322 0.0000
vt 0.8625 0.9365 0.0000
vt 0.8554 0.8302 0.0000
vt 0.8550 0.8259 0.0000
vt 0.8551 0.8259 0.0000
vt 0.8622 0.9322 0.0000
vt 0.8630 0.9321 0.0000
vt 0.8634 0.9365 0.0000
vt 0.8564 0.8302 0.0000
vt 0.8559 0.8258 0.0000
vt 0.8560 0.8258 0.0000
vt 0.8516 0.8304 0.0000
vt 0.8507 0.8304 0.0000
vt 0.8460 0.8303 0.0000
vt 0.8459 0.8303 0.0000
vt 0.8535 0.8304 0.0000
vt 0.8498 0.8304 0.0000
vt 0.8469 0.8303 0.0000
vt 0.8544 0.8304 0.0000
vt 0.8525 0.8304 0.0000
vt 0.8488 0.8304 0.0000
vt 0.8564 0.8304 0.0000
vt 0.8479 0.8303 0.0000
vt 0.8470 0.8303 0.0000
vt 0.8554 0.8304 0.0000
vt 0.8545 0.8304 0.0000
vt 0.8526 0.8304 0.0000
vt 0.8497 0.8304 0.0000
vt 0.8540 0.9366 0.0000
vt 0.8549 0.9366 0.0000
vt 0.8549 0.9401 0.0000
vt 0.8540 0.9401 0.0000
vt 0.8553 0.8339 0.0000
vt 0.8559 0.9367 0.0000
vt 0.8568 0.9367 0.0000
vt 0.8568 0.9402 0.0000
vt 0.8559 0.9402 0.0000
vt 0.8606 0.9367 0.0000
vt 0.8615 0.9367 0.0000
vt 0.8614 0.9402 0.0000
vt 0.8606 0.9402 0.0000
vt 0.8470 0.8339 0.0000
vt 0.8469 0.8338 0.0000
vt 0.8525 0.8339 0.0000
vt 0.8597 0.9367 0.0000
vt 0.8605 0.9367 0.0000
vt 0.8605 0.9402 0.0000
vt 0.8596 0.9402 0.0000
vt 0.8569 0.9367 0.0000
vt 0.8577 0.9367 0.0000
vt 0.8577 0.9402 0.0000
vt 0.8479 0.8339 0.0000
vt 0.8478 0.8338 0.0000
vt 0.8563 0.8340 0.0000
vt 0.8562 0.8340 0.0000
vt 0.8535 0.8339 0.0000
vt 0.8534 0.8339 0.0000
vt 0.8497 0.8339 0.0000
vt 0.8587 0.9367 0.0000
vt 0.8596 0.9367 0.0000
vt 0.8587 0.9402 0.0000
vt 0.8531 0.9366 0.0000
vt 0.8531 0.9402 0.0000
vt 0.8578 0.9367 0.0000
vt 0.8586 0.9402 0.0000
vt 0.8578 0.9402 0.0000
vt 0.8488 0.8339 0.0000
vt 0.8625 0.9367 0.0000
vt 0.8624 0.9402 0.0000
vt 0.8615 0.9402 0.0000
vt 0.8544 0.8339 0.0000
vt 0.8543 0.8339 0.0000
vt 0.8507 0.8339 0.0000
vt 0.8506 0.8339 0.0000
vt 0.8635 0.9367 0.0000
vt 0.8633 0.9403 0.0000
vt 0.8516 0.8339 0.0000
vt 0.8515 0.8339 0.0000
vt 0.8460 0.8339 0.0000
vt 0.8550 0.9366 0.0000
vt 0.8558 0.9402 0.0000
vt 0.8550 0.9401 0.0000
vt 0.8403 0.9812 0.0000
vt 0.8354 0.9814 0.0000
vt 0.8353 0.9697 0.0000
vt 0.8402 0.9696 0.0000
vt 0.8331 0.8633 0.0000
vt 0.8282 0.8634 0.0000
vt 0.8282 0.8628 0.0000
vt 0.8331 0.8626 0.0000
vt 0.8402 0.9689 0.0000
vt 0.8353 0.9691 0.0000
vt 0.8353 0.9574 0.0000
vt 0.8401 0.9573 0.0000
vt 0.8330 0.8510 0.0000
vt 0.8282 0.8511 0.0000
vt 0.8282 0.8505 0.0000
vt 0.8330 0.8503 0.0000
vt 0.8401 0.9566 0.0000
vt 0.8353 0.9568 0.0000
vt 0.8353 0.9451 0.0000
vt 0.8402 0.9451 0.0000
vt 0.8331 0.8388 0.0000
vt 0.8282 0.8388 0.0000
vt 0.8282 0.8381 0.0000
vt 0.8331 0.8380 0.0000
vt 0.8402 0.9443 0.0000
vt 0.8353 0.9444 0.0000
vt 0.8355 0.9327 0.0000
vt 0.8403 0.9328 0.0000
vt 0.8332 0.8265 0.0000
vt 0.8284 0.8264 0.0000
vt 0.8284 0.8258 0.0000
vt 0.8332 0.8258 0.0000
vt 0.8332 0.8626 0.0000
vt 0.8333 0.8633 0.0000
vt 0.8333 0.8380 0.0000
vt 0.8333 0.8388 0.0000
vt 0.8332 0.8503 0.0000
vt 0.8332 0.8510 0.0000
vt 0.8334 0.8258 0.0000
vt 0.8334 0.8265 0.0000
vt 0.8332 0.8749 0.0000
vt 0.8334 0.8749 0.0000
vt 0.8403 0.9566 0.0000
vt 0.8403 0.9451 0.0000
vt 0.8440 0.9451 0.0000
vt 0.8440 0.9567 0.0000
vt 0.8405 0.9812 0.0000
vt 0.8403 0.9696 0.0000
vt 0.8440 0.9696 0.0000
vt 0.8442 0.9812 0.0000
vt 0.8369 0.8382 0.0000
vt 0.8369 0.8388 0.0000
vt 0.8403 0.9689 0.0000
vt 0.8403 0.9573 0.0000
vt 0.8440 0.9573 0.0000
vt 0.8440 0.9690 0.0000
vt 0.8369 0.8504 0.0000
vt 0.8369 0.8510 0.0000
vt 0.8403 0.9443 0.0000
vt 0.8405 0.9328 0.0000
vt 0.8442 0.9328 0.0000
vt 0.8440 0.9445 0.0000
vt 0.8369 0.8627 0.0000
vt 0.8369 0.8633 0.0000
vt 0.8371 0.8259 0.0000
vt 0.8371 0.8265 0.0000
vt 0.8371 0.8749 0.0000
vt 0.8371 0.8756 0.0000
vt 0.8334 0.8756 0.0000
vt 0.8332 0.8756 0.0000
vt 0.8283 0.8751 0.0000
vt 0.8284 0.8758 0.0000
vt 0.8480 0.9330 0.0000
vt 0.8529 0.9328 0.0000
vt 0.8529 0.9445 0.0000
vt 0.8481 0.9445 0.0000
vt 0.8410 0.8382 0.0000
vt 0.8458 0.8382 0.0000
vt 0.8458 0.8388 0.0000
vt 0.8410 0.8389 0.0000
vt 0.8481 0.9452 0.0000
vt 0.8529 0.9451 0.0000
vt 0.8530 0.9568 0.0000
vt 0.8481 0.9568 0.0000
vt 0.8411 0.8505 0.0000
vt 0.8459 0.8505 0.0000
vt 0.8459 0.8511 0.0000
vt 0.8411 0.8512 0.0000
vt 0.8482 0.9575 0.0000
vt 0.8530 0.9574 0.0000
vt 0.8530 0.9691 0.0000
vt 0.8481 0.9691 0.0000
vt 0.8410 0.8628 0.0000
vt 0.8459 0.8628 0.0000
vt 0.8459 0.8634 0.0000
vt 0.8410 0.8635 0.0000
vt 0.8481 0.9698 0.0000
vt 0.8530 0.9697 0.0000
vt 0.8529 0.9814 0.0000
vt 0.8480 0.9814 0.0000
vt 0.8409 0.8751 0.0000
vt 0.8458 0.8751 0.0000
vt 0.8458 0.8758 0.0000
vt 0.8409 0.8757 0.0000
vt 0.8408 0.8389 0.0000
vt 0.8408 0.8382 0.0000
vt 0.8409 0.8635 0.0000
vt 0.8409 0.8628 0.0000
vt 0.8409 0.8512 0.0000
vt 0.8409 0.8505 0.0000
vt 0.8408 0.8757 0.0000
vt 0.8408 0.8751 0.0000
vt 0.8409 0.8267 0.0000
vt 0.8408 0.8267 0.0000
vt 0.8480 0.9575 0.0000
vt 0.8480 0.9691 0.0000
vt 0.8443 0.9691 0.0000
vt 0.8443 0.9575 0.0000
vt 0.8479 0.9330 0.0000
vt 0.8479 0.9445 0.0000
vt 0.8442 0.9446 0.0000
vt 0.8442 0.9329 0.0000
vt 0.8372 0.8634 0.0000
vt 0.8372 0.8628 0.0000
vt 0.8479 0.9452 0.0000
vt 0.8480 0.9568 0.0000
vt 0.8443 0.9568 0.0000
vt 0.8442 0.9452 0.0000
vt 0.8372 0.8512 0.0000
vt 0.8372 0.8505 0.0000
vt 0.8480 0.9698 0.0000
vt 0.8479 0.9813 0.0000
vt 0.8442 0.9814 0.0000
vt 0.8443 0.9697 0.0000
vt 0.8371 0.8389 0.0000
vt 0.8371 0.8383 0.0000
vt 0.8371 0.8757 0.0000
vt 0.8371 0.8751 0.0000
vt 0.8371 0.8266 0.0000
vt 0.8371 0.8260 0.0000
vt 0.8408 0.8259 0.0000
vt 0.8409 0.8259 0.0000
vt 0.8458 0.8265 0.0000
vt 0.8458 0.8258 0.0000
vt 0.8222 0.9179 0.0000
vt 0.8722 0.9179 0.0000
vt 0.8722 0.9679 0.0000
vt 0.8222 0.9679 0.0000
vt 0.0000 0.0000 0.0000
vt 0.2990 0.8550 0.0000
vt 0.2990 0.8541 0.0000
vt 0.3297 0.8550 0.0000
vt 0.3297 0.8541 0.0000
vt 0.2907 0.8116 0.0000
vt 0.3407 0.8116 0.0000
vt 0.3407 0.8616 0.0000
vt 0.2907 0.8616 0.0000
vt 0.8417 0.8230 0.0000
vt 0.8917 0.8230 0.0000
vt 0.8917 0.8730 0.0000
vt 0.8417 0.8730 0.0000
vt 0.3014 0.7939 0.0000
vt 0.3514 0.7939 0.0000
vt 0.3514 0.8439 0.0000
vt 0.3014 0.8439 0.0000
vt 0.3441 0.8366 0.0000
vt 0.3514 0.8189 0.0000
vt 0.3441 0.8012 0.0000
vt 0.3264 0.7939 0.0000
vt 0.3264 0.8439 0.0000
vt 0.3087 0.8012 0.0000
vt 0.3014 0.8189 0.0000
vt 0.3087 0.8366 0.0000
# 545 texture coords

g SPW_Urban_Train_Station
usemtl SPW_Urban_Train_Station
s off
f 1/1/1 2/2/1 3/3/1 4/4/1 
f 3/3/2 5/5/2 4/4/2 
f 6/6/2 7/7/2 8/8/2 9/9/2 
f 8/8/3 10/10/3 9/9/3 
f 6/6/2 9/9/2 11/11/2 4/4/2 
f 11/11/2 12/12/2 13/13/2 4/4/2 
f 1/1/1 4/4/1 13/13/1 14/14/1 
f 15/15/2 1/1/2 14/14/2 16/16/2 
f 16/16/3 17/17/3 18/18/3 15/15/3 
f 19/19/3 15/15/3 18/18/3 20/20/3 
s 1
f 21/21/3 22/22/3 23/23/3 24/24/3 
f 25/25/3 24/24/3 23/23/3 26/26/3 
f 23/23/3 27/27/3 28/28/3 26/26/3 
f 28/28/3 29/29/3 26/26/3 
f 30/30/3 25/25/3 26/26/3 31/31/3 
f 32/32/3 31/31/3 26/26/3 33/33/3 
f 34/34/3 33/33/3 26/26/3 35/35/3 
f 26/26/3 36/36/3 37/37/3 38/38/3 
f 37/37/3 39/39/3 38/38/3 
f 38/38/3 40/40/3 41/41/3 42/42/3 
f 41/41/3 43/43/3 42/42/3 
f 26/26/3 38/38/3 42/42/3 35/35/3 
f 44/44/3 35/35/3 42/42/3 45/45/3 
f 46/46/3 45/45/3 42/42/3 47/47/3 
f 48/48/3 47/47/3 42/42/3 49/19/3 
f 49/19/3 42/42/3 50/49/3 51/50/3 
f 52/51/3 49/52/3 51/53/3 53/54/3 
f 54/55/3 53/54/3 51/53/3 55/56/3 
f 51/53/3 56/10/3 57/57/3 55/56/3 
f 57/57/3 58/58/3 55/56/3 
f 59/59/3 54/55/3 55/56/3 60/60/3 
f 61/5/3 60/60/3 55/56/3 62/61/3 
f 63/62/3 62/61/3 55/56/3 64/63/3 
f 55/56/3 65/64/3 66/65/3 67/66/3 
f 66/65/3 68/67/3 67/66/3 
f 67/66/3 69/14/3 70/68/3 64/63/3 
f 70/68/3 71/69/3 64/63/3 
f 55/56/3 67/66/3 64/63/3 
f 72/70/3 63/62/3 64/63/3 73/71/3 
f 74/72/3 73/71/3 64/63/3 75/73/3 
f 76/74/3 75/73/3 64/63/3 22/19/3 
f 64/63/3 77/75/3 78/76/3 22/19/3 
f 22/19/3 78/76/3 79/77/3 23/78/3 
s off
f 80/79/3 81/5/3 82/80/3 83/10/3 
f 82/80/3 84/81/3 83/10/3 
f 80/79/3 83/10/3 85/82/3 86/83/3 
f 86/83/3 85/82/3 87/84/3 88/85/3 
f 87/84/3 89/14/3 88/85/3 
f 90/19/3 86/83/3 88/85/3 91/86/3 
f 92/62/3 93/5/3 94/59/3 95/54/3 
f 96/71/3 92/62/3 95/54/3 97/67/3 
f 98/52/3 99/10/3 100/58/3 101/64/3 
f 95/54/3 98/52/3 101/64/3 97/67/3 
f 102/73/3 96/71/3 97/67/3 103/14/3 
f 103/14/3 104/69/3 105/75/3 102/73/3 
f 106/19/3 102/73/3 105/75/3 107/77/3 
s 1
f 108/19/2 109/1/3 110/3/2 111/7/3 
f 110/3/2 112/4/3 111/7/3 
f 108/19/2 111/7/3 113/10/3 114/11/2 
f 108/19/2 114/11/2 115/13/2 116/16/4 
f 108/19/2 116/16/4 117/18/2 
f 118/87/1 119/88/2 117/89/2 116/90/4 
f 116/90/4 120/91/3 121/92/3 122/93/3 
f 118/87/1 116/90/4 122/93/3 123/94/3 
f 122/93/3 124/95/3 123/94/3 
f 125/19/3 118/87/1 123/94/3 126/96/3 
f 114/97/2 121/98/3 120/99/3 115/100/2 
s off
f 127/62/3 128/5/3 129/59/3 130/54/3 
f 131/71/3 127/62/3 130/54/3 132/67/3 
f 133/52/4 134/10/4 135/58/4 136/64/4 
f 130/54/3 133/52/3 136/64/3 132/67/3 
f 137/73/4 131/71/4 132/67/4 138/14/4 
f 138/14/3 139/69/3 140/75/3 137/73/3 
f 141/19/3 137/73/3 140/75/3 142/77/3 
f 143/19/2 144/101/2 145/102/2 146/103/2 
f 145/102/1 147/104/1 148/105/1 146/103/1 
f 149/106/3 150/107/3 151/108/3 152/109/3 
f 151/108/3 153/110/3 154/111/3 155/31/3 
f 154/111/3 156/112/3 155/31/3 
f 152/109/3 151/108/3 155/31/3 157/3/3 
f 155/31/3 158/113/3 159/114/3 160/115/3 
f 159/114/3 161/116/3 160/115/3 
f 160/115/3 162/7/3 163/117/3 164/118/3 
f 163/117/3 165/119/3 164/118/3 
f 155/31/3 160/115/3 164/118/3 166/11/3 
f 164/118/3 167/120/3 168/121/3 169/122/3 
f 168/121/3 170/123/3 169/122/3 
f 169/122/3 171/124/3 172/125/3 164/118/3 
f 164/118/3 172/125/3 173/126/3 174/127/3 
f 164/118/3 174/127/3 175/128/3 166/11/3 
f 155/31/3 166/11/3 176/129/3 177/130/3 
f 155/31/3 177/130/3 178/131/3 179/132/3 
f 155/31/3 179/132/3 180/133/3 157/3/3 
f 157/3/1 180/133/1 181/134/1 182/135/1 
f 183/136/3 184/137/3 185/138/3 186/139/3 
f 185/138/2 187/140/2 188/141/2 182/135/2 
f 188/141/5 189/16/5 182/135/5 
f 186/139/2 185/138/2 182/135/2 181/134/2 
f 190/142/4 157/3/4 182/135/4 191/143/4 
f 192/144/3 191/143/3 182/135/3 193/145/3 
f 194/146/3 193/145/3 182/135/3 195/147/3 
f 182/135/3 196/148/3 197/149/3 198/150/3 
f 197/149/3 199/151/3 198/150/3 
f 198/150/3 200/152/3 201/153/3 195/147/3 
f 201/153/3 202/154/3 195/147/3 
f 182/135/3 198/150/3 195/147/3 
f 203/155/3 194/146/3 195/147/3 204/156/3 
f 205/157/3 204/156/3 195/147/3 148/105/3 
f 195/147/1 206/158/1 146/103/1 148/105/1 
f 143/19/6 146/103/6 207/159/6 
f 208/1/2 209/2/2 210/3/2 211/4/2 
f 210/3/3 212/5/3 211/4/3 
f 213/6/3 214/7/3 215/8/3 216/9/3 
f 215/8/3 217/10/3 216/9/3 
f 213/6/3 216/9/3 218/11/3 211/4/3 
f 218/11/3 219/12/3 220/13/3 211/4/3 
f 208/1/3 211/4/3 220/13/3 221/14/3 
f 222/15/3 208/1/3 221/14/3 223/16/3 
f 223/16/3 224/17/3 225/18/3 222/15/3 
f 226/19/3 222/15/3 225/18/3 227/20/3 
f 228/79/3 229/5/3 230/80/3 231/10/3 
f 230/80/3 232/81/3 231/10/3 
f 228/79/3 231/10/3 233/82/3 234/83/3 
f 234/83/3 233/82/3 235/84/3 236/85/3 
f 235/84/3 237/14/3 236/85/3 
f 238/19/3 234/83/3 236/85/3 239/86/3 
s 1
f 240/19/3 241/1/3 242/3/3 243/7/3 
f 242/3/3 244/4/3 243/7/3 
f 240/19/3 243/7/3 245/10/3 246/11/3 
f 240/19/3 246/11/3 247/13/3 248/16/3 
f 240/19/3 248/16/3 249/18/3 
f 250/87/3 251/88/3 249/89/3 248/90/3 
f 248/90/3 252/91/3 253/92/3 254/93/3 
f 250/87/3 248/90/3 254/93/3 255/94/3 
f 254/93/3 256/95/3 255/94/3 
f 257/19/3 250/87/3 255/94/3 258/96/3 
f 246/97/3 253/98/3 252/99/3 247/100/3 
f 259/80/3 260/7/3 261/160/3 262/11/3 
f 261/160/3 263/161/3 262/11/3 
f 259/80/3 262/11/3 264/84/4 265/162/3 
f 266/3/4 265/162/3 264/84/4 267/163/4 
f 267/163/4 264/84/4 268/164/4 269/165/3 
f 268/164/4 270/16/3 269/165/3 
f 271/166/3 267/163/4 269/165/3 272/19/3 
f 272/19/3 269/165/3 273/167/4 
f 274/168/1 272/7/3 273/169/4 275/80/2 
f 276/4/5 275/80/2 273/169/4 277/162/2 
f 273/169/4 278/160/6 279/10/1 280/170/1 
f 279/10/1 281/161/3 280/170/1 
f 280/170/1 282/11/3 283/171/3 284/13/4 
f 283/171/3 285/84/3 284/13/4 
f 273/169/4 280/170/1 284/13/4 277/162/2 
f 286/172/3 277/162/2 284/13/4 287/3/3 
f 288/79/3 287/3/3 284/13/4 289/163/3 
f 284/13/4 290/164/3 291/173/3 292/167/3 
f 293/16/3 294/85/3 295/165/3 292/167/3 
f 295/165/3 296/18/3 292/167/3 
f 291/173/3 293/16/3 292/167/3 
f 289/163/3 284/13/4 292/167/3 297/1/3 
f 298/166/3 297/1/3 292/167/3 299/174/3 
f 266/19/4 299/174/3 292/167/3 265/175/3 
s off
f 300/62/3 301/5/3 302/59/3 303/54/3 
f 304/71/3 300/62/3 303/54/3 305/67/3 
f 306/52/4 307/10/4 308/58/4 309/64/4 
f 303/54/3 306/52/3 309/64/3 305/67/3 
f 310/73/4 304/71/4 305/67/4 311/14/4 
f 311/14/3 312/69/3 313/75/3 310/73/3 
f 314/19/3 310/73/3 313/75/3 315/77/3 
f 316/15/7 317/1/7 318/2/7 319/20/7 
f 320/5/8 321/4/8 322/6/8 323/13/8 
f 324/7/8 325/8/8 326/10/8 327/11/8 
f 326/10/8 328/9/8 327/11/8 
f 324/7/9 327/11/9 329/12/9 322/6/9 
f 322/6/8 329/12/8 323/13/8 
f 323/13/7 330/14/7 331/16/7 332/18/7 
f 331/16/7 333/17/7 332/18/7 
f 320/5/7 323/13/7 332/18/7 334/3/7 
f 334/3/7 332/18/7 319/20/7 318/2/7 
f 335/19/7 316/15/7 319/20/7 
s 1
f 336/48/7 337/47/7 338/46/7 339/44/7 
f 338/46/7 340/45/7 339/44/7 
f 339/44/7 341/35/7 342/34/7 343/32/7 
f 342/34/7 344/33/7 343/32/7 
f 343/32/7 345/31/7 346/30/7 347/24/7 
f 346/30/7 348/25/7 347/24/7 
f 339/44/7 343/32/7 347/24/7 349/36/7 
f 347/24/7 350/21/7 351/22/7 352/27/7 
f 351/22/7 353/23/7 352/27/7 
f 347/24/7 352/27/7 354/28/7 355/29/7 
f 347/24/7 355/29/7 356/26/7 349/36/7 
f 339/44/7 349/36/7 357/37/7 358/39/7 
f 339/44/7 358/39/7 359/38/7 360/40/7 
f 339/44/7 360/40/7 361/41/7 362/43/7 
f 336/48/7 339/44/7 362/43/7 363/42/7 
f 336/48/7 363/42/7 364/49/7 365/50/7 
f 366/19/7 336/48/7 365/50/7 
f 351/74/7 367/73/7 368/72/7 369/70/7 
f 368/72/7 370/71/7 369/70/7 
f 369/70/7 371/62/7 372/61/7 373/60/7 
f 372/61/7 374/5/7 373/60/7 
f 373/60/7 375/59/7 376/55/7 377/51/7 
f 376/55/7 378/54/7 377/51/7 
f 369/70/7 373/60/7 377/51/7 379/66/7 
f 377/51/7 380/52/7 381/53/7 336/57/7 
f 381/53/7 382/10/7 336/57/7 
f 336/57/7 366/58/7 383/56/7 384/64/7 
f 377/51/7 336/57/7 384/64/7 385/65/7 
f 377/51/7 385/65/7 386/67/7 379/66/7 
f 369/70/7 379/66/7 387/14/7 388/68/7 
f 369/70/7 388/68/7 389/69/7 390/63/7 
f 369/70/7 390/63/7 391/75/7 392/76/7 
f 351/74/7 369/70/7 392/76/7 393/77/7 
f 351/74/7 393/77/7 394/78/7 353/19/7 
s off
f 395/83/7 396/79/7 397/5/7 398/86/7 
f 399/81/7 400/10/7 401/82/7 402/14/7 
f 401/82/7 403/84/7 402/14/7 
f 399/81/7 402/14/7 404/85/7 405/80/7 
f 405/80/7 404/85/7 398/86/7 397/5/7 
f 406/19/7 395/83/7 398/86/7 
f 407/73/7 408/71/7 409/62/7 410/77/7 
f 411/54/7 412/52/7 413/10/7 414/58/7 
f 415/59/7 411/54/7 414/58/7 416/75/7 
f 417/64/10 418/67/10 419/14/10 420/69/10 
f 414/58/10 417/64/10 420/69/10 416/75/10 
f 421/5/7 415/59/7 416/75/7 410/77/7 
f 409/62/7 421/5/7 410/77/7 
f 422/19/7 407/73/7 410/77/7 
s 1
f 423/19/9 424/1/7 425/3/9 426/4/9 
f 423/19/9 426/4/9 427/7/9 428/10/8 
f 428/10/8 429/11/7 430/13/8 423/19/9 
f 423/19/9 430/13/8 431/16/9 432/18/7 
f 433/87/7 434/88/7 435/89/7 436/96/9 
f 437/91/11 438/92/12 425/93/9 439/90/10 
f 425/93/9 424/95/7 440/94/8 436/96/9 
f 439/90/10 425/93/9 436/96/9 435/89/7 
f 441/19/7 433/87/7 436/96/9 
f 427/97/9 426/98/9 438/99/12 437/100/11 
s off
f 442/73/7 443/71/7 444/62/7 445/77/7 
f 446/54/7 447/52/7 448/10/7 449/58/7 
f 450/59/7 446/54/7 449/58/7 451/75/7 
f 452/64/7 453/67/7 454/14/7 455/69/7 
f 449/58/7 452/64/7 455/69/7 451/75/7 
f 456/5/10 450/59/10 451/75/10 445/77/10 
f 444/62/7 456/5/7 445/77/7 
f 457/19/7 442/73/7 445/77/7 
f 458/19/7 459/101/7 460/102/7 461/103/7 
f 460/102/7 462/104/7 463/105/7 464/156/7 
f 463/105/7 465/157/7 464/156/7 
f 464/156/7 466/155/7 467/146/7 468/144/7 
f 467/146/7 469/145/7 468/144/7 
f 460/102/7 464/156/7 468/144/7 470/150/7 
f 468/144/7 471/143/7 472/142/7 473/109/7 
f 472/142/7 474/3/7 473/109/7 
f 473/109/7 475/106/7 476/107/7 477/110/7 
f 476/107/7 478/108/7 477/110/7 
f 468/144/7 473/109/7 477/110/7 479/111/7 
f 468/144/7 479/111/7 480/112/7 481/131/7 
f 482/120/7 483/121/7 484/123/7 485/124/7 
f 484/123/7 486/122/7 485/124/7 
f 487/118/7 482/120/7 485/124/7 488/119/7 
f 489/117/7 488/119/7 485/124/7 490/7/7 
f 485/124/7 491/125/7 492/126/7 493/128/7 
f 492/126/7 494/127/7 493/128/7 
f 493/128/7 495/11/7 496/129/7 481/131/7 
f 496/129/7 497/130/7 481/131/7 
f 485/124/7 493/128/7 481/131/7 490/7/7 
f 498/115/7 490/7/7 481/131/7 499/116/7 
f 500/114/7 499/116/7 481/131/7 501/113/7 
f 502/31/7 501/113/7 481/131/7 480/112/7 
f 481/131/7 503/132/7 504/133/7 505/139/7 
f 504/133/7 506/134/7 505/139/7 
f 505/139/7 507/136/7 508/137/7 509/140/7 
f 508/137/7 510/138/7 509/140/7 
f 481/131/7 505/139/7 509/140/7 511/141/7 
f 481/131/7 511/141/7 512/16/7 468/144/7 
f 468/144/7 512/16/7 513/135/7 514/148/7 
f 468/144/7 514/148/7 515/149/7 516/151/7 
f 468/144/7 516/151/7 470/150/7 
f 460/102/7 470/150/7 517/152/7 518/153/7 
f 460/102/7 518/153/7 519/154/7 520/147/7 
f 520/147/7 521/158/7 461/103/7 460/102/7 
f 458/19/7 461/103/7 522/159/7 
f 523/15/8 524/1/8 525/2/8 526/20/8 
f 527/5/8 528/4/8 529/6/8 530/13/8 
f 531/7/7 532/8/7 533/10/7 534/11/7 
f 533/10/7 535/9/7 534/11/7 
f 531/7/7 534/11/7 536/12/7 529/6/7 
f 529/6/7 536/12/7 530/13/7 
f 530/13/8 537/14/8 538/16/8 539/18/8 
f 538/16/7 540/17/7 539/18/7 
f 527/5/9 530/13/9 539/18/9 541/3/9 
f 541/3/8 539/18/8 526/20/8 525/2/8 
f 542/19/7 523/15/7 526/20/7 
f 543/83/7 544/79/7 545/5/7 546/86/7 
f 547/81/7 548/10/7 549/82/7 550/14/7 
f 549/82/7 551/84/7 550/14/7 
f 547/81/7 550/14/7 552/85/7 553/80/7 
f 553/80/7 552/85/7 546/86/7 545/5/7 
f 554/19/7 543/83/7 546/86/7 
s 1
f 555/19/8 556/1/9 557/3/10 558/4/7 
f 555/19/8 558/4/7 559/7/7 560/10/7 
f 560/10/7 561/11/7 562/13/7 555/19/8 
f 555/19/8 562/13/7 563/16/7 564/18/7 
f 565/87/7 566/88/7 567/89/7 568/96/7 
f 569/91/7 570/92/7 557/93/10 571/90/7 
f 557/93/10 556/95/9 572/94/10 568/96/7 
f 571/90/7 557/93/10 568/96/7 567/89/7 
f 573/19/7 565/87/7 568/96/7 
f 559/97/7 558/98/7 570/99/7 569/100/7 
f 574/166/7 575/163/7 576/3/7 577/162/9 
f 578/80/10 579/7/7 580/160/7 581/11/7 
f 580/160/7 582/161/7 581/11/7 
f 578/80/10 581/11/7 583/84/9 577/162/9 
f 577/162/9 583/84/9 584/164/9 585/16/7 
f 577/162/9 585/16/7 586/165/7 574/166/7 
f 574/166/7 586/165/7 587/167/7 588/19/7 
f 589/166/10 590/1/10 591/163/10 592/3/7 
f 591/163/10 593/79/7 592/3/7 
f 589/166/10 592/3/7 594/172/10 595/165/10 
f 594/172/10 596/162/7 597/4/7 598/168/9 
f 597/4/7 599/80/7 598/168/9 
f 598/168/9 600/7/9 601/169/9 602/10/10 
f 601/169/9 603/160/7 602/10/10 
f 594/172/10 598/168/9 602/10/10 604/173/10 
f 602/10/10 605/161/7 574/170/7 606/171/7 
f 574/170/7 588/11/7 606/171/7 
f 602/10/10 606/171/7 607/84/7 608/13/7 
f 602/10/10 608/13/7 609/164/7 604/173/10 
f 594/172/10 604/173/10 610/16/10 611/85/10 
f 594/172/10 611/85/10 595/165/10 
f 589/166/10 595/165/10 612/18/7 584/174/9 
f 584/174/9 612/18/7 613/167/7 614/175/7 
f 585/19/7 584/174/9 614/175/7 
s off
f 615/73/10 616/71/10 617/62/10 618/77/10 
f 619/54/7 620/52/7 621/10/7 622/58/7 
f 623/59/7 619/54/7 622/58/7 624/75/7 
f 625/64/7 626/67/7 627/14/7 628/69/7 
f 622/58/8 625/64/8 628/69/8 624/75/8 
f 629/5/10 623/59/10 624/75/10 618/77/10 
f 617/62/7 629/5/7 618/77/7 
f 630/19/10 615/73/10 618/77/10 
f 221/97/13 220/98/13 528/99/13 527/100/13 
f 123/97/14 124/98/14 435/99/14 434/100/14 
f 20/97/15 18/98/15 317/99/15 316/100/15 
f 223/97/14 221/98/14 527/99/14 541/100/14 
f 126/97/16 123/98/16 434/99/16 433/100/16 
f 58/97/17 57/98/17 381/99/17 380/100/17 
f 224/97/18 223/98/18 541/99/18 525/100/18 
f 55/97/19 58/98/19 380/99/19 377/100/19 
f 225/97/14 224/98/14 525/99/14 524/100/14 
f 120/97/20 116/98/20 425/99/20 438/100/20 
f 65/97/21 55/98/21 377/99/21 378/100/21 
f 227/97/15 225/98/15 524/99/15 523/100/15 
f 116/97/22 115/98/22 426/99/22 425/100/22 
f 66/97/23 65/98/23 378/99/23 376/100/23 
f 238/97/24 239/98/24 543/99/24 554/100/24 
f 115/97/25 120/98/25 438/99/25 426/100/25 
f 68/97/26 66/98/26 376/99/26 375/100/26 
f 234/97/27 238/98/27 554/99/27 546/100/27 
f 67/97/28 68/98/28 375/99/28 373/100/28 
f 228/97/24 234/98/24 546/99/24 552/100/24 
f 69/97/29 67/98/29 373/99/29 374/100/29 
f 229/97/30 228/98/30 552/99/30 550/100/30 
f 141/97/31 142/98/31 442/99/31 457/100/31 
f 70/97/32 69/98/32 374/99/32 372/100/32 
f 230/97/24 229/98/24 550/99/24 551/100/24 
f 137/97/33 141/98/33 457/99/33 445/100/33 
f 71/97/34 70/98/34 372/99/34 371/100/34 
f 232/97/35 230/98/35 551/99/35 549/100/35 
f 131/97/24 137/98/24 445/99/24 451/100/24 
f 64/97/36 71/98/36 371/99/36 369/100/36 
f 231/97/14 232/98/14 549/99/14 548/100/14 
f 127/97/37 131/98/37 451/99/37 455/100/37 
f 77/97/38 64/98/38 369/99/38 370/100/38 
f 233/97/39 231/98/39 548/99/39 547/100/39 
f 128/97/40 127/98/40 455/99/40 454/100/40 
f 78/97/41 77/98/41 370/99/41 368/100/41 
f 235/97/42 233/98/42 547/99/42 553/100/42 
f 129/97/43 128/98/43 454/99/43 453/100/43 
f 79/97/44 78/98/44 368/99/44 367/100/44 
f 237/97/45 235/98/45 553/99/45 545/100/45 
f 130/97/31 129/98/31 453/99/31 452/100/31 
f 23/97/46 79/98/46 367/99/46 351/100/46 
f 236/97/14 237/98/14 545/99/14 544/100/14 
f 133/97/35 130/98/35 452/99/35 449/100/35 
f 27/97/47 23/98/47 351/99/47 350/100/47 
f 239/97/37 236/98/37 544/99/37 543/100/37 
f 134/97/42 133/98/42 449/99/42 448/100/42 
f 28/97/48 27/98/48 350/99/48 347/100/48 
f 257/97/24 258/98/24 565/99/24 573/100/24 
f 135/97/43 134/98/43 448/99/43 447/100/43 
f 29/97/49 28/98/49 347/99/49 348/100/49 
f 250/97/50 257/98/50 573/99/50 568/100/50 
f 136/97/51 135/98/51 447/99/51 446/100/51 
f 26/97/52 29/98/52 348/99/52 346/100/52 
f 251/97/53 250/98/53 568/99/53 572/100/53 
f 132/97/43 136/98/43 446/99/43 450/100/43 
f 36/97/54 26/98/54 346/99/54 345/100/54 
f 249/97/35 251/98/35 572/99/35 556/100/35 
f 138/97/42 132/98/42 450/99/42 456/100/42 
f 37/97/55 36/98/55 345/99/55 343/100/55 
f 240/97/56 249/98/56 556/99/56 555/100/56 
f 139/97/57 138/98/57 456/99/57 444/100/57 
f 39/97/58 37/98/58 343/99/58 344/100/58 
f 241/97/59 240/98/59 555/99/59 564/100/59 
f 140/97/42 139/98/42 444/99/42 443/100/42 
f 38/97/60 39/98/60 344/99/60 342/100/60 
f 242/97/42 241/98/42 564/99/42 563/100/42 
f 142/97/61 140/98/61 443/99/61 442/100/61 
f 40/97/62 38/98/62 342/99/62 341/100/62 
f 244/97/37 242/98/37 563/99/37 562/100/37 
f 143/97/63 207/98/63 459/99/63 458/100/63 
f 41/97/64 40/98/64 341/99/64 339/100/64 
f 243/97/24 244/98/24 562/99/24 561/100/24 
f 144/97/65 143/98/65 458/99/65 522/100/65 
f 43/97/66 41/98/66 339/99/66 340/100/66 
f 245/97/67 243/98/67 561/99/67 560/100/67 
f 145/97/24 144/98/24 522/99/24 461/100/24 
f 42/97/68 43/98/68 340/99/68 338/100/68 
f 246/97/69 245/98/69 560/99/69 559/100/69 
f 147/97/35 145/98/35 461/99/35 521/100/35 
f 50/97/70 42/98/70 338/99/70 337/100/70 
f 253/97/37 246/98/37 559/99/37 569/100/37 
f 148/97/71 147/98/71 521/99/71 520/100/71 
f 51/97/72 50/98/72 337/99/72 336/100/72 
f 254/97/73 253/98/73 569/99/73 571/100/73 
f 205/97/74 148/98/74 520/99/74 519/100/74 
f 56/97/75 51/98/75 336/99/75 382/100/75 
f 256/97/76 254/98/76 571/99/76 567/100/76 
f 204/97/77 205/98/77 519/99/77 518/100/77 
f 57/97/78 56/98/78 382/99/78 381/100/78 
f 255/97/42 256/98/42 567/99/42 566/100/42 
f 203/97/79 204/98/79 518/99/79 517/100/79 
f 258/97/16 255/98/16 566/99/16 565/100/16 
f 194/97/80 203/98/80 517/99/80 470/100/80 
f 49/97/81 52/98/81 383/99/81 366/100/81 
f 193/97/82 194/98/82 470/99/82 516/100/82 
f 52/97/83 53/98/83 384/99/83 383/100/83 
f 252/97/20 248/98/20 557/99/20 570/100/20 
f 192/97/84 193/98/84 516/99/84 515/100/84 
f 53/97/85 54/98/85 385/99/85 384/100/85 
f 248/97/86 247/98/86 558/99/86 557/100/86 
f 191/97/87 192/98/87 515/99/87 514/100/87 
f 54/97/88 59/98/88 386/99/88 385/100/88 
f 247/97/25 252/98/25 570/99/25 558/100/25 
f 190/97/89 191/98/89 514/99/89 513/100/89 
f 59/97/90 60/98/90 379/99/90 386/100/90 
f 157/97/91 190/98/91 513/99/91 512/100/91 
f 60/97/92 61/98/92 387/99/92 379/100/92 
f 152/97/93 157/98/93 512/99/93 511/100/93 
f 61/97/94 62/98/94 388/99/94 387/100/94 
f 262/97/24 263/98/24 580/99/24 579/100/24 
f 149/97/95 152/98/95 511/99/95 509/100/95 
f 62/97/96 63/98/96 389/99/96 388/100/96 
f 264/97/97 262/98/97 579/99/97 578/100/97 
f 150/97/98 149/98/98 509/99/98 510/100/98 
f 63/97/99 72/98/99 390/99/99 389/100/99 
f 268/97/24 264/98/24 578/99/24 577/100/24 
f 151/97/100 150/98/100 510/99/100 508/100/100 
f 72/97/101 73/98/101 391/99/101 390/100/101 
f 270/97/102 268/98/102 577/99/102 576/100/102 
f 153/97/103 151/98/103 508/99/103 507/100/103 
f 73/97/104 74/98/104 392/99/104 391/100/104 
f 269/97/24 270/98/24 576/99/24 575/100/24 
f 154/97/105 153/98/105 507/99/105 505/100/105 
f 74/97/106 75/98/106 393/99/106 392/100/106 
f 273/97/35 269/98/35 575/99/35 574/100/35 
f 156/97/107 154/98/107 505/99/107 506/100/107 
f 75/97/108 76/98/108 394/99/108 393/100/108 
f 278/97/109 273/98/109 574/99/109 605/100/109 
f 155/97/110 156/98/110 506/99/110 504/100/110 
f 76/97/111 22/98/111 353/99/111 394/100/111 
f 279/97/112 278/98/112 605/99/112 602/100/112 
f 158/97/113 155/98/113 504/99/113 503/100/113 
f 22/97/114 21/98/114 352/99/114 353/100/114 
f 281/97/115 279/98/115 602/99/115 603/100/115 
f 159/97/116 158/98/116 503/99/116 481/100/116 
f 21/97/117 24/98/117 354/99/117 352/100/117 
f 280/97/118 281/98/118 603/99/118 601/100/118 
f 161/97/119 159/98/119 481/99/119 497/100/119 
f 24/97/120 25/98/120 355/99/120 354/100/120 
f 282/97/121 280/98/121 601/99/121 600/100/121 
f 160/97/122 161/98/122 497/99/122 496/100/122 
f 25/97/123 30/98/123 356/99/123 355/100/123 
f 283/97/42 282/98/42 600/99/42 598/100/42 
f 162/97/124 160/98/124 496/99/124 495/100/124 
f 30/97/125 31/98/125 349/99/125 356/100/125 
f 285/97/126 283/98/126 598/99/126 599/100/126 
f 163/97/127 162/98/127 495/99/127 493/100/127 
f 31/97/128 32/98/128 357/99/128 349/100/128 
f 284/97/129 285/98/129 599/99/129 597/100/129 
f 165/97/130 163/98/130 493/99/130 494/100/130 
f 32/97/131 33/98/131 358/99/131 357/100/131 
f 290/97/132 284/98/132 597/99/132 596/100/132 
f 164/97/133 165/98/133 494/99/133 492/100/133 
f 33/97/134 34/98/134 359/99/134 358/100/134 
f 291/97/135 290/98/135 596/99/135 594/100/135 
f 167/97/136 164/98/136 492/99/136 491/100/136 
f 34/97/137 35/98/137 360/99/137 359/100/137 
f 293/97/138 291/98/138 594/99/138 592/100/138 
f 168/97/139 167/98/139 491/99/139 485/100/139 
f 35/97/140 44/98/140 361/99/140 360/100/140 
f 294/97/141 293/98/141 592/99/141 593/100/141 
f 170/97/142 168/98/142 485/99/142 486/100/142 
f 44/97/143 45/98/143 362/99/143 361/100/143 
f 295/97/42 294/98/42 593/99/42 591/100/42 
f 169/97/14 170/98/14 486/99/14 484/100/14 
f 45/97/144 46/98/144 363/99/144 362/100/144 
f 296/97/37 295/98/37 591/99/37 590/100/37 
f 171/97/37 169/98/37 484/99/37 483/100/37 
f 46/97/145 47/98/145 364/99/145 363/100/145 
f 292/97/146 296/98/146 590/99/146 589/100/146 
f 172/97/147 171/98/147 483/99/147 482/100/147 
f 47/97/148 48/98/148 365/99/148 364/100/148 
f 265/97/43 292/98/43 589/99/43 584/100/43 
f 173/97/149 172/98/149 482/99/149 487/100/149 
f 48/97/150 49/98/150 366/99/150 365/100/150 
f 259/97/42 265/98/42 584/99/42 583/100/42 
f 174/97/151 173/98/151 487/99/151 488/100/151 
f 260/97/152 259/98/152 583/99/152 581/100/152 
f 175/97/153 174/98/153 488/99/153 489/100/153 
f 90/97/24 91/98/24 395/99/24 406/100/24 
f 261/97/42 260/98/42 581/99/42 582/100/42 
f 166/97/154 175/98/154 489/99/154 490/100/154 
f 86/97/27 90/98/27 406/99/27 398/100/27 
f 263/97/155 261/98/155 582/99/155 580/100/155 
f 176/97/156 166/98/156 490/99/156 498/100/156 
f 80/97/24 86/98/24 398/99/24 404/100/24 
f 177/97/157 176/98/157 498/99/157 499/100/157 
f 81/97/30 80/98/30 404/99/30 402/100/30 
f 266/97/42 267/98/42 586/99/42 585/100/42 
f 178/97/158 177/98/158 499/99/158 500/100/158 
f 82/97/24 81/98/24 402/99/24 403/100/24 
f 267/97/159 271/98/159 587/99/159 586/100/159 
f 179/97/160 178/98/160 500/99/160 501/100/160 
f 84/97/35 82/98/35 403/99/35 401/100/35 
f 271/97/161 272/98/161 588/99/161 587/100/161 
f 180/97/162 179/98/162 501/99/162 502/100/162 
f 83/97/42 84/98/42 401/99/42 400/100/42 
f 272/97/163 274/98/163 606/99/163 588/100/163 
f 181/97/164 180/98/164 502/99/164 480/100/164 
f 85/97/39 83/98/39 400/99/39 399/100/39 
f 274/97/165 275/98/165 607/99/165 606/100/165 
f 186/97/166 181/98/166 480/99/166 479/100/166 
f 87/97/42 85/98/42 399/99/42 405/100/42 
f 275/97/167 276/98/167 608/99/167 607/100/167 
f 183/97/168 186/98/168 479/99/168 477/100/168 
f 89/97/169 87/98/169 405/99/169 397/100/169 
f 276/97/170 277/98/170 609/99/170 608/100/170 
f 184/97/171 183/98/171 477/99/171 478/100/171 
f 88/97/42 89/98/42 397/99/42 396/100/42 
f 277/97/172 286/98/172 604/99/172 609/100/172 
f 185/97/173 184/98/173 478/99/173 476/100/173 
f 91/97/37 88/98/37 396/99/37 395/100/37 
f 286/97/174 287/98/174 610/99/174 604/100/174 
f 187/97/175 185/98/175 476/99/175 475/100/175 
f 106/97/176 107/98/176 407/99/176 422/100/176 
f 287/97/177 288/98/177 611/99/177 610/100/177 
f 188/97/178 187/98/178 475/99/178 473/100/178 
f 102/97/33 106/98/33 422/99/33 410/100/33 
f 288/97/179 289/98/179 595/99/179 611/100/179 
f 189/97/180 188/98/180 473/99/180 474/100/180 
f 96/97/24 102/98/24 410/99/24 416/100/24 
f 289/97/181 297/98/181 612/99/181 595/100/181 
f 182/97/182 189/98/182 474/99/182 472/100/182 
f 92/97/37 96/98/37 416/99/37 420/100/37 
f 297/97/183 298/98/183 613/99/183 612/100/183 
f 196/97/184 182/98/184 472/99/184 471/100/184 
f 93/97/40 92/98/40 420/99/40 419/100/40 
f 298/97/185 299/98/185 614/99/185 613/100/185 
f 197/97/186 196/98/186 471/99/186 468/100/186 
f 94/97/43 93/98/43 419/99/43 418/100/43 
f 299/97/187 266/98/187 585/99/187 614/100/187 
f 199/97/188 197/98/188 468/99/188 469/100/188 
f 95/97/24 94/98/24 418/99/24 417/100/24 
f 198/97/189 199/98/189 469/99/189 467/100/189 
f 98/97/35 95/98/35 417/99/35 414/100/35 
f 314/97/24 315/98/24 615/99/24 630/100/24 
f 200/97/190 198/98/190 467/99/190 466/100/190 
f 99/97/42 98/98/42 414/99/42 413/100/42 
f 310/97/191 314/98/191 630/99/191 618/100/191 
f 201/97/192 200/98/192 466/99/192 464/100/192 
f 100/97/43 99/98/43 413/99/43 412/100/43 
f 304/97/24 310/98/24 618/99/24 624/100/24 
f 202/97/193 201/98/193 464/99/193 465/100/193 
f 101/97/51 100/98/51 412/99/51 411/100/51 
f 300/97/37 304/98/37 624/99/37 628/100/37 
f 195/97/194 202/98/194 465/99/194 463/100/194 
f 97/97/43 101/98/43 411/99/43 415/100/43 
f 19/97/24 20/98/24 316/99/24 335/100/24 
f 301/97/40 300/98/40 628/99/40 627/100/40 
f 206/97/195 195/98/195 463/99/195 462/100/195 
f 103/97/42 97/98/42 415/99/42 421/100/42 
f 15/97/196 19/98/196 335/99/196 319/100/196 
f 302/97/43 301/98/43 627/99/43 626/100/43 
f 146/97/197 206/98/197 462/99/197 460/100/197 
f 104/97/57 103/98/57 421/99/57 409/100/57 
f 1/97/24 15/98/24 319/99/24 332/100/24 
f 303/97/24 302/98/24 626/99/24 625/100/24 
f 207/97/198 146/98/198 460/99/198 459/100/198 
f 105/97/42 104/98/42 409/99/42 408/100/42 
f 2/97/199 1/98/199 332/99/199 333/100/199 
f 306/97/35 303/98/35 625/99/35 622/100/35 
f 226/97/176 227/98/176 523/99/176 542/100/176 
f 107/97/61 105/98/61 408/99/61 407/100/61 
f 3/97/24 2/98/24 333/99/24 331/100/24 
f 307/97/42 306/98/42 622/99/42 621/100/42 
f 222/97/196 226/98/196 542/99/196 526/100/196 
f 125/97/24 126/98/24 433/99/24 441/100/24 
f 5/97/35 3/98/35 331/99/35 330/100/35 
f 308/97/43 307/98/43 621/99/43 620/100/43 
f 208/97/176 222/98/176 526/99/176 539/100/176 
f 118/97/200 125/98/200 441/99/200 436/100/200 
f 4/97/201 5/98/201 330/99/201 323/100/201 
f 309/97/51 308/98/51 620/99/51 619/100/51 
f 209/97/202 208/98/202 539/99/202 540/100/202 
f 119/97/53 118/98/53 436/99/53 440/100/53 
f 6/97/24 4/98/24 323/99/24 329/100/24 
f 305/97/43 309/98/43 619/99/43 623/100/43 
f 210/97/176 209/98/176 540/99/176 538/100/176 
f 117/97/35 119/98/35 440/99/35 424/100/35 
f 7/97/203 6/98/203 329/99/203 327/100/203 
f 311/97/42 305/98/42 623/99/42 629/100/42 
f 212/97/35 210/98/35 538/99/35 537/100/35 
f 108/97/204 117/98/204 424/99/204 423/100/204 
f 8/97/24 7/98/24 327/99/24 328/100/24 
f 312/97/57 311/98/57 629/99/57 617/100/57 
f 211/97/205 212/98/205 537/99/205 530/100/205 
f 109/97/59 108/98/59 423/99/59 432/100/59 
f 10/97/35 8/98/35 328/99/35 326/100/35 
f 313/97/42 312/98/42 617/99/42 616/100/42 
f 213/97/176 211/98/176 530/99/176 536/100/176 
f 110/97/14 109/98/14 432/99/14 431/100/14 
f 9/97/42 10/98/42 326/99/42 325/100/42 
f 315/97/61 313/98/61 616/99/61 615/100/61 
f 214/97/203 213/98/203 536/99/203 534/100/203 
f 112/97/37 110/98/37 431/99/37 430/100/37 
f 11/97/206 9/98/206 325/99/206 324/100/206 
f 215/97/176 214/98/176 534/99/176 535/100/176 
f 111/97/176 112/98/176 430/99/176 429/100/176 
f 12/97/42 11/98/42 324/99/42 322/100/42 
f 217/97/35 215/98/35 535/99/35 533/100/35 
f 113/97/67 111/98/67 429/99/67 428/100/67 
f 13/97/37 12/98/37 322/99/37 321/100/37 
f 216/97/42 217/98/42 533/99/42 532/100/42 
f 114/97/207 113/98/207 428/99/207 427/100/207 
f 14/97/208 13/98/208 321/99/208 320/100/208 
f 218/97/206 216/98/206 532/99/206 531/100/206 
f 121/97/37 114/98/37 427/99/37 437/100/37 
f 16/97/42 14/98/42 320/99/42 334/100/42 
f 219/97/14 218/98/14 531/99/14 529/100/14 
f 122/97/73 121/98/73 437/99/73 439/100/73 
f 17/97/209 16/98/209 334/99/209 318/100/209 
f 220/97/37 219/98/37 529/99/37 528/100/37 
f 124/97/76 122/98/76 439/99/76 435/100/76 
f 18/97/42 17/98/42 318/99/42 317/100/42 
f 631/1/10 632/2/10 633/3/10 634/4/10 
f 633/3/7 635/5/7 634/4/7 
f 636/6/8 637/7/8 638/8/8 639/9/8 
f 638/8/8 640/10/8 639/9/8 
f 636/6/8 639/9/8 641/11/8 634/4/8 
f 641/11/8 642/12/8 643/13/8 634/4/8 
f 631/1/8 634/4/8 643/13/8 644/14/8 
f 645/15/7 631/1/7 644/14/7 646/16/7 
f 646/16/7 647/17/7 648/18/7 645/15/7 
f 649/19/7 645/15/7 648/18/7 650/20/7 
s 1
f 651/21/7 652/22/7 653/23/7 654/24/7 
f 655/25/7 654/24/7 653/23/7 656/26/8 
f 653/23/7 657/27/7 658/28/7 656/26/8 
f 658/28/7 659/29/7 656/26/8 
f 660/30/7 655/25/7 656/26/8 661/31/7 
f 662/32/8 661/31/7 656/26/8 663/33/8 
f 664/34/9 663/33/8 656/26/8 665/35/9 
f 656/26/8 666/36/7 667/37/7 668/38/8 
f 667/37/7 669/39/7 668/38/8 
f 668/38/8 670/40/7 671/41/7 672/42/8 
f 671/41/7 673/43/7 672/42/8 
f 656/26/8 668/38/8 672/42/8 665/35/9 
f 674/44/7 665/35/9 672/42/8 675/45/7 
f 676/46/7 675/45/7 672/42/8 677/47/7 
f 678/48/7 677/47/7 672/42/8 679/19/7 
f 679/19/7 672/42/8 680/49/7 681/50/7 
f 682/51/7 679/52/7 681/53/7 683/54/7 
f 684/55/7 683/54/7 681/53/7 685/56/8 
f 681/53/7 686/10/7 687/57/7 685/56/8 
f 687/57/7 688/58/7 685/56/8 
f 689/59/7 684/55/7 685/56/8 690/60/7 
f 691/5/8 690/60/7 685/56/8 692/61/9 
f 693/62/8 692/61/9 685/56/8 694/63/8 
f 685/56/8 695/64/7 696/65/8 697/66/7 
f 696/65/8 698/67/10 697/66/7 
f 697/66/7 699/14/7 700/68/7 694/63/8 
f 700/68/7 701/69/7 694/63/8 
f 685/56/8 697/66/7 694/63/8 
f 702/70/7 693/62/8 694/63/8 703/71/7 
f 704/72/7 703/71/7 694/63/8 705/73/7 
f 706/74/7 705/73/7 694/63/8 652/19/7 
f 694/63/8 707/75/7 708/76/7 652/19/7 
f 652/19/7 708/76/7 709/77/7 653/78/7 
s off
f 710/79/7 711/5/7 712/80/7 713/10/7 
f 712/80/7 714/81/7 713/10/7 
f 710/79/7 713/10/7 715/82/7 716/83/7 
f 716/83/7 715/82/7 717/84/7 718/85/7 
f 717/84/7 719/14/7 718/85/7 
f 720/19/7 716/83/7 718/85/7 721/86/7 
f 722/62/7 723/5/7 724/59/7 725/54/7 
f 726/71/7 722/62/7 725/54/7 727/67/7 
f 728/52/7 729/10/7 730/58/7 731/64/7 
f 725/54/7 728/52/7 731/64/7 727/67/7 
f 732/73/7 726/71/7 727/67/7 733/14/7 
f 733/14/7 734/69/7 735/75/7 732/73/7 
f 736/19/7 732/73/7 735/75/7 737/77/7 
s 1
f 738/19/8 739/1/7 740/3/8 741/7/9 
f 740/3/8 742/4/8 741/7/9 
f 738/19/8 741/7/9 743/10/9 744/11/8 
f 738/19/8 744/11/8 745/13/8 746/16/9 
f 738/19/8 746/16/9 747/18/8 
f 748/87/8 749/88/7 747/89/8 746/90/9 
f 746/90/9 750/91/210 751/92/211 752/93/7 
f 748/87/8 746/90/9 752/93/7 753/94/7 
f 752/93/7 754/95/7 753/94/7 
f 755/19/7 748/87/8 753/94/7 756/96/7 
f 744/97/8 751/98/211 750/99/210 745/100/8 
s off
f 757/62/7 758/5/7 759/59/7 760/54/7 
f 761/71/7 757/62/7 760/54/7 762/67/7 
f 763/52/7 764/10/7 765/58/7 766/64/7 
f 760/54/7 763/52/7 766/64/7 762/67/7 
f 767/73/7 761/71/7 762/67/7 768/14/7 
f 768/14/7 769/69/7 770/75/7 767/73/7 
f 771/19/7 767/73/7 770/75/7 772/77/7 
f 773/19/8 774/101/8 775/102/8 776/103/8 
f 775/102/10 777/104/10 778/105/10 776/103/10 
f 779/106/7 780/107/7 781/108/7 782/109/7 
f 781/108/7 783/110/7 784/111/7 785/31/7 
f 784/111/7 786/112/7 785/31/7 
f 782/109/10 781/108/10 785/31/10 787/3/10 
f 785/31/7 788/113/7 789/114/7 790/115/7 
f 789/114/7 791/116/7 790/115/7 
f 790/115/7 792/7/7 793/117/7 794/118/7 
f 793/117/7 795/119/7 794/118/7 
f 785/31/7 790/115/7 794/118/7 796/11/7 
f 794/118/7 797/120/7 798/121/7 799/122/7 
f 798/121/7 800/123/7 799/122/7 
f 799/122/7 801/124/7 802/125/7 794/118/7 
f 794/118/7 802/125/7 803/126/7 804/127/7 
f 794/118/7 804/127/7 805/128/7 796/11/7 
f 785/31/7 796/11/7 806/129/7 807/130/7 
f 785/31/7 807/130/7 808/131/7 809/132/7 
f 785/31/8 809/132/8 810/133/8 787/3/8 
f 787/3/8 810/133/8 811/134/8 812/135/8 
f 813/136/7 814/137/7 815/138/7 816/139/7 
f 815/138/7 817/140/7 818/141/7 812/135/7 
f 818/141/7 819/16/7 812/135/7 
f 816/139/7 815/138/7 812/135/7 811/134/7 
f 820/142/8 787/3/8 812/135/8 821/143/8 
f 822/144/9 821/143/9 812/135/9 823/145/9 
f 824/146/9 823/145/9 812/135/9 825/147/9 
f 812/135/9 826/148/9 827/149/9 828/150/9 
f 827/149/7 829/151/7 828/150/7 
f 828/150/7 830/152/7 831/153/7 825/147/7 
f 831/153/7 832/154/7 825/147/7 
f 812/135/7 828/150/7 825/147/7 
f 833/155/7 824/146/7 825/147/7 834/156/7 
f 835/157/7 834/156/7 825/147/7 778/105/7 
f 825/147/10 836/158/10 776/103/10 778/105/10 
f 773/19/212 776/103/212 837/159/212 
f 838/1/7 839/2/7 840/3/7 841/4/7 
f 840/3/7 842/5/7 841/4/7 
f 843/6/7 844/7/7 845/8/7 846/9/7 
f 845/8/7 847/10/7 846/9/7 
f 843/6/7 846/9/7 848/11/7 841/4/7 
f 848/11/8 849/12/8 850/13/8 841/4/8 
f 838/1/8 841/4/8 850/13/8 851/14/8 
f 852/15/7 838/1/7 851/14/7 853/16/7 
f 853/16/9 854/17/9 855/18/9 852/15/9 
f 856/19/9 852/15/9 855/18/9 857/20/9 
f 858/79/7 859/5/7 860/80/7 861/10/7 
f 860/80/7 862/81/7 861/10/7 
f 858/79/7 861/10/7 863/82/7 864/83/7 
f 864/83/7 863/82/7 865/84/7 866/85/7 
f 865/84/7 867/14/7 866/85/7 
f 868/19/7 864/83/7 866/85/7 869/86/7 
s 1
f 870/19/8 871/1/7 872/3/7 873/7/7 
f 872/3/7 874/4/7 873/7/7 
f 870/19/8 873/7/7 875/10/7 876/11/7 
f 870/19/8 876/11/7 877/13/8 878/16/9 
f 870/19/8 878/16/9 879/18/7 
f 880/87/8 881/88/7 879/89/7 878/90/9 
f 878/90/9 882/91/210 883/92/211 884/93/7 
f 880/87/8 878/90/9 884/93/7 885/94/7 
f 884/93/7 886/95/7 885/94/7 
f 887/19/7 880/87/8 885/94/7 888/96/7 
f 876/97/7 883/98/211 882/99/210 877/100/8 
f 889/80/7 890/7/7 891/160/7 892/11/7 
f 891/160/7 893/161/7 892/11/7 
f 889/80/7 892/11/7 894/84/8 895/162/8 
f 896/3/8 895/162/8 894/84/8 897/163/8 
f 897/163/8 894/84/8 898/164/7 899/165/7 
f 898/164/7 900/16/7 899/165/7 
f 901/166/7 897/163/8 899/165/7 902/19/7 
f 902/19/7 899/165/7 903/167/7 
f 904/168/7 902/7/7 903/169/7 905/80/7 
f 906/4/7 905/80/7 903/169/7 907/162/10 
f 903/169/7 908/160/7 909/10/7 910/170/7 
f 909/10/7 911/161/7 910/170/7 
f 910/170/7 912/11/7 913/171/7 914/13/7 
f 913/171/7 915/84/7 914/13/7 
f 903/169/7 910/170/7 914/13/7 907/162/10 
f 916/172/10 907/162/10 914/13/7 917/3/7 
f 918/79/7 917/3/7 914/13/7 919/163/7 
f 914/13/7 920/164/7 921/173/7 922/167/7 
f 923/16/10 924/85/7 925/165/7 922/167/7 
f 925/165/7 926/18/7 922/167/7 
f 921/173/7 923/16/10 922/167/7 
f 919/163/7 914/13/7 922/167/7 927/1/7 
f 928/166/7 927/1/7 922/167/7 929/174/7 
f 896/19/8 929/174/7 922/167/7 895/175/8 
s off
f 930/62/7 931/5/7 932/59/7 933/54/7 
f 934/71/9 930/62/9 933/54/9 935/67/9 
f 936/52/7 937/10/7 938/58/7 939/64/7 
f 933/54/9 936/52/9 939/64/9 935/67/9 
f 940/73/7 934/71/7 935/67/7 941/14/7 
f 941/14/7 942/69/7 943/75/7 940/73/7 
f 944/19/7 940/73/7 943/75/7 945/77/7 
f 946/15/3 947/1/3 948/2/3 949/20/3 
f 950/5/3 951/4/3 952/6/3 953/13/3 
f 954/7/2 955/8/2 956/10/2 957/11/2 
f 956/10/3 958/9/3 957/11/3 
f 954/7/3 957/11/3 959/12/3 952/6/3 
f 952/6/3 959/12/3 953/13/3 
f 953/13/1 960/14/1 961/16/1 962/18/1 
f 961/16/3 963/17/3 962/18/3 
f 950/5/3 953/13/3 962/18/3 964/3/3 
f 964/3/1 962/18/1 949/20/1 948/2/1 
f 965/19/3 946/15/3 949/20/3 
s 1
f 966/48/3 967/47/3 968/46/3 969/44/3 
f 968/46/3 970/45/3 969/44/3 
f 969/44/3 971/35/2 972/34/2 973/32/3 
f 972/34/2 974/33/3 973/32/3 
f 973/32/3 975/31/3 976/30/3 977/24/1 
f 976/30/3 978/25/3 977/24/1 
f 969/44/3 973/32/3 977/24/1 979/36/1 
f 977/24/1 980/21/3 981/22/3 982/27/3 
f 981/22/3 983/23/3 982/27/3 
f 977/24/1 982/27/3 984/28/3 985/29/3 
f 977/24/1 985/29/3 986/26/3 979/36/1 
f 969/44/3 979/36/1 987/37/4 988/39/3 
f 969/44/3 988/39/3 989/38/3 990/40/3 
f 969/44/3 990/40/3 991/41/3 992/43/3 
f 966/48/3 969/44/3 992/43/3 993/42/3 
f 966/48/3 993/42/3 994/49/3 995/50/3 
f 996/19/3 966/48/3 995/50/3 
f 981/74/3 997/73/3 998/72/3 999/70/3 
f 998/72/3 1000/71/3 999/70/3 
f 999/70/3 1001/62/3 1002/61/3 1003/60/1 
f 1002/61/3 1004/5/3 1003/60/1 
f 1003/60/1 1005/59/3 1006/55/1 1007/51/3 
f 1006/55/1 1008/54/3 1007/51/3 
f 999/70/3 1003/60/1 1007/51/3 1009/66/3 
f 1007/51/3 1010/52/3 1011/53/3 966/57/3 
f 1011/53/3 1012/10/3 966/57/3 
f 966/57/3 996/58/3 1013/56/3 1014/64/3 
f 1007/51/3 966/57/3 1014/64/3 1015/65/1 
f 1007/51/3 1015/65/1 1016/67/3 1009/66/3 
f 999/70/3 1009/66/3 1017/14/3 1018/68/3 
f 999/70/3 1018/68/3 1019/69/3 1020/63/3 
f 999/70/3 1020/63/3 1021/75/3 1022/76/3 
f 981/74/3 999/70/3 1022/76/3 1023/77/3 
f 981/74/3 1023/77/3 1024/78/3 983/19/3 
s off
f 1025/83/3 1026/79/3 1027/5/3 1028/86/3 
f 1029/81/3 1030/10/3 1031/82/3 1032/14/3 
f 1031/82/3 1033/84/3 1032/14/3 
f 1029/81/1 1032/14/1 1034/85/1 1035/80/1 
f 1035/80/1 1034/85/1 1028/86/1 1027/5/1 
f 1036/19/3 1025/83/3 1028/86/3 
f 1037/73/3 1038/71/3 1039/62/3 1040/77/3 
f 1041/54/3 1042/52/3 1043/10/3 1044/58/3 
f 1045/59/3 1041/54/3 1044/58/3 1046/75/3 
f 1047/64/3 1048/67/3 1049/14/3 1050/69/3 
f 1044/58/3 1047/64/3 1050/69/3 1046/75/3 
f 1051/5/1 1045/59/1 1046/75/1 1040/77/1 
f 1039/62/3 1051/5/3 1040/77/3 
f 1052/19/3 1037/73/3 1040/77/3 
s 1
f 1053/19/3 1054/1/3 1055/3/3 1056/4/3 
f 1053/19/3 1056/4/3 1057/7/3 1058/10/3 
f 1058/10/3 1059/11/3 1060/13/2 1053/19/3 
f 1053/19/3 1060/13/2 1061/16/3 1062/18/3 
f 1063/87/3 1064/88/3 1065/89/3 1066/96/3 
f 1067/91/213 1068/92/3 1055/93/3 1069/90/3 
f 1055/93/3 1054/95/3 1070/94/3 1066/96/3 
f 1069/90/3 1055/93/3 1066/96/3 1065/89/3 
f 1071/19/3 1063/87/3 1066/96/3 
f 1057/97/3 1056/98/3 1068/99/3 1067/100/213 
s off
f 1072/73/3 1073/71/3 1074/62/3 1075/77/3 
f 1076/54/3 1077/52/3 1078/10/3 1079/58/3 
f 1080/59/3 1076/54/3 1079/58/3 1081/75/3 
f 1082/64/3 1083/67/3 1084/14/3 1085/69/3 
f 1079/58/3 1082/64/3 1085/69/3 1081/75/3 
f 1086/5/1 1080/59/1 1081/75/1 1075/77/1 
f 1074/62/3 1086/5/3 1075/77/3 
f 1087/19/3 1072/73/3 1075/77/3 
f 1088/19/3 1089/101/3 1090/102/3 1091/103/3 
f 1090/102/1 1092/104/1 1093/105/1 1094/156/1 
f 1093/105/3 1095/157/3 1094/156/3 
f 1094/156/2 1096/155/2 1097/146/2 1098/144/2 
f 1097/146/3 1099/145/3 1098/144/3 
f 1090/102/3 1094/156/3 1098/144/3 1100/150/3 
f 1098/144/3 1101/143/3 1102/142/3 1103/109/3 
f 1102/142/3 1104/3/3 1103/109/3 
f 1103/109/3 1105/106/3 1106/107/3 1107/110/3 
f 1106/107/3 1108/108/3 1107/110/3 
f 1098/144/3 1103/109/3 1107/110/3 1109/111/3 
f 1098/144/3 1109/111/3 1110/112/3 1111/131/3 
f 1112/120/3 1113/121/3 1114/123/3 1115/124/3 
f 1114/123/3 1116/122/3 1115/124/3 
f 1117/118/3 1112/120/3 1115/124/3 1118/119/3 
f 1119/117/3 1118/119/3 1115/124/3 1120/7/3 
f 1115/124/3 1121/125/3 1122/126/3 1123/128/3 
f 1122/126/3 1124/127/3 1123/128/3 
f 1123/128/3 1125/11/3 1126/129/3 1111/131/3 
f 1126/129/3 1127/130/3 1111/131/3 
f 1115/124/3 1123/128/3 1111/131/3 1120/7/3 
f 1128/115/3 1120/7/3 1111/131/3 1129/116/3 
f 1130/114/3 1129/116/3 1111/131/3 1131/113/3 
f 1132/31/3 1131/113/3 1111/131/3 1110/112/3 
f 1111/131/3 1133/132/3 1134/133/3 1135/139/3 
f 1134/133/3 1136/134/3 1135/139/3 
f 1135/139/3 1137/136/3 1138/137/3 1139/140/3 
f 1138/137/214 1140/138/214 1139/140/214 
f 1111/131/3 1135/139/3 1139/140/3 1141/141/3 
f 1111/131/3 1141/141/3 1142/16/3 1098/144/3 
f 1098/144/3 1142/16/3 1143/135/3 1144/148/3 
f 1098/144/3 1144/148/3 1145/149/3 1146/151/3 
f 1098/144/2 1146/151/2 1100/150/2 
f 1090/102/2 1100/150/2 1147/152/2 1148/153/2 
f 1090/102/4 1148/153/4 1149/154/4 1150/147/4 
f 1150/147/4 1151/158/4 1091/103/4 1090/102/4 
f 1088/19/3 1091/103/3 1152/159/3 
f 1153/15/2 1154/1/2 1155/2/2 1156/20/2 
f 1157/5/3 1158/4/3 1159/6/3 1160/13/3 
f 1161/7/3 1162/8/3 1163/10/3 1164/11/3 
f 1163/10/3 1165/9/3 1164/11/3 
f 1161/7/1 1164/11/1 1166/12/1 1159/6/1 
f 1159/6/3 1166/12/3 1160/13/3 
f 1160/13/3 1167/14/3 1168/16/3 1169/18/3 
f 1168/16/3 1170/17/3 1169/18/3 
f 1157/5/3 1160/13/3 1169/18/3 1171/3/3 
f 1171/3/3 1169/18/3 1156/20/3 1155/2/3 
f 1172/19/3 1153/15/3 1156/20/3 
f 1173/83/3 1174/79/3 1175/5/3 1176/86/3 
f 1177/81/3 1178/10/3 1179/82/3 1180/14/3 
f 1179/82/3 1181/84/3 1180/14/3 
f 1177/81/1 1180/14/1 1182/85/1 1183/80/1 
f 1183/80/1 1182/85/1 1176/86/1 1175/5/1 
f 1184/19/3 1173/83/3 1176/86/3 
s 1
f 1185/19/1 1186/1/1 1187/3/3 1188/4/4 
f 1185/19/1 1188/4/4 1189/7/1 1190/10/1 
f 1190/10/1 1191/11/3 1192/13/3 1185/19/1 
f 1185/19/1 1192/13/3 1193/16/3 1194/18/3 
f 1195/87/3 1196/88/3 1197/89/3 1198/96/3 
f 1199/91/213 1200/92/3 1187/93/3 1201/90/3 
f 1187/93/3 1186/95/1 1202/94/3 1198/96/3 
f 1201/90/3 1187/93/3 1198/96/3 1197/89/3 
f 1203/19/3 1195/87/3 1198/96/3 
f 1189/97/1 1188/98/4 1200/99/3 1199/100/213 
f 1204/166/3 1205/163/3 1206/3/3 1207/162/3 
f 1208/80/1 1209/7/3 1210/160/3 1211/11/3 
f 1210/160/3 1212/161/3 1211/11/3 
f 1208/80/1 1211/11/3 1213/84/3 1207/162/3 
f 1207/162/3 1213/84/3 1214/164/3 1215/16/3 
f 1207/162/3 1215/16/3 1216/165/3 1204/166/3 
f 1204/166/3 1216/165/3 1217/167/3 1218/19/3 
f 1219/166/1 1220/1/3 1221/163/1 1222/3/4 
f 1221/163/1 1223/79/3 1222/3/4 
f 1219/166/1 1222/3/4 1224/172/1 1225/165/3 
f 1224/172/1 1226/162/2 1227/4/1 1228/168/1 
f 1227/4/1 1229/80/1 1228/168/1 
f 1228/168/1 1230/7/3 1231/169/3 1232/10/3 
f 1231/169/3 1233/160/3 1232/10/3 
f 1224/172/1 1228/168/1 1232/10/3 1234/173/3 
f 1232/10/3 1235/161/3 1204/170/3 1236/171/3 
f 1204/170/3 1218/11/3 1236/171/3 
f 1232/10/3 1236/171/3 1237/84/3 1238/13/3 
f 1232/10/3 1238/13/3 1239/164/3 1234/173/3 
f 1224/172/1 1234/173/3 1240/16/3 1241/85/3 
f 1224/172/1 1241/85/3 1225/165/3 
f 1219/166/1 1225/165/3 1242/18/3 1214/174/3 
f 1214/174/3 1242/18/3 1243/167/3 1244/175/3 
f 1215/19/3 1214/174/3 1244/175/3 
s off
f 1245/73/3 1246/71/3 1247/62/3 1248/77/3 
f 1249/54/3 1250/52/3 1251/10/3 1252/58/3 
f 1253/59/3 1249/54/3 1252/58/3 1254/75/3 
f 1255/64/3 1256/67/3 1257/14/3 1258/69/3 
f 1252/58/2 1255/64/2 1258/69/2 1254/75/2 
f 1259/5/1 1253/59/1 1254/75/1 1248/77/1 
f 1247/62/3 1259/5/3 1248/77/3 
f 1260/19/3 1245/73/3 1248/77/3 
f 851/97/215 850/98/215 1158/99/215 1157/100/215 
f 753/97/176 754/98/176 1065/99/176 1064/100/176 
f 650/97/216 648/98/216 947/99/216 946/100/216 
f 853/97/176 851/98/176 1157/99/176 1171/100/176 
f 756/97/217 753/98/217 1064/99/217 1063/100/217 
f 688/97/218 687/98/218 1011/99/218 1010/100/218 
f 854/97/219 853/98/219 1171/99/219 1155/100/219 
f 685/97/220 688/98/220 1010/99/220 1007/100/220 
f 855/97/176 854/98/176 1155/99/176 1154/100/176 
f 750/97/221 746/98/221 1055/99/221 1068/100/221 
f 695/97/222 685/98/222 1007/99/222 1008/100/222 
f 857/97/216 855/98/216 1154/99/216 1153/100/216 
f 746/97/223 745/98/223 1056/99/223 1055/100/223 
f 696/97/224 695/98/224 1008/99/224 1006/100/224 
f 868/97/42 869/98/42 1173/99/42 1184/100/42 
f 745/97/225 750/98/225 1068/99/225 1056/100/225 
f 698/97/226 696/98/226 1006/99/226 1005/100/226 
f 864/97/227 868/98/227 1184/99/227 1176/100/227 
f 697/97/228 698/98/228 1005/99/228 1003/100/228 
f 858/97/42 864/98/42 1176/99/42 1182/100/42 
f 699/97/229 697/98/229 1003/99/229 1004/100/229 
f 859/97/230 858/98/230 1182/99/230 1180/100/230 
f 771/97/14 772/98/14 1072/99/14 1087/100/14 
f 700/97/231 699/98/231 1004/99/231 1002/100/231 
f 860/97/42 859/98/42 1180/99/42 1181/100/42 
f 767/97/232 771/98/232 1087/99/232 1075/100/232 
f 701/97/233 700/98/233 1002/99/233 1001/100/233 
f 862/97/35 860/98/35 1181/99/35 1179/100/35 
f 761/97/14 767/98/14 1075/99/14 1081/100/14 
f 694/97/234 701/98/234 1001/99/234 999/100/234 
f 861/97/176 862/98/176 1179/99/176 1178/100/176 
f 757/97/37 761/98/37 1081/99/37 1085/100/37 
f 707/97/235 694/98/235 999/99/235 1000/100/235 
f 863/97/236 861/98/236 1178/99/236 1177/100/236 
f 758/97/237 757/98/237 1085/99/237 1084/100/237 
f 708/97/238 707/98/238 1000/99/238 998/100/238 
f 865/97/24 863/98/24 1177/99/24 1183/100/24 
f 759/97/37 758/98/37 1084/99/37 1083/100/37 
f 709/97/239 708/98/239 998/99/239 997/100/239 
f 867/97/240 865/98/240 1183/99/240 1175/100/240 
f 760/97/14 759/98/14 1083/99/14 1082/100/14 
f 653/97/241 709/98/241 997/99/241 981/100/241 
f 866/97/176 867/98/176 1175/99/176 1174/100/176 
f 763/97/35 760/98/35 1082/99/35 1079/100/35 
f 657/97/150 653/98/150 981/99/150 980/100/150 
f 869/97/242 866/98/242 1174/99/242 1173/100/242 
f 764/97/24 763/98/24 1079/99/24 1078/100/24 
f 658/97/243 657/98/243 980/99/243 977/100/243 
f 887/97/42 888/98/42 1195/99/42 1203/100/42 
f 765/97/37 764/98/37 1078/99/37 1077/100/37 
f 659/97/244 658/98/244 977/99/244 978/100/244 
f 880/97/245 887/98/245 1203/99/245 1198/100/245 
f 766/97/246 765/98/246 1077/99/246 1076/100/246 
f 656/97/247 659/98/247 978/99/247 976/100/247 
f 881/97/248 880/98/248 1198/99/248 1202/100/248 
f 762/97/37 766/98/37 1076/99/37 1080/100/37 
f 666/97/249 656/98/249 976/99/249 975/100/249 
f 879/97/35 881/98/35 1202/99/35 1186/100/35 
f 768/97/24 762/98/24 1080/99/24 1086/100/24 
f 667/97/250 666/98/250 975/99/250 973/100/250 
f 870/97/251 879/98/251 1186/99/251 1185/100/251 
f 769/97/252 768/98/252 1086/99/252 1074/100/252 
f 669/97/253 667/98/253 973/99/253 974/100/253 
f 871/97/254 870/98/254 1185/99/254 1194/100/254 
f 770/97/24 769/98/24 1074/99/24 1073/100/24 
f 668/97/255 669/98/255 974/99/255 972/100/255 
f 872/97/24 871/98/24 1194/99/24 1193/100/24 
f 772/97/256 770/98/256 1073/99/256 1072/100/256 
f 670/97/257 668/98/257 972/99/257 971/100/257 
f 874/97/37 872/98/37 1193/99/37 1192/100/37 
f 773/97/258 837/98/258 1089/99/258 1088/100/258 
f 671/97/259 670/98/259 971/99/259 969/100/259 
f 873/97/42 874/98/42 1192/99/42 1191/100/42 
f 774/97/260 773/98/260 1088/99/260 1152/100/260 
f 673/97/261 671/98/261 969/99/261 970/100/261 
f 875/97/262 873/98/262 1191/99/262 1190/100/262 
f 775/97/42 774/98/42 1152/99/42 1091/100/42 
f 672/97/263 673/98/263 970/99/263 968/100/263 
f 876/97/264 875/98/264 1190/99/264 1189/100/264 
f 777/97/35 775/98/35 1091/99/35 1151/100/35 
f 680/97/265 672/98/265 968/99/265 967/100/265 
f 883/97/37 876/98/37 1189/99/37 1199/100/37 
f 778/97/266 777/98/266 1151/99/266 1150/100/266 
f 681/97/267 680/98/267 967/99/267 966/100/267 
f 884/97/268 883/98/268 1199/99/268 1201/100/268 
f 835/97/269 778/98/269 1150/99/269 1149/100/269 
f 686/97/270 681/98/270 966/99/270 1012/100/270 
f 886/97/271 884/98/271 1201/99/271 1197/100/271 
f 834/97/272 835/98/272 1149/99/272 1148/100/272 
f 687/97/273 686/98/273 1012/99/273 1011/100/273 
f 885/97/24 886/98/24 1197/99/24 1196/100/24 
f 833/97/274 834/98/274 1148/99/274 1147/100/274 
f 888/97/217 885/98/217 1196/99/217 1195/100/217 
f 824/97/275 833/98/275 1147/99/275 1100/100/275 
f 679/97/276 682/98/276 1013/99/276 996/100/276 
f 823/97/277 824/98/277 1100/99/277 1146/100/277 
f 682/97/278 683/98/278 1014/99/278 1013/100/278 
f 882/97/279 878/98/279 1187/99/279 1200/100/279 
f 822/97/280 823/98/280 1146/99/280 1145/100/280 
f 683/97/281 684/98/281 1015/99/281 1014/100/281 
f 878/97/223 877/98/223 1188/99/223 1187/100/223 
f 821/97/282 822/98/282 1145/99/282 1144/100/282 
f 684/97/283 689/98/283 1016/99/283 1015/100/283 
f 877/97/225 882/98/225 1200/99/225 1188/100/225 
f 820/97/284 821/98/284 1144/99/284 1143/100/284 
f 689/97/285 690/98/285 1009/99/285 1016/100/285 
f 787/97/286 820/98/286 1143/99/286 1142/100/286 
f 690/97/287 691/98/287 1017/99/287 1009/100/287 
f 782/97/288 787/98/288 1142/99/288 1141/100/288 
f 691/97/289 692/98/289 1018/99/289 1017/100/289 
f 892/97/42 893/98/42 1210/99/42 1209/100/42 
f 779/97/290 782/98/290 1141/99/290 1139/100/290 
f 692/97/291 693/98/291 1019/99/291 1018/100/291 
f 894/97/292 892/98/292 1209/99/292 1208/100/292 
f 780/97/293 779/98/293 1139/99/293 1140/100/293 
f 693/97/294 702/98/294 1020/99/294 1019/100/294 
f 898/97/42 894/98/42 1208/99/42 1207/100/42 
f 781/97/295 780/98/295 1140/99/295 1138/100/295 
f 702/97/296 703/98/296 1021/99/296 1020/100/296 
f 900/97/297 898/98/297 1207/99/297 1206/100/297 
f 783/97/298 781/98/298 1138/99/298 1137/100/298 
f 703/97/299 704/98/299 1022/99/299 1021/100/299 
f 899/97/42 900/98/42 1206/99/42 1205/100/42 
f 784/97/300 783/98/300 1137/99/300 1135/100/300 
f 704/97/301 705/98/301 1023/99/301 1022/100/301 
f 903/97/35 899/98/35 1205/99/35 1204/100/35 
f 786/97/302 784/98/302 1135/99/302 1136/100/302 
f 705/97/303 706/98/303 1024/99/303 1023/100/303 
f 908/97/304 903/98/304 1204/99/304 1235/100/304 
f 785/97/305 786/98/305 1136/99/305 1134/100/305 
f 706/97/306 652/98/306 983/99/306 1024/100/306 
f 909/97/307 908/98/307 1235/99/307 1232/100/307 
f 788/97/308 785/98/308 1134/99/308 1133/100/308 
f 652/97/309 651/98/309 982/99/309 983/100/309 
f 911/97/310 909/98/310 1232/99/310 1233/100/310 
f 789/97/311 788/98/311 1133/99/311 1111/100/311 
f 651/97/312 654/98/312 984/99/312 982/100/312 
f 910/97/313 911/98/313 1233/99/313 1231/100/313 
f 791/97/314 789/98/314 1111/99/314 1127/100/314 
f 654/97/315 655/98/315 985/99/315 984/100/315 
f 912/97/316 910/98/316 1231/99/316 1230/100/316 
f 790/97/317 791/98/317 1127/99/317 1126/100/317 
f 655/97/318 660/98/318 986/99/318 985/100/318 
f 913/97/24 912/98/24 1230/99/24 1228/100/24 
f 792/97/319 790/98/319 1126/99/319 1125/100/319 
f 660/97/320 661/98/320 979/99/320 986/100/320 
f 915/97/321 913/98/321 1228/99/321 1229/100/321 
f 793/97/322 792/98/322 1125/99/322 1123/100/322 
f 661/97/323 662/98/323 987/99/323 979/100/323 
f 914/97/324 915/98/324 1229/99/324 1227/100/324 
f 795/97/325 793/98/325 1123/99/325 1124/100/325 
f 662/97/326 663/98/326 988/99/326 987/100/326 
f 920/97/327 914/98/327 1227/99/327 1226/100/327 
f 794/97/328 795/98/328 1124/99/328 1122/100/328 
f 663/97/329 664/98/329 989/99/329 988/100/329 
f 921/97/330 920/98/330 1226/99/330 1224/100/330 
f 797/97/331 794/98/331 1122/99/331 1121/100/331 
f 664/97/332 665/98/332 990/99/332 989/100/332 
f 923/97/333 921/98/333 1224/99/333 1222/100/333 
f 798/97/334 797/98/334 1121/99/334 1115/100/334 
f 665/97/335 674/98/335 991/99/335 990/100/335 
f 924/97/336 923/98/336 1222/99/336 1223/100/336 
f 800/97/337 798/98/337 1115/99/337 1116/100/337 
f 674/97/338 675/98/338 992/99/338 991/100/338 
f 925/97/24 924/98/24 1223/99/24 1221/100/24 
f 799/97/176 800/98/176 1116/99/176 1114/100/176 
f 675/97/339 676/98/339 993/99/339 992/100/339 
f 926/97/37 925/98/37 1221/99/37 1220/100/37 
f 801/97/37 799/98/37 1114/99/37 1113/100/37 
f 676/97/340 677/98/340 994/99/340 993/100/340 
f 922/97/341 926/98/341 1220/99/341 1219/100/341 
f 802/97/342 801/98/342 1113/99/342 1112/100/342 
f 677/97/343 678/98/343 995/99/343 994/100/343 
f 895/97/37 922/98/37 1219/99/37 1214/100/37 
f 803/97/344 802/98/344 1112/99/344 1117/100/344 
f 678/97/47 679/98/47 996/99/47 995/100/47 
f 889/97/24 895/98/24 1214/99/24 1213/100/24 
f 804/97/345 803/98/345 1117/99/345 1118/100/345 
f 890/97/346 889/98/346 1213/99/346 1211/100/346 
f 805/97/347 804/98/347 1118/99/347 1119/100/347 
f 720/97/42 721/98/42 1025/99/42 1036/100/42 
f 891/97/24 890/98/24 1211/99/24 1212/100/24 
f 796/97/348 805/98/348 1119/99/348 1120/100/348 
f 716/97/227 720/98/227 1036/99/227 1028/100/227 
f 893/97/349 891/98/349 1212/99/349 1210/100/349 
f 806/97/350 796/98/350 1120/99/350 1128/100/350 
f 710/97/42 716/98/42 1028/99/42 1034/100/42 
f 807/97/351 806/98/351 1128/99/351 1129/100/351 
f 711/97/230 710/98/230 1034/99/230 1032/100/230 
f 896/97/24 897/98/24 1216/99/24 1215/100/24 
f 808/97/352 807/98/352 1129/99/352 1130/100/352 
f 712/97/42 711/98/42 1032/99/42 1033/100/42 
f 897/97/353 901/98/353 1217/99/353 1216/100/353 
f 809/97/354 808/98/354 1130/99/354 1131/100/354 
f 714/97/35 712/98/35 1033/99/35 1031/100/35 
f 901/97/355 902/98/355 1218/99/355 1217/100/355 
f 810/97/356 809/98/356 1131/99/356 1132/100/356 
f 713/97/24 714/98/24 1031/99/24 1030/100/24 
f 902/97/357 904/98/357 1236/99/357 1218/100/357 
f 811/97/358 810/98/358 1132/99/358 1110/100/358 
f 715/97/236 713/98/236 1030/99/236 1029/100/236 
f 904/97/359 905/98/359 1237/99/359 1236/100/359 
f 816/97/360 811/98/360 1110/99/360 1109/100/360 
f 717/97/24 715/98/24 1029/99/24 1035/100/24 
f 905/97/361 906/98/361 1238/99/361 1237/100/361 
f 813/97/362 816/98/362 1109/99/362 1107/100/362 
f 719/97/363 717/98/363 1035/99/363 1027/100/363 
f 906/97/188 907/98/188 1239/99/188 1238/100/188 
f 814/97/364 813/98/364 1107/99/364 1108/100/364 
f 718/97/24 719/98/24 1027/99/24 1026/100/24 
f 907/97/365 916/98/365 1234/99/365 1239/100/365 
f 815/97/366 814/98/366 1108/99/366 1106/100/366 
f 721/97/242 718/98/242 1026/99/242 1025/100/242 
f 916/97/367 917/98/367 1240/99/367 1234/100/367 
f 817/97/368 815/98/368 1106/99/368 1105/100/368 
f 736/97/14 737/98/14 1037/99/14 1052/100/14 
f 917/97/369 918/98/369 1241/99/369 1240/100/369 
f 818/97/370 817/98/370 1105/99/370 1103/100/370 
f 732/97/232 736/98/232 1052/99/232 1040/100/232 
f 918/97/371 919/98/371 1225/99/371 1241/100/371 
f 819/97/372 818/98/372 1103/99/372 1104/100/372 
f 726/97/42 732/98/42 1040/99/42 1046/100/42 
f 919/97/373 927/98/373 1242/99/373 1225/100/373 
f 812/97/374 819/98/374 1104/99/374 1102/100/374 
f 722/97/37 726/98/37 1046/99/37 1050/100/37 
f 927/97/375 928/98/375 1243/99/375 1242/100/375 
f 826/97/376 812/98/376 1102/99/376 1101/100/376 
f 723/97/237 722/98/237 1050/99/237 1049/100/237 
f 928/97/377 929/98/377 1244/99/377 1243/100/377 
f 827/97/378 826/98/378 1101/99/378 1098/100/378 
f 724/97/37 723/98/37 1049/99/37 1048/100/37 
f 929/97/379 896/98/379 1215/99/379 1244/100/379 
f 829/97/170 827/98/170 1098/99/170 1099/100/170 
f 725/97/14 724/98/14 1048/99/14 1047/100/14 
f 828/97/380 829/98/380 1099/99/380 1097/100/380 
f 728/97/35 725/98/35 1047/99/35 1044/100/35 
f 944/97/42 945/98/42 1245/99/42 1260/100/42 
f 830/97/381 828/98/381 1097/99/381 1096/100/381 
f 729/97/24 728/98/24 1044/99/24 1043/100/24 
f 940/97/232 944/98/232 1260/99/232 1248/100/232 
f 831/97/382 830/98/382 1096/99/382 1094/100/382 
f 730/97/37 729/98/37 1043/99/37 1042/100/37 
f 934/97/42 940/98/42 1248/99/42 1254/100/42 
f 832/97/383 831/98/383 1094/99/383 1095/100/383 
f 731/97/246 730/98/246 1042/99/246 1041/100/246 
f 930/97/37 934/98/37 1254/99/37 1258/100/37 
f 825/97/384 832/98/384 1095/99/384 1093/100/384 
f 727/97/37 731/98/37 1041/99/37 1045/100/37 
f 649/97/42 650/98/42 946/99/42 965/100/42 
f 931/97/385 930/98/385 1258/99/385 1257/100/385 
f 836/97/386 825/98/386 1093/99/386 1092/100/386 
f 733/97/24 727/98/24 1045/99/24 1051/100/24 
f 645/97/387 649/98/387 965/99/387 949/100/387 
f 932/97/37 931/98/37 1257/99/37 1256/100/37 
f 776/97/388 836/98/388 1092/99/388 1090/100/388 
f 734/97/252 733/98/252 1051/99/252 1039/100/252 
f 631/97/42 645/98/42 949/99/42 962/100/42 
f 933/97/42 932/98/42 1256/99/42 1255/100/42 
f 837/97/389 776/98/389 1090/99/389 1089/100/389 
f 735/97/24 734/98/24 1039/99/24 1038/100/24 
f 632/97/390 631/98/390 962/99/390 963/100/390 
f 936/97/35 933/98/35 1255/99/35 1252/100/35 
f 856/97/14 857/98/14 1153/99/14 1172/100/14 
f 737/97/256 735/98/256 1038/99/256 1037/100/256 
f 633/97/42 632/98/42 963/99/42 961/100/42 
f 937/97/24 936/98/24 1252/99/24 1251/100/24 
f 852/97/387 856/98/387 1172/99/387 1156/100/387 
f 755/97/42 756/98/42 1063/99/42 1071/100/42 
f 635/97/35 633/98/35 961/99/35 960/100/35 
f 938/97/37 937/98/37 1251/99/37 1250/100/37 
f 838/97/14 852/98/14 1156/99/14 1169/100/14 
f 748/97/391 755/98/391 1071/99/391 1066/100/391 
f 634/97/392 635/98/392 960/99/392 953/100/392 
f 939/97/246 938/98/246 1250/99/246 1249/100/246 
f 839/97/390 838/98/390 1169/99/390 1170/100/390 
f 749/97/393 748/98/393 1066/99/393 1070/100/393 
f 636/97/42 634/98/42 953/99/42 959/100/42 
f 935/97/37 939/98/37 1249/99/37 1253/100/37 
f 840/97/14 839/98/14 1170/99/14 1168/100/14 
f 747/97/35 749/98/35 1070/99/35 1054/100/35 
f 637/97/394 636/98/394 959/99/394 957/100/394 
f 941/97/24 935/98/24 1253/99/24 1259/100/24 
f 842/97/35 840/98/35 1168/99/35 1167/100/35 
f 738/97/251 747/98/251 1054/99/251 1053/100/251 
f 638/97/42 637/98/42 957/99/42 958/100/42 
f 942/97/252 941/98/252 1259/99/252 1247/100/252 
f 841/97/392 842/98/392 1167/99/392 1160/100/392 
f 739/97/254 738/98/254 1053/99/254 1062/100/254 
f 640/97/35 638/98/35 958/99/35 956/100/35 
f 943/97/24 942/98/24 1247/99/24 1246/100/24 
f 843/97/14 841/98/14 1160/99/14 1166/100/14 
f 740/97/176 739/98/176 1062/99/176 1061/100/176 
f 639/97/24 640/98/24 956/99/24 955/100/24 
f 945/97/256 943/98/256 1246/99/256 1245/100/256 
f 844/97/394 843/98/394 1166/99/394 1164/100/394 
f 742/97/37 740/98/37 1061/99/37 1060/100/37 
f 641/97/395 639/98/395 955/99/395 954/100/395 
f 845/97/14 844/98/14 1164/99/14 1165/100/14 
f 741/97/14 742/98/14 1060/99/14 1059/100/14 
f 642/97/24 641/98/24 954/99/24 952/100/24 
f 847/97/35 845/98/35 1165/99/35 1163/100/35 
f 743/97/262 741/98/262 1059/99/262 1058/100/262 
f 643/97/37 642/98/37 952/99/37 951/100/37 
f 846/97/24 847/98/24 1163/99/24 1162/100/24 
f 744/97/264 743/98/264 1058/99/264 1057/100/264 
f 644/97/215 643/98/215 951/99/215 950/100/215 
f 848/97/395 846/98/395 1162/99/395 1161/100/395 
f 751/97/37 744/98/37 1057/99/37 1067/100/37 
f 646/97/24 644/98/24 950/99/24 964/100/24 
f 849/97/176 848/98/176 1161/99/176 1159/100/176 
f 752/97/396 751/98/396 1067/99/396 1069/100/396 
f 647/97/219 646/98/219 964/99/219 948/100/219 
f 850/97/37 849/98/37 1159/99/37 1158/100/37 
f 754/97/271 752/98/271 1069/99/271 1065/100/271 
f 648/97/24 647/98/24 948/99/24 947/100/24 
f 1261/176/14 1262/177/14 1263/178/14 1264/179/14 
f 1261/180/3 1264/181/3 1265/182/3 1266/183/3 
f 1267/184/2 1261/180/2 1266/183/2 1268/185/2 
f 1267/184/1 1268/185/1 1269/186/1 1270/187/1 
f 1262/176/35 1261/177/35 1271/178/35 1272/179/35 
f 1273/180/9 1274/181/9 1275/182/9 1276/183/9 
f 1262/184/8 1273/180/8 1276/183/8 1277/185/8 
f 1262/184/10 1277/185/10 1278/186/10 1263/187/10 
f 1264/184/37 1263/188/37 1278/189/37 1279/181/37 
f 1280/190/242 1275/191/242 1274/183/242 1281/186/242 
f 1274/183/37 1270/192/37 1269/193/37 1281/186/37 
f 1279/181/37 1280/190/37 1281/186/37 1282/194/37 
f 1264/184/242 1279/181/242 1282/194/242 1265/195/242 
f 1273/176/176 1267/177/176 1270/178/176 1274/179/176 
f 1261/176/35 1267/177/35 1283/178/35 1271/179/35 
f 1266/176/24 1265/177/24 1282/178/24 1284/179/24 
f 1268/176/37 1266/177/37 1284/178/37 1285/179/37 
f 1285/176/42 1281/177/42 1269/178/42 1268/179/42 
f 1273/176/35 1262/177/35 1272/178/35 1286/179/35 
f 1272/176/176 1271/177/176 1287/178/176 1288/179/176 
f 1282/176/3 1281/177/3 1285/178/3 1284/179/3 
f 1267/176/35 1273/177/35 1286/178/35 1283/179/35 
f 1271/176/8 1283/177/8 1289/178/8 1287/179/8 
f 1286/176/3 1272/177/3 1288/178/3 1290/179/3 
f 1289/196/35 1290/197/35 1288/198/35 1287/199/35 
f 1283/176/14 1286/177/14 1290/178/14 1289/179/14 
f 1291/176/24 1279/177/24 1278/178/24 1277/179/24 
f 1280/176/9 1279/177/9 1291/178/9 1292/179/9 
f 1277/176/37 1276/177/37 1292/178/37 1291/179/37 
f 1276/176/42 1275/177/42 1280/178/42 1292/179/42 
f 1293/200/42 1294/201/42 1295/202/42 1296/203/42 
f 1297/204/397 1293/200/397 1296/203/397 1298/205/397 
f 1297/204/42 1298/205/42 1299/206/42 
f 1300/204/3 1297/200/3 1299/201/3 1301/202/3 
f 1300/204/3 1301/202/3 1302/203/3 1303/206/3 
f 1302/203/398 1303/205/398 1303/206/398 
s 1
f 1293/207/399 1297/208/35 1304/209/35 1305/210/399 
s off
f 1293/207/8 1306/208/8 1307/209/8 1294/210/8 
f 1294/211/37 1307/212/37 1308/213/37 1309/214/37 
f 1309/214/37 1310/215/37 1311/216/37 1312/217/37 
f 1294/211/37 1309/214/37 1312/217/37 1295/204/37 
f 1306/204/24 1300/218/24 1303/219/24 1313/214/24 
f 1306/204/24 1313/214/24 1308/220/24 1307/221/24 
s 1
f 1302/207/37 1301/208/37 1314/209/37 1315/210/37 
f 1303/207/37 1302/208/37 1315/209/37 1316/210/400 
s off
f 1311/207/3 1310/208/3 1315/209/3 1314/210/3 
s 1
f 1301/207/37 1299/208/37 1298/209/37 1314/210/37 
f 1313/204/401 1303/218/37 1303/219/37 1316/214/400 
f 1313/204/401 1316/214/400 1315/220/37 1317/221/37 
s off
f 1312/207/14 1311/208/14 1314/209/14 1318/210/14 
f 1310/207/176 1309/208/176 1317/209/176 1315/210/176 
s 1
f 1298/207/37 1296/208/37 1318/209/37 1314/210/37 
s off
f 1317/207/3 1309/208/3 1308/209/3 1313/210/3 
f 1296/207/3 1295/208/3 1312/209/3 1318/210/3 
f 1305/207/24 1304/208/24 1319/209/24 1320/210/24 
s 1
f 1306/207/402 1293/208/399 1305/209/399 1321/210/402 
f 1300/207/403 1306/208/402 1321/209/402 1322/210/35 
f 1297/207/35 1300/208/403 1322/209/35 1304/210/35 
s off
f 1323/222/35 1324/223/35 1320/224/35 1319/225/35 
f 1304/207/8 1322/208/8 1323/209/8 1319/210/8 
f 1321/207/2 1305/208/2 1320/209/2 1324/210/2 
f 1322/207/397 1321/208/397 1324/209/397 1323/210/397 
s 1
f 1325/226/3 1326/227/3 1327/228/3 1328/229/3 
f 1328/230/3 1327/231/3 1329/232/3 1330/233/3 
f 1330/234/3 1329/235/3 1331/235/3 1332/236/3 
f 1332/237/3 1331/232/3 1333/238/3 1334/239/3 
f 1334/240/3 1333/241/3 1335/242/3 1336/240/3 
f 1336/243/3 1335/244/3 1337/245/3 1338/246/3 
f 1338/247/3 1337/248/3 1339/249/3 1340/250/3 
f 1340/246/3 1339/251/3 1341/252/3 1342/253/3 
f 1342/254/3 1341/255/3 1343/256/3 1344/257/3 
f 1344/258/3 1343/252/3 1345/259/3 1346/260/3 
f 1346/261/3 1345/262/3 1347/262/3 1348/261/3 
f 1348/263/3 1347/264/3 1349/265/3 1350/266/3 
f 1350/267/3 1349/268/3 1351/269/3 1352/267/3 
f 1352/266/3 1351/270/3 1353/271/3 1354/272/3 
f 1354/273/3 1353/274/3 1355/275/3 1356/276/3 
f 1356/277/3 1355/278/3 1357/279/3 1358/280/3 
f 1358/281/3 1357/282/3 1359/283/3 1360/281/3 
f 1360/284/3 1359/279/3 1361/285/3 1362/286/3 
f 1362/287/3 1361/288/3 1363/288/3 1364/289/3 
f 1364/290/3 1363/285/3 1365/291/3 1366/292/3 
f 1366/293/3 1365/294/3 1367/295/3 1368/293/3 
f 1368/292/3 1367/296/3 1369/297/3 1370/298/3 
f 1370/299/3 1369/300/3 1371/301/3 1372/299/3 
f 1348/261/3 1350/267/3 1373/302/3 1374/303/3 
f 1325/226/3 1328/229/3 1375/304/3 1376/305/3 
f 1358/281/3 1360/281/3 1377/306/3 1378/306/3 
f 1344/257/3 1346/261/3 1379/303/3 1380/307/3 
f 1328/229/3 1330/234/3 1381/308/3 1375/304/3 
f 1360/281/3 1362/287/3 1382/309/3 1377/306/3 
f 1352/267/3 1354/273/3 1383/310/3 1384/302/3 
f 1338/247/3 1340/250/3 1385/311/3 1386/311/3 
f 1370/299/3 1372/299/3 1387/312/3 1388/312/3 
f 1336/240/3 1338/247/3 1386/311/3 1389/313/3 
f 1332/236/3 1334/240/3 1390/313/3 1391/314/3 
f 1364/289/3 1366/293/3 1392/315/3 1393/316/3 
f 1356/276/3 1358/281/3 1378/306/3 1394/317/3 
f 1346/261/3 1348/261/3 1374/303/3 1379/303/3 
f 1368/293/3 1370/299/3 1388/312/3 1395/315/3 
f 1366/293/3 1368/293/3 1395/315/3 1392/315/3 
f 1362/287/3 1364/289/3 1393/316/3 1382/309/3 
f 1334/240/3 1336/240/3 1389/313/3 1390/313/3 
f 1330/234/3 1332/236/3 1391/314/3 1381/308/3 
f 1340/250/3 1342/254/3 1396/318/3 1385/311/3 
f 1350/267/3 1352/267/3 1384/302/3 1373/302/3 
f 1354/273/3 1356/276/3 1394/317/3 1383/310/3 
f 1342/254/3 1344/257/3 1380/307/3 1396/318/3 
f 1391/319/3 1390/320/3 1397/321/3 1398/322/3 
f 1392/315/3 1395/315/3 1399/323/3 1400/323/3 
f 1385/324/3 1396/325/3 1401/326/3 1402/327/3 
f 1377/328/3 1382/329/3 1403/330/3 1404/331/3 
f 1381/308/3 1391/314/3 1398/332/3 1405/333/3 
f 1383/310/3 1394/317/3 1406/334/3 1407/334/3 
f 1394/335/3 1378/336/3 1408/337/3 1406/338/3 
f 1380/339/3 1379/340/3 1409/341/3 1410/326/3 
f 1390/313/3 1389/313/3 1411/342/3 1397/343/3 
f 1388/312/3 1387/312/3 1412/344/3 1413/345/3 
f 1378/306/3 1377/306/3 1404/346/3 1408/347/3 
f 1396/318/3 1380/307/3 1410/348/3 1401/348/3 
f 1384/349/3 1383/350/3 1407/338/3 1414/351/3 
f 1375/352/3 1381/319/3 1405/322/3 1415/353/3 
f 1374/354/3 1373/349/3 1416/355/3 1417/356/3 
f 1386/311/3 1385/311/3 1402/357/3 1418/357/3 
f 1393/329/3 1392/358/3 1400/359/3 1419/360/3 
f 1382/309/3 1393/316/3 1419/361/3 1403/362/3 
f 1379/303/3 1374/303/3 1417/363/3 1409/364/3 
f 1395/358/3 1388/365/3 1413/366/3 1399/359/3 
f 1373/302/3 1384/302/3 1414/367/3 1416/368/3 
f 1376/305/3 1375/304/3 1415/369/3 1420/369/3 
f 1389/370/3 1386/324/3 1418/371/3 1411/372/3 
f 1421/373/176 1422/374/176 1423/375/176 1424/376/176 
f 1424/377/176 1423/378/176 1425/379/176 1426/380/404 
f 1426/381/404 1425/382/176 1427/383/404 1428/384/404 
f 1428/385/404 1427/386/404 1429/387/176 1430/388/176 
f 1430/389/176 1429/390/176 1431/391/176 1432/392/176 
f 1432/393/176 1431/394/176 1433/395/404 1434/396/404 
f 1434/397/404 1433/398/404 1435/399/404 1436/400/404 
f 1436/401/404 1435/402/404 1437/403/404 1438/404/404 
f 1424/377/176 1426/380/404 1439/405/31 1440/406/176 
f 1432/393/176 1434/396/404 1441/407/24 1442/408/176 
f 1428/385/404 1430/388/176 1443/409/176 1444/410/404 
f 1426/380/404 1428/385/404 1444/410/404 1439/405/31 
f 1436/401/404 1438/404/404 1445/411/24 1446/412/24 
f 1434/396/404 1436/401/404 1446/412/24 1441/407/24 
f 1421/413/176 1424/377/176 1440/406/176 1447/414/176 
f 1430/388/176 1432/393/176 1442/408/176 1443/409/176 
f 1443/415/176 1442/416/176 1448/417/176 1449/418/176 
f 1447/419/176 1440/420/176 1450/421/176 1451/422/176 
f 1442/408/176 1441/407/24 1452/423/24 1448/424/176 
f 1439/425/31 1444/426/404 1453/427/31 1454/428/31 
f 1444/410/404 1443/409/176 1449/429/176 1453/430/31 
f 1441/431/24 1446/432/24 1455/433/24 1452/434/24 
f 1440/406/176 1439/405/31 1454/435/31 1450/436/176 
f 1446/412/24 1445/411/24 1456/437/24 1455/438/24 
f 1447/414/176 1451/439/176 1457/440/24 1458/441/24 
f 1421/413/176 1447/414/176 1458/441/24 1459/442/404 
f 1422/443/176 1421/413/176 1459/442/404 1460/444/404 
f 1461/445/397 1462/446/397 1463/447/397 1464/448/397 
f 1464/449/397 1463/450/397 1465/451/397 1466/452/397 
f 1466/453/397 1465/454/397 1467/455/397 1468/456/405 
f 1468/457/405 1467/458/397 1469/459/405 1470/460/405 
f 1470/461/405 1469/462/405 1471/463/405 1472/464/397 
f 1472/465/397 1471/466/405 1473/467/397 1474/468/397 
f 1474/469/397 1473/470/397 1475/471/397 1476/472/397 
f 1476/473/397 1475/474/397 1477/475/397 1478/476/397 
f 1464/449/397 1466/452/397 1479/477/42 1480/478/42 
f 1472/465/397 1474/468/397 1481/479/14 1482/480/42 
f 1468/457/405 1470/460/405 1483/481/42 1484/482/42 
f 1466/452/397 1468/457/405 1484/482/42 1479/477/42 
f 1476/473/397 1478/476/397 1485/483/42 1486/484/14 
f 1474/468/397 1476/473/397 1486/484/14 1481/479/14 
f 1461/485/397 1464/449/397 1480/478/42 1487/486/42 
f 1470/460/405 1472/465/397 1482/480/42 1483/481/42 
f 1483/487/42 1482/488/42 1488/489/42 1489/490/42 
f 1487/491/42 1480/492/42 1490/493/42 1491/494/42 
f 1482/480/42 1481/479/14 1492/495/14 1488/496/42 
f 1479/497/42 1484/498/42 1493/499/42 1494/500/42 
f 1484/482/42 1483/481/42 1489/501/42 1493/502/42 
f 1481/503/14 1486/504/14 1495/505/14 1492/506/14 
f 1480/478/42 1479/477/42 1494/507/42 1490/508/42 
f 1486/484/14 1485/483/42 1496/509/42 1495/510/14 
f 1487/486/42 1491/511/42 1497/512/42 1498/513/42 
f 1461/485/397 1487/486/42 1498/513/42 1499/514/397 
f 1462/515/397 1461/485/397 1499/514/397 1500/516/397 
s off
f 1501/517/14 1502/518/14 1503/519/14 1504/520/14 
f 1502/517/10 1505/518/10 1506/519/10 1503/520/10 
f 1505/517/176 1507/518/176 1508/519/176 1506/520/176 
f 1507/517/3 1501/518/3 1504/519/3 1508/520/3 
f 1504/517/37 1503/518/37 1506/519/37 1508/520/37 
f 1507/517/35 1505/518/35 1502/519/35 1501/520/35 
f 1509/517/14 1510/518/14 1511/519/14 1512/520/14 
f 1510/517/9 1513/518/9 1514/519/9 1511/520/9 
f 1513/517/176 1515/518/176 1516/519/176 1514/520/176 
f 1515/517/3 1509/518/3 1512/519/3 1516/520/3 
f 1512/517/37 1511/518/37 1514/519/37 1516/520/37 
f 1515/517/403 1513/518/403 1510/519/403 1509/520/403 
f 1517/517/14 1518/518/14 1519/519/14 1520/520/14 
f 1518/517/10 1521/518/10 1522/519/10 1519/520/10 
f 1521/517/176 1523/518/176 1524/519/176 1522/520/176 
f 1523/517/3 1517/518/3 1520/519/3 1524/520/3 
f 1520/517/37 1519/518/37 1522/519/37 1524/520/37 
f 1523/517/35 1521/518/35 1518/519/35 1517/520/35 
f 1525/517/14 1526/518/14 1527/519/14 1528/520/14 
f 1526/517/9 1529/518/9 1530/519/9 1527/520/9 
f 1529/517/176 1531/518/176 1532/519/176 1530/520/176 
f 1531/517/3 1525/518/3 1528/519/3 1532/520/3 
f 1528/517/37 1527/518/37 1530/519/37 1532/520/37 
f 1531/517/403 1529/518/403 1526/519/403 1525/520/403 
f 1533/517/14 1534/518/14 1535/519/14 1536/520/14 
f 1534/517/10 1537/518/10 1538/519/10 1535/520/10 
f 1537/517/176 1539/518/176 1540/519/176 1538/520/176 
f 1539/517/3 1533/518/3 1536/519/3 1540/520/3 
f 1536/517/37 1535/518/37 1538/519/37 1540/520/37 
f 1539/517/35 1537/518/35 1534/519/35 1533/520/35 
f 1541/517/14 1542/518/14 1543/519/14 1544/520/14 
f 1542/517/9 1545/518/9 1546/519/9 1543/520/9 
f 1545/517/176 1547/518/176 1548/519/176 1546/520/176 
f 1547/517/3 1541/518/3 1544/519/3 1548/520/3 
f 1544/517/37 1543/518/37 1546/519/37 1548/520/37 
f 1547/517/403 1545/518/403 1542/519/403 1541/520/403 
f 1549/517/14 1550/518/14 1551/519/14 1552/520/14 
f 1550/517/10 1553/518/10 1554/519/10 1551/520/10 
f 1553/517/176 1555/518/176 1556/519/176 1554/520/176 
f 1555/517/3 1549/518/3 1552/519/3 1556/520/3 
f 1552/517/37 1551/518/37 1554/519/37 1556/520/37 
f 1555/517/35 1553/518/35 1550/519/35 1549/520/35 
f 1557/517/14 1558/518/14 1559/519/14 1560/520/14 
f 1558/517/9 1561/518/9 1562/519/9 1559/520/9 
f 1561/517/176 1563/518/176 1564/519/176 1562/520/176 
f 1563/517/3 1557/518/3 1560/519/3 1564/520/3 
f 1560/517/37 1559/518/37 1562/519/37 1564/520/37 
f 1563/517/403 1561/518/403 1558/519/403 1557/520/403 
f 1565/517/14 1566/518/14 1567/519/14 1568/520/14 
f 1566/517/10 1569/518/10 1570/519/10 1567/520/10 
f 1569/517/176 1571/518/176 1572/519/176 1570/520/176 
f 1571/517/3 1565/518/3 1568/519/3 1572/520/3 
f 1568/517/37 1567/518/37 1570/519/37 1572/520/37 
f 1571/517/35 1569/518/35 1566/519/35 1565/520/35 
f 1573/517/14 1574/518/14 1575/519/14 1576/520/14 
f 1574/517/9 1577/518/9 1578/519/9 1575/520/9 
f 1577/517/176 1579/518/176 1580/519/176 1578/520/176 
f 1579/517/3 1573/518/3 1576/519/3 1580/520/3 
f 1576/517/37 1575/518/37 1578/519/37 1580/520/37 
f 1579/517/403 1577/518/403 1574/519/403 1573/520/403 
f 1581/517/14 1582/518/14 1583/519/14 1584/520/14 
f 1582/517/10 1585/518/10 1586/519/10 1583/520/10 
f 1585/517/176 1587/518/176 1588/519/176 1586/520/176 
f 1587/517/3 1581/518/3 1584/519/3 1588/520/3 
f 1584/517/37 1583/518/37 1586/519/37 1588/520/37 
f 1587/517/35 1585/518/35 1582/519/35 1581/520/35 
f 1589/517/14 1590/518/14 1591/519/14 1592/520/14 
f 1590/517/9 1593/518/9 1594/519/9 1591/520/9 
f 1593/517/176 1595/518/176 1596/519/176 1594/520/176 
f 1595/517/3 1589/518/3 1592/519/3 1596/520/3 
f 1592/517/37 1591/518/37 1594/519/37 1596/520/37 
f 1595/517/403 1593/518/403 1590/519/403 1589/520/403 
f 1597/517/14 1598/518/14 1599/519/14 1600/520/14 
f 1598/517/10 1601/518/10 1602/519/10 1599/520/10 
f 1601/517/176 1603/518/176 1604/519/176 1602/520/176 
f 1603/517/3 1597/518/3 1600/519/3 1604/520/3 
f 1600/517/37 1599/518/37 1602/519/37 1604/520/37 
f 1603/517/35 1601/518/35 1598/519/35 1597/520/35 
f 1605/517/14 1606/518/14 1607/519/14 1608/520/14 
f 1606/517/9 1609/518/9 1610/519/9 1607/520/9 
f 1609/517/176 1611/518/176 1612/519/176 1610/520/176 
f 1611/517/3 1605/518/3 1608/519/3 1612/520/3 
f 1608/517/37 1607/518/37 1610/519/37 1612/520/37 
f 1611/517/403 1609/518/403 1606/519/403 1605/520/403 
f 1613/517/14 1614/518/14 1615/519/14 1616/520/14 
f 1614/517/10 1617/518/10 1618/519/10 1615/520/10 
f 1617/517/176 1619/518/176 1620/519/176 1618/520/176 
f 1619/517/3 1613/518/3 1616/519/3 1620/520/3 
f 1616/517/37 1615/518/37 1618/519/37 1620/520/37 
f 1619/517/35 1617/518/35 1614/519/35 1613/520/35 
f 1621/517/14 1622/518/14 1623/519/14 1624/520/14 
f 1622/517/9 1625/518/9 1626/519/9 1623/520/9 
f 1625/517/176 1627/518/176 1628/519/176 1626/520/176 
f 1627/517/3 1621/518/3 1624/519/3 1628/520/3 
f 1624/517/37 1623/518/37 1626/519/37 1628/520/37 
f 1627/517/403 1625/518/403 1622/519/403 1621/520/403 
f 1629/517/14 1630/518/14 1631/519/14 1632/520/14 
f 1630/517/10 1633/518/10 1634/519/10 1631/520/10 
f 1633/517/176 1635/518/176 1636/519/176 1634/520/176 
f 1635/517/3 1629/518/3 1632/519/3 1636/520/3 
f 1632/517/37 1631/518/37 1634/519/37 1636/520/37 
f 1635/517/35 1633/518/35 1630/519/35 1629/520/35 
f 1637/521/14 1638/521/14 1639/521/14 1640/521/14 
f 1638/521/10 1641/521/10 1642/521/10 1639/521/10 
f 1641/521/176 1643/521/176 1644/521/176 1642/521/176 
f 1643/521/3 1637/521/3 1640/521/3 1644/521/3 
f 1640/521/37 1639/521/37 1642/521/37 1644/521/37 
f 1643/521/35 1641/521/35 1638/521/35 1637/521/35 
f 1645/521/14 1646/521/14 1647/521/14 1648/521/14 
f 1646/521/10 1649/521/10 1650/521/10 1647/521/10 
f 1649/521/176 1651/521/176 1652/521/176 1650/521/176 
f 1651/521/3 1645/521/3 1648/521/3 1652/521/3 
f 1648/521/37 1647/521/37 1650/521/37 1652/521/37 
f 1651/521/35 1649/521/35 1646/521/35 1645/521/35 
f 1653/521/14 1654/521/14 1655/521/14 1656/521/14 
f 1654/521/10 1657/521/10 1658/521/10 1655/521/10 
f 1657/521/176 1659/521/176 1660/521/176 1658/521/176 
f 1659/521/3 1653/521/3 1656/521/3 1660/521/3 
f 1656/521/37 1655/521/37 1658/521/37 1660/521/37 
f 1659/521/35 1657/521/35 1654/521/35 1653/521/35 
f 1661/522/14 1662/522/14 1663/523/14 1264/523/14 
f 1662/522/8 1664/524/8 1665/525/8 1663/523/8 
f 1664/524/176 1666/524/176 1270/525/176 1665/525/176 
f 1666/524/3 1661/522/3 1264/523/3 1270/525/3 
f 1264/523/37 1663/523/37 1665/525/37 1270/525/37 
f 1666/524/403 1664/524/403 1662/522/403 1661/522/403 
f 1667/526/14 1668/527/14 1669/528/14 1670/529/14 
f 1668/526/8 1671/527/8 1672/528/8 1669/529/8 
f 1671/526/176 1673/527/176 1674/528/176 1672/529/176 
f 1673/526/3 1667/527/3 1670/528/3 1674/529/3 
f 1670/526/43 1669/527/43 1672/528/43 1674/529/43 
f 1673/526/403 1671/527/403 1668/528/403 1667/529/403 
f 1675/530/14 1505/531/14 1676/532/14 1677/533/14 
f 1505/530/10 1678/531/10 1679/532/10 1676/533/10 
f 1678/530/176 1509/531/176 1512/532/176 1679/533/176 
f 1509/530/3 1675/531/3 1677/532/3 1512/533/3 
f 1677/530/37 1676/531/37 1679/532/37 1512/533/37 
f 1509/530/35 1678/531/35 1505/532/35 1675/533/35 
f 1680/530/14 1681/531/14 1682/532/14 1683/533/14 
f 1681/530/10 1518/531/10 1684/532/10 1682/533/10 
f 1518/530/176 1517/531/176 1520/532/176 1684/533/176 
f 1517/530/3 1680/531/3 1683/532/3 1520/533/3 
f 1683/530/37 1682/531/37 1684/532/37 1520/533/37 
f 1517/530/35 1518/531/35 1681/532/35 1680/533/35 
f 1685/530/14 1686/531/14 1687/532/14 1688/533/14 
f 1686/530/10 1689/531/10 1690/532/10 1687/533/10 
f 1689/530/176 1691/531/176 1692/532/176 1690/533/176 
f 1691/530/3 1685/531/3 1688/532/3 1692/533/3 
f 1688/530/37 1687/531/37 1690/532/37 1692/533/37 
f 1691/530/35 1689/531/35 1686/532/35 1685/533/35 
f 1693/530/14 1694/531/14 1695/532/14 1532/533/14 
f 1694/530/10 1696/531/10 1697/532/10 1695/533/10 
f 1696/530/176 1698/531/176 1536/532/176 1697/533/176 
f 1698/530/3 1693/531/3 1532/532/3 1536/533/3 
f 1532/530/37 1695/531/37 1697/532/37 1536/533/37 
f 1698/530/35 1696/531/35 1694/532/35 1693/533/35 
f 1699/530/14 1537/531/14 1700/532/14 1701/533/14 
f 1537/530/10 1702/531/10 1703/532/10 1700/533/10 
f 1702/530/176 1704/531/176 1544/532/176 1703/533/176 
f 1704/530/3 1699/531/3 1701/532/3 1544/533/3 
f 1701/530/37 1700/531/37 1703/532/37 1544/533/37 
f 1704/530/35 1702/531/35 1537/532/35 1699/533/35 
f 1547/530/14 1545/531/14 1705/532/14 1548/533/14 
f 1545/530/10 1706/531/10 1707/532/10 1705/533/10 
f 1706/530/176 1708/531/176 1709/532/176 1707/533/176 
f 1708/530/3 1547/531/3 1548/532/3 1709/533/3 
f 1548/530/37 1705/531/37 1707/532/37 1709/533/37 
f 1708/530/35 1706/531/35 1545/532/35 1547/533/35 
f 1710/530/14 1711/531/14 1712/532/14 1713/533/14 
f 1711/530/10 1714/531/10 1715/532/10 1712/533/10 
f 1714/530/176 1716/531/176 1717/532/176 1715/533/176 
f 1716/530/3 1710/531/3 1713/532/3 1717/533/3 
f 1713/530/37 1712/531/37 1715/532/37 1717/533/37 
f 1716/530/35 1714/531/35 1711/532/35 1710/533/35 
f 1718/530/14 1719/531/14 1720/532/14 1721/533/14 
f 1719/530/10 1566/531/10 1722/532/10 1720/533/10 
f 1566/530/176 1565/531/176 1568/532/176 1722/533/176 
f 1565/530/3 1718/531/3 1721/532/3 1568/533/3 
f 1721/530/37 1720/531/37 1722/532/37 1568/533/37 
f 1565/530/35 1566/531/35 1719/532/35 1718/533/35 
f 1571/530/14 1723/531/14 1724/532/14 1572/533/14 
f 1723/530/9 1646/531/9 1725/532/9 1724/533/9 
f 1646/530/176 1645/531/176 1648/532/176 1725/533/176 
f 1645/530/3 1571/531/3 1572/532/3 1648/533/3 
f 1572/530/37 1724/531/37 1725/532/37 1648/533/37 
f 1645/530/403 1646/531/403 1723/532/403 1571/533/403 
f 1726/530/14 1727/531/14 1728/532/14 1729/533/14 
f 1727/530/10 1730/531/10 1731/532/10 1728/533/10 
f 1730/530/176 1732/531/176 1733/532/176 1731/533/176 
f 1732/530/3 1726/531/3 1729/532/3 1733/533/3 
f 1729/530/37 1728/531/37 1731/532/37 1733/533/37 
f 1732/530/35 1730/531/35 1727/532/35 1726/533/35 
f 1734/530/14 1735/531/14 1736/532/14 1737/533/14 
f 1735/530/10 1574/531/10 1738/532/10 1736/533/10 
f 1574/530/176 1739/531/176 1740/532/176 1738/533/176 
f 1739/530/3 1734/531/3 1737/532/3 1740/533/3 
f 1737/530/37 1736/531/37 1738/532/37 1740/533/37 
f 1739/530/35 1574/531/35 1735/532/35 1734/533/35 
f 1595/530/14 1593/531/14 1741/532/14 1596/533/14 
f 1593/530/10 1742/531/10 1743/532/10 1741/533/10 
f 1742/530/176 1744/531/176 1745/532/176 1743/533/176 
f 1744/530/3 1595/531/3 1596/532/3 1745/533/3 
f 1596/530/37 1741/531/37 1743/532/37 1745/533/37 
f 1744/530/35 1742/531/35 1593/532/35 1595/533/35 
f 1746/530/14 1747/531/14 1748/532/14 1749/533/14 
f 1747/530/10 1750/531/10 1751/532/10 1748/533/10 
f 1750/530/176 1589/531/176 1592/532/176 1751/533/176 
f 1589/530/3 1746/531/3 1749/532/3 1592/533/3 
f 1749/530/37 1748/531/37 1751/532/37 1592/533/37 
f 1589/530/35 1750/531/35 1747/532/35 1746/533/35 
f 1752/530/14 1753/531/14 1754/532/14 1755/533/14 
f 1753/530/10 1756/531/10 1757/532/10 1754/533/10 
f 1756/530/176 1758/531/176 1759/532/176 1757/533/176 
f 1758/530/3 1752/531/3 1755/532/3 1759/533/3 
f 1755/530/37 1754/531/37 1757/532/37 1759/533/37 
f 1758/530/35 1756/531/35 1753/532/35 1752/533/35 
f 1619/530/14 1760/531/14 1761/532/14 1620/533/14 
f 1760/530/10 1762/531/10 1763/532/10 1761/533/10 
f 1762/530/176 1764/531/176 1765/532/176 1763/533/176 
f 1764/530/3 1619/531/3 1620/532/3 1765/533/3 
f 1620/530/37 1761/531/37 1763/532/37 1765/533/37 
f 1764/530/35 1762/531/35 1760/532/35 1619/533/35 
f 1766/530/14 1767/531/14 1768/532/14 1769/533/14 
f 1767/530/10 1614/531/10 1770/532/10 1768/533/10 
f 1614/530/176 1771/531/176 1772/532/176 1770/533/176 
f 1771/530/3 1766/531/3 1769/532/3 1772/533/3 
f 1769/530/37 1768/531/37 1770/532/37 1772/533/37 
f 1771/530/35 1614/531/35 1767/532/35 1766/533/35 
f 1773/530/14 1774/531/14 1775/532/14 1776/533/14 
f 1774/530/10 1777/531/10 1778/532/10 1775/533/10 
f 1777/530/176 1779/531/176 1780/532/176 1778/533/176 
f 1779/530/3 1773/531/3 1776/532/3 1780/533/3 
f 1776/530/37 1775/531/37 1778/532/37 1780/533/37 
f 1779/530/35 1777/531/35 1774/532/35 1773/533/35 
f 1781/530/14 1782/531/14 1783/532/14 1784/533/14 
f 1782/530/9 1785/531/9 1786/532/9 1783/533/9 
f 1785/530/176 1787/531/176 1788/532/176 1786/533/176 
f 1787/530/3 1781/531/3 1784/532/3 1788/533/3 
f 1784/530/37 1783/531/37 1786/532/37 1788/533/37 
f 1787/530/403 1785/531/403 1782/532/403 1781/533/403 
f 1789/530/14 1790/531/14 1791/532/14 1792/533/14 
f 1790/530/8 1793/531/8 1794/532/8 1791/533/8 
f 1793/530/176 1795/531/176 1796/532/176 1794/533/176 
f 1795/530/3 1789/531/3 1792/532/3 1796/533/3 
f 1792/530/37 1791/531/37 1794/532/37 1796/533/37 
f 1795/530/403 1793/531/403 1790/532/403 1789/533/403 
f 1797/530/397 1798/531/397 1799/532/397 1800/533/397 
f 1798/530/9 1801/531/9 1802/532/9 1799/533/9 
f 1801/530/24 1803/531/24 1804/532/24 1802/533/24 
f 1803/530/2 1797/531/2 1800/532/2 1804/533/2 
f 1800/530/37 1799/531/37 1802/532/37 1804/533/37 
f 1803/530/403 1801/531/403 1798/532/403 1797/533/403 
f 1805/530/14 1806/531/14 1807/532/14 1808/533/14 
f 1806/530/8 1809/531/8 1810/532/8 1807/533/8 
f 1809/530/176 1811/531/176 1812/532/176 1810/533/176 
f 1811/530/3 1805/531/3 1808/532/3 1812/533/3 
f 1808/530/43 1807/531/43 1810/532/43 1812/533/43 
f 1811/530/402 1809/531/402 1806/532/402 1805/533/402 
f 1813/534/14 1814/535/14 1815/536/14 1816/537/14 
f 1813/538/3 1816/539/3 1817/540/3 1818/541/3 
f 1819/542/3 1813/538/3 1818/541/3 1820/543/3 
f 1819/542/3 1820/543/3 1821/544/3 1822/545/3 
f 1819/534/35 1823/535/35 1814/536/35 1813/537/35 
f 1814/534/7 1823/535/7 1824/536/7 1815/537/7 
f 1824/539/242 1822/540/242 1821/541/242 1825/543/242 
f 1815/538/37 1824/539/37 1825/543/37 1826/544/37 
f 1816/542/37 1815/538/37 1826/544/37 1817/545/37 
f 1823/534/176 1819/535/176 1822/536/176 1824/537/176 
f 1818/534/176 1817/535/176 1826/536/176 1827/537/176 
f 1820/534/37 1818/535/37 1827/536/37 1828/537/37 
f 1826/534/3 1825/535/3 1828/536/3 1827/537/3 
f 1828/534/14 1825/535/14 1821/536/14 1820/537/14 
f 1829/534/24 1830/535/24 1831/536/24 1832/537/24 
f 1829/538/7 1832/539/7 1833/540/7 1834/541/7 
f 1835/542/8 1829/538/8 1834/541/8 1836/543/8 
f 1835/542/10 1836/543/10 1837/544/10 1838/545/10 
f 1835/534/35 1839/535/35 1830/536/35 1829/537/35 
f 1830/534/4 1839/535/4 1840/536/4 1831/537/4 
f 1840/539/406 1838/540/406 1837/541/406 1841/543/406 
f 1831/538/37 1840/539/37 1841/543/37 1842/544/37 
f 1832/542/43 1831/538/43 1842/544/43 1833/545/43 
f 1839/534/397 1835/535/397 1838/536/397 1840/537/397 
f 1834/534/42 1833/535/42 1842/536/42 1843/537/42 
f 1836/534/43 1834/535/43 1843/536/43 1844/537/43 
f 1842/534/7 1841/535/7 1844/536/7 1843/537/7 
f 1844/534/24 1841/535/24 1837/536/24 1836/537/24 
# 1613 polygons - 170 triangles

